MeshVersionFormatted 1
Dimension 3
Vertices 4608
-0.662551 -0.136248 -1.004501 0
-0.611114 -0.137604 -1.003929 0
-0.560110 -0.137304 -1.003587 0
-0.509175 -0.135617 -1.003510 0
-0.670344 -0.106748 -1.005738 0
-0.618931 -0.107826 -1.005271 0
-0.568394 -0.107398 -1.005289 0
-0.518349 -0.105573 -1.005271 0
-0.677169 -0.075213 -1.005991 0
-0.625816 -0.075831 -1.005668 0
-0.575626 -0.075444 -1.005919 0
-0.526085 -0.073942 -1.005666 0
-0.682692 -0.041366 -1.004454 0
-0.631578 -0.041608 -1.004769 0
-0.581617 -0.041470 -1.004674 0
-0.532538 -0.040403 -1.004386 0
-0.662405 -0.128963 -0.936034 0
-0.611203 -0.128546 -0.935543 0
-0.560766 -0.128356 -0.935167 0
-0.510644 -0.129729 -0.934883 0
-0.670763 -0.098985 -0.932459 0
-0.619257 -0.099177 -0.931730 0
-0.568657 -0.099108 -0.931309 0
-0.518535 -0.100075 -0.930305 0
-0.677669 -0.070860 -0.930001 0
-0.626020 -0.071084 -0.929240 0
-0.575172 -0.071040 -0.928529 0
-0.524531 -0.071713 -0.926967 0
-0.683236 -0.043226 -0.927469 0
-0.631835 -0.043300 -0.926964 0
-0.580910 -0.043373 -0.926124 0
-0.530023 -0.043744 -0.924794 0
-0.664206 -0.128955 -0.907385 0
-0.612648 -0.130669 -0.906734 0
-0.563257 -0.130377 -0.905867 0
-0.513076 -0.132873 -0.905236 0
-0.672283 -0.098575 -0.899653 0
-0.620240 -0.099610 -0.898670 0
-0.569306 -0.100262 -0.897935 0
-0.518040 -0.104851 -0.897000 0
-0.679282 -0.070321 -0.894720 0
-0.626738 -0.070872 -0.893524 0
-0.574805 -0.071516 -0.892800 0
-0.522971 -0.073874 -0.891601 0
-0.685075 -0.041895 -0.892032 0
-0.632633 -0.042167 -0.891003 0
-0.580619 -0.042664 -0.890320 0
-0.528510 -0.043760 -0.889369 0
-0.665813 -0.130803 -0.879709 0
-0.613676 -0.132179 -0.878347 0
-0.563937 -0.132627 -0.876542 0
-0.516245 -0.136505 -0.875669 0
-0.674061 -0.102262 -0.866911 0
-0.621408 -0.103208 -0.865790 0
-0.569930 -0.103772 -0.864712 0
-0.518813 -0.106209 -0.863997 0
-0.681204 -0.074939 -0.859834 0
-0.627945 -0.075745 -0.858280 0
-0.575382 -0.075964 -0.857825 0
-0.522248 -0.077202 -0.857509 0
-0.686913 -0.046277 -0.857649 0
-0.633787 -0.046799 -0.856191 0
-0.581052 -0.047051 -0.855853 0
-0.527576 -0.047709 -0.855790 0
-0.646905 -0.189482 -0.994966 0
-0.595184 -0.189996 -0.993978 0
-0.541797 -0.190368 -0.992193 0
-0.487137 -0.191611 -0.990600 0
-0.654465 -0.163652 -1.001562 0
-0.603016 -0.164789 -1.000949 0
-0.551208 -0.164608 -1.000004 0
-0.498665 -0.163796 -0.999488 0
-0.645552 -0.181831 -0.939053 0
-0.594817 -0.182269 -0.938570 0
-0.543705 -0.182932 -0.938274 0
-0.492507 -0.185078 -0.938080 0
-0.653166 -0.158900 -0.939865 0
-0.602304 -0.158776 -0.939551 0
-0.551769 -0.158990 -0.938972 0
-0.502014 -0.160572 -0.938222 0
-0.646986 -0.184606 -0.914128 0
-0.595874 -0.184980 -0.914167 0
-0.545397 -0.185914 -0.914160 0
-0.496312 -0.188603 -0.914891 0
-0.654817 -0.160933 -0.914706 0
-0.603722 -0.160501 -0.914275 0
-0.553838 -0.161294 -0.913335 0
-0.505008 -0.162950 -0.912238 0
-0.649165 -0.186214 -0.890742 0
-0.597214 -0.187065 -0.891008 0
-0.547077 -0.187880 -0.890928 0
-0.499681 -0.191649 -0.892277 0
-0.656504 -0.162902 -0.891576 0
-0.604706 -0.163511 -0.890742 0
-0.555070 -0.163404 -0.888886 0
-0.508816 -0.166028 -0.886983 0
-0.768173 -0.134948 -1.005983 0
-0.714830 -0.134659 -1.005121 0
-0.777962 -0.106503 -1.007867 0
-0.723259 -0.105759 -1.006544 0
-0.785456 -0.075971 -1.007764 0
-0.730245 -0.074861 -1.006852 0
-0.789928 -0.043446 -1.005504 0
-0.735415 -0.041800 -1.004798 0
-0.767221 -0.127119 -0.936814 0
-0.714272 -0.128578 -0.936365 0
-0.777646 -0.099288 -0.935246 0
-0.723236 -0.098880 -0.933531 0
-0.785242 -0.073138 -0.933432 0
-0.730409 -0.071300 -0.931331 0
-0.789200 -0.046912 -0.930564 0
-0.735464 -0.044136 -0.928690 0
-0.772494 -0.127387 -0.908422 0
-0.717227 -0.127898 -0.907561 0
-0.783210 -0.099194 -0.903877 0
-0.726152 -0.098253 -0.901278 0
-0.791100 -0.072516 -0.900482 0
-0.733520 -0.070591 -0.896907 0
-0.795053 -0.045106 -0.897968 0
-0.738696 -0.042560 -0.894285 0
-0.776368 -0.129075 -0.880677 0
-0.719872 -0.129131 -0.879669 0
-0.786920 -0.101728 -0.873031 0
-0.728840 -0.101256 -0.869128 0
-0.794714 -0.075485 -0.868304 0
-0.736257 -0.074408 -0.863004 0
-0.798454 -0.047913 -0.866728 0
-0.741344 -0.046226 -0.861039 0
-0.792287 -0.009596 -0.997183 0
-0.739258 -0.006896 -0.997160 0
-0.687129 -0.005601 -0.997355 0
-0.636223 -0.005588 -0.997451 0
-0.795316 0.022474 -0.978552 0
-0.743100 0.025924 -0.978053 0
-0.690970 0.027609 -0.977770 0
-0.639887 0.028075 -0.977851 0
-0.790578 -0.018531 -0.926521 0
-0.739086 -0.015521 -0.925204 0
-0.687782 -0.014516 -0.924249 0
-0.636848 -0.014514 -0.923739 0
-0.802185 0.044954 -0.946690 0
-0.747986 0.048170 -0.944457 0
-0.694597 0.049330 -0.943332 0
-0.642685 0.049516 -0.943031 0
-0.796284 -0.014532 -0.896401 0
-0.742412 -0.012005 -0.893153 0
-0.689776 -0.011307 -0.891120 0
-0.637875 -0.011566 -0.890166 0
-0.809197 0.055957 -0.907153 0
-0.752580 0.057688 -0.903098 0
-0.697577 0.057904 -0.900830 0
-0.644491 0.057663 -0.900090 0
-0.799486 -0.016711 -0.867565 0
-0.744916 -0.014869 -0.862150 0
-0.691527 -0.014695 -0.858884 0
-0.638912 -0.015123 -0.857526 0
-0.813385 0.055255 -0.864754 0
-0.755564 0.056093 -0.859238 0
-0.699411 0.055888 -0.855941 0
-0.645194 0.055449 -0.854698 0
-0.841665 -0.195401 -0.979834 0
-0.796566 -0.189849 -0.990811 0
-0.747565 -0.188100 -0.994133 0
-0.697573 -0.188497 -0.995334 0
-0.857519 -0.173233 -0.989107 0
-0.809000 -0.165214 -0.999177 0
-0.757594 -0.162018 -1.001772 0
-0.705890 -0.162135 -1.001856 0
-0.873773 -0.148300 -0.996882 0
-0.822049 -0.139128 -1.004424 0
-0.888772 -0.118864 -1.002451 0
-0.833994 -0.110679 -1.008060 0
-0.874324 -0.202755 -0.955006 0
-0.794302 -0.176669 -0.934992 0
-0.743857 -0.179564 -0.936448 0
-0.695300 -0.180780 -0.938272 0
-0.894826 -0.182945 -0.964826 0
-0.808269 -0.154718 -0.937653 0
-0.754682 -0.157565 -0.938062 0
-0.704157 -0.157901 -0.939359 0
-0.915405 -0.159772 -0.973978 0
-0.822633 -0.128016 -0.938020 0
-0.934811 -0.129243 -0.980973 0
-0.835702 -0.102376 -0.938291 0
-0.893592 -0.209452 -0.923544 0
-0.802400 -0.179973 -0.910409 0
-0.748645 -0.182013 -0.910530 0
-0.697877 -0.183445 -0.912735 0
-0.917995 -0.191486 -0.930735 0
-0.817041 -0.157756 -0.911743 0
-0.759926 -0.158923 -0.911943 0
-0.706821 -0.159840 -0.913598 0
-0.941661 -0.169907 -0.937443 0
-0.832301 -0.129211 -0.910657 0
-0.965061 -0.138916 -0.942401 0
-0.846418 -0.103017 -0.909028 0
-0.899360 -0.211764 -0.887722 0
-0.806361 -0.181540 -0.887341 0
-0.752416 -0.182426 -0.886870 0
-0.700908 -0.184607 -0.888967 0
-0.925262 -0.194987 -0.889934 0
-0.821927 -0.159808 -0.887360 0
-0.764482 -0.158055 -0.887418 0
-0.709708 -0.160646 -0.889806 0
-0.950378 -0.174420 -0.891005 0
-0.837519 -0.131058 -0.883902 0
-0.974378 -0.142688 -0.891091 0
-0.851186 -0.105048 -0.879562 0
-0.637094 -0.236457 -0.962921 0
-0.584201 -0.236413 -0.962386 0
-0.527965 -0.239576 -0.962628 0
-0.468612 -0.249486 -0.962778 0
-0.640807 -0.214406 -0.982895 0
-0.588447 -0.214395 -0.981228 0
-0.533590 -0.215926 -0.979879 0
-0.476616 -0.220409 -0.978202 0
-0.635972 -0.247370 -0.933680 0
-0.582044 -0.247515 -0.934223 0
-0.523888 -0.253319 -0.935206 0
-0.462391 -0.269165 -0.936950 0
-0.639258 -0.202479 -0.933342 0
-0.587467 -0.203105 -0.932996 0
-0.534182 -0.205525 -0.933059 0
-0.479962 -0.212406 -0.933441 0
-0.636622 -0.250690 -0.903543 0
-0.581648 -0.251830 -0.904358 0
-0.522167 -0.259058 -0.905600 0
-0.459864 -0.279111 -0.907637 0
-0.640522 -0.205887 -0.909139 0
-0.588338 -0.206937 -0.909347 0
-0.535678 -0.209859 -0.910273 0
-0.483272 -0.217930 -0.912178 0
-0.638721 -0.251481 -0.872680 0
-0.583527 -0.253013 -0.873325 0
-0.524099 -0.259379 -0.874462 0
-0.461852 -0.278327 -0.875691 0
-0.642584 -0.207479 -0.885863 0
-0.590119 -0.208970 -0.886403 0
-0.537994 -0.211958 -0.887834 0
-0.487776 -0.220405 -0.890978 0
-0.898978 -0.084181 -1.004139 0
-0.842439 -0.079131 -1.008533 0
-0.900594 -0.046965 -1.000274 0
-0.845816 -0.045708 -1.005597 0
-0.947577 -0.089923 -0.983595 0
-0.844230 -0.077443 -0.937294 0
-0.947168 -0.045670 -0.978757 0
-0.846395 -0.051822 -0.934034 0
-0.980251 -0.095484 -0.943712 0
-0.855470 -0.077233 -0.907001 0
-0.978830 -0.044806 -0.939782 0
-0.857304 -0.049960 -0.904383 0
-0.988279 -0.097833 -0.889865 0
-0.859984 -0.079348 -0.876488 0
-0.985881 -0.046596 -0.887232 0
-0.861383 -0.051832 -0.875162 0
0.189809 -0.917748 -0.953337 0
0.224826 -0.933928 -0.954654 0
0.261216 -0.944440 -0.955911 0
0.291899 -0.946157 -0.955236 0
0.187742 -0.873213 -0.964226 0
0.222802 -0.887312 -0.963705 0
0.260286 -0.899153 -0.962932 0
0.298704 -0.911580 -0.958966 0
0.181024 -0.825061 -0.965541 0
0.217099 -0.837507 -0.963887 0
0.255833 -0.848815 -0.962427 0
0.297029 -0.860954 -0.957433 0
0.170882 -0.778657 -0.962920 0
0.208137 -0.789132 -0.961533 0
0.248182 -0.798222 -0.960203 0
0.291227 -0.806716 -0.955818 0
0.191255 -0.946796 -0.926288 0
0.228007 -0.966674 -0.929174 0
0.269114 -0.977861 -0.933303 0
0.308154 -0.970663 -0.938070 0
0.189532 -0.861389 -0.915533 0
0.223616 -0.875475 -0.911591 0
0.257883 -0.887316 -0.909817 0
0.329079 -0.934161 -0.941627 0
0.180889 -0.819687 -0.916112 0
0.217354 -0.830789 -0.910513 0
0.254180 -0.842092 -0.909329 0
0.333420 -0.877590 -0.941350 0
0.171442 -0.778770 -0.914749 0
0.210315 -0.787497 -0.909423 0
0.248537 -0.796796 -0.909014 0
0.329805 -0.815995 -0.939792 0
0.192832 -0.953365 -0.892559 0
0.232045 -0.977499 -0.894319 0
0.276977 -0.993107 -0.898640 0
0.320165 -0.989558 -0.905783 0
0.190982 -0.866350 -0.894439 0
0.226102 -0.881858 -0.890081 0
0.262373 -0.895564 -0.889238 0
0.345925 -0.955584 -0.908149 0
0.182112 -0.825208 -0.895274 0
0.221201 -0.836978 -0.888154 0
0.261358 -0.849609 -0.887806 0
0.352667 -0.893116 -0.907280 0
0.171841 -0.783704 -0.895525 0
0.214557 -0.793289 -0.887908 0
0.256519 -0.802904 -0.888180 0
0.350133 -0.824040 -0.906286 0
0.194634 -0.934601 -0.861676 0
0.236321 -0.960151 -0.860793 0
0.282635 -0.979519 -0.862930 0
0.318755 -0.984088 -0.872203 0
0.194511 -0.894767 -0.846655 0
0.239725 -0.919192 -0.843964 0
0.291233 -0.939785 -0.845318 0
0.335464 -0.953456 -0.862007 0
0.186026 -0.847974 -0.843602 0
0.235818 -0.867787 -0.840304 0
0.291557 -0.883389 -0.842267 0
0.339128 -0.893003 -0.860493 0
0.173294 -0.802554 -0.844747 0
0.226630 -0.816407 -0.842226 0
0.284966 -0.824759 -0.844334 0
0.334014 -0.827390 -0.862744 0
0.066340 -0.838228 -0.947695 0
0.095496 -0.858697 -0.950704 0
0.125407 -0.879778 -0.951741 0
0.156605 -0.899456 -0.952890 0
0.059823 -0.802113 -0.961906 0
0.090633 -0.820863 -0.965249 0
0.121737 -0.839610 -0.966026 0
0.154163 -0.857161 -0.965452 0
0.046699 -0.761766 -0.967951 0
0.079835 -0.778593 -0.970737 0
0.112674 -0.795419 -0.970682 0
0.146370 -0.810964 -0.968238 0
0.030305 -0.722639 -0.969990 0
0.065993 -0.737147 -0.971822 0
0.100733 -0.752330 -0.969809 0
0.135360 -0.766344 -0.965967 0
0.068726 -0.857987 -0.918172 0
0.097653 -0.879894 -0.921361 0
0.127102 -0.902494 -0.922914 0
0.157787 -0.924886 -0.924420 0
0.069204 -0.792045 -0.915738 0
0.099033 -0.811561 -0.917820 0
0.128401 -0.830506 -0.918681 0
0.157681 -0.847099 -0.918019 0
0.053920 -0.755849 -0.918352 0
0.085104 -0.774002 -0.920355 0
0.115261 -0.791667 -0.920954 0
0.146148 -0.808633 -0.919371 0
0.035936 -0.720678 -0.920451 0
0.068244 -0.737441 -0.922142 0
0.099956 -0.754671 -0.921639 0
0.133783 -0.769626 -0.919742 0
0.070588 -0.857269 -0.884915 0
0.099572 -0.879837 -0.887832 0
0.128334 -0.903906 -0.889854 0
0.158918 -0.928166 -0.891223 0
0.069997 -0.792102 -0.893877 0
0.099799 -0.812012 -0.895429 0
0.129293 -0.832126 -0.896461 0
0.158767 -0.850240 -0.896292 0
0.054555 -0.756006 -0.894435 0
0.085719 -0.774722 -0.896080 0
0.116031 -0.793404 -0.897256 0
0.146951 -0.811814 -0.897231 0
0.036014 -0.720884 -0.896435 0
0.068143 -0.738081 -0.898318 0
0.099965 -0.755941 -0.899363 0
0.133636 -0.773105 -0.900350 0
0.071550 -0.835884 -0.855885 0
0.100582 -0.858618 -0.858010 0
0.129113 -0.883174 -0.860073 0
0.159776 -0.908389 -0.861513 0
0.066166 -0.798271 -0.843606 0
0.097073 -0.820332 -0.843549 0
0.127038 -0.844152 -0.845606 0
0.158226 -0.869116 -0.847095 0
0.051990 -0.758372 -0.839275 0
0.084811 -0.778906 -0.839552 0
0.116100 -0.801180 -0.842097 0
0.148152 -0.824584 -0.844269 0
0.033370 -0.720729 -0.840156 0
0.067136 -0.739648 -0.841574 0
0.099718 -0.760708 -0.843541 0
0.133037 -0.782953 -0.845600 0
-0.957361 0.000975 -0.931113 0
-0.853271 -0.019476 -0.901691 0
-0.918396 0.034373 -0.921473 0
-0.866035 0.050482 -0.913331 0
-0.964806 0.000509 -0.883040 0
-0.856948 -0.020797 -0.875278 0
-0.924922 0.034495 -0.877864 0
-0.871308 0.050439 -0.871388 0
-0.972827 -0.099469 -0.836720 0
-0.857618 -0.084226 -0.843890 0
-0.796072 -0.082815 -0.834762 0
-0.738354 -0.084195 -0.828539 0
-0.970503 -0.051118 -0.835757 0
-0.858991 -0.057774 -0.843667 0
-0.799702 -0.055703 -0.833885 0
-0.743409 -0.055823 -0.826869 0
-0.952592 -0.006833 -0.836557 0
-0.854532 -0.028258 -0.846748 0
-0.800308 -0.025289 -0.837324 0
-0.746580 -0.024537 -0.830426 0
-0.919429 0.025025 -0.837053 0
-0.870439 0.037999 -0.831754 0
-0.814273 0.041797 -0.824510 0
-0.756756 0.042308 -0.817641 0
-0.932421 -0.100304 -0.797115 0
-0.874540 -0.102128 -0.775815 0
-0.811357 -0.106821 -0.764405 0
-0.748963 -0.113004 -0.757750 0
-0.932511 -0.056727 -0.797067 0
-0.876791 -0.061153 -0.776269 0
-0.815279 -0.065710 -0.764055 0
-0.753863 -0.070135 -0.755117 0
-0.922171 -0.016323 -0.801862 0
-0.872952 -0.020254 -0.783591 0
-0.815448 -0.023101 -0.771875 0
-0.756181 -0.025471 -0.762738 0
-0.906537 0.011044 -0.809935 0
-0.867718 0.014628 -0.800367 0
-0.814062 0.015209 -0.791385 0
-0.756829 0.014662 -0.783166 0
-0.102165 0.137106 -0.960071 0
-0.055174 0.132496 -0.959495 0
-0.009531 0.132944 -0.960009 0
0.035164 0.136448 -0.960713 0
-0.091313 0.187541 -0.958718 0
-0.045069 0.183810 -0.958533 0
0.000075 0.184780 -0.958622 0
0.044596 0.188376 -0.959556 0
-0.078677 0.235583 -0.959302 0
-0.033058 0.233600 -0.958288 0
0.011541 0.235642 -0.958280 0
0.055847 0.239692 -0.959072 0
-0.065373 0.280735 -0.959461 0
-0.020589 0.281009 -0.958324 0
0.023166 0.284564 -0.958135 0
0.066734 0.289402 -0.958497 0
-0.101380 0.153620 -0.913664 0
-0.054356 0.149184 -0.915930 0
-0.008554 0.148423 -0.915621 0
0.034213 0.150366 -0.913977 0
-0.087821 0.199730 -0.912817 0
-0.042308 0.197616 -0.914830 0
0.002604 0.198076 -0.914737 0
0.045511 0.200534 -0.912957 0
-0.072558 0.243619 -0.911987 0
-0.028281 0.243747 -0.912881 0
0.015951 0.245782 -0.913029 0
0.059222 0.249045 -0.911481 0
-0.056566 0.285771 -0.911542 0
-0.013599 0.288221 -0.911248 0
0.029713 0.291900 -0.911910 0
0.073024 0.296144 -0.909850 0
-0.102550 0.167966 -0.893735 0
-0.053349 0.163006 -0.897710 0
-0.006602 0.161705 -0.897090 0
0.037684 0.161932 -0.894008 0
-0.088902 0.211695 -0.892617 0
-0.041113 0.208979 -0.895397 0
0.005144 0.208946 -0.895523 0
0.049822 0.210218 -0.892819 0
-0.073498 0.253512 -0.891331 0
-0.026954 0.253269 -0.892436 0
0.019047 0.254754 -0.893168 0
0.064354 0.256979 -0.890943 0
-0.057203 0.294284 -0.890702 0
-0.012110 0.296602 -0.890535 0
0.033111 0.299503 -0.891781 0
0.078642 0.302748 -0.889129 0
-0.110972 0.203673 -0.845783 0
-0.053967 0.196736 -0.848431 0
0.000800 0.191351 -0.848217 0
0.053798 0.185324 -0.847140 0
-0.100184 0.239872 -0.844427 0
-0.043455 0.233876 -0.846923 0
0.011841 0.229710 -0.846830 0
0.066127 0.225086 -0.846024 0
-0.086917 0.277136 -0.843673 0
-0.030947 0.273302 -0.845786 0
0.024734 0.270781 -0.846183 0
0.080482 0.267384 -0.844741 0
-0.072993 0.315613 -0.843397 0
-0.018752 0.314780 -0.844610 0
0.036792 0.314181 -0.844810 0
0.094161 0.312169 -0.843871 0
-0.016157 -0.235502 -0.965257 0
0.023868 -0.236590 -0.965267 0
0.063320 -0.238054 -0.966028 0
0.103528 -0.238796 -0.966562 0
-0.016654 -0.192907 -0.975555 0
0.024560 -0.192495 -0.975985 0
0.065747 -0.191460 -0.976636 0
0.108080 -0.189097 -0.977012 0
-0.016417 -0.156755 -0.988105 0
0.026146 -0.155610 -0.988421 0
0.068932 -0.153507 -0.989095 0
0.112723 -0.150531 -0.990086 0
-0.016204 -0.122948 -0.997310 0
0.027745 -0.121563 -0.997706 0
0.071952 -0.119081 -0.998272 0
0.116925 -0.115995 -0.999170 0
-0.013806 -0.249822 -0.914746 0
0.027762 -0.250221 -0.915339 0
0.068492 -0.250473 -0.919035 0
0.109617 -0.251024 -0.922923 0
-0.014011 -0.204293 -0.912712 0
0.028542 -0.203566 -0.913738 0
0.070566 -0.202096 -0.916668 0
0.113241 -0.199810 -0.921510 0
-0.013527 -0.163003 -0.912993 0
0.030433 -0.162319 -0.913581 0
0.074043 -0.160633 -0.915259 0
0.117870 -0.157903 -0.918761 0
-0.013307 -0.125907 -0.912383 0
0.032025 -0.125410 -0.913175 0
0.077460 -0.123869 -0.914626 0
0.123653 -0.121467 -0.917019 0
-0.011978 -0.266461 -0.894904 0
0.030189 -0.265765 -0.895296 0
0.070798 -0.264626 -0.899721 0
0.111049 -0.263832 -0.904490 0
-0.011971 -0.222181 -0.888068 0
0.031291 -0.220000 -0.889036 0
0.073387 -0.217051 -0.893044 0
0.115513 -0.212758 -0.899920 0
-0.011078 -0.179037 -0.884028 0
0.033740 -0.177392 -0.884072 0
0.077790 -0.174940 -0.885557 0
0.121642 -0.170866 -0.890377 0
-0.010594 -0.137576 -0.878475 0
0.035898 -0.136895 -0.878985 0
0.081967 -0.135134 -0.880317 0
0.127739 -0.132488 -0.883238 0
-0.005681 -0.310903 -0.847754 0
0.039895 -0.306944 -0.848489 0
0.082470 -0.301818 -0.852680 0
0.121226 -0.295965 -0.860210 0
-0.004235 -0.276048 -0.840333 0
0.042807 -0.270809 -0.841420 0
0.087137 -0.263767 -0.846340 0
0.128218 -0.255084 -0.855512 0
-0.001962 -0.236069 -0.824981 0
0.047277 -0.232839 -0.825566 0
0.094579 -0.228156 -0.829924 0
0.139285 -0.221821 -0.836901 0
0.000246 -0.188162 -0.806883 0
0.052354 -0.188354 -0.807586 0
0.103033 -0.187741 -0.811074 0
0.151260 -0.185883 -0.815661 0
-0.287021 -0.072693 -1.002707 0
-0.241257 -0.077264 -1.001949 0
-0.196056 -0.082012 -1.001500 0
-0.151162 -0.085910 -1.001328 0
-0.296015 -0.037303 -1.000272 0
-0.248583 -0.042817 -0.999902 0
-0.201649 -0.048341 -0.999980 0
-0.155245 -0.052893 -1.000115 0
-0.306303 0.001214 -0.992560 0
-0.255771 -0.007435 -0.993823 0
-0.206703 -0.014726 -0.994459 0
-0.158835 -0.020454 -0.994576 0
-0.319340 0.048756 -0.975755 0
-0.261369 0.030642 -0.983868 0
-0.210369 0.020733 -0.985713 0
-0.161297 0.013013 -0.985669 0
-0.287033 -0.073996 -0.917462 0
-0.242773 -0.077602 -0.914705 0
-0.197770 -0.081649 -0.914281 0
-0.152263 -0.085266 -0.913421 0
-0.294337 -0.037012 -0.917262 0
-0.249239 -0.040603 -0.914663 0
-0.203211 -0.044514 -0.913868 0
-0.156597 -0.048801 -0.912799 0
-0.303872 0.002368 -0.916158 0
-0.255827 -0.002883 -0.913319 0
-0.208051 -0.006774 -0.912436 0
-0.160545 -0.011834 -0.912115 0
-0.351981 0.089690 -0.942341 0
-0.260554 0.035127 -0.911619 0
-0.210992 0.032426 -0.912377 0
-0.163183 0.026781 -0.913905 0
-0.289015 -0.079786 -0.881531 0
-0.245676 -0.082893 -0.877922 0
-0.200001 -0.086478 -0.879280 0
-0.153389 -0.089638 -0.878413 0
-0.295481 -0.035587 -0.882431 0
-0.251650 -0.038540 -0.878898 0
-0.205479 -0.042002 -0.879305 0
-0.157942 -0.045699 -0.877888 0
-0.305517 0.010452 -0.883453 0
-0.258897 0.005708 -0.879542 0
-0.210786 0.002432 -0.878931 0
-0.162179 -0.001828 -0.879418 0
-0.360986 0.111232 -0.898461 0
-0.264990 0.048650 -0.882316 0
-0.214530 0.046172 -0.883172 0
-0.165308 0.040480 -0.886977 0
-0.312669 -0.110854 -0.803433 0
-0.269137 -0.112839 -0.797711 0
-0.215698 -0.114571 -0.796682 0
-0.160188 -0.115683 -0.797944 0
-0.314728 -0.026689 -0.801862 0
-0.272068 -0.028975 -0.797509 0
-0.219184 -0.031198 -0.796808 0
-0.163836 -0.032369 -0.798192 0
-0.323163 0.044449 -0.813906 0
-0.277625 0.041860 -0.807894 0
-0.224259 0.038322 -0.806702 0
-0.168565 0.035796 -0.808311 0
-0.339380 0.102709 -0.847804 0
-0.285940 0.098861 -0.832215 0
-0.230589 0.093878 -0.828856 0
-0.173556 0.088687 -0.829373 0
-0.458434 -0.133778 -1.003265 0
-0.408519 -0.133286 -1.002171 0
-0.360252 -0.134588 -1.000492 0
-0.313841 -0.137573 -0.998120 0
-0.468648 -0.103355 -1.005093 0
-0.419430 -0.101827 -1.004707 0
-0.371133 -0.101814 -1.003687 0
-0.323948 -0.103604 -1.002267 0
-0.477119 -0.071773 -1.005453 0
-0.428616 -0.069794 -1.005144 0
-0.380660 -0.068859 -1.004529 0
-0.333407 -0.069746 -1.003613 0
-0.484215 -0.038423 -1.003997 0
-0.436625 -0.036356 -1.003365 0
-0.389617 -0.034676 -1.002552 0
-0.342943 -0.034705 -1.001417 0
-0.461309 -0.131791 -0.933462 0
-0.413843 -0.133515 -0.931170 0
-0.364878 -0.135536 -0.929852 0
-0.317778 -0.140536 -0.923540 0
-0.469092 -0.101076 -0.928941 0
-0.420876 -0.101867 -0.926375 0
-0.372954 -0.103145 -0.925746 0
-0.325988 -0.106230 -0.922062 0
-0.474458 -0.071944 -0.925435 0
-0.425646 -0.071893 -0.922513 0
-0.378484 -0.071561 -0.922791 0
-0.331932 -0.072261 -0.920944 0
-0.479682 -0.043418 -0.923064 0
-0.431154 -0.042272 -0.920137 0
-0.384820 -0.039795 -0.920978 0
-0.339031 -0.037498 -0.920193 0
-0.465179 -0.134648 -0.903765 0
-0.416468 -0.143020 -0.902699 0
-0.367827 -0.147249 -0.902750 0
-0.322146 -0.154113 -0.893054 0
-0.468416 -0.103730 -0.895162 0
-0.421306 -0.108769 -0.892178 0
-0.375890 -0.112474 -0.894055 0
-0.327875 -0.117066 -0.889156 0
-0.471420 -0.073682 -0.889214 0
-0.421750 -0.076018 -0.884074 0
-0.377519 -0.076916 -0.887834 0
-0.332365 -0.078104 -0.886359 0
-0.476215 -0.043320 -0.886979 0
-0.425953 -0.042673 -0.881407 0
-0.382261 -0.039778 -0.885743 0
-0.338369 -0.036947 -0.886369 0
-0.471523 -0.139404 -0.875469 0
-0.386442 -0.194516 -0.840613 0
-0.366534 -0.206257 -0.846941 0
-0.341829 -0.217298 -0.836975 0
-0.467328 -0.108724 -0.863087 0
-0.378620 -0.159658 -0.819768 0
-0.363686 -0.166830 -0.829894 0
-0.342826 -0.174775 -0.823354 0
-0.466895 -0.078767 -0.855194 0
-0.370446 -0.102397 -0.801201 0
-0.358164 -0.103102 -0.814358 0
-0.339377 -0.107033 -0.811498 0
-0.471340 -0.047782 -0.853678 0
-0.374148 -0.035224 -0.793811 0
-0.361606 -0.028831 -0.807957 0
-0.342232 -0.026340 -0.807468 0
-0.938677 -0.172124 -0.844681 0
-0.836676 -0.133328 -0.855483 0
-0.778166 -0.133392 -0.851848 0
-0.721960 -0.135823 -0.852324 0
-0.960789 -0.142284 -0.840079 0
-0.849408 -0.108793 -0.848231 0
-0.788449 -0.108013 -0.841006 0
-0.730871 -0.110464 -0.836784 0
-0.903647 -0.166530 -0.808817 0
-0.851039 -0.162594 -0.790175 0
-0.791212 -0.164002 -0.784388 0
-0.730912 -0.168038 -0.787858 0
-0.921708 -0.138704 -0.801833 0
-0.865331 -0.137346 -0.781388 0
-0.802987 -0.141216 -0.772294 0
-0.741051 -0.147640 -0.769672 0
-0.137978 0.333793 -0.951478 0
-0.096777 0.326141 -0.960633 0
-0.052156 0.323972 -0.960890 0
-0.008383 0.326580 -0.958953 0
-0.123027 0.370027 -0.950759 0
-0.083100 0.365478 -0.961282 0
-0.039464 0.366182 -0.962153 0
0.003048 0.371050 -0.959686 0
-0.108839 0.405748 -0.949847 0
-0.069936 0.404206 -0.961472 0
-0.027033 0.407776 -0.963123 0
0.014216 0.414791 -0.960862 0
-0.093596 0.441994 -0.948334 0
-0.055854 0.442878 -0.961594 0
-0.013903 0.449064 -0.964447 0
0.026270 0.457959 -0.962697 0
-0.164793 0.344195 -0.926247 0
-0.082553 0.325463 -0.914056 0
-0.040751 0.327401 -0.912501 0
0.000643 0.332259 -0.910495 0
-0.147714 0.376645 -0.924933 0
-0.066984 0.364790 -0.916422 0
-0.026787 0.370261 -0.914722 0
0.012749 0.376530 -0.911183 0
-0.131750 0.409287 -0.923286 0
-0.055027 0.406080 -0.917211 0
-0.018523 0.413573 -0.917374 0
0.020567 0.420977 -0.914156 0
-0.115084 0.443265 -0.920565 0
-0.042462 0.445755 -0.917330 0
-0.008188 0.456657 -0.917881 0
0.028347 0.466249 -0.916607 0
-0.169872 0.352140 -0.892859 0
-0.084271 0.331836 -0.894532 0
-0.041346 0.334982 -0.891876 0
0.001562 0.340079 -0.889878 0
-0.151080 0.382218 -0.892166 0
-0.068185 0.369428 -0.897689 0
-0.027598 0.376126 -0.894867 0
0.013126 0.384292 -0.891148 0
-0.133795 0.412809 -0.890814 0
-0.055729 0.409359 -0.898016 0
-0.019104 0.418444 -0.898334 0
0.021082 0.428420 -0.895808 0
-0.116269 0.444549 -0.888758 0
-0.043412 0.447489 -0.896934 0
-0.009165 0.459398 -0.897242 0
0.028657 0.471190 -0.897919 0
-0.149550 0.354262 -0.862015 0
-0.108821 0.353266 -0.846983 0
-0.060085 0.354663 -0.843676 0
-0.008652 0.357574 -0.843898 0
-0.131531 0.385127 -0.862478 0
-0.093269 0.387047 -0.848270 0
-0.048343 0.393108 -0.844619 0
-0.000901 0.400365 -0.844700 0
-0.114306 0.415529 -0.861651 0
-0.077771 0.419237 -0.847895 0
-0.035930 0.428449 -0.844659 0
0.007731 0.440452 -0.845541 0
-0.096505 0.446432 -0.860549 0
-0.060550 0.450782 -0.846692 0
-0.020268 0.461731 -0.843364 0
0.020377 0.477148 -0.844611 0
-0.178971 -0.232338 -0.972173 0
-0.139407 -0.234062 -0.968924 0
-0.098433 -0.234427 -0.967018 0
-0.057060 -0.234714 -0.965473 0
-0.181090 -0.188971 -0.982078 0
-0.140949 -0.191413 -0.979294 0
-0.099889 -0.192459 -0.977396 0
-0.058232 -0.192970 -0.976272 0
-0.185237 -0.151407 -0.992293 0
-0.143596 -0.154390 -0.990438 0
-0.101550 -0.156181 -0.989078 0
-0.059039 -0.156942 -0.988430 0
-0.190459 -0.116226 -0.999064 0
-0.147148 -0.119681 -0.998230 0
-0.103734 -0.122013 -0.997446 0
-0.060046 -0.123140 -0.997256 0
-0.178949 -0.243451 -0.914540 0
-0.140218 -0.248132 -0.913838 0
-0.099131 -0.249807 -0.914022 0
-0.056478 -0.249622 -0.914316 0
-0.182561 -0.197164 -0.913756 0
-0.142195 -0.201799 -0.912811 0
-0.100211 -0.203864 -0.913627 0
-0.057057 -0.204230 -0.912620 0
-0.187289 -0.156369 -0.913219 0
-0.145120 -0.160174 -0.912919 0
-0.101724 -0.161878 -0.914086 0
-0.057590 -0.162970 -0.912867 0
-0.192551 -0.118610 -0.913573 0
-0.148333 -0.122058 -0.912941 0
-0.103713 -0.124280 -0.912470 0
-0.058632 -0.125670 -0.912354 0
-0.182843 -0.260288 -0.891199 0
-0.142574 -0.265403 -0.891595 0
-0.099700 -0.267253 -0.892763 0
-0.055525 -0.266701 -0.894396 0
-0.186149 -0.213828 -0.886538 0
-0.144209 -0.219266 -0.886332 0
-0.100460 -0.221898 -0.888967 0
-0.056051 -0.222231 -0.887940 0
-0.190865 -0.171871 -0.880817 0
-0.146713 -0.175674 -0.882052 0
-0.101715 -0.177223 -0.886225 0
-0.056382 -0.178554 -0.883712 0
-0.195452 -0.130120 -0.878369 0
-0.149594 -0.133297 -0.878739 0
-0.103540 -0.135995 -0.878620 0
-0.057209 -0.137156 -0.878454 0
-0.200119 -0.310724 -0.844030 0
-0.150892 -0.313393 -0.845089 0
-0.101369 -0.313913 -0.846421 0
-0.052876 -0.313213 -0.847346 0
-0.202223 -0.271955 -0.836352 0
-0.151597 -0.275829 -0.838615 0
-0.101625 -0.278116 -0.840168 0
-0.052581 -0.278464 -0.840776 0
-0.206744 -0.231939 -0.821036 0
-0.153901 -0.235022 -0.823895 0
-0.102459 -0.237205 -0.825710 0
-0.052046 -0.237719 -0.825700 0
-0.211661 -0.184133 -0.804168 0
-0.157035 -0.185978 -0.805920 0
-0.103903 -0.187595 -0.807003 0
-0.051873 -0.188158 -0.807299 0
-0.683123 -0.086614 -0.824929 0
-0.629407 -0.088656 -0.823107 0
-0.688668 -0.057171 -0.822751 0
-0.635118 -0.058239 -0.821169 0
-0.692934 -0.025139 -0.826255 0
-0.639901 -0.025841 -0.824676 0
-0.700031 0.041895 -0.813289 0
-0.644834 0.041519 -0.811838 0
-0.688559 -0.118219 -0.754890 0
-0.630009 -0.118938 -0.753620 0
-0.693882 -0.073493 -0.750612 0
-0.635163 -0.073914 -0.749324 0
-0.697480 -0.027140 -0.757509 0
-0.639786 -0.027578 -0.755720 0
-0.699459 0.014016 -0.778006 0
-0.643174 0.013557 -0.776427 0
-0.446491 -0.196079 -0.916906 0
-0.395942 -0.208860 -0.918401 0
-0.458209 -0.166371 -0.911653 0
-0.406108 -0.176381 -0.912988 0
-0.451641 -0.199533 -0.895952 0
-0.373815 -0.247041 -0.865144 0
-0.464698 -0.170925 -0.887470 0
-0.385222 -0.218388 -0.857908 0
-0.549066 -0.188528 -0.867204 0
-0.503485 -0.192251 -0.868321 0
-0.461165 -0.199553 -0.872876 0
-0.391260 -0.231331 -0.842644 0
-0.556236 -0.166111 -0.864942 0
-0.511146 -0.167639 -0.860624 0
-0.471995 -0.172297 -0.861215 0
-0.399496 -0.206882 -0.833019 0
-0.564704 -0.139260 -0.847579 0
-0.518278 -0.139555 -0.844723 0
-0.476118 -0.142512 -0.845651 0
-0.398710 -0.186150 -0.816792 0
-0.571278 -0.113214 -0.831421 0
-0.521294 -0.112965 -0.830634 0
-0.472621 -0.114098 -0.830959 0
-0.389315 -0.156005 -0.795708 0
-0.550419 -0.202347 -0.808352 0
-0.499435 -0.205797 -0.808411 0
-0.452692 -0.211446 -0.810849 0
-0.414596 -0.218580 -0.820118 0
-0.557856 -0.187740 -0.799485 0
-0.507302 -0.189641 -0.795245 0
-0.460578 -0.192864 -0.796564 0
-0.422083 -0.197977 -0.807822 0
-0.563971 -0.173704 -0.784654 0
-0.511729 -0.172999 -0.778269 0
-0.462763 -0.173780 -0.778865 0
-0.422207 -0.178397 -0.790849 0
-0.568439 -0.152322 -0.764845 0
-0.513355 -0.148753 -0.761058 0
-0.460783 -0.147020 -0.761560 0
-0.416303 -0.150317 -0.771753 0
0.485761 -0.076317 -0.993906 0
0.541567 -0.076979 -0.988983 0
0.595583 -0.077584 -0.986903 0
0.646895 -0.078258 -0.985257 0
0.483788 -0.050423 -0.991592 0
0.538774 -0.050448 -0.987611 0
0.592622 -0.049731 -0.985578 0
0.644394 -0.048920 -0.984095 0
0.481570 -0.023391 -0.985144 0
0.535555 -0.022773 -0.982791 0
0.589066 -0.020681 -0.981056 0
0.641004 -0.018029 -0.978686 0
0.478824 0.004870 -0.969602 0
0.531823 0.006445 -0.969096 0
0.585054 0.011119 -0.968009 0
0.637274 0.017489 -0.965384 0
0.480764 -0.076957 -0.919269 0
0.538715 -0.076293 -0.920617 0
0.596915 -0.074810 -0.920131 0
0.651110 -0.072593 -0.917942 0
0.478979 -0.053195 -0.916647 0
0.536198 -0.050636 -0.918825 0
0.594663 -0.046063 -0.918633 0
0.649901 -0.039595 -0.915873 0
0.477458 -0.027916 -0.916922 0
0.533286 -0.023935 -0.919892 0
0.590971 -0.016670 -0.920378 0
0.646111 -0.006373 -0.917025 0
0.475391 0.027557 -0.939598 0
0.527869 0.031145 -0.941757 0
0.581126 0.040676 -0.942134 0
0.634235 0.055059 -0.939865 0
0.475055 -0.080419 -0.886560 0
0.536994 -0.077516 -0.894164 0
0.598967 -0.073895 -0.895599 0
0.655505 -0.068329 -0.893563 0
0.473230 -0.052793 -0.883912 0
0.534235 -0.048461 -0.892386 0
0.597132 -0.040879 -0.894269 0
0.656963 -0.027760 -0.890784 0
0.472459 -0.023530 -0.888168 0
0.530781 -0.018040 -0.896627 0
0.592064 -0.007557 -0.899461 0
0.651211 0.009404 -0.895232 0
0.470656 0.040206 -0.899588 0
0.523879 0.046779 -0.906207 0
0.577992 0.061453 -0.909044 0
0.632578 0.084856 -0.907108 0
0.421560 -0.110909 -0.813828 0
0.535713 -0.081562 -0.872245 0
0.602867 -0.074942 -0.874788 0
0.662170 -0.064080 -0.873030 0
0.422458 -0.049650 -0.806013 0
0.532742 -0.050512 -0.868998 0
0.602057 -0.039674 -0.872569 0
0.695233 0.044272 -0.832570 0
0.435727 0.002924 -0.816971 0
0.529346 -0.019191 -0.875118 0
0.593438 -0.006697 -0.880115 0
0.673503 0.065689 -0.843270 0
0.463485 0.036708 -0.851217 0
0.521377 0.049003 -0.868396 0
0.576168 0.064464 -0.873018 0
0.636670 0.085483 -0.865538 0
0.720625 -0.166591 -0.797234 0
0.764516 -0.161482 -0.795566 0
0.806843 -0.156580 -0.791986 0
0.849271 -0.151199 -0.787478 0
0.726170 -0.101468 -0.810274 0
0.769352 -0.099676 -0.804332 0
0.808686 -0.098159 -0.796933 0
0.845446 -0.096569 -0.790474 0
0.727122 -0.070215 -0.805783 0
0.772095 -0.070942 -0.799394 0
0.812630 -0.071647 -0.791981 0
0.850080 -0.072109 -0.786150 0
0.723794 -0.016378 -0.773215 0
0.775285 -0.019474 -0.771455 0
0.823820 -0.021660 -0.769506 0
0.870491 -0.023002 -0.769116 0
0.728387 -0.151521 -0.764175 0
0.770048 -0.147077 -0.758588 0
0.811035 -0.143474 -0.750778 0
0.853301 -0.140102 -0.744151 0
0.737105 -0.098209 -0.777369 0
0.777820 -0.096224 -0.765173 0
0.814868 -0.095069 -0.751581 0
0.850289 -0.093758 -0.741864 0
0.737681 -0.072886 -0.773065 0
0.779650 -0.072868 -0.760248 0
0.817599 -0.073387 -0.746672 0
0.853632 -0.073195 -0.737696 0
0.728908 -0.025527 -0.741073 0
0.776048 -0.026802 -0.734668 0
0.821891 -0.028855 -0.728366 0
0.867890 -0.029065 -0.725392 0
0.735992 -0.140214 -0.719220 0
0.773573 -0.138267 -0.708098 0
0.813546 -0.136969 -0.694408 0
0.858105 -0.136523 -0.688996 0
0.750035 -0.095101 -0.736232 0
0.786756 -0.093881 -0.716893 0
0.821303 -0.093337 -0.696522 0
0.856221 -0.092659 -0.687586 0
0.750295 -0.074188 -0.732317 0
0.787814 -0.073660 -0.712485 0
0.823001 -0.073349 -0.692215 0
0.858578 -0.072587 -0.684040 0
0.734857 -0.031563 -0.701479 0
0.776303 -0.030847 -0.689183 0
0.820334 -0.030288 -0.676494 0
0.868418 -0.028974 -0.673036 0
0.738124 -0.127022 -0.673944 0
0.771231 -0.127023 -0.655189 0
0.811452 -0.129365 -0.624614 0
0.863255 -0.136244 -0.626885 0
0.735280 -0.101589 -0.647399 0
0.762890 -0.101255 -0.624461 0
0.790469 -0.101058 -0.592936 0
0.861627 -0.091890 -0.634825 0
0.734625 -0.070969 -0.643842 0
0.762919 -0.068312 -0.620662 0
0.791737 -0.066119 -0.589547 0
0.863679 -0.071821 -0.631925 0
0.736646 -0.044162 -0.663418 0
0.772060 -0.041172 -0.643638 0
0.815732 -0.036140 -0.614003 0
0.871363 -0.027892 -0.614848 0
0.790154 -0.178925 -0.895909 0
0.831453 -0.184094 -0.893142 0
0.873186 -0.186651 -0.891674 0
0.949890 -0.194633 -0.906173 0
0.794040 -0.120643 -0.896364 0
0.836045 -0.124830 -0.896646 0
0.878724 -0.130900 -0.897156 0
0.962768 -0.133512 -0.916674 0
0.800920 -0.066873 -0.894081 0
0.844780 -0.068953 -0.896720 0
0.885326 -0.081105 -0.898518 0
0.970869 -0.084680 -0.923788 0
0.810473 -0.015328 -0.886148 0
0.907646 0.023170 -0.907221 0
0.935667 -0.009302 -0.916070 0
0.962124 -0.042418 -0.923177 0
0.797395 -0.246725 -0.844953 0
0.847740 -0.245675 -0.846242 0
0.897548 -0.232605 -0.853015 0
0.943387 -0.198179 -0.869621 0
0.799021 -0.122585 -0.877329 0
0.841004 -0.125213 -0.877488 0
0.883016 -0.128546 -0.878028 0
0.967150 -0.131289 -0.881910 0
0.806939 -0.061164 -0.873258 0
0.849411 -0.065470 -0.875873 0
0.889852 -0.077390 -0.877446 0
0.977280 -0.081106 -0.887291 0
0.846667 0.049323 -0.841661 0
0.900572 0.034112 -0.864267 0
0.937946 -0.003853 -0.877511 0
0.967423 -0.038194 -0.885584 0
0.800058 -0.204970 -0.837104 0
0.846177 -0.199403 -0.838078 0
0.892249 -0.185833 -0.840770 0
0.936024 -0.159963 -0.844158 0
0.802028 -0.113818 -0.857445 0
0.842350 -0.114073 -0.857172 0
0.882138 -0.114416 -0.856802 0
0.965245 -0.119202 -0.848936 0
0.809121 -0.064015 -0.852721 0
0.850063 -0.067319 -0.853512 0
0.889207 -0.075066 -0.853580 0
0.975447 -0.076828 -0.850935 0
0.837246 0.015366 -0.824003 0
0.888287 0.007227 -0.833659 0
0.931104 -0.011456 -0.842464 0
0.963742 -0.038412 -0.848494 0
0.803236 -0.176304 -0.819569 0
0.847035 -0.170058 -0.817902 0
0.891157 -0.159315 -0.816021 0
0.932909 -0.141071 -0.814370 0
0.804694 -0.104323 -0.831729 0
0.843139 -0.103164 -0.829030 0
0.880978 -0.102147 -0.826178 0
0.961050 -0.110196 -0.814713 0
0.810125 -0.068166 -0.826812 0
0.849299 -0.069877 -0.824724 0
0.886973 -0.074131 -0.822523 0
0.969548 -0.074121 -0.814227 0
0.828773 -0.007178 -0.800541 0
0.877461 -0.010666 -0.804090 0
0.921504 -0.020812 -0.808240 0
0.955770 -0.041064 -0.811796 0
-0.433037 -0.195257 -0.989619 0
-0.382321 -0.200618 -0.987827 0
-0.446265 -0.163877 -0.998390 0
-0.395757 -0.165492 -0.996360 0
-0.441279 -0.191558 -0.938554 0
-0.390893 -0.202346 -0.938177 0
-0.452706 -0.162670 -0.937077 0
-0.403669 -0.168026 -0.936066 0
-0.106336 -0.088646 -1.001080 0
-0.061389 -0.090047 -1.001170 0
-0.016298 -0.089937 -1.001323 0
0.029017 -0.088352 -1.001623 0
-0.109059 -0.056063 -1.000134 0
-0.062930 -0.057689 -1.000277 0
-0.016638 -0.057656 -1.000364 0
0.029986 -0.055773 -1.000639 0
-0.106366 -0.088135 -0.912833 0
-0.059984 -0.090063 -0.912745 0
-0.013426 -0.090770 -0.912504 0
0.033154 -0.090540 -0.913337 0
-0.109515 -0.052394 -0.912730 0
-0.061870 -0.055007 -0.912849 0
-0.014025 -0.056349 -0.912490 0
0.033797 -0.056557 -0.912916 0
-0.106275 -0.092457 -0.877805 0
-0.058619 -0.094383 -0.877659 0
-0.010527 -0.095495 -0.876502 0
0.037360 -0.095639 -0.877623 0
-0.109577 -0.049060 -0.878354 0
-0.060651 -0.051812 -0.878701 0
-0.011259 -0.053636 -0.877276 0
0.037972 -0.054717 -0.877241 0
-0.106041 -0.116739 -0.798487 0
-0.052744 -0.117965 -0.798362 0
0.000851 -0.120070 -0.797694 0
0.054927 -0.123679 -0.797856 0
-0.109199 -0.033124 -0.798872 0
-0.055115 -0.034683 -0.798568 0
-0.000809 -0.038002 -0.797601 0
0.054064 -0.042612 -0.797307 0
0.062367 -0.627704 -0.960943 0
0.101035 -0.638567 -0.958719 0
0.140313 -0.648045 -0.957749 0
0.181013 -0.655313 -0.957717 0
0.050475 -0.584057 -0.959740 0
0.089784 -0.594707 -0.958252 0
0.129507 -0.604327 -0.957969 0
0.170463 -0.611896 -0.958476 0
0.037950 -0.539099 -0.958577 0
0.077478 -0.549450 -0.958073 0
0.117161 -0.559378 -0.958559 0
0.157952 -0.567691 -0.959379 0
0.024680 -0.492486 -0.957948 0
0.064224 -0.502206 -0.958090 0
0.103628 -0.512397 -0.959134 0
0.143985 -0.521675 -0.960162 0
0.063657 -0.633643 -0.915385 0
0.103748 -0.642830 -0.911052 0
0.144061 -0.651358 -0.908234 0
0.184388 -0.658025 -0.907333 0
0.053317 -0.589011 -0.912392 0
0.092200 -0.598655 -0.910357 0
0.131709 -0.607259 -0.909282 0
0.171247 -0.614157 -0.908301 0
0.040112 -0.543381 -0.911078 0
0.079095 -0.552836 -0.911044 0
0.118192 -0.561863 -0.910107 0
0.156708 -0.569380 -0.909361 0
0.026230 -0.497285 -0.910593 0
0.065195 -0.505704 -0.911437 0
0.103738 -0.514661 -0.911306 0
0.141305 -0.523094 -0.910607 0
0.060613 -0.637223 -0.896895 0
0.101829 -0.649320 -0.891755 0
0.143702 -0.657271 -0.887795 0
0.186695 -0.662782 -0.886563 0
0.050118 -0.594834 -0.892883 0
0.090801 -0.605552 -0.890488 0
0.131768 -0.613279 -0.888546 0
0.173102 -0.618455 -0.887419 0
0.038381 -0.550587 -0.890897 0
0.078419 -0.559123 -0.891456 0
0.118454 -0.567185 -0.889694 0
0.158421 -0.573353 -0.888382 0
0.025532 -0.504935 -0.890178 0
0.065422 -0.512346 -0.891757 0
0.104561 -0.519942 -0.891108 0
0.143131 -0.526847 -0.889570 0
0.048241 -0.650785 -0.846257 0
0.088822 -0.663367 -0.845149 0
0.136503 -0.670973 -0.844043 0
0.191246 -0.672941 -0.843204 0
0.036689 -0.611478 -0.845457 0
0.079565 -0.620060 -0.845181 0
0.127291 -0.624902 -0.844304 0
0.179250 -0.626061 -0.843512 0
0.028094 -0.568225 -0.845138 0
0.071704 -0.574145 -0.845413 0
0.117797 -0.577879 -0.844662 0
0.166655 -0.579218 -0.843705 0
0.019378 -0.522341 -0.844495 0
0.063052 -0.526850 -0.845783 0
0.107613 -0.530319 -0.844586 0
0.153919 -0.532212 -0.843892 0
0.074620 -0.085554 -1.001979 0
0.120776 -0.082295 -1.002552 0
0.077106 -0.052326 -1.000800 0
0.124762 -0.048297 -1.000576 0
0.079703 -0.089301 -0.914345 0
0.126108 -0.087680 -0.915918 0
0.081458 -0.055504 -0.913500 0
0.128641 -0.054219 -0.915221 0
0.084955 -0.095081 -0.878149 0
0.132006 -0.094115 -0.879595 0
0.086792 -0.055076 -0.876666 0
0.134775 -0.054922 -0.879585 0
0.108138 -0.126642 -0.799526 0
0.159455 -0.128548 -0.801001 0
0.108710 -0.046766 -0.797444 0
0.161866 -0.049736 -0.797944 0
0.158617 -0.147094 -0.991789 0
0.207807 -0.143243 -0.994377 0
0.260409 -0.137731 -0.997680 0
0.315709 -0.133788 -0.999417 0
0.163343 -0.112865 -1.000270 0
0.212010 -0.109853 -1.001945 0
0.263335 -0.106812 -1.003800 0
0.317321 -0.104445 -1.004635 0
0.167818 -0.079645 -1.003275 0
0.216314 -0.077733 -1.004077 0
0.266836 -0.076339 -1.005185 0
0.319539 -0.075468 -1.005438 0
0.172550 -0.046160 -1.001064 0
0.220924 -0.045342 -1.001885 0
0.270596 -0.045474 -1.002683 0
0.321954 -0.046284 -1.002599 0
0.162615 -0.153870 -0.922945 0
0.209093 -0.147258 -0.925814 0
0.259005 -0.136303 -0.927843 0
0.313254 -0.129799 -0.931524 0
0.168336 -0.118842 -0.919600 0
0.215007 -0.114681 -0.922332 0
0.264338 -0.108647 -0.924423 0
0.316315 -0.104418 -0.927750 0
0.172846 -0.087036 -0.917434 0
0.221513 -0.085192 -0.919351 0
0.269701 -0.082449 -0.921137 0
0.319477 -0.080209 -0.923539 0
0.175940 -0.056216 -0.916335 0
0.224314 -0.056774 -0.917717 0
0.273563 -0.056372 -0.918922 0
0.322062 -0.055721 -0.920565 0
0.166340 -0.164678 -0.895404 0
0.212781 -0.156345 -0.897287 0
0.262696 -0.143311 -0.897412 0
0.316206 -0.134364 -0.901953 0
0.173496 -0.129020 -0.885269 0
0.220144 -0.123406 -0.887884 0
0.269513 -0.116062 -0.888345 0
0.319950 -0.110302 -0.892855 0
0.179083 -0.093531 -0.880207 0
0.226783 -0.091404 -0.881577 0
0.275654 -0.088075 -0.882332 0
0.323383 -0.085044 -0.885630 0
0.182483 -0.057474 -0.879612 0
0.230448 -0.058602 -0.880552 0
0.278522 -0.058260 -0.880614 0
0.325563 -0.057202 -0.883014 0
0.184519 -0.214265 -0.842080 0
0.233690 -0.205307 -0.840982 0
0.285989 -0.195812 -0.839044 0
0.336589 -0.189671 -0.841612 0
0.199449 -0.182586 -0.818374 0
0.249609 -0.177907 -0.818437 0
0.300034 -0.171744 -0.819494 0
0.346102 -0.167237 -0.825952 0
0.209904 -0.128783 -0.801409 0
0.261227 -0.127348 -0.800809 0
0.310829 -0.123990 -0.802501 0
0.352646 -0.119779 -0.809713 0
0.213394 -0.052364 -0.796858 0
0.264595 -0.054114 -0.795621 0
0.312734 -0.054850 -0.797108 0
0.352565 -0.053401 -0.803587 0
0.178521 -0.012084 -0.991233 0
0.226531 -0.012655 -0.992004 0
0.275018 -0.014169 -0.993060 0
0.324765 -0.016668 -0.993081 0
0.187384 0.020728 -0.968908 0
0.233813 0.017849 -0.969989 0
0.280427 0.015103 -0.971226 0
0.328124 0.011673 -0.972073 0
0.179522 -0.024473 -0.915598 0
0.228156 -0.027523 -0.915893 0
0.276315 -0.029012 -0.917699 0
0.324592 -0.029748 -0.918780 0
0.201486 0.043513 -0.931033 0
0.242691 0.038677 -0.932581 0
0.286490 0.035115 -0.934453 0
0.331687 0.031612 -0.936320 0
0.185191 -0.021484 -0.883638 0
0.233825 -0.025377 -0.881939 0
0.281017 -0.027201 -0.884064 0
0.327498 -0.027786 -0.885027 0
0.209006 0.053221 -0.885624 0
0.249910 0.047427 -0.886982 0
0.292643 0.042941 -0.889416 0
0.335755 0.040161 -0.892475 0
0.211860 0.011123 -0.808821 0
0.261143 0.007479 -0.808802 0
0.306978 0.004244 -0.811022 0
0.346983 0.003997 -0.815710 0
0.209032 0.045982 -0.840553 0
0.255327 0.039759 -0.841556 0
0.299387 0.035548 -0.844117 0
0.340859 0.034172 -0.848067 0
0.147352 -0.240709 -0.966897 0
0.199972 -0.243350 -0.962389 0
0.153384 -0.186597 -0.978738 0
0.203893 -0.182922 -0.980832 0
0.152870 -0.249946 -0.926374 0
0.217319 -0.279075 -0.932664 0
0.157789 -0.195895 -0.925952 0
0.204374 -0.187140 -0.928241 0
0.153419 -0.260837 -0.909156 0
0.220982 -0.289466 -0.902132 0
0.159735 -0.206466 -0.905116 0
0.206487 -0.195511 -0.906568 0
0.160167 -0.289150 -0.869669 0
0.207413 -0.278065 -0.875667 0
0.169995 -0.244248 -0.864286 0
0.218784 -0.231473 -0.863075 0
0.602218 -0.206754 -0.957915 0
0.647969 -0.222334 -0.953469 0
0.690935 -0.239995 -0.949426 0
0.733297 -0.257463 -0.946514 0
0.601250 -0.169619 -0.973936 0
0.648970 -0.178868 -0.969343 0
0.693277 -0.189126 -0.964972 0
0.735717 -0.199284 -0.961533 0
0.599809 -0.135927 -0.982023 0
0.649068 -0.140832 -0.978481 0
0.694945 -0.146021 -0.974436 0
0.738275 -0.151152 -0.972283 0
0.597923 -0.105805 -0.985948 0
0.648380 -0.108268 -0.983621 0
0.695818 -0.110620 -0.981330 0
0.740938 -0.112563 -0.980230 0
0.602482 -0.236508 -0.932106 0
0.646283 -0.258533 -0.928909 0
0.687791 -0.283769 -0.926228 0
0.730874 -0.309354 -0.924516 0
0.603075 -0.164017 -0.923631 0
0.653297 -0.176711 -0.921463 0
0.699611 -0.192421 -0.918188 0
0.742255 -0.208051 -0.914597 0
0.601587 -0.133149 -0.921123 0
0.652760 -0.140282 -0.919212 0
0.699873 -0.149308 -0.917762 0
0.743641 -0.158493 -0.916607 0
0.599139 -0.103721 -0.921133 0
0.651949 -0.105896 -0.919205 0
0.700527 -0.109479 -0.918268 0
0.745845 -0.113663 -0.917987 0
0.601829 -0.250667 -0.904554 0
0.644235 -0.276255 -0.901281 0
0.685248 -0.306331 -0.897897 0
0.729537 -0.338369 -0.895495 0
0.605331 -0.173503 -0.903714 0
0.655602 -0.189279 -0.903086 0
0.701824 -0.207792 -0.899765 0
0.745265 -0.226575 -0.894800 0
0.603734 -0.142502 -0.896572 0
0.655524 -0.151130 -0.896610 0
0.703013 -0.161361 -0.896505 0
0.747658 -0.171358 -0.895841 0
0.601089 -0.107935 -0.896791 0
0.655200 -0.109317 -0.895818 0
0.704416 -0.112764 -0.895823 0
0.750464 -0.116725 -0.895951 0
0.600442 -0.247044 -0.878822 0
0.644688 -0.270806 -0.873828 0
0.687716 -0.297717 -0.868161 0
0.734203 -0.325739 -0.863300 0
0.600267 -0.230086 -0.862396 0
0.648405 -0.247934 -0.857776 0
0.694356 -0.266836 -0.853110 0
0.741873 -0.285492 -0.849334 0
0.600849 -0.212960 -0.850386 0
0.652593 -0.222972 -0.848843 0
0.700980 -0.232500 -0.846411 0
0.748579 -0.241040 -0.845352 0
0.604519 -0.115235 -0.876903 0
0.659327 -0.114962 -0.876771 0
0.708874 -0.117110 -0.877105 0
0.755245 -0.119716 -0.877228 0
-0.651537 -0.186572 -0.867336 0
-0.599151 -0.187584 -0.867768 0
-0.658438 -0.165519 -0.869310 0
-0.606499 -0.165999 -0.868294 0
-0.667317 -0.138127 -0.853746 0
-0.614881 -0.137964 -0.850985 0
-0.675930 -0.113599 -0.834593 0
-0.622748 -0.114908 -0.832912 0
-0.656726 -0.199029 -0.807463 0
-0.603058 -0.200654 -0.808873 0
-0.664292 -0.184667 -0.804433 0
-0.610223 -0.186566 -0.804193 0
-0.672933 -0.172074 -0.792012 0
-0.617616 -0.174076 -0.790995 0
-0.681464 -0.153007 -0.769651 0
-0.624301 -0.154337 -0.768456 0
-0.335822 -0.206551 -0.985456 0
-0.293410 -0.212877 -0.981972 0
-0.254247 -0.219773 -0.978235 0
-0.216703 -0.226889 -0.975507 0
-0.347968 -0.168687 -0.993974 0
-0.303109 -0.173152 -0.990834 0
-0.261006 -0.178653 -0.987810 0
-0.220713 -0.184387 -0.984832 0
-0.269538 -0.141958 -0.996023 0
-0.226940 -0.146952 -0.994047 0
-0.278321 -0.107142 -1.001229 0
-0.234011 -0.111741 -1.000068 0
-0.342425 -0.209189 -0.935561 0
-0.296674 -0.213197 -0.927464 0
-0.255392 -0.221919 -0.919113 0
-0.216707 -0.233332 -0.915491 0
-0.353237 -0.170537 -0.934463 0
-0.306632 -0.177013 -0.925286 0
-0.264000 -0.181942 -0.918209 0
-0.222768 -0.190044 -0.915008 0
-0.273156 -0.145015 -0.917643 0
-0.229693 -0.150562 -0.915397 0
-0.280548 -0.109636 -0.917355 0
-0.236682 -0.113896 -0.914260 0
-0.346908 -0.218939 -0.916987 0
-0.301510 -0.224648 -0.906572 0
-0.260981 -0.236380 -0.895009 0
-0.221885 -0.249211 -0.890977 0
-0.356519 -0.180587 -0.912790 0
-0.312373 -0.188624 -0.899557 0
-0.269768 -0.197664 -0.889391 0
-0.227905 -0.206366 -0.886032 0
-0.278228 -0.160174 -0.884465 0
-0.234210 -0.165336 -0.883708 0
-0.283662 -0.121482 -0.881699 0
-0.240304 -0.126077 -0.877683 0
-0.348382 -0.263362 -0.864326 0
-0.320682 -0.278687 -0.854937 0
-0.287325 -0.292064 -0.847186 0
-0.246340 -0.303264 -0.843778 0
-0.360342 -0.233347 -0.859379 0
-0.332841 -0.247271 -0.848143 0
-0.297603 -0.257621 -0.837957 0
-0.252010 -0.266022 -0.834798 0
-0.306392 -0.224053 -0.824861 0
-0.259061 -0.228605 -0.820273 0
-0.311822 -0.179950 -0.812006 0
-0.265369 -0.182412 -0.804897 0
0.011452 -0.804698 -0.938382 0
0.037442 -0.819930 -0.945287 0
-0.002979 -0.775204 -0.945200 0
0.027907 -0.785589 -0.958060 0
-0.020842 -0.740690 -0.947436 0
0.012053 -0.747741 -0.961865 0
-0.040717 -0.706077 -0.947949 0
-0.006977 -0.711057 -0.963573 0
0.006136 -0.811882 -0.913874 0
0.038274 -0.836669 -0.916058 0
-0.016552 -0.775383 -0.915842 0
0.038487 -0.774845 -0.913453 0
-0.036929 -0.739306 -0.917041 0
0.021750 -0.740558 -0.915576 0
-0.058105 -0.704238 -0.918277 0
0.002964 -0.706723 -0.917425 0
0.007162 -0.810309 -0.883072 0
0.039977 -0.835086 -0.883194 0
-0.015436 -0.773835 -0.882612 0
0.039161 -0.774539 -0.892980 0
-0.035062 -0.737766 -0.883727 0
0.022419 -0.740388 -0.893470 0
-0.057035 -0.703004 -0.885047 0
0.003266 -0.706753 -0.895112 0
0.015569 -0.800971 -0.859631 0
0.042152 -0.815848 -0.854839 0
0.002182 -0.771523 -0.854157 0
0.033909 -0.780646 -0.844070 0
-0.015808 -0.737067 -0.853688 0
0.017433 -0.743193 -0.842645 0
-0.036994 -0.702414 -0.855609 0
-0.002444 -0.707240 -0.842859 0
-0.127324 -0.526029 -0.954314 0
-0.087671 -0.521432 -0.963728 0
-0.044418 -0.522960 -0.963755 0
-0.002317 -0.529611 -0.960874 0
-0.142063 -0.489274 -0.953966 0
-0.101418 -0.481248 -0.961963 0
-0.058032 -0.480055 -0.961513 0
-0.015877 -0.484552 -0.959428 0
-0.157661 -0.451056 -0.953569 0
-0.115347 -0.439296 -0.960229 0
-0.071383 -0.435471 -0.960144 0
-0.028933 -0.437761 -0.958735 0
-0.171880 -0.408247 -0.953397 0
-0.127676 -0.393703 -0.959256 0
-0.082989 -0.388021 -0.959356 0
-0.040341 -0.388605 -0.957946 0
-0.151973 -0.533281 -0.929515 0
-0.073872 -0.520495 -0.918574 0
-0.035352 -0.525869 -0.916277 0
0.002112 -0.534047 -0.913084 0
-0.169151 -0.500683 -0.930187 0
-0.090964 -0.480506 -0.915058 0
-0.051353 -0.483101 -0.913254 0
-0.012573 -0.489389 -0.911445 0
-0.186670 -0.467316 -0.930704 0
-0.108212 -0.440330 -0.913411 0
-0.067037 -0.440346 -0.912443 0
-0.026719 -0.444497 -0.911468 0
-0.202865 -0.432601 -0.931612 0
-0.124277 -0.397936 -0.913201 0
-0.081261 -0.396169 -0.912898 0
-0.039341 -0.398304 -0.912725 0
-0.156004 -0.539484 -0.897069 0
-0.076053 -0.525518 -0.899962 0
-0.037737 -0.532250 -0.896108 0
-0.000195 -0.541624 -0.892724 0
-0.174547 -0.508998 -0.896795 0
-0.093394 -0.487154 -0.895357 0
-0.053480 -0.490782 -0.892166 0
-0.014085 -0.497565 -0.890531 0
-0.193454 -0.477964 -0.895981 0
-0.111011 -0.448355 -0.893526 0
-0.069080 -0.449077 -0.891440 0
-0.027818 -0.453304 -0.890726 0
-0.211404 -0.446341 -0.895472 0
-0.127316 -0.407883 -0.893377 0
-0.083143 -0.406504 -0.892341 0
-0.039977 -0.408367 -0.892495 0
-0.136898 -0.542574 -0.866778 0
-0.099802 -0.545027 -0.850599 0
-0.057190 -0.551782 -0.845050 0
-0.014496 -0.560701 -0.844393 0
-0.154815 -0.510930 -0.865367 0
-0.115756 -0.510586 -0.848846 0
-0.070261 -0.513118 -0.843488 0
-0.024803 -0.517682 -0.843145 0
-0.172588 -0.477784 -0.863215 0
-0.130659 -0.473678 -0.847227 0
-0.082429 -0.471979 -0.843405 0
-0.035039 -0.473164 -0.843631 0
-0.189384 -0.442225 -0.861214 0
-0.143190 -0.435214 -0.846381 0
-0.092570 -0.430764 -0.844024 0
-0.043791 -0.429552 -0.845483 0
-0.061659 -0.670303 -0.949952 0
-0.026255 -0.674275 -0.965231 0
0.013244 -0.684216 -0.970800 0
0.051205 -0.697417 -0.970602 0
-0.081140 -0.634141 -0.951532 0
-0.044504 -0.636740 -0.965910 0
-0.003108 -0.645229 -0.969558 0
0.036646 -0.657400 -0.967585 0
-0.097987 -0.597930 -0.953096 0
-0.060385 -0.598834 -0.964903 0
-0.017903 -0.605515 -0.967021 0
0.023080 -0.616254 -0.964373 0
-0.112745 -0.561959 -0.954068 0
-0.074109 -0.560602 -0.964460 0
-0.031165 -0.564754 -0.965402 0
0.010540 -0.573571 -0.962166 0
-0.080431 -0.669071 -0.920932 0
-0.015834 -0.672332 -0.919831 0
0.018457 -0.686212 -0.922411 0
0.051445 -0.701785 -0.922777 0
-0.101741 -0.633995 -0.923598 0
-0.032702 -0.637342 -0.921412 0
0.002600 -0.651327 -0.922798 0
0.035758 -0.664585 -0.921460 0
-0.119987 -0.599397 -0.926371 0
-0.046360 -0.601475 -0.921027 0
-0.010989 -0.613365 -0.921387 0
0.025327 -0.623799 -0.919403 0
-0.136019 -0.565778 -0.928540 0
-0.058625 -0.562048 -0.920445 0
-0.020972 -0.570619 -0.920085 0
0.015638 -0.579236 -0.916429 0
-0.080161 -0.668515 -0.888158 0
-0.016091 -0.672832 -0.898162 0
0.017525 -0.686378 -0.899195 0
0.050408 -0.702119 -0.900296 0
-0.101738 -0.634362 -0.892262 0
-0.033525 -0.638477 -0.900555 0
0.001312 -0.652345 -0.900750 0
0.034125 -0.666375 -0.900919 0
-0.121085 -0.601326 -0.894915 0
-0.047741 -0.603791 -0.901188 0
-0.013068 -0.616443 -0.901113 0
0.022619 -0.627839 -0.900518 0
-0.138431 -0.569836 -0.896559 0
-0.060370 -0.565660 -0.901466 0
-0.023694 -0.575434 -0.900742 0
0.011162 -0.584851 -0.897578 0
-0.059790 -0.668251 -0.859514 0
-0.024345 -0.672628 -0.846615 0
0.012916 -0.685537 -0.843781 0
0.047888 -0.703604 -0.843765 0
-0.081758 -0.635440 -0.863982 0
-0.046088 -0.639936 -0.849694 0
-0.007650 -0.652072 -0.845386 0
0.028526 -0.669259 -0.845037 0
-0.101779 -0.603715 -0.866344 0
-0.065877 -0.608390 -0.851474 0
-0.026544 -0.619503 -0.846328 0
0.011038 -0.635188 -0.845842 0
-0.119592 -0.573152 -0.867029 0
-0.083512 -0.577238 -0.851771 0
-0.042969 -0.586818 -0.846728 0
-0.003421 -0.599847 -0.845624 0
0.695729 -0.078782 -0.984031 0
0.743080 -0.078600 -0.983558 0
0.694298 -0.048185 -0.982524 0
0.743636 -0.046530 -0.981111 0
0.701089 -0.071821 -0.916966 0
0.748305 -0.072373 -0.916813 0
0.700956 -0.034871 -0.913642 0
0.749845 -0.032626 -0.911886 0
0.706497 -0.065912 -0.893064 0
0.754624 -0.065784 -0.893113 0
0.709203 -0.019650 -0.887976 0
0.759326 -0.016147 -0.885728 0
0.713407 -0.060130 -0.872656 0
0.761389 -0.059424 -0.872546 0
0.732521 0.047832 -0.833649 0
0.786827 0.051193 -0.835113 0
-0.075778 0.479852 -0.946106 0
-0.039435 0.482348 -0.961467 0
0.001091 0.489851 -0.966162 0
0.039948 0.500257 -0.965477 0
-0.055632 0.516769 -0.944239 0
-0.020859 0.520096 -0.960530 0
0.017861 0.528958 -0.966823 0
0.054825 0.541128 -0.967684 0
-0.095791 0.478912 -0.916913 0
-0.027052 0.482026 -0.916514 0
0.007881 0.495315 -0.918148 0
0.040325 0.507748 -0.917693 0
-0.073778 0.514812 -0.914068 0
-0.009495 0.516263 -0.914274 0
0.024138 0.529288 -0.916749 0
0.056220 0.544646 -0.917391 0
-0.096229 0.478524 -0.885310 0
-0.027516 0.482666 -0.895052 0
0.007609 0.495991 -0.895453 0
0.041298 0.510267 -0.896454 0
-0.073160 0.513373 -0.882052 0
-0.008865 0.516502 -0.891824 0
0.025204 0.529845 -0.892449 0
0.058439 0.546054 -0.893400 0
-0.076507 0.478945 -0.857543 0
-0.040939 0.483028 -0.844185 0
-0.001431 0.494772 -0.841152 0
0.037256 0.512331 -0.841748 0
-0.054039 0.512954 -0.853731 0
-0.019049 0.516503 -0.839744 0
0.019138 0.528977 -0.837130 0
0.056566 0.547665 -0.838067 0
-0.302516 0.083468 -0.967382 0
-0.259198 0.069293 -0.975421 0
-0.211943 0.062387 -0.976303 0
-0.162021 0.051153 -0.975566 0
-0.292092 0.111051 -0.961979 0
-0.261183 0.112576 -0.965352 0
-0.216397 0.120638 -0.964332 0
-0.160261 0.098746 -0.966499 0
-0.330867 0.113213 -0.942859 0
-0.253685 0.074071 -0.911953 0
-0.209256 0.076807 -0.913486 0
-0.163178 0.069835 -0.913994 0
-0.309292 0.137458 -0.944249 0
-0.279339 0.152913 -0.944555 0
-0.249330 0.170338 -0.942005 0
-0.161081 0.116245 -0.914358 0
-0.342158 0.137210 -0.906714 0
-0.259097 0.090093 -0.888732 0
-0.214057 0.093339 -0.889103 0
-0.166334 0.086134 -0.889314 0
-0.320999 0.161849 -0.914219 0
-0.291702 0.180462 -0.912441 0
-0.261215 0.197471 -0.907090 0
-0.165161 0.132542 -0.893077 0
-0.328564 0.144103 -0.867989 0
-0.288143 0.146655 -0.850910 0
-0.236103 0.144492 -0.844493 0
-0.177411 0.135993 -0.842335 0
-0.317846 0.168139 -0.883754 0
-0.289042 0.180423 -0.873798 0
-0.241749 0.190962 -0.861962 0
-0.178308 0.177877 -0.847343 0
-0.586518 -0.005586 -0.997502 0
-0.537934 -0.005003 -0.997163 0
-0.490482 -0.003537 -0.996363 0
-0.444256 -0.001317 -0.995308 0
-0.590187 0.027957 -0.977802 0
-0.541979 0.028013 -0.977510 0
-0.495463 0.029174 -0.976596 0
-0.451121 0.032400 -0.975467 0
-0.586287 -0.014742 -0.923142 0
-0.535982 -0.014885 -0.922140 0
-0.486292 -0.013999 -0.920591 0
-0.438415 -0.011593 -0.918418 0
-0.592461 0.049297 -0.942999 0
-0.544052 0.049432 -0.942663 0
-0.497855 0.051198 -0.941487 0
-0.454925 0.056468 -0.939749 0
-0.586379 -0.011951 -0.889713 0
-0.534958 -0.012258 -0.889141 0
-0.483514 -0.011068 -0.887482 0
-0.433877 -0.008266 -0.883650 0
-0.593231 0.057580 -0.900013 0
-0.543707 0.058413 -0.899394 0
-0.496048 0.060716 -0.896893 0
-0.451538 0.066858 -0.892752 0
-0.586786 -0.015400 -0.857408 0
-0.534503 -0.015662 -0.857756 0
-0.480318 -0.014797 -0.856776 0
-0.396216 0.020961 -0.804655 0
-0.592726 0.055497 -0.854518 0
-0.541497 0.056127 -0.853497 0
-0.490491 0.057329 -0.848824 0
-0.436003 0.056824 -0.836990 0
-0.111498 -0.024256 -0.994639 0
-0.064388 -0.026119 -0.994802 0
-0.113086 0.007991 -0.985436 0
-0.065355 0.005635 -0.985278 0
-0.113103 0.043726 -0.974648 0
-0.065089 0.040543 -0.974063 0
-0.110087 0.087335 -0.965536 0
-0.062095 0.082661 -0.964449 0
-0.112529 -0.016165 -0.911834 0
-0.064024 -0.019525 -0.912080 0
-0.114354 0.021485 -0.912870 0
-0.065629 0.017547 -0.911534 0
-0.114371 0.062395 -0.914053 0
-0.065746 0.057658 -0.911737 0
-0.111126 0.106736 -0.914657 0
-0.062669 0.101301 -0.914242 0
-0.113040 -0.005903 -0.879282 0
-0.063205 -0.009807 -0.880036 0
-0.115451 0.035771 -0.885435 0
-0.065231 0.031754 -0.883116 0
-0.115690 0.079158 -0.889201 0
-0.065438 0.074373 -0.887609 0
-0.112598 0.122800 -0.893748 0
-0.062135 0.117549 -0.894738 0
-0.113268 0.034299 -0.809058 0
-0.058649 0.032664 -0.808390 0
-0.117155 0.085439 -0.829553 0
-0.062006 0.082414 -0.828071 0
-0.119267 0.129808 -0.843145 0
-0.063294 0.125075 -0.842629 0
-0.117998 0.167853 -0.846605 0
-0.060892 0.161203 -0.848378 0
-0.811943 -0.232552 -0.958356 0
-0.778631 -0.235378 -0.961825 0
-0.734800 -0.236270 -0.962827 0
-0.687192 -0.236576 -0.963001 0
-0.826395 -0.215663 -0.969248 0
-0.785679 -0.213551 -0.978807 0
-0.739400 -0.213336 -0.981815 0
-0.690988 -0.213866 -0.982561 0
-0.824547 -0.240197 -0.936839 0
-0.782768 -0.246996 -0.934667 0
-0.735787 -0.248268 -0.934072 0
-0.686912 -0.247846 -0.933765 0
-0.852459 -0.221811 -0.945328 0
-0.781111 -0.196982 -0.929582 0
-0.735025 -0.200040 -0.931225 0
-0.688442 -0.201600 -0.932609 0
-0.833528 -0.244765 -0.909477 0
-0.787895 -0.251591 -0.905641 0
-0.738583 -0.252488 -0.904077 0
-0.688437 -0.251442 -0.903535 0
-0.867133 -0.227224 -0.916112 0
-0.787901 -0.201036 -0.906841 0
-0.739084 -0.203204 -0.906979 0
-0.690748 -0.204750 -0.908218 0
-0.836802 -0.245631 -0.880120 0
-0.790681 -0.251578 -0.875873 0
-0.741221 -0.251523 -0.873662 0
-0.690791 -0.251458 -0.872713 0
-0.871568 -0.228820 -0.884052 0
-0.791222 -0.201994 -0.885448 0
-0.742121 -0.204020 -0.884226 0
-0.693360 -0.205950 -0.884879 0
-0.256147 -0.317887 -0.960216 0
-0.224915 -0.332040 -0.957656 0
-0.187591 -0.353695 -0.956554 0
-0.136833 -0.341747 -0.959394 0
-0.251568 -0.267329 -0.970399 0
-0.217003 -0.276809 -0.967756 0
-0.180200 -0.285627 -0.964798 0
-0.138418 -0.284974 -0.962677 0
-0.267454 -0.356751 -0.938558 0
-0.242668 -0.374340 -0.935853 0
-0.219192 -0.397619 -0.933442 0
-0.137415 -0.351725 -0.914149 0
-0.250151 -0.267273 -0.919266 0
-0.213954 -0.282637 -0.915966 0
-0.177997 -0.297060 -0.915399 0
-0.138991 -0.299545 -0.914770 0
-0.277955 -0.373603 -0.907126 0
-0.253886 -0.393252 -0.902006 0
-0.229408 -0.415509 -0.896347 0
-0.140832 -0.364407 -0.894385 0
-0.254802 -0.280714 -0.898788 0
-0.218791 -0.297699 -0.895075 0
-0.182203 -0.312918 -0.894806 0
-0.141883 -0.315201 -0.894345 0
-0.281228 -0.362288 -0.874506 0
-0.250083 -0.380445 -0.867396 0
-0.208909 -0.400976 -0.858503 0
-0.152075 -0.394887 -0.846922 0
-0.282207 -0.329633 -0.855810 0
-0.245827 -0.343515 -0.850843 0
-0.202308 -0.353233 -0.848044 0
-0.151815 -0.352953 -0.846455 0
-0.743539 -0.246756 -0.842766 0
-0.693692 -0.247545 -0.840943 0
-0.641792 -0.248349 -0.840380 0
-0.587237 -0.250548 -0.840851 0
-0.744122 -0.201766 -0.861028 0
-0.696015 -0.204452 -0.861635 0
-0.645060 -0.206753 -0.862822 0
-0.592575 -0.208502 -0.863561 0
-0.754853 -0.181524 -0.862560 0
-0.703856 -0.184281 -0.865033 0
-0.766507 -0.159564 -0.862427 0
-0.712074 -0.162712 -0.866423 0
-0.747191 -0.234240 -0.815922 0
-0.697508 -0.235069 -0.813808 0
-0.645466 -0.236107 -0.813425 0
-0.591557 -0.238009 -0.814018 0
-0.755262 -0.214270 -0.803759 0
-0.703470 -0.215391 -0.803555 0
-0.650387 -0.217147 -0.804171 0
-0.596646 -0.218858 -0.805234 0
-0.766004 -0.195614 -0.799909 0
-0.711256 -0.196980 -0.803743 0
-0.778202 -0.179592 -0.794788 0
-0.720467 -0.181870 -0.799603 0
-0.576829 -0.086524 -0.822559 0
-0.524491 -0.085849 -0.822613 0
-0.471925 -0.086324 -0.822214 0
-0.379515 -0.105592 -0.777074 0
-0.582340 -0.057498 -0.820804 0
-0.529626 -0.057203 -0.821312 0
-0.476272 -0.057031 -0.821276 0
-0.383520 -0.045420 -0.770538 0
-0.587730 -0.025738 -0.824690 0
-0.536564 -0.025803 -0.825672 0
-0.485771 -0.025700 -0.826718 0
-0.408214 0.004507 -0.780205 0
-0.591335 0.041613 -0.811779 0
-0.539455 0.041937 -0.811456 0
-0.489643 0.041629 -0.808050 0
-0.443634 0.035166 -0.798950 0
-0.572331 -0.115970 -0.751803 0
-0.514870 -0.111673 -0.749979 0
-0.459156 -0.108066 -0.750256 0
-0.411324 -0.106664 -0.757345 0
-0.577103 -0.071613 -0.748659 0
-0.519197 -0.067699 -0.748009 0
-0.462943 -0.062470 -0.748717 0
-0.415950 -0.055534 -0.753924 0
-0.583107 -0.026390 -0.755890 0
-0.527643 -0.023596 -0.756178 0
-0.475567 -0.018859 -0.757200 0
-0.433338 -0.011049 -0.762197 0
-0.588409 0.013987 -0.776501 0
-0.535801 0.015345 -0.776748 0
-0.487932 0.016820 -0.776451 0
-0.452867 0.016663 -0.776465 0
-0.410560 -0.267017 -0.964161 0
-0.362378 -0.284659 -0.965627 0
-0.322357 -0.297793 -0.965108 0
-0.287556 -0.307331 -0.962807 0
-0.420325 -0.229821 -0.978457 0
-0.370115 -0.241142 -0.978223 0
-0.326185 -0.250766 -0.976739 0
-0.287159 -0.258870 -0.973584 0
-0.404894 -0.294211 -0.939423 0
-0.359779 -0.315502 -0.941611 0
-0.324397 -0.331138 -0.942380 0
-0.293958 -0.343127 -0.940944 0
-0.427479 -0.224616 -0.935325 0
-0.377147 -0.237688 -0.936415 0
-0.329927 -0.248937 -0.933517 0
-0.288250 -0.255747 -0.926256 0
-0.404312 -0.305843 -0.909440 0
-0.361958 -0.325976 -0.911161 0
-0.329704 -0.342152 -0.913351 0
-0.302498 -0.356795 -0.911318 0
-0.432068 -0.230835 -0.915842 0
-0.381108 -0.245641 -0.918504 0
-0.333317 -0.257760 -0.915966 0
-0.291984 -0.266683 -0.907371 0
-0.406293 -0.300169 -0.876590 0
-0.365685 -0.310450 -0.876910 0
-0.335051 -0.328457 -0.884051 0
-0.308362 -0.345027 -0.880758 0
-0.438088 -0.232529 -0.896626 0
-0.363669 -0.279867 -0.867329 0
-0.339011 -0.297584 -0.869330 0
-0.312485 -0.314040 -0.862824 0
0.068637 -0.353573 -0.959791 0
0.106262 -0.362929 -0.961838 0
0.144648 -0.373901 -0.960481 0
0.181841 -0.385051 -0.951601 0
0.063795 -0.294732 -0.960832 0
0.101655 -0.300925 -0.962214 0
0.140721 -0.309876 -0.960838 0
0.179479 -0.322604 -0.954053 0
0.070018 -0.362055 -0.915245 0
0.104863 -0.369224 -0.917650 0
0.138449 -0.377485 -0.918328 0
0.205863 -0.394608 -0.927932 0
0.067251 -0.305922 -0.917736 0
0.103870 -0.309839 -0.920788 0
0.139445 -0.315589 -0.921807 0
0.201327 -0.341034 -0.929663 0
0.072299 -0.371568 -0.895323 0
0.107430 -0.376532 -0.897653 0
0.141012 -0.382543 -0.899856 0
0.211003 -0.396535 -0.898457 0
0.069494 -0.318115 -0.898516 0
0.105972 -0.320556 -0.902059 0
0.141318 -0.323802 -0.904745 0
0.205800 -0.346372 -0.900230 0
0.082592 -0.388400 -0.847884 0
0.122731 -0.389657 -0.850403 0
0.161259 -0.391412 -0.856940 0
0.194773 -0.393727 -0.871606 0
0.080610 -0.343680 -0.851158 0
0.119236 -0.342223 -0.856242 0
0.156102 -0.341475 -0.863841 0
0.190628 -0.341962 -0.875073 0
-0.017180 -0.026148 -0.994839 0
0.030559 -0.023805 -0.994798 0
-0.017841 0.005549 -0.985124 0
0.030254 0.008292 -0.984493 0
-0.018011 0.040619 -0.974004 0
0.028665 0.043813 -0.973828 0
-0.015724 0.082947 -0.964625 0
0.029572 0.086592 -0.964973 0
-0.015396 -0.021619 -0.911751 0
0.033249 -0.022459 -0.912791 0
-0.017307 0.014678 -0.911926 0
0.031164 0.013285 -0.914318 0
-0.018520 0.054810 -0.912035 0
0.027064 0.053701 -0.914465 0
-0.016168 0.099281 -0.914330 0
0.027471 0.099928 -0.914713 0
-0.013005 -0.012471 -0.878658 0
0.036719 -0.014476 -0.880209 0
-0.015285 0.027779 -0.883637 0
0.033884 0.024598 -0.887608 0
-0.016729 0.070224 -0.887794 0
0.029632 0.066938 -0.890522 0
-0.014331 0.114327 -0.894730 0
0.030301 0.112665 -0.894202 0
-0.004103 0.029692 -0.806861 0
0.050900 0.025286 -0.806085 0
-0.007554 0.077889 -0.826231 0
0.046724 0.071936 -0.824777 0
-0.009079 0.119046 -0.841021 0
0.043794 0.111074 -0.839519 0
-0.006480 0.155098 -0.847917 0
0.045990 0.147739 -0.846052 0
0.079403 -0.019103 -0.993683 0
0.129704 -0.012983 -0.991206 0
0.080470 0.014979 -0.981119 0
0.137097 0.027109 -0.969358 0
0.082502 -0.021375 -0.913121 0
0.131597 -0.019294 -0.913641 0
0.081520 0.014334 -0.912913 0
0.166530 0.053341 -0.930173 0
0.087065 -0.015542 -0.879794 0
0.137146 -0.015206 -0.880596 0
0.085044 0.023145 -0.885046 0
0.174056 0.064840 -0.886153 0
0.105981 0.020493 -0.806644 0
0.160394 0.016423 -0.809194 0
0.101278 0.065497 -0.826942 0
0.157871 0.060444 -0.840485 0
-0.893722 -0.012333 -0.991084 0
-0.845078 -0.012302 -0.996619 0
-0.882464 0.012712 -0.979313 0
-0.844976 0.018216 -0.979755 0
-0.931506 -0.005108 -0.968818 0
-0.843211 -0.023853 -0.928783 0
-0.901662 0.025248 -0.957630 0
-0.855315 0.038795 -0.950855 0
-0.033938 0.551356 -0.943488 0
-0.001101 0.555657 -0.959757 0
0.035196 0.566634 -0.966062 0
0.070237 0.581292 -0.967992 0
-0.013923 0.584898 -0.942479 0
0.017422 0.591689 -0.958464 0
0.051738 0.605420 -0.963109 0
0.084909 0.622541 -0.966284 0
-0.050590 0.549567 -0.913012 0
0.009981 0.549972 -0.912304 0
0.042405 0.563613 -0.914876 0
0.073753 0.580592 -0.916030 0
-0.029196 0.582980 -0.911201 0
0.028954 0.583453 -0.910960 0
0.060462 0.598946 -0.913202 0
0.090564 0.617486 -0.914758 0
-0.049476 0.547671 -0.879738 0
0.011094 0.549904 -0.889463 0
0.043881 0.563794 -0.889920 0
0.075760 0.581354 -0.890445 0
-0.027784 0.581829 -0.877492 0
0.030214 0.583052 -0.888280 0
0.061968 0.598787 -0.888545 0
0.092248 0.617970 -0.889027 0
-0.030664 0.546932 -0.850843 0
0.003157 0.551294 -0.837816 0
0.039577 0.564867 -0.834320 0
0.075412 0.584832 -0.834583 0
-0.009683 0.581537 -0.849324 0
0.023120 0.587680 -0.837765 0
0.057781 0.603189 -0.834055 0
0.091699 0.625240 -0.833947 0
0.373051 -0.131507 -0.998607 0
0.431680 -0.130318 -0.995016 0
0.373391 -0.103035 -1.003250 0
0.430598 -0.102382 -0.999208 0
0.374156 -0.075366 -1.003935 0
0.429800 -0.075641 -1.000196 0
0.375040 -0.047719 -1.001010 0
0.429163 -0.049128 -0.997445 0
0.370522 -0.126987 -0.935121 0
0.429451 -0.126054 -0.934870 0
0.370797 -0.102003 -0.930564 0
0.427157 -0.100947 -0.928968 0
0.371472 -0.078481 -0.925262 0
0.425615 -0.077578 -0.923641 0
0.372481 -0.054976 -0.921408 0
0.425000 -0.054272 -0.920069 0
0.372068 -0.131622 -0.908710 0
0.429817 -0.131851 -0.910894 0
0.371888 -0.107386 -0.899544 0
0.425870 -0.106873 -0.899962 0
0.372156 -0.082746 -0.890558 0
0.423008 -0.081696 -0.890948 0
0.372885 -0.055923 -0.885894 0
0.422131 -0.054603 -0.886738 0
0.382789 -0.186828 -0.847673 0
0.426850 -0.186721 -0.850798 0
0.382877 -0.163572 -0.835315 0
0.413106 -0.161624 -0.838756 0
0.382241 -0.115650 -0.819425 0
0.404685 -0.112580 -0.822915 0
0.381208 -0.051294 -0.811763 0
0.403919 -0.049838 -0.814127 0
-0.398985 0.001374 -0.994441 0
-0.353688 0.002855 -0.993352 0
-0.408828 0.037378 -0.975090 0
-0.366804 0.043011 -0.975030 0
-0.392856 -0.006744 -0.919626 0
-0.348072 -0.000990 -0.918874 0
-0.416952 0.065507 -0.940059 0
-0.382849 0.076714 -0.941307 0
-0.390336 -0.002245 -0.887550 0
-0.347494 0.005082 -0.887187 0
-0.416517 0.079145 -0.894523 0
-0.387077 0.093652 -0.896357 0
-0.378307 0.031967 -0.817339 0
-0.354727 0.039717 -0.818239 0
-0.402383 0.069286 -0.847499 0
-0.373272 0.083028 -0.849545 0
-0.091591 -0.336910 -0.958930 0
-0.048985 -0.336780 -0.957923 0
-0.096084 -0.283794 -0.960647 0
-0.054319 -0.283965 -0.959415 0
-0.092452 -0.349454 -0.913888 0
-0.048955 -0.350035 -0.914428 0
-0.097131 -0.299623 -0.914525 0
-0.054278 -0.299699 -0.915111 0
-0.093968 -0.362061 -0.894115 0
-0.048988 -0.362291 -0.894966 0
-0.098173 -0.315054 -0.894710 0
-0.053731 -0.314810 -0.896071 0
-0.099188 -0.390251 -0.846037 0
-0.049741 -0.387936 -0.847069 0
-0.101157 -0.350862 -0.846990 0
-0.052357 -0.348995 -0.848511 0
0.087456 -0.711177 -0.966777 0
0.123569 -0.723717 -0.962774 0
0.160549 -0.734334 -0.960495 0
0.198943 -0.743090 -0.959316 0
0.074446 -0.670059 -0.963207 0
0.112086 -0.681427 -0.960207 0
0.150363 -0.691173 -0.958487 0
0.190079 -0.698759 -0.958302 0
0.084330 -0.716443 -0.920671 0
0.122479 -0.727790 -0.917736 0
0.163568 -0.735633 -0.912814 0
0.204184 -0.744263 -0.908357 0
0.072737 -0.676161 -0.918452 0
0.113566 -0.685662 -0.913393 0
0.154453 -0.693655 -0.908956 0
0.195023 -0.701156 -0.907251 0
0.082983 -0.718378 -0.900680 0
0.121149 -0.731956 -0.900035 0
0.162857 -0.741276 -0.894505 0
0.206506 -0.749627 -0.887597 0
0.070395 -0.678847 -0.900292 0
0.111483 -0.691303 -0.895119 0
0.154140 -0.700309 -0.888956 0
0.197991 -0.706567 -0.886511 0
0.081476 -0.723497 -0.844937 0
0.116543 -0.743454 -0.846444 0
0.159461 -0.759037 -0.845225 0
0.215110 -0.767360 -0.843583 0
0.063595 -0.687647 -0.846163 0
0.100963 -0.704550 -0.845927 0
0.146728 -0.715805 -0.844583 0
0.203008 -0.719884 -0.843258 0
0.011741 -0.444096 -0.957788 0
0.051115 -0.452838 -0.958194 0
0.090132 -0.462846 -0.959438 0
0.129794 -0.472947 -0.960932 0
0.000395 -0.393303 -0.957722 0
0.039571 -0.400735 -0.958355 0
0.077927 -0.409984 -0.959202 0
0.116550 -0.420291 -0.961440 0
0.013077 -0.450578 -0.910965 0
0.052034 -0.457913 -0.911086 0
0.089655 -0.466350 -0.911387 0
0.125932 -0.474925 -0.912140 0
0.001548 -0.402573 -0.912345 0
0.040721 -0.408424 -0.912303 0
0.077808 -0.415644 -0.912750 0
0.112994 -0.423992 -0.914284 0
0.012891 -0.458912 -0.890595 0
0.052773 -0.465486 -0.890869 0
0.091214 -0.472341 -0.890696 0
0.128437 -0.479273 -0.891142 0
0.001948 -0.412100 -0.892376 0
0.042020 -0.417001 -0.892220 0
0.079927 -0.423044 -0.892263 0
0.115722 -0.429534 -0.893517 0
0.010214 -0.475844 -0.844805 0
0.053984 -0.479249 -0.845455 0
0.097525 -0.482527 -0.844768 0
0.141814 -0.484926 -0.845020 0
0.002171 -0.430412 -0.846371 0
0.045985 -0.432445 -0.846029 0
0.088607 -0.434941 -0.845576 0
0.130882 -0.437316 -0.846820 0
0.779744 -0.155651 -0.971757 0
0.820087 -0.160788 -0.971189 0
0.859589 -0.167294 -0.967589 0
0.898101 -0.175507 -0.957357 0
0.784577 -0.113953 -0.980477 0
0.827500 -0.116202 -0.980870 0
0.869412 -0.121683 -0.979022 0
0.909806 -0.128465 -0.970078 0
0.789996 -0.077239 -0.983667 0
0.837259 -0.075825 -0.983640 0
0.880539 -0.082221 -0.983950 0
0.919551 -0.089532 -0.977405 0
0.794088 -0.041837 -0.979497 0
0.850898 -0.031748 -0.973164 0
0.893977 -0.046804 -0.975991 0
0.922442 -0.060607 -0.974392 0
0.784632 -0.166103 -0.916547 0
0.823490 -0.171808 -0.915482 0
0.862767 -0.176863 -0.912454 0
0.930239 -0.185156 -0.935426 0
0.788325 -0.117610 -0.918305 0
0.828351 -0.122115 -0.918465 0
0.868030 -0.129195 -0.918076 0
0.942689 -0.131950 -0.947451 0
0.793566 -0.073391 -0.917623 0
0.836018 -0.075086 -0.919270 0
0.874281 -0.086077 -0.919993 0
0.950971 -0.088089 -0.955773 0
0.799238 -0.031792 -0.911590 0
0.888405 0.000428 -0.943172 0
0.918543 -0.023788 -0.950680 0
0.944898 -0.050612 -0.955456 0
-0.889980 -0.208783 -0.851517 0
-0.806322 -0.179692 -0.863085 0
-0.914444 -0.192239 -0.848995 0
-0.822014 -0.159043 -0.861823 0
-0.863311 -0.202603 -0.820064 0
-0.818665 -0.196955 -0.803638 0
-0.883431 -0.186006 -0.815570 0
-0.834676 -0.180285 -0.798308 0
0.707207 -0.205265 -0.835652 0
0.753958 -0.206039 -0.836472 0
0.713331 -0.111937 -0.858492 0
0.759238 -0.112921 -0.858106 0
0.716819 -0.062172 -0.853570 0
0.764766 -0.062355 -0.853053 0
0.729520 0.019058 -0.817992 0
0.782578 0.017532 -0.819888 0
0.713641 -0.184342 -0.819632 0
0.759166 -0.180809 -0.820015 0
0.718521 -0.105806 -0.836759 0
0.763403 -0.105095 -0.834655 0
0.720065 -0.065947 -0.831961 0
0.767337 -0.066908 -0.829650 0
0.722248 -0.002016 -0.798144 0
0.777058 -0.005183 -0.799144 0
0.605456 -0.200257 -0.836384 0
0.658145 -0.203376 -0.836086 0
0.610997 -0.113242 -0.858244 0
0.664189 -0.111534 -0.858326 0
0.608451 -0.074326 -0.854575 0
0.665276 -0.064269 -0.853747 0
0.604544 -0.042324 -0.849907 0
0.682537 0.024116 -0.818682 0
0.612818 -0.187590 -0.819753 0
0.665105 -0.186793 -0.819747 0
0.619910 -0.109233 -0.837800 0
0.670383 -0.106851 -0.837577 0
0.615820 -0.071929 -0.832895 0
0.668729 -0.066273 -0.832886 0
0.596578 -0.009234 -0.787203 0
0.659025 0.002181 -0.797375 0
0.375382 -0.189812 -0.970581 0
0.435077 -0.189089 -0.969559 0
0.494397 -0.190260 -0.965904 0
0.550975 -0.195611 -0.962109 0
0.373565 -0.161093 -0.988504 0
0.433062 -0.159958 -0.986126 0
0.492118 -0.160136 -0.981973 0
0.548840 -0.163195 -0.978065 0
0.489989 -0.130301 -0.990110 0
0.546577 -0.132196 -0.985709 0
0.487904 -0.102600 -0.993632 0
0.544166 -0.103781 -0.988919 0
0.378370 -0.207940 -0.940621 0
0.437286 -0.208320 -0.940540 0
0.496420 -0.211095 -0.938252 0
0.552783 -0.219706 -0.935322 0
0.371414 -0.154091 -0.934446 0
0.431875 -0.153689 -0.934274 0
0.491130 -0.152023 -0.929964 0
0.548608 -0.155438 -0.926598 0
0.487922 -0.124776 -0.928534 0
0.545937 -0.127856 -0.924384 0
0.483736 -0.100414 -0.923374 0
0.541930 -0.101902 -0.922744 0
0.380753 -0.214111 -0.909627 0
0.438391 -0.215125 -0.910038 0
0.496792 -0.219083 -0.909143 0
0.552743 -0.230521 -0.907474 0
0.372730 -0.157771 -0.911173 0
0.432905 -0.158396 -0.912237 0
0.492039 -0.156740 -0.907691 0
0.550134 -0.162594 -0.905232 0
0.487254 -0.130948 -0.902668 0
0.546760 -0.135658 -0.898901 0
0.479867 -0.106560 -0.893079 0
0.541171 -0.106808 -0.896838 0
0.381780 -0.210953 -0.881420 0
0.437411 -0.211498 -0.882365 0
0.494039 -0.215934 -0.882623 0
0.549847 -0.227918 -0.881869 0
0.382030 -0.200109 -0.861498 0
0.433881 -0.200550 -0.863578 0
0.488016 -0.204452 -0.863496 0
0.546206 -0.214905 -0.864410 0
0.476134 -0.190650 -0.846330 0
0.543052 -0.202753 -0.850680 0
0.437867 -0.161251 -0.830585 0
0.541470 -0.115696 -0.876086 0
0.691545 -0.015827 -0.975941 0
0.741584 -0.012875 -0.973832 0
0.790451 -0.007448 -0.971025 0
0.835817 0.004321 -0.961528 0
0.689074 0.023686 -0.962020 0
0.741097 0.028564 -0.959765 0
0.789814 0.031728 -0.957720 0
0.825374 0.033276 -0.954511 0
0.697457 0.002219 -0.913624 0
0.745973 0.006725 -0.911006 0
0.793074 0.007425 -0.909141 0
0.869066 0.033319 -0.937378 0
0.688935 0.070067 -0.937483 0
0.747232 0.079846 -0.936644 0
0.804696 0.080274 -0.937019 0
0.847201 0.065756 -0.937023 0
0.704663 0.022172 -0.891179 0
0.755590 0.028027 -0.888447 0
0.805542 0.029363 -0.887861 0
0.893404 0.065210 -0.907584 0
0.691179 0.110591 -0.907798 0
0.757675 0.127813 -0.910566 0
0.828849 0.128546 -0.914821 0
0.875487 0.105800 -0.914860 0
0.720691 0.084756 -0.846026 0
0.783657 0.095836 -0.846138 0
0.851312 0.097497 -0.852307 0
0.895820 0.086414 -0.873472 0
0.700413 0.115710 -0.867743 0
0.772284 0.132023 -0.867036 0
0.850492 0.135352 -0.873469 0
0.892206 0.123747 -0.886528 0
-0.529328 -0.255789 -0.841995 0
-0.468769 -0.268984 -0.843490 0
-0.541328 -0.211470 -0.864877 0
-0.494182 -0.218580 -0.868357 0
-0.535810 -0.241850 -0.815397 0
-0.478971 -0.250282 -0.817265 0
-0.542676 -0.221448 -0.806735 0
-0.489299 -0.226590 -0.808982 0
0.491937 -0.184695 -0.827427 0
0.548816 -0.195162 -0.835295 0
0.451624 -0.157394 -0.812096 0
0.550759 -0.115395 -0.857958 0
0.434137 -0.108675 -0.796144 0
0.544442 -0.080977 -0.852836 0
0.441360 -0.050440 -0.789164 0
0.540819 -0.051129 -0.846699 0
0.505539 -0.176436 -0.809080 0
0.557748 -0.185919 -0.817854 0
0.469463 -0.148957 -0.794356 0
0.563824 -0.112023 -0.839821 0
0.458840 -0.103316 -0.781080 0
0.557522 -0.077335 -0.833686 0
0.479061 -0.047247 -0.776418 0
0.537988 -0.022718 -0.780440 0
0.075341 0.050415 -0.970078 0
0.120139 0.062022 -0.957212 0
0.074217 0.092875 -0.962465 0
0.116477 0.101917 -0.951565 0
0.079482 0.141577 -0.959642 0
0.121961 0.147396 -0.950280 0
0.089225 0.192664 -0.958852 0
0.132972 0.196015 -0.950670 0
0.071506 0.053964 -0.912632 0
0.149460 0.077652 -0.927744 0
0.068464 0.101426 -0.912931 0
0.146226 0.112227 -0.926189 0
0.074617 0.152608 -0.913327 0
0.153134 0.153542 -0.925985 0
0.086970 0.203094 -0.912949 0
0.166981 0.198612 -0.927232 0
0.074716 0.064313 -0.888796 0
0.156890 0.088975 -0.890824 0
0.072048 0.111910 -0.892911 0
0.154546 0.121762 -0.893200 0
0.079346 0.162192 -0.894436 0
0.163021 0.160348 -0.893972 0
0.092937 0.210992 -0.893868 0
0.178939 0.202704 -0.894722 0
0.094521 0.102567 -0.842241 0
0.138245 0.095216 -0.857343 0
0.095341 0.139325 -0.848983 0
0.136076 0.130544 -0.863536 0
0.103701 0.177979 -0.850111 0
0.144459 0.168996 -0.864750 0
0.117769 0.218751 -0.849378 0
0.160076 0.210343 -0.864483 0
0.376006 -0.019698 -0.991679 0
0.428354 -0.021966 -0.988819 0
0.377046 0.008169 -0.971791 0
0.427268 0.005871 -0.970897 0
0.373771 -0.030001 -0.919610 0
0.424858 -0.029512 -0.918694 0
0.377966 0.028956 -0.937713 0
0.425584 0.027362 -0.938589 0
0.374180 -0.027383 -0.887756 0
0.422424 -0.026027 -0.888441 0
0.378949 0.039036 -0.895588 0
0.423114 0.038805 -0.897705 0
0.380233 0.004550 -0.821884 0
0.409259 0.004503 -0.823676 0
0.379899 0.034103 -0.852503 0
0.418673 0.034437 -0.854310 0
0.892034 -0.143810 -0.782463 0
0.932213 -0.130693 -0.778205 0
0.882007 -0.095267 -0.784885 0
0.958512 -0.104340 -0.776089 0
0.886618 -0.074029 -0.781523 0
0.964893 -0.072617 -0.774288 0
0.914179 -0.028325 -0.770236 0
0.949151 -0.043953 -0.772125 0
0.896293 -0.135935 -0.738337 0
0.936290 -0.125649 -0.733760 0
0.886473 -0.092612 -0.735237 0
0.961656 -0.101274 -0.730951 0
0.889861 -0.073981 -0.732091 0
0.966295 -0.071185 -0.728649 0
0.911938 -0.031955 -0.725066 0
0.948679 -0.044879 -0.726531 0
0.903103 -0.134059 -0.685052 0
0.944243 -0.124739 -0.682143 0
0.893411 -0.091731 -0.682662 0
0.970240 -0.100653 -0.679315 0
0.895981 -0.073127 -0.679807 0
0.973738 -0.070104 -0.676838 0
0.914717 -0.031196 -0.673137 0
0.954003 -0.043654 -0.674942 0
0.911230 -0.136168 -0.627057 0
0.954089 -0.126857 -0.626434 0
0.901966 -0.091752 -0.632740 0
0.980855 -0.101398 -0.622936 0
0.904393 -0.072359 -0.630098 0
0.984617 -0.069094 -0.620139 0
0.921672 -0.028937 -0.616571 0
0.963341 -0.040898 -0.618883 0
0.621756 -0.171317 -0.797994 0
0.673379 -0.170249 -0.798388 0
0.630350 -0.106846 -0.813808 0
0.679128 -0.103785 -0.813325 0
0.627219 -0.076162 -0.809611 0
0.677810 -0.071059 -0.809285 0
0.609184 -0.026173 -0.770180 0
0.667625 -0.016322 -0.773264 0
0.631383 -0.147737 -0.766004 0
0.683588 -0.153479 -0.767059 0
0.613940 -0.115031 -0.749777 0
0.691145 -0.100541 -0.784772 0
0.611031 -0.081846 -0.743794 0
0.690253 -0.074602 -0.781243 0
0.622995 -0.045986 -0.747378 0
0.678425 -0.028623 -0.745164 0
-0.413276 -0.283609 -0.845306 0
-0.381364 -0.283585 -0.847260 0
-0.450357 -0.228689 -0.875135 0
-0.380548 -0.259265 -0.844926 0
-0.426656 -0.261348 -0.820613 0
-0.396840 -0.264681 -0.826641 0
-0.440007 -0.234274 -0.813601 0
-0.402518 -0.242407 -0.823209 0
-0.833969 -0.241809 -0.851279 0
-0.791133 -0.246462 -0.846360 0
-0.864892 -0.225548 -0.851871 0
-0.790884 -0.199130 -0.863129 0
-0.826164 -0.233613 -0.829016 0
-0.792432 -0.234166 -0.820318 0
-0.844182 -0.218883 -0.823732 0
-0.803899 -0.214982 -0.808436 0
-0.196994 0.171256 -0.956418 0
-0.150130 0.149113 -0.960564 0
-0.183219 0.217041 -0.953745 0
-0.138201 0.198199 -0.958603 0
-0.168882 0.258659 -0.952460 0
-0.124893 0.243688 -0.958866 0
-0.153563 0.297237 -0.951950 0
-0.110810 0.285928 -0.959891 0
-0.230928 0.203592 -0.937282 0
-0.148593 0.161845 -0.913270 0
-0.216781 0.240867 -0.933629 0
-0.133279 0.206264 -0.912589 0
-0.201044 0.277310 -0.930459 0
-0.116846 0.247904 -0.912227 0
-0.183047 0.311409 -0.927941 0
-0.099726 0.287153 -0.912469 0
-0.242850 0.226020 -0.902640 0
-0.152265 0.176182 -0.893711 0
-0.227907 0.258231 -0.898220 0
-0.136572 0.218039 -0.893201 0
-0.210284 0.290613 -0.895052 0
-0.119761 0.257392 -0.892507 0
-0.190267 0.321825 -0.893302 0
-0.102029 0.294937 -0.892573 0
-0.220627 0.225356 -0.863398 0
-0.168968 0.214044 -0.847418 0
-0.204962 0.258365 -0.861734 0
-0.156640 0.248897 -0.846078 0
-0.187658 0.290863 -0.860741 0
-0.141617 0.283688 -0.845478 0
-0.168740 0.322938 -0.860772 0
-0.125157 0.318624 -0.845856 0
0.776380 -0.272340 -0.944808 0
0.819871 -0.282576 -0.943945 0
0.776789 -0.208511 -0.959319 0
0.816846 -0.216615 -0.957554 0
0.778187 -0.331222 -0.923789 0
0.830045 -0.342708 -0.924710 0
0.782078 -0.221193 -0.911613 0
0.820116 -0.229750 -0.907861 0
0.781210 -0.366361 -0.893889 0
0.842602 -0.380189 -0.895530 0
0.786924 -0.241281 -0.891055 0
0.828345 -0.249352 -0.887247 0
0.788076 -0.349351 -0.859429 0
0.849883 -0.362935 -0.858282 0
0.793938 -0.300494 -0.846638 0
0.850472 -0.307677 -0.845908 0
0.240076 -0.749904 -0.958593 0
0.284423 -0.754668 -0.954627 0
0.232281 -0.703854 -0.958135 0
0.277542 -0.706033 -0.953113 0
0.224031 -0.659649 -0.958047 0
0.269047 -0.660266 -0.951704 0
0.213589 -0.616303 -0.958316 0
0.257461 -0.616327 -0.951023 0
0.244416 -0.751728 -0.908624 0
0.324265 -0.758740 -0.937185 0
0.236633 -0.707147 -0.908498 0
0.317434 -0.706701 -0.933286 0
0.225751 -0.663071 -0.908686 0
0.306576 -0.658731 -0.929590 0
0.211593 -0.619086 -0.909571 0
0.291713 -0.613575 -0.927400 0
0.251203 -0.756777 -0.888444 0
0.343945 -0.762919 -0.902626 0
0.242960 -0.711489 -0.888735 0
0.335257 -0.708613 -0.897943 0
0.230681 -0.666479 -0.888954 0
0.319852 -0.659219 -0.894677 0
0.215473 -0.621848 -0.889794 0
0.301385 -0.613022 -0.893124 0
0.274684 -0.769931 -0.845359 0
0.324851 -0.767777 -0.863352 0
0.261916 -0.718963 -0.845976 0
0.312506 -0.714032 -0.862564 0
0.247615 -0.670508 -0.846070 0
0.296447 -0.664469 -0.861784 0
0.232163 -0.623537 -0.846971 0
0.278376 -0.617672 -0.861879 0
0.076150 0.510734 -0.962097 0
0.112193 0.520387 -0.960167 0
0.150102 0.529101 -0.959082 0
0.190588 0.536679 -0.955338 0
0.090206 0.553277 -0.965550 0
0.125673 0.564882 -0.962878 0
0.162781 0.575673 -0.960746 0
0.201691 0.585543 -0.955984 0
0.104918 0.595770 -0.968074 0
0.140674 0.609399 -0.966510 0
0.177722 0.622428 -0.963407 0
0.215834 0.635260 -0.957204 0
0.118453 0.639387 -0.968539 0
0.153899 0.655198 -0.968919 0
0.191229 0.670480 -0.966559 0
0.228613 0.686904 -0.959792 0
0.075402 0.519148 -0.914121 0
0.111144 0.526650 -0.908480 0
0.147367 0.533307 -0.907942 0
0.226895 0.543897 -0.941870 0
0.087915 0.559717 -0.915600 0
0.120202 0.570190 -0.911195 0
0.153830 0.579067 -0.909374 0
0.235290 0.595555 -0.941006 0
0.103441 0.597977 -0.915907 0
0.131967 0.611396 -0.914254 0
0.163379 0.623137 -0.911508 0
0.246294 0.649249 -0.940232 0
0.118569 0.635262 -0.915724 0
0.145023 0.650284 -0.915238 0
0.173872 0.664100 -0.913364 0
0.256156 0.706575 -0.940821 0
0.076554 0.521598 -0.894474 0
0.116014 0.531468 -0.887768 0
0.156515 0.537809 -0.888082 0
0.247820 0.550520 -0.910743 0
0.090932 0.563119 -0.893301 0
0.125341 0.576526 -0.889377 0
0.161667 0.583656 -0.888861 0
0.253084 0.604226 -0.908107 0
0.106488 0.600194 -0.890374 0
0.135745 0.615826 -0.890267 0
0.167289 0.626738 -0.889709 0
0.259682 0.660430 -0.902297 0
0.120347 0.637011 -0.888995 0
0.147220 0.654005 -0.888990 0
0.176488 0.669167 -0.889959 0
0.264537 0.721535 -0.896465 0
0.079913 0.530775 -0.842423 0
0.132865 0.545113 -0.841920 0
0.190334 0.552231 -0.844335 0
0.237099 0.553962 -0.862951 0
0.095573 0.569273 -0.839190 0
0.143655 0.588913 -0.840488 0
0.196907 0.601582 -0.843666 0
0.241350 0.606909 -0.861227 0
0.112567 0.608594 -0.835819 0
0.155914 0.632980 -0.837780 0
0.204752 0.651558 -0.841321 0
0.246662 0.661520 -0.857751 0
0.126932 0.650753 -0.834375 0
0.166926 0.677618 -0.835275 0
0.211624 0.701566 -0.839444 0
0.251219 0.717342 -0.855043 0
0.126794 0.684537 -0.964175 0
0.161246 0.702426 -0.966487 0
0.198016 0.719511 -0.966119 0
0.233759 0.737486 -0.960904 0
0.128862 0.725642 -0.948267 0
0.162290 0.745829 -0.952542 0
0.197393 0.762747 -0.956287 0
0.226603 0.770071 -0.955391 0
0.130626 0.674872 -0.914452 0
0.155845 0.691086 -0.914972 0
0.182149 0.704367 -0.914099 0
0.255720 0.765073 -0.940879 0
0.131073 0.749496 -0.916986 0
0.164269 0.773343 -0.922341 0
0.201267 0.792066 -0.928939 0
0.237123 0.795308 -0.934940 0
0.132149 0.676867 -0.889589 0
0.157080 0.694715 -0.889670 0
0.183098 0.709352 -0.891271 0
0.261394 0.785274 -0.895906 0
0.133290 0.752320 -0.882931 0
0.166659 0.779175 -0.886641 0
0.203976 0.802388 -0.892143 0
0.240636 0.811223 -0.897243 0
0.135037 0.694797 -0.838122 0
0.172030 0.723015 -0.837437 0
0.212484 0.749607 -0.842588 0
0.248291 0.770653 -0.857503 0
0.135076 0.733185 -0.852833 0
0.169339 0.761249 -0.853739 0
0.206149 0.786334 -0.857871 0
0.235908 0.798182 -0.866451 0
0.859872 -0.285740 -0.943896 0
0.888698 -0.280193 -0.941619 0
0.855175 -0.224701 -0.953688 0
0.891277 -0.234104 -0.946362 0
0.879403 -0.338491 -0.926607 0
0.912137 -0.310777 -0.927673 0
0.858275 -0.232765 -0.904944 0
0.922706 -0.254245 -0.928230 0
0.904134 -0.375761 -0.900811 0
0.939433 -0.340443 -0.905655 0
0.869594 -0.250347 -0.886783 0
0.945957 -0.274351 -0.902774 0
0.911563 -0.363542 -0.863754 0
0.946637 -0.345831 -0.877041 0
0.905934 -0.303608 -0.852060 0
0.944522 -0.287195 -0.870915 0
0.063913 0.645698 -0.958944 0
0.095195 0.665254 -0.960899 0
0.069495 0.682140 -0.943607 0
0.098614 0.703812 -0.945169 0
0.075021 0.635293 -0.911675 0
0.103544 0.655303 -0.912987 0
0.072640 0.700943 -0.912470 0
0.101244 0.725003 -0.913916 0
0.076516 0.635020 -0.889047 0
0.105160 0.655924 -0.889392 0
0.075048 0.700316 -0.879937 0
0.103780 0.725646 -0.881200 0
0.070745 0.643329 -0.839093 0
0.102194 0.667578 -0.838270 0
0.075649 0.680333 -0.851938 0
0.104830 0.705633 -0.852846 0
0.002714 0.618613 -0.939648 0
0.032022 0.629156 -0.954456 0
0.015746 0.646988 -0.932318 0
0.040525 0.662586 -0.940597 0
-0.010314 0.617708 -0.909255 0
0.045125 0.617482 -0.909311 0
0.010564 0.653327 -0.907551 0
0.042270 0.678280 -0.910546 0
-0.008305 0.616723 -0.876723 0
0.046436 0.616909 -0.888325 0
0.012558 0.652069 -0.877800 0
0.044810 0.676948 -0.878688 0
0.007504 0.615578 -0.849525 0
0.038786 0.624798 -0.839541 0
0.020101 0.644297 -0.855575 0
0.046396 0.659414 -0.851361 0
0.053233 0.422749 -0.958672 0
0.091950 0.430043 -0.957845 0
0.132766 0.436248 -0.957426 0
0.177199 0.440905 -0.955022 0
0.063809 0.467097 -0.959886 0
0.101036 0.475418 -0.958544 0
0.140317 0.482701 -0.958196 0
0.182648 0.488587 -0.955324 0
0.060831 0.428987 -0.909332 0
0.100062 0.434832 -0.906576 0
0.138968 0.439200 -0.907754 0
0.218230 0.444598 -0.940240 0
0.067311 0.475872 -0.911535 0
0.105212 0.480870 -0.906987 0
0.141501 0.485879 -0.907703 0
0.221309 0.493786 -0.941838 0
0.062954 0.435483 -0.889391 0
0.105883 0.440186 -0.885941 0
0.149373 0.444014 -0.888127 0
0.241801 0.448190 -0.908832 0
0.068398 0.480005 -0.892393 0
0.110578 0.486122 -0.886422 0
0.152542 0.490941 -0.887874 0
0.244008 0.498717 -0.910935 0
0.058092 0.449922 -0.844707 0
0.117897 0.454219 -0.842763 0
0.179606 0.454155 -0.845402 0
0.228809 0.451782 -0.864582 0
0.066748 0.491615 -0.844181 0
0.124304 0.500382 -0.842221 0
0.184879 0.503202 -0.844348 0
0.233630 0.502338 -0.863696 0
0.520565 -0.165325 -0.792802 0
0.567923 -0.172581 -0.798299 0
0.492374 -0.139719 -0.781189 0
0.578396 -0.110178 -0.819555 0
0.486248 -0.102454 -0.771320 0
0.573520 -0.081713 -0.814840 0
0.504405 -0.063277 -0.767565 0
0.551596 -0.040732 -0.769016 0
0.535900 -0.152532 -0.778298 0
0.575144 -0.152438 -0.776556 0
0.522710 -0.130737 -0.769559 0
0.567545 -0.123427 -0.763310 0
0.518964 -0.101119 -0.762638 0
0.564137 -0.092066 -0.756950 0
0.525740 -0.074363 -0.760264 0
0.564724 -0.061274 -0.757350 0
0.033996 0.331689 -0.957992 0
0.076235 0.337401 -0.957906 0
0.120193 0.342250 -0.958283 0
0.167039 0.344802 -0.953877 0
0.043705 0.377638 -0.958183 0
0.084148 0.384086 -0.957785 0
0.126735 0.389551 -0.957665 0
0.172790 0.393124 -0.954654 0
0.042487 0.337609 -0.909357 0
0.084698 0.342277 -0.908191 0
0.127584 0.345843 -0.909653 0
0.209503 0.345722 -0.935372 0
0.053054 0.382969 -0.908482 0
0.093670 0.388239 -0.907120 0
0.135222 0.392620 -0.908432 0
0.215151 0.395428 -0.938491 0
0.045757 0.345282 -0.888506 0
0.090908 0.348599 -0.887552 0
0.136911 0.350567 -0.890210 0
0.231480 0.347150 -0.902329 0
0.055573 0.390250 -0.887947 0
0.099767 0.394275 -0.886415 0
0.144803 0.397366 -0.888928 0
0.238412 0.397865 -0.906381 0
0.046003 0.359344 -0.844312 0
0.104821 0.358857 -0.843804 0
0.163974 0.355861 -0.847142 0
0.212872 0.351056 -0.865045 0
0.052078 0.405343 -0.844370 0
0.112087 0.406648 -0.843210 0
0.173079 0.404863 -0.846331 0
0.222416 0.401396 -0.865234 0
0.260196 -0.207404 -0.965223 0
0.317584 -0.193553 -0.968506 0
0.258921 -0.170861 -0.984862 0
0.315525 -0.164024 -0.988181 0
0.266313 -0.232763 -0.935348 0
0.321547 -0.212852 -0.938706 0
0.255379 -0.167482 -0.929117 0
0.311806 -0.156685 -0.931693 0
0.269362 -0.241766 -0.904368 0
0.324458 -0.219638 -0.907519 0
0.257625 -0.173766 -0.905104 0
0.313927 -0.160683 -0.907017 0
0.268784 -0.234962 -0.877645 0
0.326326 -0.215915 -0.879660 0
0.274385 -0.213088 -0.859421 0
0.329447 -0.202962 -0.859104 0
0.100833 0.243677 -0.958897 0
0.146299 0.245731 -0.951797 0
0.111565 0.293691 -0.958645 0
0.158089 0.295702 -0.952668 0
0.101768 0.251658 -0.912019 0
0.183444 0.246446 -0.929384 0
0.116060 0.298979 -0.910812 0
0.198673 0.295916 -0.932068 0
0.108910 0.258066 -0.892610 0
0.198303 0.248481 -0.896296 0
0.124345 0.304365 -0.891370 0
0.217604 0.296992 -0.898933 0
0.134495 0.262040 -0.848372 0
0.178956 0.254832 -0.864651 0
0.150705 0.307943 -0.848167 0
0.197915 0.301791 -0.864823 0
0.457383 -0.002944 -0.800231 0
0.536426 -0.023846 -0.853543 0
0.591278 -0.014645 -0.858706 0
0.648922 0.041838 -0.828086 0
0.482445 0.027239 -0.822639 0
0.525270 0.040056 -0.837849 0
0.571282 0.050096 -0.844246 0
0.615229 0.057170 -0.840469 0
0.488509 -0.006411 -0.788977 0
0.533633 0.001616 -0.793424 0
0.581360 0.009878 -0.801476 0
0.624518 0.021740 -0.810187 0
0.498699 0.017717 -0.805407 0
0.531433 0.024598 -0.812428 0
0.571185 0.031183 -0.819447 0
0.603983 0.037707 -0.822248 0
0.200646 -0.572928 -0.958902 0
0.242928 -0.573422 -0.950741 0
0.185888 -0.528311 -0.959509 0
0.226687 -0.530391 -0.950768 0
0.195828 -0.575028 -0.910355 0
0.274097 -0.570376 -0.926433 0
0.178936 -0.529555 -0.911530 0
0.255696 -0.528218 -0.926319 0
0.198954 -0.577167 -0.890604 0
0.281661 -0.569031 -0.892793 0
0.181884 -0.531690 -0.891764 0
0.262115 -0.526280 -0.893517 0
0.216286 -0.577473 -0.847527 0
0.259596 -0.572481 -0.862537 0
0.200620 -0.531620 -0.848646 0
0.241416 -0.528263 -0.863762 0
0.170714 -0.481378 -0.960044 0
0.209963 -0.485891 -0.950823 0
0.156268 -0.430391 -0.960926 0
0.194108 -0.438315 -0.951283 0
0.162245 -0.482576 -0.913128 0
0.237382 -0.485964 -0.926524 0
0.147596 -0.432404 -0.915596 0
0.219672 -0.442081 -0.926997 0
0.165352 -0.484858 -0.893475 0
0.243274 -0.484049 -0.894527 0
0.150639 -0.435843 -0.896212 0
0.225450 -0.441386 -0.896349 0
0.185734 -0.485545 -0.849862 0
0.224145 -0.484158 -0.865048 0
0.172118 -0.439137 -0.852773 0
0.207795 -0.439982 -0.868017 0
-0.008232 -0.340143 -0.957831 0
0.030888 -0.345841 -0.958209 0
-0.013651 -0.286168 -0.959618 0
0.025628 -0.289755 -0.960029 0
-0.006972 -0.352577 -0.914412 0
0.032777 -0.356563 -0.914371 0
-0.011910 -0.300667 -0.915813 0
0.028720 -0.302738 -0.916050 0
-0.006071 -0.364195 -0.894946 0
0.034419 -0.367309 -0.894601 0
-0.010452 -0.314868 -0.897181 0
0.030699 -0.316048 -0.897091 0
-0.003360 -0.387224 -0.847282 0
0.040620 -0.387504 -0.846883 0
-0.005753 -0.347275 -0.848551 0
0.038763 -0.345464 -0.848561 0
0.663304 -0.132691 -0.727353 0
0.698534 -0.140508 -0.726231 0
0.647928 -0.107403 -0.719150 0
0.710343 -0.096711 -0.749533 0
0.645618 -0.078583 -0.715139 0
0.709816 -0.076380 -0.746410 0
0.657525 -0.050385 -0.715655 0
0.693918 -0.036039 -0.710868 0
0.680554 -0.122989 -0.697053 0
0.707119 -0.126731 -0.687057 0
0.674780 -0.103063 -0.686319 0
0.705999 -0.102387 -0.665739 0
0.673492 -0.078284 -0.683700 0
0.705045 -0.074059 -0.662994 0
0.676728 -0.057047 -0.689694 0
0.703969 -0.048647 -0.678507 0
0.833321 -0.126463 -0.563877 0
0.874578 -0.136346 -0.567736 0
0.920788 -0.137358 -0.569596 0
0.962162 -0.129273 -0.571410 0
0.814859 -0.099874 -0.548755 0
0.877281 -0.091477 -0.586309 0
0.913429 -0.091683 -0.584681 0
0.987667 -0.103456 -0.564844 0
0.816680 -0.066468 -0.546183 0
0.879337 -0.072093 -0.583841 0
0.915804 -0.072396 -0.582133 0
0.991962 -0.069332 -0.561144 0
0.838179 -0.038726 -0.556929 0
0.882380 -0.028039 -0.558155 0
0.931038 -0.028059 -0.559756 0
0.971907 -0.039978 -0.563054 0
0.851212 -0.121590 -0.526038 0
0.885300 -0.128451 -0.519471 0
0.928928 -0.130526 -0.520335 0
0.961580 -0.126370 -0.530829 0
0.845328 -0.098914 -0.509884 0
0.889854 -0.102125 -0.490828 0
0.939463 -0.104214 -0.490268 0
0.978136 -0.104075 -0.514870 0
0.847255 -0.067632 -0.507670 0
0.892573 -0.066800 -0.487701 0
0.943480 -0.067038 -0.485575 0
0.983253 -0.069477 -0.509869 0
0.855760 -0.044109 -0.520264 0
0.892092 -0.038173 -0.511897 0
0.937836 -0.037635 -0.511549 0
0.970931 -0.044148 -0.522307 0
0.006215 -0.704206 -0.941243 0
-0.012465 -0.669250 -0.942667 0
0.020427 -0.682354 -0.945398 0
0.037960 -0.717726 -0.944612 0
-0.022075 -0.699919 -0.933895 0
-0.041558 -0.665714 -0.935739 0
0.053219 -0.697167 -0.944394 0
0.070173 -0.733783 -0.945469 0
0.025070 -0.738375 -0.939716 0
0.055859 -0.753324 -0.943148 0
-0.029307 -0.633162 -0.942991 0
0.005043 -0.645910 -0.944157 0
-0.003550 -0.732226 -0.932908 0
-0.059756 -0.630059 -0.936985 0
0.087040 -0.711480 -0.940209 0
0.101905 -0.749701 -0.943280 0
0.086780 -0.771021 -0.944718 0
0.039030 -0.659415 -0.941305 0
0.041556 -0.771516 -0.937073 0
0.070876 -0.788318 -0.939797 0
-0.043557 -0.596042 -0.941496 0
-0.009065 -0.607069 -0.941529 0
0.012580 -0.761969 -0.931078 0
-0.075408 -0.593396 -0.937199 0
0.123706 -0.723531 -0.936053 0
0.135671 -0.764452 -0.939359 0
0.116979 -0.787732 -0.944323 0
0.075244 -0.671300 -0.936738 0
0.100255 -0.807425 -0.941726 0
0.026894 -0.618244 -0.938209 0
0.050454 -0.803398 -0.931135 0
0.076667 -0.820368 -0.933245 0
-0.056502 -0.556865 -0.940218 0
-0.020890 -0.564693 -0.939475 0
0.024592 -0.790574 -0.926829 0
-0.089385 -0.556173 -0.936922 0
0.161208 -0.733027 -0.932819 0
0.170853 -0.775753 -0.935341 0
0.148208 -0.803322 -0.941574 0
0.113323 -0.681774 -0.932725 0
0.129826 -0.825874 -0.941929 0
0.064271 -0.628814 -0.934252 0
0.104157 -0.839605 -0.935249 0
0.015907 -0.574287 -0.935784 0
-0.071174 -0.516320 -0.938438 0
-0.035109 -0.521053 -0.936869 0
-0.104546 -0.518540 -0.935985 0
0.197218 -0.741832 -0.930803 0
0.205299 -0.785277 -0.932743 0
0.181105 -0.816481 -0.937992 0
0.151680 -0.690510 -0.930212 0
0.159772 -0.842409 -0.940586 0
0.102878 -0.638872 -0.931174 0
0.133117 -0.859353 -0.935766 0
0.053305 -0.584541 -0.932504 0
0.002151 -0.529117 -0.933763 0
-0.086742 -0.475550 -0.935835 0
-0.050237 -0.477858 -0.934579 0
-0.120788 -0.480148 -0.934417 0
0.231107 -0.749196 -0.930706 0
0.237943 -0.794294 -0.932152 0
0.214110 -0.828242 -0.934877 0
0.188649 -0.698657 -0.929576 0
0.190442 -0.856752 -0.938059 0
0.141287 -0.647976 -0.929625 0
0.163118 -0.877979 -0.935655 0
0.091260 -0.594864 -0.930829 0
0.039981 -0.538928 -0.931525 0
-0.012259 -0.484029 -0.932455 0
-0.102611 -0.433748 -0.934273 0
-0.065165 -0.433912 -0.933580 0
-0.137729 -0.440100 -0.933403 0
0.265854 -0.753571 -0.932143 0
0.271325 -0.800382 -0.933052 0
0.245764 -0.838725 -0.933640 0
0.223900 -0.704985 -0.930088 0
0.221638 -0.869834 -0.935731 0
0.178950 -0.655859 -0.929387 0
0.193827 -0.894711 -0.934629 0
0.129430 -0.604361 -0.930278 0
0.078195 -0.549206 -0.931144 0
0.026116 -0.492423 -0.931116 0
-0.026217 -0.438136 -0.932160 0
-0.117686 -0.389081 -0.933760 0
-0.078849 -0.388024 -0.933420 0
-0.154254 -0.395472 -0.933258 0
0.278644 -0.846850 -0.934121 0
0.259898 -0.707850 -0.931222 0
0.251631 -0.879970 -0.934028 0
0.215328 -0.661908 -0.930186 0
0.223877 -0.909355 -0.933974 0
0.166907 -0.612575 -0.930294 0
0.116135 -0.559122 -0.931063 0
0.064375 -0.501930 -0.931443 0
0.012820 -0.444770 -0.931280 0
-0.038704 -0.390506 -0.932515 0
-0.130934 -0.339986 -0.934340 0
-0.089819 -0.339265 -0.933577 0
-0.172094 -0.340532 -0.934984 0
0.283026 -0.888456 -0.934543 0
0.251107 -0.663369 -0.930506 0
0.252142 -0.918969 -0.933330 0
0.203072 -0.618726 -0.930991 0
0.152979 -0.568112 -0.931382 0
0.101894 -0.512002 -0.931993 0
0.051046 -0.453092 -0.931473 0
0.001161 -0.395362 -0.932018 0
-0.048402 -0.340391 -0.933246 0
-0.135939 -0.287309 -0.935725 0
-0.095577 -0.287911 -0.934503 0
-0.173908 -0.283430 -0.937239 0
0.278960 -0.921996 -0.933887 0
0.238163 -0.619618 -0.930461 0
0.188404 -0.574944 -0.931859 0
0.137958 -0.521784 -0.932531 0
0.087853 -0.462752 -0.932377 0
0.039474 -0.402186 -0.932264 0
-0.007679 -0.343603 -0.933130 0
-0.054075 -0.288470 -0.933978 0
-0.138584 -0.236579 -0.937797 0
-0.098327 -0.237976 -0.936748 0
-0.211901 -0.315248 -0.936803 0
-0.210348 -0.269565 -0.939026 0
-0.176905 -0.232497 -0.939879 0
0.222495 -0.576075 -0.930747 0
0.172401 -0.529714 -0.932950 0
0.122935 -0.472865 -0.933746 0
0.075792 -0.410681 -0.933108 0
0.031191 -0.348568 -0.933434 0
-0.012888 -0.290210 -0.934404 0
-0.056768 -0.238264 -0.935976 0
-0.141044 -0.191817 -0.942062 0
-0.099954 -0.193475 -0.941192 0
-0.248432 -0.297228 -0.939526 0
-0.247353 -0.255944 -0.942044 0
-0.214452 -0.223770 -0.942299 0
-0.180845 -0.188148 -0.944088 0
0.205514 -0.532020 -0.931371 0
0.156248 -0.481857 -0.934208 0
0.109914 -0.420344 -0.935204 0
0.067571 -0.355189 -0.934708 0
0.026702 -0.293123 -0.934802 0
-0.015170 -0.238985 -0.936094 0
-0.057858 -0.193934 -0.940181 0
-0.144030 -0.152792 -0.947610 0
-0.101679 -0.154600 -0.946997 0
-0.285203 -0.284244 -0.944152 0
-0.286028 -0.245155 -0.947483 0
-0.253035 -0.214011 -0.945625 0
-0.220514 -0.181938 -0.946484 0
-0.185623 -0.149416 -0.949037 0
0.188320 -0.485944 -0.932226 0
0.141848 -0.429908 -0.936086 0
0.101218 -0.363279 -0.937103 0
0.064286 -0.297196 -0.936283 0
0.025514 -0.239957 -0.936564 0
-0.015621 -0.194102 -0.939987 0
-0.058646 -0.155444 -0.946290 0
-0.147565 -0.117646 -0.951782 0
-0.103825 -0.119849 -0.951119 0
-0.324209 -0.275232 -0.948818 0
-0.327304 -0.237533 -0.953187 0
-0.293858 -0.205772 -0.951327 0
-0.261279 -0.174805 -0.949700 0
-0.227457 -0.144350 -0.951039 0
-0.190983 -0.114219 -0.952774 0
0.172543 -0.436010 -0.933743 0
0.132134 -0.372268 -0.937528 0
0.099654 -0.301982 -0.938772 0
0.065408 -0.240968 -0.938871 0
0.026281 -0.193890 -0.940723 0
-0.015420 -0.155441 -0.946187 0
-0.059662 -0.121069 -0.950930 0
-0.151552 -0.084414 -0.953607 0
-0.106445 -0.087172 -0.953201 0
-0.367357 -0.262971 -0.950389 0
-0.372920 -0.227926 -0.956169 0
-0.337518 -0.200204 -0.957017 0
-0.304034 -0.168729 -0.954407 0
-0.270254 -0.138974 -0.953465 0
-0.234464 -0.109683 -0.953987 0
-0.196469 -0.080609 -0.954251 0
0.161737 -0.380080 -0.935210 0
0.132434 -0.307869 -0.939535 0
0.105302 -0.241554 -0.941891 0
0.067876 -0.193068 -0.942534 0
0.027785 -0.154768 -0.946761 0
-0.015271 -0.121126 -0.951047 0
-0.061037 -0.088785 -0.953233 0
-0.155658 -0.051808 -0.952560 0
-0.109320 -0.055203 -0.952378 0
-0.415270 -0.249331 -0.949053 0
-0.422639 -0.217408 -0.956303 0
-0.385282 -0.194024 -0.960314 0
-0.349711 -0.164241 -0.959673 0
-0.314763 -0.134482 -0.957006 0
-0.278576 -0.105315 -0.956080 0
-0.241380 -0.076283 -0.955208 0
-0.201820 -0.047394 -0.953170 0
0.162573 -0.316538 -0.937799 0
0.145728 -0.240557 -0.944522 0
0.110145 -0.191302 -0.945222 0
0.070966 -0.153267 -0.948051 0
0.029169 -0.120322 -0.951685 0
-0.015435 -0.089069 -0.953397 0
-0.062708 -0.057287 -0.952528 0
-0.159170 -0.018699 -0.949111 0
-0.111927 -0.022868 -0.948853 0
-0.470831 -0.231991 -0.947899 0
-0.476784 -0.206668 -0.956206 0
-0.435392 -0.187104 -0.961948 0
-0.398574 -0.160835 -0.962194 0
-0.361387 -0.131315 -0.960879 0
-0.323972 -0.102153 -0.958723 0
-0.286516 -0.072436 -0.956998 0
-0.248044 -0.043046 -0.954052 0
-0.206157 -0.013727 -0.949761 0
0.188590 -0.231123 -0.944927 0
0.153934 -0.188038 -0.948736 0
0.114669 -0.150896 -0.950231 0
0.073770 -0.118566 -0.952769 0
0.030253 -0.088226 -0.954040 0
-0.015938 -0.057884 -0.952715 0
-0.064402 -0.025484 -0.948967 0
-0.161016 0.016575 -0.945129 0
-0.113419 0.011436 -0.944320 0
-0.527663 -0.222493 -0.947792 0
-0.532670 -0.201130 -0.957316 0
-0.488226 -0.182163 -0.962916 0
-0.448088 -0.159259 -0.964562 0
-0.409695 -0.129910 -0.962672 0
-0.371019 -0.100479 -0.961301 0
-0.332326 -0.070634 -0.959245 0
-0.294278 -0.039360 -0.955889 0
-0.253664 -0.009528 -0.950675 0
-0.207650 0.021681 -0.945473 0
0.200298 -0.179723 -0.952187 0
0.159623 -0.147727 -0.953316 0
0.118743 -0.116346 -0.954466 0
0.076018 -0.086361 -0.954930 0
0.030918 -0.057089 -0.953326 0
-0.016855 -0.026479 -0.949167 0
-0.065613 0.008186 -0.943767 0
-0.159915 0.056312 -0.941025 0
-0.112879 0.049846 -0.939966 0
-0.583131 -0.219060 -0.947836 0
-0.587192 -0.199417 -0.958288 0
-0.541800 -0.180121 -0.964176 0
-0.498497 -0.158408 -0.966043 0
-0.458860 -0.129677 -0.964698 0
-0.419271 -0.100431 -0.962561 0
-0.379404 -0.070651 -0.961006 0
-0.340227 -0.039331 -0.958132 0
-0.301688 -0.005591 -0.952334 0
-0.255013 0.024067 -0.945398 0
-0.204052 0.061419 -0.941760 0
0.253466 -0.160898 -0.955836 0
0.252611 -0.191546 -0.948602 0
0.206624 -0.142172 -0.956797 0
0.164525 -0.114107 -0.956690 0
0.121929 -0.084528 -0.956258 0
0.077759 -0.055167 -0.954111 0
0.030734 -0.025882 -0.949880 0
-0.018206 0.006814 -0.944030 0
-0.065426 0.045811 -0.938640 0
-0.154857 0.101389 -0.937505 0
-0.108884 0.093692 -0.936672 0
-0.635656 -0.218426 -0.948532 0
-0.639152 -0.198724 -0.959549 0
-0.594178 -0.179864 -0.965251 0
-0.550282 -0.157175 -0.966629 0
-0.508813 -0.130110 -0.965616 0
-0.468803 -0.101194 -0.964090 0
-0.427346 -0.071941 -0.961982 0
-0.386864 -0.041349 -0.959740 0
-0.348106 -0.008100 -0.954354 0
-0.306574 0.029771 -0.946428 0
-0.246179 0.058584 -0.941039 0
-0.199537 0.109934 -0.939356 0
0.311587 -0.150895 -0.959322 0
0.312940 -0.175649 -0.951893 0
0.257675 -0.132427 -0.960439 0
0.212139 -0.110806 -0.959397 0
0.168524 -0.083702 -0.957891 0
0.124590 -0.053708 -0.955268 0
0.078489 -0.023901 -0.950248 0
0.028891 0.007256 -0.944944 0
-0.019244 0.044485 -0.938856 0
-0.062347 0.089167 -0.935586 0
-0.141351 0.148826 -0.934209 0
-0.099132 0.141567 -0.934091 0
-0.684130 -0.218036 -0.948457 0
-0.687764 -0.197587 -0.959402 0
-0.645314 -0.178948 -0.966205 0
-0.601780 -0.157872 -0.967239 0
-0.559398 -0.130332 -0.966013 0
-0.518065 -0.101808 -0.965052 0
-0.476446 -0.073603 -0.963429 0
-0.434201 -0.044004 -0.960651 0
-0.394296 -0.012565 -0.955690 0
-0.355876 0.023928 -0.948654 0
-0.288252 0.061793 -0.940687 0
-0.240650 0.098114 -0.940004 0
-0.179991 0.160796 -0.935035 0
0.371488 -0.147854 -0.960768 0
0.373168 -0.171673 -0.954065 0
0.313260 -0.126420 -0.963310 0
0.262274 -0.105788 -0.962106 0
0.216628 -0.082400 -0.959900 0
0.171966 -0.054862 -0.956909 0
0.126468 -0.022915 -0.950639 0
0.075894 0.009100 -0.944005 0
0.024813 0.045323 -0.940104 0
-0.017350 0.088462 -0.935780 0
-0.054625 0.137934 -0.934582 0
-0.126526 0.195768 -0.932996 0
-0.086230 0.189768 -0.933190 0
-0.727894 -0.217257 -0.947995 0
-0.732876 -0.196197 -0.958681 0
-0.694439 -0.177530 -0.966456 0
-0.653039 -0.156111 -0.967827 0
-0.610113 -0.132490 -0.966455 0
-0.568083 -0.102534 -0.965668 0
-0.525597 -0.073932 -0.964437 0
-0.482492 -0.045835 -0.962188 0
-0.440876 -0.016640 -0.956365 0
-0.401664 0.016782 -0.948937 0
-0.276258 0.094275 -0.939463 0
-0.163824 0.207352 -0.933154 0
0.431584 -0.147388 -0.959124 0
0.433309 -0.171411 -0.953175 0
0.371061 -0.124074 -0.964150 0
0.315769 -0.102434 -0.964144 0
0.266414 -0.080312 -0.961900 0
0.220537 -0.055522 -0.958607 0
0.175351 -0.027095 -0.952297 0
0.124625 0.009815 -0.941847 0
0.065308 0.047335 -0.938710 0
0.024406 0.090724 -0.936495 0
-0.010634 0.138140 -0.934669 0
-0.043349 0.187899 -0.933858 0
-0.111219 0.239639 -0.933038 0
-0.071918 0.235658 -0.933029 0
-0.765721 -0.215178 -0.946428 0
-0.774422 -0.193631 -0.956453 0
-0.741376 -0.176181 -0.965781 0
-0.703154 -0.154493 -0.968158 0
-0.661768 -0.129391 -0.966680 0
-0.618333 -0.104751 -0.965954 0
-0.575427 -0.074695 -0.965360 0
-0.531704 -0.046545 -0.963336 0
-0.488434 -0.019015 -0.957928 0
-0.446922 0.011069 -0.948785 0
-0.147933 0.249522 -0.932363 0
0.490872 -0.146523 -0.954658 0
0.492440 -0.171782 -0.949406 0
0.429781 -0.123276 -0.961847 0
0.371414 -0.100849 -0.964254 0
0.318332 -0.078961 -0.963172 0
0.270104 -0.055571 -0.960150 0
0.224601 -0.029810 -0.953680 0
0.179351 0.000450 -0.943567 0
0.101898 0.051153 -0.934965 0
0.061370 0.094415 -0.935230 0
0.030006 0.141504 -0.934544 0
-0.000288 0.189165 -0.933814 0
-0.030118 0.235883 -0.932830 0
-0.095612 0.280804 -0.933619 0
-0.056999 0.279365 -0.932838 0
-0.799740 -0.213738 -0.944345 0
-0.813602 -0.194853 -0.952751 0
-0.786396 -0.174435 -0.963963 0
-0.752003 -0.153494 -0.968111 0
-0.713010 -0.127311 -0.967230 0
-0.669763 -0.101902 -0.966295 0
-0.625356 -0.076897 -0.965684 0
-0.581530 -0.047114 -0.964274 0
-0.537103 -0.019927 -0.959214 0
-0.493219 0.007902 -0.949968 0
-0.131453 0.288503 -0.932278 0
0.548479 -0.149817 -0.950620 0
0.549319 -0.176638 -0.945634 0
0.488306 -0.122806 -0.956760 0
0.428331 -0.100147 -0.961211 0
0.372144 -0.078384 -0.962717 0
0.320881 -0.055842 -0.960860 0
0.273670 -0.031406 -0.955280 0
0.229245 -0.003823 -0.945087 0
0.095266 0.098778 -0.932138 0
0.066457 0.146034 -0.934055 0
0.040216 0.193020 -0.933564 0
0.012223 0.238548 -0.932802 0
-0.016205 0.281817 -0.931984 0
-0.079933 0.320637 -0.934835 0
-0.042114 0.321948 -0.933777 0
-0.828149 -0.177271 -0.960432 0
-0.799504 -0.152741 -0.967685 0
-0.763406 -0.127585 -0.968278 0
-0.721713 -0.100483 -0.967203 0
-0.676583 -0.074294 -0.966141 0
-0.631370 -0.047975 -0.964749 0
-0.586470 -0.020209 -0.960092 0
-0.540958 0.006788 -0.951064 0
-0.114821 0.325962 -0.932728 0
0.602578 -0.156998 -0.946695 0
0.602239 -0.187041 -0.941715 0
0.545889 -0.125006 -0.952440 0
0.485655 -0.100019 -0.955959 0
0.427374 -0.078152 -0.959615 0
0.373126 -0.056380 -0.960048 0
0.323283 -0.032956 -0.955947 0
0.277575 -0.006357 -0.946891 0
0.100787 0.149338 -0.931907 0
0.077370 0.197671 -0.933459 0
0.052788 0.242982 -0.932550 0
0.025171 0.286117 -0.932005 0
-0.002593 0.326550 -0.931719 0
-0.065218 0.360468 -0.936362 0
-0.028390 0.364633 -0.935238 0
-0.842834 -0.157359 -0.966061 0
-0.812749 -0.127707 -0.968895 0
-0.773656 -0.101185 -0.968883 0
-0.728610 -0.073883 -0.967247 0
-0.681997 -0.046918 -0.965038 0
-0.636142 -0.020432 -0.960515 0
-0.589781 0.006685 -0.951745 0
-0.099109 0.363196 -0.933203 0
0.652216 -0.167565 -0.943002 0
0.650573 -0.202312 -0.937706 0
0.600550 -0.129346 -0.948651 0
0.542893 -0.101194 -0.952437 0
0.483450 -0.078092 -0.954307 0
0.426904 -0.056702 -0.957043 0
0.374207 -0.034419 -0.955206 0
0.326004 -0.008766 -0.948016 0
0.112901 0.199702 -0.932046 0
0.090699 0.247644 -0.932797 0
0.065401 0.291149 -0.931316 0
0.037232 0.332404 -0.930603 0
0.009604 0.371240 -0.932160 0
-0.052130 0.400559 -0.937494 0
-0.016798 0.408338 -0.937065 0
-0.857768 -0.133157 -0.969500 0
-0.824601 -0.102874 -0.970640 0
-0.780995 -0.075406 -0.968815 0
-0.733457 -0.047426 -0.965767 0
-0.686326 -0.020081 -0.960716 0
-0.639315 0.006818 -0.952074 0
-0.084836 0.400571 -0.933462 0
0.697756 -0.180169 -0.939200 0
0.695097 -0.220144 -0.933730 0
0.650940 -0.135486 -0.945477 0
0.598111 -0.103094 -0.949592 0
0.540256 -0.077967 -0.951240 0
0.481866 -0.056531 -0.952097 0
0.426653 -0.035157 -0.952720 0
0.375572 -0.010764 -0.948046 0
0.127299 0.249029 -0.932272 0
0.103389 0.295926 -0.931720 0
0.076205 0.338025 -0.929956 0
0.047611 0.378166 -0.930002 0
0.019454 0.416395 -0.933748 0
-0.039081 0.440357 -0.938484 0
-0.004893 0.450914 -0.938799 0
-0.871616 -0.108490 -0.972576 0
-0.832566 -0.078113 -0.970795 0
-0.784842 -0.049730 -0.966945 0
-0.736773 -0.021115 -0.961096 0
-0.689450 0.006870 -0.952263 0
-0.070756 0.438002 -0.933203 0
0.739640 -0.192664 -0.936095 0
0.736886 -0.237822 -0.930514 0
0.697369 -0.142879 -0.942523 0
0.649569 -0.105705 -0.947047 0
0.595844 -0.077621 -0.949176 0
0.537980 -0.055192 -0.949755 0
0.480460 -0.034739 -0.949189 0
0.426610 -0.011695 -0.946742 0
0.140544 0.297553 -0.932156 0
0.113469 0.342997 -0.930577 0
0.084611 0.384326 -0.929173 0
0.056192 0.423930 -0.930322 0
0.029428 0.460476 -0.935961 0
-0.024394 0.477750 -0.938936 0
0.009619 0.489790 -0.940704 0
-0.880656 -0.082238 -0.973243 0
-0.835005 -0.053223 -0.968261 0
-0.786173 -0.023976 -0.961586 0
-0.739607 0.005840 -0.952789 0
-0.054627 0.474927 -0.932158 0
0.778169 -0.203328 -0.934312 0
0.776315 -0.252766 -0.928337 0
0.740332 -0.150367 -0.940752 0
0.697348 -0.109027 -0.945125 0
0.648141 -0.077337 -0.946947 0
0.593518 -0.052753 -0.947856 0
0.535664 -0.032375 -0.948029 0
0.479050 -0.011044 -0.944776 0
0.150414 0.345371 -0.932145 0
0.119897 0.389490 -0.929558 0
0.091603 0.430504 -0.928890 0
0.064760 0.469165 -0.931804 0
0.042203 0.502078 -0.938821 0
-0.006947 0.513324 -0.937957 0
0.025384 0.525389 -0.940992 0
-0.882461 -0.055383 -0.970296 0
-0.832898 -0.028280 -0.961765 0
-0.787802 0.003203 -0.953439 0
-0.035767 0.510253 -0.930478 0
0.813410 -0.211287 -0.932427 0
0.812988 -0.262830 -0.926517 0
0.779964 -0.156930 -0.940400 0
0.741992 -0.112589 -0.944345 0
0.697125 -0.077702 -0.945548 0
0.646244 -0.049852 -0.945456 0
0.590795 -0.027948 -0.946550 0
0.533010 -0.007813 -0.944813 0
0.155861 0.392652 -0.931955 0
0.125271 0.436284 -0.929237 0
0.098705 0.476717 -0.929438 0
0.075335 0.512849 -0.934505 0
0.057649 0.540241 -0.940856 0
0.012414 0.547875 -0.936665 0
0.043408 0.560908 -0.940037 0
-0.877291 -0.030186 -0.963222 0
-0.830930 -0.000990 -0.953765 0
-0.015569 0.543724 -0.929194 0
0.846012 -0.216553 -0.928489 0
0.845413 -0.266135 -0.924431 0
0.816400 -0.162850 -0.939838 0
0.783515 -0.115883 -0.944647 0
0.743497 -0.078617 -0.945179 0
0.695905 -0.047765 -0.943478 0
0.643464 -0.022369 -0.943620 0
0.587253 -0.001296 -0.944165 0
0.159535 0.440049 -0.931734 0
0.131061 0.483240 -0.929462 0
0.107730 0.522003 -0.930975 0
0.088853 0.554144 -0.937865 0
0.074900 0.577607 -0.941130 0
0.031001 0.581856 -0.935585 0
0.061156 0.596833 -0.938372 0
-0.868402 -0.005377 -0.955387 0
0.003108 0.575418 -0.928291 0
0.879172 -0.220528 -0.927021 0
0.875253 -0.262411 -0.924241 0
0.850121 -0.168564 -0.937625 0
0.821455 -0.119836 -0.945165 0
0.787441 -0.079449 -0.945993 0
0.743343 -0.046899 -0.942325 0
0.693094 -0.017664 -0.940718 0
0.639697 0.007286 -0.941658 0
0.164139 0.487618 -0.931650 0
0.138831 0.530078 -0.930114 0
0.119420 0.565533 -0.934178 0
0.104803 0.594000 -0.940798 0
0.091175 0.615148 -0.940454 0
0.046783 0.615019 -0.933472 0
0.075321 0.632399 -0.936162 0
0.018705 0.604822 -0.926476 0
0.883633 -0.174433 -0.935528 0
0.856324 -0.126588 -0.944381 0
0.827560 -0.081119 -0.947153 0
0.789400 -0.046385 -0.942246 0
0.739503 -0.015252 -0.939432 0
0.689739 0.015115 -0.938903 0
0.170631 0.535214 -0.931546 0
0.149353 0.575838 -0.932061 0
0.133308 0.607336 -0.938509 0
0.119761 0.632508 -0.942005 0
0.103865 0.652034 -0.937867 0
0.054915 0.646472 -0.927111 0
0.080304 0.664172 -0.929283 0
0.029863 0.633054 -0.921953 0
0.890982 -0.133437 -0.943186 0
0.862373 -0.090324 -0.947191 0
0.835268 -0.043371 -0.943467 0
0.782431 -0.014840 -0.938923 0
0.736381 0.020128 -0.937005 0
0.180222 0.582236 -0.932155 0
0.162597 0.619581 -0.935330 0
0.147469 0.647021 -0.941566 0
0.131538 0.671023 -0.940279 0
0.106864 0.684266 -0.930653 0
0.896931 -0.099871 -0.946885 0
0.870531 -0.056305 -0.946056 0
0.823593 -0.010591 -0.936720 0
0.777220 0.021698 -0.935057 0
0.192441 0.627781 -0.933681 0
0.175607 0.660365 -0.938802 0
0.158169 0.686704 -0.941392 0
0.133634 0.704633 -0.933040 0
0.900477 -0.070325 -0.946499 0
0.813024 0.021406 -0.934280 0
0.204798 0.671308 -0.936233 0
0.184376 0.699604 -0.939765 0
0.160253 0.722567 -0.935456 0
0.211153 0.710650 -0.937283 0
0.185716 0.736054 -0.936535 0
0.209122 0.742467 -0.935672 0
-0.030480 -0.699876 -0.913979 0
-0.050544 -0.665902 -0.916466 0
-0.011738 -0.732178 -0.912610 0
-0.069456 -0.630700 -0.918705 0
-0.030103 -0.699749 -0.893968 0
-0.050476 -0.666236 -0.897103 0
0.004899 -0.763031 -0.911069 0
-0.010972 -0.731870 -0.892302 0
-0.085607 -0.594814 -0.919826 0
-0.069553 -0.631509 -0.900208 0
-0.020414 -0.699178 -0.874782 0
-0.040978 -0.665845 -0.878580 0
0.020446 -0.795603 -0.909287 0
0.005503 -0.762614 -0.891645 0
-0.001199 -0.730977 -0.872772 0
-0.100190 -0.558506 -0.919915 0
-0.086370 -0.596328 -0.901843 0
-0.060484 -0.631796 -0.881998 0
0.020917 -0.794976 -0.891590 0
0.015038 -0.760434 -0.872744 0
-0.116251 -0.522210 -0.919109 0
-0.101560 -0.561114 -0.902123 0
-0.077830 -0.597654 -0.883659 0
0.026790 -0.788841 -0.875282 0
-0.133870 -0.485869 -0.917745 0
-0.118313 -0.526123 -0.901196 0
-0.093449 -0.563555 -0.883913 0
-0.152004 -0.448486 -0.916791 0
-0.136636 -0.491459 -0.899525 0
-0.110175 -0.529379 -0.882604 0
-0.169444 -0.408141 -0.916474 0
-0.155604 -0.456024 -0.898197 0
-0.128429 -0.495164 -0.880223 0
-0.185685 -0.361849 -0.916878 0
-0.173971 -0.418121 -0.897312 0
-0.146949 -0.459415 -0.878594 0
-0.191340 -0.375521 -0.897270 0
-0.165286 -0.420307 -0.877481 0
-0.185601 -0.374751 -0.876628 0
0.928229 -0.079255 -0.819944 0
0.924270 -0.056519 -0.816369 0
0.920637 -0.058761 -0.774733 0
0.926452 -0.077352 -0.777596 0
0.922527 -0.101848 -0.822568 0
0.922172 -0.095564 -0.780100 0
0.931996 -0.083154 -0.854135 0
0.930028 -0.053948 -0.850970 0
0.922188 -0.059395 -0.726739 0
0.929616 -0.076346 -0.728742 0
0.908800 -0.123751 -0.821811 0
0.908989 -0.113328 -0.780652 0
0.925427 -0.114058 -0.856164 0
0.926474 -0.093063 -0.731223 0
0.933781 -0.088862 -0.881556 0
0.933185 -0.052769 -0.880436 0
0.928641 -0.058160 -0.676217 0
0.937500 -0.075343 -0.677580 0
0.911781 -0.145396 -0.854652 0
0.913647 -0.109288 -0.732955 0
0.927627 -0.130351 -0.881049 0
0.934993 -0.092328 -0.679982 0
0.929411 -0.093490 -0.905319 0
0.929787 -0.056047 -0.906559 0
0.938279 -0.056182 -0.627215 0
0.948312 -0.074463 -0.627820 0
0.915351 -0.183616 -0.879077 0
0.921819 -0.108641 -0.682330 0
0.924097 -0.135635 -0.902950 0
0.945696 -0.092572 -0.630272 0
0.915928 -0.097471 -0.925942 0
0.917378 -0.062331 -0.927801 0
0.946800 -0.055432 -0.582949 0
0.956801 -0.074615 -0.581092 0
0.916614 -0.187255 -0.898674 0
0.931741 -0.109966 -0.633361 0
0.910527 -0.135334 -0.922842 0
0.954128 -0.093037 -0.583728 0
0.948242 -0.058057 -0.545983 0
0.955697 -0.075616 -0.538071 0
0.912517 -0.248564 -0.895188 0
0.912860 -0.257963 -0.877978 0
0.903142 -0.180803 -0.916610 0
0.940239 -0.111082 -0.589405 0
0.953001 -0.093430 -0.540872 0
0.906471 -0.303482 -0.898153 0
0.910627 -0.307273 -0.882344 0
0.898187 -0.234074 -0.909948 0
0.942060 -0.109804 -0.552070 0
0.890949 -0.283812 -0.910586 0
0.893652 -0.045970 -0.816518 0
0.890364 -0.051707 -0.775855 0
0.858785 -0.039318 -0.817346 0
0.856263 -0.048761 -0.778765 0
0.899231 -0.037766 -0.849140 0
0.891480 -0.053970 -0.727743 0
0.818198 -0.036452 -0.818000 0
0.817836 -0.047624 -0.783313 0
0.863970 -0.024407 -0.847270 0
0.857604 -0.052708 -0.731783 0
0.902369 -0.029722 -0.876113 0
0.896702 -0.052894 -0.676547 0
0.772374 -0.033918 -0.820162 0
0.775068 -0.045394 -0.790047 0
0.821331 -0.018703 -0.843273 0
0.820833 -0.052534 -0.739529 0
0.867928 -0.003753 -0.870600 0
0.862017 -0.051970 -0.680246 0
0.899534 -0.032923 -0.901182 0
0.905184 -0.050928 -0.627121 0
0.720994 -0.030951 -0.822314 0
0.727181 -0.042050 -0.796624 0
0.773395 -0.016307 -0.842716 0
0.781072 -0.050698 -0.751927 0
0.822966 0.004606 -0.860731 0
0.825771 -0.052761 -0.689137 0
0.867317 -0.009544 -0.894983 0
0.869147 -0.050222 -0.629877 0
0.886831 -0.042507 -0.923493 0
0.915642 -0.049916 -0.581419 0
0.661338 -0.028786 -0.821829 0
0.674319 -0.040262 -0.799902 0
0.722975 -0.016253 -0.843504 0
0.737233 -0.048626 -0.764531 0
0.772984 0.006068 -0.859768 0
0.788241 -0.052747 -0.708381 0
0.829596 -0.053670 -0.635991 0
0.854172 -0.025269 -0.917942 0
0.883512 -0.049671 -0.583407 0
0.922668 -0.054108 -0.539132 0
0.606756 -0.037418 -0.822128 0
0.621724 -0.046063 -0.800699 0
0.669946 -0.019312 -0.845041 0
0.688828 -0.048598 -0.773546 0
0.724003 0.002058 -0.862268 0
0.749076 -0.052347 -0.727073 0
0.789653 -0.056498 -0.666364 0
0.849604 -0.053910 -0.585463 0
0.894430 -0.054208 -0.541040 0
0.551552 -0.042684 -0.820230 0
0.568352 -0.052597 -0.804118 0
0.637899 -0.056807 -0.776735 0
0.677002 -0.009294 -0.866319 0
0.708824 -0.053891 -0.741873 0
0.753883 -0.057859 -0.689582 0
0.865616 -0.057373 -0.547219 0
0.499018 -0.053633 -0.812645 0
0.521481 -0.064497 -0.801930 0
0.584068 -0.065273 -0.785003 0
0.670380 -0.060826 -0.746954 0
0.720934 -0.060111 -0.706662 0
0.542810 -0.075041 -0.787044 0
0.690188 -0.065414 -0.715817 0
0.874891 -0.131495 -0.824851 0
0.876037 -0.118116 -0.784965 0
0.839304 -0.137510 -0.828888 0
0.842024 -0.122022 -0.791565 0
0.876401 -0.157000 -0.854239 0
0.881011 -0.112805 -0.736812 0
0.801024 -0.141818 -0.832820 0
0.805671 -0.125676 -0.798642 0
0.838251 -0.164527 -0.855254 0
0.847574 -0.115144 -0.744395 0
0.878363 -0.195762 -0.872190 0
0.888710 -0.111865 -0.684829 0
0.760070 -0.144817 -0.835740 0
0.766569 -0.129518 -0.805722 0
0.797846 -0.167782 -0.857480 0
0.812652 -0.117578 -0.754488 0
0.837732 -0.200870 -0.871740 0
0.854983 -0.113463 -0.691047 0
0.898096 -0.113224 -0.634645 0
0.716340 -0.146841 -0.837220 0
0.724307 -0.133774 -0.810853 0
0.755520 -0.167179 -0.858488 0
0.775608 -0.120628 -0.767285 0
0.795348 -0.198622 -0.875155 0
0.820786 -0.114296 -0.701608 0
0.863330 -0.113715 -0.638422 0
0.908798 -0.114076 -0.588811 0
0.669813 -0.148140 -0.837938 0
0.678919 -0.137617 -0.813779 0
0.710767 -0.164386 -0.858358 0
0.735592 -0.124840 -0.778182 0
0.751903 -0.192189 -0.876126 0
0.785659 -0.115654 -0.721360 0
0.826260 -0.111538 -0.644216 0
0.877789 -0.113959 -0.590697 0
0.916599 -0.111992 -0.545489 0
0.621101 -0.148946 -0.837738 0
0.631861 -0.140542 -0.815094 0
0.663304 -0.160493 -0.858322 0
0.692079 -0.128397 -0.785271 0
0.706807 -0.183375 -0.875805 0
0.749178 -0.118066 -0.738984 0
0.788569 -0.111009 -0.675410 0
0.845562 -0.110294 -0.591514 0
0.889510 -0.111236 -0.546844 0
0.569723 -0.149530 -0.839761 0
0.583175 -0.142609 -0.820505 0
0.612577 -0.156578 -0.856821 0
0.644668 -0.129409 -0.787452 0
0.659233 -0.172397 -0.876458 0
0.711735 -0.120058 -0.751568 0
0.754692 -0.111759 -0.698024 0
0.861976 -0.107774 -0.552020 0
0.521302 -0.148798 -0.835312 0
0.537539 -0.142293 -0.818609 0
0.557569 -0.153995 -0.857526 0
0.593782 -0.133301 -0.797306 0
0.607289 -0.162498 -0.874031 0
0.674456 -0.119199 -0.754919 0
0.723317 -0.112603 -0.713552 0
0.505313 -0.152306 -0.853700 0
0.552801 -0.134651 -0.799443 0
0.549186 -0.154027 -0.875485 0
0.693006 -0.111939 -0.721578 0
0.485959 -0.148490 -0.876184 0
0.002470 -0.423426 -0.872281 0
0.043710 -0.427257 -0.872029 0
0.036965 -0.380441 -0.874034 0
-0.004537 -0.378416 -0.874457 0
-0.040560 -0.420628 -0.871844 0
-0.048513 -0.377453 -0.874301 0
0.082601 -0.431773 -0.871607 0
0.075377 -0.382884 -0.874620 0
0.012230 -0.469094 -0.870417 0
0.053272 -0.474386 -0.870909 0
0.033731 -0.333509 -0.876567 0
-0.008149 -0.333695 -0.876704 0
-0.084452 -0.418695 -0.870933 0
-0.094248 -0.377035 -0.873422 0
-0.029508 -0.464339 -0.869837 0
-0.052619 -0.334209 -0.876060 0
0.118680 -0.436025 -0.872202 0
0.110199 -0.385962 -0.876263 0
0.092940 -0.479721 -0.870252 0
0.072616 -0.333352 -0.878213 0
0.023699 -0.514650 -0.870031 0
0.064685 -0.521107 -0.871341 0
0.033616 -0.287457 -0.875512 0
-0.009352 -0.289940 -0.874888 0
-0.127387 -0.418190 -0.871565 0
-0.140527 -0.377025 -0.873023 0
-0.071365 -0.459753 -0.869727 0
-0.098649 -0.334634 -0.874495 0
-0.016742 -0.508259 -0.869532 0
-0.054159 -0.290745 -0.874962 0
0.151561 -0.439973 -0.875099 0
0.141278 -0.388511 -0.879309 0
0.130863 -0.484653 -0.870035 0
0.107532 -0.333154 -0.881861 0
0.104973 -0.527070 -0.870243 0
0.073672 -0.284162 -0.879535 0
0.034969 -0.559533 -0.870941 0
0.076054 -0.567386 -0.871337 0
0.035452 -0.244695 -0.867287 0
-0.008883 -0.248971 -0.866213 0
-0.111665 -0.457233 -0.871583 0
-0.144204 -0.333919 -0.873532 0
-0.056578 -0.500492 -0.870207 0
-0.100102 -0.291486 -0.872765 0
-0.003762 -0.550964 -0.871818 0
-0.054543 -0.250029 -0.866362 0
0.181452 -0.441206 -0.881995 0
0.169653 -0.390010 -0.885652 0
0.166009 -0.488309 -0.872359 0
0.139439 -0.332286 -0.885786 0
0.144540 -0.531827 -0.868614 0
0.111586 -0.279749 -0.885356 0
0.117448 -0.573815 -0.869461 0
0.077539 -0.239392 -0.871972 0
0.046227 -0.603570 -0.872858 0
0.087005 -0.613601 -0.870681 0
0.039045 -0.203101 -0.855789 0
-0.007589 -0.204495 -0.857628 0
-0.186783 -0.328984 -0.873245 0
-0.094509 -0.494749 -0.873101 0
-0.145581 -0.289800 -0.871100 0
-0.041160 -0.540132 -0.873755 0
-0.100931 -0.249240 -0.866088 0
0.009061 -0.591880 -0.876174 0
-0.054554 -0.205062 -0.857306 0
0.197709 -0.488296 -0.879287 0
0.168925 -0.331269 -0.890171 0
0.181805 -0.534920 -0.870825 0
0.149715 -0.272183 -0.891246 0
0.158954 -0.578247 -0.867919 0
0.118214 -0.231413 -0.879702 0
0.129449 -0.619818 -0.868618 0
0.084031 -0.198400 -0.859681 0
0.057610 -0.644377 -0.876534 0
0.097125 -0.657170 -0.871873 0
0.042457 -0.157339 -0.849074 0
-0.006261 -0.158148 -0.849269 0
-0.226987 -0.350640 -0.880615 0
-0.226340 -0.313628 -0.873325 0
-0.188871 -0.283357 -0.869586 0
-0.076933 -0.530815 -0.877129 0
-0.147328 -0.246441 -0.863608 0
-0.025552 -0.579390 -0.878456 0
-0.101649 -0.204033 -0.859605 0
0.021155 -0.630686 -0.879328 0
-0.054937 -0.157988 -0.848539 0
0.215101 -0.533607 -0.877892 0
0.192753 -0.254836 -0.892238 0
0.198383 -0.580766 -0.869769 0
0.160549 -0.221031 -0.885693 0
0.172954 -0.624092 -0.867227 0
0.127992 -0.192049 -0.865947 0
0.140618 -0.665076 -0.868321 0
0.090329 -0.155814 -0.850477 0
0.070288 -0.682363 -0.879532 0
0.108635 -0.698127 -0.874857 0
0.044263 -0.106072 -0.846049 0
-0.006006 -0.104824 -0.846319 0
-0.261989 -0.329460 -0.885801 0
-0.262918 -0.296154 -0.877212 0
-0.230705 -0.271984 -0.868376 0
-0.192684 -0.240254 -0.861841 0
-0.060636 -0.567778 -0.879380 0
-0.149610 -0.202308 -0.853442 0
-0.013203 -0.616132 -0.878628 0
-0.103381 -0.157119 -0.849267 0
0.035255 -0.666703 -0.878324 0
-0.056232 -0.103245 -0.846266 0
0.233202 -0.578586 -0.876869 0
0.207565 -0.206020 -0.884681 0
0.214734 -0.626301 -0.869060 0
0.172212 -0.183425 -0.870768 0
0.186429 -0.669512 -0.866638 0
0.136707 -0.152838 -0.854605 0
0.150446 -0.708748 -0.869599 0
0.093996 -0.106939 -0.846468 0
0.084853 -0.718767 -0.878857 0
0.121505 -0.736081 -0.879708 0
0.043964 -0.051568 -0.843921 0
-0.007319 -0.048763 -0.845204 0
-0.295633 -0.310925 -0.893396 0
-0.297677 -0.279827 -0.886602 0
-0.270670 -0.258258 -0.872299 0
-0.237525 -0.233123 -0.860265 0
-0.197336 -0.198383 -0.851968 0
-0.046588 -0.603110 -0.878773 0
-0.151932 -0.153965 -0.848255 0
0.002348 -0.650651 -0.877126 0
-0.106150 -0.101672 -0.846462 0
0.052628 -0.701640 -0.876696 0
-0.058631 -0.046217 -0.846652 0
0.251346 -0.623838 -0.876334 0
0.258127 -0.209311 -0.890020 0
0.262057 -0.182612 -0.879912 0
0.219248 -0.172872 -0.870314 0
0.230520 -0.671695 -0.868189 0
0.183566 -0.148729 -0.854909 0
0.198381 -0.714042 -0.866716 0
0.142476 -0.107119 -0.848056 0
0.161946 -0.748500 -0.873279 0
0.094952 -0.054446 -0.843665 0
0.102826 -0.755509 -0.876239 0
0.136363 -0.774600 -0.879166 0
0.041235 -0.000413 -0.849612 0
-0.009658 0.003351 -0.848997 0
-0.333411 -0.295245 -0.900314 0
-0.335972 -0.265864 -0.896497 0
-0.308175 -0.242634 -0.885988 0
-0.280891 -0.223485 -0.864461 0
-0.244265 -0.193183 -0.851741 0
-0.200733 -0.151133 -0.847237 0
-0.030872 -0.636447 -0.877681 0
-0.155919 -0.099153 -0.846359 0
0.019842 -0.684505 -0.875254 0
-0.109599 -0.043909 -0.846801 0
0.071036 -0.736889 -0.874228 0
-0.061567 0.006589 -0.850219 0
0.268445 -0.669547 -0.876100 0
0.317917 -0.189735 -0.891651 0
0.318875 -0.169313 -0.881221 0
0.270656 -0.158334 -0.868380 0
0.230246 -0.141423 -0.857950 0
0.244402 -0.717548 -0.868017 0
0.190937 -0.106518 -0.847572 0
0.208716 -0.757777 -0.867441 0
0.144650 -0.057182 -0.846134 0
0.173621 -0.789510 -0.873630 0
0.092342 -0.005524 -0.847750 0
0.119578 -0.793056 -0.873169 0
0.151115 -0.812791 -0.873859 0
0.036778 0.044057 -0.858850 0
-0.012422 0.049553 -0.856117 0
-0.380869 -0.279892 -0.897848 0
-0.383100 -0.249989 -0.900193 0
-0.347495 -0.230666 -0.898100 0
-0.320889 -0.210930 -0.877637 0
-0.289837 -0.188379 -0.855260 0
-0.249028 -0.148864 -0.844292 0
-0.204562 -0.095969 -0.848885 0
-0.012624 -0.670160 -0.875051 0
-0.160373 -0.041396 -0.846364 0
0.038863 -0.718583 -0.871796 0
-0.113366 0.010009 -0.849688 0
0.089085 -0.773260 -0.871150 0
-0.063906 0.054340 -0.856312 0
0.283099 -0.716787 -0.876666 0
0.376912 -0.184639 -0.895014 0
0.376009 -0.165284 -0.886462 0
0.323598 -0.148061 -0.873620 0
0.280832 -0.133877 -0.855000 0
0.238835 -0.104331 -0.848585 0
0.255295 -0.764162 -0.867537 0
0.194321 -0.060235 -0.844754 0
0.217568 -0.801919 -0.866853 0
0.143674 -0.010109 -0.846421 0
0.185933 -0.829564 -0.871694 0
0.086861 0.036949 -0.855161 0
0.132741 -0.830526 -0.872786 0
0.162926 -0.850986 -0.872867 0
0.032599 0.087368 -0.866263 0
-0.014095 0.093703 -0.866275 0
-0.395438 -0.216939 -0.899390 0
-0.361661 -0.197286 -0.894161 0
-0.330652 -0.178991 -0.867405 0
-0.292232 -0.144757 -0.850171 0
-0.252424 -0.093765 -0.845513 0
-0.209830 -0.038892 -0.847392 0
0.007435 -0.704005 -0.871290 0
-0.164741 0.013263 -0.849280 0
0.058067 -0.753577 -0.869430 0
-0.116175 0.057698 -0.857627 0
0.103243 -0.809227 -0.871341 0
-0.064416 0.099651 -0.866908 0
0.293335 -0.766020 -0.877047 0
0.435966 -0.184916 -0.896160 0
0.433976 -0.164966 -0.888545 0
0.376396 -0.143595 -0.882718 0
0.329365 -0.127755 -0.860430 0
0.287514 -0.100731 -0.847631 0
0.242861 -0.062048 -0.845282 0
0.262580 -0.811868 -0.866484 0
0.194197 -0.018442 -0.847673 0
0.227221 -0.846778 -0.865340 0
0.137332 0.029552 -0.857773 0
0.195991 -0.870290 -0.870911 0
0.075610 0.079572 -0.865337 0
0.136498 -0.863212 -0.877639 0
0.167069 -0.885417 -0.878028 0
0.034101 0.131346 -0.872667 0
-0.011326 0.135505 -0.875206 0
-0.412485 -0.183448 -0.891103 0
-0.371839 -0.167430 -0.881355 0
-0.331585 -0.138951 -0.860715 0
-0.294669 -0.091731 -0.849628 0
-0.257457 -0.036270 -0.844881 0
-0.215120 0.015838 -0.848585 0
0.027260 -0.737559 -0.869580 0
-0.168064 0.060982 -0.859228 0
0.073528 -0.788221 -0.870158 0
-0.116804 0.103228 -0.867506 0
0.107366 -0.840632 -0.876149 0
-0.060850 0.140099 -0.875057 0
0.297882 -0.816556 -0.876435 0
0.494459 -0.187462 -0.893708 0
0.492132 -0.167638 -0.883793 0
0.430019 -0.142636 -0.885630 0
0.375577 -0.123222 -0.872080 0
0.332913 -0.097913 -0.851343 0
0.290168 -0.061740 -0.845213 0
0.243714 -0.022827 -0.847345 0
0.268420 -0.860281 -0.864856 0
0.194009 0.014127 -0.858416 0
0.232979 -0.889869 -0.866502 0
0.112309 0.074643 -0.870929 0
0.199155 -0.906836 -0.876733 0
0.073754 0.126405 -0.872501 0
0.042022 0.177022 -0.873542 0
-0.003648 0.178967 -0.876721 0
-0.420593 -0.152852 -0.876105 0
-0.372096 -0.132576 -0.867754 0
-0.332790 -0.090057 -0.855516 0
-0.299256 -0.034785 -0.850367 0
-0.263834 0.018221 -0.847279 0
-0.219240 0.064968 -0.855223 0
0.044052 -0.770356 -0.869953 0
-0.169293 0.107330 -0.866696 0
0.079331 -0.819753 -0.874314 0
-0.113277 0.144768 -0.873236 0
-0.052387 0.181564 -0.876794 0
0.301554 -0.867453 -0.874640 0
0.551567 -0.196674 -0.892309 0
0.551389 -0.175221 -0.882968 0
0.421974 -0.122272 -0.874293 0
0.374352 -0.095251 -0.859417 0
0.333934 -0.060717 -0.847611 0
0.290267 -0.024859 -0.848434 0
0.243811 0.007659 -0.859461 0
0.270462 -0.905220 -0.866119 0
0.233799 -0.927602 -0.874438 0
0.107011 0.121967 -0.878474 0
0.081921 0.173995 -0.874174 0
0.054550 0.221727 -0.872099 0
0.008131 0.222394 -0.874100 0
-0.413393 -0.121981 -0.859370 0
-0.371873 -0.088413 -0.857032 0
-0.337274 -0.036670 -0.854220 0
-0.307484 0.019433 -0.850579 0
-0.269009 0.065861 -0.854393 0
-0.218857 0.111394 -0.865357 0
0.052818 -0.801811 -0.873469 0
-0.166184 0.151047 -0.871861 0
-0.103488 0.186044 -0.873188 0
-0.040675 0.223391 -0.874036 0
0.303125 -0.913527 -0.875190 0
0.605026 -0.212911 -0.890259 0
0.607389 -0.187701 -0.882486 0
0.466394 -0.122544 -0.866048 0
0.416165 -0.093410 -0.862192 0
0.374404 -0.058883 -0.852212 0
0.333996 -0.024949 -0.850060 0
0.289827 0.004153 -0.862337 0
0.268069 -0.942529 -0.874974 0
0.115524 0.169433 -0.880228 0
0.096134 0.219926 -0.873146 0
0.069338 0.266068 -0.870108 0
0.021865 0.265425 -0.872051 0
-0.406801 -0.085995 -0.845537 0
-0.375020 -0.040472 -0.852983 0
-0.345898 0.011817 -0.854485 0
-0.316859 0.065309 -0.862135 0
-0.264337 0.107812 -0.865101 0
-0.216306 0.156518 -0.876254 0
-0.152925 0.191656 -0.872795 0
-0.090626 0.226007 -0.871598 0
-0.026975 0.264795 -0.871635 0
0.296911 -0.946676 -0.881270 0
0.653629 -0.235591 -0.887322 0
0.657944 -0.205339 -0.882321 0
0.456231 -0.091024 -0.856079 0
0.415231 -0.057477 -0.855852 0
0.375616 -0.024156 -0.854905 0
0.333957 0.002830 -0.864563 0
0.131178 0.215271 -0.879738 0
0.112715 0.265025 -0.871627 0
0.083481 0.310689 -0.868512 0
0.035417 0.309110 -0.870336 0
-0.409013 -0.045855 -0.841674 0
-0.384081 0.002374 -0.854235 0
-0.357754 0.047939 -0.867197 0
-0.303743 0.104086 -0.872999 0
-0.258801 0.144152 -0.879359 0
-0.194464 0.198297 -0.879385 0
-0.137570 0.230297 -0.871842 0
-0.075739 0.265137 -0.870129 0
-0.012751 0.306922 -0.869942 0
0.699048 -0.261265 -0.882788 0
0.704179 -0.225523 -0.878913 0
0.454808 -0.056269 -0.851177 0
0.417502 -0.022891 -0.857049 0
0.377452 0.002929 -0.868586 0
0.149112 0.260706 -0.879230 0
0.128626 0.310224 -0.870562 0
0.095402 0.355953 -0.867490 0
0.046886 0.353785 -0.868486 0
-0.420200 -0.008126 -0.847000 0
-0.398328 0.034473 -0.865924 0
-0.292245 0.134223 -0.885775 0
-0.176513 0.237137 -0.878649 0
-0.121126 0.267088 -0.870820 0
-0.059867 0.304275 -0.869443 0
-0.000194 0.349328 -0.869353 0
0.743711 -0.286748 -0.878121 0
0.748653 -0.246382 -0.873670 0
0.458942 -0.023092 -0.857383 0
0.422623 0.004329 -0.869999 0
0.166518 0.306891 -0.878962 0
0.141823 0.356197 -0.869430 0
0.103107 0.401602 -0.866619 0
0.055257 0.398930 -0.868222 0
-0.441587 0.024320 -0.857088 0
-0.158995 0.272928 -0.877521 0
-0.103535 0.302933 -0.870734 0
-0.044453 0.343596 -0.870151 0
0.010341 0.392346 -0.870723 0
0.789964 -0.307714 -0.874516 0
0.793304 -0.262124 -0.870011 0
0.471454 0.007993 -0.870175 0
0.180218 0.354334 -0.878760 0
0.150406 0.402778 -0.868302 0
0.109085 0.447594 -0.866192 0
0.061366 0.442656 -0.869531 0
-0.140370 0.306872 -0.877200 0
-0.085662 0.338414 -0.872074 0
-0.030469 0.383236 -0.872602 0
0.019078 0.433666 -0.874735 0
0.837300 -0.320014 -0.872374 0
0.837900 -0.270036 -0.867231 0
0.188506 0.402433 -0.878544 0
0.155326 0.449963 -0.867445 0
0.115535 0.492707 -0.866422 0
0.070632 0.483891 -0.871186 0
-0.121315 0.339927 -0.878183 0
-0.068906 0.373910 -0.874807 0
-0.019065 0.421912 -0.876309 0
0.028512 0.472584 -0.876948 0
0.880234 -0.320132 -0.874438 0
0.879600 -0.268186 -0.868692 0
0.191635 0.450612 -0.878010 0
0.160383 0.497718 -0.866910 0
0.121835 0.536454 -0.867134 0
0.079981 0.524079 -0.872313 0
-0.103443 0.373114 -0.879555 0
-0.054748 0.410847 -0.876048 0
-0.007791 0.458357 -0.875052 0
0.042734 0.508594 -0.874266 0
0.195083 0.498652 -0.877452 0
0.165189 0.544000 -0.867195 0
0.131853 0.578624 -0.866979 0
0.095574 0.562918 -0.869881 0
-0.087809 0.407029 -0.879869 0
-0.041472 0.446297 -0.874500 0
0.008855 0.493363 -0.872108 0
0.061475 0.544358 -0.869530 0
0.199041 0.547146 -0.877195 0
0.170614 0.589410 -0.867228 0
0.143344 0.619776 -0.864698 0
0.111632 0.600475 -0.865071 0
-0.072692 0.441298 -0.878701 0
-0.025033 0.480075 -0.872163 0
0.027568 0.527514 -0.868212 0
0.079328 0.580077 -0.865345 0
0.202507 0.595033 -0.876309 0
0.176115 0.634760 -0.866197 0
0.154779 0.659241 -0.862203 0
0.125589 0.638827 -0.862319 0
-0.054936 0.475717 -0.876089 0
-0.005884 0.513606 -0.868115 0
0.046861 0.561649 -0.864738 0
0.096069 0.617371 -0.862996 0
0.207241 0.641597 -0.874263 0
0.184227 0.676093 -0.864730 0
0.163340 0.698846 -0.862477 0
0.136232 0.677354 -0.863220 0
-0.034612 0.509640 -0.872300 0
0.014805 0.547161 -0.865256 0
0.065257 0.596881 -0.862846 0
0.108536 0.654231 -0.864025 0
0.213308 0.685911 -0.872554 0
0.190202 0.715741 -0.865646 0
0.165311 0.733287 -0.869809 0
0.138330 0.710368 -0.869604 0
-0.013451 0.542556 -0.869419 0
0.034501 0.580680 -0.863870 0
0.079736 0.631810 -0.864441 0
0.111314 0.686052 -0.869685 0
0.217932 0.727659 -0.873311 0
0.191121 0.750605 -0.872668 0
0.005972 0.574132 -0.867712 0
0.050675 0.613432 -0.864760 0
0.084465 0.663462 -0.869295 0
0.214713 0.758841 -0.878374 0
0.021919 0.603409 -0.867765 0
0.058568 0.644745 -0.868975 0
0.032833 0.631451 -0.870756 0
0.819911 -0.072893 -0.627604 0
0.838970 -0.072796 -0.580435 0
0.818794 -0.092364 -0.630846 0
0.837518 -0.091486 -0.582714 0
0.859980 -0.074104 -0.538938 0
0.858571 -0.091298 -0.540722 0
0.723195 -0.077817 -0.699667 0
0.754937 -0.075761 -0.682177 0
0.688474 -0.081278 -0.712052 0
0.786910 -0.074432 -0.657380 0
0.723697 -0.094669 -0.702154 0
0.755032 -0.093655 -0.685426 0
0.689375 -0.096510 -0.713940 0
0.786482 -0.093036 -0.660860 0
0.665146 -0.080809 -0.748331 0
0.666629 -0.099606 -0.750799 0
0.634837 -0.081505 -0.779361 0
0.637049 -0.104831 -0.782575 0
0.205558 -0.487601 -0.897730 0
0.188580 -0.440953 -0.899954 0
0.223894 -0.532260 -0.896462 0
0.176575 -0.389940 -0.902683 0
0.201823 -0.486982 -0.915575 0
0.185132 -0.439255 -0.917333 0
0.242721 -0.576392 -0.895622 0
0.219918 -0.531907 -0.914548 0
0.176492 -0.330378 -0.906046 0
0.173732 -0.386244 -0.919376 0
0.261223 -0.620763 -0.895379 0
0.238201 -0.575692 -0.913924 0
0.200487 -0.253069 -0.909366 0
0.174343 -0.326098 -0.922259 0
0.278230 -0.666119 -0.895672 0
0.255619 -0.619612 -0.913820 0
0.199603 -0.244447 -0.927008 0
0.291803 -0.713050 -0.896912 0
0.270620 -0.664078 -0.914190 0
0.299196 -0.761938 -0.898170 0
0.281565 -0.709931 -0.915364 0
0.302359 -0.812400 -0.898318 0
0.287158 -0.757232 -0.916406 0
0.307683 -0.864202 -0.897650 0
0.289914 -0.805581 -0.916577 0
0.307292 -0.911340 -0.898051 0
0.296154 -0.854648 -0.916635 0
0.297941 -0.949270 -0.901381 0
0.299140 -0.900706 -0.916826 0
0.290807 -0.938523 -0.918565 0
0.643217 0.007221 -0.854157 0
0.618716 0.031792 -0.862678 0
0.607195 0.015949 -0.841231 0
0.628933 -0.006190 -0.831002 0
0.661579 0.023453 -0.873123 0
0.640055 0.050635 -0.881505 0
0.577007 0.018359 -0.865083 0
0.575044 0.007197 -0.840979 0
0.532749 0.009189 -0.860080 0
0.540225 0.001618 -0.836165 0
0.582847 0.029442 -0.884331 0
0.490643 0.003005 -0.850199 0
0.507782 -0.003393 -0.829400 0
0.527007 0.015880 -0.879979 0
0.585022 0.028905 -0.904304 0
0.640850 0.049047 -0.902425 0
0.528251 0.015574 -0.901660 0
0.702861 0.073754 -0.879523 0
0.696618 0.066650 -0.900631 0
0.585973 0.015930 -0.923930 0
0.639774 0.029694 -0.921664 0
0.473868 0.008884 -0.896397 0
0.530759 0.006056 -0.923174 0
0.761354 0.085718 -0.877869 0
0.750947 0.077937 -0.899566 0
0.691886 0.042305 -0.919102 0
0.424159 0.005343 -0.896407 0
0.476886 0.000982 -0.920958 0
0.814119 0.088329 -0.879509 0
0.800769 0.078837 -0.900063 0
0.741634 0.050111 -0.916966 0
0.376611 0.004289 -0.895681 0
0.425561 -0.001006 -0.921740 0
0.849938 0.080874 -0.887130 0
0.842310 0.070377 -0.904456 0
0.786821 0.050907 -0.915190 0
0.330728 0.004710 -0.893071 0
0.375940 -0.000988 -0.921974 0
0.827269 0.045025 -0.918023 0
0.285331 0.006763 -0.890805 0
0.327978 0.000273 -0.920771 0
0.239459 0.010170 -0.888181 0
0.281056 0.002550 -0.919028 0
0.192118 0.015945 -0.886381 0
0.234250 0.005438 -0.916779 0
0.142748 0.027790 -0.885287 0
0.186741 0.010532 -0.915046 0
0.138078 0.020499 -0.913119 0
0.588446 -0.017554 -0.830972 0
0.544341 -0.022767 -0.826349 0
0.502090 -0.027925 -0.817941 0
0.479516 -0.026433 -0.838248 0
0.474782 -0.056807 -0.830931 0
0.474415 -0.090933 -0.837312 0
0.494069 -0.088568 -0.822061 0
0.484997 -0.123966 -0.846976 0
0.502483 -0.120616 -0.830630 0
0.516232 -0.091962 -0.809038 0
0.522069 -0.117621 -0.814997 0
0.539890 -0.095969 -0.790658 0
0.543226 -0.115537 -0.794759 0
-0.145887 0.296110 -0.915359 0
-0.127598 0.331299 -0.915588 0
-0.163869 0.259734 -0.915954 0
-0.110586 0.366728 -0.915964 0
-0.149493 0.303375 -0.896720 0
-0.130025 0.336598 -0.897233 0
-0.180603 0.220563 -0.917121 0
-0.168476 0.269211 -0.897307 0
-0.095574 0.402856 -0.916019 0
-0.112037 0.370359 -0.897922 0
-0.196895 0.178282 -0.918417 0
-0.186016 0.232810 -0.898561 0
-0.081102 0.439285 -0.915190 0
-0.096455 0.405216 -0.897943 0
-0.213808 0.134738 -0.919104 0
-0.203194 0.193765 -0.899587 0
-0.063790 0.475389 -0.913219 0
-0.081440 0.440528 -0.896835 0
-0.221075 0.153533 -0.898913 0
-0.044087 0.510235 -0.910780 0
-0.063900 0.475788 -0.894346 0
-0.023425 0.543541 -0.908936 0
-0.043570 0.510107 -0.891235 0
-0.004265 0.575033 -0.907507 0
-0.022677 0.543117 -0.888810 0
0.011992 0.605279 -0.905985 0
-0.003319 0.574565 -0.887179 0
0.026240 0.637421 -0.904221 0
0.013151 0.604679 -0.886676 0
0.027411 0.636724 -0.886970 0
0.923609 -0.093227 -0.528958 0
0.892114 -0.092509 -0.531117 0
0.926109 -0.073892 -0.526139 0
0.894087 -0.073653 -0.528838 0
0.192783 0.399620 -0.899672 0
0.194938 0.447328 -0.899608 0
0.186426 0.351130 -0.899140 0
0.196206 0.495362 -0.899197 0
0.179237 0.395646 -0.917207 0
0.179917 0.443593 -0.916715 0
0.173526 0.303330 -0.898586 0
0.173571 0.347979 -0.916889 0
0.200573 0.543699 -0.898775 0
0.183067 0.490694 -0.916432 0
0.156300 0.256023 -0.898286 0
0.162329 0.299736 -0.916465 0
0.205477 0.592906 -0.897663 0
0.187797 0.538529 -0.915846 0
0.138384 0.209447 -0.898163 0
0.147113 0.251651 -0.916210 0
0.210631 0.639842 -0.895690 0
0.194826 0.586880 -0.915323 0
0.122787 0.162360 -0.898020 0
0.130837 0.203557 -0.915854 0
0.217132 0.684924 -0.894788 0
0.204169 0.634255 -0.915068 0
0.114567 0.114029 -0.896379 0
0.116769 0.154716 -0.915426 0
0.221536 0.729404 -0.895936 0
0.213645 0.678371 -0.915860 0
0.120055 0.067414 -0.891606 0
0.109940 0.105265 -0.914393 0
0.217224 0.765164 -0.898787 0
0.219154 0.721574 -0.916748 0
0.116203 0.058743 -0.913224 0
0.215470 0.757620 -0.918092 0
0.585824 -0.088300 -0.788726 0
0.588943 -0.110026 -0.792170 0
0.055057 0.654416 -0.906953 0
0.081674 0.673123 -0.908785 0
0.108484 0.694311 -0.910020 0
0.056486 0.653741 -0.887916 0
0.083324 0.672818 -0.888859 0
0.135426 0.716489 -0.911797 0
0.110213 0.694789 -0.889718 0
0.162333 0.737273 -0.914121 0
0.137146 0.718553 -0.890621 0
0.189181 0.752375 -0.916275 0
0.164064 0.741272 -0.892154 0
0.190950 0.758348 -0.895120 0
-0.791082 -0.195098 -0.836451 0
-0.747440 -0.197965 -0.834631 0
-0.758447 -0.179219 -0.834463 0
-0.806409 -0.176858 -0.834183 0
-0.829898 -0.196862 -0.843057 0
-0.848184 -0.180110 -0.840221 0
-0.699308 -0.200882 -0.836436 0
-0.707252 -0.182371 -0.838946 0
-0.779107 -0.215489 -0.840271 0
-0.739864 -0.217656 -0.837650 0
-0.768454 -0.160607 -0.833992 0
-0.821047 -0.158071 -0.831415 0
-0.812834 -0.215085 -0.845917 0
-0.865965 -0.162308 -0.836149 0
-0.647822 -0.203310 -0.838334 0
-0.654272 -0.185014 -0.842607 0
-0.694093 -0.219537 -0.837547 0
-0.714260 -0.163963 -0.840245 0
-0.780728 -0.141225 -0.819868 0
-0.834952 -0.137847 -0.822060 0
-0.882209 -0.141745 -0.829890 0
-0.594988 -0.204937 -0.839340 0
-0.601189 -0.186192 -0.843206 0
-0.643765 -0.221236 -0.838210 0
-0.660768 -0.166572 -0.844919 0
-0.724600 -0.145229 -0.823293 0
-0.791211 -0.119408 -0.806871 0
-0.847145 -0.115923 -0.813227 0
-0.896587 -0.119003 -0.823732 0
-0.543598 -0.207433 -0.839947 0
-0.550529 -0.187473 -0.841385 0
-0.591104 -0.223208 -0.838900 0
-0.608328 -0.167391 -0.844140 0
-0.669232 -0.148058 -0.827943 0
-0.733927 -0.125078 -0.803941 0
-0.799100 -0.093616 -0.799418 0
-0.855167 -0.091108 -0.808004 0
-0.905167 -0.092123 -0.820082 0
-0.497136 -0.213821 -0.842162 0
-0.505387 -0.191313 -0.840847 0
-0.538649 -0.227029 -0.839915 0
-0.558220 -0.167925 -0.838710 0
-0.616342 -0.149364 -0.824340 0
-0.677849 -0.130413 -0.802867 0
-0.741701 -0.098041 -0.793682 0
-0.802837 -0.064946 -0.798388 0
-0.856852 -0.063739 -0.807985 0
-0.905610 -0.062827 -0.820113 0
-0.457710 -0.223597 -0.847776 0
-0.467481 -0.199280 -0.844403 0
-0.489118 -0.235995 -0.842023 0
-0.512756 -0.170043 -0.831432 0
-0.565506 -0.149406 -0.817999 0
-0.624019 -0.130741 -0.800833 0
-0.685251 -0.102800 -0.790562 0
-0.746769 -0.067474 -0.791212 0
-0.803068 -0.035187 -0.803358 0
-0.852754 -0.035783 -0.812979 0
-0.898113 -0.035091 -0.823910 0
-0.425473 -0.228838 -0.853547 0
-0.436208 -0.204251 -0.849268 0
-0.445185 -0.248148 -0.847233 0
-0.475034 -0.174994 -0.830263 0
-0.518669 -0.148598 -0.812250 0
-0.571734 -0.129235 -0.798238 0
-0.630384 -0.102774 -0.788807 0
-0.690885 -0.070236 -0.787167 0
-0.749469 -0.036156 -0.795921 0
-0.802488 -0.004485 -0.812685 0
-0.848110 -0.005950 -0.820967 0
-0.886420 -0.008742 -0.828936 0
-0.417794 -0.251530 -0.853341 0
-0.444240 -0.178926 -0.835846 0
-0.478487 -0.150254 -0.812157 0
-0.521950 -0.126366 -0.795581 0
-0.576581 -0.101021 -0.787452 0
-0.635832 -0.070592 -0.785499 0
-0.694739 -0.037602 -0.791424 0
-0.750698 -0.004824 -0.805713 0
-0.445248 -0.153093 -0.816551 0
-0.477184 -0.125725 -0.795960 0
-0.524706 -0.098472 -0.786163 0
-0.581686 -0.069575 -0.784674 0
-0.640351 -0.038090 -0.789676 0
-0.696840 -0.005676 -0.801312 0
-0.438815 -0.127267 -0.798993 0
-0.476950 -0.096907 -0.786365 0
-0.529424 -0.067736 -0.784305 0
-0.587122 -0.037628 -0.789449 0
-0.643148 -0.006205 -0.799714 0
-0.435471 -0.096036 -0.787918 0
-0.481036 -0.065867 -0.785099 0
-0.536551 -0.036656 -0.789942 0
-0.590993 -0.005971 -0.799649 0
-0.438664 -0.061546 -0.785887 0
-0.490633 -0.035701 -0.791687 0
-0.542372 -0.005267 -0.800262 0
-0.449691 -0.030600 -0.792413 0
-0.500128 -0.004936 -0.801705 0
-0.464385 -0.003527 -0.801794 0
-0.840145 -0.200246 -0.865973 0
-0.861159 -0.182035 -0.865130 0
-0.818099 -0.220647 -0.865488 0
-0.881179 -0.162846 -0.862826 0
-0.843906 -0.202621 -0.887748 0
-0.865636 -0.183362 -0.889667 0
-0.820104 -0.223537 -0.885143 0
-0.899651 -0.140820 -0.859294 0
-0.884435 -0.163224 -0.890438 0
-0.840007 -0.201478 -0.909492 0
-0.860550 -0.181862 -0.913960 0
-0.817129 -0.222713 -0.905352 0
-0.916429 -0.117347 -0.855239 0
-0.905337 -0.140859 -0.890013 0
-0.877935 -0.161482 -0.917620 0
-0.829378 -0.197638 -0.930615 0
-0.847309 -0.178757 -0.937143 0
-0.809692 -0.218830 -0.924659 0
-0.926105 -0.089621 -0.852580 0
-0.924710 -0.116648 -0.888906 0
-0.897113 -0.138753 -0.919807 0
-0.864158 -0.159028 -0.942704 0
-0.925342 -0.058891 -0.852353 0
-0.936108 -0.087493 -0.887493 0
-0.918323 -0.114722 -0.921538 0
-0.881817 -0.135849 -0.946297 0
-0.913979 -0.028644 -0.854166 0
-0.935111 -0.054753 -0.885921 0
-0.930368 -0.085822 -0.921475 0
-0.898747 -0.111474 -0.949031 0
-0.895590 0.001302 -0.854358 0
-0.921888 -0.022309 -0.883995 0
-0.929997 -0.053559 -0.918543 0
-0.909246 -0.084170 -0.949470 0
-0.900247 0.008653 -0.881098 0
-0.917229 -0.021666 -0.913317 0
-0.909921 -0.054887 -0.945841 0
-0.896195 0.009058 -0.908973 0
-0.900490 -0.026183 -0.938693 0
-0.884069 0.002915 -0.933067 0
-0.641034 0.017398 -0.922934 0
-0.590937 0.017080 -0.922581 0
-0.691880 0.017547 -0.923321 0
-0.541737 0.017189 -0.921924 0
-0.642509 0.021951 -0.891880 0
-0.591529 0.021659 -0.891643 0
-0.742961 0.016852 -0.924284 0
-0.694344 0.022373 -0.892666 0
-0.493788 0.018663 -0.920919 0
-0.541448 0.022130 -0.891300 0
-0.643373 0.019539 -0.859540 0
-0.591744 0.019442 -0.859511 0
-0.793030 0.014518 -0.925633 0
-0.746753 0.022220 -0.894649 0
-0.695922 0.020043 -0.860744 0
-0.447972 0.022629 -0.920059 0
-0.492470 0.024158 -0.890390 0
-0.541124 0.019846 -0.859816 0
-0.643587 0.009575 -0.828729 0
-0.591920 0.009552 -0.828819 0
-0.840263 0.009712 -0.927246 0
-0.798934 0.020791 -0.897807 0
-0.749056 0.020294 -0.863874 0
-0.696522 0.010118 -0.830162 0
-0.404596 0.030079 -0.921872 0
-0.446029 0.028799 -0.889514 0
-0.491254 0.021369 -0.859437 0
-0.542513 0.009749 -0.829748 0
-0.849420 0.016703 -0.902086 0
-0.801945 0.019452 -0.868920 0
-0.749790 0.010632 -0.834164 0
-0.362684 0.039627 -0.922301 0
-0.403915 0.037496 -0.893966 0
-0.496424 0.010024 -0.830902 0
-0.852922 0.016035 -0.875257 0
-0.801956 0.010193 -0.840644 0
-0.321495 0.047468 -0.918592 0
-0.364055 0.049418 -0.894872 0
-0.453864 0.010869 -0.827999 0
-0.850533 0.007182 -0.848626 0
-0.325952 0.061664 -0.891128 0
-0.407693 -0.237865 -0.879082 0
-0.419432 -0.208610 -0.875854 0
-0.402296 -0.264738 -0.876085 0
-0.431039 -0.178948 -0.863970 0
-0.434624 -0.150163 -0.846111 0
-0.424101 -0.122840 -0.827464 0
-0.418411 -0.090494 -0.814801 0
-0.421270 -0.054285 -0.812322 0
-0.433671 -0.020011 -0.819515 0
-0.435124 -0.260726 -0.869439 0
-0.482645 -0.246295 -0.862768 0
-0.424053 -0.268819 -0.890869 0
-0.534381 -0.234534 -0.859996 0
-0.474478 -0.250973 -0.885435 0
-0.417797 -0.270079 -0.911294 0
-0.371280 -0.286929 -0.915362 0
-0.587927 -0.229766 -0.858678 0
-0.529130 -0.236154 -0.882688 0
-0.470333 -0.249571 -0.907426 0
-0.328360 -0.299995 -0.916367 0
-0.415082 -0.263169 -0.930393 0
-0.367964 -0.278891 -0.933093 0
-0.640983 -0.227574 -0.858228 0
-0.584519 -0.230580 -0.881090 0
-0.526348 -0.234766 -0.905084 0
-0.469717 -0.242624 -0.927859 0
-0.290866 -0.312538 -0.910953 0
-0.325394 -0.292540 -0.932605 0
-0.691269 -0.226072 -0.858094 0
-0.638184 -0.228778 -0.880547 0
-0.582428 -0.228823 -0.903714 0
-0.526356 -0.230147 -0.926482 0
-0.257359 -0.330013 -0.904840 0
-0.287344 -0.302941 -0.927689 0
-0.737380 -0.224332 -0.858962 0
-0.688670 -0.227954 -0.880289 0
-0.636128 -0.227332 -0.903360 0
-0.582221 -0.225213 -0.925707 0
-0.225261 -0.351502 -0.900575 0
-0.252561 -0.317747 -0.922547 0
-0.778731 -0.222265 -0.861709 0
-0.735531 -0.227112 -0.880718 0
-0.686354 -0.227019 -0.902976 0
-0.635219 -0.224329 -0.925801 0
-0.219411 -0.337693 -0.919429 0
-0.778884 -0.225815 -0.882206 0
-0.732829 -0.226742 -0.902744 0
-0.684467 -0.224047 -0.925492 0
-0.776023 -0.225425 -0.902924 0
-0.729608 -0.223441 -0.924823 0
-0.770527 -0.221420 -0.923707 0
0.494807 -0.186387 -0.912547 0
0.551809 -0.194607 -0.910126 0
0.435683 -0.185234 -0.915165 0
0.604712 -0.210853 -0.907273 0
0.493739 -0.182536 -0.930716 0
0.550662 -0.188724 -0.927481 0
0.375528 -0.184649 -0.914654 0
0.434529 -0.181706 -0.933896 0
0.652545 -0.234118 -0.903869 0
0.603299 -0.201843 -0.924054 0
0.315595 -0.189348 -0.911759 0
0.374223 -0.181386 -0.933997 0
0.696967 -0.260671 -0.899625 0
0.651153 -0.221085 -0.920431 0
0.256879 -0.209962 -0.909481 0
0.314115 -0.185602 -0.931397 0
0.740323 -0.287024 -0.895663 0
0.695480 -0.243649 -0.916450 0
0.255413 -0.204448 -0.928715 0
0.784610 -0.309421 -0.892636 0
0.737823 -0.265875 -0.912937 0
0.830054 -0.322199 -0.891052 0
0.779304 -0.284576 -0.910194 0
0.872112 -0.320794 -0.892335 0
0.819689 -0.295491 -0.908075 0
0.857100 -0.295666 -0.907109 0
-0.303296 0.078898 -0.918100 0
-0.287568 0.112412 -0.923251 0
-0.309368 0.094989 -0.896498 0
-0.294081 0.128134 -0.906087 0
0.196207 -0.909781 -0.915728 0
0.164670 -0.890892 -0.916589 0
0.134243 -0.870648 -0.916358 0
0.227913 -0.926993 -0.914943 0
0.198470 -0.914658 -0.896260 0
0.166212 -0.893700 -0.897208 0
0.105055 -0.849845 -0.915408 0
0.135443 -0.872090 -0.896821 0
0.259517 -0.937953 -0.915087 0
0.231838 -0.934512 -0.895102 0
0.077180 -0.829974 -0.913235 0
0.106145 -0.850170 -0.895557 0
0.265386 -0.947892 -0.896280 0
0.049779 -0.812164 -0.911327 0
0.078041 -0.829886 -0.893470 0
0.050458 -0.811666 -0.892198 0
0.841978 0.010281 -0.914546 0
0.856268 0.032409 -0.896605 0
0.858842 0.046168 -0.877243 0
0.820166 0.048652 -0.866974 0
0.768814 0.047987 -0.866152 0
0.715275 0.042786 -0.868339 0
-0.250446 0.121085 -0.920630 0
-0.257780 0.138986 -0.901875 0
Hexahedra 5385
2876 349 1547 2875 2873 1448 1546 2874 0
2873 1448 1546 2874 2877 3473 3474 2878 0
3512 3515 3514 3513 1067 2365 3563 3562 0
1067 2365 3563 3562 1066 956 3565 3564 0
3516 3517 3515 3512 1063 2363 2365 1067 0
1063 2363 2365 1067 1062 952 956 1066 0
3522 3523 3517 3516 3625 3626 2363 1063 0
3625 3626 2363 1063 3627 3628 952 1062 0
2126 3691 3692 2818 2125 3690 3693 2817 0
2118 2126 2818 2814 2117 2125 2817 2813 0
2989 2118 2814 3001 2979 2117 2813 2990 0
2982 2063 779 2993 2981 1784 778 2992 0
3537 3545 3544 3536 2389 2851 3591 3581 0
2389 2851 3591 3581 1004 2850 3600 3589 0
1004 2850 3600 3589 4134 4135 3609 3598 0
3547 3555 3549 3541 3643 3651 2847 2387 0
3643 3651 2847 2387 3650 3659 2846 1000 0
3650 3659 2846 1000 3658 3668 4137 4136 0
985 4141 3616 3607 2830 4140 3622 3615 0
2830 4140 3622 3615 4148 4142 3624 3621 0
981 4145 4141 985 2828 4144 4140 2830 0
2828 4144 4140 2830 4149 4146 4142 4148 0
3666 3676 4145 981 3675 3684 4144 2828 0
3675 3684 4144 2828 3683 3688 4146 4149 0
969 985 3607 3595 2406 2830 3615 3605 0
2406 2830 3615 3605 4150 4148 3621 3613 0
965 981 985 969 2404 2828 2830 2406 0
2404 2828 2830 2406 4151 4149 4148 4150 0
3655 3666 981 965 3664 3675 2828 2404 0
3664 3675 2828 2404 3673 3683 4149 4151 0
3027 1901 507 3042 3014 2816 506 3028 0
3014 2816 506 3028 3002 2815 505 3015 0
2094 3785 3764 1146 2093 3784 3763 1145 0
2086 2094 1146 1130 2085 2093 1145 1129 0
2912 2086 1130 2925 2900 2085 1129 2914 0
2900 2085 1129 2914 2890 1552 1556 2902 0
4152 3755 3736 4153 2801 3738 3720 2803 0
2085 2093 1145 1129 1552 1568 1572 1556 0
4156 4152 4153 4157 2797 2801 2803 2799 0
2093 3784 3763 1145 1568 3796 3774 1572 0
3024 4156 4157 3039 3011 2797 2799 3025 0
4182 4185 4184 4183 2763 4230 4189 4188 0
2763 4230 4189 4188 2762 4231 4191 4190 0
2762 4231 4191 4190 4233 4232 4194 4193 0
3604 3592 4185 4182 2199 3602 4230 2763 0
2199 3602 4230 2763 2304 3611 4231 2762 0
2304 3611 4231 2762 4234 3618 4232 4233 0
3013 1897 1901 3027 3001 2814 2816 3014 0
4186 4182 4183 4187 939 2763 4188 4192 0
3001 2814 2816 3014 2990 2813 2815 3002 0
939 2763 4188 4192 938 2762 4190 4195 0
3614 3604 4182 4186 935 2199 2763 939 0
935 2199 2763 939 934 2304 2762 938 0
934 2304 2762 938 4027 4234 4233 4043 0
3241 453 715 3267 3240 2440 714 3266 0
3240 2440 714 3266 3252 4243 4244 3276 0
3288 455 2705 3311 3265 454 716 3289 0
3265 454 716 3289 3241 453 715 3267 0
2717 4048 4060 2665 736 4053 4064 740 0
2709 2717 2665 2657 720 736 740 724 0
3333 2709 2657 3354 3312 720 724 3334 0
938 2762 4190 4195 4043 4233 4193 4056 0
3311 2705 2709 3333 3289 716 720 3312 0
3555 3560 3556 3549 3651 3660 4273 2847 0
4277 4067 4077 4278 2719 4058 4068 2667 0
3651 3660 4273 2847 3659 3669 4274 2846 0
2719 4058 4068 2667 2718 4047 4059 2666 0
3659 3669 4274 2846 3668 3677 4139 4137 0
2718 4047 4059 2666 2717 4048 4060 2665 0
4281 4277 4278 4282 2711 2719 2667 2659 0
2711 2719 2667 2659 2710 2718 2666 2658 0
2710 2718 2666 2658 2709 2717 2665 2657 0
3390 4281 4282 3408 3372 2711 2659 3391 0
3372 2711 2659 3391 3353 2710 2658 3373 0
3353 2710 2658 3373 3333 2709 2657 3354 0
3371 4284 4281 3390 3352 2707 2711 3372 0
2669 4070 4080 2537 744 4074 4084 1628 0
2665 4060 4070 2669 740 4064 4074 744 0
2661 2669 2537 2521 728 744 1628 1620 0
2657 2665 2669 2661 724 740 744 728 0
3374 2661 2521 3393 3355 728 1620 3375 0
3354 2657 2661 3374 3334 724 728 3355 0
2397 4150 3613 3603 2686 4309 3620 3612 0
2686 4309 3620 3612 4239 4241 3623 3619 0
2395 4151 4150 2397 2684 4310 4309 2686 0
2684 4310 4309 2686 4240 4242 4241 4239 0
3662 3673 4151 2395 3671 3681 4310 2684 0
3671 3681 4310 2684 3679 3686 4242 4240 0
2205 2397 3603 3602 2310 2686 3612 3611 0
2310 2686 3612 3611 4236 4239 3619 3618 0
2203 2395 2397 2205 2308 2684 2686 2310 0
2308 2684 2686 2310 4238 4240 4239 4236 0
3661 3662 2395 2203 3670 3671 2684 2308 0
3670 3671 2684 2308 3678 3679 4240 4238 0
1265 1273 4225 4228 1958 1962 4227 4229 0
31 47 1689 1681 30 46 148 140 0
3208 1265 4228 3234 3183 1958 4229 3209 0
3249 31 1681 3274 3273 30 140 3297 0
3545 3551 3550 3544 2851 4275 3601 3591 0
4280 4085 4093 4285 2671 4078 4086 2539 0
2851 4275 3601 3591 2850 4276 3610 3600 0
2671 4078 4086 2539 2670 4069 4079 2538 0
2850 4276 3610 3600 4135 4138 3617 3609 0
2670 4069 4079 2538 2669 4070 4080 2537 0
4278 4077 4085 4280 2667 4068 4078 2671 0
2667 4068 4078 2671 2666 4059 4069 2670 0
2666 4059 4069 2670 2665 4060 4070 2669 0
4286 4280 4285 4290 2663 2671 2539 2523 0
2663 2671 2539 2523 2662 2670 2538 2522 0
2662 2670 2538 2522 2661 2669 2537 2521 0
4282 4278 4280 4286 2659 2667 2671 2663 0
2659 2667 2671 2663 2658 2666 2670 2662 0
2658 2666 2670 2662 2657 2665 2669 2661 0
3425 4286 4290 3439 3409 2663 2523 3426 0
3409 2663 2523 3426 3392 2662 2522 3410 0
3392 2662 2522 3410 3374 2661 2521 3393 0
3408 4282 4286 3425 3391 2659 2663 3409 0
3391 2659 2663 3409 3373 2658 2662 3392 0
3373 2658 2662 3392 3354 2657 2661 3374 0
1999 4115 4123 2625 1998 4122 4128 2642 0
1998 4122 4128 2642 4269 4127 4131 4271 0
1991 1999 2625 2621 1990 1998 2642 2638 0
1990 1998 2642 2638 4266 4269 4271 4268 0
3431 2621 4312 3445 3430 2638 4311 3444 0
3430 2638 4311 3444 3432 4268 4270 3446 0
3414 1991 2621 3431 3413 1990 2638 3430 0
3413 1990 2638 3430 3416 4266 4268 3432 0
2549 4104 4112 2585 2000 4108 4116 2626 0
2000 4108 4116 2626 1999 4115 4123 2625 0
2533 2549 2585 2577 1992 2000 2626 2622 0
1992 2000 2626 2622 1991 1999 2625 2621 0
3455 2577 4316 3464 3443 2622 4313 3456 0
3443 2622 4313 3456 3431 2621 4312 3445 0
3442 2533 2577 3455 3429 1992 2622 3443 0
3429 1992 2622 3443 3414 1991 2621 3431 0
2545 4096 4104 2549 1996 4100 4108 2000 0
2541 4088 4096 2545 1632 4092 4100 1996 0
2537 4080 4088 2541 1628 4084 4092 1632 0
2529 2545 2549 2533 1988 1996 2000 1992 0
2525 2541 2545 2529 1624 1632 1996 1988 0
2521 2537 2541 2525 1620 1628 1632 1624 0
3428 2529 2533 3442 3412 1988 1992 3429 0
3411 2525 2529 3428 3394 1624 1988 3412 0
3393 2521 2525 3411 3375 1620 1624 3394 0
4297 4117 4125 4301 2551 4110 4118 2587 0
2551 4110 4118 2587 2550 4103 4111 2586 0
2550 4103 4111 2586 2549 4104 4112 2585 0
4302 4297 4301 4306 2535 2551 2587 2579 0
2535 2551 2587 2579 2534 2550 2586 2578 0
2534 2550 2586 2578 2533 2549 2585 2577 0
3470 4306 4308 3472 3468 2579 4320 3471 0
3468 2579 4320 3471 3463 2578 4318 3469 0
3463 2578 4318 3469 3455 2577 4316 3464 0
3467 4302 4306 3470 3462 2535 2579 3468 0
3462 2535 2579 3468 3454 2534 2578 3463 0
3454 2534 2578 3463 3442 2533 2577 3455 0
4293 4109 4117 4297 2547 4102 4110 2551 0
2547 4102 4110 2551 2546 4095 4103 2550 0
2546 4095 4103 2550 2545 4096 4104 2549 0
4289 4101 4109 4293 2543 4094 4102 2547 0
2543 4094 4102 2547 2542 4087 4095 2546 0
2542 4087 4095 2546 2541 4088 4096 2545 0
4285 4093 4101 4289 2539 4086 4094 2543 0
2539 4086 4094 2543 2538 4079 4087 2542 0
2538 4079 4087 2542 2537 4080 4088 2541 0
4298 4293 4297 4302 2531 2547 2551 2535 0
2531 2547 2551 2535 2530 2546 2550 2534 0
2530 2546 2550 2534 2529 2545 2549 2533 0
4294 4289 4293 4298 2527 2543 2547 2531 0
2527 2543 2547 2531 2526 2542 2546 2530 0
2526 2542 2546 2530 2525 2541 2545 2529 0
4290 4285 4289 4294 2523 2539 2543 2527 0
2523 2539 2543 2527 2522 2538 2542 2526 0
2522 2538 2542 2526 2521 2537 2541 2525 0
3461 4298 4302 3467 3453 2531 2535 3462 0
3453 2531 2535 3462 3441 2530 2534 3454 0
3441 2530 2534 3454 3428 2529 2533 3442 0
3452 4294 4298 3461 3440 2527 2531 3453 0
3440 2527 2531 3453 3427 2526 2530 3441 0
3427 2526 2530 3441 3411 2525 2529 3428 0
3439 4290 4294 3452 3426 2523 2527 3440 0
3426 2523 2527 3440 3410 2522 2526 3427 0
3410 2522 2526 3427 3393 2521 2525 3411 0
2954 1141 2113 2967 2941 1488 1492 2955 0
4166 3847 3821 4162 2493 3825 3800 2495 0
2967 2113 2117 2979 2955 1492 1496 2968 0
4169 3875 3847 4166 2491 3852 3825 2493 0
2979 2117 2813 2990 2968 1496 2062 2980 0
4171 3903 3875 4169 2489 3881 3852 2491 0
1141 1157 2121 2113 1488 1504 1508 1492 0
4170 4166 4162 4167 2485 2493 2495 2487 0
2113 2121 2125 2117 1492 1508 1512 1496 0
4172 4169 4166 4170 2483 2491 2493 2485 0
2117 2125 2817 2813 1496 1512 2066 2062 0
4174 4171 4169 4172 2481 2489 2491 2483 0
1157 3710 3698 2121 1504 3718 3704 1508 0
2973 4170 4167 2985 2962 2485 2487 2975 0
2121 3698 3690 2125 1508 3704 3694 1512 0
2960 4172 4170 2973 2948 2483 2485 2962 0
2125 3690 3693 2817 1512 3694 3695 2066 0
2945 4174 4172 2960 2932 2481 2483 2948 0
3215 449 453 3241 3214 2438 2440 3240 0
3214 2438 2440 3240 3226 4245 4243 3252 0
3032 791 1089 3047 3031 790 572 3046 0
2946 4176 4174 2945 2933 287 2481 2932 0
1805 4324 4325 1809 2420 4323 4326 2170 0
2933 287 2481 2932 2921 286 2084 2920 0
2420 4323 4326 2170 4423 4327 4328 4424 0
3182 1221 1265 3208 3157 1184 1958 3183 0
3274 1681 4464 3298 3297 140 4463 3320 0
1766 2420 2170 198 4427 4423 4424 4428 0
4504 4382 4383 4505 2411 4371 4372 851 0
2411 4371 4372 851 2292 4361 4362 850 0
4506 4394 4382 4504 4513 4384 4371 2411 0
4513 4384 4371 2411 4514 4373 4361 2292 0
3309 2749 2751 3331 3287 452 456 3310 0
3141 221 73 3166 3165 1752 176 3192 0
3331 2751 2707 3352 3310 456 2706 3332 0
3140 4547 221 3141 3164 4551 1752 3165 0
3039 4157 4161 3055 3025 2799 1899 3040 0
2089 3806 3784 2093 1564 3819 3796 1568 0
4157 4153 4155 4161 2799 2803 1907 1899 0
2081 2089 2093 2085 1548 1564 1568 1552 0
4153 3736 3737 4155 2803 3720 3721 1907 0
2887 2081 2085 2900 2879 1548 1552 2890 0
2888 351 2081 2887 2880 350 1548 2879 0
2880 350 1548 2879 2876 349 1547 2875 0
2985 4167 4163 2997 2975 2487 2781 2986 0
1153 3726 3710 1157 1500 3734 3718 1504 0
2997 4163 4159 3010 2986 2781 2783 2998 0
1149 3744 3726 1153 1576 3753 3734 1500 0
3010 4159 4156 3024 2998 2783 2797 3011 0
1145 3763 3744 1149 1572 3774 3753 1576 0
4167 4162 4158 4163 2487 2495 2785 2781 0
1137 1153 1157 1141 1484 1500 1504 1488 0
4163 4158 4154 4159 2781 2785 2787 2783 0
1133 1149 1153 1137 1560 1576 1500 1484 0
4159 4154 4152 4156 2783 2787 2801 2797 0
1129 1145 1149 1133 1556 1572 1576 1560 0
4162 3821 3798 4158 2495 3800 3778 2785 0
2940 1137 1141 2954 2928 1484 1488 2941 0
4158 3798 3776 4154 2785 3778 3757 2787 0
2927 1133 1137 2940 2916 1560 1484 2928 0
4154 3776 3755 4152 2787 3757 3738 2801 0
2914 1129 1133 2927 2902 1556 1560 2916 0
953 969 3595 3583 2398 2406 3605 3593 0
2398 2406 3605 3593 2397 4150 3613 3603 0
949 965 969 953 2396 2404 2406 2398 0
2396 2404 2406 2398 2395 4151 4150 2397 0
3645 3655 965 949 3653 3664 2404 2396 0
3653 3664 2404 2396 3662 3673 4151 2395 0
2189 953 3583 3582 2206 2398 3593 3592 0
2206 2398 3593 3592 2205 2397 3603 3602 0
2187 949 953 2189 2204 2396 2398 2206 0
2204 2396 2398 2206 2203 2395 2397 2205 0
3644 3645 949 2187 3652 3653 2396 2204 0
3652 3653 2396 2204 3661 3662 2395 2203 0
3529 3537 3536 3528 2381 2389 3581 3573 0
2381 2389 3581 3573 988 1004 3589 3579 0
3533 3541 3537 3529 2379 2387 2389 2381 0
2379 2387 2389 2381 984 1000 1004 988 0
3539 3547 3541 3533 3636 3643 2387 2379 0
3636 3643 2387 2379 3642 3650 1000 984 0
3521 3529 3528 3520 2373 2381 3573 3567 0
2373 2381 3573 3567 972 988 3579 3571 0
3525 3533 3529 3521 2371 2379 2381 2373 0
2371 2379 2381 2373 968 984 988 972 0
3531 3539 3533 3525 3630 3636 2379 2371 0
3630 3636 2379 2371 3634 3642 984 968 0
3515 3521 3520 3514 2365 2373 3567 3563 0
2365 2373 3567 3563 956 972 3571 3565 0
3517 3525 3521 3515 2363 2371 2373 2365 0
2363 2371 2373 2365 952 968 972 956 0
3523 3531 3525 3517 3626 3630 2371 2363 0
3626 3630 2371 2363 3628 3634 968 952 0
2197 2205 3602 2199 2302 2310 3611 2304 0
2302 2310 3611 2304 4235 4236 3618 4234 0
2195 2203 2205 2197 2300 2308 2310 2302 0
2300 2308 2310 2302 4237 4238 4236 4235 0
3672 3661 2203 2195 3680 3670 2308 2300 0
3680 3670 2308 2300 3685 3678 4238 4237 0
2292 4361 4362 850 2291 4352 4353 849 0
2291 4352 4353 849 1808 4344 4345 1370 0
4514 4373 4361 2292 4516 4363 4352 2291 0
4516 4363 4352 2291 4520 4354 4344 1808 0
2740 3849 3878 1228 2739 3823 3850 1227 0
2325 2333 2335 2327 444 460 464 448 0
77 85 33 17 180 192 114 106 0
3262 2325 2327 3286 3237 444 448 3263 0
3193 77 17 3220 3219 180 106 3246 0
3286 2327 2749 3309 3263 448 452 3287 0
3166 73 77 3193 3192 176 180 3219 0
4517 4514 2292 240 4521 4516 2291 239 0
3304 897 901 3327 3281 2022 2024 3305 0
240 2292 850 92 239 2291 849 91 0
3280 2231 897 3304 3256 2020 2022 3281 0
1371 4347 4356 1373 1812 4340 4348 684 0
3152 2736 1212 3179 3129 2735 1211 3154 0
93 1371 1373 49 204 1812 684 122 0
2736 2740 1228 1212 2735 2739 1227 1211 0
2333 3970 3993 2335 460 3946 3971 464 0
85 93 49 33 192 204 122 114 0
2181 2189 3582 3594 2198 2206 3592 3604 0
2198 2206 3592 3604 2197 2205 3602 2199 0
2179 2187 2189 2181 2196 2204 2206 2198 0
2196 2204 2206 2198 2195 2203 2205 2197 0
3654 3644 2187 2179 3663 3652 2204 2196 0
3663 3652 2204 2196 3672 3661 2203 2195 0
3007 1781 1399 3021 3020 1872 1398 3035 0
1368 2180 2182 1606 1367 2179 2181 1605 0
1066 956 3565 3564 1065 955 3569 3568 0
1065 955 3569 3568 2190 954 3575 3574 0
2190 954 3575 3574 2189 953 3583 3582 0
1062 952 956 1066 1061 951 955 1065 0
1061 951 955 1065 2188 950 954 2190 0
2188 950 954 2190 2187 949 953 2189 0
3627 3628 952 1062 3631 3632 951 1061 0
3631 3632 951 1061 3637 3638 950 2188 0
3637 3638 950 2188 3644 3645 949 2187 0
1045 1061 1065 1049 2180 2188 2190 2182 0
2180 2188 2190 2182 2179 2187 2189 2181 0
3639 3631 1061 1045 3646 3637 2188 2180 0
3646 3637 2188 2180 3654 3644 2187 2179 0
1812 4340 4348 684 1811 4333 4341 683 0
3129 2735 1211 3154 3109 1296 1210 3131 0
204 1812 684 122 203 1811 683 121 0
3186 1935 443 3212 3161 1720 442 3187 0
3384 2153 2157 3403 3365 1332 1336 3385 0
2986 2781 2783 2998 2976 1140 1144 2987 0
1576 3753 3734 1500 1575 3772 3751 1499 0
2781 2785 2787 2783 1140 1156 1160 1144 0
1560 1576 1500 1484 1559 1575 1499 1483 0
2785 3778 3757 2787 1156 3759 3740 1160 0
2916 1560 1484 2928 2906 1559 1483 2918 0
1833 4411 4416 4482 830 4406 4412 4481 0
1829 4405 4411 1833 828 4399 4406 830 0
63 1829 1833 1697 62 828 830 156 0
1273 3911 3941 4225 1962 3884 3913 4227 0
47 63 1697 1689 46 62 156 148 0
1825 4398 4405 1829 826 4388 4399 828 0
861 4387 4398 1825 1376 4376 4388 826 0
59 1825 1829 63 58 826 828 62 0
55 861 1825 59 54 1376 826 58 0
4509 4408 4413 4510 863 4403 4409 1827 0
863 4403 4409 1827 862 4397 4404 1826 0
862 4397 4404 1826 861 4387 4398 1825 0
3973 4509 4510 3996 669 863 1827 673 0
669 863 1827 673 56 862 1826 60 0
56 862 1826 60 55 861 1825 59 0
917 4027 4043 921 2032 4009 4028 2354 0
593 3976 3999 4503 2050 3998 4018 4500 0
901 917 921 905 2024 2032 2354 2350 0
577 593 4503 4499 2046 2050 4500 4494 0
3327 901 905 3349 3305 2024 2350 3328 0
3126 577 4499 3149 3148 2046 4494 3173 0
3349 905 4209 3370 3328 2350 4214 3350 0
3106 573 577 3126 3125 648 2046 3148 0
2122 3699 3691 2126 2121 3698 3690 2125 0
1158 3711 3699 2122 1157 3710 3698 2121 0
2114 2122 2126 2118 2113 2121 2125 2117 0
1142 1158 2122 2114 1141 1157 2121 2113 0
2978 2114 2118 2989 2967 2113 2117 2979 0
2966 1142 2114 2978 2954 1141 2113 2967 0
2090 3807 3785 2094 2089 3806 3784 2093 0
2082 2090 2094 2086 2081 2089 2093 2085 0
2897 2082 2086 2912 2887 2081 2085 2900 0
2921 286 2084 2920 2910 285 2083 2909 0
2910 285 2083 2909 2898 352 2082 2897 0
2898 352 2082 2897 2888 351 2081 2887 0
2932 2481 2483 2948 2920 2084 2088 2935 0
1512 3694 3695 2066 1511 3702 3703 2065 0
2920 2084 2088 2935 2909 2083 2087 2923 0
1511 3702 3703 2065 1510 3714 3715 1788 0
2909 2083 2087 2923 2897 2082 2086 2912 0
1510 3714 3715 1788 3507 3510 3511 3509 0
2481 2489 2491 2483 2084 2092 2096 2088 0
1496 1512 2066 2062 1495 1511 2065 2061 0
2084 2092 2096 2088 2083 2091 2095 2087 0
1495 1511 2065 2061 1494 1510 1788 1780 0
2083 2091 2095 2087 2082 2090 2094 2086 0
1494 1510 1788 1780 3503 3507 3509 3506 0
2489 3881 3852 2491 2092 3854 3827 2096 0
2968 1496 2062 2980 2957 1495 2061 2970 0
2092 3854 3827 2096 2091 3829 3804 2095 0
2957 1495 2061 2970 2956 1494 1780 2969 0
2091 3829 3804 2095 2090 3807 3785 2094 0
2956 1494 1780 2969 2958 3503 3506 2971 0
2032 4009 4028 2354 2031 3988 4010 2353 0
2050 3998 4018 4500 2049 4017 4035 4495 0
4284 4279 4277 4281 2707 2715 2719 2711 0
2031 3988 4010 2353 1240 3964 3989 1276 0
2049 4017 4035 4495 1692 4034 4049 4488 0
2024 2032 2354 2350 2023 2031 2353 2349 0
2046 2050 4500 4494 2045 2049 4495 4487 0
3549 3556 3551 3545 2847 4273 4275 2851 0
4279 4057 4067 4277 2715 4046 4058 2719 0
2023 2031 2353 2349 1224 1240 1276 1268 0
2045 2049 4495 4487 1684 1692 4488 4478 0
3305 2024 2350 3328 3282 2023 2349 3306 0
3148 2046 4494 3173 3172 2045 4487 3199 0
3541 3549 3545 3537 2387 2847 2851 2389 0
3282 2023 2349 3306 3258 1224 1268 3283 0
3172 2045 4487 3199 3198 1684 4478 3225 0
3328 2350 4214 3350 3306 2349 4219 3329 0
3125 648 2046 3148 3147 647 2045 3172 0
3402 2154 2158 3420 3384 2153 2157 3403 0
3076 518 1092 3094 3060 517 1091 3077 0
4556 3960 3961 2240 4555 3933 3934 2239 0
633 649 653 637 20 36 40 24 0
1341 3985 3682 1345 2240 3961 3687 2242 0
1080 844 650 634 1079 843 649 633 0
2240 3961 3687 2242 2239 3934 3689 2241 0
1079 843 649 633 80 88 36 20 0
1345 3682 1365 1349 2242 3687 2256 2244 0
1078 842 844 1080 1077 841 843 1079 0
2242 3687 2256 2244 2241 3689 3986 2243 0
1077 841 843 1079 76 84 88 80 0
984 1000 1004 988 983 4136 4134 987 0
3642 3650 1000 984 3649 3658 4136 983 0
1810 4330 4340 1812 1809 4325 4333 1811 0
3649 3658 4136 983 3657 3667 4147 982 0
3657 3667 4147 982 3666 3676 4145 981 0
3061 1090 1094 3078 3047 1089 1093 3063 0
3359 248 1974 3379 3378 4459 4461 3397 0
966 982 986 970 965 981 985 969 0
3367 900 904 3387 3347 899 903 3368 0
3097 584 1652 3116 3108 583 1651 3128 0
3862 4506 4504 3863 4515 4513 2411 1885 0
3347 899 903 3368 3326 898 902 3348 0
3108 583 1651 3128 3127 582 1650 3150 0
4515 4513 2411 1885 4517 4514 2292 240 0
3326 898 902 3348 3304 897 901 3327 0
3127 582 1650 3150 3149 4499 4581 3174 0
4508 4402 4408 4509 859 4396 4403 863 0
3278 4564 1325 3277 3254 4560 2228 3253 0
3948 4508 4509 3973 665 859 863 669 0
3277 1325 1329 3302 3253 2228 2230 3279 0
3920 4507 4508 3948 847 855 859 665 0
3302 1329 1333 3325 3279 2230 2232 3303 0
3891 4505 4507 3920 845 851 855 847 0
1325 1341 1345 1329 2228 2240 2242 2230 0
844 3920 3948 650 843 847 665 649 0
1329 1345 1349 1333 2230 2242 2244 2232 0
842 3891 3920 844 841 845 847 843 0
2936 277 281 2922 2924 344 348 2911 0
3308 4296 4292 3330 3286 2327 2749 3309 0
3142 74 78 3167 3166 73 77 3193 0
2951 4585 277 2936 2938 4586 344 2924 0
3285 4300 4296 3308 3262 2325 2327 3286 0
3167 78 18 3194 3193 77 17 3220 0
3518 3512 3513 3519 1051 1067 3562 3566 0
830 4406 4412 4481 829 4400 4407 4486 0
828 4399 4406 830 827 4389 4400 829 0
827 4389 4400 829 400 4378 4390 404 0
826 4388 4399 828 825 4377 4389 827 0
825 4377 4389 827 396 4367 4378 400 0
2970 2061 2063 2982 2969 1780 1784 2981 0
3526 3518 3519 3527 1035 1051 3566 3572 0
156 830 4481 4473 155 829 4486 4477 0
3077 1091 1095 3095 3061 1090 1094 3078 0
3339 111 137 3360 3359 248 1974 3379 0
967 983 987 971 966 982 986 970 0
2713 4033 4048 2717 732 4040 4053 736 0
906 922 4198 4204 905 921 4203 4209 0
574 590 594 578 573 589 593 577 0
988 1004 3589 3579 987 4134 3598 3587 0
3054 571 575 3071 3070 570 574 3088 0
4532 4339 4329 1806 4538 4332 4324 1805 0
3018 787 791 3032 3017 786 790 3031 0
3017 786 790 3031 3023 785 789 3038 0
3532 3524 3518 3526 1031 1047 1051 1035 0
3005 783 787 3018 3004 782 786 3017 0
1031 1047 1051 1035 1030 1046 1050 1034 0
3004 782 786 3017 3009 781 785 3023 0
3538 3530 3524 3532 3635 3629 1047 1031 0
2993 779 783 3005 2992 778 782 3004 0
3635 3629 1047 1031 3641 3633 1046 1030 0
2992 778 782 3004 2996 777 781 3009 0
905 921 4203 4209 2350 2354 4208 4214 0
573 589 593 577 648 664 2050 2046 0
732 4040 4053 736 731 4052 4063 735 0
2241 3689 3986 2243 2026 3935 3962 2028 0
76 84 88 80 75 83 87 79 0
2350 2354 4208 4214 2349 2353 4213 4219 0
648 664 2050 2046 647 663 2049 2045 0
731 4052 4063 735 730 4062 4072 734 0
2349 2353 4213 4219 1268 1276 4218 4222 0
647 663 2049 2045 646 662 1692 1684 0
730 4062 4072 734 4248 4071 4081 4252 0
921 4043 4056 4203 2354 4028 4044 4208 0
589 3951 3976 593 664 3975 3998 2050 0
716 732 736 720 715 731 735 719 0
2229 2241 2243 2231 2018 2026 2028 2020 0
84 92 96 88 83 91 95 87 0
2354 4028 4044 4208 2353 4010 4029 4213 0
664 3975 3998 2050 663 3997 4017 2049 0
715 731 735 719 714 730 734 718 0
2353 4010 4029 4213 1276 3989 4011 4218 0
663 3997 4017 2049 662 4016 4034 1692 0
714 730 734 718 4244 4248 4252 4246 0
3289 716 720 3312 3267 715 719 3291 0
3255 2229 2231 3280 3229 2018 2020 3256 0
92 850 854 96 91 849 853 95 0
3267 715 719 3291 3266 714 718 3290 0
3266 714 718 3290 3276 4244 4246 3299 0
688 4357 4367 396 687 4349 4358 395 0
1835 4418 4421 4496 1834 4415 4419 4490 0
124 688 396 126 123 687 395 125 0
859 4396 4403 863 858 4386 4397 862 0
453 469 731 715 2440 2448 730 714 0
660 3950 3975 664 659 3974 3997 663 0
1559 1575 1499 1483 1558 1574 1498 1482 0
1140 1156 1160 1144 1139 1155 1159 1143 0
858 4386 4397 862 857 4375 4387 861 0
2440 2448 730 714 4243 4247 4248 4244 0
659 3974 3997 663 658 3996 4016 662 0
1558 1574 1498 1482 3488 3494 3498 3493 0
1139 1155 1159 1143 1138 1154 1158 1142 0
658 3996 4016 662 657 673 677 661 0
1138 1154 1158 1142 1137 1153 1157 1141 0
654 3973 3996 658 653 669 673 657 0
4564 4558 1341 1325 4560 4556 2240 2228 0
650 3948 3973 654 649 665 669 653 0
3254 4560 2228 3253 3228 4559 2227 3227 0
665 859 863 669 52 858 862 56 0
469 4039 4052 731 2448 4051 4062 730 0
644 660 664 648 643 659 663 647 0
2906 1559 1483 2918 2905 1558 1482 2917 0
1156 3759 3740 1160 1155 3742 3724 1159 0
3228 4559 2227 3227 3203 4562 2226 3202 0
52 858 862 56 51 857 861 55 0
3334 724 728 3355 3314 723 727 3336 0
2448 4051 4062 730 4247 4061 4071 4248 0
643 659 663 647 642 658 662 646 0
2905 1558 1482 2917 2908 3488 3493 2919 0
1155 3742 3724 1159 1154 3727 3711 1158 0
642 658 662 646 641 657 661 645 0
1154 3727 3711 1158 1153 3726 3710 1157 0
3253 2228 2230 3279 3227 2227 2229 3255 0
847 855 859 665 96 854 858 52 0
465 4023 4039 469 2446 4038 4051 2448 0
640 656 660 644 639 655 659 643 0
3227 2227 2229 3255 3202 2226 2018 3229 0
96 854 858 52 95 853 857 51 0
3312 720 724 3334 3291 719 723 3314 0
2446 4038 4051 2448 4250 4050 4061 4247 0
639 655 659 643 638 654 658 642 0
638 654 658 642 637 653 657 641 0
3279 2230 2232 3303 3255 2229 2231 3280 0
845 851 855 847 92 850 854 96 0
4558 3984 3985 1341 4556 3960 3961 2240 0
634 650 654 638 633 649 653 637 0
4560 4556 2240 2228 4559 4555 2239 2227 0
649 665 669 653 36 52 56 40 0
3105 644 648 3125 3124 643 647 3147 0
2228 2240 2242 2230 2227 2239 2241 2229 0
843 847 665 649 88 96 52 36 0
3086 640 644 3105 3104 639 643 3124 0
2230 2242 2244 2232 2229 2241 2243 2231 0
841 845 847 843 84 92 96 88 0
3068 636 640 3086 3085 635 639 3104 0
1448 1456 1562 1546 3473 3477 3478 3474 0
1897 1905 1909 1901 2814 2818 2820 2816 0
924 4186 4187 4197 923 939 4192 4196 0
592 3870 3898 596 591 3896 3925 595 0
2814 2818 2820 2816 2813 2817 2819 2815 0
923 939 4192 4196 922 938 4195 4198 0
591 3896 3925 595 590 3924 3952 594 0
2705 2713 2717 2709 716 732 736 720 0
922 938 4195 4198 921 4043 4056 4203 0
590 3924 3952 594 589 3951 3976 593 0
951 967 971 955 950 966 970 954 0
1901 1909 523 507 2816 2820 522 506 0
588 3842 3870 592 587 3868 3896 591 0
1446 1454 1456 1448 3475 3480 3477 3473 0
2816 2820 522 506 2815 2819 521 505 0
587 3868 3896 591 586 3895 3924 590 0
956 972 3571 3565 955 971 3577 3569 0
455 471 2713 2705 454 470 732 716 0
586 3895 3924 590 585 3923 3951 589 0
955 971 3577 3569 954 970 3585 3575 0
1456 3897 3869 1562 3477 3483 3484 3478 0
1905 3697 3709 1909 2818 3692 3700 2820 0
908 924 4197 4202 907 923 4196 4201 0
576 592 596 580 575 591 595 579 0
2818 3692 3700 2820 2817 3693 3701 2819 0
907 923 4196 4201 906 922 4198 4204 0
575 591 595 579 574 590 594 578 0
1909 3709 3725 523 2820 3700 3712 522 0
572 588 592 576 571 587 591 575 0
1454 3926 3897 1456 3480 3487 3483 3477 0
2820 3700 3712 522 2819 3701 3713 521 0
571 587 591 575 570 586 590 574 0
972 988 3579 3571 971 987 3587 3577 0
471 4015 4033 2713 470 4024 4040 732 0
570 586 590 574 569 585 589 573 0
971 987 3587 3577 970 986 3597 3585 0
3524 3516 3512 3518 1047 1063 1067 1051 0
3387 904 908 3406 3368 903 907 3388 0
3079 580 584 3097 3089 579 583 3108 0
62 828 830 156 61 827 829 155 0
3376 1622 1986 3395 3381 4262 4264 3399 0
1047 1063 1067 1051 1046 1062 1066 1050 0
3368 903 907 3388 3348 902 906 3369 0
3089 579 583 3108 3107 578 582 3127 0
61 827 829 155 128 400 404 154 0
3406 908 4202 3424 3388 907 4201 3407 0
3062 576 580 3079 3071 575 579 3089 0
1807 4337 4338 1369 1806 4329 4330 1810 0
4507 4395 4402 4508 855 4385 4396 859 0
3388 907 4201 3407 3369 906 4204 3389 0
3071 575 579 3089 3088 574 578 3107 0
1806 4329 4330 1810 1805 4324 4325 1809 0
855 4385 4396 859 854 4374 4386 858 0
449 465 469 453 2438 2446 2448 2440 0
656 3922 3950 660 655 3949 3974 659 0
3369 906 4204 3389 3349 905 4209 3370 0
3088 574 578 3107 3106 573 577 3126 0
983 4136 4134 987 982 4147 4143 986 0
854 4374 4386 858 853 4364 4375 857 0
2438 2446 2448 2440 4245 4250 4247 4243 0
655 3949 3974 659 654 3973 3996 658 0
4505 4383 4395 4507 851 4372 4385 855 0
3296 29 139 3319 3318 112 138 3340 0
3158 1957 1959 3184 3135 1930 1932 3159 0
3046 572 576 3062 3054 571 575 3071 0
4526 4346 4337 1807 4532 4339 4329 1806 0
851 4372 4385 855 850 4362 4374 854 0
3318 112 138 3340 3339 111 137 3360 0
3135 1930 1932 3159 3114 1929 1931 3136 0
850 4362 4374 854 849 4353 4364 853 0
3070 570 574 3088 3087 569 573 3106 0
987 4134 3598 3587 986 4143 3608 3597 0
3557 3558 3553 3552 4578 4075 4076 2611 0
787 803 807 791 786 802 806 790 0
4599 3956 3928 357 4600 3979 3954 1452 0
528 3760 3781 532 527 3743 3762 531 0
3640 3649 983 967 3647 3657 982 966 0
3450 2267 4217 3460 3437 2266 4212 3451 0
3095 1095 1929 3114 3078 1094 1714 3096 0
3317 109 111 3339 3338 246 248 3359 0
3628 3634 968 952 3632 3640 967 951 0
4601 4602 4216 4220 2267 2275 4211 4217 0
110 118 120 112 109 117 119 111 0
1932 1940 1942 1934 1931 1939 1941 1933 0
3647 3657 982 966 3655 3666 981 965 0
3437 2266 4212 3451 3423 2265 4207 3438 0
3338 246 248 3359 3358 4456 4459 3378 0
3078 1094 1714 3096 3063 1093 1713 3080 0
4602 4603 4215 4216 2275 4604 4210 4211 0
118 126 128 120 117 125 127 119 0
1940 3860 3889 1942 1939 3861 3890 1941 0
3632 3640 967 951 3638 3647 966 950 0
2231 2243 913 897 2020 2028 2030 2022 0
232 240 92 84 231 239 91 83 0
723 739 743 727 722 738 742 726 0
4562 4557 2238 2226 4566 4561 2237 2225 0
35 51 55 39 34 50 54 38 0
738 4082 4090 742 4256 4089 4097 4260 0
4561 3876 3877 2237 4565 3848 3849 2740 0
4304 4299 4295 4300 2323 2331 2333 2325 0
18 34 38 22 17 33 37 21 0
3330 4292 4288 3351 3309 2749 2751 3331 0
3119 222 74 3142 3141 221 73 3166 0
2922 281 285 2910 2911 348 352 2898 0
3084 1080 634 3103 3102 1079 633 3122 0
3314 723 727 3336 3313 722 726 3335 0
3203 4562 2226 3202 3178 4566 2225 3177 0
51 857 861 55 50 1374 1376 54 0
722 738 742 726 4251 4256 4260 4255 0
4566 4561 2237 2225 4570 4565 2740 2736 0
4299 3969 3992 4295 2331 3945 3970 2333 0
34 50 54 38 33 49 53 37 0
897 913 917 901 2022 2030 2032 2024 0
4522 4517 240 232 4528 4521 239 231 0
719 735 739 723 718 734 738 722 0
2226 2238 2026 2018 2225 2237 2025 2017 0
87 95 51 35 86 94 50 34 0
734 4072 4082 738 4252 4081 4089 4256 0
2237 3877 3906 2025 2740 3849 3878 1228 0
4300 4295 4291 4296 2325 2333 2335 2327 0
78 86 34 18 77 85 33 17 0
3351 4288 4284 3371 3331 2751 2707 3352 0
3118 4541 222 3119 3140 4547 221 3141 0
3682 3672 2195 1365 3687 3680 2300 2256 0
3066 1078 1080 3084 3083 1077 1079 3102 0
3291 719 723 3314 3290 718 722 3313 0
3202 2226 2018 3229 3177 2225 2017 3204 0
95 853 857 51 94 1372 1374 50 0
718 734 738 722 4246 4252 4256 4251 0
2225 2237 2025 2017 2736 2740 1228 1212 0
4295 3992 4012 4291 2333 3970 3993 2335 0
86 94 50 34 85 93 49 33 0
3102 1079 633 3122 3121 80 20 3144 0
1809 4325 4333 1811 2170 4326 4334 2172 0
2984 4181 4180 2972 2974 4593 279 2961 0
3313 722 726 3335 3321 4251 4255 3342 0
3178 4566 2225 3177 3153 4570 2736 3152 0
50 1374 1376 54 49 1373 1375 53 0
3287 452 456 3310 3264 451 455 3288 0
3165 1752 176 3192 3191 1751 175 3218 0
724 740 744 728 723 739 743 727 0
4559 4555 2239 2227 4562 4557 2238 2226 0
36 52 56 40 35 51 55 39 0
2243 3986 4008 913 2028 3962 3987 2030 0
224 232 84 76 223 231 83 75 0
739 4073 4083 743 738 4082 4090 742 0
4557 3904 3905 2238 4561 3876 3877 2237 0
19 35 39 23 18 34 38 22 0
3100 223 75 3120 3119 222 74 3142 0
2934 282 286 2921 2922 281 285 2910 0
3687 3680 2300 2256 3689 3685 4237 3986 0
3083 1077 1079 3102 3101 76 80 3121 0
1811 4333 4341 683 2172 4334 4342 682 0
2972 4180 4178 2959 2961 279 283 2947 0
3290 718 722 3313 3299 4246 4251 3321 0
3177 2225 2017 3204 3152 2736 1212 3179 0
94 1372 1374 50 93 1371 1373 49 0
720 736 740 724 719 735 739 723 0
2227 2239 2241 2229 2226 2238 2026 2018 0
88 96 52 36 87 95 51 35 0
913 4008 4027 917 2030 3987 4009 2032 0
4529 4522 232 224 4535 4528 231 223 0
735 4063 4073 739 734 4072 4082 738 0
2238 3905 3935 2026 2237 3877 3906 2025 0
79 87 35 19 78 86 34 18 0
3099 4535 223 3100 3118 4541 222 3119 0
740 4064 4074 744 739 4073 4083 743 0
4555 3933 3934 2239 4557 3904 3905 2238 0
20 36 40 24 19 35 39 23 0
3082 224 76 3101 3100 223 75 3120 0
4544 4331 4323 2420 4425 4335 4327 4423 0
2947 283 287 2933 2934 282 286 2921 0
736 4053 4064 740 735 4063 4073 739 0
2239 3934 3689 2241 2238 3905 3935 2026 0
80 88 36 20 79 87 35 19 0
3081 4529 224 3082 3099 4535 223 3100 0
3239 450 454 3265 3215 449 453 3241 0
2899 347 351 2888 2889 346 350 2880 0
3003 780 784 3016 2993 779 783 3005 0
3269 178 182 3293 3292 4444 4448 3315 0
3016 784 788 3030 3005 783 787 3018 0
3244 174 178 3269 3268 4439 4444 3292 0
3060 517 1091 3077 3045 792 1090 3061 0
3270 105 107 3294 3293 182 184 3316 0
4569 3822 3823 2739 4164 3777 3799 1300 0
1936 1944 460 444 1935 1943 459 443 0
106 114 116 108 105 113 115 107 0
986 4143 3608 3597 985 4141 3616 3607 0
3087 569 573 3106 3105 644 648 3125 0
2901 342 346 2889 2892 341 345 2882 0
3189 445 449 3215 3188 2436 2438 3214 0
3323 4572 1327 3322 3301 4568 1326 3300 0
3045 792 1090 3061 3032 791 1089 3047 0
3293 182 184 3316 3315 4448 4452 3337 0
970 986 3597 3585 969 985 3607 3595 0
470 4024 4040 732 469 4039 4052 731 0
569 585 589 573 644 660 664 648 0
3015 505 509 3029 3003 780 784 3016 0
3245 179 105 3270 3269 178 182 3293 0
3122 633 637 3145 3144 20 24 3169 0
3192 176 180 3219 3218 175 179 3245 0
3263 448 452 3287 3238 447 451 3264 0
3029 509 513 3044 3016 784 788 3030 0
3218 175 179 3245 3244 174 178 3269 0
3044 513 517 3060 3030 788 792 3045 0
3294 107 109 3317 3316 184 246 3338 0
2155 1011 1015 2159 2154 1010 1014 2158 0
293 3914 3885 297 360 3888 3859 364 0
519 535 1185 1181 518 534 1100 1092 0
794 3750 3771 798 793 3769 3791 797 0
2915 4591 342 2901 2904 4595 341 2892 0
3163 441 445 3189 3162 2434 2436 3188 0
3322 1327 1331 3345 3300 1326 1330 3324 0
2739 3823 3850 1227 1300 3799 3824 1226 0
180 192 114 106 179 191 113 105 0
444 460 464 448 443 459 463 447 0
3542 3534 3535 3543 2163 1019 3580 3590 0
302 3883 3854 2092 301 3856 3829 2091 0
2065 3703 3717 2067 1788 3715 3731 1792 0
140 148 4467 4463 139 147 4470 4465 0
1184 1188 1962 1958 1183 1187 1961 1957 0
3030 788 792 3045 3018 787 791 3032 0
3316 184 246 3338 3337 4452 4456 3358 0
3457 3542 3543 3465 3448 2163 3590 3458 0
3297 140 4463 3320 3319 139 4465 3341 0
3157 1184 1958 3183 3134 1183 1957 3158 0
968 984 988 972 967 983 987 971 0
952 968 972 956 951 967 971 955 0
918 934 938 922 917 4027 4043 921 0
594 3952 3977 598 593 3976 3999 4503 0
2586 4111 4119 4321 2585 4112 4120 4319 0
112 120 146 138 111 119 145 137 0
1930 1938 1940 1932 1929 1937 1939 1931 0
1011 3635 1031 1015 1010 3641 1030 1014 0
277 293 297 281 344 360 364 348 0
535 3783 3805 1185 534 3765 3786 1100 0
778 794 798 782 777 793 797 781 0
2926 4587 343 2913 2915 4591 342 2901 0
3187 442 446 3213 3163 441 445 3189 0
3343 1328 1332 3365 3322 1327 1331 3345 0
3219 180 106 3246 3245 179 105 3270 0
3237 444 448 3263 3212 443 447 3238 0
286 302 2092 2084 285 301 2091 2083 0
2061 2065 2067 2063 1780 1788 1792 1784 0
3534 3526 3527 3535 1019 1035 3572 3580 0
148 156 4473 4467 147 155 4477 4470 0
1188 3855 3884 1962 1187 3830 3857 1961 0
3530 3522 3516 3524 3629 3625 1063 1047 0
58 826 828 62 57 825 827 61 0
3356 1618 1622 3376 3362 4259 4262 3381 0
682 4342 4350 686 4430 4343 4351 4435 0
1963 3886 3915 2329 1940 3860 3889 1942 0
41 57 61 45 118 126 128 120 0
3006 4543 1781 3007 3019 4537 1872 3020 0
1606 2182 3584 3596 1605 2181 3594 3606 0
390 402 4502 4497 4454 4449 4453 4457 0
902 918 922 906 901 917 921 905 0
578 594 598 582 577 593 4503 4499 0
2578 2586 4321 4318 2577 2585 4319 4316 0
120 128 154 146 119 127 153 145 0
1938 3833 3860 1940 1937 3834 3861 1939 0
44 60 64 48 43 59 63 47 0
1620 1628 1632 1624 1619 1627 1631 1623 0
1050 1066 3564 3570 1049 1065 3568 3576 0
404 4390 4401 4493 403 4379 4391 4498 0
3130 4573 2735 3129 3090 4168 1296 3109 0
122 684 688 124 121 683 687 123 0
27 43 47 31 26 42 46 30 0
1627 4091 4099 1631 1626 4098 4106 1630 0
684 4348 4357 688 683 4341 4349 687 0
43 59 63 47 42 58 62 46 0
1619 1627 1631 1623 1618 1626 1630 1622 0
1049 1065 3568 3576 2182 2190 3574 3584 0
403 4379 4391 4498 402 4380 4392 4502 0
4229 4227 4303 4307 1959 1963 2329 2321 0
26 42 46 30 25 41 45 29 0
1626 4098 4106 1630 4263 4105 4113 4265 0
40 56 60 44 39 55 59 43 0
728 744 1628 1620 727 743 1627 1619 0
23 39 43 27 22 38 42 26 0
743 4083 4091 1627 742 4090 4098 1626 0
3120 75 79 3143 3142 74 78 3167 0
2949 278 282 2934 2936 277 281 2922 0
39 55 59 43 38 54 58 42 0
727 743 1627 1619 726 742 1626 1618 0
4307 4303 4299 4304 2321 2329 2331 2323 0
22 38 42 26 21 37 41 25 0
742 4090 4098 1626 4260 4097 4105 4263 0
3634 3642 984 968 3640 3649 983 967 0
3459 4601 4220 3466 3450 2267 4217 3460 0
3295 110 112 3318 3317 109 111 3339 0
3159 1932 1934 3185 3136 1931 1933 3160 0
683 4341 4349 687 682 4342 4350 686 0
4227 3913 3943 4303 1963 3886 3915 2329 0
42 58 62 46 41 57 61 45 0
1618 1626 1630 1622 4259 4263 4265 4262 0
2182 2190 3574 3584 2181 2189 3582 3594 0
402 4380 4392 4502 4449 4381 4393 4453 0
1959 1963 2329 2321 1932 1940 1942 1934 0
25 41 45 29 110 118 120 112 0
3085 635 639 3104 3103 634 638 3123 0
3146 642 646 3171 3170 641 645 3197 0
3236 2323 2325 3262 3211 1936 444 3237 0
3220 17 21 3247 3246 106 108 3271 0
3271 108 110 3295 3294 107 109 3317 0
3185 1934 1936 3211 3160 1933 1935 3186 0
687 4349 4358 395 686 4350 4359 394 0
4303 3943 3969 4299 2329 3915 3945 2331 0
38 54 58 42 37 53 57 41 0
726 742 1626 1618 4255 4260 4263 4259 0
2321 2329 2331 2323 1934 1942 1944 1936 0
21 37 41 25 108 116 118 110 0
4578 4075 4076 2611 4576 4065 4066 2468 0
527 3743 3762 531 526 3728 3746 530 0
786 802 806 790 785 801 805 789 0
4600 3979 3954 1452 3491 3496 3492 3486 0
1051 1067 3562 3566 1050 1066 3564 3570 0
829 4400 4407 4486 404 4390 4401 4493 0
28 44 48 32 27 43 47 31 0
1628 4084 4092 1632 1627 4091 4099 1631 0
4573 4569 2739 2735 4168 4164 1300 1296 0
1944 3918 3946 460 1943 3919 3947 459 0
114 122 124 116 113 121 123 115 0
3222 27 31 3249 3248 26 30 3273 0
3124 643 647 3147 3146 642 646 3171 0
3261 4304 4300 3285 3236 2323 2325 3262 0
3194 18 22 3221 3220 17 21 3247 0
24 40 44 28 23 39 43 27 0
744 4074 4084 1628 743 4083 4091 1627 0
2735 2739 1227 1211 1296 1300 1226 1210 0
192 204 122 114 191 203 121 113 0
460 3946 3971 464 459 3947 3972 463 0
3195 23 27 3222 3221 22 26 3248 0
686 4350 4359 394 4435 4351 4360 4441 0
2329 3915 3945 2331 1942 3889 3918 1944 0
37 53 57 41 116 124 126 118 0
108 116 118 110 107 115 117 109 0
1934 1942 1944 1936 1933 1941 1943 1935 0
982 4147 4143 986 981 4145 4141 985 0
2889 346 350 2880 2882 345 349 2876 0
3211 1936 444 3237 3186 1935 443 3212 0
3246 106 108 3271 3270 105 107 3294 0
4565 3848 3849 2740 4569 3822 3823 2739 0
2323 2331 2333 2325 1936 1944 460 444 0
17 33 37 21 106 114 116 108 0
1015 1031 1035 1019 1014 1030 1034 1018 0
4585 4589 293 277 4586 4590 360 344 0
531 3762 3783 535 530 3746 3765 534 0
782 798 802 786 781 797 801 785 0
2913 343 347 2899 2901 342 346 2889 0
3213 446 450 3239 3189 445 449 3215 0
3344 4575 1328 3343 3323 4572 1327 3322 0
3168 19 23 3195 3194 18 22 3221 0
4570 4565 2740 2736 4573 4569 2739 2735 0
2331 3945 3970 2333 1944 3918 3946 460 0
33 49 53 37 114 122 124 116 0
3196 28 32 3223 3222 27 31 3249 0
116 124 126 118 115 123 125 117 0
1942 3889 3918 1944 1941 3890 3919 1943 0
3169 24 28 3196 3195 23 27 3222 0
3629 3625 1063 1047 3633 3627 1062 1046 0
57 825 827 61 126 396 400 128 0
4543 4536 1789 1781 4537 4530 1880 1872 0
386 390 4497 4491 4458 4454 4457 4460 0
1602 1606 3596 1604 1601 1605 3606 1603 0
1724 3874 3902 1726 1723 3900 3929 1725 0
3104 639 643 3124 3123 638 642 3146 0
3143 79 19 3168 3167 78 18 3194 0
2963 4588 278 2949 2951 4585 277 2936 0
3184 1959 2321 3210 3159 1932 1934 3185 0
3272 25 29 3296 3295 110 112 3318 0
3101 76 80 3121 3120 75 79 3143 0
2172 4334 4342 682 4426 4336 4343 4430 0
2961 279 283 2947 2949 278 282 2934 0
3103 634 638 3123 3122 633 637 3145 0
3121 80 20 3144 3143 79 19 3168 0
2170 4326 4334 2172 4424 4328 4336 4426 0
2974 4593 279 2961 2963 4588 278 2949 0
3123 638 642 3146 3145 637 641 3170 0
3144 20 24 3169 3168 19 23 3195 0
3209 4229 4307 3235 3184 1959 2321 3210 0
3248 26 30 3273 3272 25 29 3296 0
954 970 3585 3575 953 969 3595 3583 0
454 470 732 716 453 469 731 715 0
585 3923 3951 589 660 3950 3975 664 0
3235 4307 4304 3261 3210 2321 2323 3236 0
3221 22 26 3248 3247 21 25 3272 0
3638 3647 966 950 3645 3655 965 949 0
3633 3627 1062 1046 3639 3631 1061 1045 0
126 396 400 128 125 395 399 127 0
3210 2321 2323 3236 3185 1934 1936 3211 0
3247 21 25 3272 3271 108 110 3295 0
396 4367 4378 400 395 4358 4368 399 0
3434 2159 2163 3448 3420 2158 2162 3435 0
3075 515 519 3093 3059 514 518 3076 0
797 3791 3814 801 1416 3813 3839 1418 0
2158 1014 1018 2162 2157 1013 1017 2161 0
4590 3917 3888 360 4592 3916 3887 359 0
514 530 534 518 513 529 533 517 0
781 797 801 785 1404 1416 1418 1406 0
1014 1030 1034 1018 1013 1029 1033 1017 0
530 3746 3765 534 529 3747 3766 533 0
4586 4590 360 344 4587 4592 359 343 0
3447 3548 3542 3457 3434 2159 2163 3448 0
3092 516 520 3111 3075 515 519 3093 0
2159 1015 1019 2163 2158 1014 1018 2162 0
798 3771 3793 802 797 3791 3814 801 0
4589 3944 3914 293 4590 3917 3888 360 0
515 531 535 519 514 530 534 518 0
3548 3540 3534 3542 2159 1015 1019 2163 0
799 3752 3773 803 798 3771 3793 802 0
4594 3968 3942 294 4589 3944 3914 293 0
516 532 536 520 515 531 535 519 0
3554 3546 3540 3548 2155 1011 1015 2159 0
795 3733 3752 799 794 3750 3771 798 0
294 3942 3912 298 293 3914 3885 297 0
520 536 1186 1182 519 535 1185 1181 0
4538 4332 4324 1805 4544 4331 4323 2420 0
2959 4178 4176 2946 2947 283 287 2933 0
2256 2300 2302 930 3986 4237 4235 4008 0
3065 1869 1077 3083 3082 224 76 3101 0
2067 3717 3733 795 1792 3731 3750 794 0
298 3912 3883 302 297 3885 3856 301 0
1182 1186 1188 1184 1181 1185 1187 1183 0
783 799 803 787 782 798 802 786 0
3540 3532 3526 3534 1015 1031 1035 1019 0
532 3781 3803 536 531 3762 3783 535 0
4588 4594 294 278 4585 4589 293 277 0
3449 3599 4601 3459 3436 2165 2267 3450 0
3094 1092 1096 3113 3077 1091 1095 3095 0
784 800 804 788 783 799 803 787 0
174 186 190 178 4439 4433 4437 4444 0
4593 4597 295 279 4588 4594 294 278 0
1225 3801 3826 1229 532 3781 3803 536 0
525 3729 3747 529 800 3735 3754 804 0
187 199 203 191 186 198 202 190 0
4179 4005 3983 4177 4597 3991 3967 295 0
1210 1226 1230 1214 1209 1225 1229 1213 0
509 525 529 513 784 800 804 788 0
175 187 191 179 174 186 190 178 0
4181 4179 4177 4180 4593 4597 295 279 0
1226 3824 3851 1230 1225 3801 3826 1229 0
779 795 799 783 778 794 798 782 0
3546 3538 3532 3540 1011 3635 1031 1015 0
278 294 298 282 277 293 297 281 0
536 3803 3828 1186 535 3783 3805 1185 0
796 3719 3735 800 795 3733 3752 799 0
190 202 206 194 4437 4431 4436 4443 0
295 3967 3940 299 294 3942 3912 298 0
1213 1229 1233 1217 520 536 1186 1182 0
3435 2162 3599 3449 3421 2161 2165 3436 0
3340 138 4469 3361 3360 137 4475 3380 0
3113 1096 1930 3135 3095 1095 1929 3114 0
780 796 800 784 779 795 799 783 0
178 190 194 182 4444 4437 4443 4448 0
279 295 299 283 278 294 298 282 0
1229 3826 3853 1233 536 3803 3828 1186 0
521 3713 3729 525 796 3719 3735 800 0
191 203 121 113 190 202 206 194 0
4177 3983 3959 4175 295 3967 3940 299 0
1214 1230 1234 1218 1213 1229 1233 1217 0
3448 2163 3590 3458 3435 2162 3599 3449 0
3319 139 4465 3341 3340 138 4469 3361 0
3134 1183 1957 3158 3113 1096 1930 3135 0
505 521 525 509 780 796 800 784 0
179 191 113 105 178 190 194 182 0
4180 4177 4175 4178 279 295 299 283 0
1230 3851 3880 1234 1229 3826 3853 1233 0
2063 2067 795 779 1784 1792 794 778 0
282 298 302 286 281 297 301 285 0
1186 3828 3855 1188 1185 3805 3830 1187 0
2938 4586 344 2924 2926 4587 343 2913 0
3363 2463 2153 3384 3343 1328 1332 3365 0
3212 443 447 3238 3187 442 446 3213 0
2924 344 348 2911 2913 343 347 2899 0
800 3735 3754 804 799 3752 3773 803 0
186 198 202 190 4433 4428 4431 4437 0
4597 3991 3967 295 4594 3968 3942 294 0
1209 1225 1229 1213 516 532 536 520 0
2911 348 352 2898 2899 347 351 2888 0
2638 2642 4314 4311 4268 4271 4272 4270 0
920 3614 4186 924 919 935 939 923 0
596 3898 3927 600 595 3925 3953 599 0
4301 4125 4130 4305 2587 4118 4126 4322 0
30 46 148 140 29 45 147 139 0
1958 1962 4227 4229 1957 1961 1963 1959 0
1630 4106 4114 1994 4265 4113 4121 4267 0
950 966 970 954 949 965 969 953 0
3273 30 140 3297 3296 29 139 3319 0
3183 1958 4229 3209 3158 1957 1959 3184 0
395 4358 4368 399 394 4359 4369 398 0
919 935 939 923 918 934 938 922 0
595 3925 3953 599 594 3952 3977 598 0
2587 4118 4126 4322 2586 4111 4119 4321 0
29 45 147 139 112 120 146 138 0
1957 1961 1963 1959 1930 1938 1940 1932 0
2642 4128 4132 4314 4271 4131 4133 4272 0
904 920 924 908 903 919 923 907 0
580 596 600 584 579 595 599 583 0
4306 4301 4305 4308 2579 2587 4322 4320 0
46 62 156 148 45 61 155 147 0
1962 3884 3913 4227 1961 3857 3886 1963 0
1622 1630 1994 1986 4262 4265 4267 4264 0
399 4368 4379 403 398 4369 4380 402 0
1834 4415 4419 4490 1833 4411 4416 4482 0
1046 1062 1066 1050 1045 1061 1065 1049 0
3348 902 906 3369 3327 901 905 3349 0
3107 578 582 3127 3126 577 4499 3149 0
128 400 404 154 127 399 403 153 0
394 4359 4369 398 4441 4360 4370 4445 0
903 919 923 907 902 918 922 906 0
579 595 599 583 578 594 598 582 0
2579 2587 4322 4320 2578 2586 4321 4318 0
45 61 155 147 120 128 154 146 0
1961 3857 3886 1963 1938 3833 3860 1940 0
398 4369 4380 402 4445 4370 4381 4449 0
3009 781 785 3023 3022 1404 1406 3037 0
1030 1046 1050 1034 1029 1045 1049 1033 0
400 4378 4390 404 399 4368 4379 403 0
916 932 3614 920 915 931 935 919 0
600 3927 3955 1660 599 3953 3978 1659 0
4531 4523 1879 1871 4525 4519 1878 1870 0
3364 4577 2463 3363 3344 4575 1328 3343 0
3238 447 451 3264 3213 446 450 3239 0
3264 451 455 3288 3239 450 454 3265 0
3420 2158 2162 3435 3403 2157 2161 3421 0
3059 514 518 3076 3044 513 517 3060 0
3383 4579 2464 3382 3364 4577 2463 3363 0
3043 510 514 3059 3029 509 513 3044 0
898 914 918 902 897 913 917 901 0
582 598 1658 1650 4499 4503 4583 4581 0
4518 4515 1885 1877 4522 4517 240 232 0
3382 2464 2154 3402 3363 2463 2153 3384 0
3028 506 510 3043 3015 505 509 3029 0
3401 4580 2607 3400 3383 4579 2464 3382 0
3058 511 515 3075 3043 510 514 3059 0
914 930 934 918 913 4008 4027 917 0
598 3977 4000 1658 4503 3999 4019 4583 0
4524 4518 1877 1869 4529 4522 232 224 0
3400 2607 2155 3419 3382 2464 2154 3402 0
3042 507 511 3058 3028 506 510 3043 0
899 915 919 903 898 914 918 902 0
583 599 1659 1651 582 598 1658 1650 0
4519 3862 3863 1878 4518 4515 1885 1877 0
3417 3559 3554 3433 3400 2607 2155 3419 0
3057 508 512 3074 3042 507 511 3058 0
900 916 920 904 899 915 919 903 0
584 600 1660 1652 583 599 1659 1651 0
4523 3835 3836 1879 4519 3862 3863 1878 0
915 931 935 919 914 930 934 918 0
599 3953 3978 1659 598 3977 4000 1658 0
4525 4519 1878 1870 4524 4518 1877 1869 0
3418 3561 3559 3417 3401 4580 2607 3400 0
3074 512 516 3092 3058 511 515 3075 0
4580 4578 2611 2607 4579 4576 2468 2464 0
802 3793 3816 806 801 3814 3840 805 0
4598 4600 1452 1444 3485 3491 3486 3479 0
511 527 531 515 510 526 530 514 0
3561 3557 3552 3559 4580 4578 2611 2607 0
803 3773 3795 807 802 3793 3816 806 0
4595 4599 357 341 4598 4600 1452 1444 0
512 528 532 516 511 527 531 515 0
2925 1130 1134 2939 2914 1129 1133 2927 0
2939 1134 1138 2953 2927 1133 1137 2940 0
4016 4511 4512 4034 677 1831 1835 1699 0
2953 1138 1142 2966 2940 1137 1141 2954 0
3996 4510 4511 4016 673 1827 1831 677 0
1574 3792 3770 1498 3494 3499 3502 3498 0
2965 1139 1143 2977 2953 1138 1142 2966 0
1575 3772 3751 1499 1574 3792 3770 1498 0
2976 1140 1144 2987 2965 1139 1143 2977 0
1130 1146 1150 1134 1129 1145 1149 1133 0
1134 1150 1154 1138 1133 1149 1153 1137 0
1276 3989 4011 4218 1275 3965 3990 4221 0
662 4016 4034 1692 661 677 1699 1691 0
1146 3764 3745 1150 1145 3763 3744 1149 0
1150 3745 3727 1154 1149 3744 3726 1153 0
1268 1276 4218 4222 1267 1275 4221 4224 0
646 662 1692 1684 645 661 1691 1683 0
3419 2155 2159 3434 3402 2154 2158 3420 0
3093 519 1181 3112 3076 518 1092 3094 0
3433 3554 3548 3447 3419 2155 2159 3434 0
3111 520 1182 3133 3093 519 1181 3112 0
3112 1181 1183 3134 3094 1092 1096 3113 0
3133 1182 1184 3157 3112 1181 1183 3134 0
199 1809 1811 203 198 2170 2172 202 0
3131 1210 1214 3155 3110 1209 1213 3132 0
203 1811 683 121 202 2172 682 206 0
3155 1214 1218 3181 3132 1213 1217 3156 0
4545 4538 1805 1767 4549 4544 2420 1766 0
3181 1218 1222 3207 3156 1217 1221 3182 0
188 200 204 192 187 199 203 191 0
464 3971 3994 468 463 3972 3995 467 0
1211 1227 1231 1215 1210 1226 1230 1214 0
2923 2087 1131 2937 2912 2086 1130 2925 0
1506 3730 3714 1510 3504 3508 3510 3507 0
468 3994 4014 472 467 3995 4015 471 0
1760 1768 200 188 1759 1767 199 187 0
1215 1231 1235 1219 1214 1230 1234 1218 0
2937 1131 1135 2952 2925 1130 1134 2939 0
1502 3749 3730 1506 3501 3505 3508 3504 0
2952 1135 1139 2965 2939 1134 1138 2953 0
1498 3770 3749 1502 3498 3502 3505 3501 0
176 188 192 180 175 187 191 179 0
448 464 468 452 447 463 467 451 0
1227 3850 3879 1231 1226 3824 3851 1230 0
2327 2335 2753 2749 448 464 468 452 0
73 81 85 77 176 188 192 180 0
1228 3878 3907 1232 1227 3850 3879 1231 0
2087 2095 1147 1131 2086 2094 1146 1130 0
1490 1506 1510 1494 3500 3504 3507 3503 0
452 468 472 456 451 467 471 455 0
1752 1760 188 176 1751 1759 187 175 0
1231 3879 3908 1235 1230 3851 3880 1234 0
2749 2753 2755 2751 452 468 472 456 0
221 229 81 73 1752 1760 188 176 0
1232 3907 3937 1236 1231 3879 3908 1235 0
1131 1147 1151 1135 1130 1146 1150 1134 0
1486 1502 1506 1490 3497 3501 3504 3500 0
2751 2755 2715 2707 456 472 2714 2706 0
4547 4540 229 221 4551 4546 1760 1752 0
1236 3937 3964 1240 1235 3908 3938 1239 0
1135 1151 1155 1139 1134 1150 1154 1138 0
1482 1498 1502 1486 3493 3498 3501 3497 0
1767 1805 1809 199 1766 2420 2170 198 0
3207 1222 1266 3233 3182 1221 1265 3208 0
3250 1682 4466 3275 3274 1681 4464 3298 0
1000 2846 2850 1004 4136 4137 4135 4134 0
3232 1223 1267 3259 3207 1222 1266 3233 0
3224 1683 4471 3251 3250 1682 4466 3275 0
2387 2847 2851 2389 1000 2846 2850 1004 0
3258 1224 1268 3283 3232 1223 1267 3259 0
3198 1684 4478 3225 3224 1683 4471 3251 0
3233 1266 4226 3260 3208 1265 4228 3234 0
3223 32 1682 3250 3249 31 1681 3274 0
3259 1267 4224 3284 3233 1266 4226 3260 0
3197 645 1683 3224 3223 32 1682 3250 0
3283 1268 4222 3307 3259 1267 4224 3284 0
3171 646 1684 3198 3197 645 1683 3224 0
2846 4274 4276 2850 4137 4139 4138 4135 0
2714 4032 4047 2718 2713 4033 4048 2717 0
1223 1239 1275 1267 1222 1238 1274 1266 0
1683 1691 4479 4471 1682 1690 4472 4466 0
2847 4273 4275 2851 2846 4274 4276 2850 0
2715 4046 4058 2719 2714 4032 4047 2718 0
1224 1240 1276 1268 1223 1239 1275 1267 0
1684 1692 4488 4478 1683 1691 4479 4471 0
1266 1274 4223 4226 1265 1273 4225 4228 0
32 48 1690 1682 31 47 1689 1681 0
1632 4092 4100 1996 1631 4099 4107 1995 0
1267 1275 4221 4224 1266 1274 4223 4226 0
645 661 1691 1683 32 48 1690 1682 0
2706 2714 2718 2710 2705 2713 2717 2709 0
1239 3938 3965 1275 1238 3909 3939 1274 0
1691 1699 4489 4479 1690 1698 4480 4472 0
2707 2715 2719 2711 2706 2714 2718 2710 0
1240 3964 3989 1276 1239 3938 3965 1275 0
1692 4034 4049 4488 1691 1699 4489 4479 0
1274 3939 3966 4223 1273 3911 3941 4225 0
48 64 1698 1690 47 63 1697 1689 0
1624 1632 1996 1988 1623 1631 1995 1987 0
1275 3965 3990 4221 1274 3939 3966 4223 0
661 677 1699 1691 48 64 1698 1690 0
206 682 686 208 4436 4430 4435 4442 0
3073 1293 1295 3091 3057 508 512 3074 0
121 683 687 123 206 682 686 208 0
3090 4168 1296 3109 3073 1293 1295 3091 0
208 686 394 254 4442 4435 4441 4446 0
3091 1295 1209 3110 3074 512 516 3092 0
123 687 395 125 208 686 394 254 0
3109 1296 1210 3131 3091 1295 1209 3110 0
198 2170 2172 202 4428 4424 4426 4431 0
3110 1209 1213 3132 3092 516 520 3111 0
808 3775 3797 1098 807 3795 3818 1097 0
194 206 208 196 4443 4436 4442 4447 0
342 358 362 346 341 357 361 345 0
1293 1297 1299 1295 508 524 528 512 0
533 3766 3787 1099 808 3775 3797 1098 0
113 121 123 115 194 206 208 196 0
343 359 363 347 342 358 362 346 0
4168 4164 1300 1296 1293 1297 1299 1295 0
804 3754 3775 808 803 3773 3795 807 0
196 208 254 250 4447 4442 4446 4451 0
4591 4596 358 342 4595 4599 357 341 0
1295 1299 1225 1209 512 528 532 516 0
529 3747 3766 533 804 3754 3775 808 0
115 123 125 117 196 208 254 250 0
4587 4592 359 343 4591 4596 358 342 0
1296 1300 1226 1210 1295 1299 1225 1209 0
792 808 1098 1090 791 807 1097 1089 0
182 194 196 184 4448 4443 4447 4452 0
358 3901 3873 362 357 3928 3899 361 0
1297 3758 3779 1299 524 3741 3760 528 0
517 533 1099 1091 792 808 1098 1090 0
105 113 115 107 182 194 196 184 0
359 3887 3858 363 358 3901 3873 362 0
4164 3777 3799 1300 1297 3758 3779 1299 0
1017 1033 3586 1021 1602 1606 3596 1604 0
145 153 4492 4484 386 390 4497 4491 0
1939 3861 3890 1941 1724 3874 3902 1726 0
4548 4542 1790 1782 4543 4536 1789 1781 0
788 804 808 792 787 803 807 791 0
184 196 250 246 4452 4447 4451 4456 0
4596 3930 3901 358 4599 3956 3928 357 0
1299 3779 3801 1225 528 3760 3781 532 0
513 529 533 517 788 804 808 792 0
107 115 117 109 184 196 250 246 0
4592 3916 3887 359 4596 3930 3901 358 0
1300 3799 3824 1226 1299 3779 3801 1225 0
3188 2436 2438 3214 3201 4249 4245 3226 0
3301 4568 1326 3300 3278 4564 1325 3277 0
2892 341 345 2882 2891 1444 1446 2881 0
3162 2434 2436 3188 3176 4253 4249 3201 0
3300 1326 1330 3324 3277 1325 1329 3302 0
2904 4595 341 2892 2903 4598 1444 2891 0
3138 1656 2434 3162 3151 4257 4253 3176 0
3324 1330 1334 3346 3302 1329 1333 3325 0
3139 1719 441 3163 3138 1656 2434 3162 0
3345 1331 1335 3366 3324 1330 1334 3346 0
3161 1720 442 3187 3139 1719 441 3163 0
3365 1332 1336 3385 3345 1331 1335 3366 0
2436 2444 2446 2438 4249 4254 4250 4245 0
651 3921 3949 655 650 3948 3973 654 0
4568 4563 1342 1326 4564 4558 1341 1325 0
445 461 465 449 2436 2444 2446 2438 0
652 3893 3922 656 651 3921 3949 655 0
4572 4567 1343 1327 4568 4563 1342 1326 0
2444 4022 4038 2446 4254 4037 4050 4250 0
635 651 655 639 634 650 654 638 0
4563 4006 4007 1342 4558 3984 3985 1341 0
461 4003 4023 465 2444 4022 4038 2446 0
636 652 656 640 635 651 655 639 0
4567 4025 4026 1343 4563 4006 4007 1342 0
1370 4345 4355 1372 1369 4338 4347 1371 0
849 4353 4364 853 1370 4345 4355 1372 0
1372 4355 4365 1374 1371 4347 4356 1373 0
853 4364 4375 857 1372 4355 4365 1374 0
1374 4365 4376 1376 1373 4356 4366 1375 0
857 4375 4387 861 1374 4365 4376 1376 0
3665 3654 2179 1367 3674 3663 2196 1366 0
3035 1398 1402 3051 3050 1397 1401 3067 0
3656 3646 2180 1368 3665 3654 2179 1367 0
3021 1399 1403 3036 3035 1398 1402 3051 0
3648 3639 1045 1029 3656 3646 2180 1368 0
3008 1400 1404 3022 3021 1399 1403 3036 0
3051 1402 636 3068 3067 1401 635 3085 0
3036 1403 1405 3052 3051 1402 636 3068 0
3022 1404 1406 3037 3036 1403 1405 3052 0
3052 1405 1407 3069 3068 636 640 3086 0
3037 1406 1408 3053 3052 1405 1407 3069 0
1727 3957 3981 457 1664 3980 4002 2442 0
1347 3665 1367 1351 1346 3674 1366 1350 0
1398 1410 1414 1402 1397 1409 1413 1401 0
1728 3931 3958 458 1727 3957 3981 457 0
1348 3656 1368 1352 1347 3665 1367 1351 0
1399 1411 1415 1403 1398 1410 1414 1402 0
366 3845 3819 1564 365 3871 3843 1563 0
2266 2274 4206 4212 2265 2273 4200 4207 0
246 250 252 248 4456 4451 4455 4459 0
1094 1102 1722 1714 1093 1101 1721 1713 0
1907 3721 3739 1911 1906 3707 3723 1910 0
1943 3919 3947 459 1728 3931 3958 458 0
1009 3648 1029 1013 1348 3656 1368 1352 0
1400 1412 1416 1404 1399 1411 1415 1403 0
367 3831 3806 2089 366 3845 3819 1564 0
2267 2275 4211 4217 2266 2274 4206 4212 0
1095 1103 1937 1929 1094 1102 1722 1714 0
109 117 119 111 246 250 252 248 0
4155 3737 3756 4160 1907 3721 3739 1911 0
457 3981 4003 461 2442 4002 4022 2444 0
1343 4026 3665 1347 1342 4007 3674 1346 0
1402 1414 652 636 1401 1413 651 635 0
458 3958 3982 462 457 3981 4003 461 0
1344 4042 3656 1348 1343 4026 3665 1347 0
1403 1415 1417 1405 1402 1414 652 636 0
2467 4055 3648 1009 1344 4042 3656 1348 0
459 3947 3972 463 458 3958 3982 462 0
1404 1416 1418 1406 1403 1415 1417 1405 0
462 3982 4004 466 461 4003 4023 465 0
4571 4041 4042 1344 4567 4025 4026 1343 0
1405 1417 1419 1407 636 652 656 640 0
4574 4054 4055 2467 4571 4041 4042 1344 0
463 3972 3995 467 462 3982 4004 466 0
1406 1418 1420 1408 1405 1417 1419 1407 0
1719 1727 457 441 1656 1664 2442 2434 0
1331 1347 1351 1335 1330 1346 1350 1334 0
1410 3837 3865 1414 1409 3864 3892 1413 0
1720 1728 458 442 1719 1727 457 441 0
1332 1348 1352 1336 1331 1347 1351 1335 0
1411 3812 3838 1415 1410 3837 3865 1414 0
350 366 1564 1548 349 365 1563 1547 0
2274 4605 4205 4206 2273 4606 4199 4200 0
250 254 256 252 4451 4446 4450 4455 0
1102 3820 3846 1722 1101 3844 3872 1721 0
1899 1907 1911 1903 1898 1906 1910 1902 0
1935 1943 459 443 1720 1728 458 442 0
2153 1009 1013 2157 1332 1348 1352 1336 0
1412 3790 3813 1416 1411 3812 3838 1415 0
351 367 2089 2081 350 366 1564 1548 0
2275 4604 4210 4211 2274 4605 4205 4206 0
1103 3809 3834 1937 1102 3820 3846 1722 0
117 125 127 119 250 254 256 252 0
4161 4155 4160 4165 1899 1907 1911 1903 0
441 457 461 445 2434 2442 2444 2436 0
1327 1343 1347 1331 1326 1342 1346 1330 0
1414 3865 3893 652 1413 3892 3921 651 0
442 458 462 446 441 457 461 445 0
1328 1344 1348 1332 1327 1343 1347 1331 0
1415 3838 3866 1417 1414 3865 3893 652 0
2463 2467 1009 2153 1328 1344 1348 1332 0
443 459 463 447 442 458 462 446 0
1416 3813 3839 1418 1415 3838 3866 1417 0
446 462 466 450 445 461 465 449 0
4575 4571 1344 1328 4572 4567 1343 1327 0
1417 3866 3894 1419 652 3893 3922 656 0
4577 4574 2467 2463 4575 4571 1344 1328 0
447 463 467 451 446 462 466 450 0
1418 3839 3867 1420 1417 3866 3894 1419 0
3153 4570 2736 3152 3130 4573 2735 3129 0
49 1373 1375 53 122 684 688 124 0
53 1375 825 57 124 688 396 126 0
54 1376 826 58 53 1375 825 57 0
3335 726 1618 3356 3342 4255 4259 3362 0
1373 4356 4366 1375 684 4348 4357 688 0
1375 4366 4377 825 688 4357 4367 396 0
4512 4420 4422 4501 1835 4418 4421 4496 0
1376 4376 4388 826 1375 4366 4377 825 0
2903 4598 1444 2891 2907 3485 3479 2895 0
2891 1444 1446 2881 2895 3479 3475 2885 0
2881 1446 1448 2873 2885 3475 3473 2877 0
3231 1220 1224 3258 3206 1219 1223 3232 0
4533 4526 1807 237 4539 4532 1806 1768 0
2882 345 349 2876 2881 1446 1448 2873 0
2607 2611 1011 2155 2464 2468 1010 2154 0
507 523 527 511 506 522 526 510 0
1444 1452 1454 1446 3479 3486 3480 3475 0
806 3816 3842 588 805 3840 3868 587 0
3559 3552 3546 3554 2607 2611 1011 2155 0
807 3795 3818 1097 806 3816 3842 588 0
508 524 528 512 507 523 527 511 0
341 357 361 345 1444 1452 1454 1446 0
2611 4076 3635 1011 2468 4066 3641 1010 0
523 3725 3743 527 522 3712 3728 526 0
1452 3954 3926 1454 3486 3492 3487 3480 0
790 806 588 572 789 805 587 571 0
3552 3553 3538 3546 2611 4076 3635 1011 0
791 807 1097 1089 790 806 588 572 0
524 3741 3760 528 523 3725 3743 527 0
357 3928 3899 361 1452 3954 3926 1454 0
1151 3761 3742 1155 1150 3745 3727 1154 0
2917 1482 1486 2929 2919 3493 3497 2931 0
1152 3780 3759 1156 1151 3761 3742 1155 0
2918 1483 1487 2930 2917 1482 1486 2929 0
2495 3800 3778 2785 1152 3780 3759 1156 0
2928 1484 1488 2941 2918 1483 1487 2930 0
1147 3782 3761 1151 1146 3764 3745 1150 0
2929 1486 1490 2942 2931 3497 3500 2944 0
1148 3802 3780 1152 1147 3782 3761 1151 0
2930 1487 1491 2943 2929 1486 1490 2942 0
2493 3825 3800 2495 1148 3802 3780 1152 0
2941 1488 1492 2955 2930 1487 1491 2943 0
2095 3804 3782 1147 2094 3785 3764 1146 0
2942 1490 1494 2956 2944 3500 3503 2958 0
2096 3827 3802 1148 2095 3804 3782 1147 0
2943 1491 1495 2957 2942 1490 1494 2956 0
2491 3852 3825 2493 2096 3827 3802 1148 0
2955 1492 1496 2968 2943 1491 1495 2957 0
1136 1152 1156 1140 1135 1151 1155 1139 0
1483 1499 1503 1487 1482 1498 1502 1486 0
4288 4283 4279 4284 2751 2755 2715 2707 0
4541 4534 230 222 4547 4540 229 221 0
2029 3963 3988 2031 1236 3937 3964 1240 0
2487 2495 2785 2781 1136 1152 1156 1140 0
1484 1500 1504 1488 1483 1499 1503 1487 0
4535 4528 231 223 4541 4534 230 222 0
2030 3987 4009 2032 2029 3963 3988 2031 0
1132 1148 1152 1136 1131 1147 1151 1135 0
1487 1503 1507 1491 1486 1502 1506 1490 0
4292 4287 4283 4288 2749 2753 2755 2751 0
222 230 82 74 221 229 81 73 0
2027 3936 3963 2029 1232 3907 3937 1236 0
2485 2493 2495 2487 1132 1148 1152 1136 0
1488 1504 1508 1492 1487 1503 1507 1491 0
223 231 83 75 222 230 82 74 0
2028 3962 3987 2030 2027 3936 3963 2029 0
2088 2096 1148 1132 2087 2095 1147 1131 0
1491 1507 1511 1495 1490 1506 1510 1494 0
4296 4291 4287 4292 2327 2335 2753 2749 0
74 82 86 78 73 81 85 77 0
2025 3906 3936 2027 1228 3878 3907 1232 0
2483 2491 2493 2485 2088 2096 1148 1132 0
1492 1508 1512 1496 1491 1507 1511 1495 0
75 83 87 79 74 82 86 78 0
2026 3935 3962 2028 2025 3906 3936 2027 0
2964 1136 1140 2976 2952 1135 1139 2965 0
1499 3751 3732 1503 1498 3770 3749 1502 0
4283 4045 4057 4279 2755 4031 4046 2715 0
4534 4527 238 230 4540 4533 237 229 0
2021 2029 2031 2023 1220 1236 1240 1224 0
2975 2487 2781 2986 2964 1136 1140 2976 0
1500 3734 3718 1504 1499 3751 3732 1503 0
4528 4521 239 231 4534 4527 238 230 0
2022 2030 2032 2024 2021 2029 2031 2023 0
2950 1132 1136 2964 2937 1131 1135 2952 0
1503 3732 3716 1507 1502 3749 3730 1506 0
4287 4030 4045 4283 2753 4013 4031 2755 0
230 238 90 82 229 237 89 81 0
2019 2027 2029 2021 1216 1232 1236 1220 0
2962 2485 2487 2975 2950 1132 1136 2964 0
1504 3718 3704 1508 1503 3732 3716 1507 0
231 239 91 83 230 238 90 82 0
2020 2028 2030 2022 2019 2027 2029 2021 0
2935 2088 1132 2950 2923 2087 1131 2937 0
1507 3716 3702 1511 1506 3730 3714 1510 0
4291 4012 4030 4287 2335 3993 4013 2753 0
82 90 94 86 81 89 93 85 0
2017 2025 2027 2019 1212 1228 1232 1216 0
2948 2483 2485 2962 2935 2088 1132 2950 0
1508 3704 3694 1512 1507 3716 3702 1511 0
83 91 95 87 82 90 94 86 0
2018 2026 2028 2020 2017 2025 2027 2019 0
2127 3696 3697 1905 2126 3691 3692 2818 0
2874 1546 1550 2883 2878 3474 3476 2886 0
2128 3706 3707 1906 2127 3696 3697 1905 0
2875 1547 1551 2884 2874 1546 1550 2883 0
2803 3720 3721 1907 2128 3706 3707 1906 0
2879 1548 1552 2890 2875 1547 1551 2884 0
2123 3708 3696 2127 2122 3699 3691 2126 0
2883 1550 1554 2893 2886 3476 3481 2896 0
2124 3722 3706 2128 2123 3708 3696 2127 0
2884 1551 1555 2894 2883 1550 1554 2893 0
2801 3738 3720 2803 2124 3722 3706 2128 0
2890 1552 1556 2902 2884 1551 1555 2894 0
1159 3724 3708 2123 1158 3711 3699 2122 0
2893 1554 1558 2905 2896 3481 3488 2908 0
1160 3740 3722 2124 1159 3724 3708 2123 0
2894 1555 1559 2906 2893 1554 1558 2905 0
2787 3757 3738 2801 1160 3740 3722 2124 0
2902 1556 1560 2916 2894 1555 1559 2906 0
2119 2127 1905 1897 2118 2126 2818 2814 0
1546 1562 1566 1550 3474 3478 3482 3476 0
2120 2128 1906 1898 2119 2127 1905 1897 0
1547 1563 1567 1551 1546 1562 1566 1550 0
2799 2803 1907 1899 2120 2128 1906 1898 0
1548 1564 1568 1552 1547 1563 1567 1551 0
2115 2123 2127 2119 2114 2122 2126 2118 0
1550 1566 1570 1554 3476 3482 3489 3481 0
2116 2124 2128 2120 2115 2123 2127 2119 0
1551 1567 1571 1555 1550 1566 1570 1554 0
2797 2801 2803 2799 2116 2124 2128 2120 0
1552 1568 1572 1556 1551 1567 1571 1555 0
1143 1159 2123 2115 1142 1158 2122 2114 0
1554 1570 1574 1558 3481 3489 3494 3488 0
1144 1160 2124 2116 1143 1159 2123 2115 0
1555 1571 1575 1559 1554 1570 1574 1558 0
2783 2787 2801 2797 1144 1160 2124 2116 0
1556 1572 1576 1560 1555 1571 1575 1559 0
3000 2119 1897 3013 2989 2118 2814 3001 0
1562 3869 3841 1566 3478 3484 3490 3482 0
3012 2120 1898 3026 3000 2119 1897 3013 0
1563 3843 3817 1567 1562 3869 3841 1566 0
3025 2799 1899 3040 3012 2120 1898 3026 0
1564 3819 3796 1568 1563 3843 3817 1567 0
2988 2115 2119 3000 2978 2114 2118 2989 0
1566 3841 3815 1570 3482 3490 3495 3489 0
2999 2116 2120 3012 2988 2115 2119 3000 0
1567 3817 3794 1571 1566 3841 3815 1570 0
3011 2797 2799 3025 2999 2116 2120 3012 0
1568 3796 3774 1572 1567 3817 3794 1571 0
2977 1143 2115 2988 2966 1142 2114 2978 0
1570 3815 3792 1574 3489 3495 3499 3494 0
2987 1144 2116 2999 2977 1143 2115 2988 0
1571 3794 3772 1575 1570 3815 3792 1574 0
2998 2783 2797 3011 2987 1144 2116 2999 0
1572 3774 3753 1576 1571 3794 3772 1575 0
3346 1334 900 3367 3325 1333 899 3347 0
3116 1652 1656 3138 3128 1651 4257 3151 0
3366 1335 1597 3386 3346 1334 900 3367 0
3117 1717 1719 3139 3116 1652 1656 3138 0
3385 1336 1598 3404 3366 1335 1597 3386 0
3137 1718 1720 3161 3117 1717 1719 3139 0
3386 1597 1599 3405 3367 900 904 3387 0
3098 1715 1717 3117 3097 584 1652 3116 0
3404 1598 1600 3422 3386 1597 1599 3405 0
3115 1716 1718 3137 3098 1715 1717 3117 0
3379 1974 4483 3398 3397 4461 4462 3415 0
1789 3789 3812 1411 1880 3811 3837 1410 0
1336 1352 1602 1598 1335 1351 1601 1597 0
1718 1726 1728 1720 1717 1725 1727 1719 0
4530 3810 3811 1880 4523 3835 3836 1879 0
1597 1601 1603 1599 900 916 920 904 0
1715 1723 1725 1717 584 600 1660 1652 0
4536 3788 3789 1789 4530 3810 3811 1880 0
1598 1602 1604 1600 1597 1601 1603 1599 0
1716 1724 1726 1718 1715 1723 1725 1717 0
1974 386 4491 4483 4461 4458 4460 4462 0
1781 1789 1411 1399 1872 1880 1410 1398 0
1352 1368 1606 1602 1351 1367 1605 1601 0
1726 3902 3931 1728 1725 3929 3957 1727 0
4537 4530 1880 1872 4531 4523 1879 1871 0
1601 1605 3606 1603 916 932 3614 920 0
1723 3900 3929 1725 600 3927 3955 1660 0
3336 727 1619 3357 3335 726 1618 3356 0
3355 728 1620 3375 3336 727 1619 3357 0
3357 1619 1623 3377 3356 1618 1622 3376 0
3375 1620 1624 3394 3357 1619 1623 3377 0
60 1826 1830 64 59 1825 1829 63 0
1885 2411 851 845 240 2292 850 92 0
3303 2232 898 3326 3280 2231 897 3304 0
3150 1650 4607 3175 3174 4581 4582 3200 0
3863 4504 4505 3891 1885 2411 851 845 0
3325 1333 899 3347 3303 2232 898 3326 0
3128 1651 4257 3151 3150 1650 4607 3175 0
3170 641 645 3197 3196 28 32 3223 0
641 657 661 645 28 44 48 32 0
657 673 677 661 44 60 64 48 0
3069 1407 569 3087 3086 640 644 3105 0
3053 1408 570 3070 3069 1407 569 3087 0
466 4004 4024 470 465 4023 4039 469 0
1407 1419 585 569 640 656 660 644 0
467 3995 4015 471 466 4004 4024 470 0
1408 1420 586 570 1407 1419 585 569 0
450 466 470 454 449 465 469 453 0
1419 3894 3923 585 656 3922 3950 660 0
451 467 471 455 450 466 470 454 0
1420 3867 3895 586 1419 3894 3923 585 0
3405 1599 2265 3423 3387 904 908 3406 0
3080 1713 1715 3098 3079 580 584 3097 0
3422 1600 2266 3437 3405 1599 2265 3423 0
3096 1714 1716 3115 3080 1713 1715 3098 0
2625 4123 4129 4315 2642 4128 4132 4314 0
1599 1603 2273 2265 904 920 924 908 0
1713 1721 1723 1715 580 596 600 584 0
2626 4116 4124 4317 2625 4123 4129 4315 0
1600 1604 2274 2266 1599 1603 2273 2265 0
1714 1722 1724 1716 1713 1721 1723 1715 0
2621 2625 4315 4312 2638 2642 4314 4311 0
1603 3606 4606 2273 920 3614 4186 924 0
1721 3872 3900 1723 596 3898 3927 600 0
2622 2626 4317 4313 2621 2625 4315 4312 0
1604 3596 4605 2274 1603 3606 4606 2273 0
1722 3846 3874 1724 1721 3872 3900 1723 0
3023 785 789 3038 3037 1406 1408 3053 0
3038 789 571 3054 3053 1408 570 3070 0
3031 790 572 3046 3038 789 571 3054 0
4576 4065 4066 2468 4574 4054 4055 2467 0
526 3728 3746 530 525 3729 3747 529 0
785 801 805 789 1406 1418 1420 1408 0
2468 4066 3641 1010 2467 4055 3648 1009 0
522 3712 3728 526 521 3713 3729 525 0
789 805 587 571 1408 1420 586 570 0
4579 4576 2468 2464 4577 4574 2467 2463 0
510 526 530 514 509 525 529 513 0
801 3814 3840 805 1418 3839 3867 1420 0
2464 2468 1010 2154 2463 2467 1009 2153 0
506 522 526 510 505 521 525 509 0
805 3840 3868 587 1420 3867 3895 586 0
2991 2064 780 3003 2982 2063 779 2993 0
3216 4554 1750 3217 3242 4440 4438 3243 0
3002 2815 505 3015 2991 2064 780 3003 0
3190 4553 1751 3191 3216 4554 1750 3217 0
3310 456 2706 3332 3288 455 2705 3311 0
3164 4551 1752 3165 3190 4553 1751 3191 0
1697 1833 4482 4474 156 830 4481 4473 0
2980 2062 2064 2991 2970 2061 2063 2982 0
3217 1750 174 3244 3243 4438 4439 3268 0
2064 2068 796 780 2063 2067 795 779 0
283 299 303 287 282 298 302 286 0
1233 3853 3882 1237 1186 3828 3855 1188 0
4554 4552 1758 1750 4440 4434 4432 4438 0
2815 2819 521 505 2064 2068 796 780 0
4178 4175 4173 4176 283 299 303 287 0
1234 3880 3909 1238 1233 3853 3882 1237 0
4553 4550 1759 1751 4554 4552 1758 1750 0
456 472 2714 2706 455 471 2713 2705 0
1235 3908 3938 1239 1234 3880 3909 1238 0
4551 4546 1760 1752 4553 4550 1759 1751 0
287 303 2489 2481 286 302 2092 2084 0
1237 3882 3911 1273 1188 3855 3884 1962 0
1689 1697 4474 4468 148 156 4473 4467 0
2062 2066 2068 2064 2061 2065 2067 2063 0
1750 1758 186 174 4438 4432 4433 4439 0
2813 2817 2819 2815 2062 2066 2068 2064 0
4176 4173 4171 4174 287 303 2489 2481 0
1238 3909 3939 1274 1237 3882 3911 1273 0
1690 1698 4480 4472 1689 1697 4474 4468 0
1751 1759 187 175 1750 1758 186 174 0
2068 3705 3719 796 2067 3717 3733 795 0
299 3940 3910 303 298 3912 3883 302 0
1217 1233 1237 1221 1182 1186 1188 1184 0
4552 4549 1766 1758 4434 4429 4427 4432 0
2819 3701 3713 521 2068 3705 3719 796 0
4175 3959 3932 4173 299 3940 3910 303 0
1218 1234 1238 1222 1217 1233 1237 1221 0
4550 4545 1767 1759 4552 4549 1766 1758 0
472 4014 4032 2714 471 4015 4033 2713 0
1219 1235 1239 1223 1218 1234 1238 1222 0
4546 4539 1768 1760 4550 4545 1767 1759 0
303 3910 3881 2489 302 3883 3854 2092 0
1221 1237 1273 1265 1184 1188 1962 1958 0
1681 1689 4468 4464 140 148 4467 4463 0
2066 3695 3705 2068 2065 3703 3717 2067 0
1758 1766 198 186 4432 4427 4428 4433 0
2817 3693 3701 2819 2066 3695 3705 2068 0
4173 3932 3903 4171 303 3910 3881 2489 0
1222 1238 1274 1266 1221 1237 1273 1265 0
1682 1690 4472 4466 1681 1689 4468 4464 0
1759 1767 199 187 1758 1766 198 186 0
1033 1049 3576 3586 1606 2182 3584 3596 0
153 403 4498 4492 390 402 4502 4497 0
2994 4548 1782 2995 3006 4543 1781 3007 0
1034 1050 3570 3578 1033 1049 3576 3586 0
154 404 4493 4485 153 403 4498 4492 0
2971 3506 1783 2983 2994 4548 1782 2995 0
1035 1051 3566 3572 1034 1050 3570 3578 0
155 829 4486 4477 154 404 4493 4485 0
2969 1780 1784 2981 2971 3506 1783 2983 0
1029 1045 1049 1033 1368 2180 2182 1606 0
2995 1782 1400 3008 3007 1781 1399 3021 0
2983 1783 777 2996 2995 1782 1400 3008 0
2981 1784 778 2992 2983 1783 777 2996 0
3641 3633 1046 1030 3648 3639 1045 1029 0
2996 777 781 3009 3008 1400 1404 3022 0
352 368 2090 2082 351 367 2089 2081 0
1018 1034 3578 3588 1017 1033 3586 1021 0
146 154 4485 4476 145 153 4492 4484 0
1104 3808 3833 1938 1103 3809 3834 1937 0
3506 3509 1791 1783 4548 4542 1790 1782 0
285 301 2091 2083 352 368 2090 2082 0
1019 1035 3572 3580 1018 1034 3578 3588 0
147 155 4477 4470 146 154 4485 4476 0
1187 3830 3857 1961 1104 3808 3833 1938 0
1780 1788 1792 1784 3506 3509 1791 1783 0
1091 1099 1103 1095 1090 1098 1102 1094 0
363 3858 3831 367 362 3873 3845 366 0
111 119 145 137 248 252 386 1974 0
4160 3756 3777 4164 1911 3739 3758 1297 0
3588 3578 4603 4602 1021 3586 4604 2275 0
1100 3786 3808 1104 1099 3787 3809 1103 0
348 364 368 352 347 363 367 351 0
1783 1791 793 777 1782 1790 1412 1400 0
281 297 301 285 348 364 368 352 0
1185 3805 3830 1187 1100 3786 3808 1104 0
1784 1792 794 778 1783 1791 793 777 0
534 3765 3786 1100 533 3766 3787 1099 0
1010 3641 1030 1014 1009 3648 1029 1013 0
344 360 364 348 343 359 363 347 0
777 793 797 781 1400 1412 1416 1404 0
2162 1018 3588 3599 2161 1017 1021 2165 0
368 3832 3807 2090 367 3831 3806 2089 0
138 146 4476 4469 137 145 4484 4475 0
1096 1104 1938 1930 1095 1103 1937 1929 0
3509 3511 3748 1791 4542 3767 3768 1790 0
2163 1019 3580 3590 2162 1018 3588 3599 0
301 3856 3829 2091 368 3832 3807 2090 0
139 147 4470 4465 138 146 4476 4469 0
1183 1187 1961 1957 1096 1104 1938 1930 0
1788 3715 3731 1792 3509 3511 3748 1791 0
1099 3787 3809 1103 1098 3797 3820 1102 0
347 363 367 351 346 362 366 350 0
119 127 153 145 252 256 390 386 0
4165 4160 4164 4168 1903 1911 1297 1293 0
3599 3588 4602 4601 2165 1021 2275 2267 0
1092 1100 1104 1096 1091 1099 1103 1095 0
364 3859 3832 368 363 3858 3831 367 0
1791 3748 3769 793 1790 3768 3790 1412 0
297 3885 3856 301 364 3859 3832 368 0
1181 1185 1187 1183 1092 1100 1104 1096 0
1792 3731 3750 794 1791 3748 3769 793 0
2154 1010 1014 2158 2153 1009 1013 2157 0
518 534 1100 1092 517 533 1099 1091 0
360 3888 3859 364 359 3887 3858 363 0
793 3769 3791 797 1412 3790 3813 1416 0
2755 4031 4046 2715 472 4014 4032 2714 0
1220 1236 1240 1224 1219 1235 1239 1223 0
4540 4533 237 229 4546 4539 1768 1760 0
2753 4013 4031 2755 468 3994 4014 472 0
1216 1232 1236 1220 1215 1231 1235 1219 0
229 237 89 81 1760 1768 200 188 0
2335 3993 4013 2753 464 3971 3994 468 0
1212 1228 1232 1216 1211 1227 1231 1215 0
81 89 93 85 188 200 204 192 0
3206 1219 1223 3232 3181 1218 1222 3207 0
4539 4532 1806 1768 4545 4538 1805 1767 0
3180 1215 1219 3206 3155 1214 1218 3181 0
1768 1806 1810 200 1767 1805 1809 199 0
3205 1216 1220 3231 3180 1215 1219 3206 0
237 1807 1369 89 1768 1806 1810 200 0
3154 1211 1215 3180 3131 1210 1214 3155 0
200 1810 1812 204 199 1809 1811 203 0
3179 1212 1216 3205 3154 1211 1215 3180 0
89 1369 1371 93 200 1810 1812 204 0
4520 4354 4344 1808 4526 4346 4337 1807 0
3047 1089 1093 3063 3046 572 576 3062 0
1808 4344 4345 1370 1807 4337 4338 1369 0
3423 2265 4207 3438 3406 908 4202 3424 0
3063 1093 1713 3080 3062 576 580 3079 0
1369 4338 4347 1371 1810 4330 4340 1812 0
673 1827 1831 677 60 1826 1830 64 0
64 1830 1834 1698 63 1829 1833 1697 0
3394 1624 1988 3412 3377 1623 1987 3396 0
677 1831 1835 1699 64 1830 1834 1698 0
2990 2813 2815 3002 2980 2062 2064 2991 0
3191 1751 175 3218 3217 1750 174 3244 0
1698 1834 4490 4480 1697 1833 4482 4474 0
3332 2706 2710 3353 3311 2705 2709 3333 0
1699 1835 4496 4489 1698 1834 4490 4480 0
3352 2707 2711 3372 3332 2706 2710 3353 0
4034 4512 4501 4049 1699 1835 4496 4489 0
1826 4404 4410 1830 1825 4398 4405 1829 0
1827 4409 4414 1831 1826 4404 4410 1830 0
4510 4413 4417 4511 1827 4409 4414 1831 0
1830 4410 4415 1834 1829 4405 4411 1833 0
1831 4414 4418 1835 1830 4410 4415 1834 0
4511 4417 4420 4512 1831 4414 4418 1835 0
931 2197 2199 935 930 2302 2304 934 0
3048 4525 1870 3049 3064 4524 1869 3065 0
932 2198 3604 3614 931 2197 2199 935 0
3033 4531 1871 3034 3048 4525 1870 3049 0
1605 2181 3594 3606 932 2198 3604 3614 0
3019 4537 1872 3020 3033 4531 1871 3034 0
1365 2195 2197 931 2256 2300 2302 930 0
3049 1870 1078 3066 3065 1869 1077 3083 0
1366 2196 2198 932 1365 2195 2197 931 0
3034 1871 1397 3050 3049 1870 1078 3066 0
1367 2179 2181 1605 1366 2196 2198 932 0
3020 1872 1398 3035 3034 1871 1397 3050 0
3674 3663 2196 1366 3682 3672 2195 1365 0
3050 1397 1401 3067 3066 1078 1080 3084 0
1349 1365 931 915 2244 2256 930 914 0
1659 3978 4001 4261 1658 4000 4020 4608 0
1870 1878 842 1078 1869 1877 841 1077 0
1350 1366 932 916 1349 1365 931 915 0
1660 3955 3980 1664 1659 3978 4001 4261 0
1871 1879 1409 1397 1870 1878 842 1078 0
1351 1367 1605 1601 1350 1366 932 916 0
1725 3929 3957 1727 1660 3955 3980 1664 0
1872 1880 1410 1398 1871 1879 1409 1397 0
361 3899 3871 365 1454 3926 3897 1456 0
1089 1097 1101 1093 572 588 592 576 0
1910 3723 3741 524 1909 3709 3725 523 0
1664 3980 4002 2442 4261 4001 4021 4258 0
1346 3674 1366 1350 1345 3682 1365 1349 0
1397 1409 1413 1401 1078 842 844 1080 0
1333 1349 915 899 2232 2244 914 898 0
1651 1659 4261 4257 1650 1658 4608 4607 0
1878 3863 3891 842 1877 1885 845 841 0
1334 1350 916 900 1333 1349 915 899 0
1652 1660 1664 1656 1651 1659 4261 4257 0
1879 3836 3864 1409 1878 3863 3891 842 0
1335 1351 1601 1597 1334 1350 916 900 0
1717 1725 1727 1719 1652 1660 1664 1656 0
1880 3811 3837 1410 1879 3836 3864 1409 0
345 361 365 349 1446 1454 1456 1448 0
1097 3818 3844 1101 588 3842 3870 592 0
1902 1910 524 508 1901 1909 523 507 0
1656 1664 2442 2434 4257 4261 4258 4253 0
1330 1346 1350 1334 1329 1345 1349 1333 0
1409 3864 3892 1413 842 3891 3920 844 0
3145 637 641 3170 3169 24 28 3196 0
637 653 657 641 24 40 44 28 0
653 669 673 657 40 56 60 44 0
3067 1401 635 3085 3084 1080 634 3103 0
2442 4002 4022 2444 4258 4021 4037 4254 0
1342 4007 3674 1346 1341 3985 3682 1345 0
1401 1413 651 635 1080 844 650 634 0
2434 2442 2444 2436 4253 4258 4254 4249 0
1326 1342 1346 1330 1325 1341 1345 1329 0
1413 3892 3921 651 844 3920 3948 650 0
930 2302 2304 934 4008 4235 4234 4027 0
3064 4524 1869 3065 3081 4529 224 3082 0
2244 2256 930 914 2243 3986 4008 913 0
1658 4000 4020 4608 4583 4019 4036 4584 0
1869 1877 841 1077 224 232 84 76 0
2232 2244 914 898 2231 2243 913 897 0
1650 1658 4608 4607 4581 4583 4584 4582 0
1877 1885 845 841 232 240 92 84 0
3026 1898 1902 3041 3013 1897 1901 3027 0
254 394 398 256 4446 4441 4445 4450 0
3040 1899 1903 3056 3026 1898 1902 3041 0
125 395 399 127 254 394 398 256 0
3055 4161 4165 3072 3040 1899 1903 3056 0
3041 1902 508 3057 3027 1901 507 3042 0
256 398 402 390 4450 4445 4449 4454 0
3056 1903 1293 3073 3041 1902 508 3057 0
127 399 403 153 256 398 402 390 0
3072 4165 4168 3090 3056 1903 1293 3073 0
1098 3797 3820 1102 1097 3818 3844 1101 0
346 362 366 350 345 361 365 349 0
252 256 390 386 4455 4450 4454 4458 0
1903 1911 1297 1293 1902 1910 524 508 0
1090 1098 1102 1094 1089 1097 1101 1093 0
362 3873 3845 366 361 3899 3871 365 0
248 252 386 1974 4459 4455 4458 4461 0
1911 3739 3758 1297 1910 3723 3741 524 0
3436 2165 2267 3450 3422 1600 2266 3437 0
3114 1929 1931 3136 3096 1714 1716 3115 0
3421 2161 2165 3436 3404 1598 1600 3422 0
3136 1931 1933 3160 3115 1716 1718 3137 0
3360 137 4475 3380 3379 1974 4483 3398 0
3403 2157 2161 3421 3385 1336 1598 3404 0
3160 1933 1935 3186 3137 1718 1720 3161 0
2585 4112 4120 4319 2626 4116 4124 4317 0
2165 1021 2275 2267 1600 1604 2274 2266 0
1929 1937 1939 1931 1714 1722 1724 1716 0
2161 1017 1021 2165 1598 1602 1604 1600 0
4542 3767 3768 1790 4536 3788 3789 1789 0
1931 1939 1941 1933 1716 1724 1726 1718 0
137 145 4484 4475 1974 386 4491 4483 0
2157 1013 1017 2161 1336 1352 1602 1598 0
1790 3768 3790 1412 1789 3789 3812 1411 0
1933 1941 1943 1935 1718 1726 1728 1720 0
2577 2585 4319 4316 2622 2626 4317 4313 0
1021 3586 4604 2275 1604 3596 4605 2274 0
1937 3834 3861 1939 1722 3846 3874 1724 0
1013 1029 1033 1017 1352 1368 1606 1602 0
1782 1790 1412 1400 1781 1789 1411 1399 0
1941 3890 3919 1943 1726 3902 3931 1728 0
202 2172 682 206 4431 4426 4430 4436 0
3132 1213 1217 3156 3111 520 1182 3133 0
4549 4544 2420 1766 4429 4425 4423 4427 0
3156 1217 1221 3182 3133 1182 1184 3157 0
3377 1623 1987 3396 3376 1622 1986 3395 0
3395 1986 1990 3413 3399 4264 4266 3416 0
3396 1987 1991 3414 3395 1986 1990 3413 0
3412 1988 1992 3429 3396 1987 1991 3414 0
1623 1631 1995 1987 1622 1630 1994 1986 0
1986 1994 1998 1990 4264 4267 4269 4266 0
1987 1995 1999 1991 1986 1994 1998 1990 0
1988 1996 2000 1992 1987 1995 1999 1991 0
1631 4099 4107 1995 1630 4106 4114 1994 0
1994 4114 4122 1998 4267 4121 4127 4269 0
1995 4107 4115 1999 1994 4114 4122 1998 0
1996 4100 4108 2000 1995 4107 4115 1999 0
365 3871 3843 1563 1456 3897 3869 1562 0
2265 2273 4200 4207 908 924 4197 4202 0
1906 3707 3723 1910 1905 3697 3709 1909 0
1093 1101 1721 1713 576 592 596 580 0
349 365 1563 1547 1448 1456 1562 1546 0
2273 4606 4199 4200 924 4186 4187 4197 0
1898 1906 1910 1902 1897 1905 1909 1901 0
1101 3844 3872 1721 592 3870 3898 596 0
90 1370 1372 94 89 1369 1371 93 0
3204 2017 2019 3230 3179 1212 1216 3205 0
91 849 853 95 90 1370 1372 94 0
3229 2018 2020 3256 3204 2017 2019 3230 0
238 1808 1370 90 237 1807 1369 89 0
3230 2019 2021 3257 3205 1216 1220 3231 0
239 2291 849 91 238 1808 1370 90 0
3256 2020 2022 3281 3230 2019 2021 3257 0
4527 4520 1808 238 4533 4526 1807 237 0
3257 2021 2023 3282 3231 1220 1224 3258 0
4521 4516 2291 239 4527 4520 1808 238 0
3281 2022 2024 3305 3257 2021 2023 3282 0
3306 2349 4219 3329 3283 1268 4222 3307 0
3147 647 2045 3172 3171 646 1684 3198 0
2876 2875 1531 333 2873 2874 1530 1440 0
2873 2874 1530 1440 2877 2878 1529 1439 0
2880 2879 1532 334 2876 2875 1531 333 0
2882 2876 333 329 2881 2873 1440 1438 0
2875 2884 1535 1531 2874 2883 1534 1530 0
2881 2873 1440 1438 2885 2877 1439 1437 0
2874 2883 1534 1530 2878 2886 1533 1529 0
2888 2887 2073 335 2880 2879 1532 334 0
2889 2880 334 330 2882 2876 333 329 0
2879 2890 1536 1532 2875 2884 1535 1531 0
2892 2882 329 325 2891 2881 1438 1436 0
2884 2894 1539 1535 2883 2893 1538 1534 0
2891 2881 1438 1436 2895 2885 1437 1435 0
2883 2893 1538 1534 2886 2896 1537 1533 0
2898 2897 2074 336 2888 2887 2073 335 0
2899 2888 335 331 2889 2880 334 330 0
2887 2900 2077 2073 2879 2890 1536 1532 0
2901 2889 330 326 2892 2882 329 325 0
2890 2902 1540 1536 2884 2894 1539 1535 0
2904 2892 325 321 2903 2891 1436 1434 0
2894 2906 1543 1539 2893 2905 1542 1538 0
2903 2891 1436 1434 2907 2895 1435 1433 0
2893 2905 1542 1538 2896 2908 1541 1537 0
2910 2909 2075 269 2898 2897 2074 336 0
2911 2898 336 332 2899 2888 335 331 0
2897 2912 2078 2074 2887 2900 2077 2073 0
2913 2899 331 327 2901 2889 330 326 0
2900 2914 1113 2077 2890 2902 1540 1536 0
2915 2901 326 322 2904 2892 325 321 0
2902 2916 1544 1540 2894 2906 1543 1539 0
2906 2918 1467 1543 2905 2917 1466 1542 0
2905 2917 1466 1542 2908 2919 1465 1541 0
2921 2920 2076 270 2910 2909 2075 269 0
2922 2910 269 265 2911 2898 336 332 0
2909 2923 2079 2075 2897 2912 2078 2074 0
2924 2911 332 328 2913 2899 331 327 0
2912 2925 1114 2078 2900 2914 1113 2077 0
2926 2913 327 323 2915 2901 326 322 0
2914 2927 1117 1113 2902 2916 1544 1540 0
2916 2928 1468 1544 2906 2918 1467 1543 0
2918 2930 1471 1467 2917 2929 1470 1466 0
2917 2929 1470 1466 2919 2931 1469 1465 0
2933 2932 2473 271 2921 2920 2076 270 0
2934 2921 270 266 2922 2910 269 265 0
2920 2935 2080 2076 2909 2923 2079 2075 0
2936 2922 265 261 2924 2911 332 328 0
2923 2937 1115 2079 2912 2925 1114 2078 0
2938 2924 328 324 2926 2913 327 323 0
2925 2939 1118 1114 2914 2927 1117 1113 0
2927 2940 1121 1117 2916 2928 1468 1544 0
2928 2941 1472 1468 2918 2930 1471 1467 0
2930 2943 1475 1471 2929 2942 1474 1470 0
2929 2942 1474 1470 2931 2944 1473 1469 0
2946 2945 2474 272 2933 2932 2473 271 0
2947 2933 271 267 2934 2921 270 266 0
2932 2948 2475 2473 2920 2935 2080 2076 0
2949 2934 266 262 2936 2922 265 261 0
2935 2950 1116 2080 2923 2937 1115 2079 0
2951 2936 261 257 2938 2924 328 324 0
2937 2952 1119 1115 2925 2939 1118 1114 0
2939 2953 1122 1118 2927 2940 1121 1117 0
2940 2954 1125 1121 2928 2941 1472 1468 0
2941 2955 1476 1472 2930 2943 1475 1471 0
2943 2957 1479 1475 2942 2956 1478 1474 0
2942 2956 1478 1474 2944 2958 1477 1473 0
2959 2946 272 268 2947 2933 271 267 0
2945 2960 2476 2474 2932 2948 2475 2473 0
2961 2947 267 263 2949 2934 266 262 0
2948 2962 2477 2475 2935 2950 1116 2080 0
2963 2949 262 258 2951 2936 261 257 0
2950 2964 1120 1116 2937 2952 1119 1115 0
2952 2965 1123 1119 2939 2953 1122 1118 0
2953 2966 1126 1122 2940 2954 1125 1121 0
2954 2967 2105 1125 2941 2955 1476 1472 0
2955 2968 1480 1476 2943 2957 1479 1475 0
2957 2970 2057 1479 2956 2969 1772 1478 0
2956 2969 1772 1478 2958 2971 1771 1477 0
2972 2959 268 264 2961 2947 267 263 0
2960 2973 2478 2476 2948 2962 2477 2475 0
2974 2961 263 259 2963 2949 262 258 0
2962 2975 2479 2477 2950 2964 1120 1116 0
2964 2976 1124 1120 2952 2965 1123 1119 0
2965 2977 1127 1123 2953 2966 1126 1122 0
2966 2978 2106 1126 2954 2967 2105 1125 0
2967 2979 2109 2105 2955 2968 1480 1476 0
2968 2980 2058 1480 2957 2970 2057 1479 0
2970 2982 2059 2057 2969 2981 1776 1772 0
2969 2981 1776 1772 2971 2983 1775 1771 0
2984 2972 264 260 2974 2961 263 259 0
2973 2985 2480 2478 2962 2975 2479 2477 0
2975 2986 2777 2479 2964 2976 1124 1120 0
2976 2987 1128 1124 2965 2977 1127 1123 0
2977 2988 2107 1127 2966 2978 2106 1126 0
2978 2989 2110 2106 2967 2979 2109 2105 0
2979 2990 2809 2109 2968 2980 2058 1480 0
2980 2991 2060 2058 2970 2982 2059 2057 0
2982 2993 763 2059 2981 2992 762 1776 0
2971 2983 1775 1771 2994 2995 1774 1770 0
2981 2992 762 1776 2983 2996 761 1775 0
2985 2997 2778 2480 2975 2986 2777 2479 0
2986 2998 2779 2777 2976 2987 1128 1124 0
2987 2999 2108 1128 2977 2988 2107 1127 0
2988 3000 2111 2107 2978 2989 2110 2106 0
2989 3001 2810 2110 2979 2990 2809 2109 0
2990 3002 2811 2809 2980 2991 2060 2058 0
2991 3003 764 2060 2982 2993 763 2059 0
2993 3005 767 763 2992 3004 766 762 0
2994 2995 1774 1770 3006 3007 1773 1769 0
2983 2996 761 1775 2995 3008 1388 1774 0
2992 3004 766 762 2996 3009 765 761 0
2997 3010 2780 2778 2986 2998 2779 2777 0
2998 3011 2793 2779 2987 2999 2108 1128 0
2999 3012 2112 2108 2988 3000 2111 2107 0
3000 3013 1889 2111 2989 3001 2810 2110 0
3001 3014 2812 2810 2990 3002 2811 2809 0
3002 3015 489 2811 2991 3003 764 2060 0
3003 3016 768 764 2993 3005 767 763 0
3005 3018 771 767 3004 3017 770 766 0
3006 3007 1773 1769 3019 3020 1864 1860 0
2995 3008 1388 1774 3007 3021 1387 1773 0
2996 3009 765 761 3008 3022 1392 1388 0
3004 3017 770 766 3009 3023 769 765 0
3010 3024 2794 2780 2998 3011 2793 2779 0
3011 3025 2795 2793 2999 3012 2112 2108 0
3012 3026 1890 2112 3000 3013 1889 2111 0
3013 3027 1893 1889 3001 3014 2812 2810 0
3014 3028 490 2812 3002 3015 489 2811 0
3015 3029 493 489 3003 3016 768 764 0
3016 3030 772 768 3005 3018 771 767 0
3018 3032 775 771 3017 3031 774 770 0
3019 3020 1864 1860 3033 3034 1863 1859 0
3007 3021 1387 1773 3020 3035 1386 1864 0
3008 3022 1392 1388 3021 3036 1391 1387 0
3009 3023 769 765 3022 3037 1394 1392 0
3017 3031 774 770 3023 3038 773 769 0
3024 3039 2796 2794 3011 3025 2795 2793 0
3025 3040 1891 2795 3012 3026 1890 2112 0
3026 3041 1894 1890 3013 3027 1893 1889 0
3027 3042 491 1893 3014 3028 490 2812 0
3028 3043 494 490 3015 3029 493 489 0
3029 3044 497 493 3016 3030 772 768 0
3030 3045 776 772 3018 3032 775 771 0
3032 3047 1081 775 3031 3046 556 774 0
3033 3034 1863 1859 3048 3049 1862 1858 0
3020 3035 1386 1864 3034 3050 1385 1863 0
3021 3036 1391 1387 3035 3051 1390 1386 0
3022 3037 1394 1392 3036 3052 1393 1391 0
3023 3038 773 769 3037 3053 1396 1394 0
3031 3046 556 774 3038 3054 555 773 0
3039 3055 1892 2796 3025 3040 1891 2795 0
3040 3056 1895 1891 3026 3041 1894 1890 0
3041 3057 492 1894 3027 3042 491 1893 0
3042 3058 495 491 3028 3043 494 490 0
3043 3059 498 494 3029 3044 497 493 0
3044 3060 501 497 3030 3045 776 772 0
3045 3061 1082 776 3032 3047 1081 775 0
3047 3063 1085 1081 3046 3062 560 556 0
3048 3049 1862 1858 3064 3065 1861 1857 0
3034 3050 1385 1863 3049 3066 1074 1862 0
3035 3051 1390 1386 3050 3067 1389 1385 0
3036 3052 1393 1391 3051 3068 620 1390 0
3037 3053 1396 1394 3052 3069 1395 1393 0
3038 3054 555 773 3053 3070 554 1396 0
3046 3062 560 556 3054 3071 559 555 0
3055 3072 1896 1892 3040 3056 1895 1891 0
3056 3073 1289 1895 3041 3057 492 1894 0
3057 3074 496 492 3042 3058 495 491 0
3058 3075 499 495 3043 3059 498 494 0
3059 3076 502 498 3044 3060 501 497 0
3060 3077 1083 501 3045 3061 1082 776 0
3061 3078 1086 1082 3047 3063 1085 1081 0
3063 3080 1705 1085 3062 3079 564 560 0
3064 3065 1861 1857 3081 3082 216 212 0
3049 3066 1074 1862 3065 3083 1073 1861 0
3050 3067 1389 1385 3066 3084 1076 1074 0
3051 3068 620 1390 3067 3085 619 1389 0
3052 3069 1395 1393 3068 3086 624 620 0
3053 3070 554 1396 3069 3087 553 1395 0
3054 3071 559 555 3070 3088 558 554 0
3062 3079 564 560 3071 3089 563 559 0
3072 3090 1290 1896 3056 3073 1289 1895 0
3073 3091 1291 1289 3057 3074 496 492 0
3074 3092 500 496 3058 3075 499 495 0
3075 3093 503 499 3059 3076 502 498 0
3076 3094 1084 502 3060 3077 1083 501 0
3077 3095 1087 1083 3061 3078 1086 1082 0
3078 3096 1706 1086 3063 3080 1705 1085 0
3080 3098 1707 1705 3079 3097 568 564 0
3081 3082 216 212 3099 3100 215 211 0
3065 3083 1073 1861 3082 3101 68 216 0
3066 3084 1076 1074 3083 3102 1075 1073 0
3067 3085 619 1389 3084 3103 618 1076 0
3068 3086 624 620 3085 3104 623 619 0
3069 3087 553 1395 3086 3105 628 624 0
3070 3088 558 554 3087 3106 557 553 0
3071 3089 563 559 3088 3107 562 558 0
3079 3097 568 564 3089 3108 567 563 0
3090 3109 1292 1290 3073 3091 1291 1289 0
3091 3110 1193 1291 3074 3092 500 496 0
3092 3111 504 500 3075 3093 503 499 0
3093 3112 1177 503 3076 3094 1084 502 0
3094 3113 1088 1084 3077 3095 1087 1083 0
3095 3114 1921 1087 3078 3096 1706 1086 0
3096 3115 1708 1706 3080 3098 1707 1705 0
3098 3117 1709 1707 3097 3116 1644 568 0
3099 3100 215 211 3118 3119 214 210 0
3082 3101 68 216 3100 3120 67 215 0
3083 3102 1075 1073 3101 3121 72 68 0
3084 3103 618 1076 3102 3122 617 1075 0
3085 3104 623 619 3103 3123 622 618 0
3086 3105 628 624 3104 3124 627 623 0
3087 3106 557 553 3105 3125 632 628 0
3088 3107 562 558 3106 3126 561 557 0
3089 3108 567 563 3107 3127 566 562 0
3097 3116 1644 568 3108 3128 1643 567 0
3130 3129 2731 2729 3090 3109 1292 1290 0
3109 3131 1194 1292 3091 3110 1193 1291 0
3110 3132 1197 1193 3092 3111 504 500 0
3111 3133 1178 504 3093 3112 1177 503 0
3112 3134 1179 1177 3094 3113 1088 1084 0
3113 3135 1922 1088 3095 3114 1921 1087 0
3114 3136 1923 1921 3096 3115 1708 1706 0
3115 3137 1710 1708 3098 3117 1709 1707 0
3117 3139 1711 1709 3116 3138 1648 1644 0
3118 3119 214 210 3140 3141 213 209 0
3100 3120 67 215 3119 3142 66 214 0
3101 3121 72 68 3120 3143 71 67 0
3102 3122 617 1075 3121 3144 4 72 0
3103 3123 622 618 3122 3145 621 617 0
3104 3124 627 623 3123 3146 626 622 0
3105 3125 632 628 3124 3147 631 627 0
3106 3126 561 557 3125 3148 2042 632 0
3107 3127 566 562 3126 3149 565 561 0
3108 3128 1643 567 3127 3150 1642 566 0
3116 3138 1648 1644 3128 3151 1647 1643 0
3153 3152 2732 2730 3130 3129 2731 2729 0
3129 3154 1195 2731 3109 3131 1194 1292 0
3131 3155 1198 1194 3110 3132 1197 1193 0
3132 3156 1201 1197 3111 3133 1178 504 0
3133 3157 1180 1178 3112 3134 1179 1177 0
3134 3158 1953 1179 3113 3135 1922 1088 0
3135 3159 1924 1922 3114 3136 1923 1921 0
3136 3160 1925 1923 3115 3137 1710 1708 0
3137 3161 1712 1710 3117 3139 1711 1709 0
3139 3163 425 1711 3138 3162 2426 1648 0
3140 3141 213 209 3164 3165 1744 1740 0
3119 3142 66 214 3141 3166 65 213 0
3120 3143 71 67 3142 3167 70 66 0
3121 3144 4 72 3143 3168 3 71 0
3122 3145 621 617 3144 3169 8 4 0
3123 3146 626 622 3145 3170 625 621 0
3124 3147 631 627 3146 3171 630 626 0
3125 3148 2042 632 3147 3172 2041 631 0
3126 3149 565 561 3148 3173 2044 2042 0
3127 3150 1642 566 3149 3174 1641 565 0
3128 3151 1647 1643 3150 3175 1646 1642 0
3138 3162 2426 1648 3151 3176 2425 1647 0
3178 3177 2213 2209 3153 3152 2732 2730 0
3152 3179 1196 2732 3129 3154 1195 2731 0
3154 3180 1199 1195 3131 3155 1198 1194 0
3155 3181 1202 1198 3132 3156 1201 1197 0
3156 3182 1205 1201 3133 3157 1180 1178 0
3157 3183 1954 1180 3134 3158 1953 1179 0
3158 3184 1955 1953 3135 3159 1924 1922 0
3159 3185 1926 1924 3136 3160 1925 1923 0
3160 3186 1927 1925 3137 3161 1712 1710 0
3161 3187 426 1712 3139 3163 425 1711 0
3163 3189 429 425 3162 3188 2428 2426 0
3164 3165 1744 1740 3190 3191 1743 1739 0
3141 3166 65 213 3165 3192 164 1744 0
3142 3167 70 66 3166 3193 69 65 0
3143 3168 3 71 3167 3194 2 70 0
3144 3169 8 4 3168 3195 7 3 0
3145 3170 625 621 3169 3196 12 8 0
3146 3171 630 626 3170 3197 629 625 0
3147 3172 2041 631 3171 3198 1676 630 0
3148 3173 2044 2042 3172 3199 2043 2041 0
3150 3175 1646 1642 3174 3200 1645 1641 0
3162 3188 2428 2426 3176 3201 2427 2425 0
3203 3202 2214 2210 3178 3177 2213 2209 0
3177 3204 2009 2213 3152 3179 1196 2732 0
3179 3205 1200 1196 3154 3180 1199 1195 0
3180 3206 1203 1199 3155 3181 1202 1198 0
3181 3207 1206 1202 3156 3182 1205 1201 0
3182 3208 1257 1205 3157 3183 1954 1180 0
3183 3209 1956 1954 3158 3184 1955 1953 0
3184 3210 2313 1955 3159 3185 1926 1924 0
3185 3211 1928 1926 3160 3186 1927 1925 0
3186 3212 427 1927 3161 3187 426 1712 0
3187 3213 430 426 3163 3189 429 425 0
3189 3215 433 429 3188 3214 2430 2428 0
3190 3191 1743 1739 3216 3217 1742 1738 0
3165 3192 164 1744 3191 3218 163 1743 0
3166 3193 69 65 3192 3219 168 164 0
3167 3194 2 70 3193 3220 1 69 0
3168 3195 7 3 3194 3221 6 2 0
3169 3196 12 8 3195 3222 11 7 0
3170 3197 629 625 3196 3223 16 12 0
3171 3198 1676 630 3197 3224 1675 629 0
3172 3199 2043 2041 3198 3225 1680 1676 0
3188 3214 2430 2428 3201 3226 2429 2427 0
3228 3227 2215 2211 3203 3202 2214 2210 0
3202 3229 2010 2214 3177 3204 2009 2213 0
3204 3230 2011 2009 3179 3205 1200 1196 0
3205 3231 1204 1200 3180 3206 1203 1199 0
3206 3232 1207 1203 3181 3207 1206 1202 0
3207 3233 1258 1206 3182 3208 1257 1205 0
3208 3234 1261 1257 3183 3209 1956 1954 0
3209 3235 2314 1956 3184 3210 2313 1955 0
3210 3236 2315 2313 3185 3211 1928 1926 0
3211 3237 428 1928 3186 3212 427 1927 0
3212 3238 431 427 3187 3213 430 426 0
3213 3239 434 430 3189 3215 433 429 0
3215 3241 437 433 3214 3240 2432 2430 0
3216 3217 1742 1738 3242 3243 1741 1737 0
3191 3218 163 1743 3217 3244 162 1742 0
3192 3219 168 164 3218 3245 167 163 0
3193 3220 1 69 3219 3246 98 168 0
3194 3221 6 2 3220 3247 5 1 0
3195 3222 11 7 3221 3248 10 6 0
3196 3223 16 12 3222 3249 15 11 0
3197 3224 1675 629 3223 3250 1674 16 0
3198 3225 1680 1676 3224 3251 1679 1675 0
3214 3240 2432 2430 3226 3252 2431 2429 0
3254 3253 2216 2212 3228 3227 2215 2211 0
3227 3255 2217 2215 3202 3229 2010 2214 0
3229 3256 2012 2010 3204 3230 2011 2009 0
3230 3257 2013 2011 3205 3231 1204 1200 0
3231 3258 1208 1204 3206 3232 1207 1203 0
3232 3259 1259 1207 3207 3233 1258 1206 0
3233 3260 1262 1258 3208 3234 1261 1257 0
3235 3261 2316 2314 3210 3236 2315 2313 0
3236 3262 2317 2315 3211 3237 428 1928 0
3237 3263 432 428 3212 3238 431 427 0
3238 3264 435 431 3213 3239 434 430 0
3239 3265 438 434 3215 3241 437 433 0
3241 3267 699 437 3240 3266 698 2432 0
3217 3244 162 1742 3243 3268 161 1741 0
3218 3245 167 163 3244 3269 166 162 0
3219 3246 98 168 3245 3270 97 167 0
3220 3247 5 1 3246 3271 100 98 0
3221 3248 10 6 3247 3272 9 5 0
3222 3249 15 11 3248 3273 14 10 0
3223 3250 1674 16 3249 3274 1673 15 0
3224 3251 1679 1675 3250 3275 1678 1674 0
3240 3266 698 2432 3252 3276 697 2431 0
3278 3277 1309 1305 3254 3253 2216 2212 0
3253 3279 2218 2216 3227 3255 2217 2215 0
3255 3280 2219 2217 3229 3256 2012 2010 0
3256 3281 2014 2012 3230 3257 2013 2011 0
3257 3282 2015 2013 3231 3258 1208 1204 0
3258 3283 1260 1208 3232 3259 1259 1207 0
3259 3284 1263 1259 3233 3260 1262 1258 0
3261 3285 2318 2316 3236 3262 2317 2315 0
3262 3286 2319 2317 3237 3263 432 428 0
3263 3287 436 432 3238 3264 435 431 0
3264 3288 439 435 3239 3265 438 434 0
3265 3289 700 438 3241 3267 699 437 0
3267 3291 703 699 3266 3290 702 698 0
3244 3269 166 162 3268 3292 165 161 0
3245 3270 97 167 3269 3293 170 166 0
3246 3271 100 98 3270 3294 99 97 0
3247 3272 9 5 3271 3295 102 100 0
3248 3273 14 10 3272 3296 13 9 0
3249 3274 1673 15 3273 3297 132 14 0
3250 3275 1678 1674 3274 3298 1677 1673 0
3266 3290 702 698 3276 3299 701 697 0
3301 3300 1310 1306 3278 3277 1309 1305 0
3277 3302 1313 1309 3253 3279 2218 2216 0
3279 3303 2220 2218 3255 3280 2219 2217 0
3280 3304 881 2219 3256 3281 2014 2012 0
3281 3305 2016 2014 3257 3282 2015 2013 0
3282 3306 2345 2015 3258 3283 1260 1208 0
3283 3307 1264 1260 3259 3284 1263 1259 0
3285 3308 2320 2318 3262 3286 2319 2317 0
3286 3309 2745 2319 3263 3287 436 432 0
3287 3310 440 436 3264 3288 439 435 0
3288 3311 2697 439 3265 3289 700 438 0
3289 3312 704 700 3267 3291 703 699 0
3291 3314 707 703 3290 3313 706 702 0
3269 3293 170 166 3292 3315 169 165 0
3270 3294 99 97 3293 3316 172 170 0
3271 3295 102 100 3294 3317 101 99 0
3272 3296 13 9 3295 3318 104 102 0
3273 3297 132 14 3296 3319 131 13 0
3274 3298 1677 1673 3297 3320 136 132 0
3290 3313 706 702 3299 3321 705 701 0
3323 3322 1311 1307 3301 3300 1310 1306 0
3300 3324 1314 1310 3277 3302 1313 1309 0
3302 3325 1317 1313 3279 3303 2220 2218 0
3303 3326 882 2220 3280 3304 881 2219 0
3304 3327 885 881 3281 3305 2016 2014 0
3305 3328 2346 2016 3282 3306 2345 2015 0
3306 3329 2347 2345 3283 3307 1264 1260 0
3308 3330 2746 2320 3286 3309 2745 2319 0
3309 3331 2747 2745 3287 3310 440 436 0
3310 3332 2698 440 3288 3311 2697 439 0
3311 3333 2701 2697 3289 3312 704 700 0
3312 3334 708 704 3291 3314 707 703 0
3314 3336 711 707 3313 3335 710 706 0
3293 3316 172 170 3315 3337 171 169 0
3294 3317 101 99 3316 3338 242 172 0
3295 3318 104 102 3317 3339 103 101 0
3296 3319 131 13 3318 3340 130 104 0
3297 3320 136 132 3319 3341 135 131 0
3313 3335 710 706 3321 3342 709 705 0
3344 3343 1312 1308 3323 3322 1311 1307 0
3322 3345 1315 1311 3300 3324 1314 1310 0
3324 3346 1318 1314 3302 3325 1317 1313 0
3325 3347 883 1317 3303 3326 882 2220 0
3326 3348 886 882 3304 3327 885 881 0
3327 3349 889 885 3305 3328 2346 2016 0
3328 3350 2348 2346 3306 3329 2347 2345 0
3330 3351 2748 2746 3309 3331 2747 2745 0
3331 3352 2699 2747 3310 3332 2698 440 0
3332 3353 2702 2698 3311 3333 2701 2697 0
3333 3354 2649 2701 3312 3334 708 704 0
3334 3355 712 708 3314 3336 711 707 0
3336 3357 1611 711 3335 3356 1610 710 0
3316 3338 242 172 3337 3358 241 171 0
3317 3339 103 101 3338 3359 244 242 0
3318 3340 130 104 3339 3360 129 103 0
3319 3341 135 131 3340 3361 134 130 0
3335 3356 1610 710 3342 3362 1609 709 0
3364 3363 2459 2457 3344 3343 1312 1308 0
3343 3365 1316 1312 3322 3345 1315 1311 0
3345 3366 1319 1315 3324 3346 1318 1314 0
3346 3367 884 1318 3325 3347 883 1317 0
3347 3368 887 883 3326 3348 886 882 0
3348 3369 890 886 3327 3349 889 885 0
3349 3370 893 889 3328 3350 2348 2346 0
3351 3371 2700 2748 3331 3352 2699 2747 0
3352 3372 2703 2699 3332 3353 2702 2698 0
3353 3373 2650 2702 3333 3354 2649 2701 0
3354 3374 2653 2649 3334 3355 712 708 0
3355 3375 1612 712 3336 3357 1611 711 0
3357 3377 1615 1611 3356 3376 1614 1610 0
3338 3359 244 242 3358 3378 243 241 0
3339 3360 129 103 3359 3379 1970 244 0
3340 3361 134 130 3360 3380 133 129 0
3356 3376 1614 1610 3362 3381 1613 1609 0
3383 3382 2460 2458 3364 3363 2459 2457 0
3363 3384 2137 2459 3343 3365 1316 1312 0
3365 3385 1320 1316 3345 3366 1319 1315 0
3366 3386 1593 1319 3346 3367 884 1318 0
3367 3387 888 884 3347 3368 887 883 0
3368 3388 891 887 3348 3369 890 886 0
3369 3389 894 890 3349 3370 893 889 0
3371 3390 2704 2700 3352 3372 2703 2699 0
3372 3391 2651 2703 3353 3373 2650 2702 0
3373 3392 2654 2650 3354 3374 2653 2649 0
3374 3393 2505 2653 3355 3375 1612 712 0
3375 3394 1616 1612 3357 3377 1615 1611 0
3377 3396 1979 1615 3376 3395 1978 1614 0
3359 3379 1970 244 3378 3397 1969 243 0
3360 3380 133 129 3379 3398 1972 1970 0
3376 3395 1978 1614 3381 3399 1977 1613 0
3401 3400 2603 2601 3383 3382 2460 2458 0
3382 3402 2138 2460 3363 3384 2137 2459 0
3384 3403 2141 2137 3365 3385 1320 1316 0
3385 3404 1594 1320 3366 3386 1593 1319 0
3386 3405 1595 1593 3367 3387 888 884 0
3387 3406 892 888 3368 3388 891 887 0
3388 3407 895 891 3369 3389 894 890 0
3390 3408 2652 2704 3372 3391 2651 2703 0
3391 3409 2655 2651 3373 3392 2654 2650 0
3392 3410 2506 2654 3374 3393 2505 2653 0
3393 3411 2509 2505 3375 3394 1616 1612 0
3394 3412 1980 1616 3377 3396 1979 1615 0
3396 3414 1983 1979 3395 3413 1982 1978 0
3379 3398 1972 1970 3397 3415 1971 1969 0
3395 3413 1982 1978 3399 3416 1981 1977 0
3418 3417 2604 2602 3401 3400 2603 2601 0
3400 3419 2139 2603 3382 3402 2138 2460 0
3402 3420 2142 2138 3384 3403 2141 2137 0
3403 3421 2145 2141 3385 3404 1594 1320 0
3404 3422 1596 1594 3386 3405 1595 1593 0
3405 3423 2257 1595 3387 3406 892 888 0
3406 3424 896 892 3388 3407 895 891 0
3408 3425 2656 2652 3391 3409 2655 2651 0
3409 3426 2507 2655 3392 3410 2506 2654 0
3410 3427 2510 2506 3393 3411 2509 2505 0
3411 3428 2513 2509 3394 3412 1980 1616 0
3412 3429 1984 1980 3396 3414 1983 1979 0
3414 3431 2617 1983 3413 3430 2634 1982 0
3413 3430 2634 1982 3416 3432 2633 1981 0
3417 3433 2140 2604 3400 3419 2139 2603 0
3419 3434 2143 2139 3402 3420 2142 2138 0
3420 3435 2146 2142 3403 3421 2145 2141 0
3421 3436 2149 2145 3404 3422 1596 1594 0
3422 3437 2258 1596 3405 3423 2257 1595 0
3423 3438 2261 2257 3406 3424 896 892 0
3425 3439 2508 2656 3409 3426 2507 2655 0
3426 3440 2511 2507 3410 3427 2510 2506 0
3427 3441 2514 2510 3411 3428 2513 2509 0
3428 3442 2517 2513 3412 3429 1984 1980 0
3429 3443 2618 1984 3414 3431 2617 1983 0
3431 3445 2619 2617 3430 3444 2636 2634 0
3430 3444 2636 2634 3432 3446 2635 2633 0
3433 3447 2144 2140 3419 3434 2143 2139 0
3434 3448 2147 2143 3420 3435 2146 2142 0
3435 3449 2150 2146 3421 3436 2149 2145 0
3436 3450 2259 2149 3422 3437 2258 1596 0
3437 3451 2262 2258 3423 3438 2261 2257 0
3439 3452 2512 2508 3426 3440 2511 2507 0
3440 3453 2515 2511 3427 3441 2514 2510 0
3441 3454 2518 2514 3428 3442 2517 2513 0
3442 3455 2569 2517 3429 3443 2618 1984 0
3443 3456 2620 2618 3431 3445 2619 2617 0
3447 3457 2148 2144 3434 3448 2147 2143 0
3448 3458 2151 2147 3435 3449 2150 2146 0
3449 3459 2260 2150 3436 3450 2259 2149 0
3450 3460 2263 2259 3437 3451 2262 2258 0
3452 3461 2516 2512 3440 3453 2515 2511 0
3453 3462 2519 2515 3441 3454 2518 2514 0
3454 3463 2570 2518 3442 3455 2569 2517 0
3455 3464 2573 2569 3443 3456 2620 2618 0
3457 3465 2152 2148 3448 3458 2151 2147 0
3459 3466 2264 2260 3450 3460 2263 2259 0
3461 3467 2520 2516 3453 3462 2519 2515 0
3462 3468 2571 2519 3454 3463 2570 2518 0
3463 3469 2574 2570 3455 3464 2573 2569 0
3467 3470 2572 2520 3462 3468 2571 2519 0
3468 3471 2575 2571 3463 3469 2574 2570 0
3470 3472 2576 2572 3468 3471 2575 2571 0
2878 3474 1545 1529 2877 3473 1447 1439 0
2877 3473 1447 1439 2885 3475 1445 1437 0
2886 3476 1549 1533 2878 3474 1545 1529 0
3474 3478 1561 1545 3473 3477 1455 1447 0
2885 3475 1445 1437 2895 3479 1443 1435 0
3473 3477 1455 1447 3475 3480 1453 1445 0
2896 3481 1553 1537 2886 3476 1549 1533 0
3476 3482 1565 1549 3474 3478 1561 1545 0
3478 3484 1577 1561 3477 3483 1463 1455 0
2895 3479 1443 1435 2907 3485 1441 1433 0
3475 3480 1453 1445 3479 3486 1451 1443 0
3477 3483 1463 1455 3480 3487 1461 1453 0
2908 3488 1557 1541 2896 3481 1553 1537 0
3481 3489 1569 1553 3476 3482 1565 1549 0
3482 3490 1581 1565 3478 3484 1577 1561 0
3479 3486 1451 1443 3485 3491 1449 1441 0
3480 3487 1461 1453 3486 3492 1459 1451 0
2919 3493 1481 1465 2908 3488 1557 1541 0
3488 3494 1573 1557 3481 3489 1569 1553 0
3489 3495 1585 1569 3482 3490 1581 1565 0
3486 3492 1459 1451 3491 3496 1457 1449 0
2931 3497 1485 1469 2919 3493 1481 1465 0
3493 3498 1497 1481 3488 3494 1573 1557 0
3494 3499 1589 1573 3489 3495 1585 1569 0
2944 3500 1489 1473 2931 3497 1485 1469 0
3497 3501 1501 1485 3493 3498 1497 1481 0
3498 3502 1513 1497 3494 3499 1589 1573 0
2958 3503 1493 1477 2944 3500 1489 1473 0
3500 3504 1505 1489 3497 3501 1501 1485 0
3501 3505 1517 1501 3498 3502 1513 1497 0
2971 3506 1779 1771 2958 3503 1493 1477 0
3503 3507 1509 1493 3500 3504 1505 1489 0
3504 3508 1521 1505 3501 3505 1517 1501 0
3506 3509 1787 1779 3503 3507 1509 1493 0
3507 3510 1525 1509 3504 3508 1521 1505 0
3509 3511 1795 1787 3507 3510 1525 1509 0
3515 3514 2368 2366 3512 3513 1072 1068 0
3517 3515 2366 2364 3516 3512 1068 1064 0
3512 3513 1072 1068 3518 3519 1056 1052 0
3521 3520 2376 2374 3515 3514 2368 2366 0
3523 3517 2364 2362 3522 3516 1064 1060 0
3516 3512 1068 1064 3524 3518 1052 1048 0
3525 3521 2374 2372 3517 3515 2366 2364 0
3518 3519 1056 1052 3526 3527 1040 1036 0
3529 3528 2384 2382 3521 3520 2376 2374 0
3522 3516 1064 1060 3530 3524 1048 1044 0
3531 3525 2372 2370 3523 3517 2364 2362 0
3524 3518 1052 1048 3532 3526 1036 1032 0
3533 3529 2382 2380 3525 3521 2374 2372 0
3526 3527 1040 1036 3534 3535 1024 1020 0
3537 3536 2392 2390 3529 3528 2384 2382 0
3530 3524 1048 1044 3538 3532 1032 1028 0
3539 3533 2380 2378 3531 3525 2372 2370 0
3532 3526 1036 1032 3540 3534 1020 1016 0
3541 3537 2390 2388 3533 3529 2382 2380 0
3534 3535 1024 1020 3542 3543 2168 2164 0
3545 3544 2856 2852 3537 3536 2392 2390 0
3538 3532 1032 1028 3546 3540 1016 1012 0
3547 3541 2388 2386 3539 3533 2380 2378 0
3540 3534 1020 1016 3548 3542 2164 2160 0
3549 3545 2852 2848 3541 3537 2390 2388 0
3542 3543 2168 2164 3457 3465 2152 2148 0
3551 3550 2872 2868 3545 3544 2856 2852 0
3553 3538 1028 2616 3552 3546 1012 2612 0
3546 3540 1016 1012 3554 3548 2160 2156 0
3555 3549 2848 2844 3547 3541 2388 2386 0
3548 3542 2164 2160 3447 3457 2148 2144 0
3556 3551 2868 2864 3549 3545 2852 2848 0
3558 3553 2616 2614 3557 3552 2612 2610 0
3552 3546 1012 2612 3559 3554 2156 2608 0
3554 3548 2160 2156 3433 3447 2144 2140 0
3560 3556 2864 2860 3555 3549 2848 2844 0
3557 3552 2612 2610 3561 3559 2608 2606 0
3559 3554 2156 2608 3417 3433 2140 2604 0
3561 3559 2608 2606 3418 3417 2604 2602 0
3513 3514 2368 1072 3562 3563 2367 1071 0
3562 3563 2367 1071 3564 3565 960 1070 0
3519 3513 1072 1056 3566 3562 1071 1055 0
3514 3520 2376 2368 3563 3567 2375 2367 0
3564 3565 960 1070 3568 3569 959 1069 0
3566 3562 1071 1055 3570 3564 1070 1054 0
3563 3567 2375 2367 3565 3571 976 960 0
3527 3519 1056 1040 3572 3566 1055 1039 0
3520 3528 2384 2376 3567 3573 2383 2375 0
3568 3569 959 1069 3574 3575 958 2192 0
3570 3564 1070 1054 3576 3568 1069 1053 0
3565 3571 976 960 3569 3577 975 959 0
3572 3566 1055 1039 3578 3570 1054 1038 0
3567 3573 2383 2375 3571 3579 992 976 0
3535 3527 1040 1024 3580 3572 1039 1023 0
3528 3536 2392 2384 3573 3581 2391 2383 0
3574 3575 958 2192 3582 3583 957 2191 0
3576 3568 1069 1053 3584 3574 2192 2184 0
3569 3577 975 959 3575 3585 974 958 0
3578 3570 1054 1038 3586 3576 1053 1037 0
3571 3579 992 976 3577 3587 991 975 0
3580 3572 1039 1023 3588 3578 1038 1022 0
3573 3581 2391 2383 3579 3589 1008 992 0
3543 3535 1024 2168 3590 3580 1023 2167 0
3536 3544 2856 2392 3581 3591 2855 2391 0
3582 3583 957 2191 3592 3593 2400 2208 0
3584 3574 2192 2184 3594 3582 2191 2183 0
3575 3585 974 958 3583 3595 973 957 0
3586 3576 1053 1037 3596 3584 2184 1608 0
3577 3587 991 975 3585 3597 990 974 0
3579 3589 1008 992 3587 3598 1007 991 0
3590 3580 1023 2167 3599 3588 1022 2166 0
3581 3591 2855 2391 3589 3600 2854 1008 0
3465 3543 2168 2152 3458 3590 2167 2151 0
3544 3550 2872 2856 3591 3601 2871 2855 0
3592 3593 2400 2208 3602 3603 2399 2207 0
3594 3582 2191 2183 3604 3592 2208 2200 0
3583 3595 973 957 3593 3605 2408 2400 0
3596 3584 2184 1608 3606 3594 2183 1607 0
3585 3597 990 974 3595 3607 989 973 0
3587 3598 1007 991 3597 3608 1006 990 0
3589 3600 2854 1008 3598 3609 2853 1007 0
3458 3590 2167 2151 3449 3599 2166 2150 0
3591 3601 2871 2855 3600 3610 2870 2854 0
3602 3603 2399 2207 3611 3612 2688 2312 0
3593 3605 2408 2400 3603 3613 2407 2399 0
3606 3594 2183 1607 3614 3604 2200 936 0
3595 3607 989 973 3605 3615 2832 2408 0
3597 3608 1006 990 3607 3616 1005 989 0
3600 3610 2870 2854 3609 3617 2869 2853 0
3611 3612 2688 2312 3618 3619 2687 2311 0
3603 3613 2407 2399 3612 3620 2696 2688 0
3605 3615 2832 2408 3613 3621 2831 2407 0
3607 3616 1005 989 3615 3622 2840 2832 0
3612 3620 2696 2688 3619 3623 2695 2687 0
3615 3622 2840 2832 3621 3624 2839 2831 0
3626 3523 2362 2361 3625 3522 1060 1059 0
3628 3626 2361 948 3627 3625 1059 1058 0
3625 3522 1060 1059 3629 3530 1044 1043 0
3630 3531 2370 2369 3626 3523 2362 2361 0
3632 3628 948 947 3631 3627 1058 1057 0
3627 3625 1059 1058 3633 3629 1043 1042 0
3634 3630 2369 964 3628 3626 2361 948 0
3629 3530 1044 1043 3635 3538 1028 1027 0
3636 3539 2378 2377 3630 3531 2370 2369 0
3638 3632 947 946 3637 3631 1057 2186 0
3631 3627 1058 1057 3639 3633 1042 1041 0
3640 3634 964 963 3632 3628 948 947 0
3633 3629 1043 1042 3641 3635 1027 1026 0
3642 3636 2377 980 3634 3630 2369 964 0
3643 3547 2386 2385 3636 3539 2378 2377 0
3645 3638 946 945 3644 3637 2186 2185 0
3637 3631 1057 2186 3646 3639 1041 2178 0
3647 3640 963 962 3638 3632 947 946 0
3639 3633 1042 1041 3648 3641 1026 1025 0
3649 3642 980 979 3640 3634 964 963 0
3650 3643 2385 996 3642 3636 2377 980 0
3651 3555 2844 2843 3643 3547 2386 2385 0
3653 3645 945 2394 3652 3644 2185 2202 0
3644 3637 2186 2185 3654 3646 2178 2177 0
3655 3647 962 961 3645 3638 946 945 0
3646 3639 1041 2178 3656 3648 1025 1364 0
3657 3649 979 978 3647 3640 963 962 0
3658 3650 996 995 3649 3642 980 979 0
3659 3651 2843 2842 3650 3643 2385 996 0
3660 3560 2860 2859 3651 3555 2844 2843 0
3662 3653 2394 2393 3661 3652 2202 2201 0
3652 3644 2185 2202 3663 3654 2177 2194 0
3664 3655 961 2402 3653 3645 945 2394 0
3654 3646 2178 2177 3665 3656 1364 1363 0
3666 3657 978 977 3655 3647 962 961 0
3667 3658 995 994 3657 3649 979 978 0
3668 3659 2842 2841 3658 3650 996 995 0
3669 3660 2859 2858 3659 3651 2843 2842 0
3671 3662 2393 2682 3670 3661 2201 2306 0
3661 3652 2202 2201 3672 3663 2194 2193 0
3673 3664 2402 2401 3662 3653 2394 2393 0
3663 3654 2177 2194 3674 3665 1363 1362 0
3675 3666 977 2826 3664 3655 961 2402 0
3676 3667 994 993 3666 3657 978 977 0
3677 3669 2858 2857 3668 3659 2842 2841 0
3679 3671 2682 2681 3678 3670 2306 2305 0
3670 3661 2201 2306 3680 3672 2193 2298 0
3681 3673 2401 2690 3671 3662 2393 2682 0
3672 3663 2194 2193 3682 3674 1362 1361 0
3683 3675 2826 2825 3673 3664 2402 2401 0
3684 3676 993 2834 3675 3666 977 2826 0
3678 3670 2306 2305 3685 3680 2298 2297 0
3686 3681 2690 2689 3679 3671 2682 2681 0
3680 3672 2193 2298 3687 3682 1361 2254 0
3688 3684 2834 2833 3683 3675 2826 2825 0
3685 3680 2298 2297 3689 3687 2254 2253 0
3693 3692 2822 2821 3690 3691 2134 2133 0
3695 3693 2821 2070 3694 3690 2133 1528 0
3692 3697 1913 2822 3691 3696 2135 2134 0
3690 3691 2134 2133 3698 3699 2130 2129 0
3701 3700 2824 2823 3693 3692 2822 2821 0
3703 3695 2070 2069 3702 3694 1528 1527 0
3694 3690 2133 1528 3704 3698 2129 1524 0
3705 3701 2823 2072 3695 3693 2821 2070 0
3697 3707 1914 1913 3696 3706 2136 2135 0
3691 3696 2135 2134 3699 3708 2131 2130 0
3700 3709 1917 2824 3692 3697 1913 2822 0
3698 3699 2130 2129 3710 3711 1174 1173 0
3713 3712 538 537 3701 3700 2824 2823 0
3715 3703 2069 1796 3714 3702 1527 1526 0
3702 3694 1528 1527 3716 3704 1524 1523 0
3717 3705 2072 2071 3703 3695 2070 2069 0
3704 3698 2129 1524 3718 3710 1173 1520 0
3719 3713 537 812 3705 3701 2823 2072 0
3707 3721 1915 1914 3706 3720 2807 2136 0
3696 3706 2136 2135 3708 3722 2132 2131 0
3709 3723 1918 1917 3697 3707 1914 1913 0
3699 3708 2131 2130 3711 3724 1175 1174 0
3712 3725 539 538 3700 3709 1917 2824 0
3710 3711 1174 1173 3726 3727 1170 1169 0
3729 3728 542 541 3713 3712 538 537 0
3511 3715 1796 1795 3510 3714 1526 1525 0
3714 3702 1527 1526 3730 3716 1523 1522 0
3731 3717 2071 1800 3715 3703 2069 1796 0
3716 3704 1524 1523 3732 3718 1520 1519 0
3733 3719 812 811 3717 3705 2072 2071 0
3718 3710 1173 1520 3734 3726 1169 1516 0
3735 3729 541 816 3719 3713 537 812 0
3721 3737 1916 1915 3720 3736 2808 2807 0
3706 3720 2807 2136 3722 3738 2805 2132 0
3723 3739 1919 1918 3707 3721 1915 1914 0
3708 3722 2132 2131 3724 3740 1176 1175 0
3725 3741 540 539 3709 3723 1918 1917 0
3711 3724 1175 1174 3727 3742 1171 1170 0
3728 3743 543 542 3712 3725 539 538 0
3726 3727 1170 1169 3744 3745 1166 1165 0
3747 3746 546 545 3729 3728 542 541 0
3510 3714 1526 1525 3508 3730 1522 1521 0
3748 3731 1800 1799 3511 3715 1796 1795 0
3730 3716 1523 1522 3749 3732 1519 1518 0
3750 3733 811 810 3731 3717 2071 1800 0
3732 3718 1520 1519 3751 3734 1516 1515 0
3752 3735 816 815 3733 3719 812 811 0
3734 3726 1169 1516 3753 3744 1165 1592 0
3754 3747 545 820 3735 3729 541 816 0
3720 3736 2808 2807 3738 3755 2806 2805 0
3739 3756 1920 1919 3721 3737 1916 1915 0
3722 3738 2805 2132 3740 3757 2791 1176 0
3741 3758 1301 540 3723 3739 1919 1918 0
3724 3740 1176 1175 3742 3759 1172 1171 0
3743 3760 544 543 3725 3741 540 539 0
3727 3742 1171 1170 3745 3761 1167 1166 0
3746 3762 547 546 3728 3743 543 542 0
3744 3745 1166 1165 3763 3764 1162 1161 0
3766 3765 550 549 3747 3746 546 545 0
3508 3730 1522 1521 3505 3749 1518 1517 0
3768 3748 1799 1798 3767 3511 1795 1794 0
3769 3750 810 809 3748 3731 1800 1799 0
3749 3732 1519 1518 3770 3751 1515 1514 0
3771 3752 815 814 3750 3733 811 810 0
3751 3734 1516 1515 3772 3753 1592 1591 0
3773 3754 820 819 3752 3735 816 815 0
3753 3744 1165 1592 3774 3763 1161 1588 0
3775 3766 549 824 3754 3747 545 820 0
3738 3755 2806 2805 3757 3776 2792 2791 0
3758 3777 1302 1301 3739 3756 1920 1919 0
3740 3757 2791 1176 3759 3778 2789 1172 0
3760 3779 1303 544 3741 3758 1301 540 0
3742 3759 1172 1171 3761 3780 1168 1167 0
3762 3781 548 547 3743 3760 544 543 0
3745 3761 1167 1166 3764 3782 1163 1162 0
3765 3783 551 550 3746 3762 547 546 0
3763 3764 1162 1161 3784 3785 2102 2101 0
3787 3786 1108 1107 3766 3765 550 549 0
3505 3749 1518 1517 3502 3770 1514 1513 0
3789 3768 1798 1797 3788 3767 1794 1793 0
3790 3769 809 1424 3768 3748 1799 1798 0
3791 3771 814 813 3769 3750 810 809 0
3770 3751 1515 1514 3792 3772 1591 1590 0
3793 3773 819 818 3771 3752 815 814 0
3772 3753 1592 1591 3794 3774 1588 1587 0
3795 3775 824 823 3773 3754 820 819 0
3774 3763 1161 1588 3796 3784 2101 1584 0
3797 3787 1107 1106 3775 3766 549 824 0
3757 3776 2792 2791 3778 3798 2790 2789 0
3779 3799 1304 1303 3758 3777 1302 1301 0
3759 3778 2789 1172 3780 3800 2503 1168 0
3781 3801 1241 548 3760 3779 1303 544 0
3761 3780 1168 1167 3782 3802 1164 1163 0
3783 3803 552 551 3762 3781 548 547 0
3764 3782 1163 1162 3785 3804 2103 2102 0
3786 3805 1189 1108 3765 3783 551 550 0
3784 3785 2102 2101 3806 3807 2098 2097 0
3809 3808 1112 1111 3787 3786 1108 1107 0
3502 3770 1514 1513 3499 3792 1590 1589 0
3811 3789 1797 1888 3810 3788 1793 1884 0
3812 3790 1424 1423 3789 3768 1798 1797 0
3813 3791 813 1428 3790 3769 809 1424 0
3814 3793 818 817 3791 3771 814 813 0
3792 3772 1591 1590 3815 3794 1587 1586 0
3816 3795 823 822 3793 3773 819 818 0
3794 3774 1588 1587 3817 3796 1584 1583 0
3818 3797 1106 1105 3795 3775 824 823 0
3796 3784 2101 1584 3819 3806 2097 1580 0
3820 3809 1111 1110 3797 3787 1107 1106 0
3778 3798 2790 2789 3800 3821 2504 2503 0
3799 3823 2743 1304 3777 3822 2741 1302 0
3801 3824 1242 1241 3779 3799 1304 1303 0
3780 3800 2503 1168 3802 3825 2501 1164 0
3803 3826 1245 552 3781 3801 1241 548 0
3782 3802 1164 1163 3804 3827 2104 2103 0
3805 3828 1190 1189 3783 3803 552 551 0
3785 3804 2103 2102 3807 3829 2099 2098 0
3808 3830 1191 1112 3786 3805 1189 1108 0
3806 3807 2098 2097 3831 3832 384 383 0
3834 3833 1946 1945 3809 3808 1112 1111 0
3499 3792 1590 1589 3495 3815 1586 1585 0
3836 3811 1888 1887 3835 3810 1884 1883 0
3837 3812 1423 1422 3811 3789 1797 1888 0
3838 3813 1428 1427 3812 3790 1424 1423 0
3839 3814 817 1430 3813 3791 813 1428 0
3840 3816 822 821 3814 3793 818 817 0
3815 3794 1587 1586 3841 3817 1583 1582 0
3842 3818 1105 604 3816 3795 823 822 0
3817 3796 1584 1583 3843 3819 1580 1579 0
3844 3820 1110 1109 3818 3797 1106 1105 0
3819 3806 2097 1580 3845 3831 383 382 0
3846 3834 1945 1730 3820 3809 1111 1110 0
3800 3821 2504 2503 3825 3847 2502 2501 0
3823 3849 2744 2743 3822 3848 2742 2741 0
3824 3850 1243 1242 3799 3823 2743 1304 0
3826 3851 1246 1245 3801 3824 1242 1241 0
3802 3825 2501 1164 3827 3852 2499 2104 0
3828 3853 1249 1190 3803 3826 1245 552 0
3804 3827 2104 2103 3829 3854 2100 2099 0
3830 3855 1192 1191 3805 3828 1190 1189 0
3807 3829 2099 2098 3832 3856 317 384 0
3833 3857 1965 1946 3808 3830 1191 1112 0
3831 3832 384 383 3858 3859 380 379 0
3861 3860 1948 1947 3834 3833 1946 1945 0
3495 3815 1586 1585 3490 3841 1582 1581 0
3863 3836 1887 1886 3862 3835 1883 1882 0
3864 3837 1422 1421 3836 3811 1888 1887 0
3865 3838 1427 1426 3837 3812 1423 1422 0
3866 3839 1430 1429 3838 3813 1428 1427 0
3867 3840 821 1432 3839 3814 817 1430 0
3868 3842 604 603 3840 3816 822 821 0
3841 3817 1583 1582 3869 3843 1579 1578 0
3870 3844 1109 608 3842 3818 1105 604 0
3843 3819 1580 1579 3871 3845 382 381 0
3872 3846 1730 1729 3844 3820 1110 1109 0
3845 3831 383 382 3873 3858 379 378 0
3874 3861 1947 1732 3846 3834 1945 1730 0
3825 3847 2502 2501 3852 3875 2500 2499 0
3849 3877 2249 2744 3848 3876 2245 2742 0
3850 3878 1244 1243 3823 3849 2744 2743 0
3851 3879 1247 1246 3824 3850 1243 1242 0
3853 3880 1250 1249 3826 3851 1246 1245 0
3827 3852 2499 2104 3854 3881 2497 2100 0
3855 3882 1253 1192 3828 3853 1249 1190 0
3829 3854 2100 2099 3856 3883 318 317 0
3857 3884 1966 1965 3830 3855 1192 1191 0
3832 3856 317 384 3859 3885 313 380 0
3860 3886 1967 1948 3833 3857 1965 1946 0
3858 3859 380 379 3887 3888 376 375 0
3890 3889 1950 1949 3861 3860 1948 1947 0
3490 3841 1582 1581 3484 3869 1578 1577 0
3891 3864 1421 846 3863 3836 1887 1886 0
3892 3865 1426 1425 3864 3837 1422 1421 0
3893 3866 1429 668 3865 3838 1427 1426 0
3894 3867 1432 1431 3866 3839 1430 1429 0
3895 3868 603 602 3867 3840 821 1432 0
3896 3870 608 607 3868 3842 604 603 0
3869 3843 1579 1578 3897 3871 381 1464 0
3898 3872 1729 612 3870 3844 1109 608 0
3871 3845 382 381 3899 3873 378 377 0
3900 3874 1732 1731 3872 3846 1730 1729 0
3873 3858 379 378 3901 3887 375 374 0
3902 3890 1949 1734 3874 3861 1947 1732 0
3852 3875 2500 2499 3881 3903 2498 2497 0
3877 3905 2250 2249 3876 3904 2246 2245 0
3878 3906 2033 1244 3849 3877 2249 2744 0
3879 3907 1248 1247 3850 3878 1244 1243 0
3880 3908 1251 1250 3851 3879 1247 1246 0
3882 3909 1254 1253 3853 3880 1250 1249 0
3854 3881 2497 2100 3883 3910 319 318 0
3884 3911 1281 1966 3855 3882 1253 1192 0
3856 3883 318 317 3885 3912 314 313 0
3886 3913 1968 1967 3857 3884 1966 1965 0
3859 3885 313 380 3888 3914 309 376 0
3889 3915 2337 1950 3860 3886 1967 1948 0
3887 3888 376 375 3916 3917 372 371 0
3919 3918 1952 1951 3890 3889 1950 1949 0
3484 3869 1578 1577 3483 3897 1464 1463 0
3920 3892 1425 848 3891 3864 1421 846 0
3921 3893 668 667 3892 3865 1426 1425 0
3922 3894 1431 672 3893 3866 1429 668 0
3923 3895 602 601 3894 3867 1432 1431 0
3924 3896 607 606 3895 3868 603 602 0
3925 3898 612 611 3896 3870 608 607 0
3897 3871 381 1464 3926 3899 377 1462 0
3927 3900 1731 616 3898 3872 1729 612 0
3899 3873 378 377 3928 3901 374 373 0
3929 3902 1734 1733 3900 3874 1732 1731 0
3901 3887 375 374 3930 3916 371 370 0
3931 3919 1951 1736 3902 3890 1949 1734 0
3881 3903 2498 2497 3910 3932 320 319 0
3905 3934 2251 2250 3904 3933 2247 2246 0
3906 3935 2034 2033 3877 3905 2250 2249 0
3907 3936 2035 1248 3878 3906 2033 1244 0
3908 3937 1252 1251 3879 3907 1248 1247 0
3909 3938 1255 1254 3880 3908 1251 1250 0
3911 3939 1282 1281 3882 3909 1254 1253 0
3883 3910 319 318 3912 3940 315 314 0
3913 3941 1285 1968 3884 3911 1281 1966 0
3885 3912 314 313 3914 3942 310 309 0
3915 3943 2338 2337 3886 3913 1968 1967 0
3888 3914 309 376 3917 3944 305 372 0
3918 3945 2339 1952 3889 3915 2337 1950 0
3947 3946 476 475 3919 3918 1952 1951 0
3483 3897 1464 1463 3487 3926 1462 1461 0
3948 3921 667 666 3920 3892 1425 848 0
3949 3922 672 671 3921 3893 668 667 0
3950 3923 601 676 3922 3894 1431 672 0
3951 3924 606 605 3923 3895 602 601 0
3952 3925 611 610 3924 3896 607 606 0
3953 3927 616 615 3925 3898 612 611 0
3926 3899 377 1462 3954 3928 373 1460 0
3955 3929 1733 1668 3927 3900 1731 616 0
3928 3901 374 373 3956 3930 370 369 0
3957 3931 1736 1735 3929 3902 1734 1733 0
3958 3947 475 474 3931 3919 1951 1736 0
3910 3932 320 319 3940 3959 316 315 0
3934 3961 2252 2251 3933 3960 2248 2247 0
3935 3689 2253 2034 3905 3934 2251 2250 0
3936 3962 2036 2035 3906 3935 2034 2033 0
3937 3963 2037 1252 3907 3936 2035 1248 0
3938 3964 1256 1255 3908 3937 1252 1251 0
3939 3965 1283 1282 3909 3938 1255 1254 0
3941 3966 1286 1285 3911 3939 1282 1281 0
3912 3940 315 314 3942 3967 311 310 0
3914 3942 310 309 3944 3968 306 305 0
3945 3969 2340 2339 3915 3943 2338 2337 0
3946 3970 2341 476 3918 3945 2339 1952 0
3972 3971 480 479 3947 3946 476 475 0
3487 3926 1462 1461 3492 3954 1460 1459 0
3973 3949 671 670 3948 3921 667 666 0
3974 3950 676 675 3949 3922 672 671 0
3975 3951 605 680 3950 3923 601 676 0
3976 3952 610 609 3951 3924 606 605 0
3977 3953 615 614 3952 3925 611 610 0
3978 3955 1668 1667 3953 3927 616 615 0
3954 3928 373 1460 3979 3956 369 1458 0
3980 3957 1735 1672 3955 3929 1733 1668 0
3981 3958 474 473 3957 3931 1736 1735 0
3982 3972 479 478 3958 3947 475 474 0
3940 3959 316 315 3967 3983 312 311 0
3961 3985 1357 2252 3960 3984 1353 2248 0
3689 3687 2254 2253 3934 3961 2252 2251 0
3962 3986 2255 2036 3935 3689 2253 2034 0
3963 3987 2038 2037 3936 3962 2036 2035 0
3964 3988 2039 1256 3937 3963 2037 1252 0
3965 3989 1284 1283 3938 3964 1256 1255 0
3966 3990 1287 1286 3939 3965 1283 1282 0
3942 3967 311 310 3968 3991 307 306 0
3970 3992 2342 2341 3945 3969 2340 2339 0
3971 3993 2343 480 3946 3970 2341 476 0
3995 3994 484 483 3972 3971 480 479 0
3492 3954 1460 1459 3496 3979 1458 1457 0
3996 3974 675 674 3973 3949 671 670 0
3997 3975 680 679 3974 3950 676 675 0
3998 3976 609 2054 3975 3951 605 680 0
3999 3977 614 613 3976 3952 610 609 0
4000 3978 1667 1666 3977 3953 615 614 0
4001 3980 1672 1671 3978 3955 1668 1667 0
4002 3981 473 2450 3980 3957 1735 1672 0
4003 3982 478 477 3981 3958 474 473 0
4004 3995 483 482 3982 3972 479 478 0
3967 3983 312 311 3991 4005 308 307 0
3985 4007 1358 1357 3984 4006 1354 1353 0
3687 3682 1361 2254 3961 3985 1357 2252 0
3987 4008 929 2038 3962 3986 2255 2036 0
3988 4009 2040 2039 3963 3987 2038 2037 0
3989 4010 2357 1284 3964 3988 2039 1256 0
3990 4011 1288 1287 3965 3989 1284 1283 0
3993 4012 2344 2343 3970 3992 2342 2341 0
3994 4013 2757 484 3971 3993 2343 480 0
4015 4014 488 487 3995 3994 484 483 0
4016 3997 679 678 3996 3974 675 674 0
4017 3998 2054 2053 3997 3975 680 679 0
4018 3999 613 2056 3998 3976 609 2054 0
4019 4000 1666 1665 3999 3977 614 613 0
4020 4001 1671 1670 4000 3978 1667 1666 0
4021 4002 2450 2449 4001 3980 1672 1671 0
4022 4003 477 2452 4002 3981 473 2450 0
4023 4004 482 481 4003 3982 478 477 0
4024 4015 487 486 4004 3995 483 482 0
4007 4026 1359 1358 4006 4025 1355 1354 0
3682 3674 1362 1361 3985 4007 1358 1357 0
4009 4027 933 2040 3987 4008 929 2038 0
4010 4028 2358 2357 3988 4009 2040 2039 0
4011 4029 2359 1288 3989 4010 2357 1284 0
4013 4030 2758 2757 3993 4012 2344 2343 0
4014 4031 2759 488 3994 4013 2757 484 0
4033 4032 2722 2721 4015 4014 488 487 0
4034 4017 2053 1700 4016 3997 679 678 0
4035 4018 2056 2055 4017 3998 2054 2053 0
4036 4020 1670 1669 4019 4000 1666 1665 0
4037 4022 2452 2451 4021 4002 2450 2449 0
4038 4023 481 2454 4022 4003 477 2452 0
4039 4024 486 485 4023 4004 482 481 0
4040 4033 2721 748 4024 4015 487 486 0
4026 4042 1360 1359 4025 4041 1356 1355 0
3674 3665 1363 1362 4007 4026 1359 1358 0
4028 4043 937 2358 4009 4027 933 2040 0
4029 4044 2360 2359 4010 4028 2358 2357 0
4031 4045 2760 2759 4013 4030 2758 2757 0
4032 4046 2723 2722 4014 4031 2759 488 0
4048 4047 2726 2725 4033 4032 2722 2721 0
4049 4035 2055 1704 4034 4017 2053 1700 0
4050 4038 2454 2453 4037 4022 2452 2451 0
4051 4039 485 2456 4038 4023 481 2454 0
4052 4040 748 747 4039 4024 486 485 0
4053 4048 2725 752 4040 4033 2721 748 0
4042 4055 2471 1360 4041 4054 2469 1356 0
3665 3656 1364 1363 4026 4042 1360 1359 0
4044 4056 941 2360 4028 4043 937 2358 0
4046 4057 2724 2723 4031 4045 2760 2759 0
4047 4058 2727 2726 4032 4046 2723 2722 0
4060 4059 2674 2673 4048 4047 2726 2725 0
4061 4051 2456 2455 4050 4038 2454 2453 0
4062 4052 747 746 4051 4039 485 2456 0
4063 4053 752 751 4052 4040 748 747 0
4064 4060 2673 756 4053 4048 2725 752 0
4055 4066 2472 2471 4054 4065 2470 2469 0
3656 3648 1025 1364 4042 4055 2471 1360 0
4058 4067 2728 2727 4046 4057 2724 2723 0
4059 4068 2675 2674 4047 4058 2727 2726 0
4070 4069 2678 2677 4060 4059 2674 2673 0
4071 4062 746 745 4061 4051 2456 2455 0
4072 4063 751 750 4062 4052 747 746 0
4073 4064 756 755 4063 4053 752 751 0
4074 4070 2677 760 4064 4060 2673 756 0
4066 4076 2615 2472 4065 4075 2613 2470 0
3648 3641 1026 1025 4055 4066 2472 2471 0
4068 4077 2676 2675 4058 4067 2728 2727 0
4069 4078 2679 2678 4059 4068 2675 2674 0
4080 4079 2554 2553 4070 4069 2678 2677 0
4081 4072 750 749 4071 4062 746 745 0
4082 4073 755 754 4072 4063 751 750 0
4083 4074 760 759 4073 4064 756 755 0
4084 4080 2553 1636 4074 4070 2677 760 0
4076 3553 2616 2615 4075 3558 2614 2613 0
3641 3635 1027 1026 4066 4076 2615 2472 0
4078 4085 2680 2679 4068 4077 2676 2675 0
4079 4086 2555 2554 4069 4078 2679 2678 0
4088 4087 2558 2557 4080 4079 2554 2553 0
4089 4082 754 753 4081 4072 750 749 0
4090 4083 759 758 4082 4073 755 754 0
4091 4084 1636 1635 4083 4074 760 759 0
4092 4088 2557 1640 4084 4080 2553 1636 0
3635 3538 1028 1027 4076 3553 2616 2615 0
4086 4093 2556 2555 4078 4085 2680 2679 0
4087 4094 2559 2558 4079 4086 2555 2554 0
4096 4095 2562 2561 4088 4087 2558 2557 0
4097 4090 758 757 4089 4082 754 753 0
4098 4091 1635 1634 4090 4083 759 758 0
4099 4092 1640 1639 4091 4084 1636 1635 0
4100 4096 2561 2004 4092 4088 2557 1640 0
4094 4101 2560 2559 4086 4093 2556 2555 0
4095 4102 2563 2562 4087 4094 2559 2558 0
4104 4103 2566 2565 4096 4095 2562 2561 0
4105 4098 1634 1633 4097 4090 758 757 0
4106 4099 1639 1638 4098 4091 1635 1634 0
4107 4100 2004 2003 4099 4092 1640 1639 0
4108 4104 2565 2008 4100 4096 2561 2004 0
4102 4109 2564 2563 4094 4101 2560 2559 0
4103 4110 2567 2566 4095 4102 2563 2562 0
4112 4111 2594 2593 4104 4103 2566 2565 0
4113 4106 1638 1637 4105 4098 1634 1633 0
4114 4107 2003 2002 4106 4099 1639 1638 0
4115 4108 2008 2007 4107 4100 2004 2003 0
4116 4112 2593 2630 4108 4104 2565 2008 0
4110 4117 2568 2567 4102 4109 2564 2563 0
4111 4118 2595 2594 4103 4110 2567 2566 0
4120 4119 2598 2597 4112 4111 2594 2593 0
4121 4114 2002 2001 4113 4106 1638 1637 0
4122 4115 2007 2006 4114 4107 2003 2002 0
4123 4116 2630 2629 4115 4108 2008 2007 0
4124 4120 2597 2632 4116 4112 2593 2630 0
4118 4125 2596 2595 4110 4117 2568 2567 0
4119 4126 2599 2598 4111 4118 2595 2594 0
4127 4122 2006 2005 4121 4114 2002 2001 0
4128 4123 2629 2646 4122 4115 2007 2006 0
4129 4124 2632 2631 4123 4116 2630 2629 0
4126 4130 2600 2599 4118 4125 2596 2595 0
4131 4128 2646 2645 4127 4122 2006 2005 0
4132 4129 2631 2648 4128 4123 2629 2646 0
4133 4132 2648 2647 4131 4128 2646 2645 0
3598 3609 2853 1007 4134 4135 2849 1003 0
4134 4135 2849 1003 4136 4137 2845 999 0
3609 3617 2869 2853 4135 4138 2865 2849 0
4136 4137 2845 999 3658 3668 2841 995 0
4135 4138 2865 2849 4137 4139 2861 2845 0
4137 4139 2861 2845 3668 3677 2857 2841 0
3622 3616 1005 2840 4140 4141 1001 2838 0
3624 3622 2840 2839 4142 4140 2838 2837 0
3616 3608 1006 1005 4141 4143 1002 1001 0
4140 4141 1001 2838 4144 4145 997 2836 0
4142 4140 2838 2837 4146 4144 2836 2835 0
3608 3598 1007 1006 4143 4134 1003 1002 0
4141 4143 1002 1001 4145 4147 998 997 0
4144 4145 997 2836 3684 3676 993 2834 0
4146 4144 2836 2835 3688 3684 2834 2833 0
4143 4134 1003 1002 4147 4136 999 998 0
4145 4147 998 997 3676 3667 994 993 0
4147 4136 999 998 3667 3658 995 994 0
3621 3624 2839 2831 4148 4142 2837 2829 0
4148 4142 2837 2829 4149 4146 2835 2827 0
3613 3621 2831 2407 4150 4148 2829 2405 0
4149 4146 2835 2827 3683 3688 2833 2825 0
4150 4148 2829 2405 4151 4149 2827 2403 0
4151 4149 2827 2403 3673 3683 2825 2401 0
3755 3736 2808 2806 4152 4153 2804 2802 0
3776 3755 2806 2792 4154 4152 2802 2788 0
3736 3737 1916 2808 4153 4155 1908 2804 0
4152 4153 2804 2802 4156 4157 2800 2798 0
3798 3776 2792 2790 4158 4154 2788 2786 0
4154 4152 2802 2788 4159 4156 2798 2784 0
3737 3756 1920 1916 4155 4160 1912 1908 0
4153 4155 1908 2804 4157 4161 1900 2800 0
4156 4157 2800 2798 3024 3039 2796 2794 0
3821 3798 2790 2504 4162 4158 2786 2496 0
4158 4154 2788 2786 4163 4159 2784 2782 0
4159 4156 2798 2784 3010 3024 2794 2780 0
3756 3777 1302 1920 4160 4164 1298 1912 0
4155 4160 1912 1908 4161 4165 1904 1900 0
4157 4161 1900 2800 3039 3055 1892 2796 0
3847 3821 2504 2502 4166 4162 2496 2494 0
4162 4158 2786 2496 4167 4163 2782 2488 0
4163 4159 2784 2782 2997 3010 2780 2778 0
4160 4164 1298 1912 4165 4168 1294 1904 0
4161 4165 1904 1900 3055 3072 1896 1892 0
3875 3847 2502 2500 4169 4166 2494 2492 0
4166 4162 2496 2494 4170 4167 2488 2486 0
4167 4163 2782 2488 2985 2997 2778 2480 0
4165 4168 1294 1904 3072 3090 1290 1896 0
3903 3875 2500 2498 4171 4169 2492 2490 0
4169 4166 2494 2492 4172 4170 2486 2484 0
4170 4167 2488 2486 2973 2985 2480 2478 0
3932 3903 2498 320 4173 4171 2490 304 0
4171 4169 2492 2490 4174 4172 2484 2482 0
4172 4170 2486 2484 2960 2973 2478 2476 0
3959 3932 320 316 4175 4173 304 300 0
4173 4171 2490 304 4176 4174 2482 288 0
4174 4172 2484 2482 2945 2960 2476 2474 0
3983 3959 316 312 4177 4175 300 296 0
4175 4173 304 300 4178 4176 288 284 0
4176 4174 2482 288 2946 2945 2474 272 0
4005 3983 312 308 4179 4177 296 292 0
4177 4175 300 296 4180 4178 284 280 0
4178 4176 288 284 2959 2946 272 268 0
4179 4177 296 292 4181 4180 280 276 0
4180 4178 284 280 2972 2959 268 264 0
4181 4180 280 276 2984 2972 264 260 0
4185 4184 2776 2772 4182 4183 2768 2764 0
3592 4185 2772 2208 3604 4182 2764 2200 0
4182 4183 2768 2764 4186 4187 944 940 0
3604 4182 2764 2200 3614 4186 940 936 0
4183 4184 2776 2768 4188 4189 2775 2767 0
4188 4189 2775 2767 4190 4191 2774 2766 0
4187 4183 2768 944 4192 4188 2767 943 0
4190 4191 2774 2766 4193 4194 2773 2765 0
4192 4188 2767 943 4195 4190 2766 942 0
4197 4187 944 928 4196 4192 943 927 0
4195 4190 2766 942 4056 4193 2765 941 0
4196 4192 943 927 4198 4195 942 926 0
4200 4199 2285 2277 4197 4187 944 928 0
4202 4197 928 912 4201 4196 927 911 0
4198 4195 942 926 4203 4056 941 925 0
4201 4196 927 911 4204 4198 926 910 0
4206 4205 2286 2278 4200 4199 2285 2277 0
4207 4200 2277 2269 4202 4197 928 912 0
3424 4202 912 896 3407 4201 911 895 0
4203 4056 941 925 4208 4044 2360 2356 0
4204 4198 926 910 4209 4203 925 909 0
3407 4201 911 895 3389 4204 910 894 0
4211 4210 2287 2279 4206 4205 2286 2278 0
4212 4206 2278 2270 4207 4200 2277 2269 0
3438 4207 2269 2261 3424 4202 912 896 0
4208 4044 2360 2356 4213 4029 2359 2355 0
4209 4203 925 909 4214 4208 2356 2352 0
3389 4204 910 894 3370 4209 909 893 0
4216 4215 2288 2280 4211 4210 2287 2279 0
4217 4211 2279 2271 4212 4206 2278 2270 0
3451 4212 2270 2262 3438 4207 2269 2261 0
4213 4029 2359 2355 4218 4011 1288 1280 0
4214 4208 2356 2352 4219 4213 2355 2351 0
3370 4209 909 893 3350 4214 2352 2348 0
4220 4216 2280 2272 4217 4211 2279 2271 0
3460 4217 2271 2263 3451 4212 2270 2262 0
4218 4011 1288 1280 4221 3990 1287 1279 0
4219 4213 2355 2351 4222 4218 1280 1272 0
3350 4214 2352 2348 3329 4219 2351 2347 0
3466 4220 2272 2264 3460 4217 2271 2263 0
4221 3990 1287 1279 4223 3966 1286 1278 0
4222 4218 1280 1272 4224 4221 1279 1271 0
3329 4219 2351 2347 3307 4222 1272 1264 0
4223 3966 1286 1278 4225 3941 1285 1277 0
4224 4221 1279 1271 4226 4223 1278 1270 0
3307 4222 1272 1264 3284 4224 1271 1263 0
4225 3941 1285 1277 4227 3913 1968 1964 0
4226 4223 1278 1270 4228 4225 1277 1269 0
3284 4224 1271 1263 3260 4226 1270 1262 0
4228 4225 1277 1269 4229 4227 1964 1960 0
3260 4226 1270 1262 3234 4228 1269 1261 0
3234 4228 1269 1261 3209 4229 1960 1956 0
4189 4184 2776 2775 4230 4185 2772 2771 0
4191 4189 2775 2774 4231 4230 2771 2770 0
4230 4185 2772 2771 3602 3592 2208 2207 0
4194 4191 2774 2773 4232 4231 2770 2769 0
4231 4230 2771 2770 3611 3602 2207 2312 0
4232 4231 2770 2769 3618 3611 2312 2311 0
4193 4194 2773 2765 4233 4232 2769 2761 0
4233 4232 2769 2761 4234 3618 2311 2303 0
4056 4193 2765 941 4043 4233 2761 937 0
4234 3618 2311 2303 4235 4236 2309 2301 0
4043 4233 2761 937 4027 4234 2303 933 0
4235 4236 2309 2301 4237 4238 2307 2299 0
4027 4234 2303 933 4008 4235 2301 929 0
3618 3619 2687 2311 4236 4239 2685 2309 0
4237 4238 2307 2299 3685 3678 2305 2297 0
4008 4235 2301 929 3986 4237 2299 2255 0
4236 4239 2685 2309 4238 4240 2683 2307 0
3619 3623 2695 2687 4239 4241 2693 2685 0
3986 4237 2299 2255 3689 3685 2297 2253 0
4238 4240 2683 2307 3678 3679 2681 2305 0
4239 4241 2693 2685 4240 4242 2691 2683 0
4240 4242 2691 2683 3679 3686 2689 2681 0
3276 4244 713 697 3252 4243 2439 2431 0
3252 4243 2439 2431 3226 4245 2437 2429 0
3299 4246 717 701 3276 4244 713 697 0
4244 4248 729 713 4243 4247 2447 2439 0
3226 4245 2437 2429 3201 4249 2435 2427 0
4243 4247 2447 2439 4245 4250 2445 2437 0
3321 4251 721 705 3299 4246 717 701 0
4246 4252 733 717 4244 4248 729 713 0
4248 4071 745 729 4247 4061 2455 2447 0
3201 4249 2435 2427 3176 4253 2433 2425 0
4245 4250 2445 2437 4249 4254 2443 2435 0
4247 4061 2455 2447 4250 4050 2453 2445 0
3342 4255 725 709 3321 4251 721 705 0
4251 4256 737 721 4246 4252 733 717 0
4252 4081 749 733 4248 4071 745 729 0
3176 4253 2433 2425 3151 4257 1655 1647 0
4249 4254 2443 2435 4253 4258 2441 2433 0
4250 4050 2453 2445 4254 4037 2451 2443 0
3362 4259 1617 1609 3342 4255 725 709 0
4255 4260 741 725 4251 4256 737 721 0
4256 4089 753 737 4252 4081 749 733 0
4253 4258 2441 2433 4257 4261 1663 1655 0
4254 4037 2451 2443 4258 4021 2449 2441 0
3381 4262 1621 1613 3362 4259 1617 1609 0
4259 4263 1625 1617 4255 4260 741 725 0
4260 4097 757 741 4256 4089 753 737 0
4258 4021 2449 2441 4261 4001 1671 1663 0
3399 4264 1985 1977 3381 4262 1621 1613 0
4262 4265 1629 1621 4259 4263 1625 1617 0
4263 4105 1633 1625 4260 4097 757 741 0
3416 4266 1989 1981 3399 4264 1985 1977 0
4264 4267 1993 1985 4262 4265 1629 1621 0
4265 4113 1637 1629 4263 4105 1633 1625 0
3432 4268 2637 2633 3416 4266 1989 1981 0
4266 4269 1997 1989 4264 4267 1993 1985 0
4267 4121 2001 1993 4265 4113 1637 1629 0
3446 4270 2639 2635 3432 4268 2637 2633 0
4268 4271 2641 2637 4266 4269 1997 1989 0
4269 4127 2005 1997 4267 4121 2001 1993 0
4270 4272 2643 2639 4268 4271 2641 2637 0
4271 4131 2645 2641 4269 4127 2005 1997 0
4272 4133 2647 2643 4271 4131 2645 2641 0
4273 3556 2864 2863 3660 3560 2860 2859 0
4274 4273 2863 2862 3669 3660 2859 2858 0
4275 3551 2868 2867 4273 3556 2864 2863 0
4139 4274 2862 2861 3677 3669 2858 2857 0
4276 4275 2867 2866 4274 4273 2863 2862 0
3601 3550 2872 2871 4275 3551 2868 2867 0
4138 4276 2866 2865 4139 4274 2862 2861 0
3610 3601 2871 2870 4276 4275 2867 2866 0
3617 3610 2870 2869 4138 4276 2866 2865 0
4067 4077 2676 2728 4277 4278 2668 2720 0
4057 4067 2728 2724 4279 4277 2720 2716 0
4077 4085 2680 2676 4278 4280 2672 2668 0
4277 4278 2668 2720 4281 4282 2660 2712 0
4045 4057 2724 2760 4283 4279 2716 2756 0
4279 4277 2720 2716 4284 4281 2712 2708 0
4085 4093 2556 2680 4280 4285 2540 2672 0
4278 4280 2672 2668 4282 4286 2664 2660 0
4281 4282 2660 2712 3390 3408 2652 2704 0
4030 4045 2760 2758 4287 4283 2756 2754 0
4283 4279 2716 2756 4288 4284 2708 2752 0
4284 4281 2712 2708 3371 3390 2704 2700 0
4093 4101 2560 2556 4285 4289 2544 2540 0
4280 4285 2540 2672 4286 4290 2524 2664 0
4282 4286 2664 2660 3408 3425 2656 2652 0
4012 4030 2758 2344 4291 4287 2754 2336 0
4287 4283 2756 2754 4292 4288 2752 2750 0
4288 4284 2708 2752 3351 3371 2700 2748 0
4101 4109 2564 2560 4289 4293 2548 2544 0
4285 4289 2544 2540 4290 4294 2528 2524 0
4286 4290 2524 2664 3425 3439 2508 2656 0
3992 4012 2344 2342 4295 4291 2336 2334 0
4291 4287 2754 2336 4296 4292 2750 2328 0
4292 4288 2752 2750 3330 3351 2748 2746 0
4109 4117 2568 2564 4293 4297 2552 2548 0
4289 4293 2548 2544 4294 4298 2532 2528 0
4290 4294 2528 2524 3439 3452 2512 2508 0
3969 3992 2342 2340 4299 4295 2334 2332 0
4295 4291 2336 2334 4300 4296 2328 2326 0
4296 4292 2750 2328 3308 3330 2746 2320 0
4117 4125 2596 2568 4297 4301 2588 2552 0
4293 4297 2552 2548 4298 4302 2536 2532 0
4294 4298 2532 2528 3452 3461 2516 2512 0
3943 3969 2340 2338 4303 4299 2332 2330 0
4299 4295 2334 2332 4304 4300 2326 2324 0
4300 4296 2328 2326 3285 3308 2320 2318 0
4125 4130 2600 2596 4301 4305 2592 2588 0
4297 4301 2588 2552 4302 4306 2580 2536 0
4298 4302 2536 2532 3461 3467 2520 2516 0
3913 3943 2338 1968 4227 4303 2330 1964 0
4303 4299 2332 2330 4307 4304 2324 2322 0
4304 4300 2326 2324 3261 3285 2318 2316 0
4301 4305 2592 2588 4306 4308 2584 2580 0
4302 4306 2580 2536 3467 3470 2572 2520 0
4227 4303 2330 1964 4229 4307 2322 1960 0
4307 4304 2324 2322 3235 3261 2316 2314 0
4306 4308 2584 2580 3470 3472 2576 2572 0
4229 4307 2322 1960 3209 3235 2314 1956 0
3620 3613 2407 2696 4309 4150 2405 2694 0
3623 3620 2696 2695 4241 4309 2694 2693 0
4309 4150 2405 2694 4310 4151 2403 2692 0
4241 4309 2694 2693 4242 4310 2692 2691 0
4310 4151 2403 2692 3681 3673 2401 2690 0
4242 4310 2692 2691 3686 3681 2690 2689 0
3445 4312 2623 2619 3444 4311 2640 2636 0
3444 4311 2640 2636 3446 4270 2639 2635 0
3456 4313 2624 2620 3445 4312 2623 2619 0
4312 4315 2627 2623 4311 4314 2644 2640 0
4311 4314 2644 2640 4270 4272 2643 2639 0
3464 4316 2581 2573 3456 4313 2624 2620 0
4313 4317 2628 2624 4312 4315 2627 2623 0
4315 4129 2631 2627 4314 4132 2648 2644 0
4314 4132 2648 2644 4272 4133 2647 2643 0
3469 4318 2582 2574 3464 4316 2581 2573 0
4316 4319 2589 2581 4313 4317 2628 2624 0
4317 4124 2632 2628 4315 4129 2631 2627 0
3471 4320 2583 2575 3469 4318 2582 2574 0
4318 4321 2590 2582 4316 4319 2589 2581 0
4319 4120 2597 2589 4317 4124 2632 2628 0
3472 4308 2584 2576 3471 4320 2583 2575 0
4320 4322 2591 2583 4318 4321 2590 2582 0
4321 4119 2598 2590 4319 4120 2597 2589 0
4308 4305 2592 2584 4320 4322 2591 2583 0
4322 4126 2599 2591 4321 4119 2598 2590 0
4305 4130 2600 2592 4322 4126 2599 2591 0
4326 4325 1821 2174 4323 4324 1817 2424 0
4328 4326 2174 2173 4327 4323 2424 2423 0
4325 4330 1822 1821 4324 4329 1818 1817 0
4323 4324 1817 2424 4331 4332 1813 2422 0
4334 4333 1823 2176 4326 4325 1821 2174 0
4327 4323 2424 2423 4335 4331 2422 2421 0
4336 4334 2176 2175 4328 4326 2174 2173 0
4330 4338 1377 1822 4329 4337 1819 1818 0
4324 4329 1818 1817 4332 4339 1814 1813 0
4333 4340 1824 1823 4325 4330 1822 1821 0
4342 4341 691 690 4334 4333 1823 2176 0
4343 4342 690 689 4336 4334 2176 2175 0
4338 4345 1378 1377 4337 4344 1820 1819 0
4329 4337 1819 1818 4339 4346 1815 1814 0
4340 4347 1379 1824 4330 4338 1377 1822 0
4341 4348 692 691 4333 4340 1824 1823 0
4350 4349 695 694 4342 4341 691 690 0
4351 4350 694 693 4343 4342 690 689 0
4345 4353 865 1378 4344 4352 2295 1820 0
4337 4344 1820 1819 4346 4354 1816 1815 0
4347 4355 1380 1379 4338 4345 1378 1377 0
4348 4356 1381 692 4340 4347 1379 1824 0
4349 4357 696 695 4341 4348 692 691 0
4359 4358 411 410 4350 4349 695 694 0
4360 4359 410 409 4351 4350 694 693 0
4353 4362 866 865 4352 4361 2296 2295 0
4344 4352 2295 1820 4354 4363 2293 1816 0
4355 4364 869 1380 4345 4353 865 1378 0
4356 4365 1382 1381 4347 4355 1380 1379 0
4357 4366 1383 696 4348 4356 1381 692 0
4358 4367 412 411 4349 4357 696 695 0
4369 4368 415 414 4359 4358 411 410 0
4370 4369 414 413 4360 4359 410 409 0
4362 4372 867 866 4361 4371 2415 2296 0
4352 4361 2296 2295 4363 4373 2294 2293 0
4364 4374 870 869 4353 4362 866 865 0
4365 4375 873 1382 4355 4364 869 1380 0
4366 4376 1384 1383 4356 4365 1382 1381 0
4367 4377 833 412 4357 4366 1383 696 0
4368 4378 416 415 4358 4367 412 411 0
4380 4379 419 418 4369 4368 415 414 0
4381 4380 418 417 4370 4369 414 413 0
4372 4383 868 867 4371 4382 2416 2415 0
4361 4371 2415 2296 4373 4384 2413 2294 0
4374 4385 871 870 4362 4372 867 866 0
4375 4386 874 873 4364 4374 870 869 0
4376 4387 877 1384 4365 4375 873 1382 0
4377 4388 834 833 4366 4376 1384 1383 0
4378 4389 835 416 4367 4377 833 412 0
4379 4390 420 419 4368 4378 416 415 0
4392 4391 423 422 4380 4379 419 418 0
4393 4392 422 421 4381 4380 418 417 0
4371 4382 2416 2415 4384 4394 2414 2413 0
4385 4395 872 871 4372 4383 868 867 0
4386 4396 875 874 4374 4385 871 870 0
4387 4397 878 877 4375 4386 874 873 0
4388 4398 1841 834 4376 4387 877 1384 0
4389 4399 836 835 4377 4388 834 833 0
4390 4400 837 420 4378 4389 835 416 0
4391 4401 424 423 4379 4390 420 419 0
4396 4402 876 875 4385 4395 872 871 0
4397 4403 879 878 4386 4396 875 874 0
4398 4404 1842 1841 4387 4397 878 877 0
4399 4405 1845 836 4388 4398 1841 834 0
4400 4406 838 837 4389 4399 836 835 0
4401 4407 839 424 4390 4400 837 420 0
4403 4408 880 879 4396 4402 876 875 0
4404 4409 1843 1842 4397 4403 879 878 0
4405 4410 1846 1845 4398 4404 1842 1841 0
4406 4411 1849 838 4399 4405 1845 836 0
4407 4412 840 839 4400 4406 838 837 0
4409 4413 1844 1843 4403 4408 880 879 0
4410 4414 1847 1846 4404 4409 1843 1842 0
4411 4415 1850 1849 4405 4410 1846 1845 0
4412 4416 1853 840 4406 4411 1849 838 0
4414 4417 1848 1847 4409 4413 1844 1843 0
4415 4418 1851 1850 4410 4414 1847 1846 0
4416 4419 1854 1853 4411 4415 1850 1849 0
4418 4420 1852 1851 4414 4417 1848 1847 0
4419 4421 1855 1854 4415 4418 1851 1850 0
4421 4422 1856 1855 4418 4420 1852 1851 0
4424 4328 2173 2169 4423 4327 2423 2419 0
4423 4327 2423 2419 4425 4335 2421 2417 0
4426 4336 2175 2171 4424 4328 2173 2169 0
4428 4424 2169 197 4427 4423 2419 1765 0
4427 4423 2419 1765 4429 4425 2417 1761 0
4430 4343 689 681 4426 4336 2175 2171 0
4431 4426 2171 201 4428 4424 2169 197 0
4433 4428 197 185 4432 4427 1765 1757 0
4432 4427 1765 1757 4434 4429 1761 1753 0
4435 4351 693 685 4430 4343 689 681 0
4436 4430 681 205 4431 4426 2171 201 0
4437 4431 201 189 4433 4428 197 185 0
4439 4433 185 173 4438 4432 1757 1749 0
4438 4432 1757 1749 4440 4434 1753 1745 0
4441 4360 409 393 4435 4351 693 685 0
4442 4435 685 207 4436 4430 681 205 0
4443 4436 205 193 4437 4431 201 189 0
4444 4437 189 177 4439 4433 185 173 0
3268 4439 173 161 3243 4438 1749 1741 0
3243 4438 1749 1741 3242 4440 1745 1737 0
4445 4370 413 397 4441 4360 409 393 0
4446 4441 393 253 4442 4435 685 207 0
4447 4442 207 195 4443 4436 205 193 0
4448 4443 193 181 4444 4437 189 177 0
3292 4444 177 165 3268 4439 173 161 0
4449 4381 417 401 4445 4370 413 397 0
4450 4445 397 255 4446 4441 393 253 0
4451 4446 253 249 4447 4442 207 195 0
4452 4447 195 183 4448 4443 193 181 0
3315 4448 181 169 3292 4444 177 165 0
4453 4393 421 405 4449 4381 417 401 0
4454 4449 401 389 4450 4445 397 255 0
4455 4450 255 251 4451 4446 253 249 0
4456 4451 249 245 4452 4447 195 183 0
3337 4452 183 171 3315 4448 181 169 0
4457 4453 405 391 4454 4449 401 389 0
4458 4454 389 385 4455 4450 255 251 0
4459 4455 251 247 4456 4451 249 245 0
3358 4456 245 241 3337 4452 183 171 0
4460 4457 391 387 4458 4454 389 385 0
4461 4458 385 1973 4459 4455 251 247 0
3378 4459 247 243 3358 4456 245 241 0
4462 4460 387 1975 4461 4458 385 1973 0
3397 4461 1973 1969 3378 4459 247 243 0
3415 4462 1975 1971 3397 4461 1973 1969 0
3298 4464 1685 1677 3320 4463 144 136 0
3320 4463 144 136 3341 4465 143 135 0
3275 4466 1686 1678 3298 4464 1685 1677 0
4464 4468 1693 1685 4463 4467 152 144 0
3341 4465 143 135 3361 4469 142 134 0
4463 4467 152 144 4465 4470 151 143 0
3251 4471 1687 1679 3275 4466 1686 1678 0
4466 4472 1694 1686 4464 4468 1693 1685 0
4468 4474 1701 1693 4467 4473 160 152 0
3361 4469 142 134 3380 4475 141 133 0
4465 4470 151 143 4469 4476 150 142 0
4467 4473 160 152 4470 4477 159 151 0
3225 4478 1688 1680 3251 4471 1687 1679 0
4471 4479 1695 1687 4466 4472 1694 1686 0
4472 4480 1702 1694 4468 4474 1701 1693 0
4474 4482 1837 1701 4473 4481 832 160 0
3380 4475 141 133 3398 4483 1976 1972 0
4469 4476 150 142 4475 4484 149 141 0
4470 4477 159 151 4476 4485 158 150 0
4473 4481 832 160 4477 4486 831 159 0
3199 4487 2047 2043 3225 4478 1688 1680 0
4478 4488 1696 1688 4471 4479 1695 1687 0
4479 4489 1703 1695 4472 4480 1702 1694 0
4480 4490 1838 1702 4474 4482 1837 1701 0
4482 4416 1853 1837 4481 4412 840 832 0
3398 4483 1976 1972 3415 4462 1975 1971 0
4475 4484 149 141 4483 4491 388 1976 0
4476 4485 158 150 4484 4492 157 149 0
4477 4486 831 159 4485 4493 408 158 0
4481 4412 840 832 4486 4407 839 831 0
3173 4494 2048 2044 3199 4487 2047 2043 0
4487 4495 2051 2047 4478 4488 1696 1688 0
4488 4049 1704 1696 4479 4489 1703 1695 0
4489 4496 1839 1703 4480 4490 1838 1702 0
4490 4419 1854 1838 4482 4416 1853 1837 0
4483 4491 388 1976 4462 4460 387 1975 0
4484 4492 157 149 4491 4497 392 388 0
4485 4493 408 158 4492 4498 407 157 0
4486 4407 839 831 4493 4401 424 408 0
3149 4499 581 565 3173 4494 2048 2044 0
4494 4500 2052 2048 4487 4495 2051 2047 0
4495 4035 2055 2051 4488 4049 1704 1696 0
4049 4501 1840 1704 4489 4496 1839 1703 0
4496 4421 1855 1839 4490 4419 1854 1838 0
4491 4497 392 388 4460 4457 391 387 0
4492 4498 407 157 4497 4502 406 392 0
4493 4401 424 408 4498 4391 423 407 0
4499 4503 597 581 4494 4500 2052 2048 0
4500 4018 2056 2052 4495 4035 2055 2051 0
4501 4422 1856 1840 4496 4421 1855 1839 0
4497 4502 406 392 4457 4453 405 391 0
4498 4391 423 407 4502 4392 422 406 0
4503 3999 613 597 4500 4018 2056 2052 0
4502 4392 422 406 4453 4393 421 405 0
4382 4383 868 2416 4504 4505 852 2412 0
4394 4382 2416 2414 4506 4504 2412 2410 0
4383 4395 872 868 4505 4507 856 852 0
4504 4505 852 2412 3863 3891 846 1886 0
4506 4504 2412 2410 3862 3863 1886 1882 0
4395 4402 876 872 4507 4508 860 856 0
4505 4507 856 852 3891 3920 848 846 0
4402 4408 880 876 4508 4509 864 860 0
4507 4508 860 856 3920 3948 666 848 0
4408 4413 1844 880 4509 4510 1828 864 0
4508 4509 864 860 3948 3973 670 666 0
4413 4417 1848 1844 4510 4511 1832 1828 0
4509 4510 1828 864 3973 3996 674 670 0
4417 4420 1852 1848 4511 4512 1836 1832 0
4510 4511 1832 1828 3996 4016 678 674 0
4420 4422 1856 1852 4512 4501 1840 1836 0
4511 4512 1836 1832 4016 4034 1700 678 0
4512 4501 1840 1836 4034 4049 1704 1700 0
4384 4394 2414 2413 4513 4506 2410 2409 0
4373 4384 2413 2294 4514 4513 2409 2290 0
4513 4506 2410 2409 4515 3862 1882 1881 0
4363 4373 2294 2293 4516 4514 2290 2289 0
4514 4513 2409 2290 4517 4515 1881 236 0
4515 3862 1882 1881 4518 4519 1874 1873 0
4354 4363 2293 1816 4520 4516 2289 1804 0
4516 4514 2290 2289 4521 4517 236 235 0
4517 4515 1881 236 4522 4518 1873 228 0
3862 3835 1883 1882 4519 4523 1875 1874 0
4518 4519 1874 1873 4524 4525 1866 1865 0
4346 4354 1816 1815 4526 4520 1804 1803 0
4520 4516 2289 1804 4527 4521 235 234 0
4521 4517 236 235 4528 4522 228 227 0
4522 4518 1873 228 4529 4524 1865 220 0
3835 3810 1884 1883 4523 4530 1876 1875 0
4519 4523 1875 1874 4525 4531 1867 1866 0
4524 4525 1866 1865 3064 3048 1858 1857 0
4339 4346 1815 1814 4532 4526 1803 1802 0
4526 4520 1804 1803 4533 4527 234 233 0
4527 4521 235 234 4534 4528 227 226 0
4528 4522 228 227 4535 4529 220 219 0
4529 4524 1865 220 3081 3064 1857 212 0
3810 3788 1793 1884 4530 4536 1785 1876 0
4523 4530 1876 1875 4531 4537 1868 1867 0
4525 4531 1867 1866 3048 3033 1859 1858 0
4332 4339 1814 1813 4538 4532 1802 1801 0
4532 4526 1803 1802 4539 4533 233 1764 0
4533 4527 234 233 4540 4534 226 225 0
4534 4528 227 226 4541 4535 219 218 0
4535 4529 220 219 3099 3081 212 211 0
3788 3767 1794 1793 4536 4542 1786 1785 0
4530 4536 1785 1876 4537 4543 1777 1868 0
4531 4537 1868 1867 3033 3019 1860 1859 0
4331 4332 1813 2422 4544 4538 1801 2418 0
4538 4532 1802 1801 4545 4539 1764 1763 0
4539 4533 233 1764 4546 4540 225 1756 0
4540 4534 226 225 4547 4541 218 217 0
4541 4535 219 218 3118 3099 211 210 0
3767 3511 1795 1794 4542 3509 1787 1786 0
4536 4542 1786 1785 4543 4548 1778 1777 0
4537 4543 1777 1868 3019 3006 1769 1860 0
4335 4331 2422 2421 4425 4544 2418 2417 0
4544 4538 1801 2418 4549 4545 1763 1762 0
4545 4539 1764 1763 4550 4546 1756 1755 0
4546 4540 225 1756 4551 4547 217 1748 0
4547 4541 218 217 3140 3118 210 209 0
4542 3509 1787 1786 4548 3506 1779 1778 0
4543 4548 1778 1777 3006 2994 1770 1769 0
4425 4544 2418 2417 4429 4549 1762 1761 0
4549 4545 1763 1762 4552 4550 1755 1754 0
4550 4546 1756 1755 4553 4551 1748 1747 0
4551 4547 217 1748 3164 3140 209 1740 0
4548 3506 1779 1778 2994 2971 1771 1770 0
4429 4549 1762 1761 4434 4552 1754 1753 0
4552 4550 1755 1754 4554 4553 1747 1746 0
4553 4551 1748 1747 3190 3164 1740 1739 0
4434 4552 1754 1753 4440 4554 1746 1745 0
4554 4553 1747 1746 3216 3190 1739 1738 0
4440 4554 1746 1745 3242 3216 1738 1737 0
3933 3960 2248 2247 4555 4556 2236 2235 0
3904 3933 2247 2246 4557 4555 2235 2234 0
3960 3984 1353 2248 4556 4558 1337 2236 0
4555 4556 2236 2235 4559 4560 2224 2223 0
3876 3904 2246 2245 4561 4557 2234 2233 0
4557 4555 2235 2234 4562 4559 2223 2222 0
3984 4006 1354 1353 4558 4563 1338 1337 0
4556 4558 1337 2236 4560 4564 1321 2224 0
4559 4560 2224 2223 3228 3254 2212 2211 0
3848 3876 2245 2742 4565 4561 2233 2738 0
4561 4557 2234 2233 4566 4562 2222 2221 0
4562 4559 2223 2222 3203 3228 2211 2210 0
4006 4025 1355 1354 4563 4567 1339 1338 0
4558 4563 1338 1337 4564 4568 1322 1321 0
4560 4564 1321 2224 3254 3278 1305 2212 0
3822 3848 2742 2741 4569 4565 2738 2737 0
4565 4561 2233 2738 4570 4566 2221 2734 0
4566 4562 2222 2221 3178 3203 2210 2209 0
4025 4041 1356 1355 4567 4571 1340 1339 0
4563 4567 1339 1338 4568 4572 1323 1322 0
4564 4568 1322 1321 3278 3301 1306 1305 0
3777 3822 2741 1302 4164 4569 2737 1298 0
4569 4565 2738 2737 4573 4570 2734 2733 0
4570 4566 2221 2734 3153 3178 2209 2730 0
4041 4054 2469 1356 4571 4574 2465 1340 0
4567 4571 1340 1339 4572 4575 1324 1323 0
4568 4572 1323 1322 3301 3323 1307 1306 0
4164 4569 2737 1298 4168 4573 2733 1294 0
4573 4570 2734 2733 3130 3153 2730 2729 0
4054 4065 2470 2469 4574 4576 2466 2465 0
4571 4574 2465 1340 4575 4577 2461 1324 0
4572 4575 1324 1323 3323 3344 1308 1307 0
4168 4573 2733 1294 3090 3130 2729 1290 0
4065 4075 2613 2470 4576 4578 2609 2466 0
4574 4576 2466 2465 4577 4579 2462 2461 0
4575 4577 2461 1324 3344 3364 2457 1308 0
4075 3558 2614 2613 4578 3557 2610 2609 0
4576 4578 2609 2466 4579 4580 2605 2462 0
4577 4579 2462 2461 3364 3383 2458 2457 0
4578 3557 2610 2609 4580 3561 2606 2605 0
4579 4580 2605 2462 3383 3401 2601 2458 0
4580 3561 2606 2605 3401 3418 2602 2601 0
3174 4581 1649 1641 3149 4499 581 565 0
3200 4582 1653 1645 3174 4581 1649 1641 0
4581 4583 1657 1649 4499 4503 597 581 0
4582 4584 1661 1653 4581 4583 1657 1649 0
4583 4019 1665 1657 4503 3999 613 597 0
4584 4036 1669 1661 4583 4019 1665 1657 0
4586 4585 273 340 2938 2951 257 324 0
4587 4586 340 339 2926 2938 324 323 0
4585 4588 274 273 2951 2963 258 257 0
4590 4589 289 356 4586 4585 273 340 0
4591 4587 339 338 2915 2926 323 322 0
4592 4590 356 355 4587 4586 340 339 0
4588 4593 275 274 2963 2974 259 258 0
4589 4594 290 289 4585 4588 274 273 0
3917 3944 305 372 4590 4589 289 356 0
4595 4591 338 337 2904 2915 322 321 0
4596 4592 355 354 4591 4587 339 338 0
3916 3917 372 371 4592 4590 356 355 0
4593 4181 276 275 2974 2984 260 259 0
4594 4597 291 290 4588 4593 275 274 0
3944 3968 306 305 4589 4594 290 289 0
4598 4595 337 1442 2903 2904 321 1434 0
4599 4596 354 353 4595 4591 338 337 0
3930 3916 371 370 4596 4592 355 354 0
4597 4179 292 291 4593 4181 276 275 0
3968 3991 307 306 4594 4597 291 290 0
3485 4598 1442 1441 2907 2903 1434 1433 0
4600 4599 353 1450 4598 4595 337 1442 0
3956 3930 370 369 4599 4596 354 353 0
3991 4005 308 307 4597 4179 292 291 0
3491 4600 1450 1449 3485 4598 1442 1441 0
3979 3956 369 1458 4600 4599 353 1450 0
3496 3979 1458 1457 3491 4600 1450 1449 0
4602 4216 2280 2276 4601 4220 2272 2268 0
3588 4602 2276 1022 3599 4601 2268 2166 0
4601 4220 2272 2268 3459 3466 2264 2260 0
4603 4215 2288 2284 4602 4216 2280 2276 0
3599 4601 2268 2166 3449 3459 2260 2150 0
3578 4603 2284 1038 3588 4602 2276 1022 0
4210 4215 2288 2287 4604 4603 2284 2283 0
4205 4210 2287 2286 4605 4604 2283 2282 0
4604 4603 2284 2283 3586 3578 1038 1037 0
4199 4205 2286 2285 4606 4605 2282 2281 0
4605 4604 2283 2282 3596 3586 1037 1608 0
4187 4199 2285 944 4186 4606 2281 940 0
4606 4605 2282 2281 3606 3596 1608 1607 0
4186 4606 2281 940 3614 3606 1607 936 0
3175 4607 1654 1646 3200 4582 1653 1645 0
3151 4257 1655 1647 3175 4607 1654 1646 0
4607 4608 1662 1654 4582 4584 1661 1653 0
4257 4261 1663 1655 4607 4608 1662 1654 0
4608 4020 1670 1662 4584 4036 1669 1661 0
4261 4001 1671 1663 4608 4020 1670 1662 0
2876 2875 1531 333 2873 2874 1530 1440 0
2873 2874 1530 1440 2877 2878 1529 1439 0
2880 2879 1532 334 2876 2875 1531 333 0
2882 2876 333 329 2881 2873 1440 1438 0
2875 2884 1535 1531 2874 2883 1534 1530 0
2881 2873 1440 1438 2885 2877 1439 1437 0
2874 2883 1534 1530 2878 2886 1533 1529 0
2888 2887 2073 335 2880 2879 1532 334 0
2889 2880 334 330 2882 2876 333 329 0
2879 2890 1536 1532 2875 2884 1535 1531 0
2892 2882 329 325 2891 2881 1438 1436 0
2884 2894 1539 1535 2883 2893 1538 1534 0
2891 2881 1438 1436 2895 2885 1437 1435 0
2883 2893 1538 1534 2886 2896 1537 1533 0
2898 2897 2074 336 2888 2887 2073 335 0
2899 2888 335 331 2889 2880 334 330 0
2887 2900 2077 2073 2879 2890 1536 1532 0
2901 2889 330 326 2892 2882 329 325 0
2890 2902 1540 1536 2884 2894 1539 1535 0
2904 2892 325 321 2903 2891 1436 1434 0
2894 2906 1543 1539 2893 2905 1542 1538 0
2903 2891 1436 1434 2907 2895 1435 1433 0
2893 2905 1542 1538 2896 2908 1541 1537 0
2910 2909 2075 269 2898 2897 2074 336 0
2911 2898 336 332 2899 2888 335 331 0
2897 2912 2078 2074 2887 2900 2077 2073 0
2913 2899 331 327 2901 2889 330 326 0
2900 2914 1113 2077 2890 2902 1540 1536 0
2915 2901 326 322 2904 2892 325 321 0
2902 2916 1544 1540 2894 2906 1543 1539 0
2906 2918 1467 1543 2905 2917 1466 1542 0
2905 2917 1466 1542 2908 2919 1465 1541 0
2921 2920 2076 270 2910 2909 2075 269 0
2922 2910 269 265 2911 2898 336 332 0
2909 2923 2079 2075 2897 2912 2078 2074 0
2924 2911 332 328 2913 2899 331 327 0
2912 2925 1114 2078 2900 2914 1113 2077 0
2926 2913 327 323 2915 2901 326 322 0
2914 2927 1117 1113 2902 2916 1544 1540 0
2916 2928 1468 1544 2906 2918 1467 1543 0
2918 2930 1471 1467 2917 2929 1470 1466 0
2917 2929 1470 1466 2919 2931 1469 1465 0
2933 2932 2473 271 2921 2920 2076 270 0
2934 2921 270 266 2922 2910 269 265 0
2920 2935 2080 2076 2909 2923 2079 2075 0
2936 2922 265 261 2924 2911 332 328 0
2923 2937 1115 2079 2912 2925 1114 2078 0
2938 2924 328 324 2926 2913 327 323 0
2925 2939 1118 1114 2914 2927 1117 1113 0
2927 2940 1121 1117 2916 2928 1468 1544 0
2928 2941 1472 1468 2918 2930 1471 1467 0
2930 2943 1475 1471 2929 2942 1474 1470 0
2929 2942 1474 1470 2931 2944 1473 1469 0
2946 2945 2474 272 2933 2932 2473 271 0
2947 2933 271 267 2934 2921 270 266 0
2932 2948 2475 2473 2920 2935 2080 2076 0
2949 2934 266 262 2936 2922 265 261 0
2935 2950 1116 2080 2923 2937 1115 2079 0
2951 2936 261 257 2938 2924 328 324 0
2937 2952 1119 1115 2925 2939 1118 1114 0
2939 2953 1122 1118 2927 2940 1121 1117 0
2940 2954 1125 1121 2928 2941 1472 1468 0
2941 2955 1476 1472 2930 2943 1475 1471 0
2943 2957 1479 1475 2942 2956 1478 1474 0
2942 2956 1478 1474 2944 2958 1477 1473 0
2959 2946 272 268 2947 2933 271 267 0
2945 2960 2476 2474 2932 2948 2475 2473 0
2961 2947 267 263 2949 2934 266 262 0
2948 2962 2477 2475 2935 2950 1116 2080 0
2963 2949 262 258 2951 2936 261 257 0
2950 2964 1120 1116 2937 2952 1119 1115 0
2952 2965 1123 1119 2939 2953 1122 1118 0
2953 2966 1126 1122 2940 2954 1125 1121 0
2954 2967 2105 1125 2941 2955 1476 1472 0
2955 2968 1480 1476 2943 2957 1479 1475 0
2957 2970 2057 1479 2956 2969 1772 1478 0
2956 2969 1772 1478 2958 2971 1771 1477 0
2972 2959 268 264 2961 2947 267 263 0
2960 2973 2478 2476 2948 2962 2477 2475 0
2974 2961 263 259 2963 2949 262 258 0
2962 2975 2479 2477 2950 2964 1120 1116 0
2964 2976 1124 1120 2952 2965 1123 1119 0
2965 2977 1127 1123 2953 2966 1126 1122 0
2966 2978 2106 1126 2954 2967 2105 1125 0
2967 2979 2109 2105 2955 2968 1480 1476 0
2968 2980 2058 1480 2957 2970 2057 1479 0
2970 2982 2059 2057 2969 2981 1776 1772 0
2969 2981 1776 1772 2971 2983 1775 1771 0
2984 2972 264 260 2974 2961 263 259 0
2973 2985 2480 2478 2962 2975 2479 2477 0
2975 2986 2777 2479 2964 2976 1124 1120 0
2976 2987 1128 1124 2965 2977 1127 1123 0
2977 2988 2107 1127 2966 2978 2106 1126 0
2978 2989 2110 2106 2967 2979 2109 2105 0
2979 2990 2809 2109 2968 2980 2058 1480 0
2980 2991 2060 2058 2970 2982 2059 2057 0
2982 2993 763 2059 2981 2992 762 1776 0
2971 2983 1775 1771 2994 2995 1774 1770 0
2981 2992 762 1776 2983 2996 761 1775 0
2985 2997 2778 2480 2975 2986 2777 2479 0
2986 2998 2779 2777 2976 2987 1128 1124 0
2987 2999 2108 1128 2977 2988 2107 1127 0
2988 3000 2111 2107 2978 2989 2110 2106 0
2989 3001 2810 2110 2979 2990 2809 2109 0
2990 3002 2811 2809 2980 2991 2060 2058 0
2991 3003 764 2060 2982 2993 763 2059 0
2993 3005 767 763 2992 3004 766 762 0
2994 2995 1774 1770 3006 3007 1773 1769 0
2983 2996 761 1775 2995 3008 1388 1774 0
2992 3004 766 762 2996 3009 765 761 0
2997 3010 2780 2778 2986 2998 2779 2777 0
2998 3011 2793 2779 2987 2999 2108 1128 0
2999 3012 2112 2108 2988 3000 2111 2107 0
3000 3013 1889 2111 2989 3001 2810 2110 0
3001 3014 2812 2810 2990 3002 2811 2809 0
3002 3015 489 2811 2991 3003 764 2060 0
3003 3016 768 764 2993 3005 767 763 0
3005 3018 771 767 3004 3017 770 766 0
3006 3007 1773 1769 3019 3020 1864 1860 0
2995 3008 1388 1774 3007 3021 1387 1773 0
2996 3009 765 761 3008 3022 1392 1388 0
3004 3017 770 766 3009 3023 769 765 0
3010 3024 2794 2780 2998 3011 2793 2779 0
3011 3025 2795 2793 2999 3012 2112 2108 0
3012 3026 1890 2112 3000 3013 1889 2111 0
3013 3027 1893 1889 3001 3014 2812 2810 0
3014 3028 490 2812 3002 3015 489 2811 0
3015 3029 493 489 3003 3016 768 764 0
3016 3030 772 768 3005 3018 771 767 0
3018 3032 775 771 3017 3031 774 770 0
3019 3020 1864 1860 3033 3034 1863 1859 0
3007 3021 1387 1773 3020 3035 1386 1864 0
3008 3022 1392 1388 3021 3036 1391 1387 0
3009 3023 769 765 3022 3037 1394 1392 0
3017 3031 774 770 3023 3038 773 769 0
3024 3039 2796 2794 3011 3025 2795 2793 0
3025 3040 1891 2795 3012 3026 1890 2112 0
3026 3041 1894 1890 3013 3027 1893 1889 0
3027 3042 491 1893 3014 3028 490 2812 0
3028 3043 494 490 3015 3029 493 489 0
3029 3044 497 493 3016 3030 772 768 0
3030 3045 776 772 3018 3032 775 771 0
3032 3047 1081 775 3031 3046 556 774 0
3033 3034 1863 1859 3048 3049 1862 1858 0
3020 3035 1386 1864 3034 3050 1385 1863 0
3021 3036 1391 1387 3035 3051 1390 1386 0
3022 3037 1394 1392 3036 3052 1393 1391 0
3023 3038 773 769 3037 3053 1396 1394 0
3031 3046 556 774 3038 3054 555 773 0
3039 3055 1892 2796 3025 3040 1891 2795 0
3040 3056 1895 1891 3026 3041 1894 1890 0
3041 3057 492 1894 3027 3042 491 1893 0
3042 3058 495 491 3028 3043 494 490 0
3043 3059 498 494 3029 3044 497 493 0
3044 3060 501 497 3030 3045 776 772 0
3045 3061 1082 776 3032 3047 1081 775 0
3047 3063 1085 1081 3046 3062 560 556 0
3048 3049 1862 1858 3064 3065 1861 1857 0
3034 3050 1385 1863 3049 3066 1074 1862 0
3035 3051 1390 1386 3050 3067 1389 1385 0
3036 3052 1393 1391 3051 3068 620 1390 0
3037 3053 1396 1394 3052 3069 1395 1393 0
3038 3054 555 773 3053 3070 554 1396 0
3046 3062 560 556 3054 3071 559 555 0
3055 3072 1896 1892 3040 3056 1895 1891 0
3056 3073 1289 1895 3041 3057 492 1894 0
3057 3074 496 492 3042 3058 495 491 0
3058 3075 499 495 3043 3059 498 494 0
3059 3076 502 498 3044 3060 501 497 0
3060 3077 1083 501 3045 3061 1082 776 0
3061 3078 1086 1082 3047 3063 1085 1081 0
3063 3080 1705 1085 3062 3079 564 560 0
3064 3065 1861 1857 3081 3082 216 212 0
3049 3066 1074 1862 3065 3083 1073 1861 0
3050 3067 1389 1385 3066 3084 1076 1074 0
3051 3068 620 1390 3067 3085 619 1389 0
3052 3069 1395 1393 3068 3086 624 620 0
3053 3070 554 1396 3069 3087 553 1395 0
3054 3071 559 555 3070 3088 558 554 0
3062 3079 564 560 3071 3089 563 559 0
3072 3090 1290 1896 3056 3073 1289 1895 0
3073 3091 1291 1289 3057 3074 496 492 0
3074 3092 500 496 3058 3075 499 495 0
3075 3093 503 499 3059 3076 502 498 0
3076 3094 1084 502 3060 3077 1083 501 0
3077 3095 1087 1083 3061 3078 1086 1082 0
3078 3096 1706 1086 3063 3080 1705 1085 0
3080 3098 1707 1705 3079 3097 568 564 0
3081 3082 216 212 3099 3100 215 211 0
3065 3083 1073 1861 3082 3101 68 216 0
3066 3084 1076 1074 3083 3102 1075 1073 0
3067 3085 619 1389 3084 3103 618 1076 0
3068 3086 624 620 3085 3104 623 619 0
3069 3087 553 1395 3086 3105 628 624 0
3070 3088 558 554 3087 3106 557 553 0
3071 3089 563 559 3088 3107 562 558 0
3079 3097 568 564 3089 3108 567 563 0
3090 3109 1292 1290 3073 3091 1291 1289 0
3091 3110 1193 1291 3074 3092 500 496 0
3092 3111 504 500 3075 3093 503 499 0
3093 3112 1177 503 3076 3094 1084 502 0
3094 3113 1088 1084 3077 3095 1087 1083 0
3095 3114 1921 1087 3078 3096 1706 1086 0
3096 3115 1708 1706 3080 3098 1707 1705 0
3098 3117 1709 1707 3097 3116 1644 568 0
3099 3100 215 211 3118 3119 214 210 0
3082 3101 68 216 3100 3120 67 215 0
3083 3102 1075 1073 3101 3121 72 68 0
3084 3103 618 1076 3102 3122 617 1075 0
3085 3104 623 619 3103 3123 622 618 0
3086 3105 628 624 3104 3124 627 623 0
3087 3106 557 553 3105 3125 632 628 0
3088 3107 562 558 3106 3126 561 557 0
3089 3108 567 563 3107 3127 566 562 0
3097 3116 1644 568 3108 3128 1643 567 0
3130 3129 2731 2729 3090 3109 1292 1290 0
3109 3131 1194 1292 3091 3110 1193 1291 0
3110 3132 1197 1193 3092 3111 504 500 0
3111 3133 1178 504 3093 3112 1177 503 0
3112 3134 1179 1177 3094 3113 1088 1084 0
3113 3135 1922 1088 3095 3114 1921 1087 0
3114 3136 1923 1921 3096 3115 1708 1706 0
3115 3137 1710 1708 3098 3117 1709 1707 0
3117 3139 1711 1709 3116 3138 1648 1644 0
3118 3119 214 210 3140 3141 213 209 0
3100 3120 67 215 3119 3142 66 214 0
3101 3121 72 68 3120 3143 71 67 0
3102 3122 617 1075 3121 3144 4 72 0
3103 3123 622 618 3122 3145 621 617 0
3104 3124 627 623 3123 3146 626 622 0
3105 3125 632 628 3124 3147 631 627 0
3106 3126 561 557 3125 3148 2042 632 0
3107 3127 566 562 3126 3149 565 561 0
3108 3128 1643 567 3127 3150 1642 566 0
3116 3138 1648 1644 3128 3151 1647 1643 0
3153 3152 2732 2730 3130 3129 2731 2729 0
3129 3154 1195 2731 3109 3131 1194 1292 0
3131 3155 1198 1194 3110 3132 1197 1193 0
3132 3156 1201 1197 3111 3133 1178 504 0
3133 3157 1180 1178 3112 3134 1179 1177 0
3134 3158 1953 1179 3113 3135 1922 1088 0
3135 3159 1924 1922 3114 3136 1923 1921 0
3136 3160 1925 1923 3115 3137 1710 1708 0
3137 3161 1712 1710 3117 3139 1711 1709 0
3139 3163 425 1711 3138 3162 2426 1648 0
3140 3141 213 209 3164 3165 1744 1740 0
3119 3142 66 214 3141 3166 65 213 0
3120 3143 71 67 3142 3167 70 66 0
3121 3144 4 72 3143 3168 3 71 0
3122 3145 621 617 3144 3169 8 4 0
3123 3146 626 622 3145 3170 625 621 0
3124 3147 631 627 3146 3171 630 626 0
3125 3148 2042 632 3147 3172 2041 631 0
3126 3149 565 561 3148 3173 2044 2042 0
3127 3150 1642 566 3149 3174 1641 565 0
3128 3151 1647 1643 3150 3175 1646 1642 0
3138 3162 2426 1648 3151 3176 2425 1647 0
3178 3177 2213 2209 3153 3152 2732 2730 0
3152 3179 1196 2732 3129 3154 1195 2731 0
3154 3180 1199 1195 3131 3155 1198 1194 0
3155 3181 1202 1198 3132 3156 1201 1197 0
3156 3182 1205 1201 3133 3157 1180 1178 0
3157 3183 1954 1180 3134 3158 1953 1179 0
3158 3184 1955 1953 3135 3159 1924 1922 0
3159 3185 1926 1924 3136 3160 1925 1923 0
3160 3186 1927 1925 3137 3161 1712 1710 0
3161 3187 426 1712 3139 3163 425 1711 0
3163 3189 429 425 3162 3188 2428 2426 0
3164 3165 1744 1740 3190 3191 1743 1739 0
3141 3166 65 213 3165 3192 164 1744 0
3142 3167 70 66 3166 3193 69 65 0
3143 3168 3 71 3167 3194 2 70 0
3144 3169 8 4 3168 3195 7 3 0
3145 3170 625 621 3169 3196 12 8 0
3146 3171 630 626 3170 3197 629 625 0
3147 3172 2041 631 3171 3198 1676 630 0
3148 3173 2044 2042 3172 3199 2043 2041 0
3150 3175 1646 1642 3174 3200 1645 1641 0
3162 3188 2428 2426 3176 3201 2427 2425 0
3203 3202 2214 2210 3178 3177 2213 2209 0
3177 3204 2009 2213 3152 3179 1196 2732 0
3179 3205 1200 1196 3154 3180 1199 1195 0
3180 3206 1203 1199 3155 3181 1202 1198 0
3181 3207 1206 1202 3156 3182 1205 1201 0
3182 3208 1257 1205 3157 3183 1954 1180 0
3183 3209 1956 1954 3158 3184 1955 1953 0
3184 3210 2313 1955 3159 3185 1926 1924 0
3185 3211 1928 1926 3160 3186 1927 1925 0
3186 3212 427 1927 3161 3187 426 1712 0
3187 3213 430 426 3163 3189 429 425 0
3189 3215 433 429 3188 3214 2430 2428 0
3190 3191 1743 1739 3216 3217 1742 1738 0
3165 3192 164 1744 3191 3218 163 1743 0
3166 3193 69 65 3192 3219 168 164 0
3167 3194 2 70 3193 3220 1 69 0
3168 3195 7 3 3194 3221 6 2 0
3169 3196 12 8 3195 3222 11 7 0
3170 3197 629 625 3196 3223 16 12 0
3171 3198 1676 630 3197 3224 1675 629 0
3172 3199 2043 2041 3198 3225 1680 1676 0
3188 3214 2430 2428 3201 3226 2429 2427 0
3228 3227 2215 2211 3203 3202 2214 2210 0
3202 3229 2010 2214 3177 3204 2009 2213 0
3204 3230 2011 2009 3179 3205 1200 1196 0
3205 3231 1204 1200 3180 3206 1203 1199 0
3206 3232 1207 1203 3181 3207 1206 1202 0
3207 3233 1258 1206 3182 3208 1257 1205 0
3208 3234 1261 1257 3183 3209 1956 1954 0
3209 3235 2314 1956 3184 3210 2313 1955 0
3210 3236 2315 2313 3185 3211 1928 1926 0
3211 3237 428 1928 3186 3212 427 1927 0
3212 3238 431 427 3187 3213 430 426 0
3213 3239 434 430 3189 3215 433 429 0
3215 3241 437 433 3214 3240 2432 2430 0
3216 3217 1742 1738 3242 3243 1741 1737 0
3191 3218 163 1743 3217 3244 162 1742 0
3192 3219 168 164 3218 3245 167 163 0
3193 3220 1 69 3219 3246 98 168 0
3194 3221 6 2 3220 3247 5 1 0
3195 3222 11 7 3221 3248 10 6 0
3196 3223 16 12 3222 3249 15 11 0
3197 3224 1675 629 3223 3250 1674 16 0
3198 3225 1680 1676 3224 3251 1679 1675 0
3214 3240 2432 2430 3226 3252 2431 2429 0
3254 3253 2216 2212 3228 3227 2215 2211 0
3227 3255 2217 2215 3202 3229 2010 2214 0
3229 3256 2012 2010 3204 3230 2011 2009 0
3230 3257 2013 2011 3205 3231 1204 1200 0
3231 3258 1208 1204 3206 3232 1207 1203 0
3232 3259 1259 1207 3207 3233 1258 1206 0
3233 3260 1262 1258 3208 3234 1261 1257 0
3235 3261 2316 2314 3210 3236 2315 2313 0
3236 3262 2317 2315 3211 3237 428 1928 0
3237 3263 432 428 3212 3238 431 427 0
3238 3264 435 431 3213 3239 434 430 0
3239 3265 438 434 3215 3241 437 433 0
3241 3267 699 437 3240 3266 698 2432 0
3217 3244 162 1742 3243 3268 161 1741 0
3218 3245 167 163 3244 3269 166 162 0
3219 3246 98 168 3245 3270 97 167 0
3220 3247 5 1 3246 3271 100 98 0
3221 3248 10 6 3247 3272 9 5 0
3222 3249 15 11 3248 3273 14 10 0
3223 3250 1674 16 3249 3274 1673 15 0
3224 3251 1679 1675 3250 3275 1678 1674 0
3240 3266 698 2432 3252 3276 697 2431 0
3278 3277 1309 1305 3254 3253 2216 2212 0
3253 3279 2218 2216 3227 3255 2217 2215 0
3255 3280 2219 2217 3229 3256 2012 2010 0
3256 3281 2014 2012 3230 3257 2013 2011 0
3257 3282 2015 2013 3231 3258 1208 1204 0
3258 3283 1260 1208 3232 3259 1259 1207 0
3259 3284 1263 1259 3233 3260 1262 1258 0
3261 3285 2318 2316 3236 3262 2317 2315 0
3262 3286 2319 2317 3237 3263 432 428 0
3263 3287 436 432 3238 3264 435 431 0
3264 3288 439 435 3239 3265 438 434 0
3265 3289 700 438 3241 3267 699 437 0
3267 3291 703 699 3266 3290 702 698 0
3244 3269 166 162 3268 3292 165 161 0
3245 3270 97 167 3269 3293 170 166 0
3246 3271 100 98 3270 3294 99 97 0
3247 3272 9 5 3271 3295 102 100 0
3248 3273 14 10 3272 3296 13 9 0
3249 3274 1673 15 3273 3297 132 14 0
3250 3275 1678 1674 3274 3298 1677 1673 0
3266 3290 702 698 3276 3299 701 697 0
3301 3300 1310 1306 3278 3277 1309 1305 0
3277 3302 1313 1309 3253 3279 2218 2216 0
3279 3303 2220 2218 3255 3280 2219 2217 0
3280 3304 881 2219 3256 3281 2014 2012 0
3281 3305 2016 2014 3257 3282 2015 2013 0
3282 3306 2345 2015 3258 3283 1260 1208 0
3283 3307 1264 1260 3259 3284 1263 1259 0
3285 3308 2320 2318 3262 3286 2319 2317 0
3286 3309 2745 2319 3263 3287 436 432 0
3287 3310 440 436 3264 3288 439 435 0
3288 3311 2697 439 3265 3289 700 438 0
3289 3312 704 700 3267 3291 703 699 0
3291 3314 707 703 3290 3313 706 702 0
3269 3293 170 166 3292 3315 169 165 0
3270 3294 99 97 3293 3316 172 170 0
3271 3295 102 100 3294 3317 101 99 0
3272 3296 13 9 3295 3318 104 102 0
3273 3297 132 14 3296 3319 131 13 0
3274 3298 1677 1673 3297 3320 136 132 0
3290 3313 706 702 3299 3321 705 701 0
3323 3322 1311 1307 3301 3300 1310 1306 0
3300 3324 1314 1310 3277 3302 1313 1309 0
3302 3325 1317 1313 3279 3303 2220 2218 0
3303 3326 882 2220 3280 3304 881 2219 0
3304 3327 885 881 3281 3305 2016 2014 0
3305 3328 2346 2016 3282 3306 2345 2015 0
3306 3329 2347 2345 3283 3307 1264 1260 0
3308 3330 2746 2320 3286 3309 2745 2319 0
3309 3331 2747 2745 3287 3310 440 436 0
3310 3332 2698 440 3288 3311 2697 439 0
3311 3333 2701 2697 3289 3312 704 700 0
3312 3334 708 704 3291 3314 707 703 0
3314 3336 711 707 3313 3335 710 706 0
3293 3316 172 170 3315 3337 171 169 0
3294 3317 101 99 3316 3338 242 172 0
3295 3318 104 102 3317 3339 103 101 0
3296 3319 131 13 3318 3340 130 104 0
3297 3320 136 132 3319 3341 135 131 0
3313 3335 710 706 3321 3342 709 705 0
3344 3343 1312 1308 3323 3322 1311 1307 0
3322 3345 1315 1311 3300 3324 1314 1310 0
3324 3346 1318 1314 3302 3325 1317 1313 0
3325 3347 883 1317 3303 3326 882 2220 0
3326 3348 886 882 3304 3327 885 881 0
3327 3349 889 885 3305 3328 2346 2016 0
3328 3350 2348 2346 3306 3329 2347 2345 0
3330 3351 2748 2746 3309 3331 2747 2745 0
3331 3352 2699 2747 3310 3332 2698 440 0
3332 3353 2702 2698 3311 3333 2701 2697 0
3333 3354 2649 2701 3312 3334 708 704 0
3334 3355 712 708 3314 3336 711 707 0
3336 3357 1611 711 3335 3356 1610 710 0
3316 3338 242 172 3337 3358 241 171 0
3317 3339 103 101 3338 3359 244 242 0
3318 3340 130 104 3339 3360 129 103 0
3319 3341 135 131 3340 3361 134 130 0
3335 3356 1610 710 3342 3362 1609 709 0
3364 3363 2459 2457 3344 3343 1312 1308 0
3343 3365 1316 1312 3322 3345 1315 1311 0
3345 3366 1319 1315 3324 3346 1318 1314 0
3346 3367 884 1318 3325 3347 883 1317 0
3347 3368 887 883 3326 3348 886 882 0
3348 3369 890 886 3327 3349 889 885 0
3349 3370 893 889 3328 3350 2348 2346 0
3351 3371 2700 2748 3331 3352 2699 2747 0
3352 3372 2703 2699 3332 3353 2702 2698 0
3353 3373 2650 2702 3333 3354 2649 2701 0
3354 3374 2653 2649 3334 3355 712 708 0
3355 3375 1612 712 3336 3357 1611 711 0
3357 3377 1615 1611 3356 3376 1614 1610 0
3338 3359 244 242 3358 3378 243 241 0
3339 3360 129 103 3359 3379 1970 244 0
3340 3361 134 130 3360 3380 133 129 0
3356 3376 1614 1610 3362 3381 1613 1609 0
3383 3382 2460 2458 3364 3363 2459 2457 0
3363 3384 2137 2459 3343 3365 1316 1312 0
3365 3385 1320 1316 3345 3366 1319 1315 0
3366 3386 1593 1319 3346 3367 884 1318 0
3367 3387 888 884 3347 3368 887 883 0
3368 3388 891 887 3348 3369 890 886 0
3369 3389 894 890 3349 3370 893 889 0
3371 3390 2704 2700 3352 3372 2703 2699 0
3372 3391 2651 2703 3353 3373 2650 2702 0
3373 3392 2654 2650 3354 3374 2653 2649 0
3374 3393 2505 2653 3355 3375 1612 712 0
3375 3394 1616 1612 3357 3377 1615 1611 0
3377 3396 1979 1615 3376 3395 1978 1614 0
3359 3379 1970 244 3378 3397 1969 243 0
3360 3380 133 129 3379 3398 1972 1970 0
3376 3395 1978 1614 3381 3399 1977 1613 0
3401 3400 2603 2601 3383 3382 2460 2458 0
3382 3402 2138 2460 3363 3384 2137 2459 0
3384 3403 2141 2137 3365 3385 1320 1316 0
3385 3404 1594 1320 3366 3386 1593 1319 0
3386 3405 1595 1593 3367 3387 888 884 0
3387 3406 892 888 3368 3388 891 887 0
3388 3407 895 891 3369 3389 894 890 0
3390 3408 2652 2704 3372 3391 2651 2703 0
3391 3409 2655 2651 3373 3392 2654 2650 0
3392 3410 2506 2654 3374 3393 2505 2653 0
3393 3411 2509 2505 3375 3394 1616 1612 0
3394 3412 1980 1616 3377 3396 1979 1615 0
3396 3414 1983 1979 3395 3413 1982 1978 0
3379 3398 1972 1970 3397 3415 1971 1969 0
3395 3413 1982 1978 3399 3416 1981 1977 0
3418 3417 2604 2602 3401 3400 2603 2601 0
3400 3419 2139 2603 3382 3402 2138 2460 0
3402 3420 2142 2138 3384 3403 2141 2137 0
3403 3421 2145 2141 3385 3404 1594 1320 0
3404 3422 1596 1594 3386 3405 1595 1593 0
3405 3423 2257 1595 3387 3406 892 888 0
3406 3424 896 892 3388 3407 895 891 0
3408 3425 2656 2652 3391 3409 2655 2651 0
3409 3426 2507 2655 3392 3410 2506 2654 0
3410 3427 2510 2506 3393 3411 2509 2505 0
3411 3428 2513 2509 3394 3412 1980 1616 0
3412 3429 1984 1980 3396 3414 1983 1979 0
3414 3431 2617 1983 3413 3430 2634 1982 0
3413 3430 2634 1982 3416 3432 2633 1981 0
3417 3433 2140 2604 3400 3419 2139 2603 0
3419 3434 2143 2139 3402 3420 2142 2138 0
3420 3435 2146 2142 3403 3421 2145 2141 0
3421 3436 2149 2145 3404 3422 1596 1594 0
3422 3437 2258 1596 3405 3423 2257 1595 0
3423 3438 2261 2257 3406 3424 896 892 0
3425 3439 2508 2656 3409 3426 2507 2655 0
3426 3440 2511 2507 3410 3427 2510 2506 0
3427 3441 2514 2510 3411 3428 2513 2509 0
3428 3442 2517 2513 3412 3429 1984 1980 0
3429 3443 2618 1984 3414 3431 2617 1983 0
3431 3445 2619 2617 3430 3444 2636 2634 0
3430 3444 2636 2634 3432 3446 2635 2633 0
3433 3447 2144 2140 3419 3434 2143 2139 0
3434 3448 2147 2143 3420 3435 2146 2142 0
3435 3449 2150 2146 3421 3436 2149 2145 0
3436 3450 2259 2149 3422 3437 2258 1596 0
3437 3451 2262 2258 3423 3438 2261 2257 0
3439 3452 2512 2508 3426 3440 2511 2507 0
3440 3453 2515 2511 3427 3441 2514 2510 0
3441 3454 2518 2514 3428 3442 2517 2513 0
3442 3455 2569 2517 3429 3443 2618 1984 0
3443 3456 2620 2618 3431 3445 2619 2617 0
3447 3457 2148 2144 3434 3448 2147 2143 0
3448 3458 2151 2147 3435 3449 2150 2146 0
3449 3459 2260 2150 3436 3450 2259 2149 0
3450 3460 2263 2259 3437 3451 2262 2258 0
3452 3461 2516 2512 3440 3453 2515 2511 0
3453 3462 2519 2515 3441 3454 2518 2514 0
3454 3463 2570 2518 3442 3455 2569 2517 0
3455 3464 2573 2569 3443 3456 2620 2618 0
3457 3465 2152 2148 3448 3458 2151 2147 0
3459 3466 2264 2260 3450 3460 2263 2259 0
3461 3467 2520 2516 3453 3462 2519 2515 0
3462 3468 2571 2519 3454 3463 2570 2518 0
3463 3469 2574 2570 3455 3464 2573 2569 0
3467 3470 2572 2520 3462 3468 2571 2519 0
3468 3471 2575 2571 3463 3469 2574 2570 0
3470 3472 2576 2572 3468 3471 2575 2571 0
2878 3474 1545 1529 2877 3473 1447 1439 0
2877 3473 1447 1439 2885 3475 1445 1437 0
2886 3476 1549 1533 2878 3474 1545 1529 0
3474 3478 1561 1545 3473 3477 1455 1447 0
2885 3475 1445 1437 2895 3479 1443 1435 0
3473 3477 1455 1447 3475 3480 1453 1445 0
2896 3481 1553 1537 2886 3476 1549 1533 0
3476 3482 1565 1549 3474 3478 1561 1545 0
3478 3484 1577 1561 3477 3483 1463 1455 0
2895 3479 1443 1435 2907 3485 1441 1433 0
3475 3480 1453 1445 3479 3486 1451 1443 0
3477 3483 1463 1455 3480 3487 1461 1453 0
2908 3488 1557 1541 2896 3481 1553 1537 0
3481 3489 1569 1553 3476 3482 1565 1549 0
3482 3490 1581 1565 3478 3484 1577 1561 0
3479 3486 1451 1443 3485 3491 1449 1441 0
3480 3487 1461 1453 3486 3492 1459 1451 0
2919 3493 1481 1465 2908 3488 1557 1541 0
3488 3494 1573 1557 3481 3489 1569 1553 0
3489 3495 1585 1569 3482 3490 1581 1565 0
3486 3492 1459 1451 3491 3496 1457 1449 0
2931 3497 1485 1469 2919 3493 1481 1465 0
3493 3498 1497 1481 3488 3494 1573 1557 0
3494 3499 1589 1573 3489 3495 1585 1569 0
2944 3500 1489 1473 2931 3497 1485 1469 0
3497 3501 1501 1485 3493 3498 1497 1481 0
3498 3502 1513 1497 3494 3499 1589 1573 0
2958 3503 1493 1477 2944 3500 1489 1473 0
3500 3504 1505 1489 3497 3501 1501 1485 0
3501 3505 1517 1501 3498 3502 1513 1497 0
2971 3506 1779 1771 2958 3503 1493 1477 0
3503 3507 1509 1493 3500 3504 1505 1489 0
3504 3508 1521 1505 3501 3505 1517 1501 0
3506 3509 1787 1779 3503 3507 1509 1493 0
3507 3510 1525 1509 3504 3508 1521 1505 0
3509 3511 1795 1787 3507 3510 1525 1509 0
3515 3514 2368 2366 3512 3513 1072 1068 0
3517 3515 2366 2364 3516 3512 1068 1064 0
3512 3513 1072 1068 3518 3519 1056 1052 0
3521 3520 2376 2374 3515 3514 2368 2366 0
3523 3517 2364 2362 3522 3516 1064 1060 0
3516 3512 1068 1064 3524 3518 1052 1048 0
3525 3521 2374 2372 3517 3515 2366 2364 0
3518 3519 1056 1052 3526 3527 1040 1036 0
3529 3528 2384 2382 3521 3520 2376 2374 0
3522 3516 1064 1060 3530 3524 1048 1044 0
3531 3525 2372 2370 3523 3517 2364 2362 0
3524 3518 1052 1048 3532 3526 1036 1032 0
3533 3529 2382 2380 3525 3521 2374 2372 0
3526 3527 1040 1036 3534 3535 1024 1020 0
3537 3536 2392 2390 3529 3528 2384 2382 0
3530 3524 1048 1044 3538 3532 1032 1028 0
3539 3533 2380 2378 3531 3525 2372 2370 0
3532 3526 1036 1032 3540 3534 1020 1016 0
3541 3537 2390 2388 3533 3529 2382 2380 0
3534 3535 1024 1020 3542 3543 2168 2164 0
3545 3544 2856 2852 3537 3536 2392 2390 0
3538 3532 1032 1028 3546 3540 1016 1012 0
3547 3541 2388 2386 3539 3533 2380 2378 0
3540 3534 1020 1016 3548 3542 2164 2160 0
3549 3545 2852 2848 3541 3537 2390 2388 0
3542 3543 2168 2164 3457 3465 2152 2148 0
3551 3550 2872 2868 3545 3544 2856 2852 0
3553 3538 1028 2616 3552 3546 1012 2612 0
3546 3540 1016 1012 3554 3548 2160 2156 0
3555 3549 2848 2844 3547 3541 2388 2386 0
3548 3542 2164 2160 3447 3457 2148 2144 0
3556 3551 2868 2864 3549 3545 2852 2848 0
3558 3553 2616 2614 3557 3552 2612 2610 0
3552 3546 1012 2612 3559 3554 2156 2608 0
3554 3548 2160 2156 3433 3447 2144 2140 0
3560 3556 2864 2860 3555 3549 2848 2844 0
3557 3552 2612 2610 3561 3559 2608 2606 0
3559 3554 2156 2608 3417 3433 2140 2604 0
3561 3559 2608 2606 3418 3417 2604 2602 0
3513 3514 2368 1072 3562 3563 2367 1071 0
3562 3563 2367 1071 3564 3565 960 1070 0
3519 3513 1072 1056 3566 3562 1071 1055 0
3514 3520 2376 2368 3563 3567 2375 2367 0
3564 3565 960 1070 3568 3569 959 1069 0
3566 3562 1071 1055 3570 3564 1070 1054 0
3563 3567 2375 2367 3565 3571 976 960 0
3527 3519 1056 1040 3572 3566 1055 1039 0
3520 3528 2384 2376 3567 3573 2383 2375 0
3568 3569 959 1069 3574 3575 958 2192 0
3570 3564 1070 1054 3576 3568 1069 1053 0
3565 3571 976 960 3569 3577 975 959 0
3572 3566 1055 1039 3578 3570 1054 1038 0
3567 3573 2383 2375 3571 3579 992 976 0
3535 3527 1040 1024 3580 3572 1039 1023 0
3528 3536 2392 2384 3573 3581 2391 2383 0
3574 3575 958 2192 3582 3583 957 2191 0
3576 3568 1069 1053 3584 3574 2192 2184 0
3569 3577 975 959 3575 3585 974 958 0
3578 3570 1054 1038 3586 3576 1053 1037 0
3571 3579 992 976 3577 3587 991 975 0
3580 3572 1039 1023 3588 3578 1038 1022 0
3573 3581 2391 2383 3579 3589 1008 992 0
3543 3535 1024 2168 3590 3580 1023 2167 0
3536 3544 2856 2392 3581 3591 2855 2391 0
3582 3583 957 2191 3592 3593 2400 2208 0
3584 3574 2192 2184 3594 3582 2191 2183 0
3575 3585 974 958 3583 3595 973 957 0
3586 3576 1053 1037 3596 3584 2184 1608 0
3577 3587 991 975 3585 3597 990 974 0
3579 3589 1008 992 3587 3598 1007 991 0
3590 3580 1023 2167 3599 3588 1022 2166 0
3581 3591 2855 2391 3589 3600 2854 1008 0
3465 3543 2168 2152 3458 3590 2167 2151 0
3544 3550 2872 2856 3591 3601 2871 2855 0
3592 3593 2400 2208 3602 3603 2399 2207 0
3594 3582 2191 2183 3604 3592 2208 2200 0
3583 3595 973 957 3593 3605 2408 2400 0
3596 3584 2184 1608 3606 3594 2183 1607 0
3585 3597 990 974 3595 3607 989 973 0
3587 3598 1007 991 3597 3608 1006 990 0
3589 3600 2854 1008 3598 3609 2853 1007 0
3458 3590 2167 2151 3449 3599 2166 2150 0
3591 3601 2871 2855 3600 3610 2870 2854 0
3602 3603 2399 2207 3611 3612 2688 2312 0
3593 3605 2408 2400 3603 3613 2407 2399 0
3606 3594 2183 1607 3614 3604 2200 936 0
3595 3607 989 973 3605 3615 2832 2408 0
3597 3608 1006 990 3607 3616 1005 989 0
3600 3610 2870 2854 3609 3617 2869 2853 0
3611 3612 2688 2312 3618 3619 2687 2311 0
3603 3613 2407 2399 3612 3620 2696 2688 0
3605 3615 2832 2408 3613 3621 2831 2407 0
3607 3616 1005 989 3615 3622 2840 2832 0
3612 3620 2696 2688 3619 3623 2695 2687 0
3615 3622 2840 2832 3621 3624 2839 2831 0
3626 3523 2362 2361 3625 3522 1060 1059 0
3628 3626 2361 948 3627 3625 1059 1058 0
3625 3522 1060 1059 3629 3530 1044 1043 0
3630 3531 2370 2369 3626 3523 2362 2361 0
3632 3628 948 947 3631 3627 1058 1057 0
3627 3625 1059 1058 3633 3629 1043 1042 0
3634 3630 2369 964 3628 3626 2361 948 0
3629 3530 1044 1043 3635 3538 1028 1027 0
3636 3539 2378 2377 3630 3531 2370 2369 0
3638 3632 947 946 3637 3631 1057 2186 0
3631 3627 1058 1057 3639 3633 1042 1041 0
3640 3634 964 963 3632 3628 948 947 0
3633 3629 1043 1042 3641 3635 1027 1026 0
3642 3636 2377 980 3634 3630 2369 964 0
3643 3547 2386 2385 3636 3539 2378 2377 0
3645 3638 946 945 3644 3637 2186 2185 0
3637 3631 1057 2186 3646 3639 1041 2178 0
3647 3640 963 962 3638 3632 947 946 0
3639 3633 1042 1041 3648 3641 1026 1025 0
3649 3642 980 979 3640 3634 964 963 0
3650 3643 2385 996 3642 3636 2377 980 0
3651 3555 2844 2843 3643 3547 2386 2385 0
3653 3645 945 2394 3652 3644 2185 2202 0
3644 3637 2186 2185 3654 3646 2178 2177 0
3655 3647 962 961 3645 3638 946 945 0
3646 3639 1041 2178 3656 3648 1025 1364 0
3657 3649 979 978 3647 3640 963 962 0
3658 3650 996 995 3649 3642 980 979 0
3659 3651 2843 2842 3650 3643 2385 996 0
3660 3560 2860 2859 3651 3555 2844 2843 0
3662 3653 2394 2393 3661 3652 2202 2201 0
3652 3644 2185 2202 3663 3654 2177 2194 0
3664 3655 961 2402 3653 3645 945 2394 0
3654 3646 2178 2177 3665 3656 1364 1363 0
3666 3657 978 977 3655 3647 962 961 0
3667 3658 995 994 3657 3649 979 978 0
3668 3659 2842 2841 3658 3650 996 995 0
3669 3660 2859 2858 3659 3651 2843 2842 0
3671 3662 2393 2682 3670 3661 2201 2306 0
3661 3652 2202 2201 3672 3663 2194 2193 0
3673 3664 2402 2401 3662 3653 2394 2393 0
3663 3654 2177 2194 3674 3665 1363 1362 0
3675 3666 977 2826 3664 3655 961 2402 0
3676 3667 994 993 3666 3657 978 977 0
3677 3669 2858 2857 3668 3659 2842 2841 0
3679 3671 2682 2681 3678 3670 2306 2305 0
3670 3661 2201 2306 3680 3672 2193 2298 0
3681 3673 2401 2690 3671 3662 2393 2682 0
3672 3663 2194 2193 3682 3674 1362 1361 0
3683 3675 2826 2825 3673 3664 2402 2401 0
3684 3676 993 2834 3675 3666 977 2826 0
3678 3670 2306 2305 3685 3680 2298 2297 0
3686 3681 2690 2689 3679 3671 2682 2681 0
3680 3672 2193 2298 3687 3682 1361 2254 0
3688 3684 2834 2833 3683 3675 2826 2825 0
3685 3680 2298 2297 3689 3687 2254 2253 0
3693 3692 2822 2821 3690 3691 2134 2133 0
3695 3693 2821 2070 3694 3690 2133 1528 0
3692 3697 1913 2822 3691 3696 2135 2134 0
3690 3691 2134 2133 3698 3699 2130 2129 0
3701 3700 2824 2823 3693 3692 2822 2821 0
3703 3695 2070 2069 3702 3694 1528 1527 0
3694 3690 2133 1528 3704 3698 2129 1524 0
3705 3701 2823 2072 3695 3693 2821 2070 0
3697 3707 1914 1913 3696 3706 2136 2135 0
3691 3696 2135 2134 3699 3708 2131 2130 0
3700 3709 1917 2824 3692 3697 1913 2822 0
3698 3699 2130 2129 3710 3711 1174 1173 0
3713 3712 538 537 3701 3700 2824 2823 0
3715 3703 2069 1796 3714 3702 1527 1526 0
3702 3694 1528 1527 3716 3704 1524 1523 0
3717 3705 2072 2071 3703 3695 2070 2069 0
3704 3698 2129 1524 3718 3710 1173 1520 0
3719 3713 537 812 3705 3701 2823 2072 0
3707 3721 1915 1914 3706 3720 2807 2136 0
3696 3706 2136 2135 3708 3722 2132 2131 0
3709 3723 1918 1917 3697 3707 1914 1913 0
3699 3708 2131 2130 3711 3724 1175 1174 0
3712 3725 539 538 3700 3709 1917 2824 0
3710 3711 1174 1173 3726 3727 1170 1169 0
3729 3728 542 541 3713 3712 538 537 0
3511 3715 1796 1795 3510 3714 1526 1525 0
3714 3702 1527 1526 3730 3716 1523 1522 0
3731 3717 2071 1800 3715 3703 2069 1796 0
3716 3704 1524 1523 3732 3718 1520 1519 0
3733 3719 812 811 3717 3705 2072 2071 0
3718 3710 1173 1520 3734 3726 1169 1516 0
3735 3729 541 816 3719 3713 537 812 0
3721 3737 1916 1915 3720 3736 2808 2807 0
3706 3720 2807 2136 3722 3738 2805 2132 0
3723 3739 1919 1918 3707 3721 1915 1914 0
3708 3722 2132 2131 3724 3740 1176 1175 0
3725 3741 540 539 3709 3723 1918 1917 0
3711 3724 1175 1174 3727 3742 1171 1170 0
3728 3743 543 542 3712 3725 539 538 0
3726 3727 1170 1169 3744 3745 1166 1165 0
3747 3746 546 545 3729 3728 542 541 0
3510 3714 1526 1525 3508 3730 1522 1521 0
3748 3731 1800 1799 3511 3715 1796 1795 0
3730 3716 1523 1522 3749 3732 1519 1518 0
3750 3733 811 810 3731 3717 2071 1800 0
3732 3718 1520 1519 3751 3734 1516 1515 0
3752 3735 816 815 3733 3719 812 811 0
3734 3726 1169 1516 3753 3744 1165 1592 0
3754 3747 545 820 3735 3729 541 816 0
3720 3736 2808 2807 3738 3755 2806 2805 0
3739 3756 1920 1919 3721 3737 1916 1915 0
3722 3738 2805 2132 3740 3757 2791 1176 0
3741 3758 1301 540 3723 3739 1919 1918 0
3724 3740 1176 1175 3742 3759 1172 1171 0
3743 3760 544 543 3725 3741 540 539 0
3727 3742 1171 1170 3745 3761 1167 1166 0
3746 3762 547 546 3728 3743 543 542 0
3744 3745 1166 1165 3763 3764 1162 1161 0
3766 3765 550 549 3747 3746 546 545 0
3508 3730 1522 1521 3505 3749 1518 1517 0
3768 3748 1799 1798 3767 3511 1795 1794 0
3769 3750 810 809 3748 3731 1800 1799 0
3749 3732 1519 1518 3770 3751 1515 1514 0
3771 3752 815 814 3750 3733 811 810 0
3751 3734 1516 1515 3772 3753 1592 1591 0
3773 3754 820 819 3752 3735 816 815 0
3753 3744 1165 1592 3774 3763 1161 1588 0
3775 3766 549 824 3754 3747 545 820 0
3738 3755 2806 2805 3757 3776 2792 2791 0
3758 3777 1302 1301 3739 3756 1920 1919 0
3740 3757 2791 1176 3759 3778 2789 1172 0
3760 3779 1303 544 3741 3758 1301 540 0
3742 3759 1172 1171 3761 3780 1168 1167 0
3762 3781 548 547 3743 3760 544 543 0
3745 3761 1167 1166 3764 3782 1163 1162 0
3765 3783 551 550 3746 3762 547 546 0
3763 3764 1162 1161 3784 3785 2102 2101 0
3787 3786 1108 1107 3766 3765 550 549 0
3505 3749 1518 1517 3502 3770 1514 1513 0
3789 3768 1798 1797 3788 3767 1794 1793 0
3790 3769 809 1424 3768 3748 1799 1798 0
3791 3771 814 813 3769 3750 810 809 0
3770 3751 1515 1514 3792 3772 1591 1590 0
3793 3773 819 818 3771 3752 815 814 0
3772 3753 1592 1591 3794 3774 1588 1587 0
3795 3775 824 823 3773 3754 820 819 0
3774 3763 1161 1588 3796 3784 2101 1584 0
3797 3787 1107 1106 3775 3766 549 824 0
3757 3776 2792 2791 3778 3798 2790 2789 0
3779 3799 1304 1303 3758 3777 1302 1301 0
3759 3778 2789 1172 3780 3800 2503 1168 0
3781 3801 1241 548 3760 3779 1303 544 0
3761 3780 1168 1167 3782 3802 1164 1163 0
3783 3803 552 551 3762 3781 548 547 0
3764 3782 1163 1162 3785 3804 2103 2102 0
3786 3805 1189 1108 3765 3783 551 550 0
3784 3785 2102 2101 3806 3807 2098 2097 0
3809 3808 1112 1111 3787 3786 1108 1107 0
3502 3770 1514 1513 3499 3792 1590 1589 0
3811 3789 1797 1888 3810 3788 1793 1884 0
3812 3790 1424 1423 3789 3768 1798 1797 0
3813 3791 813 1428 3790 3769 809 1424 0
3814 3793 818 817 3791 3771 814 813 0
3792 3772 1591 1590 3815 3794 1587 1586 0
3816 3795 823 822 3793 3773 819 818 0
3794 3774 1588 1587 3817 3796 1584 1583 0
3818 3797 1106 1105 3795 3775 824 823 0
3796 3784 2101 1584 3819 3806 2097 1580 0
3820 3809 1111 1110 3797 3787 1107 1106 0
3778 3798 2790 2789 3800 3821 2504 2503 0
3799 3823 2743 1304 3777 3822 2741 1302 0
3801 3824 1242 1241 3779 3799 1304 1303 0
3780 3800 2503 1168 3802 3825 2501 1164 0
3803 3826 1245 552 3781 3801 1241 548 0
3782 3802 1164 1163 3804 3827 2104 2103 0
3805 3828 1190 1189 3783 3803 552 551 0
3785 3804 2103 2102 3807 3829 2099 2098 0
3808 3830 1191 1112 3786 3805 1189 1108 0
3806 3807 2098 2097 3831 3832 384 383 0
3834 3833 1946 1945 3809 3808 1112 1111 0
3499 3792 1590 1589 3495 3815 1586 1585 0
3836 3811 1888 1887 3835 3810 1884 1883 0
3837 3812 1423 1422 3811 3789 1797 1888 0
3838 3813 1428 1427 3812 3790 1424 1423 0
3839 3814 817 1430 3813 3791 813 1428 0
3840 3816 822 821 3814 3793 818 817 0
3815 3794 1587 1586 3841 3817 1583 1582 0
3842 3818 1105 604 3816 3795 823 822 0
3817 3796 1584 1583 3843 3819 1580 1579 0
3844 3820 1110 1109 3818 3797 1106 1105 0
3819 3806 2097 1580 3845 3831 383 382 0
3846 3834 1945 1730 3820 3809 1111 1110 0
3800 3821 2504 2503 3825 3847 2502 2501 0
3823 3849 2744 2743 3822 3848 2742 2741 0
3824 3850 1243 1242 3799 3823 2743 1304 0
3826 3851 1246 1245 3801 3824 1242 1241 0
3802 3825 2501 1164 3827 3852 2499 2104 0
3828 3853 1249 1190 3803 3826 1245 552 0
3804 3827 2104 2103 3829 3854 2100 2099 0
3830 3855 1192 1191 3805 3828 1190 1189 0
3807 3829 2099 2098 3832 3856 317 384 0
3833 3857 1965 1946 3808 3830 1191 1112 0
3831 3832 384 383 3858 3859 380 379 0
3861 3860 1948 1947 3834 3833 1946 1945 0
3495 3815 1586 1585 3490 3841 1582 1581 0
3863 3836 1887 1886 3862 3835 1883 1882 0
3864 3837 1422 1421 3836 3811 1888 1887 0
3865 3838 1427 1426 3837 3812 1423 1422 0
3866 3839 1430 1429 3838 3813 1428 1427 0
3867 3840 821 1432 3839 3814 817 1430 0
3868 3842 604 603 3840 3816 822 821 0
3841 3817 1583 1582 3869 3843 1579 1578 0
3870 3844 1109 608 3842 3818 1105 604 0
3843 3819 1580 1579 3871 3845 382 381 0
3872 3846 1730 1729 3844 3820 1110 1109 0
3845 3831 383 382 3873 3858 379 378 0
3874 3861 1947 1732 3846 3834 1945 1730 0
3825 3847 2502 2501 3852 3875 2500 2499 0
3849 3877 2249 2744 3848 3876 2245 2742 0
3850 3878 1244 1243 3823 3849 2744 2743 0
3851 3879 1247 1246 3824 3850 1243 1242 0
3853 3880 1250 1249 3826 3851 1246 1245 0
3827 3852 2499 2104 3854 3881 2497 2100 0
3855 3882 1253 1192 3828 3853 1249 1190 0
3829 3854 2100 2099 3856 3883 318 317 0
3857 3884 1966 1965 3830 3855 1192 1191 0
3832 3856 317 384 3859 3885 313 380 0
3860 3886 1967 1948 3833 3857 1965 1946 0
3858 3859 380 379 3887 3888 376 375 0
3890 3889 1950 1949 3861 3860 1948 1947 0
3490 3841 1582 1581 3484 3869 1578 1577 0
3891 3864 1421 846 3863 3836 1887 1886 0
3892 3865 1426 1425 3864 3837 1422 1421 0
3893 3866 1429 668 3865 3838 1427 1426 0
3894 3867 1432 1431 3866 3839 1430 1429 0
3895 3868 603 602 3867 3840 821 1432 0
3896 3870 608 607 3868 3842 604 603 0
3869 3843 1579 1578 3897 3871 381 1464 0
3898 3872 1729 612 3870 3844 1109 608 0
3871 3845 382 381 3899 3873 378 377 0
3900 3874 1732 1731 3872 3846 1730 1729 0
3873 3858 379 378 3901 3887 375 374 0
3902 3890 1949 1734 3874 3861 1947 1732 0
3852 3875 2500 2499 3881 3903 2498 2497 0
3877 3905 2250 2249 3876 3904 2246 2245 0
3878 3906 2033 1244 3849 3877 2249 2744 0
3879 3907 1248 1247 3850 3878 1244 1243 0
3880 3908 1251 1250 3851 3879 1247 1246 0
3882 3909 1254 1253 3853 3880 1250 1249 0
3854 3881 2497 2100 3883 3910 319 318 0
3884 3911 1281 1966 3855 3882 1253 1192 0
3856 3883 318 317 3885 3912 314 313 0
3886 3913 1968 1967 3857 3884 1966 1965 0
3859 3885 313 380 3888 3914 309 376 0
3889 3915 2337 1950 3860 3886 1967 1948 0
3887 3888 376 375 3916 3917 372 371 0
3919 3918 1952 1951 3890 3889 1950 1949 0
3484 3869 1578 1577 3483 3897 1464 1463 0
3920 3892 1425 848 3891 3864 1421 846 0
3921 3893 668 667 3892 3865 1426 1425 0
3922 3894 1431 672 3893 3866 1429 668 0
3923 3895 602 601 3894 3867 1432 1431 0
3924 3896 607 606 3895 3868 603 602 0
3925 3898 612 611 3896 3870 608 607 0
3897 3871 381 1464 3926 3899 377 1462 0
3927 3900 1731 616 3898 3872 1729 612 0
3899 3873 378 377 3928 3901 374 373 0
3929 3902 1734 1733 3900 3874 1732 1731 0
3901 3887 375 374 3930 3916 371 370 0
3931 3919 1951 1736 3902 3890 1949 1734 0
3881 3903 2498 2497 3910 3932 320 319 0
3905 3934 2251 2250 3904 3933 2247 2246 0
3906 3935 2034 2033 3877 3905 2250 2249 0
3907 3936 2035 1248 3878 3906 2033 1244 0
3908 3937 1252 1251 3879 3907 1248 1247 0
3909 3938 1255 1254 3880 3908 1251 1250 0
3911 3939 1282 1281 3882 3909 1254 1253 0
3883 3910 319 318 3912 3940 315 314 0
3913 3941 1285 1968 3884 3911 1281 1966 0
3885 3912 314 313 3914 3942 310 309 0
3915 3943 2338 2337 3886 3913 1968 1967 0
3888 3914 309 376 3917 3944 305 372 0
3918 3945 2339 1952 3889 3915 2337 1950 0
3947 3946 476 475 3919 3918 1952 1951 0
3483 3897 1464 1463 3487 3926 1462 1461 0
3948 3921 667 666 3920 3892 1425 848 0
3949 3922 672 671 3921 3893 668 667 0
3950 3923 601 676 3922 3894 1431 672 0
3951 3924 606 605 3923 3895 602 601 0
3952 3925 611 610 3924 3896 607 606 0
3953 3927 616 615 3925 3898 612 611 0
3926 3899 377 1462 3954 3928 373 1460 0
3955 3929 1733 1668 3927 3900 1731 616 0
3928 3901 374 373 3956 3930 370 369 0
3957 3931 1736 1735 3929 3902 1734 1733 0
3958 3947 475 474 3931 3919 1951 1736 0
3910 3932 320 319 3940 3959 316 315 0
3934 3961 2252 2251 3933 3960 2248 2247 0
3935 3689 2253 2034 3905 3934 2251 2250 0
3936 3962 2036 2035 3906 3935 2034 2033 0
3937 3963 2037 1252 3907 3936 2035 1248 0
3938 3964 1256 1255 3908 3937 1252 1251 0
3939 3965 1283 1282 3909 3938 1255 1254 0
3941 3966 1286 1285 3911 3939 1282 1281 0
3912 3940 315 314 3942 3967 311 310 0
3914 3942 310 309 3944 3968 306 305 0
3945 3969 2340 2339 3915 3943 2338 2337 0
3946 3970 2341 476 3918 3945 2339 1952 0
3972 3971 480 479 3947 3946 476 475 0
3487 3926 1462 1461 3492 3954 1460 1459 0
3973 3949 671 670 3948 3921 667 666 0
3974 3950 676 675 3949 3922 672 671 0
3975 3951 605 680 3950 3923 601 676 0
3976 3952 610 609 3951 3924 606 605 0
3977 3953 615 614 3952 3925 611 610 0
3978 3955 1668 1667 3953 3927 616 615 0
3954 3928 373 1460 3979 3956 369 1458 0
3980 3957 1735 1672 3955 3929 1733 1668 0
3981 3958 474 473 3957 3931 1736 1735 0
3982 3972 479 478 3958 3947 475 474 0
3940 3959 316 315 3967 3983 312 311 0
3961 3985 1357 2252 3960 3984 1353 2248 0
3689 3687 2254 2253 3934 3961 2252 2251 0
3962 3986 2255 2036 3935 3689 2253 2034 0
3963 3987 2038 2037 3936 3962 2036 2035 0
3964 3988 2039 1256 3937 3963 2037 1252 0
3965 3989 1284 1283 3938 3964 1256 1255 0
3966 3990 1287 1286 3939 3965 1283 1282 0
3942 3967 311 310 3968 3991 307 306 0
3970 3992 2342 2341 3945 3969 2340 2339 0
3971 3993 2343 480 3946 3970 2341 476 0
3995 3994 484 483 3972 3971 480 479 0
3492 3954 1460 1459 3496 3979 1458 1457 0
3996 3974 675 674 3973 3949 671 670 0
3997 3975 680 679 3974 3950 676 675 0
3998 3976 609 2054 3975 3951 605 680 0
3999 3977 614 613 3976 3952 610 609 0
4000 3978 1667 1666 3977 3953 615 614 0
4001 3980 1672 1671 3978 3955 1668 1667 0
4002 3981 473 2450 3980 3957 1735 1672 0
4003 3982 478 477 3981 3958 474 473 0
4004 3995 483 482 3982 3972 479 478 0
3967 3983 312 311 3991 4005 308 307 0
3985 4007 1358 1357 3984 4006 1354 1353 0
3687 3682 1361 2254 3961 3985 1357 2252 0
3987 4008 929 2038 3962 3986 2255 2036 0
3988 4009 2040 2039 3963 3987 2038 2037 0
3989 4010 2357 1284 3964 3988 2039 1256 0
3990 4011 1288 1287 3965 3989 1284 1283 0
3993 4012 2344 2343 3970 3992 2342 2341 0
3994 4013 2757 484 3971 3993 2343 480 0
4015 4014 488 487 3995 3994 484 483 0
4016 3997 679 678 3996 3974 675 674 0
4017 3998 2054 2053 3997 3975 680 679 0
4018 3999 613 2056 3998 3976 609 2054 0
4019 4000 1666 1665 3999 3977 614 613 0
4020 4001 1671 1670 4000 3978 1667 1666 0
4021 4002 2450 2449 4001 3980 1672 1671 0
4022 4003 477 2452 4002 3981 473 2450 0
4023 4004 482 481 4003 3982 478 477 0
4024 4015 487 486 4004 3995 483 482 0
4007 4026 1359 1358 4006 4025 1355 1354 0
3682 3674 1362 1361 3985 4007 1358 1357 0
4009 4027 933 2040 3987 4008 929 2038 0
4010 4028 2358 2357 3988 4009 2040 2039 0
4011 4029 2359 1288 3989 4010 2357 1284 0
4013 4030 2758 2757 3993 4012 2344 2343 0
4014 4031 2759 488 3994 4013 2757 484 0
4033 4032 2722 2721 4015 4014 488 487 0
4034 4017 2053 1700 4016 3997 679 678 0
4035 4018 2056 2055 4017 3998 2054 2053 0
4036 4020 1670 1669 4019 4000 1666 1665 0
4037 4022 2452 2451 4021 4002 2450 2449 0
4038 4023 481 2454 4022 4003 477 2452 0
4039 4024 486 485 4023 4004 482 481 0
4040 4033 2721 748 4024 4015 487 486 0
4026 4042 1360 1359 4025 4041 1356 1355 0
3674 3665 1363 1362 4007 4026 1359 1358 0
4028 4043 937 2358 4009 4027 933 2040 0
4029 4044 2360 2359 4010 4028 2358 2357 0
4031 4045 2760 2759 4013 4030 2758 2757 0
4032 4046 2723 2722 4014 4031 2759 488 0
4048 4047 2726 2725 4033 4032 2722 2721 0
4049 4035 2055 1704 4034 4017 2053 1700 0
4050 4038 2454 2453 4037 4022 2452 2451 0
4051 4039 485 2456 4038 4023 481 2454 0
4052 4040 748 747 4039 4024 486 485 0
4053 4048 2725 752 4040 4033 2721 748 0
4042 4055 2471 1360 4041 4054 2469 1356 0
3665 3656 1364 1363 4026 4042 1360 1359 0
4044 4056 941 2360 4028 4043 937 2358 0
4046 4057 2724 2723 4031 4045 2760 2759 0
4047 4058 2727 2726 4032 4046 2723 2722 0
4060 4059 2674 2673 4048 4047 2726 2725 0
4061 4051 2456 2455 4050 4038 2454 2453 0
4062 4052 747 746 4051 4039 485 2456 0
4063 4053 752 751 4052 4040 748 747 0
4064 4060 2673 756 4053 4048 2725 752 0
4055 4066 2472 2471 4054 4065 2470 2469 0
3656 3648 1025 1364 4042 4055 2471 1360 0
4058 4067 2728 2727 4046 4057 2724 2723 0
4059 4068 2675 2674 4047 4058 2727 2726 0
4070 4069 2678 2677 4060 4059 2674 2673 0
4071 4062 746 745 4061 4051 2456 2455 0
4072 4063 751 750 4062 4052 747 746 0
4073 4064 756 755 4063 4053 752 751 0
4074 4070 2677 760 4064 4060 2673 756 0
4066 4076 2615 2472 4065 4075 2613 2470 0
3648 3641 1026 1025 4055 4066 2472 2471 0
4068 4077 2676 2675 4058 4067 2728 2727 0
4069 4078 2679 2678 4059 4068 2675 2674 0
4080 4079 2554 2553 4070 4069 2678 2677 0
4081 4072 750 749 4071 4062 746 745 0
4082 4073 755 754 4072 4063 751 750 0
4083 4074 760 759 4073 4064 756 755 0
4084 4080 2553 1636 4074 4070 2677 760 0
4076 3553 2616 2615 4075 3558 2614 2613 0
3641 3635 1027 1026 4066 4076 2615 2472 0
4078 4085 2680 2679 4068 4077 2676 2675 0
4079 4086 2555 2554 4069 4078 2679 2678 0
4088 4087 2558 2557 4080 4079 2554 2553 0
4089 4082 754 753 4081 4072 750 749 0
4090 4083 759 758 4082 4073 755 754 0
4091 4084 1636 1635 4083 4074 760 759 0
4092 4088 2557 1640 4084 4080 2553 1636 0
3635 3538 1028 1027 4076 3553 2616 2615 0
4086 4093 2556 2555 4078 4085 2680 2679 0
4087 4094 2559 2558 4079 4086 2555 2554 0
4096 4095 2562 2561 4088 4087 2558 2557 0
4097 4090 758 757 4089 4082 754 753 0
4098 4091 1635 1634 4090 4083 759 758 0
4099 4092 1640 1639 4091 4084 1636 1635 0
4100 4096 2561 2004 4092 4088 2557 1640 0
4094 4101 2560 2559 4086 4093 2556 2555 0
4095 4102 2563 2562 4087 4094 2559 2558 0
4104 4103 2566 2565 4096 4095 2562 2561 0
4105 4098 1634 1633 4097 4090 758 757 0
4106 4099 1639 1638 4098 4091 1635 1634 0
4107 4100 2004 2003 4099 4092 1640 1639 0
4108 4104 2565 2008 4100 4096 2561 2004 0
4102 4109 2564 2563 4094 4101 2560 2559 0
4103 4110 2567 2566 4095 4102 2563 2562 0
4112 4111 2594 2593 4104 4103 2566 2565 0
4113 4106 1638 1637 4105 4098 1634 1633 0
4114 4107 2003 2002 4106 4099 1639 1638 0
4115 4108 2008 2007 4107 4100 2004 2003 0
4116 4112 2593 2630 4108 4104 2565 2008 0
4110 4117 2568 2567 4102 4109 2564 2563 0
4111 4118 2595 2594 4103 4110 2567 2566 0
4120 4119 2598 2597 4112 4111 2594 2593 0
4121 4114 2002 2001 4113 4106 1638 1637 0
4122 4115 2007 2006 4114 4107 2003 2002 0
4123 4116 2630 2629 4115 4108 2008 2007 0
4124 4120 2597 2632 4116 4112 2593 2630 0
4118 4125 2596 2595 4110 4117 2568 2567 0
4119 4126 2599 2598 4111 4118 2595 2594 0
4127 4122 2006 2005 4121 4114 2002 2001 0
4128 4123 2629 2646 4122 4115 2007 2006 0
4129 4124 2632 2631 4123 4116 2630 2629 0
4126 4130 2600 2599 4118 4125 2596 2595 0
4131 4128 2646 2645 4127 4122 2006 2005 0
4132 4129 2631 2648 4128 4123 2629 2646 0
4133 4132 2648 2647 4131 4128 2646 2645 0
3598 3609 2853 1007 4134 4135 2849 1003 0
4134 4135 2849 1003 4136 4137 2845 999 0
3609 3617 2869 2853 4135 4138 2865 2849 0
4136 4137 2845 999 3658 3668 2841 995 0
4135 4138 2865 2849 4137 4139 2861 2845 0
4137 4139 2861 2845 3668 3677 2857 2841 0
3622 3616 1005 2840 4140 4141 1001 2838 0
3624 3622 2840 2839 4142 4140 2838 2837 0
3616 3608 1006 1005 4141 4143 1002 1001 0
4140 4141 1001 2838 4144 4145 997 2836 0
4142 4140 2838 2837 4146 4144 2836 2835 0
3608 3598 1007 1006 4143 4134 1003 1002 0
4141 4143 1002 1001 4145 4147 998 997 0
4144 4145 997 2836 3684 3676 993 2834 0
4146 4144 2836 2835 3688 3684 2834 2833 0
4143 4134 1003 1002 4147 4136 999 998 0
4145 4147 998 997 3676 3667 994 993 0
4147 4136 999 998 3667 3658 995 994 0
3621 3624 2839 2831 4148 4142 2837 2829 0
4148 4142 2837 2829 4149 4146 2835 2827 0
3613 3621 2831 2407 4150 4148 2829 2405 0
4149 4146 2835 2827 3683 3688 2833 2825 0
4150 4148 2829 2405 4151 4149 2827 2403 0
4151 4149 2827 2403 3673 3683 2825 2401 0
3755 3736 2808 2806 4152 4153 2804 2802 0
3776 3755 2806 2792 4154 4152 2802 2788 0
3736 3737 1916 2808 4153 4155 1908 2804 0
4152 4153 2804 2802 4156 4157 2800 2798 0
3798 3776 2792 2790 4158 4154 2788 2786 0
4154 4152 2802 2788 4159 4156 2798 2784 0
3737 3756 1920 1916 4155 4160 1912 1908 0
4153 4155 1908 2804 4157 4161 1900 2800 0
4156 4157 2800 2798 3024 3039 2796 2794 0
3821 3798 2790 2504 4162 4158 2786 2496 0
4158 4154 2788 2786 4163 4159 2784 2782 0
4159 4156 2798 2784 3010 3024 2794 2780 0
3756 3777 1302 1920 4160 4164 1298 1912 0
4155 4160 1912 1908 4161 4165 1904 1900 0
4157 4161 1900 2800 3039 3055 1892 2796 0
3847 3821 2504 2502 4166 4162 2496 2494 0
4162 4158 2786 2496 4167 4163 2782 2488 0
4163 4159 2784 2782 2997 3010 2780 2778 0
4160 4164 1298 1912 4165 4168 1294 1904 0
4161 4165 1904 1900 3055 3072 1896 1892 0
3875 3847 2502 2500 4169 4166 2494 2492 0
4166 4162 2496 2494 4170 4167 2488 2486 0
4167 4163 2782 2488 2985 2997 2778 2480 0
4165 4168 1294 1904 3072 3090 1290 1896 0
3903 3875 2500 2498 4171 4169 2492 2490 0
4169 4166 2494 2492 4172 4170 2486 2484 0
4170 4167 2488 2486 2973 2985 2480 2478 0
3932 3903 2498 320 4173 4171 2490 304 0
4171 4169 2492 2490 4174 4172 2484 2482 0
4172 4170 2486 2484 2960 2973 2478 2476 0
3959 3932 320 316 4175 4173 304 300 0
4173 4171 2490 304 4176 4174 2482 288 0
4174 4172 2484 2482 2945 2960 2476 2474 0
3983 3959 316 312 4177 4175 300 296 0
4175 4173 304 300 4178 4176 288 284 0
4176 4174 2482 288 2946 2945 2474 272 0
4005 3983 312 308 4179 4177 296 292 0
4177 4175 300 296 4180 4178 284 280 0
4178 4176 288 284 2959 2946 272 268 0
4179 4177 296 292 4181 4180 280 276 0
4180 4178 284 280 2972 2959 268 264 0
4181 4180 280 276 2984 2972 264 260 0
4185 4184 2776 2772 4182 4183 2768 2764 0
3592 4185 2772 2208 3604 4182 2764 2200 0
4182 4183 2768 2764 4186 4187 944 940 0
3604 4182 2764 2200 3614 4186 940 936 0
4183 4184 2776 2768 4188 4189 2775 2767 0
4188 4189 2775 2767 4190 4191 2774 2766 0
4187 4183 2768 944 4192 4188 2767 943 0
4190 4191 2774 2766 4193 4194 2773 2765 0
4192 4188 2767 943 4195 4190 2766 942 0
4197 4187 944 928 4196 4192 943 927 0
4195 4190 2766 942 4056 4193 2765 941 0
4196 4192 943 927 4198 4195 942 926 0
4200 4199 2285 2277 4197 4187 944 928 0
4202 4197 928 912 4201 4196 927 911 0
4198 4195 942 926 4203 4056 941 925 0
4201 4196 927 911 4204 4198 926 910 0
4206 4205 2286 2278 4200 4199 2285 2277 0
4207 4200 2277 2269 4202 4197 928 912 0
3424 4202 912 896 3407 4201 911 895 0
4203 4056 941 925 4208 4044 2360 2356 0
4204 4198 926 910 4209 4203 925 909 0
3407 4201 911 895 3389 4204 910 894 0
4211 4210 2287 2279 4206 4205 2286 2278 0
4212 4206 2278 2270 4207 4200 2277 2269 0
3438 4207 2269 2261 3424 4202 912 896 0
4208 4044 2360 2356 4213 4029 2359 2355 0
4209 4203 925 909 4214 4208 2356 2352 0
3389 4204 910 894 3370 4209 909 893 0
4216 4215 2288 2280 4211 4210 2287 2279 0
4217 4211 2279 2271 4212 4206 2278 2270 0
3451 4212 2270 2262 3438 4207 2269 2261 0
4213 4029 2359 2355 4218 4011 1288 1280 0
4214 4208 2356 2352 4219 4213 2355 2351 0
3370 4209 909 893 3350 4214 2352 2348 0
4220 4216 2280 2272 4217 4211 2279 2271 0
3460 4217 2271 2263 3451 4212 2270 2262 0
4218 4011 1288 1280 4221 3990 1287 1279 0
4219 4213 2355 2351 4222 4218 1280 1272 0
3350 4214 2352 2348 3329 4219 2351 2347 0
3466 4220 2272 2264 3460 4217 2271 2263 0
4221 3990 1287 1279 4223 3966 1286 1278 0
4222 4218 1280 1272 4224 4221 1279 1271 0
3329 4219 2351 2347 3307 4222 1272 1264 0
4223 3966 1286 1278 4225 3941 1285 1277 0
4224 4221 1279 1271 4226 4223 1278 1270 0
3307 4222 1272 1264 3284 4224 1271 1263 0
4225 3941 1285 1277 4227 3913 1968 1964 0
4226 4223 1278 1270 4228 4225 1277 1269 0
3284 4224 1271 1263 3260 4226 1270 1262 0
4228 4225 1277 1269 4229 4227 1964 1960 0
3260 4226 1270 1262 3234 4228 1269 1261 0
3234 4228 1269 1261 3209 4229 1960 1956 0
4189 4184 2776 2775 4230 4185 2772 2771 0
4191 4189 2775 2774 4231 4230 2771 2770 0
4230 4185 2772 2771 3602 3592 2208 2207 0
4194 4191 2774 2773 4232 4231 2770 2769 0
4231 4230 2771 2770 3611 3602 2207 2312 0
4232 4231 2770 2769 3618 3611 2312 2311 0
4193 4194 2773 2765 4233 4232 2769 2761 0
4233 4232 2769 2761 4234 3618 2311 2303 0
4056 4193 2765 941 4043 4233 2761 937 0
4234 3618 2311 2303 4235 4236 2309 2301 0
4043 4233 2761 937 4027 4234 2303 933 0
4235 4236 2309 2301 4237 4238 2307 2299 0
4027 4234 2303 933 4008 4235 2301 929 0
3618 3619 2687 2311 4236 4239 2685 2309 0
4237 4238 2307 2299 3685 3678 2305 2297 0
4008 4235 2301 929 3986 4237 2299 2255 0
4236 4239 2685 2309 4238 4240 2683 2307 0
3619 3623 2695 2687 4239 4241 2693 2685 0
3986 4237 2299 2255 3689 3685 2297 2253 0
4238 4240 2683 2307 3678 3679 2681 2305 0
4239 4241 2693 2685 4240 4242 2691 2683 0
4240 4242 2691 2683 3679 3686 2689 2681 0
3276 4244 713 697 3252 4243 2439 2431 0
3252 4243 2439 2431 3226 4245 2437 2429 0
3299 4246 717 701 3276 4244 713 697 0
4244 4248 729 713 4243 4247 2447 2439 0
3226 4245 2437 2429 3201 4249 2435 2427 0
4243 4247 2447 2439 4245 4250 2445 2437 0
3321 4251 721 705 3299 4246 717 701 0
4246 4252 733 717 4244 4248 729 713 0
4248 4071 745 729 4247 4061 2455 2447 0
3201 4249 2435 2427 3176 4253 2433 2425 0
4245 4250 2445 2437 4249 4254 2443 2435 0
4247 4061 2455 2447 4250 4050 2453 2445 0
3342 4255 725 709 3321 4251 721 705 0
4251 4256 737 721 4246 4252 733 717 0
4252 4081 749 733 4248 4071 745 729 0
3176 4253 2433 2425 3151 4257 1655 1647 0
4249 4254 2443 2435 4253 4258 2441 2433 0
4250 4050 2453 2445 4254 4037 2451 2443 0
3362 4259 1617 1609 3342 4255 725 709 0
4255 4260 741 725 4251 4256 737 721 0
4256 4089 753 737 4252 4081 749 733 0
4253 4258 2441 2433 4257 4261 1663 1655 0
4254 4037 2451 2443 4258 4021 2449 2441 0
3381 4262 1621 1613 3362 4259 1617 1609 0
4259 4263 1625 1617 4255 4260 741 725 0
4260 4097 757 741 4256 4089 753 737 0
4258 4021 2449 2441 4261 4001 1671 1663 0
3399 4264 1985 1977 3381 4262 1621 1613 0
4262 4265 1629 1621 4259 4263 1625 1617 0
4263 4105 1633 1625 4260 4097 757 741 0
3416 4266 1989 1981 3399 4264 1985 1977 0
4264 4267 1993 1985 4262 4265 1629 1621 0
4265 4113 1637 1629 4263 4105 1633 1625 0
3432 4268 2637 2633 3416 4266 1989 1981 0
4266 4269 1997 1989 4264 4267 1993 1985 0
4267 4121 2001 1993 4265 4113 1637 1629 0
3446 4270 2639 2635 3432 4268 2637 2633 0
4268 4271 2641 2637 4266 4269 1997 1989 0
4269 4127 2005 1997 4267 4121 2001 1993 0
4270 4272 2643 2639 4268 4271 2641 2637 0
4271 4131 2645 2641 4269 4127 2005 1997 0
4272 4133 2647 2643 4271 4131 2645 2641 0
4273 3556 2864 2863 3660 3560 2860 2859 0
4274 4273 2863 2862 3669 3660 2859 2858 0
4275 3551 2868 2867 4273 3556 2864 2863 0
4139 4274 2862 2861 3677 3669 2858 2857 0
4276 4275 2867 2866 4274 4273 2863 2862 0
3601 3550 2872 2871 4275 3551 2868 2867 0
4138 4276 2866 2865 4139 4274 2862 2861 0
3610 3601 2871 2870 4276 4275 2867 2866 0
3617 3610 2870 2869 4138 4276 2866 2865 0
4067 4077 2676 2728 4277 4278 2668 2720 0
4057 4067 2728 2724 4279 4277 2720 2716 0
4077 4085 2680 2676 4278 4280 2672 2668 0
4277 4278 2668 2720 4281 4282 2660 2712 0
4045 4057 2724 2760 4283 4279 2716 2756 0
4279 4277 2720 2716 4284 4281 2712 2708 0
4085 4093 2556 2680 4280 4285 2540 2672 0
4278 4280 2672 2668 4282 4286 2664 2660 0
4281 4282 2660 2712 3390 3408 2652 2704 0
4030 4045 2760 2758 4287 4283 2756 2754 0
4283 4279 2716 2756 4288 4284 2708 2752 0
4284 4281 2712 2708 3371 3390 2704 2700 0
4093 4101 2560 2556 4285 4289 2544 2540 0
4280 4285 2540 2672 4286 4290 2524 2664 0
4282 4286 2664 2660 3408 3425 2656 2652 0
4012 4030 2758 2344 4291 4287 2754 2336 0
4287 4283 2756 2754 4292 4288 2752 2750 0
4288 4284 2708 2752 3351 3371 2700 2748 0
4101 4109 2564 2560 4289 4293 2548 2544 0
4285 4289 2544 2540 4290 4294 2528 2524 0
4286 4290 2524 2664 3425 3439 2508 2656 0
3992 4012 2344 2342 4295 4291 2336 2334 0
4291 4287 2754 2336 4296 4292 2750 2328 0
4292 4288 2752 2750 3330 3351 2748 2746 0
4109 4117 2568 2564 4293 4297 2552 2548 0
4289 4293 2548 2544 4294 4298 2532 2528 0
4290 4294 2528 2524 3439 3452 2512 2508 0
3969 3992 2342 2340 4299 4295 2334 2332 0
4295 4291 2336 2334 4300 4296 2328 2326 0
4296 4292 2750 2328 3308 3330 2746 2320 0
4117 4125 2596 2568 4297 4301 2588 2552 0
4293 4297 2552 2548 4298 4302 2536 2532 0
4294 4298 2532 2528 3452 3461 2516 2512 0
3943 3969 2340 2338 4303 4299 2332 2330 0
4299 4295 2334 2332 4304 4300 2326 2324 0
4300 4296 2328 2326 3285 3308 2320 2318 0
4125 4130 2600 2596 4301 4305 2592 2588 0
4297 4301 2588 2552 4302 4306 2580 2536 0
4298 4302 2536 2532 3461 3467 2520 2516 0
3913 3943 2338 1968 4227 4303 2330 1964 0
4303 4299 2332 2330 4307 4304 2324 2322 0
4304 4300 2326 2324 3261 3285 2318 2316 0
4301 4305 2592 2588 4306 4308 2584 2580 0
4302 4306 2580 2536 3467 3470 2572 2520 0
4227 4303 2330 1964 4229 4307 2322 1960 0
4307 4304 2324 2322 3235 3261 2316 2314 0
4306 4308 2584 2580 3470 3472 2576 2572 0
4229 4307 2322 1960 3209 3235 2314 1956 0
3620 3613 2407 2696 4309 4150 2405 2694 0
3623 3620 2696 2695 4241 4309 2694 2693 0
4309 4150 2405 2694 4310 4151 2403 2692 0
4241 4309 2694 2693 4242 4310 2692 2691 0
4310 4151 2403 2692 3681 3673 2401 2690 0
4242 4310 2692 2691 3686 3681 2690 2689 0
3445 4312 2623 2619 3444 4311 2640 2636 0
3444 4311 2640 2636 3446 4270 2639 2635 0
3456 4313 2624 2620 3445 4312 2623 2619 0
4312 4315 2627 2623 4311 4314 2644 2640 0
4311 4314 2644 2640 4270 4272 2643 2639 0
3464 4316 2581 2573 3456 4313 2624 2620 0
4313 4317 2628 2624 4312 4315 2627 2623 0
4315 4129 2631 2627 4314 4132 2648 2644 0
4314 4132 2648 2644 4272 4133 2647 2643 0
3469 4318 2582 2574 3464 4316 2581 2573 0
4316 4319 2589 2581 4313 4317 2628 2624 0
4317 4124 2632 2628 4315 4129 2631 2627 0
3471 4320 2583 2575 3469 4318 2582 2574 0
4318 4321 2590 2582 4316 4319 2589 2581 0
4319 4120 2597 2589 4317 4124 2632 2628 0
3472 4308 2584 2576 3471 4320 2583 2575 0
4320 4322 2591 2583 4318 4321 2590 2582 0
4321 4119 2598 2590 4319 4120 2597 2589 0
4308 4305 2592 2584 4320 4322 2591 2583 0
4322 4126 2599 2591 4321 4119 2598 2590 0
4305 4130 2600 2592 4322 4126 2599 2591 0
4326 4325 1821 2174 4323 4324 1817 2424 0
4328 4326 2174 2173 4327 4323 2424 2423 0
4325 4330 1822 1821 4324 4329 1818 1817 0
4323 4324 1817 2424 4331 4332 1813 2422 0
4334 4333 1823 2176 4326 4325 1821 2174 0
4327 4323 2424 2423 4335 4331 2422 2421 0
4336 4334 2176 2175 4328 4326 2174 2173 0
4330 4338 1377 1822 4329 4337 1819 1818 0
4324 4329 1818 1817 4332 4339 1814 1813 0
4333 4340 1824 1823 4325 4330 1822 1821 0
4342 4341 691 690 4334 4333 1823 2176 0
4343 4342 690 689 4336 4334 2176 2175 0
4338 4345 1378 1377 4337 4344 1820 1819 0
4329 4337 1819 1818 4339 4346 1815 1814 0
4340 4347 1379 1824 4330 4338 1377 1822 0
4341 4348 692 691 4333 4340 1824 1823 0
4350 4349 695 694 4342 4341 691 690 0
4351 4350 694 693 4343 4342 690 689 0
4345 4353 865 1378 4344 4352 2295 1820 0
4337 4344 1820 1819 4346 4354 1816 1815 0
4347 4355 1380 1379 4338 4345 1378 1377 0
4348 4356 1381 692 4340 4347 1379 1824 0
4349 4357 696 695 4341 4348 692 691 0
4359 4358 411 410 4350 4349 695 694 0
4360 4359 410 409 4351 4350 694 693 0
4353 4362 866 865 4352 4361 2296 2295 0
4344 4352 2295 1820 4354 4363 2293 1816 0
4355 4364 869 1380 4345 4353 865 1378 0
4356 4365 1382 1381 4347 4355 1380 1379 0
4357 4366 1383 696 4348 4356 1381 692 0
4358 4367 412 411 4349 4357 696 695 0
4369 4368 415 414 4359 4358 411 410 0
4370 4369 414 413 4360 4359 410 409 0
4362 4372 867 866 4361 4371 2415 2296 0
4352 4361 2296 2295 4363 4373 2294 2293 0
4364 4374 870 869 4353 4362 866 865 0
4365 4375 873 1382 4355 4364 869 1380 0
4366 4376 1384 1383 4356 4365 1382 1381 0
4367 4377 833 412 4357 4366 1383 696 0
4368 4378 416 415 4358 4367 412 411 0
4380 4379 419 418 4369 4368 415 414 0
4381 4380 418 417 4370 4369 414 413 0
4372 4383 868 867 4371 4382 2416 2415 0
4361 4371 2415 2296 4373 4384 2413 2294 0
4374 4385 871 870 4362 4372 867 866 0
4375 4386 874 873 4364 4374 870 869 0
4376 4387 877 1384 4365 4375 873 1382 0
4377 4388 834 833 4366 4376 1384 1383 0
4378 4389 835 416 4367 4377 833 412 0
4379 4390 420 419 4368 4378 416 415 0
4392 4391 423 422 4380 4379 419 418 0
4393 4392 422 421 4381 4380 418 417 0
4371 4382 2416 2415 4384 4394 2414 2413 0
4385 4395 872 871 4372 4383 868 867 0
4386 4396 875 874 4374 4385 871 870 0
4387 4397 878 877 4375 4386 874 873 0
4388 4398 1841 834 4376 4387 877 1384 0
4389 4399 836 835 4377 4388 834 833 0
4390 4400 837 420 4378 4389 835 416 0
4391 4401 424 423 4379 4390 420 419 0
4396 4402 876 875 4385 4395 872 871 0
4397 4403 879 878 4386 4396 875 874 0
4398 4404 1842 1841 4387 4397 878 877 0
4399 4405 1845 836 4388 4398 1841 834 0
4400 4406 838 837 4389 4399 836 835 0
4401 4407 839 424 4390 4400 837 420 0
4403 4408 880 879 4396 4402 876 875 0
4404 4409 1843 1842 4397 4403 879 878 0
4405 4410 1846 1845 4398 4404 1842 1841 0
4406 4411 1849 838 4399 4405 1845 836 0
4407 4412 840 839 4400 4406 838 837 0
4409 4413 1844 1843 4403 4408 880 879 0
4410 4414 1847 1846 4404 4409 1843 1842 0
4411 4415 1850 1849 4405 4410 1846 1845 0
4412 4416 1853 840 4406 4411 1849 838 0
4414 4417 1848 1847 4409 4413 1844 1843 0
4415 4418 1851 1850 4410 4414 1847 1846 0
4416 4419 1854 1853 4411 4415 1850 1849 0
4418 4420 1852 1851 4414 4417 1848 1847 0
4419 4421 1855 1854 4415 4418 1851 1850 0
4421 4422 1856 1855 4418 4420 1852 1851 0
4424 4328 2173 2169 4423 4327 2423 2419 0
4423 4327 2423 2419 4425 4335 2421 2417 0
4426 4336 2175 2171 4424 4328 2173 2169 0
4428 4424 2169 197 4427 4423 2419 1765 0
4427 4423 2419 1765 4429 4425 2417 1761 0
4430 4343 689 681 4426 4336 2175 2171 0
4431 4426 2171 201 4428 4424 2169 197 0
4433 4428 197 185 4432 4427 1765 1757 0
4432 4427 1765 1757 4434 4429 1761 1753 0
4435 4351 693 685 4430 4343 689 681 0
4436 4430 681 205 4431 4426 2171 201 0
4437 4431 201 189 4433 4428 197 185 0
4439 4433 185 173 4438 4432 1757 1749 0
4438 4432 1757 1749 4440 4434 1753 1745 0
4441 4360 409 393 4435 4351 693 685 0
4442 4435 685 207 4436 4430 681 205 0
4443 4436 205 193 4437 4431 201 189 0
4444 4437 189 177 4439 4433 185 173 0
3268 4439 173 161 3243 4438 1749 1741 0
3243 4438 1749 1741 3242 4440 1745 1737 0
4445 4370 413 397 4441 4360 409 393 0
4446 4441 393 253 4442 4435 685 207 0
4447 4442 207 195 4443 4436 205 193 0
4448 4443 193 181 4444 4437 189 177 0
3292 4444 177 165 3268 4439 173 161 0
4449 4381 417 401 4445 4370 413 397 0
4450 4445 397 255 4446 4441 393 253 0
4451 4446 253 249 4447 4442 207 195 0
4452 4447 195 183 4448 4443 193 181 0
3315 4448 181 169 3292 4444 177 165 0
4453 4393 421 405 4449 4381 417 401 0
4454 4449 401 389 4450 4445 397 255 0
4455 4450 255 251 4451 4446 253 249 0
4456 4451 249 245 4452 4447 195 183 0
3337 4452 183 171 3315 4448 181 169 0
4457 4453 405 391 4454 4449 401 389 0
4458 4454 389 385 4455 4450 255 251 0
4459 4455 251 247 4456 4451 249 245 0
3358 4456 245 241 3337 4452 183 171 0
4460 4457 391 387 4458 4454 389 385 0
4461 4458 385 1973 4459 4455 251 247 0
3378 4459 247 243 3358 4456 245 241 0
4462 4460 387 1975 4461 4458 385 1973 0
3397 4461 1973 1969 3378 4459 247 243 0
3415 4462 1975 1971 3397 4461 1973 1969 0
3298 4464 1685 1677 3320 4463 144 136 0
3320 4463 144 136 3341 4465 143 135 0
3275 4466 1686 1678 3298 4464 1685 1677 0
4464 4468 1693 1685 4463 4467 152 144 0
3341 4465 143 135 3361 4469 142 134 0
4463 4467 152 144 4465 4470 151 143 0
3251 4471 1687 1679 3275 4466 1686 1678 0
4466 4472 1694 1686 4464 4468 1693 1685 0
4468 4474 1701 1693 4467 4473 160 152 0
3361 4469 142 134 3380 4475 141 133 0
4465 4470 151 143 4469 4476 150 142 0
4467 4473 160 152 4470 4477 159 151 0
3225 4478 1688 1680 3251 4471 1687 1679 0
4471 4479 1695 1687 4466 4472 1694 1686 0
4472 4480 1702 1694 4468 4474 1701 1693 0
4474 4482 1837 1701 4473 4481 832 160 0
3380 4475 141 133 3398 4483 1976 1972 0
4469 4476 150 142 4475 4484 149 141 0
4470 4477 159 151 4476 4485 158 150 0
4473 4481 832 160 4477 4486 831 159 0
3199 4487 2047 2043 3225 4478 1688 1680 0
4478 4488 1696 1688 4471 4479 1695 1687 0
4479 4489 1703 1695 4472 4480 1702 1694 0
4480 4490 1838 1702 4474 4482 1837 1701 0
4482 4416 1853 1837 4481 4412 840 832 0
3398 4483 1976 1972 3415 4462 1975 1971 0
4475 4484 149 141 4483 4491 388 1976 0
4476 4485 158 150 4484 4492 157 149 0
4477 4486 831 159 4485 4493 408 158 0
4481 4412 840 832 4486 4407 839 831 0
3173 4494 2048 2044 3199 4487 2047 2043 0
4487 4495 2051 2047 4478 4488 1696 1688 0
4488 4049 1704 1696 4479 4489 1703 1695 0
4489 4496 1839 1703 4480 4490 1838 1702 0
4490 4419 1854 1838 4482 4416 1853 1837 0
4483 4491 388 1976 4462 4460 387 1975 0
4484 4492 157 149 4491 4497 392 388 0
4485 4493 408 158 4492 4498 407 157 0
4486 4407 839 831 4493 4401 424 408 0
3149 4499 581 565 3173 4494 2048 2044 0
4494 4500 2052 2048 4487 4495 2051 2047 0
4495 4035 2055 2051 4488 4049 1704 1696 0
4049 4501 1840 1704 4489 4496 1839 1703 0
4496 4421 1855 1839 4490 4419 1854 1838 0
4491 4497 392 388 4460 4457 391 387 0
4492 4498 407 157 4497 4502 406 392 0
4493 4401 424 408 4498 4391 423 407 0
4499 4503 597 581 4494 4500 2052 2048 0
4500 4018 2056 2052 4495 4035 2055 2051 0
4501 4422 1856 1840 4496 4421 1855 1839 0
4497 4502 406 392 4457 4453 405 391 0
4498 4391 423 407 4502 4392 422 406 0
4503 3999 613 597 4500 4018 2056 2052 0
4502 4392 422 406 4453 4393 421 405 0
4382 4383 868 2416 4504 4505 852 2412 0
4394 4382 2416 2414 4506 4504 2412 2410 0
4383 4395 872 868 4505 4507 856 852 0
4504 4505 852 2412 3863 3891 846 1886 0
4506 4504 2412 2410 3862 3863 1886 1882 0
4395 4402 876 872 4507 4508 860 856 0
4505 4507 856 852 3891 3920 848 846 0
4402 4408 880 876 4508 4509 864 860 0
4507 4508 860 856 3920 3948 666 848 0
4408 4413 1844 880 4509 4510 1828 864 0
4508 4509 864 860 3948 3973 670 666 0
4413 4417 1848 1844 4510 4511 1832 1828 0
4509 4510 1828 864 3973 3996 674 670 0
4417 4420 1852 1848 4511 4512 1836 1832 0
4510 4511 1832 1828 3996 4016 678 674 0
4420 4422 1856 1852 4512 4501 1840 1836 0
4511 4512 1836 1832 4016 4034 1700 678 0
4512 4501 1840 1836 4034 4049 1704 1700 0
4384 4394 2414 2413 4513 4506 2410 2409 0
4373 4384 2413 2294 4514 4513 2409 2290 0
4513 4506 2410 2409 4515 3862 1882 1881 0
4363 4373 2294 2293 4516 4514 2290 2289 0
4514 4513 2409 2290 4517 4515 1881 236 0
4515 3862 1882 1881 4518 4519 1874 1873 0
4354 4363 2293 1816 4520 4516 2289 1804 0
4516 4514 2290 2289 4521 4517 236 235 0
4517 4515 1881 236 4522 4518 1873 228 0
3862 3835 1883 1882 4519 4523 1875 1874 0
4518 4519 1874 1873 4524 4525 1866 1865 0
4346 4354 1816 1815 4526 4520 1804 1803 0
4520 4516 2289 1804 4527 4521 235 234 0
4521 4517 236 235 4528 4522 228 227 0
4522 4518 1873 228 4529 4524 1865 220 0
3835 3810 1884 1883 4523 4530 1876 1875 0
4519 4523 1875 1874 4525 4531 1867 1866 0
4524 4525 1866 1865 3064 3048 1858 1857 0
4339 4346 1815 1814 4532 4526 1803 1802 0
4526 4520 1804 1803 4533 4527 234 233 0
4527 4521 235 234 4534 4528 227 226 0
4528 4522 228 227 4535 4529 220 219 0
4529 4524 1865 220 3081 3064 1857 212 0
3810 3788 1793 1884 4530 4536 1785 1876 0
4523 4530 1876 1875 4531 4537 1868 1867 0
4525 4531 1867 1866 3048 3033 1859 1858 0
4332 4339 1814 1813 4538 4532 1802 1801 0
4532 4526 1803 1802 4539 4533 233 1764 0
4533 4527 234 233 4540 4534 226 225 0
4534 4528 227 226 4541 4535 219 218 0
4535 4529 220 219 3099 3081 212 211 0
3788 3767 1794 1793 4536 4542 1786 1785 0
4530 4536 1785 1876 4537 4543 1777 1868 0
4531 4537 1868 1867 3033 3019 1860 1859 0
4331 4332 1813 2422 4544 4538 1801 2418 0
4538 4532 1802 1801 4545 4539 1764 1763 0
4539 4533 233 1764 4546 4540 225 1756 0
4540 4534 226 225 4547 4541 218 217 0
4541 4535 219 218 3118 3099 211 210 0
3767 3511 1795 1794 4542 3509 1787 1786 0
4536 4542 1786 1785 4543 4548 1778 1777 0
4537 4543 1777 1868 3019 3006 1769 1860 0
4335 4331 2422 2421 4425 4544 2418 2417 0
4544 4538 1801 2418 4549 4545 1763 1762 0
4545 4539 1764 1763 4550 4546 1756 1755 0
4546 4540 225 1756 4551 4547 217 1748 0
4547 4541 218 217 3140 3118 210 209 0
4542 3509 1787 1786 4548 3506 1779 1778 0
4543 4548 1778 1777 3006 2994 1770 1769 0
4425 4544 2418 2417 4429 4549 1762 1761 0
4549 4545 1763 1762 4552 4550 1755 1754 0
4550 4546 1756 1755 4553 4551 1748 1747 0
4551 4547 217 1748 3164 3140 209 1740 0
4548 3506 1779 1778 2994 2971 1771 1770 0
4429 4549 1762 1761 4434 4552 1754 1753 0
4552 4550 1755 1754 4554 4553 1747 1746 0
4553 4551 1748 1747 3190 3164 1740 1739 0
4434 4552 1754 1753 4440 4554 1746 1745 0
4554 4553 1747 1746 3216 3190 1739 1738 0
4440 4554 1746 1745 3242 3216 1738 1737 0
3933 3960 2248 2247 4555 4556 2236 2235 0
3904 3933 2247 2246 4557 4555 2235 2234 0
3960 3984 1353 2248 4556 4558 1337 2236 0
4555 4556 2236 2235 4559 4560 2224 2223 0
3876 3904 2246 2245 4561 4557 2234 2233 0
4557 4555 2235 2234 4562 4559 2223 2222 0
3984 4006 1354 1353 4558 4563 1338 1337 0
4556 4558 1337 2236 4560 4564 1321 2224 0
4559 4560 2224 2223 3228 3254 2212 2211 0
3848 3876 2245 2742 4565 4561 2233 2738 0
4561 4557 2234 2233 4566 4562 2222 2221 0
4562 4559 2223 2222 3203 3228 2211 2210 0
4006 4025 1355 1354 4563 4567 1339 1338 0
4558 4563 1338 1337 4564 4568 1322 1321 0
4560 4564 1321 2224 3254 3278 1305 2212 0
3822 3848 2742 2741 4569 4565 2738 2737 0
4565 4561 2233 2738 4570 4566 2221 2734 0
4566 4562 2222 2221 3178 3203 2210 2209 0
4025 4041 1356 1355 4567 4571 1340 1339 0
4563 4567 1339 1338 4568 4572 1323 1322 0
4564 4568 1322 1321 3278 3301 1306 1305 0
3777 3822 2741 1302 4164 4569 2737 1298 0
4569 4565 2738 2737 4573 4570 2734 2733 0
4570 4566 2221 2734 3153 3178 2209 2730 0
4041 4054 2469 1356 4571 4574 2465 1340 0
4567 4571 1340 1339 4572 4575 1324 1323 0
4568 4572 1323 1322 3301 3323 1307 1306 0
4164 4569 2737 1298 4168 4573 2733 1294 0
4573 4570 2734 2733 3130 3153 2730 2729 0
4054 4065 2470 2469 4574 4576 2466 2465 0
4571 4574 2465 1340 4575 4577 2461 1324 0
4572 4575 1324 1323 3323 3344 1308 1307 0
4168 4573 2733 1294 3090 3130 2729 1290 0
4065 4075 2613 2470 4576 4578 2609 2466 0
4574 4576 2466 2465 4577 4579 2462 2461 0
4575 4577 2461 1324 3344 3364 2457 1308 0
4075 3558 2614 2613 4578 3557 2610 2609 0
4576 4578 2609 2466 4579 4580 2605 2462 0
4577 4579 2462 2461 3364 3383 2458 2457 0
4578 3557 2610 2609 4580 3561 2606 2605 0
4579 4580 2605 2462 3383 3401 2601 2458 0
4580 3561 2606 2605 3401 3418 2602 2601 0
3174 4581 1649 1641 3149 4499 581 565 0
3200 4582 1653 1645 3174 4581 1649 1641 0
4581 4583 1657 1649 4499 4503 597 581 0
4582 4584 1661 1653 4581 4583 1657 1649 0
4583 4019 1665 1657 4503 3999 613 597 0
4584 4036 1669 1661 4583 4019 1665 1657 0
4586 4585 273 340 2938 2951 257 324 0
4587 4586 340 339 2926 2938 324 323 0
4585 4588 274 273 2951 2963 258 257 0
4590 4589 289 356 4586 4585 273 340 0
4591 4587 339 338 2915 2926 323 322 0
4592 4590 356 355 4587 4586 340 339 0
4588 4593 275 274 2963 2974 259 258 0
4589 4594 290 289 4585 4588 274 273 0
3917 3944 305 372 4590 4589 289 356 0
4595 4591 338 337 2904 2915 322 321 0
4596 4592 355 354 4591 4587 339 338 0
3916 3917 372 371 4592 4590 356 355 0
4593 4181 276 275 2974 2984 260 259 0
4594 4597 291 290 4588 4593 275 274 0
3944 3968 306 305 4589 4594 290 289 0
4598 4595 337 1442 2903 2904 321 1434 0
4599 4596 354 353 4595 4591 338 337 0
3930 3916 371 370 4596 4592 355 354 0
4597 4179 292 291 4593 4181 276 275 0
3968 3991 307 306 4594 4597 291 290 0
3485 4598 1442 1441 2907 2903 1434 1433 0
4600 4599 353 1450 4598 4595 337 1442 0
3956 3930 370 369 4599 4596 354 353 0
3991 4005 308 307 4597 4179 292 291 0
3491 4600 1450 1449 3485 4598 1442 1441 0
3979 3956 369 1458 4600 4599 353 1450 0
3496 3979 1458 1457 3491 4600 1450 1449 0
4602 4216 2280 2276 4601 4220 2272 2268 0
3588 4602 2276 1022 3599 4601 2268 2166 0
4601 4220 2272 2268 3459 3466 2264 2260 0
4603 4215 2288 2284 4602 4216 2280 2276 0
3599 4601 2268 2166 3449 3459 2260 2150 0
3578 4603 2284 1038 3588 4602 2276 1022 0
4210 4215 2288 2287 4604 4603 2284 2283 0
4205 4210 2287 2286 4605 4604 2283 2282 0
4604 4603 2284 2283 3586 3578 1038 1037 0
4199 4205 2286 2285 4606 4605 2282 2281 0
4605 4604 2283 2282 3596 3586 1037 1608 0
4187 4199 2285 944 4186 4606 2281 940 0
4606 4605 2282 2281 3606 3596 1608 1607 0
4186 4606 2281 940 3614 3606 1607 936 0
3175 4607 1654 1646 3200 4582 1653 1645 0
3151 4257 1655 1647 3175 4607 1654 1646 0
4607 4608 1662 1654 4582 4584 1661 1653 0
4257 4261 1663 1655 4607 4608 1662 1654 0
4608 4020 1670 1662 4584 4036 1669 1661 0
4261 4001 1671 1663 4608 4020 1670 1662 0
End
