v 9.90547176429323 4.62108371708851 2.66033989205825
v 9.8223600095043 4.62594901619126 2.66321947024813
v 9.73500526131182 4.63315079032824 2.66180513911361
v 9.64305676559441 4.64193661533587 2.65280433577353
v 9.54797976940745 4.64960229008497 2.62910580328351
v 9.45469614509906 4.62725020083502 2.60353469637139
v 9.88338556929657 4.68247700297575 2.60266912571707
v 9.79501816001177 4.69111008022086 2.60583722745839
v 9.70228895350811 4.69637139204128 2.59926341634514
v 9.60316131295188 4.69828356773515 2.58139192812935
v 9.49137258007943 4.68917527522884 2.54861338975572
v 9.97074031748905 4.64569307882916 2.60867720437651
v 9.38708545954447 4.65075638429074 2.52482999739763
v 9.95190708410179 4.55489867731752 2.62957536122017
v 9.86221020355054 4.53888844887476 2.64485013747299
v 9.77393896878288 4.54347653907514 2.6554010477365
v 9.68512463085957 4.55081408900103 2.65918014052794
v 9.59606702798113 4.56036931014585 2.65659474321404
v 9.510251072063 4.56689220533825 2.64100881411163
v 9.39739310485285 4.69830053970876 2.45837906337335
v 9.29589504531517 4.64430137699279 2.44493726027087
v 9.96085131419649 4.52512417827361 2.55423677034657
v 9.39156606057863 4.57531596157545 2.56978309817721
v 9.88626514748645 4.49677532501329 2.56749753906383
v 9.80196535454453 4.48737850895554 2.58338896369129
v 9.71639266358154 4.48817619171541 2.5938946153585
v 9.62854572815424 4.49149138389473 2.59889569025017
v 9.54295606521764 4.49461988436429 2.5943245720234
v 9.45472443172175 4.51631572396782 2.5895554474378
v 9.94713230219165 4.68068363109718 2.52990461750829
v 9.86176327491203 4.71067310847354 2.5246772496351
v 9.7746404770256 4.72244600083728 2.52594449033163
v 9.68346703476992 4.72695488849413 2.51731707041106
v 9.5883221506885 4.72632692547041 2.50216675529808
v 9.49664520654892 4.72243468618821 2.47531143571582
v 10 4.5993765628359 2.5459657618719
v 9.2985596451726 4.69624693090144 2.37041898145529
v 9.19898507597787 4.62481755128365 2.36290605446872
v 9.97371607019608 4.53143209513357 2.47419694278182
v 9.31897692943054 4.57538384946991 2.49830280263858
v 9.90345209943314 4.48522306830654 2.4740159083966
v 9.82104185288693 4.46557518018579 2.49314332265985
v 9.73580860139623 4.45978773718333 2.50586664554599
v 9.64927416526176 4.46079474095111 2.51755467804166
v 9.55753499055227 4.46258245550514 2.51669476471187
v 9.47322388296127 4.46931467170546 2.51274595218429
v 9.38188072096944 4.50574218440615 2.51896900917618
v 9.93111641642435 4.69277333363506 2.44444507303606
v 9.85009787171451 4.72336248741245 2.44241975085143
v 9.76392550435048 4.73641959244634 2.44018510765889
v 9.67491316006834 4.74078704698974 2.42938527511569
v 9.58678335841414 4.74146026860977 2.41266788110567
v 9.4923343252509 4.73646485104264 2.39541869858906
v 9.39935619646757 4.72605537389258 2.37947070071622
v 9.99296228827463 4.62728414478225 2.46474921080323
v 9.20250958916509 4.69349747117593 2.2810275964291
v 9.10287844672497 4.62004842669805 2.26890394994399
v 9.98364467476041 4.55242642649438 2.40382548285265
v 9.24298774623505 4.55319582263156 2.42092191760673
v 9.91784999038255 4.4901505979792 2.38036455799323
v 9.83413855919259 4.4598273384551 2.39809461309558
v 9.74852626695783 4.44922551227074 2.41231146965977
v 9.66316289700275 4.44729636460325 2.42571367149048
v 9.57780518437221 4.44890304477207 2.44187664769577
v 9.48886638530906 4.44847308810717 2.41873253301049
v 9.40164741290549 4.4641212477795 2.44793564227605
v 9.31385705072357 4.49445582195268 2.44111856620767
v 9.91510618798158 4.69675043278533 2.35523472239508
v 9.83937158439031 4.7268756859506 2.35706769554542
v 9.75344248198142 4.74053812471006 2.34979803351399
v 9.67057399214763 4.7443172175015 2.33429696427965
v 9.5824385331689 4.74534685056743 2.32185650762042
v 9.49099919665992 4.74390989013476 2.30809789434381
v 9.39517543363393 4.73730779239882 2.29847478530453
v 9.30345888822258 4.72595354205089 2.28630588022313
v 9.9797807221009 4.63841210214865 2.37564634932848
v 9.10554304658241 4.68704246387798 2.19501363415214
v 9.00764870277548 4.62160419094602 2.17047216030595
v 9.9751304013306 4.55091026351818 2.32246184134599
v 9.14155757459182 4.54656543827293 2.31620484040688
v 9.90940926217173 4.49270205134588 2.28183659383804
v 9.8345854878311 4.46057410529412 2.30338534300359
v 9.74985573822428 4.44704744232358 2.31792466706645
v 9.66272162568878 4.44335886672475 2.33335219108179
v 9.57279279483147 4.44343806926828 2.35752593883301
v 9.47941299600593 4.44262907185934 2.31929373960467
v 9.39072311922246 4.45075864722056 2.36758466186171
v 9.2970887407927 4.4649981330829 2.35420508932915
v 9.21132935811996 4.49766352496577 2.34415768094953
v 9.89946934295833 4.69058960636336 2.2610459261606
v 9.82699901562553 4.72455618288999 2.27221348479877
v 9.75378192145371 4.73557665109017 2.25078353944852
v 9.66964619092339 4.74374017039862 2.24077573234066
v 9.58067344791301 4.74664803521119 2.22957422975526
v 9.48800081465473 4.74636516898428 2.21907423541259
v 9.39434380692683 4.74411355381813 2.20916260282187
v 9.29657392425974 4.73706452744368 2.20216449236827
v 9.20308663626798 4.72647967323293 2.18502845634243
v 9.03491700704903 4.6991378237404 2.10006109910501
v 9.95813579841821 4.6370826308822 2.28626627895136
v 8.93757142372229 4.65562168339349 2.06787657980788
v 9.95211074778516 4.56306785395051 2.23281587671558
v 9.04192643215171 4.54398569828357 2.21411276179269
v 9.90684649415598 4.50567995383623 2.18434957739786
v 9.83323904459103 4.4651904821172 2.2015591586427
v 9.74819248481008 4.44761317477738 2.22119007478983
v 9.66013622837488 4.44269130242925 2.2375284280558
v 9.56994716058882 4.44193887826569 2.26627329403379
v 9.4746099274731 4.44163904006517 2.22061302768695
v 9.38424548262635 4.44421878005454 2.27587943109944
v 9.29065636279291 4.44900487661375 2.26043493511049
v 9.19906993584594 4.46282572046028 2.25033661081002
v 9.11072515585929 4.49407112388409 2.23878435410326
v 9.84998472522375 4.70062570009391 2.17813783505505
v 9.76111381405506 4.72951765650988 2.16037383600548
v 9.66981591065953 4.74263133478915 2.1476901143911
v 9.57730168248832 4.74710627849877 2.13667530351546
v 9.48444801484482 4.74775687082065 2.12644686075061
v 9.3914133128161 4.74651225942227 2.11819282424956
v 9.30189746665007 4.74448693723764 2.11018771002817
v 9.21775607879522 4.74009685339609 2.09377015421867
v 9.12875504916215 4.72839750625134 2.10104547357464
v 9.92734863828198 4.63022029621751 2.18489268055351
v 8.91590952806599 4.70063701474299 1.96443240062909
v 8.84567950125027 4.63658478632285 1.97799866487141
v 9.91553048732194 4.55216618956563 2.1213496113418
v 8.93942136884625 4.54842104072142 2.10922030753216
v 9.84092169131375 4.48019370679218 2.09596519613944
v 9.74998019936412 4.4509283669567 2.12128172344735
v 9.65617044387368 4.44325703488306 2.13836684355235
v 9.56513277740691 4.44175218655593 2.16760389676514
v 9.46506602097736 4.44189361966939 2.12171168011224
v 9.37679478620971 4.44225568843982 2.17584096129259
v 9.28236838234462 4.44366436224981 2.16490535296048
v 9.18313325262217 4.44924814156889 2.1544789038368
v 9.09416616693633 4.46104932055532 2.13911361039137
v 9.0086613638678 4.49306412011631 2.13304330116201
v 9.83506070309229 4.70024100202532 2.07959289892624
v 9.75065907830869 4.72960817370249 2.06331677623019
v 9.66113757481812 4.74295945961236 2.05183240741788
v 9.56979441282629 4.74740611669929 2.04098731627839
v 9.47809483938856 4.74827168735362 2.03104739706498
v 9.38714769011439 4.74785870266234 2.02229551600457
v 9.29639854719906 4.74677815367556 2.01237256876478
v 9.20091422364535 4.74472454486824 2.0046503207703
v 9.10516400583836 4.73769814779195 2.0054084022584
v 9.00917618040076 4.72302304794017 2.00012446113984
v 9.90134757470497 4.64155191726729 2.09725506613412
v 8.82872449960965 4.68860388545049 1.87470723345515
v 9.89853022708501 4.54734614905919 2.0346907140675
v 8.87385863477444 4.57421278329053 2.04062524750795
v 9.83090256955681 4.48601509374187 1.98910399293966
v 9.74878084656204 4.45537502404363 2.02106787657981
v 9.65591020694493 4.44427535329992 2.03953904119664
v 9.55574727599824 4.44182007445039 2.06225319921703
v 9.44343241194374 4.44184836107308 2.03298785938154
v 9.35651327774069 4.44197847953746 2.06668288433034
v 9.26049150835587 4.44258381326303 2.07754494744345
v 9.17507156515541 4.44321177628676 2.04837578212512
v 9.08601396227696 4.44674194679852 2.03584480827327
v 8.99790678992091 4.45990654099863 2.03406840836831
v 8.91216437922178 4.48711827202679 2.01701723221054
v 9.82489449089736 4.70062004276937 1.97893212342019
v 9.74145461128523 4.73054728957581 1.96540546044964
v 9.65249884024847 4.74341770289994 1.95484889286159
v 9.56199296228827 4.74732691415576 1.94318348966407
v 9.47241488555233 4.74823774340639 1.93283624308392
v 9.38159785474254 4.74831128862538 1.92467272377547
v 9.28868195652912 4.74793224788133 1.91717676876252
v 9.19404623165612 4.74674986705287 1.91184756904765
v 9.10027042011292 4.74445299329041 1.90906982269945
v 9.00898383136647 4.73824690827214 1.89918081940689
v 8.91979611002365 4.72766771138593 1.87224629728109
v 9.89131148097442 4.64027901924622 2.00207058078094
v 8.74411355381813 4.64604383295052 1.82387617248051
v 8.66970276416877 4.6281384007875 1.7422522940451
v 9.88950113712223 4.55332594109594 1.93964766182777
v 8.77768977495163 4.60028739208653 1.90526244328532
v 9.82420995462826 4.49132732148312 1.88435297179258
v 9.74459442640386 4.45876941876648 1.9162829114855
v 9.65871058259128 4.44586506149512 1.93516706079361
v 9.57092022040936 4.44244238014958 1.95515438838664
v 9.48594154852287 4.44188230502031 1.96692162342585
v 9.37284031635759 4.44187664769577 1.94332492277752
v 9.27460087575384 4.44197282221292 1.98283567735147
v 9.17430782634277 4.44184836107308 1.94213122729999
v 9.07889139068352 4.44254421199127 1.92957196682545
v 8.98559079440151 4.44790169832883 1.92957196682545
v 8.89727995836209 4.46473223882961 1.92267003088899
v 8.82704993154637 4.52287822043199 1.95707222140505
v 9.81292359217479 4.70088027969813 1.87587829963454
v 9.73239157737523 4.73022482207714 1.86803159050022
v 9.64322648533056 4.74298208891051 1.85668299747683
v 9.55760287844672 4.74628030911621 1.84214933073851
v 9.46863579276089 4.74790396125864 1.83396883945644
v 9.37731526006721 4.74836220454623 1.8266822054514
v 9.28393546124167 4.74835088989715 1.82042520451228
v 9.18929973636868 4.7479718491531 1.81537321369978
v 9.09404170579649 4.74665934986026 1.80931987644403
v 8.9961813059368 4.74328192711103 1.79634197395368
v 8.88696665572917 4.72905375589776 1.78321698102533
v 9.88026838347609 4.64325477195325 1.9014267772485
v 8.77744650999649 4.70093685294351 1.75658229710006
v 8.68443443726593 4.69642796528666 1.65983073284982
v 8.57946278046186 4.62682590149466 1.64307373756803
v 9.8812810445684 4.55771036761295 1.84072368495491
v 8.71293603828877 4.55677125173963 1.81395322524072
v 9.81465473348344 4.49666217852253 1.78133874927869
v 9.73712110068906 4.46064199318858 1.81179778459171
v 9.65081861486066 4.44647605254523 1.83162104977314
v 9.56026747830416 4.44243672282504 1.85219673911814
v 9.46481144137315 4.44180875980131 1.87928400900646
v 9.36257227232097 4.44187664769577 1.82851517860174
v 9.26509091320533 4.44187099037123 1.87707199511207
v 9.15156538169969 4.44189927699392 1.82445887690793
v 9.03980493544993 4.44245369479866 1.82672180672316
v 8.94133920186465 4.44673063214944 1.82692547040654
v 8.84820832531879 4.4661126260169 1.84542492164605
v 8.77912107805976 4.51408108077528 1.86727916633666
v 9.79722451658162 4.69477602652154 1.76822507099942
v 9.72022267229382 4.72748101967617 1.775664452767
v 9.64516129032258 4.73737002296874 1.75197157760152
v 9.55825912809314 4.7447188875437 1.74317443794481
v 9.46732329346805 4.74757583643543 1.73492040144375
v 9.37429424876387 4.74836220454623 1.7277073126577
v 9.27983390095156 4.74837917651984 1.72188592570801
v 9.1841176270918 4.74837917651984 1.71670381643113
v 9.0867777010896 4.74765503897897 1.71000554417805
v 8.98607166698725 4.74492820855161 1.70209094714927
v 8.88633303538091 4.73802061529062 1.69144951969315
v 8.79199149138389 4.72772428463131 1.66951041513447
v 8.58591778775981 4.69518335388828 1.5600355279981
v 9.85858951584617 4.64326608660232 1.79699256627556
v 8.47575270702979 4.6251965920277 1.537587264231
v 9.85845939738179 4.56887226892658 1.74329324176011
v 8.61865672486168 4.54901505979792 1.69830053970876
v 9.81330263291884 4.51540489471719 1.67614645681764
v 9.73545218995033 4.46560346680848 1.70551928581935
v 9.64650207623811 4.44738688179586 1.72636086941764
v 9.55512497029905 4.44252724001765 1.74604270148561
v 9.46039872823344 4.44175784388047 1.77697129473529
v 9.35976623935009 4.44187664769577 1.7189271449746
v 9.25837001165409 4.44187099037123 1.76867199963793
v 9.16151095823763 4.44185967572216 1.70554757244204
v 9.06132539799278 4.4418653330467 1.72551792806146
v 8.95983299577964 4.4424310655005 1.72701146173951
v 8.86292868376687 4.44790735565336 1.74043063554384
v 8.77307339812856 4.47388013260769 1.77239451918399
v 8.68782317466424 4.50055441780473 1.73303085504803
v 9.74774555617157 4.70200042995666 1.67559769633745
v 9.65400934590014 4.73096593159163 1.65691721071271
v 9.55915298537016 4.74351953474163 1.64477093492945
v 9.46474355347869 4.74751926319005 1.63477444247067
v 9.3703906948326 4.74839049116892 1.62697299193266
v 9.2755456489517 4.74836220454623 1.62160984827056
v 9.1795125649178 4.74841312046707 1.61702741539471
v 9.0821726389156 4.74815288353832 1.61186793541598
v 8.98485534221156 4.74692524411355 1.60539595614442
v 8.88791708625157 4.74476414614001 1.59460178092576
v 8.7863624534685 4.73828085221937 1.58314569873615
v 8.6913986037723 4.72725472669465 1.5681764180084
v 9.82754211878119 4.62864755999593 1.67910523755106
v 8.48839117004786 4.69673911813625 1.46539414580057
v 8.36919699935507 4.64012627148369 1.42681119245087
v 9.80561998619613 4.54494744345504 1.58697570744843
v 8.51631006664328 4.55564544415655 1.59323270838755
v 9.73563322433555 4.47609214650208 1.60094929905749
v 9.64578925334631 4.45007976827599 1.62186442787477
v 9.55075751575565 4.44300245527885 1.63789162829115
v 9.45736640228103 4.44170692795963 1.667434177029
v 9.35873094895962 4.4417917878277 1.61100802208619
v 9.26109684208144 4.44194453559023 1.65593849356762
v 9.16248401805818 4.44156549484618 1.5959595388149
v 9.06346952399271 4.44176915852955 1.62030300630226
v 8.96343671151039 4.44182573177493 1.62821194600649
v 8.86217625960331 4.44304771387515 1.63519874181102
v 8.77053325941096 4.45248413120467 1.66837329290232
v 8.67783799685453 4.46343671151039 1.63259637252351
v 8.58791482332175 4.49992645478101 1.62377660356864
v 9.73248209456784 4.70092553829443 1.57153121145948
v 9.64374695918806 4.731169595275 1.55619420463674
v 9.55121575904323 4.7439155474593 1.54285989070049
v 9.45809053982191 4.74774555617158 1.53153392697525
v 9.36489743270612 4.74847535103699 1.52336475034227
v 9.27062943392811 4.74848666568606 1.51955737092814
v 9.17447188875437 4.74874690261482 1.51621389212614
v 9.07722813726932 4.74935223634039 1.51150134078592
v 8.97965060363653 4.74974824905806 1.50532354239033
v 8.88066439619375 4.74911462870979 1.49762958101854
v 8.78145189576945 4.74738348740114 1.48679580452812
v 8.68008395469614 4.74091716545411 1.4779534062751
v 8.5871341125355 4.73050768830405 1.46327830642333
v 9.80011540942058 4.6383159276315 1.58215000961745
v 8.35105395956144 4.70945678369785 1.34185514986253
v 8.25477761057241 4.65593849356762 1.31811701610075
v 9.79439585431258 4.5546271257397 1.48923411140404
v 8.40262613005058 4.55353526210385 1.47758568018013
v 9.73555967911655 4.48804607325104 1.49907785610029
v 9.64877632070241 4.4554598839117 1.51722089589391
v 9.55397653341782 4.44421878005454 1.53304443262692
v 9.45181090958464 4.4417917878277 1.54834749550243
v 9.34975843224222 4.44102239169052 1.51226507959856
v 9.25816634797072 4.44113553818128 1.54417804731786
v 9.16598024462271 4.43933650897817 1.4909822246863
v 9.06637738880529 4.44002670257182 1.51489573550876
v 8.96698951132031 4.44041705796495 1.52637444699653
v 8.86350573086976 4.44070558151639 1.53418721218361
v 8.75467577873072 4.44382276733687 1.54933752729659
v 8.64453898462339 4.45027777463482 1.52891458571412
v 8.5566185039771 4.47210939002727 1.5327445944264
v 8.47443455041242 4.49992079745647 1.50898948869101
v 9.71917040992974 4.70422941582467 1.4684151571039
v 9.63282832282957 4.7336644753963 1.45342324707799
v 9.54122492390899 4.74565234609249 1.43778640205474
v 9.45047578099365 4.7492786911214 1.42425973908419
v 9.357673029271 4.75029700953825 1.41661103630871
v 9.2632296534323 4.7508401126939 1.41630554078365
v 9.16505244339847 4.75247507948541 1.41371448614521
v 9.06530249714305 4.75471538000249 1.40856632081556
v 8.96622011518313 4.75659926907367 1.40330500899515
v 8.86451839196207 4.75754404227153 1.39710458130141
v 8.76100066756429 4.75786085244566 1.38757764677929
v 8.65886333035381 4.75760061551691 1.37583304103823
v 8.55305438951811 4.74980482230344 1.37075842092757
v 8.44876161165861 4.73004944501646 1.36869349747118
v 9.78654914517826 4.64401285344135 1.47922630429617
v 8.19979973071135 4.73540693135402 1.23292902320635
v 8.14298322037542 4.63258505787443 1.24611058938007
v 9.78770889670857 4.56507620416153 1.38963125558661
v 8.27946617485659 4.56552313280004 1.36350573086976
v 9.73707018476822 4.49734671479164 1.39114176123828
v 9.65668526040665 4.46021203652369 1.41089713852525
v 9.56638304612983 4.44518618255055 1.42563446894695
v 9.47285049954176 4.44116382480397 1.43830121858771
v 9.37818648804607 4.43940439687263 1.42870073884658
v 9.26841176270918 4.43778640205474 1.4277672802978
v 9.17616342879126 4.43353775132664 1.3949038820561
v 9.08036795238796 4.43370181373825 1.40737262533802
v 8.98307328498207 4.43461830031342 1.41984702594449
v 8.88193163689028 4.43549518561682 1.42937961779115
v 8.7768242042973 4.4360269741234 1.43804663898349
v 8.67138298955658 4.43628155372761 1.43310779466175
v 8.55605842884783 4.4436191036535 1.42949842160645
v 8.44518052522601 4.46026860976907 1.40878129914801
v 8.34898903610505 4.50499541756712 1.39538475464183
v 5.73989884703726 4.95302157703579 1.14790509272355
v 5.61777983955828 4.96926941310915 1.14560256163655
v 5.50590624681776 4.97722926873423 1.14522917821704
v 5.3979644946312 4.98003530170512 1.14561953361017
v 5.29246104932056 4.98032382525656 1.14592502913522
v 5.18795895045315 4.97931682148878 1.14653602018533
v 5.08425453434562 4.97852479605345 1.14695466220115
v 4.98114413731458 4.97811746868671 1.14717529785814
v 4.87844672497483 4.97794774895057 1.14727147237528
v 4.77600389223928 4.97787986105611 1.14730541632251
v 4.67370814994173 4.97785157443342 1.14732238829613
v 4.57148595286317 4.97784025978434 1.14732804562066
v 4.46930335705638 4.9778346024598 1.14732804562066
v 4.3671377332232 4.97782894513527 1.1473337029452
v 4.26497776671457 4.97782894513527 1.1473337029452
v 4.16281214288139 4.97782894513527 1.1473337029452
v 4.06064086172367 4.9778346024598 1.14732804562066
v 3.95845826591688 4.97785157443342 1.14732238829613
v 3.85626435546102 4.97788551838065 1.14730541632251
v 3.75405913035607 4.97795906359964 1.14726015772621
v 3.6518935065229 4.97813444066032 1.1471696405336
v 3.54990891707494 4.97846822280807 1.14698860614838
v 3.44838257091456 4.97890949412204 1.14673402654417
v 3.34773876738213 4.97893212342019 1.14666613864971
v 3.24830563130085 4.97709915026985 1.1475260519795
v 3.14995304420633 4.97129473529378 1.15052443398468
v 3.05083671829918 4.96304069879273 1.15477874203732
v 2.94956495174302 4.95691947364252 1.15773186544619
v 2.84735972663808 4.95488283680882 1.15855783482875
v 2.74552222762811 4.95557303040246 1.15815050746201
v 2.64384879102975 4.95691381631799 1.15746031386837
v 2.54241296206198 4.95829420350528 1.15673617632749
v 2.44098844774329 4.95922766205406 1.15623833176814
v 2.33945644425838 4.95973116393795 1.15597243751485
v 2.23774340638825 4.9599461422704 1.15585363369955
v 2.13588893540467 4.96005928876116 1.15579706045417
v 2.03392697525486 4.96019506455007 1.15572351523518
v 1.93189146988606 4.96043832950521 1.1555933967708
v 1.82971453140381 4.96085697152103 1.15536710378928
v 1.72732261458911 4.96142836129937 1.15503332164153
v 1.62474966338919 4.96183568866612 1.15447324651226
v 1.52251615166156 4.96127561353685 1.1532908656838
v 1.42278883470429 4.95842432196965 1.15115805433294
v 1.33481178081262 4.94033785542141 1.15449587581041
v 9.70640182844729 4.71086545750784 1.36453536393569
v 9.6176044624976 4.74001199352802 1.34937373417363
v 9.53135854991457 4.75098154580736 1.32611081567305
v 9.44045100191217 4.75595999140087 1.31384007874996
v 9.34480261594687 4.75915637976488 1.3065364727713
v 9.2496068159446 4.76015206888358 1.31445106980007
v 9.14385444835428 4.76547561127392 1.31042305472896
v 9.04526991095371 4.77114990778561 1.30235005261312
v 8.94075649743723 4.77340152295177 1.30177866283477
v 8.83461377445379 4.77634333171157 1.29606476505131
v 8.72780914449938 4.7817121326982 1.28463696948439
v 8.62193797309376 4.78609090189068 1.27583982982768
v 8.51737364365644 4.78433713128387 1.27319785926839
v 8.41391814982858 4.77627544381711 1.26746133218678
v 8.30536540659191 4.75844921419762 1.25684819135335
v 6.26940745182788 4.83264502551453 1.17445491678076
v 6.15191047849651 4.84739367058531 1.17697808352474
v 6.0402462067639 4.8565302497143 1.17766827711839
v 5.92982654642966 4.86595535239474 1.17807560448513
v 5.82444756225886 4.86658897274301 1.18294090358788
v 5.73233500412985 4.84431608603659 1.19607155384076
v 5.64295493375273 4.86515766963488 1.19154569421029
v 5.54094205768208 4.87151650241568 1.19204353876965
v 5.43726592819724 4.87439608060556 1.19201525214695
v 5.33357848406332 4.8748769531913 1.19207748271687
v 5.2302474513753 4.87424899016757 1.19226417442663
v 5.12713139701972 4.87336079021509 1.19254704065353
v 5.0242755795929 4.87277808578767 1.19273373236329
v 4.92166302712121 4.87248390491169 1.19282990688044
v 4.81923716635929 4.87235944377185 1.1928695081522
v 4.71693576673719 4.87230852785101 1.19288082280128
v 4.61471356965864 4.87229155587739 1.19288648012582
v 4.51252531652731 4.87228024122832 1.19289213745036
v 4.41035403536959 4.87228024122832 1.19289213745036
v 4.30819406886095 4.87228024122832 1.19289213745036
v 4.20603410235232 4.87228024122832 1.19289213745036
v 4.10387413584368 4.87228024122832 1.19289213745036
v 4.00171416933504 4.87229155587739 1.19289213745036
v 3.89954288817732 4.87230852785101 1.19288082280128
v 3.79737726434415 4.87234812912278 1.1928695081522
v 3.69523426980912 4.87242733166631 1.19284687885405
v 3.59318179246671 4.87256876477976 1.19280162025775
v 3.49134995078128 4.8727384845159 1.19274504701237
v 3.38997069505889 4.87268191127052 1.19275636166144
v 3.28925334630746 4.87167490750274 1.19307317183558
v 3.18918093255338 4.86852377773503 1.19407451827882
v 3.08898405765945 4.86337561240538 1.19567554112309
v 2.98766137518245 4.85855557189894 1.19711250155576
v 2.88525814371867 4.85599846120773 1.19784795374571
v 2.78264559124699 4.85570993765628 1.19792715628925
v 2.68035550627397 4.85655853633699 1.19767823400957
v 2.57832565822971 4.85759382672746 1.19737273848452
v 2.47649381654428 4.85845374005725 1.1971181588803
v 2.37471854810423 4.85900250053745 1.1969540964687
v 2.27292065036603 4.85929102408889 1.19686923660063
v 2.17108315135606 4.85943811452688 1.19682397800432
v 2.06924565234609 4.85956823299125 1.19678437673256
v 1.96744775460789 4.85978886864824 1.19672214616264
v 1.86568945814146 4.86024145461128 1.19658637037372
v 1.76386327378056 4.86099387877485 1.19635442006766
v 1.66187868433261 4.8618481347801 1.19603760989353
v 1.55977529106935 4.86207442776162 1.19538701757165
v 1.45771149907786 4.86030934250574 1.19394439981444
v 1.35624172616286 4.8514330003055 1.18974100768265
v 1.24865638542221 4.86133897557167 1.17093040359353
v 1.15450153313495 4.83516253493398 1.16054355574162
v 9.77162512304681 4.65772620812165 1.37457145766624
v 8.08989488691008 4.74833957524807 1.17317636143515
v 7.99949649811611 4.72028490286374 1.15357938923524
v 6.46191489120965 4.75435331123205 1.17088514499723
v 6.35310756836877 4.74757583643543 1.18902818479085
v 6.25817766261979 4.72806938142813 1.20347133433657
v 6.16889942408436 4.74563537411887 1.20338081714396
v 6.06798972629864 4.75205643746959 1.20490829476924
v 5.96457383374255 4.75815503332164 1.20552494314389
v 5.86239689526029 4.76002760774375 1.20829703216755
v 5.76382932983334 4.74978219300528 1.21452008915943
v 5.6610017990292 4.75066473563322 1.2169074801145
v 5.56324888833573 4.76029350199703 1.21617202792455
v 5.46306898541542 4.76336542922121 1.21618334257363
v 5.36171801631572 4.76412916803385 1.21623991581901
v 5.25977302813953 4.76368223939534 1.21628517441532
v 5.15752254443828 4.76289587128455 1.21639832090608
v 5.05512497029905 4.76223962163813 1.21649449542322
v 4.95272173883527 4.76186058089408 1.21654541134407
v 4.85037508061687 4.76167954650886 1.21657369796676
v 4.74809631029294 4.76160600128987 1.21658501261583
v 4.64587411321438 4.76157771466718 1.21658501261583
v 4.54368586008305 4.7615664000181 1.21659066994037
v 4.44151457892533 4.7615664000181 1.21659066994037
v 4.3393546124167 4.7615664000181 1.21659066994037
v 4.23719464590806 4.7615664000181 1.21659066994037
v 4.13504033672396 4.7615664000181 1.21659066994037
v 4.03288037021532 4.76157205734264 1.21659066994037
v 3.93072606103122 4.76158337199172 1.21658501261583
v 3.82856609452258 4.76160600128987 1.21658501261583
v 3.72641178533848 4.7616399452371 1.2165793552913
v 3.62428576277707 4.76169651848248 1.21656804064222
v 3.5222559147328 4.76174743440332 1.21656238331768
v 3.42042407304737 4.76165691721071 1.21657369796676
v 3.31892601350969 4.76107987010783 1.21665855783483
v 3.21780133739152 4.75942793134271 1.21689616546543
v 3.11675586381688 4.75658229710005 1.21728652085856
v 3.01524083230559 4.75356128579672 1.2176938482253
v 2.91301863522703 4.75161516615562 1.21794277050497
v 2.81038911078173 4.75111732159627 1.21799934375035
v 2.70780484493273 4.75156990755932 1.21794277050497
v 2.60546950136342 4.75232798904742 1.21784093866329
v 2.50334913612654 4.75300686799199 1.21775607879522
v 2.40135888935405 4.75348208325319 1.2176938482253
v 2.29943653047601 4.75375929215555 1.21765990427807
v 2.19755377286973 4.75389506794447 1.21764293230445
v 2.09574456048246 4.75397992781254 1.21763161765538
v 1.99407678120863 4.75411004627691 1.21761464568176
v 1.89259003632002 4.75444382842466 1.21756938708546
v 1.79125603919394 4.75524151118453 1.21746755524377
v 1.68982586755072 4.75653138117921 1.21729217818309
v 1.58815243095235 4.75764021678868 1.21708285717518
v 1.48639979181046 4.75744786775438 1.21633043301162
v 1.3843416571435 4.75390072526901 1.21314535929668
v 1.2799583620914 4.75511139272015 1.20186465416775
v 1.18200744503909 4.74437379074688 1.18557721682262
v 1.08109208992883 4.74120568900555 1.1636607415621
v 8.04605062173997 4.61738382684061 1.19482128511784
v 6.39679342845182 4.64917799074462 1.19626390287505
v 6.29252327989047 4.63794820153653 1.21147644855795
v 6.18662382186216 4.63683370860253 1.21760898835723
v 6.08762064244577 4.64520654891888 1.21824260870549
v 5.9872087892194 4.65023591043324 1.21902897681628
v 5.88607845577669 4.65308154467589 1.22035844808273
v 5.78541202294611 4.64908747355201 1.22218576390853
v 5.6832860003847 4.64607777689775 1.22366798293751
v 5.58110340457791 4.64879895000057 1.2242902886367
v 5.4810875640692 4.65232346318779 1.22439777780292
v 5.3806870254919 4.65310417397404 1.22441474977654
v 5.27971509713626 4.65270816125638 1.22443172175015
v 5.17822269492312 4.65191047849651 1.22446000837284
v 5.07635690929046 4.65122028490286 1.22448263767099
v 4.9742535160272 4.65078467091343 1.22449960964461
v 4.87205960557133 4.65057534990552 1.22450526696914
v 4.76984306581731 4.65047917538837 1.22451092429368
v 4.66764349803691 4.65044523144115 1.22451092429368
v 4.56546090223012 4.65043391679207 1.22451092429368
v 4.4632896210724 4.65042825946753 1.22451092429368
v 4.36112965456376 4.65042825946753 1.22451092429368
v 4.25896968805513 4.65043391679207 1.22451092429368
v 4.15681537887102 4.65043391679207 1.22451092429368
v 4.05466106968692 4.65044523144115 1.22451092429368
v 3.95250676050282 4.65045654609022 1.22451092429368
v 3.85035245131872 4.65047917538837 1.22451092429368
v 3.74818682748555 4.65050746201107 1.22451092429368
v 3.64602686097691 4.65053574863376 1.22451092429368
v 3.54388386644188 4.65055272060737 1.22450526696914
v 3.44180875980132 4.65046220341476 1.22451092429368
v 3.33989771557235 4.65009447731979 1.22452223894276
v 3.23820164967584 4.64920062004277 1.22455618288999
v 3.13663004491916 4.64773537298741 1.22460709881083
v 3.03490003507541 4.64619658071305 1.22465235740714
v 2.932774012514 4.64527443681334 1.22468064402983
v 2.83029157850669 4.6452235208925 1.22468630135436
v 2.72769599800862 4.64576096672362 1.22466932938075
v 2.62521922132585 4.6464568176418 1.2246467000826
v 2.52291782170376 4.6470508367183 1.22462407078444
v 2.42076351251966 4.6474525067605 1.22461275613537
v 2.31869972052817 4.6476901143911 1.22460709881083
v 2.21670381643113 4.64779760355733 1.22460144148629
v 2.11480974417578 4.64782023285548 1.22460144148629
v 2.01309670630565 4.64782589018002 1.22460144148629
v 1.91168916396058 4.64794469399532 1.22459578416175
v 1.81067197700863 4.64846516785282 1.22457881218814
v 1.70999988685351 4.64999830280264 1.22453355359184
v 1.60903361582241 4.65211979950442 1.22439212047838
v 1.50794288365146 4.65297971283421 1.22401307973433
v 1.40746879985517 4.65206888358358 1.22201038684785
v 1.30480533146265 4.65209717020627 1.2151537095077
v 1.20341476109119 4.64598725970514 1.20069358798837
v 1.103698758783 4.63874022697186 1.17950690759326
v 9.78530453377988 4.59300641540603 1.30027381450764
v 8.19814779194623 4.5315848428961 1.28012808182754
v 8.10157160475668 4.4971034498365 1.20447833810434
v 6.42711668797592 4.54843801269504 1.19170409929736
v 6.32068544144103 4.54443828424661 1.20826874554486
v 6.2142032789853 4.53798327694867 1.21554406490083
v 6.10873943494643 4.53842454826264 1.21846324436248
v 6.00730360597866 4.54270148561342 1.2200868965049
v 5.90572634389744 4.54696710831514 1.22186329640986
v 5.80344757357351 4.54751021147079 1.22340774600876
v 5.70150824272185 4.54377637727566 1.22423937271586
v 5.59914461252984 4.5427128002625 1.22453921091637
v 5.49759563707132 4.54323893144454 1.22462972810898
v 5.39695183353888 4.54344259512791 1.22463538543352
v 5.29624579943653 4.54269017096435 1.22461275613537
v 5.19522295516005 4.54162093662665 1.2245731548636
v 5.09381541281497 4.54074405132325 1.22454486824091
v 4.99205711634854 4.54021792014121 1.2245278962673
v 4.89006686957604 4.53996334053699 1.22451658161822
v 4.78795781898824 4.53986150869531 1.22451658161822
v 4.68580350980414 4.53982190742354 1.22451092429368
v 4.58363788597097 4.53981059277447 1.22451092429368
v 4.48147791946233 4.53981059277447 1.22451092429368
v 4.37931795295369 4.53981059277447 1.22451092429368
v 4.27716364376959 4.539816250099 1.22451092429368
v 4.17500933458549 4.53982756474808 1.22451092429368
v 4.07285502540139 4.53983887939715 1.22451658161822
v 3.97070637354182 4.53986150869531 1.22451658161822
v 3.86855206435772 4.53989545264254 1.22451658161822
v 3.76638644052455 4.5399350539143 1.22451658161822
v 3.66420384471776 4.53998031251061 1.22451658161822
v 3.56200427693735 4.5400085991333 1.22452223894276
v 3.45980470915695 4.53995202588792 1.22451658161822
v 3.35765039997284 4.53967481698555 1.22450526696914
v 3.25564318122673 4.5390581686109 1.22448829499553
v 3.1538113395413 4.53819259795657 1.2244543510483
v 3.05197949785587 4.53753634831016 1.22443172175015
v 2.94990439121531 4.53758160690646 1.22443172175015
v 2.84747287312884 4.53837363234179 1.22446000837284
v 2.74482637670993 4.53951641189848 1.22450526696914
v 2.64219119494009 4.54055735961349 1.22453921091637
v 2.53970310360824 4.5412871544789 1.22456184021453
v 2.43737341736346 4.54173408311741 1.22457881218814
v 2.33516253493398 4.54196603342347 1.22458446951268
v 2.23301388307442 4.54206220794062 1.22459012683722
v 2.13092180446024 4.54205089329154 1.22459012683722
v 2.02894852966135 4.54197169074801 1.22459012683722
v 1.9272468064403 4.54188683087994 1.22458446951268
v 1.82603727045406 4.54202826399339 1.22459012683722
v 1.72559147328046 4.54296172254217 1.22457881218814
v 1.62599427478757 4.54619205485342 1.22446000837284
v 1.52537310055329 4.54905466106969 1.22375284280558
v 1.42608139758545 4.5473631210328 1.22169357667372
v 1.32961835688666 4.54912254896414 1.21743926862108
v 1.22801280818275 4.54766295923332 1.20511195845261
v 1.12966022108824 4.53599189871126 1.18470033151922
v 9.74660277661488 4.51124110385716 1.27741256604926
v 9.66995168644845 4.46231090392731 1.30102623867121
v 9.58067910523755 4.44214254194906 1.3179472963646
v 9.48858351908216 4.43604394609701 1.32849254930358
v 9.39892058247814 4.43402993856146 1.33127595297632
v 9.30160328577409 4.43041490818162 1.32672180672316
v 9.21007908939704 4.42225704619771 1.30471481427004
v 9.10992747309942 4.41816680055668 1.30120161573189
v 9.00985505934533 4.41872687568595 1.31063237573687
v 8.91009945576538 4.42052024756452 1.32243921204784
v 8.80718140776864 4.42172525769113 1.33132121157262
v 8.7042633597719 4.41976782340096 1.32977676197373
v 8.6009662710311 4.41687127323746 1.32376868331429
v 8.49645851483916 4.41704665029814 1.31497154365757
v 8.38892974734389 4.42920424073047 1.30566524479243
v 8.28613616048698 4.46232787590093 1.29423744922551
v 6.34745590115523 4.45165250449757 1.19314671705457
v 6.24212217558072 4.44131091524196 1.20144601215193
v 6.13572487299306 4.43798440841357 1.20510064380353
v 6.03012525316527 4.43648521741098 1.20722779782985
v 5.92834432740069 4.44081872800715 1.21183286000385
v 5.82355936230638 4.44690600921012 1.21671513108021
v 5.72147859834127 4.44234054830789 1.21772779217253
v 5.61938086240255 4.4390875866985 1.21795408515405
v 5.5178432015931 4.43667190912074 1.21768819090076
v 5.41693916113192 4.43486156526855 1.21745058327016
v 5.31629535759948 4.43314173860898 1.2172186329641
v 5.21560629547075 4.43131442278318 1.21696405335989
v 5.11464002443964 4.42991706362227 1.21676604700105
v 5.01327208336633 4.42914766748509 1.21665855783483
v 4.91155338817167 4.42881388533735 1.21660764191399
v 4.80960274267094 4.42870073884658 1.21659632726491
v 4.70752763603037 4.42866679489936 1.21659066994037
v 4.60539595614442 4.42866679489936 1.21659066994037
v 4.50324730428486 4.42867245222389 1.21659066994037
v 4.40109299510076 4.42867810954843 1.21659066994037
v 4.29893868591666 4.42868942419751 1.21659066994037
v 4.19678437673256 4.42870639617112 1.21659632726491
v 4.09463572487299 4.42873468279381 1.21659632726491
v 3.99249273033797 4.42876862674104 1.21660198458945
v 3.89034407847841 4.42882519998642 1.21661329923852
v 3.78817845464523 4.42890440252996 1.2166246138876
v 3.68599585883844 4.42898926239803 1.21663592853668
v 3.5837623471108 4.4290741222661 1.21664724318575
v 3.48146660481325 4.42908543691517 1.21664724318575
v 3.37911994659486 4.42889874520542 1.2166246138876
v 3.27681288964823 4.42833867007615 1.21654541134407
v 3.17470383906043 4.42750704336905 1.21642660752877
v 3.07279845215601 4.42704314275693 1.21635306230977
v 2.97080820538351 4.42769939240334 1.21644357950238
v 2.86839365927066 4.42951539358007 1.21670381643113
v 2.76554915649291 4.43176700874622 1.21702062660527
v 2.66254059130356 4.43366221246648 1.21728652085856
v 2.55966780190312 4.43489550921578 1.21745058327016
v 2.45703262013329 4.43556873083581 1.21754110046277
v 2.35459544472228 4.43589685565902 1.21758070173454
v 2.2522657584775 4.4360269741234 1.21760333103269
v 2.14995870153087 4.43603263144794 1.21760333103269
v 2.04764032993517 4.43594211425533 1.21759201638361
v 1.94533893031308 4.43577805184372 1.21756938708546
v 1.8432185650762 4.43566490535296 1.21756938708546
v 1.74166393229314 4.43599868750071 1.2174562405947
v 1.64147837204829 4.43770719951121 1.21728086353402
v 1.54400267025718 4.44507869338432 1.21756372976092
v 1.44280444892002 4.4456840271099 1.21438997069506
v 1.34814609474887 4.4370679218384 1.20542876862674
v 1.26089883572261 4.45327049931546 1.19985630395673
v 5.84821963996787 4.35074280671185 1.19651282515473
v 5.74742874599744 4.3425792874034 1.19810819067447
v 5.64609474887136 4.33799119720302 1.19839105690137
v 5.54554146253154 4.33287697582059 1.19737839580905
v 5.44549167807561 4.32856043719804 1.19610549778799
v 5.34520428598907 4.32531879023772 1.1951720392392
v 5.24496215249884 4.32219028976816 1.19422160871681
v 5.14457858589516 4.31978592683948 1.19346918455324
v 5.0437084893812 4.31852434346749 1.19307317183558
v 4.94234054830789 4.31803215623267 1.19291476674851
v 4.84059922381507 4.31789638044376 1.19287516547674
v 4.73862594901619 4.31789072311922 1.19287516547674
v 4.63653952772655 4.31791900974191 1.19288082280128
v 4.5344078478406 4.31794163904006 1.19289213745036
v 4.4322535386565 4.31796426833822 1.1928977947749
v 4.3300992294724 4.31798689763637 1.19290345209943
v 4.22795057761284 4.31801518425906 1.19291476674851
v 4.12580758307781 4.31805478553083 1.19292608139759
v 4.02366458854279 4.31812267342528 1.19294871069574
v 3.92152159400776 4.31821319061789 1.19297699731843
v 3.81936728482366 4.31833765175773 1.19301659859019
v 3.71718468901687 4.3184960568448 1.19306751451104
v 3.61493420531562 4.31867143390548 1.19312408775642
v 3.51258188977269 4.31881286701893 1.19316934635272
v 3.41007682646723 4.31879023772078 1.19316368902818
v 3.3074133580747 4.31835462373135 1.19302225591473
v 3.2047385750331 4.31731367601634 1.19269413109152
v 3.10238625949016 4.31631798689764 1.19236034894378
v 3.00031115284959 4.31679320215884 1.19247915275908
v 2.89793055068397 4.31941254341997 1.19328815016802
v 2.7948144963284 4.32315769226417 1.19447053099648
v 2.6911892827644 4.3264898564171 1.19551147871149
v 2.58761498512124 4.32866226903973 1.19617904300698
v 2.48439144159944 4.32982202057003 1.19653545445288
v 2.38154693882169 4.33035946640115 1.19669385953995
v 2.2789626729727 4.33058010205813 1.1967617474344
v 2.17646326699177 4.33064233262805 1.19678437673256
v 2.07390163044093 4.33061404600536 1.19677306208348
v 1.97111370090857 4.33051221416368 1.19673911813625
v 1.86796370260576 4.33039906767292 1.19672214616264
v 1.76436111833991 4.33054050078637 1.19663162897003
v 1.66058315701339 4.33154750455415 1.19630350414682
v 1.55847410642559 4.33474389291816 1.19486654371415
v 1.46790599789548 4.35181204104955 1.19702198436315
v 6.40292031092656 5.01603285774092 1.06382027811407
v 6.29425442119913 5.02192213258506 1.07291725597131
v 6.18716126769328 5.02912956404657 1.07507269662031
v 6.07949106708455 5.03690838528643 1.07373756802933
v 5.97337097339926 5.04463063328091 1.07300777316392
v 5.87977619624127 5.06297167943336 1.06304522465236
v 5.78438804720472 5.04667292743915 1.08049807085233
v 5.67484527217388 5.05347303153393 1.08075830778108
v 5.56335072017741 5.0675088537129 1.07798621875743
v 5.45205983186431 5.07380545592378 1.07921385818219
v 5.34462158156165 5.07695658569149 1.07995496769668
v 5.23834308278929 5.07622113350154 1.08164085040902
v 5.13342234190607 5.0752933322773 1.08249510641427
v 5.029565178036 5.07477851574433 1.08286283250925
v 4.92643780903135 5.0745805093855 1.08300992294724
v 4.82375736866521 5.07451262149104 1.08306083886808
v 4.72133150790328 5.07448999219289 1.0830778108417
v 4.61905273757934 5.07447867754382 1.08308912549077
v 4.51684185514986 5.07446736289474 1.08309478281531
v 4.41466491666761 5.07445604824566 1.08310044013985
v 4.31249363550989 5.07445039092113 1.08311175478893
v 4.21032801167672 5.07444473359659 1.08311175478893
v 4.10815107319446 5.07445039092113 1.08310609746439
v 4.00596282006314 5.0744617055702 1.08310044013985
v 3.90373496566004 5.07448433486835 1.08308346816623
v 3.8014561953361 5.07454090811373 1.08303820956993
v 3.69912650909132 5.07468799855172 1.08293637772824
v 3.59681945214469 5.07503309534855 1.08267614079949
v 3.49476697480228 5.07572894626673 1.08215566694199
v 3.39352349486881 5.07665109016644 1.08134666953304
v 3.29389235242869 5.07654925832475 1.08082619567554
v 3.19635442006766 5.07274753623516 1.08259693825596
v 3.10080786594404 5.06215136737534 1.08971385252486
v 3.0028230049445 5.05055950939682 1.09757187630826
v 2.90203776829862 5.04496441542866 1.10060420226067
v 2.80173340423847 5.04483429696428 1.09968205836096
v 2.70098211153981 5.04593181792467 1.09835258709451
v 2.60043448252452 5.04787228024123 1.09675156425023
v 2.49975107772032 5.04930358334936 1.09559181271993
v 2.39881309331191 5.05010692343377 1.09492990574897
v 2.29746212421222 5.05039544698521 1.09469795544291
v 2.1957660583157 5.05047464952874 1.09463006754846
v 2.09380975549043 5.05051990812505 1.09459612360123
v 1.99164978898179 5.05060476799312 1.09452257838223
v 1.8892295855444 5.05078580237834 1.09437548794424
v 1.78637942544212 5.0510630112807 1.09414353763818
v 1.68274289722904 5.05134022018307 1.09381541281497
v 1.57766940858329 5.05106866860524 1.09306864597595
v 1.4697672576685 5.04911123431507 1.09143367918444
v 1.3555345605956 5.04071576470056 1.0903870741449
v 1.23995542028264 5.0481212025209 1.07201774136975
v 1.13765967798509 5.03807945146581 1.06378633416685
v 1.04291080662133 5.02935585702809 1.05701451669476
v 7.38503750806169 4.92600785236646 1.05583779319084
v 7.27148368993336 4.93787126192281 1.05734829884251
v 7.16488272366233 4.94351727181181 1.05803849243616
v 7.06066914834636 4.94505040676163 1.05816295357599
v 6.95790384811215 4.94533893031308 1.058089408357
v 6.85662642423145 4.94605741052941 1.05867777010896
v 6.75752141297338 4.94863149319424 1.0607936094862
v 6.66215023591043 4.95692513096706 1.06345820934364
v 6.5662755569636 4.95473574637083 1.07841617542232
v 6.47668050825404 4.94201808080922 1.10234100089386
v 6.39921476335411 4.93601000214978 1.12045575406479
v 6.3187789230717 4.93254771953248 1.12908317398536
v 6.22024530159197 4.93653613333182 1.13424265396409
v 6.11185096344237 4.94714927416526 1.13496679150496
v 5.99807650965705 4.95600298706736 1.13408424887702
v 5.87413018635227 4.96932598635453 1.13065591020694
v 1.26126090449305 4.97059322705106 1.1260282187348
v 1.16383611862278 4.94050757515756 1.1227299985291
v 1.05292992837827 4.94511829465609 1.10067774747966
v 0.937458277231532 4.96702911259207 1.0675088537129
v 0.828877247372173 4.96439845668187 1.04891322795623
v 0.735429560652176 4.94025865287788 1.04496441542866
v 9.68643713015241 4.72578382231475 1.27176655616026
v 9.60900532919971 4.75220352790758 1.23350607030923
v 9.52182595806791 4.76806100858782 1.21255134022018
v 9.42243808058293 4.77728810490943 1.20345436236295
v 9.31868840587909 4.78527058983266 1.19408017560335
v 9.21804460234666 4.78072775822858 1.22662110634639
v 9.12128172344735 4.79725280320431 1.19672214616264
v 9.15759043233274 4.84484787454317 1.08793179529537
v 9.01013792557224 4.80035867437571 1.20364105407271
v 9.06300562338059 4.84238128104457 1.10554870390695
v 8.90164741290549 4.8041603964653 1.20269062355031
v 8.95952184293004 4.8458775076091 1.10927688077754
v 8.79284574738914 4.81098878718277 1.19666557291726
v 8.8537072447698 4.85193650218938 1.10802095473009
v 8.68192824249556 4.82591846663876 1.18286735836888
v 8.74500741109514 4.86387345696473 1.1045020988674
v 8.57720550797117 4.83595456036931 1.17594279313427
v 8.62897568481914 4.89649924757584 1.07973433203969
v 8.47114198753126 4.83596021769385 1.17713083128727
v 8.51782057229495 4.9005046333488 1.08651746416085
v 8.36539527726548 4.83191523064912 1.17597107975696
v 8.41008248379176 4.90108733777622 1.08896708568584
v 8.26262431970672 4.8240232629185 1.16921623425849
v 8.30448286396397 4.90011993528021 1.08768853034023
v 8.16612167773616 4.81505074620111 1.15443930256503
v 8.20000339439472 4.89633518516423 1.08346250891029
v 8.09370226632421 4.86993810886955 1.09070388431903
v 7.99190436858601 4.83532094002104 1.09434154399701
v 7.87777350335479 4.84519297133999 1.07300777316392
v 7.7714610606352 4.84186080718707 1.07129926115342
v 7.66578789558842 4.83597153234292 1.07905545309512
v 7.55821386949684 4.83530396804743 1.08517102092079
v 7.45773978570055 4.8375725551872 1.08951584616603
v 7.36828617010443 4.8253753634831 1.09860150937419
v 7.283612993743 4.84337697016327 1.09565404328985
v 7.18578653783053 4.84712777633202 1.0970287731526
v 7.0849051266675 4.84874011382537 1.09730032473043
v 6.98302802638576 4.84899469342958 1.09747570179111
v 6.88120749934941 4.84950385263801 1.09877122911033
v 6.78039963340537 4.85141037100734 1.10232402892024
v 6.6832860003847 4.85573256695444 1.10972380941605
v 6.59856756542696 4.87149387311753 1.11540376325228
v 6.50607030922936 4.85244566139781 1.13586064878198
v 6.39493216867879 4.84720132155101 1.15494846177346
v 1.06602097735939 4.84821963996787 1.13623968952603
v 0.964336226111947 4.86055826478542 1.11303334427083
v 0.862532671049207 4.86503320849504 1.09509396816058
v 0.763240968081375 4.85267195437933 1.08375103246173
v 0.662240753103043 4.84686188207873 1.06389382333307
v 7.90924519976013 4.73826388024575 1.12164944954232
v 7.80775845487152 4.74083796291058 1.1073533904346
v 7.70402009481676 4.73860897704258 1.10481890904154
v 7.59908238195992 4.73742659621412 1.1065670223238
v 7.49545151107138 4.73734739367058 1.10984827055589
v 7.39636347178692 4.73214265509555 1.11472488430771
v 7.29577058417533 4.73607449564952 1.11658614408074
v 7.20012219821002 4.74463968500017 1.11611658614408
v 7.10162817800206 4.74687432819271 1.11624670460846
v 7.00125026872292 4.74751926319005 1.1164164243446
v 6.89945802830925 4.74805670902117 1.11787035675089
v 6.79625711408561 4.75038752673086 1.12256593611749
v 6.69041988662722 4.75591473280456 1.13276043493511
v 6.57980221993415 4.76691822903113 1.14670573992148
v 0.983661646734026 4.75319921702628 1.13952093775812
v 0.883328996051188 4.76010681028728 1.12104411581675
v 0.783313155542481 4.75542254556975 1.1076362566615
v 0.683829103540354 4.74800579310033 1.08928955318451
v 0.584096129258551 4.74781344406603 1.06529683981851
v 9.75330104886797 4.6727973206911 1.25566015320035
v 7.94073386813908 4.619669385954 1.15503897896607
v 7.83791199465949 4.63102929362646 1.13080865796947
v 7.73340423846754 4.63412385014879 1.11976556047114
v 7.62801393964766 4.63577013158937 1.11795521661896
v 7.52271981534493 4.63723537864473 1.11914891209649
v 7.41917380432446 4.63540806281893 1.12069901901993
v 7.31629535759948 4.6356117265023 1.12187574252385
v 7.21472941016734 4.63982077595863 1.12243581765312
v 7.11522272886706 4.64369604326722 1.1225376494948
v 7.01516728708659 4.64488973874475 1.12257725076657
v 6.9144103370634 4.64534798203234 1.12358425453435
v 6.81307068261278 4.64681888641224 1.12776501736799
v 6.71117661035743 4.65222728867064 1.13847433271857
v 6.60666885416549 4.66037949333001 1.15544630633281
v 6.50305495525056 4.65882372908204 1.17608422624772
v 1.0042939093244 4.64479922155214 1.15518606940406
v 0.903531301976669 4.65518041207952 1.13501205010127
v 0.801484481958792 4.65566694198979 1.11897353503581
v 0.702402099998868 4.6464115590455 1.10244849006008
v 0.604864167637841 4.6448218508503 1.08080922370193
v 9.77775766284609 4.58682861701044 1.20222106561365
v 7.98424435116145 4.50618345572012 1.1614770142904
v 7.87094511263733 4.51735667168283 1.13435014313031
v 7.76214344712099 4.52504497573008 1.12097622792229
v 7.6544053586178 4.53073058689085 1.11795521661896
v 7.54657109559747 4.53592966814134 1.11916588407011
v 7.43988526945837 4.53751937633654 1.12094228397506
v 7.33537185594189 4.53633699550808 1.12186442787477
v 7.23185413154411 4.53792670370328 1.12223781129428
v 7.12953010262387 4.54063090483249 1.12239621638135
v 7.02807730168249 4.54239033276383 1.12244713230219
v 6.92671501793372 4.54291080662133 1.12283183037078
v 6.82569783098177 4.54327287539177 1.12550774487729
v 6.72604971656804 4.54573381156583 1.13415213677148
v 6.62850612688247 4.55552664034125 1.15011710661794
v 6.52653850940813 4.55719555107998 1.17160362521356
v 1.02743802400969 4.53496226564533 1.1612394066598
v 0.929934035595886 4.54937147124382 1.14162546248628
v 0.824707799187608 4.55806112173431 1.12411604304093
v 0.724901279686811 4.54562632239961 1.10684988855071
v 0.626769328249284 4.53614464647379 1.08502958780733
v 9.75124178273611 4.50449757300777 1.15909528065987
v 9.68574693655876 4.45507518584311 1.1891696179043
v 9.60053631436621 4.43040359353255 1.20972833527568
v 9.5063135741845 4.42165736979668 1.22279675495864
v 9.4136239689526 4.41607359047759 1.22327197021984
v 9.33055181543545 4.41491383894729 1.23404351614035
v 9.24724771161222 4.39957117480001 1.20381077380885
v 9.15033774227492 4.39083626571322 1.19677306208348
v 9.04652017967663 4.38935404668424 1.20410495468483
v 8.94430929724715 4.39078534979238 1.21324153381383
v 8.84574738914472 4.3949491406524 1.22772428463131
v 8.74335547233003 4.39298604903769 1.23006641699008
v 8.64597594505606 4.38284246614091 1.21973614238354
v 8.54553014788246 4.37524467928627 1.21370543442595
v 8.44142406173273 4.37314581188264 1.2091965467691
v 8.33271857073353 4.38382684061054 1.20523641959245
v 8.21825958067911 4.41345424921646 1.19922268360847
v 8.12518527737862 4.39244860320657 1.14959663276043
v 8.02009481675926 4.39556578902705 1.12348242269266
v 7.90456659236714 4.4095224086625 1.10936174064561
v 7.79381314988516 4.41590387074145 1.09990835134248
v 7.68307667937679 4.42296986908951 1.10029304941107
v 7.57311526233014 4.4329663615483 1.10721761464568
v 7.46249193831253 4.43946662744255 1.11335015444496
v 7.35654156436338 4.43676808363789 1.11480408685125
v 7.25185277378622 4.4367397970152 1.11548296579582
v 7.14794469399532 4.43840870775393 1.11574886004911
v 7.04463629060545 4.44000973059821 1.11595252373248
v 6.94147497765357 4.44086398660346 1.11608264219685
v 6.83827972075446 4.44101673436598 1.11737816951607
v 6.73605186635137 4.44094884647153 1.12243581765312
v 6.63851959131487 4.44441678641337 1.13491587558412
v 6.55136284948122 4.46228827462916 1.15554248084996
v 6.45583326733121 4.44135617383827 1.17126418574128
v 1.17113972460144 4.43255337685702 1.18077414828979
v 1.06486122582908 4.43173872212353 1.15876149851212
v 0.950362634502891 4.43143888392301 1.13610391373712
v 0.859653092859325 4.46652561070818 1.12365779975334
v 0.761345764361119 4.4482241658275 1.10451907084102
v 7.48835722610063 4.34529480318168 1.09160905624512
v 7.38225410438895 4.33787805071226 1.09377015421867
v 7.27718627306774 4.33640714633236 1.09511659745873
v 7.17245222389428 4.33736889150383 1.09612925855105
v 7.06809721546486 4.33877190798927 1.09661578846132
v 6.96367431914099 4.33989771557235 1.09692694131092
v 6.8584311107591 4.34063882508684 1.09747004446657
v 6.75156990755932 4.34078591552483 1.10019121756939
v 6.64282481528835 4.33995994614227 1.10891481200711
v 6.53637659677985 4.35275681424741 1.12975639560539
v 6.43483327864586 4.33412724454351 1.14603817562598
v 6.3617293309648 4.36380556907028 1.17039861508695
v 6.27066337787533 4.34591145155633 1.17373643656442
v 6.16818660119256 4.3413007320578 1.17785496882814
v 6.06294339281067 4.33843246851699 1.18063837250088
v 5.95469048777452 4.33242438985755 1.18393093538204
v 1.37219538136025 4.33147961665969 1.18158314569874
v 1.25760061551691 4.34166845815277 1.170777655831
v 1.13019200959482 4.33117977845917 1.14788812074993
v 1.01109401341917 4.3355811769498 1.12817800205927
v 0.909369660899968 4.32688586913477 1.10388545049275
v 0.831983118543579 4.36849549111234 1.10109073217094
v 6.44783381043437 4.2552811124563 1.10718367069845
v 6.33154750455415 4.26172480510517 1.12919632047612
v 6.21521028275308 4.25120783878888 1.1347348411989
v 6.10829250630792 4.24568629003971 1.13739944105634
v 6.00875188106041 4.2409001934805 1.13991129315124
v 5.92183274685736 4.22342471798237 1.13664135956823
v 5.86171801631572 4.26404430816578 1.16439619375205
v 5.77781423609147 4.24706101990247 1.15885201570473
v 5.68092689605232 4.24294814496328 1.16020411626933
v 5.58268745544857 4.23571242687908 1.15795250110318
v 5.48529095620099 4.22861814190833 1.15455244905579
v 5.38599359590862 4.22407531030425 1.15272513322999
v 5.28625496430228 4.21930618571865 1.15064889512452
v 5.18660119256401 4.21525554134938 1.1486858035098
v 5.08631380047748 4.21313970197214 1.14767314241749
v 4.98532490014822 4.21234201921227 1.14729410167344
v 4.88377026736516 4.21218361412521 1.1472148991299
v 4.78187619510981 4.21222321539697 1.14723752842806
v 4.67980674579378 4.21229676061597 1.14727712969982
v 4.57766375125876 4.21235333386135 1.14731107364705
v 4.47549812742558 4.21239859245765 1.1473337029452
v 4.37333816091694 4.21244385105396 1.14735633224336
v 4.27118385173284 4.21248910965026 1.14737896154151
v 4.16904085719781 4.21255699754472 1.14741856281327
v 4.06690351998733 4.21265317206187 1.14746947873412
v 3.96477184010138 4.21278329052624 1.14754302395311
v 3.86263450289089 4.21297563956054 1.1476448557948
v 3.76046887905772 4.21321890451568 1.14777497425917
v 3.65822971000554 4.21351308539166 1.14793337934624
v 3.55585476516446 4.21380726626764 1.14809178443331
v 3.45325918466639 4.21401658727555 1.14820493092407
v 3.35030719272242 4.21390909810932 1.14814835767869
v 3.24694221608717 4.21303221280592 1.14768445706656
v 3.14339054774216 4.21119358233104 1.14662088005341
v 3.04044987044727 4.21032235435218 1.14580056799538
v 2.93782034600197 4.21276631855263 1.14667745329879
v 2.8343931387968 4.21801065839943 1.14928547991084
v 2.72988538260486 4.22333420078976 1.15211414217988
v 2.62523053597493 4.22690397257329 1.15403763252283
v 2.52106787657981 4.2288218055917 1.1550729229133
v 2.41755015218203 4.22969303357056 1.15554248084996
v 2.31455855896629 4.23003813036739 1.15572917255971
v 2.21184417465292 4.23016824883176 1.15579706045417
v 2.10916939161132 4.23021350742807 1.15581968975232
v 2.00627397291273 4.23022482207714 1.15582534707686
v 1.90280716443579 4.23027573799799 1.15585363369955
v 1.79823717767393 4.23055294690035 1.155995066813
v 1.6915174075876 4.23179190097419 1.15590454962039
v 1.58040189633519 4.23561625236193 1.15492583247531
v 1.45943132573743 4.24654054604496 1.15327955103472
v 1.32820968307668 4.22928004887928 1.13111415349453
v 1.21578732985596 4.24096242405042 1.12502687229156
v 1.13116506941537 4.23841662800828 1.11449859132619
v 6.46260508480329 5.07996628234575 0.985177809710232
v 6.36390740091196 5.08848055577556 0.992062773673074
v 6.26117038730044 5.09546735158009 0.996684807820685
v 6.15365293445424 5.10477930776977 0.994897093266652
v 6.04680304590353 5.11306728821806 0.99319423858069
v 5.94025299555334 5.12349373734174 0.989647096095315
v 5.83140607144069 5.1296093051674 0.991316006834048
v 5.73002115839377 5.1274255778957 1.00432219594709
v 5.61692558355303 5.14612869281859 0.995389280501465
v 5.49779930075469 5.1554745929555 1.00101266109232
v 5.38918998427264 5.16559554655412 1.00128986999468
v 5.28105022572725 5.16580486756203 1.00610425317659
v 5.17482830020027 5.165131645942 1.00820312058022
v 5.07016213892126 5.16460551475996 1.00885371290209
v 4.96653692535726 5.16439053642751 1.00902908996277
v 4.8635566467906 5.16433962050667 1.00906869123454
v 4.76096672361707 5.16433962050667 1.00907434855908
v 4.65859177877598 5.16434527783121 1.00906869123454
v 4.55634695239927 5.16433962050667 1.00907434855908
v 4.45414738461887 5.16431699120852 1.00909697785723
v 4.35197044613661 5.16428870458583 1.00911394983085
v 4.24979350765436 5.16427738993675 1.00913092180446
v 4.14761091184757 5.16427738993675 1.00912526447992
v 4.0454170013917 5.16429436191036 1.00911394983085
v 3.94318348966407 5.16431133388398 1.00909697785723
v 3.84086511806836 5.16434527783121 1.00906869123454
v 3.73841662800828 5.16443579502382 1.00899514601555
v 3.63578144623845 5.16466774532988 1.00879713965671
v 3.53298785938154 5.16531268032722 1.00824837917652
v 3.43041490818162 5.16667043821636 1.00700376777814
v 3.32907525373101 5.16809042667542 1.00459374752492
v 3.23051900295312 5.16659689299736 1.00276643169912
v 3.13543634944162 5.15774318009527 1.00616082642197
v 3.0451793937611 5.13859879385841 1.02076238105475
v 2.94833731231826 5.12558694742083 1.02970661114946
v 2.85227594166167 5.12388409273486 1.02742670936061
v 2.75340288070965 5.12297326348423 1.02544664577228
v 2.65455244905579 5.12464217422297 1.02174109819984
v 2.55507971170274 5.12628845566355 1.01921793145586
v 2.45520530430749 5.12747083649201 1.01771874045326
v 2.35451058485421 5.12783290526244 1.01727746913929
v 2.2531426437809 5.12786119188513 1.01724352519207
v 2.15131645942001 5.12780461863975 1.01731141308652
v 2.04917912220952 5.12777067469252 1.01735101435829
v 1.94675891877213 5.12778764666614 1.01733404238468
v 1.84395401726615 5.12784421991152 1.01726615449022
v 1.74048155146468 5.12789513583236 1.01720958124484
v 1.63586630610652 5.12771975877168 1.01719826659576
v 1.52937282900171 5.12662223781129 1.01706249080685
v 1.42018080809224 5.12316561251853 1.01666082076464
v 1.3105927744651 5.12253199217026 1.00967402496012
v 1.1963600773922 5.12393500865571 0.994693429583281
v 1.08235933062536 5.11573754540003 0.988549575134927
v 0.973546350459941 5.12275262782725 0.964884986592141
v 7.66066801688146 4.99322252520338 0.986693972686437
v 7.56049942861022 5.00216675529808 0.993839173578031
v 7.45337798848169 5.01775268440049 0.986190470802548
v 7.34190606578337 5.01317025152465 0.998455550401104
v 7.23673640262047 5.02428689424197 0.995858838438126
v 7.13237573686652 5.0276190583949 0.995304420633394
v 7.02881841119698 5.02852988764553 0.994919722564805
v 6.92593430714746 5.02886366979328 0.99458028309252
v 6.8235480476573 5.02977449904391 0.994529367171677
v 6.72121270408798 5.03321415236306 0.995100756950023
v 6.6164616829409 5.03712902094342 1.00186691709757
v 6.51679659655356 5.0277378622102 1.02974055509668
v 0.972030187483735 5.05769905296387 1.02191081793598
v 0.871092203075322 5.0633337482038 0.990054423462056
v 0.750223464319254 5.03744017379301 0.984431042871205
v 0.638694968375556 5.03430035867438 0.96497550378475
v 0.53826614317557 5.02111313517611 0.951228205157217
v 8.64486145212206 4.98307328498207 0.973206910987656
v 8.548952829228 4.9728278702436 0.998342403910343
v 8.4443319265453 4.97476267523563 1.00436179721886
v 8.33903780224256 4.97594505606409 1.00519908125049
v 8.23374367793983 4.97605820255485 1.00374514884421
v 8.12786684920967 4.96715357373191 1.00731492062774
v 8.02548058971951 4.9487898982813 1.01468641450085
v 7.92473495434539 4.93946097011801 1.01377558525022
v 7.81902784535138 4.94166166936332 1.01063577013159
v 7.7202057003202 4.92953802287822 1.02628392980392
v 7.61006890621287 4.92092757493126 1.04479469569251
v 7.49872710197893 4.92862153630305 1.04511150586665
v 0.648810264649642 4.94813364863489 1.02038899763524
v 0.549320555322977 4.94193887826569 0.99917403061744
v 0.444167864133694 4.9565291182494 0.961071949853475
v 0.348366730405857 4.92995666489404 0.945412475532071
v 9.69578303028931 4.73272535952297 1.16888245211075
v 9.61184530611783 4.77894004367455 1.11639945237098
v 9.65273644787907 4.80645161290323 1.01627046537152
v 9.50346793994184 4.80174471888754 1.10690646179609
v 9.56533078376574 4.83442708274403 1.00986637399441
v 9.39896584107444 4.8198481574094 1.09502608026612
v 9.46433056878741 4.85689797580928 1.00617779839558
v 9.3089295210509 4.83783279211595 1.07841617542232
v 9.35498014279087 4.89241465925934 0.984725223747185
v 9.22923479028298 4.81602946334619 1.12958101854471
v 9.23502789060997 4.88969348615653 1.01170500446929
v 0.566320815559906 4.84872314185176 1.03789275975606
v 0.465744899921929 4.85529129564047 1.01001912175694
v 0.369355404442131 4.84768785146129 0.985805772733959
v 0.27144408866159 4.84113666964619 0.946379878028083
v 0.484662993177267 4.75378192145371 1.03823785655288
v 0.38603319718039 4.75283714825585 1.01323813941911
v 0.289785134814044 4.74792659055679 0.98064629275523
v 0.203375159819418 4.74643871420328 0.925300686799199
v 9.76322399610776 4.67178465959878 1.1387458842964
v 0.505068962786119 4.65192745047012 1.05448003530171
v 0.404125321053168 4.65559905409534 1.02882972584605
v 0.306819338998201 4.65099399192134 0.999134429345674
v 0.216268202441702 4.64789943539901 0.952008915943472
v 9.7863171948722 4.58393772417148 1.09878820108394
v 0.532094002104525 4.54782136432039 1.06210610877904
v 0.428836514635499 4.55974700444666 1.03745714576662
v 0.330789423066044 4.5531279347371 1.0087066224641
v 0.238699494235186 4.54915649291137 0.966423778866498
v 9.77144408866159 4.50198572091287 1.05629603647843
v 9.71191206254738 4.44210859800183 1.07185367895815
v 9.63051447709349 4.40979396024032 1.09641212477795
v 9.53709507699619 4.39845102454147 1.12087439608061
v 9.43355472330026 4.38889014607212 1.12587547097227
v 9.32733279777328 4.37561240538125 1.12274131317817
v 0.662512304680871 4.43215736413935 1.08099591541168
v 0.554711985607767 4.42899491972256 1.05526074608796
v 0.46541677509872 4.46804743100893 1.03907514058451
v 0.369440264310202 4.45781333091954 1.01192564012627
v 9.20998857220443 4.34781231260112 1.09302904470418
v 9.09272920650366 4.34554938278589 1.1027483282606
v 8.98387096774194 4.34537966304975 1.11052149217592
v 8.88048901913307 4.34653941458006 1.12045009674025
v 8.79065636279291 4.35499145743995 1.14133693893484
v 8.70373157126532 4.33706339597877 1.12351636663989
v 8.60466616127901 4.32332175467578 1.11773458096197
v 8.50368857559883 4.31270861384234 1.11410257860852
v 8.40091196071554 4.31100575915638 1.11322569330512
v 8.2975186974576 4.31947477398988 1.11332186782227
v 8.20233421210441 4.3191805931139 1.09774725336894
v 8.10448512689379 4.30893517837544 1.07435421640398
v 8.01683619782533 4.29566309500911 1.05457055249431
v 7.92790871341125 4.31114719226983 1.05759722112219
v 7.82462293931954 4.31027030696643 1.05114787114878
v 7.71973614238354 4.31827542118781 1.05864948348627
v 7.60173000984375 4.32794378882339 1.07495389280501
v 0.730909358346251 4.33429696427965 1.07002636313235
v 0.620189859811498 4.32570914563085 1.04502098867404
v 0.515840508706623 4.32804562066508 1.02211448161935
v 0.438578427490072 4.37398309591428 1.01374729862753
v 7.65742636992114 4.23761328792387 1.01769045383057
v 7.56124053812471 4.23258392640952 1.03118883017843
v 7.49506681300279 4.26180966497324 1.05747275998235
v 7.40776863805569 4.24378542899492 1.05010692343377
v 7.30752650456546 4.24106991321664 1.05247168509069
v 7.2031941254342 4.24169787624037 1.05532863398242
v 7.09841481766443 4.24280105452529 1.05678822371324
v 6.9937599710345 4.24398909267829 1.05751801857865
v 6.88873174098505 4.24516581618221 1.05819689752322
v 6.78228917980109 4.24615019065184 1.06005249997171
v 6.67275206209479 4.24607664543284 1.06537038503751
v 6.55728041094805 4.24046457949107 1.07571197429312
v 1.04631085866872 4.24394383408199 1.10178092576459
v 0.939800409590297 4.24079270431428 1.0775958633643
v 0.82258064516129 4.25202249352236 1.05532863398242
v 0.709920684309976 4.2268756859506 1.01997601294396
v 0.621191206254738 4.23806021656238 1.01242914201016
v 6.45646688767948 4.17738541089148 1.05438386078456
v 6.35842545343456 4.17506025050633 1.06877609440943
v 6.25422885009221 4.17173374367794 1.07951369638271
v 6.14734501759428 4.16321381292359 1.08033400844073
v 6.04469286385083 4.15614215725099 1.07874995757007
v 5.94301942725246 4.14925153596361 1.07932134734841
v 5.83559249159887 4.16341747660696 1.09756056165918
v 5.73266878627759 4.16056618503977 1.10265215374345
v 5.63090483248662 4.15159366832238 1.10067774747966
v 5.53757594958192 4.13946436451273 1.09296681413426
v 5.43988526945837 4.13432751383216 1.09160905624512
v 5.33998823276496 4.12795736640228 1.08906891752752
v 5.24107557054118 4.12097057059775 1.08534639798147
v 5.14123510709315 4.11714621921001 1.08350776750659
v 5.04045552777181 4.11561308426019 1.08287980448286
v 4.93887260836605 4.11535284733144 1.08278362996572
v 4.83686538961994 4.11543204987497 1.08285151786017
v 4.73467713648861 4.11556216833935 1.08294769237732
v 4.63244928208552 4.11566965750557 1.08302689492085
v 4.53022708500696 4.1157488600491 1.08308912549077
v 4.42803317455109 4.11581674794356 1.08313438408708
v 4.32586755071791 4.11589029316256 1.08319095733246
v 4.22372455618289 4.1159864676797 1.08326450255145
v 4.12159853362148 4.11612224346862 1.0833606770686
v 4.01948948303368 4.11630893517838 1.08350211018205
v 3.91738608977043 4.11656917210713 1.08368880189181
v 3.81526572453355 4.11691426890395 1.08394338149602
v 3.71308312872676 4.11734422556884 1.08426019167016
v 3.61075344248198 4.11781944083004 1.08461094579152
v 3.50815786198391 4.11826071214401 1.08493907061472
v 3.40511535284733 4.11856620766907 1.08515970627171
v 3.30130344757357 4.11829465609124 1.08497301456195
v 3.1964788812075 4.11673889184327 1.0836718299182
v 3.09101503716862 4.11381405505708 1.08035098041434
v 2.9869259229925 4.11443070343173 1.07848406331678
v 2.8828707527636 4.12095359862414 1.08127878163859
v 2.77695998008622 4.12931512429142 1.08656838008169
v 2.67076634118193 4.13487627431235 1.09063033910003
v 2.56528552516944 4.13781242574762 1.0930177300551
v 2.4608230275738 4.13912492504045 1.09410959369095
v 2.3572430726061 4.1396227695998 1.09452257838223
v 2.25423450741675 4.13980380398502 1.09466966882022
v 2.15149183648069 4.13987734920401 1.09473189939014
v 2.0487152215974 4.13995089442301 1.09478847263552
v 1.94563311118906 4.14008667021192 1.09490161912628
v 1.84188343648522 4.14042610968421 1.09519580000226
v 1.73703058349645 4.14142745612745 1.09566535793892
v 1.63055407836526 4.1439902241432 1.09616885982281
v 1.52258403955601 4.14978898179473 1.09573890315792
v 1.41830257634559 4.14885552324595 1.09017209581245
v 1.32570914563085 4.12988651406977 1.07098245097928
v 1.23221620031455 4.14643984566819 1.07091456308483
v 1.12435365067152 4.15738111132483 1.06307916859959
v 1.00605899458028 4.16291397472307 1.04633914529141
v 5.63447460427015 5.22716986682658 0.894349464251366
v 5.54123058123352 5.22051119584526 0.923609146762313
v 5.42732600898383 5.25086839931659 0.913137439042328
v 5.31851868614295 5.25170002602369 0.925436462588113
v 5.21208178228352 5.25188106040891 0.930352677611704
v 5.10729115986468 5.25172265532184 0.931874497912447
v 5.00353017051176 5.25155859291024 0.932146049490275
v 4.90040845883165 5.2515529355857 0.932151706814813
v 4.79769407451828 5.25160385150655 0.932112105543047
v 4.69525124178274 5.25165476742739 0.932066846946742
v 4.59296681413426 5.251671739401 0.932055532297666
v 4.49076158902932 5.25163213812924 0.932083818920356
v 4.38857333589799 5.25156425023478 0.932146049490275
v 4.28637376811758 5.25151333431394 0.93219130808658
v 4.18416854301264 5.2515076769894 0.93219130808658
v 4.08197463255677 5.25154162093663 0.932163021463889
v 3.97975809280275 5.25157556488386 0.932134734841199
v 3.8774623505052 5.25159819418201 0.932117762867585
v 3.77500254579604 5.25165476742739 0.932066846946742
v 3.67228250415813 5.25175094194454 0.931987644403209
v 3.56904764598726 5.25206775211867 0.931710435500843
v 3.46510562224913 5.25328407689435 0.930737375680293
v 3.36092033355586 5.25547346149059 0.927637161833426
v 3.25809280275172 5.2567972754325 0.921334902298005
v 3.15962141184191 5.24949932677838 0.917205055385207
v 3.06626424231452 5.22960817370249 0.924751926319005
v 2.98800081465473 5.19875312567181 0.951528043357735
v 2.90328803702153 5.1964788812075 0.945067378735249
v 2.80736809947839 5.18919790452699 0.944428101062446
v 2.71144816193526 5.18863782939772 0.937039635215714
v 2.6131182041389 5.18843416571435 0.931597289010081
v 2.51469772914993 5.18906778606262 0.927603217886197
v 2.41471583258845 5.18919224720245 0.926590556793881
v 2.31359681379482 5.18914133128161 0.926613186092033
v 2.21178760140754 5.18899989816816 0.926873423020785
v 2.10959934827621 5.18887543702832 0.927105373326846
v 2.0071904594879 5.18880189180933 0.92724114911576
v 1.90453830574445 5.18875663321302 0.927326008983831
v 1.80150145393241 5.18870005996764 0.927433498150055
v 1.6978309817721 5.18856994150326 0.927705049727883
v 1.59318179246671 5.18814564216291 0.92821420893631
v 1.48724839049117 5.18704812120252 0.928785598714656
v 1.38031929939693 5.18618820787273 0.92668107398649
v 1.27005804414976 5.18577522318145 0.918890938097555
v 1.15316074721942 5.18686142949276 0.900866702119234
v 7.47701429040178 5.10090404046118 0.883696722146163
v 7.39377807447302 5.07717156402394 0.924078704698974
v 7.3034023149772 5.08734343354341 0.913561738382684
v 7.20246998789333 5.09037575949582 0.912232267116235
v 7.09927473099422 5.09149590975436 0.911621276066123
v 6.99560425883391 5.09176746133219 0.911219606023919
v 6.89152080198233 5.09187495049841 0.911044228963239
v 6.78609655921522 5.0924972561976 0.911400640409138
v 6.67694413957751 5.09421142553264 0.914761091184757
v 6.56204387820912 5.09834692976997 0.92526674285197
v 0.91112908883131 5.15563299804257 0.902230117332911
v 0.803911474185628 5.12929249499327 0.906529683981851
v 0.696331790769509 5.1155395390412 0.898988470372591
v 0.583705773865424 5.09979520485172 0.892171394304206
v 8.68163406161958 5.06621898371822 0.88891843269481
v 8.57616456025616 5.05853067967097 0.909652527126871
v 8.47478530453378 5.05509668367636 0.922766205406139
v 8.37100168588271 5.05631866577658 0.925775902060398
v 8.2662450074111 5.05780088480556 0.924865072809767
v 8.16091693916113 5.05647141353911 0.92350165759609
v 8.05882486054695 5.04693882169244 0.926929996266166
v 7.95805659587468 5.0342154988063 0.932576006155169
v 7.85410891481201 5.02804335773526 0.934703160181487
v 7.74771161222435 5.02609723809416 0.940434029938561
v 0.473687783573393 5.05880788857334 0.896420045032303
v 0.369021622294384 5.01793937611025 0.889189984272638
v 0.280099795204852 5.01068668605243 0.841826863239837
v 9.37766601418857 4.97351806383725 0.876851359455086
v 9.27488939930528 4.96331790769509 0.916639322931399
v 9.12089702537876 4.90042543080526 1.00869530781503
v 9.16943686991548 4.96802480171077 0.927269435738451
v 9.01457892533463 4.90031794163904 1.0186748283002
v 9.06414840293728 4.96743643995881 0.935133116846381
v 8.90922822778652 4.90600355279981 1.0201004740838
v 8.95674409658185 4.9693655876263 0.940960161120603
v 8.80888991977914 4.91605096117944 1.01937067921838
v 8.85395050972494 4.98557947975244 0.937362102714384
v 8.71147644855795 4.9255382944298 1.0238003643317
v 8.7510777203245 4.99366945384189 0.943641732951653
v 0.268960523189373 4.93294938957468 0.897257329063939
v 0.199607381677058 4.93449949649812 0.820634525520191
v 9.72326065557077 4.74601441486292 1.06001289869995
v 9.71950984940202 4.80434708817506 0.95275002545796
v 0.193429583281475 4.84328645297066 0.875499258890486
v 9.78706396171123 4.73037756983967 0.963233047827022
v 0.142061076475713 4.74483203403446 0.848434618300313
v 9.79014720358448 4.66141478372048 1.03337821477467
v 0.146354985800116 4.6459816023806 0.879046401375861
v 9.80603297088741 4.56469150609294 0.993595908622894
v 0.159423405483079 4.54830223690612 0.89843405256786
v 9.77215691155339 4.46028558174268 0.965066020977359
v 0.276728029780157 4.44832599766918 0.972652493182924
v 9.68016315723968 4.3863613220036 0.981308199726185
v 9.57550265328521 4.36201785451624 1.01241217003655
v 9.48535884409545 4.35802378339236 1.0377060680463
v 9.39667462463652 4.33528133874928 1.02373247643724
v 9.30406422194816 4.31392493861803 1.01368506805761
v 9.22020004299567 4.28532716307804 0.989822473155995
v 9.12868716126769 4.28848960749482 1.00773356264355
v 9.02419071972483 4.28683201140517 1.01574433418948
v 8.91396340842489 4.28813319604892 1.02619906993585
v 8.79580452812256 4.29083739717813 1.04401398490626
v 0.34149308109209 4.35564770708636 0.973059820549666
v 0.24051549541191 4.35205530600468 0.920899288308573
v 8.6801065839943 4.26801009266698 1.03344610266913
v 8.57454090811373 4.24803407972302 1.02632353107568
v 8.47357463708263 4.23653839626164 1.02397008406784
v 8.37195777372965 4.23654971091072 1.02548624704405
v 8.27337323632907 4.23666851472602 1.02176372749799
v 8.17560901098652 4.23090370102171 1.01029067333477
v 8.07734694108462 4.22004729523314 0.995310077957932
v 7.97305982054967 4.21706022787703 0.988459057942318
v 7.87000599676401 4.21794277050497 0.986925922992498
v 7.75988617463029 4.2084837238773 0.982269944897659
v 0.531528269650717 4.24087756418235 0.988826784037293
v 0.426709360609181 4.26407825211301 0.965286656634344
v 0.328730156934183 4.26626197938471 0.928553648408595
v 7.65781672531426 4.15213111415349 0.943449383917358
v 7.5700489924305 4.16680621400527 0.972313053710639
v 7.46489630124122 4.16927846482841 0.982168113055974
v 7.35210056460099 4.16096219775744 0.981851302881841
v 7.24145461128523 4.15995519398966 0.989590522849934
v 7.13387492786911 4.16017582964664 0.992832169810253
v 7.02831490931309 4.16093391113475 0.994150326427626
v 6.92383543974384 4.16191828560437 0.99514035822179
v 6.81975198289225 4.16302712121384 0.996707437118838
v 6.71563458209344 4.16347970717688 1.00031115284959
v 6.61161901313631 4.16089996718752 1.00760344417918
v 6.51112230004186 4.13728629456557 1.00135775788914
v 0.890983356151209 4.1592480284224 1.01566513164594
v 0.796240142111992 4.14498025593736 0.983927540987316
v 0.701462984125547 4.13419739536778 0.958169742365441
v 0.602312714271167 4.16191262827983 0.956681866011926
v 6.39263529491633 4.10296330659305 0.987802808295901
v 6.28944569534176 4.10117559203901 1.0058836175196
v 6.18462112897569 4.09519014267773 1.01043776377276
v 6.08506353175456 4.08466186171236 1.00290786481257
v 5.98276778945701 4.08121655106867 1.00413550423734
v 5.87630825629943 4.08553874701576 1.01597628449554
v 5.77453864518392 4.08486552539573 1.02489788529209
v 5.68424774555617 4.08728686029803 1.0373043980041
v 5.5996877156855 4.06241160430409 1.01479956099162
v 5.50629094488634 4.05692965682669 1.01608377366176
v 5.40447041784999 4.04972788268972 1.01804686527647
v 5.30656475939399 4.03706113304896 1.01180683631097
v 5.20655457620982 4.02954820606239 1.00923275364615
v 5.10545818671434 4.02613118204139 1.0083784976409
v 5.00321901766217 4.0253448139306 1.00855387470158
v 4.90061777983956 4.02540704450051 1.0086613638678
v 4.79800522736787 4.0255824215612 1.00880845430579
v 4.69550582138695 4.02573516932372 1.0089442300947
v 4.59311956189679 4.02585397313902 1.00904606193639
v 4.49084644889739 4.02595580498071 1.00912526447992
v 4.38865819576606 4.02606329414693 1.00921578167253
v 4.28652085855557 4.02619906993585 1.00934024281237
v 4.18442312261685 4.02639141897014 1.00949864789944
v 4.0823649879499 4.02665165589889 1.00971928355642
v 3.98033513990564 4.02700241002025 1.01001912175694
v 3.87832226383499 4.02747196795691 1.0104151344746
v 3.77628110114165 4.02807164435795 1.01092995100757
v 3.67412113463301 4.02877880992521 1.01152962740861
v 3.57168961654654 4.02950294746608 1.01214061845872
v 3.46879985517249 4.03014222513889 1.01268372161437
v 3.36510675371403 4.03060612575101 1.01308539165658
v 3.2598578880076 4.03018748373519 1.01255926047454
v 3.1523404351614 4.02807730168249 1.0090177753137
v 3.04288251999864 4.02432649551374 0.999100485398445
v 2.93698306197033 4.03132460596735 0.996300109752096
v 2.82816442448037 4.04612416695896 1.00362634502891
v 2.71970219843632 4.05537389257872 1.00995123386248
v 2.61258641563232 4.05988843756011 1.01419988459058
v 2.50700376777814 4.06168180943868 1.01641189848497
v 2.40271664724319 4.06235503105871 1.01722655321845
v 2.29932904130978 4.06256435206662 1.01748113282267
v 2.19645625190935 4.06264355461015 1.01757165001527
v 2.09379278351682 4.06270578518007 1.01765085255881
v 1.99108971385253 4.06282458899537 1.0177979429968
v 1.88814903655763 4.06308482592412 1.01810909584639
v 1.78481800386961 4.06364490105339 1.01874271619466
v 1.68107964381485 4.06499134429346 1.01959697219991
v 1.57740917165454 4.067152442267 1.02046254285423
v 1.47570744843349 4.06725993143323 1.01831275952976
v 1.37703805116484 4.06018261843609 1.00772224799448
v 1.27192496124733 4.06101990246772 0.999620959255949
v 1.16627442549869 4.06849888550707 0.992249465382831
v 1.05879657392426 4.08866159016078 0.997278826897184
v 0.956251909347032 4.09431325737432 0.980584062185311
v 5.43651916135821 5.35545535805207 0.814801823921431
v 5.34785757119743 5.34016360982564 0.844683812131567
v 5.24732691415576 5.34076328622668 0.854397438363449
v 5.14505380115636 5.34100655118181 0.857610798701078
v 5.04241296206198 5.3409895792082 0.858363222864643
v 4.9397268643713 5.3409895792082 0.858425453434562
v 4.83713128387323 5.34109706837442 0.858351908215567
v 4.7347054231113 5.34125547346149 0.858233104400267
v 4.63244928208552 5.34135730530318 0.858159559181272
v 4.5302780009278 5.34133467600502 0.858176531154886
v 4.42810671977009 5.3411819282425 0.858289677645648
v 4.32587886536699 5.34100655118181 0.858419796110024
v 4.22358878039398 5.34094997793643 0.85845939738179
v 4.12133263936819 5.34102918047997 0.858402824136409
v 4.01913307158778 5.34114798429527 0.858317964268338
v 3.91689955986015 5.34119890021611 0.858272705672034
v 3.8145302723436 5.34123284416334 0.858250076373881
v 3.71191206254738 5.34132336135595 0.858182188479424
v 3.60892046933164 5.34128941740872 0.8581935031285
v 3.50479175388375 5.34165714350369 0.858086013962277
v 3.39877349204014 5.34358629117118 0.856009775856802
v 3.29108066213326 5.34652809993098 0.848496848870232
v 3.18315022459578 5.3442877994139 0.831881286701893
v 3.07949106708455 5.31867709123002 0.829086568380082
v 6.45070207397518 5.12526447992215 0.902609158076962
v 6.34143650784671 5.13977551736233 0.899899299623222
v 6.23519761034612 5.14893472578948 0.908424887702108
v 6.12008802796981 5.16478089182064 0.899441056335638
v 6.14818795895045 5.2051855036716 0.79265339835485
v 6.00321336033763 5.17216935766737 0.903842454826263
v 6.05592831038345 5.20927574931263 0.809133184734275
v 5.89140765549157 5.18268066665912 0.901324945406818
v 5.94970638485647 5.21961733856824 0.808601396227696
v 5.7866000610991 5.19625258822598 0.901579525011032
v 5.83858521627952 5.23987621773911 0.805529469003519
v 5.70100474083796 5.19420463674319 0.923049071633043
v 5.72189158303255 5.27077086704156 0.809365135040337
v 1.03390434595671 5.17589187721343 0.900114277955669
v 1.07724510924294 5.22259874859981 0.810236363019201
v 0.97077991876082 5.2123307045632 0.813042395990088
v 0.860999536099388 5.19828356773515 0.813732589583734
v 0.748073680994784 5.1877439721207 0.80517305755762
v 9.0048426698046 5.1339767597108 0.810875640692004
v 8.89076272049422 5.15014539324063 0.808482592412396
v 8.79750172548398 5.17153007999457 0.801835236080153
v 8.70773129971374 5.15549156492911 0.819938674602007
v 8.60825856236069 5.14925719328815 0.834359194849572
v 8.507948540976 5.14478224957853 0.846290492300381
v 8.40622418845679 5.1434697502857 0.851902558242156
v 8.30224256344689 5.1449123680429 0.851959131487537
v 8.19651282515473 5.14578925334631 0.848457247598466
v 8.09053982190742 5.14418823050203 0.840497391973388
v 7.99286045643294 5.12772541609622 0.843880472047159
v 7.889540738394 5.10948054446091 0.850171416933504
v 7.78827462916238 5.10440026702572 0.848146094748871
v 7.63687896719883 5.05901720958124 0.920095948224166
v 7.69553976533418 5.10106810287279 0.854267319899073
v 7.54177368438918 5.06920039374979 0.925295029474661
v 7.59526368789672 5.11972030187484 0.830783765741506
v 0.516123374933527 5.1381971238162 0.813919281293491
v 0.421035064097487 5.09982349147441 0.825205643746959
v 0.337844106765029 5.08271574207126 0.786956472545004
v 9.4063882508684 5.04851155791403 0.791403129631934
v 9.30223124879782 5.0459374752492 0.833233387266494
v 9.19927925685385 5.05113089917516 0.849673572374153
v 9.0980980074903 5.05365406591915 0.856552879012457
v 9.00452020230593 5.03789275975606 0.873168441180797
v 8.90991842138016 5.05832135866306 0.866085470859121
v 8.79708308346817 5.07644742648307 0.865400934590014
v 0.239157737522771 5.03021011303334 0.7577477059549
v 9.63448026159469 4.86326246591462 0.911044228963239
v 9.66823751711341 4.89969563593985 0.809138842058814
v 9.5354035369593 4.89640873038323 0.90918296919021
v 9.58453174324798 4.93283624308392 0.812369174370057
v 9.44358515970627 4.91873253301049 0.916345142055419
v 9.48840248469694 4.9769577171564 0.815475045541462
v 0.159909935393354 4.94187664769577 0.735191953021577
v 9.78739774385897 4.78934952082461 0.883770267365158
v 0.137133546803046 4.83471560629547 0.779935732793247
v 9.82664826150417 4.64597594505606 0.928955318450798
v 9.83065930460167 4.54980708523325 0.900510290673335
v 9.8196105497788 4.46512825154728 0.862623188241817
v 0.191138366843552 4.45362691076136 0.916028331881287
v 9.75696133784411 4.39085323768683 0.88461886604587
v 9.68345572012084 4.3350324164696 0.881569568119845
v 9.59685905341646 4.32159061336713 0.9181102273113
v 9.48607166698725 4.30353243344158 0.939489256740702
v 0.16106968692366 4.37536914042611 0.855670336384517
v 9.382706690352 4.26544732465123 0.923654405358618
v 9.28637376811758 4.23310440026703 0.913561738382684
v 9.18049693938742 4.21596270691664 0.915790724250687
v 9.07527070297915 4.21458797705389 0.926324662540591
v 8.9687715685498 4.21723560493771 0.937627996967674
v 8.85733924712325 4.2211108722463 0.953604281463211
v 8.75163213812924 4.2132811350856 0.960240323146378
v 0.237285163100667 4.2651022278544 0.885195913148754
v 8.91076702006087 4.14584582659169 0.874684604157002
v 8.80887860513006 4.13884771613808 0.88208438465281
v 8.7113350154445 4.13268123239158 0.891566060578631
v 8.64466344576323 4.18356320928706 0.949706384856474
v 8.54900374514884 4.15913488193164 0.939998415949129
v 8.44621581561648 4.15439404396873 0.94276484764825
v 8.34485353186771 4.15325692173657 0.942894966112626
v 8.24500175377061 4.15024722508231 0.938476595648386
v 8.14499157058644 4.14369604326722 0.930386621558932
v 8.04146818886412 4.13918715561037 0.923784523822994
v 7.93577805184372 4.1348083864179 0.916446973897105
v 7.83407067129813 4.12755003903554 0.907095416435659
v 7.74021565721139 4.10821330376438 0.884415202362499
v 7.63881942951539 4.09091886265147 0.862804222627035
v 7.53196954096469 4.11095710616535 0.895118860388545
v 0.485737884839502 4.16779624579944 0.920322241205689
v 0.388545049275297 4.17009877688643 0.883809868636924
v 0.298095744560483 4.19438567112841 0.870469897376133
v 7.4001934804992 4.10165646462475 0.892584378995485
v 7.28012808182754 4.10018556024485 0.904792885348661
v 7.16888245211075 4.09839218836628 0.909120738620292
v 7.06202124891097 4.09813760876206 0.910574671026578
v 6.95745691947364 4.09859585204965 0.911462870979057
v 6.85438046638984 4.09926907366968 0.912713139701972
v 6.75299555334291 4.09950102397574 0.914885552324595
v 6.6545977076521 4.09756056165918 0.91867030244057
v 6.56219096864711 4.08992883085731 0.922828435976058
v 6.46472658150507 4.07247598465734 0.91923037756984
v 6.37973659496951 4.04685396182437 0.893795046446634
v 6.29703782487186 4.04455708806191 0.912373700229687
v 6.21524422670031 4.04484561161336 0.932525090234326
v 6.1259094149195 4.02976318439484 0.912119120625474
v 6.02598974892794 4.02477908147679 0.913844604609588
v 5.91848926805535 4.02458673244249 0.927733336350573
v 5.80994218214322 4.02543533112321 0.942187800545366
v 5.69210011201503 4.01793371878571 0.948060103415893
v 1.07391860241455 4.02725698962447 0.929300415247621
v 0.981540150032247 4.03186205179846 0.909584639232414
v 0.86971181588803 4.0645217863568 0.921216098482706
v 0.756124053812471 4.0609859585205 0.894762448942646
v 0.641506658670981 4.08052635747502 0.889631255586608
v 0.54683698985076 4.10031002138469 0.878701304579038
v 5.57753363279438 3.98082166981591 0.922387164662088
v 5.47598465733585 3.98610561093448 0.945378531584843
v 5.38228239101164 3.96339711023863 0.934346748735588
v 5.27956234937373 3.94888041547391 0.931229562915106
v 5.1769724262002 3.94021905160611 0.93048279607608
v 5.07264004706894 3.93835213450855 0.931274821511411
v 4.96844910105113 3.93803532433442 0.93163123295731
v 4.86484651678528 3.93817110012333 0.931721750149919
v 4.76178137835055 3.93833516253493 0.931863183263371
v 4.65907830868626 3.938493567622 0.931998959052285
v 4.55665244792433 3.93861802876184 0.932106448218508
v 4.45441893619669 3.93876511919983 0.932230909358346
v 4.35230422828436 3.9389687828832 0.932400629094489
v 4.2502743802401 3.93924599178556 0.932638236725088
v 4.14831807741483 3.93961937520508 0.932960704223759
v 4.04643531980856 3.94011156243989 0.933373688915038
v 3.94462045009674 3.94075084011269 0.933922449395232
v 3.84285083898123 3.94156549484618 0.934618300313416
v 3.74104162659395 3.94258381326303 0.93548952829228
v 3.63904006517238 3.94370962084611 0.936451273463754
v 3.53662551905953 3.94474491123658 0.937333816091694
v 3.43358300992295 3.94561613921544 0.938097554904335
v 3.32944297982598 3.9465609124133 0.938793405822518
v 3.2225817766262 3.94676457609667 0.937000033943947
v 3.11134746155848 3.94621015829194 0.927637161833426
v 2.99357327932474 3.94277616229733 0.899916271596836
v 2.87714554033107 3.97222819384257 0.90915468256752
v 2.7658885959652 3.99006573811113 0.915966101311368
v 2.6572283635623 3.99786718864914 0.921810117559204
v 2.55063871194035 4.00053178850658 0.925379889342732
v 2.44569534175898 4.00125026872291 0.926924338941628
v 2.34191738043245 4.00149353367805 0.92735995293106
v 2.23886921397133 4.00155010692343 0.927467442097283
v 2.13621140290334 4.00158405087066 0.92753532999174
v 2.03373462622057 4.00164628144058 0.92765413380704
v 1.93128047883595 4.00178205722949 0.927908713411253
v 1.82879804482864 4.00205926613186 0.928412215295143
v 1.72634955476856 4.00255711069121 0.929232527353164
v 1.62420656023353 4.00336610810016 0.930120727305643
v 1.52313280003621 4.00342833867008 0.929504078930992
v 1.42356954549055 4.00080899740895 0.924276711057807
v 1.3229540285808 3.99945123951981 0.917895248978853
v 1.22438646315385 4.00175942793134 0.913052579174257
v 1.13841210214865 3.99743157465971 0.895854312578495
v 7.0481947477399 9.07865378305292 0.656871952116405
v 6.95526187755287 9.08690216222944 0.662263382401195
v 6.86028105588305 9.09077177221348 0.663553252395877
v 6.76349554768559 9.09269526255643 0.663406161957887
v 6.66533530962537 9.09365700772791 0.662846086828617
v 6.56629252893721 9.09393987395481 0.662450074110951
v 6.46674624636517 9.09253120014483 0.661024428327355
v 6.36710378927598 9.08809020038243 0.654003688575599
v 6.27190798927371 9.07398083298446 0.634649981330829
v 6.97477964720924 8.9969846460212 0.689039499439925
v 6.87935189690092 9.00270985845374 0.69494574625768
v 6.78205157217049 9.00531222774126 0.696128127086138
v 6.68349532139261 9.00650026589425 0.696054581867143
v 6.58402258403956 9.00698679580453 0.695913148753691
v 6.48391622633824 9.00652855251694 0.695664226474016
v 6.38303481517521 9.00477478191014 0.693016598590195
v 6.28162727283013 9.00011314649076 0.6809834692977
v 6.1830936513504 8.99848949434833 0.640561885473122
v 6.98952263495548 8.9027336192168 0.696891865898779
v 6.89380636109571 8.90952240866249 0.706616806779738
v 6.79613265294577 8.91270748237744 0.709575587513153
v 6.6973105079146 8.91394077912673 0.71005646009889
v 6.59760016293095 8.91453479820323 0.709954628257205
v 6.49728448422172 8.91451216890508 0.709960285581743
v 6.39619940937532 8.91414444281011 0.709298378610787
v 6.29341713716749 8.91368054219798 0.704682001787715
v 6.18958260259558 8.91620370894197 0.685650762041615
v 6.09250291352214 8.91365225557529 0.642994535024496
v 7.00225161516616 8.8067005351829 0.692790305608671
v 6.90548307894231 8.8152430952354 0.707719985064663
v 6.80698905873434 8.81911836254399 0.713201932542062
v 6.7079179914235 8.81994998925108 0.714395628019597
v 6.60808884262455 8.82047612043312 0.71432774012514
v 6.50793722632693 8.82051572170489 0.71432774012514
v 6.40753668774963 8.82055532297666 0.71435602674783
v 6.30614611737817 8.82224686301354 0.713337708330976
v 6.20138378158201 8.82571480295539 0.707165567259931
v 6.09849402020796 8.82625790611104 0.687381903350268
v 6.00295878073342 8.82174336112966 0.646145664792206
v 6.91544562745386 8.7203980493545 0.703375159819418
v 6.8168328034306 8.72569330512214 0.71232504723866
v 6.7180955182675 8.7250936287211 0.715080164288705
v 6.61830031341578 8.72530294972901 0.715170681481314
v 6.5180808092237 8.72508797139657 0.715170681481314
v 6.41805931139046 8.72491825166042 0.715170681481314
v 6.31836028105588 8.72633258279494 0.715232912051233
v 6.21817472081103 8.73333069324855 0.714158020388998
v 6.11197542458221 8.73344949706385 0.708070739186024
v 6.0128364693769 8.72583473823559 0.691845532410812
v 5.91674681209762 8.7262364082778 0.651152397008407
v 6.92591733517385 8.62257725076657 0.69299962661658
v 6.82928457473891 8.63271517633881 0.708687387560675
v 6.7325216958396 8.6287776784603 0.714010929951007
v 6.63341102725699 8.62839298039171 0.715068849639628
v 6.53326506828391 8.62783290526244 0.715131080209547
v 6.43223090935835 8.62736334732578 0.715136737534085
v 6.33181905613197 8.62791210780598 0.715131080209547
v 6.23268010092667 8.63271517633881 0.715232912051233
v 6.13829895565789 8.64765617044387 0.714486145212206
v 6.03887713422568 8.62012197191704 0.71191206254738
v 5.93263257940055 8.62697864925719 0.695420961518879
v 5.83559814892341 8.62936038288772 0.65665131645942
v 6.84563424265396 8.5405290729908 0.701530872020004
v 6.75683687670427 8.53045903531302 0.710169606589652
v 6.65886898767835 8.52962740860592 0.714339054774216
v 6.55943585159706 8.52815084690148 0.71506319231509
v 6.45762098188525 8.52856383159276 0.715136737534085
v 6.35332254670121 8.52823004944502 0.715136737534085
v 6.24870164401851 8.53223543521798 0.715125422885009
v 6.13963974157342 8.54724997454204 0.715317771919304
v 6.03438521854245 8.51735101435829 0.714882157929872
v 5.94643645127346 8.519387651192 0.712064810309908
v 5.84848553422116 8.52837148255847 0.695070207397518
v 5.75454566026635 8.52901076023127 0.657081273124314
v 6.81415123159955 8.43623063780677 0.696620314320951
v 6.70228329618357 8.43276835518946 0.711187925006506
v 6.59915026985438 8.42696394021339 0.714933073850715
v 6.49631142440117 8.42778990959595 0.715187653454928
v 6.39145291408787 8.43043188015524 0.715136737534085
v 6.28234575304647 8.42879125603919 0.715136737534085
v 6.18072323236895 8.43723764157455 0.715136737534085
v 6.0850239304828 8.44780552381168 0.715068849639628
v 5.98282436270239 8.40511535284733 0.714961360473405
v 5.8731684411808 8.42071825392335 0.710248809133185
v 5.76979780722101 8.42796528665663 0.692722417714215
v 5.67558638168837 8.42692433894163 0.652074540908114
v 6.73569545490547 8.34245482626356 0.702424729297021
v 6.64130865231215 8.32592978128783 0.710740996367998
v 6.53987848066892 8.32519998642242 0.71465020762381
v 6.43621932315769 8.33015014539324 0.715097136262319
v 6.32794378882339 8.33790068001041 0.715131080209547
v 6.20544574060035 8.32716307803713 0.715136737534085
v 6.09291589821342 8.35386564985687 0.715125422885009
v 5.99488577861758 8.29155587739446 0.715148052183161
v 5.89079100711691 8.31518652199002 0.714627578325658
v 5.78583632228646 8.32470779918761 0.709106029576493
v 5.68373292902321 8.32888856202125 0.689197904526991
v 5.58951584616603 8.32901868048562 0.645591246987475
v 6.70089725167174 8.23131102838845 0.696490195856575
v 6.58693610617667 8.22279109763411 0.711153981059278
v 6.48062932078162 8.22634955476856 0.714978332447019
v 6.37861078738643 8.23693440897931 0.715278170647537
v 6.27952840542651 8.25424016474129 0.715119765560471
v 6.19474773989885 8.20672429594596 0.715136737534085
v 6.10164514997567 8.25340288070965 0.715136737534085
v 6.0019461196411 8.18589402699675 0.715131080209547
v 5.89873389076838 8.21022617983503 0.7151537095077
v 5.79659089623335 8.22221405053122 0.714135391090845
v 5.69374073613107 8.22836356230411 0.707731299713739
v 5.59215781672531 8.23206345255202 0.686250438442652
v 5.49809913895521 8.23060952014573 0.641648091784433
v 6.60865457507835 8.12256593611749 0.701904255439518
v 6.50534051436395 8.12375963159503 0.712076124958984
v 6.40171530079995 8.1345707787873 0.715046220341476
v 6.29759224267659 8.15700772790532 0.715170681481314
v 6.20446702345527 8.09990835134248 0.715131080209547
v 6.10230705694663 8.14544415654948 0.715136737534085
v 6.00555549269639 8.08254036501058 0.715136737534085
v 5.90430635543839 8.10862063113112 0.715136737534085
v 5.80337968567905 8.11975424582207 0.7151537095077
v 5.70305269232075 8.12771410144714 0.713858182188479
v 5.60125479458255 8.13216641585861 0.707035448795556
v 5.49921928921375 8.13506296602211 0.685328294542945
v 5.40603749674704 8.12820628868196 0.644454124755321
v 6.51360020818954 8.02177504214707 0.707154252610855
v 6.41236804290515 8.03311797784592 0.713801608943099
v 6.30879940258653 8.05765945169211 0.71518199613039
v 6.21096163202498 7.99654337470723 0.715125422885009
v 6.10933345402292 8.04218666908046 0.715136737534085
v 6.014856134237 7.98406897410077 0.715136737534085
v 5.90866249533271 8.00919880969892 0.715136737534085
v 5.81357984182121 8.01741324492821 0.715136737534085
v 5.71112569443659 8.02664599857435 0.7151537095077
v 5.61665968929974 8.02971226847399 0.714186307011688
v 5.51188038152997 8.03919960172435 0.707086364716398
v 5.41146852830359 8.02836582523393 0.690046503207703
v 5.31962186442787 8.02175241284892 0.65438272931965
v 6.5129100145959 7.91814982858307 0.700857650399973
v 6.41465925934307 7.93119561896788 0.711629196320476
v 6.31328000362069 7.95668752333646 0.714978332447019
v 6.21263620008825 7.89370452925402 0.715102793586857
v 6.11302202962175 7.93892352428689 0.715136737534085
v 6.01472601577262 7.88173928785599 0.715136737534085
v 5.92444643079395 7.92342811237709 0.715136737534085
v 5.82218463244363 7.90450436179722 0.715136737534085
v 5.73086975707449 7.93641732951652 0.715119765560471
v 5.62911711793259 7.91449519693147 0.715289485296614
v 5.53952772654756 7.94787341170614 0.714452201264978
v 5.43999275862459 7.9314219119494 0.711301071497268
v 5.33284303187337 7.91115171812946 0.698594720584741
v 5.23386813907967 7.92074088322151 0.658337199171768
v 6.51062445548251 7.81304239599009 0.692773333635057
v 6.41365791289983 7.82797207544608 0.708704359534289
v 6.31355155519852 7.85454452880144 0.714406942668673
v 6.21129541417273 7.79139181498286 0.715068849639628
v 6.11139272015478 7.83644109027958 0.715136737534085
v 6.00639277672803 7.78392414659259 0.715136737534085
v 5.90594697955443 7.83174551091298 0.715136737534085
v 5.79937995723063 7.79005668639187 0.715136737534085
v 5.70886276462135 7.83706905330331 0.715136737534085
v 5.59926907366968 7.79847478530453 0.715136737534085
v 5.5152578042792 7.84818569602064 0.715040563016938
v 5.40998630927462 7.81997261854924 0.714169335038074
v 5.31825279188966 7.79458254602234 0.710871114832373
v 5.23360790215091 7.81561082133038 0.69397268643713
v 5.14409771330942 7.82094567836978 0.65296839818513
v 6.41159864676797 7.72353786447313 0.704150213281135
v 6.31220511195845 7.75159253685747 0.713077471402224
v 6.209626503434 7.6894072255349 0.714927416526176
v 6.10779466174857 7.73587648929068 0.715136737534085
v 6.00455980357769 7.68439483599416 0.715136737534085
v 5.90191330715878 7.73475068170761 0.715136737534085
v 5.80134870616988 7.68758556703364 0.715136737534085
v 5.68893766759824 7.72420542876863 0.715136737534085
v 5.5843563661873 7.70214752039466 0.715136737534085
v 5.47877937565766 7.73367013272083 0.715040563016938
v 5.36515201231034 7.70159875991446 0.714684151571039
v 5.25610142451432 7.69796675756101 0.710407214220251
v 5.15513515348322 7.71597967889026 0.691008248379177
v 5.06315837114312 7.72299476131748 0.642892703182811
v 6.40923954243559 7.617293309648 0.695732114368473
v 6.31091524196377 7.64750908000588 0.710905058779602
v 6.20886842194589 7.5868965049049 0.714112761792693
v 6.10682160192802 7.63471221190075 0.715165024156776
v 6.00466729274391 7.58318530000792 0.715136737534085
v 5.90314094658354 7.63406161957887 0.715136737534085
v 5.8055407836526 7.58152204659372 0.715136737534085
v 5.71284552109616 7.62998268858691 0.715136737534085
v 5.61186227809145 7.60321222887272 0.715136737534085
v 5.50994557653794 7.6357305303176 0.715131080209547
v 5.41095371177063 7.61132483226033 0.715165024156776
v 5.29459951799595 7.58889354046684 0.715159366832238
v 5.17735146694425 7.60779466174857 0.709717020626605
v 5.07087496181306 7.62237924440774 0.686295697038956
v 4.97640329935167 7.62968285038639 0.630910489811158
v 6.30926896052319 7.54133807039975 0.706696009323271
v 6.20814994172956 7.48395582761001 0.711895090573766
v 6.10648216245573 7.53296523008339 0.715187653454928
v 6.00406195901834 7.48143831819056 0.715114108235933
v 5.90357090324844 7.53123974609928 0.715136737534085
v 5.79987214446544 7.48038039850194 0.715136737534085
v 5.70034849119155 7.53189033842115 0.715136737534085
v 5.59495253504713 7.49013928333013 0.715136737534085
v 5.49726185492357 7.53874701576131 0.715136737534085
v 5.38069834014098 7.49263416345142 0.715136737534085
v 5.2742388069834 7.48481008361526 0.715131080209547
v 5.18242608705491 7.50633054615811 0.714118419117231
v 5.08049241352779 7.51916135821048 0.706939274278408
v 4.97815141263394 7.53477557393558 0.679365474479809
v 4.8854108914812 7.54445525622023 0.615624398909268
v 6.30581799255496 7.43049411072516 0.697955442911938
v 6.20502709858454 7.38218621649449 0.708794876726898
v 6.10500560075129 7.43145585589663 0.714848213982643
v 6.00088819995248 7.3803589006687 0.715091478937781
v 5.90070829703217 7.43001889546396 0.715136737534085
v 5.79750738280852 7.37945938606714 0.715136737534085
v 5.69507586472205 7.43128047883595 0.715136737534085
v 5.59113949830846 7.38396261639945 0.715136737534085
v 5.48710130005318 7.43582331044003 0.715136737534085
v 5.38880528620405 7.37510890349736 0.715136737534085
v 5.2886197259592 7.39201298921714 0.715136737534085
v 5.18409499779364 7.40137586132766 0.715131080209547
v 5.08581595591813 7.41580203889976 0.713569658637037
v 4.98452156006381 7.43294938957468 0.704189814552902
v 4.88295561263167 7.45483757821251 0.670715425261086
v 4.78828028648692 7.37667032506987 0.662585849899865
v 6.18979758092803 7.2878616444711 0.705779522748102
v 6.09812063678845 7.33127029565178 0.713609259908804
v 5.99919100259106 7.27752005521549 0.714983989771557
v 5.89920910602958 7.32825494167298 0.715136737534085
v 5.79746212421222 7.27795566920492 0.715136737534085
v 5.69452144691732 7.32973150337742 0.715136737534085
v 5.59324968036116 7.27940394428667 0.715136737534085
v 5.49059752661771 7.32902433781016 0.715136737534085
v 5.391769724262 7.26714452201265 0.715136737534085
v 5.29198017673482 7.29203109265566 0.715136737534085
v 5.19077064074858 7.30358900668696 0.715136737534085
v 5.09020038243514 7.31261809664973 0.715097136262319
v 4.99189871126147 7.32861135311888 0.713128387323067
v 4.88864688111698 7.35552324594653 0.700455980357769
v 4.79442979825981 7.28004322195947 0.697887555017481
v 4.69978841606228 7.28495377965852 0.663213812923592
v 6.2029112592073 7.20002602369288 0.695319129677193
v 6.09767936547448 7.22731695726457 0.71135198741811
v 5.99994908407916 7.17406456138763 0.714141048415383
v 5.89918647673142 7.22547266946516 0.715176338805852
v 5.79855398784807 7.17603896765142 0.715136737534085
v 5.69610549778799 7.22765639673685 0.715136737534085
v 5.59596519613944 7.17654246953531 0.715136737534085
v 5.49336395831683 7.22480510516966 0.715136737534085
v 5.39441169482128 7.16462814405811 0.715136737534085
v 5.29437888233896 7.19055566241613 0.715136737534085
v 5.19779138050033 7.20628302463199 0.715136737534085
v 5.09444903316324 7.21450311718582 0.715136737534085
v 4.99909482807391 7.219804030278 0.715131080209547
v 4.90149466514296 7.25442685645105 0.712076124958984
v 4.81584842896098 7.19117231079078 0.712115726230751
v 4.71302655548138 7.17730620834795 0.702068317851122
v 4.6139950894423 7.19082155666942 0.665437141467057
v 6.10228442764848 7.12612439325194 0.706028445027777
v 6.001188038153 7.07060906755977 0.711408560663491
v 5.9002670257182 7.12151367375341 0.715249884024847
v 5.79985517249182 7.0745805093855 0.715102793586857
v 5.69789321234202 7.12575666715697 0.715136737534085
v 5.59804143424492 7.07420712596599 0.715136737534085
v 5.49760695172039 7.12303549405415 0.715136737534085
v 5.40172661544902 7.06677340152295 0.715136737534085
v 5.29584412939433 7.09266697593374 0.715136737534085
v 5.20130457903848 7.10079655129496 0.715136737534085
v 5.1102216539754 7.12844389631256 0.715136737534085
v 5.00905171926093 7.10561093447687 0.7151537095077
v 4.91053506975481 7.14649641891357 0.714876500605334
v 4.80853916565778 7.09784342788608 0.715057534990552
v 4.71681130559736 7.07165567259931 0.713269820436519
v 4.61991830823367 7.08020388997635 0.701842024869599
v 4.52321200257974 7.10145845826592 0.65933288829047
v 6.09850533485704 7.01735101435829 0.695686855772168
v 5.99481223339858 6.96583541711454 0.707256084452541
v 5.89931093787126 7.01482219028977 0.714469173238592
v 5.79739423631776 6.9753680089612 0.71506319231509
v 5.69807424672724 7.02466027766149 0.715136737534085
v 5.59641778210249 6.97225082314072 0.715136737534085
v 5.49937769430081 7.02059266131861 0.715136737534085
v 5.40126837216144 6.96519613944174 0.715136737534085
v 5.3094782815311 7.00740543782035 0.715136737534085
v 5.20347133433657 6.9928095405121 0.715136737534085
v 5.09877122911033 7.03279551034725 0.715136737534085
v 4.99232301060183 6.98738416628008 0.715136737534085
v 4.90182844729071 7.04048947171903 0.715068849639628
v 4.79703216754732 6.99011665403197 0.715317771919304
v 4.69559633857956 6.97402156572114 0.715148052183161
v 4.60324617281995 6.97290707278714 0.710774940315226
v 4.51885020536088 6.99919100259105 0.692807277582286
v 4.43257600615517 7.00851993075435 0.647735372987407
v 5.98346929769973 6.86700761475883 0.70019008610448
v 5.88374198074247 6.90107602312714 0.712455165703036
v 5.78234009572193 6.88291601135991 0.714995304420633
v 5.69171541394644 6.92511965241398 0.7151537095077
v 5.59374186759598 6.86953643882735 0.715136737534085
v 5.49674138106607 6.91800839546961 0.715136737534085
v 5.39259569364456 6.86687749629445 0.715136737534085
v 5.29269299962662 6.91744266301581 0.715136737534085
v 5.18855296952965 6.87949333001437 0.715136737534085
v 5.09189757979656 6.9313766533531 0.715136737534085
v 4.98268858691348 6.87935189690092 0.715136737534085
v 4.88222581776626 6.92993969292042 0.715136737534085
v 4.76395944829771 6.87599710344984 0.715119765560471
v 4.64580622531992 6.87579343976647 0.714582319729354
v 4.53745714576662 6.88722689265792 0.708625156990756
v 4.44077346941085 6.90381416820357 0.686538961994094
v 4.35280207284371 6.90614498591326 0.63756350346794
v 5.89340469105351 6.78982473608581 0.706379199149138
v 5.79719057263439 6.79681153189034 0.713281135085595
v 5.69117231079078 6.82272207827474 0.715249884024847
v 5.59340242812369 6.76763670924746 0.715119765560471
v 5.49278125388941 6.81686674737783 0.715136737534085
v 5.39017435874226 6.76649392969077 0.715136737534085
v 5.28807662280354 6.81860354601102 0.715136737534085
v 5.18513028818411 6.77245109242937 0.715136737534085
v 5.08388680825064 6.825805320148 0.715136737534085
v 4.97937339473416 6.77388805286204 0.715136737534085
v 4.873570111223 6.82531313291318 0.715136737534085
v 4.77495728719974 6.76214910444553 0.715136737534085
v 4.67136601758296 6.78053540919428 0.715148052183161
v 4.56385987938584 6.78572883312024 0.714406942668673
v 4.4605401613469 6.79703216754732 0.707850103529039
v 4.36166144307034 6.80748124596916 0.684581527703918
v 4.27066337787534 6.80347020287166 0.638610108507485
v 5.89784003349136 6.68827576062728 0.696258245550514
v 5.79906314705649 6.69867958045281 0.710237494484108
v 5.69728787861644 6.72520677521187 0.7149161018771
v 5.59547866622917 6.66708908023218 0.715080164288705
v 5.49237958384721 6.7154365757346 0.715136737534085
v 5.3901800160668 6.66500718480216 0.715136737534085
v 5.28737511456082 6.71706588520157 0.715136737534085
v 5.18537921046379 6.66777927382582 0.715136737534085
v 5.08290809110555 6.72081103404578 0.715136737534085
v 4.98257544042271 6.66824317443794 0.715136737534085
v 4.87928400900646 6.71827089532818 0.715136737534085
v 4.78271913646598 6.65549722225365 0.715136737534085
v 4.68029327570405 6.67902603500752 0.715136737534085
v 4.57953632568086 6.68566773401523 0.715170681481314
v 4.47881331960489 6.69152872223668 0.714259852230683
v 4.38168837193514 6.70456319797241 0.707980221993415
v 4.28228352247655 6.70975662189837 0.686787884273769
v 4.19069143820504 6.69466853735531 0.651548409726072
v 5.7992272094681 6.59791131578054 0.705027098584537
v 5.6982326518143 6.62493635509895 0.713462169470814
v 5.59577850442968 6.56555707674726 0.714921759201638
v 5.49308674941447 6.61390457224969 0.715136737534085
v 5.39054208483724 6.56300562338059 0.715136737534085
v 5.28791256039194 6.61462870979056 0.715136737534085
v 5.18615992125004 6.56389948065761 0.715136737534085
v 5.08436202351184 6.61597515303063 0.715136737534085
v 4.98451590273928 6.56267184123284 0.715136737534085
v 4.88498659214084 6.61266561817585 0.715136737534085
v 4.7913239270884 6.55220013351286 0.715136737534085
v 4.68976929430534 6.57944015116371 0.715136737534085
v 4.59107726773854 6.58380760570711 0.715131080209547
v 4.49146309727204 6.58826557744312 0.715215940077619
v 4.39374978785033 6.5942510268044 0.714440886615902
v 4.3074133580747 6.61500775053462 0.709332322558016
v 4.21586087507496 6.59787737183331 0.697995044183705
v 4.11310123216528 6.58030572181804 0.665736979667576
v 5.79670404272411 6.49486880664396 0.696167728357905
v 5.69776875120218 6.52287822043199 0.711046491893054
v 5.59524671592311 6.46325001980064 0.714129733766307
v 5.49302451884455 6.51183512293366 0.715176338805852
v 5.3902535612858 6.46072119573211 0.715136737534085
v 5.28815016802254 6.51193129745081 0.715136737534085
v 5.18625609576719 6.46043832950521 0.715136737534085
v 5.08509747570179 6.51163711657483 0.715136737534085
v 4.98492888743056 6.45784161754223 0.715136737534085
v 4.88602753985585 6.50610991050113 0.715136737534085
v 4.786956472545 6.44469965264027 0.715136737534085
v 4.70493092406739 6.48380873717202 0.715136737534085
v 4.61211120037112 6.47956574376846 0.715136737534085
v 4.51182380828459 6.48543238931444 0.715114108235933
v 4.4048438012695 6.4912198323169 0.715346058541994
v 4.29359817155271 6.50394315520304 0.714220250958917
v 4.18449101051131 6.4882327649608 0.707810502257272
v 4.09135447664091 6.47147011235447 0.691545694210294
v 4.01270635091253 6.48686934974712 0.65064323779998
v 5.69641665063758 6.41919643362261 0.706763897217728
v 5.59423971215533 6.36041683167196 0.711974293117299
v 5.4924078704699 6.40943754879442 0.715198968104004
v 5.38972743010376 6.35830099229472 0.715119765560471
v 5.28773152600672 6.40911508129575 0.715136737534085
v 5.18535658116564 6.35703940892273 0.715136737534085
v 5.08499564386011 6.40760457564409 0.715136737534085
v 4.98472522374719 6.35326597345583 0.715136737534085
v 4.88528643034136 6.40186804856247 0.715136737534085
v 4.78247587151084 6.34870616987814 0.715136737534085
v 4.67217501499191 6.38094160509612 0.715136737534085
v 4.55353526210385 6.37960647650513 0.715136737534085
v 4.4456840271099 6.38996503773435 0.715136737534085
v 4.3303820956993 6.39539606929091 0.714967017797943
v 4.22868037247825 6.38522985709598 0.714095789819079
v 4.12401421119924 6.37680610085878 0.709009855059345
v 4.02001561421573 6.37990065738111 0.689248820447834
v 3.93148414251932 6.38650275511705 0.641501001346443
v 9.86707550265329 6.2011292019778 0.663055407836526
v 9.7812652040597 6.20623210871115 0.671366017582965
v 9.69625824555051 6.20868738756067 0.674879216121112
v 9.60496599947952 6.21395435670563 0.672927439155475
v 9.51111664271733 6.21654541134407 0.671569681266335
v 9.41549088605017 6.21883662778199 0.670279811271653
v 9.31972369626956 6.22038673470542 0.669261492854799
v 9.22573290639391 6.22029621751281 0.6687862775936
v 9.13461038005906 6.21639266358154 0.668554327287539
v 9.04412147407248 6.21162353899594 0.665142960591077
v 8.95362125343683 6.20199477263213 0.647186612507213
v 5.69398400108621 6.31427569273939 0.698368427603218
v 5.59281406637173 6.25702356841403 0.708647786288908
v 5.49165544630633 6.30673447913013 0.714853871307181
v 5.38881094352859 6.25575067039296 0.715085821613243
v 5.28709790565846 6.30632715176339 0.715136737534085
v 5.18471730349283 6.25405913035607 0.715136737534085
v 5.08274402869395 6.30313076339937 0.715136737534085
v 4.97888120749935 6.24621242122176 0.715136737534085
v 4.88681390796664 6.2975186974576 0.715136737534085
v 4.79850872925176 6.25081748339575 0.715136737534085
v 4.70002602369288 6.27251898032383 0.715136737534085
v 4.59504870956427 6.28211946006495 0.715136737534085
v 4.47857571197429 6.27851574433419 0.715136737534085
v 4.37515416209366 6.30875980131476 0.715125422885009
v 4.26589425328973 6.27436892544778 0.715136737534085
v 4.1546429662484 6.2782498500809 0.714508774510359
v 4.04567723832045 6.27895701564816 0.708874079270431
v 3.94103936366414 6.28452382299363 0.686934974711759
v 3.84831581448501 6.28504995417567 0.638898632058927
v 9.80004186420158 6.12735769000124 0.688394564442584
v 9.71534040121746 6.1212308075265 0.698883244136183
v 9.62491372580079 6.12912277525713 0.699822360009504
v 9.53207137280637 6.13159502608027 0.699403717993686
v 9.43637772824476 6.13405596225433 0.698815356241726
v 9.33917357803148 6.13567395707222 0.698453287471289
v 9.24340073092633 6.13441237370023 0.698696552426426
v 9.1506319231509 6.1314818795895 0.69912650909132
v 9.06021090505878 6.1288512236793 0.697881897692943
v 8.96942216087168 6.13159502608027 0.689509057376585
v 8.87606499134429 6.14431269164187 0.646332356501963
v 5.58999671875177 6.15330783765742 0.703165838811509
v 5.48999219289214 6.20359013815187 0.7133263936819
v 5.38737398309591 6.15247055362578 0.714961360473405
v 5.28630588022312 6.20294520315452 0.715136737534085
v 5.18403842454826 6.15024156775778 0.715136737534085
v 5.0827213993958 6.1999411638248 0.715136737534085
v 4.98245663660742 6.14458990054423 0.715136737534085
v 4.87155610368744 6.18034984894943 0.715136737534085
v 4.74953327072561 6.16367205621118 0.715136737534085
v 4.64606646224867 6.17766261979385 0.715136737534085
v 4.53920525904889 6.1816227469705 0.715136737534085
v 4.44835428429187 6.16848643939308 0.715136737534085
v 4.36386214231566 6.21435036942329 0.715136737534085
v 4.26991661103631 6.15434312804788 0.715136737534085
v 4.17007614758828 6.17735712426879 0.7151537095077
v 4.06555141942273 6.17847727452733 0.714322082800602
v 3.96005363143662 6.18157183104966 0.708478066552766
v 3.85690929045836 6.18605243208382 0.687093379798826
v 3.76171914778063 6.18283907174619 0.642162908317399
v 9.8153618990507 6.05146468132291 0.686448444801484
v 9.73493171609283 6.0310360824159 0.703584480827327
v 9.64047136828051 6.03928446159242 0.710158291940575
v 9.5487152215974 6.0411230920673 0.711216211629196
v 9.45374005725212 6.04395741166088 0.710905058779602
v 9.35495751349272 6.04718774397212 0.710610877903622
v 9.25652572385467 6.04472680779806 0.710842828209683
v 9.15938380421131 6.04130412645252 0.711165295708354
v 9.06688089068918 6.03852638010432 0.711040834568516
v 8.97646552992159 6.04448354284292 0.708166913703172
v 8.88630474875822 6.07214785983413 0.690912073862029
v 8.79766013057105 6.07123137325896 0.651293830121859
v 5.5857820119709 6.05019178330184 0.694012287708897
v 5.48741245290277 6.099093696609 0.710922030753216
v 5.3841323361356 6.04825132098528 0.714254194906145
v 5.28483497584322 6.09785474253516 0.715176338805852
v 5.18195652911825 6.0452529389801 0.715131080209547
v 5.08175399689979 6.09387764338489 0.715136737534085
v 4.97994478451251 6.03505844016248 0.715136737534085
v 4.89458707188197 6.08002285559113 0.715136737534085
v 4.7968058745658 6.07238546746473 0.715136737534085
v 4.68029893302859 6.06298299408244 0.715136737534085
v 4.58094499949084 6.09220873264616 0.715136737534085
v 4.47408379629106 6.06372976092146 0.715136737534085
v 4.36786752808862 6.10110204682002 0.715136737534085
v 4.27739559407565 6.04312012762924 0.715136737534085
v 4.17821138027404 6.07326235276813 0.715131080209547
v 4.07984182120592 6.07626073477331 0.715204625428542
v 3.97860965592152 6.07778255507405 0.714457858589516
v 3.87585001301185 6.08130706826128 0.709287063961711
v 3.77374096242405 6.08452608592344 0.690872472590263
v 3.67611817019495 6.07987576515314 0.651152397008407
v 9.74823774340639 5.94033785542141 0.691698441972822
v 9.65580271777871 5.95123951980629 0.709479412996006
v 9.55987146558649 5.94707572894627 0.714124076441769
v 9.47113067288218 5.94878424095677 0.714576662404816
v 9.37289123227843 5.95701564815967 0.714395628019597
v 9.27396725540557 5.95295368914133 0.71450311718582
v 9.17175637297609 5.95035697717835 0.714559690431201
v 9.06894015682104 5.94552562202283 0.714763354114572
v 8.97316730971589 5.95224652357407 0.714095789819079
v 8.87721908555006 5.99084079157285 0.70590398388794
v 8.7866000610991 5.97777237188989 0.692077482716874
v 8.69761034611511 5.96450028852355 0.659728901008135
v 5.48015410552042 5.99256061823242 0.707001504848327
v 5.37823740396692 5.94352858646089 0.712506081623878
v 5.28064289836051 5.98905307701882 0.715215940077619
v 5.1756203256356 5.94006630384359 0.715125422885009
v 5.07808239327457 5.98470825177357 0.715136737534085
v 4.96983514556296 5.93558570280943 0.715148052183161
v 4.86151435263235 5.9721885925708 0.715136737534085
v 4.74648397279958 5.96806440298254 0.715136737534085
v 4.64539324062864 5.95510912979034 0.715136737534085
v 4.56309048324866 5.99424650094477 0.715136737534085
v 4.46148493454475 5.94465439404397 0.715136737534085
v 4.37115443364524 5.9894660617101 0.715136737534085
v 4.26869462893608 5.93282492843484 0.715142394858623
v 4.18955997329743 5.9734218893201 0.715136737534085
v 4.09808669284122 5.97069505889275 0.715119765560471
v 4.00041864201582 5.97205847410643 0.715306457270228
v 3.89980312510608 5.97432706124619 0.715102793586857
v 3.79819757640217 5.97758568018013 0.711810230705695
v 3.69679569138163 5.98021633609034 0.697898869666557
v 3.59775856801801 5.979571401093 0.663519308448648
v 9.67657641348254 5.86029802785667 0.696586370373723
v 9.58311175478893 5.86165578574581 0.711153981059278
v 9.47704257702447 5.84191738043245 0.714706780869191
v 9.39523766420385 5.86498794989873 0.715131080209547
v 9.30185786537831 5.85746936558763 0.715204625428542
v 9.1991378237404 5.85692626243197 0.715204625428542
v 9.09053982190742 5.85498014279087 0.715193310779466
v 8.97253368936762 5.85016010228443 0.715368687840147
v 8.87514284744459 5.89281632930155 0.7133263936819
v 8.77593600434482 5.88161482671615 0.707884047476267
v 8.67985200439008 5.87135244000407 0.692564012627148
v 8.59406433509465 5.86386214231566 0.658082619567554
v 5.47335400142565 5.87648929068465 0.699358459397382
v 5.36983061970333 5.84829318518686 0.711114379787511
v 5.26946402507326 5.87221235333386 0.714882157929872
v 5.16478654914518 5.84354103257487 0.715413946436451
v 5.06556839139634 5.8689197904527 0.715165024156776
v 4.96443240062909 5.83809868636924 0.715430918410065
v 4.86933843246852 5.86048471956642 0.715221597402157
v 4.77027867980675 5.86661160204116 0.715176338805852
v 4.66471866125072 5.86051866351365 0.715215940077619
v 4.5526074608796 5.87216709473756 0.715142394858623
v 4.44761883210192 5.84373338160917 0.715363030515609
v 4.35085595320261 5.8674488860728 0.715176338805852
v 4.2419694278182 5.83919620732963 0.715413946436451
v 4.14616263676582 5.86778266822055 0.715170681481314
v 4.03503581086433 5.86522555752933 0.71518199613039
v 3.9299057489732 5.86653239949763 0.715119765560471
v 3.82719136465983 5.86851246308596 0.714791640737262
v 3.72631561082133 5.87071881965581 0.712285445966893
v 3.62859664407508 5.8725744221043 0.703352530521266
v 3.54155870605673 5.88209004197735 0.678986433735758
v 3.46029123906722 5.83245267648024 0.665957615324561
v 9.62846086828617 5.76678245324221 0.696026295244453
v 9.53839060431541 5.77082744028694 0.711046491893054
v 9.45345719102522 5.72641744266302 0.713377309602743
v 9.35740713501771 5.76307124834523 0.715244226700309
v 9.24154512847784 5.76075740260916 0.715125422885009
v 9.13289055339949 5.76012943958543 0.715136737534085
v 9.02775483418382 5.75821726389156 0.715136737534085
v 8.9284348445933 5.75076656747491 0.715080164288705
v 8.84414070897591 5.78473314400154 0.714599291702968
v 8.75017820572295 5.78520835926274 0.712268473993279
v 8.65999479526143 5.76862108371709 0.707471062784988
v 8.57192722417714 5.77113859313653 0.689831524875256
v 8.48542107466537 5.76129484844028 0.652883538317059
v 5.39615980810355 5.75991446125298 0.706401828447291
v 5.29207069392743 5.75970514024508 0.714463515914054
v 5.19501929147668 5.75440422715289 0.7168622215182
v 5.08882565257239 5.75532071372806 0.717014969280728
v 4.99131034950951 5.75029135221371 0.717258234235865
v 4.88535431823582 5.75039884137993 0.717246919586789
v 4.78576843439201 5.75828515178602 0.716884850816352
v 4.68533395186748 5.75839264095224 0.716879193491814
v 4.58093368484177 5.76126090449305 0.716754732351976
v 4.47958271574207 5.75339722338512 0.717105486473337
v 4.37170885144997 5.75348208325319 0.717099829148799
v 4.27255858159559 5.75058553308969 0.717235604937713
v 4.16407938357792 5.7527409737387 0.717133773096027
v 4.06345820934364 5.76015772620812 0.716799990948281
v 3.9591145155633 5.75925821160657 0.716839592220047
v 3.85541009945577 5.75982394406037 0.716822620246433
v 3.7524581075118 5.76106855545875 0.716799990948281
v 3.64967583530397 5.76282798339009 0.715442233059142
v 3.54557540647877 5.76699743157466 0.707912334098958
v 3.45032303323112 5.7308867290481 0.700461637682307
v 3.36923660062683 5.74588429639855 0.659672327762754
v 9.56299996605605 5.67506590783087 0.696020637919915
v 9.45960104547357 5.62587547097227 0.708110340457791
v 9.36142949276428 5.64826716149399 0.71465020762381
v 9.26359172220273 5.66445842432197 0.715159366832238
v 9.15880675710843 5.66317421165183 0.7151537095077
v 9.05427637161833 5.66036817868094 0.715176338805852
v 8.94999490840792 5.65662868716127 0.715204625428542
v 8.84237562372003 5.66900691325058 0.715091478937781
v 8.73885789932225 5.68105701451669 0.714491802536744
v 8.63037304398004 5.66480352111879 0.712404249782193
v 8.54326156074269 5.67802468856428 0.702905601882758
v 8.46091354476641 5.65700207058078 0.691138366843552
v 8.37686267410416 5.64846516785282 0.656990755931705
v 5.40923388511105 5.65867098131951 0.70593227051063
v 5.31328000362069 5.65443930256503 0.718785711861147
v 5.21501227639425 5.65023591043324 0.724103596926941
v 5.11454384992249 5.64963057670766 0.725093628721105
v 5.0131476222265 5.64696031952569 0.725557529333228
v 4.91102159966509 5.64650773356264 0.725631074552223
v 4.80793948925674 5.64841990925651 0.725342551000781
v 4.70681481313857 5.65046220341476 0.725042712800262
v 4.6049320555323 5.65179167468121 0.724850363765968
v 4.50323598963578 5.64941559837522 0.725201117887329
v 4.39990495694776 5.64807481245969 0.725393466921623
v 4.2966418121542 5.64600423167875 0.725704619771218
v 4.19339563933425 5.64698294882384 0.725557529333228
v 4.08961202068318 5.64909313087655 0.725240719159095
v 3.98771229110329 5.65095439064957 0.724969167581268
v 3.88485081635193 5.65072809766805 0.725003111528496
v 3.78204591484595 5.65109582376303 0.724940880958577
v 3.67954650886503 5.65209151288173 0.724963510256729
v 3.57751666082076 5.65390185673391 0.724262002014007
v 3.47944128262862 5.64213462169471 0.723153166404544
v 3.37547662959233 5.63949830845996 0.709847139090981
v 3.28626062162682 5.64701689277107 0.668509068691234
v 9.46124732691415 5.53409103766647 0.698283567735147
v 9.36868784014664 5.53387040200948 0.711504735180638
v 9.27082744028694 5.55976397642027 0.715142394858623
v 9.17226553218452 5.56494042837261 0.715544064900827
v 9.07188762290538 5.56154037632523 0.716075853407407
v 8.97008406784264 5.55837793190844 0.716505810072301
v 8.86455799323384 5.56367318767608 0.716454894151458
v 8.75890745748521 5.57054117966531 0.716234258494473
v 8.65414512168905 5.56738439257306 0.716245573143549
v 8.54084588316493 5.56821036195562 0.713807266267637
v 8.43135402405494 5.55205304307487 0.707431461513221
v 8.33527568142474 5.54762901528609 0.686770912300155
v 8.26441203426076 5.55479684547584 0.637365497109107
v 5.43249680361164 5.55365406591915 0.717082857175185
v 5.3395922200473 5.54746495287449 0.735480476573019
v 5.24402869395006 5.5429504078931 0.745160158857673
v 5.14503682918274 5.54183025763456 0.74837917651984
v 5.04456840271099 5.54078930991955 0.749103314060714
v 4.94278181962186 5.54001991378237 0.74938052296308
v 4.84044647605254 5.54050644369265 0.749222117876014
v 4.7382412509476 5.54132675575067 0.748956223622724
v 4.63636980799041 5.54227152894853 0.748650728097668
v 4.53463414082212 5.54184157228364 0.74879216121112
v 4.43233839852457 5.54100994557654 0.74905805546441
v 4.32980504859642 5.53996899786153 0.749403152261233
v 4.22689831524875 5.53968047431009 0.749493669453842
v 4.12414998698815 5.54055170228895 0.749210803226938
v 4.02169583960353 5.54137767167151 0.74893925164911
v 3.91956981704212 5.54178499903825 0.748809133184734
v 3.81711566965751 5.54175105509103 0.748820447833811
v 3.71460494902751 5.54206220794062 0.748695986693973
v 3.61217908826558 5.54278068815696 0.748633756124054
v 3.51056222491259 5.53944852400403 0.749725619759903
v 3.40608841266788 5.53781355721252 0.747722926873423
v 3.3008169176633 5.54081193921771 0.731339315011145
v 3.2040257521413 5.54073273667417 0.690957332458334
v 9.43878774849798 5.43407519715776 0.692880822801281
v 9.35029587807334 5.42512530973852 0.71205915298537
v 9.26968466073025 5.45449813874023 0.716177685249092
v 9.17853950509725 5.46392324142067 0.717456240594698
v 9.08404521333771 5.4611058938007 0.718876229053756
v 8.98811396114549 5.4557427501386 0.720669600932327
v 8.88698928502733 5.45956144420181 0.721388081148663
v 8.78323395299895 5.46427399554203 0.721591744832034
v 8.68012921329245 5.46278611918851 0.72228193842568
v 8.5760061551691 5.45998008621763 0.723090935834625
v 8.47165680406422 5.45256899107274 0.723492605876829
v 8.3635566467906 5.44624410223917 0.719487220103869
v 8.25435331123205 5.45258030572182 0.695952750025458
v 8.15297971283421 5.43312476663536 0.656136499926455
v 5.47382921668684 5.45312340887747 0.742026001063577
v 5.38061913759745 5.44455256220228 0.768626741041627
v 5.28730722666636 5.43769022753759 0.786243649653206
v 5.18872268926579 5.43726592819724 0.792393161426098
v 5.08815808827689 5.43700569126849 0.794180875980132
v 4.98653556759937 5.43671716771704 0.794548602075107
v 4.88430771319628 5.43673413969066 0.794548602075107
v 4.78199499892511 5.43704529254025 0.794384539663502
v 4.67978977382017 5.43743564793338 0.794169561331055
v 4.57778255507405 5.43753747977506 0.794118645410213
v 4.47569047645987 5.43727724284631 0.794254421199126
v 4.37345696473224 5.43681899955873 0.79450900080334
v 4.27103676129485 5.43649653206006 0.79468437786402
v 4.16855432728754 5.43660402122628 0.794622147294102
v 4.06624161301637 5.43697174732126 0.794424140935269
v 3.96404204523597 5.43720369762732 0.794294022470893
v 3.86179721885926 5.43727724284631 0.794254421199126
v 3.7593374141501 5.43732815876716 0.794231791900974
v 3.65666828843303 5.43754879442414 0.794073386813908
v 3.55375589776083 5.43689820210226 0.794622147294102
v 3.44880121293038 5.43676808363789 0.794622147294102
v 3.34056527986785 5.43950057138978 0.789457009990835
v 3.22935925142282 5.44036048471957 0.769056697706521
v 3.11265996085131 5.42945316301015 0.728623799232867
v 9.37422636086942 5.32568085900816 0.706865729059413
v 9.27854968828142 5.33896991434811 0.722559147328046
v 9.19290910942397 5.35831796426834 0.724075310304251
v 9.09989703669341 5.36035460110205 0.726655050293615
v 9.01027935868569 5.34792545909189 0.73297428180265
v 8.91422930267818 5.35297744990439 0.735056177232663
v 8.81239180366821 5.36001516162976 0.735520077844786
v 8.70998857220443 5.35890066869576 0.73786221020355
v 8.6093900272683 5.35273418494925 0.741607359047759
v 8.50826535115013 5.34700331519218 0.74508095631414
v 8.40480419999774 5.34270374854324 0.746896957490863
v 8.29789208087711 5.3444066032292 0.742727509306299
v 8.19264321517068 5.34247179823718 0.728403163575882
v 8.0886785621344 5.33075547911881 0.69780269514941
v 5.73344383973931 5.35188558626854 0.698639979181046
v 5.60226745567486 5.28968330297236 0.829510867720438
v 5.64062411604304 5.35530826761408 0.750608162387843
v 5.50288523551442 5.29182742897229 0.853379119946595
v 5.53577126305428 5.36700761475883 0.777208902365893
v 2.97035561942046 5.27061246195449 0.853678958147113
v 2.99171767687625 5.34950950996255 0.754121360925991
v 2.87137506930223 5.24833391792354 0.861819848157409
v 2.78108416967448 5.24319706724296 0.848904176236974
v 2.68144171258528 5.23642524977088 0.839829827677895
v 2.58460528846698 5.23361921679999 0.829539154343128
v 2.48448195879205 5.23117525259954 0.826472884443489
v 2.38267274640477 5.23023047940168 0.826031613129519
v 2.28015636845023 5.22999287177108 0.826433283171722
v 2.1774476414614 5.22985143865763 0.826874554485693
v 2.07473891447257 5.22975526414048 0.827191364659825
v 1.97205281678189 5.2296986908951 0.827389371018658
v 1.86929317387221 5.22964211764972 0.827581720052952
v 1.76634683925278 5.22955160045711 0.827875900928933
v 1.6631402677046 5.22939885269458 0.82841334676005
v 1.55976397642027 5.22913295844129 0.829143141625462
v 1.45672712460823 5.2288218055917 0.829024337810163
v 1.35448795555606 5.22868037247825 0.826450255145337
v 1.25504916215024 5.22816555594528 0.81969540964687
v 1.16883153618991 5.23251603851507 0.797643158597436
v 9.37142032789853 5.21959470927009 0.724256344689469
v 9.29226870028626 5.23480725495299 0.740187370588701
v 9.20504407055815 5.24144329663616 0.748135911564703
v 9.12641857412792 5.26567927495729 0.744747174166393
v 9.0458186714339 5.23957072221405 0.758737737749064
v 8.95053801156357 5.24111517181295 0.763427659791132
v 8.85187427161947 5.25715934420294 0.761453253527342
v 8.7486846720449 5.25995971984929 0.764508208777905
v 8.65110148108757 5.25007637388126 0.774929000577047
v 8.55182109276881 5.24406263789729 0.783177379753567
v 8.45096231090393 5.24003462282617 0.788874305563413
v 8.3473031533927 5.23993844830903 0.790152860909019
v 8.24146026860977 5.24112648646202 0.786503886581958
v 8.13253414195359 5.23905590568109 0.77453864518392
v 8.01790543216302 5.23498263201367 0.747134565121463
v 7.92608139758545 5.18801552369853 0.768785146128693
v 7.82548850997386 5.17607856892318 0.754404227152895
v 7.50045258596305 5.13560606917776 0.794650433916792
v 7.39040630904833 5.12820628868196 0.820278114074292
v 7.28137835055046 5.12970547968455 0.816555594528236
v 7.17513945304986 5.13065591020694 0.81527703918263
v 7.07021871216664 5.13089351783754 0.814654733483441
v 6.96564306808024 5.13090483248662 0.814609474887136
v 6.86049037689096 5.13074077007502 0.815418472296082
v 6.75375929215555 5.13075208472409 0.818003869609984
v 6.64561953361016 5.13212681458685 0.823191636211403
v 6.54001425645784 5.14043176700875 0.820362973942363
v 6.42953236555368 5.15677577759926 0.807039974655186
v 6.31974632556771 5.17466423778866 0.794938957468234
v 6.33319944331927 5.19228114640024 0.685152917482264
v 6.22211787601408 5.18385173283851 0.823774340638825
v 6.23643656441995 5.20732962967154 0.70867041558706
v 0.630118464375828 5.16468471730349 0.812669012570575
v 0.66136386779964 5.2145596904312 0.717642932304455
v 0.552449055792535 5.19027279618923 0.723373802061529
v 9.42157250992861 5.1359681379482 0.721252305359749
v 9.33190391600005 5.13055407836526 0.769973184281689
v 9.23384550978151 5.13880245754178 0.786888584650547
v 9.12506647356332 5.15218203007434 0.791748226428757
v 9.72895758138061 4.85001301184644 0.851195392674896
v 9.74368359715323 4.88044376053677 0.742280580667791
v 9.83243004718209 4.72395084916441 0.854753849809348
v 0.107149726751225 4.72919518901121 0.767891288851676
v 9.85436349441622 4.64276824204297 0.826755750670393
v 0.105333725574502 4.63752955952071 0.791442730903701
v 9.8595003450968 4.55946413821975 0.802135074280671
v 0.110102850160102 4.54471549314898 0.809070954164357
v 9.85284167411548 4.47898869666557 0.770154218666908
v 0.12542854233376 4.45325352734185 0.826433283171722
v 9.80668922053382 4.39600706034102 0.778481800386961
v 9.73633473257827 4.32971453140381 0.787278940043675
v 9.63582670483475 4.27797829850307 0.807605707108994
v 9.54269582828889 4.26367092474627 0.849039952025888
v 9.4534685056743 4.22038673470542 0.837425464749211
v 0.169108745092271 4.29276654484561 0.829403378554214
v 9.3557721682262 4.17250879713966 0.832039691788959
v 9.24812459691563 4.14479922155214 0.840457790701621
v 9.13584367680836 4.13586630610652 0.848938120184202
v 9.02342698091219 4.13078602867132 0.854035369593012
v 0.290333895294238 4.1415236306446 0.799872144465439
v 0.213547029338885 4.20276416876931 0.807498217942771
v 9.31278215906134 4.06413708828821 0.77056154603365
v 9.19763863273781 4.05112524185062 0.786056957943449
v 9.0919767823401 4.04538305744447 0.791493646824544
v 9.00348491191546 4.0278114074292 0.785887238207307
v 8.93794480714181 4.06718638621423 0.814988515631188
v 8.84747853045338 4.05148731062106 0.815910659530895
v 8.74297643158597 4.05114221382424 0.829013023161087
v 8.6290152860909 4.07614193095801 0.862413867233908
v 8.51933673527116 4.07031488668379 0.86723956506489
v 8.41399169504758 4.06772948936989 0.868761385365633
v 8.31179212726717 4.06572679648341 0.867460200721875
v 8.21086545750784 4.06227582851518 0.863092746178477
v 8.10930516740023 4.05973003247304 0.857712630542764
v 8.00680010409477 4.06100858781865 0.85286430341363
v 7.9030164854437 4.05246602776615 0.832249012796868
v 7.80951222547833 4.04325024609362 0.804709156945497
v 7.69910387979317 4.04432513775585 0.777848180038696
v 7.57813330919542 4.05922653058915 0.791182493974949
v 7.47317296704043 4.06637738880529 0.8053484346183
v 7.37799413901178 4.0589210350641 0.793247417431348
v 7.29116552200134 4.06179495592944 0.810728550254014
v 7.19074801145042 4.05986580826196 0.813251716997997
v 7.08777904753284 4.05923784523823 0.81386270804811
v 6.98460076260735 4.05924350256277 0.814383181905613
v 6.88174494518053 4.05957162738598 0.815497674839615
v 6.77977167038164 4.05983752163927 0.816934635272287
v 6.68004435342438 4.05816861090053 0.818784580396239
v 6.58555006166484 4.05262443285321 0.819486088638961
v 6.50268722915559 4.04694447901698 0.834042384675439
v 6.41547957140109 4.02563333748204 0.809399078987565
v 6.30880505991107 4.01145042486507 0.810688948982247
v 6.1994206899673 4.00304929792602 0.82685192518754
v 0.662150235910433 4.02590488905987 0.820611896222039
v 0.564374695918807 4.03731005532863 0.792455391996017
v 0.459985743542164 4.08778470485738 0.820289428723368
v 0.368931105101776 4.10444552562202 0.799402586528779
v 9.31934465552551 3.94279313427094 0.722644007196117
v 9.22680779805614 3.95454339733653 0.742603048166461
v 9.12404249782193 3.94861452122062 0.74811328226655
v 9.02010613140834 3.94047928853487 0.750551589142463
v 8.90851540489472 3.95940869643928 0.765537841843835
v 8.79452031545242 3.95819237166359 0.774425498693158
v 8.68282775709711 3.97035561942046 0.790554530951223
v 8.57928740340118 3.97906224188457 0.802559373621027
v 8.47412339756282 3.97789683302972 0.804912820628868
v 8.37056607189328 3.97611477580023 0.803871872913862
v 8.2692320747672 3.97490410834908 0.800573652708161
v 8.16780190312397 3.97448546633326 0.794435455584345
v 8.06768423077358 3.97903961258642 0.786147475136059
v 7.97160588814338 3.9906258132404 0.778227220782747
v 6.07468799855172 3.98195879204806 0.809534854776479
v 5.96304635611727 3.97845690815899 0.832265984770482
v 5.85481042305473 3.97307679252328 0.848921148210588
v 5.75959199375431 3.97031036082416 0.867494144669103
v 5.67334608117129 3.94132222989104 0.848615652685532
v 5.5812957536122 3.90137586132766 0.828877247372173
v 5.4796619182856 3.90598092350166 0.861101367941073
v 2.90525678596078 3.90716330433012 0.807571763161765
v 2.80080560301422 3.93782034600197 0.813500639277673
v 2.69376902275376 3.95401726615449 0.819452144691732
v 2.58710016858827 3.95927292065037 0.824204297303719
v 2.48180604428554 3.96036478428621 0.826591688258789
v 2.37771693010941 3.96052884669782 0.827378056369582
v 2.27446509996492 3.96057410529412 0.82753080413211
v 2.17173940100248 3.9605854199432 0.8275590907548
v 2.06931919756509 3.96060239191681 0.827621321324719
v 1.96708002851292 3.96065330783766 0.827774069087247
v 1.8649822925742 3.9607494823548 0.828102193910456
v 1.76304861904708 3.96092485941549 0.828667926364264
v 1.66139781174687 3.96117378169516 0.82941469320329
v 1.56020524773424 3.96125298423869 0.829527839694052
v 1.45943132573743 3.96057976261866 0.827247937905206
v 1.35783143435806 3.95988391170048 0.823174664237789
v 1.25494167298401 3.96044398682975 0.818756293773549
v 1.15152578042792 3.96289360835474 0.810700263631324
v 1.0413606996979 3.97898869666557 0.826354080628189
v 0.926613186092033 3.99307543476539 0.82611647299759
v 0.826337108654575 4.00252882406852 0.822682477002976
v 0.737211617881672 3.99858566886548 0.798056143288716
v 9.33852864303414 3.82990122311356 0.701553501318157
v 9.24146026860977 3.84290741222661 0.718842285106527
v 9.1449859132619 3.84631312159853 0.724765503897897
v 9.04468720652629 3.84326382367251 0.727232097396499
v 8.93904232810219 3.85130853916566 0.733285434652244
v 8.83497584322422 3.85884409545038 0.740079881422478
v 8.7277073126577 3.86602889761374 0.746687636482954
v 8.62373134497234 3.87490523981399 0.753402880709655
v 8.52199567780405 3.88091897579797 0.757091456308483
v 8.41845532410812 3.88134893246286 0.755937362102714
v 8.3155995066813 3.87969699369774 0.750223464319254
v 8.21526119867392 3.8843416571435 0.741047283918489
v 8.10985392788043 3.89350652289519 0.724329889908464
v 5.43339631821319 3.82080990258087 0.797982598069721
v 5.35870831966147 3.87528993788258 0.857701315893687
v 5.25193763365429 3.85430692117084 0.854001425645784
v 5.14243445989523 3.84991683732929 0.857203471334336
v 5.03496226564533 3.8488193163689 0.858006811418744
v 4.9295493375273 3.84855907944015 0.857950238173363
v 4.82556205519286 3.84859302338738 0.857950238173363
v 4.7223441689956 3.84877971509714 0.858091671286815
v 4.61967504327853 3.84892114821059 0.8581935031285
v 4.5173679863319 3.84909086794673 0.858317964268338
v 4.41530419434041 3.84936241952456 0.858521627951709
v 4.31340446476053 3.8497697468913 0.858821466152227
v 4.21162353899594 3.85032416469603 0.859234450843507
v 4.10997273169573 3.85103133026329 0.859760582025549
v 4.0084690148335 3.85191953021577 0.860428146321042
v 3.90711238840927 3.85304533779885 0.861265430352678
v 3.80585193650219 3.85443703963522 0.86231769271676
v 3.70455754064788 3.8561285796721 0.863590590737828
v 3.60296896391758 3.85780314773537 0.86488046073251
v 3.50096174517147 3.85910433237913 0.865898779149365
v 3.39867166019846 3.86039420237381 0.866498455550401
v 3.29610436632308 3.8635113881943 0.866617259365701
v 3.19134203052692 3.86617033072719 0.861061766669307
v 3.08685690363313 3.86997205281678 0.843778640205474
v 2.99661126260169 3.8590251298356 0.788042678856315
v 9.50355279980991 3.70009391158733 0.643169912085177
v 9.42307735825573 3.69793281361379 0.688519025582422
v 9.34075762890214 3.72301739061563 0.702458673244249
v 9.24939749493669 3.7347054231113 0.712330704563198
v 9.1554745929555 3.74056075400821 0.716166370600016
v 9.05957728471052 3.74186193865197 0.717688190900759
v 8.9598725970514 3.74656317534312 0.719515506726559
v 8.85909867505459 3.75352734184949 0.722100904040461
v 8.75784388047205 3.76120433124767 0.724822077143277
v 8.65644765277605 3.76924904674082 0.727101978932123
v 8.55584910783992 3.77657528201763 0.727905319016531
v 8.4564103144341 3.78343195935778 0.726445729285706
v 8.35255880788857 3.7840882090042 0.716867878842738
v 8.25052895984431 3.78386757334721 0.696495853181114
v 5.32723096593159 3.76273746619749 0.784048607732431
v 5.20713728063724 3.75679161810796 0.792404476075175
v 5.09470927009199 3.75434199658298 0.794571231373259
v 4.98679014720358 3.75304646926376 0.794344938391736
v 4.88170534390876 3.7524298208891 0.793971554972222
v 4.77779160679332 3.75265611387063 0.79409601611206
v 4.67474909765674 3.75279754698408 0.794169561331055
v 4.57232323689481 3.75294463742207 0.794248763874588
v 4.47031036082416 3.75323316097351 0.794407168961655
v 4.36859166562949 3.75377626412917 0.794701349837635
v 4.26708229144273 3.75458526153811 0.795148278476143
v 4.16575960896573 3.75564318122673 0.795725325579027
v 4.06466321947025 3.75691042192326 0.796426833821749
v 3.96383272422806 3.75844355687308 0.797281089826999
v 3.86326812323916 3.76034441791788 0.798344666840158
v 3.76283929803917 3.76262997703126 0.799645851483916
v 3.66238218621649 3.76534549280954 0.801212930380964
v 3.56138197123816 3.76769893981738 0.802378339235809
v 3.46013283398015 3.76947533972234 0.802135074280671
v 3.35974926737647 3.77211165295708 0.800273814507643
v 3.26171349045609 3.78049580792252 0.798129688507711
v 3.16298186261753 3.78641336938935 0.782436270239079
v 3.07834828752786 3.79527839694052 0.755105735395617
v 9.44409997623924 3.60161686335298 0.694572362838166
v 9.34650547063283 3.61366696461909 0.708698702209751
v 9.25463617745896 3.628658874645 0.712726717280864
v 9.16163541937747 3.63639243728856 0.714735067491882
v 9.06726558875777 3.64029599121983 0.715283827972075
v 8.97087609327797 3.64466910308777 0.715600638146208
v 8.87290820425205 3.65060929385275 0.716307803713468
v 8.77447075728946 3.65791289983141 0.7168622215182
v 8.67543929125038 3.66547674273882 0.71644923682692
v 8.57760152068884 3.6743134836673 0.7149161018771
v 8.47857005464976 3.68053088333465 0.708579898394451
v 8.38706848757086 3.69221325850579 0.697842296421176
v 5.35641710322354 3.64432400629094 0.72941016734366
v 5.25145676106856 3.65387357011122 0.745148844208597
v 5.14119550582139 3.65267421730915 0.749284348445933
v 5.03230898043697 3.6503943155203 0.749437096208461
v 4.92683382174902 3.6477636596101 0.748588497527749
v 4.8221506884964 3.64822190289768 0.748735587965739
v 4.71859336282685 3.64840859460744 0.748797818535658
v 4.61588463583802 3.64849345447551 0.748826105158349
v 4.51380952919745 3.6486858035098 0.748888335728267
v 4.41225489641439 3.64921759201638 0.74905805546441
v 4.31107364705084 3.65025853973139 0.749397494936694
v 4.21016394926511 3.65178036003213 0.749895339496046
v 4.1095088310836 3.6536020185334 0.750495015897082
v 4.00924406829522 3.65566128466526 0.751185209490728
v 3.90942057682081 3.6580599902694 0.751999864224211
v 3.81002704201129 3.66108100157274 0.75303515461468
v 3.71072402439438 3.6646111720845 0.754127018250529
v 3.61137009085663 3.66917097566219 0.754958644957627
v 3.51033027460653 3.67259365700773 0.753747977506478
v 3.40883787239339 3.67517339699709 0.748679014720358
v 3.30871454271846 3.6821715074507 0.738195992351297
v 3.21548749165545 3.70498183998823 0.729195189011213
v 9.61341804233942 3.47032167547324 0.665804867562033
v 9.52578042792003 3.47862662789514 0.694753397223385
v 9.44128828594381 3.50176508525588 0.704353876964506
v 9.35210056460099 3.51420554191512 0.71120489698012
v 9.25901494665143 3.52474513752956 0.714067503196388
v 9.1662008802797 3.53427772937622 0.714995304420633
v 9.07218180378136 3.54037632522827 0.715148052183161
v 8.97664090698227 3.54548488928616 0.715159366832238
v 8.88011563571356 3.55143639470022 0.714842556658105
v 8.7823796969937 3.55810638033061 0.713801608943099
v 8.68512463085957 3.56673945757572 0.711872461275614
v 8.58539731390231 3.57442776162297 0.705541915117503
v 8.49114062977337 3.58785259275184 0.694600649460857
v 5.38267840372931 3.52847331440015 0.70463674319141
v 5.27891741437639 3.53633133818355 0.718027630373044
v 5.17726660707618 3.54524728165556 0.724352519206617
v 5.06624161301637 3.54571118226768 0.725902626130051
v 4.96137744537853 3.53783618651068 0.724759846573359
v 4.8554157567803 3.53939195075865 0.72499179687942
v 4.75092497256198 3.53980493544993 0.725048370124801
v 4.64757696790034 3.53991808194069 0.725065342098415
v 4.54509453389303 3.53999728448422 0.725076656747491
v 4.44333058010206 3.54027449338659 0.725116258019258
v 4.34230207850104 3.54118532263722 0.725246376483633
v 4.24179970808205 3.54305789705932 0.725523585385999
v 4.14159717586359 3.54567723832045 0.725919598103665
v 4.0417623697401 3.54842104072142 0.726338240119483
v 3.94261775721026 3.55131193356038 0.726796483407067
v 3.84409545037961 3.55472895758138 0.727254726694652
v 3.74640477025605 3.55931139045722 0.72740747445718
v 3.64869146083434 3.56432377999796 0.726570190425544
v 3.55160045711182 3.57217048913228 0.72455052556545
v 3.44972901415463 3.57646439845668 0.71532908656838
v 3.34610380059062 3.5835530261029 0.69523992713366
v 9.68832101922359 3.38436994376619 0.658704925266743
v 9.61065726796483 3.37687398875324 0.693893483893597
v 9.52958780733416 3.38907118045734 0.705044070558152
v 9.44090358787522 3.40165872755456 0.71093900272683
v 9.35324900148222 3.41491383894728 0.713156673945758
v 9.26296941650355 3.42489901675699 0.714672836921963
v 9.17040992973603 3.43429017549021 0.715131080209547
v 9.07632862266777 3.44240277887781 0.715119765560471
v 8.98094613095575 3.44919722564805 0.714746382140958
v 8.88403616161845 3.45518267500933 0.713575315961575
v 8.78740340118351 3.46285400708297 0.711482105882486
v 8.68794763580408 3.47005578121995 0.704987497312771
v 8.59373621027144 3.48348626967335 0.693950057138978
v 5.41365791289983 3.41594347201322 0.696620314320951
v 5.31070026363132 3.42383543974384 0.708755275455132
v 5.2000147090438 3.4229981557122 0.714701123544653
v 5.10186578563266 3.45157895927858 0.717659904278069
v 4.99201185775223 3.426013509691 0.716630271212138
v 4.88145076430455 3.43112773107342 0.716845249544585
v 4.7752344961021 3.43188581256152 0.716879193491814
v 4.67081725710277 3.43228182527919 0.716896165465428
v 4.56742965116937 3.43246285966441 0.716907480114504
v 4.46477749742592 3.43267783799685 0.716913137439042
v 4.36278725065342 3.43297201887283 0.716930109412657
v 4.26215476177006 3.43449949649812 0.716997997307113
v 4.16217286520859 3.43798440841357 0.71715640239418
v 4.06243989092678 3.44215385659814 0.717377038051165
v 3.963527228703 3.44535024496215 0.717490184541926
v 3.86564985686969 3.44939523200688 0.717218632964099
v 3.76838913341103 3.45393806361096 0.716047566784716
v 3.67357237415282 3.46051753204874 0.713762007671332
v 3.57869338432469 3.46580713049185 0.706922302304794
v 3.49234563989998 3.47928853486609 0.697293535940983
v 9.63947002183727 3.2906111041966 0.697061585634922
v 9.54344825245245 3.29430533711997 0.709773593871986
v 9.45097928287754 3.30571050338874 0.713043527454996
v 9.35920050689628 3.31622181238049 0.714491802536744
v 9.26804969393874 3.3264898564171 0.715040563016938
v 9.17537140335592 3.33649200620043 0.715125422885009
v 9.08102420203437 3.34681662348242 0.714735067491882
v 8.98441407089759 3.35550061664837 0.713580973286113
v 8.88797931682149 3.36322286464285 0.711510392505176
v 8.78848960749482 3.36933277514398 0.70493092406739
v 8.69458367748724 3.38150733754993 0.693689820210226
v 5.55801020581347 3.29796562609611 0.676689559973297
v 5.4574060035528 3.30513345628585 0.696014980595377
v 5.3574354216404 3.31267466989511 0.706220794062072
v 5.25836435432955 3.31388533734626 0.712245844695127
v 5.1695443590817 3.3137269322592 0.714401285344135
v 5.07963815752254 3.34609248594155 0.715368687840147
v 4.98198142134622 3.31507337549926 0.715119765560471
v 4.89192247202453 3.32541496475487 0.71518199613039
v 4.79308901234428 3.32552811124563 0.715187653454928
v 4.69091773118657 3.32651248571526 0.715193310779466
v 4.58780167683099 3.32715176338806 0.715198968104004
v 4.48445367216936 3.32774012514002 0.715204625428542
v 4.38090766114889 3.32840768943551 0.71521028275308
v 4.27690906416538 3.32812482320861 0.71521028275308
v 4.17597107975696 3.33160973512407 0.715255541349385
v 4.07484074631425 3.33903780224256 0.715306457270228
v 3.97566784716172 3.34284518165669 0.714910444552562
v 3.87736051866351 3.34672044896528 0.713626231882418
v 3.78043923467714 3.35332820402575 0.711193582331044
v 3.68279381314989 3.35832362159288 0.703748543238931
v 3.59250291352214 3.37013611522839 0.692218915830325
v 9.79861056109345 3.19905296387233 0.662885688100384
v 9.72251388873174 3.19458367748724 0.692083140041412
v 9.64271166879759 3.20481212025209 0.702724567497539
v 9.55447437797717 3.20754460800398 0.709982914879895
v 9.4608682861701 3.21350742806712 0.71288512236793
v 9.36759031918625 3.2214672836922 0.713920412758398
v 9.27477625281452 3.22996458514839 0.714191964336226
v 9.18163406161958 3.24074744571797 0.714254194906145
v 9.08577635464636 3.25317093040359 0.713524400040733
v 8.98894558785259 3.26635815390186 0.711719713513085
v 8.88861859449429 3.27359387198606 0.705400482004051
v 8.79452597277695 3.28422398479311 0.694244238014958
v 5.50293049411073 3.19888324413618 0.695200325861893
v 5.40142111992397 3.20276416876931 0.707171224584469
v 5.29872370758421 3.20730700037338 0.712211900747898
v 5.18994467136602 3.201604417239 0.71462192100112
v 5.10197893212342 3.23816204840407 0.715068849639628
v 5.01202747196796 3.22498613955488 0.715136737534085
v 4.91107817291047 3.21634740498523 0.715136737534085
v 4.81483011054412 3.21763161765538 0.715136737534085
v 4.71470112354465 3.22059039838879 0.715136737534085
v 4.61298242834998 3.22237245561829 0.715136737534085
v 4.51061314083344 3.22370758420928 0.715136737534085
v 4.40761589029316 3.22516151661556 0.715136737534085
v 4.30273475068171 3.22694357384506 0.715165024156776
v 4.19140991842138 3.2238150733755 0.715148052183161
v 4.08543125784954 3.23933311458345 0.714785983412724
v 3.98336746585805 3.24346296149625 0.713484798768966
v 3.88562021248911 3.24712325047239 0.710967289349521
v 3.78611353118883 3.25401952908431 0.703822088457926
v 3.69237166359285 3.26564533101006 0.691523064912142
v 9.87385297744991 3.13121032801168 0.646920718253923
v 9.81172989669725 3.1094635724873 0.684157228363562
v 9.7350165759609 3.1090619024451 0.696490195856575
v 9.64921193469185 3.1144703047035 0.70351659293287
v 9.56221359794526 3.12048969801202 0.706339597877372
v 9.47073466016452 3.12513436145778 0.708364920062004
v 9.3763478575712 3.13053144906711 0.709241805365407
v 9.28133874927869 3.1367997646553 0.709519014267772
v 9.18725744221043 3.14632669917743 0.710016858827124
v 9.09232187913692 3.16276688428508 0.71035064097487
v 8.99023545784727 3.18012921329245 0.705915298537016
v 8.89470021837273 3.19337866736063 0.695981036648148
v 5.65446193186318 3.10062117423428 0.676112512870413
v 5.5522057908374 3.09904843801269 0.696179043006981
v 5.44661748565868 3.09429628540071 0.707205168531698
v 5.34581527703918 3.09784908521062 0.712664486710945
v 5.24643305687874 3.10382887724737 0.714610606352044
v 5.15173510143583 3.10050802774352 0.715198968104004
v 5.06602097735939 3.13471786922529 0.715142394858623
v 4.94902184858737 3.1209479412996 0.715136737534085
v 4.84645455471199 3.10830947828153 0.715136737534085
v 4.74362136658332 3.11405166268768 0.715136737534085
v 4.64185741279234 3.11745171473507 0.715136737534085
v 4.54106086149738 3.11951663819147 0.715136737534085
v 4.44127697129474 3.12137224063996 0.715136737534085
v 4.34303753069099 3.12339756282459 0.715114108235933
v 4.24814722621378 3.12550208755275 0.714955703148867
v 4.16126769328249 3.1193129745081 0.714242880257069
v 4.08299295097363 3.14469738971046 0.713467826795352
v 3.98578314343581 3.15050746201107 0.711103065138435
v 3.88904855115919 3.14633235650196 0.703363845170342
v 3.79589504531517 3.16136952512418 0.692218915830325
v 9.83416684581528 3.02958780733416 0.677651305144771
v 9.75299555334291 3.02163360903362 0.686092033355585
v 9.66751903689707 3.02803204308618 0.689984272637784
v 9.5784274900714 3.03316889376676 0.692360348943777
v 9.48651293830122 3.03832271642095 0.694108462226044
v 9.39104558672113 3.04305789705932 0.695341758975345
v 9.29243276269787 3.04851721523857 0.695862232832849
v 9.1915909528066 3.05596225433068 0.695262556431812
v 9.09417748158541 3.07240243943834 0.696433622611195
v 8.9981726841742 3.10391373711544 0.696082868489834
v 5.60022516151662 2.99751643452778 0.695596338579559
v 5.4940428372614 2.9945180525226 0.708019823265182
v 5.38020049558163 2.98499677532501 0.713184960568448
v 5.27390502483565 2.99984725223747 0.714825584684491
v 5.17387221235333 3.00306626989964 0.71518199613039
v 5.07506138197124 3.02094907276451 0.715131080209547
v 4.98582274470757 3.04345956710153 0.715136737534085
v 4.88030232742331 3.00108054898677 0.715136737534085
v 4.77078218169064 3.00873490908679 0.715136737534085
v 4.66641020128761 3.01368506805761 0.715136737534085
v 4.56486688315362 3.01655333159842 0.715136737534085
v 4.4648793292676 3.01893506522895 0.715136737534085
v 4.3659779816929 3.02144691732386 0.715136737534085
v 4.26809495253505 3.02402099998869 0.714655864948349
v 4.17283692196287 3.02434346748736 0.712924723639696
v 4.08109208992883 3.03681221076928 0.710305382378566
v 3.9990043108813 3.06327151763388 0.706056731650468
v 3.90262047272604 3.04981274255779 0.692337719645625
v 5.74879781853566 2.8928389585997 0.678324526764802
v 5.65142394858623 2.89535646801914 0.696558083751032
v 5.55003337821477 2.89348389359704 0.706961903576561
v 5.44832034034464 2.8881150926104 0.71273803192994
v 5.35697152102828 2.87519376336543 0.714638892974734
v 5.27256423892013 2.89976352383431 0.715136737534085
v 5.17753250132947 2.90536427512701 0.715142394858623
v 5.07806542130096 2.92001108835609 0.715136737534085
v 4.97682759869203 2.94630067548455 0.715136737534085
v 4.87942544211991 2.88359489030448 0.715136737534085
v 4.78196671230242 2.90625813240402 0.715136737534085
v 4.68011789864337 2.91228318303708 0.715136737534085
v 4.5793043753748 2.91583032552245 0.715136737534085
v 4.4793337934624 2.91906631515824 0.7151537095077
v 4.37961213382967 2.92253991242462 0.715119765560471
v 4.27962457994365 2.92694131091524 0.714214593634378
v 4.17725529242711 2.9317047781763 0.711069121191206
v 4.07399780495808 2.94076215476177 0.703148866837895
v 3.97806089544133 2.96868105135719 0.693016598590195
v 5.70081804912821 2.7908487118272 0.696009323270839
v 5.5998517780971 2.79111460608049 0.707691698441973
v 5.4948744639685 2.78861406863466 0.71264751473733
v 5.38344214254195 2.77583417250314 0.714853871307181
v 5.27650739412317 2.79217252576911 0.71518199613039
v 5.1796313687331 2.80485624738349 0.715136737534085
v 5.08097894343807 2.81909573324583 0.715136737534085
v 4.98012016157319 2.84472907072787 0.715136737534085
v 4.88164311333884 2.77617361197542 0.715136737534085
v 4.78236272502008 2.80091874950498 0.715136737534085
v 4.68434957739786 2.81216551068669 0.715136737534085
v 4.58593475973343 2.81658953847546 0.7151537095077
v 4.48795555605843 2.82087213315079 0.715131080209547
v 4.38949547979769 2.82565257238547 0.714723752842806
v 4.29061676152114 2.83007660017425 0.713190617892986
v 4.19176067254274 2.83800251185209 0.709456783697854
v 4.08458831649336 2.84819135334518 0.696450594584809
v 3.97167377603784 2.86677000712823 0.668458152770392
v 5.85090686912345 2.68671999637931 0.678539505097249
v 5.75237324764372 2.68768739887532 0.696993697740465
v 5.6518652199002 2.68782883198878 0.707041106120094
v 5.55068397053665 2.68743281927111 0.712670144035483
v 5.45030606125751 2.68332560165646 0.714678494246501
v 5.35750896685939 2.67279166336656 0.715215940077619
v 5.27318088729478 2.69495706090676 0.715148052183161
v 5.17879408470146 2.70299046175083 0.715136737534085
v 5.08226881343275 2.71734875142847 0.715136737534085
v 4.98258675507179 2.74255213224562 0.715136737534085
v 4.88361751960263 2.6733913397676 0.715136737534085
v 4.78335841413879 2.69818173589346 0.715136737534085
v 4.68514160283319 2.71152170715425 0.715148052183161
v 4.5881298016542 2.7178126520406 0.715119765560471
v 4.49206843099761 2.72264966452066 0.714706780869191
v 4.39746665007185 2.730055102341 0.713541372014347
v 4.29991174573721 2.73587648929068 0.711063463866668
v 4.2057342641518 2.73556533644109 0.703335558547652
v 4.12020683178511 2.75234496102103 0.692841221529514
v 5.80317602199568 2.5851427342981 0.696077211165296
v 5.7022436949118 2.58504090245641 0.707742614362815
v 5.59969337301004 2.5846675190369 0.712551340220183
v 5.49548545501861 2.58429979294192 0.714667179597425
v 5.38482818705378 2.57607404306355 0.71518199613039
v 5.27740690872473 2.59008723594438 0.715136737534085
v 5.18065534447449 2.60140754234507 0.715136737534085
v 5.08358131272559 2.61445899005442 0.715136737534085
v 4.98460641993189 2.64006404091377 0.715136737534085
v 4.88566547108541 2.57323406614544 0.715136737534085
v 4.78470485737885 2.59811497946391 0.715136737534085
v 4.68599585883844 2.61172650230253 0.715080164288705
v 4.58915943472013 2.61933560380625 0.714627578325658
v 4.49249838766251 2.62498161369525 0.71329810705921
v 4.39893755445175 2.63165159932565 0.710899401455064
v 4.31151491836481 2.64757696790034 0.705440083275817
v 4.21755807243638 2.63924938618029 0.691347687851461
v 5.95329312861362 2.48254149647549 0.678471617202792
v 5.8547764791075 2.48301105441215 0.696982383091388
v 5.75391769724262 2.48268292958894 0.707086364716398
v 5.65213677147803 2.48219074235413 0.712709745307249
v 5.55049162150236 2.4809687602539 0.714689808895577
v 5.45327615664 2.48219074235413 0.715215940077619
v 5.36130503162444 2.47812878333578 0.715136737534085
v 5.27669974315747 2.49409941050678 0.715136737534085
v 5.18172457881219 2.49989251083378 0.715136737534085
v 5.08545954447223 2.51149002613684 0.715136737534085
v 4.98682974847535 2.53712336361888 0.715136737534085
v 4.88836401489008 2.47511342935699 0.715136737534085
v 4.78686595535239 2.50033378214775 0.715159366832238
v 4.68730835813127 2.51373598397846 0.714791640737262
v 4.58959504870956 2.52113576447426 0.713275477761057
v 4.49343750353583 2.5290899627748 0.710559961982779
v 4.39281632930155 2.53676695217298 0.702837713988301
v 4.29540285808036 2.55506273972913 0.690651836933277
v 5.90549439359138 2.38081148663174 0.696054581867143
v 5.80444326269221 2.38056256435207 0.707748271687354
v 5.70157613061631 2.38008169176633 0.712562654869259
v 5.5969835145563 2.38023443952886 0.714672836921963
v 5.48666568606375 2.3762290537559 0.71518199613039
v 5.38138853373463 2.38486213100101 0.715136737534085
v 5.28008848055578 2.39202996119075 0.715136737534085
v 5.1844004933187 2.39987101300053 0.715136737534085
v 5.08764327174393 2.40850409024564 0.715136737534085
v 4.98978287188423 2.43356603794933 0.715136737534085
v 4.89237505798758 2.3791708625157 0.715136737534085
v 4.79097883029158 2.40401217456241 0.715102793586857
v 4.69172107127097 2.41726162863059 0.714282481528835
v 4.59163734286781 2.42531765877281 0.711357644742648
v 4.49235695454905 2.43112773107342 0.703737228589855
v 4.40068001040948 2.44656656973784 0.69223588780394
v 6.05551532569217 2.27830642332628 0.67844898790464
v 5.95706090675598 2.27873072266664 0.696959753793236
v 5.85630395673278 2.27840259784343 0.707063735418246
v 5.75464183478349 2.27798961315215 0.712692773333635
v 5.6531268032722 2.27679591767461 0.714684151571039
v 5.55617157533859 2.27866283477218 0.715215940077619
v 5.46563741075571 2.27630938776434 0.715136737534085
v 5.38118487005126 2.29065070546837 0.715136737534085
v 5.28612484583791 2.29490501352101 0.715136737534085
v 5.18834364852174 2.29995134700897 0.715136737534085
v 5.09073217094172 2.3065817313676 0.715136737534085
v 4.99330738507145 2.3289847365384 0.715159366832238
v 4.89769294305337 2.28571751847116 0.715046220341476
v 4.79759790000113 2.3089295210509 0.714638892974734
v 4.70040506443693 2.32000656249646 0.713292449734671
v 4.60395333838721 2.32997476833256 0.709875425713672
v 4.49900996820584 2.33890202645365 0.69653545445288
v 4.38961994093753 2.35006392776728 0.666155621683393
v 6.00773921996809 2.17655944150892 0.696037609893529
v 5.90672203301615 2.17622000203664 0.707736957038277
v 5.80407553659723 2.17590884918704 0.712551340220183
v 5.69972052816782 2.17629354725563 0.714667179597425
v 5.58965727927948 2.17235604937713 0.715176338805852
v 5.48474785304534 2.18182075332934 0.715136737534085
v 5.38456229280049 2.18941288285944 0.715136737534085
v 5.28950792591168 2.19682397800432 0.715136737534085
v 5.19269413109152 2.20124234846856 0.715136737534085
v 5.09458480895215 2.20592661318609 0.7151537095077
v 4.99726185492357 2.22400176508526 0.715176338805852
v 4.90314094658354 2.19368416288569 0.714537061133049
v 4.80810355166834 2.21454837578212 0.7134451974972
v 4.71217229947613 2.2247655038979 0.71135198741811
v 4.62116291963205 2.22606103121712 0.70495921069008
v 4.53531301976669 2.24452653850941 0.695030606125751
v 6.1577035788235 2.07399214763354 0.678437673255564
v 6.05926613186092 2.07442210429843 0.696954096468698
v 5.95850918183773 2.07416752469422 0.707058078093708
v 5.85681311594121 2.07360744956495 0.712698430658173
v 5.75568843982304 2.07293422794492 0.714672836921963
v 5.65899910614272 2.07516321381292 0.71521028275308
v 5.5688609542775 2.07256084452541 0.715136737534085
v 5.48472522374719 2.08736040551702 0.715136737534085
v 5.39009515619873 2.09229924983877 0.715136737534085
v 5.29313992826513 2.09788868648239 0.715136737534085
v 5.19619035765606 2.10288976137405 0.7151537095077
v 5.09827904187552 2.10705355223408 0.715125422885009
v 4.99755037847501 2.11713490456093 0.714735067491882
v 4.90074789830393 2.105854199432 0.713009583507768
v 4.81201276292416 2.11615053009131 0.710752311017074
v 4.72785440309569 2.13600208189543 0.706237766035686
v 4.63622271755241 2.12656566456591 0.693610617666693
v 6.10988787182766 1.97224516581618 0.696037609893529
v 6.00867833584141 1.9717133773096 0.707765243660968
v 5.90613367126419 1.97174166393229 0.712551340220183
v 5.80167117366855 1.9723073963861 0.714667179597425
v 5.69202090947149 1.96943913284529 0.715176338805852
v 5.58767721569116 1.97832678969462 0.715136737534085
v 5.48822710763626 1.98599246444372 0.715136737534085
v 5.39391385026193 1.99416729840124 0.715136737534085
v 5.29734897772146 1.99987553886016 0.7151537095077
v 5.19966961224698 2.00509159208427 0.715125422885009
v 5.10201853339519 2.00942510268044 0.714689808895577
v 5.00386960998405 2.01457326801009 0.713382966927281
v 4.90596960885258 2.01948382570915 0.710718367069845
v 4.80431314422783 2.02345526753488 0.702288953508107
v 4.70961518878492 2.04232810219391 0.690962989782872
v 6.25984091603399 1.86968352926534 0.678443330580102
v 6.16140346907141 1.87012480057931 0.696954096468698
v 6.06043154071576 1.8698702209751 0.707075050067322
v 5.95783596021769 1.86766952172978 0.71276631855263
v 5.85858385852163 1.86914042610968 0.714661522272887
v 5.76157771466718 1.87323067175072 0.715204625428542
v 5.67250313981512 1.87032280693814 0.715136737534085
v 5.58816374560143 1.88403616161845 0.715136737534085
v 5.49386180287618 1.88875437028321 0.715136737534085
v 5.39802106787658 1.8946662744255 0.715148052183161
v 5.30228216471866 1.90186239123794 0.715119765560471
v 5.20385603240516 1.90874169787624 0.714701123544653
v 5.10527715232912 1.91271879702651 0.71335468030459
v 5.00869530781503 1.91676944139577 0.710786254964302
v 4.90888878831423 1.92372229325307 0.703397789117571
v 4.81383442142542 1.935002998382 0.69040857197814
v 6.21202520903814 1.76797614871975 0.696037609893529
v 6.11056675077223 1.76759145065116 0.707776558310044
v 6.00627397291273 1.7677611703873 0.712613570790102
v 5.89488125275795 1.76193412611308 0.714802955386339
v 5.78937215012276 1.77284710514703 0.715176338805852
v 5.68877926251117 1.77611703873004 0.715136737534085
v 5.59087926137971 1.7838506013736 0.715136737534085
v 5.49664520654892 1.79105803283511 0.715142394858623
v 5.40120614159152 1.79595727588509 0.715080164288705
v 5.30638938233331 1.80216336090336 0.71465020762381
v 5.21171405618855 1.81335354883968 0.713507428067119
v 5.10993313042396 1.82018759688168 0.711006890621287
v 5.01193695477535 1.8170704110612 0.703097950917052
v 4.91803668209231 1.83233387266494 0.691658840701056
v 6.36202916916532 1.66541451216891 0.678432015931026
v 6.26364263812358 1.66589538475464 0.696937124495084
v 6.16286305880223 1.6657256650185 0.707046763444632
v 6.06076532286351 1.66396623708716 0.712726717280864
v 5.96302372681911 1.66552765865967 0.714627578325658
v 5.87136375465315 1.66078682069676 0.715193310779466
v 5.78809359477716 1.67753250132947 0.715148052183161
v 5.69427818196219 1.68153788710243 0.715136737534085
v 5.59707968907344 1.68703114922891 0.715136737534085
v 5.49979633631663 1.69305619986196 0.715165024156776
v 5.40251298355981 1.69843065817314 0.714797298061801
v 5.30597639764203 1.7034769916611 0.713360337629129
v 5.2134904560935 1.71231938991412 0.710995575972211
v 5.1262658263654 1.7337549925889 0.706260395333839
v 5.02714384313371 1.72117310281622 0.69241126486462
v 6.31425306344124 1.56379199149138 0.696020637919915
v 6.212969982236 1.56347518131725 0.707748271687354
v 6.10903927314694 1.56382593543861 0.712585284167412
v 5.99843292110295 1.55853633699551 0.714780326088186
v 5.89399871013001 1.56745793779206 0.715170681481314
v 5.79268168497754 1.57515755648839 0.715136737534085
v 5.69818173589346 1.58436768083638 0.715136737534085
v 5.60232402892024 1.58990054423462 0.715148052183161
v 5.50497844559351 1.59558049807085 0.715131080209547
v 5.40632036297394 1.60194498817619 0.714310768151526
v 5.30461298242835 1.60839999547414 0.711431189961643
v 5.20180808092237 1.6162976205293 0.703991808194069
v 5.10492074088322 1.64158586121451 0.693814281350064
v 6.46430228216472 1.46115680972155 0.678398071983797
v 6.36594403774567 1.46185831796427 0.696897523223317
v 6.26526629026601 1.46171122752628 0.707012819497403
v 6.16357588169403 1.46005928876116 0.712692773333635
v 6.06637738880529 1.46188094726242 0.714604949027506
v 5.97531709304036 1.45767755513063 0.71518199613039
v 5.89233545671581 1.47430443194804 0.715142394858623
v 5.79896131521481 1.47937339473416 0.715136737534085
v 5.7029565178036 1.4857378848395 0.715148052183161
v 5.60760797003881 1.49199488577862 0.715114108235933
v 5.51191998280173 1.49791244724545 0.714712438193729
v 5.41483463640375 1.50403932972019 0.713258505787443
v 5.31652730790555 1.51329471266449 0.709711363302067
v 5.21006777474797 1.52243129179349 0.697055928310383
v 5.09701745850353 1.53972573290639 0.669380296670099
v 6.41665629490501 1.35987372851631 0.695952750025458
v 6.31533361242801 1.35986807119177 0.707703013091049
v 6.21156130842602 1.36011699347145 0.712562654869259
v 6.10157726208122 1.3549688281418 0.714763354114572
v 5.99764089566762 1.36418460981433 0.715165024156776
v 5.89683868704812 1.37244430363992 0.715131080209547
v 5.80276869462894 1.38236159355518 0.715142394858623
v 5.70755026532852 1.38839230151277 0.715097136262319
v 5.61213382966927 1.39438906552313 0.714661522272887
v 5.51696065896516 1.39988232764961 0.713377309602743
v 5.42375057987577 1.40663151582354 0.711006890621287
v 5.32986727916634 1.41188151299487 0.703952206922302
v 5.24473585951732 1.42580984600763 0.693333408764327
v 6.5663943607789 1.25579027166472 0.678528190448173
v 6.46859053416458 1.25762324481506 0.696818320679784
v 6.3679693599303 1.2586981364773 0.706916644980256
v 6.26610357429764 1.25724420407101 0.712658829386407
v 6.16932372342472 1.25851144476754 0.714582319729354
v 6.07890270533259 1.25430239531121 0.715176338805852
v 5.99621524988402 1.27081612563786 0.715142394858623
v 5.90316923320623 1.27655831004401 0.715136737534085
v 5.80717009311956 1.28394111856621 0.715074506964167
v 5.71171971351308 1.29143141625462 0.714616263676582
v 5.61535850465598 1.29751304013306 0.713286792410133
v 5.51994772632127 1.30431880155237 0.710774940315226
v 5.42353560154332 1.30926896052319 0.70325069867958
v 5.33490229800523 1.32034600196875 0.691590952806599
v 6.51837499009968 1.15373779432231 0.696150756384291
v 6.41805365406592 1.15692286803725 0.707595523924825
v 6.3137721908555 1.15925368574694 0.712494766974802
v 6.20352225025741 1.15299668480782 0.714757696790034
v 6.10037790927914 1.16093391113475 0.715159366832238
v 6.00042995666489 1.16900691325059 0.715125422885009
v 5.90692003937498 1.17902037768299 0.715051877666014
v 5.81216551068669 1.18661250721309 0.714565347755739
v 5.71587784704857 1.19413674884873 0.713190617892986
v 5.6200710559962 1.20217014969281 0.710707052420769
v 5.52181464341883 1.20826874554486 0.703324243898576
v 5.42869508152205 1.21946459080572 0.690804584695806
v 6.66658557834829 1.04982405720687 0.6791561534719
v 6.56638870345436 1.0486699630011 0.697791380500334
v 6.46679716228601 1.05203041377672 0.707273056426155
v 6.36660028739209 1.05865514081081 0.712630542763716
v 6.26995621230807 1.06039759676854 0.714565347755739
v 6.18065534447449 1.05278283794028 0.715170681481314
v 6.09808669284122 1.06853282945429 0.715131080209547
v 6.00531222774126 1.07323972346998 0.715012276394248
v 5.91046718186035 1.08024349124812 0.714463515914054
v 5.81557122005861 1.08845792647741 0.713020898156844
v 5.72073183150225 1.09810366481484 0.710480759439246
v 5.62312035392222 1.10552041728426 0.703307271924961
v 5.53058349645286 1.11773458096197 0.691828560437198
v 6.61608829952139 0.948976589991061 0.696835292653398
v 6.50428825199986 0.944490331632364 0.709111686901031
v 6.39841142326971 0.957649268507937 0.713026555481382
v 6.29759790000113 0.961343501431303 0.714774668763648
v 6.19955646575622 0.960958803362713 0.715165024156776
v 6.1008474672158 0.968449101051131 0.715114108235933
v 6.00681141874385 0.977398988470373 0.714655864948349
v 5.91189282764395 0.982405720686573 0.71303221280592
v 5.8181396453989 0.99089736481823 0.710186578563266
v 5.72133150790328 1.00045824328758 0.702916916531834
v 5.63031081341012 1.01447143616841 0.691896448331655
v 6.77371267580136 0.842002240300517 0.67874316878062
v 6.67301229902355 0.844163338274064 0.697186046774759
v 6.57288331202408 0.851003043640602 0.706820470463109
v 6.48206628121429 0.842251162580192 0.712302417940508
v 6.39944105633564 0.861237143729987 0.714095789819079
v 6.30645727022776 0.865276473450176 0.7150349056924
v 6.21001685882712 0.86812210769283 0.715136737534085
v 6.11125694436587 0.873796404204523 0.71506319231509
v 6.01221416367771 0.881275387243865 0.714101447143617
v 5.91261130786029 0.887175976737081 0.710905058779602
v 5.8145302723436 0.891441599438793 0.702950860479062
v 5.7247655038979 0.908600264762789 0.691953021577036
v 6.7136828051278 0.735169323723425 0.698515518041208
v 6.60589380070377 0.750478043923468 0.708783562077822
v 6.50483135515552 0.750585533089691 0.712936038288772
v 6.40450436179722 0.758194634593408 0.714712438193729
v 6.31129994003236 0.768575825120784 0.715131080209547
v 6.21656804064222 0.773514669442527 0.715074506964167
v 6.12045009674025 0.779313427094059 0.714610606352044
v 6.02253878095971 0.785564770708636 0.712992611534153
v 5.92362046141139 0.793598171552709 0.708874079270431
v 5.81735893461264 0.797920367499802 0.694357384505719
v 5.70770301309105 0.809778119731616 0.66419253006868
v 6.88679127866849 0.646564306808024 0.679054321630215
v 6.78589855285638 0.634746155847976 0.697842296421176
v 6.69128545728154 0.635074280671185 0.706509317613514
v 6.6067593713581 0.654575078353945 0.711063463866668
v 6.51289869994682 0.658082619567554 0.713846867539403
v 6.41543431280479 0.66333827406343 0.714983989771557
v 6.3179020377683 0.670924746268994 0.71506319231509
v 6.22289858680033 0.67818309365135 0.714616263676582
v 6.12774238806983 0.683795159593125 0.713303764383748
v 6.0339326325794 0.690419886627216 0.710859800183297
v 5.9389687828832 0.694544076215476 0.703188468109662
v 5.85166495061156 0.705496656521198 0.690521718468902
v 6.96175082879805 0.553869044251592 0.67515076769894
v 6.86479560086444 0.544636290605447 0.69653545445288
v 6.77966983853996 0.527839694051889 0.706356569850986
v 6.69586223283285 0.543352077935303 0.710825856236069
v 6.60359126961677 0.55358052070015 0.713083128726762
v 6.51349837634786 0.563610957106165 0.714565347755739
v 6.41973953677827 0.569585091818377 0.715040563016938
v 6.32416469603195 0.576594516921058 0.714604949027506
v 6.2279901788846 0.583196614656996 0.713275477761057
v 6.13345628585329 0.590302214276824 0.710933345402292
v 6.03753634831016 0.595031737590659 0.703918262975074
v 5.94782815310983 0.604524728165556 0.692077482716874
v 6.91594347201322 0.454073839399871 0.695307815028117
v 6.81110759099807 0.435133116846381 0.708704359534289
v 6.70822914427309 0.443703963521571 0.712670144035483
v 6.61273350607031 0.45599167241828 0.714316425476064
v 6.51792806146117 0.465942906280762 0.714893472578948
v 6.42401081680452 0.475390638259354 0.71459363437843
v 6.32849254930358 0.483220375420056 0.71329810705921
v 6.23348909833562 0.491033140607144 0.710955974700445
v 6.13655649970016 0.496786639662371 0.704172842579287
v 6.04526425362917 0.506896278611919 0.692897794774895
v 7.06466321947025 0.367777010896007 0.673221620031455
v 6.97160588814338 0.363092746178477 0.695002319503061
v 6.8787409058508 0.353956167049479 0.705089329154456
v 6.79014720358448 0.338918998427264 0.710367612948484
v 6.70839886400923 0.353514895735509 0.712743689254478
v 6.61668231859789 0.360201853339519 0.713852524863941
v 6.52380602165624 0.370147429877462 0.713920412758398
v 6.42871205349566 0.38078885733359 0.713026555481382
v 6.33367465858046 0.392109163734287 0.710972946674059
v 6.23619895678935 0.399412769712947 0.704376506262658
v 6.14398456681866 0.410348378045055 0.693520100474084
v 7.00297575270703 0.269650716783019 0.691279799957004
v 6.9100881411163 0.262675235627567 0.702430386621559
v 6.8152430952354 0.253323678166122 0.70537219538136
v 6.71614374130186 0.256124053812471 0.707369230943302
v 6.6227752571254 0.265854652017967 0.708721331507903
v 6.52849028637377 0.274255778957016 0.708941967164888
v 6.43477104807594 0.288082280128082 0.708636471639832
v 6.33591495909754 0.301750376212082 0.703533564906484
v 6.2430839207522 0.314960229008497 0.693684162885688
v 7.02301965354544 0.178624364965321 0.677747479661918
v 6.93215170681481 0.172853893936479 0.687280071508582
v 6.8369332775144 0.167677441984137 0.690278453513764
v 6.73705321279461 0.168028196105498 0.691500435613989
v 6.63595682329913 0.173187676084226 0.692875165476743
v 6.53621819169279 0.181826410653873 0.693865197270907
v 6.43638904289384 0.194713795951618 0.692660187144296
v 6.34322422240074 0.219594709270092 0.689933356716941
v 7.20220975096457 9.13607562711442 0.594420746540546
v 7.11307294554259 9.14753170930403 0.60563356377502
v 7.02359104332379 9.15555945282357 0.604734049173465
v 6.93169912085177 9.15933854561501 0.603942023738134
v 6.83713694119777 9.16092825381021 0.602703069664294
v 6.74013645466786 9.16188434165714 0.60150937418676
v 6.64098618481348 9.16246704608456 0.600423167875448
v 6.53942589470588 9.16163541937747 0.598952263495548
v 6.43384890417624 9.15624964641722 0.594630067548455
v 6.32080990258087 9.13799346013283 0.579044138446046
v 7.29969111008022 9.04710854142859 0.595885993595909
v 7.22804675212998 9.06658105248866 0.615901607811634
v 7.13919847025944 9.06587954424593 0.642191194940089
v 6.20360711012548 9.07017911089488 0.578229483712563
v 7.23439992758625 8.97192835564205 0.627476493816544
v 7.15645331010059 8.97799300754687 0.654252610855274
v 7.06765028682635 8.98748599812177 0.676570756157998
v 6.10401556895713 8.98657516887114 0.576600174245596
v 7.24542605311096 8.88333465337572 0.615929894434324
v 7.16725879996832 8.88061348027291 0.650711125694437
v 7.08169176632987 8.89266923886356 0.678030345888822
v 6.01194261209989 8.89913556081058 0.57502743802401
v 7.18691234541361 8.78410518097781 0.628483497584322
v 7.09597085346398 8.79395458299861 0.667813217773051
v 5.92157250992861 8.80459601045474 0.579389235242869
v 7.17777576628461 8.6881003835666 0.609995360993879
v 7.09806406354307 8.69580000226293 0.650977019947726
v 7.01015489754585 8.70886276462135 0.682901302316109
v 5.83478915151447 8.71091637342868 0.583632228646429
v 7.09904278068816 8.5920672995327 0.627685814824453
v 7.0136228374877 8.60543555741619 0.667937678912889
v 5.75453434561727 8.61763840644482 0.595444722281938
v 7.08355868342743 8.49147441192111 0.607805976397642
v 7.00479741120829 8.50150484832713 0.650224595784162
v 6.92208166913703 8.51487876353515 0.68160011767235
v 5.67400233081771 8.51838064742422 0.596728934952082
v 6.99865355675994 8.39431552030414 0.628223260655571
v 6.90893970423507 8.41055204172843 0.670155350131816
v 5.60034962265645 8.41890225274663 0.583275817200529
v 6.98230388884489 8.29086002647628 0.607347733110058
v 6.90089498874192 8.30313076339937 0.650694153720822
v 6.81409465835417 8.31935031285005 0.683076679376789
v 5.51318722349826 8.31890338421154 0.577505346171688
v 6.89533949604553 8.19355404442131 0.62728414478225
v 6.80204455708806 8.21175365746031 0.669267150179337
v 5.42012989217139 8.21559498082167 0.574716285174415
v 6.87937452619907 8.08858804494179 0.605831570133852
v 6.79665878412781 8.10248809133185 0.648866837895023
v 6.70515721704891 8.11828334144217 0.681922585171021
v 5.32778538373632 8.11130220296218 0.578947963928899
v 6.79447505685611 7.99033163236442 0.625168305405008
v 6.70411061200937 8.00733189260135 0.664741290548874
v 6.61054977879861 8.01659859019473 0.691160996141705
v 5.24195245584458 8.01162014460122 0.592610402688361
v 6.77810275964291 7.88440388771342 0.605644878424096
v 6.69661465699641 7.89763071248345 0.648301105441215
v 6.60722892929476 7.90977133094217 0.680315905002206
v 5.15422432423258 7.91229449768615 0.594482977110465
v 6.69362193231577 7.78510087009651 0.626599608513142
v 6.6042192326405 7.80122990235458 0.667145653477557
v 5.07225534900035 7.81731367601634 0.580520700150485
v 6.67724963510257 7.67819440830043 0.606832916577092
v 6.59611794390197 7.69253006867992 0.650954390649574
v 6.50673221620031 7.70656589085889 0.683438748147226
v 4.99567214672837 7.71462757832566 0.56548353152827
v 6.59264434663559 7.58083751032462 0.628087484866657
v 6.50333782147747 7.5976227922291 0.670019574342902
v 4.90823819599235 7.61728765232346 0.541066518821919
v 6.57316617825098 7.47574704970525 0.609916158450346
v 6.49262284880234 7.48847037259139 0.652657245335536
v 6.40421583824578 7.50867833584141 0.685537615550854
v 4.79468437786402 7.46205066699856 0.599472737353051
v 6.48685803509804 7.37664769577172 0.630395673278193
v 6.39665199533836 7.39602403231464 0.672384335999819
v 4.70568334823095 7.37347393670585 0.59281972369627
v 6.47024813025424 7.27096887340039 0.610272569896245
v 6.38680259331757 7.28644731333658 0.654563763704869
v 6.29175954107783 7.30989126622238 0.688728346590331
v 4.62174562405947 7.2829001708512 0.599195528450685
v 6.38594833731232 7.17276337674387 0.629354725563187
v 6.29654563763705 7.19342392595694 0.671501793371879
v 4.53546011020468 7.19021622294385 0.597158891616976
v 6.3693950057139 7.06644527669974 0.607896493590251
v 6.28768061008588 7.08118260712144 0.651638926918682
v 6.19877575496996 7.09675156425024 0.684168543012638
v 4.45210509046062 7.09883911700479 0.582574308957808
v 6.28279833900952 6.96867539403265 0.626893789389122
v 6.19074801145042 6.98626401602154 0.668277118385173
v 6.26550955522115 6.86340389902807 0.60554304658241
v 6.18063271517634 6.87812991480069 0.648872495219561
v 6.08688519025582 6.90237155044636 0.683591495909754
v 4.28292280014935 6.88741358436768 0.565698509860717
v 6.18027630373044 6.76555481381745 0.622605537389258
v 6.08536902727962 6.78697910184316 0.663196840949978
v 5.99192134055962 6.77696563741076 0.687828831988776
v 4.19644493726027 6.77990178884602 0.573664022810332
v 6.16375125875471 6.6597685022799 0.601707380545592
v 6.08183885676786 6.6735554021792 0.642875731209196
v 5.99269639402134 6.68154920175151 0.674341770289994
v 4.11329923852412 6.67627091795748 0.595778504429685
v 6.07839354612417 6.56119527952841 0.620025797399894
v 5.98817053439088 6.57572894626673 0.656690917731187
v 5.89565630621966 6.58510879035087 0.685441441033706
v 4.02808861633156 6.57870469897376 0.598018804946765
v 6.06154037632523 6.45543725461355 0.60097758568018
v 5.97982032337267 6.46767970491395 0.641404826829296
v 5.89098901347575 6.4800183297315 0.673476199635668
v 3.94232923365882 6.48130254240165 0.579875765153144
v 9.9092112558129 6.28759009289327 0.588056256435207
v 9.84793677374096 6.26839479073557 0.627521752412849
v 9.76123261787036 6.27539290118917 0.621428813885337
v 9.67094737556715 6.27811407429199 0.620863081431529
v 9.57778255507406 6.28106719770086 0.616303277853837
v 9.48307328498207 6.28292845747389 0.612988085674523
v 9.38713637546532 6.28445027777463 0.609752096038741
v 9.29069596406467 6.2850103529039 0.606352043991356
v 9.19452710424186 6.28352247655039 0.603206571548183
v 9.09946142270398 6.27532501329471 0.603189599574569
v 5.97610346115115 6.35619081024202 0.619686357927609
v 5.88610108507485 6.37254047815707 0.656436338126973
v 5.7937452619907 6.3897048008056 0.686125977302814
v 3.86179156153472 6.37188988583519 0.567887894456953
v 9.93998710130005 6.21231373258958 0.640165872755456
v 8.90939229019812 6.1998959052285 0.570716556725993
v 5.95903531301977 6.25022912164379 0.600932327083875
v 5.87752458107512 6.26342765979113 0.641495344021905
v 5.78884036161618 6.28272479379052 0.674483203403446
v 3.77279053190165 6.26463832724228 0.568527172129756
v 9.88773039454181 6.12340887747367 0.66678358470712
v 8.8253753634831 6.13168554327288 0.574659711929035
v 5.87322501442618 6.15033774227492 0.619646756655842
v 5.78323395299895 6.17321030538238 0.657499915140132
v 5.69061223566151 6.20717688190901 0.688745318563945
v 3.67955216618957 6.15729625145676 0.578093707923649
v 9.89152080198233 6.0425487378509 0.646060804924135
v 8.72710763625666 6.03701021712812 0.603823219922834
v 5.85668299747683 6.04220929837861 0.599687715685498
v 5.77298288093595 6.06075400821443 0.642773899367511
v 5.68530566524479 6.09684208144284 0.6774476414614
v 3.5872981749471 6.05334291306955 0.589085889501137
v 9.82205451397925 5.97074597481359 0.661703307271925
v 8.62768581482445 5.93943268349532 0.605429900091649
v 5.7711781944083 5.94608003982756 0.620472726038402
v 5.67215238569376 5.97725189803238 0.662116291963205
v 5.56930222559147 5.95367782668221 0.688315361899051
v 3.49795204851722 5.94592729206504 0.610662925289372
v 9.76072911598647 5.86441656012039 0.655463278306423
v 8.52583134384087 5.83907740351433 0.602357972867472
v 5.75451171631912 5.83094782815311 0.602544664577228
v 5.67415507858024 5.86504452314411 0.645438499224947
v 5.58123918036682 5.86635702243695 0.675948450458809
v 3.39769860037791 5.84609814326609 0.599280388318756
v 9.71532342924384 5.77739559407565 0.657098245097928
v 8.41813851393399 5.73023613672622 0.604751021147079
v 5.66924452088119 5.75405913035607 0.632811350855953
v 5.5832418732533 5.76528326223962 0.663677713535715
v 5.49078421832747 5.76961677283579 0.689576945271042
v 3.30881637456014 5.74906371278895 0.590053291997149
v 9.65873321188943 5.68773265747163 0.642547606385988
v 8.31597289010081 5.63142530634412 0.596463040698793
v 5.67424559577285 5.64481053620122 0.624693090143809
v 5.59000803340084 5.65814485013747 0.659050022063566
v 5.50123895407384 5.66277254160962 0.686125977302814
v 9.5503049297926 5.57867075502653 0.672480510516966
v 8.20007693961372 5.51270069358799 0.600864439189419
v 5.69284687885405 5.53754766295923 0.626661839083061
v 5.61198673923128 5.54923003813037 0.663547595071339
v 5.52394745476969 5.55512497029905 0.692269831751168
v 9.52404928661137 5.47705954899809 0.657794096016112
v 8.08170308097894 5.40409703443048 0.596723277627544
v 5.74187325330105 5.43230445457734 0.622978920808771
v 5.66061710096061 5.44267433045564 0.678641336938935
v 5.57088627646214 5.45172604971657 0.713688462452337
v 3.00337742274923 5.4111121168577 0.666908045846958
v 9.46060239191682 5.34686753940326 0.657709236148041
v 8.00058270442742 5.32177730507688 0.630814315294011
v 6.12763489890361 5.22713026555481 0.701576130616309
v 6.0214978332447 5.23943494642514 0.710226179835032
v 5.9149308109209 5.25952976318439 0.708687387560675
v 5.81499983028026 5.29691902105656 0.705191160996142
v 2.87281768705944 5.30166551634401 0.762092531200145
v 2.90759891831955 5.36090336158224 0.65396974462837
v 2.76476844570666 5.2772994195585 0.756870820651497
v 2.67282560731379 5.26793089012344 0.732832848689198
v 2.56946628800308 5.25734037858816 0.724782475871511
v 2.46414387707765 5.25239021961734 0.722117876014075
v 2.35917787759813 5.25086274199206 0.721795408515405
v 2.25498127425578 5.2506760502823 0.722168791934918
v 2.15144092055985 5.25061947703692 0.722547832678969
v 2.04838143944966 5.25058553308969 0.722808069607721
v 1.94560482456637 5.250557246467 0.723006075966554
v 1.84297530012107 5.25052895984431 0.723243683597153
v 1.74046457949107 5.25047804392347 0.723611409692128
v 1.6382254104389 5.25041015602901 0.724114911576017
v 1.53664249103314 5.25038752673086 0.724369491180231
v 1.43615143526324 5.25035924010817 0.723379459386067
v 1.33731797558299 5.25041581335355 0.719673911813625
v 1.24110385716387 5.25133795725326 0.70849503852638
v 1.13921544223306 5.2496803611636 0.702735882146615
v 1.03942023738134 5.24353084939071 0.709841481766443
v 0.938487910297462 5.23804890191331 0.712381620484041
v 0.84066711170953 5.23260089838314 0.712636200088254
v 0.753069098561909 5.23157692264174 0.698249623787918
v 9.43938176757448 5.24428893087881 0.672836921962865
v 7.70587569726525 5.15610821330376 0.754166619522296
v 7.58889919779138 5.15725665018499 0.724001765085256
v 7.46919021056562 5.15322297778934 0.71088242948145
v 7.36179156153472 5.14985686968919 0.71615505595094
v 7.25497561693124 5.1495909754359 0.713841210214865
v 7.14969280727758 5.14971543657573 0.712540025571107
v 7.04526991095371 5.14976069517204 0.712132698204365
v 6.94105067831321 5.14967017797943 0.71288512236793
v 6.83653726479673 5.14946085697152 0.71530079994569
v 6.73192201943857 5.14959663276043 0.719351444314954
v 6.62847784025978 5.15208019823265 0.721733177945486
v 6.52461501906518 5.15937248956224 0.717388352700241
v 6.42278317737975 5.17345357033752 0.705513628494812
v 0.432078161595819 5.14957400346228 0.72602142994535
v 9.47459861282402 5.15436575734604 0.63885903078716
v 0.310055328633983 5.10864891775382 0.689248820447834
v 0.243310213733721 5.09086794673063 0.593396770799154
v 9.65610255597923 4.93746959188061 0.712347676536812
v 9.56655276586597 4.99220986411106 0.708704359534289
v 9.53529039046854 5.05827610006676 0.603534696371392
v 9.48794424140935 5.05723515235175 0.712760661228092
v 0.201938199386746 5.03307837657415 0.66990642785214
v 0.163739944105634 5.01603285774092 0.566784716172028
v 9.80571616071327 4.81137914257589 0.78723368144737
v 0.131872234982632 4.9431438883923 0.645670449531008
v 0.109435285864609 4.84496667835847 0.682731582579966
v 9.85061268824747 4.73586517464161 0.751106006947195
v 0.0941718242608708 4.7464273995542 0.687834489313314
v 9.87036806553445 4.64806349781062 0.724731559950668
v 0.0866871838969913 4.64017153007999 0.696394021339428
v 9.8738077188536 4.55471198560777 0.699200054310316
v 0.08784127810276 4.54263359771897 0.711946006494608
v 9.84956042588339 4.44902184858737 0.684711646168294
v 0.0949977936434303 4.44713795951619 0.728980210678766
v 9.79046967108315 4.35218542446906 0.676978083524739
v 0.117762867584662 4.35106527421052 0.755988278023557
v 9.70406535341306 4.27966983853996 0.704461366130729
v 9.6234145347982 4.23552573516932 0.724856021090506
v 9.53998596983515 4.20353356490648 0.751247440060646
v 0.153172061868502 4.24267093606092 0.739497176995055
v 9.43771285683575 4.12590375759496 0.747061019902468
v 0.210627849877236 4.15566694198979 0.718412328441633
v 9.3926013509691 4.02552584831581 0.716647243185753
v 7.60830382095699 4.02936151435263 0.691155338817167
v 7.50469557936661 4.04073839399871 0.700648329392064
v 7.40428938346477 4.04147384618866 0.700178771455403
v 7.30171077494031 4.04066484877971 0.70366368337086
v 7.20469897376133 4.04082325386678 0.710514703386474
v 7.10535069754812 4.04046684242088 0.711006890621287
v 7.00440705581516 4.04034238128104 0.711301071497268
v 6.90224143198199 4.04052341566626 0.712805919824397
v 6.7992272094681 4.0407214220251 0.714921759201638
v 6.69579434493839 4.03974836220455 0.716726445729286
v 6.59167128681504 4.03526776117039 0.718802683834761
v 6.48397845690816 4.02419637704937 0.72740747445718
v 6.36336995508084 4.00471255134022 0.715900476346726
v 0.470876093277967 4.03022708500696 0.716483180774148
v 0.381744945180525 4.05932836243084 0.716251230468087
v 0.289536212534368 4.09672327762754 0.711097407813897
v 9.40943189146989 3.9232357633428 0.6758579332662
v 7.89363664135957 3.97031036082416 0.71901200484267
v 7.79008497301456 3.99233998257544 0.699239655582082
v 7.69919439698578 4.00672090155124 0.671829918195087
v 6.25103811905274 3.98475351036988 0.718847942431066
v 6.14881026464964 3.96809834692977 0.718593362826852
v 6.05450266459986 3.94817324990665 0.702566162410473
v 5.9696031952569 3.93979475226576 0.730988560889784
v 5.87953858861067 3.93289847365384 0.760955408967991
v 5.77615664000181 3.91050678313212 0.769039725732906
v 2.82538667813218 3.89300867833584 0.705587173713807
v 2.72173317794549 3.92298684106312 0.712330704563198
v 2.6153019314106 3.93614012061416 0.718197350109186
v 2.50950996254851 3.93934782362725 0.721501227639425
v 2.40499089170749 3.93965897647684 0.722734524388726
v 2.30144488068703 3.93967029112592 0.723000418642016
v 2.19853814733936 3.93967594845046 0.723011733291092
v 2.09604439868298 3.93967594845046 0.72301739061563
v 1.99383351625349 3.939681605775 0.723073963861011
v 1.89186024145461 3.93970423507315 0.723232368948077
v 1.79015286090902 3.93974949366945 0.723554836446748
v 1.68875097588848 3.93981738156391 0.724080967628789
v 1.58769418766477 3.93989092678291 0.72460709881083
v 1.48668265803736 3.9398456681866 0.724301603285774
v 1.38502053608807 3.93968726309953 0.722779782985031
v 1.28227786515201 3.93999841594913 0.720132155101209
v 1.17857344904448 3.94120908340028 0.716188999898168
v 1.07129926115342 3.9470361276745 0.721625688779262
v 0.966254059130356 3.95469048777452 0.727350901211799
v 0.860479062241885 3.95998008621763 0.724788133196049
v 0.757419581131691 3.96525837001165 0.712919066315158
v 0.648267161493987 3.98358810151503 0.71689050814089
v 0.553755897760831 3.99545151107138 0.690748011450425
v 9.49199488577862 3.7987972528032 0.5768830404725
v 9.43309648001267 3.80540500786368 0.660498297145314
v 8.00605333725575 3.91482332175468 0.705089329154456
v 5.66615562168339 3.86241952455845 0.760514137654021
v 5.54472680779806 3.81541847229608 0.764655299215895
v 2.92187800545366 3.84593408085448 0.69680134870617
v 8.1550729229133 3.80903135289259 0.67685927970944
v 5.64992475758364 3.77557393557439 0.6961224697616
v 5.55119878706962 3.70990371233636 0.700133512859099
v 5.44445638768514 3.73039454181329 0.741641302994988
v 3.01555198515518 3.78211380274041 0.683263371086546
v 9.62002014007536 3.54948461773458 0.613463300935722
v 9.53505278283794 3.57314354895283 0.668922053382514
v 8.2902094341544 3.68781186001516 0.66451499756735
v 5.65195007976828 3.67439834353538 0.648363336011134
v 5.56463493284756 3.60018556024485 0.668288433034249
v 5.46274651791675 3.6230581233523 0.701423382853781
v 3.12493069777441 3.7096717620303 0.683342573630079
v 9.69070841017866 3.46012717665562 0.587846935427298
v 8.38810377796133 3.59386067141128 0.66321947024813
v 5.66043040925086 3.56590783086863 0.625513402201831
v 5.58330976114776 3.49254930358335 0.655655627340718
v 5.48469127979996 3.51250834455369 0.683636754506059
v 3.23217659904278 3.61404034803861 0.66416424344599
v 8.49016756995282 3.49201751507677 0.663174211651826
v 5.67405890406309 3.44317217501499 0.624811893959109
v 5.60104547357464 3.38975005940191 0.655870605673165
v 5.51086772043765 3.40366707776558 0.679093922901981
v 3.40493997578665 3.47708217829624 0.670500446928639
v 9.80496373654971 3.27706746925244 0.610057591563798
v 9.72845407949672 3.28467657075616 0.66816962921895
v 8.59112252633485 3.38973874475283 0.662563220601713
v 5.81949740328804 3.30089046288229 0.558145981602381
v 5.7439608060556 3.29699256627556 0.6159412090834
v 5.66284608682862 3.31698555119313 0.643345289145857
v 3.49630576707663 3.37536348310157 0.661731593894615
v 9.86169538701757 3.19649585318111 0.597136262318824
v 8.69051040381983 3.29057716024937 0.662625451171632
v 5.78400900646067 3.20997160023082 0.616806779737726
v 5.69610549778799 3.20312623753974 0.650858216132427
v 5.60522057908374 3.20469897376133 0.674630293841436
v 3.59196546769102 3.27103110397031 0.6587728131612
v 8.78919677306208 3.19793847093832 0.664871409013249
v 5.92189497742728 3.0837623471108 0.564261549428044
v 5.84377298288094 3.07618718955432 0.620823480159763
v 5.75719894547471 3.10584288478293 0.645738337425465
v 3.69467985200439 3.16790373496566 0.661957886876139
v 9.96133218678223 3.0129552731922 0.622384901732273
v 9.90648442538555 3.05153256921737 0.655978094839389
v 8.88900329256288 3.11461173781695 0.669374639345561
v 5.88876002760774 2.98442538554667 0.620947941299601
v 5.79403378554214 2.99115760174698 0.653279551034725
v 5.70123103381949 3.00022063565698 0.675852275941662
v 3.79450900080334 3.06276801574999 0.662393500865571
v 9.88059650829929 2.9623674771727 0.650422602142995
v 9.78905533994863 2.94678720539482 0.651146739683869
v 9.69652979712834 2.94852400402801 0.655027664316991
v 9.60535069754812 2.95281791335242 0.658342856496306
v 9.51227073692309 2.95695907491429 0.661047057625508
v 9.41653749108971 2.96109457915163 0.663768230728324
v 9.31705343908759 2.96616354193775 0.66590104207918
v 9.21200257973999 2.97475136058655 0.666710039488125
v 9.09700048652991 2.99012231135651 0.662800828232312
v 8.98742376755185 3.03483214718096 0.667926364263812
v 6.02372116178817 2.88021746755524 0.564154060261821
v 5.93881037779613 2.88228239101164 0.621524988402485
v 5.84466684015795 2.88849979067899 0.652249917968794
v 3.87513153279551 2.95118294656091 0.654246953530736
v 5.98838551272332 2.78495377965852 0.621015829194058
v 5.89526595082654 2.78630588022312 0.6536472771297
v 5.79919326552087 2.78922505968477 0.677600389223928
v 3.86594403774567 2.85033547934511 0.593928559305733
v 6.12544551430737 2.67611817019495 0.564584016926715
v 6.03994071123884 2.67981240311832 0.621564589674251
v 5.94686640793836 2.68533395186748 0.6520575689345
v 4.03332729885383 2.75465880675711 0.664877066337788
v 6.09018906778606 2.58132969755943 0.621021486518596
v 5.99746551860694 2.58273271404487 0.653517158665324
v 5.90177753136986 2.58474672158043 0.677521186680395
v 4.11560742693565 2.65073941231713 0.658982134169109
v 6.22753193559702 2.47180389450221 0.564674534119324
v 6.14195924463403 2.47573007773164 0.621575904323327
v 6.04903203177154 2.48138740226972 0.651995338364581
v 4.19388782656906 2.54504927529673 0.648798950000566
v 6.19229811837386 2.37708896708569 0.621027143843134
v 6.09962548511558 2.3785768434392 0.653494529367172
v 6.00403367239565 2.38055690702753 0.677481585408629
v 4.29828809359478 2.45272173883527 0.661211120037112
v 6.32968058745658 2.2674783041604 0.564691506092938
v 6.24410223916905 2.27143277401251 0.621575904323327
v 6.15119765560471 2.27712969982236 0.651984023715504
v 6.29445242755796 2.17278034871748 0.621027143843134
v 6.20179110894876 2.17427388239554 0.653488872042634
v 6.10624455482513 2.17628223260656 0.677470270759552
v 4.44940654665596 2.24353084939071 0.66590104207918
v 6.43184621128976 2.06316968579219 0.564680191443862
v 6.34626220567769 2.06712415564431 0.621575904323327
v 6.25335762211335 2.07282108145416 0.651984023715504
v 4.5381812833075 2.14243445989523 0.668724047023682
v 6.3966123940666 1.96847173034928 0.621027143843134
v 6.30394541813286 1.9699596067028 0.653488872042634
v 6.20840452133377 1.97196229958928 0.677470270759552
v 4.60987655717858 2.03166404543963 0.649104445525622
v 6.5340061777984 1.85886106742399 0.564668876794786
v 6.44842217218633 1.86281553727611 0.621575904323327
v 6.35550627397291 1.86851246308596 0.651984023715504
v 4.70999422952897 1.94011721976443 0.654812685984544
v 6.49877801789978 1.76415179733201 0.621021486518596
v 6.40609972731696 1.76566230298367 0.653488872042634
v 6.31055317319333 1.76767631051923 0.677464613435014
v 4.81544110159423 1.83896991434811 0.660305948111019
v 6.6361604869825 1.65450153313495 0.564702820742015
v 6.55059345334405 1.65846731763614 0.621575904323327
v 6.45769452710424 1.66420950204229 0.651972709066428
v 4.91753318020842 1.7344225568844 0.661986173498829
v 6.60094364173295 1.55974700444666 0.621044115816748
v 6.5083049524219 1.56131408334371 0.653477557393557
v 6.41276405562282 1.56344689469456 0.6774476414614
v 4.99970016179948 1.62321652843937 0.654682567520168
v 6.73826388024575 1.45015331349498 0.564798995259162
v 6.6526968466073 1.45397766488272 0.621643792217784
v 6.55989975220918 1.45973116393795 0.651984023715504
v 4.99069370113486 1.52195607653229 0.594748871363755
v 6.70282639933922 1.35520643577239 0.621236464851043
v 6.61037440173793 1.35650196309161 0.653585046559781
v 6.51508242721852 1.35894592729207 0.677430669487786
v 5.15791855715595 1.42760887521074 0.6656068612032
v 6.84012400855387 1.24636516898428 0.564827281881852
v 6.75424582206583 1.2498444235752 0.621904029146536
v 6.66153358753578 1.2544494857492 0.652289519240561
v 5.23950849164413 1.32420995462826 0.659757187630826
v 6.8036851812041 1.15214242880257 0.621587218972404
v 6.71152170715425 1.15139000463901 0.654015003224675
v 6.61605435557416 1.15230083388964 0.677968115318903
v 5.32832848689198 1.22400742240979 0.657301908781299
v 6.94159378146887 1.04307486903294 0.565025288240685
v 6.85327728810491 1.04979577058417 0.622390559056811
v 6.76192846878854 1.04949593238366 0.652934454237902
v 5.42971905726344 1.12307509532592 0.662014460121519
v 6.90089498874192 0.959787737183331 0.621411841911723
v 6.81259546735158 0.946792862719363 0.654535477082178
v 6.71752412848915 0.946238444914631 0.678347156062955
v 5.52954820606239 1.02090947149274 0.663949265113542
v 7.04829657958158 0.841097068374424 0.561449859132619
v 6.96735723741528 0.833193785994727 0.621689050814089
v 6.87827134791414 0.854244690600921 0.64822756022222
v 5.62328441633383 0.916746812097623 0.663909663841776
v 7.01419988459058 0.749719962435365 0.622339643135968
v 6.92013554949593 0.745805093855014 0.655140810807753
v 6.82309546169426 0.744758488815469 0.678663966237087
v 5.60283884545321 0.816312329573098 0.607483508898972
v 7.1327434629615 0.636805421979837 0.582664826150417
v 7.06217399667349 0.658608750749595 0.625077788212399
v 6.98101401885021 0.650066190697095 0.653143775245811
v 5.76277706746925 0.698560776637513 0.654857944580849
v 7.06252475079485 0.561274482071938 0.641987531256718
v 5.85222502574083 0.605016915400368 0.659134881931637
v 7.24213914755434 0.417787759812629 0.578682069675609
v 7.18645975945056 0.465071678301898 0.610017990292031
v 7.10433237913126 0.462916237652889 0.64551770176848
v 7.01419988459058 0.462610742127833 0.673346081171292
v 5.9470813862708 0.509419445355902 0.662851744153155
v 7.15850126158337 0.370430296104366 0.640086670211923
v 6.04419501929148 0.414857265701904 0.665386225546215
v 7.30773582557337 0.277763320170625 0.571757504441
v 7.25016689107387 0.243581765311549 0.616156187415847
v 7.1736289473982 0.275930347020287 0.643554610153766
v 7.0920220409364 0.276173611975425 0.670568334823095
v 6.14182912616965 0.321471809551827 0.666947647118725
v 7.2689944671366 0.158444688337991 0.602595580498071
v 7.18669170975662 0.180293275704054 0.640375193763365
v 7.10781729104672 0.183404804199998 0.661675020649235
v 6.23821862164945 0.230213507428067 0.665686063746733
v 7.2024813025424 0.0978151412633939 0.60766454328419
v 7.12692207601181 0.0926896052318935 0.630497505119879
v 7.04291080662133 0.0924350256276801 0.644086398660345
v 6.95332141523631 0.0886842194589336 0.651978366390966
v 6.85906473110736 0.0862289406094069 0.655005035018839
v 6.76050848032948 0.0865910093798437 0.656453310100587
v 6.65886898767835 0.0896120206831783 0.658342856496306
v 6.55477421617769 0.0962141184191172 0.660526583768004
v 6.44662314298322 0.110776071780134 0.661013113678279
v 6.3299804256571 0.142474061166993 0.654558106380331
v 7.25244679286272 9.14610606352044 0.524015342664147
v 6.13619443092972 9.04524162433102 0.509459046627669
v 7.31321777305077 8.96590896233353 0.588033627137054
v 6.04531516955002 8.9554598839117 0.490371233636189
v 7.31847908487118 8.89164526312216 0.560539029881988
v 5.95199194396986 8.85535918353492 0.495988956902502
v 7.27186273067741 8.81079643814847 0.57573460359127
v 5.86508412441588 8.75745352507892 0.494297416865616
v 7.25169436869916 8.72657019042554 0.561472488430771
v 5.77802355709938 8.66364942691302 0.497923761894525
v 7.18123239157737 8.61473054163225 0.576096672361707
v 7.15921408447517 8.53118883017843 0.55596791165522
v 7.08250076373881 8.41559271789185 0.574382503026669
v 5.55535126328057 8.39490953938064 0.499434267546192
v 7.06006381462079 8.33154184722961 0.554666727011462
v 5.46233353322547 8.28791821771648 0.495666489403831
v 6.98114413731458 8.21360360258426 0.573545218995033
v 5.36366979328136 8.17635012050101 0.492877428406558
v 6.95842997929419 8.12878899310938 0.554315972890101
v 5.26949231169595 8.06469716341748 0.497431574659712
v 6.87954990325975 8.01042644912368 0.572085629264208
v 6.85669431212591 7.92488770210792 0.553586178024689
v 6.77760491508356 7.80568787409058 0.572860682725925
v 6.75443251377559 7.71960602391917 0.55369932451545
v 4.9598725970514 7.68566773401523 0.477404645794911
v 6.67803600321336 7.59987440739526 0.568945814145574
v 4.8221959470927 7.52616512598862 0.517266154490219
v 6.65260632941469 7.51674002330818 0.555204172842579
v 4.73803758726423 7.42858193503128 0.504288251999864
v 6.56990190199251 7.39552053043075 0.577974904108349
v 4.65062060850183 7.33364071463324 0.502217671218927
v 6.54875482286917 7.31114153494529 0.557376585465202
v 6.47012932643894 7.19268847376699 0.575474366662518
v 6.44727939262964 7.10701960828685 0.555888709111687
v 6.36873309874294 6.98843642864417 0.573154863601905
v 4.36927054457406 6.99593238365712 0.57193288150168
v 4.3282719136466 6.96055147599597 0.490976567361763
v 6.34572475984657 6.90319186250438 0.553897330874283
v 4.23429243842002 6.84013532320295 0.483322207261742
v 6.26664102012876 6.78504429685113 0.571010737601973
v 4.1392663581539 6.72944411129089 0.497912447245449
v 6.24394383408199 6.69929057150292 0.552030413776717
v 6.16448671094466 6.58074699313201 0.569703895633677
v 6.14183478349419 6.49479526142497 0.551164843122391
v 9.00196874893925 6.25264479922155 0.590132494540682
v 6.06228148583972 6.37641574546565 0.569647322388296
v 3.81339315011145 6.32999739763071 0.484730881071724
v 6.03961824374017 6.2904923003813 0.551266674964076
v 3.71345651214628 6.21232504723866 0.496328396374786
v 9.94864280784332 6.13771059390593 0.609322139373847
v 5.95943132573743 6.1708059424537 0.569817042124439
v 3.61917719871918 6.10509046061936 0.500214978332447
v 9.9244690600921 6.07568368767043 0.573567848293185
v 5.93686991547957 6.08391509487333 0.549897602425861
v 3.52429255156651 6.00440705581516 0.510364218553762
v 9.86650411287494 5.99051266674964 0.581505074620111
v 5.85985109921816 5.96105497787986 0.563158371143119
v 9.81403242778425 5.9084984329211 0.59529197451941
v 5.83300709428497 5.87448094047363 0.552624432853215
v 9.76204727260384 5.82177164775235 0.576356909290458
v 5.74675552437741 5.72434686188208 0.585244566139781
v 9.70663377875335 5.73519195302158 0.574116608773379
v 5.74763240968081 5.62192665844469 0.567310847354069
v 3.22202170149693 5.64643984566819 0.596570529865016
v 3.17912220952467 5.62263382401195 0.504576775551306
v 9.61807402043426 5.6143062422919 0.605062173996674
v 5.75576764236657 5.52033242438986 0.569573777169301
v 3.13871759767371 5.54817777576628 0.616891639605798
v 3.06133105531732 5.47462124212218 0.624280105452529
v 3.07546870933798 5.52047385750331 0.526759145065116
v 9.56520066530137 5.52037768298616 0.584554372546136
v 5.78063158371143 5.44384539663502 0.522584039556013
v 9.50703205440083 5.40786481257284 0.591790090630339
v 7.90401783188694 5.24962944524276 0.662789513583236
v 6.30100926669759 5.2026736515767 0.589561104762336
v 6.19762731808873 5.22188026838348 0.598505334857039
v 6.09377015421867 5.24066824317444 0.606374673289508
v 5.9891096502642 5.26014641155905 0.609129790339553
v 5.89481902218803 5.29537457145767 0.60094929905749
v 5.81379482015365 5.35795023817336 0.590223011733291
v 2.78953055520983 5.31022504837012 0.654213009583508
v 2.67004786096559 5.28099365248187 0.630067548454985
v 2.55672599314332 5.26445163553252 0.621162919632048
v 2.44732465122594 5.25899231735328 0.618311628064856
v 2.34077460087575 5.25777599257759 0.617757210260124
v 2.23602357972867 5.25771376200767 0.617881671399962
v 2.13236442221745 5.25770810468313 0.61809099240787
v 2.02936151435263 5.2577024473586 0.618260712144013
v 1.92676027653002 5.25769679003406 0.618419117231079
v 1.82445321958339 5.25769113270952 0.61862278091445
v 1.72249691675813 5.25767981806044 0.618894332492278
v 1.62108371708851 5.2576741607359 0.619069709552958
v 1.52042859890701 5.25769113270952 0.618645410212602
v 1.42057116348536 5.25771376200767 0.616671003948813
v 1.32121722994761 5.25766284608683 0.611353118883018
v 1.21945893348118 5.25718197350109 0.605650535748634
v 1.11639945237098 5.25586947420826 0.603642185537616
v 1.01559158642695 5.25364614566479 0.605407270793496
v 0.916565777712404 5.25155859291024 0.605118747242054
v 0.819429515393581 5.25043278532716 0.600672090155124
v 0.716268202441702 5.24420407101074 0.604847195664226
v 0.613859313653387 5.22697751779229 0.618204138898632
v 9.4665878412781 5.28125954673516 0.583275817200529
v 7.78235706769555 5.21067310847354 0.653007999456897
v 7.66925583553026 5.18324074178839 0.639198470259445
v 7.55554361231486 5.16671569681266 0.620229461083264
v 7.44410563356378 5.15777146671796 0.611833991468755
v 7.33742546474921 5.15490886050169 0.611307860286713
v 7.23209739649925 5.15445061721411 0.609146762313167
v 7.12789513583236 5.15444495988957 0.607907808239327
v 7.02438872608366 5.15444495988957 0.60795872416017
v 6.92130095835078 5.15445627453864 0.609916158450346
v 6.81855828741472 5.15449587581041 0.61393851619692
v 6.71624557314355 5.15516909743044 0.618294656091241
v 6.61381405505708 5.15867098131951 0.620336950249488
v 6.51023975741392 5.16796596553558 0.614046005363144
v 6.40734433871534 5.18335388827916 0.594912933775359
v 0.509379844084136 5.20159310258992 0.627521752412849
v 0.409963679976466 5.17069279596293 0.624268790803453
v 0.325477195324787 5.14294927642819 0.593549518561682
v 9.46869802333081 5.16695330444326 0.549586449576266
v 9.73520892499519 4.90324843574977 0.639634084248877
v 9.63812923592175 4.97058191240199 0.606765028682635
v 9.81126033876059 4.82649551374164 0.684061053846415
v 0.108524456613978 4.92505176451952 0.562451205575859
v 0.0894309862979602 4.83854561500775 0.590290899627748
v 9.85573256695444 4.74298774623505 0.649890813636415
v 0.0797399893642303 4.74537513719012 0.598641110645953
v 9.87568029327571 4.64748645070773 0.626701440354827
v 0.0768604111743474 4.64701689277107 0.607042237585001
v 9.87541439902241 4.54154739140766 0.608151073194465
v 0.0779466174856591 4.54692184971883 0.615607426935654
v 9.85013747298628 4.43785994727373 0.597690680123556
v 0.082455505142508 4.45219560765323 0.625717065885201
v 9.80147882463425 4.34982066281214 0.57161041400301
v 0.0926160600128988 4.36282119460065 0.646258811282968
v 9.72031884681097 4.27745216732103 0.605294124302735
v 9.62105543046582 4.21300392618323 0.635425034792546
v 0.115907265136172 4.28253810208076 0.669069143820504
v 9.52884104049513 4.14164809178443 0.658099591541168
v 0.152476210950317 4.19419332209412 0.638921261357079
v 9.46393455606974 4.03769475339722 0.646999920797456
v 7.63978117468687 4.0104886796936 0.579202543533112
v 7.53416458288546 4.02684400493319 0.596598816487707
v 7.42882519998642 4.03478688858465 0.601209535986241
v 7.32415338138288 4.036399226078 0.603042509136579
v 7.2210373270273 4.03602584265849 0.605197949785587
v 7.12080650818615 4.03577692037881 0.606120093685294
v 7.02056437469592 4.03550536880099 0.605922087326462
v 6.91907762980731 4.03499055226802 0.608009640081013
v 6.81600683404804 4.03459453955036 0.611766103574298
v 6.71232504723866 4.03405709371924 0.614475962028038
v 6.60915807696224 4.03105871171406 0.615726230750953
v 6.50625134361458 4.02239734784626 0.620235118407803
v 6.4047249974542 4.00741675246942 0.624676118170195
v 0.394145800567995 4.02769826093844 0.617949559294418
v 0.302689492085403 4.06763897217728 0.619873049637365
v 0.219549450673788 4.12170036546317 0.618973535035811
v 9.46004797411208 3.91825731774929 0.59644041140064
v 7.85025061947704 3.94697955442912 0.601294395854313
v 7.74776818546973 3.98323169006913 0.579451465812788
v 6.29261945440762 3.986331903916 0.619539267489619
v 6.18786843326054 3.96549597764225 0.611585069189079
v 6.08203686312669 3.94288365146355 0.608875210735339
v 5.97317296704043 3.91615845034566 0.621689050814089
v 5.86730745295935 3.88568810038357 0.664814835767869
v 2.74444733596588 3.89780608954413 0.602940677294894
v 2.63789162829115 3.92214955703149 0.611500209321008
v 2.53084939070615 3.93074869032937 0.616110928819543
v 2.42534028807097 3.93246851698895 0.6178873287245
v 2.32116631402677 3.93253074755886 0.618317285389394
v 2.21788053993505 3.93253074755886 0.618339914687546
v 2.11516049829715 3.93253074755886 0.618300313415779
v 2.01281384007875 3.93253074755886 0.618283341442165
v 1.91077833470995 3.93253074755886 0.618305970740317
v 1.80908792613797 3.9325364048834 0.618413459906541
v 1.70783313155542 3.93254206220794 0.618679354159831
v 1.60707052420769 3.93255903418155 0.619165884070106
v 1.50664735633224 3.93258732080425 0.620031454724432
v 1.405511365565 3.93267783799685 0.620806508186149
v 1.30336271370543 3.93297201887283 0.62033129292495
v 1.20062570009391 3.93382061755355 0.617734580961971
v 1.09664407508401 3.93550084294136 0.618498319774612
v 0.992996232221858 3.93763365429221 0.621785225331236
v 0.890887181634062 3.94023602357973 0.622939319537005
v 0.78711487763207 3.94437152781706 0.617570518550367
v 0.681221076928299 3.95508084316765 0.613666964619092
v 0.582410246546204 3.97174166393229 0.599393534809518
v 0.481568436654937 3.99722791097634 0.601967617474344
v 7.9502890892839 3.89757979656261 0.614447675405347
v 5.75809280275172 3.83472692094455 0.681639718944117
v 2.84564555730304 3.85436349441622 0.593130876545864
v 9.56872517848859 3.64254194906145 0.606306785395051
v 8.06096898654688 3.83021237596316 0.629117117932587
v 5.73921431076815 3.74751360586551 0.616342879125604
v 3.0435444269696 3.72031318948643 0.594794129960059
v 2.94192190629208 3.79552731922019 0.590477591337505
v 8.17286520858556 3.72427897398762 0.61037440173793
v 5.73443387153347 3.64787114877632 0.573460359126962
v 3.13631323474502 3.63639243728856 0.589985404102692
v 3.06843099761261 3.67952953689141 0.494365304760073
v 8.27809144499383 3.61475882825494 0.595535239474548
v 5.73097724624071 3.51736232900737 0.580650818614861
v 3.21664158586121 3.54176802706464 0.571457666240482
v 9.75298989601838 3.36458627985653 0.600496713094443
v 8.38580690419887 3.5086613638678 0.598273384550978
v 5.80490150597979 3.39051945553909 0.485438046638983
v 5.75228838777565 3.39523200687931 0.582110408345685
v 3.30609520145733 3.50254579604214 0.634010703658026
v 8.48899650377344 3.40490037451488 0.597351240651271
v 3.39382899039386 3.39381767574479 0.612337493352644
v 8.58945361559611 3.30320996594291 0.595122254783268
v 5.91169482128512 3.16262545117163 0.494065466559555
v 5.85200439008384 3.17172242902886 0.583813263031647
v 3.48706735610595 3.28164990212829 0.595161856055034
v 9.92599088039285 3.10812844389631 0.589826999015626
v 8.68747807786742 3.20626039533384 0.595014765617044
v 3.59330625360654 3.17390049897602 0.602635181769837
v 3.5257917425691 3.18589402699675 0.520083502110182
v 8.78428055803849 3.11810796438148 0.603008565189351
v 6.01447709349295 2.95689118701983 0.487106957377717
v 5.9643588554101 2.97176995055498 0.571893280229914
v 3.6907140675032 3.07191025220353 0.606567022323803
v 3.61374050983809 3.09246331225037 0.52250483701248
v 9.9721885925708 2.95053801156357 0.588933141738609
v 8.98205496656521 2.97502291216438 0.617632749120286
v 8.88718729138616 3.04366888810944 0.622124664803521
v 3.78112377094624 2.96509430760005 0.601854470983582
v 3.70159310258992 2.99746551860694 0.532082687455449
v 9.89794186533305 2.9109933130424 0.604649189305394
v 9.8174720811034 2.89986535567599 0.587077539290119
v 9.72778085787669 2.89809461309557 0.588865253844152
v 9.63683370860253 2.89849062581324 0.591269616772836
v 9.54430816578224 2.89988798497415 0.595071338862425
v 9.44958192371664 2.90131363075774 0.599195528450685
v 9.35298310722893 2.90339552618775 0.603381948608864
v 9.2546135481608 2.90759326099501 0.607749403152261
v 9.15579140312963 2.91732951652505 0.611166427173261
v 9.06267184123284 2.92907977959064 0.60583722745839
v 6.11667100394881 2.7525486247044 0.488108303820957
v 6.06547221687919 2.76803272196513 0.572713592287935
v 3.94826376709926 2.77439155474593 0.623233500412985
v 6.21885925708014 2.54817211844175 0.488391170047861
v 6.167434177029 2.56379199149138 0.572888969348616
v 4.0157782781367 2.66965750557246 0.605950373949152
v 4.09367963702606 2.56022221970786 0.582121722994761
v 6.32103053823786 2.34382955612632 0.488464715266856
v 6.26956585691495 2.35947205847411 0.572917255971306
v 4.19845894479583 2.45385320374289 0.597685022799018
v 4.13265294576889 2.46858487684004 0.512825154727826
v 4.29059978954753 2.35018273158258 0.607896493590251
v 6.42319616207103 2.13949830845996 0.48845340061778
v 6.37172582342359 2.15515212545683 0.572917255971306
v 4.36702458673244 2.2441984136862 0.608241590387074
v 4.44544076215476 2.1525327841957 0.621394869938109
v 6.5253448139306 1.93520666206538 0.488413799346013
v 6.47388578993222 1.95084350708863 0.572911598646768
v 4.50965139566196 2.06040891141761 0.598369559068126
v 4.59959719849289 1.94865412249239 0.577250766567475
v 6.62750478043924 1.7308867290481 0.488459057942318
v 6.57604575644086 1.74651791674681 0.572917255971306
v 4.71187811860015 1.84464986818434 0.596491327321483
v 4.64724884307713 1.85769000124461 0.506364490105339
v 4.81316685712993 1.74370622645139 0.605288466978197
v 4.73828085221937 1.76270352225026 0.519512112331836
v 6.72967606159695 1.52654416673267 0.488521288512237
v 6.67818875097589 1.54214141048415 0.572962514567611
v 4.90503049297926 1.63687330987429 0.601871442957197
v 4.82587320804245 1.668622215182 0.531658388115093
v 6.83175682556205 1.32239395345153 0.488476029915932
v 6.78017899774838 1.33797988255394 0.573064346409296
v 5.07272490693701 1.446515653817 0.623946323304783
v 5.14031862051798 1.34175897534538 0.606923433769702
v 6.93343026216042 1.1190753668775 0.488266708908023
v 6.88198821013566 1.13496679150496 0.57275885088424
v 5.22014346975029 1.23290639390819 0.586381688371935
v 5.32712347676537 1.12931512429142 0.603579954967697
v 5.25593170477818 1.14306242291895 0.51905952636879
v 7.03651237256877 0.913980380398502 0.492243808058293
v 6.97490410834908 0.923009470361277 0.586178024688564
v 5.42666975933741 1.02464330568787 0.611211685769566
v 5.51888414930811 0.921544223305914 0.611471922698318
v 7.14438623686086 0.700308889919779 0.501238954073839
v 7.09005329199715 0.736442221744492 0.572838053427773
v 5.67364591937181 0.706181192790306 0.596298978287188
v 7.23131102838845 0.513600208189543 0.526640341249816
v 7.15766963487627 0.547787420373157 0.596762878899311
v 5.75506047679931 0.604502098867403 0.590715198968104
v 5.84775573935574 0.509968205836096 0.600898383136647
v 5.77497991649789 0.529095620099342 0.510912979033955
v 7.3095970853464 0.34835541575678 0.52053043074869
v 7.24397212070468 0.338466412464217 0.600236476165692
v 5.9418653330467 0.416797728018466 0.609175048935857
v 5.86425815503332 0.43516706079361 0.525537162964891
v 6.03694232923366 0.325618628438239 0.615211414217988
v 5.95492809540512 0.341312046706872 0.540365010579197
v 7.33516819225852 0.193457869904165 0.571389778346025
v 6.12804788359489 0.237488826784037 0.616846381009493
v 7.34096129258551 0.114447675405347 0.545145449813874
v 7.26548692592299 0.0760231271427114 0.560041185322637
v 6.21175931478485 0.156402394179744 0.612631674228624
v 7.17324424932961 0.0311492289066655 0.556974915422998
v 7.07701881626141 0.0289032710650481 0.575581855828741
v 6.98221902897682 0.0246093617406454 0.58642694696824
v 6.88614634367115 0.0230762267908258 0.590788744187099
v 6.78800873490909 0.0232855477987351 0.593227051063011
v 6.68786277593601 0.024705536257793 0.595710616535228
v 6.5860196196015 0.0279528405426504 0.599065409986309
v 6.48258109774725 0.0365067152442263 0.603517724397778
v 6.37837317975583 0.0571898937554454 0.606012604519071
v 6.28098799515733 0.0857537253482084 0.597311639379505
v 7.16952172978355 9.18041207951935 0.526713886468811
v 7.08845792647741 9.18661250721309 0.522363403899028
v 7.00017537706068 9.18932236566683 0.519523426980912
v 6.90758760367047 9.19006347518132 0.517430216901823
v 6.81186567248617 9.19017096434754 0.515614215725099
v 6.71385252486394 9.19020490829477 0.513956619635442
v 6.61413652255575 9.18979192360349 0.512457428632851
v 6.51336825788348 9.18681617089646 0.510765888595965
v 6.41342596259377 9.17752684400493 0.507405437820346
v 7.31159977823288 9.0960783426302 0.540376325228273
v 6.32285785406366 9.15878978513481 0.490965252712687
v 6.23368710469445 9.12242450300404 0.5118407802582
v 7.36390174358742 9.01416028331881 0.529389800975323
v 7.35674522804675 8.93497471175932 0.495949355630735
v 7.31193356038063 8.84479695862233 0.48733325035924
v 7.28072775822858 8.77211165295708 0.482320860818502
v 7.2312883990903 8.66073024745138 0.506138197123816
v 5.70223803758726 8.58304952421901 0.518708772247429
v 7.19161358210475 8.5890066869576 0.478966067367421
v 5.63796517351014 8.49665086387346 0.502019664860094
v 7.1333091954153 8.46423439427026 0.50141433113452
v 7.09226530589154 8.3926466095654 0.474994625541689
v 7.03299351670608 8.26364263812358 0.499926454781005
v 6.99113497244883 8.19070841017866 0.47419694278182
v 6.93136533870402 8.06043154071576 0.498783675224313
v 5.19009741912855 7.97711046491893 0.51849945123952
v 6.88908815243095 7.9869711815888 0.473274798882113
v 5.12047838336294 7.89109084531743 0.498778017899775
v 6.82930720403707 7.85632658603093 0.498885507065998
v 5.04183025763456 7.79050361503038 0.490077052760209
v 6.78739208653444 7.78330749821794 0.474327061246195
v 6.72603840191896 7.65016236521424 0.496945044749437
v 6.67959176746133 7.57598918319548 0.462938866951042
v 6.62197757436553 7.44153155089895 0.51010398162501
v 6.58226315610821 7.37158439031013 0.476980346454555
v 4.57248729930641 7.25276360303685 0.519093470316018
v 6.52221631346104 7.24182799470474 0.503366108100157
v 4.50429956664894 7.16974236544054 0.499298491757278
v 6.48041999977371 7.1679546508865 0.476929430533712
v 4.41920209094715 7.06944931602946 0.493392244939523
v 6.42050327559091 7.03863386927054 0.499886853509238
v 6.37837883708037 6.96564306808024 0.473472805240945
v 6.31863183263371 6.83501544449599 0.498065195007977
v 6.2761849266245 6.76166257453525 0.471967956913816
v 4.06103687444134 6.64315294011156 0.51896900917618
v 6.21640397823062 6.6307237981014 0.496215249884025
v 3.99049569477603 6.55625077788212 0.500910829250631
v 9.82320860818502 6.28729025469275 0.542961722542175
v 9.72978920808771 6.29161810796438 0.540483814394497
v 9.63794820153653 6.29199149138389 0.535177243977778
v 9.54498138740227 6.29070162138921 0.529435059571627
v 9.45015897081952 6.28908928389586 0.525044975730078
v 9.35326597345583 6.28700738846585 0.520813296975594
v 9.25463052013442 6.28280399633405 0.516389269186816
v 9.15565562734072 6.27306208347948 0.512943958543126
v 6.17379866713434 6.55718989375544 0.471108043584028
v 3.9067446623143 6.44891435942114 0.493409216913137
v 9.9740159083966 6.23429243842002 0.574744571797106
v 9.06251909347032 6.26126090449305 0.51823355698623
v 8.98189090415361 6.21531211459477 0.506404091377106
v 6.11417046650298 6.42632466254059 0.495796607868207
v 9.90956200993426 6.25576198504203 0.513690725382152
v 8.88701757165001 6.14660390807979 0.50185560244849
v 6.07167264457293 6.35290956200993 0.471125015557642
v 9.94984216064539 6.1745058327016 0.534424819814213
v 9.90131928808228 6.13662438759462 0.502262929815232
v 8.7840882090042 6.07205734264152 0.520960387413584
v 6.01218021973048 6.22229325307476 0.496175648612258
v 9.86855772168226 6.05741618673697 0.520190991276406
v 8.68711600909698 5.98379742252294 0.529106934748419
v 5.97007275319356 6.14951177289236 0.471605888143379
v 9.81350629660221 5.96922415451285 0.514216856564194
v 8.58854844367002 5.88668378950227 0.529706611149455
v 5.90777429538023 6.01410936739797 0.491706362227175
v 3.44158812414433 5.91825731774929 0.529814100315679
v 9.7659791131578 5.89051945553909 0.508780167683099
v 8.48662042746744 5.78471617202792 0.529610436632308
v 5.85991332978808 5.93693780337403 0.459963114244012
v 3.36874441339202 5.83066496192621 0.503931840553965
v 9.69972052816782 5.79990608841267 0.509459046627669
v 8.38428508389812 5.68185469727656 0.528614747513606
v 5.80059628200631 5.78120863081431 0.516598590194725
v 3.27821024880913 5.72956857243073 0.503026668627872
v 9.63958882565257 5.69226983175117 0.52247655038979
v 8.27854403095688 5.57504440999762 0.526566796030821
v 5.77271132935812 5.69018227899662 0.489166223509578
v 9.57710933345402 5.60074563537412 0.512757266833369
v 8.16999128772021 5.46654824000634 0.518844548036343
v 5.76033876059334 5.56184021452575 0.484374469625825
v 9.50751292698657 5.49416729840124 0.515365293445424
v 8.05665810524886 5.36247044047929 0.506918907910071
v 5.74011948269424 5.44703047034996 0.429074122266098
v 2.97588848281871 5.43031873366448 0.548675620325636
v 9.45031171858205 5.38612937169754 0.51251965920277
v 7.94521446917324 5.29332661997488 0.53134157794096
v 7.84673742093889 5.24349124811894 0.546520179676627
v 6.25669544359082 5.20289428723368 0.488872042633598
v 6.14844819587921 5.22012649777667 0.491740306174404
v 6.05511931297451 5.24090585080504 0.513543634944162
v 5.96734026544167 5.2606895147147 0.495179959493556
v 5.87685135945509 5.30378135572125 0.486258358697005
v 5.80076600174246 5.36222151819961 0.457864246840384
v 2.86708681730236 5.35772960251638 0.545852615381134
v 2.75949581923717 5.30620269062355 0.537095076996187
v 2.64819927359953 5.27587943109944 0.52347789683303
v 2.53772869734445 5.26207555922653 0.517266154490219
v 2.42982654642966 5.25844355687308 0.514952308754144
v 2.32419298265464 5.25797965626096 0.51437526165126
v 2.22003032325952 5.2579853135855 0.514380918975798
v 2.11676717846596 5.2579853135855 0.51449406546656
v 2.01405845147713 5.25799097091004 0.514595897308245
v 1.91171745058327 5.25799097091004 0.514703386474469
v 1.80969891718808 5.25799662823457 0.51481653296523
v 1.70804245256333 5.25799662823457 0.514861791561535
v 1.6068046299544 5.25799097091004 0.514607211957321
v 1.50592887611591 5.25795702696281 0.513543634944162
v 1.40507575157556 5.25788348174381 0.510879035086727
v 1.30313642072391 5.25768547538498 0.507280976680508
v 1.19969224154513 5.25678596078343 0.504740837962911
v 1.09521277197588 5.25455131759088 0.501018318416854
v 0.992775596564873 5.25180751518992 0.497646552992159
v 0.892063905137982 5.24951064142746 0.494891435942114
v 0.789111913194013 5.24676118170195 0.497375001414331
v 0.685481042305473 5.24057772598183 0.508242721851982
v 0.581991604530386 5.22392821986626 0.515444495988957
v 9.42001674568063 5.27577194193322 0.498478179699257
v 7.73906722033016 5.20435387696451 0.541649223249341
v 7.63516479786379 5.17491316006834 0.52565596678019
v 7.52728527624716 5.15716613299239 0.514420520247564
v 7.41960941831389 5.15052443398468 0.508587818648805
v 7.31403808510879 5.14882157929872 0.505996764010364
v 7.209626503434 5.14850476912459 0.503507541213609
v 7.10625586947421 5.14836333601113 0.502347789683303
v 7.00371120489698 5.14849345447551 0.503077584548715
v 6.90200382435139 5.14911010285016 0.506658670981319
v 6.80078863104061 5.15050746201107 0.512491372580079
v 6.69916611036309 5.15341532682364 0.517718740453265
v 6.59646304069879 5.15906133671264 0.520841583598285
v 6.48955092157817 5.16994037179937 0.511297677102545
v 6.37646100406196 5.18334257363008 0.487491655446306
v 0.487129586675869 5.20192688473767 0.525084577001844
v 0.393342460483588 5.17387786967787 0.515580271777871
v 0.303866215589323 5.13268123239158 0.496351025672939
v 9.41450651158054 5.16883719351444 0.460619363890429
v 0.224635385433521 5.07932700467295 0.491038797931682
v 9.73680429051493 4.90461750828798 0.539312748215114
v 9.66367205621118 4.95483757821251 0.504701236691144
v 9.57991536642491 5.00985505934533 0.511241103857164
v 9.49438793405823 5.08191240198685 0.490020479514828
v 0.161352553150564 5.01488442085969 0.463125558660798
v 9.80893517837544 4.83373688915038 0.581753996899786
v 0.115828062592639 4.94396420045032 0.479735463504599
v 0.0795532976544733 4.84526085923445 0.492820855161177
v 9.85388827915502 4.74637082630882 0.552952557676424
v 0.0660888652538446 4.75451171631912 0.502466593498603
v 9.87667598239441 4.64102578608524 0.537004559803578
v 0.0620551928581935 4.65347190006902 0.516632534141954
v 9.87510890349736 4.53529604779308 0.516400583835892
v 0.0665414512168908 4.55027098584537 0.525740826648261
v 9.85444835428429 4.44203505278284 0.508265351150134
v 0.0756950023195034 4.45036829182743 0.528688292732601
v 9.80740204342562 4.35545535805207 0.476182663694685
v 0.0890010296330664 4.35498580011541 0.542395990088367
v 9.73317794548602 4.28648691460834 0.503066269899639
v 9.64777497425917 4.23063780676842 0.520830268949209
v 9.56873649313767 4.17298966972539 0.537423201819396
v 0.111573754540003 4.26617711951664 0.57217048913228
v 9.5117955216619 4.10556001855602 0.564329437322501
v 0.164848779715097 4.17830189746665 0.534849119154569
v 9.47203018748373 4.0346907140675 0.53658591778776
v 7.68732533010489 4.01175026306559 0.473472805240945
v 7.56680168814564 4.02741539471153 0.492639820775959
v 7.45635939851326 4.03741188717032 0.501668910738733
v 7.34892680553513 4.0409590296557 0.503841323361356
v 7.24328758443557 4.04169448184565 0.503728176870594
v 7.13973591609056 4.04180197101187 0.50185560244849
v 7.03826614317557 4.04132675575067 0.499575700659644
v 6.9368303142078 4.03936366413596 0.501261583371992
v 6.83295052103959 4.03668774962945 0.507597786854641
v 6.72734524388726 4.03486043380365 0.513091048981116
v 6.62321087111483 4.03300483135516 0.513430488453401
v 6.52024190719725 4.02788495264819 0.514890078184225
v 6.42040710107376 4.01628743734513 0.517424559577285
v 0.402727961892262 4.02155440649008 0.505781785677917
v 0.322195947092701 4.05228499338093 0.528173476199636
v 0.239678211380274 4.10567316504679 0.517622565936117
v 9.44335320940021 3.96078342630203 0.506002421334902
v 7.91418970140641 3.92769939240334 0.495960670279811
v 7.80737375680293 3.97614306242292 0.484250008485987
v 6.32908656838008 3.99831411728765 0.530419434041253
v 6.22736787318541 3.9823208608185 0.505040676163429
v 6.11295979905183 3.95775675767416 0.511557914031296
v 6.0046503207703 3.92988877699958 0.512163247756871
v 5.90165872755456 3.88321019223589 0.536840497391973
v 2.76757447867754 3.88169402925968 0.490665414512169
v 2.65860309342506 3.91256039193944 0.505040676163429
v 2.54977314128602 3.92734863828198 0.511688032495672
v 2.44279313427094 3.93164820493092 0.514115024722508
v 2.3376461004062 3.93222525203381 0.514680757176316
v 2.23374933526437 3.93223656668288 0.514680757176316
v 2.13063328090879 3.93224222400742 0.514601554632783
v 2.02800941378803 3.93224222400742 0.514533666738326
v 1.92573064346409 3.93224222400742 0.514477093492945
v 1.82379696993698 3.93224788133196 0.514431834896641
v 1.7223441689956 3.93224788133196 0.514431834896641
v 1.62160419094602 3.93223656668288 0.514624183930935
v 1.52175241284892 3.93225919598104 0.515337006822733
v 1.42257951369638 3.93239497176995 0.518041207951935
v 1.32143220828006 3.9330116201446 0.520439913556081
v 1.21980968760254 3.9342449168939 0.519110442289632
v 1.11794390196988 3.93581765311549 0.516660820764644
v 1.01516162976205 3.93752050780145 0.517780971023184
v 0.914201016055487 3.93914981726842 0.516988945587853
v 0.81598420474989 3.94081307068261 0.517628223260655
v 0.711340672769034 3.94847874543171 0.513464432400629
v 0.610940134191738 3.96519613944173 0.498942080311379
v 0.504559803577692 3.98909833561512 0.497131736459194
v 9.53259750398841 3.70502709858454 0.527149500458243
v 9.44657222706238 3.86639096638418 0.504333510596169
v 8.00289089283896 3.86266844683812 0.513973591609056
v 5.82148878152544 3.82175467577873 0.573986490309003
v 2.87410755705412 3.83264502551453 0.478241929826546
v 9.5944433758387 3.60673674205995 0.525028003756464
v 8.08313438408708 3.78378837080368 0.540998630927462
v 5.7828549122549 3.75259954062525 0.504339167920707
v 2.97893212342019 3.75752141297338 0.498359375883957
v 8.20233986942895 3.67392312827418 0.525073262352768
v 5.76295810185447 3.58295334970186 0.512955273192202
v 9.72292687342302 3.39854154173408 0.51381518652199
v 9.64233262805354 3.52143560267478 0.528111245629717
v 8.3156447652776 3.55901155225671 0.529321913080866
v 5.77347506817076 3.48087824306129 0.50259105463844
v 3.15109582376303 3.59427931342709 0.483627702786798
v 9.78860841131012 3.31587105825913 0.524620676389722
v 8.42220613027687 3.45341758975345 0.525797399893642
v 3.29934035595886 3.44462610742128 0.548262635634356
v 8.52645364954006 3.35001301184644 0.522997024247293
v 5.86874441339202 3.24358742263609 0.515585929102409
v 3.37962910580328 3.34926058768287 0.530736244215386
v 9.88548443670019 3.14809178443331 0.529689639175841
v 9.83009357214786 3.23109605005601 0.523421323587649
v 8.62793473710413 3.2503931840554 0.518782317466424
v 3.44610266912572 3.26816849775404 0.506183455720121
v 9.95265385094081 3.05154954119098 0.547227345243887
v 8.72716986682658 3.1531268032722 0.520049558162954
v 5.97107975696134 3.04151910478497 0.50630225953542
v 9.88614068634661 3.07405437820346 0.492583247530578
v 8.82543759405302 3.05847976375013 0.549207408832215
v 9.94678154807029 2.98817053439088 0.512157590432333
v 9.8682069675609 2.99550808431676 0.479520485172152
v 9.00200835021102 2.93753747977506 0.533836458062253
v 8.90945452076804 2.99029768841719 0.553195822631561
v 6.07311526233014 2.83732363290753 0.506743530849391
v 9.91354476640907 2.91633948473088 0.528065987033412
v 9.8387605933402 2.920293954583 0.509442074654055
v 9.7549699596067 2.91420667338002 0.506013735983978
v 9.66754166619522 2.91084622260441 0.50595150541406
v 9.57632296534323 2.908854844367 0.508044715493149
v 9.48225297292404 2.9070275285412 0.511292019778007
v 9.38668944682681 2.90564714135391 0.514324345730417
v 9.29053755897761 2.90513232482095 0.51764519523427
v 9.19449316029463 2.90662020117446 0.520818954300132
v 9.09948405200213 2.91483463640375 0.52079632500198
v 3.78455210961632 2.89223362487412 0.52035505368801
v 6.17519036897071 2.63303764383748 0.507201774136975
v 3.92246070988108 2.73365316074722 0.546610696869237
v 3.99365248186828 2.63368257883482 0.520292823118091
v 6.27733902083027 2.42870639617112 0.507303605978661
v 4.05541349385049 2.55527771806157 0.470700716217286
v 6.37949898733891 2.22438080582931 0.507320577952275
v 4.2202792455392 2.36624387594619 0.530815446758919
v 4.30440366142044 2.25732340661454 0.534091037666467
v 6.48165329652301 2.02007784478564 0.507297948654122
v 4.40157952501103 2.14212896437017 0.537740011993528
v 4.49047872280241 2.03123974609927 0.511591857978525
v 6.58381326303165 1.8157635690929 0.507292291329584
v 4.56363358640432 1.94713795951619 0.468471730349283
v 6.68597888686482 1.61141534945294 0.507348864574965
v 6.7880992521017 1.40716896165465 0.507371493873118
v 4.90999196659916 1.56257000939116 0.521599665086387
v 5.0471990586212 1.40471368280513 0.547340491734649
v 6.88993109378713 1.20358448082733 0.506930222559147
v 5.11830031341578 1.30480533146264 0.521435602674783
v 5.17914483882282 1.22706237766036 0.472675122481076
v 6.99347710480759 0.993318699720528 0.516078116337222
v 5.34622260440592 1.04357271359229 0.540229234790283
v 7.0990484380127 0.791114606080492 0.500599676401036
v 5.43316436790713 0.938527511569228 0.539844536721694
v 5.51739627295459 0.840322014912708 0.533338613502902
v 7.18922053382514 0.606465190482117 0.512966587841278
v 5.60171869519467 0.738162048404069 0.520292823118091
v 5.68312759529763 0.63046356117265 0.493307385071452
v 7.27761622973263 0.427738993675111 0.505674296511694
v 7.35827270567203 0.255722383770267 0.507003767778142
v 7.36332469648454 0.174556748622441 0.47661262035958
v 6.04162659395119 0.25176791391815 0.546084565687195
v 7.31661216777362 0.0959708534639797 0.469461762143447
v 6.20758420927575 0.092881954266188 0.532094002104525
v 6.12494766974802 0.167982937509193 0.543487853724217
v 7.25812108937441 0.0423959900883674 0.487050384132336
v 7.1766160147543 0.00897251671739388 0.474694787341171
v 7.09162602821873 0.00459374752492071 0.489590522849934
v 7.00265328520836 0.00277208902365888 0.498008621762596
v 6.9104445525622 0.000820312058021242 0.503043640601487
v 6.81490931308765 0.000147090437989899 0.506149511772892
v 6.71684524954459 0 0.508774510358561
v 6.61699912877202 0.000390355393127401 0.511806836310972
v 6.51580656475939 0.0031341577940957 0.516072459012684
v 6.4136239689526 0.0131759088491872 0.522482207714328
v 6.30939342166303 0.0361559611228654 0.524286894241975
v 7.17459634989421 9.15466559554655 0.450402235774657
v 7.07661714621921 9.16599155927179 0.438663287358143
v 6.97996741381066 9.16829409035879 0.433056878740906
v 6.88318756293774 9.1678358470712 0.429939692920424
v 6.78559871465586 9.16653466242744 0.427631504508888
v 6.68704246387798 9.16533530962537 0.425611839648793
v 6.58788087937453 9.16334393138797 0.423790181147532
v 6.488560889784 9.15847863228522 0.421572509928605
v 6.39037802242563 9.14444281010624 0.415485228725631
v 7.34395401726615 9.06947194532762 0.461598081035517
v 7.26989398173816 9.11088356094636 0.447053099648114
v 6.28654348785372 9.12233398581143 0.412334098957921
v 6.19779703782487 9.08312872676254 0.436400357542911
v 6.12997137393784 9.0194329097883 0.417188083411593
v 7.33386135029022 8.98910399293966 0.433226598477048
v 7.27378622102035 9.02604632217332 0.398592457654926
v 6.07053552234077 8.94780552381168 0.39914121813512
v 7.30322128059198 8.90175490207171 0.430358334936242
v 7.25308041321098 8.93592514228171 0.38476595648386
v 6.00042429934036 8.86723956506489 0.415021328113509
v 7.24278973987622 8.8312137224064 0.404300698113848
v 5.92746744209728 8.77124608230276 0.413663570224369
v 7.23757934397665 8.71866690804585 0.440892273226146
v 7.18535658116563 8.75116823751711 0.386072798452156
v 5.8386417895249 8.67019495140358 0.417601068102873
v 7.16098482705559 8.64956834613774 0.406207216483181
v 5.73484119890022 8.56370713162331 0.428678109548432
v 7.14380918975798 8.53157352824702 0.437594053020446
v 7.08811848700513 8.56824430590285 0.381609169391611
v 5.63825935438612 8.4503343478802 0.420955861553954
v 7.06161957886876 8.46150190651837 0.401737930098098
v 5.54293343591949 8.34548149489144 0.420384471775608
v 7.04433079508039 8.33532094002105 0.435291521933447
v 6.98887769995814 8.37366062841561 0.380432445887691
v 5.45618402145257 8.23847320125366 0.408668152657245
v 6.96099840463448 8.26195109808669 0.401166540319752
v 5.43066948778584 8.12975639560539 0.363562304115138
v 5.37332684626786 8.16488272366233 0.413182697638633
v 6.94287233681447 8.13330353809077 0.434493839173578
v 6.88740792704314 8.17196003665946 0.38008169176633
v 5.32219028976816 8.06976046887906 0.412962061981648
v 6.85894592729207 8.05893234971317 0.400713954356706
v 5.2195211640511 7.95777372964778 0.430646858487684
v 6.84080854482298 7.92950973625553 0.43422228759575
v 6.78533847772711 7.96853961824374 0.379878028082959
v 5.12904923003813 7.84341657143504 0.416328170081805
v 6.75731774929001 7.85581742682251 0.400725269005782
v 5.04211312386146 7.74138106606624 0.408232538667813
v 6.74019868523778 7.72725472669465 0.434918138513934
v 6.68408934046911 7.76905104038198 0.378978513481404
v 4.96455686176893 7.64754868127765 0.399293965897648
v 6.65669091773119 7.66297054796846 0.39719509849402
v 4.88354397438363 7.56901370204003 0.434539097769883
v 6.63158936875573 7.49691110080221 0.445123951980629
v 6.59822812595467 7.56163089351784 0.389676514182913
v 4.80504293909324 7.45545422658716 0.422494653828311
v 6.55501748113282 7.440796098709 0.404770256050509
v 4.71414104841538 7.34632443624761 0.421425419490615
v 6.535284733144 7.31260112467612 0.438770776524366
v 6.4853362147973 7.35261538113395 0.38435297179258
v 4.60793609486202 7.23591609056245 0.429453163010149
v 6.45281791335242 7.23815073375499 0.404074405132325
v 4.50931761351422 7.12141184191172 0.418460981432661
v 6.43229313992827 7.11084961699913 0.43551781491497
v 6.37700976454215 7.1507054683699 0.380183523608015
v 4.41296771930619 7.01535397879635 0.415123159955194
v 6.34800466163542 7.03801156357136 0.400397144182573
v 4.32305586042249 6.91332978807662 0.413092180446023
v 6.32987859381541 6.9083796291058 0.433707471062785
v 6.27405777259818 6.94764146140007 0.379431099444451
v 4.25882825494167 6.81470564940428 0.398088955771037
v 6.24547696903181 6.83414421651712 0.399938900894989
v 4.18781186001516 6.72892363743338 0.41451782622962
v 6.22722644007196 6.70444439415711 0.432683495321393
v 6.17136036025843 6.74346296149625 0.379131261243932
v 4.09109423971216 6.62293366221247 0.428853486609113
v 6.14272864077121 6.62994308731515 0.399503286905557
v 3.99725054027449 6.50930629886514 0.418777791606793
v 6.12473269141558 6.50012446113984 0.432213937384732
v 6.06939840010862 6.53939195075865 0.379176519840237
v 3.90795532976545 6.40632036297394 0.412792342245505
v 9.86077324311786 6.21407316052093 0.480108846924113
v 9.78339235808601 6.24048155146468 0.480369083852864
v 9.69376902275376 6.24143763931162 0.471973614238354
v 9.60519229246105 6.23746619748588 0.466129597990518
v 9.51334562858533 6.23351172763377 0.46285400708297
v 9.41733517384958 6.22968171892149 0.460387413584368
v 9.31731367601634 6.22463538543352 0.458237630259897
v 9.21183851732838 6.21600230818841 0.4574060035528
v 9.09669499100485 6.20047295233138 0.461252984238694
v 6.0406478768061 6.42543646258811 0.399633405369932
v 3.83926975254863 6.31711001233297 0.398666002873921
v 8.98706169878141 6.15565562734072 0.456116133558118
v 6.02278770323938 6.29616093956846 0.432253538656499
v 5.96678584763694 6.33554723300257 0.378803136420724
v 3.76274312352202 6.22899152532784 0.41743134836673
v 9.82434007309263 6.13631889206956 0.46839252780575
v 9.75338590873604 6.16773401522952 0.448880415473914
v 9.66849209671762 6.15894819022188 0.4369038594268
v 9.58225749878368 6.15544630633281 0.432553376857017
v 9.48932462859664 6.15296274086059 0.430307419015399
v 9.39210916373429 6.14849345447551 0.428791256039194
v 9.2922290990145 6.1428021859902 0.428225523585386
v 9.1910704789491 6.13504033672396 0.428751654767427
v 9.09361740645614 6.11840214525747 0.427557959289893
v 8.99762392369401 6.08669284122153 0.427891741437639
v 8.88860727984522 6.07576289021396 0.454639571853679
v 5.93880472047159 6.22284201355495 0.399237392652267
v 3.68277118385173 6.12444982518867 0.418370464240052
v 9.80505991106686 6.0477195324787 0.472895758138061
v 9.73837136941198 6.08066779058848 0.441395775110035
v 9.65740939794752 6.06719770086331 0.428004887928401
v 9.56838573901631 6.07082970321675 0.419784795374571
v 9.47279958362091 6.0680576141931 0.416390400651724
v 9.37534651112796 6.06177798395583 0.414879895000057
v 9.28032608818637 6.05439517543363 0.414393365089782
v 9.1865842205904 6.04485126893789 0.413884205881355
v 9.09177877598126 6.02825833606771 0.413533451759994
v 8.98976024258608 6.01053959561444 0.417974451522386
v 8.89423066043607 5.99704687659112 0.427942657358482
v 8.7887837883708 5.99234563989998 0.459125830212376
v 5.9217648589629 6.09399078987565 0.432287482603727
v 5.86523121485387 6.13558343987961 0.377903621819169
v 3.58728120297349 6.01905386904425 0.425232798904742
v 9.73361355947545 5.9815627793304 0.456619635442007
v 9.64464647378962 5.97913012977903 0.429323044545773
v 9.55373326846268 5.98676751790543 0.41657709236148
v 9.45563526097238 5.98078206854414 0.412356728256073
v 9.36504452314412 5.96894694561048 0.410523755105735
v 9.27426709360609 5.96121338296693 0.409782645591247
v 9.18149828583067 5.95101322682477 0.409590296556952
v 9.08543691517408 5.93814847082518 0.41030311944875
v 8.98846471526686 5.92433328430319 0.412113463300936
v 8.88809246331225 5.91679207069393 0.418466638757199
v 8.79397155497222 5.90611669929057 0.429679455991672
v 8.68988809812064 5.89985404102692 0.46155847976375
v 5.83784410676503 6.027262646949 0.396470960953146
v 3.47712177956801 5.90900759212953 0.437333816091694
v 9.69031805478553 5.88592005068963 0.461400074676684
v 9.61015942340548 5.8866441882305 0.432361027822722
v 9.52679308901234 5.90411400640409 0.418806078229484
v 9.44647039522069 5.88196558083751 0.413527794435456
v 9.3611353118883 5.873643656442 0.410868851902558
v 9.27010330274607 5.86665686063747 0.409177311865673
v 9.17589187721343 5.85649064844254 0.408696439279936
v 9.08061687466763 5.84474604270149 0.409075480023987
v 8.98367861870764 5.83503807379414 0.410229574229755
v 8.88733438182415 5.82704427422184 0.41230581233523
v 8.78792953236555 5.82110974078139 0.418947511342936
v 8.69391045586721 5.80931421911949 0.430375306909856
v 8.590030662699 5.80143922336249 0.462214729410167
v 5.81582014233829 5.84901732272774 0.452240866249533
v 5.78211946006495 5.91755015218203 0.393048279607608
v 3.37820346001969 5.78822371324153 0.416299883459115
v 9.62468177549473 5.78567225987486 0.466027766148833
v 9.54020094816759 5.80898043697175 0.430822235548364
v 9.45554474377977 5.78607392991706 0.420814428440502
v 9.36164447109673 5.78081827542119 0.412928118034419
v 9.26509657052986 5.77159683642412 0.409822246863014
v 9.17002523166744 5.75952976318439 0.408826557744312
v 9.07504440999762 5.74889965037734 0.408707753929012
v 8.98000701508243 5.74084927755966 0.409052850725835
v 8.88361186227809 5.7350618345572 0.410218259580679
v 8.78725065342099 5.72801280818275 0.412351070931535
v 8.68780620269062 5.72158043018296 0.418998427263778
v 8.59352688926353 5.70910602957649 0.430409250857085
v 8.48940948846472 5.70054084022584 0.46209026827033
v 5.74576549258325 5.78964935902513 0.411513786899899
v 3.27206073703624 5.68714995304421 0.422737918783449
v 9.54878310949186 5.70223238026273 0.45596338579559
v 9.44994399248707 5.69336735271156 0.428191579638158
v 9.35048822710764 5.68671433905477 0.415043957411661
v 9.25662189837182 5.67240696529797 0.411281836593838
v 9.16336656068612 5.65942906280762 0.409545037960648
v 9.07075615799776 5.64967583530397 0.408854844367002
v 8.97654473246512 5.64422217444926 0.408662495332707
v 8.88086805987712 5.63929464477659 0.408990620155916
v 8.78345458865593 5.63376743870289 0.410093798440841
v 8.68622215181996 5.62653737794322 0.41213043527455
v 8.58628551385479 5.62017854516242 0.418777791606793
v 8.49175162082348 5.60743825030267 0.430273475068171
v 8.38814337923309 5.5994953666512 0.462101582919406
v 5.73183150224596 5.65633450628529 0.423858069041989
v 5.6768083637886 5.71654541134407 0.378588158088277
v 3.19827791041061 5.59504305223973 0.395152804335773
v 9.5 5.59344768672 0.463493284755773
v 9.41951324379674 5.59944445073036 0.432921102951992
v 9.33872099206843 5.58428847829285 0.421872348129123
v 9.24918817392879 5.57012253764949 0.414336791844401
v 9.16086602324029 5.55547572442041 0.411259207295686
v 9.06856677340152 5.54889059865808 0.409188626514749
v 8.9736594969507 5.54559237845238 0.408475803622951
v 8.87634220024666 5.54159265000396 0.408158993448818
v 8.77802355709938 5.5360428146321 0.407819553976533
v 8.67911655220013 5.53070230026816 0.408204252045123
v 8.58106380330614 5.52402099998868 0.409958022651927
v 8.48063497810615 5.51770176847965 0.416780756044851
v 8.38737398309591 5.50450323033231 0.427999230603863
v 8.28901573867687 5.50473518063837 0.46126429888777
v 5.71100689062129 5.54665595546554 0.413114809744176
v 5.65283827972076 5.60976341068782 0.373355132890553
v 3.11847003315192 5.54683698985076 0.444292325273532
v 9.42444643079395 5.49409941050678 0.460636335864043
v 9.33620913997352 5.48902479039613 0.432281825279189
v 9.25464749210803 5.46272954594313 0.421357531596157
v 9.16194091490252 5.45178828028649 0.411989002161098
v 9.06572113915887 5.44686075061382 0.407836525950148
v 8.96747038390604 5.44578020162705 0.406105384641495
v 8.86661160204116 5.44135617383827 0.404249782193005
v 8.76575847750082 5.43593645693079 0.401896335185164
v 8.66551634401059 5.43150677181747 0.400408458831649
v 8.56350912526448 5.42746744209728 0.400696982383091
v 8.46124732691416 5.41924169221892 0.402360235797287
v 8.3545388714769 5.41428587592356 0.410733076113644
v 8.24952195607653 5.41141761238275 0.430663830461298
v 8.15235740713502 5.38496962016723 0.451924056075401
v 5.72595354205089 5.34509113949831 0.360298027856666
v 5.65693418268632 5.47645987259705 0.369383691064822
v 3.03843020558717 5.45972550661341 0.427795566920492
v 2.938567112841 5.38623686086376 0.439856982835677
v 9.36000950430522 5.38480555775563 0.453909776988267
v 9.25795136963827 5.35828967764565 0.42179314558559
v 9.15644765277605 5.34625654835315 0.405449134995078
v 9.05534560595603 5.34355234722395 0.399333567169414
v 8.9528744865978 5.34597368212625 0.396748169855512
v 8.84716737760378 5.33870967741935 0.391022957422975
v 8.74484900600808 5.33378214774669 0.385654156436338
v 8.64027901924622 5.33313721274935 0.383402541270182
v 8.53573166178251 5.32996345368348 0.381824147724058
v 8.42841221529514 5.3244984781797 0.380240096853396
v 8.32204885665471 5.32045914845951 0.38137721908555
v 8.21918738190335 5.31291793485025 0.387792625111732
v 8.11072515585929 5.3034758601962 0.405748973195596
v 8.00549326212647 5.28182527918897 0.431127731073421
v 7.89638610108507 5.2237415281565 0.420854029712268
v 6.05726343897444 5.21214967017798 0.402722304567724
v 5.93666059447166 5.2367703465677 0.389105124404567
v 5.82745725891311 5.28011110985393 0.377880992521017
v 5.63650558377932 5.37669861169256 0.330998744073953
v 2.83702945203155 5.32649551374164 0.433645240492866
v 2.73417929192926 5.28396374786436 0.424661409126396
v 2.62568312193797 5.26129484844028 0.417606725427411
v 2.51741324492821 5.25363483101572 0.413442934567384
v 2.411157375454 5.25196026295244 0.411694821285118
v 2.30654213009583 5.25188106040891 0.411208291374843
v 2.20299611907537 5.25188106040891 0.411185662076691
v 2.10011201502585 5.25188671773345 0.411242235322071
v 1.99764089566762 5.25189803238252 0.411293151242914
v 1.89545829986083 5.25189803238252 0.411327095190143
v 1.79350199703556 5.25189803238252 0.411298808567452
v 1.69174935789366 5.25186974575984 0.411106459533158
v 1.59009855059345 5.25179620054084 0.410484153833969
v 1.48831762482887 5.25162082348016 0.409047193401297
v 1.38586913476879 5.25129269865695 0.406795578235141
v 1.28232312374832 5.25035924010817 0.404996549032032
v 1.17724397777803 5.24806236634571 0.404476075174528
v 1.06903067401365 5.23999502155441 0.395322524071916
v 0.965077335626435 5.23161652391351 0.388397958837307
v 0.860886389608626 5.227826116473 0.389693486156527
v 0.75692173657234 5.22585171020921 0.397477964720924
v 0.655542480849957 5.22112784421991 0.413578710356298
v 0.550327559090755 5.20022968737625 0.407078444462045
v 9.33930369649585 5.26896052318937 0.439138502619341
v 9.24032880370215 5.24727599823491 0.400233081770969
v 9.1385082766658 5.23904459103201 0.38190900759213
v 9.03287471289078 5.2423258392641 0.376483633360111
v 8.92880822801281 5.25017820572295 0.374050983808737
v 8.81929939692921 5.23239723469977 0.360988221450312
v 8.70982450979283 5.23669114402417 0.357005464975504
v 8.60441723899933 5.2362498727102 0.353678958147113
v 8.49887984974146 5.23622158608751 0.350799379957231
v 8.3897783460246 5.22962514567611 0.342749007139544
v 8.28531019110442 5.22415451284778 0.336458062253199
v 8.17969359930302 5.22362838166574 0.338268406105385
v 8.07595523924825 5.21949853475294 0.346822280806961
v 7.97834941899277 5.20669600932327 0.357627770674692
v 7.80278566660255 5.20339778911757 0.44644776592254
v 7.71216664215159 5.16711170953033 0.427128002624999
v 7.60762494201242 5.14496894128829 0.417799074461706
v 7.49999434267546 5.13320170624908 0.410223916905217
v 7.39302565030945 5.12916803385343 0.40500220635657
v 7.28745997442889 5.12779330399068 0.401092995100757
v 7.18320114051663 5.12694470530996 0.398128557042803
v 7.08022086194997 5.12692773333635 0.397183783844944
v 6.97832678969462 5.12816103008565 0.398733890768378
v 6.87806202690624 5.13177606046548 0.404430816578224
v 6.77848180038696 5.13699211368959 0.412515133343139
v 6.67852819044817 5.14372432988991 0.41843269480997
v 6.58074699313201 5.15317771919304 0.425368574693656
v 6.48231520349396 5.16151095823763 0.41342596259377
v 6.40259784342789 5.16371165748294 0.38152430952354
v 6.30707957592695 5.17567124155644 0.392148765006053
v 6.18991072741879 5.18617123589912 0.38461886604587
v 0.461088921827089 5.18445140923954 0.428796913363732
v 0.378084656204388 5.15092044670235 0.40939229019812
v 9.42043538769645 5.07334155531166 0.395475271834444
v 9.32654642966248 5.16397755173623 0.400323598963578
v 9.21937407361311 5.13491587558412 0.352389088152431
v 9.10539595614442 5.14122379244408 0.340418189429855
v 9.00102397574139 5.14505380115636 0.335739582036863
v 8.91317138298956 5.16355890972041 0.34075762890214
v 0.289655016349668 5.10486982496238 0.395548817053439
v 9.71519331077947 4.90187370588701 0.42980391713151
v 9.61970332990122 4.95413606996979 0.412741426324662
v 9.5265045654609 5.01016621219493 0.415174075876037
v 9.32239395345153 5.07739785700547 0.348960749482355
v 0.211968635792761 5.04544528801439 0.38877134225682
v 9.79900657381111 4.83227164209502 0.471243819372942
v 0.139192812934907 4.95400029418088 0.375403084373338
v 0.0902003824351392 4.87580475441554 0.408719068578088
v 9.85514986252701 4.73327412000317 0.466763218338783
v 0.0597526617711956 4.77942657358482 0.395831683280343
v 0.066943121259094 4.77658093934217 0.287855987146559
v 9.8763478575712 4.62491372580079 0.44789038367975
v 0.04386123714373 4.67991423496 0.425606182324255
v 0.0321166314026773 4.6938934838936 0.321483124200903
v 9.86969484391442 4.53139815118634 0.414285875923558
v 0.0465145223520896 4.56436903859427 0.440954503796065
v 0.0226688994240843 4.60089272581211 0.37000599676401
v 9.85117276337674 4.43914415994388 0.425843789954855
v 0.0612971113700911 4.45790950543669 0.43734513074077
v 9.8100723006076 4.36882361593555 0.381875063644901
v 0.0899627748045399 4.35216845249545 0.442945882033469
v 9.74028354510585 4.3042339416843 0.407044500514817
v 9.65206322625904 4.25749312635069 0.415886898767835
v 9.56677340152295 4.20900419773481 0.420412758398298
v 0.123901064708478 4.25633337482038 0.469212839863772
v 9.49296794559917 4.13438408707754 0.450849164413166
v 9.40581120376551 4.13042395990088 0.373400391486858
v 0.194227266041344 4.16681752865435 0.431642547606386
v 9.42368269198131 4.05157217048913 0.445214469173239
v 9.33603942023738 4.04473812244713 0.388375329539154
v 9.23573505617723 4.04117966531268 0.355936230637807
v 9.12526447992215 4.03362713705434 0.340220183071022
v 7.77582285785406 4.0311096276349 0.380873717201661
v 7.6736742059945 4.04656543827293 0.375567146784942
v 7.58237064527444 4.04915649291137 0.396499247575836
v 7.47972980618006 4.05570201740193 0.403910342720721
v 7.37557846143402 4.059203901291 0.406614543849922
v 7.2705389167355 4.0606295470746 0.405726343897444
v 7.1656521197995 4.06157432027246 0.401828447290707
v 7.06197599031466 4.06235503105871 0.395418698589063
v 6.95959538814904 4.05980923501658 0.392635294916328
v 6.85593057331327 4.05115352847331 0.401234428214209
v 6.74643871420328 4.04285989070049 0.413086523121485
v 6.64001878231747 4.04075536597232 0.412328441633383
v 6.53441350516514 4.03827745782465 0.411881512994875
v 6.42756927393897 4.0307984747853 0.414229302678177
v 6.3175003677261 4.01593102589923 0.42308867290481
v 6.21716771704326 4.00615516909743 0.395034000520474
v 0.421713943042057 4.02885235514421 0.406128013939648
v 0.300279471832182 4.08203120580215 0.428146321041853
v 9.38162048404069 3.95181090958464 0.443794480714181
v 9.29878028082959 3.94380579536326 0.405963951528043
v 9.21012434799335 3.93980606691483 0.38606148380308
v 9.12811577148935 3.9219289213745 0.382027811407429
v 9.04384992249465 3.94867109446601 0.366803951075457
v 8.94469399531573 3.95182788155825 0.360049105576991
v 8.83942250031115 3.94545773412838 0.358906326020298
v 8.73522023964427 3.94098844774329 0.35899118588837
v 8.63331485273984 3.93628155372761 0.35987372851631
v 8.53462848349758 3.9266075287675 0.362945655740487
v 8.43086749414467 3.92532331609735 0.360869417635012
v 8.33103268802118 3.93610617666693 0.352174109819984
v 8.22612326178704 3.94060940699924 0.350239304827961
v 8.11650128421267 3.94309297247146 0.363426528326224
v 8.00244396420045 3.94658919903599 0.399667349317161
v 7.88967651418291 3.99230038130367 0.396352157137846
v 6.13565698509861 3.98228691687127 0.422206130276869
v 6.03562982994082 3.96773627815933 0.404204523596701
v 5.9223588780394 3.92243242325839 0.424785870266234
v 2.78964370170059 3.89274278408255 0.375635034679399
v 2.67783233952999 3.91554745929555 0.399390140414795
v 2.5682952218237 3.93089012344282 0.408255167965966
v 2.46079474095111 3.93681334223419 0.411191319401229
v 2.35514986252701 3.93818807209694 0.411740079881422
v 2.25082879804483 3.93829556126317 0.41159864676797
v 2.14737896154151 3.93831819056132 0.411417612382752
v 2.0444665708693 3.93833516253493 0.411293151242914
v 1.94189361966939 3.93834647718401 0.411196976725767
v 1.83954130412645 3.93836344915762 0.411083830235005
v 1.73747185481042 3.93838042113124 0.410942397121553
v 1.6359228793519 3.9383747638067 0.410851879928944
v 1.53542050893292 3.93849922494654 0.411089487559543
v 1.43675676898881 3.93870288862991 0.412447245448682
v 1.34089340469105 3.93835779183309 0.419716907480115
v 1.24001199352802 3.94056414840294 0.421108609316482
v 1.14249669046515 3.94560482456637 0.415309851664951
v 1.03897896606737 3.94888607279845 0.416752469422161
v 0.935076543601 3.95257464839728 0.415128817279732
v 0.836107308131838 3.95871850284563 0.409256514409206
v 0.746953530736245 3.96016112060284 0.420752197870583
v 0.654524162433102 3.97877937565766 0.396301241217004
v 0.54571683959222 3.99706384856474 0.396374786435999
v 9.45653477557394 3.76885303402315 0.477987350222333
v 9.37360405517023 3.84867222593091 0.442979825980697
v 9.28637376811758 3.83748203799459 0.413788031364207
v 9.1975933741415 3.82724793790521 0.40329369434607
v 9.101322682477 3.82873015693418 0.397619397834376
v 9.00807865944038 3.84304318801552 0.390689175275229
v 8.90891707493692 3.84365417906564 0.387487129586676
v 8.80679670970005 3.83880019461196 0.387113746167163
v 8.70476120433125 3.83403107002636 0.387498444235752
v 8.6027935868569 3.82761000667564 0.388635566467906
v 8.49813874022697 3.824543736776 0.38862425181883
v 8.39106255869474 3.82581663479707 0.38794537287426
v 8.28689989929962 3.83536619861735 0.388816600853125
v 8.18037247824759 3.84394270261708 0.402445095665358
v 8.08035098041434 3.85383170590964 0.439279935732793
v 5.8280795646123 3.85377513266426 0.439862640160215
v 5.76501736798633 3.88148470825177 0.351387741709191
v 2.95299894773764 3.8059877122911 0.402275375929216
v 2.88909946708003 3.85975492470101 0.361191885133683
v 9.52764168769306 3.61522272886706 0.46441542865548
v 9.37088853939195 3.7441984136862 0.429413561738383
v 9.27987915954787 3.72891798010885 0.412187008519931
v 9.18283341442165 3.72541043889524 0.406959640646745
v 9.0843563661873 3.72999852909562 0.40488340254127
v 8.98612824023263 3.73753974270488 0.402818479084871
v 8.88467543929125 3.73619895678935 0.401856733913398
v 8.78177436326812 3.73027008067345 0.402037768298616
v 8.67879408470146 3.72561410257861 0.40246772496351
v 8.57253821522726 3.72095812448377 0.402869395005714
v 8.46365168984284 3.72354917912221 0.40370667903735
v 8.348462904923 3.72217444925946 0.412696167728358
v 8.23998936422987 3.74195811316912 0.430941039363664
v 8.1472148991299 3.7549699596067 0.47752344961021
v 5.74764938165443 3.67548454984669 0.458859935959086
v 5.72822212919066 3.78385625869814 0.396697253934669
v 3.03034588882226 3.75004242993404 0.395113203064007
v 9.4565291182494 3.66771138593137 0.445469048777452
v 9.37135244000407 3.63443500299838 0.417216370034283
v 9.272247428746 3.62713705434426 0.409720415021328
v 9.17135470293389 3.62650343399599 0.408221224018737
v 9.07025831343841 3.63052013441803 0.407661148889467
v 8.96870368065535 3.63494981953135 0.40718027630373
v 8.86410540727079 3.6300845204286 0.407214220250959
v 8.75951279121078 3.62096491327321 0.407502743802401
v 8.65496543374707 3.61998619612813 0.407644176915853
v 8.54177368438918 3.61545467917313 0.410529412430273
v 8.43478236272502 3.62729545943133 0.41825731774929
v 8.35099738631606 3.61781944083004 0.442600785236646
v 8.27127436892545 3.64233828537808 0.471000554417805
v 5.68132856609452 3.67027415394712 0.388844887475815
v 3.11495683461377 3.6713716749075 0.394621015829194
v 9.6470508367183 3.45146015546328 0.47451941028049
v 9.56977178352813 3.52385693757708 0.456070874961813
v 9.46720448965275 3.54391781038911 0.424067390049898
v 9.3625609576719 3.53254093074303 0.410783992034487
v 9.25852841674116 3.52795284054265 0.408600264762788
v 9.15525961462305 3.52836016790939 0.408622894060941
v 9.05235288127539 3.53150564035256 0.40859460743825
v 8.94936128805965 3.53582217897512 0.408560663491022
v 8.84281123770946 3.52291782170376 0.408679467306321
v 8.73998370690533 3.50885937022663 0.409279143707358
v 8.63190617892986 3.52285559113384 0.411474185628133
v 8.54508321924395 3.50858216132427 0.421267014403548
v 8.46272954594313 3.52660639730259 0.434527783120807
v 8.38274063429923 3.52789626729727 0.474366662517962
v 5.73349475566015 3.56950588927484 0.429526708229144
v 5.66435093515575 3.55265271947591 0.372817687059436
v 3.23463187789231 3.50908566320816 0.466672701146174
v 9.72137110917505 3.31664611172085 0.462950181600118
v 9.54797411208291 3.43275138321585 0.425068736493138
v 9.44158812414433 3.43900272683043 0.411134746155848
v 9.33665606861203 3.43184621128976 0.408424887702108
v 9.23290639390819 3.42937396046662 0.408622894060941
v 9.12942827078218 3.43043753747977 0.408651180683631
v 9.02649890813636 3.43299464817099 0.408645523359093
v 8.92825381020808 3.44085832927892 0.408696439279936
v 8.8445254070445 3.40594132222989 0.409171654541134
v 8.75061381971238 3.4047985426732 0.411496814926285
v 8.6607189328023 3.42054853418721 0.416367771353571
v 8.57278713750693 3.41697310507915 0.434431608603659
v 8.48670528733551 3.42609271223453 0.472375284280558
v 5.83229427139317 3.3091671286815 0.441893619669386
v 5.74255778957016 3.46421176497211 0.412056890055555
v 3.3176644301377 3.42139713286792 0.450175942793134
v 9.64772405833833 3.36607415621005 0.443234405584911
v 9.58440162478361 3.32540930743033 0.41878910625587
v 9.49761260904493 3.33809868636924 0.411581674794356
v 9.40255258483158 3.33619782532445 0.408928389585997
v 9.30212375963159 3.33257713762008 0.408588950113712
v 9.19829488238422 3.33256016564646 0.408577635464636
v 9.0899118588837 3.3352700241002 0.408588950113712
v 8.97236396963148 3.34053133592062 0.408407915728494
v 8.87515416209366 3.29757527070298 0.410444552562202
v 8.77611138140551 3.30866362679761 0.415864269469682
v 8.6800330387753 3.31843948359942 0.431303108134101
v 8.59430760004978 3.32542062207941 0.466304975051199
v 5.75579027166472 3.36095993482762 0.390072526900578
v 3.40040280150711 3.33305801020581 0.433673527115557
v 9.82051006438035 3.15400934590014 0.470468765911225
v 9.76252814518958 3.23554836446748 0.460981432660866
v 9.66590669940372 3.25059119041423 0.426963940213394
v 9.56858940269968 3.2374096242405 0.412713139701972
v 9.47350109186364 3.24007988142248 0.409443206118962
v 9.37539176972426 3.23802627261515 0.409279143707358
v 9.27441418404408 3.23717767393444 0.409284801031896
v 9.17163756916079 3.23955940756497 0.409228227786515
v 9.06884963962843 3.24477546078908 0.409018906778606
v 8.97314468041774 3.2381959923513 0.409680813749562
v 8.87723040019914 3.19945463391453 0.417866962356162
v 8.78662269039726 3.21247779500119 0.431687806202691
v 8.69769520598319 3.22555752933323 0.464132562428576
v 5.93442029395458 3.09864676797049 0.437865604598273
v 5.85713558343988 3.21932315769226 0.423128274176576
v 3.49084644889739 3.23916905217185 0.425990880392845
v 9.73304782702164 3.15660040053858 0.43451646847173
v 9.6445106980007 3.15498806304522 0.418031024767767
v 9.54945633111189 3.14705649404284 0.413635283601679
v 9.45367782668221 3.14619658071305 0.41283760084181
v 9.35552890327106 3.14479356422761 0.41301297790249
v 9.25654835315283 3.1453423247078 0.412950747332571
v 9.15931591631685 3.14878763535149 0.412633937158439
v 9.06684694674195 3.15176904538306 0.412735769000124
v 8.97645421527251 3.14582319729354 0.415604032540931
v 8.88629909143368 3.11808533508333 0.432870187031149
v 8.79766578789559 3.1189565630622 0.47251671739401
v 5.85832927891741 3.14211199239656 0.387939715549722
v 3.5779522748102 3.14902524298209 0.426030481664611
v 9.80374741177402 3.07272490693701 0.451550672655888
v 9.716460551476 3.0678200065625 0.433005962820063
v 9.6263110849617 3.06319797241489 0.425577895701565
v 9.53208834477999 3.05788574467363 0.424763240968081
v 9.43617406456139 3.05613197406682 0.424955590002376
v 9.33922449395232 3.05504011043097 0.42521016960659
v 9.24331021373372 3.05564544415655 0.425125309738518
v 9.15056969258098 3.05866645545988 0.424672723775472
v 9.06018827576063 3.06137065658909 0.425900363200235
v 8.96941650354714 3.05862119686358 0.434278860841131
v 8.87608196331791 3.04587524467929 0.477483848338444
v 6.03695364388274 2.89251083377649 0.436524818682749
v 5.95730417171112 3.01017186951947 0.417595410778335
v 3.66570869304489 3.04440999762392 0.436258924429459
v 9.78308686256096 2.9876387458843 0.459991400866702
v 9.69542096151888 2.98120071055996 0.452800941378803
v 9.60466616127901 2.97688417193741 0.451296093051674
v 9.51056222491259 2.97326348423304 0.452472816555595
v 9.41508921600797 2.97122119007479 0.453592966814134
v 9.31955963385795 2.96984646021204 0.454515110713841
v 9.22561975990315 2.96977291499304 0.455097815141263
v 9.13456512146276 2.97373869949423 0.455290164175558
v 9.04411581674794 2.97853611070253 0.458695873547482
v 8.95363822541044 2.98818184903995 0.476652221631346
v 5.95850352451319 2.93350380737941 0.384517034204184
v 3.73614804086851 2.95017594279313 0.456133105531732
v 6.13940213394282 2.68819090075921 0.437124495083785
v 6.06021090505878 2.80482230343626 0.417985766171462
v 3.85068057614193 2.80307984747853 0.483627702786798
v 6.06160260689515 2.72860116993471 0.385031850737149
v 3.92870639617112 2.71507450696417 0.446798520043901
v 6.24166393229314 2.48382005182109 0.437282900170851
v 6.16274425498693 2.60038356660368 0.41843269480997
v 4.00091648657517 2.6402167886763 0.418579785247961
v 6.16414161414784 2.5240832305586 0.385263801043211
v 4.12123646485104 2.51238954073839 0.406195901834105
v 6.34385784274901 2.27947748950566 0.437328158767156
v 6.26501171066179 2.39600706034102 0.41855149862527
v 4.18820221540829 2.40906416537491 0.441701270635091
v 6.26645998574354 2.31967843767326 0.385359975560358
v 4.25873773774906 2.3059877122911 0.448999219289214
v 6.44599517995949 2.07514624183931 0.437265928197237
v 6.36720562111766 2.19165884070106 0.418579785247961
v 4.34290741222661 2.20579649472172 0.449740328803702
v 6.36859166562949 2.11533021803329 0.385320374288591
v 4.42698656951155 2.11438544483543 0.438821692445209
v 6.54813251716998 1.8708659100938 0.437260270872699
v 6.46931467170546 1.98736719430647 0.41852321200258
v 4.51224810762494 2.03569771783528 0.406970955295822
v 6.47063848564737 1.9110385716387 0.385241171745058
v 4.63852524863941 1.9021396001403 0.404340299385615
v 6.65033208495039 1.66654031975198 0.437339473416232
v 6.57146332356502 1.78307554791188 0.41852321200258
v 4.7143956280196 1.81109627634899 0.420559848836288
v 6.57290594132223 1.70674692524411 0.385343003586744
v 4.79491067084554 1.71250608162388 0.432462859664408
v 6.75248639413449 1.46224301603286 0.437350788065308
v 6.67367986331904 1.57873298559645 0.418596757221575
v 4.86199522521809 1.61860580894084 0.45914280218599
v 6.67508287980448 1.50244396420045 0.385365632884896
v 4.9763636980799 1.47257894796393 0.484674307826343
v 6.85438046638984 1.25830778108417 0.43722632692547
v 6.77578891390684 1.37450922709632 0.418585442572499
v 5.05418019710119 1.385009221439 0.446640114956835
v 6.77693735078807 1.29836729613831 0.385212885122368
v 5.12645817539969 1.31089826999016 0.417997080820538
v 6.95907491429153 1.0529638723255 0.441565494846177
v 6.87735486133897 1.17066450934024 0.418053654065919
v 5.24384765956484 1.18641450085426 0.407904413844605
v 6.88029667009878 1.09429628540071 0.386293434109141
v 5.30675145110374 1.08620631131125 0.451035856122922
v 7.0612235661511 0.844491463097272 0.436140120614159
v 6.9818456455573 0.967730620834794 0.422296647469479
v 5.43074303300483 0.976861542639255 0.387707765243661
v 5.37736617598805 0.9847421957208 0.462005408402258
v 6.98428960975775 0.892476889829262 0.389008949887419
v 5.46391758409613 0.891260565053574 0.44005498919451
v 7.1475260519795 0.650914789377807 0.423671377332232
v 7.08978174041932 0.745912583021238 0.418059311390457
v 5.54848327129134 0.797575270702979 0.440484945859404
v 7.06326586030934 0.675982394406037 0.369129111460608
v 5.63242665278736 0.711397246014415 0.418002738145076
v 7.24298774623505 0.469699369774047 0.432440230366255
v 7.19418766476958 0.557806542130096 0.434595671015263
v 5.75677464613435 0.575553569206051 0.412113463300936
v 7.16737760378362 0.484991118000475 0.376449689412883
v 5.83636188773605 0.482411378011111 0.424949932677838
v 7.31799821228545 0.297405550966837 0.443992487073013
v 7.27179484278295 0.378882338964257 0.426522668899424
v 5.91327887215578 0.381501680225388 0.453621253436825
v 7.249442753533 0.304477206639436 0.385541009945577
v 5.99099919665992 0.288936536133332 0.459634989420803
v 7.31467170545706 0.216822620246433 0.417024020999989
v 7.24041932089476 0.221484255665811 0.374034011835123
v 6.06623595569183 0.201683619782532 0.460641993188581
v 7.29224041366357 0.128347721795409 0.410331406071441
v 7.21636437695885 0.14071463323565 0.38008169176633
v 6.24566366074156 0.0641597175863587 0.449282085516118
v 6.14922324934092 0.123821862164945 0.454498138740227
v 7.21397132867924 0.0616818094386802 0.41142326970729
v 7.11802876183795 0.0436802027585113 0.404821171971351
v 7.02619341261131 0.0351942159513925 0.41068781751734
v 6.93410914110499 0.031256718072889 0.415768094952535
v 6.84020886842195 0.0288862990914334 0.419439698577749
v 6.74400040732737 0.0271381858091668 0.422002466593499
v 6.64613435014313 0.0259331756825564 0.42406173272536
v 6.54775347642593 0.0258652877880994 0.426126656181759
v 6.44942917595411 0.028116902954255 0.429419219062921
v 6.35117276337674 0.0358957241941137 0.437922177843654
v 7.21100123329675 9.09185232120026 0.393981738156391
v 7.129773367579 9.10146411559045 0.381399848383702
v 7.04352179767145 9.10615403763252 0.372438646315385
v 6.95165816182211 9.10651044907842 0.368184338262749
v 6.85652459238977 9.10409477150066 0.365446193186318
v 6.75958633642978 9.1010850748464 0.363511388194295
v 6.66188434165714 9.09825641257736 0.361672757719419
v 6.56313574184497 9.09449429175954 0.360411174347428
v 6.46302372681911 9.08616671003949 0.359109989703669
v 6.35778617576176 9.0696473223883 0.359907672463539
v 6.24427761622973 9.04121360925991 0.362594901619126
v 7.1922302304794 9.01197655604711 0.361293716975368
v 7.11173781695161 9.01853905251129 0.344898790464014
v 7.02426992226836 9.02559939353481 0.335977189667462
v 6.93069777440853 9.02473382288048 0.331756825562055
v 6.83461943177832 9.02015704732918 0.329493895746823
v 6.73920865344361 9.01512202849029 0.327983390095156
v 6.6429209898055 9.01147871148776 0.327027302248221
v 6.54617508287981 9.00675484549847 0.326546429662484
v 6.44885778617576 8.99892510833777 0.326716149398626
v 6.3520722779783 8.98669963001097 0.326308822031885
v 6.26405562281486 8.96335185164232 0.325318790237721
v 6.16566343444858 8.95717971057128 0.347478530453378
v 7.1792749572872 8.9204127583983 0.355523245946527
v 7.09521842930041 8.93128613616049 0.331106233240176
v 7.00657381111325 8.93988526945837 0.320097079689073
v 6.91084056527987 8.936264581754 0.316029463346194
v 6.81940122877089 8.92719023319492 0.313483667304059
v 6.72594222740182 8.92252859777554 0.312527579457123
v 6.6317930324391 8.91837046424005 0.312165510686686
v 6.53750240436293 8.91336373202385 0.311961847003315
v 6.44389065523133 8.9057489731956 0.311656351478259
v 6.35228725631075 8.89191115737545 0.311124562971679
v 6.25709145630848 8.87906337334948 0.314315294011156
v 6.16973105079146 8.86683789502269 0.323548047657302
v 6.08108077527976 8.86667948993562 0.35259840916034
v 7.15700772790532 8.83675790045372 0.35386564985687
v 7.07025831343841 8.84022018307102 0.328424661409126
v 6.9839105690137 8.85473687783573 0.317483395752481
v 6.90303911474186 8.83913397675971 0.311503603715731
v 6.81215419603761 8.83335784840633 0.308810717235605
v 6.71940801756034 8.82809653658592 0.307673595003451
v 6.62543985698284 8.82341792919293 0.307430330048314
v 6.53121711680112 8.81752299702425 0.307288896934862
v 6.43683031420781 8.8085278510087 0.307232323689481
v 6.33992600219504 8.79746212421222 0.307996062502121
v 6.24068521514805 8.78541768027065 0.310960500560075
v 6.13438974440208 8.77873637999117 0.323734739367058
v 6.0242755795929 8.76971294735294 0.353322546701214
v 7.1040551702289 8.74327061246196 0.353373462622057
v 7.00483135515552 8.7603331032688 0.324543736776004
v 6.90463448026159 8.74893359432457 0.312578495377966
v 6.81021939104559 8.73904459103201 0.308850318507371
v 6.71508582161324 8.73334200789762 0.306994716058881
v 6.61979384709383 8.72744141840441 0.306479899525916
v 6.52440569805727 8.72055079711703 0.306423326280535
v 6.42769373507881 8.71239293513312 0.306423326280535
v 6.32918274289723 8.70344870503841 0.307181407768638
v 6.22814292664713 8.69638836401489 0.309879951573302
v 6.12851178420701 8.69207748271687 0.316923320623211
v 6.03716862221518 8.67852253312364 0.328006019393309
v 5.93542729772236 8.67328385060137 0.358385852162795
v 7.06741267919575 8.65894253289734 0.352541835914959
v 6.98138740226972 8.66783018974666 0.327168735361673
v 6.89826433283172 8.64985121236465 0.317313676016338
v 6.80501465247055 8.64448806870255 0.310275964290967
v 6.7093153505844 8.63756916079248 0.307560448512689
v 6.61409692128399 8.63051447709349 0.306604360665754
v 6.51801857865378 8.62374265962141 0.30649687149953
v 6.42097283352757 8.61660311605436 0.306457270227764
v 6.32305020309795 8.61004627691472 0.306785395050972
v 6.22559147328046 8.60477365044523 0.308199726185492
v 6.12986388477161 8.59780382661432 0.310722892929476
v 6.03108699833675 8.59085663208156 0.317856779171994
v 5.9380183523608 8.57948540976002 0.33012185877055
v 5.83699550808432 8.57354521899503 0.363375612405381
v 6.99766918229031 8.56621332639368 0.346607302474514
v 6.89836050734886 8.55904549620393 0.323400957219312
v 6.79899525916204 8.55023704189814 0.312018420248696
v 6.7047838336294 8.5402914653602 0.308607053552234
v 6.60933911134746 8.53355924915989 0.306915513515348
v 6.51310236363019 8.52680440366142 0.306485556850454
v 6.41650354714248 8.52046820017877 0.306485556850454
v 6.31975198289225 8.51491270748238 0.306536472771297
v 6.22324934092169 8.50939681605775 0.306977744085267
v 6.12608479198018 8.50360937305529 0.308290243378102
v 6.029638723255 8.49620959255949 0.31076815152578
v 5.93135968137948 8.49054095337233 0.318292393161426
v 5.83932066846947 8.47898869666557 0.330602731356287
v 5.74014776931693 8.47165114673968 0.363760310473971
v 6.96764576096672 8.46690465145223 0.351404713682805
v 6.87809597085346 8.46607868206967 0.326653918828708
v 6.79466740589041 8.44992702051346 0.316832803430602
v 6.70115748860049 8.44395854312578 0.310083615256673
v 6.60495468483045 8.43647390276191 0.307481245969156
v 6.50914223645354 8.42934001651939 0.306570416718525
v 6.41283194351727 8.42345639899978 0.306491214174992
v 6.31631798689764 8.41805931139046 0.306474242201378
v 6.21959470927009 8.4128658874645 0.306519500797683
v 6.12289971826524 8.40716896165465 0.306949457462577
v 6.02587094511264 8.40150597979204 0.308256299430873
v 5.93020558717371 8.39468890372365 0.3107115782804
v 5.83322207261742 8.38870345436236 0.31786809382107
v 5.74269356535907 8.37644968941288 0.329465609124133
v 5.64598725970514 8.36762426313348 0.360156594743214
v 6.89736481823016 8.36684355234723 0.346330093572148
v 6.79624579943653 8.35796155282244 0.323180321562327
v 6.69603760989353 8.34851947816838 0.311854357837092
v 6.60128873852977 8.33827406342992 0.308516536359625
v 6.50548760480194 8.33171156696575 0.30688156956812
v 6.40913771059391 8.32568085900816 0.306474242201378
v 6.31268032721965 8.32027245674975 0.306491214174992
v 6.21604756678472 8.31516955001641 0.306474242201378
v 6.11929034520994 8.31003269933583 0.306508186148607
v 6.02291216437922 8.30455075185843 0.30690985619081
v 5.92668673131103 8.29904617508288 0.308165782238264
v 5.83224335547233 8.29175954107783 0.310377796132653
v 5.73728516310067 8.28478971724692 0.317183557551963
v 5.6497097792512 8.27122911032914 0.328549122548964
v 5.55900023760763 8.27134791414444 0.360399859698351
v 6.86579128998314 8.26553784184384 0.35103698758783
v 6.77567011009154 8.26400470689402 0.326348423303651
v 6.69189644833166 8.24728165555945 0.316646111720845
v 6.59803011959584 8.24121700365463 0.309993098064063
v 6.50156142157251 8.23393602697412 0.30744164469739
v 6.40556793881038 8.22726604134373 0.306553444744911
v 6.30912752740974 8.22190289768163 0.306491214174992
v 6.21240990710673 8.2169074801145 0.306491214174992
v 6.11562439890927 8.21195732114368 0.306474242201378
v 6.0187936321155 8.20692795962933 0.30649687149953
v 5.92225704619771 8.2012027471968 0.30688156956812
v 5.82530747558864 8.19477602652154 0.308216698159107
v 5.72855025401387 8.18569602063792 0.311503603715731
v 5.62741426324663 8.17881105667508 0.322450526696914
v 5.5272173883527 8.17091343161992 0.34393704529254
v 6.7952161663706 8.1641359568233 0.34605854199432
v 6.69355970174585 8.15469953949378 0.323004944501646
v 6.59308561794956 8.14526312216427 0.311752525995406
v 6.49810479627974 8.13510256729388 0.308465620438782
v 6.40211697084215 8.12880596508299 0.306858940269968
v 6.30556907027529 8.12326744436021 0.30646858487684
v 6.20877790475328 8.11831162806486 0.306491214174992
v 6.11157941186454 8.11357079010195 0.306491214174992
v 6.01413765402066 8.10861497380659 0.306474242201378
v 5.91627159683642 8.10326314479356 0.306474242201378
v 5.81780020592661 8.09689865468822 0.307249295663095
v 5.71733177945486 8.09046061936389 0.309846007626073
v 5.61615053009131 8.08403955601317 0.316385874792093
v 5.51552369853249 8.06810853011394 0.32753080413211
v 5.40793835779183 8.03394960455301 0.348496848870232
v 6.76336542922121 8.06212308075265 0.350788065308154
v 6.67301229902355 8.06042022606669 0.326173046242971
v 6.58910286147475 8.04373677600389 0.316521650581007
v 6.49495932383657 8.03741754449486 0.309930867494145
v 6.39840010862063 8.03030063022595 0.307419015399237
v 6.30223124879782 8.02451884454804 0.306542130095835
v 6.20520247564522 8.01991378237404 0.306485556850454
v 6.10757968341612 8.01516728708659 0.306491214174992
v 6.0096117943902 8.01030198798384 0.306491214174992
v 5.91133275251468 8.00524999717134 0.306451612903226
v 5.81239746099275 8.00009051719261 0.306802367024587
v 5.7130887860513 7.99486880664396 0.308216698159107
v 5.61392154422331 7.98741245290277 0.31062106108779
v 5.5135492922687 7.97317862436497 0.316923320623211
v 5.41550220069925 7.94401511637117 0.326484199092565
v 5.309761147758 7.96503773435467 0.369089510188841
v 6.69284687885405 7.96052318937328 0.345866192960025
v 6.59072651361718 7.95112637331553 0.322829567440966
v 6.48997522091852 7.94053020445571 0.311695952750025
v 6.39520937758115 7.93072040370668 0.30844299114063
v 6.29914234960003 7.92653964087304 0.306836310971815
v 6.20166099048438 7.92210429843518 0.306462927552302
v 6.103625213564 7.91696744775461 0.306491214174992
v 6.00574218440615 7.91185888369672 0.306491214174992
v 5.90802887498444 7.90715198968104 0.306485556850454
v 5.8103099082382 7.90275059119041 0.306536472771297
v 5.7131623312703 7.89792489335943 0.307011688032496
v 5.61727633767439 7.89113610391374 0.308194068860954
v 5.52440569805727 7.87916520519116 0.310089272581211
v 5.43649087473552 7.856558536337 0.314705649404284
v 5.33685407497086 7.87164096355552 0.329052624432853
v 5.22977789343863 7.86131068894898 0.362566614996436
v 6.66042475192632 7.85917222027359 0.350267591450651
v 6.56991321664159 7.85686403186205 0.325907151989681
v 6.48574919948858 7.83695024948801 0.316555594528236
v 6.39222796754959 7.83224901279687 0.309919552845069
v 6.29552166189566 7.83005397087609 0.307368099478395
v 6.19694278181962 7.82517735712427 0.306513843473145
v 6.09894660617101 7.81858091671287 0.306485556850454
v 6.00241567757776 7.8127765017368 0.306491214174992
v 5.90560188275761 7.80835813127256 0.306491214174992
v 5.80881637456014 7.80414908181623 0.306474242201378
v 5.71255134022018 7.79932904130978 0.306502528824068
v 5.61720844977993 7.79218949774273 0.306892884217196
v 5.52152046254285 7.78003756463493 0.307945146581279
v 5.41602833188129 7.77008067344791 0.310275964290967
v 5.31916927846483 7.78387323067175 0.319486088638961
v 5.23449044477886 7.7643441463663 0.328509521277198
v 5.13952659508265 7.75564883855127 0.355342211561308
v 6.58857107296817 7.75708579898394 0.34505719555108
v 6.4853362147973 7.73933877190799 0.322789966169199
v 6.38558061121734 7.73480159762845 0.31156583428565
v 6.28738077188536 7.73588780393976 0.308131838291035
v 6.18856428417873 7.72823344383974 0.306723164481054
v 6.09492424842443 7.71851416028332 0.306451612903226
v 5.99946821149342 7.71324153381383 0.306491214174992
v 5.90318620517985 7.7087948767269 0.306491214174992
v 5.80650818614861 7.70461977121779 0.306491214174992
v 5.7098641110646 7.69968658422059 0.30646858487684
v 5.61306728821806 7.69285819350313 0.306474242201378
v 5.51496928072776 7.68624478111811 0.306824996322739
v 5.42302644233489 7.67743632681232 0.30785462938867
v 5.32834545886559 7.68393093538204 0.310275964290967
v 5.23157126531721 7.67229381880721 0.315921974179971
v 5.14412034260757 7.65931025899232 0.32484923230106
v 5.05209830167117 7.65326823638565 0.349226643735645
v 6.55664113327525 7.65044523144115 0.350375080616875
v 6.45768321245517 7.63679410733076 0.325426279403944
v 6.3601848813659 7.63631323474502 0.314337923309309
v 6.26938482252973 7.64406942668673 0.308754143990224
v 6.18641450085426 7.62602256141026 0.307237981014019
v 6.09253120014483 7.6191941706928 0.306502528824068
v 5.99717133773096 7.61324832260327 0.306485556850454
v 5.90065738111133 7.60889784003349 0.306491214174992
v 5.80369649585318 7.60472839184893 0.306491214174992
v 5.70646405901721 7.60007807107863 0.306491214174992
v 5.60882995213903 7.59504870956427 0.30646858487684
v 5.51217456240595 7.59000237607631 0.30646858487684
v 5.41586426946968 7.58638168837193 0.306830653647277
v 5.32149443884998 7.58274968601849 0.307956461230355
v 5.22874826037271 7.57376019732748 0.309687602539007
v 5.13497810615404 7.5662020117446 0.314999830280264
v 5.04648057840486 7.55417453977665 0.325748746902615
v 4.95831117547889 7.55810638033061 0.358097328611353
v 6.50811260338761 7.5401726615449 0.354793451081115
v 6.40469105350698 7.53804550751858 0.32655774431156
v 6.29488804154739 7.5464126905104 0.311843043188015
v 6.18825878865367 7.5313924938618 0.308216698159107
v 6.09154116835066 7.51922924610493 0.306791052375511
v 5.99497629581019 7.51341917380432 0.306457270227764
v 5.89821907423541 7.50893291544563 0.306491214174992
v 5.8009357214786 7.50486529910275 0.306491214174992
v 5.70330161460042 7.50078071078625 0.306491214174992
v 5.60566750772225 7.49672440909245 0.306491214174992
v 5.50840678426359 7.49281519783664 0.30646858487684
v 5.41164956268881 7.48873626684468 0.30646858487684
v 5.31520915128817 7.48309025695568 0.306813681673663
v 5.21741098199839 7.47602991593216 0.308024349124812
v 5.11772892363743 7.46739683868705 0.31127165340967
v 5.01069234337697 7.4626503433996 0.324843574976522
v 4.9001482219029 7.45753612201718 0.358521627951709
v 6.4579264774103 7.44324572023399 0.352162795170908
v 6.36000384698069 7.44066598024462 0.325505481947477
v 6.26784603025537 7.45162421787488 0.31427569273939
v 6.18335388827916 7.42765979113158 0.309568798723708
v 6.08880868059877 7.41961507563843 0.307334155531166
v 5.99304149081816 7.41363528360168 0.306519500797683
v 5.89598443104287 7.40919428383929 0.306485556850454
v 5.79831072289293 7.40512666749641 0.306491214174992
v 5.70039940711239 7.40131928808228 0.306491214174992
v 5.60241454611285 7.39767597107976 0.306491214174992
v 5.50442402778878 7.39398739548093 0.306491214174992
v 5.40633733494756 7.38978400334914 0.30646858487684
v 5.30756044851269 7.38476029915932 0.306445955578688
v 5.20758986660029 7.37889365361333 0.307181407768638
v 5.10552041728426 7.37435082200926 0.309976126090449
v 5.00475780993653 7.3722180106584 0.317687059435852
v 4.91331281610301 7.35934194000973 0.329624014211199
v 4.8115884635838 7.35297179257985 0.361322003598058
v 6.39855285638316 7.33847206978875 0.351580090743486
v 6.29194623278759 7.3504090245641 0.323084147045179
v 6.18653896199409 7.33237913126124 0.31176949796902
v 6.08910286147475 7.3206062388975 0.308403389868863
v 5.99138955205304 7.31469999207975 0.306813681673663
v 5.89350652289519 7.30967628788993 0.306457270227764
v 5.79562915106188 7.30536540659191 0.306491214174992
v 5.69750851427343 7.30164288704586 0.306491214174992
v 5.59916158450346 7.29817494710401 0.306491214174992
v 5.50057704710288 7.29469003518856 0.306491214174992
v 5.40164175558095 7.29093922901981 0.306491214174992
v 5.30225953542051 7.28684898337878 0.30644029825415
v 5.20245867324425 7.28235706769555 0.306745793779206
v 5.10371573075661 7.28012808182754 0.308216698159107
v 5.00670958690216 7.27542118781186 0.310977472533689
v 4.90672769034068 7.26867765696247 0.318637489958249
v 4.81331394756792 7.25577895701565 0.33124200902909
v 4.71188377592469 7.24821511410824 0.364942691302429
v 6.35533089691223 7.24536382254104 0.350901211798916
v 6.26644867109447 7.25125309738518 0.325680859008158
v 6.18115884635838 7.22893495208246 0.316431133388398
v 6.08548217377038 7.2225082314072 0.309829035652459
v 5.98774057772598 7.21582127380319 0.30735112750478
v 5.89056471413539 7.21001120150259 0.306519500797683
v 5.79286271936276 7.2056154603365 0.306479899525916
v 5.69472511060069 7.20182505289598 0.306491214174992
v 5.59624240504181 7.19843065817314 0.306491214174992
v 5.49742591733517 7.19520598318643 0.306491214174992
v 5.39836050734886 7.19196999355065 0.306491214174992
v 5.29917629354726 7.18867743066949 0.306479899525916
v 5.19700501238954 7.18083072153517 0.306513843473145
v 5.09945576537944 7.19000690193594 0.307073918602415
v 5.00103529039047 7.1825731774929 0.308510879035087
v 4.90437990065738 7.17247485319243 0.311118905647141
v 4.80590285242303 7.165205191161 0.318886412237924
v 4.71341125354997 7.15240266573132 0.33136081284439
v 4.61336712641857 7.14329437322501 0.364122379244408
v 6.28388454532083 7.14561953361016 0.34535137642706
v 6.18147565653251 7.13507993799572 0.322631561082133
v 6.08036229506342 7.12574535250789 0.311531890338421
v 5.98467996515088 7.11626367658207 0.308335501974406
v 5.88782091173442 7.11073647050837 0.306796709700049
v 5.79018680485625 7.105927744651 0.306451612903226
v 5.6921849718831 7.10190538690443 0.306491214174992
v 5.59371923829782 7.09853362147973 0.306491214174992
v 5.49488012129304 7.0954843235537 0.306491214174992
v 5.3955431597289 7.09259908803929 0.306491214174992
v 5.29485409760016 7.08911417612383 0.306491214174992
v 5.1933447234134 7.07421844061506 0.306462927552302
v 5.09339111347462 7.10434369378034 0.306610017990292
v 4.99567214672837 7.08638168837193 0.307068261277876
v 4.89974089453616 7.07701315893688 0.308420361842477
v 4.80430182957876 7.06853848677883 0.310971815209151
v 4.70699019019925 7.06150077505346 0.318292393161426
v 4.61547730847128 7.04820606238897 0.329782419298265
v 4.51683054050079 7.03645579932338 0.358849752774918
v 6.25213564001313 7.04216969710684 0.350352451318722
v 6.16122243468619 7.04032540930743 0.325810977472534
v 6.0768377818762 7.02376076305993 0.316244441678641
v 5.98220771432774 7.01825618628438 0.30976680508254
v 5.88481121508016 7.01181249363551 0.307334155531166
v 5.78765232346319 7.00618911304466 0.306513843473145
v 5.68979758092803 7.00201966486009 0.306479899525916
v 5.59141104988629 6.99851212364648 0.306491214174992
v 5.49250970231158 6.99550242699223 0.306491214174992
v 5.39287855987147 6.99282085516118 0.306491214174992
v 5.29251762256594 6.98866837895023 0.306491214174992
v 5.19418766476958 6.96655955465541 0.306491214174992
v 5.09460178092576 7.01301750376212 0.306491214174992
v 4.99385614555165 6.99059186929317 0.306547787420373
v 4.89690657494258 6.9797354635046 0.306972086760729
v 4.80094703612767 6.97262986388477 0.308267614079949
v 4.7064470870436 6.96482275602222 0.310541858544257
v 4.61077607178013 6.95689118701983 0.316945949921363
v 4.52081895430013 6.94261775721026 0.327174392686211
v 4.42476889829262 6.93340197553773 0.354782136432038
v 6.18128330749822 6.93997578665098 0.345453208268746
v 6.07893099195528 6.93062988651407 0.322574987836752
v 5.97782328781073 6.92160645387583 0.311497946391193
v 5.88209004197735 6.91223792444077 0.308318530000792
v 5.78514612869282 6.90684083683144 0.306785395050972
v 5.68737624602573 6.90219051606114 0.306451612903226
v 5.58913114809744 6.89838879397155 0.306491214174992
v 5.49020151390005 6.89534515337007 0.306491214174992
v 5.3908475803623 6.89258437899549 0.306491214174992
v 5.29200280603297 6.88542220613028 0.306491214174992
v 5.19237732091739 6.86117491316007 0.306491214174992
v 5.09252554282029 6.91818377253029 0.306491214174992
v 4.99175162082348 6.89355743881603 0.306479899525916
v 4.89430420565506 6.88214095789819 0.306513843473145
v 4.79877462350505 6.87532953915434 0.30690985619081
v 4.70364105407271 6.86901030764531 0.308080922370193
v 4.61017073805456 6.86021882531313 0.310077957932135
v 4.51623086409975 6.85177243977778 0.316001176723504
v 4.43043188015524 6.8361016508073 0.325618628438239
v 4.34320725042713 6.83418947511343 0.352790758194635
v 6.14940994105068 6.83748769531913 0.350205360880732
v 6.05862119686358 6.83604507756192 0.325726117604463
v 5.97428180264989 6.81960489245426 0.316193525757799
v 5.87966870707505 6.8141738608977 0.30973851845985
v 5.78224392120478 6.80782068544144 0.30732284088209
v 5.68496056844797 6.80231045134135 0.306508186148607
v 5.5868512463086 6.79830506556839 0.306479899525916
v 5.48814224776819 6.79506341860807 0.306491214174992
v 5.38945022120139 6.79161245063984 0.306491214174992
v 5.29069596406467 6.78225523585386 0.306491214174992
v 5.19056131974067 6.75727814801824 0.306491214174992
v 5.09064165374911 6.82051006438035 0.306491214174992
v 4.98972064131431 6.79530668356321 0.306491214174992
v 4.891843269481 6.78405426505697 0.306474242201378
v 4.79511999185345 6.77849311503604 0.30649687149953
v 4.69832882633145 6.77191364659825 0.306875912243582
v 4.60051368506806 6.76364263812358 0.30820538351003
v 4.50233081770969 6.75218089860943 0.311396114549507
v 4.39678211380274 6.74229189531687 0.323327412000317
v 4.28709790565846 6.7245731548636 0.349939466627443
v 6.07860286713208 6.73566716828278 0.345289145857141
v 5.97627883821183 6.72578947963929 0.32252407191591
v 5.8755162308641 6.71782396668967 0.311469659768502
v 5.77896833029724 6.70877790475328 0.308278928729025
v 5.68252226157206 6.7028377139883 0.306779737726434
v 5.58457700184429 6.69829488238422 0.306445955578688
v 5.48639413448592 6.69461762143447 0.306491214174992
v 5.38814337923309 6.6902841108383 0.306491214174992
v 5.28917980108847 6.67902603500752 0.306491214174992
v 5.18836062049536 6.65377173826954 0.306491214174992
v 5.08863330353809 6.72106561364999 0.306491214174992
v 4.98741245290277 6.6954096468698 0.306491214174992
v 4.88892409001935 6.68692366006268 0.306491214174992
v 4.79020377682986 6.68300313415779 0.306474242201378
v 4.68975232233172 6.67589187721343 0.306485556850454
v 4.59097543589686 6.66651769045383 0.307266267636709
v 4.49067107183671 6.65850691890791 0.309896923546916
v 4.39101730009844 6.65055837793191 0.316668741018997
v 4.29748475351037 6.63282266550503 0.327830642332628
v 4.19403491700705 6.62949615867664 0.36087507495955
v 6.04647492108032 6.63324130752085 0.349899865355676
v 5.95238229936299 6.62614136522556 0.325448908702097
v 5.86494269130243 6.62109503173759 0.315243095235401
v 5.77662619793847 6.60999536099388 0.309687602539007
v 5.67969925662756 6.60368744413392 0.307317183557552
v 5.58243287584436 6.59818852468291 0.306502528824068
v 5.48471390909811 6.59411525101549 0.306479899525916
v 5.38658195766058 6.58871816340616 0.306491214174992
v 5.28701304579038 6.57586472205565 0.306491214174992
v 5.18477953406275 6.55035584571344 0.306491214174992
v 5.08573675337459 6.61995790950544 0.306491214174992
v 4.98349192699788 6.59308561794956 0.306491214174992
v 4.88520722779783 6.59331191093108 0.306491214174992
v 4.7800771659067 6.59016078116337 0.306491214174992
v 4.68224505266969 6.57822382638802 0.306462927552302
v 4.58523890881524 6.56986795804528 0.306813681673663
v 4.48849865921408 6.56333940552834 0.308182754211878
v 4.39256740702187 6.55440649008271 0.310700263631323
v 4.29331530532581 6.54641834783494 0.317998212285446
v 4.20168361978253 6.5358052070015 0.330167117366855
v 4.10132833980154 6.52959346465869 0.362894739819645
v 5.98138740226972 6.52731356286985 0.347614306242292
v 5.87765469953949 6.52660639730259 0.32269944897659
v 5.77334494970638 6.51336825788348 0.311469659768502
v 5.67714780326088 6.50382435138774 0.30829590070264
v 5.58030572181804 6.49834806123488 0.306779737726434
v 5.48290356524592 6.49364682454374 0.306451612903226
v 5.38485647367647 6.48720313189486 0.306491214174992
v 5.28486326246592 6.47321822563673 0.306491214174992
v 5.18225070999423 6.44781683846075 0.306491214174992
v 5.07955895497901 6.51704551883323 0.306491214174992
v 4.97175863590591 6.48624704404793 0.306491214174992
v 4.86673040585646 6.51119584526086 0.306491214174992
v 4.77388805286204 6.49179687941978 0.306491214174992
v 4.67919009741913 6.47942996797954 0.306485556850454
v 4.5836718299182 6.47191704099297 0.306536472771297
v 4.48784240956767 6.46582975979 0.306960772111653
v 4.39098335615121 6.45966893336803 0.308261956755411
v 4.2951709077743 6.45235967006483 0.310694606306785
v 4.19810819067447 6.44724544868241 0.317885065794684
v 4.10826421968523 6.43556307351128 0.328848960749482
v 4.01095258030572 6.42573064346409 0.35657550831061
v 5.94438849979068 6.42917029678325 0.3498885507066
v 5.85390525112864 6.42844050191783 0.325539425894706
v 5.76948099704688 6.41138932576006 0.316114323214265
v 5.6747886989285 6.40522284201356 0.309715889161698
v 5.57779952704767 6.39864903090031 0.307328498206628
v 5.48117808126181 6.39325760061552 0.306513843473145
v 5.38324979350765 6.3860049105577 0.306479899525916
v 5.28342630203324 6.37094511263733 0.306491214174992
v 5.18193955714464 6.34507416752469 0.306491214174992
v 5.07824645568618 6.414500854256 0.306491214174992
v 4.98064063543069 6.37205960557133 0.306491214174992
v 4.87895588418325 6.42153856598138 0.306491214174992
v 4.7786062615268 6.39479073556534 0.306491214174992
v 4.68019710118691 6.380404159265 0.306491214174992
v 4.58320792930607 6.37284031635759 0.306474242201378
v 4.48654688224845 6.36802027585114 0.30649687149953
v 4.39010647084781 6.36316063407293 0.306887226892658
v 4.29376223396431 6.35830099229472 0.308137495615573
v 4.19980538803589 6.35197044613661 0.310349509509963
v 4.10578631153755 6.34523257261176 0.316289700274946
v 4.01925753272762 6.33148527398423 0.325103811905274
v 3.92752401534266 6.32406852151481 0.349085210622192
v 5.87390955069529 6.32768355189464 0.345062852875618
v 5.77137620076713 6.31824713456512 0.322348694855229
v 5.67043821635872 6.30728323961032 0.311480974417578
v 5.57567803034589 6.29812403118317 0.308341159298944
v 5.47948654122492 6.29364343014901 0.306796709700049
v 5.38150168022539 6.28488023443953 0.306457270227764
v 5.28224392120478 6.2681628404295 0.306491214174992
v 5.18230728323961 6.24089453615596 0.306491214174992
v 5.08146547334834 6.30827327140449 0.306491214174992
v 4.98074812459692 6.26479673232935 0.306491214174992
v 4.87994025865288 6.32344621581562 0.306491214174992
v 4.77841956981704 6.29486541224924 0.306491214174992
v 4.67925232798905 6.27948880415474 0.306491214174992
v 4.58174833957525 6.27283013317342 0.306491214174992
v 4.48464602120365 6.26953191296772 0.30646858487684
v 4.3874758149376 6.26629592333194 0.306485556850454
v 4.29132958441294 6.26197938470938 0.306875912243582
v 4.1962412735769 6.25690476459873 0.308046978422964
v 4.10347246580147 6.2481359115647 0.30988560889784
v 4.0102963306593 6.23908984962831 0.315209151288173
v 3.92381846777022 6.22526900578178 0.325369706158563
v 3.83876625066474 6.22688700059968 0.354759507133886
v 5.84145913714486 6.22597051402451 0.349424650094477
v 5.75095325918467 6.22322671162354 0.325494167298401
v 5.6669137031715 6.20247564521786 0.316380217467555
v 5.57404306355438 6.19959606702798 0.309823378327921
v 5.47690680123556 6.19494574625768 0.307345470180242
v 5.37836752243129 6.18288998766703 0.306525158122221
v 5.28094839388556 6.16387571989455 0.306491214174992
v 5.18128896482276 6.13712788947851 0.306491214174992
v 5.08106380330614 6.20313189486428 0.306491214174992
v 4.97861531324606 6.15979113157805 0.306491214174992
v 4.87836752243129 6.2219142123307 0.306491214174992
v 4.77662619793847 6.19183987508627 0.306491214174992
v 4.6772835790498 6.17659338545615 0.306491214174992
v 4.57894230660436 6.17224290288637 0.306491214174992
v 4.47974112082914 6.17081725710277 0.306491214174992
v 4.38121881399848 6.16832237698148 0.30646858487684
v 4.28374311220738 6.16478089182064 0.30649687149953
v 4.18726875685951 6.16039646530363 0.306904198866272
v 4.08928389585997 6.15203493963635 0.308228012808183
v 3.99080684762562 6.13991129315124 0.311560176961112
v 3.88693271178194 6.13194012287709 0.324588995372309
v 3.77844219911519 6.12303549405415 0.355506273972913
v 5.77017684796506 6.12227175524151 0.34479130129779
v 5.66859392855931 6.10378927597561 0.322959685905342
v 5.57028094273656 6.10454735746371 0.311554519636573
v 5.4697219990722 6.09619148912096 0.308188411536416
v 5.37580475441554 6.07731299713739 0.306853282945429
v 5.27968681051357 6.05912469874747 0.306485556850454
v 5.18007264004707 6.03510369875878 0.30649687149953
v 5.07905545309512 6.09899186476731 0.306491214174992
v 4.9756056165918 6.05500050915921 0.306491214174992
v 4.87537479775065 6.11758749052398 0.306491214174992
v 4.77332797773277 6.08437899548545 0.306491214174992
v 4.67290480985732 6.07213654518505 0.306491214174992
v 4.56892318484742 6.07214220250959 0.306491214174992
v 4.46693859539946 6.07084667519037 0.306491214174992
v 4.36731311028389 6.0688609542775 0.306491214174992
v 4.26941310915242 6.06625292766545 0.306479899525916
v 4.17250313981512 6.06600966271031 0.306536472771297
v 4.07322275149636 6.05595093968161 0.307424672723775
v 3.97722361140969 6.04438171100123 0.310111901879363
v 3.8795725325579 6.03979362080085 0.317319333340876
v 3.78830857310961 6.02568425340288 0.328769758205949
v 3.68654461931863 6.02260101152963 0.360925990880393
v 5.74133580746993 6.01182380828459 0.351845984996775
v 5.64508774510359 6.00149353367805 0.326444597820799
v 5.55206435772395 6.01339088718163 0.314773537298741
v 5.46928072775823 5.989748927937 0.309823378327921
v 5.37470157613062 5.97039522069223 0.307537819214537
v 5.27886649845555 5.9548658648352 0.30661567531483
v 5.17623131668571 5.93680768490965 0.306491214174992
v 5.07727339586563 5.99533836458062 0.306491214174992
v 4.97900001131465 5.94978558740001 0.306491214174992
v 4.87251784885892 6.00974191285457 0.306491214174992
v 4.76870594358516 5.97015761306163 0.306491214174992
v 4.65235740713502 5.97188309704574 0.306491214174992
v 4.54498704472681 5.97080254805897 0.306491214174992
v 4.44196150756384 5.96876591122526 0.306491214174992
v 4.34207578551951 5.96742512530974 0.306491214174992
v 4.24425498693158 5.96649732408549 0.306474242201378
v 4.15266290266007 5.97403288037022 0.306519500797683
v 4.06986795804528 5.95409081137348 0.306519500797683
v 3.97499462554169 5.94785078240798 0.307237981014019
v 3.87929532365554 5.94066032292008 0.309025695568052
v 3.77980561432887 5.93485590794401 0.316176553784184
v 3.68620517984635 5.92449734671479 0.329261945440762
v 3.58553874701576 5.92428236838234 0.366424910331406
v 5.69313540240549 5.90044806010342 0.356411445899005
v 5.58091671286815 5.91368619952252 0.324294814496328
v 5.47303719125151 5.89007252690058 0.312120252090381
v 5.37376811758183 5.8591891922472 0.308759801314762
v 5.26607528767495 5.85537615550854 0.306830653647277
v 5.1682658037361 5.84070105565676 0.306457270227764
v 5.07799187608196 5.88715900476347 0.306491214174992
v 4.99248707301343 5.83949604553015 0.306485556850454
v 4.88848847602992 5.90064606646225 0.306485556850454
v 4.81354589787398 5.85783143435806 0.30649687149953
v 4.71794842782951 5.86914042610968 0.306491214174992
v 4.61512089702538 5.86904425159254 0.306491214174992
v 4.51107704144556 5.86778832554508 0.306491214174992
v 4.40624681775495 5.86537830529186 0.306491214174992
v 4.29988345911452 5.86760729115986 0.306581731367602
v 4.18312759529763 5.87470157613062 0.30617440400086
v 4.07307000373383 5.85822744707573 0.303917131510166
v 3.97110804358403 5.84784625654835 0.301297790249035
v 3.87104694447902 5.84245482626356 0.300449191568324
v 3.77143843133705 5.83642411830597 0.302434912481189
v 3.67191477806316 5.83311458345119 0.311752525995406
v 3.58298729364909 5.82856609452258 0.327406342992272
v 3.48921148210588 5.83250359240108 0.367697808352474
v 5.64950045824329 5.81012321652844 0.35333386135029
v 5.56171009606137 5.81618221110872 0.326931127731073
v 5.48418212059153 5.78245889953723 0.318145302723436
v 5.4102804901506 5.75160385150654 0.312521922132585
v 5.32156798406897 5.75873773774906 0.308397732544325
v 5.22124664803521 5.75242416356457 0.306700535182901
v 5.10671411276179 5.76591122526335 0.306491214174992
v 5.01214061845872 5.74219572079972 0.306304522465236
v 4.90651271200824 5.77393896878288 0.306513843473145
v 4.79779590635996 5.7618775528677 0.30644029825415
v 4.6932994648171 5.76580373609712 0.306462927552302
v 4.58854844367002 5.76609225964857 0.30646858487684
v 4.48311854357837 5.76520971702063 0.306462927552302
v 4.37620076713321 5.76252814518958 0.306264921193469
v 4.27113859313653 5.77529106934748 0.30529186137292
v 4.16057184236431 5.77492900057705 0.302067186386214
v 4.05788574467363 5.75378757877824 0.294322309093583
v 3.95777372964777 5.74549394100542 0.28767495276134
v 3.85321505753499 5.74327061246195 0.285304533779885
v 3.74890530770188 5.73748882678404 0.286356796143968
v 3.64848213982643 5.73189373281588 0.292031092655661
v 3.55011823808285 5.74162433102137 0.309348163066722
v 3.45041920774827 5.73605186635137 0.334772179540852
v 3.3601396227696 5.69609984046345 0.356145551645716
v 5.58497867188649 5.70642445774544 0.342064470870436
v 5.49631142440117 5.67025152464896 0.324402303662552
v 5.39743270612462 5.65607426935654 0.312386146343671
v 5.29757527070298 5.65641370882882 0.307583077810842
v 5.19260361389892 5.65809393421663 0.305767076634118
v 5.09298944343241 5.65507858023783 0.305122141636777
v 4.98452721738835 5.65544630633281 0.304861904708025
v 4.88326676548127 5.66482049309241 0.305133456285853
v 4.77755399916272 5.66162410472839 0.305031624444168
v 4.67309150156708 5.66330998744074 0.305088197689549
v 4.56806327151763 5.66386440524547 0.305082540365011
v 4.46130955748407 5.66329301546713 0.304477206639436
v 4.35072583473824 5.65733019540399 0.301354363494416
v 4.24325929781288 5.69260361389891 0.299962661658049
v 4.14718095518267 5.67052873355133 0.288862990914337
v 4.04602799244181 5.64475396295584 0.273520326767065
v 3.93201027370136 5.64831242009029 0.266889942408436
v 3.82285219673912 5.64437492221179 0.264242314524615
v 3.71497833244702 5.6346895826026 0.266194091490252
v 3.61135311888302 5.63168554327288 0.273118656724862
v 3.5245131872235 5.65475045541463 0.288834704291646
v 3.44748871363755 5.62710311039703 0.295866758692479
v 3.36807684909652 5.60862628845566 0.308426019167016
v 3.28256638870345 5.61336146909404 0.347665222163135
v 5.5760514137654 5.57988142247768 0.343444858057727
v 5.48099138955205 5.56378067684231 0.320617553546577
v 5.38113395413041 5.55703714599292 0.308448648465168
v 5.27835733924712 5.55582647854177 0.303419286950815
v 5.17619737273848 5.55345040223577 0.300879148233218
v 5.07221574772858 5.55358617802469 0.299645851483916
v 4.96752695715142 5.55623380590851 0.29934035595886
v 4.86411106459533 5.55976963374481 0.299628879510302
v 4.75982960138491 5.55929441848361 0.299577963589459
v 4.65629490501352 5.56050508593476 0.299651508808454
v 4.55310530543895 5.5616252361933 0.299040517758342
v 4.45058892748441 5.5620269062355 0.296692728075039
v 4.35286430341363 5.54056867426257 0.286843326054242
v 4.25656532512644 5.60024213349023 0.287912560391939
v 4.16248401805818 5.57189893755445 0.270629433928107
v 3.53284076894355 5.54198866272163 0.259586336429776
v 3.42026566796031 5.51920661680678 0.267008746223736
v 3.32474740045937 5.52850725834738 0.289462667315373
v 3.23657234020887 5.51452235208925 0.31415688892409
v 3.14169335038074 5.49872710197893 0.358244419049343
v 5.56290379153891 5.47006709586902 0.329584412939433
v 5.46603908079791 5.457807673595 0.30791120263405
v 5.364507077313 5.45719668254489 0.297688417193741
v 5.25932044217649 5.45103585612292 0.290362181916928
v 5.15608558400561 5.448818184904 0.285796721014698
v 5.0503049297926 5.45189576945271 0.284636969484391
v 4.94554825132098 5.45397200755819 0.284444620450097
v 4.84204749889682 5.45535239474548 0.284676570756158
v 4.73908984962831 5.45559565970061 0.284682228080696
v 4.63750127289802 5.45669883798554 0.284337131283873
v 4.53792104637875 5.45812448376914 0.282628619273373
v 4.44157680949525 5.45810751179552 0.277146671795974
v 4.34365983639017 5.43206684694674 0.259529763184395
v 4.25678030345889 5.49669046514522 0.265034339959946
v 3.31993867460201 5.43392810671977 0.254404227152895
v 3.19593012072731 5.42075785519512 0.275466446408165
v 3.09426799877802 5.42392029961191 0.321036195562395
v 3.00795419830054 5.38316493363958 0.33807605707109
v 5.86863126690126 5.20074450390921 0.296517351014358
v 5.75489075706317 5.23520326767065 0.292019778006585
v 5.64215159366832 5.2670030888992 0.27827813670359
v 5.54854550186126 5.35843676808364 0.297173600660775
v 5.44713230219165 5.35445401160883 0.281152057568934
v 5.34423122616852 5.35984544189362 0.274487729263077
v 5.23566716828278 5.34206447087044 0.26087054909992
v 5.125241850624 5.34872314185176 0.258064516129032
v 5.01945553908646 5.35052217105486 0.256604926398208
v 4.91557574591824 5.35143865763003 0.256503094556522
v 4.81271992849142 5.35187427161947 0.256633213020898
v 4.71073533904346 5.35214016587275 0.256372976092146
v 4.61051583485138 5.35297179257985 0.25506613412385
v 4.51387741709191 5.3538260485851 0.251552935585703
v 4.4248707301343 5.36085810298594 0.247688982926195
v 3.10456432943732 5.33835326597346 0.248175512836469
v 2.99291702967832 5.31050225727249 0.262137789796449
v 2.91096502641971 5.32396668967312 0.334557201208405
v 2.81618221110872 5.27714101447144 0.322116744549168
v 2.70923614804087 5.25042712800262 0.318445140923954
v 2.60077392199681 5.23748882678404 0.313947567916181
v 2.49373734173635 5.23376630723798 0.310802095473009
v 2.38846584673176 5.23312137224064 0.309433022934794
v 2.28449553637094 5.23303651237257 0.309065296839818
v 2.18134553806814 5.23302519772349 0.309025695568052
v 2.07869338432469 5.23302519772349 0.309037010217128
v 1.97634672610629 5.23302519772349 0.309037010217128
v 1.8741641302995 5.23301388307442 0.308991751620823
v 1.77206073703624 5.23297428180265 0.308850318507371
v 1.66993471447483 5.23286679263643 0.308493907061473
v 1.56759937090551 5.23262918500583 0.307696224301603
v 1.4647605254523 5.23215962706917 0.30632149443885
v 1.36112965456376 5.23096027426709 0.304765730190878
v 1.25666715696813 5.22880483361809 0.304958079225173
v 1.15015105056517 5.22352654982406 0.3087654586393
v 1.03729308335502 5.20063135741845 0.287392086534436
v 0.927190233194918 5.18750070716557 0.286226677679592
v 0.820566637625734 5.18457021305484 0.292749572871997
v 0.720861949966622 5.1849209671762 0.302582002919179
v 8.84975277491769 5.12320521379029 0.315079032823797
v 8.76221699233998 5.13966802819611 0.31745510912979
v 8.6639718944117 5.14117287652323 0.313760876206424
v 8.562694470531 5.14262115160498 0.311062332401761
v 8.45926726332583 5.1486858035098 0.307385071452009
v 8.34767087948767 5.13264163111981 0.288416062275828
v 8.23876172480511 5.13410687817517 0.281265204059696
v 8.13108586687184 5.13719577737296 0.281367035901382
v 8.02423032099659 5.13552120930969 0.285445966893337
v 7.91358436768084 5.14219685226463 0.309648001267241
v 7.80661001799029 5.14310202419072 0.339835485002433
v 7.69027845351376 5.11409126395945 0.326908498432921
v 7.57835960217694 5.09812063678845 0.318829838992544
v 7.46876025390072 5.09053982190742 0.311441373145812
v 7.36135029022075 5.08721897240357 0.306117830755479
v 7.25486812776502 5.08503524513187 0.300913092180446
v 7.14999830280264 5.08403389868863 0.297450809563141
v 7.04639006121225 5.08550480306853 0.296930335705638
v 6.94374922211788 5.08970253787579 0.298904741969428
v 6.84519862866453 5.09967640103642 0.307039974655186
v 6.74615584797637 5.11309557484075 0.316470734660165
v 6.64553467374209 5.1236068838325 0.320945678369785
v 6.5586098822145 5.13579276088752 0.332854346522443
v 6.48069155135153 5.13101797897738 0.300732057795227
v 6.38420588135459 5.13532320295086 0.291397472307396
v 6.28736945723628 5.14542152725133 0.295996877156855
v 6.19800070150824 5.14645116031726 0.282232606555708
v 6.10205813466695 5.162902660074 0.302174675552438
v 5.98722576119302 5.17109446600514 0.293089012344282
v 5.52750591190414 5.25724986139555 0.250387526730858
v 5.42227401817133 5.25494167298401 0.238456229280049
v 5.3331145834512 5.27169301094127 0.241217003654632
v 0.634468946945611 5.1898088955771 0.326190018216585
v 0.562281485839717 5.16175422319277 0.297846822280807
v 0.469569251309671 5.15003224674987 0.324017605593962
v 0.370724476980346 5.11422703974836 0.314801823921431
v 9.25967685362239 5.02424163564567 0.291691653183377
v 9.15597243751485 5.04538871476901 0.290328237969699
v 9.04747626752356 5.05013521005646 0.284274900713954
v 8.93660967855082 5.0563356377502 0.282125117389484
v 0.276767631051923 5.05745578800873 0.296240142111992
v 9.65243660967855 4.88748147226214 0.327638293298333
v 9.56021656238332 4.93500299838201 0.328175739129451
v 9.46663309987441 4.99297926024824 0.342630203324244
v 9.37489958248945 4.99206277367307 0.300737715119766
v 8.82610515834851 5.04057998891164 0.267087948767269
v 8.72399045043618 5.0461750828798 0.265011710661794
v 8.62365779975334 5.047764791075 0.262477229268734
v 8.5272173883527 5.05128364693769 0.259461875289938
v 8.44181441712585 5.06771251739627 0.262330138830744
v 0.195924463402768 4.99723356830088 0.311294282707822
v 9.81890904153608 4.78827462916238 0.380002489222797
v 9.74368925447777 4.84968488702323 0.356620766906914
v 0.151627612269605 4.91505527206074 0.270929272128625
v 0.0997442889308792 4.85689797580928 0.318541315441102
v 9.86180853350833 4.70103302746065 0.38476595648386
v 9.86225546214684 4.6180061325398 0.347359726638078
v 0.0272456749753909 4.65548025028004 0.235208924995191
v 9.8419400097306 4.5448229823152 0.299792941921906
v 0 4.583196614657 0.295204851721524
v 9.84686753940327 4.46608433939421 0.339671422590828
v 0.0321336033762914 4.48809133184734 0.35121236464851
v 0.00541405958294195 4.49355630735113 0.259314784851948
v 9.80773582557337 4.39593917244657 0.298757651531438
v 9.7344225568844 4.33685407497086 0.313885337346262
v 0.0783313155542482 4.37629128432582 0.351670607936095
v 9.66074156210045 4.29724148855523 0.327428972290424
v 9.57381111324832 4.27492900057705 0.310462656000724
v 9.47700863307725 4.21072968171892 0.336412803656895
v 9.3720539482468 4.19606589651622 0.297162286011699
v 0.140058383589233 4.26217173374368 0.362572272320974
v 9.29894434324119 4.13149885156312 0.321601928016203
v 9.19753680089612 4.1360869417635 0.293869723130537
v 9.09430194272525 4.13691291114606 0.280212941695613
v 9.00276643169912 4.1584164017153 0.261153415326824
v 8.9110385716387 4.14258720765775 0.267031375521888
v 8.80706826127788 4.138983491927 0.26655616026069
v 8.69977144408866 4.13626797614872 0.266358153901857
v 8.58927823853543 4.13168554327288 0.265916882587887
v 8.47190006901936 4.11909799617565 0.267659338545615
v 0.230151276858148 4.16047001052262 0.339399871013001
v 9.00162930946697 4.0565732453808 0.317211844174653
v 8.88211832860004 4.04685396182437 0.317415507858024
v 8.77155723515235 4.04257136714905 0.316951607245901
v 8.66529005102907 4.03931274821511 0.317008180491282
v 8.56343558004548 4.03427772937622 0.317234473472805
v 8.47467215804302 4.01541055204173 0.324396646338014
v 8.38539391950759 4.03361582240527 0.309093583462509
v 8.28219300528394 4.03856598137609 0.299600592887612
v 8.17539403265408 4.03801722089589 0.296585238908815
v 8.0679840689741 4.03487174845272 0.307181407768638
v 7.96620880053405 4.04463629060545 0.315361899050701
v 7.86649279822586 4.06779171993981 0.307407700750161
v 7.78138966519953 4.09307430330048 0.286452970661115
v 7.69581697423654 4.09406999241919 0.294005498919451
v 7.5992860456433 4.09711363302067 0.300319073103948
v 7.50394881252758 4.09616320249827 0.310440026702572
v 7.40448173249907 4.09749267376472 0.31318382910354
v 7.3037587264231 4.09766239350087 0.313042395990088
v 7.2002523166744 4.09868636924226 0.309053982190742
v 7.09602742670936 4.10181486971182 0.3004605062174
v 6.99159321573641 4.10344983650332 0.28908928389586
v 6.88490738959731 4.09046061936389 0.291318269763863
v 6.77188535997556 4.06494608569715 0.318298050485964
v 6.66413029949876 4.06013170251525 0.313562869847592
v 6.5589210350641 4.05950373949152 0.309981783414987
v 6.45278962672973 4.05660718932802 0.311339541304126
v 6.34505719555108 4.04906031839422 0.316001176723504
v 6.23812810445684 4.04069879272694 0.309274617847727
v 6.12208506353175 4.02166189565631 0.317562598296014
v 6.02172412622622 4.01446577884387 0.297988255394259
v 0.615245358165217 4.02963306593046 0.2936264581754
v 0.498811961847003 4.03842454826264 0.309789434380693
v 0.409182969190211 4.05510799832543 0.31825279188966
v 0.328435976058203 4.0907151989681 0.333335219108179
v 5.94481279913104 3.97583756689786 0.332175467577873
v 5.85108224618413 3.95153370068227 0.32169810253335
v 5.75149070501578 3.95992917029678 0.272236114096921
v 5.65895950487096 3.96903180547855 0.244238014957966
v 5.56522895192406 3.94759620280377 0.244051323248209
v 5.45172039239203 3.93259297812878 0.237517113406728
v 2.87653454928095 3.91712019551714 0.273910682160193
v 2.77389371018658 3.93684162885688 0.276066122809201
v 2.68324074178839 3.9416277254161 0.298559645172605
v 2.58285151786017 3.95042486507281 0.306921170839886
v 2.47947522657585 3.95518267500933 0.309744175784388
v 2.37557846143402 3.95673843925731 0.310111901879363
v 2.27193061857187 3.95699301886152 0.309744175784388
v 2.16867313110284 3.95709485070321 0.309410393636641
v 2.06576074043064 3.95715708127312 0.309201072628732
v 1.96306332809088 3.95719102522035 0.309076611488895
v 1.86043380364558 3.95722496916758 0.308974779647209
v 1.75775902060398 3.95725891311481 0.308850318507371
v 1.6549993776943 3.9572871997375 0.308714542718458
v 1.55230762267908 3.95742297552641 0.3087654586393
v 1.45035131985381 3.95785293219131 0.309529197451941
v 1.35151220284903 3.95937475249205 0.312029734897772
v 1.26589991061427 3.95661397811747 0.329075253731005
v 1.17451714735068 3.96788336859732 0.310988787182766
v 1.07601746981817 3.97024813025424 0.319073103947681
v 0.964664350935156 3.97671445220126 0.321058824860547
v 0.857972867471516 3.99124246161505 0.312052364195924
v 0.742308867290481 4.00313981511863 0.314179518222242
v 5.66255756327718 3.87415847297496 0.309382107013951
v 5.55343343026216 3.85176678245324 0.292132924497347
v 5.46336882361594 3.82721965128252 0.28481800386961
v 5.37105260180356 3.84802729093357 0.265882938640658
v 5.26824204297304 3.85053914302848 0.257730733981286
v 5.16097916973105 3.84454237901811 0.256288116224075
v 5.0550287957819 3.84101786583089 0.256220228329618
v 4.94967809823378 3.8393546124167 0.256356004118532
v 4.843931387968 3.83827406342992 0.256684128941741
v 4.73647050836718 3.83631097181521 0.256695443590817
v 4.62495332707256 3.83123635170455 0.255818558287415
v 4.50440139849063 3.81715527092927 0.253725348208325
v 3.17731752299702 3.80445457734128 0.261306163089352
v 3.09433022934794 3.86007173487514 0.252079066767744
v 2.99403717993686 3.85533089691223 0.297360292370532
v 5.62744820719385 3.76579807877259 0.344774329324176
v 5.52972358312307 3.73809981783415 0.31931071157828
v 5.42907977959064 3.73309308561795 0.301212930380964
v 5.33150790328238 3.74482071938539 0.289179801088469
v 5.22916124506398 3.74479809008724 0.284710514703386
v 5.12653172061868 3.73991581901087 0.284269243389416
v 5.02344961021034 3.73744922551227 0.284207012819497
v 4.91984136861995 3.73620461411389 0.284421991151944
v 4.81580317036467 3.73508446385535 0.284518165669092
v 4.71147644855795 3.73283850601374 0.284348445932949
v 4.60850182731583 3.72764508208778 0.283075547911881
v 4.51663253414195 3.70538916735497 0.284365417906564
v 4.41884002217671 3.7283465903305 0.270861384234168
v 4.29482015365293 3.71369411977687 0.260440592435026
v 3.36243083920752 3.69956212308075 0.26714452201265
v 3.27163078037135 3.74166393229314 0.267913918149829
v 3.18899989816816 3.69513809529197 0.317992554960908
v 3.09152419637705 3.76795917674613 0.317590884918704
v 5.59629897828719 3.64646247496634 0.34549846686505
v 5.50068453626911 3.62598861746303 0.320012219821002
v 5.40509272354918 3.63461038005906 0.306626989963906
v 5.30226519274505 3.64310768151526 0.300483135515552
v 5.20349962095926 3.63717314807481 0.299413901177855
v 5.10367047216031 3.63436145777939 0.299283782713479
v 5.00216675529808 3.63308855975832 0.299374299906088
v 4.90021045247282 3.63197406682432 0.299493103721388
v 4.79852570122538 3.63052579174257 0.299476131747774
v 4.69753114357158 3.62676367092475 0.299447845125083
v 4.59770765209717 3.61694821285118 0.299436530476007
v 4.48902479039613 3.60791346556387 0.296562609610663
v 4.38429074122266 3.63583236215929 0.285372421674342
v 4.29789208087711 3.59621411841912 0.28469920005431
v 4.19201525214695 3.635566467906 0.266211063463867
v 3.56768988809812 3.59755490433464 0.268259014946651
v 3.47233568300879 3.64595331575791 0.266414727147238
v 3.39296341973954 3.60099455765379 0.291374843009244
v 3.28886864823888 3.6200710559962 0.312765187087722
v 3.20286600061099 3.59281406637173 0.382621830483928
v 5.66656294905014 3.44170692795963 0.355410099455765
v 5.577477059549 3.53105305438952 0.334410110770414
v 5.47732544325138 3.51115624398909 0.313370520813297
v 5.37844106765029 3.5483588101515 0.306706192507439
v 5.28600038469807 3.53560720064267 0.304997680496939
v 5.18975797965626 3.5309908238196 0.304963736549711
v 5.08987791493647 3.53121711680112 0.304941107251559
v 4.98855523245946 3.52978015636845 0.304992023172401
v 4.88834704291646 3.52884669781967 0.30502596711963
v 4.78917980108847 3.52666297054797 0.305048596417782
v 4.69146649166676 3.51973274798882 0.305065568391396
v 4.59654224324233 3.51655333159842 0.304443262692208
v 4.50901211798916 3.50495581629536 0.303391000328125
v 4.41002025322185 3.52624998585669 0.29990043108813
v 4.32216766047001 3.49472171620597 0.298157975130401
v 4.22681911270522 3.51726615449022 0.29026600739978
v 4.12828549122549 3.53748543238931 0.278889127753703
v 4.02347223950849 3.53930143356604 0.270872698883244
v 3.91347122119008 3.53126803272196 0.267908260825291
v 3.80294407168962 3.52738710808884 0.269068012355597
v 3.68965049049004 3.53024405698057 0.273486382819837
v 3.59740215657211 3.50256276801575 0.286588746450029
v 3.48908702096604 3.52780009278012 0.294384539663502
v 3.37850329822021 3.51587445265385 0.322880483361809
v 3.28950226858714 3.5111279573664 0.373462622056777
v 5.57593826727464 3.42012423484686 0.324374017039862
v 5.48038605582648 3.38787182765527 0.30973851845985
v 5.38336859732295 3.44678720539482 0.307107862549643
v 5.28288319887759 3.42983786107874 0.306423326280535
v 5.17886197259592 3.42930607257216 0.306428983605073
v 5.07629467872054 3.42998495151673 0.306428983605073
v 4.97557167264457 3.42664147271472 0.306451612903226
v 4.87888233896426 3.42820855161177 0.30644029825415
v 4.78069947160589 3.42333193785995 0.30646858487684
v 4.68683314287007 3.41150812957536 0.306502528824068
v 4.59468664079384 3.41594347201322 0.306219662597165
v 4.48831762482887 3.41878910625587 0.305331462644686
v 4.39539606929091 3.41199465948564 0.304279200280603
v 4.29297586585352 3.40434029938561 0.302751722655322
v 4.19522295516005 3.41893619669386 0.298163632454939
v 4.09660447381224 3.42957196682545 0.292070693927428
v 3.99348276213213 3.43071474638214 0.288223713241534
v 3.88663853090596 3.42734863828198 0.287657980787726
v 3.7792002806033 3.42469535307362 0.289451352666297
v 3.67789457009991 3.41288851676265 0.296370260576368
v 3.57212523053597 3.41914551770177 0.305653930143357
v 3.46811531890338 3.42912503818694 0.323695138095292
v 3.37827134791414 3.42014120682047 0.369966395492244
v 5.77700523868252 3.24579377920594 0.367595976510789
v 5.67799640194159 3.33144001538792 0.341283760084181
v 5.58693044885213 3.31015716047567 0.316419818739322
v 5.4912933775359 3.28193276835519 0.308097894343807
v 5.37555583213587 3.33087994025865 0.306412011631459
v 5.25971645489415 3.32905262443285 0.306491214174992
v 5.15172944411129 3.32903565245924 0.306491214174992
v 5.04942238716466 3.32671614939863 0.306491214174992
v 4.95301026238671 3.32089476244894 0.306491214174992
v 4.86179156153472 3.33213586630611 0.306491214174992
v 4.77605480816012 3.31384007874996 0.306491214174992
v 4.67418902252747 3.30152408323056 0.30649687149953
v 4.57077312997137 3.33487401138254 0.30644029825415
v 4.47655038978966 3.31872234982632 0.306366753035155
v 4.37837883708037 3.31021939104559 0.305942453694799
v 4.27739559407565 3.30758873513538 0.304924135277944
v 4.17844898790464 3.31596723277628 0.303187336644754
v 4.07822382638803 3.323502789061 0.301190301082812
v 3.97448546633326 3.3260146411559 0.299951347008973
v 3.86797501725484 3.32370645274437 0.300307758454872
v 3.76169086115794 3.3152430952354 0.303605978660572
v 3.65256672814293 3.30473744356819 0.314830110544121
v 3.55051425080051 3.33863613220036 0.32714610606352
v 3.46740249601159 3.32945429447506 0.367364026204727
v 5.68979758092803 3.22220839320668 0.329442979825981
v 5.59945576537944 3.20284902863738 0.312074993494077
v 5.51385478779376 3.18131159412091 0.307226666364943
v 5.41420101605549 3.21316798859483 0.306604360665754
v 5.31432660866023 3.22645704393478 0.30649687149953
v 5.21049773141286 3.2307679252328 0.306491214174992
v 5.10411174347428 3.22858985528564 0.306491214174992
v 5.00287392086534 3.21834444054718 0.306491214174992
v 4.88973874475283 3.22551227073692 0.306491214174992
v 4.7815028116903 3.21250042429934 0.306491214174992
v 4.67890723119223 3.18808906891753 0.306491214174992
v 4.5775958633643 3.24380805829307 0.306491214174992
v 4.47337097339926 3.22129190663152 0.306485556850454
v 4.37051515597244 3.21029972505403 0.306434640929612
v 4.26849096525271 3.2064923456399 0.306185718649936
v 4.16799425215827 3.2122119007479 0.305693531415123
v 4.06613412385015 3.22101469772915 0.305178714882158
v 3.96008191805931 3.22461841345991 0.304975051198787
v 3.85319242823684 3.21921566852604 0.306598703341216
v 3.74890530770188 3.20736357361876 0.315322297778934
v 3.65416209366267 3.19348049920232 0.341170613593419
v 3.56267749855738 3.24477546078908 0.357921951550673
v 5.87648929068465 3.03525644652131 0.36455799323384
v 5.78049580792252 3.1288512236793 0.342681119245087
v 5.68919224720245 3.11056675077222 0.316804516807911
v 5.5875357825777 3.09025695568052 0.308109208992883
v 5.46750998517781 3.10264649641891 0.306270578518007
v 5.36223283284869 3.11654088548444 0.30649687149953
v 5.26110249940598 3.12301852208054 0.306491214174992
v 5.16756429549338 3.13763704868693 0.306491214174992
v 5.08033400844073 3.11857186499361 0.306491214174992
v 4.97892646609565 3.11780246885643 0.306491214174992
v 4.87789796449463 3.11826071214401 0.306491214174992
v 4.7759020603976 3.1083943381496 0.306491214174992
v 4.67122458446951 3.08338330636675 0.306491214174992
v 4.57290594132223 3.1465756214571 0.306491214174992
v 4.46747604123058 3.12149104445526 0.306491214174992
v 4.36387345696473 3.10838302350053 0.306491214174992
v 4.25964856699969 3.1010850748464 0.306513843473145
v 4.15714916101877 3.10945225783822 0.306508186148607
v 4.04969393874249 3.12366911440242 0.306445955578688
v 3.94059809235017 3.12483452325726 0.307373756802933
v 3.83459680248017 3.11263167422862 0.315265724533554
v 3.73793009809801 3.09438114526878 0.343580633846641
v 3.65355110261255 3.11211120037112 0.380030775845487
v 5.78805399350539 3.01522951765651 0.328034306015999
v 5.69710684423123 3.00451454498139 0.311899616433396
v 5.60914676231317 2.98976024258608 0.307215351715867
v 5.51327774069087 3.0058383589233 0.306570416718525
v 5.40771206481031 3.01206141591519 0.30649687149953
v 5.30023421323588 3.01810909584639 0.306491214174992
v 5.18497188309705 3.02963306593046 0.306491214174992
v 5.07369796675756 3.01788846018941 0.306491214174992
v 4.96813794820154 3.01582353673301 0.306491214174992
v 4.86635702243695 3.01400753555628 0.306491214174992
v 4.76511354250348 3.0085878186488 0.306491214174992
v 4.66047001052262 2.98148357678687 0.306491214174992
v 4.56524592389767 3.04474377977167 0.306491214174992
v 4.46199975107772 3.01766782453242 0.306491214174992
v 4.35606069177765 3.00419773480726 0.306491214174992
v 4.24351953474163 2.98998087824306 0.30649687149953
v 4.12581889772689 3.01551238388341 0.306610017990292
v 4.01847682194137 3.03059481110193 0.307402043425623
v 3.91198334483656 3.02354012740295 0.314230434143085
v 3.82186782226949 2.9986931580317 0.338709677419355
v 3.74766635362804 2.99571174800014 0.383249793507654
v 5.97929984951517 2.82939206390514 0.364478790690307
v 5.87829963453684 2.92101809212387 0.340406874780779
v 5.7836582523393 2.89744967809823 0.314937599710345
v 5.6749810479628 2.90003507541214 0.307718853599756
v 5.5665131645942 2.90121745624059 0.306270578518007
v 5.46341408221224 2.91176836650411 0.30649687149953
v 5.3573166178251 2.91554180197101 0.306491214174992
v 5.25136624387595 2.91951890112128 0.306491214174992
v 5.14937599710345 2.91863635849334 0.306491214174992
v 5.04421199126509 2.91450085425601 0.306491214174992
v 4.94128262861927 2.91224358176531 0.306491214174992
v 4.84121587218972 2.91005985449361 0.306491214174992
v 4.74732691415576 2.91273011167559 0.306491214174992
v 4.66269899639063 2.87466197485885 0.306491214174992
v 4.56273407180276 2.93554044421312 0.306491214174992
v 4.46326699177425 2.91189282764395 0.306491214174992
v 4.35840848146095 2.90225274663106 0.30649687149953
v 4.26258471843496 2.8701078286057 0.306604360665754
v 4.16281780020593 2.90709541643566 0.306547787420373
v 4.0632149443885 2.92405041807628 0.307515189916385
v 3.97168509068691 2.94068860954278 0.312165510686686
v 3.88534300358674 2.90720856292642 0.336316629139747
v 3.80649687149953 2.887164662088 0.402009481675926
v 5.89370452925403 2.81012321652844 0.328871590047635
v 5.81585408628551 2.78421267014404 0.312759529763184
v 5.72251954605628 2.80048313551555 0.30788291601136
v 5.62098188524683 2.80406422194816 0.30661567531483
v 5.51709077742954 2.80826195675541 0.30649687149953
v 5.41564929113724 2.81759654224324 0.306491214174992
v 5.31053620121972 2.81514692071825 0.306491214174992
v 5.21277763320171 2.81025333499282 0.306491214174992
v 5.1079191228884 2.81368733098743 0.306491214174992
v 5.00265328520836 2.81127165340967 0.306491214174992
v 4.89477376359172 2.80996481144137 0.306491214174992
v 4.78086353401749 2.81093787126192 0.306491214174992
v 4.6797501725484 2.78270782181691 0.306491214174992
v 4.56878740905851 2.81683846075514 0.306491214174992
v 4.46085131419649 2.80878808793745 0.306491214174992
v 4.35950600242133 2.79548771794843 0.306547787420373
v 4.26084791980177 2.76169086115794 0.307345470180242
v 4.17082291442731 2.79874067955782 0.307933831932203
v 4.0734207578552 2.82073635736188 0.311633722180107
v 3.97666353628042 2.83882848123465 0.323955375024044
v 3.89484165148618 2.80163722972132 0.381467736278159
v 6.08243853316889 2.62459691562666 0.364897432706125
v 5.98240006336203 2.71557800884806 0.340916033989206
v 5.89042328102194 2.68743847659565 0.315209151288173
v 5.77709009855059 2.69352575779862 0.307667937678913
v 5.67333476652222 2.70187596881683 0.306304522465236
v 5.57075615799776 2.70826308822032 0.306491214174992
v 5.46659349860264 2.71302089815684 0.306491214174992
v 5.37040200948168 2.72572724906937 0.306491214174992
v 5.28070512893043 2.69900204795148 0.306491214174992
v 5.16706079360949 2.71241556443127 0.306491214174992
v 5.06376936219323 2.71040155689571 0.306491214174992
v 4.95803962390106 2.71158393772417 0.306491214174992
v 4.85027890609973 2.71104083456852 0.306491214174992
v 4.7486111268259 2.69831185435784 0.306491214174992
v 4.63910795306684 2.69644493726027 0.306491214174992
v 4.54123058123352 2.70570597752911 0.306491214174992
v 4.44267433045564 2.70319978275874 0.306530815446759
v 4.34430477138752 2.69072538215227 0.306949457462577
v 4.25031398151186 2.66302712121384 0.311011416480918
v 4.16702119233772 2.68614860660097 0.316431133388398
v 4.08558400561207 2.72245165816182 0.323768683314287
v 3.9944727939263 2.72939319537005 0.354934884194567
v 5.99786153132461 2.60382321992283 0.329148798950001
v 5.91917380432446 2.5770018442878 0.312725585815956
v 5.82411378011111 2.59485070320544 0.307832000090517
v 5.72027358821466 2.59779251196524 0.306593046016678
v 5.61817585227594 2.60408345685159 0.306491214174992
v 5.51423382853781 2.61777418223374 0.306491214174992
v 5.39480205021441 2.62398592457655 0.306491214174992
v 5.30121293038096 2.58009074348559 0.306491214174992
v 5.2136092599088 2.61992396555821 0.306491214174992
v 5.11925074393818 2.60395333838721 0.306491214174992
v 5.02148086127109 2.61213948699381 0.306491214174992
v 4.91390117785497 2.61516615562168 0.306491214174992
v 4.81350629660221 2.60218825313133 0.306491214174992
v 4.71071836706984 2.59364569307883 0.306491214174992
v 4.60808318530001 2.59104898111585 0.30649687149953
v 4.50848598680712 2.59716454894151 0.306395039657845
v 4.40639390819294 2.60328011676718 0.30646858487684
v 4.29966282345753 2.58787522204999 0.310236363019201
v 4.18748373519195 2.57480680236702 0.332237698147792
v 4.0810128873853 2.61873027008067 0.361882078727328
v 6.18494359647436 2.42005068962786 0.365033208495039
v 6.08530113938516 2.51044907842183 0.341046152453582
v 5.99303017616909 2.48216811305597 0.315209151288173
v 5.87830529186137 2.48892861587898 0.307622679082608
v 5.77223045677238 2.49803125106075 0.306287550491621
v 5.66490535296048 2.49761826636947 0.306491214174992
v 5.56542130095835 2.5078297371607 0.306491214174992
v 5.47007275319356 2.53880924633122 0.306491214174992
v 5.38952942374492 2.50497278826897 0.306491214174992
v 5.30202192778991 2.47840033491361 0.306491214174992
v 5.1991378237404 2.51505979792037 0.306491214174992
v 5.08035663773888 2.49712607913466 0.306491214174992
v 4.98025028003757 2.52842239847931 0.306491214174992
v 4.88516196920153 2.50832192439551 0.306491214174992
v 4.78502166755298 2.49344316086037 0.306491214174992
v 4.68031590500221 2.48501940462317 0.306491214174992
v 4.56872517848859 2.48332220726174 0.306593046016678
v 4.45656871952116 2.50108620631131 0.307334155531166
v 4.36469942634729 2.51090732170942 0.310615403763252
v 4.27436326812324 2.48920582478134 0.328419004084588
v 4.19708421493307 2.47307679252328 0.367697808352474
v 6.10059854493613 2.39912990348604 0.329256288116224
v 6.0218542446906 2.37328158767156 0.312816103008565
v 5.92591167784931 2.39090981093221 0.307826342765979
v 5.82110974078139 2.3958543125785 0.306593046016678
v 5.71491044455256 2.40279019246218 0.306491214174992
v 5.59709100372252 2.39485862345979 0.306491214174992
v 5.48527964155192 2.4351218021973 0.306491214174992
v 5.38184677702221 2.39273712675801 0.306491214174992
v 5.25576764236657 2.40462882293706 0.306491214174992
v 5.15911225263349 2.4201751507677 0.306491214174992
v 5.07625507744877 2.37386429209898 0.306491214174992
v 4.98109887871828 2.43244023036626 0.306491214174992
v 4.87561240538125 2.40254127018251 0.306491214174992
v 4.77027867980675 2.38390038582953 0.30649687149953
v 4.66353628042226 2.37670992634163 0.30658738869214
v 4.56116133558118 2.38526380104321 0.307068261277876
v 4.46732329346805 2.40775732340661 0.309104898111585
v 4.35946074382503 2.41065953089465 0.321279460517532
v 4.26485896289927 2.38566547108541 0.368959391724466
v 6.28719973750014 2.21564023941797 0.365061495117729
v 6.18785146128693 2.30595942566841 0.341153641619805
v 6.09591993754314 2.27815367556375 0.315339269752549
v 5.98177775766285 2.28663400504633 0.307713196275217
v 5.87467328950793 2.29463911926772 0.30629320781616
v 5.77143277401251 2.29812403118317 0.306491214174992
v 5.67456240594698 2.31133388397959 0.306491214174992
v 5.59151288172797 2.27267738541089 0.306491214174992
v 5.49356196467567 2.3335615120897 0.306491214174992
v 5.39647661827768 2.28038831875629 0.306491214174992
v 5.30119030108281 2.32417601068103 0.306491214174992
v 5.18776094409432 2.31216551068669 0.306491214174992
v 5.07992668107399 2.26768762516831 0.306491214174992
v 4.97394236317761 2.32768920921918 0.306491214174992
v 4.86764689243163 2.29211029519919 0.30649687149953
v 4.76225093628721 2.27029565178036 0.30661567531483
v 4.66621785225331 2.27332232040823 0.307006030707958
v 4.57876127221914 2.29290232063453 0.308013034475736
v 4.481726841742 2.30476573019088 0.313721274934658
v 4.39883572261006 2.31926545298198 0.327898530227085
v 4.32467385524038 2.29399984159491 0.372093549518562
v 6.20295086047906 2.19460630678539 0.329278917414376
v 6.12442153856598 2.16900125592605 0.31286136160487
v 6.02905601882758 2.18810604089114 0.307894230660436
v 5.92494993267784 2.19730485059006 0.306621332639368
v 5.8150790328238 2.19584526085923 0.306491214174992
v 5.70486869349747 2.20274153947115 0.306491214174992
v 5.59302904470418 2.16796030821104 0.306491214174992
v 5.49298491757278 2.22332854346522 0.306491214174992
v 5.39102295742298 2.17486790147204 0.306491214174992
v 5.28796913363732 2.23305348434618 0.306491214174992
v 5.18378384494405 2.20311492289067 0.306491214174992
v 5.07957592695263 2.16313461038006 0.306491214174992
v 4.97139090981093 2.220918523212 0.306491214174992
v 4.86588180717575 2.17233342007898 0.306581731367602
v 4.76517011574886 2.16374560143017 0.307187065093176
v 4.67413810660662 2.17782102488091 0.308805059911067
v 4.58228012808183 2.19049908917075 0.314111630327785
v 4.49640759891832 2.21841798576617 0.323717767393444
v 4.40676163428791 2.21148210588249 0.362713705434426
v 6.38917301229902 2.01127504780439 0.364937033977891
v 6.28988130933119 2.10149240221314 0.34108009640081
v 6.19774046457949 2.07338115658343 0.315254409884477
v 6.08380760570711 2.08308346816623 0.307724510924294
v 5.97680496939387 2.09424536947987 0.306304522465236
v 5.87769430081126 2.10734773311006 0.30649687149953
v 5.78416741154773 2.08262522487865 0.306491214174992
v 5.68234122718684 2.10603523381722 0.306491214174992
v 5.59068691234541 2.05897760830948 0.306491214174992
v 5.49232866792636 2.11611092881954 0.306491214174992
v 5.39309353820391 2.06894015682104 0.306491214174992
v 5.28853486609113 2.13223996107761 0.306491214174992
v 5.18740453264842 2.09869768389133 0.306491214174992
v 5.08797705389167 2.06141025786085 0.306485556850454
v 4.97967323293468 2.1103404577907 0.306491214174992
v 4.89407791267354 2.05174189022527 0.306779737726434
v 4.79061676152114 2.06792183840418 0.308318530000792
v 4.6828560437198 2.07833131555425 0.315248752559939
v 4.58438465280999 2.09240673900499 0.331819056131974
v 4.48949434833279 2.12872676253946 0.356620766906914
v 6.30446023466582 1.99008271008475 0.329075253731005
v 6.22496351025673 1.96371392041276 0.312629411298809
v 6.12902094341544 1.98406897410077 0.307815028116903
v 6.02213145359297 1.99803125106075 0.306604360665754
v 5.90215657211392 2.00519908125049 0.306491214174992
v 5.80289881309331 1.96463606431247 0.306491214174992
v 5.69822133716523 2.00319638836401 0.306491214174992
v 5.60041185322637 1.95544291193809 0.306491214174992
v 5.49460291239067 2.00556115002093 0.306491214174992
v 5.39643701700592 1.96114549507247 0.306491214174992
v 5.29420916260282 2.02889761374051 0.306491214174992
v 5.19784229642118 1.9968658422059 0.306491214174992
v 5.10801529740555 1.96676321833878 0.30649687149953
v 5.00499541756712 1.98986207442776 0.306372410359693
v 4.91237935755423 1.94938957468234 0.307877258686822
v 4.81163372218011 1.9603025537163 0.312951878797479
v 4.70337515981942 1.98511557914031 0.327185707335287
v 4.60316131295188 1.99450108054899 0.363782939772123
v 6.49133297880766 1.80704563197972 0.364965320600582
v 6.39169617904301 1.89717812652041 0.340955635260972
v 6.2989443432412 1.86915174075876 0.315118634095564
v 6.18369898507598 1.87694753397223 0.307600049784456
v 6.07882350278906 1.8915321166314 0.306310179789774
v 5.98177210033831 1.91527590771772 0.306502528824068
v 5.90118351229337 1.88612937169754 0.306491214174992
v 5.81288964822756 1.86043380364558 0.306491214174992
v 5.7103845849221 1.8888279155022 0.306491214174992
v 5.60770414455596 1.86145777938697 0.306491214174992
v 5.49980199364117 1.89128885167627 0.306491214174992
v 5.38705151559724 1.85550061664837 0.306491214174992
v 5.29395458299861 1.92245505255654 0.306491214174992
v 5.19628087484867 1.89091546825675 0.306491214174992
v 5.08988357226101 1.88134327513832 0.30649687149953
v 4.9904617508288 1.8748769531913 0.307650965705299
v 4.88274063429923 1.85113881942952 0.318563944739254
v 4.78756746359512 1.86536699064278 0.337538611239972
v 4.71483124200903 1.89900544234621 0.353000079202544
v 6.40671071836707 1.78606261526799 0.329137484300924
v 6.32724228058067 1.76098935291522 0.312731243140494
v 6.22982880935948 1.77959629332096 0.30776411219606
v 6.12048969801202 1.78794650433917 0.306564759393987
v 6.00581007230061 1.80730021158394 0.306485556850454
v 5.89416842986615 1.77349204014437 0.306491214174992
v 5.77692603613899 1.77558525022346 0.306491214174992
v 5.67386089770426 1.77741256604926 0.306491214174992
v 5.5623380590851 1.775664452767 0.306491214174992
v 5.46764576096672 1.78789558841832 0.306491214174992
v 5.38081714395628 1.73970084067843 0.306491214174992
v 5.28729591201729 1.81018544709836 0.306491214174992
v 5.18336520292823 1.79169165318338 0.306485556850454
v 5.07490863420871 1.78523098856089 0.307379414127471
v 4.96999355065003 1.77061811927903 0.315135606069178
v 4.87843541032575 1.74175444948575 0.344440547176429
v 4.79874633688236 1.78408255167966 0.365361333318247
v 6.59366832237698 1.6027483282606 0.365072809766805
v 6.49424650094477 1.6930618571865 0.341136669646191
v 6.40225274663106 1.66555028795782 0.315344927077087
v 6.28824634253969 1.67520734094432 0.307741482897908
v 6.18100609859585 1.68640318620518 0.306304522465236
v 6.07750534617169 1.69345786990416 0.30649687149953
v 5.99080684762562 1.70972267795114 0.306491214174992
v 5.92810671977009 1.66010228442765 0.306491214174992
v 5.83794593860671 1.67711951663819 0.306491214174992
v 5.73372104864168 1.67603896765142 0.306491214174992
v 5.62365779975334 1.67930324390989 0.306491214174992
v 5.50100134644324 1.67865265158801 0.306491214174992
v 5.3883074416447 1.63762573403786 0.30649687149953
v 5.27210599563255 1.69450447494371 0.306513843473145
v 5.15596678019031 1.69893981738156 0.307090890576029
v 5.0456546090223 1.68726309953497 0.313653387040201
v 4.95564091829692 1.65782803996334 0.338556929656827
v 4.8782204319933 1.65446193186318 0.385671128409952
v 6.50941378803136 1.58180491282063 0.329295889387991
v 6.43115601769611 1.55606974349691 0.312895305552098
v 6.33653726479673 1.57554791188151 0.307939489256741
v 6.23442821420894 1.58713976986004 0.306649619262059
v 6.1282572046028 1.59020038243514 0.306491214174992
v 6.02434346748736 1.59008157861984 0.306491214174992
v 5.91773684389179 1.56995847523789 0.306491214174992
v 5.81228431450199 1.57818422511626 0.306491214174992
v 5.70264536495401 1.57638519591315 0.306491214174992
v 5.59561444201808 1.58385286430341 0.306491214174992
v 5.48694855229065 1.56807458616671 0.30649687149953
v 5.39223362487412 1.5278114074292 0.306649619262059
v 5.29392063905138 1.57709801880495 0.306491214174992
v 5.19761600343965 1.59846007626073 0.306938142813501
v 5.1039363664136 1.6092259648567 0.31141874384766
v 5.01532003484912 1.57241941141195 0.33566037949333
v 4.93413742772768 1.55236419592446 0.403757594958192
v 6.69562462520225 1.39850759778685 0.364976635249658
v 6.5963894954798 1.48867403627476 0.341119697672577
v 6.50440705581516 1.46037044161075 0.315282696507168
v 6.39118136251004 1.4697219990722 0.307752797546984
v 6.28580803566377 1.48142700354148 0.30632149443885
v 6.19101956302825 1.49814439755151 0.30649687149953
v 6.10232968624478 1.48147791946233 0.306491214174992
v 6.00410156029011 1.4779534062751 0.306491214174992
v 5.89412317126984 1.4756791618108 0.306491214174992
v 5.78729591201729 1.48225863024858 0.306491214174992
v 5.67786628347722 1.47056494042837 0.306491214174992
v 5.57102770957559 1.49263982077596 0.30649687149953
v 5.48197576402168 1.44654959776423 0.306593046016678
v 5.38298389925436 1.42663015806565 0.307543476539075
v 5.29630237268191 1.46752695715142 0.308007377151198
v 5.20104434210973 1.49278125388941 0.311118905647141
v 5.10634638666682 1.50956653579389 0.322625903757595
v 5.02230117332911 1.46979554429119 0.38093594777158
v 6.61086658897274 1.37716251230468 0.329058281757391
v 6.5313472352655 1.35053348570394 0.312601124676118
v 6.43556873083581 1.37039635215714 0.307803713467827
v 6.32870752763603 1.38435862911712 0.306598703341216
v 6.20840452133377 1.39433249227775 0.306491214174992
v 6.09633857955895 1.3731684411808 0.306491214174992
v 5.97616569172107 1.37947635804076 0.306491214174992
v 5.86861429492764 1.37734920401444 0.306491214174992
v 5.77297156628687 1.38845453208269 0.306491214174992
v 5.70048426698046 1.34656204387821 0.306485556850454
v 5.60158857673029 1.39427591903237 0.30649687149953
v 5.52301965354544 1.34880234439529 0.306400696982383
v 5.41756712415564 1.33536619861735 0.308137495615573
v 5.30572181803781 1.35170455188332 0.315486360190539
v 5.21677170432559 1.39152080198233 0.322959685905342
v 5.12222649664521 1.40001810343852 0.353424378542899
v 6.79750738280852 1.19487220103868 0.365016236521424
v 6.69780835247395 1.28462565483531 0.340893404691054
v 6.60472839184893 1.25579027166472 0.314988515631188
v 6.49006008078659 1.2629185005827 0.307583077810842
v 6.38533734626221 1.27722021701497 0.306315837114312
v 6.28877813104627 1.3015297405551 0.306502528824068
v 6.20691098765572 1.28068249963227 0.306491214174992
v 6.12812142881388 1.27015987599145 0.306491214174992
v 6.03064006969824 1.28299634536835 0.306491214174992
v 5.92883085731096 1.27550039035539 0.306491214174992
v 5.82040823253867 1.27680157499915 0.306491214174992
v 5.72921781830936 1.24779647209242 0.306502528824068
v 5.62355031058712 1.2745952184293 0.306372410359693
v 5.51804686527647 1.25778164990213 0.307430330048314
v 5.42024303866216 1.24250687364931 0.312974508095631
v 5.31777191930392 1.24938052296308 0.330761136443353
v 5.20860818501714 1.29019811950532 0.360778900442403
v 6.71226281666874 1.17405890406309 0.329013023161087
v 6.63222298910399 1.14727712969982 0.312521922132585
v 6.53536959301207 1.16423213134045 0.307696224301603
v 6.42648306762766 1.17306887226893 0.306559102069449
v 6.31049659994795 1.19339563933425 0.306491214174992
v 6.19865695115466 1.1658897274301 0.306491214174992
v 6.09682510946923 1.18867743066949 0.306491214174992
v 6.00470689401568 1.17685927970944 0.306491214174992
v 5.90655231328 1.16888810943529 0.306491214174992
v 5.80859573890316 1.15800907434856 0.30649687149953
v 5.70202871657936 1.1598420474989 0.306530815446759
v 5.59876557178579 1.17136601758296 0.307328498206628
v 5.49663954922438 1.16098482705559 0.313014109367398
v 5.39782306151775 1.15516909743044 0.332961835688666
v 5.31741550785802 1.1506319231509 0.370911168690103
v 6.90226971860468 0.993194238580691 0.367307452959346
v 6.80073205779523 1.08310044013985 0.341696744775461
v 6.70770867041559 1.05430465824102 0.315316640454396
v 6.59438114526878 1.05874000067888 0.307662280354375
v 6.48635453321415 1.06903633133818 0.306287550491621
v 6.37986105610934 1.08049807085233 0.30649687149953
v 6.28481800386961 1.09233319378599 0.306491214174992
v 6.20339778911757 1.04705196818321 0.306491214174992
v 6.10367612948484 1.09406999241918 0.306491214174992
v 6.00125026872292 1.07038277457825 0.306491214174992
v 5.89315576877383 1.05700320204569 0.306502528824068
v 5.78164990212829 1.0513006189113 0.306672248560211
v 5.66329867279166 1.07124268790803 0.307916859958588
v 5.55784614340186 1.07167264457293 0.31456987361537
v 5.46149624919383 1.06577205507971 0.335564204976183
v 5.37410755705412 1.06216833934896 0.382542627940394
v 6.81806044285536 0.976714452201265 0.330993086749414
v 6.73968386870481 0.950566298186261 0.31356852717213
v 6.64589674251253 0.956828956449916 0.307928174607665
v 6.54429685113316 0.967555243774114 0.306649619262059
v 6.4307090890576 0.974361005193424 0.306491214174992
v 6.32080990258087 0.982994082438533 0.306491214174992
v 6.21373937837318 0.952959346465869 0.306491214174992
v 6.10649913442935 0.982196399678664 0.306491214174992
v 5.98809133184734 0.964013758613277 0.30649687149953
v 5.88162614136523 0.943115601769611 0.306660933911135
v 5.78538939364796 0.947313336576866 0.307237981014019
v 5.69650716783019 0.975384980934816 0.308759801314762
v 5.59583507767507 0.980188049467646 0.317460766454328
v 5.50663604168317 0.96771364886118 0.344779986648714
v 7.00122198210023 0.791357871035629 0.366175988051731
v 6.90663717314807 0.88479424310655 0.344270827440287
v 6.81705343908759 0.862781593328883 0.317472081103405
v 6.71731480748125 0.858035098041434 0.308731514692072
v 6.60433237913126 0.85474819248481 0.306383725008769
v 6.49716568040642 0.88650275511705 0.30649687149953
v 6.39575813806135 0.864970977925119 0.306491214174992
v 6.29093922901981 0.886480125818897 0.306491214174992
v 6.18406671117095 0.858453740057252 0.306491214174992
v 6.07572328894219 0.887340039148686 0.30649687149953
v 5.98146094748871 0.842381281044568 0.306626989963906
v 5.88420588135459 0.834104615245358 0.307385071452009
v 5.7957366402281 0.849260587682873 0.309359477715799
v 5.70602278770324 0.865593283624309 0.314807481245969
v 5.62413301501454 0.894745476969032 0.324985008089974
v 5.53932972018873 0.876585465201796 0.36497097792512
v 6.90298254149648 0.779930075468709 0.327355427071429
v 6.80270080673448 0.753747977506477 0.310055328633982
v 6.69603195256899 0.775296726672022 0.306723164481054
v 6.60890915468257 0.739327457258913 0.306457270227764
v 6.50715651554067 0.791787827700524 0.306491214174992
v 6.41411049886288 0.748130254240164 0.306491214174992
v 6.30370781050226 0.79321347348412 0.306491214174992
v 6.21158959504871 0.747191138366843 0.306491214174992
v 6.0997329742818 0.783692196286532 0.30649687149953
v 6.01523517498105 0.725659361174913 0.306785395050972
v 5.90988447743293 0.736872178409387 0.308725857367534
v 5.8026894920854 0.74740611669929 0.31683846075514
v 5.70675258256865 0.763257940054989 0.334081985947206
v 5.61710661793825 0.799849515167287 0.358289677645648
v 7.11244498251887 0.579247802129417 0.369479865581969
v 6.98372953462848 0.698871929487107 0.337974225229405
v 6.90569805727475 0.671677170432559 0.316334958871251
v 6.81832067978412 0.642468403842455 0.308409047193401
v 6.71789185458413 0.678590421018092 0.306632647288444
v 6.62666183908306 0.634525520190991 0.306485556850454
v 6.51984023715504 0.682114934205316 0.306491214174992
v 6.42837827134791 0.637976488159219 0.306491214174992
v 6.32581097747253 0.688094726242065 0.306491214174992
v 6.24103596926941 0.647950351319854 0.306502528824068
v 6.13429356988493 0.668814564216291 0.306338466412464
v 6.04008780167683 0.63229087699845 0.307226666364943
v 5.93300596282006 0.630497505119879 0.313404464760525
v 5.82120591529854 0.653539787963476 0.330087914823322
v 5.71919869655243 0.665176904538305 0.371946459080572
v 7.01404713682805 0.59155248299974 0.33227164209502
v 6.92397121553275 0.571055996198278 0.31303673866555
v 6.83561512089703 0.547917538837533 0.307396386101085
v 6.73627250200835 0.567763433317116 0.306598703341216
v 6.64217988029101 0.540280150711125 0.306491214174992
v 6.53890542084837 0.568018012921329 0.306491214174992
v 6.44096581844514 0.544336452404929 0.306491214174992
v 6.33513990563583 0.572306264921193 0.30649687149953
v 6.22165397540195 0.562790645048144 0.30644029825415
v 6.1215419603761 0.558745658003417 0.307073918602415
v 6.01502585397314 0.541717111143798 0.314207804844933
v 5.91876647695772 0.522742444643079 0.338975571672645
v 5.84049739197339 0.566083207929306 0.354272977223611
v 7.19403491700705 0.396572792794832 0.369281859223136
v 7.08779036218192 0.494744345504124 0.339688394564443
v 7.0082596938256 0.484487616116586 0.318609203335559
v 6.91708059424537 0.468205836095993 0.309240673900499
v 6.81625009900318 0.462757832565823 0.306491214174992
v 6.72033016146004 0.459295549948518 0.306479899525916
v 6.61497946391193 0.45625756667157 0.30649687149953
v 6.51494099410507 0.462633371425985 0.30646858487684
v 6.40490037451489 0.462718231294056 0.30646858487684
v 6.30373609712495 0.472454486824091 0.306412011631459
v 6.20040506443693 0.46697819667123 0.307051289304262
v 6.09853362147973 0.460008372840316 0.31259546735158
v 6.00184994512395 0.445129609305168 0.335038073794141
v 5.91591518539053 0.437961779115421 0.380607822948371
v 7.10012898699947 0.398292619454408 0.332401760559396
v 7.00310021384687 0.384330342494427 0.313540240549439
v 6.90379153890542 0.374463968500017 0.30817709688734
v 6.80313642072391 0.369066880890689 0.307232323689481
v 6.69728787861644 0.360394202373813 0.30758873513538
v 6.5849051266675 0.365994953666512 0.307402043425623
v 6.47900001131465 0.369677871940802 0.307288896934862
v 6.37506930222559 0.370650931761351 0.30732284088209
v 6.27569839671423 0.375833041038232 0.307701881626141
v 6.1733913397676 0.372212353333861 0.312606782000656
v 6.07350561772327 0.361972595919938 0.332413075208472
v 5.98590194725111 0.354889625598262 0.3821126712755
v 7.16981591065953 0.308194068860954 0.346612959799052
v 7.08145415869927 0.298389925436463 0.324079836163881
v 6.98909267829058 0.287663638112264 0.314173860897704
v 6.8948303368371 0.281050225727249 0.311628064855568
v 6.80260463221733 0.278000927801224 0.311407429198583
v 6.72073748882679 0.264191398603772 0.31286136160487
v 6.63170251524649 0.27182878673018 0.31203539222231
v 6.53554497007275 0.273101684751247 0.311910931082472
v 6.43757142372229 0.275042147067809 0.311628064855568
v 6.33839286724522 0.274883741980742 0.311876987135244
v 6.24233149658863 0.283584707120309 0.31359681379482
v 6.1384347314468 0.278957015648159 0.329160113599077
v 6.05009560878469 0.267421730915016 0.377468007829737
v 7.1545977076521 0.215798644505041 0.345260859234451
v 7.06666025503219 0.201853339518674 0.330970457451262
v 6.97504554146253 0.193084486484652 0.325375363483102
v 6.8825878865367 0.187495049841029 0.324826603002908
v 6.79126735384302 0.180355506273973 0.326478541768027
v 6.69471945327616 0.175863590590738 0.327740125140019
v 6.5988560889784 0.178335841413878 0.327038616897297
v 6.50158405087066 0.179727543250246 0.326716149398626
v 6.40304477206639 0.181735893461264 0.326501171066179
v 6.30113938516197 0.179563480838642 0.330195403989545
v 6.20563808963465 0.203510935608332 0.332848689197905
v 6.12093096932599 0.187200868965049 0.378571186114663
v 7.13616614430703 0.122085063531754 0.362815537276111
v 7.04737443568188 0.110719498534753 0.355653364410903
v 6.9562179653998 0.103280116767178 0.355675993709055
v 6.86368110793044 0.0981828673583689 0.35787103562983
v 6.76846833595456 0.0944207465405459 0.360111336146909
v 6.67136601758296 0.0921917606725426 0.361525667281429
v 6.57448433486835 0.0922879351896902 0.361604869824962
v 6.47855874000068 0.0933797988255395 0.361740645613876
v 6.38531471696405 0.0964177821024883 0.363200235344701
v 6.29753566943121 0.0935438612371435 0.374152815650423
v 6.20833663343931 0.1226564533101 0.373643656441995
v 4.08569715210283 5.53925051764519 0.250659078308686
v 3.99474434550412 5.5493544992702 0.244424706667723
v 3.89308788087937 5.54967130944434 0.240572068657291
v 3.78387888799629 5.54468720652629 0.240606012604519
v 4.16852038334031 5.46021769384823 0.240023308177097
v 3.66393795046447 5.53094556522329 0.243112207374888
v 3.57761283533791 5.44474491123658 0.227090664283047
v 4.34522691528722 5.32346318778923 0.222734524388726
v 4.25394598386531 5.38486778832555 0.230581233523042
v 4.07132189045157 5.44424140935269 0.222960817370249
v 3.97247711612224 5.44964415428655 0.217048913227956
v 3.87023228974553 5.4507360179224 0.215306457270228
v 3.76849662257725 5.44723979135787 0.216703816431133
v 3.67762867584662 5.43013204195472 0.216172027924554
v 3.45714576662405 5.42920989805501 0.233206232108711
v 3.35944377185142 5.34436700195743 0.211018205270364
v 5.27079349633971 5.2301739061563 0.215097136262319
v 5.18210927688078 5.2473778300766 0.217784365417907
v 5.08269877009765 5.25013294712664 0.215346058541994
v 4.98067457937792 5.25120783878888 0.214633235650196
v 4.8779375657664 5.25159253685747 0.214684151571039
v 4.77491202860343 5.25174528462 0.214655864948349
v 4.67141693350381 5.25211866803951 0.21391475543386
v 4.5665131645942 5.25327276224528 0.211431189961643
v 4.45656306219663 5.25820029191795 0.206939274278408
v 4.1575395164119 5.35283601679094 0.206243423360224
v 4.05395390411966 5.34662427444813 0.192880822801281
v 3.94983084599631 5.35069189079101 0.189480770753895
v 3.84787454317104 5.35019404623166 0.188496396284269
v 3.74906371278895 5.34272637784139 0.188004209049456
v 3.64603251830145 5.34095563526097 0.191013905703715
v 3.54808160124914 5.34497799300755 0.197955442911938
v 3.45639334246048 5.3281983684276 0.197797037824872
v 3.23545218995033 5.3313325262217 0.216664215159367
v 3.13655649970016 5.24858284020321 0.17833018408934
v 3.0268157183105 5.24629162376529 0.191127052194476
v 2.90488340254127 5.24532422126928 0.224833391792354
v 2.7901641755581 5.21874611058938 0.22387164662088
v 2.6794390196988 5.20300743372444 0.220115183127595
v 2.57114085606635 5.19658071304919 0.215906133671264
v 2.46498681843383 5.19443092972471 0.213507428067118
v 2.36043380364558 5.19391045586721 0.212534368246569
v 2.25693305122142 5.19376336542922 0.212279788642355
v 2.15407723379459 5.19372942148199 0.212217558072436
v 2.05157217048913 5.19371810683292 0.212194928774284
v 1.94924248424435 5.1937011348593 0.212160984827056
v 1.84695239927134 5.193655876263 0.212081782283522
v 1.74457745443025 5.19355404442131 0.211906405222842
v 1.64196490195857 5.19332775143979 0.211516049829715
v 1.53894502212014 5.19284687885405 0.210752311017074
v 1.43548952829228 5.19143254771953 0.209722677951143
v 1.33233952998948 5.18813998483837 0.208874079270431
v 1.23290639390819 5.18448535318677 0.211612224346862
v 6.57648702775483 5.0884862131001 0.231656125185277
v 6.46894694561048 5.08488249736934 0.209253120014483
v 6.36295131306503 5.09034747287313 0.204557540647877
v 6.26365395277265 5.09391158733212 0.200755818558287
v 6.161714621921 5.09964811441373 0.202311582806259
v 6.06716375691608 5.11022731129994 0.208817506025051
v 5.98060669148346 5.10563922109956 0.193604960342155
v 5.89520372025662 5.12656566456591 0.211244498251887
v 5.79352462633371 5.14347540761023 0.214825584684491
v 5.68905647141354 5.16160713275478 0.212449508378498
v 5.58461094579152 5.16656294905014 0.201734535703375
v 5.47463821409579 5.16149398626402 0.188598228125955
v 5.36142383543974 5.16353628042226 0.183167196569398
v 4.35237211617882 5.2321652843937 0.186069404057433
v 4.24906937011349 5.27681854697277 0.191364659825076
v 4.13622837487695 5.24728165555945 0.168135685271721
v 4.02401534266415 5.25030832418733 0.161126260169041
v 3.91932089476245 5.25099286045643 0.158274968601849
v 3.81783414987384 5.24808499564386 0.157166132992385
v 3.71602493748656 5.24530724929566 0.157313223430375
v 3.61573754540003 5.24510358561229 0.159033050089951
v 3.51899163847433 5.24135277944355 0.160294633461943
v 3.41717676876252 5.24170353356491 0.163434448580577
v 3.31962752175241 5.24997454203958 0.1706135934194
v 3.22624206560234 5.23072266663649 0.162534933979023
v 1.14283047261289 5.18659553523947 0.225070999422953
v 1.07536687749629 5.15521435602675 0.197055928310383
v 0.979673232934681 5.12726717280863 0.188943324922777
v 0.869779703782487 5.12278091444994 0.200291917946165
v 0.761249589843971 5.12080650818615 0.208268745544857
v 0.65276473450176 5.12736334732578 0.226440071961168
v 0.540410269175502 5.10774374582772 0.223068306536473
v 0.447511342935699 5.08475803622951 0.225455697491542
v 8.37514850476912 5.03995202588792 0.235429560652176
v 8.28585329426008 5.03844717756079 0.225212432536405
v 8.18187732657472 5.04850590058949 0.224013079734332
v 8.07670766341182 5.05114221382424 0.223436032631448
v 7.96869236600627 5.05660153200349 0.230106018261844
v 7.86298525701225 5.06213439540173 0.243259297812878
v 7.75967119629785 5.05630169380297 0.247841730688723
v 7.65081295753612 5.04112874939184 0.239717812652041
v 7.5412871544789 5.03096819452145 0.232312374831695
v 7.43244023036626 5.02421334902298 0.224839049116892
v 7.32535273418495 5.02234077460088 0.219430646858488
v 7.21628517441532 5.01937067921838 0.211549993776943
v 7.10954277503083 5.02043425623154 0.207476720109526
v 7.00174245595773 5.02587660243718 0.208166913703171
v 6.89651056222491 5.03334992815198 0.2080820538351
v 6.80007580814881 5.05580950656815 0.221291906631516
v 6.69126282798339 5.07858023783392 0.233489098335615
v 5.2498444235752 5.1465303628608 0.167066450934024
v 5.14591937181068 5.15252712687116 0.165284393704529
v 5.04264491236804 5.15420169493443 0.164243445989523
v 4.93947794209163 5.1548353152827 0.164079383577918
v 4.8361751960263 5.1550729229133 0.164215159366832
v 4.73253866781322 5.15538973308743 0.164175558095066
v 4.62838732306717 5.15628924768898 0.163530623097725
v 4.52382865095439 5.15861440807413 0.161771195166382
v 4.42302078501035 5.15306457270228 0.153664249103314
v 4.31900521605322 5.15009447731979 0.144934997341057
v 4.23554270714294 5.18424208823163 0.153602018533395
v 0.361016508073002 5.06264355461015 0.233573958203686
v 0.309778119731617 5.00183863047488 0.200144827508175
v 9.47983729534628 4.92660187144296 0.271472375284281
v 9.39592220047295 4.90736696801349 0.226355212093097
v 9.30003054955251 4.93350380737941 0.230841470451794
v 9.19857209128659 4.94762448942646 0.229234790282979
v 9.0973851845985 4.95676106855546 0.227712969982236
v 8.99293400165194 4.96026860976907 0.225795136963827
v 8.88957468234123 4.9574060035528 0.219956778040529
v 8.78244192756362 4.95221823695138 0.213235876489291
v 8.67836412803657 4.95344587637614 0.211244498251887
v 8.57465971192904 4.95511478711488 0.208562926420837
v 8.47060454170014 4.96474355347869 0.205864382616173
v 0.227656396736856 4.97906224188457 0.225003111528496
v 9.77132528484629 4.79416956133105 0.2883821183286
v 9.6829295889388 4.81397019721433 0.252554282028943
v 9.57857458050939 4.85187427161947 0.242767110578065
v 8.38019483825709 4.96309727203811 0.193655876262998
v 0.202798112716535 4.89102861474751 0.190844185967572
v 9.83162670709768 4.71481427003541 0.301122413188355
v 9.49365813919281 4.85460110204682 0.210016858827123
v 0.133082902433781 4.81528269650717 0.210005544178047
v 9.76625066473563 4.72460144148629 0.229285706203822
v 0.0795080390581687 4.72247994478451 0.205406139328589
v 9.81690069132506 4.63202498274516 0.254019529084305
v 9.77742953802288 4.54611850963442 0.214735067491882
v 0.0136567814349239 4.57043934782363 0.198306197033299
v 9.79975334065014 4.46726106289813 0.244130525791743
v 9.70355619420464 4.45703262013329 0.198153449270771
v 0.0586721127844221 4.41788393432978 0.259625937701542
v 9.7307679252328 4.39085323768683 0.243208381892036
v 9.64022810332538 4.3611353118883 0.242320181939557
v 9.54518505108564 4.36084113101232 0.209315350584402
v 0.120444439415712 4.33141738608977 0.264038650841244
v 9.48679014720358 4.28842737692491 0.251100349622656
v 9.3904176236974 4.27017684796506 0.239457575723289
v 9.27344112422353 4.23189939014041 0.243429017549021
v 9.15915751122979 4.23092633031986 0.228386191602267
v 9.05475158687953 4.24000633620348 0.215114108235933
v 8.94774329324176 4.24268225070999 0.209852796415519
v 8.84587185028456 4.23555402179201 0.212483452325726
v 8.74133015014539 4.2324764372433 0.213094443375839
v 8.63444631764746 4.22886140686347 0.213218904515676
v 8.52520903814168 4.2216313461038 0.212013894389065
v 8.41677509872031 4.22037542005635 0.2047838336294
v 8.30350980414343 4.22653624647832 0.191653183376518
v 0.18328034306016 4.25098154580736 0.262239621638135
v 8.35275681424741 4.12973942363178 0.249855738224279
v 8.2384788585782 4.13541372014347 0.237901811475317
v 8.13009583507768 4.13293581199579 0.235316414161415
v 8.02460370441611 4.12898134214367 0.238003643317002
v 7.92420316583881 4.13789728561569 0.235197610346115
v 7.82832848689198 4.15656645659135 0.222728867064188
v 7.72852196739118 4.16665912356728 0.217263891560403
v 7.63222298910399 4.16527307905545 0.221653975401953
v 7.53554497007275 4.16135255315056 0.226864371301524
v 7.43788823389642 4.15755083106097 0.230598205496657
v 7.33938855636392 4.15749425781559 0.228567225987486
v 7.24312352202396 4.15496543374707 0.227328271913647
v 7.14075989183196 4.15843337368891 0.219272241771421
v 7.04158699267942 4.16697593374141 0.203601452800941
v 6.93489550921578 4.16744549167808 0.187913691856847
v 6.84553241081228 4.13864405245471 0.198413686199523
v 0.309218044602347 4.14618526606397 0.250036772609498
v 0.237002296873763 4.1894807707539 0.244911236577998
v 6.78193842567973 4.09819418200745 0.236351704551883
v 6.68761951098087 4.09990835134248 0.222530860705355
v 6.588842624546 4.10193933085165 0.21388646881117
v 6.48495151672871 4.09962548511558 0.213184960568448
v 6.378101628178 4.09475452868829 0.216686844457519
v 6.27075389506794 4.0900759212953 0.217546757787307
v 6.15977981692898 4.0807017345357 0.220969439132845
v 6.04911123431507 4.07058643826162 0.217982371776739
v 5.92950407893099 4.04229415824668 0.232465122594223
v 5.82225252033808 4.03659723243684 0.216030594811102
v 5.71814077686381 4.04668989941277 0.191257170658852
v 5.61112116857696 4.04583564340752 0.18230728323961
v 5.50934024281237 4.03359319310712 0.18239780043222
v 5.40978830291578 4.0336950249488 0.176027653002342
v 5.32106448218509 4.05584345051538 0.158569149477829
v 5.23278193276836 4.03943720935495 0.165403197519829
v 5.13167988594834 4.03643882734977 0.164713003926183
v 5.02815650422602 4.03515461467963 0.164509340242812
v 4.92407304737444 4.03449270770867 0.164577228137269
v 4.81958792048065 4.03375159819418 0.164978898179473
v 4.71453706113305 4.03199217026284 0.165431484142519
v 4.60907321709417 4.02879012457429 0.165742636992114
v 4.50463900612123 4.0272173883527 0.162919632047612
v 4.40128534413505 4.03457756757674 0.153138117921273
v 4.28727894004367 4.03190731039477 0.144980255937362
v 1.11820979622317 4.01687014177255 0.214995304420633
v 1.01740758760367 4.00609859585205 0.242925515665132
v 0.912141749923626 4.03359885043165 0.224273316663084
v 0.81000441271314 4.05489301999298 0.217954085154049
v 0.705983186431473 4.07037145992917 0.214378656045983
v 0.613152148086127 4.09103200914224 0.198837985539878
v 0.517435874226361 4.08782430612915 0.222875957502178
v 0.410755705411797 4.10428712053496 0.240062909448863
v 5.32435704506625 3.95346284834976 0.215255541349385
v 5.20516287437345 3.94424140935269 0.215459205032756
v 5.09481110193367 3.94062637897286 0.214865185956258
v 4.98800081465473 3.93891220963782 0.214723752842806
v 4.88220884579265 3.93800138038719 0.215023591043324
v 4.77603217886197 3.93664362249805 0.215413946436451
v 4.66845249544585 3.93343591948496 0.215736413935122
v 4.55930573313269 3.92624545999706 0.214531403808511
v 4.45338364580623 3.92536857469366 0.208896708568584
v 4.35980018329732 3.94774329324176 0.191862504384427
v 4.28131611998054 3.90815899344882 0.199381088695534
v 4.20877790475328 3.96981817358935 0.164922324934092
v 4.11322569330512 3.95901268372161 0.160860365915751
v 4.01228205157217 3.94723979135787 0.159016078116337
v 3.90884918704246 3.94073386813908 0.158376800443534
v 3.80670619250744 3.93631549767484 0.158620065398672
v 3.7039522069223 3.93528586460891 0.159123567282561
v 3.60019687489393 3.93288150168023 0.161273350607031
v 3.49744854663333 3.93064120116315 0.164786549145178
v 3.39451352666297 3.91910591643 0.17491316006834
v 3.2886649845555 3.92585510460393 0.179993437503536
v 3.17636709247463 3.92438420022403 0.192100112015026
v 3.06491214174992 3.94135051651373 0.199409375318225
v 2.96820583609599 3.95177696563741 0.208121655106867
v 2.88260485851031 3.98535884409545 0.185300007920254
v 2.79453728742603 3.98781978026951 0.193655876262998
v 2.69658071304918 3.99237392652267 0.200642672067526
v 2.60045711182268 3.99296794559917 0.2099093696609
v 2.50110317828493 3.99486314931942 0.212992611534153
v 2.39982575440423 3.99572871997375 0.213433882848123
v 2.29764315859744 3.99601158620065 0.213071814077686
v 2.19513243796744 3.9962265645331 0.212704087982711
v 2.09256514409206 3.99636234032201 0.212466480352112
v 1.99001482219029 3.99643588554101 0.212336361887736
v 1.88741358436768 3.99646982948824 0.212274131317817
v 1.7846086828617 3.99648114413731 0.212251502019665
v 1.68136251004175 3.99646982948824 0.212268473993279
v 1.57726773854109 3.99640759891832 0.212455165703036
v 1.47156062954707 3.99669612246976 0.213535714689809
v 1.36259490161913 3.99798033513991 0.217179031692332
v 1.24648963012412 3.99942861022165 0.227741256604926
v 4.37316278385626 3.83091388420588 0.236368676525498
v 4.26209818852468 3.80647424220138 0.231158280625926
v 4.18066100179903 3.8667813217773 0.201457326801009
v 4.08574241069913 3.85310191104423 0.19582828888562
v 3.98146660481325 3.84591710888087 0.190680123555968
v 3.88126972991933 3.83607336418461 0.190108733777622
v 3.77909279143707 3.83361808533508 0.189933356716941
v 3.67600502370419 3.83417250313982 0.191093108247248
v 3.57107296817189 3.82924497346715 0.197265249318292
v 3.46875459657619 3.83090822688134 0.205168531697989
v 3.35438046638983 3.81830936513504 0.221976442900623
v 3.25384415202362 3.845045880902 0.223639696314819
v 4.16440185107659 3.74806236634571 0.235073149206277
v 4.05838924655752 3.75874905239814 0.221393738473201
v 3.96381009492991 3.73809981783415 0.219843631549768
v 3.85964177821025 3.73231237483169 0.217535443138231
v 3.75489641438771 3.73141851755468 0.217790022742445
v 3.65119765560471 3.73522589696881 0.22142768242043
v 3.54512282051572 3.7212749346579 0.234349011665403
v 3.44134485918919 3.74573720596056 0.238642920989805
v 4.06951720392392 3.65197836639097 0.248995824894491
v 3.94850137472986 3.6356852717213 0.244481279913104
v 3.83705773865424 3.63001663253414 0.243083920752198
v 3.73236329075254 3.62983559814892 0.245363822541044
v 3.63743338500356 3.64080515042826 0.248520609633292
v 4.17211844174653 5.13510256729388 0.125366311763841
v 4.08342290763852 5.1516558988923 0.126186623821862
v 3.98431789638044 5.15219900204795 0.122192552697978
v 3.88379289666331 5.15144657788439 0.120495355336554
v 3.78261164729976 5.14974372319842 0.119714644550299
v 3.68156051640058 5.14846516785282 0.119629784682228
v 3.58178794084701 5.14690940360485 0.119833448365599
v 3.48154580735678 5.14677362781593 0.120619816476392
v 3.38236725087971 5.14986818433826 0.12174562405947
v 3.28673583688802 5.15390751405845 0.120761249589844
v 3.17838110001018 5.14302847897172 0.112846652561071
v 3.07153686878401 5.16203143209513 0.125790611104197
v 2.96358380194838 5.16359285366764 0.135611726502303
v 2.85866306106516 5.15772055079712 0.141665063758047
v 2.75105509102635 5.1449123680429 0.138185809167129
v 2.64365078467091 5.13679410733076 0.133920186465417
v 2.53742885914393 5.13278306423326 0.130938776433849
v 2.43256469150609 5.1312442719589 0.129422613457644
v 2.32879804482864 5.13071248345233 0.128885167626526
v 2.22575553569206 5.13054842104072 0.128721105214922
v 2.12313732589584 5.13049184779534 0.128664531969541
v 2.02072277978298 5.13045790384811 0.128636245346851
v 1.91835349226644 5.13042961722542 0.128602301399622
v 1.81587671558367 5.13037304398004 0.128545728154241
v 1.71312272999853 5.1302485828402 0.128421267014404
v 1.60983129858227 5.12993742999061 0.128121428813885
v 1.50560640861724 5.12893042622283 0.127646213552687
v 1.39988232764961 5.12568312193797 0.12745952184293
v 1.29192360348944 5.11754788925221 0.128421267014404
v 1.18208099025809 5.11621276066123 0.137840712370306
v 6.74497912447245 5.01588576730293 0.158501261583372
v 6.64560256163655 5.02922573856372 0.157290594132223
v 6.54137767167151 5.01921227413132 0.136392437288558
v 6.43109944445073 5.02378339235809 0.129812968850771
v 6.32672180672316 5.02535047125513 0.125275794571231
v 6.22434686188208 5.02812821760333 0.124489426460438
v 6.12474400606465 5.03242212692773 0.126096106629253
v 6.02962175128138 5.03339518674828 0.123465450719046
v 5.92991140629773 5.03956167049479 0.125411570360145
v 5.83429696427965 5.05453095122255 0.135492922687003
v 5.73463187789231 5.06534775573936 0.139339903372897
v 5.63360337629128 5.07102205225105 0.137965173510144
v 5.53001776399905 5.07029791471018 0.132505855330897
v 5.4228793518969 5.06826693520101 0.127227571536869
v 5.31749471040156 5.06302259535421 0.11989002161098
v 5.2091965467691 5.05730869757074 0.112739163394847
v 5.10451907084102 5.05874000067888 0.111381405505708
v 5.00076373881264 5.05940756497437 0.110917504893586
v 4.89730824498478 5.0596791165522 0.111019336735271
v 4.79380183523608 5.0599619827791 0.111166427173261
v 4.69005216053224 5.06049377128568 0.111285230988561
v 4.58604790622419 5.06151208970254 0.110996707437119
v 4.48237743406388 5.06018827576063 0.108462226044059
v 4.37515416209366 5.05964517260497 0.104694447901698
v 4.26408390943755 5.06604926398208 0.101696065896516
v 1.07810502257273 5.09784908521062 0.132222989103993
v 1.01896900917618 5.03688575598828 0.0993143322659848
v 0.916656294905014 5.04621468415157 0.12074427761623
v 0.807430330048314 5.04065919145518 0.129179348502506
v 0.700286260621627 5.04168316719657 0.138349871578733
v 0.605509102635182 5.05484210407214 0.156243989092678
v 0.511705004469287 5.02312148538713 0.146213552686663
v 8.31466039080798 4.93359998189656 0.168650501804687
v 8.22989669725393 4.95241058598568 0.172118441746529
v 8.13230784897207 4.95750783539448 0.1706135934194
v 8.02928796913364 4.96210724024394 0.171552709292721
v 7.92544777723719 4.96708568583745 0.175320487435082
v 7.82305586042249 4.96831332526222 0.178437673255564
v 7.71960602391917 4.96234484787454 0.176814021113135
v 7.61285230988561 4.95271042418619 0.171609282538102
v 7.50467860739299 4.94458084882497 0.165352281598986
v 7.39617678007717 4.93726592819724 0.155497222253652
v 7.28993222525203 4.94338715334744 0.14884420859687
v 7.17396838687048 4.93648521741098 0.133229992871771
v 7.05851370769736 4.94693995315735 0.133575089668594
v 6.94735293784863 4.95272739615981 0.132324820945678
v 6.8359375883957 4.96173951414897 0.129846912798
v 4.15637976488159 5.04804765730191 0.0871454271845759
v 4.05434425951279 5.05353526210385 0.0841866464511603
v 3.95229178217038 5.05375024043629 0.0821952682137563
v 3.85042033921318 5.05301478824634 0.0813410122085064
v 3.74867901472036 5.0518946379878 0.08088842624546
v 3.64739593351512 5.05075751575565 0.0804754415541802
v 3.54644097713309 5.05024269922268 0.080243491248119
v 3.44650999649246 5.05117615777147 0.0797626186623822
v 3.34966225772508 5.05365972324368 0.0778787295912017
v 3.25922426765934 5.06912119120625 0.0794910670845543
v 1.13734286781096 5.03052692320748 0.0799379957230627
v 0.403344610266913 4.99507247032733 0.153183376517577
v 9.42639820775959 4.82228080696077 0.168514726015773
v 9.33789502268587 4.83865310417397 0.16946515653817
v 9.24520541745398 4.85127459521843 0.171473506749188
v 9.14805784048608 4.85824441904934 0.17190912073862
v 9.04873219357102 4.86243649653206 0.172124099071067
v 8.94761317477738 4.86232900736584 0.170387300437877
v 8.84420293954583 4.85961349158756 0.167468120976228
v 8.73864857831434 4.85726004457972 0.164871409013249
v 8.63289621072402 4.85789932225252 0.163474049852344
v 8.52528824068522 4.86139554881705 0.161131917493579
v 8.41567192043539 4.86383385569297 0.152974055509668
v 6.72885009221439 4.94356818773266 0.0980584062185311
v 6.6381518652199 4.96194883515688 0.0951448840814202
v 0.613174777384279 4.95893348117808 0.0915920842715063
v 0.492141976216608 4.93162557563277 0.0912752740973738
v 0.389059865808262 4.90729342279449 0.0987995157330195
v 0.294084701462984 4.91940009730598 0.145189576945271
v 9.69285253617859 4.7324764372433 0.188270103302746
v 9.60889784003349 4.76059899752209 0.1809834692977
v 9.51532569217366 4.76381801518426 0.16062841560969
v 8.30580102058135 4.84696371392041 0.136047340491735
v 8.20210791912289 4.85567033638452 0.132681232391577
v 8.09835258709451 4.86031499983028 0.132053269367851
v 7.99482920537219 4.86395265950827 0.13261334449712
v 7.89242031658388 4.86607981353458 0.133495887125061
v 7.79035086726785 4.86473902761906 0.133405369932452
v 7.68685577216823 4.85956823299125 0.131747773842794
v 7.5812504950159 4.85279075819463 0.128093142191195
v 7.4741347122119 4.84605288466978 0.119527952840543
v 7.36534436134463 4.83439879612134 0.102787929532366
v 7.26868897161155 4.86417895248979 0.0984317896380444
v 0.323463187789231 4.82796641812154 0.0860592208732646
v 0.221637003428339 4.81768140211131 0.1330263291884
v 9.74411355381813 4.63563435580045 0.186505018046865
v 9.40798361638814 4.74157907242507 0.13458775076091
v 9.30632149443885 4.74829997397631 0.130457903848112
v 9.20802548058972 4.75391769724262 0.130853916565778
v 9.11002930494111 4.75734037858816 0.131334789151514
v 9.01077720324504 4.75926386893111 0.131538452834885
v 8.90933571695274 4.75882259761713 0.130882203188468
v 8.80573313268689 4.75724420407101 0.129920458016995
v 8.70074450390921 4.75626548692592 0.129332096265034
v 8.5952750025458 4.75740826648261 0.12846086828617
v 8.49012231135651 4.75887351353798 0.125818897726887
v 8.38615765832023 4.75485681311594 0.119290345209943
v 8.2791267353843 4.75010466050395 0.112812708613842
v 8.17506590783087 4.75499258890486 0.111358776207556
v 8.07149726751225 4.75801360020819 0.1110532806825
v 7.96891865898779 4.75928649822926 0.111177741822337
v 7.86739797015196 4.75915637976488 0.111172084497799
v 7.7659338545615 4.75725551872009 0.110957106165352
v 7.66374560143017 4.75363483101572 0.109463572487299
v 7.56161957886876 4.74874690261482 0.104553014788246
v 7.46253719690884 4.74207125965988 0.0925312001448275
v 0.260802661205463 4.73377196456252 0.0806904198866272
v 0.1587728131612 4.71887057172922 0.132087213315079
v 9.65821273803193 4.65355110261255 0.150920446702345
v 9.56844796958622 4.66561251852774 0.135068623346647
v 9.47750082031206 4.65798644505041 0.123176927167604
v 9.37489958248945 4.64874803407972 0.114051662687682
v 9.27504214706781 4.64753736662857 0.111703873004379
v 9.17818309365135 4.64746382140958 0.111143797875109
v 9.08025480589719 4.64966452065489 0.111319174935789
v 8.98017673481857 4.65139566196354 0.111477580022856
v 8.87784139124925 4.65151446577884 0.111471922698318
v 8.77405211527364 4.65073375499259 0.111392720154784
v 8.66981591065953 4.65033774227492 0.111268259014947
v 8.56613412385015 4.6505866645546 0.110538464149534
v 8.46337448094047 4.64951177289236 0.108767721569115
v 8.36004910557699 4.64736198956789 0.106578336972879
v 8.25631640284677 4.64841990925651 0.104858510313303
v 8.15337572555187 4.65253844152024 0.104038198255281
v 8.05071791448388 4.65337572555187 0.103744017379301
v 7.94947443455041 4.6524139803804 0.103642185537616
v 7.84925493035834 4.65162761226961 0.103630870888539
v 7.74866770007128 4.6507054683699 0.103297088740793
v 7.64749776535681 4.64822190289768 0.100745635374119
v 7.54661069686924 4.64289836050735 0.0922200472952331
v 7.44760751745285 4.63093877643385 0.0761249589843971
v 0.233511727633767 4.63577013158937 0.0730530317602199
v 0.153777395594076 4.61290888313099 0.103223543521798
v 0.081572962514568 4.62048969801202 0.151769045383057
v 9.69471945327616 4.54482863963974 0.164639458707188
v 9.6174856586823 4.56417668955997 0.137614419388783
v 9.53720256616241 4.55258483158145 0.127499123114697
v 9.44654394043969 4.55656758805626 0.116456025616366
v 9.34606419931886 4.54824566366074 0.112252633484572
v 9.25133795725326 4.53831705909641 0.11237709462441
v 9.15441667326688 4.53798327694867 0.111930165985902
v 9.05505142508005 4.5408854844367 0.111319174935789
v 8.95299894773764 4.54321064482185 0.111064595331576
v 8.8493680768491 4.54345390977699 0.1110532806825
v 8.74545433973365 4.54251479390367 0.111132483226033
v 8.64209502042294 4.54145687421505 0.111172084497799
v 8.53963521571378 4.54044987044727 0.110894875595433
v 8.4377807447302 4.53952206922302 0.109769068012356
v 8.33614125207907 4.54030278000928 0.107777689774952
v 8.23528812753873 4.5462486280988 0.105588305178715
v 8.13341668458153 4.54956947760265 0.104190946017809
v 8.0323881829805 4.54698973761329 0.103613898914925
v 7.93378667360632 4.54469286385083 0.103461151152397
v 7.83457417318202 4.54559237845238 0.103359319310712
v 7.73390774035143 4.54621468415157 0.102374944841086
v 7.63153279551035 4.54405924350256 0.0982507552528258
v 7.52771523291205 4.53667077765583 0.0874169787624036
v 7.42079179914235 4.52583700116541 0.070348830631018
v 0.21376766499587 4.52578608524457 0.0788574467362894
v 0.128794650433917 4.51236691144024 0.121847455901155
v 0.061161335581177 4.49654903203177 0.176146456817642
v 9.60839999547414 4.45699867618606 0.168808906891753
v 9.50776184926625 4.44953666512033 0.148363336011134
v 9.41710322354352 4.4633631662914 0.130842601916702
v 9.32966361548297 4.43779205937928 0.135521209309693
v 9.23136760163383 4.42960025344814 0.13470655457621
v 9.13098969235469 4.4307090890576 0.132177730507688
v 9.02787929532366 4.43535375250337 0.129496158676639
v 8.92308301558027 4.43744130525792 0.128511784207013
v 8.81838291035404 4.43652481868275 0.128721105214922
v 8.7146784942465 4.43438635000735 0.129218949774273
v 8.61147192269832 4.43215736413935 0.129258551046039
v 8.50921578167253 4.43025650309456 0.1279007931569
v 8.40796664441452 4.43016598590195 0.124800579310033
v 8.30791120263405 4.43363958316833 0.119556239463233
v 8.2109050587796 4.44555956597006 0.112575100983243
v 8.11048189090415 4.44450730360598 0.110380059062468
v 8.01535963612089 4.43655876262998 0.110957106165352
v 7.91805365406592 4.43763931161675 0.110414003009697
v 7.81859788868648 4.44151457892533 0.109655921521594
v 7.71640397823062 4.44386236860864 0.107845577669409
v 7.6113361469094 4.44172955725778 0.102968963917584
v 7.50267591450651 4.43410348378045 0.0928366956698838
v 7.38836401489008 4.41750489358573 0.0814541586992679
v 0.195126780642899 4.42023738133762 0.115126554349917
v 0.118843416571435 4.40843620235118 0.177193061857187
v 9.42829906880438 4.36479560086444 0.17842070128195
v 9.31286701892941 4.33599416164108 0.180547855308268
v 9.20540048200405 4.32577703352531 0.177249635102567
v 9.0990484380127 4.33104965999479 0.168922053382514
v 8.99244181441713 4.33606770686007 0.164079383577918
v 8.88610108507485 4.33577918330863 0.163355246037044
v 8.78216471866125 4.33217546757787 0.164548941514579
v 8.67781536755638 4.32928457473891 0.164978898179473
v 8.57305868908476 4.32529616093957 0.164577228137269
v 8.4694391328453 4.3225976171349 0.160899967187518
v 8.36674172050554 4.32329346805309 0.152255575293332
v 8.26614317556941 4.32908656838008 0.142457089193379
v 8.17874316878062 4.34985460675937 0.130322128059198
v 8.09328928163293 4.32996345368348 0.134384087077539
v 7.99666783584707 4.32827757097114 0.132788721557801
v 7.89806066914835 4.33362939998416 0.130565393014336
v 7.79758092802752 4.3411083830235 0.128098799515733
v 7.69489483033684 4.34482524524502 0.125649177990745
v 7.59218044602347 4.342890440253 0.122022832961836
v 7.493165951958 4.33575089668594 0.11623538995938
v 7.40647876806101 4.31518086466548 0.115895950487096
v 7.31081341012208 4.32724228058067 0.10327445944264
v 7.19594143537638 4.32276167954651 0.0960443986829749
v 0.271070705242077 4.33420644708704 0.116512598861746
v 0.188354963170818 4.32420995462826 0.177837996854528
v 8.18574127923423 4.23845057195551 0.175693870854595
v 8.0729172559713 4.22600445797174 0.176881909007592
v 7.96868670868173 4.22709632160759 0.174669895113203
v 7.86883493058463 4.23774906371279 0.168712732374605
v 7.76779511433453 4.24814722621378 0.163553252395877
v 7.66616693633247 4.25094194453559 0.161929600253448
v 7.56792183840418 4.24680078297372 0.162195494506738
v 7.47305982054967 4.23634604722734 0.164260417963137
v 7.37375114560822 4.23258392640952 0.162065376042362
v 7.27864020547403 4.23723424717982 0.152934454237902
v 7.19121756938709 4.22431291793485 0.156402394179745
v 7.10436066575395 4.24736085810299 0.134746155847976
v 7.00492752967267 4.2511965241398 0.121836141252079
v 6.90547742161777 4.25797399893642 0.101452800941379
v 6.80147882463425 4.2768242042973 0.074478677543816
v 6.70103868478519 4.24807368099478 0.0857650399972844
v 0.57273056426155 4.22559147328046 0.0887803939760808
v 0.480035301705118 4.24682341227187 0.0940473631210328
v 0.372529163507994 4.26277706746925 0.114492934001652
v 0.271087677215691 4.24415881241443 0.174867901472036
v 6.82296534322988 4.20139509623109 0.127770674692524
v 6.73799798599246 4.15949129337754 0.153341781604644
v 6.63284529480318 4.17103789275976 0.134785757119743
v 6.52566162410473 4.16931240877564 0.130214638892975
v 6.4163281700818 4.16130163722972 0.131459250291352
v 6.30790554530951 4.15662302983673 0.133518516423213
v 6.1991378237404 4.15108450911395 0.13629626277141
v 6.09041536076759 4.1447483056313 0.138547877937566
v 5.97986558196898 4.13173080186918 0.144601215193311
v 5.8755162308641 4.12358991185888 0.143599868750071
v 5.77237754721037 4.12782724793791 0.132845294803182
v 5.66654031975198 4.13327525146808 0.124410223916905
v 5.56199861961281 4.13170251524649 0.122192552697978
v 5.46256548353153 4.12923026442335 0.120054084022584
v 5.36673040585646 4.13844038877134 0.111172084497799
v 5.265339835485 4.14044308165782 0.1076362566615
v 5.16790373496566 4.1329075253731 0.110606352043991
v 5.06739570722214 4.13092180446023 0.11108156730519
v 4.96537151650242 4.13011846437583 0.11122865774318
v 4.86254398569828 4.12962627714101 0.111500209321008
v 4.75925255428203 4.12876636381123 0.111913194012288
v 4.65585363369955 4.12721059956325 0.112292234756339
v 4.55311662008803 4.12615833719917 0.111466265373779
v 4.45131306502529 4.12855704280332 0.107607970038809
v 4.34764259286498 4.1293716975368 0.101673436598364
v 4.24845272173884 4.13624534685057 0.0923954243559136
v 4.15901607811634 4.16147135696586 0.0761871895543159
v 4.07048460641993 4.14472567633315 0.0809676287889931
v 3.97101186906688 4.13952093775811 0.0811203765515213
v 3.869038594268 4.13640940926217 0.0817935981715527
v 3.76582070807074 4.13460472273452 0.0822914427309037
v 3.6611941480635 4.13292449734671 0.0828232312374832
v 3.55421414104842 4.13020898156844 0.0830778108416968
v 3.44269130242926 4.12430839207522 0.0835869700501239
v 3.32160758534074 4.11200936852943 0.0870888539391951
v 0.973037191251514 4.12950747332571 0.106080492413528
v 0.882333306932486 4.1197599031466 0.135096909969337
v 0.771364886118057 4.13695816974236 0.135843676808364
v 0.662433102137337 4.15811090619024 0.1280195969722
v 0.548800081465474 4.15538407576289 0.143475407610233
v 0.449474434550413 4.16803385343004 0.157584775008203
v 0.356977178352814 4.18317851121847 0.176604700105226
v 4.16392097849085 4.06131974066824 0.120246433056879
v 4.04968262409341 4.04799108405653 0.120501012661092
v 3.94283839286725 4.04085154048947 0.120523641959245
v 3.83829103540354 4.03721388081149 0.120936626650524
v 3.73456398999785 4.03532999174031 0.121558932349713
v 3.63010714972675 4.03352530521266 0.122147294101673
v 3.52538441520236 4.03110397031036 0.123250472386599
v 3.42194023602358 4.02528258336068 0.125982960138491
v 3.33173985358844 4.00883108360394 0.134915875584119
v 3.23446215815617 4.02598974892794 0.128862538328374
v 3.1311990133626 4.02884104049513 0.131131125468144
v 3.02592751835802 4.03337821477467 0.131843948359942
v 2.92901754902072 4.04851721523857 0.123878435410326
v 2.82686889716115 4.06093504259965 0.117587490523981
v 2.72759982349147 4.06126316742286 0.121638134893246
v 2.62762358425453 4.06061823242552 0.125473800930064
v 2.52837713988301 4.05936230637807 0.128596644075084
v 2.42808409047193 4.05909641212478 0.12931512429142
v 2.32686889716115 4.05916430001923 0.129241579072425
v 2.22505402744934 4.05936230637807 0.129043572713592
v 2.12292234756339 4.05952071146513 0.128885167626526
v 2.02064357723945 4.05961122865774 0.128794650433917
v 1.91825731774929 4.0596338579559 0.128772021135764
v 1.81569568119845 4.05959425668413 0.128811622407531
v 1.7128059198244 4.05948111019337 0.128924768898293
v 1.60933911134746 4.05923218791369 0.129179348502506
v 1.50493884432174 4.05890972041502 0.129965716613299
v 1.39916950475781 4.05871737138073 0.132239961077607
v 1.29187834489313 4.05952071146513 0.138208438465281
v 1.18590534164583 4.06523460924859 0.138661024428327
v 1.08099591541168 4.08420927574931 0.126695783030289
v 0.99558162953576 4.05922087326462 0.168271461060635
v 3.1912345413607 5.02557676423666 0.0554983537185594
v 3.1109797354635 5.07113519874181 0.073630078863104
v 3.01979497855874 5.06716941424062 0.0714972675122481
v 2.92072391124789 5.06836876704269 0.0740883221506885
v 2.81858657403741 5.06379199149138 0.0737375680293276
v 2.71396001403017 5.05656193073172 0.0706430115069981
v 2.60885823876172 5.05148731062106 0.0680066982722531
v 2.50428825199986 5.04878310949186 0.0664792206469716
v 2.40052726264695 5.04761770063701 0.0658173136760164
v 2.29743949491407 5.04719340129666 0.0655740487208789
v 2.19478168384608 5.04704065353413 0.0654891888528077
v 2.09234450843507 5.04698408028875 0.0654552449055792
v 1.98998087824306 5.0469614509906 0.065438272931965
v 1.88755501748113 5.04695013634152 0.065438272931965
v 1.78493680768491 5.04695013634152 0.0654326156074269
v 1.6819338998201 5.04690487774522 0.0654099863092746
v 1.5782351410371 5.04661635419377 0.0652798678448988
v 1.47324085493488 5.04516807911203 0.0654609022301173
v 1.36567814349238 5.0404838143945 0.0668582613910229
v 6.57548002398706 4.9266527873638 0.0650196309161472
v 6.48798950000566 4.94216517124721 0.0697717835281339
v 6.38892974734389 4.94253855466673 0.0662133263936819
v 6.28751089034974 4.94320611896222 0.0646858487684004
v 6.18643713015241 4.94470530996481 0.0647424220137812
v 6.08677204376506 4.94565574048721 0.0643577239451918
v 5.98600943641733 4.94854097600163 0.064793337934624
v 5.88540523415666 4.9560539029882 0.0683461377445378
v 5.7867924101334 4.96613525531506 0.0736583654857945
v 5.68719521164051 4.97195664226474 0.0758986660028739
v 5.58621196863579 4.97338794537287 0.0753838494699087
v 5.48324300471821 4.97204715945735 0.0733698419343524
v 5.37951030198798 4.96852830359466 0.070207397517566
v 5.27476493816544 4.9643588554101 0.0665471085414286
v 5.16927846482841 4.96162636765821 0.0637467328950793
v 5.06522895192406 4.96171688485082 0.0631074552222763
v 4.96174517147351 4.96184700331519 0.0630735112750478
v 4.85845374005725 4.96205066699856 0.063158371143119
v 4.75512270736923 4.96242970774261 0.0633167762301852
v 4.65167852819045 4.96304069879273 0.0635374118871703
v 4.54820606238898 4.96306332809088 0.063231916362114
v 4.44358515970627 4.96288229370566 0.0620947941299601
v 4.3377649042215 4.96415519172673 0.0605786311537547
v 4.23459793394508 4.96048358810152 0.0553569206051074
v 4.12836469376902 4.95376268655028 0.0487604801937068
v 4.02508457700184 4.95489980878243 0.0469840802887498
v 3.92232493409217 4.95464522917822 0.0460902230117333
v 3.8198481574094 4.95385886106742 0.0457903848112151
v 3.717501499191 4.95288580124687 0.0454962039352349
v 3.61500209321008 4.95211074778516 0.0452529389800976
v 3.51199918534527 4.95200891594347 0.044789038367975
v 3.40768943551216 4.95320261142101 0.0431710435500843
v 3.29911406297734 4.96031386836537 0.0405064436926489
v 1.25291635079938 5.02774917685928 0.0680406422194815
v 1.18003869609984 4.9404396872631 0.0347586019619601
v 1.07626639209785 4.94635159140539 0.0449870447268078
v 0.970293388850545 4.95100191217569 0.0574897319559634
v 0.862956970389564 4.95381925979566 0.0678482931851869
v 7.19532478700173 4.83388397958837 0.0714237222932531
v 7.10654439302565 4.85481042305473 0.0743655310530544
v 7.00397144182573 4.86124845837906 0.0730021158393772
v 6.89736481823016 4.86611375748181 0.0715198968104004
v 6.79162376528892 4.86246478315475 0.0614272298344666
v 6.67534311673323 4.85953428904403 0.0472499745420396
v 3.20176282232607 4.93258732080425 0.0269741233975628
v 3.09855059345334 4.96445502992725 0.0315565562734072
v 2.99273599529311 4.96533191523065 0.0308041321098426
v 2.8897783460246 4.96503207703013 0.0306004684264717
v 2.78682069675609 4.96123601226508 0.0295029474660843
v 2.68312759529763 4.95654043289847 0.028054672384336
v 2.57933266199749 4.95328747128908 0.0270702979147102
v 2.47590545479232 4.9515676446295 0.0265611387062831
v 2.37294214819927 4.95082653511501 0.0263405030492979
v 2.27034091037666 4.95053801156357 0.0262556431812268
v 2.16794899356197 4.95043052239735 0.0262216992339983
v 2.06564759393987 4.95039092112558 0.0262160419094602
v 1.96334619431778 4.95039657845012 0.0262160419094602
v 1.86099387877485 4.95044749437096 0.0262273565585363
v 1.75859630463561 4.95053801156357 0.0262556431812268
v 1.65621004514545 4.95060589945803 0.0262613005057648
v 1.55410665188219 4.9503343478802 0.0263178737511456
v 1.45307249295663 4.94893133139476 0.0266177119516638
v 1.35546667270115 4.94506737873525 0.0278849526481936
v 1.2705389167355 4.92656792749573 0.0247847388013261
v 0.744339846799651 4.9444507303606 0.0723628381665742
v 0.663988866385309 4.8585951731707 0.0411061200936853
v 0.559113384098392 4.85214582319729 0.0476403299351671
v 7.37426596214118 4.72436949118023 0.0724759846573359
v 7.2807164435795 4.75064210633507 0.0598940948846471
v 6.5655174754755 4.84263020332424 0.0312850046955793
v 6.46181305936796 4.84815175207341 0.0283884545320827
v 6.35849334132902 4.84825924123963 0.02677611703873
v 6.25602222197079 4.84817438137156 0.0262499858566887
v 6.15445061721411 4.84819135334518 0.0261707833131556
v 6.05279415258936 4.84916441316573 0.0262556431812268
v 5.95106414274561 4.85258143718673 0.0270816125637863
v 5.85031285004696 4.85880449417861 0.0289315576877383
v 5.75050633054616 4.86511241103857 0.0308889919779138
v 5.6501849945124 4.86821828220998 0.0317941639040065
v 5.54885099738632 4.86855206435772 0.0318167932021589
v 5.44661748565868 4.86687183896991 0.0310813410122085
v 5.34351274595218 4.86414500854256 0.0297462124212217
v 5.23967255405574 4.86152000995689 0.0284337131283873
v 5.13574184496668 4.85996990303346 0.0277378622102036
v 5.03241081227866 4.85972098075378 0.027624715719442
v 4.929356988493 4.85972663807832 0.0276190583949039
v 4.82639933922449 4.85992464443715 0.0276699743157466
v 4.72344168995599 4.86034894377751 0.0277831208065082
v 4.62048969801202 4.86074495649517 0.0278962672972698
v 4.51727746913929 4.8609712494767 0.0279245539199601
v 4.41377671671513 4.86130503162444 0.0275907717722134
v 4.31096615788461 4.86005476290153 0.0261934126113078
v 4.20748237743406 4.8566773401523 0.0237324764372433
v 4.10313868365373 4.85364501419988 0.02150349056924
v 3.99994342675462 4.85363369955081 0.020864212896437
v 3.89707629467872 4.85313019766692 0.0207114651339089
v 3.79432230909358 4.85236080152974 0.0205587173713807
v 3.69143254771953 4.85161403469071 0.0204229415824668
v 3.58814111630328 4.85123499394666 0.0202871657935529
v 3.48427263778414 4.85165929328702 0.0197666919360496
v 3.38004209049456 4.85422206130277 0.0185503671603625
v 3.27953406275104 4.8493680768491 0.0140075355562848
v 3.17064753736663 4.84739932790984 0.00952127719758774
v 3.07018476821941 4.8586687183897 0.00940247338228803
v 2.96793428451817 4.85929102408889 0.00880279698125164
v 2.86581957660583 4.85806338466412 0.00858781864880464
v 2.76328056935314 4.85513854787794 0.00819746325567716
v 2.66036817868094 4.85225331236352 0.00781842251162577
v 2.55745578800874 4.85038639526595 0.00757515755648835
v 2.45476403299352 4.84943596474355 0.00745635374118872
v 2.35230422828436 4.84902298005227 0.00740543782034603
v 2.24999717133773 4.84885326031613 0.00738846584673177
v 2.14776931693464 4.84878537242167 0.0073771511976556
v 2.04556974915423 4.8487740577726 0.0073771511976556
v 1.94340978264559 4.84880800171983 0.00738280852219369
v 1.84135164797864 4.84888720426336 0.00738846584673177
v 1.73956506488951 4.84898903610505 0.00740543782034603
v 1.63837815820142 4.84895509215782 0.00738280852219369
v 1.53831140177187 4.84829318518686 0.00744503909211255
v 1.44004933186997 4.84592842352994 0.00753555628472183
v 1.34432174336113 4.83712562654869 0.00695285185729961
v 1.24316878062027 4.83370860252769 0.00884239825301815
v 1.14391102159967 4.84359760582026 0.0151220284902863
v 1.04258268179812 4.84943596474355 0.0208585555718989
v 0.941452348355416 4.85371290209434 0.0257295119991853
v 0.842743349815006 4.85469727656397 0.030119595840735
v 0.75547911881513 4.83774793224788 0.0278623233500413
v 0.444218780054537 4.82514341317704 0.0531845079824849
v 7.17334042384676 4.74385331688938 0.0390807979090528
v 7.07027528541202 4.75809846007626 0.0332933549065976
v 6.96504339167921 4.76440637693622 0.0312906620201174
v 6.86016225206775 4.76491553614465 0.0286882927326009
v 6.75351036987588 4.76271483689933 0.0236928751654767
v 6.64796166596893 4.7555187200869 0.016089430986298
v 6.5404838143945 4.74859415485229 0.0100304364060148
v 6.43645693078829 4.749442753533 0.00841244158812416
v 6.33340876432718 4.74836786187076 0.0076317308018692
v 6.23127142711669 4.7471854810423 0.00745069641665063
v 6.12945655740487 4.74669895113203 0.00738846584673177
v 6.02756814247406 4.74753057783913 0.00749029768841723
v 5.92595127912108 4.75020649234564 0.00781276518708768
v 5.82500763738813 4.75428542333759 0.00833889636912913
v 5.72438646315385 4.75787216709474 0.00883108360394198
v 5.62338059085097 4.75958633642978 0.00906869123454132
v 5.52179767144522 4.75962593770154 0.00907434855907941
v 5.41959810366482 4.75853407406569 0.00892160079655127
v 5.31682148878153 4.75697830981772 0.00868965049049001
v 5.21369411977687 4.75556963600774 0.0084803294825811
v 5.11060635204399 4.75473800930064 0.00836718299181948
v 5.00777316391532 4.75445514307374 0.00832758172005296
v 4.90509272354918 4.75439856982836 0.00832192439551487
v 4.80248017107749 4.75455697491542 0.00833889636912913
v 4.69991287720211 4.75488509973863 0.00838415496543373
v 4.59735124065127 4.75526414048268 0.00842941356173841
v 4.49479526142497 4.75560923727951 0.00847467215804302
v 4.39246557518019 4.7553999162716 0.00829929509736253
v 4.28997748384834 4.75420622079406 0.00768264672271188
v 4.18692366006268 4.75244679286272 0.00696416650637578
v 4.08360959934828 4.75130401330603 0.00663038435862907
v 3.98066326472884 4.75108903497358 0.00658512576232447
v 3.87782441927564 4.75048370124801 0.0065285525169437
v 3.77497991649789 4.74973127708444 0.00646066462248676
v 3.67199398060669 4.74918251660425 0.00640974870164399
v 3.56878175173397 4.74908068476256 0.00634186080718705
v 3.46556952286125 4.74974824905806 0.00588361751960263
v 3.36342652832622 4.74908068476256 0.00468426471752976
v 3.25958633642978 4.74773989884704 0.00307192722417715
v 3.1559498082167 4.74884307713196 0.0018216585012616
v 3.05429334359195 4.75322750364897 0.00151616297620532
v 2.95228612484584 4.75330104886797 0.00148221902897681
v 2.85022233285435 4.75195460562791 0.00142564578359603
v 2.74798316380217 4.75005940190765 0.00135210056460101
v 2.64561387628563 4.74852626695783 0.00128986999468215
v 2.54325024609362 4.74760978038266 0.00125592604745364
v 2.44096581844514 4.74714587977054 0.00123895407383938
v 2.33874927869112 4.74692524411355 0.0012332967493013
v 2.23658931218248 4.74682341227187 0.00122763942476321
v 2.13445763229653 4.74677249635103 0.00122763942476321
v 2.03237686833143 4.74676683902649 0.00122763942476321
v 1.93042056550616 4.74680078297372 0.00122763942476321
v 1.82872449960964 4.74684038424548 0.00122763942476321
v 1.72748667700071 4.74681209762279 0.00122763942476321
v 1.62694470530996 4.7464273995542 0.00121066745114904
v 1.52718344440547 4.74504701236691 0.00119935280207287
v 1.42790305608672 4.74098505334857 0.00126724069652981
v 1.32647288444349 4.73675337459409 0.0017367986331904
v 1.22427897398762 4.73789615415078 0.0029248367861871
v 1.12393500865571 4.74441339201865 0.00485964177821024
v 1.02400402801507 4.74852626695783 0.00682273339292381
v 0.925577895701565 4.7499632273905 0.00811826071214405
v 0.829952139034408 4.74381371561761 0.00807300211583936
v 0.730134304884534 4.74328758443557 0.0105169663162897
v 0.635113881942952 4.75201683619783 0.0168475124744006
v 0.539114741856281 4.74532422126928 0.02165058100723
v 0.452116405109696 4.72218010658399 0.0242982088910512
v 0.362176259603309 4.73817336305314 0.0458130141093674
v 7.34466118283341 4.62946787205395 0.0547629015286091
v 7.2461897919236 4.63967934284518 0.0351602720041638
v 7.14161414783721 4.6466944252724 0.0190651836933277
v 7.03729874067956 4.65747728584198 0.0125422885009221
v 6.93307385071452 4.66072459012684 0.0101888414930811
v 6.83029157850669 4.66005136850681 0.00881976895486589
v 6.72730564261549 4.65712087439608 0.00668130027947184
v 6.62348242269266 4.65332480963103 0.00425996537717385
v 6.51912175693871 4.6504678607393 0.00229121643792219
v 6.41615279302113 4.64907615890293 0.00145393240628638
v 6.31418517554678 4.64651339088718 0.00128986999468215
v 6.21298129688508 4.64455029927247 0.0012332967493013
v 6.11154546791731 4.64376958848621 0.00121066745114904
v 6.00986071666987 4.64400719611681 0.00121632477568704
v 5.90829476923773 4.64542718457587 0.00126158337199172
v 5.80703997465519 4.64766748509295 0.00132947126644867
v 5.70586438261617 4.6497097792512 0.00139735916090561
v 5.60441158167479 4.65082992950974 0.0014369604326722
v 5.50257973998936 4.65108450911395 0.00144827508174837
v 5.40036885755988 4.6508242721852 0.0014369604326722
v 5.29783550763173 4.65031511297677 0.00141998845905795
v 5.19510980866928 4.64969280727758 0.00139735916090561
v 5.09241805365407 4.64913838947285 0.00138038718729135
v 4.98989036105045 4.6487593487288 0.00136907253821526
v 4.88749278691121 4.64858962899266 0.00136341521367718
v 4.78518007264005 4.64865751688711 0.00136341521367718
v 4.68292393161426 4.64888380986864 0.00136907253821526
v 4.58074133580747 4.64919496271823 0.00138038718729135
v 4.47868885846506 4.64940428372614 0.00139170183636752
v 4.37668163971894 4.64931376653353 0.00138604451182944
v 4.27449904391215 4.64912141749924 0.00136907253821526
v 4.17194872201039 4.64909313087655 0.00136341521367718
v 4.06912119120625 4.64909878820108 0.00135775788913909
v 3.96628800307758 4.6487593487288 0.00135210056460101
v 3.86353401749245 4.64789377807447 0.00132947126644867
v 3.760881863749 4.64703952206922 0.00130684196829633
v 3.65826365395277 4.6465303628608 0.00129552731922016
v 3.55566241613016 4.64640590172096 0.00126724069652981
v 3.45336667383261 4.64606646224867 0.00105791968862082
v 3.35094081307068 4.64538192597957 0.000582704427422217
v 3.24848100836153 4.64561387628563 0.000158405087066226
v 3.1461739514149 4.64759393987395 3.39439472285107e-05
v 3.04420067661602 4.64942125569975 4.52585963046024e-05
v 2.94222174449259 4.64891775381586 3.96012717665173e-05
v 2.84041253210532 4.64783154750455 3.39439472285107e-05
v 2.73860897704258 4.64696597685023 2.82866226904255e-05
v 2.6366357022437 4.64644550299272 2.26292981523404e-05
v 2.53454362362951 4.64611172084498 2.26292981523404e-05
v 2.43240628641903 4.64589108518799 2.26292981523404e-05
v 2.33026894920854 4.64573833742546 2.26292981523404e-05
v 2.22815989862074 4.64564216290832 1.69719736142553e-05
v 2.12610176395379 4.64559124698747 1.69719736142553e-05
v 2.02413414647945 4.64557427501386 1.69719736142553e-05
v 1.92233624874125 4.64555730304025 1.69719736142553e-05
v 1.82082121722995 4.64550072979487 1.69719736142553e-05
v 1.71966825448909 4.64525180751519 1.69719736142553e-05
v 1.61886038854505 4.64448806870255 1.13146490761702e-05
v 1.51813738246908 4.64254194906145 0
v 1.41661669363325 4.6397415734151 3.96012717665173e-05
v 1.31435489528292 4.6382706690352 0.000299838200518197
v 1.21264751473733 4.64040348038606 0.000746766839026449
v 1.11210554304658 4.64448241137801 0.00112580758307784
v 1.01202747196796 4.64586845588984 0.00129552731922016
v 0.912820628868196 4.64297190572634 0.00142564578359603
v 0.812883990903022 4.63964539889795 0.00198006358832783
v 0.714282481528835 4.64172729432797 0.00335479345108109
v 0.618102307056947 4.64393365089782 0.0055102341000894
v 0.522815989862074 4.63391452914088 0.00849730145619535
v 0.422217444925946 4.63104626560007 0.0197610346115115
v 0.32685192518754 4.6398151186341 0.0416944818456456
v 7.31561082133038 4.52434912481189 0.0503219017662167
v 7.21064482185085 4.53350833323904 0.0311548862312035
v 7.10942962854007 4.5481947477399 0.0157613061630893
v 7.005719555108 4.55511931297451 0.009113949830846
v 6.9072651361718 4.55388035890067 0.0080956314139917
v 6.80659304601668 4.55470067095869 0.00679444677023339
v 6.70439913556081 4.55288466978197 0.00509159208427149
v 6.60258992317353 4.55285072583474 0.00333216415292883
v 6.50033378214775 4.55126667496408 0.00201966486009434
v 6.39871126147023 4.54733483441011 0.00144261775721029
v 6.29898394451296 4.54312578495378 0.00135775788913909
v 6.19843065817314 4.54117400798814 0.00137472986275327
v 6.09697219990722 4.53990676729161 0.00141998845905795
v 5.99506115567826 4.53915434312805 0.00144827508174837
v 5.89326325794006 4.53930143356604 0.00144261775721029
v 5.79175954107783 4.54045552777181 0.00140301648544369
v 5.69027279618923 4.54198866272163 0.00135210056460101
v 5.58852581437187 4.54316538622555 0.00131249929283441
v 5.48654688224845 4.5439460970118 0.00128421267014406
v 5.38439257306435 4.54455708806191 0.00126724069652981
v 5.28200065624965 4.54481732499066 0.00126158337199172
v 5.17942770504973 4.54450051481653 0.00127289802106789
v 5.07691698441973 4.54382163587196 0.00128986999468215
v 4.97463255677125 4.54321630214639 0.00131249929283441
v 4.87251784885892 4.54291080662133 0.0013181566173725
v 4.77043708489381 4.54287120534957 0.00132381394191058
v 4.66841289417409 4.54297303719125 0.0013181566173725
v 4.56650184994512 4.5431880155237 0.00131249929283441
v 4.464715266856 4.54347653907514 0.00130118464375824
v 4.36300788631041 4.54399135560811 0.00128421267014406
v 4.26128919111574 4.54539437209355 0.00124461139837747
v 4.15914619658071 4.54707459748136 0.00119935280207287
v 4.05643746959188 4.54759507133886 0.00119935280207287
v 3.9536325680859 4.54672384336 0.00122198210022513
v 3.85116710605221 4.54530385490094 0.00125592604745364
v 3.74901845419264 4.54420633394055 0.00127855534560598
v 3.64689243163123 4.54356139894321 0.00129552731922016
v 3.54474943709621 4.54291646394587 0.00131249929283441
v 3.44260078523665 4.54185288693271 0.00133512859098675
v 3.34068408368314 4.54114006404091 0.00125592604745364
v 3.23924825471538 4.5431144703047 0.000876885303402328
v 3.1375578461434 4.54580169946029 0.000373383419513225
v 3.03560720064267 4.54620336950249 7.35452189950279e-05
v 2.93414874237676 4.54519636573472 1.13146490761702e-05
v 2.83316549937204 4.54487389823605 1.69719736142553e-05
v 2.73180887294781 4.54519636573472 1.69719736142553e-05
v 2.62998834591145 4.54539437209355 1.69719736142553e-05
v 2.52788495264819 4.54533779884817 1.69719736142553e-05
v 2.42570801416594 4.54515110713841 1.69719736142553e-05
v 2.32357067695545 4.54497007275319 1.69719736142553e-05
v 2.22149557031489 4.54485126893789 1.69719736142553e-05
v 2.11949400889331 4.5447777237189 1.69719736142553e-05
v 2.01759427931343 4.54472680779806 1.69719736142553e-05
v 1.91583032552245 4.54465326257906 1.69719736142553e-05
v 1.81424174879216 4.54448354284292 2.26292981523404e-05
v 1.71281157714893 4.54405358617802 2.26292981523404e-05
v 1.6114096921284 4.54308618368201 2.82866226904255e-05
v 1.50971928355642 4.5414795035132 3.96012717665173e-05
v 1.40761023296862 4.53987848066892 4.52585963046024e-05
v 1.30545592378452 4.53974270488001 3.96012717665173e-05
v 1.20382208845793 4.54185288693271 2.82866226904255e-05
v 1.10254466457723 4.5441837046424 2.26292981523404e-05
v 1.00087122797886 4.54231678754483 0.000164062411604311
v 0.89926002195042 4.53769475339722 0.000746766839026449
v 0.798718050259671 4.53548273950283 0.00160668016881452
v 0.699856303956733 4.53814168203573 0.00261934126113081
v 0.600677747479662 4.53621253436825 0.00511422138242384
v 0.499768049693939 4.53247304284858 0.0113372783743113
v 0.400487661375183 4.53698193050542 0.0243547821364321
v 0.303707810502258 4.54018963351852 0.0469105350697548
v 7.26861542639255 4.42298684106312 0.0619363890428938
v 7.16273294033786 4.42977563050882 0.0458299860829816
v 7.07173487514285 4.45616139215442 0.0282017628223261
v 6.98297711046492 4.4453728742603 0.0267648023896539
v 6.88468675394033 4.45087179371132 0.0209434154399701
v 6.7815480702866 4.45221823695138 0.0174245595772847
v 6.67869225285978 4.44976861542639 0.0143413177040314
v 6.58129009628766 4.45387583304104 0.00956653579389234
v 6.48004095902966 4.45076430454509 0.00755818558287417
v 6.38374198074247 4.44192756361661 0.00811260338760596
v 6.28424095676673 4.43888958033967 0.00811260338760596
v 6.18268066665912 4.43673413969066 0.00824272185198176
v 6.08003417024021 4.43444292325274 0.00857084667519038
v 5.97733110057592 4.43227051063011 0.00887068487570858
v 5.87526165125989 4.43142756927394 0.00897251671739403
v 5.77366741720506 4.43247417431348 0.00880845430578972
v 5.67192609271223 4.43439766465643 0.00854821737703804
v 5.56986230072074 4.43597040087802 0.00833889636912913
v 5.46788902592186 4.43743564793338 0.00812957536122014
v 5.36594969507021 4.43898009753227 0.00792591167784931
v 5.26362000882543 4.43970423507315 0.00784105180977811
v 5.16108100157274 4.43914415994388 0.00792025435331122
v 5.0588474898451 4.4379730937645 0.00806168746676319
v 4.95695907491429 4.43710752311017 0.00816351930844865
v 4.85507065998348 4.4367397970152 0.00820877790475325
v 4.75313132913183 4.43657573460359 0.00823140720290559
v 4.65124857152555 4.43651916135821 0.00823706452744368
v 4.54956947760265 4.43676808363789 0.00820312058021517
v 4.44809970468766 4.43740736131069 0.00810694606306787
v 4.34689582602596 4.43897444020774 0.00779579321347351
v 4.24595784161754 4.44276484764825 0.00700376777814238
v 4.14409205598488 4.44605741052941 0.00618345572012082
v 4.04125321053167 4.44615358504656 0.00591756146683114
v 3.93877077652437 4.44402643102024 0.00610991050112579
v 3.83714259852231 4.44184270374854 0.00633620348264896
v 3.73547481924848 4.44058677770109 0.00644934997341059
v 3.6335015444496 4.43959674590693 0.00654552449055795
v 3.53121711680112 4.43817675744787 0.00664735633224333
v 3.42891571717903 4.43602131679886 0.00646632194702484
v 3.32743462961496 4.43533678052975 0.00547629015286089
v 3.22739050248357 4.44037179936864 0.00363765967798511
v 3.12606782000656 4.44340412532105 0.00218372727169865
v 3.02485262669578 4.44181441712585 0.00155576424797183
v 2.92545909188626 4.44085832927892 0.00136341521367718
v 2.82524524501873 4.44248198142135 0.00125592604745364
v 2.72388861859449 4.44391894185402 0.00121066745114904
v 2.62175693870855 4.44445638768514 0.00119369547753478
v 2.519387651192 4.44434889851891 0.00119369547753478
v 2.41713716749075 4.44402643102024 0.00120501012661095
v 2.31503377422749 4.44377185141603 0.00121632477568704
v 2.21303221280592 4.44362476097804 0.00122198210022513
v 2.11108722462973 4.44354555843451 0.00122198210022513
v 2.00918749504984 4.44347201321551 0.00122763942476321
v 1.90735565336441 4.44335320940021 0.0012332967493013
v 1.80558038492436 4.44310994444507 0.00123895407383938
v 1.70382208845793 4.44260644256118 0.00125592604745364
v 1.60195064550073 4.44172389993324 0.00128986999468215
v 1.49984725223747 4.44056414840294 0.00133512859098675
v 1.39755716726446 4.43972120704676 0.00136341521367718
v 1.29532365553682 4.44016813568527 0.00134644324006292
v 1.19324289157172 4.44226134576436 0.00128986999468215
v 1.0905511365565 4.44357950238173 0.00171982665957615
v 0.986099953609939 4.43810321222887 0.00356411445899009
v 0.882955612631674 4.43135968137948 0.00636449010533939
v 0.782147746687636 4.4304262228307 0.00882542627940398
v 0.681888641223793 4.43580068114187 0.0103642185537616
v 0.577652436609679 4.43262126475147 0.0166381914664917
v 0.476584333736889 4.4331304239599 0.0265215374345165
v 0.377394462610742 4.44443375838698 0.0408458831649337
v 0.280009278012243 4.43826727464048 0.0696416650637581
v 7.07329063939082 4.34860433803646 0.0700207058078094
v 6.95966893336803 4.34681096615788 0.0589662936604021
v 6.85432955046899 4.3557721682262 0.044930471481427
v 6.74381937294215 4.35331123205214 0.0387866170330727
v 6.64568742150462 4.34409545037961 0.0368065534447449
v 6.55442911938086 4.36136726219436 0.0257804279200281
v 6.46833029723583 4.3426980912187 0.0290616761521142
v 6.36837102997251 4.33838720992068 0.0280659870334121
v 6.26491553614465 4.33534922664373 0.02833753861124
v 6.16043040925086 4.33230558604225 0.029123906722033
v 6.05579819191908 4.32817573912945 0.0304420633394055
v 5.95222955160046 4.32428349984725 0.0316018148697118
v 5.85010352903905 4.32324820945678 0.0316357588169403
v 5.748328260599 4.32547153800025 0.0306513843473145
v 5.64587411321438 4.3282719136466 0.0297066111494552
v 5.54344259512791 4.32994082438533 0.0290729908011903
v 5.44209162602822 4.33216981025334 0.0280150711125694
v 5.3406331677623 4.3347495502427 0.0267930890123443
v 5.23823559362306 4.33533225467012 0.0263744469965264
v 5.13605865514081 4.33369728787862 0.02677611703873
v 5.03460019687489 4.33188128670189 0.0272626469490049
v 4.93298899084645 4.33110623324018 0.0274663106323757
v 4.83112320521379 4.33071022052251 0.0275681424740612
v 4.72913861576583 4.33034249442754 0.0276643169912085
v 4.6273067740804 4.33011054412147 0.0277152329120512
v 4.52589923173533 4.33058575938267 0.0275115692286804
v 4.42481415688892 4.33177379753567 0.0267421730915015
v 4.32437401703986 4.33474389291816 0.0248639413448592
v 4.22489562236227 4.34221156130843 0.0216336090336158
v 4.123012864756 4.34638666681753 0.0195347416299883
v 4.0203380817144 4.34423122616852 0.0194329097883029
v 3.91976782340096 4.33998823276496 0.0201570473291771
v 3.81876195109809 4.33782713479141 0.0205643746959188
v 3.71697536800896 4.33644674760412 0.0208302689492086
v 3.61435715821274 4.33493058462792 0.021079191228884
v 3.51103178284925 4.33229427139317 0.0210395899571175
v 3.40767246353854 4.32823231237483 0.0204851721523857
v 3.30655344474491 4.32770052386825 0.0175433633925843
v 3.2093888958034 4.33885111053281 0.0112863624534685
v 3.10835473687784 4.33921883662778 0.00877451035856121
v 3.01235559679117 4.3339914687546 0.00888199952478475
v 2.91392380715312 4.33689367624263 0.00807300211583936
v 2.81320645840169 4.34061619578869 0.0074620110657268
v 2.71087111483237 4.34266980459601 0.00723571808420363
v 2.60806055600186 4.3429809574456 0.00719611681243704
v 2.50559509396816 4.3424604835881 0.00725834738235589
v 2.40348038605583 4.34194566705514 0.00732057795227483
v 2.30156368450233 4.34164582885462 0.00735452189950326
v 2.19967526957151 4.34152136771478 0.00737149387311752
v 2.09775856801801 4.34145913714486 0.0073771511976556
v 1.99581923716636 4.3413912492504 0.00738846584673177
v 1.89386859166563 4.34125547346149 0.00739978049580794
v 1.79189531686675 4.3409895792082 0.00743372444303638
v 1.68985415417341 4.34050870662246 0.00749595501295523
v 1.587654586393 4.33976759710798 0.00758647220556452
v 1.48523438295561 4.33891334110273 0.00769396137178805
v 1.38262183048393 4.3384041818943 0.00776750659078308
v 1.2800036206877 4.33923015127686 0.00771093334540231
v 1.17717608988357 4.34206447087044 0.00795419830053973
v 1.07244204071011 4.34369943766194 0.00976454215272516
v 0.963900612122515 4.33177379753567 0.0181713264163112
v 0.860744956495174 4.32330478270216 0.0272626469490049
v 0.759054547923196 4.32740068566773 0.030764530838076
v 0.657132189045157 4.34053699324515 0.0318111358776208
v 0.547787420373157 4.32945429447506 0.0457451262149104
v 0.441158167479436 4.34071237030583 0.0575067039295776
v 0.34891549088605 4.35667168282776 0.0723006075966554
v 6.57261741777079 4.25964856699969 0.0689627861191885
v 6.45512044443942 4.24706101990247 0.0686629479186703
v 6.34441791787828 4.24131883549632 0.0686516332695941
v 6.23622724341205 4.23714372998721 0.0701508242721852
v 6.12910014595897 4.23269141557575 0.0722553490003508
v 6.02227288670642 4.22561975990315 0.0754517373643657
v 5.9181102273113 4.21989454747061 0.0772677385410892
v 5.81603512067073 4.22018872834659 0.0750217806994716
v 5.71306049942861 4.22464104275806 0.0710277095755875
v 5.60916939161132 4.22724341204558 0.068713863839513
v 5.50720177413698 4.22753759292156 0.0673561059503739
v 5.40784784059922 4.23132234303753 0.0641484029372829
v 5.30667790588475 4.23499394666274 0.0612688247474004
v 5.20460279924418 4.2335909301773 0.0612065941774816
v 5.1042192326405 4.22998155712201 0.0624738348740114
v 5.00305495525056 4.22867471515371 0.0629377354861339
v 4.90122311356513 4.2281089826999 0.0631866577658094
v 4.79895000056573 4.22759982349147 0.0633959787737183
v 4.69657505572465 4.22686437130152 0.0636675303515462
v 4.59458480895215 4.22636086941763 0.0636618730270081
v 4.49332435704507 4.22728301331734 0.0622928004887928
v 4.39217139430421 4.2288218055917 0.0596621445785859
v 4.29270431427569 4.23329674930132 0.0544856926262432
v 4.19642796528666 4.24668763648295 0.0457224969167582
v 4.09391724465666 4.24855455358052 0.0428485760514137
v 3.99628879510302 4.24023262918501 0.0449927020513459
v 3.89635215713785 4.23682126248854 0.0457960421357532
v 3.79482581097747 4.23486382819837 0.0462259988006472
v 3.69189644833166 4.23336463719578 0.0466729274391554
v 3.5874905239814 4.23115262330139 0.0469501363415214
v 3.48138740226972 4.22684174200337 0.0470915694549733
v 3.37415847297496 4.21917040992974 0.0462542854233376
v 3.27165906699404 4.22021701496928 0.0413776716715131
v 3.18153788710243 4.24380805829307 0.0292144239146423
v 3.09470361276745 4.22669465156538 0.0325522453921091
v 2.99674138106607 4.2291046718186 0.0297914710175264
v 2.89593351512203 4.23567282560731 0.0271664724318575
v 2.79303809642344 4.24073613106889 0.025706882701033
v 2.68941854018398 4.24233715391317 0.0254749323949717
v 2.58673809981783 4.24159604439868 0.0257295119991853
v 2.4847421957208 4.24061166992906 0.025989748927937
v 2.3831083603942 4.23999502155441 0.0261707833131556
v 2.28144058112038 4.23979135787104 0.0262273565585363
v 2.1796313687331 4.23975741392381 0.0262386712076125
v 2.07769203788145 4.23974609927473 0.0262386712076125
v 1.97566784716172 4.23970084067843 0.0262499858566887
v 1.873570111223 4.23958203686313 0.0262895871284552
v 1.77138185809167 4.23933311458345 0.0263631323474502
v 1.66904085719781 4.23890315791856 0.026487593487288
v 1.56643396205067 4.23826953757029 0.0266799425215827
v 1.46352157137846 4.23751711340673 0.0269288648012582
v 1.36038288772474 4.23705321279461 0.0272965908962333
v 1.25741392380715 4.23851280252543 0.0274606533078376
v 1.15425826817981 4.243723198425 0.0272230456772383
v 1.04761770063701 4.24891662235096 0.0320147995609916
v 0.935025627680158 4.22218576390853 0.0577895701564816
v 0.829318518686143 4.22021135764474 0.0717065885201571
v 0.728884036161619 4.23273101684751 0.0718763082562994
v 0.641947929984952 4.2565144092056 0.0636675303515462
v 3.19189644833165 4.13266426041796 0.0729738292166868
v 3.07598918319548 4.12555866079814 0.0735452189950329
v 2.97036693406954 4.13237573686652 0.0686912345413607
v 2.86695669883799 4.14186872744142 0.0636109571061654
v 2.76247722926873 4.14660390807979 0.0621400527262647
v 2.66015320034849 4.14591371448615 0.063514782589018
v 2.55870605673165 4.14445978207986 0.0647593939873955
v 2.457807673595 4.14328305857594 0.0654495875810411
v 2.35663773888053 4.14294927642819 0.0656249646417216
v 2.25507744877293 4.14296059107727 0.0656193073171835
v 2.15321732046481 4.14304545094534 0.0655683913963409
v 2.05116484312239 4.14310202419072 0.0655401047736504
v 1.94898790464014 4.14309636686618 0.0655401047736504
v 1.84669216234259 4.14300584967357 0.0655910206944931
v 1.74421538565981 4.14280784331474 0.0657041671852547
v 1.64142745612745 4.14245143186884 0.0659078308686256
v 1.53819825528111 4.14187438476596 0.0662755569636008
v 1.43449949649812 4.141212477795 0.0671977008633077
v 1.33076113644335 4.1406920039375 0.0688948982247315
v 1.22901981195053 4.14343580633847 0.0697321822563673
v 1.13149319423858 4.15304194340413 0.0671184983197746
v 1.03750806168747 4.1669589617678 0.0654609022301173
f 7 1 2
f 15 2 1
f 7 12 1
f 14 1 12
f 14 15 1
f 2 3 8
f 2 16 3
f 7 2 8
f 16 2 15
f 3 4 9
f 3 17 4
f 9 8 3
f 17 3 16
f 5 10 4
f 5 4 18
f 9 4 10
f 17 18 4
f 5 6 11
f 5 19 6
f 5 11 10
f 18 19 5
f 6 13 11
f 6 23 13
f 19 29 6
f 29 23 6
f 7 8 31
f 7 30 12
f 31 30 7
f 9 32 8
f 31 8 32
f 10 33 9
f 9 33 32
f 11 34 10
f 33 10 34
f 20 11 13
f 20 35 11
f 34 11 35
f 12 36 14
f 30 36 12
f 13 21 20
f 13 40 21
f 23 40 13
f 15 14 24
f 24 14 22
f 22 14 36
f 16 15 25
f 24 25 15
f 17 16 26
f 26 16 25
f 17 27 18
f 17 26 27
f 18 28 19
f 27 28 18
f 19 28 29
f 20 21 37
f 53 35 20
f 54 20 37
f 53 20 54
f 38 37 21
f 38 21 59
f 40 59 21
f 22 41 24
f 39 22 36
f 41 22 39
f 23 29 47
f 47 40 23
f 42 25 24
f 42 24 41
f 43 26 25
f 42 43 25
f 27 26 44
f 44 26 43
f 27 45 28
f 27 44 45
f 46 29 28
f 46 28 45
f 29 46 47
f 30 31 48
f 30 55 36
f 48 55 30
f 49 31 32
f 49 48 31
f 50 32 33
f 32 50 49
f 33 34 51
f 51 50 33
f 52 34 35
f 52 51 34
f 53 52 35
f 39 36 55
f 38 56 37
f 37 74 54
f 37 56 75
f 37 75 74
f 38 57 56
f 38 80 57
f 59 89 38
f 80 38 89
f 60 41 39
f 55 58 39
f 58 60 39
f 67 40 47
f 40 67 59
f 42 41 61
f 41 60 61
f 43 42 62
f 61 62 42
f 44 43 63
f 43 62 63
f 44 64 45
f 64 44 63
f 46 45 65
f 45 64 65
f 47 46 66
f 46 65 66
f 66 67 47
f 48 49 68
f 55 48 76
f 76 48 68
f 69 49 50
f 69 68 49
f 70 50 51
f 69 50 70
f 71 51 52
f 71 70 51
f 53 72 52
f 52 72 71
f 53 54 73
f 53 73 72
f 74 73 54
f 55 76 58
f 56 57 77
f 97 75 56
f 56 77 98
f 56 98 97
f 77 57 78
f 103 78 57
f 80 113 57
f 103 57 113
f 79 60 58
f 76 79 58
f 67 88 59
f 88 89 59
f 82 61 60
f 60 79 81
f 60 81 82
f 61 83 62
f 61 82 83
f 84 63 62
f 62 83 84
f 64 63 85
f 84 85 63
f 64 85 65
f 87 66 65
f 65 85 86
f 86 87 65
f 87 67 66
f 88 67 87
f 68 69 90
f 68 100 76
f 90 100 68
f 69 70 91
f 91 90 69
f 92 70 71
f 91 70 92
f 71 72 93
f 71 93 92
f 72 73 94
f 93 72 94
f 95 73 74
f 95 94 73
f 75 96 74
f 74 96 95
f 96 75 97
f 76 100 79
f 78 99 77
f 77 122 98
f 122 77 99
f 99 78 101
f 78 127 101
f 103 137 78
f 127 78 137
f 81 79 102
f 79 100 102
f 80 89 112
f 80 112 113
f 82 81 105
f 104 81 102
f 104 105 81
f 106 83 82
f 82 105 106
f 84 83 107
f 107 83 106
f 84 108 85
f 84 107 108
f 86 85 108
f 86 110 87
f 86 108 109
f 110 86 109
f 110 88 87
f 89 88 111
f 88 110 111
f 89 111 112
f 114 90 91
f 123 100 90
f 123 90 114
f 114 91 92
f 115 92 93
f 115 114 92
f 93 94 116
f 116 115 93
f 95 117 94
f 116 94 117
f 95 96 118
f 118 117 95
f 96 97 119
f 119 118 96
f 98 120 97
f 97 120 119
f 98 121 120
f 98 122 121
f 101 147 99
f 146 122 99
f 146 99 147
f 123 102 100
f 125 124 101
f 147 101 124
f 125 101 151
f 127 151 101
f 102 126 104
f 102 123 126
f 113 136 103
f 103 136 137
f 104 128 105
f 104 126 128
f 106 105 129
f 105 128 129
f 107 106 130
f 130 106 129
f 107 131 108
f 107 130 131
f 108 131 109
f 110 109 133
f 131 132 109
f 133 109 132
f 110 133 111
f 134 112 111
f 111 133 134
f 112 135 113
f 135 112 134
f 135 136 113
f 115 138 114
f 114 148 123
f 148 114 138
f 115 116 139
f 138 115 139
f 117 140 116
f 139 116 140
f 118 141 117
f 117 141 140
f 142 118 119
f 141 118 142
f 143 119 120
f 142 119 143
f 121 144 120
f 144 143 120
f 121 122 145
f 145 144 121
f 122 146 145
f 148 126 123
f 149 124 125
f 124 172 147
f 149 173 124
f 124 173 172
f 125 178 149
f 190 125 151
f 190 178 125
f 126 150 128
f 126 148 150
f 127 137 161
f 127 162 151
f 162 127 161
f 128 153 129
f 150 152 128
f 153 128 152
f 130 129 154
f 129 153 154
f 155 131 130
f 155 130 154
f 155 132 131
f 133 132 157
f 132 155 156
f 132 156 157
f 133 157 134
f 135 134 158
f 134 157 158
f 135 159 136
f 158 159 135
f 136 160 137
f 136 159 160
f 137 160 161
f 139 163 138
f 138 174 148
f 174 138 163
f 139 140 164
f 164 163 139
f 140 141 165
f 140 165 164
f 166 141 142
f 166 165 141
f 142 143 167
f 166 142 167
f 143 144 168
f 167 143 168
f 145 169 144
f 168 144 169
f 145 146 170
f 145 170 169
f 147 171 146
f 171 170 146
f 147 172 171
f 150 148 174
f 149 201 173
f 178 175 149
f 203 149 175
f 203 201 149
f 152 150 177
f 177 150 174
f 151 162 190
f 180 153 152
f 179 152 177
f 152 179 180
f 154 153 181
f 153 180 181
f 182 155 154
f 182 154 181
f 155 183 156
f 183 155 182
f 184 157 156
f 184 156 183
f 185 158 157
f 184 185 157
f 185 159 158
f 159 186 160
f 159 185 186
f 160 187 161
f 186 187 160
f 162 161 188
f 188 161 187
f 162 188 189
f 189 190 162
f 191 163 164
f 202 174 163
f 202 163 191
f 192 164 165
f 191 164 192
f 166 193 165
f 193 192 165
f 166 167 194
f 193 166 194
f 168 195 167
f 195 194 167
f 168 169 196
f 168 196 195
f 169 170 197
f 169 197 196
f 170 171 198
f 197 170 198
f 171 172 199
f 199 198 171
f 172 173 200
f 200 199 172
f 201 200 173
f 202 177 174
f 176 203 175
f 176 175 207
f 175 178 207
f 204 203 176
f 204 176 205
f 236 205 176
f 249 176 207
f 236 176 249
f 206 179 177
f 206 177 202
f 219 178 190
f 219 207 178
f 179 209 180
f 206 208 179
f 208 209 179
f 180 210 181
f 210 180 209
f 181 211 182
f 210 211 181
f 212 183 182
f 182 211 212
f 184 183 212
f 184 214 185
f 184 212 213
f 213 214 184
f 185 214 186
f 215 187 186
f 215 186 214
f 216 188 187
f 216 187 215
f 188 217 189
f 216 217 188
f 190 189 218
f 217 218 189
f 219 190 218
f 220 191 192
f 191 233 202
f 220 233 191
f 221 192 193
f 221 220 192
f 194 222 193
f 222 221 193
f 223 194 195
f 223 222 194
f 224 195 196
f 224 223 195
f 196 197 225
f 225 224 196
f 197 198 226
f 226 225 197
f 227 198 199
f 227 226 198
f 228 199 200
f 199 228 227
f 201 229 200
f 200 229 228
f 203 230 201
f 201 230 229
f 233 206 202
f 204 231 203
f 231 230 203
f 232 204 205
f 231 204 260
f 232 261 204
f 204 261 260
f 232 205 234
f 205 266 234
f 279 205 236
f 266 205 279
f 206 235 208
f 206 233 235
f 219 248 207
f 249 207 248
f 209 208 238
f 237 208 235
f 237 238 208
f 209 239 210
f 209 238 239
f 211 210 240
f 239 240 210
f 211 241 212
f 240 241 211
f 212 241 213
f 243 214 213
f 242 213 241
f 213 242 243
f 215 214 243
f 245 216 215
f 215 243 244
f 245 215 244
f 217 216 246
f 216 245 246
f 247 218 217
f 247 217 246
f 219 218 248
f 247 248 218
f 250 220 221
f 220 262 233
f 262 220 250
f 250 221 222
f 222 223 251
f 251 250 222
f 223 224 252
f 251 223 252
f 224 225 253
f 252 224 253
f 226 254 225
f 254 253 225
f 226 227 255
f 255 254 226
f 227 228 256
f 255 227 256
f 228 229 257
f 256 228 257
f 230 258 229
f 258 257 229
f 231 259 230
f 230 259 258
f 231 260 259
f 234 263 232
f 261 232 291
f 232 263 292
f 232 292 291
f 262 235 233
f 234 264 263
f 234 297 264
f 266 311 234
f 311 297 234
f 237 235 262
f 236 249 278
f 279 236 278
f 237 267 238
f 265 237 262
f 265 267 237
f 239 238 268
f 267 268 238
f 239 269 240
f 269 239 268
f 240 270 241
f 270 240 269
f 270 242 241
f 243 242 272
f 270 271 242
f 271 272 242
f 272 244 243
f 245 244 274
f 273 244 272
f 274 244 273
f 275 246 245
f 274 275 245
f 276 247 246
f 275 276 246
f 247 277 248
f 276 277 247
f 277 249 248
f 277 278 249
f 250 251 280
f 250 293 262
f 250 280 293
f 252 281 251
f 280 251 281
f 252 253 282
f 282 281 252
f 253 254 283
f 253 283 282
f 255 284 254
f 284 283 254
f 256 285 255
f 255 285 284
f 256 257 286
f 256 286 285
f 258 287 257
f 257 287 286
f 259 288 258
f 258 288 287
f 289 259 260
f 289 288 259
f 290 260 261
f 289 260 290
f 291 290 261
f 265 262 293
f 263 264 325
f 292 263 324
f 263 325 324
f 264 295 294
f 325 264 294
f 264 330 295
f 345 264 297
f 330 264 345
f 298 267 265
f 296 265 293
f 296 298 265
f 279 310 266
f 266 310 311
f 267 299 268
f 298 299 267
f 268 300 269
f 268 299 300
f 301 270 269
f 301 269 300
f 301 271 270
f 303 272 271
f 271 301 302
f 303 271 302
f 273 272 303
f 305 274 273
f 304 273 303
f 273 304 305
f 274 306 275
f 306 274 305
f 275 307 276
f 275 306 307
f 276 308 277
f 307 308 276
f 277 308 278
f 278 309 279
f 278 308 309
f 309 310 279
f 280 281 312
f 280 326 293
f 280 312 326
f 281 282 313
f 281 313 312
f 283 314 282
f 314 313 282
f 283 284 315
f 315 314 283
f 284 285 316
f 316 315 284
f 286 317 285
f 317 316 285
f 287 318 286
f 286 318 317
f 319 287 288
f 287 319 318
f 320 288 289
f 319 288 320
f 289 290 321
f 320 289 321
f 291 322 290
f 290 322 321
f 292 323 291
f 291 323 322
f 323 292 324
f 296 293 326
f 404 294 295
f 294 403 325
f 404 403 294
f 295 328 327
f 295 327 404
f 295 568 328
f 295 330 568
f 298 296 331
f 296 326 329
f 296 329 331
f 344 297 311
f 345 297 344
f 299 298 332
f 331 332 298
f 299 333 300
f 332 333 299
f 301 300 334
f 333 334 300
f 301 335 302
f 335 301 334
f 302 336 303
f 336 302 335
f 303 336 304
f 305 304 338
f 304 336 337
f 337 338 304
f 306 305 339
f 305 338 339
f 306 340 307
f 340 306 339
f 307 341 308
f 340 341 307
f 308 342 309
f 341 342 308
f 309 343 310
f 309 342 343
f 311 310 343
f 343 344 311
f 390 312 313
f 456 326 312
f 456 312 390
f 313 314 391
f 313 391 390
f 315 392 314
f 314 392 391
f 315 316 393
f 392 315 393
f 394 316 317
f 393 316 394
f 318 395 317
f 394 317 395
f 318 319 396
f 396 395 318
f 319 320 397
f 319 397 396
f 320 321 398
f 397 320 398
f 399 321 322
f 398 321 399
f 323 400 322
f 399 322 400
f 323 324 401
f 401 400 323
f 402 324 325
f 401 324 402
f 402 325 403
f 456 329 326
f 457 327 328
f 327 831 404
f 833 327 457
f 833 831 327
f 457 328 513
f 513 328 569
f 328 568 569
f 329 623 331
f 456 567 329
f 329 567 623
f 345 638 330
f 638 568 330
f 332 331 624
f 331 623 624
f 333 332 625
f 332 624 625
f 334 333 626
f 626 333 625
f 627 335 334
f 627 334 626
f 628 336 335
f 335 627 628
f 629 337 336
f 629 336 628
f 630 338 337
f 630 337 629
f 631 339 338
f 630 631 338
f 340 339 632
f 632 339 631
f 341 340 633
f 340 632 633
f 342 341 634
f 341 633 634
f 343 342 635
f 635 342 634
f 344 343 636
f 343 635 636
f 637 345 344
f 637 344 636
f 345 637 638
f 411 347 346
f 346 347 741
f 346 409 410
f 346 802 409
f 410 411 346
f 740 346 741
f 740 802 346
f 348 347 412
f 348 742 347
f 412 347 411
f 347 742 741
f 349 348 413
f 349 743 348
f 413 348 412
f 348 743 742
f 350 349 414
f 350 744 349
f 414 349 413
f 744 743 349
f 415 351 350
f 351 745 350
f 415 350 414
f 745 744 350
f 416 352 351
f 351 352 746
f 351 415 416
f 746 745 351
f 353 352 417
f 747 352 353
f 416 417 352
f 352 747 746
f 354 353 418
f 748 353 354
f 417 418 353
f 353 748 747
f 354 419 355
f 749 354 355
f 418 419 354
f 748 354 749
f 355 420 356
f 355 356 750
f 355 419 420
f 749 355 750
f 356 421 357
f 357 751 356
f 420 421 356
f 750 356 751
f 357 422 358
f 357 358 752
f 422 357 421
f 752 751 357
f 423 359 358
f 358 359 753
f 422 423 358
f 753 752 358
f 424 360 359
f 754 359 360
f 423 424 359
f 753 359 754
f 360 425 361
f 360 361 755
f 424 425 360
f 360 755 754
f 361 426 362
f 756 361 362
f 425 426 361
f 756 755 361
f 363 362 427
f 362 363 757
f 427 362 426
f 362 757 756
f 364 363 428
f 758 363 364
f 363 427 428
f 363 758 757
f 364 429 365
f 364 365 759
f 429 364 428
f 364 759 758
f 366 365 430
f 760 365 366
f 430 365 429
f 759 365 760
f 431 367 366
f 761 366 367
f 431 366 430
f 761 760 366
f 368 367 432
f 367 368 762
f 367 431 432
f 762 761 367
f 433 369 368
f 763 368 369
f 433 368 432
f 762 368 763
f 434 370 369
f 369 370 764
f 434 369 433
f 369 764 763
f 435 371 370
f 371 765 370
f 434 435 370
f 764 370 765
f 436 372 371
f 371 372 766
f 371 435 436
f 371 766 765
f 373 372 437
f 373 767 372
f 437 372 436
f 767 766 372
f 438 374 373
f 373 374 768
f 373 437 438
f 373 768 767
f 439 375 374
f 375 769 374
f 374 438 439
f 768 374 769
f 376 375 440
f 770 375 376
f 440 375 439
f 769 375 770
f 441 377 376
f 771 376 377
f 441 376 440
f 771 770 376
f 378 377 442
f 772 377 378
f 377 441 442
f 771 377 772
f 378 443 379
f 379 773 378
f 442 443 378
f 773 772 378
f 379 444 380
f 774 379 380
f 443 444 379
f 379 774 773
f 380 445 381
f 381 775 380
f 444 445 380
f 380 775 774
f 382 381 446
f 381 382 776
f 445 446 381
f 776 775 381
f 382 447 383
f 383 777 382
f 446 447 382
f 382 777 776
f 384 383 448
f 384 778 383
f 383 447 448
f 383 778 777
f 385 384 449
f 384 385 779
f 449 384 448
f 779 778 384
f 386 385 450
f 780 385 386
f 450 385 449
f 385 780 779
f 451 387 386
f 781 386 387
f 451 386 450
f 386 781 780
f 452 388 387
f 782 387 388
f 452 387 451
f 781 387 782
f 453 389 388
f 389 783 388
f 453 388 452
f 783 782 388
f 389 453 454
f 454 803 389
f 389 803 783
f 390 391 809
f 456 390 877
f 390 809 877
f 391 392 810
f 809 391 810
f 392 393 811
f 811 810 392
f 394 812 393
f 811 393 812
f 394 395 813
f 812 394 813
f 396 814 395
f 813 395 814
f 396 397 815
f 815 814 396
f 398 817 397
f 397 817 815
f 398 399 819
f 398 819 817
f 399 400 821
f 399 821 819
f 400 401 823
f 821 400 823
f 402 825 401
f 825 823 401
f 402 403 827
f 402 827 825
f 829 403 404
f 403 829 827
f 404 831 829
f 406 405 462
f 799 405 406
f 461 405 460
f 852 460 405
f 405 461 462
f 798 405 799
f 405 798 852
f 407 406 463
f 800 406 407
f 463 406 462
f 800 799 406
f 464 408 407
f 407 408 801
f 464 407 463
f 407 801 800
f 465 409 408
f 409 802 408
f 465 408 464
f 801 408 802
f 466 410 409
f 409 465 466
f 411 410 467
f 467 410 466
f 468 412 411
f 467 468 411
f 412 469 413
f 412 468 469
f 413 470 414
f 413 469 470
f 414 471 415
f 414 470 471
f 416 415 472
f 415 471 472
f 417 416 473
f 416 472 473
f 417 474 418
f 473 474 417
f 418 475 419
f 418 474 475
f 419 476 420
f 419 475 476
f 420 477 421
f 476 477 420
f 478 422 421
f 421 477 478
f 479 423 422
f 479 422 478
f 423 480 424
f 479 480 423
f 481 425 424
f 481 424 480
f 425 482 426
f 482 425 481
f 483 427 426
f 483 426 482
f 428 427 484
f 484 427 483
f 429 428 485
f 484 485 428
f 430 429 486
f 486 429 485
f 431 430 487
f 430 486 487
f 432 431 488
f 488 431 487
f 433 432 489
f 432 488 489
f 490 434 433
f 490 433 489
f 491 435 434
f 491 434 490
f 436 435 492
f 492 435 491
f 436 493 437
f 492 493 436
f 494 438 437
f 437 493 494
f 439 438 495
f 438 494 495
f 440 439 496
f 496 439 495
f 440 497 441
f 440 496 497
f 442 441 498
f 441 497 498
f 443 442 499
f 442 498 499
f 500 444 443
f 499 500 443
f 501 445 444
f 444 500 501
f 502 446 445
f 502 445 501
f 503 447 446
f 503 446 502
f 448 447 504
f 504 447 503
f 505 449 448
f 448 504 505
f 450 449 506
f 505 506 449
f 451 450 507
f 506 507 450
f 452 451 508
f 508 451 507
f 453 452 509
f 452 508 509
f 454 453 510
f 453 509 510
f 455 454 511
f 804 454 455
f 510 511 454
f 804 803 454
f 455 511 512
f 853 455 512
f 804 455 853
f 456 877 567
f 513 458 457
f 457 458 836
f 835 833 457
f 457 836 835
f 878 458 513
f 858 836 458
f 878 858 458
f 460 459 514
f 852 459 460
f 459 892 514
f 852 851 459
f 851 871 459
f 459 871 892
f 460 515 461
f 515 460 514
f 462 461 516
f 461 515 516
f 462 517 463
f 516 517 462
f 518 464 463
f 517 518 463
f 464 519 465
f 518 519 464
f 465 520 466
f 465 519 520
f 466 521 467
f 466 520 521
f 522 468 467
f 521 522 467
f 523 469 468
f 523 468 522
f 470 469 524
f 524 469 523
f 525 471 470
f 524 525 470
f 471 526 472
f 526 471 525
f 472 527 473
f 527 472 526
f 473 528 474
f 473 527 528
f 474 529 475
f 528 529 474
f 476 475 530
f 475 529 530
f 476 531 477
f 531 476 530
f 477 532 478
f 531 532 477
f 478 533 479
f 532 533 478
f 534 480 479
f 533 534 479
f 481 480 535
f 535 480 534
f 482 481 536
f 536 481 535
f 483 482 537
f 536 537 482
f 483 538 484
f 483 537 538
f 539 485 484
f 538 539 484
f 485 540 486
f 485 539 540
f 541 487 486
f 486 540 541
f 488 487 542
f 487 541 542
f 488 543 489
f 488 542 543
f 544 490 489
f 489 543 544
f 545 491 490
f 545 490 544
f 492 491 546
f 546 491 545
f 493 492 547
f 546 547 492
f 494 493 548
f 548 493 547
f 494 549 495
f 549 494 548
f 495 550 496
f 495 549 550
f 497 496 551
f 496 550 551
f 498 497 552
f 552 497 551
f 499 498 553
f 498 552 553
f 554 500 499
f 553 554 499
f 501 500 555
f 555 500 554
f 501 556 502
f 555 556 501
f 502 557 503
f 502 556 557
f 503 558 504
f 503 557 558
f 505 504 559
f 504 558 559
f 506 505 560
f 559 560 505
f 506 561 507
f 560 561 506
f 507 562 508
f 507 561 562
f 509 508 563
f 508 562 563
f 509 564 510
f 509 563 564
f 565 511 510
f 565 510 564
f 511 566 512
f 511 565 566
f 512 566 893
f 512 872 853
f 872 512 893
f 899 513 569
f 878 513 899
f 515 514 571
f 570 571 514
f 514 892 570
f 572 516 515
f 515 571 572
f 517 516 573
f 516 572 573
f 574 518 517
f 573 574 517
f 518 575 519
f 574 575 518
f 520 519 576
f 519 575 576
f 521 520 577
f 576 577 520
f 578 522 521
f 578 521 577
f 523 522 579
f 579 522 578
f 580 524 523
f 523 579 580
f 581 525 524
f 524 580 581
f 582 526 525
f 582 525 581
f 583 527 526
f 583 526 582
f 528 527 584
f 583 584 527
f 585 529 528
f 584 585 528
f 529 586 530
f 585 586 529
f 530 587 531
f 586 587 530
f 588 532 531
f 531 587 588
f 532 589 533
f 532 588 589
f 533 590 534
f 589 590 533
f 535 534 591
f 590 591 534
f 536 535 592
f 535 591 592
f 537 536 593
f 536 592 593
f 537 594 538
f 593 594 537
f 538 595 539
f 594 595 538
f 539 596 540
f 595 596 539
f 541 540 597
f 540 596 597
f 541 598 542
f 541 597 598
f 542 599 543
f 542 598 599
f 543 600 544
f 600 543 599
f 544 601 545
f 600 601 544
f 546 545 602
f 601 602 545
f 546 603 547
f 603 546 602
f 547 604 548
f 547 603 604
f 548 605 549
f 548 604 605
f 549 606 550
f 605 606 549
f 550 607 551
f 550 606 607
f 552 551 608
f 551 607 608
f 552 609 553
f 552 608 609
f 610 554 553
f 553 609 610
f 555 554 611
f 554 610 611
f 555 612 556
f 555 611 612
f 557 556 613
f 613 556 612
f 557 614 558
f 557 613 614
f 558 615 559
f 558 614 615
f 616 560 559
f 616 559 615
f 617 561 560
f 616 617 560
f 618 562 561
f 561 617 618
f 562 619 563
f 618 619 562
f 620 564 563
f 620 563 619
f 621 565 564
f 621 564 620
f 566 565 622
f 565 621 622
f 566 622 914
f 566 914 893
f 567 898 623
f 567 877 898
f 568 935 569
f 568 638 935
f 899 569 937
f 569 935 936
f 937 569 936
f 570 639 571
f 639 570 952
f 892 913 570
f 913 952 570
f 571 640 572
f 571 639 640
f 572 641 573
f 572 640 641
f 573 642 574
f 641 642 573
f 643 575 574
f 643 574 642
f 576 575 644
f 644 575 643
f 577 576 645
f 645 576 644
f 578 577 646
f 577 645 646
f 578 647 579
f 646 647 578
f 579 648 580
f 647 648 579
f 580 649 581
f 648 649 580
f 650 582 581
f 581 649 650
f 583 582 651
f 582 650 651
f 583 652 584
f 583 651 652
f 584 653 585
f 652 653 584
f 585 654 586
f 653 654 585
f 587 586 655
f 586 654 655
f 588 587 656
f 655 656 587
f 588 657 589
f 588 656 657
f 658 590 589
f 658 589 657
f 659 591 590
f 659 590 658
f 660 592 591
f 659 660 591
f 593 592 661
f 661 592 660
f 594 593 662
f 593 661 662
f 663 595 594
f 662 663 594
f 664 596 595
f 664 595 663
f 597 596 665
f 665 596 664
f 666 598 597
f 666 597 665
f 667 599 598
f 667 598 666
f 599 668 600
f 599 667 668
f 669 601 600
f 668 669 600
f 602 601 670
f 670 601 669
f 603 602 671
f 602 670 671
f 604 603 672
f 671 672 603
f 673 605 604
f 604 672 673
f 606 605 674
f 674 605 673
f 606 675 607
f 675 606 674
f 608 607 676
f 676 607 675
f 609 608 677
f 608 676 677
f 609 678 610
f 609 677 678
f 611 610 679
f 679 610 678
f 612 611 680
f 680 611 679
f 612 681 613
f 680 681 612
f 613 682 614
f 681 682 613
f 614 683 615
f 614 682 683
f 616 615 684
f 684 615 683
f 685 617 616
f 685 616 684
f 617 686 618
f 617 685 686
f 618 687 619
f 686 687 618
f 620 619 688
f 687 688 619
f 620 689 621
f 688 689 620
f 953 622 621
f 621 689 953
f 622 954 914
f 954 622 953
f 624 623 920
f 919 623 898
f 919 920 623
f 921 625 624
f 921 624 920
f 922 626 625
f 922 625 921
f 627 626 923
f 626 922 923
f 627 924 628
f 924 627 923
f 628 925 629
f 628 924 925
f 630 629 926
f 629 925 926
f 927 631 630
f 630 926 927
f 631 928 632
f 927 928 631
f 632 929 633
f 632 928 929
f 634 633 930
f 930 633 929
f 634 931 635
f 930 931 634
f 932 636 635
f 635 931 932
f 933 637 636
f 933 636 932
f 934 638 637
f 637 933 934
f 935 638 934
f 640 639 970
f 969 639 952
f 970 639 969
f 640 971 641
f 640 970 971
f 972 642 641
f 641 971 972
f 643 642 973
f 972 973 642
f 643 690 644
f 643 973 690
f 644 691 645
f 644 690 691
f 646 645 692
f 691 692 645
f 693 647 646
f 646 692 693
f 694 648 647
f 647 693 694
f 695 649 648
f 648 694 695
f 650 649 696
f 696 649 695
f 697 651 650
f 696 697 650
f 652 651 698
f 698 651 697
f 652 699 653
f 652 698 699
f 700 654 653
f 699 700 653
f 655 654 701
f 700 701 654
f 656 655 702
f 655 701 702
f 657 656 703
f 703 656 702
f 658 657 704
f 704 657 703
f 659 658 705
f 704 705 658
f 706 660 659
f 659 705 706
f 660 707 661
f 706 707 660
f 662 661 708
f 661 707 708
f 662 709 663
f 708 709 662
f 663 710 664
f 663 709 710
f 665 664 711
f 664 710 711
f 666 665 712
f 712 665 711
f 667 666 713
f 713 666 712
f 668 667 714
f 667 713 714
f 669 668 715
f 715 668 714
f 670 669 716
f 669 715 716
f 671 670 717
f 670 716 717
f 671 718 672
f 717 718 671
f 673 672 719
f 672 718 719
f 720 674 673
f 673 719 720
f 675 674 721
f 720 721 674
f 722 676 675
f 721 722 675
f 677 676 723
f 723 676 722
f 724 678 677
f 723 724 677
f 679 678 725
f 724 725 678
f 726 680 679
f 726 679 725
f 727 681 680
f 680 726 727
f 682 681 728
f 728 681 727
f 729 683 682
f 682 728 729
f 684 683 730
f 730 683 729
f 731 685 684
f 730 731 684
f 686 685 732
f 732 685 731
f 733 687 686
f 686 732 733
f 687 974 688
f 733 974 687
f 975 689 688
f 975 688 974
f 689 975 953
f 987 691 690
f 986 690 973
f 986 987 690
f 988 692 691
f 988 691 987
f 693 692 989
f 988 989 692
f 694 693 990
f 989 990 693
f 694 991 695
f 991 694 990
f 696 695 992
f 695 991 992
f 696 993 697
f 696 992 993
f 994 698 697
f 697 993 994
f 699 698 995
f 994 995 698
f 996 700 699
f 699 995 996
f 997 701 700
f 997 700 996
f 702 701 998
f 998 701 997
f 999 703 702
f 702 998 999
f 704 703 1000
f 1000 703 999
f 704 1001 705
f 1000 1001 704
f 706 705 1002
f 1002 705 1001
f 706 1003 707
f 1002 1003 706
f 707 1004 708
f 707 1003 1004
f 708 1005 709
f 1004 1005 708
f 709 1006 710
f 1005 1006 709
f 710 1007 711
f 1006 1007 710
f 712 711 1008
f 1008 711 1007
f 713 712 1009
f 1009 712 1008
f 714 713 1010
f 1010 713 1009
f 715 714 1011
f 1011 714 1010
f 1012 716 715
f 1012 715 1011
f 717 716 1013
f 716 1012 1013
f 1014 718 717
f 1013 1014 717
f 718 1015 719
f 1014 1015 718
f 720 719 1016
f 719 1015 1016
f 1017 721 720
f 720 1016 1017
f 1018 722 721
f 1017 1018 721
f 723 722 1019
f 1018 1019 722
f 724 723 1020
f 1020 723 1019
f 1021 725 724
f 1020 1021 724
f 1022 726 725
f 1021 1022 725
f 727 726 1023
f 726 1022 1023
f 728 727 1024
f 1024 727 1023
f 1025 729 728
f 728 1024 1025
f 730 729 1026
f 1026 729 1025
f 1027 731 730
f 1026 1027 730
f 732 731 1028
f 731 1027 1028
f 732 1029 733
f 732 1028 1029
f 733 1029 974
f 798 735 734
f 734 735 1034
f 796 797 734
f 1098 796 734
f 734 797 798
f 734 1034 1033
f 734 1033 1098
f 736 735 799
f 1035 735 736
f 735 798 799
f 1034 735 1035
f 737 736 800
f 737 1036 736
f 800 736 799
f 1036 1035 736
f 738 737 801
f 738 1037 737
f 801 737 800
f 1037 1036 737
f 738 802 739
f 739 1038 738
f 801 802 738
f 1038 1037 738
f 739 802 740
f 739 740 1039
f 1039 1038 739
f 740 741 1040
f 1040 1039 740
f 1041 741 742
f 1040 741 1041
f 1042 742 743
f 1041 742 1042
f 744 1043 743
f 743 1043 1042
f 744 745 1044
f 1043 744 1044
f 746 1045 745
f 1044 745 1045
f 747 1046 746
f 1046 1045 746
f 747 748 1047
f 1047 1046 747
f 748 749 1048
f 1047 748 1048
f 750 1049 749
f 749 1049 1048
f 750 751 1050
f 1049 750 1050
f 751 752 1051
f 751 1051 1050
f 752 753 1052
f 1051 752 1052
f 754 1053 753
f 1052 753 1053
f 754 755 1054
f 1054 1053 754
f 1055 755 756
f 1054 755 1055
f 757 1056 756
f 756 1056 1055
f 1057 757 758
f 757 1057 1056
f 758 759 1058
f 758 1058 1057
f 1059 759 760
f 1058 759 1059
f 761 1060 760
f 1060 1059 760
f 1061 761 762
f 1060 761 1061
f 1062 762 763
f 1061 762 1062
f 764 1063 763
f 1063 1062 763
f 764 765 1064
f 764 1064 1063
f 1065 765 766
f 1064 765 1065
f 767 1066 766
f 766 1066 1065
f 767 768 1067
f 1066 767 1067
f 768 769 1068
f 768 1068 1067
f 770 1069 769
f 769 1069 1068
f 771 1070 770
f 1070 1069 770
f 1071 771 772
f 1071 1070 771
f 773 1072 772
f 772 1072 1071
f 773 774 1073
f 1073 1072 773
f 1074 774 775
f 1073 774 1074
f 1075 775 776
f 1074 775 1075
f 777 1076 776
f 1076 1075 776
f 778 1077 777
f 1077 1076 777
f 1078 778 779
f 1077 778 1078
f 779 780 1079
f 779 1079 1078
f 780 781 1080
f 1079 780 1080
f 782 1081 781
f 1081 1080 781
f 782 783 1082
f 1082 1081 782
f 784 783 803
f 784 1083 783
f 1083 1082 783
f 784 804 785
f 785 1084 784
f 784 803 804
f 1084 1083 784
f 786 785 805
f 1085 785 786
f 804 805 785
f 785 1085 1084
f 806 786 805
f 806 1099 786
f 1099 1085 786
f 787 843 788
f 787 788 1090
f 841 842 787
f 787 1115 841
f 842 843 787
f 1089 787 1090
f 1089 1115 787
f 788 844 789
f 788 789 1091
f 788 843 844
f 1090 788 1091
f 789 845 790
f 789 790 1092
f 844 845 789
f 789 1092 1091
f 846 791 790
f 790 791 1093
f 846 790 845
f 790 1093 1092
f 791 847 792
f 791 792 1094
f 846 847 791
f 791 1094 1093
f 848 793 792
f 1095 792 793
f 792 847 848
f 1094 792 1095
f 794 793 849
f 1096 793 794
f 848 849 793
f 1096 1095 793
f 795 794 850
f 1097 794 795
f 849 850 794
f 1096 794 1097
f 796 795 851
f 1098 795 796
f 851 795 850
f 1098 1097 795
f 852 797 796
f 796 851 852
f 852 798 797
f 853 805 804
f 806 805 854
f 805 853 854
f 806 855 807
f 806 807 1100
f 806 854 855
f 806 1100 1099
f 856 808 807
f 808 1101 807
f 856 807 855
f 807 1101 1100
f 857 808 856
f 857 1116 808
f 1116 1101 808
f 810 1120 809
f 1120 877 809
f 811 1121 810
f 810 1121 1120
f 1123 811 812
f 1123 1121 811
f 813 1125 812
f 1123 812 1125
f 813 814 1129
f 1127 1125 813
f 813 1129 1127
f 814 815 1129
f 815 818 816
f 816 1129 815
f 817 818 815
f 816 818 1325
f 1129 816 1130
f 1130 816 1325
f 817 820 818
f 817 819 820
f 818 820 1327
f 1325 818 1327
f 822 820 819
f 819 821 822
f 822 1329 820
f 1329 1327 820
f 821 824 822
f 821 823 824
f 824 1331 822
f 822 1331 1329
f 824 823 826
f 826 823 825
f 826 1333 824
f 824 1333 1331
f 826 825 828
f 827 828 825
f 828 1105 826
f 826 1105 1104
f 826 1104 1333
f 828 827 830
f 830 827 829
f 1106 828 830
f 1105 828 1106
f 830 829 832
f 829 831 832
f 1107 830 832
f 1107 1106 830
f 832 831 834
f 834 831 833
f 834 1108 832
f 1108 1107 832
f 834 833 835
f 1109 834 835
f 1109 1108 834
f 1110 835 836
f 1110 1109 835
f 837 836 858
f 837 1111 836
f 1110 836 1111
f 859 838 837
f 837 838 1112
f 837 858 859
f 1112 1111 837
f 860 839 838
f 1113 838 839
f 860 838 859
f 1113 1112 838
f 840 839 861
f 1114 839 840
f 861 839 860
f 1113 839 1114
f 841 840 862
f 841 1115 840
f 840 861 862
f 840 1115 1114
f 842 841 863
f 863 841 862
f 843 842 864
f 864 842 863
f 843 865 844
f 843 864 865
f 866 845 844
f 865 866 844
f 846 845 867
f 867 845 866
f 868 847 846
f 846 867 868
f 848 847 869
f 868 869 847
f 870 849 848
f 848 869 870
f 849 871 850
f 870 871 849
f 851 850 871
f 853 872 854
f 854 873 855
f 854 872 873
f 856 855 874
f 874 855 873
f 857 856 875
f 856 874 875
f 876 857 875
f 1131 857 876
f 1116 857 1131
f 859 858 879
f 878 879 858
f 859 880 860
f 859 879 880
f 860 881 861
f 880 881 860
f 861 882 862
f 882 861 881
f 862 883 863
f 862 882 883
f 863 884 864
f 883 884 863
f 865 864 885
f 884 885 864
f 865 886 866
f 885 886 865
f 887 867 866
f 866 886 887
f 867 888 868
f 887 888 867
f 889 869 868
f 868 888 889
f 869 890 870
f 889 890 869
f 891 871 870
f 870 890 891
f 871 891 892
f 873 872 894
f 893 894 872
f 873 895 874
f 894 895 873
f 874 896 875
f 874 895 896
f 876 875 897
f 897 875 896
f 1140 876 897
f 1131 876 1135
f 1140 1135 876
f 877 1139 898
f 877 1120 1139
f 900 879 878
f 878 899 900
f 880 879 901
f 900 901 879
f 902 881 880
f 880 901 902
f 882 881 903
f 903 881 902
f 883 882 904
f 882 903 904
f 883 905 884
f 905 883 904
f 885 884 906
f 884 905 906
f 885 907 886
f 885 906 907
f 908 887 886
f 908 886 907
f 888 887 909
f 909 887 908
f 910 889 888
f 910 888 909
f 911 890 889
f 911 889 910
f 912 891 890
f 911 912 890
f 913 892 891
f 912 913 891
f 894 893 915
f 893 914 915
f 894 916 895
f 894 915 916
f 896 895 917
f 917 895 916
f 897 896 918
f 917 918 896
f 897 918 1145
f 1140 897 1145
f 898 1144 919
f 898 1139 1144
f 900 899 938
f 937 938 899
f 939 901 900
f 900 938 939
f 940 902 901
f 939 940 901
f 902 941 903
f 941 902 940
f 942 904 903
f 941 942 903
f 904 943 905
f 904 942 943
f 906 905 944
f 944 905 943
f 906 945 907
f 945 906 944
f 908 907 946
f 907 945 946
f 908 947 909
f 947 908 946
f 948 910 909
f 948 909 947
f 949 911 910
f 910 948 949
f 950 912 911
f 950 911 949
f 951 913 912
f 950 951 912
f 951 952 913
f 955 915 914
f 955 914 954
f 915 956 916
f 955 956 915
f 916 957 917
f 956 957 916
f 917 1155 918
f 917 957 1155
f 1145 918 1156
f 918 1155 1156
f 919 1150 920
f 919 1144 1149
f 919 1149 1150
f 920 1151 921
f 920 1150 1151
f 922 921 1152
f 921 1151 1152
f 922 1153 923
f 1152 1153 922
f 923 1154 924
f 1154 923 1153
f 924 1154 925
f 925 1159 926
f 1154 1159 925
f 927 926 1160
f 1160 926 1159
f 927 1161 928
f 927 1160 1161
f 1162 929 928
f 1161 1162 928
f 929 1163 930
f 929 1162 1163
f 930 1164 931
f 930 1163 1164
f 932 931 1165
f 1165 931 1164
f 933 932 1166
f 1166 932 1165
f 934 933 1167
f 933 1166 1167
f 935 934 1168
f 1168 934 1167
f 935 1169 936
f 1168 1169 935
f 937 936 1170
f 936 1169 1170
f 937 1172 938
f 937 1170 1171
f 937 1171 1172
f 939 938 1173
f 938 1172 1173
f 1174 940 939
f 1173 1174 939
f 1175 941 940
f 1174 1175 940
f 942 941 958
f 958 941 1175
f 942 959 943
f 958 959 942
f 960 944 943
f 960 943 959
f 961 945 944
f 961 944 960
f 945 962 946
f 961 962 945
f 947 946 963
f 962 963 946
f 948 947 964
f 964 947 963
f 948 965 949
f 948 964 965
f 949 966 950
f 965 966 949
f 950 967 951
f 950 966 967
f 951 967 952
f 968 952 967
f 969 952 968
f 954 953 976
f 953 975 976
f 954 977 955
f 977 954 976
f 955 979 956
f 977 978 955
f 955 978 979
f 957 956 979
f 979 1176 957
f 1155 957 1176
f 958 1183 959
f 1182 958 1175
f 1182 1183 958
f 960 959 1184
f 959 1183 1184
f 1185 961 960
f 1185 960 1184
f 1186 962 961
f 1186 961 1185
f 1187 963 962
f 1187 962 1186
f 964 963 1188
f 963 1187 1188
f 965 964 1189
f 964 1188 1189
f 966 965 1190
f 1190 965 1189
f 966 1191 967
f 966 1190 1191
f 968 967 980
f 980 967 1191
f 969 968 981
f 981 968 980
f 969 981 970
f 982 971 970
f 982 970 981
f 972 971 983
f 983 971 982
f 984 973 972
f 984 972 983
f 985 973 984
f 986 973 985
f 974 1030 975
f 1029 1030 974
f 976 975 1031
f 975 1030 1031
f 1192 977 976
f 976 1031 1032
f 1192 976 1032
f 1193 978 977
f 977 1192 1193
f 979 978 1194
f 978 1193 1194
f 1194 1176 979
f 980 1198 981
f 1197 980 1191
f 980 1197 1198
f 981 1199 982
f 1198 1199 981
f 983 982 1200
f 982 1199 1200
f 1201 984 983
f 1201 983 1200
f 1202 985 984
f 1202 984 1201
f 986 985 1203
f 985 1202 1203
f 986 1203 987
f 1204 988 987
f 987 1203 1204
f 1205 989 988
f 1204 1205 988
f 990 989 1206
f 1206 989 1205
f 1207 991 990
f 1207 990 1206
f 992 991 1208
f 1208 991 1207
f 992 1209 993
f 1209 992 1208
f 993 1210 994
f 1210 993 1209
f 1211 995 994
f 994 1210 1211
f 1212 996 995
f 1212 995 1211
f 1213 997 996
f 1212 1213 996
f 997 1214 998
f 997 1213 1214
f 998 1215 999
f 998 1214 1215
f 1216 1000 999
f 1215 1216 999
f 1217 1001 1000
f 1217 1000 1216
f 1002 1001 1218
f 1217 1218 1001
f 1219 1003 1002
f 1002 1218 1219
f 1004 1003 1220
f 1219 1220 1003
f 1221 1005 1004
f 1221 1004 1220
f 1005 1222 1006
f 1005 1221 1222
f 1007 1006 1223
f 1222 1223 1006
f 1008 1007 1224
f 1224 1007 1223
f 1009 1008 1225
f 1008 1224 1225
f 1010 1009 1226
f 1009 1225 1226
f 1011 1010 1227
f 1010 1226 1227
f 1228 1012 1011
f 1228 1011 1227
f 1013 1012 1229
f 1228 1229 1012
f 1013 1230 1014
f 1230 1013 1229
f 1014 1231 1015
f 1230 1231 1014
f 1232 1016 1015
f 1231 1232 1015
f 1016 1233 1017
f 1233 1016 1232
f 1017 1234 1018
f 1017 1233 1234
f 1019 1018 1235
f 1235 1018 1234
f 1020 1019 1236
f 1235 1236 1019
f 1020 1237 1021
f 1020 1236 1237
f 1238 1022 1021
f 1237 1238 1021
f 1023 1022 1239
f 1238 1239 1022
f 1024 1023 1240
f 1023 1239 1240
f 1024 1241 1025
f 1240 1241 1024
f 1026 1025 1242
f 1025 1241 1242
f 1243 1027 1026
f 1242 1243 1026
f 1028 1027 1244
f 1243 1244 1027
f 1245 1029 1028
f 1245 1028 1244
f 1030 1029 1246
f 1245 1246 1029
f 1248 1031 1030
f 1030 1246 1247
f 1248 1030 1247
f 1249 1032 1031
f 1249 1031 1248
f 1249 1192 1032
f 1033 1034 1467
f 1305 1098 1033
f 1467 1305 1033
f 1034 1035 1468
f 1467 1034 1468
f 1469 1035 1036
f 1469 1468 1035
f 1037 1470 1036
f 1470 1469 1036
f 1472 1037 1038
f 1472 1470 1037
f 1038 1039 1474
f 1472 1038 1474
f 1040 1476 1039
f 1474 1039 1476
f 1041 1478 1040
f 1040 1478 1476
f 1042 1252 1041
f 1252 1251 1041
f 1251 1478 1041
f 1043 1253 1042
f 1253 1252 1042
f 1044 1254 1043
f 1254 1253 1043
f 1255 1044 1045
f 1255 1254 1044
f 1256 1045 1046
f 1256 1255 1045
f 1046 1047 1257
f 1257 1256 1046
f 1047 1048 1258
f 1047 1258 1257
f 1259 1048 1049
f 1258 1048 1259
f 1260 1049 1050
f 1049 1260 1259
f 1261 1050 1051
f 1261 1260 1050
f 1051 1052 1262
f 1051 1262 1261
f 1053 1263 1052
f 1052 1263 1262
f 1053 1054 1264
f 1264 1263 1053
f 1054 1055 1265
f 1265 1264 1054
f 1055 1056 1266
f 1265 1055 1266
f 1056 1057 1267
f 1266 1056 1267
f 1268 1057 1058
f 1268 1267 1057
f 1059 1269 1058
f 1268 1058 1269
f 1060 1270 1059
f 1270 1269 1059
f 1271 1060 1061
f 1271 1270 1060
f 1062 1272 1061
f 1061 1272 1271
f 1062 1063 1273
f 1062 1273 1272
f 1274 1063 1064
f 1274 1273 1063
f 1065 1275 1064
f 1274 1064 1275
f 1276 1065 1066
f 1276 1275 1065
f 1277 1066 1067
f 1277 1276 1066
f 1068 1278 1067
f 1277 1067 1278
f 1069 1279 1068
f 1068 1279 1278
f 1280 1069 1070
f 1280 1279 1069
f 1070 1071 1281
f 1070 1281 1280
f 1071 1072 1282
f 1282 1281 1071
f 1283 1072 1073
f 1282 1072 1283
f 1074 1284 1073
f 1073 1284 1283
f 1074 1075 1285
f 1284 1074 1285
f 1075 1076 1286
f 1075 1286 1285
f 1076 1077 1287
f 1286 1076 1287
f 1288 1077 1078
f 1287 1077 1288
f 1078 1079 1289
f 1078 1289 1288
f 1079 1080 1290
f 1079 1290 1289
f 1080 1081 1291
f 1290 1080 1291
f 1292 1081 1082
f 1291 1081 1292
f 1293 1082 1083
f 1082 1293 1292
f 1084 1294 1083
f 1293 1083 1294
f 1084 1085 1295
f 1295 1294 1084
f 1099 1086 1085
f 1085 1086 1480
f 1295 1085 1480
f 1100 1086 1099
f 1306 1086 1100
f 1480 1086 1306
f 1088 1087 1114
f 1087 1088 1498
f 1114 1087 1113
f 1113 1087 1319
f 1319 1087 1498
f 1089 1088 1115
f 1089 1500 1088
f 1114 1115 1088
f 1498 1088 1500
f 1090 1297 1089
f 1297 1296 1089
f 1089 1296 1500
f 1091 1298 1090
f 1090 1298 1297
f 1092 1299 1091
f 1091 1299 1298
f 1092 1093 1300
f 1092 1300 1299
f 1093 1094 1301
f 1300 1093 1301
f 1302 1094 1095
f 1301 1094 1302
f 1303 1095 1096
f 1302 1095 1303
f 1096 1097 1304
f 1096 1304 1303
f 1305 1097 1098
f 1304 1097 1305
f 1307 1100 1101
f 1100 1307 1306
f 1116 1102 1101
f 1101 1102 1308
f 1101 1308 1307
f 1102 1117 1103
f 1102 1103 1309
f 1116 1117 1102
f 1308 1102 1309
f 1118 1103 1117
f 1320 1103 1118
f 1309 1103 1320
f 1311 1104 1105
f 1311 1310 1104
f 1334 1104 1310
f 1333 1104 1334
f 1106 1312 1105
f 1105 1312 1311
f 1313 1106 1107
f 1312 1106 1313
f 1108 1314 1107
f 1314 1313 1107
f 1315 1108 1109
f 1315 1314 1108
f 1110 1316 1109
f 1109 1316 1315
f 1110 1111 1317
f 1317 1316 1110
f 1112 1318 1111
f 1318 1317 1111
f 1319 1112 1113
f 1319 1318 1112
f 1131 1117 1116
f 1118 1117 1132
f 1132 1117 1131
f 1119 1118 1133
f 1118 1119 1321
f 1118 1132 1133
f 1321 1320 1118
f 1119 1133 1134
f 1335 1119 1134
f 1321 1119 1335
f 1337 1120 1121
f 1120 1337 1139
f 1124 1122 1121
f 1337 1121 1122
f 1121 1123 1124
f 1513 1122 1124
f 1337 1122 1338
f 1338 1122 1513
f 1126 1124 1123
f 1125 1126 1123
f 1515 1124 1126
f 1513 1124 1515
f 1125 1128 1126
f 1127 1128 1125
f 1517 1126 1128
f 1515 1126 1517
f 1130 1128 1127
f 1127 1129 1130
f 1324 1128 1130
f 1323 1128 1324
f 1517 1128 1323
f 1324 1130 1326
f 1130 1325 1326
f 1132 1131 1135
f 1136 1133 1132
f 1132 1135 1136
f 1133 1137 1134
f 1137 1133 1136
f 1137 1138 1134
f 1134 1138 1339
f 1335 1134 1339
f 1136 1135 1141
f 1141 1135 1140
f 1142 1137 1136
f 1136 1141 1142
f 1143 1138 1137
f 1143 1137 1142
f 1143 1343 1138
f 1339 1138 1341
f 1138 1343 1341
f 1139 1342 1144
f 1139 1337 1342
f 1146 1141 1140
f 1140 1145 1146
f 1141 1147 1142
f 1146 1147 1141
f 1148 1143 1142
f 1147 1148 1142
f 1148 1345 1143
f 1143 1345 1343
f 1144 1344 1149
f 1144 1342 1344
f 1157 1146 1145
f 1156 1157 1145
f 1147 1146 1158
f 1157 1158 1146
f 1148 1147 1347
f 1158 1347 1147
f 1148 1525 1345
f 1525 1148 1347
f 1149 1346 1150
f 1344 1346 1149
f 1348 1151 1150
f 1150 1346 1348
f 1349 1152 1151
f 1349 1151 1348
f 1152 1350 1153
f 1350 1152 1349
f 1153 1351 1154
f 1153 1350 1351
f 1154 1352 1159
f 1154 1351 1352
f 1155 1177 1156
f 1177 1155 1176
f 1157 1156 1179
f 1178 1156 1177
f 1179 1156 1178
f 1157 1179 1158
f 1158 1179 1358
f 1158 1358 1347
f 1159 1354 1160
f 1352 1353 1159
f 1159 1353 1354
f 1160 1355 1161
f 1160 1354 1355
f 1161 1356 1162
f 1355 1356 1161
f 1163 1162 1357
f 1356 1357 1162
f 1164 1163 1357
f 1165 1164 1360
f 1357 1360 1164
f 1361 1166 1165
f 1165 1360 1361
f 1362 1167 1166
f 1166 1361 1362
f 1168 1167 1363
f 1362 1363 1167
f 1168 1364 1169
f 1363 1364 1168
f 1169 1365 1170
f 1169 1364 1365
f 1171 1170 1366
f 1366 1170 1365
f 1367 1172 1171
f 1367 1171 1366
f 1173 1172 1368
f 1368 1172 1367
f 1369 1174 1173
f 1173 1368 1369
f 1175 1174 1180
f 1369 1180 1174
f 1175 1180 1181
f 1182 1175 1181
f 1177 1176 1195
f 1195 1176 1194
f 1370 1178 1177
f 1177 1195 1196
f 1177 1196 1370
f 1179 1178 1371
f 1371 1178 1370
f 1179 1371 1358
f 1374 1181 1180
f 1373 1180 1369
f 1373 1374 1180
f 1182 1181 1375
f 1181 1374 1375
f 1375 1183 1182
f 1376 1184 1183
f 1376 1183 1375
f 1185 1184 1377
f 1377 1184 1376
f 1185 1378 1186
f 1185 1377 1378
f 1186 1379 1187
f 1378 1379 1186
f 1187 1380 1188
f 1379 1380 1187
f 1189 1188 1381
f 1188 1380 1381
f 1189 1382 1190
f 1189 1381 1382
f 1190 1383 1191
f 1383 1190 1382
f 1384 1197 1191
f 1383 1384 1191
f 1193 1192 1250
f 1249 1250 1192
f 1193 1385 1194
f 1250 1385 1193
f 1195 1194 1386
f 1194 1385 1386
f 1388 1196 1195
f 1387 1195 1386
f 1388 1195 1387
f 1370 1196 1388
f 1198 1197 1389
f 1384 1389 1197
f 1390 1199 1198
f 1198 1389 1390
f 1391 1200 1199
f 1391 1199 1390
f 1201 1200 1392
f 1392 1200 1391
f 1201 1393 1202
f 1392 1393 1201
f 1202 1394 1203
f 1393 1394 1202
f 1204 1203 1395
f 1203 1394 1395
f 1396 1205 1204
f 1204 1395 1396
f 1206 1205 1397
f 1397 1205 1396
f 1398 1207 1206
f 1397 1398 1206
f 1207 1399 1208
f 1398 1399 1207
f 1208 1400 1209
f 1399 1400 1208
f 1209 1401 1210
f 1400 1401 1209
f 1210 1402 1211
f 1401 1402 1210
f 1211 1403 1212
f 1211 1402 1403
f 1404 1213 1212
f 1403 1404 1212
f 1405 1214 1213
f 1405 1213 1404
f 1406 1215 1214
f 1406 1214 1405
f 1216 1215 1407
f 1215 1406 1407
f 1217 1216 1408
f 1216 1407 1408
f 1409 1218 1217
f 1217 1408 1409
f 1219 1218 1410
f 1410 1218 1409
f 1219 1411 1220
f 1410 1411 1219
f 1220 1412 1221
f 1220 1411 1412
f 1221 1413 1222
f 1412 1413 1221
f 1222 1414 1223
f 1222 1413 1414
f 1223 1415 1224
f 1414 1415 1223
f 1225 1224 1416
f 1224 1415 1416
f 1225 1417 1226
f 1417 1225 1416
f 1227 1226 1418
f 1418 1226 1417
f 1419 1228 1227
f 1419 1227 1418
f 1420 1229 1228
f 1228 1419 1420
f 1230 1229 1421
f 1421 1229 1420
f 1422 1231 1230
f 1230 1421 1422
f 1423 1232 1231
f 1231 1422 1423
f 1232 1424 1233
f 1423 1424 1232
f 1234 1233 1425
f 1233 1424 1425
f 1426 1235 1234
f 1425 1426 1234
f 1235 1427 1236
f 1426 1427 1235
f 1237 1236 1428
f 1236 1427 1428
f 1429 1238 1237
f 1237 1428 1429
f 1430 1239 1238
f 1430 1238 1429
f 1240 1239 1431
f 1431 1239 1430
f 1432 1241 1240
f 1240 1431 1432
f 1242 1241 1433
f 1433 1241 1432
f 1434 1243 1242
f 1433 1434 1242
f 1243 1435 1244
f 1434 1435 1243
f 1244 1436 1245
f 1244 1435 1436
f 1245 1437 1246
f 1245 1436 1437
f 1247 1246 1438
f 1437 1438 1246
f 1248 1247 1439
f 1247 1438 1439
f 1440 1249 1248
f 1248 1439 1440
f 1250 1249 1441
f 1440 1441 1249
f 1250 1442 1385
f 1441 1442 1250
f 2341 1251 1252
f 1479 1478 1251
f 1479 1251 2341
f 1253 2343 1252
f 2343 2341 1252
f 1444 1253 1254
f 1444 1443 1253
f 1443 2343 1253
f 1255 1445 1254
f 1444 1254 1445
f 1255 1256 1446
f 1446 1445 1255
f 1257 1447 1256
f 1447 1446 1256
f 1257 1258 1448
f 1448 1447 1257
f 1449 1258 1259
f 1449 1448 1258
f 1259 1260 1450
f 1259 1450 1449
f 1261 1451 1260
f 1260 1451 1450
f 1261 1262 1452
f 1452 1451 1261
f 1453 1262 1263
f 1453 1452 1262
f 1454 1263 1264
f 1454 1453 1263
f 1265 1455 1264
f 1264 1455 1454
f 1266 1456 1265
f 1456 1455 1265
f 1267 1457 1266
f 1457 1456 1266
f 1458 1267 1268
f 1458 1457 1267
f 1269 1459 1268
f 1459 1458 1268
f 1460 1269 1270
f 1460 1459 1269
f 1270 1271 1461
f 1461 1460 1270
f 1462 1271 1272
f 1461 1271 1462
f 1272 1273 1463
f 1462 1272 1463
f 1273 1274 1464
f 1463 1273 1464
f 1465 1274 1275
f 1464 1274 1465
f 1466 1275 1276
f 1466 1465 1275
f 1276 1277 2345
f 1276 2345 1466
f 1278 2345 1277
f 2347 1278 1279
f 2347 2345 1278
f 2348 1279 1280
f 2348 2347 1279
f 2349 1280 1281
f 2349 2348 1280
f 1281 1282 2350
f 1281 2350 2349
f 2351 1282 1283
f 2351 2350 1282
f 1284 2352 1283
f 1283 2352 2351
f 1285 2353 1284
f 1284 2353 2352
f 1285 1286 2354
f 1285 2354 2353
f 1287 2355 1286
f 1286 2355 2354
f 1288 2356 1287
f 2356 2355 1287
f 1288 1289 2357
f 2357 2356 1288
f 1289 1290 2358
f 1289 2358 2357
f 1290 1291 2359
f 2358 1290 2359
f 1292 2360 1291
f 1291 2360 2359
f 1292 1293 2361
f 2360 1292 2361
f 1293 1294 2362
f 2362 2361 1293
f 1295 2363 1294
f 2362 1294 2363
f 1480 1481 1295
f 1481 2364 1295
f 2364 2363 1295
f 1296 1297 2383
f 1501 1500 1296
f 2382 1501 1296
f 2382 1296 2383
f 2383 1297 1298
f 1298 1299 2384
f 2383 1298 2384
f 1299 1300 2385
f 2384 1299 2385
f 1300 1301 2386
f 2385 1300 2386
f 1301 1302 2387
f 2386 1301 2387
f 1303 2388 1302
f 2388 2387 1302
f 1304 2389 1303
f 2389 2388 1303
f 1304 1305 2390
f 1304 2390 2389
f 1467 2391 1305
f 2390 1305 2391
f 1306 1307 1483
f 1306 1482 1480
f 1482 1306 1483
f 1308 1484 1307
f 1484 1483 1307
f 1309 2397 1308
f 1308 2397 1484
f 1502 1309 1320
f 1502 2397 1309
f 1311 1489 1310
f 1310 1511 1334
f 1310 1489 1488
f 1488 1511 1310
f 1311 1312 1490
f 1490 1489 1311
f 1313 1491 1312
f 1491 1490 1312
f 1492 1313 1314
f 1492 1491 1313
f 1315 1493 1314
f 1493 1492 1314
f 1315 1316 1494
f 1315 1494 1493
f 1316 1317 1495
f 1316 1495 1494
f 1496 1317 1318
f 1496 1495 1317
f 1497 1318 1319
f 1497 1496 1318
f 1497 1319 1499
f 1498 1499 1319
f 1321 1503 1320
f 1502 1320 1503
f 1322 1321 1335
f 1504 1321 1322
f 1503 1321 1504
f 1336 1322 1335
f 1512 1322 1336
f 1322 1512 1504
f 1323 1324 1506
f 1505 1323 1506
f 1505 1518 1323
f 1517 1323 1518
f 1326 1507 1324
f 1324 1507 1506
f 1326 1325 1328
f 1327 1328 1325
f 1326 1328 1508
f 1507 1326 1508
f 1328 1327 1330
f 1327 1329 1330
f 1328 1330 1509
f 1508 1328 1509
f 1330 1329 1332
f 1332 1329 1331
f 1330 1332 1510
f 1510 1509 1330
f 1332 1331 1334
f 1333 1334 1331
f 1332 1334 1511
f 1510 1332 1511
f 1336 1335 1339
f 1336 1339 1521
f 1512 1336 1519
f 1336 1521 1519
f 1337 1338 1340
f 1340 1342 1337
f 1520 1340 1338
f 1513 2404 1338
f 2404 1520 1338
f 1339 1341 1521
f 1342 1340 1522
f 1340 1520 2406
f 2406 1522 1340
f 1341 1343 2409
f 1341 2407 1521
f 2407 1341 2409
f 1344 1342 1522
f 1345 2411 1343
f 1343 2411 2409
f 1344 1523 1346
f 1522 1523 1344
f 2413 1345 1525
f 1345 2413 2411
f 1346 1526 1348
f 1524 1346 1523
f 1524 1526 1346
f 1358 1359 1347
f 1359 1525 1347
f 1348 1528 1349
f 1348 1526 1527
f 1348 1527 1528
f 1349 1529 1350
f 1349 1528 1529
f 1351 1350 1529
f 1351 1531 1352
f 1351 1529 1531
f 1352 1532 1353
f 1352 1531 1532
f 1354 1353 1533
f 1533 1353 1532
f 1534 1355 1354
f 1354 1533 1534
f 1355 1535 1356
f 1355 1534 1535
f 1356 1536 1357
f 1356 1535 1536
f 1360 1357 1537
f 1357 1536 1537
f 1359 1358 1372
f 1371 1372 1358
f 1359 1372 1538
f 1530 1525 1359
f 1530 1359 2419
f 2419 1359 1538
f 1361 1360 1542
f 1360 1537 1542
f 1362 1361 1543
f 1543 1361 1542
f 1362 1544 1363
f 1543 1544 1362
f 1545 1364 1363
f 1545 1363 1544
f 1364 1546 1365
f 1545 1546 1364
f 1365 1547 1366
f 1365 1546 1547
f 1367 1366 1548
f 1366 1547 1548
f 1367 1549 1368
f 1549 1367 1548
f 1368 1550 1369
f 1368 1549 1550
f 1551 1373 1369
f 1551 1369 1550
f 1371 1370 1554
f 1370 1388 1554
f 1371 1555 1372
f 1554 1555 1371
f 1538 1372 1556
f 1556 1372 1555
f 1374 1373 1553
f 1552 1373 1551
f 1373 1552 1553
f 1374 1553 1375
f 1557 1376 1375
f 1375 1553 1557
f 1377 1376 1558
f 1376 1557 1558
f 1378 1377 1559
f 1377 1558 1559
f 1379 1378 1560
f 1560 1378 1559
f 1561 1380 1379
f 1561 1379 1560
f 1381 1380 1562
f 1380 1561 1562
f 1381 1563 1382
f 1563 1381 1562
f 1382 1564 1383
f 1382 1563 1564
f 1384 1383 1565
f 1383 1564 1565
f 1384 1566 1389
f 1565 1566 1384
f 1386 1385 1577
f 1577 1385 1442
f 1387 1386 1578
f 1578 1386 1577
f 1387 1579 1388
f 1579 1387 1578
f 1388 1580 1554
f 1579 1580 1388
f 1389 1568 1390
f 1566 1567 1389
f 1389 1567 1568
f 1391 1390 1569
f 1390 1568 1569
f 1392 1391 1570
f 1569 1570 1391
f 1571 1393 1392
f 1570 1571 1392
f 1572 1394 1393
f 1572 1393 1571
f 1395 1394 1573
f 1572 1573 1394
f 1574 1396 1395
f 1574 1395 1573
f 1574 1397 1396
f 1581 1398 1397
f 1581 1397 1574
f 1582 1399 1398
f 1582 1398 1581
f 1583 1400 1399
f 1582 1583 1399
f 1584 1401 1400
f 1583 1584 1400
f 1585 1402 1401
f 1585 1401 1584
f 1403 1402 1586
f 1585 1586 1402
f 1403 1587 1404
f 1587 1403 1586
f 1405 1404 1588
f 1588 1404 1587
f 1405 1589 1406
f 1589 1405 1588
f 1406 1590 1407
f 1406 1589 1590
f 1408 1407 1591
f 1590 1591 1407
f 1409 1408 1592
f 1592 1408 1591
f 1409 1593 1410
f 1409 1592 1593
f 1410 1594 1411
f 1593 1594 1410
f 1411 1595 1412
f 1411 1594 1595
f 1596 1413 1412
f 1412 1595 1596
f 1413 1597 1414
f 1596 1597 1413
f 1414 1598 1415
f 1414 1597 1598
f 1599 1416 1415
f 1599 1415 1598
f 1417 1416 1600
f 1599 1600 1416
f 1418 1417 1601
f 1601 1417 1600
f 1418 1602 1419
f 1602 1418 1601
f 1603 1420 1419
f 1603 1419 1602
f 1421 1420 1604
f 1604 1420 1603
f 1605 1422 1421
f 1605 1421 1604
f 1423 1422 1606
f 1606 1422 1605
f 1423 1607 1424
f 1606 1607 1423
f 1608 1425 1424
f 1608 1424 1607
f 1609 1426 1425
f 1609 1425 1608
f 1610 1427 1426
f 1610 1426 1609
f 1428 1427 1611
f 1427 1610 1611
f 1428 1612 1429
f 1611 1612 1428
f 1430 1429 1613
f 1429 1612 1613
f 1430 1614 1431
f 1430 1613 1614
f 1431 1615 1432
f 1431 1614 1615
f 1432 1616 1433
f 1615 1616 1432
f 1434 1433 1617
f 1433 1616 1617
f 1434 1618 1435
f 1434 1617 1618
f 1436 1435 1619
f 1618 1619 1435
f 1436 1620 1437
f 1436 1619 1620
f 1437 1621 1438
f 1620 1621 1437
f 1439 1438 1622
f 1621 1622 1438
f 1440 1439 1623
f 1623 1439 1622
f 1575 1441 1440
f 1440 1624 1575
f 1440 1623 1624
f 1576 1442 1441
f 1576 1441 1575
f 1577 1442 1576
f 2303 1443 1444
f 2303 2302 1443
f 2302 2344 1443
f 2343 1443 2344
f 1445 2304 1444
f 2304 2303 1444
f 2305 1445 1446
f 1445 2305 2304
f 1447 2306 1446
f 2306 2305 1446
f 1447 1448 2307
f 1447 2307 2306
f 1448 1449 2308
f 2307 1448 2308
f 1449 1450 2309
f 2309 2308 1449
f 2310 1450 1451
f 2309 1450 2310
f 1451 1452 2311
f 2310 1451 2311
f 1453 2312 1452
f 1452 2312 2311
f 1454 2313 1453
f 1453 2313 2312
f 1454 1455 2314
f 2314 2313 1454
f 1456 2315 1455
f 2314 1455 2315
f 1456 1457 2316
f 1456 2316 2315
f 1457 1458 2317
f 2316 1457 2317
f 1459 2318 1458
f 1458 2318 2317
f 1460 2319 1459
f 2319 2318 1459
f 2320 1460 1461
f 2319 1460 2320
f 1462 2321 1461
f 1461 2321 2320
f 1462 1463 2322
f 2321 1462 2322
f 1463 1464 2323
f 2322 1463 2323
f 1465 2324 1464
f 1464 2324 2323
f 1466 2325 1465
f 2325 2324 1465
f 2325 1466 2346
f 2345 2346 1466
f 1468 2392 1467
f 2392 2391 1467
f 1469 2393 1468
f 2393 2392 1468
f 1469 1470 2395
f 1469 2395 2393
f 1471 1470 1473
f 1471 2395 1470
f 1470 1472 1473
f 1471 1473 3374
f 1471 2396 2395
f 3374 2396 1471
f 1475 1473 1472
f 1472 1474 1475
f 1475 3375 1473
f 3374 1473 3375
f 1477 1475 1474
f 1477 1474 1476
f 3376 1475 1477
f 3376 3375 1475
f 1477 1476 1479
f 1478 1479 1476
f 1479 3377 1477
f 1477 3377 3376
f 2340 1479 2342
f 2340 3377 1479
f 2342 1479 2341
f 1482 1481 1480
f 3397 1481 1482
f 3396 2364 1481
f 3396 1481 3397
f 1482 1483 3398
f 1482 3398 3397
f 1484 3399 1483
f 3398 1483 3399
f 2398 1484 2397
f 2398 3400 1484
f 1484 3400 3399
f 1485 1510 1486
f 1485 1486 2370
f 1508 1509 1485
f 2403 1508 1485
f 1509 1510 1485
f 2369 1485 2370
f 2403 1485 2369
f 1487 1486 1511
f 2371 1486 1487
f 1486 1510 1511
f 2370 1486 2371
f 1487 1511 1488
f 2372 1487 1488
f 2372 2371 1487
f 1488 1489 2373
f 1488 2373 2372
f 1490 2374 1489
f 2373 1489 2374
f 1491 2375 1490
f 2374 1490 2375
f 1491 1492 2376
f 2375 1491 2376
f 2377 1492 1493
f 2377 2376 1492
f 2378 1493 1494
f 2378 2377 1493
f 2379 1494 1495
f 2378 1494 2379
f 1496 2380 1495
f 2379 1495 2380
f 1496 1497 2381
f 2381 2380 1496
f 1497 1499 3402
f 1497 3402 2381
f 1501 1499 1498
f 1498 1500 1501
f 3402 1499 1501
f 2382 3403 1501
f 1501 3403 3402
f 1503 3415 1502
f 2397 1502 2399
f 2399 1502 3415
f 3415 1503 1504
f 1504 1512 3417
f 3415 1504 3417
f 1505 1506 2401
f 1505 3422 1518
f 2400 1505 2401
f 1505 2400 3422
f 1506 1507 2402
f 2401 1506 2402
f 1507 1508 2403
f 1507 2403 2402
f 1512 1519 3423
f 1512 3423 3417
f 1514 1513 1516
f 2404 1513 1514
f 1513 1515 1516
f 1514 1516 3419
f 2404 1514 2405
f 3419 2405 1514
f 1518 1516 1515
f 1517 1518 1515
f 3420 1516 1518
f 1516 3420 3419
f 1518 3422 3420
f 1521 3427 1519
f 1519 3426 3423
f 3427 3426 1519
f 2404 3425 1520
f 1520 3425 2406
f 1521 2407 3429
f 3429 3427 1521
f 1523 1522 2408
f 2408 1522 2406
f 1523 2410 1524
f 1523 2408 2410
f 1524 2414 1526
f 1524 2410 2412
f 2412 2414 1524
f 2413 1525 1530
f 1527 1526 2415
f 1526 2414 2415
f 1527 2416 1528
f 2415 2416 1527
f 1528 2417 1529
f 1528 2416 2417
f 2418 1531 1529
f 1529 2417 2418
f 2413 1530 3437
f 2419 3437 1530
f 2420 1532 1531
f 2420 1531 2418
f 1532 2421 1533
f 2421 1532 2420
f 1534 1533 2422
f 2421 2422 1533
f 2423 1535 1534
f 2422 2423 1534
f 1536 1535 1539
f 2423 1539 1535
f 1540 1537 1536
f 1539 1540 1536
f 1541 1537 1540
f 1541 1542 1537
f 1538 1556 2425
f 1538 2425 2419
f 2431 1540 1539
f 2430 1539 2423
f 2431 1539 2430
f 1540 2432 1541
f 2432 1540 2431
f 1541 2433 1542
f 2432 2433 1541
f 1543 1542 2433
f 1543 2434 1544
f 1543 2433 2434
f 1545 1544 2435
f 2435 1544 2434
f 1546 1545 2436
f 1545 2435 2436
f 1547 1546 2437
f 2437 1546 2436
f 1547 2438 1548
f 2438 1547 2437
f 2439 1549 1548
f 2439 1548 2438
f 2440 1550 1549
f 1549 2439 2440
f 2441 1551 1550
f 2440 2441 1550
f 2442 1552 1551
f 2441 2442 1551
f 1552 2443 1553
f 2442 2443 1552
f 1553 2444 1557
f 2444 1553 2443
f 1555 1554 2460
f 2460 1554 1580
f 1556 1555 2424
f 2424 1555 2461
f 2460 2461 1555
f 1556 2424 2425
f 1557 2446 1558
f 2444 2445 1557
f 2445 2446 1557
f 1558 2447 1559
f 1558 2446 2447
f 1559 2448 1560
f 2447 2448 1559
f 2449 1561 1560
f 1560 2448 2449
f 1562 1561 2450
f 2449 2450 1561
f 2451 1563 1562
f 1562 2450 2451
f 1563 2452 1564
f 2452 1563 2451
f 2453 1565 1564
f 2453 1564 2452
f 1565 2454 1566
f 2453 2454 1565
f 2455 1567 1566
f 2455 1566 2454
f 1568 1567 2456
f 2456 1567 2455
f 1569 1568 2457
f 2457 1568 2456
f 1569 2457 1570
f 2476 1571 1570
f 1570 2457 2476
f 1571 2477 1572
f 1571 2476 2477
f 2478 1573 1572
f 2477 2478 1572
f 1574 1573 2479
f 2478 2479 1573
f 2480 1581 1574
f 2479 2480 1574
f 1575 2501 1576
f 2501 1575 1624
f 1577 1576 2502
f 1576 2501 2502
f 1578 1577 2503
f 1577 2502 2503
f 1578 2458 1579
f 1578 2504 2458
f 1578 2503 2504
f 2459 1580 1579
f 2459 1579 2458
f 1580 2459 2460
f 1582 1581 2482
f 1581 2480 2481
f 2482 1581 2481
f 2482 1583 1582
f 2519 1584 1583
f 2482 2519 1583
f 1584 2520 1585
f 1584 2519 2520
f 1585 2521 1586
f 1585 2520 2521
f 2522 1587 1586
f 2521 2522 1586
f 2523 1588 1587
f 2522 2523 1587
f 1589 1588 2524
f 2523 2524 1588
f 1590 1589 2525
f 2525 1589 2524
f 1591 1590 2526
f 2525 2526 1590
f 1591 2527 1592
f 2526 2527 1591
f 1592 2528 1593
f 2527 2528 1592
f 1594 1593 2529
f 2528 2529 1593
f 1595 1594 2530
f 1594 2529 2530
f 1596 1595 2531
f 1595 2530 2531
f 2532 1597 1596
f 2532 1596 2531
f 1598 1597 2533
f 2533 1597 2532
f 1598 2534 1599
f 1598 2533 2534
f 1600 1599 2535
f 1599 2534 2535
f 2536 1601 1600
f 2536 1600 2535
f 2537 1602 1601
f 1601 2536 2537
f 2538 1603 1602
f 2538 1602 2537
f 1603 2539 1604
f 2538 2539 1603
f 2540 1605 1604
f 1604 2539 2540
f 1605 2541 1606
f 1605 2540 2541
f 2483 1607 1606
f 1606 2542 2483
f 2541 2542 1606
f 1607 2484 1608
f 1607 2483 2484
f 2485 1609 1608
f 2485 1608 2484
f 1610 1609 2486
f 2485 2486 1609
f 2487 1611 1610
f 2487 1610 2486
f 1612 1611 2488
f 2488 1611 2487
f 1612 2489 1613
f 1612 2488 2489
f 2490 1614 1613
f 2490 1613 2489
f 2491 1615 1614
f 2491 1614 2490
f 1615 2492 1616
f 2491 2492 1615
f 1616 2493 1617
f 1616 2492 2493
f 1617 2494 1618
f 2494 1617 2493
f 1618 2495 1619
f 2494 2495 1618
f 1619 2496 1620
f 1619 2495 2496
f 1620 2497 1621
f 1620 2496 2497
f 1622 1621 2498
f 1621 2497 2498
f 1622 2499 1623
f 1622 2498 2499
f 2500 1624 1623
f 2500 1623 2499
f 2501 1624 2500
f 1634 1626 1625
f 1625 1626 3200
f 3214 1634 1625
f 3200 3199 1625
f 1625 3199 3210
f 1625 3210 3214
f 1635 1627 1626
f 3201 1626 1627
f 1635 1626 1634
f 3200 1626 3201
f 1627 1636 1628
f 3202 1627 1628
f 1635 1636 1627
f 3202 3201 1627
f 1628 1637 1629
f 3203 1628 1629
f 1636 1637 1628
f 3202 1628 3203
f 1638 1630 1629
f 3204 1629 1630
f 1638 1629 1637
f 3203 1629 3204
f 1631 1630 1639
f 3205 1630 1631
f 1639 1630 1638
f 3204 1630 3205
f 1631 1640 1632
f 3206 1631 1632
f 1631 1639 1640
f 3205 1631 3206
f 1641 1633 1632
f 1633 3207 1632
f 1641 1632 1640
f 3207 3206 1632
f 1633 1641 1642
f 1633 1642 3211
f 3207 1633 3211
f 1634 1644 1635
f 1643 1644 1634
f 3214 1643 1634
f 1645 1636 1635
f 1644 1645 1635
f 1636 1646 1637
f 1636 1645 1646
f 1638 1637 1647
f 1646 1647 1637
f 1648 1639 1638
f 1647 1648 1638
f 1649 1640 1639
f 1649 1639 1648
f 1640 1650 1641
f 1640 1649 1650
f 1641 1651 1642
f 1641 1650 1651
f 1652 1642 1651
f 1652 3215 1642
f 1642 3215 3211
f 1643 1654 1644
f 1643 1653 1654
f 3218 1653 1643
f 3214 3218 1643
f 1655 1645 1644
f 1654 1655 1644
f 1656 1646 1645
f 1645 1655 1656
f 1657 1647 1646
f 1657 1646 1656
f 1648 1647 1658
f 1647 1657 1658
f 1649 1648 1659
f 1648 1658 1659
f 1649 1660 1650
f 1659 1660 1649
f 1661 1651 1650
f 1650 1660 1661
f 1662 1652 1651
f 1662 1651 1661
f 1663 1652 1662
f 1663 3219 1652
f 3219 3215 1652
f 1654 1653 1664
f 1664 1653 3225
f 3218 3221 1653
f 1653 3221 3225
f 1654 1665 1655
f 1664 1665 1654
f 1655 1666 1656
f 1665 1666 1655
f 1657 1656 1667
f 1656 1666 1667
f 1668 1658 1657
f 1668 1657 1667
f 1659 1658 1669
f 1658 1668 1669
f 1660 1659 1670
f 1659 1669 1670
f 1660 1671 1661
f 1660 1670 1671
f 1662 1661 1672
f 1672 1661 1671
f 1662 1673 1663
f 1662 1672 1673
f 1663 1673 1674
f 1663 1674 3222
f 3219 1663 3222
f 1676 1665 1664
f 1676 1664 1675
f 1664 3225 1675
f 1665 1677 1666
f 1665 1676 1677
f 1667 1666 1678
f 1678 1666 1677
f 1679 1668 1667
f 1678 1679 1667
f 1680 1669 1668
f 1679 1680 1668
f 1669 1681 1670
f 1680 1681 1669
f 1670 1682 1671
f 1681 1682 1670
f 1672 1671 1683
f 1683 1671 1682
f 1684 1673 1672
f 1684 1672 1683
f 1674 1673 1685
f 1685 1673 1684
f 1674 1685 1686
f 1674 1686 3226
f 3222 1674 3226
f 1675 1687 1676
f 3232 1687 1675
f 1675 3225 3228
f 3228 3232 1675
f 1688 1677 1676
f 1676 1687 1688
f 1677 1689 1678
f 1677 1688 1689
f 1678 1690 1679
f 1689 1690 1678
f 1680 1679 1691
f 1679 1690 1691
f 1692 1681 1680
f 1680 1691 1692
f 1681 1693 1682
f 1681 1692 1693
f 1694 1683 1682
f 1694 1682 1693
f 1684 1683 1694
f 1685 1684 1696
f 1684 1694 1695
f 1695 1696 1684
f 1686 1685 1697
f 1696 1697 1685
f 1686 1697 1698
f 1686 1698 3229
f 1686 3229 3226
f 1687 1699 1688
f 1687 3232 1699
f 1688 1700 1689
f 1700 1688 1699
f 1689 1701 1690
f 1701 1689 1700
f 1702 1691 1690
f 1701 1702 1690
f 1692 1691 1703
f 1703 1691 1702
f 1704 1693 1692
f 1703 1704 1692
f 1694 1693 1705
f 1704 1705 1693
f 1695 1694 1706
f 1705 1706 1694
f 1695 1707 1696
f 1706 1707 1695
f 1697 1696 1708
f 1708 1696 1707
f 1698 1697 1709
f 1708 1709 1697
f 1710 1698 1709
f 1710 3233 1698
f 1698 3233 3229
f 1711 1700 1699
f 3239 1711 1699
f 1699 3232 3235
f 3235 3239 1699
f 1712 1701 1700
f 1711 1712 1700
f 1702 1701 1713
f 1701 1712 1713
f 1702 1714 1703
f 1702 1713 1714
f 1703 1715 1704
f 1703 1714 1715
f 1716 1705 1704
f 1715 1716 1704
f 1705 1717 1706
f 1717 1705 1716
f 1717 1707 1706
f 1708 1707 1719
f 1718 1707 1717
f 1719 1707 1718
f 1720 1709 1708
f 1720 1708 1719
f 1709 1721 1710
f 1720 1721 1709
f 1722 1710 1721
f 1722 3236 1710
f 3233 1710 3236
f 1711 1723 1712
f 3239 1723 1711
f 1724 1713 1712
f 1724 1712 1723
f 1725 1714 1713
f 1725 1713 1724
f 1726 1715 1714
f 1714 1725 1726
f 1716 1715 1727
f 1726 1727 1715
f 1729 1717 1716
f 1728 1716 1727
f 1728 1729 1716
f 1718 1717 1729
f 1718 1731 1719
f 1730 1718 1729
f 1718 1730 1731
f 1719 1732 1720
f 1731 1732 1719
f 1733 1721 1720
f 1733 1720 1732
f 1721 1734 1722
f 1721 1733 1734
f 1734 1735 1722
f 3240 1722 1735
f 3236 1722 3240
f 1723 1736 1724
f 1723 3246 1736
f 1723 3239 3242
f 3242 3246 1723
f 1725 1724 1737
f 1736 1737 1724
f 1726 1725 1738
f 1725 1737 1738
f 1726 1739 1727
f 1738 1739 1726
f 1727 1739 1728
f 1729 1728 1741
f 1728 1739 1740
f 1740 1741 1728
f 1741 1730 1729
f 1743 1731 1730
f 1730 1741 1742
f 1742 1743 1730
f 1731 1744 1732
f 1743 1744 1731
f 1733 1732 1745
f 1732 1744 1745
f 1746 1734 1733
f 1745 1746 1733
f 1734 1747 1735
f 1746 1747 1734
f 1748 1735 1747
f 1748 3243 1735
f 1735 3243 3240
f 1736 1749 1737
f 1736 3250 1749
f 1736 3246 3250
f 1738 1737 1750
f 1749 1750 1737
f 1751 1739 1738
f 1738 1750 1751
f 1740 1739 1751
f 1741 1740 1753
f 1751 1752 1740
f 1740 1752 1753
f 1742 1741 1753
f 1755 1743 1742
f 1753 1754 1742
f 1742 1754 1755
f 1756 1744 1743
f 1755 1756 1743
f 1745 1744 1757
f 1757 1744 1756
f 1758 1746 1745
f 1757 1758 1745
f 1747 1746 1759
f 1746 1758 1759
f 1760 1748 1747
f 1760 1747 1759
f 1760 1761 1748
f 3247 1748 1761
f 3243 1748 3247
f 1749 1763 1750
f 1749 1762 1763
f 1749 3250 1762
f 1750 1764 1751
f 1750 1763 1764
f 1764 1752 1751
f 1752 1766 1753
f 1752 1764 1765
f 1765 1766 1752
f 1753 1766 1754
f 1755 1754 1768
f 1754 1766 1767
f 1754 1767 1768
f 1769 1756 1755
f 1768 1769 1755
f 1757 1756 1770
f 1770 1756 1769
f 1758 1757 1771
f 1757 1770 1771
f 1758 1772 1759
f 1771 1772 1758
f 1759 1773 1760
f 1773 1759 1772
f 1761 1760 1774
f 1773 1774 1760
f 1774 1775 1761
f 3251 1761 1775
f 3251 3247 1761
f 1777 1763 1762
f 1776 1777 1762
f 1776 1762 3254
f 3250 3254 1762
f 1764 1763 1778
f 1778 1763 1777
f 1778 1765 1764
f 1765 1780 1766
f 1778 1779 1765
f 1780 1765 1779
f 1767 1766 1780
f 1782 1768 1767
f 1780 1781 1767
f 1782 1767 1781
f 1769 1768 1782
f 1769 1784 1770
f 1769 1782 1783
f 1783 1784 1769
f 1770 1784 1771
f 1786 1772 1771
f 1771 1784 1785
f 1786 1771 1785
f 1773 1772 1786
f 1774 1773 1787
f 1773 1786 1787
f 1789 1775 1774
f 1774 1787 1788
f 1789 1774 1788
f 1789 1790 1775
f 1775 1790 3255
f 3251 1775 3255
f 1776 1791 1777
f 3261 1791 1776
f 3254 3257 1776
f 1776 3257 3261
f 1778 1777 1792
f 1792 1777 1791
f 1778 1792 1779
f 1780 1779 1794
f 1793 1779 1792
f 1794 1779 1793
f 1781 1780 1794
f 1796 1782 1781
f 1795 1781 1794
f 1795 1796 1781
f 1796 1783 1782
f 1798 1784 1783
f 1796 1797 1783
f 1797 1798 1783
f 1785 1784 1798
f 1785 1800 1786
f 1798 1799 1785
f 1799 1800 1785
f 1800 1787 1786
f 1801 1788 1787
f 1800 1801 1787
f 1788 1802 1789
f 1788 1801 1802
f 1789 1803 1790
f 1802 1803 1789
f 1790 1803 1804
f 1790 1804 3258
f 3255 1790 3258
f 1791 1806 1792
f 1806 1791 1805
f 1805 1791 3261
f 1793 1792 1806
f 1808 1794 1793
f 1793 1806 1807
f 1807 1808 1793
f 1808 1795 1794
f 1795 1810 1796
f 1795 1808 1809
f 1809 1810 1795
f 1797 1796 1810
f 1812 1798 1797
f 1797 1810 1811
f 1812 1797 1811
f 1798 1813 1799
f 1798 1812 1813
f 1800 1799 1814
f 1799 1813 1814
f 1800 1815 1801
f 1800 1814 1815
f 1802 1801 1816
f 1815 1816 1801
f 1802 1817 1803
f 1816 1817 1802
f 1804 1803 1818
f 1817 1818 1803
f 1818 1819 1804
f 1804 1819 3262
f 3262 3258 1804
f 1806 1805 1820
f 1805 3268 1820
f 3261 3264 1805
f 1805 3264 3268
f 1807 1806 1820
f 1807 1822 1808
f 1820 1821 1807
f 1821 1822 1807
f 1809 1808 1822
f 1809 1824 1810
f 1822 1823 1809
f 1809 1823 1824
f 1811 1810 1824
f 1811 1826 1812
f 1811 1824 1825
f 1811 1825 1826
f 1812 1826 1813
f 1813 1828 1814
f 1813 1826 1827
f 1828 1813 1827
f 1814 1828 1815
f 1829 1816 1815
f 1828 1829 1815
f 1816 1831 1817
f 1829 1830 1816
f 1816 1830 1831
f 1832 1818 1817
f 1831 1832 1817
f 1818 1833 1819
f 1832 1833 1818
f 1834 1819 1833
f 1834 3265 1819
f 3265 3262 1819
f 1821 1820 1835
f 3268 1835 1820
f 1837 1822 1821
f 1821 1835 1836
f 1837 1821 1836
f 1822 1837 1823
f 1839 1824 1823
f 1838 1823 1837
f 1839 1823 1838
f 1825 1824 1839
f 1841 1826 1825
f 1840 1825 1839
f 1825 1840 1841
f 1826 1841 1827
f 1843 1828 1827
f 1827 1841 1842
f 1827 1842 1843
f 1828 1843 1829
f 1845 1830 1829
f 1843 1844 1829
f 1844 1845 1829
f 1831 1830 1846
f 1846 1830 1845
f 1832 1831 1847
f 1846 1847 1831
f 1832 1848 1833
f 1832 1847 1848
f 1849 1834 1833
f 1833 1848 1849
f 1834 1849 3269
f 3265 1834 3703
f 1834 3269 3703
f 1836 1835 3275
f 3268 3271 1835
f 3275 1835 3271
f 1836 1852 1837
f 1852 1836 1851
f 1836 3275 1851
f 1837 1852 1838
f 1839 1838 1854
f 1853 1838 1852
f 1854 1838 1853
f 1839 1854 1840
f 1840 1856 1841
f 1854 1855 1840
f 1855 1856 1840
f 1842 1841 1856
f 1842 1858 1843
f 1842 1856 1857
f 1857 1858 1842
f 1844 1843 1858
f 1860 1845 1844
f 1844 1858 1859
f 1860 1844 1859
f 1845 1861 1846
f 1860 1861 1845
f 1847 1846 1862
f 1846 1861 1862
f 1863 1848 1847
f 1862 1863 1847
f 1864 1849 1848
f 1863 1864 1848
f 1864 1850 1849
f 3269 1849 1850
f 1864 1865 1850
f 1866 1850 1865
f 1866 3272 1850
f 1850 3272 3269
f 1851 1868 1852
f 1851 1867 1868
f 3275 1867 1851
f 1868 1853 1852
f 1853 1870 1854
f 1869 1853 1868
f 1870 1853 1869
f 1854 1870 1855
f 1855 1872 1856
f 1870 1871 1855
f 1855 1871 1872
f 1856 1872 1857
f 1874 1858 1857
f 1857 1872 1873
f 1874 1857 1873
f 1858 1874 1859
f 1860 1859 1876
f 1875 1859 1874
f 1859 1875 1876
f 1877 1861 1860
f 1876 1877 1860
f 1862 1861 1878
f 1878 1861 1877
f 1862 1879 1863
f 1862 1878 1879
f 1864 1863 1880
f 1863 1879 1880
f 1864 1880 1865
f 1882 1866 1865
f 1880 1881 1865
f 1882 1865 1881
f 1883 1866 1882
f 1883 3276 1866
f 1866 3276 3272
f 1884 1868 1867
f 1867 3282 1884
f 3275 3278 1867
f 1867 3278 3282
f 1868 1884 1869
f 1869 1886 1870
f 1885 1869 1884
f 1886 1869 1885
f 1886 1871 1870
f 1871 1888 1872
f 1887 1871 1886
f 1887 1888 1871
f 1872 1888 1873
f 1873 1890 1874
f 1873 1888 1889
f 1889 1890 1873
f 1875 1874 1890
f 1876 1875 1892
f 1890 1891 1875
f 1875 1891 1892
f 1877 1876 1893
f 1892 1893 1876
f 1878 1877 1894
f 1893 1894 1877
f 1879 1878 1895
f 1894 1895 1878
f 1880 1879 1896
f 1879 1895 1896
f 1881 1880 1896
f 1881 1897 1882
f 1897 1881 1896
f 1882 1899 1883
f 1898 1882 1897
f 1882 1898 1899
f 1899 1900 1883
f 1900 3279 1883
f 3279 3276 1883
f 1884 1901 1885
f 3282 1901 1884
f 1885 1903 1886
f 1885 1901 1902
f 1903 1885 1902
f 1886 1903 1887
f 1905 1888 1887
f 1903 1904 1887
f 1904 1905 1887
f 1889 1888 1905
f 1907 1890 1889
f 1905 1906 1889
f 1906 1907 1889
f 1907 1891 1890
f 1909 1892 1891
f 1907 1908 1891
f 1891 1908 1909
f 1910 1893 1892
f 1910 1892 1909
f 1894 1893 1911
f 1910 1911 1893
f 1895 1894 1911
f 1896 1895 1913
f 1911 1912 1895
f 1895 1912 1913
f 1913 1897 1896
f 1898 1897 1914
f 1897 1913 1914
f 1899 1898 1915
f 1914 1915 1898
f 1917 1900 1899
f 1915 1916 1899
f 1916 1917 1899
f 1918 1900 1917
f 1918 3283 1900
f 3283 3279 1900
f 3288 1902 1901
f 3285 1901 3282
f 3285 3288 1901
f 1902 1920 1903
f 1902 1919 1920
f 1902 3288 1919
f 1920 1904 1903
f 1904 1922 1905
f 1920 1921 1904
f 1921 1922 1904
f 1905 1922 1906
f 1907 1906 1924
f 1922 1923 1906
f 1924 1906 1923
f 1907 1924 1908
f 1909 1908 1926
f 1924 1925 1908
f 1908 1925 1926
f 1926 1910 1909
f 1911 1910 1928
f 1910 1926 1927
f 1910 1927 1928
f 1928 1912 1911
f 1912 1930 1913
f 1928 1929 1912
f 1929 1930 1912
f 1913 1930 1914
f 1915 1914 1931
f 1914 1930 1931
f 1916 1915 1932
f 1932 1915 1931
f 1933 1917 1916
f 1932 1933 1916
f 1934 1918 1917
f 1917 1933 1934
f 1935 1918 1934
f 3712 1918 1935
f 3712 3283 1918
f 1919 1936 1920
f 3292 1936 1919
f 3291 1919 3288
f 3292 1919 3291
f 1920 1937 1921
f 1920 1936 1937
f 1938 1922 1921
f 1938 1921 1937
f 1923 1922 1938
f 1923 1940 1924
f 1938 1939 1923
f 1940 1923 1939
f 1940 1925 1924
f 1925 1942 1926
f 1940 1941 1925
f 1941 1942 1925
f 1926 1942 1927
f 1927 1944 1928
f 1927 1942 1943
f 1943 1944 1927
f 1928 1944 1929
f 1946 1930 1929
f 1944 1945 1929
f 1929 1945 1946
f 1931 1930 1946
f 1948 1932 1931
f 1947 1931 1946
f 1947 1948 1931
f 1933 1932 1949
f 1948 1949 1932
f 1950 1934 1933
f 1950 1933 1949
f 1935 1934 1951
f 1950 1951 1934
f 1952 1935 1951
f 3289 1935 1952
f 3289 3712 1935
f 1937 1936 1954
f 1954 1936 1953
f 1953 1936 3292
f 1938 1937 1955
f 1955 1937 1954
f 1939 1938 1955
f 1957 1940 1939
f 1955 1956 1939
f 1939 1956 1957
f 1957 1941 1940
f 1959 1942 1941
f 1958 1941 1957
f 1959 1941 1958
f 1959 1943 1942
f 1944 1943 1961
f 1943 1959 1960
f 1943 1960 1961
f 1945 1944 1961
f 1946 1945 1963
f 1962 1945 1961
f 1945 1962 1963
f 1963 1947 1946
f 1965 1948 1947
f 1964 1947 1963
f 1965 1947 1964
f 1966 1949 1948
f 1948 1965 1966
f 1950 1949 1967
f 1966 1967 1949
f 1951 1950 1968
f 1950 1967 1968
f 1969 1952 1951
f 1969 1951 1968
f 1952 1969 1970
f 1952 1970 3293
f 3289 1952 3293
f 1953 1971 1954
f 3300 1971 1953
f 1953 3292 3296
f 3296 3300 1953
f 1954 1972 1955
f 1971 1972 1954
f 1972 1956 1955
f 1957 1956 1974
f 1973 1956 1972
f 1974 1956 1973
f 1974 1958 1957
f 1976 1959 1958
f 1958 1974 1975
f 1975 1976 1958
f 1976 1960 1959
f 1960 1978 1961
f 1976 1977 1960
f 1978 1960 1977
f 1962 1961 1978
f 1963 1962 1980
f 1978 1979 1962
f 1979 1980 1962
f 1963 1980 1964
f 1965 1964 1982
f 1964 1980 1981
f 1982 1964 1981
f 1965 1983 1966
f 1982 1983 1965
f 1966 1984 1967
f 1966 1983 1984
f 1968 1967 1985
f 1984 1985 1967
f 1968 1986 1969
f 1968 1985 1986
f 1970 1969 1987
f 1986 1987 1969
f 1988 1970 1987
f 1988 3297 1970
f 1970 3297 3293
f 1971 1990 1972
f 1971 1989 1990
f 3300 1989 1971
f 1990 1973 1972
f 1992 1974 1973
f 1990 1991 1973
f 1973 1991 1992
f 1975 1974 1992
f 1975 1994 1976
f 1975 1992 1993
f 1993 1994 1975
f 1976 1994 1977
f 1996 1978 1977
f 1977 1994 1995
f 1995 1996 1977
f 1996 1979 1978
f 1998 1980 1979
f 1996 1997 1979
f 1979 1997 1998
f 1981 1980 1998
f 1981 2000 1982
f 1981 1998 1999
f 2000 1981 1999
f 2001 1983 1982
f 2000 2001 1982
f 1984 1983 2002
f 2001 2002 1983
f 1985 1984 2003
f 1984 2002 2003
f 2004 1986 1985
f 2003 2004 1985
f 1987 1986 2004
f 1987 2005 1988
f 2004 2005 1987
f 2006 1988 2005
f 2007 1988 2006
f 2007 3301 1988
f 3297 1988 3301
f 1990 1989 2008
f 1989 3318 2008
f 3304 1989 3300
f 3318 1989 3304
f 2008 1991 1990
f 2010 1992 1991
f 2009 1991 2008
f 2009 2010 1991
f 1992 2010 1993
f 2012 1994 1993
f 1993 2010 2011
f 2011 2012 1993
f 1995 1994 2012
f 1996 1995 2014
f 2012 2013 1995
f 1995 2013 2014
f 2014 1997 1996
f 1998 1997 2016
f 2014 2015 1997
f 2016 1997 2015
f 1999 1998 2016
f 1999 2018 2000
f 1999 2016 2017
f 2017 2018 1999
f 2018 2001 2000
f 2019 2002 2001
f 2019 2001 2018
f 2003 2002 2020
f 2020 2002 2019
f 2004 2003 2021
f 2020 2021 2003
f 2022 2005 2004
f 2022 2004 2021
f 2023 2006 2005
f 2023 2005 2022
f 2006 2024 2007
f 2023 2024 2006
f 2025 2007 2024
f 3305 2007 2025
f 2007 3305 3301
f 2037 2009 2008
f 2008 3318 2037
f 2010 2009 2039
f 2037 2038 2009
f 2038 2039 2009
f 2011 2010 2039
f 2011 2041 2012
f 2011 2039 2040
f 2011 2040 2041
f 2012 2041 2013
f 2013 2043 2014
f 2041 2042 2013
f 2043 2013 2042
f 2043 2015 2014
f 2016 2015 2045
f 2043 2044 2015
f 2015 2044 2045
f 2017 2016 2045
f 2018 2017 2047
f 2046 2017 2045
f 2047 2017 2046
f 2048 2019 2018
f 2018 2047 2048
f 2020 2019 2049
f 2049 2019 2048
f 2050 2021 2020
f 2050 2020 2049
f 2022 2021 2051
f 2051 2021 2050
f 2022 2052 2023
f 2022 2051 2052
f 2023 2053 2024
f 2052 2053 2023
f 2054 2025 2024
f 2024 2053 2054
f 2025 2054 2055
f 2025 2055 3319
f 2025 3319 3305
f 2056 2027 2026
f 3307 2026 2027
f 2056 2026 3326
f 3307 3320 2026
f 3320 3326 2026
f 2028 2027 2057
f 2028 3308 2027
f 2056 2057 2027
f 3308 3307 2027
f 2029 2028 2058
f 2028 2029 3309
f 2058 2028 2057
f 3308 2028 3309
f 2029 2059 2030
f 2030 3310 2029
f 2059 2029 2058
f 3309 2029 3310
f 2030 2060 2031
f 2031 3311 2030
f 2030 2059 2060
f 3311 3310 2030
f 2032 2031 2061
f 3312 2031 2032
f 2060 2061 2031
f 2031 3312 3311
f 2032 2062 2033
f 2032 2033 3313
f 2061 2062 2032
f 3312 2032 3313
f 2034 2033 2063
f 2033 2034 3314
f 2033 2062 2063
f 3313 2033 3314
f 2035 2034 2064
f 2035 3315 2034
f 2064 2034 2063
f 2034 3315 3314
f 2035 2065 2036
f 2035 2036 3721
f 2035 2064 2065
f 3721 3315 2035
f 2066 2036 2065
f 2066 3321 2036
f 3321 3721 2036
f 3330 2038 2037
f 3324 2037 3318
f 2037 3324 3330
f 2038 2068 2039
f 2067 2068 2038
f 3330 2067 2038
f 2068 2040 2039
f 2041 2040 2070
f 2069 2040 2068
f 2070 2040 2069
f 2070 2042 2041
f 2042 2072 2043
f 2070 2071 2042
f 2072 2042 2071
f 2072 2044 2043
f 2045 2044 2074
f 2072 2073 2044
f 2074 2044 2073
f 2074 2046 2045
f 2047 2046 2075
f 2046 2074 2075
f 2048 2047 2076
f 2047 2075 2076
f 2077 2049 2048
f 2076 2077 2048
f 2049 2079 2050
f 2049 2077 2078
f 2078 2079 2049
f 2051 2050 2079
f 2052 2051 2081
f 2080 2051 2079
f 2081 2051 2080
f 2053 2052 2082
f 2081 2082 2052
f 2054 2053 2083
f 2053 2082 2083
f 2084 2055 2054
f 2083 2084 2054
f 2085 2055 2084
f 3325 2055 2085
f 2055 3325 3319
f 2057 2056 2087
f 2086 2087 2056
f 2086 2056 3326
f 2088 2058 2057
f 2057 2087 2088
f 2059 2058 2089
f 2058 2088 2089
f 2059 2090 2060
f 2059 2089 2090
f 2060 2091 2061
f 2091 2060 2090
f 2062 2061 2092
f 2092 2061 2091
f 2063 2062 2093
f 2093 2062 2092
f 2064 2063 2094
f 2063 2093 2094
f 2065 2064 2095
f 2095 2064 2094
f 2065 2096 2066
f 2095 2096 2065
f 2096 2097 2066
f 2066 2097 3327
f 3327 3321 2066
f 2068 2067 2099
f 2067 2098 2099
f 2098 2067 3336
f 3336 2067 3330
f 2099 2069 2068
f 2069 2101 2070
f 2099 2100 2069
f 2101 2069 2100
f 2101 2071 2070
f 2072 2071 2103
f 2102 2071 2101
f 2071 2102 2103
f 2103 2073 2072
f 2073 2105 2074
f 2103 2104 2073
f 2073 2104 2105
f 2075 2074 2106
f 2074 2105 2106
f 2075 2107 2076
f 2106 2107 2075
f 2108 2077 2076
f 2107 2108 2076
f 2077 2109 2078
f 2109 2077 2108
f 2110 2079 2078
f 2109 2110 2078
f 2079 2110 2080
f 2081 2080 2112
f 2110 2111 2080
f 2080 2111 2112
f 2082 2081 2113
f 2113 2081 2112
f 2083 2082 2114
f 2114 2082 2113
f 2083 2115 2084
f 2114 2115 2083
f 2116 2085 2084
f 2116 2084 2115
f 2085 2116 2117
f 2085 2117 3331
f 3325 2085 3331
f 3338 2087 2086
f 2086 3326 3332
f 3332 3338 2086
f 2088 2087 2119
f 2087 2118 2119
f 3338 2118 2087
f 2088 2120 2089
f 2120 2088 2119
f 2090 2089 2121
f 2121 2089 2120
f 2122 2091 2090
f 2121 2122 2090
f 2123 2092 2091
f 2123 2091 2122
f 2093 2092 2124
f 2092 2123 2124
f 2094 2093 2125
f 2125 2093 2124
f 2095 2094 2126
f 2125 2126 2094
f 2096 2095 2127
f 2126 2127 2095
f 2097 2096 2127
f 2097 2127 2128
f 2097 2128 3333
f 2097 4054 3327
f 4054 2097 3333
f 2099 2098 2130
f 3342 2130 2098
f 2098 3336 3341
f 3341 3342 2098
f 2130 2100 2099
f 2101 2100 2132
f 2130 2131 2100
f 2131 2132 2100
f 2101 2132 2102
f 2102 2134 2103
f 2132 2133 2102
f 2133 2134 2102
f 2103 2134 2104
f 2104 2136 2105
f 2134 2135 2104
f 2104 2135 2136
f 2105 2136 2106
f 2137 2107 2106
f 2106 2136 2137
f 2108 2107 2139
f 2137 2138 2107
f 2139 2107 2138
f 2109 2108 2139
f 2141 2110 2109
f 2140 2109 2139
f 2141 2109 2140
f 2111 2110 2141
f 2111 2143 2112
f 2141 2142 2111
f 2111 2142 2143
f 2112 2144 2113
f 2143 2144 2112
f 2114 2113 2145
f 2144 2145 2113
f 2146 2115 2114
f 2114 2145 2146
f 2147 2116 2115
f 2146 2147 2115
f 2148 2117 2116
f 2147 2148 2116
f 2149 2117 2148
f 3337 2117 2149
f 2117 3337 3331
f 2119 2118 2150
f 2150 2118 3344
f 3338 3734 2118
f 2118 3734 3344
f 2120 2119 2151
f 2151 2119 2150
f 2121 2120 2152
f 2152 2120 2151
f 2121 2153 2122
f 2121 2152 2153
f 2122 2154 2123
f 2153 2154 2122
f 2124 2123 2155
f 2123 2154 2155
f 2124 2156 2125
f 2124 2155 2156
f 2125 2157 2126
f 2125 2156 2157
f 2126 2158 2127
f 2157 2158 2126
f 2128 2127 2158
f 2129 2128 2159
f 3333 2128 2129
f 2128 2158 2159
f 2159 2160 2129
f 2129 2160 3339
f 2129 4057 3333
f 3339 4057 2129
f 2130 2162 2131
f 3342 2162 2130
f 2131 2164 2132
f 2163 2131 2162
f 2163 2164 2131
f 2132 2164 2133
f 2133 2166 2134
f 2133 2164 2165
f 2166 2133 2165
f 2134 2166 2135
f 2136 2135 2168
f 2166 2167 2135
f 2168 2135 2167
f 2137 2136 2169
f 2169 2136 2168
f 2137 2170 2138
f 2137 2169 2170
f 2139 2138 2171
f 2171 2138 2170
f 2140 2139 2171
f 2140 2173 2141
f 2172 2140 2171
f 2172 2173 2140
f 2141 2173 2142
f 2142 2175 2143
f 2142 2173 2174
f 2142 2174 2175
f 2143 2175 2144
f 2176 2145 2144
f 2175 2176 2144
f 2146 2145 2177
f 2145 2176 2177
f 2147 2146 2178
f 2178 2146 2177
f 2147 2179 2148
f 2178 2179 2147
f 2148 2180 2149
f 2148 2179 2180
f 2181 2149 2180
f 3343 2149 2181
f 2149 3343 3337
f 2151 2150 2183
f 2183 2150 3350
f 3344 3350 2150
f 2152 2151 2184
f 2151 2183 2184
f 2153 2152 2186
f 2185 2152 2184
f 2152 2185 2186
f 2186 2154 2153
f 2155 2154 2187
f 2186 2187 2154
f 2156 2155 2188
f 2188 2155 2187
f 2156 2189 2157
f 2188 2189 2156
f 2191 2158 2157
f 2157 2189 2190
f 2191 2157 2190
f 2159 2158 2191
f 2160 2159 2192
f 2159 2191 2192
f 2160 2193 2161
f 2160 2161 3339
f 2160 2192 2193
f 2193 2194 2161
f 2161 2194 3345
f 4060 3339 2161
f 4060 2161 3345
f 2163 2162 2196
f 2196 2162 3354
f 3348 2162 3342
f 3354 2162 3348
f 2163 2197 2164
f 2196 2197 2163
f 2165 2164 2198
f 2164 2197 2198
f 2165 2199 2166
f 2199 2165 2198
f 2166 2200 2167
f 2166 2199 2200
f 2168 2167 2201
f 2167 2200 2201
f 2168 2202 2169
f 2168 2201 2202
f 2203 2170 2169
f 2169 2202 2203
f 2204 2171 2170
f 2170 2203 2204
f 2205 2172 2171
f 2205 2171 2204
f 2206 2173 2172
f 2205 2206 2172
f 2174 2173 2207
f 2207 2173 2206
f 2175 2174 2208
f 2207 2208 2174
f 2209 2176 2175
f 2208 2209 2175
f 2177 2176 2210
f 2210 2176 2209
f 2177 2211 2178
f 2211 2177 2210
f 2178 2212 2179
f 2178 2211 2212
f 2180 2179 2213
f 2212 2213 2179
f 2181 2180 2214
f 2180 2213 2214
f 2214 2182 2181
f 3343 2181 2182
f 2215 2182 2214
f 2182 2215 2216
f 2182 2216 3349
f 3343 2182 3349
f 2217 2184 2183
f 2217 2183 3356
f 3356 2183 3350
f 2217 2185 2184
f 2219 2186 2185
f 2185 2217 2218
f 2218 2219 2185
f 2220 2187 2186
f 2186 2219 2220
f 2188 2187 2221
f 2220 2221 2187
f 2222 2189 2188
f 2188 2221 2222
f 2189 2223 2190
f 2222 2223 2189
f 2224 2191 2190
f 2223 2224 2190
f 2225 2192 2191
f 2191 2224 2225
f 2225 2193 2192
f 2194 2193 2226
f 2193 2225 2226
f 2194 2227 2195
f 2195 3345 2194
f 2227 2194 2226
f 2195 2227 2228
f 2195 2228 3351
f 2195 4064 3345
f 4064 2195 3351
f 2197 2196 2231
f 2230 2231 2196
f 3354 2230 2196
f 2198 2197 2232
f 2232 2197 2231
f 2233 2199 2198
f 2198 2232 2233
f 2199 2234 2200
f 2199 2233 2234
f 2235 2201 2200
f 2200 2234 2235
f 2201 2236 2202
f 2235 2236 2201
f 2237 2203 2202
f 2237 2202 2236
f 2203 2238 2204
f 2237 2238 2203
f 2239 2205 2204
f 2239 2204 2238
f 2205 2240 2206
f 2205 2239 2240
f 2207 2206 2241
f 2241 2206 2240
f 2208 2207 2242
f 2207 2241 2242
f 2209 2208 2243
f 2243 2208 2242
f 2244 2210 2209
f 2209 2243 2244
f 2245 2211 2210
f 2245 2210 2244
f 2212 2211 2246
f 2245 2246 2211
f 2213 2212 2247
f 2212 2246 2247
f 2248 2214 2213
f 2213 2247 2248
f 2214 2249 2215
f 2248 2249 2214
f 2250 2216 2215
f 2250 2215 2249
f 2251 2216 2250
f 3355 2216 2251
f 3349 2216 3355
f 3361 2218 2217
f 3356 3742 2217
f 3742 3361 2217
f 2253 2219 2218
f 2252 2253 2218
f 2252 2218 3361
f 2219 2254 2220
f 2254 2219 2253
f 2255 2221 2220
f 2255 2220 2254
f 2222 2221 2256
f 2256 2221 2255
f 2222 2257 2223
f 2222 2256 2257
f 2223 2258 2224
f 2223 2257 2258
f 2225 2224 2259
f 2224 2258 2259
f 2226 2225 2260
f 2260 2225 2259
f 2261 2227 2226
f 2260 2261 2226
f 2227 2261 2228
f 2228 2262 2229
f 2229 3351 2228
f 2261 2262 2228
f 2262 2263 2229
f 2263 3357 2229
f 2229 4068 3351
f 2229 3357 4068
f 2230 2266 2231
f 2265 2266 2230
f 2230 3360 2265
f 3354 3360 2230
f 2232 2231 2267
f 2231 2266 2267
f 2233 2232 2268
f 2268 2232 2267
f 2234 2233 2269
f 2233 2268 2269
f 2234 2270 2235
f 2269 2270 2234
f 2235 2271 2236
f 2235 2270 2271
f 2236 2272 2237
f 2272 2236 2271
f 2238 2237 2273
f 2237 2272 2273
f 2274 2239 2238
f 2274 2238 2273
f 2239 2275 2240
f 2275 2239 2274
f 2240 2276 2241
f 2240 2275 2276
f 2242 2241 2277
f 2241 2276 2277
f 2243 2242 2278
f 2278 2242 2277
f 2279 2244 2243
f 2278 2279 2243
f 2245 2244 2280
f 2244 2279 2280
f 2281 2246 2245
f 2245 2280 2281
f 2247 2246 2282
f 2282 2246 2281
f 2283 2248 2247
f 2283 2247 2282
f 2249 2248 2284
f 2284 2248 2283
f 2249 2285 2250
f 2249 2284 2285
f 2286 2251 2250
f 2250 2285 2286
f 2287 2251 2286
f 2287 3740 2251
f 3355 2251 3740
f 2288 2253 2252
f 3366 2288 2252
f 3366 2252 3361
f 2254 2253 2290
f 2289 2253 2288
f 2290 2253 2289
f 2254 2291 2255
f 2290 2291 2254
f 2255 2292 2256
f 2292 2255 2291
f 2256 2293 2257
f 2292 2293 2256
f 2257 2294 2258
f 2294 2257 2293
f 2258 2295 2259
f 2258 2294 2295
f 2296 2260 2259
f 2296 2259 2295
f 2261 2260 2297
f 2296 2297 2260
f 2298 2262 2261
f 2297 2298 2261
f 2262 2299 2263
f 2298 2299 2262
f 2263 2300 2264
f 2264 3357 2263
f 2299 2300 2263
f 2264 2300 3362
f 2264 4072 3357
f 3362 4072 2264
f 2303 2266 2265
f 2303 2265 2302
f 2302 2265 3365
f 3365 2265 3360
f 2267 2266 2304
f 2304 2266 2303
f 2268 2267 2305
f 2267 2304 2305
f 2269 2268 2306
f 2306 2268 2305
f 2269 2307 2270
f 2269 2306 2307
f 2308 2271 2270
f 2307 2308 2270
f 2271 2309 2272
f 2308 2309 2271
f 2273 2272 2310
f 2309 2310 2272
f 2273 2311 2274
f 2310 2311 2273
f 2275 2274 2312
f 2274 2311 2312
f 2275 2313 2276
f 2275 2312 2313
f 2314 2277 2276
f 2314 2276 2313
f 2278 2277 2315
f 2315 2277 2314
f 2278 2316 2279
f 2278 2315 2316
f 2317 2280 2279
f 2279 2316 2317
f 2318 2281 2280
f 2317 2318 2280
f 2281 2319 2282
f 2319 2281 2318
f 2283 2282 2320
f 2319 2320 2282
f 2284 2283 2321
f 2283 2320 2321
f 2322 2285 2284
f 2321 2322 2284
f 2286 2285 2323
f 2323 2285 2322
f 2286 2324 2287
f 2286 2323 2324
f 2325 2287 2324
f 2325 3744 2287
f 3744 3740 2287
f 2326 2289 2288
f 2326 2288 3372
f 3366 3749 2288
f 2288 3749 3372
f 2327 2290 2289
f 2289 2326 2327
f 2290 2328 2291
f 2290 2327 2328
f 2329 2292 2291
f 2291 2328 2329
f 2292 2330 2293
f 2292 2329 2330
f 2294 2293 2331
f 2331 2293 2330
f 2294 2332 2295
f 2332 2294 2331
f 2296 2295 2333
f 2295 2332 2333
f 2297 2296 2334
f 2296 2333 2334
f 2297 2335 2298
f 2297 2334 2335
f 2298 2336 2299
f 2335 2336 2298
f 2300 2299 2337
f 2337 2299 2336
f 2300 2338 2301
f 3362 2300 2301
f 2300 2337 2338
f 2301 2338 2339
f 2301 2339 3367
f 3362 2301 4075
f 3367 4075 2301
f 3370 2344 2302
f 3365 3370 2302
f 3371 2325 2346
f 3371 3745 2325
f 2325 3745 3744
f 2326 2366 2327
f 2366 2326 2365
f 2326 3401 2365
f 3372 3401 2326
f 2367 2328 2327
f 2367 2327 2366
f 2329 2328 2368
f 2368 2328 2367
f 2369 2330 2329
f 2369 2329 2368
f 2330 2370 2331
f 2369 2370 2330
f 2371 2332 2331
f 2371 2331 2370
f 2333 2332 2372
f 2332 2371 2372
f 2333 2373 2334
f 2372 2373 2333
f 2335 2334 2374
f 2374 2334 2373
f 2335 2375 2336
f 2374 2375 2335
f 2337 2336 2376
f 2336 2375 2376
f 2377 2338 2337
f 2376 2377 2337
f 2339 2338 2378
f 2378 2338 2377
f 2339 2378 2379
f 2379 3373 2339
f 3367 2339 3373
f 2340 2342 3369
f 3368 2340 3369
f 3756 2340 3368
f 3756 3377 2340
f 2341 2344 2342
f 2344 2341 2343
f 2342 2344 3370
f 3369 2342 3370
f 2345 3378 2346
f 2347 3378 2345
f 2346 3379 3371
f 3378 3379 2346
f 3378 2347 2348
f 3380 2348 2349
f 3378 2348 3380
f 2349 2350 3381
f 3380 2349 3381
f 3382 2350 2351
f 3382 3381 2350
f 2352 3383 2351
f 2351 3383 3382
f 3384 2352 2353
f 3384 3383 2352
f 2353 2354 3385
f 3384 2353 3385
f 2355 3386 2354
f 2354 3386 3385
f 2356 3387 2355
f 3387 3386 2355
f 3388 2356 2357
f 3388 3387 2356
f 3389 2357 2358
f 3389 3388 2357
f 3390 2358 2359
f 3389 2358 3390
f 2359 2360 3391
f 2359 3391 3390
f 3392 2360 2361
f 3391 2360 3392
f 2362 3393 2361
f 3393 3392 2361
f 2363 3394 2362
f 3394 3393 2362
f 2363 2364 3395
f 3395 3394 2363
f 3395 2364 3396
f 2365 2401 2366
f 2400 2401 2365
f 2365 3401 2400
f 2366 2402 2367
f 2401 2402 2366
f 2367 2403 2368
f 2367 2402 2403
f 2368 2403 2369
f 3750 2379 2380
f 3750 3373 2379
f 3750 2380 2381
f 3780 2381 3402
f 3750 2381 3780
f 3404 2382 2383
f 3404 3403 2382
f 2384 3405 2383
f 3405 3404 2383
f 3406 2384 2385
f 3406 3405 2384
f 2385 2386 3407
f 3407 3406 2385
f 2386 2387 3408
f 3407 2386 3408
f 2388 3409 2387
f 2387 3409 3408
f 2388 2389 3410
f 3410 3409 2388
f 2389 2390 3411
f 3411 3410 2389
f 2391 3412 2390
f 2390 3412 3411
f 3413 2391 2392
f 3413 3412 2391
f 3414 2392 2393
f 3413 2392 3414
f 2393 2396 2394
f 3414 2393 2394
f 2395 2396 2393
f 2394 2396 3751
f 3793 3414 2394
f 3793 2394 3751
f 3752 2396 3374
f 3751 2396 3752
f 2399 2398 2397
f 3778 2398 2399
f 3400 2398 3777
f 2398 3778 3777
f 2399 3415 3794
f 2399 3794 3778
f 2400 3401 3416
f 3416 3422 2400
f 2404 2405 3425
f 2405 3419 3798
f 3425 2405 3800
f 3798 3800 2405
f 3428 2408 2406
f 2406 3425 3428
f 2409 3431 2407
f 3429 2407 3431
f 2408 3430 2410
f 2408 3428 3430
f 2411 3433 2409
f 3433 3431 2409
f 2410 3432 2412
f 3430 3432 2410
f 2411 2413 3435
f 3433 2411 3435
f 2412 3434 2414
f 2412 3432 3434
f 2413 3437 3435
f 2415 2414 3436
f 3434 3436 2414
f 2415 3438 2416
f 3438 2415 3436
f 2417 2416 3440
f 3438 3439 2416
f 3439 3440 2416
f 2418 2417 3440
f 2420 2418 3442
f 3440 3442 2418
f 2419 2425 3441
f 3437 2419 3441
f 2426 2421 2420
f 2426 2420 3442
f 2421 2427 2422
f 2426 2427 2421
f 2428 2423 2422
f 2427 2428 2422
f 2429 2423 2428
f 2423 2429 2430
f 2425 2424 3443
f 3460 2424 2461
f 2424 3460 3443
f 2425 3443 3441
f 2463 2427 2426
f 2426 2462 2463
f 2462 2426 3444
f 3444 2426 3442
f 2464 2428 2427
f 2463 2464 2427
f 2429 2428 2465
f 2464 2465 2428
f 2429 2466 2430
f 2466 2429 2465
f 2431 2430 2466
f 2467 2432 2431
f 2467 2431 2466
f 2468 2433 2432
f 2467 2468 2432
f 2469 2434 2433
f 2469 2433 2468
f 2435 2434 2470
f 2470 2434 2469
f 2435 2471 2436
f 2470 2471 2435
f 2436 2472 2437
f 2436 2471 2472
f 2437 2473 2438
f 2437 2472 2473
f 2438 2474 2439
f 2438 2473 2474
f 2440 2439 2475
f 2474 2475 2439
f 2441 2440 3462
f 2440 2475 3462
f 2442 2441 3463
f 3463 2441 3462
f 2443 2442 3445
f 2442 3464 3445
f 3463 3464 2442
f 2444 2443 3446
f 3445 3446 2443
f 2445 2444 3447
f 3446 3447 2444
f 2445 3448 2446
f 3447 3448 2445
f 2446 3449 2447
f 2446 3448 3449
f 2447 3450 2448
f 2447 3449 3450
f 2449 2448 3451
f 3450 3451 2448
f 2449 3452 2450
f 2449 3451 3452
f 2451 2450 3453
f 2450 3452 3453
f 2451 3454 2452
f 2451 3453 3454
f 2453 2452 3455
f 2452 3454 3455
f 2454 2453 3456
f 3456 2453 3455
f 2454 3456 2455
f 2455 3457 2456
f 3457 2455 3456
f 3465 2457 2456
f 2456 3457 3465
f 2476 2457 3466
f 2457 3465 3466
f 2458 3492 2459
f 2504 3492 2458
f 2460 2459 3458
f 3458 2459 3493
f 3492 3493 2459
f 3459 2461 2460
f 3459 2460 3458
f 3460 2461 3459
f 2462 2506 2463
f 2505 2506 2462
f 2505 2462 3461
f 3461 2462 3444
f 2463 2507 2464
f 2506 2507 2463
f 2464 2508 2465
f 2507 2508 2464
f 2466 2465 2509
f 2465 2508 2509
f 2467 2466 2510
f 2510 2466 2509
f 2511 2468 2467
f 2467 2510 2511
f 2512 2469 2468
f 2512 2468 2511
f 2469 2513 2470
f 2512 2513 2469
f 2514 2471 2470
f 2470 2513 2514
f 2515 2472 2471
f 2515 2471 2514
f 2473 2472 2516
f 2515 2516 2472
f 2517 2474 2473
f 2517 2473 2516
f 2475 2474 3496
f 2517 3496 2474
f 3496 3462 2475
f 3468 2477 2476
f 3466 3467 2476
f 3467 3468 2476
f 2478 2477 3469
f 3469 2477 3468
f 2479 2478 3470
f 2478 3469 3470
f 3470 2480 2479
f 2481 2480 3497
f 3497 2480 3470
f 2481 3498 2482
f 3497 3498 2481
f 2482 2518 2519
f 3498 2518 2482
f 2483 3471 2484
f 2542 3499 2483
f 2483 3499 3471
f 2484 3472 2485
f 2484 3471 3472
f 3473 2486 2485
f 3472 3473 2485
f 2487 2486 3474
f 2486 3473 3474
f 2487 3475 2488
f 3474 3475 2487
f 2489 2488 3476
f 2488 3475 3476
f 2490 2489 3477
f 3477 2489 3476
f 2491 2490 3478
f 3478 2490 3477
f 3479 2492 2491
f 3479 2491 3478
f 2493 2492 3480
f 3479 3480 2492
f 2494 2493 3481
f 3480 3481 2493
f 3482 2495 2494
f 3481 3482 2494
f 3483 2496 2495
f 3482 3483 2495
f 3484 2497 2496
f 3483 3484 2496
f 3485 2498 2497
f 3485 2497 3484
f 3486 2499 2498
f 3486 2498 3485
f 2499 3487 2500
f 3487 2499 3486
f 2500 3488 2501
f 3487 3488 2500
f 2501 3489 2502
f 3488 3489 2501
f 2503 2502 3490
f 3490 2502 3489
f 2504 2503 3491
f 3491 2503 3490
f 2504 3491 3492
f 2546 2506 2505
f 2545 2546 2505
f 3495 2545 2505
f 2505 3461 3495
f 2547 2507 2506
f 2506 2546 2547
f 2507 2548 2508
f 2547 2548 2507
f 2509 2508 2549
f 2549 2508 2548
f 2510 2509 2550
f 2550 2509 2549
f 2551 2511 2510
f 2550 2551 2510
f 2512 2511 2552
f 2552 2511 2551
f 2512 2553 2513
f 2512 2552 2553
f 2514 2513 2554
f 2554 2513 2553
f 2555 2515 2514
f 2554 2555 2514
f 2516 2515 2556
f 2555 2556 2515
f 3500 2517 2516
f 2516 2556 3500
f 3870 3496 2517
f 3870 2517 3500
f 2519 2518 2557
f 2557 2518 3503
f 3498 3503 2518
f 2557 2520 2519
f 2521 2520 2558
f 2520 2557 2558
f 2521 2559 2522
f 2558 2559 2521
f 2522 2560 2523
f 2522 2559 2560
f 2524 2523 2561
f 2561 2523 2560
f 2525 2524 2562
f 2562 2524 2561
f 2526 2525 2563
f 2563 2525 2562
f 2527 2526 2564
f 2563 2564 2526
f 2527 2565 2528
f 2564 2565 2527
f 2528 2566 2529
f 2528 2565 2566
f 2529 2567 2530
f 2529 2566 2567
f 2530 2568 2531
f 2530 2567 2568
f 2569 2532 2531
f 2531 2568 2569
f 2533 2532 2570
f 2532 2569 2570
f 2533 2571 2534
f 2571 2533 2570
f 2535 2534 2572
f 2572 2534 2571
f 2573 2536 2535
f 2573 2535 2572
f 2574 2537 2536
f 2574 2536 2573
f 2575 2538 2537
f 2575 2537 2574
f 2538 2576 2539
f 2575 2576 2538
f 2539 2577 2540
f 2576 2577 2539
f 2578 2541 2540
f 2578 2540 2577
f 2541 2579 2542
f 2578 2579 2541
f 2579 3504 2542
f 2542 3504 3499
f 2544 2543 2580
f 3495 2543 2544
f 2543 3506 2580
f 3495 3494 2543
f 4205 2543 3494
f 2543 3869 3506
f 4205 3869 2543
f 2581 2545 2544
f 2545 3495 2544
f 2581 2544 2580
f 2545 2582 2546
f 2581 2582 2545
f 2583 2547 2546
f 2546 2582 2583
f 2547 2584 2548
f 2583 2584 2547
f 2585 2549 2548
f 2584 2585 2548
f 2586 2550 2549
f 2586 2549 2585
f 2550 2587 2551
f 2586 2587 2550
f 2588 2552 2551
f 2551 2587 2588
f 2552 2589 2553
f 2589 2552 2588
f 2554 2553 2590
f 2590 2553 2589
f 2554 2591 2555
f 2590 2591 2554
f 3507 2556 2555
f 2591 3507 2555
f 3500 2556 3874
f 3507 3874 2556
f 2558 2557 2593
f 2592 2593 2557
f 2592 2557 3503
f 2594 2559 2558
f 2594 2558 2593
f 2559 2595 2560
f 2594 2595 2559
f 2561 2560 2596
f 2595 2596 2560
f 2562 2561 2597
f 2596 2597 2561
f 2563 2562 2598
f 2597 2598 2562
f 2599 2564 2563
f 2599 2563 2598
f 2600 2565 2564
f 2599 2600 2564
f 2601 2566 2565
f 2600 2601 2565
f 2602 2567 2566
f 2601 2602 2566
f 2568 2567 2603
f 2603 2567 2602
f 2569 2568 2604
f 2604 2568 2603
f 2605 2570 2569
f 2605 2569 2604
f 2606 2571 2570
f 2606 2570 2605
f 2572 2571 2607
f 2607 2571 2606
f 2572 2608 2573
f 2572 2607 2608
f 2573 2609 2574
f 2573 2608 2609
f 2574 2610 2575
f 2574 2609 2610
f 2611 2576 2575
f 2610 2611 2575
f 2612 2577 2576
f 2611 2612 2576
f 2578 2577 2613
f 2612 2613 2577
f 2578 3511 2579
f 2578 2613 3511
f 2579 3511 3504
f 2580 2617 2581
f 2616 2617 2580
f 2580 3506 2616
f 2582 2581 2618
f 2581 2617 2618
f 2582 2619 2583
f 2618 2619 2582
f 2584 2583 2620
f 2583 2619 2620
f 2585 2584 2621
f 2620 2621 2584
f 2586 2585 2622
f 2622 2585 2621
f 2587 2586 2623
f 2586 2622 2623
f 2587 2624 2588
f 2587 2623 2624
f 2589 2588 2625
f 2625 2588 2624
f 2589 2626 2590
f 2625 2626 2589
f 2590 3513 2591
f 2626 3513 2590
f 3513 3507 2591
f 2628 2593 2592
f 2592 2627 2628
f 3510 2627 2592
f 3503 3510 2592
f 2594 2593 2629
f 2628 2629 2593
f 2630 2595 2594
f 2629 2630 2594
f 2631 2596 2595
f 2630 2631 2595
f 2632 2597 2596
f 2631 2632 2596
f 2633 2598 2597
f 2633 2597 2632
f 2599 2598 2634
f 2634 2598 2633
f 2600 2599 2635
f 2599 2634 2635
f 2636 2601 2600
f 2635 2636 2600
f 2601 2637 2602
f 2636 2637 2601
f 2603 2602 2638
f 2638 2602 2637
f 2603 2639 2604
f 2639 2603 2638
f 2640 2605 2604
f 2640 2604 2639
f 2641 2606 2605
f 2640 2641 2605
f 2606 2642 2607
f 2606 2641 2642
f 2643 2608 2607
f 2607 2642 2643
f 2609 2608 2644
f 2643 2644 2608
f 2645 2610 2609
f 2609 2644 2645
f 2646 2611 2610
f 2646 2610 2645
f 2612 2611 2647
f 2646 2647 2611
f 2612 3517 2613
f 2612 2647 3517
f 3511 2613 3517
f 2614 2650 2615
f 3506 2614 2615
f 2614 2648 2649
f 2614 3512 2648
f 2650 2614 2649
f 3506 3505 2614
f 3505 3512 2614
f 2616 2615 2651
f 3506 2615 2616
f 2651 2615 2650
f 2617 2616 2652
f 2616 2651 2652
f 2618 2617 2653
f 2652 2653 2617
f 2619 2618 2654
f 2618 2653 2654
f 2620 2619 2655
f 2654 2655 2619
f 2620 2656 2621
f 2620 2655 2656
f 2622 2621 2657
f 2657 2621 2656
f 2623 2622 2658
f 2658 2622 2657
f 2659 2624 2623
f 2623 2658 2659
f 2625 2624 2660
f 2660 2624 2659
f 2625 3518 2626
f 2625 2660 3518
f 3513 2626 3518
f 2662 2628 2627
f 2661 2662 2627
f 2661 2627 3516
f 3516 2627 3510
f 2628 2663 2629
f 2662 2663 2628
f 2629 2664 2630
f 2629 2663 2664
f 2665 2631 2630
f 2664 2665 2630
f 2631 2666 2632
f 2665 2666 2631
f 2633 2632 2667
f 2632 2666 2667
f 2668 2634 2633
f 2633 2667 2668
f 2635 2634 2669
f 2669 2634 2668
f 2636 2635 2670
f 2669 2670 2635
f 2637 2636 2671
f 2671 2636 2670
f 2672 2638 2637
f 2672 2637 2671
f 2673 2639 2638
f 2672 2673 2638
f 2639 2674 2640
f 2673 2674 2639
f 2675 2641 2640
f 2675 2640 2674
f 2642 2641 2676
f 2675 2676 2641
f 2642 2677 2643
f 2676 2677 2642
f 2643 2678 2644
f 2643 2677 2678
f 2645 2644 2679
f 2678 2679 2644
f 2646 2645 2680
f 2645 2679 2680
f 2647 2646 3522
f 3522 2646 2680
f 3517 2647 3885
f 3522 3885 2647
f 2681 2649 2648
f 2681 2648 3524
f 2648 3512 3881
f 3881 3524 2648
f 2650 2649 2682
f 2682 2649 2681
f 2651 2650 2683
f 2650 2682 2683
f 2652 2651 2684
f 2651 2683 2684
f 2652 2685 2653
f 2652 2684 2685
f 2654 2653 2686
f 2686 2653 2685
f 2655 2654 2687
f 2654 2686 2687
f 2656 2655 2688
f 2655 2687 2688
f 2657 2656 2689
f 2689 2656 2688
f 2690 2658 2657
f 2690 2657 2689
f 2659 2658 2691
f 2691 2658 2690
f 2660 2659 3525
f 2659 2691 3525
f 3525 3518 2660
f 2661 2694 2662
f 2661 2693 2694
f 2661 3521 2693
f 3516 3521 2661
f 2663 2662 2695
f 2662 2694 2695
f 2664 2663 2697
f 2696 2663 2695
f 2696 2697 2663
f 2697 2665 2664
f 2699 2666 2665
f 2698 2665 2697
f 2698 2699 2665
f 2666 2700 2667
f 2700 2666 2699
f 2667 2701 2668
f 2700 2701 2667
f 2668 2702 2669
f 2701 2702 2668
f 2703 2670 2669
f 2669 2702 2703
f 2671 2670 2704
f 2703 2704 2670
f 2672 2671 2705
f 2671 2704 2705
f 2706 2673 2672
f 2705 2706 2672
f 2707 2674 2673
f 2707 2673 2706
f 2675 2674 2708
f 2708 2674 2707
f 2709 2676 2675
f 2675 2708 2709
f 2710 2677 2676
f 2710 2676 2709
f 2711 2678 2677
f 2710 2711 2677
f 2712 2679 2678
f 2678 2711 2712
f 3529 2680 2679
f 2712 3529 2679
f 2680 3529 3522
f 2681 2716 2682
f 2681 2715 2716
f 2715 2681 3524
f 2683 2682 2717
f 2717 2682 2716
f 2718 2684 2683
f 2683 2717 2718
f 2685 2684 2719
f 2719 2684 2718
f 2685 2720 2686
f 2719 2720 2685
f 2686 2721 2687
f 2720 2721 2686
f 2687 2722 2688
f 2721 2722 2687
f 2689 2688 2723
f 2723 2688 2722
f 2724 2690 2689
f 2689 2723 2724
f 2690 3531 2691
f 2724 3531 2690
f 3531 3525 2691
f 2692 2725 2693
f 2693 3521 2692
f 2692 3534 2725
f 3520 2692 3521
f 3520 3528 2692
f 3534 2692 3528
f 2693 2726 2694
f 2725 2726 2693
f 2695 2694 2727
f 2727 2694 2726
f 2695 2728 2696
f 2695 2727 2728
f 2729 2697 2696
f 2696 2728 2729
f 2730 2698 2697
f 2730 2697 2729
f 2699 2698 2731
f 2730 2731 2698
f 2732 2700 2699
f 2732 2699 2731
f 2701 2700 2733
f 2732 2733 2700
f 2734 2702 2701
f 2701 2733 2734
f 2703 2702 2735
f 2735 2702 2734
f 2704 2703 2736
f 2736 2703 2735
f 2704 2737 2705
f 2704 2736 2737
f 2705 2738 2706
f 2737 2738 2705
f 2706 2739 2707
f 2738 2739 2706
f 2740 2708 2707
f 2740 2707 2739
f 2741 2709 2708
f 2741 2708 2740
f 2710 2709 2742
f 2741 2742 2709
f 2743 2711 2710
f 2743 2710 2742
f 3535 2712 2711
f 3535 2711 2743
f 3529 2712 3535
f 2714 2713 2746
f 2713 2714 3524
f 2744 2745 2713
f 2744 2713 3530
f 2713 2745 2746
f 3523 2713 3524
f 2713 3523 3530
f 2714 2747 2715
f 2715 3524 2714
f 2746 2747 2714
f 2748 2716 2715
f 2715 2747 2748
f 2749 2717 2716
f 2749 2716 2748
f 2750 2718 2717
f 2749 2750 2717
f 2718 2751 2719
f 2751 2718 2750
f 2752 2720 2719
f 2719 2751 2752
f 2753 2721 2720
f 2753 2720 2752
f 2721 2754 2722
f 2721 2753 2754
f 2722 2755 2723
f 2754 2755 2722
f 2723 3536 2724
f 2723 2755 3536
f 2724 3536 3531
f 2726 2725 2758
f 2758 2725 2757
f 2725 3534 2757
f 2726 2759 2727
f 2759 2726 2758
f 2727 2760 2728
f 2727 2759 2760
f 2729 2728 2762
f 2761 2728 2760
f 2761 2762 2728
f 2730 2729 2762
f 2730 2763 2731
f 2762 2763 2730
f 2732 2731 2764
f 2764 2731 2763
f 2733 2732 2765
f 2765 2732 2764
f 2733 2766 2734
f 2766 2733 2765
f 2735 2734 2767
f 2766 2767 2734
f 2735 2768 2736
f 2767 2768 2735
f 2769 2737 2736
f 2736 2768 2769
f 2738 2737 2770
f 2770 2737 2769
f 2772 2739 2738
f 2771 2738 2770
f 2772 2738 2771
f 2773 2740 2739
f 2773 2739 2772
f 2774 2741 2740
f 2740 2773 2774
f 2742 2741 2775
f 2775 2741 2774
f 2743 2742 3540
f 3540 2742 2775
f 3540 3535 2743
f 2744 2776 2745
f 2776 2744 3542
f 3892 2744 3530
f 3892 3542 2744
f 2777 2746 2745
f 2777 2745 2776
f 2747 2746 2778
f 2746 2777 2778
f 2779 2748 2747
f 2747 2778 2779
f 2749 2748 2780
f 2780 2748 2779
f 2749 2781 2750
f 2780 2781 2749
f 2782 2751 2750
f 2750 2781 2782
f 2783 2752 2751
f 2783 2751 2782
f 2784 2753 2752
f 2784 2752 2783
f 2754 2753 2785
f 2785 2753 2784
f 2755 2754 3543
f 3543 2754 2785
f 3543 3536 2755
f 2786 2757 2756
f 3534 2756 2757
f 2756 3546 2786
f 2756 3534 3533
f 2756 3533 3539
f 3546 2756 3539
f 2758 2757 2787
f 2787 2757 2786
f 2758 2788 2759
f 2758 2787 2788
f 2789 2760 2759
f 2789 2759 2788
f 2761 2760 2790
f 2789 2790 2760
f 2791 2762 2761
f 2761 2790 2791
f 2763 2762 2792
f 2791 2792 2762
f 2793 2764 2763
f 2792 2793 2763
f 2794 2765 2764
f 2764 2793 2794
f 2766 2765 2795
f 2765 2794 2795
f 2796 2767 2766
f 2796 2766 2795
f 2767 2797 2768
f 2796 2797 2767
f 2768 2798 2769
f 2797 2798 2768
f 2769 2799 2770
f 2798 2799 2769
f 2800 2771 2770
f 2770 2799 2800
f 2801 2772 2771
f 2800 2801 2771
f 2802 2773 2772
f 2802 2772 2801
f 2803 2774 2773
f 2773 2802 2803
f 2774 3547 2775
f 2803 3547 2774
f 3547 3540 2775
f 2776 3549 2777
f 3542 3548 2776
f 3549 2776 3548
f 2777 3550 2778
f 3550 2777 3549
f 3551 2779 2778
f 3551 2778 3550
f 3552 2780 2779
f 3552 2779 3551
f 2780 3553 2781
f 3553 2780 3552
f 2782 2781 3554
f 3553 3554 2781
f 2782 3555 2783
f 3554 3555 2782
f 2783 3556 2784
f 3556 2783 3555
f 3557 2785 2784
f 3556 3557 2784
f 2785 3557 3543
f 2786 2806 2787
f 2786 2805 2806
f 3546 2805 2786
f 2788 2787 2807
f 2787 2806 2807
f 2809 2789 2788
f 2808 2788 2807
f 2808 2809 2788
f 2789 2810 2790
f 2809 2810 2789
f 2791 2790 2811
f 2811 2790 2810
f 2791 2812 2792
f 2811 2812 2791
f 2793 2792 2812
f 2793 2814 2794
f 2793 2812 2813
f 2793 2813 2814
f 2795 2794 2815
f 2814 2815 2794
f 2816 2796 2795
f 2795 2815 2816
f 2797 2796 2817
f 2796 2816 2817
f 2797 2818 2798
f 2818 2797 2817
f 2819 2799 2798
f 2818 2819 2798
f 2800 2799 2820
f 2820 2799 2819
f 2821 2801 2800
f 2800 2820 2821
f 2822 2802 2801
f 2801 2821 2822
f 2803 2802 2822
f 2822 3561 2803
f 3547 2803 3561
f 2804 2823 2805
f 2804 2805 3546
f 2804 3564 2823
f 2804 3546 3545
f 3545 3560 2804
f 3564 2804 3560
f 2805 2824 2806
f 2805 2823 2824
f 2806 2825 2807
f 2824 2825 2806
f 2807 2826 2808
f 2825 2826 2807
f 2808 2827 2809
f 2808 2826 2827
f 2809 2828 2810
f 2827 2828 2809
f 2811 2810 2829
f 2828 2829 2810
f 2811 2830 2812
f 2829 2830 2811
f 2830 2813 2812
f 2814 2813 2832
f 2830 2831 2813
f 2813 2831 2832
f 2833 2815 2814
f 2814 2832 2833
f 2834 2816 2815
f 2834 2815 2833
f 2817 2816 2835
f 2834 2835 2816
f 2818 2817 2836
f 2836 2817 2835
f 2837 2819 2818
f 2837 2818 2836
f 2820 2819 2838
f 2838 2819 2837
f 2820 2839 2821
f 2838 2839 2820
f 2821 2840 2822
f 2821 2839 2840
f 2822 2840 3561
f 2823 2843 2824
f 2823 2842 2843
f 2842 2823 3564
f 2844 2825 2824
f 2844 2824 2843
f 2826 2825 2845
f 2845 2825 2844
f 2847 2827 2826
f 2846 2826 2845
f 2847 2826 2846
f 2828 2827 2848
f 2848 2827 2847
f 2849 2829 2828
f 2849 2828 2848
f 2850 2830 2829
f 2849 2850 2829
f 2850 2831 2830
f 2832 2831 2852
f 2851 2831 2850
f 2851 2852 2831
f 2832 2853 2833
f 2832 2852 2853
f 2833 2854 2834
f 2853 2854 2833
f 2835 2834 2855
f 2834 2854 2855
f 2856 2836 2835
f 2835 2855 2856
f 2857 2837 2836
f 2857 2836 2856
f 2837 2858 2838
f 2858 2837 2857
f 2859 2839 2838
f 2838 2858 2859
f 2839 3569 2840
f 3569 2839 2859
f 3561 2840 3565
f 3565 2840 3918
f 3918 2840 3569
f 2841 2860 2842
f 3564 2841 2842
f 2841 3572 2860
f 2841 3564 3563
f 3568 2841 3563
f 3572 2841 3568
f 2842 2861 2843
f 2842 2860 2861
f 2862 2844 2843
f 2861 2862 2843
f 2845 2844 2863
f 2862 2863 2844
f 2846 2845 2864
f 2864 2845 2863
f 2847 2846 2865
f 2864 2865 2846
f 2847 2866 2848
f 2866 2847 2865
f 2867 2849 2848
f 2866 2867 2848
f 2868 2850 2849
f 2867 2868 2849
f 2868 2851 2850
f 2870 2852 2851
f 2868 2869 2851
f 2870 2851 2869
f 2853 2852 2871
f 2871 2852 2870
f 2853 2872 2854
f 2871 2872 2853
f 2873 2855 2854
f 2854 2872 2873
f 2856 2855 2874
f 2874 2855 2873
f 2856 2875 2857
f 2856 2874 2875
f 2876 2858 2857
f 2857 2875 2876
f 2859 2858 3573
f 2876 3573 2858
f 3573 3569 2859
f 2879 2861 2860
f 2860 2878 2879
f 3572 2878 2860
f 2880 2862 2861
f 2861 2879 2880
f 2881 2863 2862
f 2881 2862 2880
f 2864 2863 2882
f 2882 2863 2881
f 2864 2884 2865
f 2882 2883 2864
f 2864 2883 2884
f 2866 2865 2885
f 2865 2884 2885
f 2867 2866 2886
f 2886 2866 2885
f 2887 2868 2867
f 2886 2887 2867
f 2868 2887 2869
f 2870 2869 2889
f 2887 2888 2869
f 2889 2869 2888
f 2871 2870 2890
f 2870 2889 2890
f 2871 2891 2872
f 2871 2890 2891
f 2872 2892 2873
f 2872 2891 2892
f 2873 2893 2874
f 2873 2892 2893
f 2874 2894 2875
f 2893 2894 2874
f 2876 2875 2894
f 2894 3577 2876
f 2876 3577 3573
f 2895 2878 2877
f 2877 2878 3572
f 2895 2877 3580
f 3571 2877 3572
f 3576 2877 3571
f 3580 2877 3576
f 2879 2878 2896
f 2895 2896 2878
f 2897 2880 2879
f 2897 2879 2896
f 2898 2881 2880
f 2898 2880 2897
f 2881 2899 2882
f 2898 2899 2881
f 2882 2900 2883
f 2899 2900 2882
f 2901 2884 2883
f 2901 2883 2900
f 2885 2884 2902
f 2902 2884 2901
f 2903 2886 2885
f 2885 2902 2903
f 2886 2904 2887
f 2903 2904 2886
f 2887 2904 2888
f 2889 2888 2906
f 2905 2888 2904
f 2906 2888 2905
f 2890 2889 2907
f 2906 2907 2889
f 2891 2890 2908
f 2907 2908 2890
f 2891 2909 2892
f 2908 2909 2891
f 2910 2893 2892
f 2910 2892 2909
f 2893 3581 2894
f 2910 3581 2893
f 2894 3581 3577
f 2913 2896 2895
f 2913 2895 2912
f 2895 3580 2912
f 2897 2896 2914
f 2914 2896 2913
f 2898 2897 2915
f 2914 2915 2897
f 2899 2898 2916
f 2915 2916 2898
f 2918 2900 2899
f 2899 2916 2917
f 2899 2917 2918
f 2901 2900 2919
f 2918 2919 2900
f 2901 2920 2902
f 2901 2919 2920
f 2902 2921 2903
f 2921 2902 2920
f 2903 2922 2904
f 2903 2921 2922
f 2922 2905 2904
f 2905 2924 2906
f 2922 2923 2905
f 2923 2924 2905
f 2906 2925 2907
f 2906 2924 2925
f 2907 2926 2908
f 2907 2925 2926
f 2908 2927 2909
f 2926 2927 2908
f 2909 2928 2910
f 2909 2927 2928
f 3581 2910 2928
f 2911 2929 2912
f 2912 3580 2911
f 3587 2929 2911
f 2911 3580 3579
f 3584 2911 3579
f 3584 3587 2911
f 2913 2912 2930
f 2912 2929 2930
f 2931 2914 2913
f 2930 2931 2913
f 2932 2915 2914
f 2932 2914 2931
f 2916 2915 2933
f 2933 2915 2932
f 2917 2916 2934
f 2916 2933 2934
f 2918 2917 2935
f 2917 2934 2935
f 2918 2936 2919
f 2935 2936 2918
f 2937 2920 2919
f 2937 2919 2936
f 2938 2921 2920
f 2938 2920 2937
f 2922 2921 2939
f 2938 2939 2921
f 2922 2939 2923
f 2923 2941 2924
f 2923 2939 2940
f 2923 2940 2941
f 2942 2925 2924
f 2942 2924 2941
f 2926 2925 2943
f 2925 2942 2943
f 2944 2927 2926
f 2926 2943 2944
f 2927 3588 2928
f 2927 2944 3588
f 3581 2928 3927
f 2928 3588 3930
f 3927 2928 3930
f 2930 2929 2947
f 2947 2929 2946
f 2929 3587 2946
f 2931 2930 2948
f 2930 2947 2948
f 2949 2932 2931
f 2931 2948 2949
f 2932 2950 2933
f 2950 2932 2949
f 2933 2952 2934
f 2933 2950 2951
f 2951 2952 2933
f 2935 2934 2953
f 2934 2952 2953
f 2954 2936 2935
f 2954 2935 2953
f 2936 2955 2937
f 2954 2955 2936
f 2937 2956 2938
f 2955 2956 2937
f 2938 2957 2939
f 2956 2957 2938
f 2939 2957 2940
f 2941 2940 2959
f 2957 2958 2940
f 2958 2959 2940
f 2960 2942 2941
f 2941 2959 2960
f 2961 2943 2942
f 2942 2960 2961
f 2944 2943 3592
f 2943 2961 3592
f 3592 3588 2944
f 2945 2962 2946
f 2946 3587 2945
f 3595 2962 2945
f 2945 3587 3586
f 3586 3591 2945
f 3591 3595 2945
f 2946 2963 2947
f 2946 2962 2963
f 2947 2964 2948
f 2947 2963 2964
f 2948 2965 2949
f 2948 2964 2965
f 2949 2966 2950
f 2965 2966 2949
f 2951 2950 2967
f 2950 2966 2967
f 2968 2952 2951
f 2968 2951 2967
f 2953 2952 2969
f 2969 2952 2968
f 2970 2954 2953
f 2970 2953 2969
f 2955 2954 2971
f 2970 2971 2954
f 2956 2955 2972
f 2972 2955 2971
f 2956 2973 2957
f 2972 2973 2956
f 2958 2957 2974
f 2973 2974 2957
f 2958 2975 2959
f 2958 2974 2975
f 2976 2960 2959
f 2959 2975 2976
f 2960 2976 2961
f 3596 2961 2976
f 3592 2961 3596
f 2979 2963 2962
f 2979 2962 2978
f 2978 2962 3595
f 2964 2963 2980
f 2979 2980 2963
f 2964 2981 2965
f 2964 2980 2981
f 2982 2966 2965
f 2982 2965 2981
f 2967 2966 2984
f 2983 2966 2982
f 2984 2966 2983
f 2967 2985 2968
f 2985 2967 2984
f 2968 2986 2969
f 2968 2985 2986
f 2987 2970 2969
f 2987 2969 2986
f 2970 2988 2971
f 2987 2988 2970
f 2989 2972 2971
f 2989 2971 2988
f 2990 2973 2972
f 2990 2972 2989
f 2973 2991 2974
f 2990 2991 2973
f 2975 2974 2992
f 2991 2992 2974
f 2976 2975 3600
f 3600 2975 2992
f 3596 2976 3600
f 2978 2977 2993
f 2978 3595 2977
f 3603 2993 2977
f 3594 2977 3595
f 3594 3599 2977
f 3603 2977 3599
f 2979 2978 2994
f 2994 2978 2993
f 2979 2995 2980
f 2995 2979 2994
f 2981 2980 2996
f 2995 2996 2980
f 2997 2982 2981
f 2996 2997 2981
f 2983 2982 2998
f 2997 2998 2982
f 2984 2983 2999
f 2999 2983 2998
f 2985 2984 3000
f 3000 2984 2999
f 3001 2986 2985
f 3001 2985 3000
f 3002 2987 2986
f 3002 2986 3001
f 3003 2988 2987
f 3003 2987 3002
f 2989 2988 3004
f 3003 3004 2988
f 3005 2990 2989
f 2989 3004 3005
f 2990 3006 2991
f 3005 3006 2990
f 2992 2991 3604
f 2991 3006 3604
f 2992 3604 3600
f 3009 2994 2993
f 3008 3009 2993
f 2993 3603 3008
f 2994 3010 2995
f 2994 3009 3010
f 2995 3011 2996
f 3010 3011 2995
f 2996 3013 2997
f 2996 3011 3012
f 2996 3012 3013
f 2997 3014 2998
f 2997 3013 3014
f 2999 2998 3015
f 3015 2998 3014
f 2999 3016 3000
f 3015 3016 2999
f 3001 3000 3017
f 3016 3017 3000
f 3018 3002 3001
f 3001 3017 3018
f 3002 3019 3003
f 3002 3018 3019
f 3020 3004 3003
f 3003 3019 3020
f 3004 3021 3005
f 3020 3021 3004
f 3608 3006 3005
f 3005 3021 3608
f 3604 3006 3608
f 3022 3008 3007
f 3008 3603 3007
f 3007 3611 3022
f 3603 3602 3007
f 3602 3607 3007
f 3607 3611 3007
f 3008 3023 3009
f 3022 3023 3008
f 3024 3010 3009
f 3009 3023 3024
f 3025 3011 3010
f 3025 3010 3024
f 3012 3011 3026
f 3026 3011 3025
f 3027 3013 3012
f 3027 3012 3026
f 3028 3014 3013
f 3028 3013 3027
f 3029 3015 3014
f 3028 3029 3014
f 3015 3030 3016
f 3015 3029 3030
f 3031 3017 3016
f 3016 3030 3031
f 3017 3032 3018
f 3031 3032 3017
f 3018 3033 3019
f 3032 3033 3018
f 3019 3034 3020
f 3033 3034 3019
f 3020 3034 3021
f 3034 3612 3021
f 3608 3021 3612
f 3037 3023 3022
f 3022 3036 3037
f 3611 3036 3022
f 3023 3038 3024
f 3038 3023 3037
f 3025 3024 3039
f 3038 3039 3024
f 3025 3041 3026
f 3025 3039 3040
f 3025 3040 3041
f 3026 3042 3027
f 3026 3041 3042
f 3043 3028 3027
f 3027 3042 3043
f 3044 3029 3028
f 3043 3044 3028
f 3029 3045 3030
f 3029 3044 3045
f 3031 3030 3046
f 3046 3030 3045
f 3032 3031 3047
f 3031 3046 3047
f 3032 3048 3033
f 3047 3048 3032
f 3033 3049 3034
f 3033 3048 3049
f 3049 3612 3034
f 3035 3050 3036
f 3035 3036 3611
f 3035 3619 3050
f 3035 3611 3610
f 3610 3615 3035
f 3035 3615 3619
f 3037 3036 3051
f 3036 3050 3051
f 3052 3038 3037
f 3052 3037 3051
f 3038 3053 3039
f 3052 3053 3038
f 3039 3054 3040
f 3039 3053 3054
f 3041 3040 3055
f 3040 3054 3055
f 3041 3056 3042
f 3041 3055 3056
f 3042 3057 3043
f 3042 3056 3057
f 3043 3058 3044
f 3043 3057 3058
f 3045 3044 3059
f 3058 3059 3044
f 3060 3046 3045
f 3045 3059 3060
f 3046 3061 3047
f 3060 3061 3046
f 3062 3048 3047
f 3047 3061 3062
f 3049 3048 3620
f 3620 3048 3062
f 3049 3616 3612
f 3049 3948 3616
f 3049 3620 3948
f 3065 3051 3050
f 3065 3050 3064
f 3050 3619 3064
f 3066 3052 3051
f 3051 3065 3066
f 3053 3052 3067
f 3067 3052 3066
f 3053 3069 3054
f 3068 3053 3067
f 3053 3068 3069
f 3070 3055 3054
f 3054 3069 3070
f 3071 3056 3055
f 3071 3055 3070
f 3072 3057 3056
f 3072 3056 3071
f 3057 3073 3058
f 3072 3073 3057
f 3058 3074 3059
f 3058 3073 3074
f 3060 3059 3075
f 3075 3059 3074
f 3076 3061 3060
f 3076 3060 3075
f 3062 3061 3624
f 3076 3624 3061
f 3624 3620 3062
f 3063 3077 3064
f 3064 3619 3063
f 3627 3077 3063
f 3619 3618 3063
f 3063 3618 3623
f 3623 3627 3063
f 3064 3078 3065
f 3077 3078 3064
f 3079 3066 3065
f 3079 3065 3078
f 3080 3067 3066
f 3079 3080 3066
f 3067 3081 3068
f 3081 3067 3080
f 3068 3082 3069
f 3081 3082 3068
f 3070 3069 3083
f 3083 3069 3082
f 3084 3071 3070
f 3083 3084 3070
f 3071 3085 3072
f 3071 3084 3085
f 3072 3086 3073
f 3072 3085 3086
f 3074 3073 3087
f 3087 3073 3086
f 3088 3075 3074
f 3088 3074 3087
f 3075 3628 3076
f 3088 3628 3075
f 3076 3628 3624
f 3078 3077 3091
f 3090 3091 3077
f 3077 3627 3090
f 3079 3078 3092
f 3092 3078 3091
f 3093 3080 3079
f 3093 3079 3092
f 3081 3080 3094
f 3093 3094 3080
f 3081 3096 3082
f 3094 3095 3081
f 3095 3096 3081
f 3082 3097 3083
f 3082 3096 3097
f 3098 3084 3083
f 3083 3097 3098
f 3085 3084 3099
f 3099 3084 3098
f 3085 3100 3086
f 3085 3099 3100
f 3086 3101 3087
f 3086 3100 3101
f 3632 3088 3087
f 3087 3101 3632
f 3632 3628 3088
f 3102 3090 3089
f 3090 3627 3089
f 3635 3102 3089
f 3627 3626 3089
f 3089 3626 3631
f 3631 3635 3089
f 3103 3091 3090
f 3103 3090 3102
f 3092 3091 3104
f 3104 3091 3103
f 3092 3105 3093
f 3104 3105 3092
f 3106 3094 3093
f 3105 3106 3093
f 3094 3107 3095
f 3106 3107 3094
f 3095 3108 3096
f 3107 3108 3095
f 3109 3097 3096
f 3109 3096 3108
f 3098 3097 3110
f 3097 3109 3110
f 3111 3099 3098
f 3111 3098 3110
f 3100 3099 3112
f 3112 3099 3111
f 3100 3636 3101
f 3100 3112 3636
f 3632 3101 3636
f 3102 3115 3103
f 3114 3115 3102
f 3114 3102 3635
f 3104 3103 3117
f 3116 3103 3115
f 3117 3103 3116
f 3104 3118 3105
f 3117 3118 3104
f 3105 3119 3106
f 3105 3118 3119
f 3120 3107 3106
f 3119 3120 3106
f 3108 3107 3121
f 3121 3107 3120
f 3122 3109 3108
f 3122 3108 3121
f 3123 3110 3109
f 3123 3109 3122
f 3124 3111 3110
f 3110 3123 3124
f 3111 3640 3112
f 3111 3124 3640
f 3640 3636 3112
f 3114 3113 3125
f 3635 3113 3114
f 3125 3113 3643
f 3635 3634 3113
f 3113 3634 3639
f 3113 3639 3643
f 3114 3126 3115
f 3126 3114 3125
f 3115 3127 3116
f 3115 3126 3127
f 3116 3128 3117
f 3116 3127 3128
f 3129 3118 3117
f 3117 3128 3129
f 3118 3130 3119
f 3129 3130 3118
f 3131 3120 3119
f 3119 3130 3131
f 3132 3121 3120
f 3120 3131 3132
f 3121 3133 3122
f 3121 3132 3133
f 3122 3134 3123
f 3122 3133 3134
f 3123 3135 3124
f 3134 3135 3123
f 3640 3124 3135
f 3126 3125 3139
f 3137 3138 3125
f 3643 3137 3125
f 3139 3125 3138
f 3127 3126 3140
f 3140 3126 3139
f 3127 3141 3128
f 3140 3141 3127
f 3128 3142 3129
f 3128 3141 3142
f 3129 3143 3130
f 3142 3143 3129
f 3131 3130 3144
f 3144 3130 3143
f 3145 3132 3131
f 3145 3131 3144
f 3146 3133 3132
f 3146 3132 3145
f 3134 3133 3147
f 3146 3147 3133
f 3648 3135 3134
f 3134 3147 3648
f 3135 3644 3640
f 3135 3961 3644
f 3648 3961 3135
f 3137 3136 3149
f 3137 3643 3136
f 3136 3148 3149
f 3136 3647 3148
f 3643 3642 3136
f 3136 3642 3647
f 3138 3137 3151
f 3150 3137 3149
f 3151 3137 3150
f 3152 3139 3138
f 3138 3151 3152
f 3140 3139 3153
f 3152 3153 3139
f 3154 3141 3140
f 3154 3140 3153
f 3155 3142 3141
f 3154 3155 3141
f 3156 3143 3142
f 3155 3156 3142
f 3157 3144 3143
f 3157 3143 3156
f 3145 3144 3158
f 3158 3144 3157
f 3145 3159 3146
f 3145 3158 3159
f 3146 3650 3147
f 3159 3650 3146
f 3650 3648 3147
f 3160 3149 3148
f 3160 3148 3654
f 3647 3649 3148
f 3148 3649 3654
f 3149 3161 3150
f 3161 3149 3160
f 3150 3162 3151
f 3161 3162 3150
f 3151 3163 3152
f 3151 3162 3163
f 3152 3164 3153
f 3152 3163 3164
f 3165 3154 3153
f 3153 3164 3165
f 3155 3154 3166
f 3166 3154 3165
f 3155 3167 3156
f 3155 3166 3167
f 3156 3168 3157
f 3156 3167 3168
f 3157 3169 3158
f 3157 3168 3169
f 3158 3655 3159
f 3158 3169 3655
f 3655 3650 3159
f 3172 3161 3160
f 3172 3160 3171
f 3160 3654 3171
f 3174 3162 3161
f 3173 3161 3172
f 3173 3174 3161
f 3175 3163 3162
f 3174 3175 3162
f 3176 3164 3163
f 3176 3163 3175
f 3165 3164 3177
f 3176 3177 3164
f 3166 3165 3178
f 3178 3165 3177
f 3179 3167 3166
f 3179 3166 3178
f 3180 3168 3167
f 3180 3167 3179
f 3169 3168 3657
f 3180 3657 3168
f 3657 3655 3169
f 3171 3170 3181
f 3171 3654 3170
f 3170 3661 3181
f 3654 3653 3170
f 3656 3170 3653
f 3170 3656 3661
f 3172 3171 3182
f 3182 3171 3181
f 3172 3183 3173
f 3183 3172 3182
f 3174 3173 3184
f 3184 3173 3183
f 3185 3175 3174
f 3185 3174 3184
f 3175 3186 3176
f 3185 3186 3175
f 3187 3177 3176
f 3186 3187 3176
f 3178 3177 3188
f 3187 3188 3177
f 3189 3179 3178
f 3188 3189 3178
f 3662 3180 3179
f 3662 3179 3189
f 3657 3180 3662
f 3182 3181 3191
f 3190 3191 3181
f 3190 3181 3661
f 3192 3183 3182
f 3191 3192 3182
f 3193 3184 3183
f 3183 3192 3193
f 3184 3194 3185
f 3194 3184 3193
f 3195 3186 3185
f 3195 3185 3194
f 3196 3187 3186
f 3196 3186 3195
f 3188 3187 3197
f 3197 3187 3196
f 3188 3666 3189
f 3197 3666 3188
f 3662 3189 3666
f 3190 3670 3191
f 3190 3661 3665
f 3190 3665 3669
f 3190 3669 3670
f 3191 3671 3192
f 3191 3670 3671
f 3192 3672 3193
f 3671 3672 3192
f 3193 3673 3194
f 3672 3673 3193
f 3195 3194 3674
f 3194 3673 3674
f 3195 3675 3196
f 3195 3674 3675
f 3196 3676 3197
f 3196 3675 3676
f 3197 3676 3666
f 3198 3210 3199
f 3198 3199 3988
f 3198 3209 3210
f 3198 3677 3209
f 3677 3198 3988
f 3200 3989 3199
f 3989 3988 3199
f 3200 3201 3990
f 3200 3990 3989
f 3202 3991 3201
f 3990 3201 3991
f 3202 3203 3992
f 3992 3991 3202
f 3993 3203 3204
f 3992 3203 3993
f 3994 3204 3205
f 3993 3204 3994
f 3995 3205 3206
f 3995 3994 3205
f 3207 3996 3206
f 3996 3995 3206
f 3999 3207 3211
f 3998 3996 3207
f 3999 3998 3207
f 3208 3212 3209
f 3997 3208 3209
f 3208 3679 3212
f 3679 3208 4000
f 3208 3997 4000
f 3213 3210 3209
f 3209 3212 3213
f 3209 3677 3997
f 3213 3214 3210
f 3678 3211 3215
f 3678 3999 3211
f 3213 3212 3217
f 3212 3216 3217
f 3212 3679 3216
f 3218 3214 3213
f 3217 3218 3213
f 3219 3680 3215
f 3215 3680 3678
f 3217 3216 3220
f 3216 3683 3220
f 3216 3679 3681
f 3216 3681 3683
f 3221 3218 3217
f 3220 3221 3217
f 3219 3222 3682
f 3682 3680 3219
f 3221 3220 3224
f 3224 3220 3223
f 3220 3685 3223
f 3685 3220 3683
f 3224 3225 3221
f 3222 3226 3684
f 3684 3682 3222
f 3224 3223 3227
f 3687 3227 3223
f 4004 3223 3685
f 3687 3223 4004
f 3224 3228 3225
f 3224 3227 3228
f 3686 3226 3229
f 3686 3684 3226
f 3231 3228 3227
f 3231 3227 3230
f 3230 3227 3688
f 3688 3227 3687
f 3231 3232 3228
f 4005 3229 3233
f 4005 3686 3229
f 3230 3234 3231
f 3230 3689 3234
f 4008 3230 3688
f 3689 3230 4008
f 3231 3235 3232
f 3231 3234 3235
f 3233 3236 4007
f 4007 4005 3233
f 3235 3234 3238
f 3238 3234 3237
f 3691 3237 3234
f 3689 3691 3234
f 3238 3239 3235
f 3236 3240 3690
f 3690 4007 3236
f 3237 3241 3238
f 3237 3693 3241
f 3691 4010 3237
f 4010 3693 3237
f 3238 3242 3239
f 3242 3238 3241
f 3240 3243 3692
f 3690 3240 3692
f 3241 3245 3242
f 3241 3244 3245
f 3695 3244 3241
f 3693 3695 3241
f 3242 3245 3246
f 3243 3247 3694
f 3694 3692 3243
f 3248 3245 3244
f 3248 3244 3697
f 4012 3244 3695
f 3244 4012 3697
f 3246 3245 3249
f 3248 3249 3245
f 3246 3249 3250
f 3251 3696 3247
f 3694 3247 3696
f 3253 3249 3248
f 3252 3253 3248
f 3698 3252 3248
f 3248 3697 3698
f 3250 3249 3254
f 3253 3254 3249
f 4013 3251 3255
f 4013 3696 3251
f 3253 3252 3256
f 3699 3256 3252
f 3698 4016 3252
f 4016 3699 3252
f 3257 3254 3253
f 3256 3257 3253
f 3255 3258 4015
f 4015 4013 3255
f 3256 3260 3257
f 3259 3260 3256
f 3700 3259 3256
f 3700 3256 3699
f 3257 3260 3261
f 4017 3258 3262
f 4017 4015 3258
f 3260 3259 3263
f 3702 3263 3259
f 4019 3259 3700
f 3702 3259 4019
f 3261 3260 3264
f 3263 3264 3260
f 3265 3701 3262
f 3262 3701 4017
f 3267 3264 3263
f 3266 3267 3263
f 3704 3266 3263
f 3704 3263 3702
f 3268 3264 3267
f 4350 3701 3265
f 3265 3703 4350
f 3270 3267 3266
f 3270 3266 3706
f 3704 4021 3266
f 3706 3266 4021
f 3267 3271 3268
f 3270 3271 3267
f 3705 3269 3272
f 3705 3703 3269
f 3274 3271 3270
f 3273 3274 3270
f 3273 3270 3708
f 3708 3270 3706
f 3274 3275 3271
f 3276 3707 3272
f 3705 3272 3707
f 3277 3274 3273
f 3277 3273 3709
f 3273 3708 4024
f 4024 3709 3273
f 3274 3278 3275
f 3278 3274 3277
f 3279 4023 3276
f 3707 3276 4023
f 3278 3277 3281
f 3280 3281 3277
f 3277 3710 3280
f 3277 3709 3710
f 3281 3282 3278
f 4025 3279 3283
f 4023 3279 4025
f 3281 3280 3284
f 3284 3280 3711
f 4028 3280 3710
f 3280 4028 3711
f 3281 3285 3282
f 3281 3284 3285
f 3712 4027 3283
f 4027 4025 3283
f 3285 3284 3287
f 3287 3284 3286
f 3714 3286 3284
f 3711 3714 3284
f 3287 3288 3285
f 3286 3290 3287
f 3286 3716 3290
f 3714 4030 3286
f 4030 3716 3286
f 3291 3288 3287
f 3291 3287 3290
f 3289 3293 3715
f 3289 3713 3712
f 3713 3289 3715
f 3291 3290 3295
f 3295 3290 3294
f 3290 3718 3294
f 3716 3718 3290
f 3291 3296 3292
f 3291 3295 3296
f 3293 3297 3717
f 3717 3715 3293
f 3298 3295 3294
f 3298 3294 3719
f 3294 3718 4033
f 3294 4033 3719
f 3299 3296 3295
f 3298 3299 3295
f 3300 3296 3299
f 4032 3297 3301
f 3717 3297 4032
f 3298 3303 3299
f 3298 3302 3303
f 3298 3720 3302
f 3720 3298 3719
f 3299 3304 3300
f 3303 3304 3299
f 3305 4034 3301
f 4034 4032 3301
f 3302 3316 3303
f 3302 3722 3316
f 3302 3720 4048
f 4048 3722 3302
f 3303 3317 3304
f 3303 3316 3317
f 3317 3318 3304
f 3305 3319 4044
f 4034 3305 4044
f 3320 3307 3306
f 3306 3307 4035
f 3320 3306 4045
f 3306 4035 4049
f 3306 4049 4045
f 3308 4035 3307
f 3308 3309 4036
f 3308 4036 4035
f 4037 3309 3310
f 4037 4036 3309
f 3311 4038 3310
f 4037 3310 4038
f 4039 3311 3312
f 4038 3311 4039
f 3312 3313 4040
f 3312 4040 4039
f 3313 3314 4041
f 4041 4040 3313
f 3315 4042 3314
f 4041 3314 4042
f 3721 4046 3315
f 4042 3315 4046
f 3323 3317 3316
f 3322 3323 3316
f 3322 3316 3724
f 3316 3722 3724
f 3324 3318 3317
f 3323 3324 3317
f 3319 3325 3723
f 4044 3319 3723
f 3320 3726 3326
f 3726 3320 4045
f 3327 4050 3321
f 3321 4047 3721
f 3321 4050 4047
f 3328 3323 3322
f 3328 3322 3727
f 4055 3322 3724
f 3727 3322 4055
f 3329 3324 3323
f 3323 3328 3329
f 3330 3324 3329
f 3325 3331 3725
f 3723 3325 3725
f 3332 3326 3729
f 3326 3726 3729
f 4054 4050 3327
f 3329 3328 3335
f 3335 3328 3334
f 3730 3334 3328
f 3727 3730 3328
f 3336 3330 3329
f 3335 3336 3329
f 3728 3331 3337
f 3728 3725 3331
f 3732 3338 3332
f 3732 3332 3729
f 3333 4057 4054
f 3335 3334 3340
f 3733 3340 3334
f 3730 4061 3334
f 4061 3733 3334
f 3341 3336 3335
f 3340 3341 3335
f 3731 3337 3343
f 3728 3337 3731
f 3734 3338 3732
f 4060 4057 3339
f 3340 3347 3341
f 3346 3347 3340
f 3340 3735 3346
f 3733 3735 3340
f 3341 3347 3342
f 3348 3342 3347
f 3343 3349 4062
f 3731 3343 4062
f 3344 3736 3350
f 3736 3344 3734
f 4060 3345 4064
f 3352 3347 3346
f 3737 3352 3346
f 3735 4069 3346
f 4069 3737 3346
f 3353 3348 3347
f 3353 3347 3352
f 3353 3354 3348
f 3349 3355 4066
f 3349 4066 4062
f 3356 3350 3738
f 3738 3350 3736
f 3351 4068 4064
f 3353 3352 3359
f 3352 3358 3359
f 3358 3352 3737
f 3353 3360 3354
f 3359 3360 3353
f 3355 3740 4070
f 4070 4066 3355
f 3356 3738 4071
f 3356 4071 3742
f 4072 4068 3357
f 3358 3364 3359
f 3363 3364 3358
f 3363 3358 3739
f 3739 3358 3737
f 3359 3365 3360
f 3359 3364 3365
f 3366 3361 3747
f 3742 3747 3361
f 4075 4072 3362
f 3369 3364 3363
f 3368 3369 3363
f 3743 3368 3363
f 3363 3739 3743
f 3365 3364 3370
f 3370 3364 3369
f 3366 3747 3749
f 3367 3373 4078
f 3367 4078 4075
f 3743 3748 3368
f 3748 3756 3368
f 3371 3379 4080
f 3371 4080 3745
f 3372 3779 3401
f 3372 3749 3779
f 4082 3373 3750
f 4078 3373 4082
f 3374 3375 3753
f 3752 3374 3753
f 3754 3375 3376
f 3753 3375 3754
f 3755 3376 3377
f 3754 3376 3755
f 3377 3756 3755
f 3378 3757 3379
f 3380 3757 3378
f 4090 3379 3757
f 4090 4080 3379
f 3381 3757 3380
f 3381 3382 3758
f 3381 3758 3757
f 3382 3383 3759
f 3759 3758 3382
f 3384 3760 3383
f 3759 3383 3760
f 3761 3384 3385
f 3384 3761 3760
f 3386 3762 3385
f 3385 3762 3761
f 3387 3763 3386
f 3386 3763 3762
f 3764 3387 3388
f 3387 3764 3763
f 3389 3765 3388
f 3388 3765 3764
f 3766 3389 3390
f 3389 3766 3765
f 3391 3767 3390
f 3390 3767 3766
f 3768 3391 3392
f 3391 3768 3767
f 3392 3393 3769
f 3392 3769 3768
f 3394 3770 3393
f 3393 3770 3769
f 3395 3771 3394
f 3771 3770 3394
f 3772 3395 3396
f 3395 3772 3771
f 3397 3773 3396
f 3396 3773 3772
f 3398 3774 3397
f 3397 3774 3773
f 3399 3775 3398
f 3398 3775 3774
f 3400 3776 3399
f 3399 3776 3775
f 3400 3777 3776
f 3416 3401 3779
f 3781 3402 3403
f 3781 3780 3402
f 3404 3782 3403
f 3781 3403 3782
f 3405 3783 3404
f 3404 3783 3782
f 3784 3405 3406
f 3784 3783 3405
f 3785 3406 3407
f 3784 3406 3785
f 3786 3407 3408
f 3785 3407 3786
f 3409 3787 3408
f 3786 3408 3787
f 3788 3409 3410
f 3788 3787 3409
f 3789 3410 3411
f 3788 3410 3789
f 3790 3411 3412
f 3411 3790 3789
f 3791 3412 3413
f 3412 3791 3790
f 3792 3413 3414
f 3791 3413 3792
f 3414 3793 3792
f 3417 3795 3415
f 3795 3794 3415
f 3421 3422 3416
f 3797 3421 3416
f 3416 3779 3797
f 3423 3418 3417
f 3418 3796 3417
f 3796 3795 3417
f 3424 3418 3423
f 3418 3424 4132
f 3796 3418 4130
f 4130 3418 4132
f 3420 3799 3419
f 3798 3419 3799
f 3421 3420 3422
f 3799 3420 3421
f 3421 3797 4136
f 3421 4135 3799
f 4136 4135 3421
f 3426 3424 3423
f 3426 3801 3424
f 3424 3801 4139
f 3424 4137 4132
f 4137 3424 4139
f 3428 3425 3800
f 3426 3427 3802
f 3426 3802 3801
f 3429 3804 3427
f 3802 3427 3804
f 3430 3428 3803
f 3803 3428 3800
f 3429 3431 3806
f 3429 3806 3804
f 3805 3432 3430
f 3805 3430 3803
f 3431 3433 3808
f 3806 3431 3808
f 3434 3432 3807
f 3432 3805 3807
f 3810 3433 3435
f 3810 3808 3433
f 3436 3434 3809
f 3807 3809 3434
f 3435 3437 3812
f 3812 3810 3435
f 3438 3436 3813
f 3436 3809 3811
f 3813 3436 3811
f 3815 3437 3441
f 3812 3437 3815
f 3438 3814 3439
f 3813 3814 3438
f 3439 3814 3440
f 3440 3816 3442
f 3440 3814 3816
f 3441 3443 3817
f 3815 3441 3817
f 3818 3444 3442
f 3816 3818 3442
f 3443 3460 3834
f 3817 3443 3834
f 3461 3444 3818
f 3820 3446 3445
f 3445 3464 3819
f 3820 3445 3819
f 3821 3447 3446
f 3821 3446 3820
f 3822 3448 3447
f 3822 3447 3821
f 3823 3449 3448
f 3823 3448 3822
f 3450 3449 3824
f 3824 3449 3823
f 3825 3451 3450
f 3825 3450 3824
f 3826 3452 3451
f 3826 3451 3825
f 3453 3452 3827
f 3826 3827 3452
f 3828 3454 3453
f 3828 3453 3827
f 3455 3454 3829
f 3828 3829 3454
f 3830 3456 3455
f 3455 3829 3830
f 3456 3831 3457
f 3831 3456 3830
f 3465 3457 3838
f 3838 3457 3831
f 3459 3458 3832
f 3865 3458 3493
f 3832 3458 3865
f 3833 3460 3459
f 3459 3832 3833
f 3834 3460 3833
f 3835 3495 3461
f 3835 3461 3818
f 3836 3463 3462
f 3462 3496 3866
f 3462 3866 3836
f 3463 3837 3464
f 3463 3836 3837
f 3837 3819 3464
f 3839 3466 3465
f 3839 3465 3838
f 3467 3466 3840
f 3839 3840 3466
f 3841 3468 3467
f 3841 3467 3840
f 3468 3842 3469
f 3841 3842 3468
f 3842 3470 3469
f 3867 3497 3470
f 3842 3867 3470
f 3472 3471 3843
f 3471 3499 3868
f 3868 3843 3471
f 3472 3844 3473
f 3472 3843 3844
f 3473 3845 3474
f 3473 3844 3845
f 3474 3846 3475
f 3474 3845 3846
f 3475 3847 3476
f 3846 3847 3475
f 3477 3476 3848
f 3476 3847 3848
f 3849 3478 3477
f 3849 3477 3848
f 3479 3478 3850
f 3478 3849 3850
f 3851 3480 3479
f 3851 3479 3850
f 3481 3480 3852
f 3852 3480 3851
f 3481 3853 3482
f 3481 3852 3853
f 3483 3482 3854
f 3482 3853 3854
f 3483 3855 3484
f 3483 3854 3855
f 3485 3484 3856
f 3484 3855 3856
f 3486 3485 3857
f 3856 3857 3485
f 3858 3487 3486
f 3858 3486 3857
f 3859 3488 3487
f 3859 3487 3858
f 3860 3489 3488
f 3860 3488 3859
f 3490 3489 3861
f 3861 3489 3860
f 3491 3490 3862
f 3862 3490 3861
f 3492 3491 3863
f 3862 3863 3491
f 3864 3493 3492
f 3864 3492 3863
f 3865 3493 3864
f 3495 3835 3494
f 4206 3494 3835
f 4205 3494 4692
f 3494 4206 4692
f 3870 3866 3496
f 3501 3498 3497
f 3867 3501 3497
f 3501 3502 3498
f 3498 3502 3503
f 3499 3504 3873
f 3873 3868 3499
f 3874 3870 3500
f 3502 3501 3508
f 3508 3501 3871
f 3867 3871 3501
f 3503 3502 3510
f 3508 3509 3502
f 3510 3502 3509
f 3511 3872 3504
f 3504 3872 3873
f 3505 3506 3869
f 4217 3512 3505
f 4210 3505 3869
f 4210 4217 3505
f 3878 3507 3513
f 3507 3878 3874
f 3508 3514 3509
f 3875 3514 3508
f 3875 3508 3871
f 3510 3509 3516
f 3515 3509 3514
f 3515 3516 3509
f 3511 3517 3876
f 3511 3876 3872
f 4216 3881 3512
f 4743 4216 3512
f 4743 3512 4217
f 3513 3518 3882
f 3882 3878 3513
f 3514 3519 3515
f 3879 3519 3514
f 3879 3514 3875
f 3515 3521 3516
f 3519 3520 3515
f 3520 3521 3515
f 3517 3880 3876
f 3517 3885 3880
f 3525 3886 3518
f 3882 3518 3886
f 3520 3519 3528
f 3528 3519 3884
f 3519 3879 3884
f 3529 3887 3522
f 3885 3522 3887
f 3523 3524 3881
f 4228 3530 3523
f 3523 3881 4221
f 4221 4228 3523
f 3888 3525 3531
f 3886 3525 3888
f 3526 3532 3527
f 3527 3884 3526
f 3890 3532 3526
f 3883 3526 3884
f 3883 4773 3526
f 3890 3526 4225
f 3526 4773 4225
f 3527 3533 3528
f 3528 3884 3527
f 3527 3532 3533
f 3533 3534 3528
f 3529 3535 3891
f 3891 3887 3529
f 3892 3530 4227
f 3530 4228 4227
f 3531 3536 3893
f 3893 3888 3531
f 3533 3532 3539
f 3539 3532 3890
f 3540 3894 3535
f 3894 3891 3535
f 3543 3896 3536
f 3536 3896 3893
f 3537 3544 3538
f 3890 3537 3538
f 3898 3544 3537
f 3890 3889 3537
f 4803 3537 3889
f 3898 3537 4233
f 4233 3537 4803
f 3538 3545 3539
f 3539 3890 3538
f 3544 3545 3538
f 3545 3546 3539
f 3899 3540 3547
f 3540 3899 3894
f 3542 3541 3548
f 3542 3892 3541
f 3541 3901 3548
f 3892 4231 3541
f 3901 3541 4231
f 3903 3543 3557
f 3903 3896 3543
f 3545 3544 3560
f 3544 3559 3560
f 3544 3898 3559
f 3547 3561 3904
f 3904 3899 3547
f 3549 3548 3907
f 3901 3906 3548
f 3548 3906 3907
f 3550 3549 3908
f 3908 3549 3907
f 3550 3909 3551
f 3550 3908 3909
f 3551 3910 3552
f 3909 3910 3551
f 3552 3911 3553
f 3552 3910 3911
f 3553 3912 3554
f 3912 3553 3911
f 3913 3555 3554
f 3913 3554 3912
f 3556 3555 3914
f 3913 3914 3555
f 3556 3902 3557
f 3915 3902 3556
f 3915 3556 3914
f 3902 3903 3557
f 3559 3558 3562
f 3559 3898 3558
f 3558 3917 3562
f 3897 3558 3898
f 4830 3558 3897
f 3558 4240 3917
f 4240 3558 4830
f 3560 3559 3563
f 3563 3559 3562
f 3564 3560 3563
f 3565 3904 3561
f 3568 3563 3562
f 3562 3567 3568
f 3562 3917 3567
f 3565 4251 3904
f 3565 3918 4253
f 4847 4251 3565
f 4253 4847 3565
f 3570 3567 3566
f 3917 3566 3567
f 3920 3570 3566
f 3917 3916 3566
f 3916 4845 3566
f 3920 3566 4252
f 4845 4252 3566
f 3568 3567 3571
f 3571 3567 3570
f 3571 3572 3568
f 3921 3569 3573
f 3921 3918 3569
f 3571 3570 3576
f 3576 3570 3575
f 3570 3920 3575
f 3573 3577 3922
f 3573 3922 3921
f 3575 3574 3578
f 3575 3920 3574
f 3578 3574 3924
f 3920 3919 3574
f 3919 4850 3574
f 4255 3924 3574
f 4850 4255 3574
f 3579 3576 3575
f 3575 3578 3579
f 3580 3576 3579
f 3925 3577 3581
f 3925 3922 3577
f 3579 3578 3584
f 3584 3578 3583
f 3578 3924 3583
f 3925 3581 3927
f 3582 3585 3583
f 3924 3582 3583
f 3582 3929 3585
f 3924 3923 3582
f 3582 3923 4855
f 3582 4257 3929
f 4855 4257 3582
f 3584 3583 3586
f 3586 3583 3585
f 3584 3586 3587
f 3591 3586 3585
f 3591 3585 3590
f 3590 3585 3929
f 3592 3931 3588
f 3931 3930 3588
f 3593 3590 3589
f 3929 3589 3590
f 3589 3933 3593
f 3929 3928 3589
f 3928 4860 3589
f 3589 4260 3933
f 4860 4260 3589
f 3594 3591 3590
f 3594 3590 3593
f 3591 3594 3595
f 3592 3596 3934
f 3931 3592 3934
f 3593 3599 3594
f 3593 3598 3599
f 3933 3598 3593
f 3596 3600 3935
f 3934 3596 3935
f 3601 3598 3597
f 3933 3597 3598
f 3937 3601 3597
f 3933 3932 3597
f 4865 3597 3932
f 4263 3937 3597
f 4865 4263 3597
f 3602 3599 3598
f 3601 3602 3598
f 3603 3599 3602
f 3938 3600 3604
f 3938 3935 3600
f 3601 3607 3602
f 3601 3606 3607
f 3601 3937 3606
f 3604 3608 3940
f 3938 3604 3940
f 3605 3609 3606
f 3937 3605 3606
f 3943 3609 3605
f 3937 3936 3605
f 4870 3605 3936
f 4265 3943 3605
f 4265 3605 4870
f 3606 3610 3607
f 3609 3610 3606
f 3607 3610 3611
f 3608 3612 3944
f 3940 3608 3944
f 3615 3610 3609
f 3615 3609 3614
f 3609 3943 3614
f 3616 3944 3612
f 3617 3614 3613
f 3943 3613 3614
f 3613 3947 3617
f 3943 3942 3613
f 4875 3613 3942
f 3613 4266 3947
f 4875 4266 3613
f 3614 3618 3615
f 3614 3617 3618
f 3619 3615 3618
f 3616 4267 3944
f 4268 3616 3948
f 4267 3616 4879
f 4879 3616 4268
f 3623 3618 3617
f 3623 3617 3622
f 3622 3617 3947
f 3624 3949 3620
f 3948 3620 3949
f 3621 3625 3622
f 3947 3621 3622
f 3625 3621 3951
f 3947 3946 3621
f 3946 4880 3621
f 3621 4269 3951
f 4269 3621 4880
f 3622 3626 3623
f 3626 3622 3625
f 3623 3626 3627
f 3624 3628 3952
f 3952 3949 3624
f 3631 3626 3625
f 3625 3630 3631
f 3951 3630 3625
f 3632 3953 3628
f 3952 3628 3953
f 3629 3633 3630
f 3951 3629 3630
f 3956 3633 3629
f 3951 3950 3629
f 4885 3629 3950
f 3956 3629 4272
f 3629 4885 4272
f 3631 3630 3634
f 3630 3633 3634
f 3631 3634 3635
f 3632 3636 3957
f 3953 3632 3957
f 3634 3633 3639
f 3956 3639 3633
f 3640 3958 3636
f 3958 3957 3636
f 3638 3637 3641
f 3956 3637 3638
f 3637 3960 3641
f 3956 3955 3637
f 4890 3637 3955
f 3637 4274 3960
f 4890 4274 3637
f 3638 3642 3639
f 3638 3639 3956
f 3638 3641 3642
f 3643 3639 3642
f 3958 3640 3644
f 3642 3641 3647
f 3646 3647 3641
f 3960 3646 3641
f 3644 4276 3958
f 3961 4278 3644
f 4278 4276 3644
f 3649 3646 3645
f 3960 3645 3646
f 3645 3963 3649
f 3960 3959 3645
f 4277 3645 3959
f 3963 3645 4277
f 3646 3649 3647
f 3650 3964 3648
f 3961 3648 3964
f 3649 3653 3654
f 3963 3653 3649
f 3655 3965 3650
f 3964 3650 3965
f 3651 3656 3652
f 3651 3652 3962
f 3651 3968 3656
f 3651 3962 4280
f 3968 3651 3967
f 3967 3651 4280
f 3656 3653 3652
f 3963 3652 3653
f 3962 3652 3963
f 3969 3655 3657
f 3965 3655 3969
f 3660 3661 3656
f 3660 3656 3968
f 3971 3657 3662
f 3657 3971 3969
f 3658 3659 3968
f 3973 3659 3658
f 3967 3658 3968
f 3658 3967 4281
f 3973 3658 4281
f 3660 3659 3664
f 3968 3659 3660
f 3663 3664 3659
f 3973 3663 3659
f 3665 3661 3660
f 3665 3660 3664
f 3662 3666 3974
f 3974 3971 3662
f 3667 3664 3663
f 3976 3667 3663
f 3975 3663 3973
f 3975 3976 3663
f 3668 3665 3664
f 3667 3668 3664
f 3669 3665 3668
f 3666 3676 3977
f 3666 3977 3974
f 3978 3668 3667
f 3667 3976 3978
f 3979 3669 3668
f 3978 3979 3668
f 3669 3980 3670
f 3669 3979 3980
f 3981 3671 3670
f 3980 3981 3670
f 3671 3982 3672
f 3982 3671 3981
f 3673 3672 3983
f 3982 3983 3672
f 3984 3674 3673
f 3984 3673 3983
f 3675 3674 3985
f 3984 3985 3674
f 3676 3675 3986
f 3675 3985 3986
f 3987 3977 3676
f 3987 3676 3986
f 3677 3988 4298
f 4308 3997 3677
f 3677 4298 4308
f 3680 4311 3678
f 3678 4310 3999
f 3678 4311 4310
f 3679 4001 3681
f 4001 3679 4000
f 4317 3680 3682
f 4311 3680 4314
f 4317 4314 3680
f 4002 3683 3681
f 4001 4002 3681
f 4319 3682 3684
f 3682 4319 4317
f 3685 3683 4003
f 4002 4003 3683
f 3686 4322 3684
f 4319 3684 4322
f 3685 4003 4320
f 4004 3685 4320
f 4005 4324 3686
f 4322 3686 4324
f 3688 3687 4006
f 3687 4004 4006
f 4325 3688 4006
f 4008 3688 4325
f 3689 4009 3691
f 4009 3689 4008
f 4329 3690 3692
f 3690 4327 4007
f 4327 3690 4329
f 4330 3691 4009
f 3691 4330 4010
f 3694 4332 3692
f 4329 3692 4332
f 3693 4011 3695
f 4010 4011 3693
f 3694 3696 4338
f 4335 4332 3694
f 4335 3694 4338
f 4336 3695 4011
f 4012 3695 4336
f 4013 4340 3696
f 4338 3696 4340
f 3698 3697 4014
f 3697 4012 4014
f 4341 3698 4014
f 3698 4341 4016
f 3700 3699 4018
f 4018 3699 4016
f 3700 4018 4346
f 4019 3700 4346
f 4345 4017 3701
f 4345 3701 4348
f 4350 4348 3701
f 3704 3702 4020
f 4020 3702 4019
f 3705 4353 3703
f 4350 3703 4353
f 4351 3704 4020
f 3704 4351 4021
f 3705 3707 4355
f 4353 3705 4355
f 3708 3706 4022
f 3706 4021 4022
f 3707 4023 4358
f 4355 3707 4358
f 4022 4356 3708
f 4356 4024 3708
f 4026 3710 3709
f 4024 4026 3709
f 4026 4361 3710
f 4028 3710 4361
f 3711 4029 3714
f 3711 4028 4029
f 3713 4027 3712
f 3713 3715 4365
f 3713 4363 4027
f 4363 3713 4365
f 4029 4366 3714
f 3714 4366 4030
f 3717 4370 3715
f 4365 3715 4368
f 4368 3715 4370
f 3716 4031 3718
f 4030 4031 3716
f 3717 4032 4373
f 4373 4370 3717
f 3718 4031 4371
f 4371 4033 3718
f 3720 3719 4043
f 4033 4043 3719
f 4043 4376 3720
f 4376 4048 3720
f 4046 3721 4047
f 4051 3724 3722
f 4048 4051 3722
f 3723 3725 4393
f 4044 3723 4378
f 3723 4389 4378
f 4389 3723 4393
f 3724 4051 4391
f 4055 3724 4391
f 3728 4406 3725
f 4406 4393 3725
f 3726 4052 3729
f 4052 3726 4045
f 4058 3730 3727
f 4055 4058 3727
f 3728 3731 4421
f 4421 4406 3728
f 4056 3732 3729
f 4053 3729 4052
f 4053 4056 3729
f 3730 4058 4419
f 3730 4419 4061
f 3731 4062 4435
f 4435 4421 3731
f 3734 3732 4059
f 4056 4059 3732
f 3733 4065 3735
f 4061 4065 3733
f 3736 3734 4063
f 4063 3734 4059
f 3735 4065 4449
f 4449 4069 3735
f 4067 3738 3736
f 3736 4063 4067
f 3739 3737 4073
f 4073 3737 4069
f 4071 3738 4067
f 4076 3743 3739
f 4076 3739 4073
f 3744 3741 3740
f 3740 3741 4070
f 3741 3744 3746
f 3741 3746 4499
f 4070 3741 4466
f 4482 4466 3741
f 4482 3741 4499
f 3742 4074 3747
f 3742 4071 4074
f 3748 3743 4076
f 3745 3746 3744
f 4080 3746 3745
f 4080 4516 3746
f 4499 3746 4516
f 3749 3747 4077
f 4074 4077 3747
f 4089 3756 3748
f 3748 4076 4079
f 4089 3748 4079
f 4081 3779 3749
f 3749 4077 4081
f 4083 3750 3780
f 4082 3750 4083
f 3751 3752 4084
f 3793 3751 4127
f 4127 3751 4084
f 3752 3753 4085
f 4084 3752 4085
f 3753 3754 4086
f 4085 3753 4086
f 3755 4087 3754
f 4086 3754 4087
f 3755 3756 4088
f 4088 4087 3755
f 3756 4089 4088
f 3758 4091 3757
f 3757 4091 4090
f 3759 4092 3758
f 3758 4092 4091
f 3759 3760 4093
f 3759 4093 4092
f 3760 3761 4094
f 3760 4094 4093
f 3761 3762 4095
f 4094 3761 4095
f 3762 3763 4096
f 4095 3762 4096
f 3764 4097 3763
f 3763 4097 4096
f 3765 4098 3764
f 3764 4098 4097
f 4099 3765 3766
f 4099 4098 3765
f 3766 3767 4100
f 4099 3766 4100
f 4101 3767 3768
f 4101 4100 3767
f 3769 4102 3768
f 4102 4101 3768
f 3769 3770 4103
f 4102 3769 4103
f 3771 4104 3770
f 4103 3770 4104
f 3771 3772 4105
f 4105 4104 3771
f 3773 4106 3772
f 3772 4106 4105
f 3774 4107 3773
f 3773 4107 4106
f 3774 3775 4108
f 4108 4107 3774
f 3775 3776 4109
f 4109 4108 3775
f 4110 3776 3777
f 4109 3776 4110
f 4111 3777 3778
f 4110 3777 4111
f 3794 4112 3778
f 3778 4112 4111
f 3779 4113 3797
f 3779 4081 4113
f 4114 3780 3781
f 4114 4083 3780
f 3781 3782 4115
f 4115 4114 3781
f 4116 3782 3783
f 4115 3782 4116
f 4117 3783 3784
f 4116 3783 4117
f 4118 3784 3785
f 4118 4117 3784
f 3785 3786 4119
f 3785 4119 4118
f 4120 3786 3787
f 4119 3786 4120
f 3787 3788 4121
f 4120 3787 4121
f 4122 3788 3789
f 4121 3788 4122
f 4123 3789 3790
f 4123 4122 3789
f 3790 3791 4124
f 3790 4124 4123
f 4125 3791 3792
f 4125 4124 3791
f 3792 3793 4126
f 3792 4126 4125
f 4126 3793 4127
f 3794 3795 4128
f 4128 4112 3794
f 3796 4129 3795
f 4128 3795 4129
f 4130 4129 3796
f 3797 4113 4131
f 4131 4136 3797
f 3799 4133 3798
f 4138 3800 3798
f 4138 3798 4133
f 4133 3799 4134
f 4135 4134 3799
f 3803 3800 4138
f 3801 3802 4140
f 4139 3801 4140
f 4142 3802 3804
f 4140 3802 4142
f 3803 4141 3805
f 4141 3803 4138
f 3804 3806 4144
f 3804 4144 4142
f 3805 4143 3807
f 4141 4143 3805
f 3806 3808 4146
f 3806 4146 4144
f 4145 3809 3807
f 3807 4143 4145
f 4148 3808 3810
f 4148 4146 3808
f 4147 3811 3809
f 4145 4147 3809
f 3810 3812 4150
f 3810 4150 4148
f 3811 4151 3813
f 4147 4149 3811
f 3811 4149 4151
f 4154 3812 3815
f 4154 4150 3812
f 3814 3813 4152
f 4152 3813 4151
f 4153 3816 3814
f 4152 4153 3814
f 4154 3815 3817
f 4155 3818 3816
f 4153 4155 3816
f 4156 3817 3834
f 4156 4154 3817
f 3835 3818 4157
f 4157 3818 4155
f 3820 3819 4159
f 3837 4158 3819
f 4158 4159 3819
f 3821 3820 4160
f 3820 4159 4160
f 3822 3821 4161
f 4160 4161 3821
f 4162 3823 3822
f 3822 4161 4162
f 3823 4163 3824
f 4162 4163 3823
f 3825 3824 4164
f 4164 3824 4163
f 3826 3825 4165
f 3825 4164 4165
f 4166 3827 3826
f 3826 4165 4166
f 3827 4167 3828
f 4167 3827 4166
f 4168 3829 3828
f 4167 4168 3828
f 4169 3830 3829
f 4169 3829 4168
f 4170 3831 3830
f 3830 4169 4170
f 4177 3838 3831
f 3831 4170 4177
f 3832 4172 3833
f 3865 4171 3832
f 4171 4172 3832
f 4173 3834 3833
f 3833 4172 4173
f 4173 4156 3834
f 3835 4157 4174
f 4206 3835 4174
f 3836 4176 3837
f 3866 4175 3836
f 4176 3836 4175
f 3837 4176 4158
f 3838 4178 3839
f 4177 4178 3838
f 3839 4179 3840
f 4178 4179 3839
f 3840 4180 3841
f 4179 4180 3840
f 3841 4181 3842
f 3841 4180 4181
f 3867 3842 4208
f 4208 3842 4181
f 4183 3844 3843
f 3868 4182 3843
f 4183 3843 4182
f 3845 3844 4184
f 4183 4184 3844
f 4185 3846 3845
f 3845 4184 4185
f 4186 3847 3846
f 3846 4185 4186
f 3848 3847 4187
f 4186 4187 3847
f 4188 3849 3848
f 4188 3848 4187
f 4189 3850 3849
f 4189 3849 4188
f 4190 3851 3850
f 4190 3850 4189
f 4191 3852 3851
f 3851 4190 4191
f 4192 3853 3852
f 4192 3852 4191
f 3853 4193 3854
f 4193 3853 4192
f 4194 3855 3854
f 4193 4194 3854
f 3856 3855 4195
f 4195 3855 4194
f 3856 4196 3857
f 4195 4196 3856
f 4197 3858 3857
f 4196 4197 3857
f 4198 3859 3858
f 3858 4197 4198
f 3859 4199 3860
f 4198 4199 3859
f 3860 4200 3861
f 4199 4200 3860
f 4201 3862 3861
f 4200 4201 3861
f 3862 4202 3863
f 4201 4202 3862
f 3863 4203 3864
f 3863 4202 4203
f 4204 3865 3864
f 4204 3864 4203
f 4171 3865 4204
f 3870 4207 3866
f 3866 4207 4175
f 4208 3871 3867
f 3868 3873 4209
f 4209 4182 3868
f 4210 3869 4205
f 4211 3870 3874
f 4207 3870 4211
f 3875 3871 4212
f 4212 3871 4208
f 3873 3872 4213
f 3876 3877 3872
f 3877 4213 3872
f 3873 4213 4209
f 4214 3874 3878
f 4724 4211 3874
f 4724 3874 4214
f 4215 3879 3875
f 3875 4212 4725
f 4725 4215 3875
f 4220 3877 3876
f 4220 3876 3880
f 3877 4727 4213
f 4742 3877 4220
f 4727 3877 4742
f 3882 4218 3878
f 4214 3878 4740
f 4218 4740 3878
f 3879 4219 3884
f 3879 4215 4219
f 4223 3880 3885
f 4220 3880 4759
f 4223 4759 3880
f 4216 4221 3881
f 3882 3886 4222
f 3882 4756 4218
f 3882 4222 4756
f 4219 3883 3884
f 4774 3883 4219
f 3883 4788 4773
f 4788 3883 4774
f 3885 3887 4223
f 3886 3888 4224
f 4772 4222 3886
f 4224 4772 3886
f 3891 4226 3887
f 4223 3887 4226
f 3893 4229 3888
f 4224 3888 4787
f 4787 3888 4229
f 3889 3890 4225
f 4804 3889 4225
f 4803 3889 4817
f 3889 4804 4817
f 3894 3895 3891
f 4230 3891 3895
f 4226 3891 4230
f 4234 3892 4227
f 4234 4231 3892
f 3893 3896 4232
f 3893 4802 4229
f 4232 4802 3893
f 3900 3895 3894
f 3899 3900 3894
f 3900 4818 3895
f 4230 3895 4805
f 4818 4805 3895
f 3903 4235 3896
f 4232 3896 4816
f 4235 4816 3896
f 3897 3898 4233
f 3897 4233 4831
f 4830 3897 4843
f 4831 4843 3897
f 3900 3899 3905
f 3904 3905 3899
f 3900 3905 4832
f 4832 4818 3900
f 4241 3906 3901
f 3901 4231 4236
f 4241 3901 4236
f 4239 3903 3902
f 3915 4238 3902
f 4239 3902 4238
f 4235 3903 4239
f 3904 4251 3905
f 3905 4251 4844
f 4844 4832 3905
f 3907 3906 4242
f 4242 3906 4241
f 3908 3907 4243
f 4242 4243 3907
f 4244 3909 3908
f 3908 4243 4244
f 3909 4245 3910
f 4245 3909 4244
f 4246 3911 3910
f 4245 4246 3910
f 3912 3911 4247
f 4246 4247 3911
f 3913 3912 4248
f 4248 3912 4247
f 4249 3914 3913
f 4249 3913 4248
f 4250 3915 3914
f 4250 3914 4249
f 4250 4238 3915
f 3916 3917 4240
f 3916 4240 4846
f 3916 4848 4845
f 3916 4846 4848
f 3921 4253 3918
f 3919 3920 4252
f 3919 4252 4851
f 3919 4853 4850
f 3919 4851 4853
f 3921 3922 4254
f 4253 3921 4254
f 3925 3926 3922
f 3926 4256 3922
f 4254 3922 4256
f 4255 3923 3924
f 4856 3923 4255
f 4855 3923 4858
f 3923 4856 4858
f 4258 3926 3925
f 3925 3927 4258
f 3926 4854 4256
f 4258 4857 3926
f 4857 4854 3926
f 3927 3930 4259
f 4258 3927 4259
f 3929 4257 3928
f 4861 3928 4257
f 4863 4860 3928
f 3928 4861 4863
f 3931 4261 3930
f 4261 4259 3930
f 3934 4261 3931
f 3933 4260 3932
f 4866 3932 4260
f 3932 4868 4865
f 3932 4866 4868
f 3934 3935 4262
f 3934 4262 4261
f 3938 3939 3935
f 3939 4264 3935
f 4262 3935 4264
f 3937 4263 3936
f 4871 3936 4263
f 4870 3936 4873
f 3936 4871 4873
f 3938 3941 3939
f 3938 3940 3941
f 3941 4872 3939
f 3939 4869 4264
f 3939 4872 4869
f 3941 3940 3945
f 3940 3944 3945
f 3941 3945 4874
f 4872 3941 4874
f 3942 3943 4265
f 3942 4265 4876
f 4875 3942 4878
f 3942 4876 4878
f 3945 3944 4267
f 3945 4267 4877
f 4877 4874 3945
f 3947 4266 3946
f 4881 3946 4266
f 4883 4880 3946
f 3946 4881 4883
f 3948 3949 4268
f 4270 3949 3952
f 4270 4268 3949
f 3950 3951 4269
f 3950 4269 4886
f 4888 4885 3950
f 3950 4886 4888
f 3954 3952 3953
f 3954 4271 3952
f 4271 4270 3952
f 3954 3953 4273
f 3953 3957 4273
f 3954 4887 4271
f 3954 4273 4889
f 4887 3954 4889
f 3956 4272 3955
f 4891 3955 4272
f 4890 3955 4894
f 4894 3955 4891
f 3958 4275 3957
f 4273 3957 4275
f 3958 4276 4275
f 3959 3960 4274
f 3959 4274 4897
f 4896 4277 3959
f 4897 4896 3959
f 3961 3964 4279
f 4278 3961 4279
f 3962 3963 4277
f 3962 4277 4902
f 4280 3962 4901
f 4901 3962 4902
f 3964 3965 3966
f 4279 3964 3966
f 3966 3965 3970
f 3965 3969 3970
f 3966 3970 4905
f 4903 4279 3966
f 4903 3966 4905
f 3967 4280 4907
f 4281 3967 4906
f 3967 4907 4906
f 3970 3969 3972
f 3972 3969 3971
f 3970 3972 4908
f 4908 4905 3970
f 3971 4283 3972
f 3974 4283 3971
f 4910 3972 4283
f 4910 4908 3972
f 3975 3973 4282
f 4281 4282 3973
f 3974 3977 4286
f 4286 4283 3974
f 3975 4284 3976
f 4284 3975 4282
f 3978 3976 4287
f 4284 4287 3976
f 4285 3977 3987
f 4286 3977 4285
f 4289 3979 3978
f 4287 4288 3978
f 4288 4289 3978
f 3980 3979 4290
f 4290 3979 4289
f 3980 4291 3981
f 4291 3980 4290
f 3982 3981 4292
f 4291 4292 3981
f 3982 4293 3983
f 4292 4293 3982
f 3984 3983 4294
f 4293 4294 3983
f 4295 3985 3984
f 4294 4295 3984
f 3985 4296 3986
f 4295 4296 3985
f 4297 3987 3986
f 4296 4297 3986
f 3987 4297 4285
f 3989 4298 3988
f 4299 3989 3990
f 4299 4298 3989
f 4300 3990 3991
f 4299 3990 4300
f 3992 4301 3991
f 3991 4301 4300
f 3992 3993 4302
f 3992 4302 4301
f 3993 3994 4303
f 4303 4302 3993
f 3994 3995 4304
f 4303 3994 4304
f 3995 3996 4305
f 4304 3995 4305
f 3996 3998 4306
f 4305 3996 4306
f 3997 4307 4000
f 4308 4307 3997
f 3998 3999 4309
f 4306 3998 4309
f 4310 4309 3999
f 4001 4000 4312
f 4307 4312 4000
f 4315 4002 4001
f 4312 4315 4001
f 4002 4318 4003
f 4002 4315 4318
f 4320 4003 4318
f 4323 4006 4004
f 4323 4004 4320
f 4007 4324 4005
f 4323 4325 4006
f 4327 4324 4007
f 4328 4009 4008
f 4328 4008 4325
f 4009 4328 4330
f 4333 4011 4010
f 4330 4333 4010
f 4011 4333 4336
f 4012 4339 4014
f 4012 4336 4339
f 4015 4340 4013
f 4339 4341 4014
f 4017 4343 4015
f 4343 4340 4015
f 4018 4016 4344
f 4016 4341 4344
f 4345 4343 4017
f 4344 4346 4018
f 4020 4019 4349
f 4019 4346 4349
f 4020 4349 4352
f 4351 4020 4352
f 4354 4022 4021
f 4351 4354 4021
f 4354 4356 4022
f 4025 4358 4023
f 4024 4359 4026
f 4356 4359 4024
f 4360 4025 4027
f 4358 4025 4360
f 4361 4026 4359
f 4360 4027 4363
f 4364 4029 4028
f 4361 4364 4028
f 4364 4366 4029
f 4030 4369 4031
f 4366 4369 4030
f 4031 4369 4371
f 4034 4373 4032
f 4374 4043 4033
f 4374 4033 4371
f 4034 4044 4375
f 4034 4375 4373
f 4035 4036 4380
f 4049 4035 4379
f 4379 4035 4380
f 4037 4381 4036
f 4036 4381 4380
f 4037 4038 4382
f 4382 4381 4037
f 4038 4039 4383
f 4038 4383 4382
f 4039 4040 4384
f 4383 4039 4384
f 4041 4385 4040
f 4040 4385 4384
f 4041 4042 4386
f 4041 4386 4385
f 4042 4046 4387
f 4387 4386 4042
f 4376 4043 4374
f 4378 4375 4044
f 4052 4045 4049
f 4046 4047 4387
f 4390 4047 4050
f 4047 4390 4387
f 4048 4388 4051
f 4388 4048 4376
f 4049 4379 4052
f 4054 4404 4050
f 4390 4050 4404
f 4051 4388 4391
f 4053 4052 4379
f 4056 4053 4394
f 4394 4053 4379
f 4418 4054 4057
f 4404 4054 4418
f 4405 4058 4055
f 4391 4405 4055
f 4056 4407 4059
f 4056 4394 4407
f 4060 4433 4057
f 4433 4418 4057
f 4405 4419 4058
f 4059 4422 4063
f 4059 4407 4422
f 4060 4064 4448
f 4433 4060 4448
f 4434 4065 4061
f 4434 4061 4419
f 4062 4066 4435
f 4067 4063 4436
f 4436 4063 4422
f 4464 4064 4068
f 4448 4064 4464
f 4434 4450 4065
f 4450 4449 4065
f 4070 4451 4066
f 4435 4066 4451
f 4452 4071 4067
f 4452 4067 4436
f 4072 4479 4068
f 4479 4464 4068
f 4073 4069 4465
f 4069 4449 4465
f 4451 4070 4466
f 4467 4074 4071
f 4467 4071 4452
f 4075 4496 4072
f 4496 4479 4072
f 4480 4076 4073
f 4480 4073 4465
f 4074 4483 4077
f 4483 4074 4467
f 4513 4075 4078
f 4512 4496 4075
f 4075 4513 4512
f 4079 4076 4497
f 4076 4480 4497
f 4081 4077 4500
f 4483 4500 4077
f 4078 4082 4531
f 4513 4078 4530
f 4530 4078 4531
f 4089 4079 4514
f 4497 4515 4079
f 4079 4515 4514
f 4090 4517 4080
f 4517 4516 4080
f 4081 4518 4113
f 4500 4518 4081
f 4532 4082 4083
f 4531 4082 4532
f 4083 4114 4574
f 4083 4574 4532
f 4085 4590 4084
f 4589 4127 4084
f 4084 4590 4589
f 4533 4085 4086
f 4085 4533 4590
f 4086 4087 4533
f 4534 4087 4088
f 4533 4087 4534
f 4089 4535 4088
f 4534 4088 4535
f 4514 4535 4089
f 4090 4091 4537
f 4090 4537 4517
f 4092 4538 4091
f 4091 4538 4537
f 4093 4539 4092
f 4538 4092 4539
f 4093 4094 4540
f 4093 4540 4539
f 4095 4541 4094
f 4094 4541 4540
f 4096 4542 4095
f 4542 4541 4095
f 4097 4543 4096
f 4543 4542 4096
f 4544 4097 4098
f 4544 4543 4097
f 4099 4545 4098
f 4545 4544 4098
f 4099 4100 4546
f 4546 4545 4099
f 4100 4101 4547
f 4100 4547 4546
f 4548 4101 4102
f 4547 4101 4548
f 4549 4102 4103
f 4548 4102 4549
f 4103 4104 4550
f 4103 4550 4549
f 4104 4105 4551
f 4550 4104 4551
f 4552 4105 4106
f 4551 4105 4552
f 4107 4553 4106
f 4106 4553 4552
f 4108 4554 4107
f 4554 4553 4107
f 4109 4555 4108
f 4554 4108 4555
f 4109 4110 4556
f 4556 4555 4109
f 4111 4557 4110
f 4110 4557 4556
f 4112 4558 4111
f 4558 4557 4111
f 4559 4112 4128
f 4112 4559 4558
f 4131 4113 4560
f 4518 4560 4113
f 4114 4115 4575
f 4114 4575 4574
f 4116 4576 4115
f 4115 4576 4575
f 4116 4117 4577
f 4116 4577 4576
f 4117 4118 4578
f 4578 4577 4117
f 4579 4118 4119
f 4118 4579 4578
f 4119 4120 4580
f 4580 4579 4119
f 4121 4581 4120
f 4120 4581 4580
f 4582 4121 4122
f 4582 4581 4121
f 4123 4583 4122
f 4122 4583 4582
f 4123 4124 4584
f 4583 4123 4584
f 4125 4585 4124
f 4584 4124 4585
f 4126 4586 4125
f 4125 4586 4585
f 4127 4587 4126
f 4587 4586 4126
f 4588 4587 4127
f 4588 4127 4589
f 4128 4129 4591
f 4128 4591 4559
f 4592 4129 4130
f 4591 4129 4592
f 4599 4130 4132
f 4599 4592 4130
f 4131 4593 4136
f 4131 4560 4594
f 4131 4594 4593
f 4132 4137 4604
f 4132 4604 4599
f 4133 4134 4600
f 4133 4605 4138
f 4605 4133 4600
f 4135 4601 4134
f 4600 4134 4601
f 4136 4602 4135
f 4135 4602 4601
f 4602 4136 4593
f 4606 4137 4139
f 4137 4606 4604
f 4605 4141 4138
f 4139 4140 4607
f 4606 4139 4607
f 4140 4142 4609
f 4607 4140 4609
f 4141 4608 4143
f 4605 4608 4141
f 4612 4142 4144
f 4609 4142 4612
f 4145 4143 4611
f 4143 4608 4611
f 4146 4615 4144
f 4144 4615 4612
f 4145 4614 4147
f 4145 4611 4614
f 4148 4618 4146
f 4615 4146 4618
f 4147 4617 4149
f 4614 4617 4147
f 4620 4148 4150
f 4618 4148 4620
f 4151 4149 4621
f 4619 4149 4617
f 4149 4619 4621
f 4624 4150 4154
f 4620 4150 4624
f 4151 4622 4152
f 4151 4621 4622
f 4152 4623 4153
f 4152 4622 4623
f 4153 4625 4155
f 4153 4623 4625
f 4154 4156 4624
f 4155 4625 4157
f 4156 4173 4627
f 4627 4624 4156
f 4628 4174 4157
f 4625 4628 4157
f 4158 4634 4159
f 4632 4158 4176
f 4632 4633 4158
f 4633 4634 4158
f 4160 4159 4635
f 4635 4159 4634
f 4160 4636 4161
f 4635 4636 4160
f 4162 4161 4637
f 4636 4637 4161
f 4163 4162 4638
f 4637 4638 4162
f 4163 4639 4164
f 4638 4639 4163
f 4640 4165 4164
f 4640 4164 4639
f 4166 4165 4641
f 4165 4640 4641
f 4167 4166 4642
f 4642 4166 4641
f 4643 4168 4167
f 4642 4643 4167
f 4644 4169 4168
f 4168 4643 4644
f 4170 4169 4645
f 4645 4169 4644
f 4177 4170 4646
f 4645 4646 4170
f 4171 4649 4172
f 4171 4204 4648
f 4648 4649 4171
f 4173 4172 4649
f 4649 4627 4173
f 4206 4174 4650
f 4628 4650 4174
f 4176 4175 4665
f 4207 4664 4175
f 4664 4665 4175
f 4176 4665 4632
f 4646 4178 4177
f 4179 4178 4666
f 4647 4178 4646
f 4666 4178 4647
f 4180 4179 4667
f 4666 4667 4179
f 4181 4180 4668
f 4668 4180 4667
f 4208 4181 4707
f 4707 4181 4668
f 4183 4182 4670
f 4209 4669 4182
f 4669 4670 4182
f 4184 4183 4671
f 4183 4670 4671
f 4672 4185 4184
f 4672 4184 4671
f 4673 4186 4185
f 4673 4185 4672
f 4674 4187 4186
f 4673 4674 4186
f 4188 4187 4675
f 4675 4187 4674
f 4188 4676 4189
f 4676 4188 4675
f 4190 4189 4677
f 4189 4676 4677
f 4191 4190 4678
f 4678 4190 4677
f 4191 4679 4192
f 4191 4678 4679
f 4680 4193 4192
f 4192 4679 4680
f 4193 4681 4194
f 4680 4681 4193
f 4194 4682 4195
f 4681 4682 4194
f 4683 4196 4195
f 4682 4683 4195
f 4196 4684 4197
f 4683 4684 4196
f 4197 4685 4198
f 4197 4684 4685
f 4199 4198 4686
f 4685 4686 4198
f 4199 4687 4200
f 4686 4687 4199
f 4200 4688 4201
f 4200 4687 4688
f 4201 4689 4202
f 4201 4688 4689
f 4202 4690 4203
f 4689 4690 4202
f 4203 4691 4204
f 4690 4691 4203
f 4204 4691 4648
f 4210 4205 4711
f 4205 4692 4728
f 4711 4205 4728
f 4693 4206 4650
f 4206 4693 4692
f 4706 4207 4211
f 4207 4706 4664
f 4707 4212 4208
f 4213 4709 4209
f 4710 4669 4209
f 4710 4209 4709
f 4210 4744 4217
f 4744 4210 4711
f 4706 4211 4724
f 4707 4726 4212
f 4725 4212 4726
f 4709 4213 4727
f 4724 4214 4723
f 4740 4723 4214
f 4219 4215 4757
f 4725 4757 4215
f 4760 4221 4216
f 4743 4776 4216
f 4216 4776 4760
f 4743 4217 4744
f 4218 4739 4740
f 4756 4739 4218
f 4774 4219 4757
f 4220 5829 4742
f 4220 4759 5829
f 4221 4791 4228
f 4791 4221 4760
f 4756 4222 4755
f 4772 4755 4222
f 4223 4226 4775
f 4775 4759 4223
f 4224 4771 4772
f 4224 4787 4771
f 4773 4804 4225
f 4226 4230 4789
f 4789 4775 4226
f 4228 4790 4227
f 4234 4227 4790
f 4790 4228 4791
f 4787 4229 4786
f 4802 4786 4229
f 4789 4230 4805
f 4234 4236 4231
f 4801 4802 4232
f 4232 4816 4801
f 4831 4233 4803
f 4234 4237 4236
f 4234 4819 4237
f 4234 4790 4819
f 4235 4239 4829
f 4829 4816 4235
f 4241 4236 4237
f 4242 4241 4237
f 4237 4833 4242
f 4237 4819 4833
f 4239 4238 4842
f 4250 4841 4238
f 4842 4238 4841
f 4842 4829 4239
f 4846 4240 4830
f 4242 4833 4243
f 4834 4244 4243
f 4833 4834 4243
f 4245 4244 4835
f 4244 4834 4835
f 4836 4246 4245
f 4245 4835 4836
f 4246 4837 4247
f 4246 4836 4837
f 4248 4247 4838
f 4837 4838 4247
f 4249 4248 4839
f 4839 4248 4838
f 4250 4249 4840
f 4840 4249 4839
f 4250 4840 4841
f 4844 4251 5990
f 4847 5990 4251
f 4851 4252 4845
f 4253 4254 4849
f 4849 4847 4253
f 4256 4852 4254
f 4849 4254 4852
f 4850 4856 4255
f 4256 6053 4852
f 4854 6053 4256
f 4855 4861 4257
f 4258 4259 4859
f 4258 4859 4857
f 4862 4259 4261
f 4259 4862 4859
f 4860 4866 4260
f 4864 4261 4262
f 4862 4261 4864
f 4262 4264 4867
f 4867 4864 4262
f 4865 4871 4263
f 4867 4264 6171
f 6171 4264 4869
f 4876 4265 4870
f 4881 4266 4875
f 4877 4267 6242
f 4267 4879 6242
f 4270 4882 4268
f 4882 4879 4268
f 4880 4886 4269
f 4270 4271 4884
f 4884 4882 4270
f 6293 4884 4271
f 4271 4887 6293
f 4885 4891 4272
f 4273 4275 4893
f 4893 4889 4273
f 4890 4897 4274
f 4275 4276 4895
f 4893 4275 4895
f 4278 4898 4276
f 4898 4895 4276
f 4902 4277 4896
f 4278 4279 4900
f 4900 4898 4278
f 4279 6383 4900
f 4903 6383 4279
f 4901 4907 4280
f 4281 4911 4282
f 4911 4281 4906
f 4282 4914 4284
f 4282 4911 4914
f 4286 4913 4283
f 4913 4910 4283
f 4284 4914 4287
f 4285 4917 4286
f 4297 4916 4285
f 4917 4285 4916
f 4917 4913 4286
f 4287 4918 4288
f 4287 4914 4918
f 4288 4919 4289
f 4288 4918 4919
f 4290 4289 4920
f 4289 4919 4920
f 4921 4291 4290
f 4920 4921 4290
f 4292 4291 4922
f 4921 4922 4291
f 4292 4923 4293
f 4922 4923 4292
f 4293 4924 4294
f 4923 4924 4293
f 4294 4925 4295
f 4294 4924 4925
f 4296 4295 4926
f 4926 4295 4925
f 4296 4927 4297
f 4296 4926 4927
f 4297 4927 4916
f 4298 4299 4929
f 4308 4298 4928
f 4928 4298 4929
f 4299 4300 4930
f 4299 4930 4929
f 4300 4301 4931
f 4930 4300 4931
f 4932 4301 4302
f 4931 4301 4932
f 4303 4933 4302
f 4932 4302 4933
f 4304 4934 4303
f 4303 4934 4933
f 4935 4304 4305
f 4935 4934 4304
f 4305 4306 4936
f 4935 4305 4936
f 4306 4309 4937
f 4306 4937 4936
f 4308 4313 4307
f 4313 4312 4307
f 4308 4928 4313
f 4310 4938 4309
f 4938 4937 4309
f 4310 4311 4938
f 4311 4314 4950
f 4311 4950 4938
f 4312 4313 4316
f 4312 4316 4315
f 4313 4939 4316
f 4928 4939 4313
f 4317 4963 4314
f 4963 4950 4314
f 4315 4316 4318
f 4318 4316 4951
f 4316 4939 4951
f 4319 4976 4317
f 4963 4317 4976
f 4320 4318 4321
f 4964 4321 4318
f 4951 4964 4318
f 4319 4322 4989
f 4989 4976 4319
f 4323 4320 4321
f 4321 4977 4323
f 4964 4977 4321
f 4322 4324 5003
f 5003 4989 4322
f 4326 4325 4323
f 4990 4326 4323
f 4323 4977 4990
f 4327 5017 4324
f 5017 5003 4324
f 4328 4325 4326
f 4326 5004 4328
f 4326 4990 5004
f 5032 4327 4329
f 5032 5017 4327
f 4328 4331 4330
f 4331 4328 5018
f 4328 5004 5018
f 5047 4329 4332
f 5047 5032 4329
f 4333 4330 4331
f 4333 4331 5033
f 5018 5033 4331
f 4335 4334 4332
f 5062 4332 4334
f 5062 5047 4332
f 4337 4336 4333
f 4337 4333 5048
f 5048 4333 5033
f 4335 4338 4334
f 4334 4338 5077
f 4334 5076 5062
f 5077 5076 4334
f 4336 4337 4339
f 4339 4337 5063
f 4337 5048 5063
f 4338 4340 5093
f 5093 5077 4338
f 4342 4341 4339
f 5078 4342 4339
f 4339 5063 5078
f 4343 5109 4340
f 5093 4340 5109
f 4341 4342 4344
f 4342 5094 4344
f 4342 5078 5094
f 4345 5126 4343
f 4343 5126 5109
f 4344 4347 4346
f 4344 5110 4347
f 4344 5094 5110
f 4345 4348 5143
f 4345 5143 5126
f 4347 4349 4346
f 5127 4349 4347
f 4347 5110 5127
f 4348 4350 5161
f 5161 5143 4348
f 4352 4349 5144
f 5127 5144 4349
f 4350 4353 5178
f 5161 4350 5178
f 4354 4351 4352
f 4354 4352 5162
f 4352 5144 5162
f 5196 4353 4355
f 5178 4353 5196
f 4354 4357 4356
f 5179 4357 4354
f 4354 5162 5179
f 4355 4358 5214
f 5196 4355 5214
f 4356 4357 4359
f 4357 5197 4359
f 5179 5197 4357
f 4358 4360 5233
f 5233 5214 4358
f 4362 4361 4359
f 4359 5215 4362
f 4359 5197 5215
f 4360 4363 5252
f 5233 4360 5252
f 4364 4361 4362
f 4364 4362 5234
f 5234 4362 5215
f 4363 4365 5272
f 5272 5252 4363
f 4364 4367 4366
f 5253 4367 4364
f 4364 5234 5253
f 4365 4368 5292
f 5272 4365 5292
f 4366 4367 4369
f 5273 4369 4367
f 5273 4367 5253
f 4368 4370 5312
f 4368 5312 5292
f 4369 4372 4371
f 4372 4369 5293
f 5293 4369 5273
f 4373 5332 4370
f 5312 4370 5332
f 4374 4371 4372
f 4374 4372 5313
f 5293 5313 4372
f 4375 5353 4373
f 4373 5353 5332
f 4376 4374 4377
f 4377 4374 5333
f 4374 5313 5333
f 5374 4375 4378
f 5374 5353 4375
f 4377 4388 4376
f 4377 5354 4388
f 4377 5333 5354
f 4389 5396 4378
f 4378 5396 5374
f 4394 4379 4380
f 4395 4380 4381
f 4395 4394 4380
f 4396 4381 4382
f 4396 4395 4381
f 4397 4382 4383
f 4397 4396 4382
f 4384 4398 4383
f 4398 4397 4383
f 4385 4399 4384
f 4384 4399 4398
f 4400 4385 4386
f 4400 4399 4385
f 4386 4387 4401
f 4400 4386 4401
f 4387 4390 4402
f 4401 4387 4402
f 4392 4391 4388
f 4388 5375 4392
f 5354 5375 4388
f 4389 4393 5418
f 5418 5396 4389
f 4403 4402 4390
f 4390 4404 4403
f 4391 4392 4405
f 4405 4392 5397
f 5397 4392 5375
f 4406 5440 4393
f 5440 5418 4393
f 4395 4408 4394
f 4407 4394 4408
f 4396 4408 4395
f 4397 4409 4396
f 4396 4409 4408
f 4398 4410 4397
f 4410 4409 4397
f 4411 4398 4399
f 4411 4410 4398
f 4400 4412 4399
f 4411 4399 4412
f 4401 4413 4400
f 4413 4412 4400
f 4414 4401 4402
f 4401 4414 4413
f 4402 4403 4415
f 4414 4402 4415
f 4416 4403 4404
f 4403 4416 4415
f 4404 4417 4416
f 4404 4418 4417
f 4405 4420 4419
f 4405 5419 4420
f 4405 5397 5419
f 4421 5462 4406
f 5440 4406 5462
f 4407 4408 4422
f 4422 4408 4409
f 4410 4423 4409
f 4423 4422 4409
f 4410 4411 4424
f 4410 4424 4423
f 4411 4412 4425
f 4424 4411 4425
f 4426 4412 4413
f 4425 4412 4426
f 4427 4413 4414
f 4413 4427 4426
f 4428 4414 4415
f 4427 4414 4428
f 4429 4415 4416
f 4428 4415 4429
f 4416 4417 4430
f 4429 4416 4430
f 4417 4418 4431
f 4431 4430 4417
f 4432 4431 4418
f 4432 4418 4433
f 4434 4419 4420
f 4434 4420 5441
f 5419 5441 4420
f 5485 4421 4435
f 5462 4421 5485
f 4423 4436 4422
f 4437 4423 4424
f 4423 4437 4436
f 4425 4438 4424
f 4437 4424 4438
f 4425 4426 4439
f 4425 4439 4438
f 4426 4427 4440
f 4440 4439 4426
f 4427 4428 4441
f 4441 4440 4427
f 4429 4442 4428
f 4428 4442 4441
f 4430 4443 4429
f 4443 4442 4429
f 4430 4431 4444
f 4430 4444 4443
f 4432 4445 4431
f 4431 4445 4444
f 4432 4433 4446
f 4432 4446 4445
f 4446 4433 4447
f 4433 4448 4447
f 4450 4434 5463
f 4434 5441 5463
f 4435 4451 5508
f 4435 5508 5485
f 4437 4452 4436
f 4438 4453 4437
f 4437 4453 4452
f 4439 4453 4438
f 4439 4440 4454
f 4454 4453 4439
f 4440 4441 4455
f 4440 4455 4454
f 4442 4456 4441
f 4456 4455 4441
f 4442 4443 4457
f 4442 4457 4456
f 4458 4443 4444
f 4457 4443 4458
f 4444 4445 4459
f 4444 4459 4458
f 4460 4445 4446
f 4460 4459 4445
f 4446 4447 4461
f 4446 4461 4460
f 4448 4462 4447
f 4461 4447 4462
f 4448 4463 4462
f 4463 4448 4464
f 4450 4465 4449
f 5486 4465 4450
f 5486 4450 5463
f 4451 4466 5532
f 4451 5531 5508
f 4451 5532 5531
f 4467 4452 4453
f 4467 4453 4454
f 4468 4454 4455
f 4468 4467 4454
f 4455 4456 4469
f 4469 4468 4455
f 4457 4470 4456
f 4469 4456 4470
f 4458 4471 4457
f 4471 4470 4457
f 4459 4472 4458
f 4472 4471 4458
f 4460 4473 4459
f 4459 4473 4472
f 4461 4474 4460
f 4460 4474 4473
f 4461 4462 4475
f 4475 4474 4461
f 4462 4463 4476
f 4462 4476 4475
f 4477 4463 4464
f 4463 4477 4476
f 4478 4477 4464
f 4478 4464 4479
f 4480 4465 4481
f 4465 5509 4481
f 5509 4465 5486
f 4482 5556 4466
f 5532 4466 5556
f 4467 4468 4483
f 4469 4484 4468
f 4483 4468 4484
f 4470 4485 4469
f 4469 4485 4484
f 4470 4471 4486
f 4486 4485 4470
f 4472 4487 4471
f 4486 4471 4487
f 4488 4472 4473
f 4488 4487 4472
f 4473 4474 4489
f 4488 4473 4489
f 4490 4474 4475
f 4490 4489 4474
f 4491 4475 4476
f 4491 4490 4475
f 4476 4477 4492
f 4476 4492 4491
f 4478 4493 4477
f 4493 4492 4477
f 4494 4478 4479
f 4478 4494 4493
f 4479 4495 4494
f 4495 4479 4496
f 4498 4480 4481
f 4480 4498 4497
f 4481 5533 4498
f 4481 5509 5533
f 5576 4482 4499
f 5556 4482 5575
f 5576 5575 4482
f 4483 4484 4500
f 4485 4500 4484
f 4486 4501 4485
f 4500 4485 4501
f 4486 4487 4502
f 4502 4501 4486
f 4503 4487 4488
f 4503 4502 4487
f 4504 4488 4489
f 4488 4504 4503
f 4489 4490 4505
f 4505 4504 4489
f 4491 4506 4490
f 4505 4490 4506
f 4507 4491 4492
f 4506 4491 4507
f 4493 4508 4492
f 4492 4508 4507
f 4494 4509 4493
f 4509 4508 4493
f 4494 4495 4510
f 4509 4494 4510
f 4496 4511 4495
f 4495 4511 4510
f 4496 4512 4511
f 4497 4498 4515
f 5557 4515 4498
f 5533 5557 4498
f 5576 4499 4516
f 4500 4501 4518
f 4518 4501 4502
f 4502 4503 4519
f 4519 4518 4502
f 4504 4520 4503
f 4503 4520 4519
f 4505 4521 4504
f 4504 4521 4520
f 4506 4522 4505
f 4521 4505 4522
f 4523 4506 4507
f 4523 4522 4506
f 4524 4507 4508
f 4524 4523 4507
f 4525 4508 4509
f 4524 4508 4525
f 4509 4510 4526
f 4509 4526 4525
f 4510 4511 4527
f 4510 4527 4526
f 4512 4528 4511
f 4528 4527 4511
f 4513 4529 4512
f 4529 4528 4512
f 4513 4530 4529
f 4515 4536 4514
f 4514 5596 4535
f 4536 5597 4514
f 5597 5596 4514
f 4515 5577 4536
f 5557 5577 4515
f 5594 4516 4517
f 5576 4516 5593
f 5594 5593 4516
f 4537 5612 4517
f 4517 5612 5594
f 4519 4560 4518
f 4561 4519 4520
f 4560 4519 4561
f 4562 4520 4521
f 4561 4520 4562
f 4563 4521 4522
f 4562 4521 4563
f 4522 4523 4564
f 4522 4564 4563
f 4523 4524 4565
f 4564 4523 4565
f 4566 4524 4525
f 4524 4566 4565
f 4525 4526 4567
f 4566 4525 4567
f 4568 4526 4527
f 4567 4526 4568
f 4569 4527 4528
f 4527 4569 4568
f 4529 4570 4528
f 4528 4570 4569
f 4529 4530 4571
f 4529 4571 4570
f 4530 4531 4572
f 4530 4572 4571
f 4532 4573 4531
f 4572 4531 4573
f 4532 5643 4573
f 4574 5644 4532
f 4532 5644 5643
f 4534 5662 4533
f 4533 5661 4590
f 4533 5662 5661
f 4534 4535 5595
f 4534 5595 5662
f 4535 5596 5595
f 4536 5577 5598
f 4536 5598 5597
f 4538 5613 4537
f 4537 5613 5612
f 4539 5614 4538
f 4538 5614 5613
f 4539 4540 5615
f 4539 5615 5614
f 4540 4541 5616
f 5616 5615 4540
f 4542 5617 4541
f 5617 5616 4541
f 4542 4543 5618
f 5617 4542 5618
f 5619 4543 4544
f 5618 4543 5619
f 5620 4544 4545
f 5620 5619 4544
f 4545 4546 5621
f 5620 4545 5621
f 5622 4546 4547
f 5621 4546 5622
f 4548 5623 4547
f 5622 4547 5623
f 5624 4548 4549
f 5624 5623 4548
f 4549 4550 5625
f 5625 5624 4549
f 5626 4550 4551
f 5625 4550 5626
f 4551 4552 5627
f 5626 4551 5627
f 4553 5628 4552
f 4552 5628 5627
f 5629 4553 4554
f 5629 5628 4553
f 4555 5630 4554
f 4554 5630 5629
f 4556 5631 4555
f 4555 5631 5630
f 4556 4557 5632
f 4556 5632 5631
f 4558 5633 4557
f 5633 5632 4557
f 4559 5666 4558
f 5666 5633 4558
f 4591 5668 4559
f 5667 5666 4559
f 4559 5668 5667
f 4561 4594 4560
f 4562 4595 4561
f 4594 4561 4595
f 4563 4596 4562
f 4562 4596 4595
f 4563 4564 4597
f 4563 4597 4596
f 4565 4598 4564
f 4564 4598 4597
f 5635 4565 4566
f 4565 5634 4598
f 5634 4565 5635
f 4567 5636 4566
f 4566 5636 5635
f 4567 4568 5637
f 4567 5637 5636
f 4568 4569 5638
f 4568 5638 5637
f 4570 5639 4569
f 4569 5639 5638
f 4571 5640 4570
f 5639 4570 5640
f 4571 4572 5641
f 4571 5641 5640
f 4573 5642 4572
f 4572 5642 5641
f 4573 5643 5642
f 4575 5644 4574
f 5645 4575 4576
f 4575 5645 5644
f 4576 4577 5646
f 5645 4576 5646
f 5647 4577 4578
f 5646 4577 5647
f 5648 4578 4579
f 5648 5647 4578
f 4579 4580 5649
f 5648 4579 5649
f 5650 4580 4581
f 5649 4580 5650
f 5651 4581 4582
f 5650 4581 5651
f 5652 4582 4583
f 4582 5652 5651
f 4583 4584 5653
f 5652 4583 5653
f 4584 4585 5654
f 4584 5654 5653
f 5655 4585 4586
f 5655 5654 4585
f 4586 4587 5656
f 5656 5655 4586
f 5657 4587 4588
f 5657 5656 4587
f 5658 4588 4589
f 5657 4588 5658
f 4589 4590 5659
f 5659 5658 4589
f 5659 4590 5660
f 5661 5660 4590
f 4592 5668 4591
f 4599 5669 4592
f 4592 5669 5668
f 4593 4594 4603
f 4593 5677 4602
f 4593 4603 5678
f 5677 4593 5678
f 4594 4595 4603
f 4596 5671 4595
f 5670 4603 4595
f 5670 4595 5671
f 5672 4596 4597
f 5671 4596 5672
f 4598 5673 4597
f 5673 5672 4597
f 5634 5673 4598
f 4604 5674 4599
f 5674 5669 4599
f 4600 4601 5675
f 4600 5686 4605
f 5675 5686 4600
f 5676 4601 4602
f 5675 4601 5676
f 5676 4602 5677
f 5678 4603 5670
f 4604 4606 5684
f 5684 5674 4604
f 4605 5685 4608
f 4605 5686 5685
f 4606 4607 5688
f 5684 4606 5687
f 4606 5688 5687
f 5688 4607 4609
f 4611 4608 5689
f 4608 5685 5689
f 4609 4613 4610
f 4609 4610 5688
f 4609 4612 4613
f 4613 6596 4610
f 5688 4610 6594
f 6596 6594 4610
f 5690 4614 4611
f 4611 5689 5690
f 4616 4613 4612
f 4616 4612 4615
f 4613 4616 5693
f 4613 5693 5691
f 4613 5691 6596
f 5694 4617 4614
f 4614 5690 5692
f 4614 5692 5694
f 4616 4615 5695
f 4618 5695 4615
f 5695 5693 4616
f 4619 4617 5694
f 5699 4618 4620
f 5699 5695 4618
f 4619 5698 4621
f 5694 5697 4619
f 4619 5697 5698
f 4624 5704 4620
f 4620 5704 5699
f 5700 4622 4621
f 4621 5698 5700
f 4622 5701 4623
f 5700 5701 4622
f 4625 4623 5702
f 5702 4623 5701
f 5704 4624 4627
f 4628 4625 4626
f 5702 4626 4625
f 4628 4626 4629
f 4626 5705 4629
f 5702 5703 4626
f 5703 5705 4626
f 5714 4627 4649
f 4627 5714 5704
f 4650 4628 4629
f 4651 4629 4630
f 4629 5705 4630
f 4650 4629 4651
f 4630 4631 4652
f 4631 4630 5706
f 4652 4651 4630
f 5706 4630 5705
f 4652 4631 4653
f 4653 4631 4654
f 5715 4654 4631
f 4631 5706 5707
f 4631 5707 5715
f 4632 5728 4633
f 4632 4665 5726
f 4632 5726 5727
f 4632 5727 5728
f 4633 5729 4634
f 4633 5728 5729
f 4635 4634 5730
f 4634 5729 5730
f 5731 4636 4635
f 4635 5730 5731
f 4636 5732 4637
f 5731 5732 4636
f 5733 4638 4637
f 5733 4637 5732
f 4638 5734 4639
f 5734 4638 5733
f 4640 4639 5735
f 5734 5735 4639
f 4640 5736 4641
f 4640 5735 5736
f 4641 5737 4642
f 4641 5736 5737
f 4642 5738 4643
f 4642 5737 5738
f 4643 5739 4644
f 5738 5739 4643
f 4644 5740 4645
f 4644 5739 5740
f 4645 5741 4646
f 5740 5741 4645
f 4646 5742 4647
f 4646 5741 5742
f 4666 4647 5743
f 5742 5743 4647
f 4648 5748 4649
f 4691 5746 4648
f 5746 5747 4648
f 4648 5747 5748
f 5748 5714 4649
f 4651 4693 4650
f 4694 4651 4652
f 4651 4694 4693
f 4695 4652 4653
f 4695 4694 4652
f 4653 4654 4696
f 4696 4695 4653
f 4655 4697 4654
f 4654 5715 4655
f 4697 4696 4654
f 4698 4655 4656
f 4656 4655 5716
f 4698 4697 4655
f 5715 5716 4655
f 4657 4699 4656
f 4656 5717 4657
f 4656 4699 4698
f 5716 5717 4656
f 4657 4658 4700
f 4657 5718 4658
f 4699 4657 4700
f 5717 5718 4657
f 4701 4658 4659
f 4659 4658 5719
f 4700 4658 4701
f 4658 5718 5719
f 4702 4659 4660
f 4659 5720 4660
f 4702 4701 4659
f 4659 5719 5720
f 4703 4660 4661
f 4661 4660 5721
f 4660 4703 4702
f 4660 5720 5721
f 4661 4662 4704
f 4662 4661 5722
f 4704 4703 4661
f 4661 5721 5722
f 4662 4663 4705
f 4662 5723 4663
f 4662 4705 4704
f 4662 5722 5723
f 4706 4663 4664
f 4664 4663 5724
f 4705 4663 4706
f 5724 4663 5723
f 4664 5725 4665
f 5724 5725 4664
f 4665 5725 5726
f 5743 4667 4666
f 5749 4668 4667
f 5744 4667 5743
f 5749 4667 5744
f 5750 4707 4668
f 5750 4668 5749
f 5757 4670 4669
f 4710 5755 4669
f 5756 4669 5755
f 5757 4669 5756
f 5758 4671 4670
f 5758 4670 5757
f 4672 4671 5759
f 5759 4671 5758
f 4673 4672 5760
f 5760 4672 5759
f 4674 4673 5761
f 5761 4673 5760
f 4675 4674 5762
f 5762 4674 5761
f 5763 4676 4675
f 4675 5762 5763
f 5764 4677 4676
f 5764 4676 5763
f 4678 4677 5765
f 5764 5765 4677
f 5766 4679 4678
f 5766 4678 5765
f 5767 4680 4679
f 5767 4679 5766
f 5768 4681 4680
f 5767 5768 4680
f 4682 4681 5769
f 5769 4681 5768
f 5770 4683 4682
f 5770 4682 5769
f 5771 4684 4683
f 4683 5770 5771
f 5772 4685 4684
f 5772 4684 5771
f 5773 4686 4685
f 5773 4685 5772
f 5774 4687 4686
f 5774 4686 5773
f 5775 4688 4687
f 4687 5774 5775
f 5776 4689 4688
f 5776 4688 5775
f 5776 4690 4689
f 4690 5745 4691
f 5776 5745 4690
f 4691 5745 5746
f 4692 4693 4712
f 4728 4692 4712
f 4712 4693 4694
f 4695 4713 4694
f 4712 4694 4713
f 4714 4695 4696
f 4714 4713 4695
f 4696 4697 4715
f 4715 4714 4696
f 4698 4716 4697
f 4715 4697 4716
f 4699 4717 4698
f 4717 4716 4698
f 4700 4718 4699
f 4718 4717 4699
f 4719 4700 4701
f 4700 4719 4718
f 4720 4701 4702
f 4719 4701 4720
f 4721 4702 4703
f 4702 4721 4720
f 4704 4722 4703
f 4722 4721 4703
f 4723 4704 4705
f 4722 4704 4723
f 4706 4724 4705
f 4705 4724 4723
f 4726 4707 4708
f 5750 4708 4707
f 5777 4726 4708
f 4708 5750 5751
f 5777 4708 5751
f 5791 4710 4709
f 4727 5791 4709
f 5791 5755 4710
f 4745 4711 4728
f 4744 4711 4745
f 4729 4712 4713
f 4712 4729 4728
f 4730 4713 4714
f 4730 4729 4713
f 4731 4714 4715
f 4731 4730 4714
f 4732 4715 4716
f 4732 4731 4715
f 4733 4716 4717
f 4733 4732 4716
f 4734 4717 4718
f 4733 4717 4734
f 4735 4718 4719
f 4718 4735 4734
f 4736 4719 4720
f 4735 4719 4736
f 4721 4737 4720
f 4737 4736 4720
f 4722 4738 4721
f 4721 4738 4737
f 4740 4722 4723
f 4722 4739 4738
f 4739 4722 4740
f 4726 4741 4725
f 4725 4741 4757
f 4741 4726 5792
f 4726 5777 5792
f 5809 4727 4742
f 5791 4727 5809
f 4728 4729 4745
f 4746 4729 4730
f 4729 4746 4745
f 4731 4747 4730
f 4730 4747 4746
f 4731 4732 4748
f 4748 4747 4731
f 4732 4733 4749
f 4748 4732 4749
f 4734 4750 4733
f 4733 4750 4749
f 4734 4735 4751
f 4751 4750 4734
f 4736 4752 4735
f 4735 4752 4751
f 4753 4736 4737
f 4752 4736 4753
f 4737 4738 4755
f 4753 4737 4754
f 4754 4737 4755
f 4739 4756 4738
f 4755 4738 4756
f 4757 4741 4758
f 4741 5810 4758
f 5792 5810 4741
f 5809 4742 5808
f 5808 4742 5829
f 4743 4744 4761
f 4743 4761 4776
f 4744 4745 4761
f 4745 4746 4762
f 4762 4761 4745
f 4747 4763 4746
f 4746 4763 4762
f 4748 4764 4747
f 4764 4763 4747
f 4765 4748 4749
f 4765 4764 4748
f 4749 4750 4766
f 4765 4749 4766
f 4751 4767 4750
f 4766 4750 4767
f 4752 4768 4751
f 4768 4767 4751
f 4770 4752 4753
f 4769 4768 4752
f 4770 4769 4752
f 4753 4754 4771
f 4771 4770 4753
f 4772 4754 4755
f 4772 4771 4754
f 4774 4757 4758
f 4774 4758 5830
f 5810 5831 4758
f 4758 5831 5830
f 4775 5854 4759
f 5854 5829 4759
f 4792 4760 4776
f 4760 4792 4791
f 4762 4778 4761
f 4777 4776 4761
f 4778 4777 4761
f 4762 4763 4779
f 4779 4778 4762
f 4764 4780 4763
f 4763 4780 4779
f 4764 4765 4781
f 4780 4764 4781
f 4766 4782 4765
f 4765 4782 4781
f 4767 4783 4766
f 4766 4783 4782
f 4783 4767 4768
f 4769 4785 4768
f 4783 4768 4784
f 4785 4784 4768
f 4770 4786 4769
f 4785 4769 4786
f 4771 4787 4770
f 4787 4786 4770
f 5878 4773 4788
f 5878 4804 4773
f 5830 4788 4774
f 4789 5877 4775
f 5854 4775 5877
f 4777 4792 4776
f 4793 4777 4778
f 4777 4793 4792
f 4779 4794 4778
f 4778 4794 4793
f 4779 4780 4795
f 4794 4779 4795
f 4780 4781 4796
f 4795 4780 4796
f 4797 4781 4782
f 4796 4781 4797
f 4782 4783 4798
f 4797 4782 4798
f 4784 4799 4783
f 4783 4799 4798
f 4801 4784 4785
f 4799 4784 4800
f 4801 4800 4784
f 4802 4785 4786
f 4801 4785 4802
f 5830 5879 4788
f 4788 5879 5878
f 4789 4805 5901
f 4789 5901 5877
f 4790 4791 4806
f 4819 4790 4806
f 4792 4806 4791
f 4807 4792 4793
f 4792 4807 4806
f 4794 4808 4793
f 4808 4807 4793
f 4809 4794 4795
f 4794 4809 4808
f 4810 4795 4796
f 4810 4809 4795
f 4797 4811 4796
f 4796 4811 4810
f 4797 4798 4812
f 4812 4811 4797
f 4798 4799 4813
f 4812 4798 4813
f 4814 4799 4800
f 4813 4799 4814
f 4816 4800 4801
f 4814 4800 4815
f 4815 4800 4816
f 4803 4817 5924
f 4831 4803 5924
f 4817 4804 5878
f 4818 5923 4805
f 5901 4805 5923
f 4820 4806 4807
f 4819 4806 4820
f 4821 4807 4808
f 4821 4820 4807
f 4809 4822 4808
f 4822 4821 4808
f 4809 4810 4823
f 4809 4823 4822
f 4810 4811 4824
f 4824 4823 4810
f 4825 4811 4812
f 4824 4811 4825
f 4812 4813 4826
f 4825 4812 4826
f 4814 4827 4813
f 4827 4826 4813
f 4814 4815 4828
f 4828 4827 4814
f 4815 4816 4829
f 4815 4829 4828
f 5925 4817 5878
f 5925 5924 4817
f 5946 4818 4832
f 4818 5922 5923
f 5922 4818 5946
f 4820 4833 4819
f 4834 4820 4821
f 4820 4834 4833
f 4835 4821 4822
f 4835 4834 4821
f 4823 4836 4822
f 4835 4822 4836
f 4824 4837 4823
f 4823 4837 4836
f 4824 4825 4838
f 4837 4824 4838
f 4839 4825 4826
f 4839 4838 4825
f 4827 4840 4826
f 4840 4839 4826
f 4827 4828 4841
f 4840 4827 4841
f 4842 4828 4829
f 4828 4842 4841
f 4830 4843 5968
f 4846 4830 5968
f 5924 4843 4831
f 4844 5967 4832
f 4832 5945 5946
f 4832 5967 5945
f 5924 5969 4843
f 5968 4843 5969
f 5990 5967 4844
f 4845 4848 6012
f 4851 4845 6012
f 5968 4848 4846
f 4849 6011 4847
f 5990 4847 6011
f 5968 6013 4848
f 6013 6012 4848
f 6033 4849 4852
f 6011 4849 6033
f 4853 6054 4850
f 4850 6054 4856
f 4853 4851 6012
f 6033 4852 6053
f 4853 6012 6055
f 4853 6055 6054
f 4857 6074 4854
f 4854 6052 6053
f 6074 6052 4854
f 6094 4855 4858
f 4855 6094 4861
f 4858 4856 6054
f 6093 4857 4859
f 6074 4857 6093
f 6095 4858 6054
f 6094 4858 6095
f 6114 4859 4862
f 6093 4859 6114
f 6134 4860 4863
f 4860 6134 4866
f 6094 4863 4861
f 4862 4864 6133
f 6133 6114 4862
f 6094 6135 4863
f 6135 6134 4863
f 4864 4867 6153
f 4864 6153 6133
f 4865 4868 6172
f 4865 6172 4871
f 6134 4868 4866
f 6153 4867 6152
f 6171 6152 4867
f 6134 6173 4868
f 6172 4868 6173
f 4872 6190 4869
f 4869 6170 6171
f 4869 6190 6170
f 4870 4873 6208
f 4876 4870 6208
f 4871 6172 4873
f 4872 4874 6207
f 4872 6189 6190
f 6207 6189 4872
f 6209 4873 6172
f 6209 6208 4873
f 4877 6225 4874
f 6207 4874 6206
f 6225 6206 4874
f 4875 4878 6243
f 4881 4875 6243
f 6208 4878 4876
f 4877 6242 6225
f 6208 6244 4878
f 6244 6243 4878
f 4882 6260 4879
f 6242 4879 6260
f 6277 4880 4883
f 4880 6277 4886
f 4881 6243 4883
f 4884 6276 4882
f 6260 4882 6276
f 6243 6278 4883
f 4883 6278 6277
f 6293 6276 4884
f 4885 4888 6309
f 6309 4891 4885
f 4886 6277 4888
f 4887 4889 6308
f 6292 6293 4887
f 6292 4887 6308
f 6277 6310 4888
f 6309 4888 6310
f 4893 6324 4889
f 6324 6308 4889
f 4894 6339 4890
f 4890 6339 4897
f 6309 4894 4891
f 4893 4895 4892
f 4892 6324 4893
f 4895 6338 4892
f 4892 6323 6324
f 6338 6323 4892
f 6340 4894 6309
f 6340 6339 4894
f 4898 6354 4895
f 6354 6338 4895
f 4897 4899 4896
f 4899 6369 4896
f 4902 4896 6369
f 4899 4897 6339
f 6368 4898 4900
f 4898 6368 6354
f 4899 6339 6370
f 4899 6384 6369
f 6384 4899 6370
f 4900 6367 6368
f 4900 6383 6367
f 4901 4902 4904
f 6397 4901 4904
f 4901 6397 4907
f 4902 6369 4904
f 4903 4905 6396
f 4903 6382 6383
f 4903 6396 6382
f 6398 4904 6369
f 4904 6411 6397
f 6398 6411 4904
f 6410 4905 4908
f 4905 6395 6396
f 4905 6410 6395
f 4906 4907 4909
f 4909 4911 4906
f 4909 4907 6397
f 4910 6422 4908
f 4908 6422 6410
f 4909 4912 4911
f 4912 4909 6423
f 6423 4909 6397
f 6435 4910 4913
f 6435 6422 4910
f 4914 4911 4912
f 4914 4912 4915
f 4912 6436 4915
f 6423 6436 4912
f 4917 6447 4913
f 4913 6447 6435
f 4915 4918 4914
f 4918 4915 6448
f 6436 6448 4915
f 4917 4916 6458
f 4916 4927 6457
f 4916 6457 6458
f 6458 6447 4917
f 4919 4918 6448
f 4920 4919 6449
f 4919 6448 6449
f 6450 4921 4920
f 6449 6450 4920
f 4921 6451 4922
f 6450 6451 4921
f 4922 6452 4923
f 6452 4922 6451
f 4923 6453 4924
f 6453 4923 6452
f 4925 4924 6454
f 6453 6454 4924
f 4925 6455 4926
f 4925 6454 6455
f 4927 4926 6456
f 4926 6455 6456
f 4927 6456 6457
f 4929 4939 4928
f 4930 4940 4929
f 4929 4940 4939
f 4941 4930 4931
f 4930 4941 4940
f 4942 4931 4932
f 4942 4941 4931
f 4933 4943 4932
f 4932 4943 4942
f 4933 4934 4944
f 4933 4944 4943
f 4945 4934 4935
f 4945 4944 4934
f 4946 4935 4936
f 4935 4946 4945
f 4936 4937 4947
f 4947 4946 4936
f 4937 4938 4948
f 4948 4947 4937
f 4948 4938 4949
f 4949 4938 4950
f 4951 4939 4940
f 4941 4952 4940
f 4940 4952 4951
f 4942 4953 4941
f 4953 4952 4941
f 4942 4943 4954
f 4942 4954 4953
f 4943 4944 4955
f 4943 4955 4954
f 4956 4944 4945
f 4955 4944 4956
f 4946 4957 4945
f 4957 4956 4945
f 4947 4958 4946
f 4946 4958 4957
f 4947 4948 4959
f 4959 4958 4947
f 4960 4948 4949
f 4948 4960 4959
f 4950 4961 4949
f 4961 4960 4949
f 4962 4961 4950
f 4963 4962 4950
f 4951 4952 4964
f 4953 4965 4952
f 4964 4952 4965
f 4966 4953 4954
f 4966 4965 4953
f 4955 4967 4954
f 4954 4967 4966
f 4955 4956 4968
f 4955 4968 4967
f 4957 4969 4956
f 4969 4968 4956
f 4958 4970 4957
f 4957 4970 4969
f 4958 4959 4971
f 4970 4958 4971
f 4960 4972 4959
f 4971 4959 4972
f 4961 4973 4960
f 4960 4973 4972
f 4974 4961 4962
f 4974 4973 4961
f 4975 4962 4963
f 4975 4974 4962
f 4975 4963 4976
f 4964 4965 4977
f 4965 4966 4978
f 4965 4978 4977
f 4967 4978 4966
f 4967 4968 4979
f 4979 4978 4967
f 4968 4969 4980
f 4979 4968 4980
f 4969 4970 4981
f 4969 4981 4980
f 4970 4971 4982
f 4981 4970 4982
f 4971 4972 4983
f 4982 4971 4983
f 4973 4984 4972
f 4972 4984 4983
f 4974 4985 4973
f 4985 4984 4973
f 4986 4974 4975
f 4974 4986 4985
f 4975 4976 4987
f 4975 4987 4986
f 4988 4987 4976
f 4989 4988 4976
f 4977 4978 4990
f 4979 4991 4978
f 4990 4978 4991
f 4980 4992 4979
f 4992 4991 4979
f 4980 4981 4993
f 4980 4993 4992
f 4982 4994 4981
f 4981 4994 4993
f 4983 4995 4982
f 4982 4995 4994
f 4983 4984 4996
f 4983 4996 4995
f 4984 4985 4997
f 4996 4984 4997
f 4998 4985 4986
f 4997 4985 4998
f 4987 4999 4986
f 4998 4986 4999
f 4987 4988 5000
f 4987 5000 4999
f 5001 4988 4989
f 5001 5000 4988
f 5001 4989 5002
f 5003 5002 4989
f 5004 4990 4991
f 5004 4991 4992
f 4992 4993 5005
f 4992 5005 5004
f 5006 4993 4994
f 4993 5006 5005
f 4994 4995 5007
f 4994 5007 5006
f 4996 5008 4995
f 5008 5007 4995
f 4996 4997 5009
f 4996 5009 5008
f 4998 5010 4997
f 4997 5010 5009
f 4999 5011 4998
f 4998 5011 5010
f 5012 4999 5000
f 5012 5011 4999
f 5001 5013 5000
f 5013 5012 5000
f 5002 5014 5001
f 5001 5014 5013
f 5002 5003 5015
f 5002 5015 5014
f 5016 5015 5003
f 5017 5016 5003
f 5004 5005 5018
f 5006 5019 5005
f 5018 5005 5019
f 5006 5007 5020
f 5006 5020 5019
f 5021 5007 5008
f 5021 5020 5007
f 5022 5008 5009
f 5021 5008 5022
f 5009 5010 5023
f 5022 5009 5023
f 5011 5024 5010
f 5023 5010 5024
f 5012 5025 5011
f 5011 5025 5024
f 5013 5026 5012
f 5012 5026 5025
f 5027 5013 5014
f 5013 5027 5026
f 5028 5014 5015
f 5027 5014 5028
f 5029 5015 5016
f 5028 5015 5029
f 5016 5017 5030
f 5016 5030 5029
f 5030 5017 5031
f 5032 5031 5017
f 5033 5018 5019
f 5033 5019 5020
f 5021 5034 5020
f 5033 5020 5034
f 5035 5021 5022
f 5035 5034 5021
f 5022 5023 5036
f 5035 5022 5036
f 5024 5037 5023
f 5036 5023 5037
f 5024 5025 5038
f 5024 5038 5037
f 5039 5025 5026
f 5038 5025 5039
f 5026 5027 5040
f 5040 5039 5026
f 5041 5027 5028
f 5041 5040 5027
f 5042 5028 5029
f 5041 5028 5042
f 5043 5029 5030
f 5042 5029 5043
f 5044 5030 5031
f 5043 5030 5044
f 5045 5031 5032
f 5031 5045 5044
f 5045 5032 5046
f 5046 5032 5047
f 5034 5048 5033
f 5035 5049 5034
f 5034 5049 5048
f 5036 5050 5035
f 5035 5050 5049
f 5036 5037 5051
f 5036 5051 5050
f 5037 5038 5052
f 5052 5051 5037
f 5039 5053 5038
f 5053 5052 5038
f 5054 5039 5040
f 5054 5053 5039
f 5055 5040 5041
f 5055 5054 5040
f 5042 5056 5041
f 5041 5056 5055
f 5043 5057 5042
f 5042 5057 5056
f 5044 5058 5043
f 5043 5058 5057
f 5045 5059 5044
f 5044 5059 5058
f 5045 5046 5060
f 5045 5060 5059
f 5046 5047 5061
f 5061 5060 5046
f 5061 5047 5062
f 5049 5063 5048
f 5049 5050 5063
f 5064 5050 5051
f 5064 5063 5050
f 5065 5051 5052
f 5064 5051 5065
f 5066 5052 5053
f 5065 5052 5066
f 5054 5067 5053
f 5066 5053 5067
f 5068 5054 5055
f 5068 5067 5054
f 5056 5069 5055
f 5069 5068 5055
f 5056 5057 5070
f 5070 5069 5056
f 5071 5057 5058
f 5070 5057 5071
f 5072 5058 5059
f 5071 5058 5072
f 5059 5060 5073
f 5059 5073 5072
f 5074 5060 5061
f 5073 5060 5074
f 5061 5062 5075
f 5074 5061 5075
f 5075 5062 5076
f 5078 5063 5064
f 5064 5065 5079
f 5064 5079 5078
f 5080 5065 5066
f 5080 5079 5065
f 5066 5067 5081
f 5080 5066 5081
f 5082 5067 5068
f 5082 5081 5067
f 5083 5068 5069
f 5068 5083 5082
f 5069 5070 5084
f 5069 5084 5083
f 5071 5085 5070
f 5070 5085 5084
f 5071 5072 5086
f 5086 5085 5071
f 5087 5072 5073
f 5087 5086 5072
f 5074 5088 5073
f 5087 5073 5088
f 5089 5074 5075
f 5089 5088 5074
f 5075 5076 5090
f 5075 5090 5089
f 5091 5076 5077
f 5091 5090 5076
f 5077 5092 5091
f 5093 5092 5077
f 5078 5079 5094
f 5079 5080 5094
f 5081 5095 5080
f 5094 5080 5095
f 5096 5081 5082
f 5095 5081 5096
f 5082 5083 5097
f 5096 5082 5097
f 5098 5083 5084
f 5097 5083 5098
f 5084 5085 5099
f 5098 5084 5099
f 5085 5086 5100
f 5099 5085 5100
f 5087 5101 5086
f 5100 5086 5101
f 5102 5087 5088
f 5102 5101 5087
f 5089 5103 5088
f 5102 5088 5103
f 5090 5104 5089
f 5104 5103 5089
f 5090 5091 5105
f 5090 5105 5104
f 5091 5092 5106
f 5105 5091 5106
f 5093 5108 5092
f 5092 5107 5106
f 5108 5107 5092
f 5093 5109 5108
f 5110 5094 5095
f 5111 5095 5096
f 5110 5095 5111
f 5096 5097 5112
f 5096 5112 5111
f 5098 5113 5097
f 5112 5097 5113
f 5098 5099 5114
f 5114 5113 5098
f 5115 5099 5100
f 5114 5099 5115
f 5101 5116 5100
f 5115 5100 5116
f 5117 5101 5102
f 5117 5116 5101
f 5102 5103 5118
f 5102 5118 5117
f 5119 5103 5104
f 5118 5103 5119
f 5104 5105 5120
f 5119 5104 5120
f 5105 5106 5121
f 5120 5105 5121
f 5107 5122 5106
f 5121 5106 5122
f 5108 5123 5107
f 5123 5122 5107
f 5108 5109 5124
f 5108 5124 5123
f 5125 5124 5109
f 5125 5109 5126
f 5127 5110 5111
f 5112 5127 5111
f 5112 5113 5128
f 5112 5128 5127
f 5129 5113 5114
f 5129 5128 5113
f 5114 5115 5130
f 5114 5130 5129
f 5115 5116 5131
f 5131 5130 5115
f 5132 5116 5117
f 5131 5116 5132
f 5133 5117 5118
f 5132 5117 5133
f 5118 5119 5134
f 5118 5134 5133
f 5135 5119 5120
f 5134 5119 5135
f 5120 5121 5136
f 5136 5135 5120
f 5122 5137 5121
f 5136 5121 5137
f 5138 5122 5123
f 5138 5137 5122
f 5124 5140 5123
f 5138 5123 5139
f 5140 5139 5123
f 5124 5125 5140
f 5141 5125 5126
f 5141 5140 5125
f 5126 5142 5141
f 5142 5126 5143
f 5128 5144 5127
f 5129 5145 5128
f 5128 5145 5144
f 5129 5130 5146
f 5146 5145 5129
f 5147 5130 5131
f 5147 5146 5130
f 5132 5148 5131
f 5147 5131 5148
f 5132 5133 5149
f 5149 5148 5132
f 5134 5150 5133
f 5149 5133 5150
f 5135 5151 5134
f 5150 5134 5151
f 5136 5152 5135
f 5152 5151 5135
f 5153 5136 5137
f 5152 5136 5153
f 5138 5154 5137
f 5153 5137 5154
f 5155 5138 5139
f 5155 5154 5138
f 5139 5140 5156
f 5155 5139 5156
f 5141 5157 5140
f 5156 5140 5157
f 5142 5158 5141
f 5141 5158 5157
f 5159 5142 5143
f 5142 5159 5158
f 5143 5160 5159
f 5161 5160 5143
f 5145 5162 5144
f 5145 5146 5163
f 5145 5163 5162
f 5147 5164 5146
f 5163 5146 5164
f 5147 5148 5164
f 5149 5165 5148
f 5164 5148 5165
f 5150 5166 5149
f 5166 5165 5149
f 5150 5151 5167
f 5150 5167 5166
f 5168 5151 5152
f 5168 5167 5151
f 5152 5153 5169
f 5152 5169 5168
f 5153 5154 5170
f 5153 5170 5169
f 5171 5154 5155
f 5154 5171 5170
f 5156 5172 5155
f 5172 5171 5155
f 5156 5157 5173
f 5156 5173 5172
f 5174 5157 5158
f 5173 5157 5174
f 5175 5158 5159
f 5174 5158 5175
f 5176 5159 5160
f 5175 5159 5176
f 5177 5160 5161
f 5176 5160 5177
f 5177 5161 5178
f 5179 5162 5163
f 5164 5180 5163
f 5180 5179 5163
f 5164 5165 5181
f 5181 5180 5164
f 5165 5166 5182
f 5181 5165 5182
f 5167 5183 5166
f 5182 5166 5183
f 5168 5184 5167
f 5167 5184 5183
f 5185 5168 5169
f 5185 5184 5168
f 5186 5169 5170
f 5185 5169 5186
f 5170 5171 5187
f 5186 5170 5187
f 5188 5171 5172
f 5187 5171 5188
f 5172 5173 5189
f 5172 5189 5188
f 5174 5190 5173
f 5173 5190 5189
f 5191 5174 5175
f 5191 5190 5174
f 5175 5176 5192
f 5175 5192 5191
f 5177 5193 5176
f 5192 5176 5193
f 5177 5178 5194
f 5194 5193 5177
f 5194 5178 5195
f 5178 5196 5195
f 5197 5179 5180
f 5181 5198 5180
f 5180 5198 5197
f 5182 5198 5181
f 5182 5183 5199
f 5182 5199 5198
f 5183 5184 5200
f 5199 5183 5200
f 5185 5201 5184
f 5201 5200 5184
f 5186 5202 5185
f 5202 5201 5185
f 5187 5203 5186
f 5203 5202 5186
f 5188 5204 5187
f 5204 5203 5187
f 5188 5189 5205
f 5205 5204 5188
f 5206 5189 5190
f 5205 5189 5206
f 5207 5190 5191
f 5206 5190 5207
f 5192 5208 5191
f 5191 5208 5207
f 5192 5193 5209
f 5192 5209 5208
f 5194 5210 5193
f 5210 5209 5193
f 5194 5195 5211
f 5194 5211 5210
f 5195 5196 5212
f 5195 5212 5211
f 5212 5196 5213
f 5196 5214 5213
f 5198 5215 5197
f 5198 5199 5216
f 5198 5216 5215
f 5199 5200 5217
f 5216 5199 5217
f 5200 5201 5218
f 5218 5217 5200
f 5202 5219 5201
f 5218 5201 5219
f 5220 5202 5203
f 5202 5220 5219
f 5203 5204 5221
f 5220 5203 5221
f 5205 5222 5204
f 5204 5222 5221
f 5206 5223 5205
f 5223 5222 5205
f 5206 5207 5224
f 5206 5224 5223
f 5207 5208 5225
f 5207 5225 5224
f 5209 5226 5208
f 5208 5226 5225
f 5210 5227 5209
f 5227 5226 5209
f 5211 5228 5210
f 5228 5227 5210
f 5211 5212 5229
f 5211 5229 5228
f 5212 5213 5230
f 5229 5212 5230
f 5231 5213 5214
f 5230 5213 5231
f 5231 5214 5232
f 5233 5232 5214
f 5216 5234 5215
f 5216 5217 5234
f 5235 5217 5218
f 5234 5217 5235
f 5236 5218 5219
f 5218 5236 5235
f 5237 5219 5220
f 5236 5219 5237
f 5238 5220 5221
f 5237 5220 5238
f 5221 5222 5239
f 5221 5239 5238
f 5223 5240 5222
f 5240 5239 5222
f 5223 5224 5241
f 5240 5223 5241
f 5224 5225 5242
f 5224 5242 5241
f 5243 5225 5226
f 5243 5242 5225
f 5244 5226 5227
f 5244 5243 5226
f 5228 5246 5227
f 5227 5245 5244
f 5227 5246 5245
f 5229 5246 5228
f 5230 5247 5229
f 5229 5247 5246
f 5231 5248 5230
f 5230 5248 5247
f 5249 5231 5232
f 5249 5248 5231
f 5250 5232 5233
f 5249 5232 5250
f 5250 5233 5251
f 5233 5252 5251
f 5234 5235 5253
f 5254 5235 5236
f 5254 5253 5235
f 5255 5236 5237
f 5254 5236 5255
f 5237 5238 5256
f 5237 5256 5255
f 5238 5239 5257
f 5257 5256 5238
f 5258 5239 5240
f 5257 5239 5258
f 5259 5240 5241
f 5259 5258 5240
f 5241 5242 5260
f 5260 5259 5241
f 5261 5242 5243
f 5261 5260 5242
f 5262 5243 5244
f 5262 5261 5243
f 5245 5263 5244
f 5263 5262 5244
f 5265 5245 5246
f 5263 5245 5264
f 5265 5264 5245
f 5265 5246 5247
f 5248 5266 5247
f 5247 5266 5265
f 5267 5248 5249
f 5248 5267 5266
f 5268 5249 5250
f 5267 5249 5268
f 5269 5250 5251
f 5250 5269 5268
f 5270 5251 5252
f 5269 5251 5270
f 5270 5252 5271
f 5272 5271 5252
f 5253 5254 5273
f 5273 5254 5255
f 5274 5255 5256
f 5273 5255 5274
f 5275 5256 5257
f 5274 5256 5275
f 5276 5257 5258
f 5257 5276 5275
f 5258 5259 5277
f 5276 5258 5277
f 5259 5260 5278
f 5277 5259 5278
f 5279 5260 5261
f 5278 5260 5279
f 5262 5280 5261
f 5280 5279 5261
f 5281 5262 5263
f 5280 5262 5281
f 5263 5264 5282
f 5263 5282 5281
f 5284 5264 5265
f 5282 5264 5283
f 5283 5264 5284
f 5266 5284 5265
f 5267 5285 5266
f 5266 5285 5284
f 5268 5286 5267
f 5267 5286 5285
f 5287 5268 5269
f 5268 5287 5286
f 5270 5288 5269
f 5269 5288 5287
f 5271 5289 5270
f 5270 5289 5288
f 5272 5290 5271
f 5271 5290 5289
f 5272 5291 5290
f 5292 5291 5272
f 5293 5273 5274
f 5294 5274 5275
f 5293 5274 5294
f 5295 5275 5276
f 5275 5295 5294
f 5296 5276 5277
f 5296 5295 5276
f 5297 5277 5278
f 5296 5277 5297
f 5278 5279 5298
f 5297 5278 5298
f 5299 5279 5280
f 5298 5279 5299
f 5300 5280 5281
f 5299 5280 5300
f 5281 5282 5301
f 5281 5301 5300
f 5282 5283 5302
f 5282 5302 5301
f 5283 5284 5304
f 5283 5303 5302
f 5304 5303 5283
f 5304 5284 5285
f 5305 5285 5286
f 5304 5285 5305
f 5286 5287 5306
f 5305 5286 5306
f 5287 5288 5307
f 5306 5287 5307
f 5308 5288 5289
f 5308 5307 5288
f 5290 5309 5289
f 5289 5309 5308
f 5290 5291 5310
f 5290 5310 5309
f 5311 5291 5292
f 5291 5311 5310
f 5292 5312 5311
f 5313 5293 5294
f 5295 5313 5294
f 5295 5296 5314
f 5295 5314 5313
f 5315 5296 5297
f 5315 5314 5296
f 5297 5298 5316
f 5297 5316 5315
f 5317 5298 5299
f 5316 5298 5317
f 5299 5300 5318
f 5317 5299 5318
f 5301 5319 5300
f 5318 5300 5319
f 5301 5302 5320
f 5320 5319 5301
f 5303 5321 5302
f 5302 5321 5320
f 5303 5304 5323
f 5322 5321 5303
f 5323 5322 5303
f 5304 5305 5323
f 5306 5324 5305
f 5305 5324 5323
f 5307 5325 5306
f 5325 5324 5306
f 5307 5308 5326
f 5307 5326 5325
f 5327 5308 5309
f 5327 5326 5308
f 5309 5310 5328
f 5327 5309 5328
f 5310 5311 5329
f 5329 5328 5310
f 5330 5311 5312
f 5329 5311 5330
f 5312 5331 5330
f 5312 5332 5331
f 5313 5314 5333
f 5334 5314 5315
f 5334 5333 5314
f 5315 5316 5335
f 5315 5335 5334
f 5336 5316 5317
f 5336 5335 5316
f 5337 5317 5318
f 5336 5317 5337
f 5318 5319 5338
f 5337 5318 5338
f 5319 5320 5339
f 5339 5338 5319
f 5340 5320 5321
f 5339 5320 5340
f 5341 5321 5322
f 5321 5341 5340
f 5323 5343 5322
f 5322 5342 5341
f 5322 5343 5342
f 5323 5324 5343
f 5344 5324 5325
f 5324 5344 5343
f 5326 5345 5325
f 5345 5344 5325
f 5327 5346 5326
f 5326 5346 5345
f 5327 5328 5347
f 5347 5346 5327
f 5329 5348 5328
f 5348 5347 5328
f 5330 5349 5329
f 5329 5349 5348
f 5330 5331 5350
f 5330 5350 5349
f 5331 5332 5352
f 5351 5350 5331
f 5331 5352 5351
f 5353 5352 5332
f 5354 5333 5334
f 5334 5335 5355
f 5355 5354 5334
f 5355 5335 5336
f 5356 5336 5337
f 5336 5356 5355
f 5337 5338 5357
f 5337 5357 5356
f 5339 5358 5338
f 5357 5338 5358
f 5339 5340 5359
f 5359 5358 5339
f 5340 5341 5360
f 5340 5360 5359
f 5361 5341 5342
f 5361 5360 5341
f 5363 5342 5343
f 5361 5342 5362
f 5362 5342 5363
f 5343 5344 5363
f 5344 5345 5364
f 5344 5364 5363
f 5346 5365 5345
f 5345 5365 5364
f 5347 5366 5346
f 5346 5366 5365
f 5367 5347 5348
f 5367 5366 5347
f 5349 5368 5348
f 5348 5368 5367
f 5349 5350 5369
f 5349 5369 5368
f 5370 5350 5351
f 5369 5350 5370
f 5352 5371 5351
f 5351 5371 5370
f 5352 5353 5372
f 5352 5372 5371
f 5353 5373 5372
f 5374 5373 5353
f 5375 5354 5355
f 5356 5376 5355
f 5355 5376 5375
f 5356 5357 5377
f 5377 5376 5356
f 5357 5358 5378
f 5378 5377 5357
f 5358 5359 5379
f 5378 5358 5379
f 5380 5359 5360
f 5380 5379 5359
f 5381 5360 5361
f 5380 5360 5381
f 5361 5362 5382
f 5382 5381 5361
f 5384 5362 5363
f 5382 5362 5383
f 5383 5362 5384
f 5363 5364 5384
f 5365 5386 5364
f 5364 5385 5384
f 5364 5386 5385
f 5366 5386 5365
f 5367 5387 5366
f 5387 5386 5366
f 5368 5388 5367
f 5388 5387 5367
f 5369 5389 5368
f 5389 5388 5368
f 5370 5390 5369
f 5390 5389 5369
f 5371 5391 5370
f 5391 5390 5370
f 5372 5392 5371
f 5371 5392 5391
f 5373 5393 5372
f 5372 5393 5392
f 5394 5373 5374
f 5394 5393 5373
f 5374 5395 5394
f 5396 5395 5374
f 5397 5375 5376
f 5377 5397 5376
f 5398 5377 5378
f 5398 5397 5377
f 5378 5379 5399
f 5378 5399 5398
f 5379 5380 5400
f 5400 5399 5379
f 5401 5380 5381
f 5401 5400 5380
f 5381 5382 5402
f 5381 5402 5401
f 5382 5383 5403
f 5402 5382 5403
f 5383 5384 5405
f 5403 5383 5404
f 5404 5383 5405
f 5405 5384 5385
f 5385 5386 5407
f 5405 5385 5406
f 5407 5406 5385
f 5407 5386 5387
f 5387 5388 5408
f 5407 5387 5408
f 5389 5409 5388
f 5409 5408 5388
f 5390 5410 5389
f 5410 5409 5389
f 5411 5390 5391
f 5411 5410 5390
f 5391 5392 5412
f 5391 5412 5411
f 5392 5393 5413
f 5413 5412 5392
f 5414 5393 5394
f 5414 5413 5393
f 5394 5395 5415
f 5394 5415 5414
f 5395 5396 5416
f 5416 5415 5395
f 5416 5396 5417
f 5417 5396 5418
f 5419 5397 5398
f 5398 5399 5420
f 5419 5398 5420
f 5421 5399 5400
f 5420 5399 5421
f 5400 5401 5422
f 5421 5400 5422
f 5402 5423 5401
f 5422 5401 5423
f 5402 5403 5424
f 5424 5423 5402
f 5403 5404 5425
f 5403 5425 5424
f 5405 5427 5404
f 5426 5425 5404
f 5404 5427 5426
f 5427 5405 5406
f 5407 5429 5406
f 5427 5406 5428
f 5429 5428 5406
f 5408 5429 5407
f 5408 5409 5430
f 5429 5408 5430
f 5409 5410 5431
f 5409 5431 5430
f 5410 5411 5432
f 5410 5432 5431
f 5412 5433 5411
f 5433 5432 5411
f 5413 5434 5412
f 5434 5433 5412
f 5435 5413 5414
f 5435 5434 5413
f 5414 5415 5436
f 5435 5414 5436
f 5437 5415 5416
f 5437 5436 5415
f 5438 5416 5417
f 5437 5416 5438
f 5418 5439 5417
f 5439 5438 5417
f 5440 5439 5418
f 5441 5419 5420
f 5421 5441 5420
f 5442 5421 5422
f 5421 5442 5441
f 5443 5422 5423
f 5443 5442 5422
f 5444 5423 5424
f 5443 5423 5444
f 5424 5425 5445
f 5424 5445 5444
f 5426 5446 5425
f 5425 5446 5445
f 5427 5448 5426
f 5426 5447 5446
f 5447 5426 5448
f 5427 5428 5448
f 5450 5428 5429
f 5428 5449 5448
f 5450 5449 5428
f 5450 5429 5430
f 5431 5451 5430
f 5430 5451 5450
f 5432 5452 5431
f 5431 5452 5451
f 5453 5432 5433
f 5453 5452 5432
f 5433 5434 5454
f 5453 5433 5454
f 5455 5434 5435
f 5455 5454 5434
f 5456 5435 5436
f 5435 5456 5455
f 5436 5437 5457
f 5456 5436 5457
f 5437 5438 5458
f 5437 5458 5457
f 5459 5438 5439
f 5458 5438 5459
f 5460 5439 5440
f 5459 5439 5460
f 5440 5461 5460
f 5462 5461 5440
f 5463 5441 5442
f 5464 5442 5443
f 5464 5463 5442
f 5465 5443 5444
f 5464 5443 5465
f 5466 5444 5445
f 5444 5466 5465
f 5445 5446 5467
f 5466 5445 5467
f 5446 5447 5468
f 5446 5468 5467
f 5470 5447 5448
f 5469 5468 5447
f 5469 5447 5470
f 5448 5449 5470
f 5449 5450 5472
f 5470 5449 5471
f 5471 5449 5472
f 5451 5472 5450
f 5451 5452 5473
f 5451 5473 5472
f 5453 5474 5452
f 5452 5474 5473
f 5454 5475 5453
f 5475 5474 5453
f 5455 5476 5454
f 5454 5476 5475
f 5455 5456 5477
f 5477 5476 5455
f 5457 5478 5456
f 5478 5477 5456
f 5458 5479 5457
f 5478 5457 5479
f 5480 5458 5459
f 5480 5479 5458
f 5460 5481 5459
f 5459 5481 5480
f 5460 5461 5482
f 5482 5481 5460
f 5483 5461 5462
f 5482 5461 5483
f 5483 5462 5484
f 5462 5485 5484
f 5486 5463 5464
f 5487 5464 5465
f 5486 5464 5487
f 5465 5466 5487
f 5466 5467 5488
f 5487 5466 5488
f 5489 5467 5468
f 5488 5467 5489
f 5490 5468 5469
f 5490 5489 5468
f 5492 5469 5470
f 5491 5490 5469
f 5492 5491 5469
f 5492 5470 5471
f 5471 5472 5494
f 5492 5471 5493
f 5494 5493 5471
f 5473 5494 5472
f 5496 5473 5474
f 5495 5494 5473
f 5473 5496 5495
f 5474 5475 5497
f 5474 5497 5496
f 5475 5476 5498
f 5498 5497 5475
f 5499 5476 5477
f 5498 5476 5499
f 5500 5477 5478
f 5500 5499 5477
f 5479 5501 5478
f 5478 5501 5500
f 5479 5480 5501
f 5502 5480 5481
f 5502 5501 5480
f 5481 5482 5503
f 5502 5481 5503
f 5483 5504 5482
f 5482 5504 5503
f 5484 5505 5483
f 5505 5504 5483
f 5485 5506 5484
f 5484 5506 5505
f 5507 5506 5485
f 5485 5508 5507
f 5509 5486 5487
f 5487 5488 5510
f 5509 5487 5510
f 5489 5511 5488
f 5488 5511 5510
f 5513 5489 5490
f 5489 5512 5511
f 5489 5513 5512
f 5490 5491 5514
f 5513 5490 5514
f 5491 5492 5515
f 5515 5514 5491
f 5492 5493 5515
f 5517 5493 5494
f 5515 5493 5516
f 5493 5517 5516
f 5495 5517 5494
f 5495 5496 5518
f 5517 5495 5518
f 5496 5497 5519
f 5496 5519 5518
f 5520 5497 5498
f 5519 5497 5520
f 5498 5499 5521
f 5521 5520 5498
f 5522 5499 5500
f 5522 5521 5499
f 5501 5523 5500
f 5523 5522 5500
f 5501 5502 5524
f 5501 5524 5523
f 5502 5503 5525
f 5524 5502 5525
f 5526 5503 5504
f 5525 5503 5526
f 5505 5527 5504
f 5526 5504 5527
f 5528 5505 5506
f 5528 5527 5505
f 5529 5506 5507
f 5506 5529 5528
f 5508 5530 5507
f 5507 5530 5529
f 5508 5531 5530
f 5533 5509 5510
f 5533 5510 5511
f 5534 5511 5512
f 5533 5511 5534
f 5513 5535 5512
f 5534 5512 5535
f 5514 5536 5513
f 5513 5536 5535
f 5514 5515 5537
f 5537 5536 5514
f 5538 5515 5516
f 5537 5515 5538
f 5517 5539 5516
f 5516 5539 5538
f 5540 5517 5518
f 5540 5539 5517
f 5519 5541 5518
f 5518 5541 5540
f 5520 5542 5519
f 5542 5541 5519
f 5521 5543 5520
f 5520 5543 5542
f 5522 5544 5521
f 5521 5544 5543
f 5545 5522 5523
f 5545 5544 5522
f 5524 5546 5523
f 5523 5546 5545
f 5524 5525 5547
f 5524 5547 5546
f 5525 5526 5548
f 5548 5547 5525
f 5526 5527 5549
f 5526 5549 5548
f 5528 5550 5527
f 5527 5550 5549
f 5551 5528 5529
f 5528 5551 5550
f 5530 5552 5529
f 5529 5552 5551
f 5553 5530 5531
f 5553 5552 5530
f 5554 5531 5532
f 5553 5531 5554
f 5532 5555 5554
f 5532 5556 5555
f 5533 5534 5557
f 5535 5558 5534
f 5557 5534 5558
f 5535 5536 5559
f 5559 5558 5535
f 5536 5537 5560
f 5559 5536 5560
f 5538 5561 5537
f 5561 5560 5537
f 5538 5539 5562
f 5561 5538 5562
f 5540 5563 5539
f 5539 5563 5562
f 5540 5541 5564
f 5563 5540 5564
f 5541 5542 5565
f 5564 5541 5565
f 5542 5543 5566
f 5542 5566 5565
f 5567 5543 5544
f 5567 5566 5543
f 5568 5544 5545
f 5567 5544 5568
f 5545 5546 5570
f 5545 5569 5568
f 5570 5569 5545
f 5547 5570 5546
f 5548 5571 5547
f 5571 5570 5547
f 5548 5549 6460
f 5571 5548 6459
f 6459 5548 6460
f 6461 5549 5550
f 5549 6461 6460
f 6462 5550 5551
f 6461 5550 6462
f 5551 5552 6464
f 6462 5551 6464
f 5572 5552 5553
f 6464 5552 5572
f 5572 5553 5554
f 5554 5555 5573
f 5554 5573 5572
f 5556 5574 5555
f 5573 5555 5574
f 5575 5574 5556
f 5557 5558 5577
f 5578 5558 5559
f 5577 5558 5578
f 5559 5560 5579
f 5578 5559 5579
f 5561 5580 5560
f 5579 5560 5580
f 5581 5561 5562
f 5581 5580 5561
f 5562 5563 5582
f 5581 5562 5582
f 5564 5583 5563
f 5563 5583 5582
f 5565 5584 5564
f 5564 5584 5583
f 5566 5585 5565
f 5565 5585 5584
f 5566 5567 5586
f 5566 5586 5585
f 5587 5567 5568
f 5587 5586 5567
f 5569 5588 5568
f 5587 5568 5588
f 5569 5570 5590
f 5569 5589 5588
f 5590 5589 5569
f 5570 5571 5590
f 5571 6463 5590
f 6459 6463 5571
f 6473 5572 5573
f 6464 5572 6465
f 6473 6465 5572
f 5591 5573 5574
f 5591 6473 5573
f 5591 5574 5575
f 5576 5592 5575
f 5591 5575 5592
f 5593 5592 5576
f 5577 5578 5598
f 5578 5579 5599
f 5578 5599 5598
f 5579 5580 5600
f 5599 5579 5600
f 5580 5581 5601
f 5600 5580 5601
f 5581 5582 5602
f 5602 5601 5581
f 5603 5582 5583
f 5603 5602 5582
f 5604 5583 5584
f 5603 5583 5604
f 5584 5585 5605
f 5584 5605 5604
f 5606 5585 5586
f 5605 5585 5606
f 5587 5607 5586
f 5606 5586 5607
f 5587 5588 5608
f 5587 5608 5607
f 5588 5589 5609
f 5588 5609 5608
f 5590 6467 5589
f 5609 5589 6466
f 6466 5589 6467
f 5590 6463 6467
f 5592 6492 5591
f 5591 6474 6473
f 5591 6492 6474
f 5592 5593 5610
f 5592 5610 6492
f 5593 5594 5610
f 5610 5594 5611
f 5612 5611 5594
f 6520 5595 5596
f 6519 5662 5595
f 6520 6519 5595
f 5597 6521 5596
f 6520 5596 6521
f 5598 5663 5597
f 6522 5597 5663
f 6522 6521 5597
f 5663 5598 5599
f 5599 5600 5664
f 5663 5599 5664
f 5665 5600 5601
f 5664 5600 5665
f 5602 6476 5601
f 5665 5601 6475
f 5601 6476 6475
f 6477 5602 5603
f 6477 6476 5602
f 5604 6478 5603
f 5603 6478 6477
f 5604 5605 6479
f 5604 6479 6478
f 5606 6480 5605
f 6480 6479 5605
f 5607 6481 5606
f 5606 6481 6480
f 5608 6482 5607
f 6482 6481 5607
f 6483 5608 5609
f 5608 6483 6482
f 6466 6483 5609
f 5611 6494 5610
f 6492 5610 6493
f 6493 5610 6494
f 6495 5611 5612
f 6495 6494 5611
f 5613 6495 5612
f 6496 5613 5614
f 5613 6496 6495
f 5615 6497 5614
f 5614 6497 6496
f 5615 5616 6498
f 5615 6498 6497
f 6499 5616 5617
f 5616 6499 6498
f 5618 6500 5617
f 5617 6500 6499
f 6501 5618 5619
f 5618 6501 6500
f 6502 5619 5620
f 6501 5619 6502
f 5620 5621 6503
f 6502 5620 6503
f 6504 5621 5622
f 6503 5621 6504
f 6505 5622 5623
f 6504 5622 6505
f 5623 5624 6506
f 6506 6505 5623
f 6507 5624 5625
f 6506 5624 6507
f 5626 6508 5625
f 5625 6508 6507
f 5627 6509 5626
f 5626 6509 6508
f 5627 5628 6510
f 6509 5627 6510
f 6511 5628 5629
f 6511 6510 5628
f 6537 5629 5630
f 6511 5629 6537
f 5630 5631 6539
f 6537 5630 6538
f 5630 6539 6538
f 5632 6540 5631
f 5631 6540 6539
f 5633 6541 5632
f 6540 5632 6541
f 5666 6542 5633
f 6542 6541 5633
f 5634 5635 5679
f 5634 5679 5673
f 5635 5636 5680
f 5635 5680 5679
f 5681 5636 5637
f 5681 5680 5636
f 5638 5682 5637
f 5637 5682 5681
f 5683 5638 5639
f 5683 5682 5638
f 5639 5640 6546
f 5683 5639 6545
f 5639 6546 6545
f 6547 5640 5641
f 6547 6546 5640
f 5642 6548 5641
f 5641 6548 6547
f 6549 5642 5643
f 5642 6549 6548
f 6550 5643 5644
f 6549 5643 6550
f 5644 5645 6551
f 5644 6551 6550
f 6552 5645 5646
f 6552 6551 5645
f 5647 6553 5646
f 6552 5646 6553
f 6554 5647 5648
f 5647 6554 6553
f 5648 5649 6555
f 6554 5648 6555
f 5650 6556 5649
f 6555 5649 6556
f 5651 6557 5650
f 6557 6556 5650
f 5652 6558 5651
f 6558 6557 5651
f 5653 6559 5652
f 5652 6559 6558
f 5654 6560 5653
f 6560 6559 5653
f 5655 6561 5654
f 5654 6561 6560
f 6512 5655 5656
f 6512 6561 5655
f 5657 6512 5656
f 5657 5658 6513
f 6513 6512 5657
f 5658 5659 6514
f 6513 5658 6514
f 6515 5659 5660
f 6514 5659 6515
f 5661 6516 5660
f 5660 6516 6515
f 5661 5662 6517
f 5661 6517 6516
f 6517 5662 6518
f 6518 5662 6519
f 5664 6523 5663
f 5663 6523 6522
f 5664 5665 6524
f 5664 6524 6523
f 6475 6524 5665
f 5667 6542 5666
f 5667 5668 6543
f 5667 6543 6542
f 6544 5668 5669
f 6544 6543 5668
f 5669 5674 6573
f 6544 5669 6573
f 5670 5671 6578
f 5678 5670 6577
f 6577 5670 6578
f 6579 5671 5672
f 6578 5671 6579
f 5673 6580 5672
f 5672 6580 6579
f 5679 6581 5673
f 6581 6580 5673
f 5684 6586 5674
f 6573 5674 6574
f 6586 6574 5674
f 6589 5675 5676
f 5675 6588 5686
f 5675 6589 6588
f 5676 5677 6575
f 6589 5676 6575
f 6575 5677 5678
f 6576 6575 5678
f 5678 6577 6576
f 5679 5680 6582
f 5679 6582 6581
f 5680 5681 6583
f 5680 6583 6582
f 5681 5682 6584
f 6583 5681 6584
f 5683 6585 5682
f 5682 6585 6584
f 5683 6545 6585
f 6586 5684 5687
f 6587 5685 5686
f 6592 5689 5685
f 6592 5685 6587
f 6587 5686 6588
f 5688 6594 5687
f 6591 6586 5687
f 5687 6594 6591
f 6592 5690 5689
f 6597 5692 5690
f 6592 6597 5690
f 6599 5691 5693
f 6907 6596 5691
f 6599 6907 5691
f 5694 5692 6600
f 5692 6597 6598
f 5692 6598 6600
f 5696 5693 5695
f 6599 5693 5696
f 6600 5697 5694
f 5696 5695 6602
f 6602 5695 5699
f 6599 5696 6934
f 5696 6602 6934
f 5698 5697 6603
f 6600 6603 5697
f 5698 6604 5700
f 5698 6603 6604
f 6606 5699 5704
f 6602 5699 6606
f 5700 6604 5701
f 5702 5701 6607
f 6604 6605 5701
f 6607 5701 6605
f 6608 5703 5702
f 5702 6607 6608
f 6609 5705 5703
f 6609 5703 6608
f 6619 5704 5714
f 6606 5704 6619
f 5706 5705 6609
f 6610 5707 5706
f 6610 5706 6609
f 5707 5708 5715
f 6611 5708 5707
f 5707 6610 6611
f 5715 5708 5709
f 5709 5708 6612
f 6611 6612 5708
f 5716 5709 5710
f 6613 5710 5709
f 5715 5709 5716
f 6613 5709 6612
f 5711 5717 5710
f 5711 5710 6614
f 5717 5716 5710
f 6613 6614 5710
f 5718 5711 5712
f 5711 6615 5712
f 5711 5718 5717
f 5711 6614 6615
f 5719 5712 5713
f 5712 6616 5713
f 5718 5712 5719
f 6615 6616 5712
f 5719 5713 5720
f 5720 5713 5721
f 5721 5713 6620
f 6617 5713 6616
f 6617 6620 5713
f 6636 5714 5748
f 6619 5714 6637
f 6637 5714 6636
f 5722 5721 6620
f 5723 5722 6621
f 6621 5722 6620
f 5724 5723 6622
f 5723 6621 6622
f 5724 6623 5725
f 5724 6622 6623
f 5726 5725 6624
f 6623 6624 5725
f 5727 5726 6625
f 5726 6624 6625
f 6626 5728 5727
f 5727 6625 6626
f 5729 5728 6627
f 6626 6627 5728
f 5730 5729 6628
f 6628 5729 6627
f 5730 6629 5731
f 5730 6628 6629
f 5732 5731 6630
f 6629 6630 5731
f 5733 5732 6631
f 6631 5732 6630
f 5733 6632 5734
f 6632 5733 6631
f 5734 6633 5735
f 5734 6632 6633
f 5735 6634 5736
f 6633 6634 5735
f 5736 6638 5737
f 5736 6634 6635
f 5736 6635 6638
f 5738 5737 6639
f 6638 6639 5737
f 5738 6640 5739
f 5738 6639 6640
f 5740 5739 6641
f 5739 6640 6641
f 5740 6642 5741
f 5740 6641 6642
f 5742 5741 6643
f 6643 5741 6642
f 5742 6644 5743
f 6643 6644 5742
f 6645 5744 5743
f 5743 6644 6645
f 5749 5744 6646
f 6646 5744 6645
f 5745 6669 5746
f 5776 6667 5745
f 6668 5745 6667
f 6668 6669 5745
f 6670 5747 5746
f 6670 5746 6669
f 6670 5748 5747
f 6636 5748 6670
f 5750 5749 6646
f 6647 5751 5750
f 6647 5750 6646
f 5752 5777 5751
f 5751 6648 5752
f 6648 5751 6647
f 5752 5753 5777
f 5752 6649 5753
f 6648 6649 5752
f 5778 5753 5754
f 5753 6650 5754
f 5777 5753 5778
f 5753 6649 6650
f 5754 5779 5778
f 5754 5780 5779
f 5780 5754 6671
f 5754 6650 6651
f 5754 6651 6671
f 6696 5756 5755
f 6694 5755 5791
f 6694 6695 5755
f 6696 5755 6695
f 5757 5756 6697
f 6696 6697 5756
f 5757 6698 5758
f 6697 6698 5757
f 5759 5758 6699
f 6699 5758 6698
f 5759 6700 5760
f 6699 6700 5759
f 6701 5761 5760
f 6701 5760 6700
f 6702 5762 5761
f 5761 6701 6702
f 5762 6703 5763
f 5762 6702 6703
f 5763 6704 5764
f 5763 6703 6704
f 5764 6705 5765
f 6704 6705 5764
f 5766 5765 6706
f 6706 5765 6705
f 5767 5766 6707
f 6707 5766 6706
f 6708 5768 5767
f 6708 5767 6707
f 5768 6709 5769
f 6709 5768 6708
f 5769 6710 5770
f 6709 6710 5769
f 5771 5770 6711
f 5770 6710 6711
f 5772 5771 6711
f 6663 5773 5772
f 5772 6711 6663
f 5773 6664 5774
f 6663 6664 5773
f 6665 5775 5774
f 5774 6664 6665
f 5775 6666 5776
f 6666 5775 6665
f 6667 5776 6666
f 5778 5792 5777
f 5793 5778 5779
f 5793 5792 5778
f 5794 5779 5780
f 5794 5793 5779
f 5780 5781 5795
f 6671 5781 5780
f 5794 5780 5795
f 5782 5796 5781
f 5782 5781 6672
f 5781 5796 5795
f 5781 6671 6672
f 5797 5782 5783
f 5782 6673 5783
f 5797 5796 5782
f 5782 6672 6673
f 5783 5784 5798
f 5783 6674 5784
f 5783 5798 5797
f 5783 6673 6674
f 5784 5785 5799
f 5784 6675 5785
f 5798 5784 5799
f 5784 6674 6675
f 5800 5785 5786
f 5785 6676 5786
f 5800 5799 5785
f 6675 6676 5785
f 5787 5801 5786
f 5786 6677 5787
f 5786 5801 5800
f 5786 6676 6677
f 5788 5802 5787
f 5787 6678 5788
f 5802 5801 5787
f 6678 5787 6677
f 5788 5803 5802
f 5788 5804 5803
f 5788 6712 5804
f 6679 5788 6678
f 5788 6679 6712
f 5789 5790 5809
f 5790 5789 6692
f 5789 5808 5807
f 5807 6723 5789
f 5789 5809 5808
f 5789 6723 6692
f 5790 5791 5809
f 6693 5791 5790
f 6693 5790 6692
f 6693 6694 5791
f 5793 5810 5792
f 5794 5811 5793
f 5793 5811 5810
f 5812 5794 5795
f 5812 5811 5794
f 5795 5796 5813
f 5812 5795 5813
f 5814 5796 5797
f 5814 5813 5796
f 5798 5815 5797
f 5814 5797 5815
f 5799 5816 5798
f 5798 5816 5815
f 5817 5799 5800
f 5799 5817 5816
f 5818 5800 5801
f 5800 5818 5817
f 5819 5801 5802
f 5819 5818 5801
f 5820 5802 5803
f 5820 5819 5802
f 5821 5803 5804
f 5821 5820 5803
f 5804 5805 5822
f 5804 6712 5805
f 5804 5822 5821
f 5823 5822 5805
f 5805 5824 5823
f 6724 5824 5805
f 5805 6712 6713
f 6724 5805 6713
f 5828 5806 5807
f 5807 5806 6722
f 5806 5827 5826
f 5806 5826 6731
f 5828 5827 5806
f 5806 6731 6722
f 5807 5808 5828
f 5807 6722 6723
f 5808 5829 5828
f 5810 5811 5831
f 5832 5811 5812
f 5832 5831 5811
f 5812 5813 5833
f 5832 5812 5833
f 5834 5813 5814
f 5833 5813 5834
f 5814 5815 5835
f 5834 5814 5835
f 5815 5816 5836
f 5835 5815 5836
f 5837 5816 5817
f 5836 5816 5837
f 5838 5817 5818
f 5837 5817 5838
f 5839 5818 5819
f 5839 5838 5818
f 5840 5819 5820
f 5840 5839 5819
f 5841 5820 5821
f 5840 5820 5841
f 5843 5821 5822
f 5821 5842 5841
f 5843 5842 5821
f 5843 5822 5823
f 5824 5845 5823
f 5844 5843 5823
f 5844 5823 5845
f 5846 5845 5824
f 5846 5824 6732
f 6732 5824 6724
f 5852 5825 5826
f 5826 5825 6730
f 5850 5825 5851
f 5850 6736 5825
f 5825 5852 5851
f 5825 6736 6730
f 5827 5852 5826
f 5826 6730 6731
f 5853 5827 5828
f 5853 5852 5827
f 5854 5828 5829
f 5853 5828 5854
f 5830 5831 5855
f 5879 5830 5855
f 5831 5832 5855
f 5857 5832 5833
f 5855 5832 5856
f 5856 5832 5857
f 5857 5833 5834
f 5858 5834 5835
f 5858 5857 5834
f 5835 5836 5859
f 5835 5859 5858
f 5860 5836 5837
f 5860 5859 5836
f 5861 5837 5838
f 5861 5860 5837
f 5839 5862 5838
f 5838 5862 5861
f 5840 5863 5839
f 5839 5863 5862
f 5864 5840 5841
f 5840 5864 5863
f 5841 5842 5865
f 5864 5841 5865
f 5843 5866 5842
f 5865 5842 5866
f 5843 5844 5867
f 5843 5867 5866
f 5844 5845 5868
f 5844 5868 5867
f 5846 5869 5845
f 5845 5869 5868
f 5847 5870 5846
f 5847 5846 6732
f 5846 5870 5869
f 5848 5871 5847
f 5848 5847 6733
f 5847 5871 5870
f 6733 5847 6732
f 5848 5849 5872
f 6734 5849 5848
f 5872 5871 5848
f 5848 6733 6734
f 5850 5873 5849
f 5850 5849 6735
f 5849 5873 5872
f 6735 5849 6734
f 5851 5874 5850
f 5874 5873 5850
f 5850 6735 6736
f 5851 5852 5875
f 5874 5851 5875
f 5876 5852 5853
f 5852 5876 5875
f 5854 5877 5853
f 5876 5853 5877
f 5880 5855 5856
f 5880 5879 5855
f 5856 5857 5882
f 5880 5856 5881
f 5856 5882 5881
f 5882 5857 5858
f 5858 5859 5883
f 5858 5883 5882
f 5860 5884 5859
f 5884 5883 5859
f 5885 5860 5861
f 5860 5885 5884
f 5862 5886 5861
f 5885 5861 5886
f 5863 5887 5862
f 5887 5886 5862
f 5863 5864 5888
f 5863 5888 5887
f 5864 5865 5890
f 5888 5864 5889
f 5889 5864 5890
f 5865 5866 5890
f 5867 5891 5866
f 5866 5891 5890
f 5892 5867 5868
f 5867 5892 5891
f 5868 5869 5893
f 5892 5868 5893
f 5869 5870 5894
f 5869 5894 5893
f 5895 5870 5871
f 5894 5870 5895
f 5872 5896 5871
f 5896 5895 5871
f 5897 5872 5873
f 5897 5896 5872
f 5874 5898 5873
f 5897 5873 5898
f 5874 5875 5899
f 5874 5899 5898
f 5875 5876 5900
f 5900 5899 5875
f 5876 5877 5901
f 5900 5876 5901
f 5879 5902 5878
f 5878 5902 5925
f 5880 5902 5879
f 5903 5880 5881
f 5903 5902 5880
f 5881 5882 5905
f 5904 5903 5881
f 5904 5881 5905
f 5882 5883 5906
f 5906 5905 5882
f 5907 5883 5884
f 5883 5907 5906
f 5884 5885 5908
f 5884 5908 5907
f 5885 5886 5909
f 5908 5885 5909
f 5910 5886 5887
f 5910 5909 5886
f 5888 5910 5887
f 5888 5889 5911
f 5911 5910 5888
f 5913 5889 5890
f 5889 5912 5911
f 5913 5912 5889
f 5891 5913 5890
f 5892 5914 5891
f 5914 5913 5891
f 5892 5893 5915
f 5915 5914 5892
f 5893 5894 5916
f 5915 5893 5916
f 5894 5895 5917
f 5916 5894 5917
f 5895 5896 5918
f 5917 5895 5918
f 5897 5919 5896
f 5918 5896 5919
f 5920 5897 5898
f 5897 5920 5919
f 5921 5898 5899
f 5921 5920 5898
f 5923 5899 5900
f 5922 5921 5899
f 5922 5899 5923
f 5901 5923 5900
f 5926 5902 5903
f 5925 5902 5926
f 5904 5927 5903
f 5926 5903 5927
f 5904 5905 5928
f 5928 5927 5904
f 5905 5906 5929
f 5905 5929 5928
f 5906 5907 5930
f 5930 5929 5906
f 5907 5908 5931
f 5930 5907 5931
f 5932 5908 5909
f 5931 5908 5932
f 5910 5933 5909
f 5909 5933 5932
f 5911 5934 5910
f 5910 5934 5933
f 5911 5912 5935
f 5911 5935 5934
f 5937 5912 5913
f 5936 5935 5912
f 5937 5936 5912
f 5937 5913 5914
f 5915 5938 5914
f 5914 5938 5937
f 5915 5916 5939
f 5939 5938 5915
f 5916 5917 5940
f 5916 5940 5939
f 5918 5941 5917
f 5917 5941 5940
f 5919 5942 5918
f 5942 5941 5918
f 5943 5919 5920
f 5942 5919 5943
f 5921 5944 5920
f 5920 5944 5943
f 5945 5921 5922
f 5921 5945 5944
f 5946 5945 5922
f 5925 5947 5924
f 5924 5947 5969
f 5926 5947 5925
f 5948 5926 5927
f 5948 5947 5926
f 5950 5927 5928
f 5948 5927 5949
f 5949 5927 5950
f 5928 5929 5951
f 5928 5951 5950
f 5930 5952 5929
f 5929 5952 5951
f 5931 5953 5930
f 5953 5952 5930
f 5932 5953 5931
f 5932 5933 5954
f 5954 5953 5932
f 5955 5933 5934
f 5954 5933 5955
f 5956 5934 5935
f 5956 5955 5934
f 5936 5957 5935
f 5935 5957 5956
f 5959 5936 5937
f 5936 5958 5957
f 5959 5958 5936
f 5938 5959 5937
f 5938 5939 5960
f 5938 5960 5959
f 5939 5940 5961
f 5961 5960 5939
f 5941 5962 5940
f 5961 5940 5962
f 5963 5941 5942
f 5962 5941 5963
f 5942 5943 5964
f 5964 5963 5942
f 5944 5965 5943
f 5964 5943 5965
f 5966 5944 5945
f 5966 5965 5944
f 5966 5945 5967
f 5948 5970 5947
f 5947 5970 5969
f 5948 5949 5971
f 5948 5971 5970
f 5949 5950 5972
f 5949 5972 5971
f 5950 5951 5973
f 5972 5950 5973
f 5951 5952 5974
f 5974 5973 5951
f 5975 5952 5953
f 5975 5974 5952
f 5954 5976 5953
f 5975 5953 5976
f 5954 5955 5977
f 5954 5977 5976
f 5956 5978 5955
f 5977 5955 5978
f 5957 5979 5956
f 5956 5979 5978
f 5980 5957 5958
f 5957 5980 5979
f 5959 5982 5958
f 5981 5980 5958
f 5958 5982 5981
f 5960 5982 5959
f 5961 5983 5960
f 5960 5983 5982
f 5962 5984 5961
f 5984 5983 5961
f 5962 5963 5986
f 5984 5962 5985
f 5986 5985 5962
f 5964 5987 5963
f 5986 5963 5987
f 5964 5965 5988
f 5988 5987 5964
f 5966 5989 5965
f 5965 5989 5988
f 5966 5967 5990
f 5966 5990 5989
f 5968 5969 5991
f 5968 5991 6013
f 5970 5991 5969
f 5970 5971 5993
f 5992 5991 5970
f 5993 5992 5970
f 5994 5971 5972
f 5993 5971 5994
f 5995 5972 5973
f 5972 5995 5994
f 5996 5973 5974
f 5995 5973 5996
f 5997 5974 5975
f 5996 5974 5997
f 5998 5975 5976
f 5998 5997 5975
f 5999 5976 5977
f 5998 5976 5999
f 6000 5977 5978
f 5999 5977 6000
f 5978 5979 6001
f 6000 5978 6001
f 6002 5979 5980
f 6001 5979 6002
f 6002 5980 5981
f 5982 6004 5981
f 5981 6003 6002
f 6004 6003 5981
f 5983 6004 5982
f 5984 6005 5983
f 6005 6004 5983
f 6006 5984 5985
f 6006 6005 5984
f 5985 5986 6008
f 6006 5985 6007
f 6007 5985 6008
f 6009 5986 5987
f 6008 5986 6009
f 5988 6010 5987
f 6009 5987 6010
f 6010 5988 5989
f 5989 5990 6011
f 6010 5989 6011
f 5992 6014 5991
f 6013 5991 6014
f 6015 5992 5993
f 6015 6014 5992
f 5994 6016 5993
f 6015 5993 6016
f 5994 5995 6017
f 5994 6017 6016
f 6018 5995 5996
f 6017 5995 6018
f 6019 5996 5997
f 6019 6018 5996
f 5998 6020 5997
f 6019 5997 6020
f 5999 6021 5998
f 5998 6021 6020
f 5999 6000 6022
f 6022 6021 5999
f 6000 6001 6023
f 6000 6023 6022
f 6001 6002 6024
f 6023 6001 6024
f 6025 6002 6003
f 6024 6002 6025
f 6004 6026 6003
f 6025 6003 6026
f 6004 6005 6027
f 6027 6026 6004
f 6028 6005 6006
f 6005 6028 6027
f 6006 6007 6029
f 6029 6028 6006
f 6031 6007 6008
f 6007 6030 6029
f 6030 6007 6031
f 6032 6008 6009
f 6032 6031 6008
f 6009 6010 6033
f 6032 6009 6033
f 6011 6033 6010
f 6013 6034 6012
f 6034 6055 6012
f 6013 6014 6034
f 6014 6015 6036
f 6014 6035 6034
f 6036 6035 6014
f 6015 6016 6037
f 6015 6037 6036
f 6038 6016 6017
f 6037 6016 6038
f 6017 6018 6039
f 6039 6038 6017
f 6040 6018 6019
f 6018 6040 6039
f 6019 6020 6040
f 6021 6042 6020
f 6040 6020 6041
f 6041 6020 6042
f 6022 6043 6021
f 6021 6043 6042
f 6022 6023 6044
f 6043 6022 6044
f 6023 6024 6045
f 6023 6045 6044
f 6024 6025 6046
f 6045 6024 6046
f 6047 6025 6026
f 6025 6047 6046
f 6048 6026 6027
f 6048 6047 6026
f 6028 6049 6027
f 6027 6049 6048
f 6050 6028 6029
f 6049 6028 6050
f 6029 6030 6051
f 6051 6050 6029
f 6031 6052 6030
f 6051 6030 6052
f 6032 6053 6031
f 6031 6053 6052
f 6033 6053 6032
f 6034 6035 6056
f 6055 6034 6056
f 6036 6057 6035
f 6057 6056 6035
f 6037 6058 6036
f 6036 6058 6057
f 6059 6037 6038
f 6059 6058 6037
f 6060 6038 6039
f 6060 6059 6038
f 6039 6040 6061
f 6060 6039 6061
f 6040 6041 6062
f 6061 6040 6062
f 6064 6041 6042
f 6062 6041 6063
f 6064 6063 6041
f 6043 6064 6042
f 6043 6044 6065
f 6065 6064 6043
f 6045 6066 6044
f 6044 6066 6065
f 6046 6067 6045
f 6067 6066 6045
f 6046 6047 6068
f 6068 6067 6046
f 6069 6047 6048
f 6068 6047 6069
f 6048 6049 6070
f 6070 6069 6048
f 6050 6071 6049
f 6071 6070 6049
f 6050 6051 6072
f 6072 6071 6050
f 6073 6051 6052
f 6072 6051 6073
f 6073 6052 6074
f 6055 6075 6054
f 6075 6095 6054
f 6055 6056 6075
f 6077 6056 6057
f 6056 6076 6075
f 6076 6056 6077
f 6058 6078 6057
f 6078 6077 6057
f 6059 6079 6058
f 6079 6078 6058
f 6080 6059 6060
f 6080 6079 6059
f 6081 6060 6061
f 6080 6060 6081
f 6061 6062 6081
f 6082 6062 6063
f 6081 6062 6082
f 6063 6064 6083
f 6083 6082 6063
f 6084 6064 6065
f 6084 6083 6064
f 6065 6066 6086
f 6084 6065 6085
f 6085 6065 6086
f 6086 6066 6067
f 6087 6067 6068
f 6067 6087 6086
f 6069 6088 6068
f 6087 6068 6088
f 6069 6070 6089
f 6089 6088 6069
f 6070 6071 6091
f 6070 6090 6089
f 6091 6090 6070
f 6092 6071 6072
f 6091 6071 6092
f 6073 6092 6072
f 6074 6093 6073
f 6073 6093 6092
f 6075 6076 6096
f 6075 6096 6095
f 6076 6077 6097
f 6096 6076 6097
f 6077 6078 6098
f 6097 6077 6098
f 6078 6079 6099
f 6098 6078 6099
f 6080 6100 6079
f 6100 6099 6079
f 6102 6080 6081
f 6100 6080 6101
f 6101 6080 6102
f 6102 6081 6082
f 6104 6082 6083
f 6102 6082 6103
f 6103 6082 6104
f 6105 6083 6084
f 6083 6105 6104
f 6085 6105 6084
f 6085 6086 6107
f 6106 6105 6085
f 6106 6085 6107
f 6087 6107 6086
f 6088 6108 6087
f 6108 6107 6087
f 6089 6109 6088
f 6109 6108 6088
f 6090 6111 6089
f 6110 6109 6089
f 6110 6089 6111
f 6112 6090 6091
f 6112 6111 6090
f 6113 6091 6092
f 6091 6113 6112
f 6093 6114 6092
f 6113 6092 6114
f 6095 6115 6094
f 6135 6094 6115
f 6115 6095 6096
f 6117 6096 6097
f 6115 6096 6116
f 6116 6096 6117
f 6098 6118 6097
f 6097 6118 6117
f 6098 6099 6119
f 6098 6119 6118
f 6100 6120 6099
f 6099 6120 6119
f 6101 6120 6100
f 6122 6101 6102
f 6121 6120 6101
f 6121 6101 6122
f 6122 6102 6103
f 6103 6104 6124
f 6122 6103 6123
f 6103 6124 6123
f 6104 6105 6124
f 6125 6105 6106
f 6124 6105 6125
f 6106 6107 6127
f 6126 6125 6106
f 6106 6127 6126
f 6108 6127 6107
f 6128 6108 6109
f 6127 6108 6128
f 6109 6110 6130
f 6109 6129 6128
f 6109 6130 6129
f 6111 6131 6110
f 6110 6131 6130
f 6112 6132 6111
f 6131 6111 6132
f 6113 6133 6112
f 6112 6133 6132
f 6133 6113 6114
f 6116 6136 6115
f 6135 6115 6136
f 6116 6117 6137
f 6137 6136 6116
f 6117 6118 6138
f 6138 6137 6117
f 6119 6139 6118
f 6118 6139 6138
f 6119 6120 6140
f 6140 6139 6119
f 6141 6120 6121
f 6140 6120 6141
f 6122 6143 6121
f 6121 6142 6141
f 6143 6142 6121
f 6143 6122 6123
f 6124 6145 6123
f 6123 6144 6143
f 6145 6144 6123
f 6125 6145 6124
f 6146 6125 6126
f 6145 6125 6146
f 6126 6127 6148
f 6147 6146 6126
f 6126 6148 6147
f 6148 6127 6128
f 6128 6129 6150
f 6149 6148 6128
f 6128 6150 6149
f 6129 6130 6151
f 6151 6150 6129
f 6152 6130 6131
f 6151 6130 6152
f 6153 6131 6132
f 6153 6152 6131
f 6133 6153 6132
f 6154 6134 6135
f 6173 6134 6154
f 6135 6136 6154
f 6156 6136 6137
f 6154 6136 6155
f 6155 6136 6156
f 6138 6157 6137
f 6156 6137 6157
f 6139 6158 6138
f 6158 6157 6138
f 6140 6158 6139
f 6141 6160 6140
f 6140 6159 6158
f 6140 6160 6159
f 6142 6160 6141
f 6142 6143 6162
f 6142 6161 6160
f 6162 6161 6142
f 6143 6144 6162
f 6145 6164 6144
f 6162 6144 6163
f 6144 6164 6163
f 6146 6164 6145
f 6165 6146 6147
f 6165 6164 6146
f 6167 6147 6148
f 6147 6166 6165
f 6167 6166 6147
f 6167 6148 6149
f 6150 6169 6149
f 6167 6149 6168
f 6149 6169 6168
f 6150 6151 6170
f 6150 6170 6169
f 6151 6152 6171
f 6171 6170 6151
f 6154 6155 6174
f 6154 6174 6173
f 6155 6156 6175
f 6155 6175 6174
f 6157 6176 6156
f 6156 6176 6175
f 6158 6177 6157
f 6157 6177 6176
f 6158 6159 6178
f 6177 6158 6178
f 6180 6159 6160
f 6178 6159 6179
f 6179 6159 6180
f 6180 6160 6161
f 6161 6162 6182
f 6180 6161 6181
f 6182 6181 6161
f 6162 6163 6182
f 6184 6163 6164
f 6182 6163 6183
f 6184 6183 6163
f 6184 6164 6165
f 6166 6185 6165
f 6185 6184 6165
f 6186 6166 6167
f 6186 6185 6166
f 6167 6168 6187
f 6167 6187 6186
f 6169 6188 6168
f 6187 6168 6188
f 6170 6190 6169
f 6189 6188 6169
f 6189 6169 6190
f 6172 6173 6191
f 6172 6191 6209
f 6173 6174 6191
f 6193 6174 6175
f 6192 6191 6174
f 6192 6174 6193
f 6194 6175 6176
f 6193 6175 6194
f 6177 6195 6176
f 6194 6176 6195
f 6178 6195 6177
f 6179 6196 6178
f 6196 6195 6178
f 6179 6180 6197
f 6196 6179 6197
f 6180 6181 6198
f 6180 6198 6197
f 6199 6181 6182
f 6199 6198 6181
f 6200 6182 6183
f 6182 6200 6199
f 6183 6184 6202
f 6201 6200 6183
f 6201 6183 6202
f 6184 6185 6202
f 6185 6186 6203
f 6203 6202 6185
f 6186 6187 6204
f 6204 6203 6186
f 6188 6205 6187
f 6204 6187 6205
f 6189 6207 6188
f 6206 6205 6188
f 6207 6206 6188
f 6191 6192 6210
f 6209 6191 6210
f 6192 6193 6211
f 6192 6211 6210
f 6194 6212 6193
f 6193 6212 6211
f 6194 6195 6213
f 6212 6194 6213
f 6214 6195 6196
f 6214 6213 6195
f 6197 6216 6196
f 6215 6214 6196
f 6196 6216 6215
f 6197 6198 6217
f 6217 6216 6197
f 6199 6218 6198
f 6217 6198 6218
f 6219 6199 6200
f 6218 6199 6219
f 6200 6201 6219
f 6221 6201 6202
f 6219 6201 6220
f 6220 6201 6221
f 6203 6221 6202
f 6203 6204 6222
f 6203 6222 6221
f 6204 6205 6223
f 6222 6204 6223
f 6206 6224 6205
f 6223 6205 6224
f 6206 6225 6224
f 6209 6226 6208
f 6244 6208 6226
f 6209 6210 6226
f 6211 6228 6210
f 6210 6227 6226
f 6227 6210 6228
f 6211 6212 6229
f 6211 6229 6228
f 6230 6212 6213
f 6229 6212 6230
f 6231 6213 6214
f 6231 6230 6213
f 6214 6215 6231
f 6216 6232 6215
f 6215 6232 6231
f 6216 6217 6233
f 6216 6233 6232
f 6218 6234 6217
f 6234 6233 6217
f 6218 6219 6235
f 6218 6235 6234
f 6219 6220 6236
f 6235 6219 6236
f 6238 6220 6221
f 6220 6237 6236
f 6238 6237 6220
f 6221 6222 6239
f 6238 6221 6239
f 6222 6223 6240
f 6239 6222 6240
f 6224 6241 6223
f 6240 6223 6241
f 6242 6224 6225
f 6242 6241 6224
f 6245 6226 6227
f 6226 6245 6244
f 6228 6246 6227
f 6227 6246 6245
f 6228 6229 6247
f 6246 6228 6247
f 6230 6248 6229
f 6229 6248 6247
f 6231 6249 6230
f 6230 6249 6248
f 6231 6232 6250
f 6250 6249 6231
f 6251 6232 6233
f 6232 6251 6250
f 6252 6233 6234
f 6233 6252 6251
f 6234 6235 6253
f 6253 6252 6234
f 6254 6235 6236
f 6235 6254 6253
f 6236 6237 6255
f 6255 6254 6236
f 6238 6257 6237
f 6256 6255 6237
f 6256 6237 6257
f 6238 6239 6258
f 6258 6257 6238
f 6240 6259 6239
f 6239 6259 6258
f 6240 6241 6259
f 6241 6242 6260
f 6259 6241 6260
f 6244 6261 6243
f 6278 6243 6261
f 6244 6245 6261
f 6245 6246 6263
f 6262 6261 6245
f 6245 6263 6262
f 6246 6247 6264
f 6246 6264 6263
f 6248 6265 6247
f 6264 6247 6265
f 6248 6249 6265
f 6250 6266 6249
f 6265 6249 6266
f 6250 6251 6267
f 6267 6266 6250
f 6252 6268 6251
f 6268 6267 6251
f 6269 6252 6253
f 6269 6268 6252
f 6254 6271 6253
f 6270 6269 6253
f 6253 6271 6270
f 6271 6254 6255
f 6256 6273 6255
f 6271 6255 6272
f 6272 6255 6273
f 6256 6257 6274
f 6274 6273 6256
f 6258 6275 6257
f 6274 6257 6275
f 6258 6259 6276
f 6258 6276 6275
f 6260 6276 6259
f 6262 6279 6261
f 6278 6261 6279
f 6262 6263 6280
f 6280 6279 6262
f 6263 6264 6281
f 6280 6263 6281
f 6264 6265 6282
f 6264 6282 6281
f 6266 6283 6265
f 6265 6283 6282
f 6267 6285 6266
f 6284 6283 6266
f 6284 6266 6285
f 6286 6267 6268
f 6285 6267 6286
f 6269 6287 6268
f 6287 6286 6268
f 6270 6287 6269
f 6271 6289 6270
f 6288 6287 6270
f 6289 6288 6270
f 6272 6289 6271
f 6272 6273 6290
f 6272 6290 6289
f 6274 6292 6273
f 6290 6273 6291
f 6291 6273 6292
f 6275 6293 6274
f 6274 6293 6292
f 6293 6275 6276
f 6278 6294 6277
f 6277 6294 6310
f 6279 6294 6278
f 6279 6280 6296
f 6295 6294 6279
f 6279 6296 6295
f 6281 6297 6280
f 6280 6297 6296
f 6282 6298 6281
f 6298 6297 6281
f 6282 6283 6298
f 6283 6284 6299
f 6283 6299 6298
f 6284 6285 6300
f 6284 6300 6299
f 6286 6301 6285
f 6301 6300 6285
f 6302 6286 6287
f 6301 6286 6302
f 6303 6287 6288
f 6303 6302 6287
f 6288 6289 6304
f 6303 6288 6304
f 6290 6305 6289
f 6289 6305 6304
f 6291 6306 6290
f 6290 6306 6305
f 6292 6307 6291
f 6307 6306 6291
f 6292 6308 6307
f 6294 6295 6311
f 6311 6310 6294
f 6296 6312 6295
f 6312 6311 6295
f 6296 6297 6313
f 6312 6296 6313
f 6314 6297 6298
f 6313 6297 6314
f 6298 6299 6315
f 6314 6298 6315
f 6299 6300 6317
f 6316 6315 6299
f 6316 6299 6317
f 6300 6301 6317
f 6318 6301 6302
f 6317 6301 6318
f 6302 6303 6319
f 6302 6319 6318
f 6303 6304 6320
f 6303 6320 6319
f 6304 6305 6321
f 6320 6304 6321
f 6305 6306 6322
f 6322 6321 6305
f 6323 6306 6307
f 6323 6322 6306
f 6324 6307 6308
f 6307 6324 6323
f 6309 6310 6325
f 6340 6309 6325
f 6325 6310 6311
f 6327 6311 6312
f 6325 6311 6326
f 6327 6326 6311
f 6312 6313 6328
f 6312 6328 6327
f 6313 6314 6329
f 6313 6329 6328
f 6330 6314 6315
f 6330 6329 6314
f 6330 6315 6316
f 6316 6317 6332
f 6331 6330 6316
f 6331 6316 6332
f 6317 6318 6332
f 6318 6319 6333
f 6332 6318 6333
f 6319 6320 6334
f 6319 6334 6333
f 6336 6320 6321
f 6320 6335 6334
f 6335 6320 6336
f 6337 6321 6322
f 6336 6321 6337
f 6338 6322 6323
f 6337 6322 6338
f 6325 6326 6341
f 6325 6341 6340
f 6342 6326 6327
f 6342 6341 6326
f 6343 6327 6328
f 6342 6327 6343
f 6328 6329 6344
f 6343 6328 6344
f 6329 6330 6345
f 6329 6345 6344
f 6331 6346 6330
f 6345 6330 6346
f 6347 6331 6332
f 6331 6347 6346
f 6332 6333 6348
f 6348 6347 6332
f 6334 6349 6333
f 6333 6349 6348
f 6335 6351 6334
f 6334 6350 6349
f 6334 6351 6350
f 6352 6335 6336
f 6352 6351 6335
f 6337 6353 6336
f 6352 6336 6353
f 6337 6338 6354
f 6354 6353 6337
f 6340 6355 6339
f 6370 6339 6355
f 6355 6340 6341
f 6356 6341 6342
f 6355 6341 6356
f 6342 6343 6357
f 6342 6357 6356
f 6359 6343 6344
f 6343 6358 6357
f 6358 6343 6359
f 6344 6345 6359
f 6345 6346 6361
f 6345 6360 6359
f 6361 6360 6345
f 6347 6361 6346
f 6363 6347 6348
f 6347 6362 6361
f 6362 6347 6363
f 6349 6363 6348
f 6350 6365 6349
f 6364 6363 6349
f 6365 6364 6349
f 6350 6351 6366
f 6350 6366 6365
f 6351 6352 6367
f 6367 6366 6351
f 6368 6352 6353
f 6367 6352 6368
f 6354 6368 6353
f 6356 6371 6355
f 6371 6370 6355
f 6356 6357 6373
f 6356 6372 6371
f 6356 6373 6372
f 6358 6373 6357
f 6375 6358 6359
f 6373 6358 6374
f 6375 6374 6358
f 6359 6360 6375
f 6377 6360 6361
f 6375 6360 6376
f 6376 6360 6377
f 6377 6361 6362
f 6362 6363 6379
f 6378 6377 6362
f 6378 6362 6379
f 6364 6379 6363
f 6365 6381 6364
f 6380 6379 6364
f 6380 6364 6381
f 6366 6382 6365
f 6365 6382 6381
f 6383 6366 6367
f 6383 6382 6366
f 6384 6398 6369
f 6384 6370 6371
f 6385 6371 6372
f 6371 6385 6384
f 6373 6387 6372
f 6372 6386 6385
f 6386 6372 6387
f 6387 6373 6374
f 6374 6375 6389
f 6374 6388 6387
f 6388 6374 6389
f 6375 6376 6389
f 6376 6377 6391
f 6389 6376 6390
f 6390 6376 6391
f 6378 6391 6377
f 6392 6378 6379
f 6391 6378 6392
f 6380 6393 6379
f 6379 6393 6392
f 6380 6381 6394
f 6380 6394 6393
f 6396 6381 6382
f 6395 6394 6381
f 6395 6381 6396
f 6384 6385 6399
f 6384 6399 6398
f 6386 6400 6385
f 6385 6400 6399
f 6386 6387 6401
f 6386 6401 6400
f 6402 6387 6388
f 6401 6387 6402
f 6388 6389 6403
f 6402 6388 6403
f 6390 6404 6389
f 6389 6404 6403
f 6405 6390 6391
f 6390 6405 6404
f 6392 6406 6391
f 6406 6405 6391
f 6392 6393 6407
f 6406 6392 6407
f 6408 6393 6394
f 6407 6393 6408
f 6409 6394 6395
f 6394 6409 6408
f 6395 6410 6409
f 6423 6397 6411
f 6399 6411 6398
f 6399 6400 6412
f 6399 6412 6411
f 6401 6413 6400
f 6400 6413 6412
f 6414 6401 6402
f 6414 6413 6401
f 6403 6415 6402
f 6414 6402 6415
f 6403 6404 6416
f 6416 6415 6403
f 6417 6404 6405
f 6416 6404 6417
f 6418 6405 6406
f 6417 6405 6418
f 6419 6406 6407
f 6419 6418 6406
f 6407 6408 6420
f 6420 6419 6407
f 6409 6421 6408
f 6421 6420 6408
f 6409 6410 6422
f 6409 6422 6421
f 6424 6411 6412
f 6424 6423 6411
f 6412 6413 6425
f 6424 6412 6425
f 6414 6426 6413
f 6413 6426 6425
f 6428 6414 6415
f 6427 6426 6414
f 6428 6427 6414
f 6429 6415 6416
f 6428 6415 6429
f 6430 6416 6417
f 6429 6416 6430
f 6417 6418 6431
f 6431 6430 6417
f 6419 6432 6418
f 6418 6432 6431
f 6433 6419 6420
f 6419 6433 6432
f 6434 6420 6421
f 6434 6433 6420
f 6421 6422 6435
f 6435 6434 6421
f 6436 6423 6424
f 6425 6437 6424
f 6424 6437 6436
f 6438 6425 6426
f 6438 6437 6425
f 6439 6426 6427
f 6438 6426 6439
f 6440 6427 6428
f 6440 6439 6427
f 6441 6428 6429
f 6441 6440 6428
f 6430 6442 6429
f 6429 6442 6441
f 6431 6443 6430
f 6430 6443 6442
f 6431 6432 6444
f 6431 6444 6443
f 6445 6432 6433
f 6432 6445 6444
f 6446 6433 6434
f 6445 6433 6446
f 6434 6435 6447
f 6447 6446 6434
f 6448 6436 6437
f 6438 6449 6437
f 6449 6448 6437
f 6450 6438 6439
f 6450 6449 6438
f 6440 6451 6439
f 6450 6439 6451
f 6441 6452 6440
f 6451 6440 6452
f 6441 6442 6453
f 6441 6453 6452
f 6443 6454 6442
f 6454 6453 6442
f 6455 6443 6444
f 6455 6454 6443
f 6444 6445 6456
f 6456 6455 6444
f 6458 6445 6446
f 6456 6445 6457
f 6458 6457 6445
f 6458 6446 6447
f 6459 6460 6468
f 6468 6463 6459
f 6461 6469 6460
f 6460 6469 6468
f 6462 6470 6461
f 6461 6470 6469
f 6462 6464 6471
f 6471 6470 6462
f 6463 6484 6467
f 6468 6484 6463
f 6464 6465 6472
f 6471 6464 6472
f 6465 6489 6472
f 6473 6490 6465
f 6490 6489 6465
f 6467 6526 6466
f 6483 6466 6525
f 6525 6466 6526
f 6467 6484 6526
f 6469 6485 6468
f 6484 6468 6485
f 6470 6486 6469
f 6469 6486 6485
f 6470 6471 6487
f 6470 6487 6486
f 6471 6472 6488
f 6488 6487 6471
f 6472 6489 6488
f 6491 6473 6474
f 6490 6473 6491
f 6474 6534 6491
f 6474 6492 6535
f 6535 6534 6474
f 6476 6562 6475
f 6475 6562 6524
f 6563 6476 6477
f 6476 6563 6562
f 6477 6478 6564
f 6563 6477 6564
f 6565 6478 6479
f 6564 6478 6565
f 6480 6566 6479
f 6566 6565 6479
f 6481 6567 6480
f 6567 6566 6480
f 6482 6568 6481
f 6568 6567 6481
f 6569 6482 6483
f 6482 6569 6568
f 6525 6570 6483
f 6570 6569 6483
f 6484 6485 6527
f 6527 6526 6484
f 6485 6486 6528
f 6528 6527 6485
f 6529 6486 6487
f 6529 6528 6486
f 6530 6487 6488
f 6529 6487 6530
f 6488 6489 6531
f 6530 6488 6531
f 6532 6489 6490
f 6489 6532 6531
f 6491 6533 6490
f 6533 6532 6490
f 6491 6534 6533
f 6536 6492 6493
f 6492 6536 6535
f 6494 6748 6493
f 6747 6536 6493
f 6493 6748 6747
f 6494 6495 6749
f 6749 6748 6494
f 6496 6750 6495
f 6749 6495 6750
f 6496 6497 6751
f 6751 6750 6496
f 6498 6752 6497
f 6752 6751 6497
f 6498 6499 6753
f 6498 6753 6752
f 6499 6500 6754
f 6753 6499 6754
f 6501 6755 6500
f 6500 6755 6754
f 6501 6502 6756
f 6756 6755 6501
f 6757 6502 6503
f 6757 6756 6502
f 6503 6504 6758
f 6503 6758 6757
f 6504 6505 6759
f 6504 6759 6758
f 6505 6506 6760
f 6760 6759 6505
f 6506 6507 6761
f 6760 6506 6761
f 6507 6508 6762
f 6761 6507 6762
f 6508 6509 6763
f 6762 6508 6763
f 6509 6510 6764
f 6763 6509 6764
f 6510 6511 6765
f 6764 6510 6765
f 6537 6766 6511
f 6511 6766 6765
f 6512 6513 6769
f 6768 6561 6512
f 6768 6512 6769
f 6513 6514 6770
f 6769 6513 6770
f 6514 6515 6771
f 6770 6514 6771
f 6516 6772 6515
f 6515 6772 6771
f 6516 6517 6773
f 6772 6516 6773
f 6517 6518 6774
f 6517 6774 6773
f 6775 6518 6519
f 6774 6518 6775
f 6776 6519 6520
f 6775 6519 6776
f 6777 6520 6521
f 6776 6520 6777
f 6778 6521 6522
f 6778 6777 6521
f 6523 6779 6522
f 6779 6778 6522
f 6524 6780 6523
f 6779 6523 6780
f 6781 6524 6562
f 6781 6780 6524
f 6525 6526 6572
f 6525 6571 6570
f 6572 6571 6525
f 6572 6526 6527
f 6527 6528 6738
f 6572 6527 6737
f 6527 6738 6737
f 6528 6529 6739
f 6738 6528 6739
f 6529 6530 6740
f 6529 6740 6739
f 6531 6741 6530
f 6741 6740 6530
f 6531 6532 6742
f 6741 6531 6742
f 6533 6743 6532
f 6742 6532 6743
f 6533 6534 6744
f 6744 6743 6533
f 6745 6534 6535
f 6745 6744 6534
f 6535 6536 6746
f 6745 6535 6746
f 6747 6746 6536
f 6538 6766 6537
f 6538 6539 6792
f 6766 6538 6792
f 6794 6539 6540
f 6792 6539 6793
f 6793 6539 6794
f 6795 6540 6541
f 6795 6794 6540
f 6541 6542 6796
f 6795 6541 6796
f 6543 6797 6542
f 6796 6542 6797
f 6798 6543 6544
f 6543 6798 6797
f 6573 6825 6544
f 6798 6544 6825
f 6590 6545 6546
f 6545 6590 6585
f 6546 6547 6800
f 6590 6546 6799
f 6546 6800 6799
f 6801 6547 6548
f 6800 6547 6801
f 6549 6802 6548
f 6801 6548 6802
f 6803 6549 6550
f 6549 6803 6802
f 6804 6550 6551
f 6803 6550 6804
f 6805 6551 6552
f 6804 6551 6805
f 6806 6552 6553
f 6806 6805 6552
f 6554 6807 6553
f 6553 6807 6806
f 6808 6554 6555
f 6807 6554 6808
f 6809 6555 6556
f 6808 6555 6809
f 6557 6810 6556
f 6556 6810 6809
f 6811 6557 6558
f 6811 6810 6557
f 6812 6558 6559
f 6811 6558 6812
f 6813 6559 6560
f 6813 6812 6559
f 6560 6561 6767
f 6767 6813 6560
f 6767 6561 6768
f 6562 6563 6782
f 6782 6781 6562
f 6783 6563 6564
f 6563 6783 6782
f 6784 6564 6565
f 6564 6784 6783
f 6566 6785 6565
f 6565 6785 6784
f 6566 6567 6786
f 6786 6785 6566
f 6787 6567 6568
f 6567 6787 6786
f 6569 6788 6568
f 6788 6787 6568
f 6569 6570 6789
f 6789 6788 6569
f 6571 6790 6570
f 6570 6790 6789
f 6791 6571 6572
f 6571 6791 6790
f 6737 6791 6572
f 6574 6825 6573
f 6586 6842 6574
f 6842 6825 6574
f 6576 6593 6575
f 6589 6575 6593
f 6576 6577 6827
f 6826 6593 6576
f 6576 6827 6826
f 6577 6578 6828
f 6827 6577 6828
f 6829 6578 6579
f 6828 6578 6829
f 6580 6830 6579
f 6829 6579 6830
f 6581 6831 6580
f 6580 6831 6830
f 6832 6581 6582
f 6832 6831 6581
f 6582 6583 6833
f 6582 6833 6832
f 6583 6584 6834
f 6583 6834 6833
f 6584 6585 6835
f 6834 6584 6835
f 6836 6585 6590
f 6835 6585 6836
f 6591 6842 6586
f 6588 6595 6587
f 6595 6592 6587
f 6588 6589 6844
f 6595 6588 6843
f 6843 6588 6844
f 6593 6845 6589
f 6844 6589 6845
f 6836 6590 6799
f 6594 6858 6591
f 6591 6858 6842
f 6595 6597 6592
f 6593 6826 6845
f 6881 6594 6596
f 6881 6858 6594
f 6597 6595 6859
f 6595 6843 6859
f 6907 6881 6596
f 6597 6859 6598
f 6598 6601 6600
f 6598 6908 6601
f 6859 6908 6598
f 6599 6934 6907
f 6600 6601 6603
f 6603 6601 6604
f 6604 6601 6935
f 6908 6935 6601
f 6606 6959 6602
f 6602 6959 6934
f 6604 6935 6605
f 6605 6960 6607
f 6935 6936 6605
f 6605 6936 6960
f 6619 6984 6606
f 6606 6984 6959
f 6960 6608 6607
f 6609 6608 6961
f 6961 6608 6960
f 6609 6962 6610
f 6609 6961 6962
f 6611 6610 6963
f 6962 6963 6610
f 6964 6612 6611
f 6964 6611 6963
f 6613 6612 6965
f 6964 6965 6612
f 6613 6966 6614
f 6966 6613 6965
f 6615 6614 6967
f 6967 6614 6966
f 6968 6616 6615
f 6615 6967 6968
f 6617 6616 6969
f 6969 6616 6968
f 6618 6620 6617
f 6617 6970 6618
f 6969 6970 6617
f 6620 6618 6621
f 6621 6618 6985
f 6970 6971 6618
f 6618 6971 6985
f 6637 7004 6619
f 6619 7004 6984
f 6621 6985 6622
f 6622 6986 6623
f 6622 6985 6986
f 6987 6624 6623
f 6623 6986 6987
f 6988 6625 6624
f 6987 6988 6624
f 6626 6625 6989
f 6625 6988 6989
f 6990 6627 6626
f 6626 6989 6990
f 6628 6627 6991
f 6627 6990 6991
f 6628 6992 6629
f 6628 6991 6992
f 6993 6630 6629
f 6992 6993 6629
f 6994 6631 6630
f 6994 6630 6993
f 6631 6995 6632
f 6631 6994 6995
f 6632 6996 6633
f 6632 6995 6996
f 6634 6633 6997
f 6633 6996 6997
f 7005 6635 6634
f 6634 6997 6998
f 6634 6998 7005
f 7006 6638 6635
f 7006 6635 7005
f 7004 6637 6636
f 6670 7046 6636
f 6636 7046 7004
f 6639 6638 7006
f 7007 6640 6639
f 7006 7007 6639
f 6641 6640 7008
f 7007 7008 6640
f 6642 6641 7009
f 7009 6641 7008
f 7010 6643 6642
f 7010 6642 7009
f 7011 6644 6643
f 7010 7011 6643
f 6645 6644 7012
f 7011 7012 6644
f 6645 7013 6646
f 7012 7013 6645
f 6646 7014 6647
f 6646 7013 7014
f 6648 6647 7015
f 7014 7015 6647
f 7016 6649 6648
f 7015 7016 6648
f 7017 6650 6649
f 7016 7017 6649
f 7018 6651 6650
f 7018 6650 7017
f 6671 6651 6652
f 7019 6652 6651
f 7019 6651 7018
f 6653 6671 6652
f 6653 6652 7020
f 7019 7020 6652
f 6653 6654 6672
f 7021 6654 6653
f 6672 6671 6653
f 7020 7021 6653
f 6655 6673 6654
f 6655 6654 7022
f 6672 6654 6673
f 7022 6654 7021
f 6655 6656 6674
f 6655 7023 6656
f 6655 6674 6673
f 7022 7023 6655
f 6675 6656 6657
f 7024 6657 6656
f 6675 6674 6656
f 7024 6656 7023
f 6676 6657 6658
f 7025 6658 6657
f 6657 6676 6675
f 7024 7025 6657
f 6658 6659 6677
f 6658 7026 6659
f 6676 6658 6677
f 7026 6658 7025
f 6660 6678 6659
f 6660 6659 7027
f 6659 6678 6677
f 7026 7027 6659
f 6660 6661 6679
f 6661 6660 7028
f 6660 6679 6678
f 6660 7027 7028
f 6680 6661 6662
f 6662 6661 7029
f 6679 6661 6680
f 6661 7028 7029
f 6680 6662 6681
f 6682 6681 6662
f 6682 6662 7047
f 7030 6662 7029
f 7047 6662 7030
f 6663 7078 6664
f 6663 6711 7076
f 6663 7076 7077
f 6663 7077 7078
f 7078 6665 6664
f 6665 7041 6666
f 7078 7041 6665
f 6666 7042 6667
f 7041 7042 6666
f 6668 6667 7043
f 7043 6667 7042
f 6669 6668 7044
f 7044 6668 7043
f 6669 7045 6670
f 7044 7045 6669
f 7045 7046 6670
f 6680 6712 6679
f 6680 6681 6712
f 6682 6714 6681
f 6713 6712 6681
f 6713 6681 6714
f 6683 6714 6682
f 6683 6682 7047
f 6684 6715 6683
f 6684 6683 7048
f 6683 6715 6714
f 7048 6683 7047
f 6685 6716 6684
f 6685 6684 7049
f 6716 6715 6684
f 6684 7048 7049
f 6686 6717 6685
f 6686 6685 7050
f 6717 6716 6685
f 7050 6685 7049
f 6686 6687 6718
f 6686 7051 6687
f 6686 6718 6717
f 7050 7051 6686
f 6688 6719 6687
f 6687 7052 6688
f 6687 6719 6718
f 7052 6687 7051
f 6688 6689 6720
f 6688 7053 6689
f 6719 6688 6720
f 6688 7052 7053
f 6689 6690 6721
f 6690 6689 7054
f 6721 6720 6689
f 7053 7054 6689
f 6722 6690 6691
f 6691 6690 7055
f 6721 6690 6722
f 7054 7055 6690
f 6692 6723 6691
f 6691 7056 6692
f 6723 6722 6691
f 6691 7055 7056
f 6693 6692 7057
f 6692 7056 7057
f 7058 6694 6693
f 7058 6693 7057
f 7059 6695 6694
f 7058 7059 6694
f 7060 6696 6695
f 6695 7059 7060
f 7061 6697 6696
f 7060 7061 6696
f 7062 6698 6697
f 7061 7062 6697
f 7063 6699 6698
f 7063 6698 7062
f 7064 6700 6699
f 6699 7063 7064
f 6701 6700 7065
f 7065 6700 7064
f 6702 6701 7066
f 7066 6701 7065
f 6703 6702 7067
f 7067 6702 7066
f 6704 6703 7068
f 7068 6703 7067
f 6705 6704 7069
f 7069 6704 7068
f 6705 7070 6706
f 7070 6705 7069
f 6707 6706 7071
f 6706 7070 7071
f 6708 6707 7072
f 7072 6707 7071
f 6709 6708 7073
f 7073 6708 7072
f 7074 6710 6709
f 7074 6709 7073
f 6711 6710 7075
f 7075 6710 7074
f 6711 7075 7076
f 6714 6724 6713
f 6724 6714 6715
f 6716 6725 6715
f 6715 6725 6724
f 6717 6726 6716
f 6726 6725 6716
f 6727 6717 6718
f 6727 6726 6717
f 6728 6718 6719
f 6728 6727 6718
f 6720 6729 6719
f 6729 6728 6719
f 6730 6720 6721
f 6730 6729 6720
f 6722 6731 6721
f 6730 6721 6731
f 6724 6725 6732
f 6726 6732 6725
f 6726 6727 6733
f 6726 6733 6732
f 6728 6734 6727
f 6734 6733 6727
f 6729 6735 6728
f 6735 6734 6728
f 6730 6736 6729
f 6735 6729 6736
f 6737 6738 6814
f 6737 6814 6791
f 6738 6739 6815
f 6815 6814 6738
f 6816 6739 6740
f 6815 6739 6816
f 6741 6817 6740
f 6817 6816 6740
f 6741 6742 6818
f 6741 6818 6817
f 6743 6819 6742
f 6819 6818 6742
f 6744 6820 6743
f 6820 6819 6743
f 6745 6821 6744
f 6744 6821 6820
f 6822 6745 6746
f 6745 6822 6821
f 6823 6746 6747
f 6746 6823 6822
f 6748 7080 6747
f 6823 6747 7079
f 7079 6747 7080
f 6748 6749 7081
f 6748 7081 7080
f 6750 7082 6749
f 7081 6749 7082
f 7083 6750 6751
f 7083 7082 6750
f 7084 6751 6752
f 7083 6751 7084
f 6752 6753 7085
f 6752 7085 7084
f 6753 6754 7086
f 7086 7085 6753
f 6754 6755 7087
f 7086 6754 7087
f 7088 6755 6756
f 7087 6755 7088
f 7089 6756 6757
f 6756 7089 7088
f 7090 6757 6758
f 7090 7089 6757
f 6758 6759 7091
f 7090 6758 7091
f 6760 7092 6759
f 7091 6759 7092
f 7093 6760 6761
f 7093 7092 6760
f 6761 6762 7094
f 6761 7094 7093
f 6763 7095 6762
f 6762 7095 7094
f 7096 6763 6764
f 7096 7095 6763
f 6764 6765 7097
f 6764 7097 7096
f 7131 6765 6766
f 7097 6765 7131
f 6824 6766 6792
f 7131 6766 6824
f 6768 6837 6767
f 6767 6837 6813
f 6838 6768 6769
f 6768 6838 6837
f 6770 7099 6769
f 6769 7098 6838
f 7099 7098 6769
f 7100 6770 6771
f 7099 6770 7100
f 6771 6772 7101
f 7100 6771 7101
f 6772 6773 7102
f 6772 7102 7101
f 7103 6773 6774
f 7102 6773 7103
f 7104 6774 6775
f 7103 6774 7104
f 7105 6775 6776
f 7104 6775 7105
f 7106 6776 6777
f 7105 6776 7106
f 6778 7107 6777
f 6777 7107 7106
f 7108 6778 6779
f 7107 6778 7108
f 6779 6780 7109
f 6779 7109 7108
f 7110 6780 6781
f 7110 7109 6780
f 7111 6781 6782
f 7111 7110 6781
f 6783 7112 6782
f 7112 7111 6782
f 6784 7113 6783
f 6783 7113 7112
f 6784 6785 7114
f 7114 7113 6784
f 6786 7115 6785
f 6785 7115 7114
f 7116 6786 6787
f 7116 7115 6786
f 6788 7117 6787
f 7116 6787 7117
f 7118 6788 6789
f 7118 7117 6788
f 6790 7119 6789
f 7119 7118 6789
f 6790 6791 7120
f 7120 7119 6790
f 6791 6814 7121
f 6791 7121 7120
f 6793 6824 6792
f 6793 6794 7134
f 6793 7133 6824
f 7133 6793 7134
f 7135 6794 6795
f 7135 7134 6794
f 6795 6796 7162
f 7135 6795 7162
f 6797 6839 6796
f 7162 6796 6839
f 6798 6839 6797
f 6798 6825 6840
f 6798 6840 6839
f 6799 6800 6846
f 6836 6799 6846
f 6800 6801 6847
f 6800 6847 6846
f 6802 6848 6801
f 6801 6848 6847
f 6802 6803 6849
f 6802 6849 6848
f 6804 6850 6803
f 6850 6849 6803
f 6805 6851 6804
f 6804 6851 6850
f 6852 6805 6806
f 6852 6851 6805
f 6807 6853 6806
f 6853 6852 6806
f 6807 6808 6854
f 6854 6853 6807
f 6855 6808 6809
f 6808 6855 6854
f 6809 6810 6856
f 6809 6856 6855
f 7137 6810 6811
f 7136 6856 6810
f 6810 7137 7136
f 6812 7138 6811
f 7138 7137 6811
f 6812 6813 7139
f 7139 7138 6812
f 6813 6837 7140
f 6813 7140 7139
f 7122 6814 6815
f 7121 6814 7122
f 6815 6816 7123
f 7123 7122 6815
f 6817 7124 6816
f 6816 7124 7123
f 6817 6818 7125
f 7125 7124 6817
f 6819 7126 6818
f 6818 7126 7125
f 6819 6820 7127
f 6819 7127 7126
f 6821 7128 6820
f 6820 7128 7127
f 7129 6821 6822
f 7129 7128 6821
f 6822 6823 7130
f 6822 7130 7129
f 7079 7130 6823
f 6824 7132 7131
f 6824 7133 7132
f 6841 6840 6825
f 6842 6841 6825
f 6826 6827 6860
f 6860 6845 6826
f 6828 6861 6827
f 6860 6827 6861
f 6829 6862 6828
f 6862 6861 6828
f 6830 6863 6829
f 6863 6862 6829
f 6830 6831 6864
f 6830 6864 6863
f 6832 6865 6831
f 6864 6831 6865
f 6832 6833 6866
f 6866 6865 6832
f 6833 6834 6867
f 6833 6867 6866
f 6834 6835 6868
f 6834 6868 6867
f 6836 6869 6835
f 6835 6869 6868
f 6836 6846 6870
f 6870 6869 6836
f 7141 6837 6838
f 7140 6837 7141
f 6838 7098 7141
f 6840 7164 6839
f 6839 7163 7162
f 6839 7164 7163
f 6841 7225 6840
f 7225 7164 6840
f 6841 6842 6857
f 7225 6841 6857
f 6857 6842 6858
f 6882 6843 6844
f 6882 6859 6843
f 6844 6845 6883
f 6882 6844 6883
f 6884 6845 6860
f 6884 6883 6845
f 6846 6847 6871
f 6846 6871 6870
f 6847 6848 6872
f 6871 6847 6872
f 6849 6873 6848
f 6848 6873 6872
f 6849 6850 6874
f 6874 6873 6849
f 6875 6850 6851
f 6874 6850 6875
f 6851 6852 6876
f 6875 6851 6876
f 6877 6852 6853
f 6876 6852 6877
f 6853 6854 6878
f 6878 6877 6853
f 6855 6879 6854
f 6878 6854 6879
f 6855 6856 7166
f 6879 6855 7165
f 7166 7165 6855
f 7136 7166 6856
f 6880 6857 6858
f 6880 7293 6857
f 7293 7225 6857
f 6880 6858 6881
f 6859 6882 6908
f 6861 6885 6860
f 6860 6885 6884
f 6861 6862 6886
f 6886 6885 6861
f 6863 6887 6862
f 6886 6862 6887
f 6888 6863 6864
f 6887 6863 6888
f 6865 6889 6864
f 6864 6889 6888
f 6865 6866 6890
f 6865 6890 6889
f 6866 6867 6891
f 6866 6891 6890
f 6892 6867 6868
f 6891 6867 6892
f 6893 6868 6869
f 6892 6868 6893
f 6869 6870 6894
f 6893 6869 6894
f 6870 6871 6895
f 6895 6894 6870
f 6896 6871 6872
f 6895 6871 6896
f 6872 6873 6897
f 6897 6896 6872
f 6873 6874 6898
f 6897 6873 6898
f 6899 6874 6875
f 6898 6874 6899
f 6900 6875 6876
f 6875 6900 6899
f 6877 6901 6876
f 6900 6876 6901
f 6878 6902 6877
f 6902 6901 6877
f 6878 6879 6903
f 6903 6902 6878
f 6903 6879 6904
f 6879 7165 6904
f 6905 6880 6881
f 6905 7363 6880
f 6880 7363 7293
f 6906 6905 6881
f 6906 6881 6907
f 6882 6883 6909
f 6908 6882 6909
f 6884 6910 6883
f 6909 6883 6910
f 6884 6885 6911
f 6884 6911 6910
f 6885 6886 6912
f 6885 6912 6911
f 6913 6886 6887
f 6913 6912 6886
f 6887 6888 6914
f 6914 6913 6887
f 6915 6888 6889
f 6915 6914 6888
f 6889 6890 6916
f 6915 6889 6916
f 6917 6890 6891
f 6890 6917 6916
f 6891 6892 6918
f 6917 6891 6918
f 6892 6893 6919
f 6892 6919 6918
f 6893 6894 6920
f 6893 6920 6919
f 6894 6895 6921
f 6894 6921 6920
f 6895 6896 6922
f 6921 6895 6922
f 6897 6923 6896
f 6896 6923 6922
f 6924 6897 6898
f 6924 6923 6897
f 6899 6925 6898
f 6924 6898 6925
f 6899 6900 6926
f 6925 6899 6926
f 6927 6900 6901
f 6926 6900 6927
f 6902 6928 6901
f 6901 6928 6927
f 6902 6903 6929
f 6902 6929 6928
f 6930 6903 6904
f 6930 6929 6903
f 6930 6904 6931
f 6931 6904 7294
f 7165 7294 6904
f 6932 6905 6906
f 6932 7433 6905
f 6905 7433 7363
f 6933 6906 6907
f 6933 6932 6906
f 6907 6934 6933
f 6935 6908 6909
f 6909 6910 6935
f 6910 6911 6936
f 6910 6936 6935
f 6937 6911 6912
f 6936 6911 6937
f 6938 6912 6913
f 6938 6937 6912
f 6939 6913 6914
f 6938 6913 6939
f 6915 6940 6914
f 6914 6940 6939
f 6915 6916 6941
f 6941 6940 6915
f 6917 6942 6916
f 6942 6941 6916
f 6917 6918 6943
f 6942 6917 6943
f 6944 6918 6919
f 6944 6943 6918
f 6920 6945 6919
f 6919 6945 6944
f 6921 6946 6920
f 6946 6945 6920
f 6922 6947 6921
f 6921 6947 6946
f 6922 6923 6948
f 6922 6948 6947
f 6949 6923 6924
f 6949 6948 6923
f 6924 6925 6950
f 6924 6950 6949
f 6926 6951 6925
f 6951 6950 6925
f 6926 6927 6952
f 6952 6951 6926
f 6927 6928 6953
f 6953 6952 6927
f 6954 6928 6929
f 6953 6928 6954
f 6955 6929 6930
f 6955 6954 6929
f 6931 6956 6930
f 6930 6956 6955
f 6957 6956 6931
f 6957 6931 7364
f 7364 6931 7294
f 6932 6933 6958
f 6932 6958 7503
f 7433 6932 7503
f 6933 6934 6959
f 6933 6959 6958
f 6960 6936 6937
f 6938 6960 6937
f 6938 6939 6961
f 6961 6960 6938
f 6939 6940 6962
f 6962 6961 6939
f 6941 6963 6940
f 6962 6940 6963
f 6942 6964 6941
f 6964 6963 6941
f 6943 6965 6942
f 6964 6942 6965
f 6944 6966 6943
f 6943 6966 6965
f 6967 6944 6945
f 6944 6967 6966
f 6945 6946 6968
f 6967 6945 6968
f 6969 6946 6947
f 6969 6968 6946
f 6947 6948 6970
f 6969 6947 6970
f 6971 6948 6949
f 6970 6948 6971
f 6949 6950 6972
f 6971 6949 6972
f 6973 6950 6951
f 6972 6950 6973
f 6952 6974 6951
f 6973 6951 6974
f 6975 6952 6953
f 6975 6974 6952
f 6953 6954 6976
f 6953 6976 6975
f 6954 6955 6977
f 6954 6977 6976
f 6978 6955 6956
f 6978 6977 6955
f 6957 6979 6956
f 6978 6956 6979
f 6980 6979 6957
f 6981 6980 6957
f 6981 6957 7434
f 6957 7364 7434
f 6959 6984 6958
f 6984 6983 6958
f 7503 6958 6983
f 6971 6972 6985
f 6985 6972 6973
f 6973 6974 6986
f 6986 6985 6973
f 6975 6987 6974
f 6987 6986 6974
f 6975 6976 6988
f 6975 6988 6987
f 6976 6977 6989
f 6989 6988 6976
f 6977 6978 6990
f 6977 6990 6989
f 6991 6978 6979
f 6991 6990 6978
f 6992 6979 6980
f 6992 6991 6979
f 6980 6981 6993
f 6980 6993 6992
f 6982 6994 6981
f 6982 6981 7434
f 6994 6993 6981
f 6995 6994 6982
f 6982 6996 6995
f 6996 6982 7504
f 7434 7435 6982
f 7435 7504 6982
f 6984 7004 6983
f 7004 7003 6983
f 6983 7003 7570
f 7503 6983 7570
f 6996 7504 6997
f 6997 7505 6998
f 7504 7505 6997
f 7005 6998 6999
f 6999 6998 7506
f 7505 7506 6998
f 7000 7005 6999
f 6999 7507 7000
f 7506 7507 6999
f 7005 7000 7006
f 7006 7000 7007
f 7007 7000 7571
f 7000 7507 7508
f 7571 7000 7508
f 7002 7044 7001
f 7001 7568 7002
f 7001 7044 7043
f 7001 7043 7629
f 7629 7568 7001
f 7002 7003 7045
f 7569 7003 7002
f 7002 7045 7044
f 7569 7002 7568
f 7004 7046 7003
f 7046 7045 7003
f 7570 7003 7569
f 7007 7571 7008
f 7572 7009 7008
f 7572 7008 7571
f 7010 7009 7573
f 7009 7572 7573
f 7010 7574 7011
f 7010 7573 7574
f 7575 7012 7011
f 7011 7574 7575
f 7012 7576 7013
f 7576 7012 7575
f 7577 7014 7013
f 7577 7013 7576
f 7578 7015 7014
f 7014 7577 7578
f 7016 7015 7579
f 7578 7579 7015
f 7580 7017 7016
f 7016 7579 7580
f 7017 7581 7018
f 7017 7580 7581
f 7582 7019 7018
f 7582 7018 7581
f 7583 7020 7019
f 7583 7019 7582
f 7020 7584 7021
f 7584 7020 7583
f 7021 7585 7022
f 7584 7585 7021
f 7022 7586 7023
f 7022 7585 7586
f 7024 7023 7587
f 7587 7023 7586
f 7025 7024 7588
f 7588 7024 7587
f 7026 7025 7589
f 7589 7025 7588
f 7590 7027 7026
f 7590 7026 7589
f 7027 7591 7028
f 7590 7591 7027
f 7029 7028 7592
f 7028 7591 7592
f 7030 7029 7593
f 7593 7029 7592
f 7047 7030 7031
f 7030 7594 7031
f 7593 7594 7030
f 7047 7031 7032
f 7595 7032 7031
f 7031 7594 7595
f 7032 7033 7048
f 7596 7033 7032
f 7032 7048 7047
f 7032 7595 7596
f 7033 7034 7049
f 7597 7034 7033
f 7033 7049 7048
f 7597 7033 7596
f 7034 7035 7050
f 7034 7598 7035
f 7049 7034 7050
f 7597 7598 7034
f 7036 7051 7035
f 7599 7036 7035
f 7035 7051 7050
f 7599 7035 7598
f 7036 7037 7052
f 7036 7600 7037
f 7036 7052 7051
f 7599 7600 7036
f 7038 7053 7037
f 7601 7038 7037
f 7053 7052 7037
f 7037 7600 7601
f 7039 7054 7038
f 7038 7602 7039
f 7038 7054 7053
f 7601 7602 7038
f 7054 7039 7055
f 7055 7039 7056
f 7630 7056 7039
f 7039 7602 7603
f 7039 7603 7630
f 7040 7041 7078
f 7626 7041 7040
f 7078 7077 7040
f 7040 7077 7651
f 7651 7626 7040
f 7041 7627 7042
f 7626 7627 7041
f 7042 7628 7043
f 7042 7627 7628
f 7629 7043 7628
f 7630 7057 7056
f 7057 7631 7058
f 7630 7631 7057
f 7059 7058 7632
f 7058 7631 7632
f 7060 7059 7633
f 7059 7632 7633
f 7060 7634 7061
f 7633 7634 7060
f 7635 7062 7061
f 7061 7634 7635
f 7063 7062 7636
f 7635 7636 7062
f 7637 7064 7063
f 7637 7063 7636
f 7064 7638 7065
f 7064 7637 7638
f 7065 7639 7066
f 7065 7638 7639
f 7067 7066 7640
f 7066 7639 7640
f 7067 7641 7068
f 7640 7641 7067
f 7069 7068 7642
f 7641 7642 7068
f 7069 7643 7070
f 7069 7642 7643
f 7644 7071 7070
f 7644 7070 7643
f 7645 7072 7071
f 7645 7071 7644
f 7073 7072 7646
f 7645 7646 7072
f 7074 7073 7647
f 7647 7073 7646
f 7075 7074 7648
f 7648 7074 7647
f 7076 7075 7649
f 7075 7648 7649
f 7650 7077 7076
f 7076 7649 7650
f 7651 7077 7650
f 7080 7143 7079
f 7130 7079 7142
f 7079 7143 7142
f 7081 7143 7080
f 7081 7082 7144
f 7081 7144 7143
f 7145 7082 7083
f 7145 7144 7082
f 7083 7084 7146
f 7083 7146 7145
f 7085 7147 7084
f 7084 7147 7146
f 7086 7148 7085
f 7148 7147 7085
f 7086 7087 7149
f 7086 7149 7148
f 7150 7087 7088
f 7150 7149 7087
f 7088 7089 7151
f 7151 7150 7088
f 7152 7089 7090
f 7151 7089 7152
f 7091 7153 7090
f 7153 7152 7090
f 7091 7092 7154
f 7153 7091 7154
f 7093 7155 7092
f 7092 7155 7154
f 7156 7093 7094
f 7156 7155 7093
f 7094 7095 7157
f 7156 7094 7157
f 7158 7095 7096
f 7158 7157 7095
f 7096 7097 7159
f 7158 7096 7159
f 7131 7160 7097
f 7159 7097 7160
f 7167 7098 7099
f 7141 7098 7167
f 7168 7099 7100
f 7168 7167 7099
f 7100 7101 7169
f 7100 7169 7168
f 7101 7102 7170
f 7169 7101 7170
f 7102 7103 7171
f 7102 7171 7170
f 7103 7104 7172
f 7171 7103 7172
f 7105 7173 7104
f 7172 7104 7173
f 7106 7174 7105
f 7174 7173 7105
f 7107 7175 7106
f 7106 7175 7174
f 7108 7176 7107
f 7107 7176 7175
f 7108 7109 7177
f 7176 7108 7177
f 7178 7109 7110
f 7177 7109 7178
f 7111 7179 7110
f 7110 7179 7178
f 7180 7111 7112
f 7111 7180 7179
f 7181 7112 7113
f 7181 7180 7112
f 7113 7114 7182
f 7113 7182 7181
f 7114 7115 7183
f 7182 7114 7183
f 7184 7115 7116
f 7183 7115 7184
f 7185 7116 7117
f 7116 7185 7184
f 7118 7186 7117
f 7186 7185 7117
f 7119 7187 7118
f 7187 7186 7118
f 7120 7188 7119
f 7187 7119 7188
f 7120 7121 7189
f 7189 7188 7120
f 7190 7121 7122
f 7189 7121 7190
f 7191 7122 7123
f 7191 7190 7122
f 7123 7124 7192
f 7192 7191 7123
f 7193 7124 7125
f 7193 7192 7124
f 7126 7194 7125
f 7194 7193 7125
f 7127 7195 7126
f 7194 7126 7195
f 7128 7196 7127
f 7127 7196 7195
f 7129 7197 7128
f 7196 7128 7197
f 7129 7130 7198
f 7129 7198 7197
f 7142 7199 7130
f 7130 7199 7198
f 7161 7131 7132
f 7161 7160 7131
f 7220 7132 7133
f 7132 7219 7161
f 7220 7219 7132
f 7134 7221 7133
f 7220 7133 7221
f 7135 7222 7134
f 7134 7222 7221
f 7162 7223 7135
f 7135 7223 7222
f 7137 7226 7136
f 7136 7226 7166
f 7227 7137 7138
f 7137 7227 7226
f 7138 7139 7228
f 7227 7138 7228
f 7139 7140 7229
f 7228 7139 7229
f 7230 7140 7141
f 7229 7140 7230
f 7141 7167 7231
f 7230 7141 7231
f 7142 7143 7200
f 7142 7200 7199
f 7144 7201 7143
f 7200 7143 7201
f 7202 7144 7145
f 7202 7201 7144
f 7145 7146 7203
f 7145 7203 7202
f 7147 7204 7146
f 7146 7204 7203
f 7148 7205 7147
f 7204 7147 7205
f 7148 7149 7206
f 7206 7205 7148
f 7207 7149 7150
f 7206 7149 7207
f 7150 7151 7208
f 7207 7150 7208
f 7151 7152 7209
f 7208 7151 7209
f 7152 7153 7210
f 7209 7152 7210
f 7153 7154 7211
f 7210 7153 7211
f 7154 7155 7212
f 7154 7212 7211
f 7156 7213 7155
f 7155 7213 7212
f 7156 7157 7214
f 7214 7213 7156
f 7157 7158 7215
f 7157 7215 7214
f 7158 7159 7216
f 7215 7158 7216
f 7217 7159 7160
f 7217 7216 7159
f 7218 7160 7161
f 7217 7160 7218
f 7161 7219 7218
f 7162 7163 7224
f 7162 7224 7223
f 7164 7290 7163
f 7289 7224 7163
f 7163 7290 7289
f 7164 7225 7291
f 7164 7291 7290
f 7166 7294 7165
f 7166 7226 7295
f 7295 7294 7166
f 7168 7232 7167
f 7167 7232 7231
f 7168 7169 7233
f 7233 7232 7168
f 7170 7234 7169
f 7169 7234 7233
f 7171 7235 7170
f 7170 7235 7234
f 7172 7236 7171
f 7235 7171 7236
f 7172 7173 7237
f 7236 7172 7237
f 7173 7174 7238
f 7238 7237 7173
f 7175 7239 7174
f 7239 7238 7174
f 7175 7176 7240
f 7175 7240 7239
f 7241 7176 7177
f 7241 7240 7176
f 7242 7177 7178
f 7177 7242 7241
f 7178 7179 7243
f 7243 7242 7178
f 7244 7179 7180
f 7244 7243 7179
f 7245 7180 7181
f 7244 7180 7245
f 7181 7182 7246
f 7245 7181 7246
f 7247 7182 7183
f 7246 7182 7247
f 7248 7183 7184
f 7247 7183 7248
f 7184 7185 7249
f 7249 7248 7184
f 7250 7185 7186
f 7250 7249 7185
f 7251 7186 7187
f 7251 7250 7186
f 7187 7188 7252
f 7252 7251 7187
f 7189 7253 7188
f 7252 7188 7253
f 7189 7190 7254
f 7254 7253 7189
f 7255 7190 7191
f 7255 7254 7190
f 7192 7256 7191
f 7255 7191 7256
f 7192 7193 7257
f 7256 7192 7257
f 7194 7258 7193
f 7193 7258 7257
f 7194 7195 7259
f 7259 7258 7194
f 7195 7196 7260
f 7195 7260 7259
f 7197 7261 7196
f 7260 7196 7261
f 7197 7198 7262
f 7262 7261 7197
f 7199 7263 7198
f 7198 7263 7262
f 7264 7199 7200
f 7263 7199 7264
f 7200 7201 7265
f 7264 7200 7265
f 7201 7202 7266
f 7265 7201 7266
f 7203 7267 7202
f 7202 7267 7266
f 7203 7204 7268
f 7203 7268 7267
f 7204 7205 7269
f 7204 7269 7268
f 7206 7270 7205
f 7270 7269 7205
f 7206 7207 7271
f 7206 7271 7270
f 7207 7208 7272
f 7271 7207 7272
f 7208 7209 7273
f 7208 7273 7272
f 7210 7274 7209
f 7274 7273 7209
f 7211 7275 7210
f 7274 7210 7275
f 7212 7276 7211
f 7211 7276 7275
f 7212 7213 7277
f 7277 7276 7212
f 7278 7213 7214
f 7213 7278 7277
f 7214 7215 7279
f 7214 7279 7278
f 7216 7280 7215
f 7279 7215 7280
f 7216 7217 7281
f 7281 7280 7216
f 7282 7217 7218
f 7282 7281 7217
f 7283 7218 7219
f 7218 7283 7282
f 7284 7219 7220
f 7219 7284 7283
f 7221 7285 7220
f 7284 7220 7285
f 7222 7286 7221
f 7221 7286 7285
f 7287 7222 7223
f 7287 7286 7222
f 7224 7288 7223
f 7287 7223 7288
f 7289 7288 7224
f 7292 7291 7225
f 7292 7225 7293
f 7227 7296 7226
f 7226 7296 7295
f 7228 7297 7227
f 7297 7296 7227
f 7228 7229 7298
f 7228 7298 7297
f 7299 7229 7230
f 7298 7229 7299
f 7300 7230 7231
f 7299 7230 7300
f 7231 7232 7301
f 7300 7231 7301
f 7232 7233 7302
f 7301 7232 7302
f 7233 7234 7303
f 7233 7303 7302
f 7304 7234 7235
f 7304 7303 7234
f 7235 7236 7305
f 7235 7305 7304
f 7237 7306 7236
f 7305 7236 7306
f 7307 7237 7238
f 7237 7307 7306
f 7308 7238 7239
f 7307 7238 7308
f 7240 7309 7239
f 7239 7309 7308
f 7241 7310 7240
f 7310 7309 7240
f 7241 7242 7311
f 7311 7310 7241
f 7312 7242 7243
f 7311 7242 7312
f 7244 7313 7243
f 7243 7313 7312
f 7245 7314 7244
f 7313 7244 7314
f 7315 7245 7246
f 7315 7314 7245
f 7246 7247 7316
f 7246 7316 7315
f 7248 7317 7247
f 7247 7317 7316
f 7249 7318 7248
f 7318 7317 7248
f 7319 7249 7250
f 7249 7319 7318
f 7250 7251 7320
f 7319 7250 7320
f 7252 7321 7251
f 7321 7320 7251
f 7322 7252 7253
f 7322 7321 7252
f 7323 7253 7254
f 7323 7322 7253
f 7324 7254 7255
f 7324 7323 7254
f 7256 7325 7255
f 7324 7255 7325
f 7326 7256 7257
f 7326 7325 7256
f 7257 7258 7327
f 7327 7326 7257
f 7259 7328 7258
f 7327 7258 7328
f 7260 7329 7259
f 7329 7328 7259
f 7261 7330 7260
f 7260 7330 7329
f 7261 7262 7331
f 7261 7331 7330
f 7263 7332 7262
f 7262 7332 7331
f 7333 7263 7264
f 7332 7263 7333
f 7265 7334 7264
f 7264 7334 7333
f 7265 7266 7335
f 7265 7335 7334
f 7336 7266 7267
f 7266 7336 7335
f 7267 7268 7337
f 7267 7337 7336
f 7268 7269 7338
f 7268 7338 7337
f 7270 7339 7269
f 7338 7269 7339
f 7271 7340 7270
f 7270 7340 7339
f 7271 7272 7341
f 7271 7341 7340
f 7342 7272 7273
f 7341 7272 7342
f 7274 7343 7273
f 7342 7273 7343
f 7274 7275 7344
f 7274 7344 7343
f 7345 7275 7276
f 7344 7275 7345
f 7276 7277 7346
f 7345 7276 7346
f 7278 7347 7277
f 7277 7347 7346
f 7279 7348 7278
f 7347 7278 7348
f 7279 7280 7349
f 7349 7348 7279
f 7350 7280 7281
f 7349 7280 7350
f 7282 7351 7281
f 7351 7350 7281
f 7283 7352 7282
f 7282 7352 7351
f 7283 7284 7353
f 7283 7353 7352
f 7354 7284 7285
f 7353 7284 7354
f 7286 7355 7285
f 7354 7285 7355
f 7287 7356 7286
f 7286 7356 7355
f 7287 7288 7357
f 7357 7356 7287
f 7289 7358 7288
f 7357 7288 7358
f 7290 7359 7289
f 7359 7358 7289
f 7290 7291 7360
f 7290 7360 7359
f 7291 7292 7361
f 7360 7291 7361
f 7362 7292 7293
f 7292 7362 7361
f 7363 7362 7293
f 7364 7294 7295
f 7295 7296 7365
f 7364 7295 7365
f 7366 7296 7297
f 7365 7296 7366
f 7297 7298 7367
f 7366 7297 7367
f 7298 7299 7368
f 7367 7298 7368
f 7369 7299 7300
f 7368 7299 7369
f 7370 7300 7301
f 7369 7300 7370
f 7371 7301 7302
f 7370 7301 7371
f 7302 7303 7372
f 7302 7372 7371
f 7303 7304 7373
f 7303 7373 7372
f 7304 7305 7374
f 7304 7374 7373
f 7305 7306 7375
f 7305 7375 7374
f 7376 7306 7307
f 7375 7306 7376
f 7307 7308 7377
f 7376 7307 7377
f 7309 7378 7308
f 7377 7308 7378
f 7310 7379 7309
f 7379 7378 7309
f 7380 7310 7311
f 7379 7310 7380
f 7381 7311 7312
f 7380 7311 7381
f 7382 7312 7313
f 7381 7312 7382
f 7313 7314 7383
f 7382 7313 7383
f 7314 7315 7384
f 7314 7384 7383
f 7385 7315 7316
f 7384 7315 7385
f 7386 7316 7317
f 7386 7385 7316
f 7318 7387 7317
f 7317 7387 7386
f 7388 7318 7319
f 7318 7388 7387
f 7389 7319 7320
f 7389 7388 7319
f 7321 7390 7320
f 7320 7390 7389
f 7322 7391 7321
f 7321 7391 7390
f 7323 7392 7322
f 7322 7392 7391
f 7324 7393 7323
f 7323 7393 7392
f 7325 7394 7324
f 7324 7394 7393
f 7326 7395 7325
f 7325 7395 7394
f 7396 7326 7327
f 7326 7396 7395
f 7328 7397 7327
f 7327 7397 7396
f 7329 7398 7328
f 7328 7398 7397
f 7330 7399 7329
f 7399 7398 7329
f 7400 7330 7331
f 7330 7400 7399
f 7401 7331 7332
f 7331 7401 7400
f 7332 7333 7402
f 7332 7402 7401
f 7334 7403 7333
f 7333 7403 7402
f 7334 7335 7404
f 7334 7404 7403
f 7336 7405 7335
f 7404 7335 7405
f 7337 7406 7336
f 7336 7406 7405
f 7338 7407 7337
f 7407 7406 7337
f 7408 7338 7339
f 7408 7407 7338
f 7340 7409 7339
f 7408 7339 7409
f 7340 7341 7410
f 7340 7410 7409
f 7342 7411 7341
f 7341 7411 7410
f 7343 7412 7342
f 7342 7412 7411
f 7343 7344 7413
f 7343 7413 7412
f 7345 7414 7344
f 7344 7414 7413
f 7345 7346 7415
f 7415 7414 7345
f 7347 7416 7346
f 7346 7416 7415
f 7348 7417 7347
f 7417 7416 7347
f 7349 7418 7348
f 7348 7418 7417
f 7419 7349 7350
f 7349 7419 7418
f 7350 7351 7420
f 7420 7419 7350
f 7352 7421 7351
f 7421 7420 7351
f 7422 7352 7353
f 7422 7421 7352
f 7354 7423 7353
f 7353 7423 7422
f 7354 7355 7424
f 7354 7424 7423
f 7356 7425 7355
f 7425 7424 7355
f 7426 7356 7357
f 7356 7426 7425
f 7357 7358 7427
f 7357 7427 7426
f 7428 7358 7359
f 7428 7427 7358
f 7360 7429 7359
f 7359 7429 7428
f 7430 7360 7361
f 7430 7429 7360
f 7361 7362 7431
f 7431 7430 7361
f 7363 7432 7362
f 7432 7431 7362
f 7433 7432 7363
f 7364 7365 7434
f 7366 7435 7365
f 7365 7435 7434
f 7436 7366 7367
f 7366 7436 7435
f 7368 7437 7367
f 7437 7436 7367
f 7438 7368 7369
f 7368 7438 7437
f 7369 7370 7439
f 7438 7369 7439
f 7440 7370 7371
f 7440 7439 7370
f 7441 7371 7372
f 7440 7371 7441
f 7373 7442 7372
f 7441 7372 7442
f 7443 7373 7374
f 7443 7442 7373
f 7374 7375 7444
f 7443 7374 7444
f 7445 7375 7376
f 7444 7375 7445
f 7376 7377 7446
f 7376 7446 7445
f 7377 7378 7447
f 7377 7447 7446
f 7379 7448 7378
f 7447 7378 7448
f 7380 7449 7379
f 7449 7448 7379
f 7380 7381 7450
f 7450 7449 7380
f 7382 7451 7381
f 7450 7381 7451
f 7383 7452 7382
f 7382 7452 7451
f 7453 7383 7384
f 7453 7452 7383
f 7454 7384 7385
f 7453 7384 7454
f 7455 7385 7386
f 7455 7454 7385
f 7386 7387 7456
f 7456 7455 7386
f 7457 7387 7388
f 7456 7387 7457
f 7388 7389 7458
f 7388 7458 7457
f 7389 7390 7459
f 7459 7458 7389
f 7391 7460 7390
f 7459 7390 7460
f 7461 7391 7392
f 7460 7391 7461
f 7462 7392 7393
f 7461 7392 7462
f 7394 7463 7393
f 7393 7463 7462
f 7464 7394 7395
f 7394 7464 7463
f 7465 7395 7396
f 7464 7395 7465
f 7396 7397 7466
f 7396 7466 7465
f 7467 7397 7398
f 7466 7397 7467
f 7398 7399 7468
f 7398 7468 7467
f 7399 7400 7469
f 7469 7468 7399
f 7400 7401 7470
f 7469 7400 7470
f 7401 7402 7471
f 7470 7401 7471
f 7403 7472 7402
f 7402 7472 7471
f 7473 7403 7404
f 7403 7473 7472
f 7405 7474 7404
f 7404 7474 7473
f 7406 7475 7405
f 7405 7475 7474
f 7407 7476 7406
f 7476 7475 7406
f 7408 7477 7407
f 7407 7477 7476
f 7408 7409 7478
f 7408 7478 7477
f 7410 7479 7409
f 7479 7478 7409
f 7410 7411 7480
f 7480 7479 7410
f 7412 7481 7411
f 7481 7480 7411
f 7413 7482 7412
f 7412 7482 7481
f 7483 7413 7414
f 7413 7483 7482
f 7414 7415 7484
f 7414 7484 7483
f 7415 7416 7485
f 7485 7484 7415
f 7417 7486 7416
f 7416 7486 7485
f 7487 7417 7418
f 7486 7417 7487
f 7488 7418 7419
f 7487 7418 7488
f 7489 7419 7420
f 7419 7489 7488
f 7421 7490 7420
f 7420 7490 7489
f 7491 7421 7422
f 7490 7421 7491
f 7423 7492 7422
f 7492 7491 7422
f 7424 7493 7423
f 7493 7492 7423
f 7494 7424 7425
f 7494 7493 7424
f 7425 7426 7495
f 7494 7425 7495
f 7426 7427 7496
f 7426 7496 7495
f 7497 7427 7428
f 7496 7427 7497
f 7498 7428 7429
f 7497 7428 7498
f 7499 7429 7430
f 7498 7429 7499
f 7431 7500 7430
f 7500 7499 7430
f 7431 7432 7501
f 7500 7431 7501
f 7433 7502 7432
f 7501 7432 7502
f 7503 7502 7433
f 7435 7436 7504
f 7436 7437 7504
f 7437 7438 7505
f 7437 7505 7504
f 7439 7506 7438
f 7505 7438 7506
f 7440 7507 7439
f 7439 7507 7506
f 7441 7508 7440
f 7508 7507 7440
f 7442 7509 7441
f 7441 7509 7508
f 7442 7443 7510
f 7510 7509 7442
f 7444 7511 7443
f 7510 7443 7511
f 7444 7445 7512
f 7512 7511 7444
f 7446 7513 7445
f 7445 7513 7512
f 7446 7447 7514
f 7513 7446 7514
f 7447 7448 7515
f 7515 7514 7447
f 7516 7448 7449
f 7516 7515 7448
f 7517 7449 7450
f 7516 7449 7517
f 7450 7451 7518
f 7450 7518 7517
f 7519 7451 7452
f 7518 7451 7519
f 7520 7452 7453
f 7520 7519 7452
f 7521 7453 7454
f 7453 7521 7520
f 7454 7455 7522
f 7521 7454 7522
f 7456 7523 7455
f 7455 7523 7522
f 7524 7456 7457
f 7524 7523 7456
f 7457 7458 7525
f 7524 7457 7525
f 7458 7459 7526
f 7526 7525 7458
f 7527 7459 7460
f 7459 7527 7526
f 7528 7460 7461
f 7460 7528 7527
f 7461 7462 7529
f 7528 7461 7529
f 7462 7463 7530
f 7529 7462 7530
f 7531 7463 7464
f 7530 7463 7531
f 7465 7532 7464
f 7464 7532 7531
f 7466 7533 7465
f 7465 7533 7532
f 7534 7466 7467
f 7466 7534 7533
f 7467 7468 7535
f 7467 7535 7534
f 7536 7468 7469
f 7535 7468 7536
f 7470 7537 7469
f 7469 7537 7536
f 7470 7471 7538
f 7470 7538 7537
f 7471 7472 7539
f 7538 7471 7539
f 7540 7472 7473
f 7472 7540 7539
f 7473 7474 7541
f 7541 7540 7473
f 7475 7542 7474
f 7541 7474 7542
f 7543 7475 7476
f 7543 7542 7475
f 7544 7476 7477
f 7476 7544 7543
f 7545 7477 7478
f 7544 7477 7545
f 7478 7479 7546
f 7545 7478 7546
f 7479 7480 7547
f 7479 7547 7546
f 7481 7548 7480
f 7548 7547 7480
f 7549 7481 7482
f 7549 7548 7481
f 7483 7550 7482
f 7550 7549 7482
f 7551 7483 7484
f 7483 7551 7550
f 7552 7484 7485
f 7551 7484 7552
f 7485 7486 7553
f 7485 7553 7552
f 7487 7554 7486
f 7553 7486 7554
f 7555 7487 7488
f 7555 7554 7487
f 7489 7556 7488
f 7555 7488 7556
f 7489 7490 7557
f 7557 7556 7489
f 7558 7490 7491
f 7558 7557 7490
f 7492 7559 7491
f 7491 7559 7558
f 7560 7492 7493
f 7560 7559 7492
f 7561 7493 7494
f 7493 7561 7560
f 7494 7495 7562
f 7561 7494 7562
f 7495 7496 7563
f 7495 7563 7562
f 7497 7564 7496
f 7563 7496 7564
f 7565 7497 7498
f 7565 7564 7497
f 7566 7498 7499
f 7565 7498 7566
f 7500 7567 7499
f 7567 7566 7499
f 7501 7568 7500
f 7500 7568 7567
f 7501 7502 7569
f 7569 7568 7501
f 7503 7570 7502
f 7570 7569 7502
f 7508 7509 7571
f 7509 7510 7571
f 7511 7572 7510
f 7510 7572 7571
f 7573 7511 7512
f 7511 7573 7572
f 7512 7513 7574
f 7574 7573 7512
f 7513 7514 7575
f 7574 7513 7575
f 7576 7514 7515
f 7575 7514 7576
f 7515 7516 7577
f 7576 7515 7577
f 7517 7578 7516
f 7578 7577 7516
f 7518 7579 7517
f 7517 7579 7578
f 7518 7519 7580
f 7518 7580 7579
f 7519 7520 7581
f 7581 7580 7519
f 7520 7521 7582
f 7582 7581 7520
f 7522 7583 7521
f 7582 7521 7583
f 7523 7584 7522
f 7583 7522 7584
f 7524 7585 7523
f 7523 7585 7584
f 7524 7525 7586
f 7586 7585 7524
f 7587 7525 7526
f 7586 7525 7587
f 7588 7526 7527
f 7587 7526 7588
f 7528 7589 7527
f 7589 7588 7527
f 7529 7590 7528
f 7528 7590 7589
f 7530 7591 7529
f 7529 7591 7590
f 7530 7531 7592
f 7530 7592 7591
f 7593 7531 7532
f 7593 7592 7531
f 7532 7533 7594
f 7532 7594 7593
f 7534 7595 7533
f 7594 7533 7595
f 7535 7596 7534
f 7596 7595 7534
f 7536 7597 7535
f 7597 7596 7535
f 7537 7598 7536
f 7598 7597 7536
f 7537 7538 7599
f 7537 7599 7598
f 7538 7539 7600
f 7538 7600 7599
f 7601 7539 7540
f 7600 7539 7601
f 7540 7541 7602
f 7601 7540 7602
f 7542 7603 7541
f 7603 7602 7541
f 7543 7604 7542
f 7542 7604 7603
f 7544 7605 7543
f 7604 7543 7605
f 7606 7544 7545
f 7606 7605 7544
f 7545 7546 7607
f 7545 7607 7606
f 7546 7547 7608
f 7546 7608 7607
f 7609 7547 7548
f 7609 7608 7547
f 7549 7610 7548
f 7610 7609 7548
f 7549 7550 7611
f 7610 7549 7611
f 7551 7612 7550
f 7550 7612 7611
f 7551 7552 7613
f 7613 7612 7551
f 7552 7553 7614
f 7552 7614 7613
f 7553 7554 7615
f 7553 7615 7614
f 7616 7554 7555
f 7616 7615 7554
f 7617 7555 7556
f 7616 7555 7617
f 7557 7618 7556
f 7618 7617 7556
f 7558 7619 7557
f 7619 7618 7557
f 7620 7558 7559
f 7620 7619 7558
f 7621 7559 7560
f 7621 7620 7559
f 7561 7622 7560
f 7560 7622 7621
f 7623 7561 7562
f 7623 7622 7561
f 7562 7563 7624
f 7624 7623 7562
f 7625 7563 7564
f 7563 7625 7624
f 7626 7564 7565
f 7625 7564 7626
f 7565 7566 7627
f 7626 7565 7627
f 7566 7567 7628
f 7627 7566 7628
f 7567 7568 7629
f 7628 7567 7629
f 7604 7630 7603
f 7604 7605 7630
f 7631 7605 7606
f 7630 7605 7631
f 7606 7607 7632
f 7631 7606 7632
f 7633 7607 7608
f 7633 7632 7607
f 7609 7634 7608
f 7633 7608 7634
f 7635 7609 7610
f 7635 7634 7609
f 7636 7610 7611
f 7610 7636 7635
f 7611 7612 7637
f 7637 7636 7611
f 7638 7612 7613
f 7638 7637 7612
f 7639 7613 7614
f 7638 7613 7639
f 7640 7614 7615
f 7640 7639 7614
f 7641 7615 7616
f 7615 7641 7640
f 7642 7616 7617
f 7616 7642 7641
f 7618 7643 7617
f 7617 7643 7642
f 7644 7618 7619
f 7644 7643 7618
f 7619 7620 7645
f 7619 7645 7644
f 7620 7621 7646
f 7620 7646 7645
f 7621 7622 7647
f 7646 7621 7647
f 7648 7622 7623
f 7647 7622 7648
f 7649 7623 7624
f 7649 7648 7623
f 7650 7624 7625
f 7649 7624 7650
f 7625 7626 7651
f 7650 7625 7651
