v 4.2404592822907 -0.115162104241821 1.826583369769
v 4.2404592822907 -0.115162104241821 1.81147205648852
v 4.2404592822907 -0.115162104241821 1.76145581907186
v 4.08976090166531 -0.115162104241821 1.76145581907186
v 3.93759945724999 -0.115162104241821 1.76145581907186
v 3.8013988694718 -0.115162104241821 1.76145581907186
v 4.22572809546778 -0.115162104241821 1.76964973859898
v 4.19255561966312 -0.115162104241821 1.75806659664191
v 4.11445688221496 -0.115162104241821 1.74554730025424
v 3.9899708597132 -0.115162104241821 1.7421446549447
v 3.83866281009086 -0.115162104241821 1.74437221169478
v 4.2404592822907 -0.115162104241821 1.78419925878766
v 3.69224971882152 -0.115162104241821 1.76145581907186
v 4.2404592822907 -0.25077106964472 1.80615012803998
v 4.2404592822907 -0.25077106964472 1.80873750567348
v 4.2404592822907 -0.25077106964472 1.79592505724395
v 4.2404592822907 -0.25077106964472 1.76145581907186
v 4.0269060086858 -0.200843201837552 1.76145581907186
v 3.88962358119718 -0.189281186463467 1.76145581907186
v 3.70786753045972 -0.115162104241821 1.71547404103166
v 3.54589768570138 -0.115162104241821 1.76145581907186
v 4.2404592822907 -0.25077106964472 1.74142321383187
v 3.70485289869198 -0.18408659205657 1.76145581907186
v 4.22186491834581 -0.25077106964472 1.7486088132029
v 4.19529710808801 -0.25077106964472 1.75400705847674
v 4.15391197320552 -0.25077106964472 1.75235426467469
v 4.05833029701045 -0.25077106964472 1.76145581907186
v 3.92717439611074 -0.25077106964472 1.76145581907186
v 3.80020725357961 -0.25077106964472 1.76145581907186
v 4.2404592822907 -0.115162104241821 1.71221804917944
v 4.20214823660341 -0.115162104241821 1.70200000770957
v 4.14141652459896 -0.115162104241821 1.70083018436866
v 4.0531933959752 -0.115162104241821 1.69885042057316
v 3.94367108741941 -0.115162104241821 1.70210556109323
v 3.83355723603748 -0.115162104241821 1.70093971885735
v 4.2404592822907 -0.184163359943372 1.73146374484403
v 3.5863495257647 -0.115162104241821 1.67543185133083
v 3.38766570094123 -0.115162104241821 1.76145581907186
v 4.2404592822907 -0.25077106964472 1.67074140006904
v 3.58220562660223 -0.18969807741738 1.76145581907186
v 4.22092637147321 -0.25077106964472 1.67021964460488
v 4.17742520743629 -0.25077106964472 1.68534055799491
v 4.12152729537642 -0.25077106964472 1.69339567776042
v 4.04370004168683 -0.25077106964472 1.70480563006584
v 3.93390525461156 -0.25077106964472 1.71218155190206
v 3.81668472370765 -0.25077106964472 1.72398980524931
v 3.68773640885687 -0.25077106964472 1.76145581907186
v 4.2404592822907 -0.115162104241821 1.63815551056519
v 4.18308176250147 -0.115162104241821 1.6362367539955
v 4.11178118774885 -0.115162104241821 1.63831290740779
v 4.02431318412919 -0.115162104241821 1.63859646578277
v 3.92873878727214 -0.115162104241821 1.63941634315146
v 3.82182545148649 -0.115162104241821 1.64401904685838
v 3.71602700972471 -0.115162104241821 1.65099084062373
v 4.2404592822907 -0.153486313824541 1.65959595496136
v 3.50776107271259 -0.115162104241821 1.59376755832434
v 3.38766570094123 -0.115162104241821 1.58356264586807
v 4.2404592822907 -0.20909785798245 1.60869853211151
v 3.38766570094123 -0.25077106964472 1.76145581907186
v 4.2404592822907 -0.25077106964472 1.59102334563385
v 4.1780405939273 -0.25077106964472 1.60761883245799
v 4.11079986909616 -0.25077106964472 1.62050852496052
v 4.03354116460368 -0.25077106964472 1.63416487801542
v 3.94458933880204 -0.25077106964472 1.65289555577344
v 3.82841419831421 -0.25077106964472 1.65244816711457
v 3.71093753968092 -0.25077106964472 1.70467791079371
v 3.57424185338346 -0.25077106964472 1.76145581907186
v 4.22000968004715 -0.115162104241821 1.56305630429171
v 4.16801187851703 -0.115162104241821 1.56810144312367
v 4.09304996461848 -0.115162104241821 1.56808384641887
v 4.01248024368315 -0.115162104241821 1.5649298776253
v 3.92111273826547 -0.115162104241821 1.56833573867645
v 3.82325905176634 -0.115162104241821 1.57222889015055
v 3.71851421237865 -0.115162104241821 1.58123629323217
v 3.62356928586149 -0.115162104241821 1.58221105855908
v 4.2404592822907 -0.115162104241821 1.58178745555879
v 3.4600479120072 -0.115162104241821 1.48526510762309
v 3.38766570094123 -0.115162104241821 1.44619176017604
v 4.2404592822907 -0.199241661466496 1.53863599232398
v 3.38766570094123 -0.25077106964472 1.64751522797352
v 4.2404592822907 -0.25077106964472 1.50819929991795
v 4.18186664121212 -0.25077106964472 1.52831453731327
v 4.10724627261564 -0.25077106964472 1.54288397444651
v 4.02259035326221 -0.25077106964472 1.5598735220694
v 3.9259913458902 -0.25077106964472 1.58771589937798
v 3.80994226039405 -0.25077106964472 1.57469360827843
v 3.68792460880074 -0.25077106964472 1.64351245452102
v 3.53914360063304 -0.25077106964472 1.66244583329385
v 3.38766570094123 -0.25077106964472 1.67537698657779
v 4.21492120050943 -0.115162104241821 1.4838524494975
v 4.1580383739468 -0.115162104241821 1.49755724923689
v 4.09258520583331 -0.115162104241821 1.48614900109979
v 4.01264327510443 -0.115162104241821 1.4884830540895
v 3.92410893257587 -0.115162104241821 1.49062957487512
v 3.82994953729635 -0.115162104241821 1.4934436379727
v 3.73559681015896 -0.115162104241821 1.49479306390184
v 3.63949276633782 -0.115162104241821 1.49554558326964
v 3.56105515618697 -0.115162104241821 1.47644911649808
v 3.44407528494146 -0.115162104241821 1.36725972492916
v 4.2404592822907 -0.115162104241821 1.50568695251251
v 3.38766570094123 -0.115162104241821 1.3108755137134
v 4.2404592822907 -0.186105681351705 1.46240445981269
v 3.38766570094123 -0.25077106964472 1.50441408700759
v 4.2404592822907 -0.25077106964472 1.42239135550352
v 4.19484472609967 -0.25077106964472 1.44034290099108
v 4.11532184243437 -0.25077106964472 1.46047647783652
v 4.02402455927124 -0.25077106964472 1.47882606932902
v 3.9220302399437 -0.25077106964472 1.51230610893553
v 3.81435251000407 -0.25077106964472 1.48601504968798
v 3.68564755342708 -0.25077106964472 1.55701041893089
v 3.56298286126861 -0.25077106964472 1.56073015845035
v 3.46811065396063 -0.25077106964472 1.55872242364013
v 3.38766570094123 -0.25077106964472 1.54252271295084
v 4.1826785981356 -0.115162104241821 1.41736511177435
v 4.10568947074593 -0.115162104241821 1.41136951675631
v 4.02040353338035 -0.115162104241821 1.4094054129605
v 3.931447100719 -0.115162104241821 1.40860512449346
v 3.84170781071772 -0.115162104241821 1.40715514519904
v 3.75335479523266 -0.115162104241821 1.4048501265559
v 3.67288563236445 -0.115162104241821 1.39812069166326
v 3.60205718273658 -0.115162104241821 1.37821731009342
v 3.51860170796998 -0.115162104241821 1.38081677073114
v 4.2404592822907 -0.115162104241821 1.41888477638144
v 3.41812197390198 -0.115162104241821 1.18313088534592
v 3.38766570094123 -0.115162104241821 1.18684980213991
v 4.2404592822907 -0.195171817208077 1.36488970537181
v 3.38766570094123 -0.25077106964472 1.36175502423649
v 4.2404592822907 -0.25077106964472 1.34789896111232
v 4.14100337818 -0.25077106964472 1.3734303310228
v 4.03775771062616 -0.25077106964472 1.39196676894571
v 3.93040379708861 -0.25077106964472 1.424989962695
v 3.82767835194676 -0.25077106964472 1.39265379843159
v 3.70335251620069 -0.25077106964472 1.45736123764261
v 3.6009356516308 -0.25077106964472 1.45617956639509
v 3.50709877929583 -0.25077106964472 1.44695629200052
v 3.444531834663 -0.25077106964472 1.42441015377743
v 3.38766570094123 -0.25077106964472 1.40513672920869
v 4.18182530493794 -0.115162104241821 1.33631088573315
v 4.10626655241495 -0.115162104241821 1.32855751523944
v 4.02390219327131 -0.115162104241821 1.32519529122753
v 3.938670677859 -0.115162104241821 1.32135502763896
v 3.85348872307224 -0.115162104241821 1.31634240547059
v 3.77098289403257 -0.115162104241821 1.30929150337212
v 3.69136238921218 -0.115162104241821 1.29706826196963
v 3.60865255689781 -0.115162104241821 1.28306546799196
v 3.5305728582553 -0.115162104241821 1.27230312265025
v 3.4642541957211 -0.115162104241821 1.24768019128984
v 4.2404592822907 -0.115162104241821 1.34662449035725
v 3.38766570094123 -0.115162104241821 1.04811606796611
v 4.2404592822907 -0.197996134394541 1.29300563202087
v 3.38766570094123 -0.192439500772338 1.27105949031268
v 4.2404592822907 -0.25077106964472 1.25696235889001
v 4.1745608366844 -0.25077106964472 1.28591672542675
v 4.06640939285546 -0.25077106964472 1.30397800204111
v 3.94745980358435 -0.25077106964472 1.32929507290748
v 3.83112691008745 -0.25077106964472 1.30721323815244
v 3.7212089056236 -0.25077106964472 1.34675997750417
v 3.615309022935 -0.25077106964472 1.36243443419357
v 3.54913301040876 -0.25077106964472 1.32965569585894
v 3.48849684576507 -0.25077106964472 1.30773365458296
v 3.4381989249393 -0.25077106964472 1.2908879451633
v 3.38766570094123 -0.25077106964472 1.25415979101453
v 4.18434558936024 -0.115162104241821 1.24998274955788
v 4.11095585774941 -0.115162104241821 1.24300741843068
v 4.03036852441294 -0.115162104241821 1.2381706678212
v 3.94781715207959 -0.115162104241821 1.23077198522619
v 3.86704125062278 -0.115162104241821 1.22228851247256
v 3.78669533935341 -0.115162104241821 1.21261539304021
v 3.70650471717062 -0.115162104241821 1.19961698662786
v 3.62813301335013 -0.115162104241821 1.18408936788432
v 3.55681546764746 -0.115162104241821 1.16525554586154
v 3.4960330223897 -0.115162104241821 1.13253871230644
v 3.43992190045452 -0.115162104241821 1.07826467684756
v 4.2404592822907 -0.115162104241821 1.26649475478219
v 3.38766570094123 -0.153849754555616 0.960314273311523
v 3.38766570094123 -0.160347230207157 0.841592948610165
v 4.2404592822907 -0.191483668032097 1.21241134637039
v 3.38766570094123 -0.1832876461875 1.08218490361693
v 4.2404592822907 -0.237910952002216 1.16593885574952
v 4.2404592822907 -0.25077106964472 1.19398600691488
v 4.10690899900137 -0.25077106964472 1.21017735910269
v 3.99561395618565 -0.25077106964472 1.2291385996382
v 3.89557120439155 -0.25077106964472 1.24163807874951
v 3.78266266476904 -0.25077106964472 1.22167427612472
v 3.66739857955337 -0.25077106964472 1.26217450259608
v 3.59424720159578 -0.25077106964472 1.21591961984874
v 3.53012573128731 -0.25077106964472 1.19162723017326
v 3.47087638953211 -0.25077106964472 1.17477437438292
v 3.42059416661148 -0.25077106964472 1.14989061251005
v 3.38766570094123 -0.25077106964472 1.16771608874638
v 4.18841816040508 -0.115162104241821 1.15986879431848
v 4.11821161274321 -0.115162104241821 1.15667681978631
v 4.03765823520801 -0.115162104241821 1.14904736923503
v 3.96135006936587 -0.115162104241821 1.13687916823858
v 3.88249603026036 -0.115162104241821 1.12813045768821
v 3.8027917585897 -0.115162104241821 1.11659243498171
v 3.72350908499771 -0.115162104241821 1.10186097364608
v 3.64673180893129 -0.115162104241821 1.08345242894509
v 3.5742570779866 -0.115162104241821 1.05830485789317
v 3.50429978076432 -0.115162104241821 1.01904603230645
v 3.43127429486522 -0.115162104241821 0.965139608377551
v 4.2404592822907 -0.115162104241821 1.17975518159228
v 3.38766570094123 -0.115162104241821 0.841592948610165
v 3.2491541848666 -0.115162104241821 0.841592948610165
v 3.12116405030645 -0.151797625247644 0.841592948610165
v 4.2404592822907 -0.185922567146502 1.12679404600491
v 3.38766570094123 -0.25077106964472 0.961461128478042
v 4.2404592822907 -0.232585203870909 1.07591382423364
v 4.2404592822907 -0.25077106964472 1.10234250640604
v 4.12927388616865 -0.25077106964472 1.11799150347179
v 4.01416493776067 -0.25077106964472 1.13491295890163
v 3.89903661079899 -0.25077106964472 1.15926546856466
v 3.80883614466311 -0.25077106964472 1.11097272804697
v 3.69854082462265 -0.25077106964472 1.15472070702602
v 3.61717534865567 -0.25077106964472 1.09497767165053
v 3.53360102322656 -0.25077106964472 1.08083540885652
v 3.4689146792806 -0.25077106964472 1.06078837305017
v 3.41580120290489 -0.25077106964472 1.05467609340492
v 3.38766570094123 -0.25077106964472 1.0519640851372
v 4.19335888040917 -0.115162104241821 1.06487073570731
v 4.12171127193778 -0.115162104241821 1.07361156439284
v 4.05700208970038 -0.115162104241821 1.05392535921702
v 3.98015893199156 -0.115162104241821 1.04603292638898
v 3.89963737544348 -0.115162104241821 1.03499661670644
v 3.8184850514155 -0.115162104241821 1.0211122000812
v 3.73826672741554 -0.115162104241821 1.0044241916097
v 3.65985641082877 -0.115162104241821 0.98379256941961
v 3.58318636454538 -0.115162104241821 0.956499790224674
v 3.50667585971636 -0.115162104241821 0.921537169951895
v 3.43417001993336 -0.115162104241821 0.876397137063543
v 3.34965360748879 -0.115162104241821 0.846508559012224
v 3.0635262636835 -0.115162104241821 0.841592948610165
v 4.2404592822907 -0.115162104241821 1.08866365192271
v 2.87108363889865 -0.164202660882623 0.841592948610165
v 4.2404592822907 -0.172785007584108 1.04079127461467
v 3.23789325367985 -0.205310407368628 0.841592948610165
v 4.2404592822907 -0.217763315601467 0.983826543195577
v 4.2404592822907 -0.25077106964472 1.00959064949526
v 4.13916657161212 -0.25077106964472 1.02532332858781
v 4.03189318941793 -0.25077106964472 1.03932862917104
v 3.92144267293338 -0.25077106964472 1.06463626293332
v 3.83254189770657 -0.25077106964472 1.0085885924733
v 3.72463621339592 -0.25077106964472 1.05011135579325
v 3.65228000348938 -0.25077106964472 0.984485649010366
v 3.56514020464031 -0.25077106964472 0.991166088592174
v 3.48908933568558 -0.25077106964472 0.974405545717421
v 3.42913643961389 -0.25077106964472 0.960426204356952
v 3.39237282985646 -0.25077106964472 0.951493710517558
v 3.38766570094123 -0.25077106964472 0.841592948610165
v 4.1669616059406 -0.115162104241821 0.985724207098975
v 4.08427074805894 -0.115162104241821 0.970613580315903
v 3.99852809683005 -0.115162104241821 0.957304043381256
v 3.91382559129938 -0.115162104241821 0.942363401965239
v 3.83065644220378 -0.115162104241821 0.925852877150589
v 3.74894157765713 -0.115162104241821 0.907950933671667
v 3.66806040396171 -0.115162104241821 0.887122139281722
v 3.58739995712264 -0.115162104241821 0.862514672215699
v 3.50658141840736 -0.115162104241821 0.835358007038439
v 3.42041977845568 -0.115162104241821 0.810947788711396
v 3.31939441869106 -0.115162104241821 0.80006992569844
v 3.20625088216404 -0.115162104241821 0.806320955995639
v 4.2404592822907 -0.115162104241821 0.986598793793828
v 2.87108363889865 -0.115162104241821 0.841592948610165
v 2.87108363889865 -0.172566193813523 0.711968029901436
v 4.2404592822907 -0.196109742715026 0.910140386351393
v 2.99010009312502 -0.201588454818256 0.841592948610165
v 4.2404592822907 -0.25077106964472 0.920227110693965
v 4.14599260684642 -0.25077106964472 0.935252455976376
v 4.0429723701307 -0.25077106964472 0.944005888336251
v 3.93969969178081 -0.25077106964472 0.965321382246139
v 3.85074883468754 -0.25077106964472 0.910116071299568
v 3.74982559820873 -0.25077106964472 0.945350050330715
v 3.66872180652682 -0.25077106964472 0.884617422682427
v 3.57742627556193 -0.25077106964472 0.898255713652957
v 3.49293735993603 -0.25077106964472 0.89318364441788
v 3.4168195229262 -0.25077106964472 0.880971313146283
v 3.36941240453432 -0.25077106964472 0.872966784731745
v 3.27125366660483 -0.25077106964472 0.841592948610165
v 3.13117506476826 -0.239058454710208 0.841592948610165
v 4.17400824156333 -0.115162104241821 0.899011468547615
v 4.09145746064018 -0.115162104241821 0.88342027589476
v 4.00619860049714 -0.115162104241821 0.866612437348688
v 3.92145418183398 -0.115162104241821 0.848421040938547
v 3.83802667927938 -0.115162104241821 0.829883749465686
v 3.75489056297141 -0.115162104241821 0.812483256216254
v 3.6707270998693 -0.115162104241821 0.793285528924168
v 3.58505006397202 -0.115162104241821 0.772312881155927
v 3.49601394641591 -0.115162104241821 0.752897722626065
v 3.39906006456331 -0.115162104241821 0.739299408392164
v 3.2915111844338 -0.115162104241821 0.733420433517264
v 3.16892586924358 -0.115162104241821 0.741807603887454
v 3.04225483289727 -0.115162104241821 0.755127928195859
v 4.2404592822907 -0.115162104241821 0.9078188440648
v 2.87108363889865 -0.15167309498421 0.570180697106361
v 2.87108363889865 -0.194930038156929 0.556070575891576
v 4.2404592822907 -0.195579725808407 0.830968096004777
v 2.87108363889865 -0.25077106964472 0.787675501917198
v 4.2404592822907 -0.25077106964472 0.836211656212804
v 4.15314334762138 -0.25077106964472 0.847449808541826
v 4.05611712745493 -0.25077106964472 0.854717794060984
v 3.95099008430504 -0.25077106964472 0.859836074164625
v 3.85454291068869 -0.25077106964472 0.819800059462378
v 3.76247230518784 -0.25077106964472 0.842842574593182
v 3.68341150693539 -0.25077106964472 0.788979267347631
v 3.58861234713908 -0.25077106964472 0.803879128095148
v 3.49817277360826 -0.25077106964472 0.806891479136365
v 3.40765519769005 -0.25077106964472 0.806732847317531
v 3.31454200254578 -0.25077106964472 0.814472477142408
v 3.18394833764512 -0.25077106964472 0.841592948610165
v 3.04862710473963 -0.256360548601725 0.841592948610165
v 2.87108363889865 -0.25077106964472 0.841592948610165
v 4.17688532854018 -0.115162104241821 0.812564894474646
v 4.09523091086375 -0.115162104241821 0.795167655464032
v 4.00918809185349 -0.115162104241821 0.774322020390194
v 3.92523459190251 -0.115162104241821 0.752306414044405
v 3.84040325066972 -0.115162104241821 0.732644386218547
v 3.75473798085586 -0.115162104241821 0.717801057392934
v 3.66521716966752 -0.115162104241821 0.700169903979243
v 3.57249738279308 -0.115162104241821 0.681725540474068
v 3.47675892273722 -0.115162104241821 0.666801444327768
v 3.37239630575496 -0.115162104241821 0.656158066237728
v 3.25835665922618 -0.115162104241821 0.647679145842331
v 3.13691806263501 -0.115162104241821 0.64068051828833
v 3.00146039972382 -0.115162104241821 0.643548631506105
v 2.87108363889865 -0.115162104241821 0.625705703116597
v 4.2404592822907 -0.115162104241821 0.823240323384142
v 2.87108363889865 -0.192742639143234 0.445415847784862
v 2.87108363889865 -0.25077106964472 0.47515162797793
v 4.2404592822907 -0.195519802068437 0.751702605184962
v 2.87108363889865 -0.217433335663974 0.63410115071509
v 4.2404592822907 -0.25077106964472 0.749492986693551
v 4.16291797715503 -0.25077106964472 0.760943325956973
v 4.07428288222872 -0.25077106964472 0.765488756118064
v 3.98182981815102 -0.25077106964472 0.767267320564162
v 3.88997029039325 -0.25077106964472 0.747836831731988
v 3.78504733492889 -0.25077106964472 0.737044931580585
v 3.70188596725965 -0.25077106964472 0.699645688831938
v 3.60981871155638 -0.25077106964472 0.705029619518146
v 3.51822321117787 -0.25077106964472 0.710965721263304
v 3.42403945927327 -0.25077106964472 0.716909681828951
v 3.32441978498454 -0.25077106964472 0.729394134016909
v 3.21235407753616 -0.25077106964472 0.75311831126775
v 3.06299272322425 -0.25077106964472 0.841592948610165
v 2.9428215975468 -0.25077106964472 0.740390767931165
v 2.87108363889865 -0.25077106964472 0.692458412795129
v 0.532975342978551 0.158431625204764 0.225696858114475
v 0.417388983035025 0.147965082696557 0.225696858114475
v 0.315796509554286 0.13924911194748 0.225696858114475
v 0.221322547092298 0.132371705031231 0.225696858114475
v 0.131772242412519 0.127471021796646 0.225696858114475
v 0.0452119197235142 0.123332086237029 0.225696858114475
v -0.0388855380364941 0.119901001325869 0.225696858114475
v -0.120891350745969 0.116500790234928 0.225696858114475
v -0.201077850309624 0.112525400410848 0.225696858114475
v -0.2796634052206 0.107572423627759 0.225696858114475
v -0.356805359965987 0.101408045689258 0.225696858114475
v -0.432627538478306 0.0938861747095765 0.225696858114475
v -0.507220269170923 0.0848983392160248 0.225696858114475
v -0.580672638364628 0.0743598124073162 0.225696858114475
v -0.653077749704172 0.0622155970986292 0.225696858114475
v -0.724553530938123 0.0484245699950515 0.225696858114475
v -0.795247032399199 0.0329948398348122 0.225696858114475
v -0.865373535912973 0.0159919968516916 0.225696858114475
v -0.935233499820538 -0.00243201223528895 0.225696858114475
v -1.00525235264296 -0.0219794404489637 0.225696858114475
v -1.07596905834165 -0.0421224410062861 0.225696858114475
v -1.14803626089792 -0.062064084238005 0.225696858114475
v -1.22219261165599 -0.0807462147284433 0.225696858114475
v -1.29918301622863 -0.0971798926998252 0.225696858114475
v -1.37973940576637 -0.111064409093628 0.225696858114475
v -1.46448155537281 -0.12308224561012 0.225696858114475
v -1.55485116496639 -0.131204313751238 0.225696858114475
v -1.65124999447638 -0.131678763456041 0.225696858114475
v -1.75157963165287 -0.126285788525714 0.225696858114475
v -1.8540502733806 -0.121018940987486 0.225696858114475
v -1.95857864993589 -0.118456113274173 0.225696858114475
v -2.06488020542263 -0.117216701969829 0.225696858114475
v -2.17304891487131 -0.116557364939822 0.225696858114475
v -2.28318390639608 -0.115797883124517 0.225696858114475
v -2.39550929838509 -0.114351792969901 0.225696858114475
v -2.51040457662947 -0.111457303475187 0.225696858114475
v -2.62893522864681 -0.105815040178097 0.225696858114475
v -2.75541930366086 -0.0947739254986893 0.225696858114475
v -2.91481865327061 -0.0740705715108529 0.225696858114475
v -2.91481865327061 -0.056780146421383 0.303226259917365
v -2.91481865327061 -0.0518907124834466 0.400456864786136
v -2.91481865327061 -0.0528560245737805 0.487215834928617
v -2.98959119485711 -0.0659811843192608 0.487215834928617
v -3.09388207016868 -0.0942846807183195 0.487215834928617
v 4.17830780727179 -0.115162104241821 0.725989080917484
v 4.09174258241722 -0.115162104241821 0.706722493895668
v 4.00949155525294 -0.115162104241821 0.677545022005983
v 3.92368458409843 -0.115162104241821 0.654710840846314
v 3.83429284820395 -0.115162104241821 0.632878734152935
v 3.74575526040288 -0.115162104241821 0.624595618244126
v 3.64591401061907 -0.115162104241821 0.606473099853273
v 3.55149085928387 -0.115162104241821 0.586917751667458
v 3.44793658383974 -0.115162104241821 0.576732863571955
v 3.33835141455872 -0.115162104241821 0.563539083173605
v 3.22337360507989 -0.115162104241821 0.543391856952424
v 3.10497726942366 -0.115162104241821 0.517574276833788
v 2.98658045982701 -0.115162104241821 0.478296568255851
v 2.87108363889865 -0.115162104241821 0.441964458989294
v 2.87108363889865 -0.146990084873706 0.443850197883179
v 1.06545780880716 0.163012575978595 0.225696858114475
v 0.946677464505329 0.13978534445651 0.225696858114475
v 0.834824812047628 0.117193158114902 0.225696858114475
v 0.725652475979998 0.106144239774299 0.225696858114475
v 0.62478218130545 0.0918000751287645 0.225696858114475
v 0.540187483567143 0.0604303394777821 0.225696858114475
v 0.454516970485896 0.0682085088296246 0.225696858114475
v 0.360937986007929 0.0605725537406125 0.225696858114475
v 0.268922153098422 0.0531565874373119 0.225696858114475
v 0.179520415810834 0.046808553068768 0.225696858114475
v 0.0926549148529376 0.0416156255534159 0.225696858114475
v 0.00785089573412329 0.0371970487165756 0.225696858114475
v -0.0750796587503201 0.0332199499677841 0.225696858114475
v -0.156310971838365 0.0290886589427993 0.225696858114475
v -0.236013061183869 0.0243177972311452 0.225696858114475
v -0.314340524227543 0.0185689375720921 0.225696858114475
v -0.391423562939286 0.0116306404165658 0.225696858114475
v -0.467393223996025 0.00334393571788917 0.225696858114475
v -0.542358889209924 -0.00638868719271111 0.225696858114475
v -0.616430843507183 -0.0176577593068473 0.225696858114475
v -0.689744719392772 -0.0305149191152665 0.225696858114475
v -0.762455439792204 -0.0449745977361034 0.225696858114475
v -0.834763598701204 -0.0609870700611244 0.225696858114475
v -0.906945785783431 -0.0784441502950002 0.225696858114475
v -0.979336936611122 -0.0971084772401322 0.225696858114475
v -1.05238130077263 -0.116595355550011 0.225696858114475
v -1.12659951198144 -0.136318748473761 0.225696858114475
v -1.2025773350708 -0.155509715267305 0.225696858114475
v -1.28088136217158 -0.173375287679643 0.225696858114475
v -1.36205818666876 -0.189444115652337 0.225696858114475
v -1.44663023323468 -0.203820278539147 0.225696858114475
v -1.53543399966567 -0.215740633349312 0.225696858114475
v -1.62911100244499 -0.223094461778477 0.225696858114475
v -1.72707501944003 -0.225333476421551 0.225696858114475
v -1.82798853522696 -0.224644878947364 0.225696858114475
v -1.93100415555118 -0.223626177937886 0.225696858114475
v -2.03598587321594 -0.223191433644032 0.225696858114475
v -2.14289852634047 -0.223019314010596 0.225696858114475
v -2.25190964858268 -0.222660747735255 0.225696858114475
v -2.36329156790575 -0.221624455775188 0.225696858114475
v -2.47744523470166 -0.219351276321863 0.225696858114475
v -2.5947666187773 -0.21509093873083 0.225696858114475
v -2.71495802025925 -0.20781111346071 0.225696858114475
v -2.83404701510802 -0.196649952269593 0.225696858114475
v -2.91481865327061 -0.18418287141822 0.225696858114475
v -2.91481865327061 -0.17548616158286 0.362737431420205
v -2.91481865327061 -0.17251782402986 0.448653900364929
v -2.91481865327061 -0.175893599884508 0.487215834928617
v -3.0582402726326 -0.188206586035491 0.487215834928617
v -3.18817002858047 -0.177445311288407 0.487215834928617
v -3.29426106413488 -0.199434015230747 0.487215834928617
v 4.2404592822907 -0.115162104241821 0.737551409088754
v 2.87108363889865 -0.25077106964472 0.394152603867567
v 2.81532030213093 -0.25077106964472 0.360711888064484
v 1.2623797616227 0.0780235188320294 0.225696858114475
v 1.15367033042096 0.0772048427448907 0.225696858114475
v 1.06017213804945 0.0350192620970114 0.225696858114475
v 0.970519642286586 0.0387375210016888 0.225696858114475
v 0.87031636367746 0.0234740104840903 0.225696858114475
v 0.768877309240374 0.0105472642590924 0.225696858114475
v 0.670468584621069 -0.00178478638274702 0.225696858114475
v 0.577654252377223 -0.0223519368424576 0.225696858114475
v 0.481466121950733 -0.0303018570625573 0.225696858114475
v 0.391622738632014 -0.0297108926612295 0.225696858114475
v 0.301953037226614 -0.0348207269980906 0.225696858114475
v 0.21358513864063 -0.0404655324981024 0.225696858114475
v 0.126824562367825 -0.0457442028916918 0.225696858114475
v 0.0416901982515699 -0.0504081937806314 0.225696858114475
v -0.041890813250485 -0.0546387318744013 0.225696858114475
v -0.123963846986682 -0.0588104198659334 0.225696858114475
v -0.204617798087247 -0.0633821191923787 0.225696858114475
v -0.283970013593255 -0.0687175900372367 0.225696858114475
v -0.362149141179139 -0.0750827075051817 0.225696858114475
v -0.439291848373731 -0.0826651609662101 0.225696858114475
v -0.515531781011677 -0.0915996798597808 0.225696858114475
v -0.590999124416782 -0.102001388612879 0.225696858114475
v -0.665843457136078 -0.113947245032713 0.225696858114475
v -0.740218812460185 -0.127480354316156 0.225696858114475
v -0.814327776692117 -0.142592298062337 0.225696858114475
v -0.888394454729451 -0.159217170917239 0.225696858114475
v -0.962723807378335 -0.177197184178139 0.225696858114475
v -1.03766993566915 -0.196265107445488 0.225696858114475
v -1.11365638643878 -0.215995046801216 0.225696858114475
v -1.19113916346904 -0.235826004121904 0.225696858114475
v -1.27059084164122 -0.255126114863054 0.225696858114475
v -1.35243563017492 -0.273345343610607 0.225696858114475
v -1.43707617308468 -0.29018416316148 0.225696858114475
v -1.52502439348759 -0.305094136863676 0.225696858114475
v -1.61678122808041 -0.316843671368247 0.225696858114475
v -1.71233952018284 -0.324588645717411 0.225696858114475
v -1.81109090414884 -0.328898779592231 0.225696858114475
v -1.91231521469688 -0.331265642245402 0.225696858114475
v -2.01562281006393 -0.332842768839864 0.225696858114475
v -2.12095512795984 -0.333995332939685 0.225696858114475
v -2.22842064563627 -0.334609599109023 0.225696858114475
v -2.33827084022953 -0.334425907130197 0.225696858114475
v -2.45096252788298 -0.333132990530033 0.225696858114475
v -2.56713874890851 -0.330339179742612 0.225696858114475
v -2.68702365928004 -0.325609806578211 0.225696858114475
v -2.80682245057269 -0.318663273038897 0.225696858114475
v -2.91481865327061 -0.310083298299352 0.225696858114475
v -2.91481865327061 -0.301842556498856 0.331869179270203
v -2.91481865327061 -0.296287712856144 0.425918907858312
v -2.91481865327061 -0.294782435336271 0.487215834928617
v -3.02525580631681 -0.298317643449815 0.487215834928617
v -3.1469057203272 -0.296492484928007 0.487215834928617
v -3.25883736948188 -0.303971589529203 0.487215834928617
v -3.37081243488794 -0.299079588720649 0.487215834928617
v 2.8114714922172 -0.25077106964472 0.40877043443991
v 1.20111628263988 -0.0520160544787133 0.225696858114475
v 1.09776263541913 -0.06579847254242 0.225696858114475
v 0.993123506248115 -0.0777689176304548 0.225696858114475
v 0.895703811476588 -0.0827046215698696 0.225696858114475
v 0.797816159468906 -0.0918964410830804 0.225696858114475
v 0.700489076940458 -0.100889692851239 0.225696858114475
v 0.605142591308377 -0.113473744534874 0.225696858114475
v 0.509781856519537 -0.122712153106463 0.225696858114475
v 0.415780196961646 -0.125237244299819 0.225696858114475
v 0.325747533671426 -0.126620852065975 0.225696858114475
v 0.237438240908614 -0.130285911054471 0.225696858114475
v 0.150632872980819 -0.134549465109708 0.225696858114475
v 0.0652299530849813 -0.138790018525775 0.225696858114475
v -0.018807138862465 -0.14280170655371 0.225696858114475
v -0.101523465479607 -0.146766515561596 0.225696858114475
v -0.182939028297129 -0.151006067176987 0.225696858114475
v -0.263139436328052 -0.155877917139842 0.225696858114475
v -0.342229291529373 -0.161635899300054 0.225696858114475
v -0.420348378659073 -0.168491827449734 0.225696858114475
v -0.497642061327307 -0.176611639175028 0.225696858114475
v -0.574253912265463 -0.186123737610446 0.225696858114475
v -0.650346866187746 -0.197134164030934 0.225696858114475
v -0.72608006502008 -0.209732168845812 0.225696858114475
v -0.801643734194301 -0.223941209162703 0.225696858114475
v -0.877250308443639 -0.239762383589635 0.225696858114475
v -0.953149083493498 -0.257106307428018 0.225696858114475
v -1.0296459374234 -0.275811287880127 0.225696858114475
v -1.10706887750612 -0.295601773239633 0.225696858114475
v -1.18579961613081 -0.316070457543754 0.225696858114475
v -1.26621257263235 -0.336744939191275 0.225696858114475
v -1.34863437515652 -0.357092521539732 0.225696858114475
v -1.43338010633145 -0.376592314725136 0.225696858114475
v -1.52078866217742 -0.39457953215841 0.225696858114475
v -1.61123400767942 -0.410069764225458 0.225696858114475
v -1.70489545938028 -0.42224243596909 0.225696858114475
v -1.80158026595554 -0.43107944790309 0.225696858114475
v -1.90086674244043 -0.437306555701122 0.225696858114475
v -2.00237228134574 -0.441762568807483 0.225696858114475
v -2.10594902720198 -0.444946598773357 0.225696858114475
v -2.21161950234483 -0.447042508649059 0.225696858114475
v -2.31956230018568 -0.448041261814644 0.225696858114475
v -2.43014213638652 -0.447883746977909 0.225696858114475
v -2.54411082309682 -0.446457589902576 0.225696858114475
v -2.66312518434506 -0.443614458492388 0.225696858114475
v -2.78997774604656 -0.439248711613262 0.225696858114475
v -2.91481865327061 -0.433447983991111 0.225696858114475
v -2.91481865327061 -0.426488206041156 0.314503505406753
v -2.91481865327061 -0.419873532035447 0.408776562058818
v -2.91481865327061 -0.416063744571707 0.487215834928617
v -3.01061871563415 -0.415327985009035 0.487215834928617
v -3.1195972551663 -0.414139464044016 0.487215834928617
v -3.23161645601205 -0.418411749737538 0.487215834928617
v -3.34198129273167 -0.421663052842801 0.487215834928617
v 4.2404592822907 -0.178169542440781 0.680292477108092
v 2.87108363889865 -0.25077106964472 0.533195326117395
v 2.81255141707093 -0.25077106964472 0.44029154927782
v 1.2343256911733 -0.175154065889071 0.225696858114475
v 1.12887199903674 -0.175230422250079 0.225696858114475
v 1.02407307850567 -0.185610276550369 0.225696858114475
v 0.920930523550423 -0.193991838620229 0.225696858114475
v 0.822557621343068 -0.200133892584223 0.225696858114475
v 0.72499264695884 -0.204919018521215 0.225696858114475
v 0.627931894024343 -0.210317354063381 0.225696858114475
v 0.532604243241349 -0.217055674205896 0.225696858114475
v 0.438327142607946 -0.219496593350434 0.225696858114475
v 0.346479862340747 -0.220063608132845 0.225696858114475
v 0.257341515974884 -0.221303926610834 0.225696858114475
v 0.170034489917918 -0.223921019096867 0.225696858114475
v 0.0842637896142341 -0.227201906638881 0.225696858114475
v -0.000154788401263216 -0.23062596237006 0.225696858114475
v -0.0833391182715885 -0.234109912829875 0.225696858114475
v -0.165334733451799 -0.237863182530463 0.225696858114475
v -0.246194433016439 -0.242159525267783 0.225696858114475
v -0.326008625038292 -0.247251808930585 0.225696858114475
v -0.404905355270031 -0.253335625049147 0.225696858114475
v -0.483029089815537 -0.260584642312308 0.225696858114475
v -0.56054821605448 -0.269158181812128 0.225696858114475
v -0.637623254784504 -0.279185109807835 0.225696858114475
v -0.714432241719726 -0.290780043885462 0.225696858114475
v -0.791157451287612 -0.304035104984675 0.225696858114475
v -0.867990164127358 -0.318987025489012 0.225696858114475
v -0.945158810290311 -0.335632769518093 0.225696858114475
v -1.02291164218373 -0.353908212875377 0.225696858114475
v -1.10152576582388 -0.373657677206511 0.225696858114475
v -1.18130042571409 -0.394639996381335 0.225696858114475
v -1.26253718529338 -0.416528779215839 0.225696858114475
v -1.34551013398685 -0.438920585937265 0.225696858114475
v -1.43040918237265 -0.461260098457275 0.225696858114475
v -1.5174368809168 -0.482707531354717 0.225696858114475
v -1.60691095772271 -0.502105145079141 0.225696858114475
v -1.69911891305378 -0.518461800278343 0.225696858114475
v -1.79413455095483 -0.531506114395893 0.225696858114475
v -1.89172688329599 -0.541617345868672 0.225696858114475
v -1.99156856605431 -0.549340010929715 0.225696858114475
v -2.09344419101513 -0.55506052806519 0.225696858114475
v -2.19730928839778 -0.559015486610641 0.225696858114475
v -2.30324017979545 -0.56143179431454 0.225696858114475
v -2.41143965310125 -0.562474973963077 0.225696858114475
v -2.52229411682529 -0.562277571292146 0.225696858114475
v -2.6368914990767 -0.560897915979338 0.225696858114475
v -2.75967328156653 -0.558375465650247 0.225696858114475
v -2.91481865327061 -0.554689418292898 0.225696858114475
v -2.91481865327061 -0.549687680835314 0.289831833032883
v -2.91481865327061 -0.542472364286128 0.390717906952984
v -2.91481865327061 -0.536409075457362 0.487215834928617
v -2.99928375798819 -0.535885454007689 0.487215834928617
v -3.0955615483832 -0.532281324085385 0.487215834928617
v -3.2036425278496 -0.532734848816598 0.487215834928617
v -3.31108021041567 -0.543415177905701 0.487215834928617
v 4.2404592822907 -0.25077106964472 0.662742820472429
v 4.17579455864766 -0.25077106964472 0.674818015236341
v 4.09167696981413 -0.25077106964472 0.678864419002986
v 4.00326501478521 -0.25077106964472 0.675786586201723
v 3.91711159122708 -0.25077106964472 0.665626207784105
v 3.82453654711241 -0.25077106964472 0.649920797442576
v 3.73956679480489 -0.25077106964472 0.6183849330684
v 3.64553486633273 -0.25077106964472 0.606308842688479
v 3.5504135358119 -0.25077106964472 0.608626176518663
v 3.45546373430048 -0.25077106964472 0.616470100234783
v 3.35638582754019 -0.25077106964472 0.626941849986492
v 3.25353782312587 -0.25077106964472 0.637019928136829
v 3.14371288365414 -0.25077106964472 0.655333282008195
v 3.03557276028024 -0.25077106964472 0.647502287981692
v 2.94152644132322 -0.25077106964472 0.610929846354001
v 2.87108363889865 -0.25077106964472 0.573963248767615
v 1.15774622036729 -0.281377684649703 0.225696858114475
v 1.05431018950845 -0.291544783205469 0.225696858114475
v 0.950638970073236 -0.30028682044174 0.225696858114475
v 0.848651019407496 -0.310799146612508 0.225696858114475
v 0.75119472239919 -0.314563141430925 0.225696858114475
v 0.651550458447766 -0.312262349594671 0.225696858114475
v 0.55588993179795 -0.31620585216042 0.225696858114475
v 0.46165225703682 -0.315970214484325 0.225696858114475
v 0.369514113119964 -0.314565936010493 0.225696858114475
v 0.279664626721546 -0.313779402158696 0.225696858114475
v 0.191823885856124 -0.314448294475364 0.225696858114475
v 0.105710401950974 -0.316545608100902 0.225696858114475
v 0.0210374014129451 -0.319220637943934 0.225696858114475
v -0.0624343107473666 -0.322061548393094 0.225696858114475
v -0.144804791531599 -0.325174181918613 0.225696858114475
v -0.226124593792749 -0.328788861810464 0.225696858114475
v -0.306463665649928 -0.333131059189856 0.225696858114475
v -0.385934766272548 -0.338372174080045 0.225696858114475
v -0.464680206168401 -0.34469005931449 0.225696858114475
v -0.542871176575108 -0.352250154139278 0.225696858114475
v -0.620684999395596 -0.36120646892022 0.225696858114475
v -0.698305462894269 -0.37170940903104 0.225696858114475
v -0.775912519954403 -0.383885653055738 0.225696858114475
v -0.853695523221931 -0.397846274640762 0.225696858114475
v -0.931861669812045 -0.413643526911543 0.225696858114475
v -1.01062782081636 -0.43129999006563 0.225696858114475
v -1.09021157703881 -0.450795501159107 0.225696858114475
v -1.17087659151006 -0.472020918410589 0.225696858114475
v -1.25287194642683 -0.494831600650551 0.225696858114475
v -1.33642281724953 -0.518994728656803 0.225696858114475
v -1.42165986905327 -0.544147059961029 0.225696858114475
v -1.5086149826804 -0.56944136314129 0.225696858114475
v -1.59742876656995 -0.593341626229254 0.225696858114475
v -1.68848303478341 -0.614240012365862 0.225696858114475
v -1.78215353186558 -0.631501186911623 0.225696858114475
v -1.87843031624136 -0.645497884658206 0.225696858114475
v -1.97699772600835 -0.656727832230787 0.225696858114475
v -2.07749764900146 -0.665330320160913 0.225696858114475
v -2.17978487836936 -0.671427772839843 0.225696858114475
v -2.28388341821947 -0.67536609785032 0.225696858114475
v -2.38989038944209 -0.67758389554827 0.225696858114475
v -2.4978797580571 -0.678440571239893 0.225696858114475
v -2.60775665318604 -0.67818950863461 0.225696858114475
v -2.71902579177835 -0.676999033086093 0.225696858114475
v -2.82935248775274 -0.674910745603722 0.225696858114475
v -2.91481865327061 -0.671713497900149 0.225696858114475
v -2.91481865327061 -0.666695273239271 0.342105743484056
v -2.91481865327061 -0.655912368414291 0.487215834928617
v -2.98022020580837 -0.653157547127976 0.487215834928617
v -3.07479947245944 -0.660274018591547 0.487215834928617
v -3.16772443496397 -0.640530912618431 0.487215834928617
v 0.678631328719561 -0.416515381825168 0.225696858114475
v 0.583951282126651 -0.421530714611418 0.225696858114475
v 0.490197401736242 -0.416291426588681 0.225696858114475
v 0.398706401891129 -0.410361516790624 0.225696858114475
v 0.309288592305781 -0.406417439177756 0.225696858114475
v 0.221286817807713 -0.404672198418251 0.225696858114475
v 0.135042845232819 -0.405500209970645 0.225696858114475
v 0.0503671018770045 -0.407521990748912 0.225696858114475
v -0.0331641103652935 -0.409731844620232 0.225696858114475
v -0.115697978061467 -0.412143335462147 0.225696858114475
v -0.197279759809837 -0.415003358823436 0.225696858114475
v -0.277955749724948 -0.418513663180127 0.225696858114475
v -0.357804137886332 -0.422840408540371 0.225696858114475
v -0.436958632831333 -0.428152456748754 0.225696858114475
v -0.51559989877943 -0.434608019525738 0.225696858114475
v -0.593907989095328 -0.442387982296434 0.225696858114475
v -0.672077236828004 -0.451671091131217 0.225696858114475
v -0.750303235243359 -0.462628572784196 0.225696858114475
v -0.828781915919455 -0.475403683757654 0.225696858114475
v -0.907698415413376 -0.490138279176332 0.225696858114475
v -0.987245254159228 -0.506927189513479 0.225696858114475
v -1.06761828324579 -0.525840478052118 0.225696858114475
v -1.14903453035285 -0.546919922761348 0.225696858114475
v -1.23170270597362 -0.570177634019762 0.225696858114475
v -1.31584158565992 -0.59560357147755 0.225696858114475
v -1.40161107451288 -0.623133434614185 0.225696858114475
v -1.48899906144406 -0.652357095497643 0.225696858114475
v -1.57778847299272 -0.68161278524759 0.225696858114475
v -1.66812868907884 -0.708155205632904 0.225696858114475
v -1.76068887867924 -0.730189227351514 0.225696858114475
v -1.85594777987187 -0.748212567818391 0.225696858114475
v -1.9536790849032 -0.763309114233099 0.225696858114475
v -2.05328860644343 -0.775357177402195 0.225696858114475
v -2.15443480083105 -0.783881907787987 0.225696858114475
v -2.25705749553276 -0.789329592136571 0.225696858114475
v -2.36124700341045 -0.792553789646805 0.225696858114475
v -2.46709037070779 -0.794217827858153 0.225696858114475
v -2.57435290088531 -0.794756870586441 0.225696858114475
v -2.68175453478948 -0.794458247655484 0.225696858114475
v -2.78462824154976 -0.793453802982635 0.225696858114475
v -2.86984993509153 -0.791591285151021 0.225696858114475
v -2.91481865327061 -0.788248612542678 0.225696858114475
v -2.91481865327061 -0.781857756771394 0.405018827334351
v -2.91481865327061 -0.760160477397605 0.487215834928617
v 1.18968428414191 0.268928439977133 0.23146485401085
v 1.07708751171103 0.268928439977133 0.236809148044186
v 0.966089223472389 0.268928439977133 0.225696858114475
v 0.854443719332747 0.268928439977133 0.225696858114475
v 0.744585920274585 0.268928439977133 0.225696858114475
v 0.646916493161723 0.268928439977133 0.225696858114475
v 0.555978150325248 0.268928439977133 0.225696858114475
v 0.452076164502646 0.222516042270626 0.225696858114475
v 0.349249964972281 0.21110307859874 0.225696858114475
v 0.250882814323718 0.203481659247239 0.225696858114475
v 0.15914730139165 0.201439655862139 0.225696858114475
v 0.0707241045544303 0.198971339233733 0.225696858114475
v -0.0147389471387716 0.196908419334763 0.225696858114475
v -0.0976957087928403 0.194743951343314 0.225696858114475
v -0.178520347533739 0.191914528131902 0.225696858114475
v -0.257504914453259 0.188005519896036 0.225696858114475
v -0.334845390037472 0.182799583321297 0.225696858114475
v -0.410657211562191 0.1761699421933 0.225696858114475
v -0.485036334501186 0.16802860075587 0.225696858114475
v -0.558043323013009 0.15830568265606 0.225696858114475
v -0.629743374742764 0.14694250037962 0.225696858114475
v -0.700188297062512 0.133879204665181 0.225696858114475
v -0.769474853060799 0.119092778980866 0.225696858114475
v -0.837733799097319 0.102578159385422 0.225696858114475
v -0.905207034757195 0.0843990128882073 0.225696858114475
v -0.972242776191104 0.0647284125374925 0.225696858114475
v -1.03935322569254 0.0439231756981158 0.225696858114475
v -1.10722266625694 0.0226376397670403 0.225696858114475
v -1.17671563689794 0.00197886312560409 0.225696858114475
v -1.24879868418808 -0.0165833578958747 0.225696858114475
v -1.32453236033453 -0.0318929000138246 0.225696858114475
v -1.40501200761826 -0.0438395851539649 0.225696858114475
v -1.49047116039893 -0.0536545227226181 0.225696858114475
v -1.58358528755487 -0.0553631783344581 0.225696858114475
v -1.68271083417573 -0.0423067102462301 0.225696858114475
v -1.78379940617214 -0.0280293666466041 0.225696858114475
v -1.88755949654614 -0.0236782609989048 0.225696858114475
v -1.99305169341925 -0.0216643668767558 0.225696858114475
v -2.10035307333295 -0.0208119313579211 0.225696858114475
v -2.2093528736117 -0.0203114689441132 0.225696858114475
v -2.32008353044429 -0.0196987526407417 0.225696858114475
v -2.43253004864975 -0.0184682522754803 0.225696858114475
v -2.54699964389283 -0.0158801409495209 0.225696858114475
v -2.66469170347339 -0.0100678102300355 0.225696858114475
v -2.78875592658921 0.00561388732797376 0.225696858114475
v -2.91481865327061 0.0621585879383661 0.225696858114475
v -2.91481865327061 0.0621585879383661 0.339064089821123
v -2.91481865327061 0.0621585879383661 0.421637066772448
v -2.91481865327061 0.0621585879383661 0.487215834928617
v -3.08111889877628 0.00583207632539913 0.487215834928617
v -3.21849742037923 0.00669611434568024 0.487215834928617
v -3.33249922632545 0.00924451318974244 0.487215834928617
v -3.43457154318086 0.0340605930111275 0.487215834928617
v 2.23260653614613 0.151763921136625 0.225696858114475
v 2.10525302754823 0.173404843383115 0.225696858114475
v 1.98876716260891 0.180564588701702 0.225696858114475
v 1.87681327686372 0.183574774455975 0.225696858114475
v 1.7677975963659 0.186139386411896 0.225696858114475
v 1.66134982560913 0.190053928375333 0.225696858114475
v 1.55787504139275 0.19709021332353 0.225696858114475
v 1.458836702705 0.212961270015585 0.225696858114475
v 1.36024955038903 0.230621258423126 0.225696858114475
v 1.26879258180062 0.268928439977133 0.225696858114475
v 1.19026366793275 0.268928439977133 0.235046382461671
v 1.10879383484988 0.268928439977133 0.225696858114475
v 1.00833378720142 0.268928439977133 0.225696858114475
v 0.89778857604178 0.213556831985158 0.225696858114475
v 0.782387500324209 0.197182514448364 0.225696858114475
v 0.657486383798225 0.192825935653569 0.225696858114475
v -3.18186644868201 -0.0648063857824462 0.487215834928617
v -3.29117408223478 -0.0867748894597835 0.487215834928617
v -3.41558633605344 -0.0485331400117834 0.487215834928617
v -3.5422150062044 0.0621585879383661 0.487215834928617
v -3.65853183702016 0.0621585879383661 0.487215834928617
v -3.75637768578801 -0.032912015587317 0.487215834928617
v 4.16762498386855 -0.115162104241821 0.648093778253915
v 4.09224145485973 -0.115162104241821 0.610103456511581
v 4.00729418347887 -0.115162104241821 0.581757376901365
v 3.91125907838649 -0.115162104241821 0.55761640567527
v 3.8131882261512 -0.115162104241821 0.529427523521312
v 3.71721260060976 -0.115162104241821 0.5417978081435
v 3.62474209406548 -0.115162104241821 0.503518830120473
v 3.66104302069227 -0.115162104241821 0.409346484744866
v 3.51702990306364 -0.115162104241821 0.496590663588279
v 3.56976334929634 -0.115162104241821 0.415421863129569
v 3.40946064404708 -0.115162104241821 0.484874281012284
v 3.46944134547028 -0.115162104241821 0.408599137437006
v 3.29947990443933 -0.115162104241821 0.466463751984477
v 3.3662232680301 -0.115162104241821 0.3966243354002
v 3.18649318855053 -0.115162104241821 0.431440762668322
v 3.26061605225395 -0.115162104241821 0.377701525248846
v 3.07964432065762 -0.115162104241821 0.376284786587344
v 3.15307999334311 -0.115162104241821 0.327345824460464
v 2.97301124902253 -0.115162104241821 0.261341101726389
v 3.04966881984293 -0.115162104241821 0.261341101726389
v 2.87108363889865 -0.115162104241821 0.261341101726389
v 2.95495032563116 -0.08851385712342 0.261341101726389
v 2.87108363889865 -0.12994966765572 0.352589193052354
v 2.87108363889865 -0.0804234202650877 0.261341101726389
v 2.87108363889865 -0.161099143000379 0.371014443891309
v 2.87108363889865 -0.090142949074784 0.308613695883263
v 2.87108363889865 -0.143100056934617 0.331592378172659
v 2.87108363889865 -0.25077106964472 0.321102094516334
v 2.79925632700062 -0.25077106964472 0.271613553884209
v 2.69685644931578 -0.25077106964472 0.225696858114475
v 2.55977530603851 -0.0884234601945986 0.225696858114475
v 2.42840514046401 -0.00661093346745043 0.225696858114475
v 2.31041847256849 0.0324841369081772 0.225696858114475
v 2.2094621089211 0.0345498153529001 0.225696858114475
v 2.11802713632946 0.0646150083379337 0.225696858114475
v 2.01197693071186 0.0758881070714844 0.225696858114475
v 1.90403231685279 0.0822548079532071 0.225696858114475
v 1.79631021950388 0.0870704985652714 0.225696858114475
v 1.68964624162417 0.0932465760394868 0.225696858114475
v 1.58476783381699 0.103168867336218 0.225696858114475
v 1.48415720119391 0.119825505959562 0.225696858114475
v 1.39653877165725 0.151759829574181 0.225696858114475
v 1.3029490483025 0.171556282237849 0.225696858114475
v 1.19023682845323 0.268928439977133 0.225696858114475
v -3.3932060547918 -0.170065701376064 0.487215834928617
v -3.5052095899209 -0.126781810313806 0.487215834928617
v -3.61556848326663 -0.101870648596301 0.487215834928617
v -3.72140297963634 -0.128028155374578 0.487215834928617
v -3.82807561989493 -0.159374326636956 0.487215834928617
v 2.76204132265016 -0.25077106964472 0.308630187402383
v 2.6808801367627 -0.25077106964472 0.260093839768436
v 2.57658147455588 -0.25077106964472 0.225696858114475
v 2.46009608416386 -0.144563753540231 0.225696858114475
v 2.34451562933605 -0.0934842545697881 0.225696858114475
v 2.23563100714493 -0.073072709599578 0.225696858114475
v 2.12772088536184 -0.0547435689721562 0.225696858114475
v 2.02595205514495 -0.0363384541699045 0.225696858114475
v 1.92174556902192 -0.0269191788531288 0.225696858114475
v 1.81639486535142 -0.0200068854564798 0.225696858114475
v 1.71040278115831 -0.0125445528406254 0.225696858114475
v 1.60367727172394 -0.00118614640779383 0.225696858114475
v 1.49482195857758 0.0177484835346702 0.225696858114475
v 1.38124785098322 0.0531228003684037 0.225696858114475
v -3.47796114276438 -0.273357028761955 0.487215834928617
v -3.58680537631281 -0.253666236762991 0.487215834928617
v -3.69388726640972 -0.257076971677683 0.487215834928617
v -3.79920030266739 -0.275144745159957 0.487215834928617
v -3.90394174594416 -0.288702587128344 0.487215834928617
v 4.2404592822907 -0.115162104241821 0.641832376096116
v 2.7412678725447 -0.25077106964472 0.342034792978416
v 2.6645471477296 -0.25077106964472 0.280457991714811
v 2.57326346178895 -0.25077106964472 0.225696858114475
v 2.47000481153518 -0.233002222461588 0.225696858114475
v 2.36100697725998 -0.199412776850348 0.225696858114475
v 2.25212015660038 -0.17872463688482 0.225696858114475
v 2.14408517233583 -0.16398408269345 0.225696858114475
v 2.03795392885397 -0.149710788754939 0.225696858114475
v 1.93430512411583 -0.138028024286268 0.225696858114475
v 1.83049720132695 -0.129917973027494 0.225696858114475
v 1.72647647542171 -0.122196928430488 0.225696858114475
v 1.62238737168911 -0.111962481047688 0.225696858114475
v 1.51822709962527 -0.0951670913000228 0.225696858114475
v 1.41192560669156 -0.0717059558512853 0.225696858114475
v 1.30732953159195 -0.0546322970076481 0.225696858114475
v -3.45099595462116 -0.408725647417414 0.487215834928617
v -3.56010382570342 -0.390948452460704 0.487215834928617
v -3.66921644274582 -0.38754278054538 0.487215834928617
v -3.77419062640444 -0.400848269748116 0.487215834928617
v -3.87652092533473 -0.410869683006408 0.487215834928617
v 4.2404592822907 -0.18559525519538 0.605760600276109
v 2.74014278277834 -0.25077106964472 0.365213105177475
v 2.65757475700194 -0.25077106964472 0.29487721656059
v 2.56901368866879 -0.25077106964472 0.225696858114475
v 2.47238137041053 -0.274776419788515 0.225696858114475
v 2.36881884795031 -0.278283977754803 0.225696858114475
v 2.26234544396381 -0.272428858988361 0.225696858114475
v 2.15618116481791 -0.266219989763194 0.225696858114475
v 2.0503950035791 -0.257393472465822 0.225696858114475
v 1.94568397460213 -0.248122226738834 0.225696858114475
v 1.84191612031504 -0.240090018284051 0.225696858114475
v 1.73844516348786 -0.232866479255567 0.225696858114475
v 1.63562856278324 -0.224502811767806 0.225696858114475
v 1.53453758111098 -0.212064480600224 0.225696858114475
v 1.4359255267555 -0.190434608266908 0.225696858114475
v 1.33348685608284 -0.176543811406664 0.225696858114475
v -3.42283143318788 -0.541495800211164 0.487215834928617
v -3.52869319736994 -0.521946008847689 0.487215834928617
v -3.64072778341452 -0.510330701072298 0.487215834928617
v -3.74630603753912 -0.525578932373257 0.487215834928617
v -3.8492638671075 -0.541657759615445 0.487215834928617
v 4.2404592822907 -0.25077106964472 0.576438720371776
v 4.19333665528031 -0.25077106964472 0.591365410272915
v 4.11352764431663 -0.25077106964472 0.595638412349302
v 4.02465251094404 -0.25077106964472 0.591403125649224
v 3.9373059783777 -0.25077106964472 0.574342054324378
v 3.85763798050619 -0.25077106964472 0.5704797384031
v 3.7816630258477 -0.25077106964472 0.530134378088261
v 3.69194989522679 -0.25077106964472 0.510144494859604
v 3.59333290661338 -0.25077106964472 0.507314163112121
v 3.49527507197715 -0.25077106964472 0.510081325434828
v 3.39994664080842 -0.25077106964472 0.522806623579688
v 3.30004059433631 -0.25077106964472 0.528556295103669
v 3.20441990211218 -0.25077106964472 0.52616201250135
v 3.10727177541352 -0.25077106964472 0.524788202374632
v 3.01444923354856 -0.25077106964472 0.512765048722803
v 2.93147616382654 -0.25077106964472 0.492315856205495
v 2.86773545171395 -0.25077106964472 0.464497120397997
v 2.81137244965775 -0.25077106964472 0.402361918676867
v 2.73893489207529 -0.25077106964472 0.356341655104194
v 2.65755277519077 -0.25077106964472 0.301633805618349
v 2.57066700260879 -0.25077106964472 0.225696858114475
v 2.47634424339112 -0.295295782049471 0.225696858114475
v 2.37673567996264 -0.338113062273495 0.225696858114475
v 2.27164381469631 -0.35386007256221 0.225696858114475
v 2.16786015959238 -0.36204314194051 0.225696858114475
v 2.06365281826066 -0.360793968640543 0.225696858114475
v 1.95941236745358 -0.355541092853024 0.225696858114475
v 1.85540524441378 -0.349503098738736 0.225696858114475
v 1.75144260861905 -0.343443093572928 0.225696858114475
v 1.64752736008114 -0.336731240276483 0.225696858114475
v 1.5447877803018 -0.328055445877754 0.225696858114475
v 1.44699355460343 -0.313455991035343 0.225696858114475
v 1.35966183241927 -0.28458895576642 0.225696858114475
v 1.26506463250355 -0.299107968222764 0.225696858114475
v -3.26481488040015 -0.664585466149147 0.487215834928617
v -3.38099069634494 -0.665906731408317 0.487215834928617
v -3.50506460657855 -0.66501135219142 0.487215834928617
v -3.60205303242885 -0.620425411553566 0.487215834928617
v -3.70539100338703 -0.64331442681063 0.487215834928617
v 2.28334430337919 -0.428398736290615 0.225696858114475
v 2.18253134569331 -0.454336079222764 0.225696858114475
v 2.08059919889769 -0.460880390946338 0.225696858114475
v 1.97770311531266 -0.459907977526195 0.225696858114475
v 1.87438862250004 -0.456530123889314 0.225696858114475
v 1.77056863992126 -0.452386865168198 0.225696858114475
v 1.66575701845 -0.447400634326749 0.225696858114475
v 1.55936541355699 -0.440798127354214 0.225696858114475
v 1.45130459403363 -0.431287033657582 0.225696858114475
v 1.34579843646146 -0.403591807125941 0.225696858114475
v 1.24580626471691 -0.413969421547516 0.225696858114475
v 1.1732074093963 -0.377759277278975 0.225696858114475
v 1.08411227482305 -0.394124211388789 0.225696858114475
v 0.984605014402908 -0.401234117683346 0.225696858114475
v 0.883234893787058 -0.412510052020896 0.225696858114475
v 0.780343988204411 -0.4314344103716 0.225696858114475
v -3.03590409571037 -0.782551996524314 0.487215834928617
v -3.16978032440386 -0.771056136981128 0.487215834928617
v -3.31128372009706 -0.787676934311318 0.487215834928617
v -3.44015005514857 -0.78198060987674 0.487215834928617
v -3.54861841843344 -0.791274995440058 0.487215834928617
v -3.63032068349976 -0.738561488545709 0.487215834928617
v 1.25912063274983 -0.500627036713368 0.225696858114475
v 1.14499432930849 -0.484472766396652 0.225696858114475
v 1.0320820149034 -0.492822983694908 0.225696858114475
v 0.929088744487681 -0.503386875137632 0.225696858114475
v 0.834192871776333 -0.523732521720379 0.225696858114475
v 0.751877363555054 -0.558059615320179 0.225696858114475
v 0.693727560942532 -0.515983302398377 0.225696858114475
v 0.615257296275814 -0.533941470268645 0.225696858114475
v 0.525702281428601 -0.521453805352696 0.225696858114475
v 0.436157783681828 -0.504628669277983 0.225696858114475
v 0.348968390869078 -0.494915571120336 0.225696858114475
v 0.261453798326832 -0.489149941096197 0.225696858114475
v 0.175158351985511 -0.488515118190537 0.225696858114475
v 0.0906782787472955 -0.490317182961471 0.225696858114475
v 0.00725823374424692 -0.492190658970548 0.225696858114475
v -0.0752961040696033 -0.49403442164378 0.225696858114475
v -0.157023729444797 -0.496139684698579 0.225696858114475
v -0.237897968552222 -0.498794375475246 0.225696858114475
v -0.317967995609238 -0.502165354012155 0.225696858114475
v -0.397353297505181 -0.506405756047428 0.225696858114475
v -0.476228371923033 -0.511673705702433 0.225696858114475
v -0.554790582981234 -0.518157827021996 0.225696858114475
v -0.633261606910458 -0.526075771810937 0.225696858114475
v -0.711849008975972 -0.535625836768025 0.225696858114475
v -0.790759120408592 -0.547015369890619 0.225696858114475
v -0.870177220146564 -0.560436245278274 0.225696858114475
v -0.950283448092491 -0.576038816666374 0.225696858114475
v -1.03125339842039 -0.593994562699968 0.225696858114475
v -1.11327086010211 -0.614447302683432 0.225696858114475
v -1.19652313623162 -0.637573645488799 0.225696858114475
v -1.2812058507588 -0.663548263092592 0.225696858114475
v -1.36754790119695 -0.692599835900347 0.225696858114475
v -1.45567771436872 -0.724943418645907 0.225696858114475
v -1.54542459515211 -0.760002448262751 0.225696858114475
v -1.63605986268334 -0.794113893123154 0.225696858114475
v -1.72799635169906 -0.822631164050401 0.225696858114475
v -1.82246619024958 -0.844927830491244 0.225696858114475
v -1.91981448464904 -0.864266655497125 0.225696858114475
v -2.01909614496565 -0.881244350414843 0.225696858114475
v -2.11962861355305 -0.893027776989541 0.225696858114475
v -2.2212198369417 -0.899750115964307 0.225696858114475
v -2.32396577777866 -0.903555794076126 0.225696858114475
v -2.42809646398567 -0.905618134749402 0.225696858114475
v -2.53375298073048 -0.906572191251743 0.225696858114475
v -2.64067352659612 -0.906779530910709 0.225696858114475
v -2.74684656954925 -0.906410184862036 0.225696858114475
v -2.84364568922428 -0.905423370529906 0.225696858114475
v -2.91481865327061 -0.90308567310997 0.225696858114475
v -2.91481865327061 -0.897434782356592 0.36783906065176
v -2.91481865327061 -0.882856147280771 0.487215834928617
v -3.09006138731544 -0.904632308650135 0.487215834928617
v -3.22050952953837 -0.893026863032953 0.487215834928617
v -3.312738963198 -0.897354420306698 0.487215834928617
v 1.24597809231528 0.268928439977133 0.225149997133971
v 1.14317105427964 0.268928439977133 0.231194252689515
v 1.03510995062206 0.268928439977133 0.234568055571057
v 0.921469264838328 0.268928439977133 0.232898450777584
v 0.808311123087614 0.268928439977133 0.231448452519569
v 0.696274462339445 0.268928439977133 0.226554140897269
v 0.584924841815041 0.268928439977133 0.223569151826367
v 0.485239124106119 0.268928439977133 0.225696858114475
v 0.374917984479841 0.268928439977133 0.225696858114475
v 0.269649087595658 0.254805468251188 0.225696858114475
v 0.176604812365627 0.261888349603338 0.225696858114475
v 0.0869164668366592 0.264500476614857 0.225696858114475
v 0.000319596534222692 0.265676652765884 0.225696858114475
v -0.0835299235062936 0.265643918929009 0.225696858114475
v -0.165041327135635 0.264436113227863 0.225696858114475
v -0.244530806814731 0.261878849172252 0.225696858114475
v -0.32219259423824 0.257843958364325 0.225696858114475
v -0.398157251385622 0.252265289862033 0.225696858114475
v -0.472481623447322 0.245093981202116 0.225696858114475
v -0.545237871049885 0.236279506938508 0.225696858114475
v -0.616444538559518 0.22577604397035 0.225696858114475
v -0.686123132739015 0.213541082588776 0.225696858114475
v -0.754286173448276 0.199503749354899 0.225696858114475
v -0.820974975001935 0.183615543732019 0.225696858114475
v -0.886316626279838 0.165831149080778 0.225696858114475
v -0.950561520692064 0.146186680712237 0.225696858114475
v -1.01411948891283 0.124825598183658 0.225696858114475
v -1.0776457077512 0.102092341921371 0.225696858114475
v -1.14206760771708 0.0788194449540824 0.225696858114475
v -1.20854063691918 0.056481094283126 0.225696858114475
v -1.27849798486477 0.0368330486849663 0.225696858114475
v -1.35380060760965 0.0212984658912979 0.225696858114475
v -1.43625923035857 0.0103074675704938 0.225696858114475
v -1.52290198146653 0.00233096836370821 0.225696858114475
v -1.61950060914806 0.0122389119432427 0.225696858114475
v -1.7166823442978 0.0621585879383661 0.225696858114475
v -1.81903362593456 0.0621585879383661 0.225696858114475
v -1.92324176448695 0.0621585879383661 0.225696858114475
v -2.02967676282766 0.0621585879383661 0.225696858114475
v -2.13768045451514 0.0621585879383661 0.225696858114475
v -2.24727193888596 0.0621585879383661 0.225696858114475
v -2.35799363110111 0.0621585879383661 0.225696858114475
v -2.46942263664346 0.0621585879383661 0.225696858114475
v -2.58114486267014 0.0621585879383661 0.225696858114475
v -2.69199816211381 0.0621585879383661 0.225696858114475
v -2.79581844526034 0.0621585879383661 0.225696858114475
v -2.86820228554103 0.0621585879383661 0.290763425041775
v -2.91114487177009 0.0621585879383661 0.360838187013239
v -2.95647785345932 0.0621585879383661 0.423893674899334
v -3.04065274079474 0.0621585879383661 0.487215834928617
v -3.15790790693236 0.0621585879383661 0.487215834928617
v -3.28090636746652 0.0621585879383661 0.487215834928617
v -3.40186599462587 0.0621585879383661 0.487215834928617
v -3.51744220546322 0.0621585879383661 0.47611113243838
v 2.57581800859664 0.268928439977133 0.225696858114475
v 2.44680015274924 0.268928439977133 0.225696858114475
v 2.31386417842355 0.268928439977133 0.225696858114475
v 2.18356073682994 0.268928439977133 0.225696858114475
v 2.06563975476429 0.268928439977133 0.225696858114475
v 1.95154796920334 0.268928439977133 0.225696858114475
v 1.84032337946058 0.268928439977133 0.225696858114475
v 1.73120336311843 0.268928439977133 0.225696858114475
v 1.62356508059289 0.268928439977133 0.225696858114475
v 1.51666817227557 0.268928439977133 0.225696858114475
v 1.40795498663642 0.268928439977133 0.225696858114475
v 1.30549876776606 0.268928439977133 0.225696858114475
v -3.51280778409778 0.0621585879383661 0.487215834928617
v -3.62072814041976 0.0621585879383661 0.482588712596888
v -3.74818506663 0.0621585879383661 0.487215834928617
v -3.86851467902732 0.0181148264760597 0.487215834928617
v -3.97597030958428 0.0067097500687523 0.487215834928617
v 3.18350508237357 -0.115162104241821 0.261341101726389
v 3.0988656476129 -0.115162104241821 0.261341101726389
v 3.0122283689072 -0.0594355079224844 0.261341101726389
v 2.93434176530996 -0.0330541802131054 0.261341101726389
v 2.87108363889865 -0.0210730998359243 0.261341101726389
v 2.87108363889865 -0.0308795881862274 0.286136924223466
v 2.87108363889865 -0.0835752566265123 0.291732252775906
v 2.87108363889865 -0.25077106964472 0.269469846914788
v 2.87108363889865 -0.25077106964472 0.225696858114475
v 2.65936894313022 0.010770126855733 0.225696858114475
v 2.50566838451256 0.0992426905169592 0.225696858114475
v 2.36753133169562 0.141122420439326 0.225696858114475
v -3.84944803149398 -0.0532619206233512 0.487215834928617
v -3.95636595747259 -0.0730762066878007 0.487215834928617
v -4.07205228694009 -0.0500012725872497 0.487215834928617
v -4.17470188046445 -0.0742789628299879 0.487215834928617
v 4.18528384104314 -0.115162104241821 0.568946476777078
v 4.10283404493904 -0.115162104241821 0.521603520088945
v 4.14082078510173 -0.115162104241821 0.457462003196516
v 3.99186484259818 -0.115162104241821 0.493874216221278
v 4.05036692709047 -0.115162104241821 0.43500730697505
v 3.89080306511305 -0.115162104241821 0.461264177637711
v 3.95256065532637 -0.115162104241821 0.408033146883008
v 3.80529157243286 -0.115162104241821 0.426239074999961
v 3.84969362836959 -0.115162104241821 0.35599841425619
v 3.72890658398515 -0.115162104241821 0.457125902086094
v 3.73611582392817 -0.115162104241821 0.350415983017552
v -3.92980065071596 -0.17376119351035 0.487215834928617
v -4.0363281631955 -0.173800001317794 0.487215834928617
v -4.13713704060335 -0.182849400845261 0.487215834928617
v -4.23426492620324 -0.190523797812825 0.487215834928617
v -4.00769368422061 -0.292869899638893 0.487215834928617
v -4.10952792893563 -0.300491748942329 0.487215834928617
v -4.20653756941644 -0.310450243106385 0.487215834928617
v -4.28086835425081 -0.317466667862368 0.487215834928617
v 4.2404592822907 -0.115162104241821 0.557568332139561
v -3.97994927257812 -0.412954299408726 0.487215834928617
v -4.08320297725782 -0.418009561868507 0.487215834928617
v -4.18197422959565 -0.430713571283294 0.487215834928617
v -4.28086835425081 -0.441222004346012 0.487215834928617
v 4.2404592822907 -0.187242546288731 0.532338381584241
v -3.94750511719611 -0.536717284603498 0.487215834928617
v -4.05256583436516 -0.532536843794994 0.487215834928617
v -4.15004841032721 -0.549669881430065 0.487215834928617
v -4.23687539858466 -0.563855283579047 0.487215834928617
v 4.2404592822907 -0.237365766932534 0.500939645673025
v 4.2404592822907 -0.25077106964472 0.506654946080443
v 4.14559736229947 -0.25077106964472 0.51241006409352
v 4.05719077923584 -0.25077106964472 0.514825856944056
v 3.9611399419627 -0.25077106964472 0.498370913537637
v 3.86354202937913 -0.25077106964472 0.469979490580771
v -3.80923240185971 -0.666871791635084 0.487215834928617
v -3.92095822408992 -0.680095094691341 0.487215834928617
v -4.01266885831316 -0.639434910054056 0.487215834928617
v -4.10810470991276 -0.662580586533649 0.487215834928617
v 3.7591519412427 -0.25077106964472 0.417055728421392
v 3.64691561536324 -0.25077106964472 0.41064008273848
v 3.54181712312109 -0.25077106964472 0.408572736126284
v 3.44140277853178 -0.25077106964472 0.413121366171467
v 3.3527185183335 -0.25077106964472 0.434178506858494
v 3.2706580559171 -0.25077106964472 0.417242053754612
v 3.17795559344959 -0.25077106964472 0.414183703634836
v 3.08751892167855 -0.25077106964472 0.410060348538206
v 3.00302248548632 -0.25077106964472 0.402721384650231
v 2.92790851600321 -0.25077106964472 0.392469456308522
v 2.86446758775219 -0.25077106964472 0.367069744874456
v 2.79399185397654 -0.25077106964472 0.33491127410611
v 2.7246401531751 -0.25077106964472 0.308438165394396
v 2.65642695915702 -0.25077106964472 0.288600524450983
v 2.57579978649437 -0.25077106964472 0.250866054155534
v 2.48992877880009 -0.25077106964472 0.225696858114475
v 2.38582223381651 -0.393526210915837 0.225696858114475
v -3.73711371444247 -0.782300356275429 0.487215834928617
v -3.85260781661472 -0.80223220054654 0.487215834928617
v -3.95937911330362 -0.807685305921991 0.487215834928617
v -4.03763308734739 -0.757122180368019 0.487215834928617
v 2.42437889063758 -0.448265765982603 0.225696858114475
v 2.33691707308184 -0.527748256828795 0.225696858114475
v 2.27901562979659 -0.510183990790961 0.225696858114475
v 2.19660052563986 -0.548291898573844 0.225696858114475
v 2.10148759008616 -0.557018536490585 0.225696858114475
v 2.00106382246704 -0.558102907525402 0.225696858114475
v 1.89907841834403 -0.556986240469109 0.225696858114475
v 1.79646297310072 -0.555011723884342 0.225696858114475
v 1.69304076410054 -0.552379450892941 0.225696858114475
v 1.58803050576091 -0.548617620316098 0.225696858114475
v 1.47999453240768 -0.542621094668295 0.225696858114475
v 1.36648939018859 -0.533509825156516 0.225696858114475
v -3.40338682150263 -0.893222141414624 0.487215834928617
v -3.51722334936406 -0.896298774156757 0.487215834928617
v -3.64136088085887 -0.880621348281723 0.487215834928617
v -3.7606932736439 -0.914498321327788 0.487215834928617
v -3.85210130304654 -0.906211196869598 0.487215834928617
v 1.26766905961093 -0.583814141496534 0.225696858114475
v 1.17189358564834 -0.574571828509878 0.225696858114475
v 1.07082997524275 -0.572381030779752 0.225696858114475
v 0.967863912253464 -0.579015098156018 0.225696858114475
v 0.869928761217237 -0.593927014769752 0.225696858114475
v 0.773643617897862 -0.643116763973995 0.225696858114475
v 0.672087348669309 -0.643116763973995 0.225696858114475
v 0.577113135429218 -0.643116763973995 0.225696858114475
v 0.483574218180985 -0.59139887242501 0.225696858114475
v 0.400008121018258 -0.574132891934697 0.225696858114475
v 0.313625321789331 -0.561494791347894 0.225696858114475
v 0.226549126543138 -0.559247954850724 0.225696858114475
v 0.142234489708266 -0.562272467498291 0.225696858114475
v 0.0588216753599585 -0.564897006379987 0.225696858114475
v -0.0238364390952121 -0.566812584962924 0.225696858114475
v -0.105800760414828 -0.568394789032728 0.225696858114475
v -0.186912544584804 -0.570290844013316 0.225696858114475
v -0.267160490699817 -0.572730943987205 0.225696858114475
v -0.346644962364167 -0.575869432573999 0.225696858114475
v -0.425569576090555 -0.579878662464699 0.225696858114475
v -0.504163449673099 -0.584962366865637 0.225696858114475
v -0.582675674451371 -0.591356313065934 0.225696858114475
v -0.661351327427089 -0.599310547147206 0.225696858114475
v -0.740418048010003 -0.609074690461952 0.225696858114475
v -0.820073528505229 -0.620893296990764 0.225696858114475
v -0.900498154915639 -0.634984985394253 0.225696858114475
v -0.981853850550592 -0.651568996870552 0.225696858114475
v -1.06429692872117 -0.670877091480413 0.225696858114475
v -1.14799803391065 -0.693199300035425 0.225696858114475
v -1.23313913305234 -0.718898921380405 0.225696858114475
v -1.31994186147866 -0.748389105012241 0.225696858114475
v -1.40874209102087 -0.782381285921612 0.225696858114475
v -1.49976285705505 -0.821575160391863 0.225696858114475
v -1.59259204938789 -0.865034653684158 0.225696858114475
v -1.68527897422806 -0.903865379545242 0.225696858114475
v -1.77939620275336 -0.931210299087837 0.225696858114475
v -1.87703076815672 -0.952181541596686 0.225696858114475
v -1.9766254602437 -0.97697615490929 0.225696858114475
v -2.07711444242939 -0.995956226999288 0.225696858114475
v -2.17812944156506 -1.00288907037714 0.225696858114475
v -2.27977288933469 -1.00618563827131 0.225696858114475
v -2.38237081261222 -1.00789885144628 0.225696858114475
v -2.48633665215244 -1.00876462153719 0.225696858114475
v -2.59229421664701 -1.00909951326765 0.225696858114475
v -2.70134357426851 -1.00907604007371 0.225696858114475
v -2.81477173570679 -1.00872271429749 0.225696858114475
v -2.91481865327061 -1.00773347093526 0.225696858114475
v -2.91481865327061 -1.00515903811605 0.338897067134975
v -2.91481865327061 -0.998695930060877 0.487215834928617
v -2.99537333032371 -0.998867244609909 0.487215834928617
v -3.10388166249899 -1.02003624121126 0.487215834928617
v -3.20638732223736 -1.00315894517383 0.487215834928617
v -3.32379221052438 -0.995691106584609 0.487215834928617
v -3.4503336354246 -0.997728633964129 0.487215834928617
v 0.367794974657699 0.268928439977133 0.220261746351168
v 0.286315541642656 0.268928439977133 0.225696858114475
v 0.183210313346427 0.306073428541785 0.225696858114475
v 0.0960586200984862 0.322066057251178 0.225696858114475
v 0.00992642896235962 0.32961759772244 0.225696858114475
v -0.0739996202125968 0.333156852940081 0.225696858114475
v -0.155822291943662 0.334183714025608 0.225696858114475
v -0.235710034243479 0.333324188092437 0.225696858114475
v -0.313754144006815 0.330691139183897 0.225696858114475
v -0.389980781997868 0.326331776666163 0.225696858114475
v -0.464420602270563 0.320255248016178 0.225696858114475
v -0.537100025022471 0.312439763415318 0.225696858114475
v -0.608046594188365 0.302879146977136 0.225696858114475
v -0.677249063977432 0.291554521627802 0.225696858114475
v -0.744643078268737 0.278408366257946 0.225696858114475
v -0.810145406155426 0.263337354574966 0.225696858114475
v -0.873753980191388 0.246201905685573 0.225696858114475
v -0.935569037432359 0.226897028023322 0.225696858114475
v -0.995848694019481 0.205392550071989 0.225696858114475
v -1.05505045849188 0.18166329721629 0.225696858114475
v -1.11406887809542 0.155966687044278 0.225696858114475
v -1.17420322706757 0.129336015794297 0.225696858114475
v -1.23707059128076 0.10302060355827 0.225696858114475
v -1.30533365650264 0.0788702428622833 0.225696858114475
v -1.38380983343525 0.0593581669551537 0.225696858114475
v -1.47543155139017 0.0490943224649048 0.225696858114475
v -1.5615708228975 0.0441723497727834 0.225696858114475
v -1.64597129806332 0.0621585879383661 0.225696858114475
v -1.74656644019806 0.0621585879383661 0.215238665625163
v -1.84840942025481 0.0621585879383661 0.208617787368808
v -1.95456872972313 0.0621585879383661 0.206465928021982
v -2.06188388480805 0.0621585879383661 0.20626048314708
v -2.17120799014191 0.0621585879383661 0.208303862197241
v -2.2814408506311 0.0621585879383661 0.21077260552653
v -2.39162900203298 0.0621585879383661 0.213450421818378
v -2.50085285855368 0.0621585879383661 0.216810916133506
v -2.60765417417233 0.0621585879383661 0.222046912927398
v -2.70873609391603 0.0621585879383661 0.232492915916218
v -2.79723441282804 0.0621585879383661 0.260665453659663
v -2.86999290388626 0.0621585879383661 0.306923535475702
v -2.93647725731428 0.0621585879383661 0.356633120001295
v -3.01327795493739 0.0621585879383661 0.402808281082443
v -3.10856491432692 0.0621585879383661 0.432307855953327
v -3.21885553673172 0.0621585879383661 0.443938716442675
v -3.34018658943028 0.0621585879383661 0.446634326782362
v 2.33420121183921 0.268928439977133 0.199289756567041
v 2.23979649364109 0.268928439977133 0.210902842898177
v 2.13658401430357 0.268928439977133 0.207668544584487
v 2.02422772148504 0.268928439977133 0.210285674712727
v 1.91211350355206 0.268928439977133 0.211735683615857
v 1.8013161307788 0.268928439977133 0.212555566415372
v 1.69128411503265 0.268928439977133 0.212973976787556
v 1.58063388982282 0.268928439977133 0.212954971731958
v 1.4665891862504 0.268928439977133 0.213258192318121
v 1.34654055408923 0.268928439977133 0.213639303645599
v -3.58743433682387 0.0621585879383661 0.453383614825464
v -3.69895007834258 0.0621585879383661 0.465790667348729
v -3.81316175547299 0.0621585879383661 0.487215834928617
v -3.93346877166103 0.0621585879383661 0.487215834928617
v 3.2252082724958 -0.0459241366076357 0.261341101726389
v 3.1346325508957 -0.0336190937642103 0.261341101726389
v 3.05330159551826 -0.0105347626544749 0.261341101726389
v 2.97793117822996 0.0190181564116038 0.261341101726389
v 2.91443427337343 0.0425800125011922 0.261341101726389
v 2.87108363889865 0.0629583594784735 0.261341101726389
v 2.87108363889865 0.0812656615860221 0.261341101726389
v 2.87108363889865 0.0930931066166415 0.258274620712035
v 2.87108363889865 0.268928439977133 0.225696858114475
v 2.70050300639166 0.268928439977133 0.225696858114475
v -4.05120362342715 0.0621585879383661 0.487215834928617
v -4.1680709436329 0.0621585879383661 0.487215834928617
v -4.28086835425081 0.0621585879383661 0.487215834928617
v 3.87339632267215 -0.115162104241821 0.261341101726389
v 3.77627324676846 -0.115162104241821 0.261341101726389
v 3.62718214362217 -0.115162104241821 0.332843049792412
v 3.67518351841389 -0.115162104241821 0.261341101726389
v 3.52511572357641 -0.115162104241821 0.33328280207617
v 3.57427741806408 -0.115162104241821 0.261341101726389
v 3.42422948697717 -0.115162104241821 0.327816233394356
v 3.47187226501567 -0.115162104241821 0.261341101726389
v 3.32900926825942 -0.115162104241821 0.318771684358378
v 3.37573822391244 -0.115162104241821 0.261341101726389
v 3.23718951214112 -0.115162104241821 0.309009461022837
v 3.28116710982576 -0.115162104241821 0.261341101726389
v -4.28086835425081 -0.0637198502713604 0.487215834928617
v -4.28086835425081 -0.0690724919604888 0.459528036053376
v 4.2404592822907 -0.115162104241821 0.497273699945018
v 4.19322504774902 -0.115162104241821 0.421893650337319
v -4.28086835425081 -0.192952016177983 0.487215834928617
v 4.2404592822907 -0.115162104241821 0.437285030521644
v -4.28086835425081 -0.32698009577948 0.465290340236781
v 4.2404592822907 -0.145303865416102 0.485726137863715
v -4.28086835425081 -0.450241350183491 0.472784752240219
v 4.2404592822907 -0.201680700987428 0.458200037123533
v -4.28086835425081 -0.573201893576044 0.487215834928617
v 4.2404592822907 -0.25077106964472 0.437985051115196
v -4.19765488763107 -0.687455177980071 0.487215834928617
v 4.18281640141654 -0.25077106964472 0.437015991731422
v 4.0941227496893 -0.25077106964472 0.435833416496756
v 4.01331459055089 -0.25077106964472 0.434983757121626
v 3.9359043101256 -0.25077106964472 0.400561349692945
v 3.85636708126799 -0.25077106964472 0.357171399690831
v 3.78210881369297 -0.25077106964472 0.309727432222205
v 3.69219600686568 -0.25077106964472 0.317704089028588
v 3.59026592297828 -0.25077106964472 0.314465765800732
v 3.48268646752129 -0.25077106964472 0.315173078069394
v 3.36739068810501 -0.25077106964472 0.328252650916624
v -4.13285651619118 -0.797265340229413 0.487215834928617
v -4.22546799024177 -0.826356656770012 0.487215834928617
v 3.25959866514894 -0.25077106964472 0.317355120519179
v 3.16384300466393 -0.25077106964472 0.313917154151924
v 3.07708786072248 -0.25077106964472 0.311526996649353
v 2.9951047691803 -0.25077106964472 0.309150185550516
v 2.92008778760569 -0.25077106964472 0.301813263655836
v 2.84613512465428 -0.25077106964472 0.288431717315675
v 2.76889661132062 -0.25077106964472 0.271696757456234
v 2.68366487891799 -0.25077106964472 0.256990849501986
v 2.59970335220608 -0.25077106964472 0.225696858114475
v 2.50869898452762 -0.25077106964472 0.225696858114475
v -3.94349138704043 -0.908619021018535 0.487215834928617
v -4.04968969178953 -0.896943158747866 0.487215834928617
v -4.14684548224136 -0.924502561489624 0.487215834928617
v 2.41352489124289 -0.643116763973995 0.225696858114475
v 2.33728174555675 -0.643116763973995 0.225696858114475
v 2.2410526614176 -0.643116763973995 0.225696858114475
v 2.13576130903222 -0.643116763973995 0.225696858114475
v 2.03116862822686 -0.643116763973995 0.225696858114475
v 1.92809058967588 -0.643116763973995 0.225696858114475
v 1.8259658540313 -0.643116763973995 0.225696858114475
v 1.72424415581243 -0.643116763973995 0.225696858114475
v 1.62253284901936 -0.643116763973995 0.225696858114475
v 1.5206287646083 -0.643116763973995 0.225696858114475
v 1.41885406255546 -0.643116763973995 0.225696858114475
v 1.32071702231978 -0.643116763973995 0.225696858114475
v -3.57189521347736 -0.997125765014555 0.487215834928617
v -3.67251929932685 -1.00687219271688 0.487215834928617
v -3.77128174944252 -1.02384056988691 0.487215834928617
v -3.87242603186269 -0.99636108679142 0.487215834928617
v 1.20508749852589 -0.643116763973995 0.225696858114475
v 1.10526534086311 -0.643116763973995 0.225696858114475
v 1.00410265057997 -0.643116763973995 0.225696858114475
v 0.909190385258352 -0.643116763973995 0.225696858114475
v 0.81267600595139 -0.643116763973995 0.225696858114475
v 0.712928821827004 -0.643116763973995 0.223772176081862
v 0.618816317843538 -0.643116763973995 0.222651250413308
v 0.535253479480891 -0.643116763973995 0.225696858114475
v 0.459576061729462 -0.643116763973995 0.225696858114475
v 0.377438426533734 -0.616435858466613 0.225696858114475
v 0.287632547887545 -0.614278890967753 0.225696858114475
v 0.20350543042601 -0.622052122225866 0.225696858114475
v 0.119439484268818 -0.628154192175992 0.225696858114475
v 0.036204216506073 -0.631853980687513 0.225696858114475
v -0.0465154418665691 -0.633726374926275 0.225696858114475
v -0.128203071217419 -0.635159282036383 0.225696858114475
v -0.208762370362325 -0.636806976844892 0.225696858114475
v -0.288331260293936 -0.638892416761323 0.225696858114475
v -0.367182744667541 -0.641611141876091 0.225696858114475
v -0.445596794336937 -0.645194622129347 0.225696858114475
v -0.523883176831163 -0.649912862619859 0.225696858114475
v -0.602350409487252 -0.656061721495069 0.225696858114475
v -0.681265779382351 -0.663938622627366 0.225696858114475
v -0.760854198121206 -0.673849282825753 0.225696858114475
v -0.841311216295286 -0.686070875081013 0.225696858114475
v -0.922787250226119 -0.700860201975045 0.225696858114475
v -1.0054223047066 -0.718492382363913 0.225696858114475
v -1.08936190514381 -0.739309203717736 0.225696858114475
v -1.1747806780445 -0.763799233678564 0.225696858114475
v -1.26186019291408 -0.792593579191595 0.225696858114475
v -1.35091382118006 -0.826480586091294 0.225696858114475
v -1.44262079170113 -0.867027526121674 0.225696858114475
v -1.53754361620406 -0.915895689071734 0.225696858114475
v -1.63510443646696 -0.972550352898235 0.225696858114475
v -1.73005889198231 -1.01072870695093 0.225696858114475
v -1.82952368245783 -1.02667718603584 0.225696858114475
v -1.93033623084022 -1.04624907764395 0.225696858114475
v -2.03130869960864 -1.09858866963702 0.225696858114475
v -2.13213348093595 -1.09858866963702 0.225696858114475
v -2.23297851007965 -1.09858866963702 0.225696858114475
v -2.3342194579756 -1.09858866963702 0.225696858114475
v -2.43631774302164 -1.09858866963702 0.225696858114475
v -2.53992638409716 -1.09858866963702 0.225696858114475
v -2.6465727020586 -1.09858866963702 0.225696858114475
v -2.76178281634635 -1.09858866963702 0.225696858114475
v -2.91481865327061 -1.09858866963702 0.225696858114475
v -2.91481865327061 -1.09858866963702 0.300121163463119
v -2.91481865327061 -1.09858866963702 0.392093626847223
v -2.91481865327061 -1.09858866963702 0.487215834928617
v -3.05497673679027 -1.09858866963702 0.487215834928617
v -3.17346379183343 -1.09858866963702 0.487215834928617
v -3.28765335761985 -1.09858866963702 0.487215834928617
v -3.39940194659269 -1.09858866963702 0.487215834928617
v -3.50615948021511 -1.09858866963702 0.487215834928617
v 0.165083466319217 0.3715084361951 0.225696858114475
v 0.09675674059293 0.380501670459357 0.225696858114475
v 0.0166573282496477 0.394691434317121 0.225696858114475
v -0.0648154241861133 0.402456782250108 0.225696858114475
v -0.145753911189023 0.406199464427511 0.225696858114475
v -0.225541449037377 0.407240989586718 0.225696858114475
v -0.303844974090123 0.406175958777677 0.225696858114475
v -0.380410341759539 0.403208480853567 0.225696858114475
v -0.455083112780461 0.39837120716274 0.225696858114475
v -0.527842858794563 0.391662818585408 0.225696858114475
v -0.598720926811771 0.383084255595608 0.225696858114475
v -0.66772838205759 0.372694936568393 0.225696858114475
v -0.73477778829428 0.360542098385568 0.225696858114475
v -0.79961392313538 0.346514222619735 0.225696858114475
v -0.862027842216831 0.330362772675453 0.225696858114475
v -0.921968445312767 0.311806592148098 0.225696858114475
v -0.979499982594843 0.290692813755088 0.225696858114475
v -1.0348380151382 0.266847692477863 0.225696858114475
v -1.08839619407386 0.239788100595776 0.225696858114475
v -1.14146629415186 0.209656414480232 0.225696858114475
v -1.19570309470574 0.1771351559074 0.225696858114475
v -1.25312420787291 0.141583903194798 0.225696858114475
v -1.31988864165188 0.100819623580844 0.225696858114475
v -1.41692009500874 0.0724733315623604 0.225696858114475
v 1.22834063785951 0.268928439977133 0.21136517647101
v 1.11247022960758 0.268928439977133 0.21654025218405
v 0.998960238472187 0.268928439977133 0.227434531549097
v 0.873895133615263 0.268928439977133 0.229718644285681
v 0.894233008342159 0.268928439977133 0.20343060466926
v 0.748449321502969 0.268928439977133 0.223533373160908
v 0.793486457441589 0.268928439977133 0.209241116704669
v 0.628918403688645 0.268928439977133 0.217228218540032
v 0.674716606977654 0.268928439977133 0.20529685444108
v 0.520232102608697 0.268928439977133 0.213062994138132
v 0.550231243505391 0.268928439977133 0.203919072333401
v 0.438348326852001 0.268928439977133 0.221392091990893
v 0.428446734566447 0.268928439977133 0.21200224582229
v -3.46159136767607 0.0621585879383661 0.44858594377315
v -3.42500764219271 0.0621585879383661 0.400416617174795
v -3.53281696812092 0.0621585879383661 0.40687860894377
v -3.64561796537071 0.0621585879383661 0.415324277419941
v -3.7641922863623 0.0621585879383661 0.424447326681854
v 3.51856522280709 -0.0401396894411594 0.261341101726389
v 3.41393994061587 -0.0199802884157205 0.261341101726389
v 3.33029959471002 0.00946156558849831 0.261341101726389
v 3.25150373331321 0.0201510832566102 0.261341101726389
v 3.16803201399736 0.042324927996723 0.261341101726389
v 3.08833608267946 0.0628158046248757 0.261341101726389
v 3.01372764892661 0.083285957698038 0.261341101726389
v 2.94641009468447 0.105342842511218 0.261341101726389
v 2.89174077358012 0.130977647145368 0.261341101726389
v 2.8597298066194 0.173980009058851 0.261341101726389
v 2.87108363889865 0.268928439977133 0.261341101726389
v 2.87108363889865 0.268928439977133 0.228757571262638
v 2.72479397340355 0.268928439977133 0.204309842579561
v 2.5387740863587 0.268928439977133 0.208024729311804
v 2.60332130894519 0.268928439977133 0.192300270009635
v 2.41764302039 0.268928439977133 0.210012067079954
v 2.46874141322262 0.268928439977133 0.179483066411084
v -4.01205181112836 0.0621585879383661 0.439304890006423
v -4.11541447655653 0.0621585879383661 0.449481580666722
v -4.2103771182315 0.0621585879383661 0.433020549762821
v 3.90931916274031 -0.115162104241821 0.261341101726389
v 3.80711486423636 -0.101345968699587 0.261341101726389
v 3.70542035031546 -0.0901665112585535 0.261341101726389
v 3.60755089086759 -0.0803812926708038 0.261341101726389
v 3.51814467627202 -0.083229616926116 0.261341101726389
v 3.42960817127023 -0.0720124809371547 0.261341101726389
v 3.32778145309706 -0.0549218277653533 0.261341101726389
v -4.28086835425081 0.0621585879383661 0.421188342666322
v 4.1079632404951 -0.115162104241821 0.380252491265185
v 4.12869679094562 -0.115162104241821 0.316738060628931
v 4.01643735276811 -0.115162104241821 0.35560159631653
v 4.05351543878756 -0.115162104241821 0.308152370681101
v 3.93194810753281 -0.115162104241821 0.331438630567239
v 3.97050952741957 -0.115162104241821 0.286905579706504
v -4.28086835425081 -0.0802563436035515 0.407846007240553
v 4.2404592822907 -0.115162104241821 0.377738734153539
v -4.28086835425081 -0.215096000953138 0.430138051470368
v 4.2404592822907 -0.163120515196022 0.414753316201279
v 4.2404592822907 -0.21102263816728 0.398876321004913
v 4.2404592822907 -0.240104565494805 0.376728758867122
v -4.28086835425081 -0.693531622932909 0.487215834928617
v 4.2404592822907 -0.25077106964472 0.382823679231079
v 4.17629294195693 -0.25077106964472 0.368278640665635
v 4.10854402428109 -0.25077106964472 0.376011402581053
v 4.02031969646921 -0.25077106964472 0.359180678972608
v -4.28086835425081 -0.803590089717763 0.487215834928617
v 3.93978371776097 -0.25077106964472 0.304438581984427
v 3.85660283979708 -0.25077106964472 0.225696858114475
v 3.75483664723834 -0.25077106964472 0.225696858114475
v 3.65065031686758 -0.25077106964472 0.225696858114475
v 3.54547870524895 -0.25077106964472 0.225696858114475
v 3.43644918698877 -0.25077106964472 0.225696858114475
v 3.33550777829876 -0.25077106964472 0.225696858114475
v -4.23636922099314 -0.958994711775077 0.487215834928617
v 3.49616294869986 -0.275991208859703 0.225696858114475
v 3.39725031973665 -0.284240875658147 0.225696858114475
v 3.3040562874491 -0.286157072471525 0.225696858114475
v 3.23663611916654 -0.25077106964472 0.225696858114475
v 3.15271856800193 -0.25077106964472 0.225696858114475
v 3.06519037175112 -0.25077106964472 0.225696858114475
v 2.98203283020411 -0.25077106964472 0.225696858114475
v 2.90191345978215 -0.25077106964472 0.225696858114475
v 2.82133222233828 -0.25077106964472 0.225696858114475
v 2.73598370405968 -0.25077106964472 0.225696858114475
v 2.64732366008448 -0.25077106964472 0.225696858114475
v 2.56159623452353 -0.643116763973995 0.225696858114475
v 2.48065223758876 -0.643116763973995 0.225696858114475
v 2.38796357711711 -0.643116763973995 0.221455125244043
v 2.29363972481735 -0.643116763973995 0.223702048594593
v -3.99193244903708 -1.0019444532773 0.487215834928617
v -4.09220195364147 -1.0273000238026 0.487215834928617
v -4.18422456814655 -1.03635941284775 0.487215834928617
v 2.17226708098864 -0.643116763973995 0.230660686367143
v 2.06135559770261 -0.643116763973995 0.224875644019581
v 1.95623184909391 -0.643116763973995 0.220582570477114
v 1.85406756339614 -0.643116763973995 0.217314313670778
v 1.75332529267657 -0.643116763973995 0.214899862054258
v 1.65352055357141 -0.643116763973995 0.212842115729488
v 1.55508741526526 -0.643116763973995 0.210674857483099
v 1.45947122899994 -0.643116763973995 0.208661148930812
v 1.36968738946796 -0.643116763973995 0.208881396178726
v 1.27470009015105 -0.643116763973995 0.210787735238558
v 1.19190991882514 -0.643116763973995 0.200284792625477
v 1.11197174569264 -0.643116763973995 0.202475098169819
v 1.03322519642946 -0.643116763973995 0.204056987104714
v 0.947751055981181 -0.643116763973995 0.197571844000817
v 0.853764698764752 -0.643116763973995 0.202275399224881
v 0.753556110141642 -0.643116763973995 0.208739469250424
v 0.653293796352531 -0.643116763973995 0.214130490943736
v 0.545849028089064 -0.643116763973995 0.215268251221813
v -3.38855030093642 -1.09858866963702 0.456748306172007
v -3.48430440583704 -1.09858866963702 0.4521471520911
v -3.59903085590299 -1.09858866963702 0.487215834928617
v -3.71751113585892 -1.09858866963702 0.487215834928617
v -3.83446967397136 -1.09858866963702 0.487215834928617
v -3.93101670905297 -1.06557028675933 0.487215834928617
v 0.445860020281303 -0.643116763973995 0.225696858114475
v 0.35532045988448 -0.651194343472393 0.225696858114475
v 0.273530269899786 -0.667837180298151 0.225696858114475
v 0.186191645635888 -0.682407294393366 0.225696858114475
v 0.101220390034385 -0.692322946267141 0.225696858114475
v 0.0164232120551099 -0.695774362083248 0.225696858114475
v -0.0667006641943304 -0.697540517361957 0.225696858114475
v -0.147975464066575 -0.698719899886232 0.225696858114475
v -0.22772873304773 -0.699900309055283 0.225696858114475
v -0.306432294068137 -0.70134976147072 0.225696858114475
v -0.384479558244844 -0.703384706447638 0.225696858114475
v -0.462271552556841 -0.706286799146141 0.225696858114475
v -0.540199157874827 -0.710399299792893 0.225696858114475
v -0.618600458481965 -0.716100854704167 0.225696858114475
v -0.697757576502922 -0.723758348977186 0.225696858114475
v -0.777889291329805 -0.733713852927215 0.225696858114475
v -0.859157119613256 -0.746273956800658 0.225696858114475
v -0.941675093856034 -0.761727992733192 0.225696858114475
v -1.02556068928831 -0.780382093090116 0.225696858114475
v -1.11095062332643 -0.802746288877196 0.225696858114475
v -1.19801400069561 -0.829610073544666 0.225696858114475
v -1.286892679994 -0.861939862793552 0.225696858114475
v -1.37796329890586 -0.900821287750021 0.225696858114475
v -1.47269211977779 -0.949093586036684 0.225696858114475
v -1.5723684892369 -1.01051500485484 0.225696858114475
v -1.67789451957833 -1.09858866963702 0.225696858114475
v -1.7834914683404 -1.09858866963702 0.225696858114475
v -1.88626495000348 -1.09858866963702 0.225696858114475
v -1.98788289428055 -1.09858866963702 0.225696858114475
v -2.08865327464748 -1.09858866963702 0.219529836726593
v -2.18889345463625 -1.09858866963702 0.217249019355513
v -2.28901058803026 -1.09858866963702 0.216155152265963
v -2.38940337905461 -1.09858866963702 0.216025328632443
v -2.49045849809522 -1.09858866963702 0.216924228821429
v -2.59263614074512 -1.09858866963702 0.219237597309273
v -2.69668610544522 -1.09858866963702 0.224183435457555
v -2.80189555761311 -1.09858866963702 0.235530815749418
v -2.87798847950412 -1.09858866963702 0.267906891657243
v -2.91943975910215 -1.09858866963702 0.323246577180289
v -2.95993388462043 -1.09858866963702 0.382532327269374
v -3.03197160819298 -1.09858866963702 0.418810144745549
v -3.13441197588229 -1.09858866963702 0.431675285480394
v -3.2364431491122 -1.09858866963702 0.439282916541544
v -3.32544720671856 -1.09858866963702 0.43351066374861
v 0.208684444509187 3.98856882843148 0.225696858114475
v 0.126673263360599 3.9698459866687 0.225696858114475
v 0.0373464581154847 3.98856882843148 0.225696858114475
v -0.0593419151587581 3.98856882843148 0.225696858114475
v -0.16343502593499 3.98856882843148 0.225696858114475
v -0.275051037452872 3.96563785115315 0.225696858114475
v -0.394549779535158 3.96814228013899 0.225696858114475
v -0.521924437817533 3.98856882843148 0.225696858114475
v -0.646888492627148 3.98856882843148 0.225696858114475
v 0.156995156926428 3.91565253047914 0.225696858114475
v 0.0700280424629584 3.91175316061037 0.225696858114475
v -0.0243222691680396 3.91336499569755 0.225696858114475
v -0.12558379500043 3.91298663779347 0.225696858114475
v -0.233831395676124 3.90984937847403 0.225696858114475
v -0.349362774720849 3.91029574093879 0.225696858114475
v -0.47300320003067 3.92324487713759 0.225696858114475
v -0.605241249394207 3.94511065686228 0.225696858114475
v -0.747517898142992 3.98856882843148 0.225696858114475
v 0.185404350710485 3.84245474071851 0.225696858114475
v 0.100811924363192 3.8358444662903 0.225696858114475
v 0.00886550663169349 3.83318370461794 0.225696858114475
v -0.0894903623595838 3.83258086847507 0.225696858114475
v -0.194238045694182 3.83311220304582 0.225696858114475
v -0.305529166044682 3.83624690185648 0.225696858114475
v -0.424129359500839 3.84637110530036 0.225696858114475
v -0.55201040891437 3.86742004423586 0.225696858114475
v -0.691726710974939 3.90883321632654 0.225696858114475
v -0.844550009327891 3.98856882843148 0.225696858114475
v 0.215727632761704 3.75492415869223 0.225696858114475
v 0.131749140635284 3.75349172555331 0.225696858114475
v 0.0412501519260991 3.75089354763613 0.225696858114475
v -0.0544529768695272 3.74897392051285 0.225696858114475
v -0.155787098056748 3.74969995832278 0.225696858114475
v -0.262668468093253 3.75303253600232 0.225696858114475
v -0.375439561152536 3.76101306796344 0.225696858114475
v -0.495292034363383 3.77743757432967 0.225696858114475
v -0.625198723290698 3.80463732839275 0.225696858114475
v -0.762818815692829 3.83937950563236 0.225696858114475
v -0.906827792186704 3.85950422384183 0.225696858114475
v 0.16435645603688 3.66431207547433 0.225696858114475
v 0.0748939551956359 3.66522907317879 0.225696858114475
v -0.0180325847003314 3.66213812976929 0.225696858114475
v -0.116114529296751 3.6622867016808 0.225696858114475
v -0.219144250539034 3.66468900703262 0.225696858114475
v -0.326845746892905 3.67042438113851 0.225696858114475
v -0.439405888769454 3.68190400218231 0.225696858114475
v -0.557372951080062 3.70355710680568 0.225696858114475
v -0.682484085468224 3.72207691587097 0.225696858114475
v -0.805849721764023 3.73170744816606 0.225696858114475
v -0.930367430119276 3.738945194297 0.225696858114475
v 0.201374780808465 3.56814426746805 0.225696858114475
v 0.112828673462429 3.57650334314903 0.225696858114475
v 0.024034627206374 3.57122177741193 0.225696858114475
v -0.0704069558680089 3.57089725136686 0.225696858114475
v -0.169805933161387 3.57233784016239 0.225696858114475
v -0.274246911675377 3.57623409262517 0.225696858114475
v -0.382560299624078 3.58393112506748 0.225696858114475
v -0.494670431451111 3.59874367606342 0.225696858114475
v -0.607390206820848 3.62467407711406 0.225696858114475
v -0.700061559792679 3.60672532964331 0.225696858114475
v -0.827872712338386 3.62339288405395 0.225696858114475
v -0.940709463751302 3.62787958946509 0.225696858114475
v 0.1531401446891 3.48617225344195 0.225696858114475
v 0.0766532096607968 3.47608394589363 0.225696858114475
v -0.0135289214732595 3.47579438484487 0.225696858114475
v -0.108973122242439 3.47603220966184 0.225696858114475
v -0.210460346313042 3.47975227436969 0.225696858114475
v -0.317882576055415 3.48463496118887 0.225696858114475
v -0.429869786240943 3.49596783315364 0.225696858114475
v -0.552509662482604 3.52085381807785 0.225696858114475
v -0.641127152539937 3.49675835535936 0.225696858114475
v -0.739132476307611 3.50466770053446 0.225696858114475
v -0.847930548580494 3.51787278174328 0.225696858114475
v -0.948902778509092 3.51907960831319 0.225696858114475
v 0.16320993975994 3.38351887960522 0.225696858114475
v 0.0619575627885182 3.38118715442273 0.225696858114475
v -0.0340137590190272 3.37709235514605 0.225696858114475
v -0.133610167842221 3.38058504633447 0.225696858114475
v -0.237950543783345 3.38710544537477 0.225696858114475
v -0.347971590374544 3.39073655800926 0.225696858114475
v -0.455303590820279 3.40563045495269 0.225696858114475
v -0.557932884503425 3.42185011212641 0.225696858114475
v -0.635123652067869 3.38262021893339 0.225696858114475
v -0.750924669894027 3.40296745118313 0.225696858114475
v -0.858775307743927 3.41244154570722 0.225696858114475
v -0.954232640704398 3.41146224606011 0.225696858114475
v 0.127102770114067 3.29219375274469 0.225696858114475
v 0.044633833641344 3.27749510665564 0.225696858114475
v -0.0513766652711652 3.27914287567947 0.225696858114475
v -0.152997295580154 3.28710629087781 0.225696858114475
v -0.259734953046736 3.29865213261365 0.225696858114475
v -0.373572743979083 3.29287974897712 0.225696858114475
v -0.500231563619805 3.32517972742944 0.225696858114475
v -0.552850538313847 3.264750507514 0.225696858114475
v -0.665830092785741 3.2922307009823 0.225696858114475
v -0.77359510414193 3.30439633009008 0.225696858114475
v -0.874497679293328 3.30970033377735 0.225696858114475
v -0.963756049275896 3.30962312660828 0.225696858114475
v 0.144351695929018 3.18363191808724 0.225696858114475
v 0.0367703428945048 3.17763313023808 0.225696858114475
v -0.0677587330512764 3.18371983518332 0.225696858114475
v -0.170041933282923 3.1971379576536 0.225696858114475
v -0.269935420515387 3.2172536480723 0.225696858114475
v -0.326549139358915 3.17229296707395 0.225696858114475
v -0.433553166567106 3.22243377730659 0.225696858114475
v -0.487066031208517 3.15656084593463 0.225696858114475
v -0.595756966921654 3.18383312236653 0.225696858114475
v -0.699435976287618 3.19823495758555 0.225696858114475
v -0.799303015659351 3.20589243360585 0.225696858114475
v -0.89308662215548 3.21009806859267 0.225696858114475
v -0.973663194567942 3.20827722928722 0.225696858114475
v 0.105064863639263 3.07844453743681 0.225696858114475
v 0.000799220296555743 3.08173384116111 0.225696858114475
v -0.10478147950059 3.09487363568991 0.225696858114475
v -0.213080060656221 3.11983480121487 0.225696858114475
v -0.267982715889215 3.06500774304923 0.225696858114475
v -0.378671548858557 3.11316866743315 0.225696858114475
v -0.431024532805399 3.05163854499736 0.225696858114475
v -0.534782427188102 3.07996638463998 0.225696858114475
v -0.635080237629995 3.09312361239822 0.225696858114475
v -0.731061483684517 3.10260165346895 0.225696858114475
v -0.823960194008019 3.10789626589367 0.225696858114475
v -0.910723766408383 3.11092801390897 0.225696858114475
v -0.981721875393768 3.10361653014529 0.225696858114475
v 0.0560451880578198 2.98055898696663 0.225696858114475
v -0.0486843925128067 2.99378551918221 0.225696858114475
v -0.156874471896295 3.02043393980677 0.225696858114475
v -0.213780617828651 2.96136187456621 0.225696858114475
v -0.32200106931177 3.00906977602612 0.225696858114475
v -0.374750705025564 2.95219877479247 0.225696858114475
v -0.480796755799474 2.97903789865184 0.225696858114475
v -0.572950645455072 2.9889073689961 0.225696858114475
v -0.66938266929864 2.99950691884684 0.225696858114475
v -0.754771466785625 3.00352766536512 0.225696858114475
v -0.845632971629466 3.01344721779253 0.225696858114475
v -0.920695319134456 3.00246607980639 0.225696858114475
v -0.984111732542336 2.99538057646257 0.225696858114475
v 0.104097676411256 2.87791997441216 0.225696858114475
v 0.0012413544653351 2.89243380200891 0.225696858114475
v -0.105349735026838 2.91961908891025 0.225696858114475
v -0.16407974298352 2.85849871752096 0.225696858114475
v -0.270627650618736 2.90535178283295 0.225696858114475
v -0.329290678038387 2.8493908779821 0.225696858114475
v -0.428154430761276 2.89230669196976 0.225696858114475
v -0.510163878127118 2.87459245766686 0.225696858114475
v -0.608448335209501 2.90787884874383 0.225696858114475
v -0.684079229518843 2.88663275978211 0.225696858114475
v -0.778511981022697 2.92090229180472 0.225696858114475
v -0.848294605025654 2.90436817887441 0.225696858114475
v -0.91290331121208 2.88365590960716 0.225696858114475
v -0.992087917112762 2.89296311036629 0.225696858114475
v 0.151546613383634 2.77392259400287 0.225696858114475
v 0.0493760401965232 2.78995148330872 0.225696858114475
v -0.0566244689827322 2.81784102162626 0.225696858114475
v -0.116320719225736 2.75638976239388 0.225696858114475
v -0.224089111954477 2.80273345566658 0.225696858114475
v -0.288795159970853 2.75142036080884 0.225696858114475
v -0.401626033445198 2.80042983323595 0.225696858114475
v -0.467571159131037 2.75958883023974 0.225696858114475
v -0.575143987764912 2.80779594637918 0.225696858114475
v -0.640030968924433 2.76954655793574 0.225696858114475
v -0.744512513225609 2.82018325377858 0.225696858114475
v -0.806504303868846 2.79177172012444 0.225696858114475
v -0.860915413677141 2.76603219147783 0.225696858114475
v -0.940816816486044 2.78699450238769 0.225696858114475
v -1.0305190616918 2.79201625055419 0.225696858114475
v 0.0977860722793464 2.68639162714776 0.225696858114475
v -0.00818944043025971 2.71543020165096 0.225696858114475
v -0.0675973397708743 2.65478820497318 0.225696858114475
v -0.177909943686358 2.70226248304627 0.225696858114475
v -0.239458713260559 2.6518985394147 0.225696858114475
v -0.352419651841452 2.70320999199288 0.225696858114475
v -0.409170351987639 2.65674954453856 0.225696858114475
v -0.523988737457378 2.69427569279717 0.225696858114475
v -0.598236236359919 2.67264411600194 0.225696858114475
v -0.704528454961679 2.70467189518781 0.225696858114475
v -0.777511606123814 2.67249394528253 0.225696858114475
v -0.860414310019662 2.66863282536018 0.225696858114475
v -0.949410043958621 2.68636906117257 0.225696858114475
v -1.0305190616918 2.69300220086121 0.225696858114475
v 0.147351771536663 2.5811195307764 0.225696858114475
v 0.0416583756080349 2.61202647855542 0.225696858114475
v -0.0168031093456826 2.55279862436443 0.225696858114475
v -0.127877768431817 2.60135696456124 0.225696858114475
v -0.187770823846264 2.55084574921443 0.225696858114475
v -0.298607166361902 2.60243711997798 0.225696858114475
v -0.353660081634657 2.55053247971405 0.225696858114475
v -0.455109369198736 2.59951890193528 0.225696858114475
v -0.527298094956203 2.57317648105699 0.225696858114475
v -0.628322784881432 2.60610545704302 0.225696858114475
v -0.693115546921609 2.58170202986404 0.225696858114475
v -0.761830550053142 2.55897087777474 0.225696858114475
v -0.864511132130796 2.57759583707253 0.225696858114475
v -0.955298962755866 2.59178660219304 0.225696858114475
v -1.0305190616918 2.59862148749561 0.225696858114475
v 0.0927180346614848 2.5066417142027 0.225696858114475
v 0.0349913685615022 2.45048649923345 0.225696858114475
v -0.0766574463434928 2.50000050076587 0.225696858114475
v -0.136981969780734 2.44938665740986 0.225696858114475
v -0.24640825855078 2.49969487495638 0.225696858114475
v -0.307164074134596 2.44944003721062 0.225696858114475
v -0.417619258734881 2.50136247832495 0.225696858114475
v -0.477248324852496 2.45990408324173 0.225696858114475
v -0.584949887266839 2.50878184152619 0.225696858114475
v -0.640835591300091 2.46251331144043 0.225696858114475
v -0.712412191472012 2.45438696397749 0.225696858114475
v -0.799288248656833 2.47567625286725 0.225696858114475
v -0.885303920616904 2.4880825582704 0.225696858114475
v -0.966088210239641 2.50316188632825 0.225696858114475
v -1.0305190616918 2.51224732304693 0.225696858114475
v 0.144467085767578 2.39667606677827 0.225696858114475
v 0.0846147649027004 2.34942196431141 0.225696858114475
v -0.0268205318353333 2.39898114782226 0.225696858114475
v -0.0895846244933885 2.34869638282411 0.225696858114475
v -0.197699431541167 2.39869530795265 0.225696858114475
v -0.256901130776335 2.34870560179974 0.225696858114475
v -0.367177427707065 2.4007779809855 0.225696858114475
v -0.422434834853195 2.3537340656913 0.225696858114475
v -0.530936368589314 2.40567194061527 0.225696858114475
v -0.569145533248118 2.34486173420022 0.225696858114475
v -0.656767238646482 2.3614993232234 0.225696858114475
v -0.744094694675831 2.3704717371265 0.225696858114475
v -0.825540366158616 2.38440381030178 0.225696858114475
v -0.904909640498316 2.4009342663211 0.225696858114475
v -0.978228351117595 2.42211131404099 0.225696858114475
v -0.990531711587729 2.34269367456095 0.225696858114475
v 0.114385571319817 2.25575079373713 0.225696858114475
v 0.0153911101627747 2.29933453570801 0.225696858114475
v -0.0421329032884706 2.24631899419901 0.225696858114475
v -0.14829661818139 2.29726661193204 0.225696858114475
v -0.205453914081375 2.24751697064578 0.225696858114475
v -0.313810632484762 2.29940227272617 0.225696858114475
v -0.366618092525426 2.24936221106139 0.225696858114475
v -0.470156799092322 2.29891306520142 0.225696858114475
v -0.513772512902617 2.23702211749911 0.225696858114475
v -0.604469612414295 2.26156764182457 0.225696858114475
v -0.690775915918277 2.27266572670267 0.225696858114475
v -0.772282594865242 2.2811059389474 0.225696858114475
v -0.848624681010588 2.29638647991898 0.225696858114475
v -0.924840687139432 2.32247435994187 0.225696858114475
v -0.944879843340628 2.24584384432396 0.225696858114475
v -0.997696549300926 2.2495300053412 0.225696858114475
v 0.163919878340813 2.16834977398292 0.225696858114475
v 0.0607494119225029 2.19591578745444 0.225696858114475
v 0.00714901212509511 2.14339630187487 0.225696858114475
v -0.0983188577572101 2.19492234021845 0.225696858114475
v -0.154218064170279 2.14603856949998 0.225696858114475
v -0.260867028268696 2.19764627743976 0.225696858114475
v -0.314055053896957 2.14684765153244 0.225696858114475
v -0.416189164635837 2.19492869708606 0.225696858114475
v -0.46406660221316 2.13481854566626 0.225696858114475
v -0.555688186350318 2.16032913454732 0.225696858114475
v -0.640413707815755 2.17553536730296 0.225696858114475
v -0.724115794997168 2.18310449333744 0.225696858114475
v -0.79562224408284 2.18758021389572 0.225696858114475
v -0.870170548136975 2.2212758291925 0.225696858114475
v -0.897743265914539 2.15709929766091 0.225696858114475
v -0.947789854271529 2.1417832937542 0.225696858114475
v -1.00350955763492 2.15358378940646 0.225696858114475
v 0.111961601270587 2.09530955530809 0.225696858114475
v 0.0581838413019151 2.04057213699991 0.225696858114475
v -0.0474471888570703 2.0915084452539 0.225696858114475
v -0.103742062500988 2.04513833327184 0.225696858114475
v -0.210033751361083 2.09620082996443 0.225696858114475
v -0.265103825490494 2.04500093750653 0.225696858114475
v -0.365048903163539 2.09355687229487 0.225696858114475
v -0.41446700671348 2.03742658070964 0.225696858114475
v -0.511013746959322 2.06286016862117 0.225696858114475
v -0.593564545079282 2.0703873024602 0.225696858114475
v -0.677511509137689 2.0973790837057 0.225696858114475
v -0.737652392148357 2.07369091539139 0.225696858114475
v -0.81782684076362 2.11336022171451 0.225696858114475
v -0.859266133568103 2.06348787892359 0.225696858114475
v -0.898455729102853 2.03592796818394 0.225696858114475
v -0.954833277194224 2.04256067354365 0.225696858114475
v -1.0305190616918 2.06188290914499 0.225696858114475
v 0.158541309079302 1.98723722147158 0.225696858114475
v 0.104194588123726 1.93654923001088 0.225696858114475
v 0.00270454072457203 1.98548891287711 0.225696858114475
v -0.0581150868167159 1.94659101666612 0.225696858114475
v -0.162980212651724 1.99567895453079 0.225696858114475
v -0.22225167092545 1.94366218927397 0.225696858114475
v -0.319166883081342 1.991654764514 0.225696858114475
v -0.373846493714032 1.93643561284227 0.225696858114475
v -0.466031979914257 1.97811796380828 0.225696858114475
v -0.542557550335998 1.96304836655745 0.225696858114475
v -0.641551434451571 2.00194699641059 0.225696858114475
v -0.689218059589395 1.95570975503063 0.225696858114475
v -0.773859624872499 2.00739571334335 0.225696858114475
v -0.816074505797692 1.95553694797079 0.225696858114475
v -0.864258867169808 1.9374844296944 0.225696858114475
v -0.91419705680553 1.93433524046883 0.225696858114475
v -0.979793301457648 1.95886139130021 0.225696858114475
v -1.0305190616918 1.96606169871734 0.225696858114475
v 0.145042091265823 1.83854511982429 0.225696858114475
v 0.0445462126908384 1.87262387322294 0.225696858114475
v -0.0327834618347902 1.85478109500738 0.225696858114475
v -0.125763107733602 1.89680154155724 0.225696858114475
v -0.182563623787434 1.84169474420774 0.225696858114475
v -0.278747027541585 1.88976180614022 0.225696858114475
v -0.339000573848015 1.83889515903736 0.225696858114475
v -0.440663058535975 1.88868062163545 0.225696858114475
v -0.49767361166959 1.850540615697 0.225696858114475
v -0.593162048070911 1.90111523546437 0.225696858114475
v -0.642173990942591 1.8483258063872 0.225696858114475
v -0.734383550523152 1.89704302522398 0.225696858114475
v -0.77945561164428 1.84112968255945 0.225696858114475
v -0.849341426135698 1.837960503724 0.225696858114475
v -0.921361052909371 1.84671063085911 0.225696858114475
v -0.983248425652443 1.86060159216631 0.225696858114475
v -1.0305190616918 1.86014144018472 0.225696858114475
v 0.100543773557449 1.76219577868581 0.225696858114475
v 0.0119652433156749 1.76926930805945 0.225696858114475
v -0.0870365348079588 1.795136973399 0.225696858114475
v -0.141885494778037 1.74069342728719 0.225696858114475
v -0.239918542594968 1.78949830054903 0.225696858114475
v -0.297084628792726 1.73956553242778 0.225696858114475
v -0.39758286548682 1.79077552386951 0.225696858114475
v -0.450749150294516 1.74465306525093 0.225696858114475
v -0.54748918147318 1.79649971678744 0.225696858114475
v -0.594173260091369 1.74400822906307 0.225696858114475
v -0.687472645015966 1.79317451382501 0.225696858114475
v -0.719142548493923 1.72866763109082 0.225696858114475
v -0.79267791123893 1.74393000123124 0.225696858114475
v -0.863450406533151 1.74582927586271 0.225696858114475
v -0.929802461827134 1.75378110970088 0.225696858114475
v -0.988249396258385 1.76076449844723 0.225696858114475
v -1.0305190616918 1.75305299719602 0.225696858114475
v 0.144733395014046 1.66139691372964 0.225696858114475
v 0.0529325105991619 1.67195776763436 0.225696858114475
v -0.0425443721353726 1.69847637357747 0.225696858114475
v -0.0989407859769347 1.64122341697253 0.225696858114475
v -0.197882117138702 1.68916819519116 0.225696858114475
v -0.25351705901576 1.63942860344785 0.225696858114475
v -0.352264482313312 1.69052126974876 0.225696858114475
v -0.40431470620443 1.64153761249357 0.225696858114475
v -0.499772967010437 1.69289548757966 0.225696858114475
v -0.545019065768486 1.64003032934754 0.225696858114475
v -0.634439031820669 1.68759065705336 0.225696858114475
v -0.67122532307749 1.62383900194353 0.225696858114475
v -0.748136493084484 1.64408710140582 0.225696858114475
v -0.816324645451683 1.6470556073838 0.225696858114475
v -0.880835022648974 1.6489491689737 0.225696858114475
v -0.940657805868199 1.65798154677227 0.225696858114475
v -0.995967243352486 1.65892217325484 0.225696858114475
v -1.0305190616918 1.63877741765271 0.225696858114475
v 0.0931898447962985 1.57208519169415 0.225696858114475
v -0.00148866621396398 1.59921203203755 0.225696858114475
v -0.0574280444335086 1.54095539698351 0.225696858114475
v -0.15512022229125 1.58897865965507 0.225696858114475
v -0.210624433367321 1.53909444455593 0.225696858114475
v -0.307736114798105 1.58973570634321 0.225696858114475
v -0.360158967291946 1.53965602324495 0.225696858114475
v -0.453633819296698 1.58991983499452 0.225696858114475
v -0.50099450536076 1.53663614527306 0.225696858114475
v -0.58712344032911 1.58395517016928 0.225696858114475
v -0.627214930568333 1.52278376968986 0.225696858114475
v -0.706995927519468 1.54671828636382 0.225696858114475
v -0.774786927976289 1.54725309715609 0.225696858114475
v -0.838406208025114 1.5471707782908 0.225696858114475
v -0.898410902346789 1.54821289931437 0.225696858114475
v -0.956350447962558 1.56493777809868 0.225696858114475
v -0.995229957265949 1.54254737650836 0.225696858114475
v -1.0305190616918 1.51694256079845 0.225696858114475
v 0.131966924252092 1.46997947419723 0.225696858114475
v 0.0390670959828304 1.49827796362626 0.225696858114475
v -0.0164526452045903 1.44008608876144 0.225696858114475
v -0.113466016047445 1.48850513111174 0.225696858114475
v -0.169326235302438 1.4388201383098 0.225696858114475
v -0.265225887746272 1.48909277114337 0.225696858114475
v -0.318766465815309 1.43868879610786 0.225696858114475
v -0.411078803532011 1.48795441461937 0.225696858114475
v -0.460907977965059 1.4345480794534 0.225696858114475
v -0.547321382645282 1.47985058591981 0.225696858114475
v -0.595238208347338 1.41780249240364 0.225696858114475
v -0.667938904641311 1.45355757216855 0.225696858114475
v -0.728833020165464 1.44605374625841 0.225696858114475
v -0.791491878424759 1.44698505970373 0.225696858114475
v -0.857522144505718 1.44688268294915 0.225696858114475
v -0.921372392463174 1.45237751568199 0.225696858114475
v -0.960238053898048 1.4279771343338 0.225696858114475
v -0.994211167843188 1.40355322049592 0.225696858114475
v -1.0305190616918 1.41323882104415 0.225696858114475
v 0.0796084304844528 1.39580028318568 0.225696858114475
v 0.0243345173793533 1.33883751555206 0.225696858114475
v -0.0726761423926612 1.38796135750745 0.225696858114475
v -0.129114333192197 1.33878346334215 0.225696858114475
v -0.22478836849882 1.38878215395546 0.225696858114475
v -0.280014561305091 1.33835849039252 0.225696858114475
v -0.371377465114013 1.38688590680605 0.225696858114475
v -0.422984559325311 1.33340387763058 0.225696858114475
v -0.510616260150756 1.37866530718935 0.225696858114475
v -0.564125751851459 1.32516124188707 0.225696858114475
v -0.65373114764113 1.35223316644833 0.225696858114475
v -0.727408965524931 1.34521779805772 0.225696858114475
v -0.794222198193625 1.34916819309863 0.225696858114475
v -0.863591107428977 1.34731591349425 0.225696858114475
v -0.908030033744796 1.32838141149094 0.225696858114475
v -0.952402434335887 1.31029645042594 0.225696858114475
v -0.999821191798863 1.30407516887078 0.225696858114475
v -1.0305190616918 1.30141748354458 0.225696858114475
v 3.96464588717883 0.286000114751162 0.225599634851762
v 3.96464588717883 0.268928439977133 0.230534069403331
v 3.92878736668663 0.268928439977133 0.229419611929725
v 3.88833442019467 0.268928439977133 0.222381437457108
v 3.84032741399301 0.268928439977133 0.215249114260746
v 3.78517644327645 0.268928439977133 0.206437481673358
v 3.72499281484398 0.268928439977133 0.197301054659933
v 3.66174051436542 0.268928439977133 0.190890961539763
v 3.59621529738447 0.268928439977133 0.186981563651397
v 3.52603523582839 0.268928439977133 0.181230187164799
v 3.45001775639128 0.268928439977133 0.162210827970269
v 0.11999037777883 1.29209843282922 0.225696858114475
v 0.064955541662136 1.23712652673384 0.225696858114475
v -0.0323319801891693 1.28736915676419 0.225696858114475
v -0.0901404584683061 1.23903099452498 0.225696858114475
v -0.185830141668546 1.28901715233149 0.225696858114475
v -0.242543916852792 1.23912797341358 0.225696858114475
v -0.335377993395643 1.28608753816821 0.225696858114475
v -0.391418536255395 1.23065742131708 0.225696858114475
v -0.472910359762165 1.27815929594196 0.225696858114475
v -0.521228640766221 1.2311772358584 0.225696858114475
v -0.596118544716637 1.24905740168795 0.225696858114475
v -0.666595279328792 1.25321589735495 0.225696858114475
v -0.73537336972283 1.24255184676397 0.225696858114475
v -0.809735044788749 1.2651959442932 0.225696858114475
v -0.859102617279852 1.22299992681896 0.225696858114475
v -0.910533123431647 1.21493925145705 0.225696858114475
v -0.960804624079172 1.20405616827589 0.225696858114475
v -1.00428870318912 1.19761408187073 0.225696858114475
v -1.0305190616918 1.18544689422432 0.225696858114475
v 3.96464588717883 0.268928439977133 0.250459319099175
v 3.93268531532857 0.268928439977133 0.255857222230266
v 3.89334760140687 0.268928439977133 0.25135770116804
v 3.84681784373819 0.268928439977133 0.246211808077665
v 3.79222995684081 0.268928439977133 0.240829870550319
v 3.73138592465808 0.268928439977133 0.235196655331109
v 3.667582913482 0.268928439977133 0.229992977577453
v 3.60231652629707 0.268928439977133 0.22520428720563
v 3.53461726253786 0.268928439977133 0.219344780678884
v 3.46163334565763 0.268928439977133 0.207271916110751
v 3.38330088049171 0.268928439977133 0.160984112034014
v 0.104342426084342 1.13510837613093 0.225696858114475
v 0.00670853156012735 1.18658795786384 0.225696858114475
v -0.0526706690876976 1.13902531841417 0.225696858114475
v -0.148316981124173 1.18926741419668 0.225696858114475
v -0.206767690371011 1.13987806960028 0.225696858114475
v -0.298995734524038 1.18742965247848 0.225696858114475
v -0.353974223437124 1.1343875314969 0.225696858114475
v -0.446538291985749 1.16599845248705 0.225696858114475
v -0.528588724190487 1.14618812312939 0.225696858114475
v -0.598789808385953 1.15517425794659 0.225696858114475
v -0.668858363306402 1.15321232585909 0.225696858114475
v -0.722221362811371 1.134411908804 0.225696858114475
v -0.787758511397876 1.1727409809469 0.225696858114475
v -0.822446915987228 1.10693534688843 0.225696858114475
v -0.880168859747943 1.11859436054998 0.225696858114475
v -0.930654326593956 1.107004388542 0.225696858114475
v -0.975874188861399 1.09619511149129 0.225696858114475
v -1.01197454156104 1.08538537231122 0.225696858114475
v -1.0305190616918 1.06526869377431 0.225696858114475
v 3.94634737176079 0.268928439977133 0.252636244769351
v 3.93262310563289 0.268928439977133 0.265174938066358
v 3.89790176056851 0.268928439977133 0.26310315982194
v 3.85389915605169 0.268928439977133 0.259706928410735
v 3.80016965219576 0.268928439977133 0.256579595738762
v 3.73778614406502 0.268928439977133 0.253634865456107
v 3.67198208608952 0.268928439977133 0.250770876149658
v 3.60384686099181 0.268928439977133 0.246050406949114
v 3.53632438745404 0.268928439977133 0.239331163566626
v 3.46604571101779 0.268928439977133 0.23029878283465
v 3.39003916504085 0.268928439977133 0.208131276580779
v 3.31952098208279 0.268928439977133 0.163035075536232
v 0.142171982375308 1.03357804461588 0.225696858114475
v 0.0442067829637226 1.08470735153302 0.225696858114475
v -0.0183262510394403 1.03866306804104 0.225696858114475
v -0.112910755468135 1.08855757439959 0.225696858114475
v -0.174150371108011 1.04046339421202 0.225696858114475
v -0.265628845465464 1.08690382459017 0.225696858114475
v -0.324597099377854 1.03124294401934 0.225696858114475
v -0.401962088781903 1.07201586395838 0.225696858114475
v -0.468991498020475 1.0621736349476 0.225696858114475
v -0.543803059146406 1.04823281259168 0.225696858114475
v -0.620116457567932 1.07028823859244 0.225696858114475
v -0.682211492453871 1.03661808102326 0.225696858114475
v -0.755082060916705 1.06382478093084 0.225696858114475
v -0.792175539332215 1.00089444799561 0.225696858114475
v -0.856586527834653 1.02005976215826 0.225696858114475
v -0.908088081412874 1.01044700746778 0.225696858114475
v -0.952864137845887 0.997109895740908 0.225696858114475
v -0.991343607719894 0.983669944497303 0.225696858114475
v -1.02003943616006 0.967620749656305 0.225696858114475
v -1.0305190616918 0.940954381418922 0.225696858114475
v 3.96464588717883 0.268928439977133 0.261341101726389
v 3.91027812550063 0.268928439977133 0.261341101726389
v 3.86132429788105 0.268928439977133 0.261341101726389
v 3.81374111354382 0.268928439977133 0.261341101726389
v 3.75024709672417 0.268928439977133 0.261341101726389
v 3.68363264199249 0.268928439977133 0.261341101726389
v 3.61114294326321 0.268928439977133 0.261341101726389
v 3.53556528251536 0.268928439977133 0.251700030060524
v 3.46306896610877 0.268928439977133 0.242343446389298
v 3.38500306042188 0.268928439977133 0.225712268669623
v 3.31502480146584 0.268928439977133 0.206536193632573
v 3.24717355923006 0.268928439977133 0.166600301002559
v 0.0759713088398136 0.981091416432875 0.225696858114475
v 0.0111000030479468 0.938515707792308 0.225696858114475
v -0.0817923736561453 0.98513438824466 0.225696858114475
v -0.147956953918181 0.942042702403054 0.225696858114475
v -0.236611767916679 0.984547758467592 0.225696858114475
v -0.304477842389307 0.939490262725184 0.225696858114475
v -0.396366938492644 0.970734728577008 0.225696858114475
v -0.473551428164925 0.962839774541275 0.225696858114475
v -0.541458097052043 0.946028935217158 0.225696858114475
v -0.608899628135358 0.977404675023797 0.225696858114475
v -0.660670375724275 0.924631707899264 0.225696858114475
v -0.726116850393603 0.95823152613177 0.225696858114475
v -0.77656627574323 0.895776564946797 0.225696858114475
v -0.835223614294053 0.926238348243215 0.225696858114475
v -0.885807597833032 0.912873008127804 0.225696858114475
v -0.930544027793685 0.89910906068534 0.225696858114475
v -0.970819878023616 0.883540975281639 0.225696858114475
v -1.00427530018966 0.866170798492065 0.225696858114475
v -1.02846092942087 0.844995145418267 0.225696858114475
v -1.04150307338008 0.816774685107541 0.225696858114475
v 3.93070478634568 0.199855985976888 0.261341101726389
v 3.88285307036224 0.215442243914405 0.261341101726389
v 3.82631808009269 0.216969423791393 0.261341101726389
v 3.77120257896722 0.22867819163439 0.261341101726389
v 3.70849408452491 0.236119739319046 0.261341101726389
v 3.63546649657529 0.249993857534604 0.261341101726389
v 3.55432063949867 0.268928439977133 0.261341101726389
v 3.46530884571691 0.268928439977133 0.252636444464658
v 3.38834485102535 0.268928439977133 0.23837741762148
v 3.31225225507219 0.268928439977133 0.226381934882722
v 3.23652225797865 0.268928439977133 0.203799342305306
v 3.17007644507475 0.268928439977133 0.16241604988699
v 0.107427491567353 0.868569250086963 0.225696858114475
v 0.0295951128346119 0.847912783978947 0.225696858114475
v -0.0581217078412613 0.875411666645912 0.225696858114475
v -0.133611988669248 0.852333896072967 0.225696858114475
v -0.216674681763227 0.87765473184755 0.225696858114475
v -0.287079396616551 0.849610536624753 0.225696858114475
v -0.365667288633267 0.86909514085349 0.225696858114475
v -0.438647830909134 0.871178521616076 0.225696858114475
v -0.511935240253479 0.860100045866005 0.225696858114475
v -0.588867821496098 0.864001375372292 0.225696858114475
v -0.650885584842133 0.830672563919929 0.225696858114475
v -0.716539524923992 0.843727347656576 0.225696858114475
v -0.780180816005573 0.806890341994371 0.225696858114475
v -0.844231064321478 0.822163647332614 0.225696858114475
v -0.899462163965409 0.803061546240968 0.225696858114475
v -0.947451304863939 0.786094453627621 0.225696858114475
v -0.987086639380717 0.766907971374936 0.225696858114475
v -1.01739000144107 0.744383757906174 0.225696858114475
v -1.03708532001675 0.717620657496377 0.225696858114475
v -1.05014697870282 0.699413981190902 0.225696858114475
v -1.06161798942687 0.617611988339445 0.225696858114475
v 3.92936700926998 0.14090399887263 0.261341101726389
v 3.8766002408236 0.165273010987226 0.261341101726389
v 3.83646002620704 0.16517076476974 0.261341101726389
v 3.76135368151234 0.195763049095348 0.261341101726389
v 3.67810105823189 0.215322464755973 0.261341101726389
v 3.59483766704287 0.236825063502155 0.261341101726389
v 3.51337710092234 0.268928439977133 0.261341101726389
v 3.43471882626413 0.268928439977133 0.261341101726389
v 3.36815095175237 0.268928439977133 0.246625139041881
v 3.29620525665968 0.268928439977133 0.233613486565236
v 3.22428981483773 0.268928439977133 0.22292837061765
v 3.15558660928551 0.268928439977133 0.198148703140031
v 3.08712174474036 0.268928439977133 0.155323864556249
v 0.0665774944802276 0.760084381128592 0.225696858114475
v -0.0188748831010455 0.767366820284123 0.225696858114475
v -0.0953512647239386 0.767680446891301 0.225696858114475
v -0.179390394671264 0.772098158213769 0.225696858114475
v -0.253680351606443 0.768633318569101 0.225696858114475
v -0.335652184662811 0.768366203704427 0.225696858114475
v -0.410626802281293 0.773450851431548 0.225696858114475
v -0.482253561059036 0.769115147551843 0.225696858114475
v -0.554113679520134 0.765930314812373 0.225696858114475
v -0.619541818743935 0.750991919484671 0.225696858114475
v -0.690662628012967 0.742493242633627 0.225696858114475
v -0.751496126072685 0.72919587303127 0.225696858114475
v -0.819567043979455 0.718990229913025 0.225696858114475
v -0.875064269111511 0.711099155771742 0.225696858114475
v -0.92674313955179 0.692161145256756 0.225696858114475
v -0.972512916642489 0.671797337575158 0.225696858114475
v -1.01112835481215 0.648442186950081 0.225696858114475
v -1.04128191041975 0.620638310080029 0.225696858114475
v -1.05762907312595 0.586493546430799 0.225696858114475
v -1.07852053914698 0.51310937325902 0.225696858114475
v -1.08177626131664 0.4888271464873 0.225696858114475
v 3.92112235378987 0.105580392067622 0.261341101726389
v 3.87751364751628 0.121626633763886 0.261341101726389
v 3.7919798280076 0.152332032296599 0.261341101726389
v 3.7092318105078 0.178525115690633 0.261341101726389
v 3.62364369520816 0.195392499663153 0.261341101726389
v 3.53883442846017 0.216031503648683 0.261341101726389
v 3.45438338274247 0.235524361760929 0.261341101726389
v 3.36699939187535 0.268928439977133 0.261341101726389
v 3.28770138733719 0.268928439977133 0.244000493140341
v 3.20493087380915 0.268928439977133 0.230408455340242
v 3.13546791840019 0.268928439977133 0.213237006988562
v 3.06961976159014 0.268928439977133 0.197995025672176
v 3.00568521835839 0.268928439977133 0.159794441992782
v 0.0929367683676967 0.658562110731157 0.225696858114475
v 0.0145287835514907 0.665227940831891 0.225696858114475
v -0.0641358561002223 0.669152300682475 0.225696858114475
v -0.143385459785672 0.673940203553987 0.225696858114475
v -0.222216483236695 0.674169368606869 0.225696858114475
v -0.300581081019937 0.674358884153243 0.225696858114475
v -0.378593391313338 0.674742995069387 0.225696858114475
v -0.452497478688352 0.673266105688966 0.225696858114475
v -0.524257716944586 0.669339400112497 0.225696858114475
v -0.593017192766339 0.660151469173627 0.225696858114475
v -0.661190524421559 0.65045308561334 0.225696858114475
v -0.72741244602917 0.638270234872056 0.225696858114475
v -0.791314719521346 0.627145973476739 0.225696858114475
v -0.852435054770977 0.614798759987595 0.225696858114475
v -0.906979745583956 0.599528181272045 0.225696858114475
v -0.957302554431075 0.579259043026653 0.225696858114475
v -1.00225963564387 0.556171111932669 0.225696858114475
v -1.04080233646395 0.529413846916008 0.225696858114475
v -1.07170244990966 0.497860562849359 0.225696858114475
v -1.09467276842668 0.44708626220654 0.225696858114475
v -1.11850061120061 0.398061612198636 0.225696858114475
v -1.1075334100472 0.342698484290907 0.225696858114475
v 3.91460855947887 0.0745793832659605 0.261341101726389
v 3.83678570429297 0.102779570376666 0.261341101726389
v 3.73552951557631 0.13398105585162 0.261341101726389
v 3.64551423713383 0.151583475442373 0.261341101726389
v 3.55895935801013 0.16721635492346 0.261341101726389
v 3.47356588097272 0.188161140503387 0.261341101726389
v 3.38631895270456 0.222806126396998 0.261341101726389
v 3.3013629201496 0.268928439977133 0.261341101726389
v 3.22008016385532 0.268928439977133 0.244617568046625
v 3.13325356961622 0.268928439977133 0.229845922906016
v 3.0500999808498 0.268928439977133 0.21800062591874
v 2.97731662512134 0.268928439977133 0.194954114910204
v 2.92343969571741 0.268928439977133 0.142737469862193
v 0.127301990297772 0.550983780762933 0.225696858114475
v 0.0517777526684399 0.560690419969357 0.225696858114475
v -0.0246910191966525 0.567817650823864 0.225696858114475
v -0.103135589630926 0.574425191308563 0.225696858114475
v -0.181736195322376 0.577873033768977 0.225696858114475
v -0.260359476371146 0.578910296141987 0.225696858114475
v -0.338134122016757 0.578881501302706 0.225696858114475
v -0.414058722319692 0.577102098183042 0.225696858114475
v -0.487498567057048 0.5735605826721 0.225696858114475
v -0.558435767474278 0.566907181156254 0.225696858114475
v -0.627653634897629 0.558169456490555 0.225696858114475
v -0.694972351662862 0.547471396397712 0.225696858114475
v -0.760417806236059 0.535611297805175 0.225696858114475
v -0.822993575797438 0.522767798291002 0.225696858114475
v -0.881871748780458 0.507467849322405 0.225696858114475
v -0.936434234889967 0.489056627438746 0.225696858114475
v -0.987022244718018 0.467139692885066 0.225696858114475
v -1.03307874500167 0.441924994765418 0.225696858114475
v -1.07416142041121 0.412633953071468 0.225696858114475
v -1.10978680908041 0.37376707969003 0.225696858114475
v -1.14300245616472 0.328964075676315 0.225696858114475
v -1.16619114121086 0.275242516854634 0.225696858114475
v -1.1548640768516 0.191286767591125 0.225696858114475
v 3.96464588717883 0.0354959000553557 0.261341101726389
v 3.84894581323414 0.0593759794779382 0.261341101726389
v 3.75533539077276 0.0866694860484511 0.261341101726389
v 3.66356423414694 0.103370593092326 0.261341101726389
v 3.57626187718493 0.115338787138056 0.261341101726389
v 3.4922021949058 0.131257859746853 0.261341101726389
v 3.40601270429564 0.163377669276686 0.261341101726389
v 3.31982677227065 0.208267732559679 0.261341101726389
v 3.23710591219982 0.268928439977133 0.261341101726389
v 3.15637524229963 0.268928439977133 0.245605345920429
v 3.07799011882123 0.268928439977133 0.239115363458609
v 2.99772168157688 0.268928439977133 0.233397244817074
v 2.91919705939507 0.268928439977133 0.211980037051725
v 2.85074121057746 0.268928439977133 0.180965731817547
v 0.177159382913146 0.444084654714075 0.225696858114475
v 0.102027768867458 0.459464511297729 0.225696858114475
v 0.0279746543963233 0.469254355558283 0.225696858114475
v -0.0503767785882515 0.479379828476164 0.225696858114475
v -0.129675203368356 0.485284409157832 0.225696858114475
v -0.208851598977552 0.487936800963133 0.225696858114475
v -0.287300913933953 0.488337819471003 0.225696858114475
v -0.364303131845034 0.486851997224768 0.225696858114475
v -0.439417789499681 0.483489898422385 0.225696858114475
v -0.512348186023347 0.478024972616995 0.225696858114475
v -0.583294868872458 0.470451242372782 0.225696858114475
v -0.652313918141509 0.4609199141555 0.225696858114475
v -0.719398862927393 0.449675397924322 0.225696858114475
v -0.784221197315239 0.436862573948093 0.225696858114475
v -0.846203094915828 0.422120115701833 0.225696858114475
v -0.90503205027668 0.404829251016049 0.225696858114475
v -0.96060208699084 0.384697908434549 0.225696858114475
v -1.01294409901888 0.361498671189598 0.225696858114475
v -1.06201954370199 0.334915478038031 0.225696858114475
v -1.10799863808329 0.303188725314891 0.225696858114475
v -1.1527739158884 0.266474764535679 0.225696858114475
v -1.19695641959359 0.224432923701326 0.225696858114475
v -1.23941543206822 0.166062153590305 0.225696858114475
v -1.28932481651262 0.0621585879383661 0.225696858114475
v 3.88661155670689 0.00780039500573988 0.261341101726389
v 3.77980743537825 0.0256025084746203 0.261341101726389
v 3.68908113893598 0.0478891847815469 0.261341101726389
v 3.59805520735115 0.0602031234720873 0.261341101726389
v 3.51598776824723 0.0661928097980885 0.261341101726389
v 3.43125666432812 0.0942924512423017 0.261341101726389
v 3.34358113199529 0.133172516799333 0.261341101726389
v 3.25813961919679 0.182226990735845 0.261341101726389
v 3.17774676248728 0.268928439977133 0.261341101726389
v 3.10047039643239 0.268928439977133 0.261341101726389
v 3.02491127809458 0.268928439977133 0.261341101726389
v 2.95081124808646 0.268928439977133 0.261341101726389
v 2.88388733715994 0.268928439977133 0.261341101726389
v 2.82096467205144 0.268928439977133 0.261341101726389
v 0.390467703002091 0.268928439977133 0.225696858114475
v 0.321893208728718 0.268928439977133 0.225696858114475
v 0.33155459352397 0.268928439977133 0.225696858114475
v 0.234722382397459 0.307464541067638 0.225696858114475
v 0.245797674682874 0.346272686730699 0.225696858114475
v -1.55062814285719 0.0621585879383661 0.225696858114475
v -1.47561485081242 0.0621585879383661 0.225696858114475
v -1.66289479427476 0.0621585879383661 0.197274836186719
v -1.75774149492865 0.0621585879383661 0.187584582955588
v -1.8670259222266 0.0621585879383661 0.180733158046394
v -1.97405879567211 0.0621585879383661 0.17717755405881
v -2.08509065087133 0.0621585879383661 0.179739087558014
v -2.1970100193673 0.0621585879383661 0.183831051103371
v -2.30812762754015 0.0621585879383661 0.188427335706307
v -2.41740274099003 0.0621585879383661 0.193638754545149
v -2.52379962601149 0.0621585879383661 0.200546370046961
v -2.62566877243947 0.0621585879383661 0.211287839276319
v -2.72052159103617 0.0621585879383661 0.22985345471432
v -2.80669901155051 0.0621585879383661 0.258625959223814
v -2.8866672640185 0.0621585879383661 0.294129572163077
v -2.96717069911801 0.0621585879383661 0.330228109986775
v -3.05426877757201 0.0621585879383661 0.360643572367289
v -3.14904726801229 0.0621585879383661 0.381424427543854
v -3.24689842294055 0.0621585879383661 0.393549285375274
v -3.33449841920738 0.0621585879383661 0.389274292053703
v 3.89265951278461 -0.0383547124234906 0.261341101726389
v 3.80265245045762 -0.0250618752550141 0.261341101726389
v 3.70934891241497 -0.017004781955198 0.261341101726389
v 3.6290545324964 0.00345486115146362 0.261341101726389
v 3.55300990504141 -0.000632545988316902 0.261341101726389
v 3.46610680541008 0.0200110175989507 0.261341101726389
v 3.37846025675538 0.0553974658855081 0.261341101726389
v 3.28844000968917 0.0882144437136373 0.261341101726389
v 3.2071368436723 0.122291914253691 0.261341101726389
v 3.12822426318542 0.151853326163485 0.261341101726389
v 3.05262319697752 0.165342542483156 0.261341101726389
v 2.98066217386526 0.177995699307219 0.261341101726389
v 2.91525626835792 0.193168862731687 0.261341101726389
v 2.85839235110836 0.216655565545637 0.261341101726389
v 2.81131052229982 0.268928439977133 0.261341101726389
v 2.79708291190006 0.268928439977133 0.217988618457169
v 2.71128987789051 0.268928439977133 0.186400990799446
v 2.3501398300629 0.268928439977133 0.17078862130802
v 2.22798892313642 0.268928439977133 0.177951269422328
v 2.10455175647043 0.268928439977133 0.181566403205605
v 1.98841639231531 0.268928439977133 0.184135005175245
v 1.87582760211118 0.268928439977133 0.185924271770535
v 1.76492929996231 0.268928439977133 0.187417833003086
v 1.65424873185178 0.268928439977133 0.189014243447006
v 1.54234405999391 0.268928439977133 0.19154364533105
v 1.42892226743834 0.268928439977133 0.196281532992712
v 1.31733616081322 0.268928439977133 0.198869451730607
v 1.1998747859836 0.268928439977133 0.196952427436595
v 1.08100182700334 0.268928439977133 0.200091831043942
v 1.08956128625031 0.268928439977133 0.17312484857974
v 0.976841422222818 0.268928439977133 0.209876184372874
v 0.98518401086478 0.268928439977133 0.173962322570157
v -3.88892256931527 0.0621585879383661 0.436223301023901
v -3.85814581894361 0.0621585879383661 0.373502141738805
v -3.97517821442286 0.0621585879383661 0.380908640329531
v 3.96464588717883 -0.0843147311809521 0.261341101726389
v 3.84699339756706 -0.0781070556665331 0.261341101726389
v 3.74187155956545 -0.0641058195136051 0.261341101726389
v 3.63241998977163 -0.0497084350443117 0.261341101726389
v 4.18602596960845 -0.115162104241821 0.350376091096039
v 4.1906318154315 -0.115162104241821 0.275772253123466
v 4.2404592822907 -0.137959473496968 0.360546932224747
v -4.28086835425081 -0.352731699341637 0.4166756208175
v 4.2404592822907 -0.170439943109173 0.346380590141992
v -4.28086835425081 -0.465237919983095 0.426220336847653
v 4.2404592822907 -0.200547881269355 0.335279689784278
v -4.28086835425081 -0.58351166062499 0.433963881994763
v 4.2404592822907 -0.232107373992614 0.314940451716622
v -4.28086835425081 -0.702029399283365 0.447488064615211
v 4.2404592822907 -0.25077106964472 0.315694501930847
v 4.20647144428454 -0.25077106964472 0.309853652296874
v 4.13203994282083 -0.25077106964472 0.306762577124544
v 4.06823382359163 -0.25077106964472 0.311760600385716
v 4.01309919012302 -0.25077106964472 0.276331611325925
v -4.28086835425081 -0.926443727270257 0.487215834928617
v 3.94259400226091 -0.25077106964472 0.225696858114475
v 3.8370488276809 -0.269664011363399 0.225696858114475
v 3.72193139128538 -0.275051069986106 0.225696858114475
v 3.60898605636427 -0.277920677886418 0.225696858114475
v -4.1968752584651 -1.09858866963702 0.487215834928617
v -4.28086835425081 -1.09858866963702 0.487215834928617
v 3.92966598223544 -0.284660804660821 0.225696858114475
v 3.79682186611319 -0.302049773343468 0.225696858114475
v 3.6851172078701 -0.311683421183949 0.225696858114475
v 3.59553121844089 -0.330031801619979 0.225696858114475
v 3.52810120954735 -0.312730739187276 0.225696858114475
v 3.43994983325847 -0.327933861858377 0.225696858114475
v 3.33963263574176 -0.331358677537842 0.225696858114475
v 3.23174541377871 -0.314073626537104 0.225696858114475
v 3.1351329949739 -0.315178653436731 0.225696858114475
v 3.04448843187272 -0.321634832089262 0.225696858114475
v 2.95862337158697 -0.332656243385424 0.225696858114475
v 2.87474383422465 -0.351323936001798 0.225696858114475
v 2.7899676960836 -0.383306628077997 0.225696858114475
v 2.70318967798784 -0.448488970877107 0.225696858114475
v 2.61355706876384 -0.643116763973995 0.225696858114475
v 2.53363266755304 -0.643116763973995 0.211145862718865
v 2.43641223332961 -0.643116763973995 0.204369700990715
v 2.32873076350893 -0.643116763973995 0.205803167952826
v 2.23395177237314 -0.643116763973995 0.214922844434642
v 2.14509519645648 -0.643116763973995 0.213094240711198
v 2.06508605831462 -0.643116763973995 0.211801221591324
v 1.97139481154212 -0.643116763973995 0.203185567960554
v 1.87402512023149 -0.643116763973995 0.196906423342598
v 1.77554820010865 -0.643116763973995 0.192467279553231
v 1.67676168444326 -0.643116763973995 0.189063873391954
v 1.57844563688736 -0.643116763973995 0.185370075763015
v 1.48213290128141 -0.643116763973995 0.180590022078257
v 1.39088512721761 -0.643116763973995 0.172304341337043
v 1.31065388683705 -0.643116763973995 0.173561174873771
v 1.22563729503156 -0.643116763973995 0.164448578376122
v 1.12215432248242 -0.643116763973995 0.168535375060482
v 1.01724880960497 -0.643116763973995 0.173884953287415
v -3.81511615601592 -1.09858866963702 0.459783771592361
v -3.91524453973185 -1.09858866963702 0.487215834928617
v -4.02127810267308 -1.09858866963702 0.487215834928617
v -4.11585957718316 -1.09858866963702 0.487215834928617
v 3.95095506664955 -0.327212296644099 0.225696858114475
v 3.83697101164538 -0.333253379553952 0.225696858114475
v 3.72394249053861 -0.351393812467811 0.225696858114475
v 3.61617236204176 -0.371268942653582 0.225696858114475
v 3.50382480350081 -0.372368807030503 0.225696858114475
v 3.39345848386998 -0.379213515732042 0.225696858114475
v 3.28753239651023 -0.375680214722518 0.225696858114475
v 3.19283242568316 -0.3753378595844 0.225696858114475
v 3.09943968999658 -0.386013362080364 0.225696858114475
v 3.00944884191675 -0.403091272860503 0.225696858114475
v 2.92287065277266 -0.428177710118738 0.225696858114475
v 2.83668745465281 -0.467126194241947 0.225696858114475
v 2.75164973378768 -0.530046028764834 0.225696858114475
v 2.66871359304786 -0.643116763973995 0.225696858114475
v 0.898545430610094 -0.643116763973995 0.177207387799362
v 0.794895069933624 -0.643116763973995 0.18436901598512
v 0.695707415688051 -0.643116763973995 0.19312418391794
v 0.609090690029336 -0.643116763973995 0.201183713938658
v 0.533240043089966 -0.643116763973995 0.213087611852211
v 0.452770823104832 -0.643116763973995 0.225696858114475
v 0.362457052968729 -0.687973835255242 0.225696858114475
v -1.75670705853719 -1.09858866963702 0.212765808514013
v -1.85270119875404 -1.09858866963702 0.206762874432507
v -1.95217064856096 -1.09858866963702 0.204452401591894
v -2.05224863008009 -1.09858866963702 0.201980958149332
v -2.15186465837994 -1.09858866963702 0.198721357593788
v -2.251092784509 -1.09858866963702 0.196496058273601
v -2.35018795016356 -1.09858866963702 0.195615401100634
v -2.44932274334702 -1.09858866963702 0.19629678144163
v -2.54850154154018 -1.09858866963702 0.198904459923761
v -2.64730576537107 -1.09858866963702 0.204383169952268
v -2.74377278100629 -1.09858866963702 0.21495268398098
v -2.83048479342488 -1.09858866963702 0.235038048481108
v -2.9012221054141 -1.09858866963702 0.267367973398976
v -2.96352191017895 -1.09858866963702 0.306471770847578
v -3.03330022464077 -1.09858866963702 0.340280053827732
v -3.11971035858598 -1.09858866963702 0.362138203268796
v -3.21793825386507 -1.09858866963702 0.374620740089954
v -3.32003011678972 -1.09858866963702 0.378220208628529
v -3.42915364868495 -1.09858866963702 0.398471293644099
v -3.54611831551975 -1.09858866963702 0.41935792898876
v -3.64860094610058 -1.09858866963702 0.436825514315673
v -3.73980708369626 -1.09858866963702 0.433735116008212
v 3.96046625560042 -0.365223993474079 0.225696858114475
v 3.85237328132851 -0.375053011533674 0.225696858114475
v 3.74747472168838 -0.390520443237489 0.225696858114475
v 3.64304525127183 -0.410166111720618 0.225696858114475
v 3.53668554377898 -0.419055387736114 0.225696858114475
v 3.43482000700304 -0.426898876422119 0.225696858114475
v 3.33235061440412 -0.432928053433273 0.225696858114475
v 3.2354463571615 -0.437830376275066 0.225696858114475
v 3.14300348006938 -0.447090890058095 0.225696858114475
v 3.05062448761201 -0.465638360632201 0.225696858114475
v 2.96044411173406 -0.493812630265711 0.225696858114475
v 2.87377011906501 -0.527839116078206 0.225696858114475
v 2.78251333024263 -0.57517878244726 0.225696858114475
v 0.324305726082606 -0.752842330762831 0.225696858114475
v 0.257332558426854 -0.726453353374752 0.225696858114475
v 0.167767750648501 -0.75108410485224 0.225696858114475
v 0.0780487268070689 -0.758842356460777 0.225696858114475
v -0.00806278020120643 -0.762006278236414 0.225696858114475
v -0.0907300816475222 -0.763415364137666 0.225696858114475
v -0.170842085312534 -0.764011494862599 0.225696858114475
v -0.249375095871355 -0.764277282600741 0.225696858114475
v -0.326887802568223 -0.764750920748003 0.225696858114475
v -0.403914563529802 -0.765742684787685 0.225696858114475
v -0.480936180159167 -0.767618136054431 0.225696858114475
v -0.558397509579369 -0.770822480552864 0.225696858114475
v -0.636684308877588 -0.77582804691138 0.225696858114475
v -0.716065806006519 -0.783079561043914 0.225696858114475
v -0.796721348394655 -0.792945325758136 0.225696858114475
v -0.878756252384886 -0.805714229727634 0.225696858114475
v -0.962242214225621 -0.821677418394216 0.225696858114475
v -1.04725913695672 -0.84115096274985 0.225696858114475
v -1.13396331946541 -0.864941682260537 0.225696858114475
v -1.22234636888299 -0.89423084910501 0.225696858114475
v -1.31214794378114 -0.930046927078648 0.225696858114475
v -1.40326486116463 -0.972624797491649 0.225696858114475
v -1.49744715980788 -1.02754709246579 0.225696858114475
v -1.59203690766626 -1.09858866963702 0.225696858114475
v -1.67342380403732 -1.09858866963702 0.217004294391692
v 4.06589902356744 -0.372650761823819 0.225696858114475
v 4.00642864859033 -0.386803692694105 0.225696858114475
v 3.93993911432033 -0.396302105248679 0.225696858114475
v 3.85004858542109 -0.412665881864965 0.225696858114475
v 3.75410153307751 -0.430069494348048 0.225696858114475
v 3.65654893137721 -0.449313732275558 0.225696858114475
v 3.55695097140455 -0.463886709473441 0.225696858114475
v 3.45830175699829 -0.475507692820728 0.225696858114475
v 3.36117169675439 -0.485714196502906 0.225696858114475
v 3.26577766317355 -0.495653822290517 0.225696858114475
v 3.17290840487052 -0.507532792970345 0.225696858114475
v 3.08265234058669 -0.522485955027465 0.225696858114475
v 2.98928029298398 -0.547281901590587 0.225696858114475
v 2.89967567314156 -0.584364126393392 0.225696858114475
v 0.231564563826839 -0.812202262818767 0.225696858114475
v 0.132668618933691 -0.826282616226336 0.225696858114475
v 0.0420273332985416 -0.832253816729679 0.225696858114475
v -0.0426464385599164 -0.834875309399409 0.225696858114475
v -0.123133652927432 -0.835598107353391 0.225696858114475
v -0.201463463110936 -0.834785154511283 0.225696858114475
v -0.278323721135912 -0.833747782929788 0.225696858114475
v -0.354336595740831 -0.832805831681123 0.225696858114475
v -0.430099390441374 -0.832310408236756 0.225696858114475
v -0.506162430988118 -0.832717718933867 0.225696858114475
v -0.583049010724698 -0.834626423711613 0.225696858114475
v -0.661165171426043 -0.838630713744642 0.225696858114475
v -0.740744750193671 -0.845260823817904 0.225696858114475
v -0.821892126132181 -0.854853662115054 0.225696858114475
v -0.904630854662309 -0.867618169756825 0.225696858114475
v -0.98901306130795 -0.883795679589698 0.225696858114475
v -1.0750460815721 -0.90362500099941 0.225696858114475
v -1.16302846135821 -0.928373927938467 0.225696858114475
v -1.25243832071552 -0.959365935188047 0.225696858114475
v -1.34203789161451 -0.997284279504878 0.225696858114475
v -1.43042574602897 -1.0395264587891 0.225696858114475
v -1.52036115691971 -1.09858866963702 0.225696858114475
v -1.597663554059 -1.09858866963702 0.216319332343146
v 3.99427173980107 -0.418989969804447 0.225696858114475
v 3.91875990601352 -0.435412095076353 0.225696858114475
v 3.83872811764738 -0.449013543562466 0.225696858114475
v 3.75079097127017 -0.467127589793075 0.225696858114475
v 3.65884711930079 -0.486624507335989 0.225696858114475
v 3.56457227508794 -0.504120790519614 0.225696858114475
v 3.46950627952828 -0.519295553546586 0.225696858114475
v 3.37519760358432 -0.532917149449154 0.225696858114475
v 3.28165878478313 -0.546566547863001 0.225696858114475
v 3.19061666229255 -0.56034127004428 0.225696858114475
v 3.09961584422504 -0.577896547519918 0.225696858114475
v 3.01651710701589 -0.594391452417224 0.225696858114475
v 0.252447609296793 -0.905082161572905 0.225696858114475
v 0.165719428064044 -0.905136675154376 0.225696858114475
v 0.0770248235967627 -0.911075181288969 0.225696858114475
v -0.00829593169734777 -0.914850364364689 0.225696858114475
v -0.0883553820466418 -0.917098552745647 0.225696858114475
v -0.166318873377121 -0.915141445328638 0.225696858114475
v -0.242432273723974 -0.912640893353498 0.225696858114475
v -0.317329627113462 -0.909808232905178 0.225696858114475
v -0.391607237898272 -0.906920802911528 0.225696858114475
v -0.465849990468569 -0.90437865634425 0.225696858114475
v -0.540762643499412 -0.902781072803057 0.225696858114475
v -0.616998873966398 -0.902937821845781 0.225696858114475
v -0.694991370628404 -0.905677135511421 0.225696858114475
v -0.774825016293884 -0.911540174496285 0.225696858114475
v -0.856493489163832 -0.920763607581594 0.225696858114475
v -0.939912758183551 -0.933274025459486 0.225696858114475
v -1.02521225747103 -0.949260658673979 0.225696858114475
v -1.11225148107843 -0.968257259638365 0.225696858114475
v -1.20227092911493 -0.992523534027412 0.225696858114475
v -1.29366254243779 -1.02351195027569 0.225696858114475
v -1.38460877374817 -1.06007788328786 0.225696858114475
v -1.47073601443758 -1.08865078917567 0.225696858114475
v 4.07772292542526 -0.440633521273725 0.225696858114475
v 4.02664816811862 -0.442247908885087 0.225696858114475
v 3.96745928711459 -0.450467002944244 0.225696858114475
v 3.90230614670756 -0.467903174466831 0.225696858114475
v 3.82553949732598 -0.485285250724048 0.225696858114475
v 3.7429854075597 -0.502436503997317 0.225696858114475
v 3.65537908651974 -0.521435133792192 0.225696858114475
v 3.56448248701061 -0.540110803055487 0.225696858114475
v 3.47222151970592 -0.557256372903188 0.225696858114475
v 3.37915778025702 -0.573525074087272 0.225696858114475
v 3.2873591583304 -0.588707683267832 0.225696858114475
v 3.19407993304958 -0.605078641370344 0.225696858114475
v 3.10689426971225 -0.621087861048627 0.225696858114475
v 0.266659309232155 -1.00508561185791 0.225696858114475
v 0.180205144525701 -1.00289364367773 0.225696858114475
v 0.0998301188594422 -0.998419678264221 0.225696858114475
v 0.0121468515211766 -0.99919327660371 0.225696858114475
v -0.0666788573549512 -1.00559823099817 0.225696858114475
v -0.144313106652664 -1.00178917085002 0.225696858114475
v -0.21985462815925 -0.997813135358218 0.225696858114475
v -0.293785537161459 -0.993109141114004 0.225696858114475
v -0.366653483679223 -0.987833723345884 0.225696858114475
v -0.439033271164399 -0.982342163256499 0.225696858114475
v -0.511546486001136 -0.97709173965439 0.225696858114475
v -0.585216361817781 -0.972882617304447 0.225696858114475
v -0.660971118804167 -0.970886991782887 0.225696858114475
v -0.73910588798786 -0.972324871692177 0.225696858114475
v -0.819381404875596 -0.977579692370176 0.225696858114475
v -0.901757070396728 -0.986504710737419 0.225696858114475
v -0.985779825038025 -0.998501430512198 0.225696858114475
v -1.0718996357984 -1.01391497082081 0.225696858114475
v -1.15916169189398 -1.03012778849387 0.225696858114475
v -1.25201248511005 -1.05091274488846 0.225696858114475
v -1.34687435525702 -1.07557812504257 0.225696858114475
v 4.14111153193018 -0.46411470053415 0.225696858114475
v 4.08670696360144 -0.469395064668537 0.225696858114475
v 4.02224249489164 -0.479085473545374 0.225696858114475
v 3.95540966843329 -0.488630062448768 0.225696858114475
v 3.88782179346106 -0.501859858982526 0.225696858114475
v 3.81450836637627 -0.519031214298308 0.225696858114475
v 3.73468179895491 -0.536387495317737 0.225696858114475
v 3.64979459163485 -0.554170657992297 0.225696858114475
v 3.56130066867487 -0.572347640251973 0.225696858114475
v 3.47015022498566 -0.590631994353456 0.225696858114475
v 3.37901072139258 -0.607566041408444 0.225696858114475
v 3.28534348214062 -0.624438091669067 0.225696858114475
v 3.19734048652168 -0.640691505205366 0.225696858114475
v 0.280840744949621 -1.10679020935532 0.225696858114475
v 0.19463827308242 -1.1008369668379 0.225696858114475
v 0.106965490133723 -1.10203702956643 0.225696858114475
v 0.0330111218173372 -1.07849853036509 0.225696858114475
v -0.0534336620944422 -1.09724029798193 0.225696858114475
v -0.13182379139153 -1.09003249358594 0.225696858114475
v -0.207369459675704 -1.08476264353208 0.225696858114475
v -0.280669824527698 -1.07815696262548 0.225696858114475
v -0.352490779775173 -1.0704614367792 0.225696858114475
v -0.423432790687595 -1.06183173904036 0.225696858114475
v -0.494067332778709 -1.05290741904482 0.225696858114475
v -0.56476094321137 -1.04409040743195 0.225696858114475
v -0.637591876257272 -1.03646968703165 0.225696858114475
v -0.713657783042598 -1.03209366587656 0.225696858114475
v -0.792447900640663 -1.03294123780447 0.225696858114475
v -0.873666057223741 -1.0376584030649 0.225696858114475
v -0.957372453594149 -1.04652723944686 0.225696858114475
v -1.04145391113712 -1.05819481378168 0.225696858114475
v -1.12732231208148 -1.07350186393572 0.225696858114475
v -1.20765618617473 -1.08703081596362 0.225696858114475
v 4.11778090002919 -0.502957834267549 0.225696858114475
v 4.03563576909364 -0.515874496474745 0.225696858114475
v 3.95899149210212 -0.524662010080535 0.225696858114475
v 3.88395856011442 -0.53710143725733 0.225696858114475
v 3.8083067788855 -0.552269255883214 0.225696858114475
v 3.72877322366663 -0.568739794457735 0.225696858114475
v 3.64493960024256 -0.584769311154548 0.225696858114475
v 3.55668626953548 -0.601605840833337 0.225696858114475
v 3.46721544939732 -0.619144615680577 0.225696858114475
v 3.37402853317335 -0.636934386372818 0.225696858114475
v 3.2862947961037 -0.65411302760866 0.225696858114475
v 0.392256189292871 -1.21796884196503 0.225696858114475
v 0.302506808219327 -1.20969941204622 0.225696858114475
v 0.219197073913043 -1.2016127322865 0.225696858114475
v 0.140828509971636 -1.19930892519603 0.225696858114475
v 0.0710484141086621 -1.19715622766685 0.225696858114475
v 0.00539082691460415 -1.16743455053408 0.225696858114475
v -0.0702707352412905 -1.19070123537302 0.225696858114475
v -0.13541639596665 -1.17848345092446 0.225696858114475
v -0.203384812050098 -1.17301701814718 0.225696858114475
v -0.272962077605136 -1.16443491647264 0.225696858114475
v -0.342574511654731 -1.15431551545203 0.225696858114475
v -0.411884832634141 -1.14253177885489 0.225696858114475
v -0.481128679513311 -1.12912646995839 0.225696858114475
v -0.550843686901613 -1.11562444500143 0.225696858114475
v -0.620286439764628 -1.10162931022808 0.225696858114475
v -0.694892439440937 -1.08910555420475 0.225696858114475
v -0.772008587694116 -1.08444087601543 0.225696858114475
v -0.852532814666004 -1.0848036940717 0.225696858114475
v -0.935974517342897 -1.08858738329412 0.225696858114475
v -1.02298264140736 -1.09774013924377 0.225696858114475
v -1.10732536832209 -1.11024832964389 0.225696858114475
v 4.27648153148708 -0.506325730121618 0.225696858114475
v 4.20263820019347 -0.518843560754095 0.225696858114475
v 4.12666570364355 -0.529972574501493 0.225696858114475
v 4.04739669060341 -0.545063399270585 0.225696858114475
v 3.96604360278042 -0.556596406868693 0.225696858114475
v 3.88638191994855 -0.568715434949059 0.225696858114475
v 3.80718480465281 -0.583598080334552 0.225696858114475
v 3.7264964040814 -0.59898558331988 0.225696858114475
v 3.64134163180229 -0.613533895707023 0.225696858114475
v 3.55346084281126 -0.626863261991405 0.225696858114475
v 3.46076449389275 -0.643751739280389 0.225696858114475
v 3.37351714343072 -0.66190213161969 0.225696858114475
v 0.31956850176598 -1.30969437552845 0.225696858114475
v 0.236156981729942 -1.30356348520649 0.225696858114475
v 0.155871957604593 -1.29665653991586 0.225696858114475
v 0.0734268573575216 -1.29871946375744 0.225696858114475
v 0.010849415142658 -1.26417338593319 0.225696858114475
v -0.0584768211742088 -1.2723434280437 0.225696858114475
v -0.132646598439128 -1.27451682194968 0.225696858114475
v -0.198032269528722 -1.26616087688831 0.225696858114475
v -0.264182254492011 -1.25423338480418 0.225696858114475
v -0.330471996075219 -1.24138852208499 0.225696858114475
v -0.396563739485474 -1.22675272059688 0.225696858114475
v -0.462695010002955 -1.2095742908329 0.225696858114475
v -0.530016265579241 -1.18911538791005 0.225696858114475
v -0.600291423122281 -1.16737902753585 0.225696858114475
v -0.676246134466853 -1.14397043258544 0.225696858114475
v -0.753557886544021 -1.13286690907453 0.225696858114475
v -0.83181372184609 -1.12805672026394 0.225696858114475
v -0.916431304140082 -1.12539859557083 0.225696858114475
v -1.00281872421308 -1.13132322625081 0.225696858114475
v 4.34666885232678 -0.558868072477347 0.225696858114475
v 4.28675128543403 -0.561348814206825 0.225696858114475
v 4.21546527161341 -0.565306386997505 0.225696858114475
v 4.13559859441345 -0.569046810873125 0.225696858114475
v 4.05623244832458 -0.576009773512888 0.225696858114475
v 3.97462193925321 -0.585376908916441 0.225696858114475
v 3.8915988388901 -0.59623721719373 0.225696858114475
v 3.80848324164228 -0.610165617405562 0.225696858114475
v 3.72589517948758 -0.626085802042117 0.225696858114475
v 3.64122546237898 -0.638960384170441 0.225696858114475
v 3.54802872160137 -0.648600294689459 0.225696858114475
v 3.46009971097015 -0.664477490521317 0.225696858114475
v 0.418467346202591 -1.40598379595551 0.225696858114475
v 0.333168995614367 -1.40427802358044 0.225696858114475
v 0.247862731505694 -1.40552255786199 0.225696858114475
v 0.172336487413195 -1.39863656491392 0.225696858114475
v 0.100357490914823 -1.38933351466737 0.225696858114475
v 0.0280812278037563 -1.38860682353236 0.225696858114475
v -0.0298612248127801 -1.35489565746433 0.225696858114475
v -0.116767932567664 -1.36091462898218 0.225696858114475
v -0.18714659443686 -1.36421822435229 0.225696858114475
v -0.253530922933064 -1.34804404674065 0.225696858114475
v -0.31762012822712 -1.33234927116675 0.225696858114475
v -0.37987188840135 -1.31554947309924 0.225696858114475
v -0.440371542709477 -1.29608750891958 0.225696858114475
v -0.498876615035916 -1.27323220235655 0.225696858114475
v -0.55464339205605 -1.24700858183304 0.225696858114475
v -0.608992103204014 -1.22822549594738 0.225696858114475
v -0.667427345909741 -1.19726135434152 0.225696858114475
v -0.739243514356667 -1.17844870366869 0.225696858114475
v -0.810955958198142 -1.1687777692183 0.225696858114475
v -0.891664095422366 -1.16004197763851 0.225696858114475
v 4.30064910084954 -0.619144209060609 0.225696858114475
v 4.23048470106955 -0.613870924116653 0.225696858114475
v 4.15331873277177 -0.609537725913141 0.225696858114475
v 4.07240186018675 -0.611284336731241 0.225696858114475
v 3.98950138417932 -0.614799794251502 0.225696858114475
v 3.90401335444041 -0.62090723451743 0.225696858114475
v 3.81597219406708 -0.630366444737568 0.225696858114475
v 3.72582960442226 -0.644019826453765 0.225696858114475
v 3.6384462837269 -0.660102142057321 0.225696858114475
v 3.55046676083608 -0.666365427772104 0.225696858114475
v 0.339417426771434 -1.50135931338139 0.225696858114475
v 0.255204187471099 -1.50033811324697 0.225696858114475
v 0.167652335841809 -1.50434273312349 0.225696858114475
v 0.0985266551101068 -1.48645471061882 0.225696858114475
v 0.0292994135415463 -1.4797181960464 0.225696858114475
v -0.0401596052327588 -1.45874091806807 0.225696858114475
v -0.102536404375083 -1.43317882440327 0.225696858114475
v -0.182364794611457 -1.46312145734216 0.225696858114475
v -0.248628369073831 -1.44361429919847 0.225696858114475
v -0.312268536768414 -1.42559501395479 0.225696858114475
v -0.372896783030138 -1.4072259201848 0.225696858114475
v -0.431196144173231 -1.38620033276129 0.225696858114475
v -0.487502952650907 -1.36128419331666 0.225696858114475
v -0.542407938651463 -1.33226129230872 0.225696858114475
v -0.596777596451572 -1.30301695822687 0.225696858114475
v -0.655680117392384 -1.26785620144479 0.225696858114475
v -0.718080074958676 -1.23282025024845 0.225696858114475
v -0.781427537229679 -1.21113019612656 0.225696858114475
v 0.419219674197083 -1.60512436156834 0.225696858114475
v 0.344839449445902 -1.59970002599636 0.225696858114475
v 0.266846703345818 -1.59777465361531 0.225696858114475
v 0.189622560332811 -1.5984027935812 0.225696858114475
v 0.119391900700782 -1.60643527947418 0.225696858114475
v 0.0674550843755261 -1.58000348426089 0.225696858114475
v 0.00704675166232093 -1.57090847748171 0.225696858114475
v -0.0585568253770598 -1.55215375783196 0.225696858114475
v -0.125408054155264 -1.52152318790654 0.225696858114475
v -0.206172426166394 -1.57021433694665 0.225696858114475
v -0.261708990656343 -1.53814494855063 0.225696858114475
v -0.320570404228669 -1.51930348531633 0.225696858114475
v -0.378275702605231 -1.50023834279994 0.225696858114475
v -0.434503623245073 -1.47825795002351 0.225696858114475
v -0.489177425677328 -1.4519119870611 0.225696858114475
v -0.542330442253732 -1.41948624841384 0.225696858114475
v -0.5960068157396 -1.3803294453574 0.225696858114475
v -0.650101684097805 -1.33036633163715 0.225696858114475
v -0.711093861805772 -1.2752515274243 0.225696858114475
v 0.346086782245215 -1.70091887569022 0.225696858114475
v 0.269853807878747 -1.69720730653086 0.225696858114475
v 0.190681048660789 -1.69530900814226 0.225696858114475
v 0.107601982505255 -1.70226680359949 0.225696858114475
v 0.0408045468186326 -1.68224730959103 0.225696858114475
v -0.0193288117699755 -1.66578269907443 0.225696858114475
v -0.0812928043017974 -1.64688355286297 0.225696858114475
v -0.144826382224835 -1.61570964751319 0.225696858114475
v -0.22957490942461 -1.6715345961345 0.225696858114475
v -0.286481440295446 -1.63736073697614 0.225696858114475
v -0.340496631081612 -1.61402637834137 0.225696858114475
v -0.39400377926004 -1.59463754304222 0.225696858114475
v -0.446618249008992 -1.57234252793512 0.225696858114475
v -0.498746438268113 -1.54564314003752 0.225696858114475
v -0.548529830765547 -1.51372075117552 0.225696858114475
v -0.594787375150834 -1.47126596681523 0.225696858114475
v -0.642264363959104 -1.4135467454501 0.225696858114475
v -0.677266886695539 -1.3102671722265 0.225696858114475
v 0.421777073329877 -1.80456713960657 0.225696858114475
v 0.347876463244501 -1.8012803691452 0.225696858114475
v 0.272924116875101 -1.79807331222986 0.225696858114475
v 0.198333108451618 -1.79459080665614 0.225696858114475
v 0.125219016632104 -1.79398991095987 0.225696858114475
v 0.0553069801522889 -1.7999079987167 0.225696858114475
v 0.00576246132199762 -1.77524475594378 0.225696858114475
v -0.0505154577411117 -1.76319076006413 0.225696858114475
v -0.108613227886973 -1.74386482333121 0.225696858114475
v -0.169146969401423 -1.71259474615175 0.225696858114475
v -0.256128230081752 -1.77058378999724 0.225696858114475
v -0.313081670884458 -1.73641807263056 0.225696858114475
v -0.36614550154873 -1.71144299786467 0.225696858114475
v -0.416513634700913 -1.69087765980197 0.225696858114475
v -0.465230972209134 -1.66896062595306 0.225696858114475
v -0.513078825379157 -1.64170684625593 0.225696858114475
v -0.562646913638021 -1.61134765954717 0.225696858114475
v -0.601052082729338 -1.57855097291456 0.225696858114475
v -0.631078704391955 -1.52515236861942 0.225696858114475
v 0.347483288441311 -1.90142971751659 0.225696858114475
v 0.272546987948912 -1.89884250005966 0.225696858114475
v 0.197320345407936 -1.89578104968232 0.225696858114475
v 0.121972843287086 -1.89193074767914 0.225696858114475
v 0.0424049551694081 -1.89484115112332 0.225696858114475
v -0.0228341622915201 -1.87687757471554 0.225696858114475
v -0.0805596038550482 -1.86143685273726 0.225696858114475
v -0.138097498500185 -1.84330977232472 0.225696858114475
v -0.196731821601942 -1.81150231248615 0.225696858114475
v -0.285201694447094 -1.8687077223725 0.225696858114475
v -0.342172401401197 -1.83477276217597 0.225696858114475
v -0.394672350375722 -1.81005707782689 0.225696858114475
v -0.443121087183867 -1.78890755030209 0.225696858114475
v -0.489710453502565 -1.76692313721348 0.225696858114475
v -0.532948767756626 -1.74121138956482 0.225696858114475
v -0.577197826417661 -1.70678692197032 0.225696858114475
v -0.6243608063479 -1.68876029525081 0.225696858114475
v 0.420374577982313 -2.00364249380178 0.225696858114475
v 0.346615287584307 -2.00151060547732 0.225696858114475
v 0.271799820840211 -1.99952630592427 0.225696858114475
v 0.197578054683901 -1.99700950445603 0.225696858114475
v 0.125313456488407 -1.99448269196822 0.225696858114475
v 0.0596128174617281 -1.98903814770045 0.225696858114475
v -0.00719940766215452 -1.98920508033271 0.225696858114475
v -0.0570523874879877 -1.97053366909769 0.225696858114475
v -0.112711123746061 -1.96060220531825 0.225696858114475
v -0.168746592289366 -1.94396501650056 0.225696858114475
v -0.22629220849204 -1.91222862296167 0.225696858114475
v -0.315708455766075 -1.96606583043871 0.225696858114475
v -0.373181360220829 -1.93235647777898 0.225696858114475
v -0.426186669521498 -1.90859989899789 0.225696858114475
v -0.47403420883343 -1.88853442403473 0.225696858114475
v -0.517808779228892 -1.86535542546663 0.225696858114475
v -0.563080751249949 -1.83880941972288 0.225696858114475
v -0.601251530013099 -1.7968979418678 0.225696858114475
v 0.343780142506301 -2.10195673089178 0.225696858114475
v 0.268473571471146 -2.10026799089315 0.225696858114475
v 0.1929479122575 -2.09816540503731 0.225696858114475
v 0.117625208131686 -2.09472728555783 0.225696858114475
v 0.0390626977106748 -2.09440968828513 0.225696858114475
v -0.0233700650654851 -2.08194141658687 0.225696858114475
v -0.0878364153689743 -2.07105864571789 0.225696858114475
v -0.144582949883822 -2.05913027305036 0.225696858114475
v -0.200573213650214 -2.04556559263152 0.225696858114475
v -0.256786044210249 -2.01463467480385 0.225696858114475
v -0.346190944025952 -2.06214587096875 0.225696858114475
v -0.404284637464229 -2.02956190294895 0.225696858114475
v -0.45798743179106 -2.00696118048854 0.225696858114475
v -0.508402278876349 -1.98744305976113 0.225696858114475
v -0.551688927429084 -1.96732467599103 0.225696858114475
v -0.588736103037155 -1.93625888722437 0.225696858114475
v 0.415637507446733 -2.20397857417959 0.225696858114475
v 0.340889535222839 -2.20253879285871 0.225696858114475
v 0.265309812470846 -2.20129731552127 0.225696858114475
v 0.190439369088528 -2.1995475952246 0.225696858114475
v 0.117564549656518 -2.19794769211522 0.225696858114475
v 0.051552078926558 -2.19282636808114 0.225696858114475
v -0.0150032597241164 -2.19216880816652 0.225696858114475
v -0.0638174721114544 -2.17540747508343 0.225696858114475
v -0.119728742057371 -2.16756798878171 0.225696858114475
v -0.177353527196818 -2.15833551522843 0.225696858114475
v -0.233142098032244 -2.14685303715806 0.225696858114475
v -0.287923059702604 -2.11884683460542 0.225696858114475
v -0.3754510099968 -2.15627328802721 0.225696858114475
v -0.433518859749394 -2.12619445215334 0.225696858114475
v -0.487664691042466 -2.10690486704147 0.225696858114475
v -0.537382491779615 -2.08708971789592 0.225696858114475
v -0.589013261856365 -2.0659165108526 0.225696858114475
v -0.622300845370561 -2.03613022506661 0.225696858114475
v 0.336343632341808 -2.30342641082807 0.225696858114475
v 0.259746162375877 -2.30255443954529 0.225696858114475
v 0.183144321200146 -2.30111069274842 0.225696858114475
v 0.106591256852621 -2.29838898586604 0.225696858114475
v 0.0262215157910056 -2.29918784311979 0.225696858114475
v -0.0363691430651804 -2.28674829844524 0.225696858114475
v -0.100299236560302 -2.27622291957412 0.225696858114475
v -0.156788752175514 -2.26549581501041 0.225696858114475
v -0.212747705586829 -2.25703867504734 0.225696858114475
v -0.267520212684325 -2.24751587293446 0.225696858114475
v -0.319751188194463 -2.22397495763885 0.225696858114475
v -0.402697016830845 -2.24910505957248 0.225696858114475
v -0.456995953562151 -2.22235824019333 0.225696858114475
v -0.514385575497616 -2.20527867232 0.225696858114475
v -0.563273177535394 -2.19537802372932 0.225696858114475
v -0.602424753719031 -2.16770782941778 0.225696858114475
v 0.408669739568069 -2.4052775413954 0.225696858114475
v 0.331963263010881 -2.40445868875903 0.225696858114475
v 0.254697498139367 -2.40385043320788 0.225696858114475
v 0.178261894616374 -2.403046418862 0.225696858114475
v 0.103954120677743 -2.40183505879582 0.225696858114475
v 0.0360894955930246 -2.39731844557742 0.225696858114475
v -0.03218032037696 -2.39779191243328 0.225696858114475
v -0.0809462180145447 -2.38112802807296 0.225696858114475
v -0.137377918961531 -2.37347953350405 0.225696858114475
v -0.195499485899107 -2.36472212350419 0.225696858114475
v -0.251791000605733 -2.35597017792378 0.225696858114475
v -0.306438156595275 -2.34725050588809 0.225696858114475
v -0.358336228384141 -2.33123657703715 0.225696858114475
v -0.428740300387896 -2.3372927748284 0.225696858114475
v -0.482383710612478 -2.32219220360131 0.225696858114475
v -0.531689603561793 -2.29714670188593 0.225696858114475
v -0.594858408004727 -2.30016953529606 0.225696858114475
v 0.326110441184533 -2.50567588245003 0.225696858114475
v 0.247113576754824 -2.50568942505168 0.225696858114475
v 0.169053876602029 -2.5046683257157 0.225696858114475
v 0.0908967292627096 -2.50262459636741 0.225696858114475
v 0.00791075759235966 -2.50340699197123 0.225696858114475
v -0.0563296671244505 -2.49236857251286 0.225696858114475
v -0.120955567020522 -2.48256197266501 0.225696858114475
v -0.177865016237979 -2.47196438145692 0.225696858114475
v -0.235421225342914 -2.46336138355391 0.225696858114475
v -0.292784028804024 -2.45474202733218 0.225696858114475
v -0.348320847723989 -2.44638522905069 0.225696858114475
v -0.402679376285773 -2.43648581845943 0.225696858114475
v -0.459526227560136 -2.42639799532252 0.225696858114475
v -0.52151096900841 -2.41689434498657 0.225696858114475
v -0.570969865204483 -2.39138709096498 0.225696858114475
v 0.400518318650541 -2.60711454785218 0.225696858114475
v 0.320835170673147 -2.60694757754502 0.225696858114475
v 0.240367305504113 -2.60704140214035 0.225696858114475
v 0.160483418763504 -2.6086058804487 0.225696858114475
v 0.0881597405184792 -2.60603748815591 0.225696858114475
v 0.0188306532467152 -2.60050410087253 0.225696858114475
v -0.0524678417883238 -2.60202640128371 0.225696858114475
v -0.103464017612133 -2.58692443016003 0.225696858114475
v -0.161308019063854 -2.58022223290887 0.225696858114475
v -0.219406692392368 -2.57201551242051 0.225696858114475
v -0.275865879368693 -2.56218732460939 0.225696858114475
v -0.334272145018315 -2.55227522815681 0.225696858114475
v -0.391586159943849 -2.54474799000954 0.225696858114475
v -0.444776482573662 -2.53656905864901 0.225696858114475
v -0.500494316054174 -2.5249260330362 0.225696858114475
v -0.552009587625433 -2.5087124466693 0.225696858114475
v 0.314682824174751 -2.70831646267254 0.225696858114475
v 0.231794191541066 -2.70893045429356 0.225696858114475
v 0.147924150456174 -2.70851503243035 0.225696858114475
v 0.0582487334529393 -2.71353975474988 0.225696858114475
v -0.00858619664848436 -2.70139434238029 0.225696858114475
v -0.0794650633488065 -2.69674490942467 0.225696858114475
v -0.147246344264375 -2.68749200236269 0.225696858114475
v -0.206737928850155 -2.67849561566157 0.225696858114475
v -0.264184573694701 -2.67145651683003 0.225696858114475
v -0.318507056810078 -2.66280113145126 0.225696858114475
v -0.372172761935476 -2.64891293873842 0.225696858114475
v -0.434713915517167 -2.63906042702464 0.225696858114475
v -0.490202882938984 -2.63848291002337 0.225696858114475
v -0.53751943849513 -2.61915927499317 0.225696858114475
v 0.392936842757698 -2.8090444505868 0.225696858114475
v 0.309856217642129 -2.80963442258035 0.225696858114475
v 0.225643098264161 -2.81046535237154 0.225696858114475
v 0.141674668944453 -2.81242135974141 0.225696858114475
v 0.0648373012008355 -2.81055915031604 0.225696858114475
v -0.0117363283425268 -2.81475809658159 0.225696858114475
v -0.0629627030588289 -2.79718197166816 0.225696858114475
v -0.124367576240683 -2.79194780915733 0.225696858114475
v -0.189938512444312 -2.7849868113309 0.225696858114475
v -0.253712889954067 -2.77725606534426 0.225696858114475
v -0.313962696480045 -2.76988537617871 0.225696858114475
v -0.369015057283993 -2.7625131993884 0.225696858114475
v -0.416043386074259 -2.7510655901775 0.225696858114475
v -0.461701533615653 -2.72717979464678 0.225696858114475
v -0.531752926997198 -2.73707673165423 0.225696858114475
v 0.304657990730017 -2.91093018032341 0.225696858114475
v 0.217885677015544 -2.91239641589774 0.225696858114475
v 0.129795833634041 -2.91271665118607 0.225696858114475
v 0.0356612049455705 -2.91817072322312 0.225696858114475
v -0.0351750487459587 -2.90867325805604 0.225696858114475
v -0.107769728365602 -2.90016067121897 0.225696858114475
v -0.171367930504526 -2.88985498751366 0.225696858114475
v -0.235723681914048 -2.88295513573439 0.225696858114475
v -0.300558136701081 -2.87566907196205 0.225696858114475
v -0.364195789754881 -2.86744878588356 0.225696858114475
v -0.426450413199944 -2.85883253910971 0.225696858114475
v -0.480780576368249 -2.84833169167065 0.225696858114475
v -0.517951582658226 -2.81993874891738 0.225696858114475
v 0.387673381286465 -3.01054172852829 0.225696858114475
v 0.301500581862549 -3.01193732327877 0.225696858114475
v 0.213333548847162 -3.01379226667836 0.225696858114475
v 0.124847685033779 -3.01668121715965 0.225696858114475
v 0.0438115842231095 -3.01547679491261 0.225696858114475
v -0.035308918169248 -3.0198061838151 0.225696858114475
v -0.0881804626678559 -3.00265532018455 0.225696858114475
v -0.151055680542861 -2.99679701404181 0.225696858114475
v -0.216855160391963 -2.98938781815455 0.225696858114475
v -0.281677169937247 -2.98184134439383 0.225696858114475
v -0.346330933814739 -2.97440950719366 0.225696858114475
v -0.411042649395771 -2.96655645624328 0.225696858114475
v -0.474107438434419 -2.95536174155575 0.225696858114475
v -0.541105907696507 -2.94397814982827 0.225696858114475
v -0.588879786532182 -2.9235083828147 0.225696858114475
v 0.29853352598347 -3.1127908710031 0.225696858114475
v 0.208183547914987 -3.11514344434243 0.225696858114475
v 0.114965954901008 -3.11676254002855 0.225696858114475
v 0.0146297263791126 -3.12331925366373 0.225696858114475
v -0.0594370325832215 -3.11419986972045 0.225696858114475
v -0.133360000625852 -3.10556535702772 0.225696858114475
v -0.197539651998458 -3.09489485478426 0.225696858114475
v -0.262290592791769 -3.08783882412151 0.225696858114475
v -0.327592165908967 -3.08058649180104 0.225696858114475
v -0.39336421326864 -3.07363349030873 0.225696858114475
v -0.456683328684786 -3.06524712671495 0.225696858114475
v -0.520024129090378 -3.05819280749547 0.225696858114475
v -0.570550693664663 -3.04242302259463 0.225696858114475
v 0.385382613665163 -3.21191612902598 0.225696858114475
v 0.297871778512455 -3.21359880204108 0.225696858114475
v 0.207388419959354 -3.2156362062849 0.225696858114475
v 0.114878446938964 -3.21964727790489 0.225696858114475
v 0.0257352679275486 -3.22033067679136 0.225696858114475
v -0.0604686132866733 -3.22571006867456 0.225696858114475
v -0.11449044289601 -3.20898360032557 0.225696858114475
v -0.178254604350919 -3.20280961760732 0.225696858114475
v -0.244069989895611 -3.19466449883577 0.225696858114475
v -0.308317822300537 -3.18613070916956 0.225696858114475
v -0.373786092093267 -3.17878347081484 0.225696858114475
v -0.440001101873197 -3.17052915468562 0.225696858114475
v -0.510768842933694 -3.16396560651461 0.225696858114475
v -0.569052225974584 -3.15118340737312 0.225696858114475
v 0.295779942825033 -3.31556216843759 0.225696858114475
v 0.205266120065814 -3.31647859489635 0.225696858114475
v 0.110290801475293 -3.31756126400701 0.225696858114475
v 0.007567688991716 -3.32646974393832 0.225696858114475
v -0.0910589272331332 -3.3205808282053 0.225696858114475
v -0.163748115939844 -3.31261073801035 0.225696858114475
v -0.228315424571107 -3.30210737385921 0.225696858114475
v -0.291919658990104 -3.29366782358485 0.225696858114475
v -0.355509073693526 -3.2850204626826 0.225696858114475
v -0.418233353631301 -3.27565568899736 0.225696858114475
v -0.485195309742537 -3.26806771683171 0.225696858114475
v -0.550488025445086 -3.25526423097744 0.225696858114475
v 0.385143736780184 -3.41108696804732 0.225696858114475
v 0.292243229319656 -3.41790610833479 0.225696858114475
v 0.201856336844601 -3.42004616110955 0.225696858114475
v 0.112192041110787 -3.41800575977232 0.225696858114475
v 0.0240242849035547 -3.41973748475415 0.225696858114475
v -0.0594082869668316 -3.42981736038509 0.225696858114475
v -0.14150606817747 -3.41562556494998 0.225696858114475
v -0.211996827397779 -3.41066619362899 0.225696858114475
v -0.280542886771365 -3.40310181838711 0.225696858114475
v -0.344438722367491 -3.39389763746694 0.225696858114475
v -0.404482938871907 -3.38296424790161 0.225696858114475
v -0.466319202023118 -3.37408102687298 0.225696858114475
v -0.522224398900481 -3.36026669674182 0.225696858114475
v 0.293167754927195 -3.51334449191689 0.225696858114475
v 0.183279613375791 -3.52554023171787 0.225696858114475
v 0.0937114109360882 -3.51884121984695 0.225696858114475
v 0.00299011087317305 -3.51970334461611 0.225696858114475
v -0.0875194811743926 -3.52326236231741 0.225696858114475
v -0.179542288300342 -3.51765627920781 0.225696858114475
v -0.261953107740827 -3.50926674852763 0.225696858114475
v -0.336979237938192 -3.50372795026874 0.225696858114475
v -0.402316166693283 -3.49403393819136 0.225696858114475
v -0.462726861932388 -3.4829225326771 0.225696858114475
v -0.511997850208824 -3.46716071373476 0.225696858114475
v 0.398355746445189 -3.60639232629295 0.225696858114475
v 0.304262432350221 -3.61206059458912 0.225696858114475
v 0.209534414477748 -3.61358177370181 0.225696858114475
v 0.116756380542802 -3.62910802624224 0.225696858114475
v 0.0477462406889051 -3.61556857707183 0.225696858114475
v -0.0350824886524998 -3.61704585101024 0.225696858114475
v -0.12397398411031 -3.61832900799039 0.225696858114475
v -0.216214790790438 -3.61519196803856 0.225696858114475
v -0.307155768387532 -3.60872302665894 0.225696858114475
v -0.394442281726519 -3.60251666863062 0.225696858114475
v -0.474109069214827 -3.5968195141836 0.225696858114475
v -0.525379580621148 -3.57751111917281 0.225696858114475
v 0.295675051216079 -3.71226691464934 0.225696858114475
v 0.201857275090849 -3.70852876773732 0.225696858114475
v 0.106763446053531 -3.71798179236016 0.225696858114475
v 0.0120751193589041 -3.71861288257444 0.225696858114475
v -0.0738814009002914 -3.71524841753432 0.225696858114475
v -0.162495711660944 -3.71580086377753 0.225696858114475
v -0.253735978486029 -3.7134990253542 0.225696858114475
v -0.34727907730243 -3.70877693477653 0.225696858114475
v -0.439101665973987 -3.70059847151125 0.225696858114475
v -0.536594609832351 -3.69497992616392 0.225696858114475
v -0.643652940034335 -3.68001926507079 0.225696858114475
v 0.424428489102016 -3.78187059508879 0.225696858114475
v 0.326088742324829 -3.79911528326381 0.225696858114475
v 0.236461218047361 -3.80763840420993 0.225696858114475
v 0.164784600866579 -3.79830277803775 0.225696858114475
v 0.078828743994188 -3.80626807997728 0.225696858114475
v -0.0137786195854568 -3.81195664409734 0.225696858114475
v -0.107206518118484 -3.8140689608481 0.225696858114475
v -0.198353333640323 -3.81451755951206 0.225696858114475
v -0.290490187331879 -3.81398725131677 0.225696858114475
v -0.382607054717527 -3.80957569052089 0.225696858114475
v -0.47964880955951 -3.80551469788933 0.225696858114475
v -0.555855296898806 -3.79269136933836 0.225696858114475
v 0.463857143814921 -3.86412715057015 0.225696858114475
v 0.373930741293791 -3.8762596596671 0.225696858114475
v 0.289155586860307 -3.89674877475133 0.225696858114475
v 0.215069588557045 -3.89063337451339 0.225696858114475
v 0.130055052656471 -3.89182191738049 0.225696858114475
v 0.0461244450704848 -3.89474730870384 0.225696858114475
v -0.0440141300634709 -3.90241392797749 0.225696858114475
v -0.137683568088071 -3.90845672296808 0.225696858114475
v -0.232737456114214 -3.91308705700926 0.225696858114475
v -0.325741377267505 -3.91370213913525 0.225696858114475
v -0.421620005712275 -3.9128341584768 0.225696858114475
v -0.511399515316455 -3.90258749570748 0.225696858114475
v 0.396376009751902 -3.95466838258705 0.225696858114475
v 0.296066432596302 -3.97661935816843 0.225696858114475
v 0.202166358654594 -3.97874306364668 0.225696858114475
v 0.112724944439657 -3.97890898422887 0.225696858114475
v 0.0216849066089103 -3.98363680602443 0.225696858114475
v -0.070655005761277 -3.99054923048247 0.225696858114475
v -0.166858545440791 -3.99977875120859 0.225696858114475
v -0.263446601522548 -4.00770385535906 0.225696858114475
v -0.363467206866301 -4.01542844078723 0.225696858114475
v -0.450529533665532 -4.01028212960389 0.225696858114475
v 0.502083626186867 -4.0292585199389 0.225696858114475
v 0.425677524539742 -4.03341391925505 0.225696858114475
v 0.342113070671453 -4.04383595838089 0.225696858114475
v 0.255783728045821 -4.06044525281077 0.225696858114475
v 0.181111425044977 -4.05492238446882 0.225696858114475
v 0.0939496598390515 -4.0608159765518 0.225696858114475
v 0.0031221123380197 -4.06682405011135 0.225696858114475
v -0.0924784338655533 -4.07511670722912 0.225696858114475
v -0.190407941737362 -4.08468835961421 0.225696858114475
v -0.294621557973331 -4.10005734231742 0.225696858114475
v -0.388858417138 -4.10605436708816 0.225696858114475
v 0.433414895601087 -4.11429642120279 0.225696858114475
v 0.353902579153843 -4.12133781978706 0.225696858114475
v 0.266562105927154 -4.13305040532817 0.225696858114475
v 0.171963785462179 -4.13634123823389 0.225696858114475
v 0.0814306574973199 -4.13772215384921 0.225696858114475
v -0.0125183710195611 -4.14551795051516 0.225696858114475
v -0.108148887837085 -4.15256910692627 0.225696858114475
v -0.212632542102618 -4.16374303972549 0.225696858114475
v -0.310836260520506 -4.17601682318134 0.225696858114475
v 0.433820857561432 -4.19203293145243 0.225696858114475
v 0.358927321563845 -4.196340006676 0.225696858114475
v 0.273842336187797 -4.20258697754718 0.225696858114475
v 0.179415046791883 -4.20631716119956 0.225696858114475
v 0.0801917577030143 -4.20950629808506 0.225696858114475
v -0.0208756295234702 -4.21524631876574 0.225696858114475
v -0.12488797663172 -4.22463834866015 0.225696858114475
v -0.22158781827893 -4.22681727848298 0.225696858114475
v 0.330963647167542 3.98856882843148 0.180491484609601
v 0.255908746101892 3.98856882843148 0.194642879217986
v 0.178460037614715 3.98856882843148 0.225696858114475
v 0.0948516871262754 3.98856882843148 0.225696858114475
v 0.00350056113098342 3.98856882843148 0.193207112233247
v -0.0960940512719482 3.98856882843148 0.19564347910485
v -0.204291197265717 3.98856882843148 0.225696858114475
v -0.322158779319955 3.98856882843148 0.225696858114475
v -0.452653767451324 3.98856882843148 0.225696858114475
v -0.60385774312124 3.98856882843148 0.181484069622932
v 0.390467703002091 3.98856882843148 0.225696858114475
v 0.344698587656982 3.98856882843148 0.207545904801002
v 0.28297640935843 3.98856882843148 0.225696858114475
v -0.759199354865458 3.98856882843148 0.175766704804497
v 0.351231441601145 3.98856882843148 0.225696858114475
v 0.302561164494382 3.98856882843148 0.225696858114475
v 0.235478837967936 3.93154795376544 0.225696858114475
v -0.892820022466539 3.98856882843148 0.182119593856752
v 0.362570228941313 3.84910985418724 0.225696858114475
v 0.320317495433346 3.85831198911566 0.225696858114475
v 0.260190357445125 3.85547181631717 0.225696858114475
v -1.0305190616918 3.98856882843148 0.225696858114475
v 0.352043670508892 3.73796772775558 0.225696858114475
v 0.290609565804557 3.75048901733818 0.225696858114475
v -1.0305190616918 3.83510825077969 0.225696858114475
v 0.390467703002091 3.63144512538351 0.225696858114475
v 0.319071512228991 3.64429840039355 0.225696858114475
v 0.246815093632285 3.65698371594471 0.225696858114475
v -1.0305190616918 3.71808983520213 0.225696858114475
v 0.349494578884983 3.53520680491946 0.225696858114475
v 0.280093561166629 3.55142376655552 0.225696858114475
v -1.0305190616918 3.61288701605288 0.225696858114475
v 0.390467703002091 3.43329934609268 0.225696858114475
v 0.310391939977418 3.44616066525591 0.225696858114475
v 0.231734593837679 3.46082632990013 0.225696858114475
v -1.0305190616918 3.50651045437641 0.225696858114475
v 0.344906023297952 3.33880727364353 0.225696858114475
v 0.262769944160765 3.3570949748991 0.225696858114475
v -1.0305190616918 3.40203856349403 0.225696858114475
v 0.390467703002091 3.23697754718203 0.225696858114475
v 0.311793824436737 3.25090360768446 0.225696858114475
v 0.215618634045342 3.26845168915739 0.225696858114475
v -1.0305190616918 3.29834174614336 0.225696858114475
v 0.390467703002091 3.14299310419876 0.225696858114475
v 0.262538867988317 3.16269807987021 0.225696858114475
v -1.0305190616918 3.19224852222531 0.225696858114475
v 0.390467703002091 3.04044870176814 0.225696858114475
v 0.307433385536546 3.05534491232052 0.225696858114475
v 0.206343018441889 3.0724588848442 0.225696858114475
v -1.0305190616918 3.08584893512407 0.225696858114475
v 0.341323569221523 2.9451753377107 0.225696858114475
v 0.25400821204356 2.96320943077136 0.225696858114475
v 0.156633341995109 2.97377357802024 0.225696858114475
v -1.0305190616918 2.98460547946295 0.225696858114475
v 0.390467703002091 2.84153098580267 0.225696858114475
v 0.295732731330649 2.85528073052798 0.225696858114475
v 0.202603976802034 2.86833548435521 0.225696858114475
v -1.0305190616918 2.88405591736005 0.225696858114475
v 0.338803047292915 2.74455645074876 0.225696858114475
v 0.249260460402734 2.76126193495092 0.225696858114475
v -1.0305190616918 2.78797295942075 0.179745002329796
v 0.390467703002091 2.63955586609891 0.225696858114475
v 0.29374545824178 2.65409062843448 0.225696858114475
v 0.198755673714121 2.66864757655979 0.225696858114475
v -1.0305190616918 2.6842069828224 0.162734501411165
v 0.338695374054489 2.54393277206525 0.225696858114475
v 0.24758801194472 2.56096013226783 0.225696858114475
v -1.0305190616918 2.58574689393364 0.140510474075992
v 0.390467703002091 2.44031013550749 0.225696858114475
v 0.292289669900806 2.45306718849558 0.225696858114475
v 0.196235931577222 2.47354183184507 0.225696858114475
v -1.0305190616918 2.42855536251725 0.225696858114475
v 0.337242973749183 2.34243440851702 0.225696858114475
v 0.244645147309311 2.36195903140923 0.225696858114475
v -1.0305190616918 2.33850764026264 0.225696858114475
v 0.390467703002091 2.2378555074218 0.225696858114475
v 0.292037412164692 2.25340514922078 0.225696858114475
v 0.193762687762745 2.27711444419947 0.225696858114475
v -1.0305190616918 2.24626053139162 0.225696858114475
v 0.339795753419943 2.14064006077593 0.225696858114475
v 0.253506324557301 2.1614627333917 0.225696858114475
v -1.0305190616918 2.15159471329037 0.225696858114475
v 0.390467703002091 2.03519985916734 0.225696858114475
v 0.297598060100222 2.05002662873028 0.225696858114475
v 0.208528425703953 2.06575893906656 0.225696858114475
v -1.0305190616918 2.05767615895617 0.17754043519308
v 0.339753447554024 1.93829577454012 0.225696858114475
v 0.251664131941907 1.95603031641637 0.225696858114475
v 0.390467703002091 1.83379250796747 0.225696858114475
v 0.295976511998238 1.84868821004778 0.225696858114475
v 0.200376912867742 1.87305307352235 0.225696858114475
v -1.0305190616918 1.83866222326417 0.158429414359411
v 0.342318689388326 1.73682075464338 0.225696858114475
v 0.259068323124269 1.75860611958207 0.225696858114475
v 0.196841414322154 1.74924942139646 0.225696858114475
v -1.0305190616918 1.7255957774923 0.161601705137301
v 0.390467703002091 1.63169907463023 0.225696858114475
v 0.305067319884761 1.64585527672968 0.225696858114475
v 0.227992229396643 1.65431140317326 0.225696858114475
v -1.0305190616918 1.61517502175931 0.175950203456984
v 0.343149724318775 1.53402524285287 0.225696858114475
v 0.265031173772464 1.54911249790823 0.225696858114475
v 0.181829484843126 1.55896661786245 0.225696858114475
v -1.0305190616918 1.50928263425089 0.177838276377137
v 0.390467703002091 1.42881126788319 0.225696858114475
v 0.302766785746848 1.4416356325177 0.225696858114475
v 0.219752732080795 1.45461384516845 0.225696858114475
v -1.0305190616918 1.40113224786762 0.166222606315188
v 3.96464588717883 0.322710653858981 0.151477555979039
v 3.96464588717883 0.268928439977133 0.18891954051354
v 3.95211815683714 0.268928439977133 0.178915981132317
v 3.92270866986561 0.268928439977133 0.173486919661611
v 3.88131154611682 0.268928439977133 0.163840169388016
v 3.83115624412411 0.268928439977133 0.153093519010899
v 3.77462229460819 0.268928439977133 0.136115808144638
v 3.71273706198824 0.268928439977133 0.121923555357548
v 3.64579083254568 0.268928439977133 0.11642216242464
v 3.57381486799993 0.268928439977133 0.114804855261126
v 0.341322854798721 1.33051140758056 0.225696858114475
v 0.259252602814254 1.34777240276851 0.225696858114475
v 0.171932893974359 1.36573799450577 0.225696858114475
v -1.0305190616918 1.27751736922196 0.159668133914466
v 3.96464588717883 0.286348003469489 0.204332399451027
v 3.4175038065865 0.268928439977133 0.0851048829925838
v 0.390467703002091 1.22486984078955 0.225696858114475
v 0.298566963411058 1.23907950843391 0.225696858114475
v 0.21158987910621 1.25955925873695 0.225696858114475
v -1.0305190616918 1.15162493458723 0.162769472905175
v 3.96464588717883 0.268928439977133 0.232707598510081
v 3.34647622644447 0.268928439977133 0.0864343965244057
v 0.33849034371466 1.12589533558447 0.225696858114475
v 0.251670098866775 1.15053609788735 0.225696858114475
v 0.160285285982242 1.18611817203841 0.225696858114475
v -1.0305190616918 1.02098421600587 0.177663867880849
v 3.96464588717883 0.268928439977133 0.215963127475528
v 3.26892978465047 0.268928439977133 0.108605643880515
v 0.390467703002091 1.01730565565274 0.225696858114475
v 0.29051039745678 1.03796231977425 0.225696858114475
v 0.199664744495731 1.07660332788467 0.225696858114475
v -1.0305190616918 0.888620267011668 0.225696858114475
v 3.96464588717883 0.268928439977133 0.233160758861284
v 3.19549369202044 0.268928439977133 0.10633684003566
v 0.334715948541496 0.921683634986749 0.225696858114475
v 0.231934470753039 0.957157182701614 0.225696858114475
v 0.166543642994784 0.938383871857394 0.225696858114475
v -1.0305190616918 0.745642042010835 0.225696858114475
v 3.96464588717883 0.183627450989948 0.261341101726389
v 3.1190156673731 0.268928439977133 0.101694367400982
v 0.390467703002091 0.803027098857141 0.225696858114475
v 0.283791851223223 0.843810771509462 0.225696858114475
v 0.208988163218937 0.851924741536662 0.225696858114475
v -1.0305190616918 0.595353716106169 0.225696858114475
v 3.96464588717883 0.121344943401816 0.261341101726389
v 3.03649259964351 0.268928439977133 0.103707735668857
v 0.309304518006715 0.726253124892186 0.225696858114475
v 0.226373058497777 0.746591091453612 0.225696858114475
v 0.145446267155578 0.760595286177509 0.225696858114475
v -1.0305190616918 0.435838389152734 0.225696858114475
v 3.96464588717883 0.0702081107021294 0.261341101726389
v 2.96261360682539 0.268928439977133 0.0968801213999324
v 0.324388210409781 0.607137375738347 0.225696858114475
v 0.247789278321949 0.63163082703148 0.225696858114475
v 0.170137019170864 0.649627064656661 0.225696858114475
v 3.96464588717883 0.0704475406634664 0.261341101726389
v 2.87682474987347 0.268928439977133 0.109209485835258
v 0.344164086906021 0.485756435149639 0.225696858114475
v 0.277136505008302 0.509328738583064 0.225696858114475
v 0.20325329641536 0.53325894487614 0.225696858114475
v 3.96464588717883 0.0216434573022096 0.261341101726389
v 2.80590922161283 0.268928439977133 0.123240495797892
v 0.390467703002091 0.363437988248939 0.225696858114475
v 0.327098165200638 0.381037283584766 0.225696858114475
v 0.256756897628565 0.411799736104976 0.225696858114475
v -1.41101932796034 0.0621585879383661 0.191940397185441
v 3.96464588717883 0.000272387620911995 0.261341101726389
v 2.76182430427167 0.268928439977133 0.159888137998182
v 0.863023900504998 0.268928439977133 0.173682891550776
v 0.741359375668457 0.268928439977133 0.181325839910447
v 0.613179717577821 0.268928439977133 0.183668749997429
v 0.483918923616812 0.268928439977133 0.193828107283029
v -1.63552832918341 0.0621585879383661 0.177229120718773
v -1.55427377912515 0.0621585879383661 0.162180080816377
v -1.76330990541386 0.0621585879383661 0.155069636330935
v -1.86486758564264 0.0621585879383661 0.147288417621462
v -1.98251623157978 0.0621585879383661 0.148461867477532
v -2.10045697472025 0.0621585879383661 0.15222729474143
v -2.21549977242637 0.0621585879383661 0.157349637144195
v -2.32705763557205 0.0621585879383661 0.163278822248238
v -2.43493111757603 0.0621585879383661 0.170391403196411
v -2.5386089531559 0.0621585879383661 0.179920556477678
v -2.63726197944308 0.0621585879383661 0.193684987850037
v -2.73026877887419 0.0621585879383661 0.213147790687338
v -2.8183843972831 0.0621585879383661 0.237769251049409
v -2.9043073413446 0.0621585879383661 0.264781999167898
v -2.99144398130016 0.0621585879383661 0.290435160363302
v -3.08185704722587 0.0621585879383661 0.311320592451296
v -3.17514360146165 0.0621585879383661 0.325430142542008
v -3.26899397983938 0.0621585879383661 0.32844135330539
v -3.369788824574 0.0621585879383661 0.331143480101816
v -3.46932211186398 0.0621585879383661 0.34280877185425
v -3.57142166955395 0.0621585879383661 0.351034502816491
v -3.67184048483748 0.0621585879383661 0.360008481835698
v -3.76276175571552 0.0621585879383661 0.357303692263326
v 3.96464588717883 -0.0387645802177221 0.261341101726389
v 2.58009983242603 0.268928439977133 0.166276712311285
v 2.4365989756029 0.268928439977133 0.150376786367713
v 2.30167939240191 0.268928439977133 0.143232854716643
v 2.1831329883634 0.268928439977133 0.149843743261517
v 2.06687563935077 0.268928439977133 0.151526039829554
v 1.95407561843668 0.268928439977133 0.153554829801417
v 1.84342662381158 0.268928439977133 0.155618431646867
v 1.73376892684717 0.268928439977133 0.158118519967339
v 1.62419750264937 0.268928439977133 0.161809816267669
v 1.51452692254657 0.268928439977133 0.167343981930956
v 1.40564094537412 0.268928439977133 0.173364105581034
v 1.29560294606055 0.268928439977133 0.17666536304376
v 1.1866000815277 0.268928439977133 0.176655012520922
v -4.111789157688 0.0621585879383661 0.387129788061123
v 3.96464588717883 -0.0815964718575425 0.218226828723723
v -4.28086835425081 0.0621585879383661 0.37339352966302
v -4.28086835425081 0.0621585879383661 0.307602860774873
v 4.11191564419418 -0.115162104241821 0.252679939897591
v 4.02755873962447 -0.115162104241821 0.248414631876347
v 3.96464588717883 -0.115162104241821 0.19446409360168
v 3.96464588717883 -0.115162104241821 0.261341101726389
v -4.28086835425081 0.0117818571317588 0.363404925246729
v -4.28086835425081 -0.00999768002622303 0.290430538032574
v 4.2404592822907 -0.115162104241821 0.30890662697875
v -4.28086835425081 -0.0932204854928916 0.348570121916696
v -4.28086835425081 -0.208735255307683 0.369721272191815
v 4.2404592822907 -0.136699569956803 0.290748269203128
v -4.28086835425081 -0.332869450446544 0.363356835748727
v 4.2404592822907 -0.166772342700728 0.279736608523262
v -4.28086835425081 -0.465774845117145 0.362957688175596
v 4.2404592822907 -0.20015749456257 0.266180025281166
v -4.28086835425081 -0.589835779601877 0.369776642725098
v 4.2404592822907 -0.239566058016279 0.257199952773218
v -4.28086835425081 -0.713978096631507 0.382154620818154
v 4.2404592822907 -0.25077106964472 0.248094657069701
v -4.28086835425081 -0.8436671812988 0.41273484476251
v 4.16857754641751 -0.25077106964472 0.247509608814526
v 4.10628505425431 -0.25077106964472 0.248052632381775
v 4.06589902356744 -0.25077106964472 0.249195067765863
v -4.28086835425081 -0.995037270170584 0.415335666086555
v 4.06589902356744 -0.25077106964472 0.225696858114475
v -4.28086835425081 -1.09858866963702 0.407065895624258
v 4.06589902356744 -0.290664252388201 0.225696858114475
v 2.35056633430017 -0.643116763973995 0.176499460223068
v 2.25711630158097 -0.643116763973995 0.179698230262008
v 2.16509919714634 -0.643116763973995 0.177448336648078
v 2.06963330634683 -0.643116763973995 0.176904846052124
v 1.97925068633359 -0.643116763973995 0.175769828444082
v 1.88593626365589 -0.643116763973995 0.169693894179482
v 1.79030797683793 -0.643116763973995 0.164656936594807
v 1.69284763631753 -0.643116763973995 0.161168093046336
v 1.59409157631741 -0.643116763973995 0.157871272052673
v 1.49463654089971 -0.643116763973995 0.153099654402239
v 1.39438596266722 -0.643116763973995 0.14622828041636
v 1.2908490266654 -0.643116763973995 0.139523355490816
v 1.17398297435199 -0.643116763973995 0.138669271520303
v -4.01204180499232 -1.09858866963702 0.412647410120426
v -4.10350312642322 -1.09858866963702 0.410201430118735
v -4.1999491243952 -1.09858866963702 0.405662165855006
v 4.06589902356744 -0.330926411255989 0.225696858114475
v 2.60019124894202 -0.643116763973995 0.19598846382097
v 2.51244193742102 -0.643116763973995 0.181030967543571
v 2.43143476962393 -0.643116763973995 0.169355193371602
v 1.06542758726512 -0.643116763973995 0.14448403211949
v 0.96725440765963 -0.643116763973995 0.149583492550575
v 0.876285148235792 -0.643116763973995 0.146813272691572
v 0.797085168667065 -0.643116763973995 0.156439474739991
v 0.715552681483827 -0.643116763973995 0.166810186160231
v 0.625758636541596 -0.643116763973995 0.189661739002362
v -1.82866338836145 -1.09858866963702 0.182114865520115
v -1.92456349571762 -1.09858866963702 0.178909189083425
v -2.02391901856649 -1.09858866963702 0.176964013631107
v -2.12334826107365 -1.09858866963702 0.174227915016886
v -2.22213580439341 -1.09858866963702 0.17141656247388
v -2.32044619327064 -1.09858866963702 0.169692245928664
v -2.41841665901731 -1.09858866963702 0.169618709354678
v -2.5159573777991 -1.09858866963702 0.171522037740609
v -2.61260053569834 -1.09858866963702 0.175948994446512
v -2.70710730596489 -1.09858866963702 0.184020129334604
v -2.79683064007556 -1.09858866963702 0.19749747100092
v -2.8790593705028 -1.09858866963702 0.217762330751119
v -2.95497004491627 -1.09858866963702 0.243531149413524
v -3.03095158532925 -1.09858866963702 0.269901645272997
v -3.1138577336171 -1.09858866963702 0.291903284322309
v -3.20557598743317 -1.09858866963702 0.307579855521757
v -3.30355895257399 -1.09858866963702 0.317434119479011
v -3.40782052416875 -1.09858866963702 0.33363189131193
v -3.51176642731053 -1.09858866963702 0.35173703384894
v -3.61784983018962 -1.09858866963702 0.365028236872725
v -3.72175179031559 -1.09858866963702 0.370163635372113
v -3.83181533859548 -1.09858866963702 0.392272504012424
v -3.9282180837463 -1.09858866963702 0.388184442324908
v 4.06589902356744 -0.358232314147654 0.116331699932899
v 4.06589902356744 -0.356527461547467 0.225696858114475
v 2.69414159396839 -0.643116763973995 0.225696858114475
v 0.532868327327048 -0.643116763973995 0.225696858114475
v 0.424373965528835 -0.729904010365983 0.225696858114475
v -1.74020831905872 -1.09858866963702 0.186891316258541
v 2.81695159501335 -0.608933178348116 0.225696858114475
v 0.525626067295212 -0.738664034585487 0.225696858114475
v 0.431988353512091 -0.823178885177551 0.225696858114475
v 0.333603297957682 -0.82190636321266 0.225696858114475
v -1.65423479387918 -1.09858866963702 0.192836650020022
v 4.06589902356744 -0.427392827776956 0.225696858114475
v 4.04175483145873 -0.409596405995174 0.225696858114475
v 2.92868721727536 -0.619157561446186 0.225696858114475
v 0.532216539300231 -0.846683042187536 0.225696858114475
v 0.441439268631457 -0.927965061511884 0.225696858114475
v 0.345917743540838 -0.914344096403627 0.225696858114475
v -1.55306983364989 -1.09858866963702 0.225696858114475
v 4.06589902356744 -0.473156911608541 0.225696858114475
v 3.01285979124222 -0.636478005907845 0.225696858114475
v 0.538283054365792 -0.959012829739614 0.225696858114475
v 0.449780749468177 -1.031953463239 0.225696858114475
v 0.356966409469484 -1.01540575556337 0.225696858114475
v -1.45213482750912 -1.09858866963702 0.225696858114475
v 3.10143620604005 -0.649757489046978 0.225696858114475
v 0.538945026450148 -1.0808222349532 0.225696858114475
v 0.452012679805622 -1.13115036434124 0.225696858114475
v 0.366908211173757 -1.11746930697514 0.225696858114475
v -1.28666527032066 -1.09562936386533 0.225696858114475
v 4.28471559657307 -0.473156911608541 0.225696858114475
v 4.20041527619166 -0.484410826683756 0.225696858114475
v 3.18956227854418 -0.659927708791116 0.225696858114475
v 0.622049541220225 -1.22310291524408 0.225696858114475
v 0.560733903130712 -1.22306758228467 0.225696858114475
v 0.496038533060546 -1.2019485379302 0.225696858114475
v -1.19357877251295 -1.11453731348656 0.225696858114475
v 4.34666885232678 -0.473156911608541 0.225696858114475
v 3.27608415246867 -0.666677129102405 0.225696858114475
v 0.570192138576802 -1.30697792455292 0.225696858114475
v 0.488282113438729 -1.31084869040581 0.225696858114475
v 0.408757524439356 -1.3065264490016 0.225696858114475
v -1.09047296568719 -1.12690522270831 0.225696858114475
v 3.36165792002928 -0.669457568667229 0.225696858114475
v 0.622049541220225 -1.42864424712918 0.225696858114475
v 0.561783402558862 -1.43368052007897 0.225696858114475
v 0.506567604260948 -1.40423252747032 0.225696858114475
v -0.974098611740858 -1.14160525184842 0.225696858114475
v 4.40665057365107 -0.643116763973995 0.225696858114475
v 4.34666885232678 -0.643116763973995 0.225696858114475
v 3.44908519047153 -0.667976476845611 0.225696858114475
v 0.562878669910797 -1.52145225158083 0.225696858114475
v 0.490398867913126 -1.51317754576544 0.225696858114475
v 0.420025830031581 -1.50193121301772 0.225696858114475
v -0.854524960117649 -1.16507229013766 0.225696858114475
v 4.34049419810494 -0.649075998302313 0.225696858114475
v 4.26254034206699 -0.643116763973995 0.225696858114475
v 4.18022764607158 -0.643116763973995 0.225696858114475
v 4.09815215063696 -0.643116763973995 0.225696858114475
v 4.01412185267266 -0.643116763973995 0.225696858114475
v 3.92776878330608 -0.642135542020915 0.225696858114475
v 3.83796261553199 -0.645111019066552 0.225696858114475
v 3.7427280984934 -0.649594777583079 0.225696858114475
v 3.63811641431902 -0.654657910428327 0.225696858114475
v 3.53784660381495 -0.671014104661109 0.225696858114475
v 0.622049541220225 -1.62242496347407 0.225696858114475
v 0.563825358377315 -1.61929481390334 0.225696858114475
v 0.492142961743129 -1.61157516653875 0.225696858114475
v -0.748852255780928 -1.20254374159366 0.225696858114475
v 0.563136298309195 -1.71260766769719 0.225696858114475
v 0.492991219597361 -1.70999666728994 0.225696858114475
v 0.420404165344476 -1.70516882638567 0.225696858114475
v -0.643652940034335 -1.09858866963702 0.225696858114475
v 0.622049541220225 -1.8182325736378 0.225696858114475
v 0.563770850786343 -1.81408771598887 0.225696858114475
v 0.493895028781013 -1.80758670166612 0.225696858114475
v -0.643652940034335 -1.46880408841945 0.225696858114475
v 0.562659774198443 -1.90930528204867 0.225696858114475
v 0.493014891797155 -1.90717444823195 0.225696858114475
v 0.421223485124931 -1.90381878738252 0.225696858114475
v -0.643652940034335 -1.6281614538903 0.225696858114475
v 0.622049541220225 -2.01593012960265 0.225696858114475
v 0.562745210051545 -2.01198887026701 0.225696858114475
v 0.492471400986526 -2.00585031990205 0.225696858114475
v -0.643652940034335 -1.77644291742137 0.225696858114475
v 0.561151587196197 -2.10804523072933 0.225696858114475
v 0.490444763356529 -2.10630073859151 0.225696858114475
v 0.417963115055812 -2.10354676381155 0.225696858114475
v -0.62568244203595 -1.90673722594013 0.225696858114475
v 0.622049541220225 -2.21497358707318 0.225696858114475
v 0.560831276939999 -2.21138161239748 0.225696858114475
v 0.488982897180839 -2.20565625603149 0.225696858114475
v 0.558913910057851 -2.30794247143565 0.225696858114475
v 0.486212504607178 -2.30664328051676 0.225696858114475
v 0.41201064203469 -2.30440517584267 0.225696858114475
v -0.643652940034335 -2.15867424185887 0.225696858114475
v 0.622049541220225 -2.41485502038508 0.225696858114475
v 0.558367631537982 -2.41166336048018 0.225696858114475
v 0.484177986262755 -2.40640163612447 0.225696858114475
v -0.643652940034335 -2.27321021000994 0.225696858114475
v 0.556337751661889 -2.50848976248574 0.225696858114475
v 0.481043721322922 -2.50769050664034 0.225696858114475
v 0.40427393827697 -2.50602670432052 0.225696858114475
v -0.643652940034335 -2.39475527572245 0.225696858114475
v 0.622049541220225 -2.6150553557123 0.225696858114475
v 0.555811655513597 -2.61234996138759 0.225696858114475
v 0.47889812594855 -2.60762940940745 0.225696858114475
v -0.609140878207033 -2.4971782881694 0.225696858114475
v 0.553945555310009 -2.70918858641847 0.225696858114475
v 0.475944765589574 -2.70897126657525 0.225696858114475
v 0.396168700045388 -2.70796617292291 0.225696858114475
v -0.593940781906673 -2.60743204313215 0.225696858114475
v 0.622049541220225 -2.81502411302746 0.225696858114475
v 0.553718851526243 -2.81292589715118 0.225696858114475
v 0.474292683582351 -2.80884271420578 0.225696858114475
v -0.585870806756446 -2.71910107650729 0.225696858114475
v 0.552263019653593 -2.90949901950711 0.225696858114475
v 0.472079430688985 -2.90999955515694 0.225696858114475
v 0.389532868766983 -2.90972663344079 0.225696858114475
v -0.59264990484314 -2.83549810263318 0.225696858114475
v 0.622049541220225 -3.01399918199397 0.225696858114475
v 0.55249936844416 -3.01280529983842 0.225696858114475
v 0.471363776964836 -3.00958714569158 0.225696858114475
v -0.643652940034335 -2.93861555144197 0.225696858114475
v 0.551480508445898 -3.1086889736799 0.225696858114475
v 0.470105569757303 -3.1104412167891 0.225696858114475
v 0.385867930586748 -3.11097958517899 0.225696858114475
v -0.643652940034335 -3.03886248919247 0.225696858114475
v 0.622049541220225 -3.21065147330108 0.225696858114475
v 0.552287986240791 -3.21059688368123 0.225696858114475
v 0.470226183698331 -3.20958099657037 0.225696858114475
v -0.643652940034335 -3.14534280764747 0.225696858114475
v 0.552089554752609 -3.30416147685129 0.225696858114475
v 0.47022753724808 -3.30898937214151 0.225696858114475
v 0.384088408268358 -3.31251638596716 0.225696858114475
v -0.643652940034335 -3.24889933195719 0.225696858114475
v 0.622049541220225 -3.4044081467782 0.225696858114475
v 0.554465035825383 -3.40166620162943 0.225696858114475
v 0.472432104339408 -3.40627638795858 0.225696858114475
v -0.592951824813074 -3.35324327357054 0.225696858114475
v 0.563602122600321 -3.48669547839648 0.225696858114475
v 0.477589719880718 -3.50318469813015 0.225696858114475
v 0.388695579470518 -3.50936163638713 0.225696858114475
v -0.577066469893596 -3.45901480290578 0.225696858114475
v 0.622049541220225 -3.59316517454684 0.225696858114475
v 0.559464823882609 -3.6031287297772 0.225696858114475
v 0.498023824334031 -3.5879085184653 0.225696858114475
v -0.582931529649745 -3.56743953018132 0.225696858114475
v 0.566114951945766 -3.68055893687531 0.225696858114475
v 0.488107543547704 -3.68777281374791 0.225696858114475
v 0.401793326211885 -3.69421788829186 0.225696858114475
v -0.643652940034335 -3.67033684310851 0.225696858114475
v 0.622049541220225 -3.7848846365454 0.225696858114475
v 0.580113850306696 -3.76581996904455 0.225696858114475
v 0.508735777967297 -3.77523535176746 0.225696858114475
v -0.643652940034335 -3.7987051726288 0.225696858114475
v 0.551284865006809 -3.85581814928911 0.225696858114475
v -0.643652940034335 -3.90150155379863 0.225696858114475
v 0.622049541220225 -3.99054034586717 0.225696858114475
v 0.622049541220225 -3.94408542416495 0.225696858114475
v 0.555248138074501 -3.94477004360018 0.225696858114475
v 0.483151012761202 -3.94489917882071 0.225696858114475
v -0.558865356323389 -4.01170295748993 0.225696858114475
v 0.568894478029996 -4.02985650408264 0.225696858114475
v -0.510449450878149 -4.12582704260216 0.225696858114475
v 0.622049541220225 -4.12943231024289 0.225696858114475
v 0.590770123526991 -4.15486021795748 0.225696858114475
v 0.554716143464835 -4.11496286972429 0.225696858114475
v 0.501773598385194 -4.1101027672261 0.225696858114475
v -0.439961402256709 -4.20943541936398 0.225696858114475
v 0.592924609681699 -4.23823877930633 0.225696858114475
v 0.546021280739508 -4.20259158393846 0.225696858114475
v 0.496185469599557 -4.19143348883911 0.225696858114475
v -0.346141140007063 -4.25200347328889 0.225696858114475
v 0.551270877524378 -4.27663233028798 0.225696858114475
v 0.500121177309464 -4.26931512037481 0.225696858114475
v 0.43895124812639 -4.26387825499387 0.225696858114475
v 0.36675370418248 -4.26469056758715 0.225696858114475
v 0.284322287034406 -4.26667776666985 0.225696858114475
v 0.192434378967211 -4.26816240370233 0.225696858114475
v 0.0928310450949008 -4.26990894082373 0.225696858114475
v -0.0135216921288098 -4.27296858045144 0.225696858114475
v -0.128248533864758 -4.27708095174658 0.225696858114475
v -0.256975559445993 -4.2818719492777 0.225696858114475
v 0.363893920150008 3.98856882843148 0.106492892864967
v -0.896052275244422 3.98856882843148 0.110525420685952
v 0.390467703002091 3.9208015028058 0.225696858114475
v -1.0305190616918 3.98856882843148 0.106377440331108
v 0.390467703002091 3.83795548214133 0.225696858114475
v -1.0305190616918 3.88234635802102 0.120765691228383
v 0.390467703002091 3.75604335511617 0.225696858114475
v -1.0305190616918 3.76646341441679 0.11775138587588
v 0.390467703002091 3.66650981696085 0.225696858114475
v -1.0305190616918 3.6606914656863 0.115855141991902
v 0.390467703002091 3.55382343845449 0.225696858114475
v 0.390467703002091 3.46976037087632 0.225696858114475
v 0.390467703002091 3.35714233359966 0.225696858114475
v -1.0305190616918 3.37578801107282 0.121677465470757
v 0.390467703002091 3.27452045563566 0.225696858114475
v -1.0305190616918 3.26560791020003 0.121929552660931
v 0.390467703002091 3.16087913945914 0.183679478297856
v -1.0305190616918 3.15151863174075 0.117185063948685
v 0.390467703002091 3.07803460946092 0.161313731123463
v -1.0305190616918 3.0381317638067 0.117043276910519
v 0.390467703002091 2.96377719628011 0.225696858114475
v 0.390467703002091 2.88007076025662 0.225696858114475
v 0.390467703002091 2.7641791339656 0.225696858114475
v 0.390467703002091 2.67957266232671 0.225696858114475
v -1.0305190616918 2.6548549290615 0.0807244300619817
v 0.390467703002091 2.56241995207048 0.225696858114475
v -1.0305190616918 2.49335490448955 0.122585359313092
v 0.390467703002091 2.48044205151919 0.225696858114475
v -1.0305190616918 2.39429747393945 0.116588611688681
v 0.390467703002091 2.36091177306507 0.225696858114475
v -1.0305190616918 2.29766276583294 0.114611357042338
v 0.390467703002091 2.27731791082146 0.225696858114475
v 0.390467703002091 2.16020367218676 0.225696858114475
v 0.390467703002091 2.07515931667469 0.225696858114475
v 0.390467703002091 1.95769052774043 0.225696858114475
v -1.0305190616918 1.95146723166123 0.164172490379926
v -1.0305190616918 1.91449136267416 0.0907637014738835
v 0.390467703002091 1.87296861830263 0.225696858114475
v -1.0305190616918 1.78887918465746 0.0845231046830421
v 0.390467703002091 1.75584290319969 0.225696858114475
v -1.0305190616918 1.671019764394 0.0901998422645774
v 0.390467703002091 1.67054918210967 0.225696858114475
v 0.390467703002091 1.55298149461155 0.225696858114475
v 0.390467703002091 1.46742656380093 0.225696858114475
v 3.49447891163385 0.268928439977133 0.102363404749432
v 0.390467703002091 1.34996546220022 0.225696858114475
v -1.0305190616918 1.22704186786781 0.0871047051333749
v 0.390467703002091 1.26433233174313 0.225696858114475
v -1.0305190616918 1.08505821105859 0.0977258016983146
v 3.96464588717883 0.244629486597781 0.175832516182948
v 0.390467703002091 1.14532853446806 0.225696858114475
v -1.0305190616918 0.948712884513119 0.107306852460217
v 3.96464588717883 0.22750041198195 0.143659937218152
v 0.390467703002091 1.05837262689835 0.225696858114475
v -1.0305190616918 0.810764140798877 0.118032106945198
v 3.96464588717883 0.210763404511078 0.157355333091922
v 0.390467703002091 0.934957469919243 0.225696858114475
v 3.96464588717883 0.185454815182319 0.180863186071895
v 0.390467703002091 0.846748141975998 0.225696858114475
v 3.96464588717883 0.128771827836811 0.176601195995016
v 0.390467703002091 0.689544664384263 0.225696858114475
v 3.96464588717883 0.0765220210434201 0.183069591911453
v 0.390467703002091 0.576702449092038 0.225696858114475
v -1.0305190616918 0.247263956042123 0.225696858114475
v -1.0305190616918 0.0621585879383661 0.122597167043884
v 3.96464588717883 0.050583791852688 0.261341101726389
v 0.390467703002091 0.462887240094421 0.225696858114475
v -1.0305190616918 0.0621585879383661 0.225696858114475
v -1.27646668500544 0.0621585879383661 0.189350859401089
v -1.22490579410907 0.0621585879383661 0.137970175593395
v 3.96464588717883 0.0234229463150126 0.19739279270858
v 0.390467703002091 0.373499002128154 0.134449091566511
v 3.96464588717883 -0.00594674336943781 0.192122904174735
v 2.72005286243617 0.268928439977133 0.166556790965777
v 1.05061877671515 0.268928439977133 0.139796477709476
v 0.935474991616469 0.268928439977133 0.143202695135468
v 0.816044304980827 0.268928439977133 0.147041173274566
v 0.689798476606955 0.268928439977133 0.151169737251985
v 0.558186750679433 0.268928439977133 0.153975858860015
v 0.390467703002091 0.268928439977133 0.165953174170071
v -1.71752869177849 0.0621585879383661 0.136031192442691
v -1.86185946013031 0.0621585879383661 0.124562841819746
v -1.99273106470114 0.0621585879383661 0.123274385413587
v -2.1149078566742 0.0621585879383661 0.126557413324257
v -2.23045226798291 0.0621585879383661 0.131823857224352
v -2.3407989437775 0.0621585879383661 0.138319154575382
v -2.44662705772275 0.0621585879383661 0.146373209707233
v -2.54809038948978 0.0621585879383661 0.156877460018668
v -2.64521781795373 0.0621585879383661 0.170689043778153
v -2.73845676340913 0.0621585879383661 0.187918950711472
v -2.82905674758923 0.0621585879383661 0.207507732458969
v -2.91888147289625 0.0621585879383661 0.22743413083286
v -3.00965323311689 0.0621585879383661 0.24536258045558
v -3.10231872429889 0.0621585879383661 0.259185325230112
v -3.19707321638449 0.0621585879383661 0.266660686000857
v -3.29609425786645 0.0621585879383661 0.2703720194366
v -3.39765006404224 0.0621585879383661 0.274641297102176
v -3.4980495076559 0.0621585879383661 0.281134952358849
v -3.59778627316901 0.0621585879383661 0.285540887046263
v -3.696640110051 0.0621585879383661 0.285910733067279
v -3.80253319285353 0.0621585879383661 0.292373134823082
v -3.90963228596989 0.0621585879383661 0.306415992024909
v 3.96464588717883 -0.0383913840329475 0.18296345927861
v 2.61784235042501 0.268928439977133 0.145157836676376
v 2.50205974002004 0.268928439977133 0.130551499023054
v 2.37906008827139 0.268928439977133 0.117828553929406
v 2.25921318579686 0.268928439977133 0.114462398701472
v 2.14522124922432 0.268928439977133 0.118092358042174
v 2.0335271633681 0.268928439977133 0.119898976034968
v 1.92381967143075 0.268928439977133 0.121946352562484
v 1.81540828611281 0.268928439977133 0.124508482259266
v 1.70772935197198 0.268928439977133 0.128367906916349
v 1.60042504646822 0.268928439977133 0.134179383575391
v 1.49329738810455 0.268928439977133 0.141239397948879
v 1.38552340249521 0.268928439977133 0.148311851676066
v 1.27581363790044 0.268928439977133 0.150541923766367
v 1.16572419132457 0.268928439977133 0.142951051730684
v -4.02229895180491 0.0621585879383661 0.318611464178203
v -4.13403185430858 0.0621585879383661 0.323532415514809
v -4.21603676313959 0.0621585879383661 0.304981198941306
v 3.96464588717883 -0.0799972988822937 0.158002781258814
v 4.17961541928228 -0.115162104241821 0.213837502247762
v 4.0912041095158 -0.115162104241821 0.197970831169531
v 4.2404592822907 -0.115162104241821 0.242022544698162
v -4.28086835425081 -0.114237618314421 0.287523096859051
v -4.28086835425081 -0.21718926329445 0.305828979572725
v 4.2404592822907 -0.13424750822939 0.227686980329294
v -4.28086835425081 -0.333495764070732 0.303762776654872
v 4.2404592822907 -0.163638908485915 0.219543876895527
v -4.28086835425081 -0.458506501507801 0.302514643097596
v 4.2404592822907 -0.202012293158448 0.211764258748025
v -4.28086835425081 -0.586772412006868 0.302602101864389
v 4.2404592822907 -0.234407632854014 0.208911855090129
v -4.28086835425081 -0.710869329923548 0.306297597589491
v 4.2404592822907 -0.25077106964472 0.193270306528075
v -4.28086835425081 -0.8300982914794 0.324199828171666
v 4.16333833138002 -0.25077106964472 0.194905108540026
v 4.06589902356744 -0.25077106964472 0.188058739553059
v -4.28086835425081 -0.935392909140279 0.348928458511598
v 4.06589902356744 -0.265080020072107 0.188483166261803
v -4.28086835425081 -1.04457372641553 0.331162673933159
v 4.06589902356744 -0.293615424420292 0.175657469722253
v 2.37519268565711 -0.643116763973995 0.128262257656241
v 2.27976124927179 -0.643116763973995 0.14188645982363
v 2.18330428021529 -0.643116763973995 0.143412527477184
v 2.08631006684515 -0.643116763973995 0.142744612154287
v 1.99003270999233 -0.643116763973995 0.141498637988022
v 1.89604596673539 -0.643116763973995 0.138415467289184
v 1.80149280640792 -0.643116763973995 0.13416017865955
v 1.70516944358867 -0.643116763973995 0.131729749610916
v 1.60682278164383 -0.643116763973995 0.130263359227496
v 1.50755619467343 -0.643116763973995 0.126938762543091
v 1.40863854823114 -0.643116763973995 0.12088669066824
v 1.3099225483304 -0.643116763973995 0.116515453893422
v 1.21236063905102 -0.643116763973995 0.115626015879878
v -4.09113476047775 -1.09858866963702 0.328769708593509
v -4.18506061279132 -1.09858866963702 0.327285456249688
v -4.28086835425081 -1.09858866963702 0.32118897097385
v 4.06589902356744 -0.3321523344081 0.133515094002449
v 2.56030610914961 -0.643116763973995 0.139672599303003
v 2.47163070640417 -0.643116763973995 0.124361173252827
v 1.10389490426627 -0.643116763973995 0.114554244632547
v 1.002695248186 -0.643116763973995 0.111748251101282
v 0.900017402716811 -0.643116763973995 0.110064046073193
v 0.794321297151443 -0.643116763973995 0.117622190284919
v 0.697548240925512 -0.643116763973995 0.151709727687419
v -1.90177611843342 -1.09858866963702 0.150220563782292
v -2.00094746973454 -1.09858866963702 0.150134382571744
v -2.10119384386233 -1.09858866963702 0.147994647056873
v -2.20039867168168 -1.09858866963702 0.145008702964249
v -2.29862518796226 -1.09858866963702 0.142621953757442
v -2.39613013461743 -1.09858866963702 0.141694597018102
v -2.49294962037269 -1.09858866963702 0.142568725399758
v -2.58881495838059 -1.09858866963702 0.1455399762731
v -2.68302132165083 -1.09858866963702 0.151114872446821
v -2.77435928161733 -1.09858866963702 0.160053864443979
v -2.86155428673355 -1.09858866963702 0.1730050212512
v -2.94460307265248 -1.09858866963702 0.189738308243317
v -3.02587277746177 -1.09858866963702 0.20882471770862
v -3.10977275026307 -1.09858866963702 0.227589898109273
v -3.19886134942346 -1.09858866963702 0.243245513664193
v -3.29284096117153 -1.09858866963702 0.254309956480482
v -3.39127421138728 -1.09858866963702 0.266555367474334
v -3.49158105958004 -1.09858866963702 0.280496982596423
v -3.59196391746108 -1.09858866963702 0.292939382878239
v -3.69514596360671 -1.09858866963702 0.299995882271224
v -3.80117816166257 -1.09858866963702 0.309264905659564
v -3.90071833337985 -1.09858866963702 0.307177273915928
v -4.00255325694428 -1.09858866963702 0.315059364589939
v 2.64390190127002 -0.643116763973995 0.165151655460548
v 0.622049541220225 -0.643116763973995 0.225696858114475
v -1.80857774281768 -1.09858866963702 0.149892408316633
v 4.06589902356744 -0.382346961767146 0.225696858114475
v 2.73559849697336 -0.643116763973995 0.225696858114475
v 0.622049541220225 -0.755047775743872 0.225696858114475
v -1.6265835927854 -1.09858866963702 0.16609269712519
v -1.72053698399653 -1.09858866963702 0.153999233253555
v 2.82731402260878 -0.643116763973995 0.225696858114475
v 0.622049541220225 -0.875663933913029 0.225696858114475
v -1.53988589266671 -1.09858866963702 0.172899344758961
v -1.60208981033579 -1.09858866963702 0.105898858334872
v 2.91443649857782 -0.643116763973995 0.225696858114475
v 0.622049541220225 -1.01089736768255 0.225696858114475
v -1.46242673089461 -1.09858866963702 0.169064185291894
v 4.20391570525981 -0.473156911608541 0.225696858114475
v 3.00675947541373 -0.643116763973995 0.225696858114475
v 0.622049541220225 -1.14344665886187 0.122848956885165
v 0.622049541220225 -1.13121681594285 0.225696858114475
v -1.37829183040679 -1.09858866963702 0.225696858114475
v 3.09568808434255 -0.643116763973995 0.225696858114475
v -1.28680943360927 -1.09858866963702 0.225696858114475
v 3.18228667455299 -0.643116763973995 0.225696858114475
v 0.622049541220225 -1.35716232776881 0.147815000923198
v 0.622049541220225 -1.34492132800444 0.225696858114475
v -1.18159651320733 -1.09858866963702 0.225696858114475
v 4.34666885232678 -0.643116763973995 0.156628651709332
v 3.26651914532714 -0.643116763973995 0.225696858114475
v -1.0556407831854 -1.09858866963702 0.225696858114475
v -1.11996432600016 -1.09858866963702 0.131256754819499
v 3.35027531014199 -0.643116763973995 0.225696858114475
v 0.622049541220225 -1.55128616885862 0.126068303998277
v 0.622049541220225 -1.5352342586916 0.225696858114475
v -0.925021383750016 -1.09858866963702 0.225696858114475
v -0.998569424654314 -1.09858866963702 0.129789239510338
v 4.429328410621 -0.643116763973995 0.225696858114475
v 3.53062356262926 -0.643116763973995 0.225696858114475
v 3.44339500839955 -0.643116763973995 0.225696858114475
v -0.782004591875191 -1.09858866963702 0.225696858114475
v -0.850621846157367 -1.09858866963702 0.143805658066126
v 4.36280628898616 -0.643116763973995 0.225696858114475
v 4.28928159707694 -0.643116763973995 0.225696858114475
v 4.20931441310353 -0.643116763973995 0.1487526973625
v 4.1279119482266 -0.643116763973995 0.137812802602605
v 4.04471561400832 -0.643116763973995 0.149507950188334
v 3.95928560868931 -0.643116763973995 0.225696858114475
v 3.87195066976315 -0.643116763973995 0.225696858114475
v 3.78263703423469 -0.643116763973995 0.225696858114475
v 3.69231784235784 -0.643116763973995 0.225696858114475
v 3.60573249169068 -0.643116763973995 0.225696858114475
v 0.622049541220225 -1.74594268543002 0.114918792846983
v 0.622049541220225 -1.72999300607101 0.225696858114475
v -0.643652940034335 -1.3619558044482 0.225696858114475
v 0.622049541220225 -1.94259101439985 0.11495449251562
v 0.622049541220225 -1.92690319077007 0.225696858114475
v -0.643652940034335 -1.53959903229487 0.20182864929326
v -0.643652940034335 -1.71824889755494 0.187614087612259
v 0.622049541220225 -2.14082543034735 0.11496171048141
v 0.622049541220225 -2.12540223201795 0.225696858114475
v -0.643652940034335 -1.87829864129206 0.225696858114475
v -0.643652940034335 -1.84796929815848 0.135725301268024
v -0.643652940034335 -2.01582932080326 0.225696858114475
v 0.622049541220225 -2.34016087968147 0.114961905561567
v 0.622049541220225 -2.32499112120295 0.225696858114475
v -0.643652940034335 -2.14538814640727 0.225696858114475
v -0.643652940034335 -2.2522194752358 0.212772748121777
v 0.622049541220225 -2.54001394281198 0.114954297435463
v 0.622049541220225 -2.52515574311946 0.225696858114475
v -0.643652940034335 -2.35531848333986 0.201408344108223
v -0.643652940034335 -2.48074383886276 0.225696858114475
v 0.622049541220225 -2.73986131672433 0.114961905561566
v 0.622049541220225 -2.72536346336175 0.225696858114475
v -0.643652940034335 -2.59641919662335 0.225696858114475
v -0.643652940034335 -2.58049865908909 0.129093589433831
v -0.643652940034335 -2.70536235077852 0.225696858114475
v -0.643652940034335 -2.683358202263 0.131783826781067
v 0.622049541220225 -2.93904505160383 0.114973220210643
v 0.622049541220225 -2.92500095943742 0.225696858114475
v -0.643652940034335 -2.81831065487166 0.225696858114475
v -0.643652940034335 -2.78354890325864 0.145060276427497
v 0.622049541220225 -3.13664642962504 0.114948445030769
v 0.622049541220225 -3.12304214449302 0.225696858114475
v -0.643652940034335 -3.01780216882698 0.225696858114475
v -0.643652940034335 -3.12532220020904 0.201697567850183
v 0.622049541220225 -3.33140851895218 0.113947098587529
v 0.622049541220225 -3.31778502354007 0.225696858114475
v -0.643652940034335 -3.23766704926287 0.18903559177663
v -0.643652940034335 -3.34509478377133 0.225696858114475
v -0.643652940034335 -3.329769722729 0.140254133027947
v 0.622049541220225 -3.52526794066684 0.115197172230288
v 0.622049541220225 -3.5183308495973 0.225696858114475
v -0.643652940034335 -3.45327777789555 0.225696858114475
v -0.643652940034335 -3.5602650309607 0.225696858114475
v 0.622049541220225 -3.72535442782723 0.123808575478773
v 0.622049541220225 -3.69133824556472 0.225696858114475
v -0.643652940034335 -3.78702624537793 0.191567075136368
v 0.622049541220225 -3.90084841530475 0.139899746207214
v 0.622049541220225 -3.86724828134691 0.225696858114475
v -0.643652940034335 -3.89848198503753 0.186752571582472
v -0.643652940034335 -4.0089296187024 0.225696858114475
v -0.643652940034335 -3.9782481708859 0.119183494376206
v 0.622049541220225 -4.062284758719 0.139527730213474
v 0.622049541220225 -4.06416457266407 0.225696858114475
v -0.643652940034335 -4.13280196170451 0.225696858114475
v -0.643652940034335 -4.09065144977938 0.139993458978579
v -0.643652940034335 -4.31174597440698 0.225696858114475
v -0.643652940034335 -4.21239844252437 0.159299388014121
v 0.622049541220225 -4.21690587013681 0.225696858114475
v -0.507302634303442 -4.31174597440698 0.225696858114475
v 0.622049541220225 -4.31174597440698 0.225696858114475
v 0.592375805179178 -4.31174597440698 0.225696858114475
v -0.407382262230419 -4.31174597440698 0.225696858114475
v 0.533844430157672 -4.31174597440698 0.225696858114475
v 0.463085477196511 -4.31174597440698 0.225696858114475
v 0.386594244259428 -4.31174597440698 0.225696858114475
v 0.303490045868428 -4.31174597440698 0.225696858114475
v 0.213167507267757 -4.31174597440698 0.225696858114475
v 0.11576888938946 -4.31174597440698 0.225696858114475
v 0.0116590919149677 -4.31174597440698 0.225696858114475
v -0.0990653181614134 -4.31174597440698 0.225696858114475
v -0.215587731271958 -4.31174597440698 0.225696858114475
v -0.329280913811544 -4.31174597440698 0.225696858114475
v 0.298578508325824 3.98856882843148 0.110430751006546
v 0.228525424928774 3.98856882843148 0.113338315836565
v 0.151432394944047 3.98856882843148 0.119841347191308
v 0.0655365811698287 3.98856882843148 0.116457263382448
v -0.0290515851366885 3.98856882843148 0.119288183488578
v -0.132091692601361 3.98856882843148 0.134168081130074
v -0.243654470538046 3.98856882843148 0.143425109493713
v -0.36392914718056 3.98856882843148 0.141932442980219
v -0.491716089385791 3.98856882843148 0.126247787568298
v 0.390467703002091 3.98856882843148 0.130356976633891
v -0.613858953007218 3.98856882843148 0.0978426109421828
v -0.739993710557008 3.98856882843148 0.11185653253848
v 0.390467703002091 3.94039225714504 0.133084092757994
v 0.390467703002091 3.86791180114368 0.114576953311808
v 0.390467703002091 3.77749630608235 0.115260333240473
v 0.390467703002091 3.7050062141595 0.109886625093314
v 0.390467703002091 3.59626572470012 0.131417824389422
v -1.0305190616918 3.57360781970919 0.135897410546237
v 0.390467703002091 3.52387990591852 0.107309182487404
v -1.0305190616918 3.48187973454054 0.1190354839973
v 0.390467703002091 3.40277576723906 0.129992763846296
v 0.390467703002091 3.33255801921866 0.105954936041082
v 0.390467703002091 3.20838995967524 0.118622917456302
v 0.390467703002091 3.13753657616663 0.0824121800506327
v 0.390467703002091 3.0118595320535 0.11818252310062
v -1.0305190616918 2.9494293311059 0.134727514433965
v 0.390467703002091 2.94040950571188 0.103493318980076
v -1.0305190616918 2.86240307957852 0.106199110865795
v 0.390467703002091 2.81346555249968 0.12939913493011
v -1.0305190616918 2.76072824529699 0.0940043071221409
v 0.390467703002091 2.74207551397526 0.106449464237772
v 0.390467703002091 2.61170752677495 0.130055301723122
v 0.390467703002091 2.53901299726073 0.105193041069885
v 0.390467703002091 2.40633800447694 0.146568734589748
v 0.390467703002091 2.33720797548002 0.10695515298879
v -1.0305190616918 2.21515306275663 0.131747258360525
v 0.390467703002091 2.20883499187569 0.130314255944184
v -1.0305190616918 2.13023976169198 0.104133570192306
v 0.390467703002091 2.13562061937311 0.10658836130919
v -1.0305190616918 2.02709461429364 0.0932508935893105
v 0.390467703002091 2.00742647044366 0.129433859197965
v 0.390467703002091 1.9349692436151 0.105611204805354
v 0.390467703002091 1.8053271194051 0.129311543939849
v 0.390467703002091 1.73243077099686 0.105544877552149
v -1.0305190616918 1.57798426661818 0.105846327728203
v 0.390467703002091 1.60241834141623 0.129027897392319
v -1.0305190616918 1.48314694349305 0.0914183003301024
v 3.96464588717883 0.268928439977133 0.104561178824335
v 3.94928495090299 0.268928439977133 0.0960772876344655
v 3.91870815265122 0.268928439977133 0.0863083472268984
v 3.8729719371128 0.268928439977133 0.0776626026650786
v 3.82075493727362 0.268928439977133 0.0637123256186881
v 3.76250678899266 0.268928439977133 0.0204540428129563
v 3.69760991814638 0.268928439977133 0.0204540428129563
v 3.62625153063524 0.268928439977133 0.0204540428129563
v 0.390467703002091 1.52927601978758 0.105613740847388
v -1.0305190616918 1.36350680821758 0.0901336048355194
v 3.96464588717883 0.305534485523525 0.139946026698712
v 3.55075129187175 0.268928439977133 0.0204540428129563
v 3.4879444555251 0.268928439977133 0.0204540428129563
v 0.390467703002091 1.39928123478118 0.128945183405969
v 3.96464588717883 0.303916637361224 0.0784319971212823
v 3.41238970085095 0.268928439977133 0.0204540428129563
v 0.390467703002091 1.32616693147216 0.105654902760406
v 3.96464588717883 0.266487691362457 0.101592619534611
v 3.96464588717883 0.249592613552177 0.0724081875151612
v 3.32701213756258 0.268928439977133 0.0204540428129563
v 0.390467703002091 1.19624490528226 0.129400500491206
v 3.96464588717883 0.216114277216212 0.0953355846955842
v 3.2534540175142 0.268928439977133 0.0204540428129563
v 0.390467703002091 1.12351723627633 0.106463314928882
v 3.96464588717883 0.178695216739716 0.0971507393576767
v 3.17900424454914 0.268928439977133 0.0204540428129563
v 0.390467703002091 0.987957986949799 0.128379804752375
v -1.0305190616918 0.685684020516645 0.138743184468607
v 3.96464588717883 0.146508210706039 0.101772285817751
v 3.10071407908601 0.268928439977133 0.0204540428129563
v 0.390467703002091 0.909634490083429 0.103507242237225
v -1.0305190616918 0.544180107941793 0.116338743585084
v 3.96464588717883 0.104471723273708 0.113287773981379
v 3.02273242967422 0.268928439977133 0.0204540428129563
v 0.390467703002091 0.749655412973287 0.15159385850335
v -1.0305190616918 0.34799735977525 0.119204580673511
v 3.96464588717883 0.0609295543582032 0.140132100053029
v 2.94340911939618 0.268928439977133 0.0204540428129563
v 0.390467703002091 0.651546416426117 0.115929098538772
v 3.96464588717883 0.0419392236987716 0.132010216422229
v 2.86723234321673 0.268928439977133 0.0204540428129563
v 0.390467703002091 0.510842591046063 0.105581919073236
v 3.96464588717883 0.0124186024901388 0.124123526637419
v 2.78915854541726 0.268928439977133 0.0204540428129563
v 0.390467703002091 0.384576253830991 0.0204540428129563
v -1.42710752790906 0.0621585879383661 0.13190773081139
v 3.96464588717883 -0.0116066159674166 0.117925908367291
v 2.71423125683339 0.268928439977133 0.0842199405283056
v 2.64303099218161 0.268928439977133 0.103382326263461
v 0.999427042154956 0.268928439977133 0.113171051514695
v 0.876782529655576 0.268928439977133 0.107324918114116
v 0.766642839875443 0.268928439977133 0.112014294714054
v 0.65619736826303 0.268928439977133 0.109174898898503
v 0.523670918397479 0.268928439977133 0.109034360034355
v 0.390467703002091 0.268928439977133 0.0818960082214478
v -1.60401881500869 0.0621585879383661 0.118319901118642
v -1.75091569850959 0.0621585879383661 0.106858467589864
v -1.88664111785707 0.0621585879383661 0.098621657248911
v -2.01345005788889 0.0621585879383661 0.0982612998060332
v -2.13242731721229 0.0621585879383661 0.101590114892824
v -2.24514277559673 0.0621585879383661 0.106789809921015
v -2.35293976276357 0.0621585879383661 0.113288804664211
v -2.45657475706211 0.0621585879383661 0.121269195136849
v -2.55648426501027 0.0621585879383661 0.131177712286011
v -2.65313562999222 0.0621585879383661 0.143245194133802
v -2.747283085591 0.0621585879383661 0.157106469126798
v -2.84004062920681 0.0621585879383661 0.171766735174024
v -2.93264870769597 0.0621585879383661 0.18582546903962
v -3.02615874578567 0.0621585879383661 0.19774285451023
v -3.12133361533858 0.0621585879383661 0.206043642054026
v -3.21919439717478 0.0621585879383661 0.211023421943583
v -3.31985402208631 0.0621585879383661 0.21466670341102
v -3.42259716138914 0.0621585879383661 0.21526306905978
v -3.52420753817586 0.0621585879383661 0.214726467952326
v -3.62493736948393 0.0621585879383661 0.2133528712498
v -3.72881266785047 0.0621585879383661 0.215970994393657
v -3.83450098233289 0.0621585879383661 0.226438589877604
v -3.941358820428 0.0621585879383661 0.234510048094433
v 3.96464588717883 -0.0376755344282795 0.110632436575922
v 2.54682090734774 0.268928439977133 0.0984589373976912
v 2.4433088661266 0.268928439977133 0.0887303810764259
v 2.33213964735286 0.268928439977133 0.0842337805142032
v 2.22025749151008 0.268928439977133 0.0841222986310966
v 2.1103859504131 0.268928439977133 0.0864151326810555
v 2.00185408569065 0.268928439977133 0.0880797789501086
v 1.89458664989294 0.268928439977133 0.0902043083920336
v 1.78826989404175 0.268928439977133 0.0933101906034867
v 1.68275069146454 0.268928439977133 0.09860351632361
v 1.57749696870562 0.268928439977133 0.106093687246991
v 1.47142454775009 0.268928439977133 0.113945642875583
v 1.36368396038333 0.268928439977133 0.122115491495509
v 1.25087925362207 0.268928439977133 0.122567865873127
v 1.13004965009035 0.268928439977133 0.118605567933724
v -4.04061104029245 0.0621585879383661 0.246438621267083
v -4.13490636173632 0.0621585879383661 0.242033516304835
v -4.21635696935829 0.0621585879383661 0.229441759141831
v 3.96464588717883 -0.0732930795684419 0.0936877417462505
v -4.28086835425081 0.0621585879383661 0.230463895467159
v 4.18668402870482 -0.115162104241821 0.160579546877596
v 4.12747282570852 -0.115162104241821 0.142765086957145
v 4.04717792092521 -0.115162104241821 0.145175721404945
v 3.96464588717883 -0.115162104241821 0.125310997632701
v -4.28086835425081 0.00338516609948863 0.210104798434407
v 4.2404592822907 -0.115162104241821 0.182716477075518
v -4.28086835425081 -0.0839222574711084 0.223175728180144
v -4.28086835425081 -0.205169807059294 0.232656472710384
v 4.2404592822907 -0.12795814479875 0.173315839436988
v -4.28086835425081 -0.321240295554199 0.235776536329608
v 4.2404592822907 -0.160897138256824 0.170301525497329
v -4.28086835425081 -0.449744439374804 0.240530065859631
v 4.2404592822907 -0.197288809166124 0.161250842380455
v -4.28086835425081 -0.581844652199602 0.240475373796917
v 4.2404592822907 -0.223289753284023 0.161864184176499
v -4.28086835425081 -0.712677556108151 0.235474554872811
v 4.2404592822907 -0.25077106964472 0.141022401971524
v -4.28086835425081 -0.840158796135384 0.243152179986589
v 4.174844948622 -0.25077106964472 0.142638320997997
v 4.06589902356744 -0.25077106964472 0.130465709760259
v 4.06589902356744 -0.259779675528688 0.112036653693725
v -4.28086835425081 -0.959350740258028 0.268699577292518
v 4.06589902356744 -0.275974671892782 0.114142714169448
v -4.28086835425081 -1.09858866963702 0.24520169954755
v 4.06589902356744 -0.298780973649874 0.0823928481029459
v 2.41584737417371 -0.643116763973995 0.0854813421260254
v 2.30678663659617 -0.643116763973995 0.101922821271274
v 2.20538062162408 -0.643116763973995 0.108455042369037
v 2.10579617605302 -0.643116763973995 0.108963928260463
v 2.00715151840929 -0.643116763973995 0.107803782510415
v 1.90997389191677 -0.643116763973995 0.105090361662807
v 1.81440382528773 -0.643116763973995 0.101632274917339
v 1.71844546290652 -0.643116763973995 0.100575205323299
v 1.6196347503629 -0.643116763973995 0.10215143677699
v 1.51876316773768 -0.643116763973995 0.102026336860025
v 1.41917685019771 -0.643116763973995 0.0962915665703392
v 1.3206995317637 -0.643116763973995 0.0904498183157825
v 1.22527534632706 -0.643116763973995 0.0838949971172364
v -4.08333352295474 -1.09858866963702 0.237228092825689
v -4.16338816598476 -1.09858866963702 0.251029482121568
v -4.24080653029896 -1.09858866963702 0.237690456759233
v 4.06589902356744 -0.327802609341588 0.0204540428129563
v 2.61354699068198 -0.643116763973995 0.081153229491588
v 2.52196250065333 -0.643116763973995 0.074945211531319
v 1.13760192910487 -0.643116763973995 0.0834683939236373
v 1.03904026760669 -0.643116763973995 0.0825636146547288
v 0.928158693512179 -0.643116763973995 0.0821840351202855
v 0.82113289216828 -0.643116763973995 0.0773365773071524
v 0.714580352220278 -0.643116763973995 0.0894842532779621
v -1.87821965046631 -1.09858866963702 0.118303614725901
v -1.97953436552375 -1.09858866963702 0.122579913526045
v -2.0813396753113 -1.09858866963702 0.121445081870594
v -2.18169622516504 -1.09858866963702 0.118411386381696
v -2.28047864239313 -1.09858866963702 0.11551552888763
v -2.37810752950678 -1.09858866963702 0.113824073731184
v -2.47482640066172 -1.09858866963702 0.113714448358988
v -2.57059556080992 -1.09858866963702 0.115308304565937
v -2.66509156922945 -1.09858866963702 0.118785273249979
v -2.7577011499482 -1.09858866963702 0.124417235038231
v -2.84770283459718 -1.09858866963702 0.132423898241106
v -2.93475866320368 -1.09858866963702 0.142749296747533
v -3.01954418310711 -1.09858866963702 0.154922095244821
v -3.10398850447577 -1.09858866963702 0.169335790748723
v -3.1924477585215 -1.09858866963702 0.183414643250104
v -3.28417182498542 -1.09858866963702 0.193691069831607
v -3.37874594923094 -1.09858866963702 0.201868357893379
v -3.47636209785689 -1.09858866963702 0.21237726519557
v -3.57382934980744 -1.09858866963702 0.220213748795827
v -3.66990451204495 -1.09858866963702 0.228640442800225
v -3.773585056304 -1.09858866963702 0.233921718070865
v -3.87388627557883 -1.09858866963702 0.229236773128217
v -3.98080785242138 -1.09858866963702 0.232031363378729
v 4.06589902356744 -0.37225137368958 0.0204540428129563
v 4.06589902356744 -0.359984486578253 0.0204540428129563
v 2.68588261108594 -0.643116763973995 0.100462981159589
v 0.622049541220225 -0.643116763973995 0.137688994906775
v -1.78061937883245 -1.09858866963702 0.113753732475299
v 4.06589902356744 -0.40806726593822 0.0204540428129563
v 2.75186128164124 -0.643116763973995 0.125497888205837
v 0.622049541220225 -0.761199185787632 0.113013026889827
v -1.68486985900242 -1.09858866963702 0.116254079309756
v 2.84978286237172 -0.643116763973995 0.0204540428129563
v 0.622049541220225 -0.951771931463632 0.140163514693535
v 4.17258310773587 -0.473156911608541 0.0204540428129563
v 4.06589902356744 -0.473156911608541 0.0204540428129563
v 2.94551651900145 -0.643116763973995 0.0204540428129563
v 0.622049541220225 -1.05505567982482 0.128020409364629
v -1.52406983827195 -1.09858866963702 0.0967858077801873
v 4.26481284963215 -0.473156911608541 0.0204540428129563
v 3.03706947195678 -0.643116763973995 0.0204540428129563
v -1.37838026596008 -1.09858866963702 0.161381557803168
v 3.12693886433072 -0.643116763973995 0.0204540428129563
v 0.622049541220225 -1.27983847861994 0.168723165700314
v -1.29194012942226 -1.09858866963702 0.152899276701932
v 4.34666885232678 -0.5635326583684 0.0204540428129563
v 4.34666885232678 -0.473156911608541 0.0204540428129563
v 3.21401053918449 -0.643116763973995 0.0204540428129563
v -1.21531067850961 -1.09858866963702 0.123455167505626
v 4.401345878554 -0.643116763973995 0.115836259866842
v 3.29878886858447 -0.643116763973995 0.0204540428129563
v 0.622049541220225 -1.46982492750429 0.157530480857595
v 4.34666885232678 -0.643116763973995 0.0204540428129563
v 3.38446990830585 -0.643116763973995 0.127458719898545
v 4.40657734330313 -0.643116763973995 0.0204540428129563
v 4.33655534695397 -0.633147431435763 0.0204540428129563
v 3.54946688958367 -0.643116763973995 0.101708124247328
v 3.46260042625625 -0.643116763973995 0.127284371833673
v 0.622049541220225 -1.66388468384993 0.132290341544776
v 4.37781535153663 -0.643116763973995 0.0204540428129563
v 4.3099651026488 -0.643116763973995 0.0204540428129563
v 4.23484187533536 -0.643116763973995 0.0204540428129563
v 4.1568004751684 -0.643116763973995 0.0204540428129563
v 4.07509328862948 -0.643116763973995 0.0204540428129563
v 3.99049284555909 -0.643116763973995 0.0204540428129563
v 3.90421426530154 -0.643116763973995 0.0204540428129563
v 3.8169504760009 -0.643116763973995 0.0204540428129563
v 3.72909246275446 -0.643116763973995 0.0204540428129563
v 3.64111780183729 -0.643116763973995 0.0204540428129563
v -0.643652940034335 -1.09858866963702 0.141665636999546
v 0.622049541220225 -1.85993162134523 0.132368763767682
v -0.643652940034335 -1.38940287384266 0.165604208808196
v -0.643652940034335 -1.58161837593837 0.141078725202736
v 0.622049541220225 -2.05774986074411 0.132378127615194
v -0.643652940034335 -1.7203635311785 0.0979584771960885
v 0.622049541220225 -2.25683255229945 0.132379298096133
v -0.643652940034335 -1.98467869212288 0.158695961568182
v -0.643652940034335 -2.12043481689371 0.160449630230244
v 0.622049541220225 -2.45662893077325 0.132390222584895
v -0.643652940034335 -2.25846861678162 0.157366723018281
v -0.643652940034335 -2.38631282943986 0.136808663784042
v 0.622049541220225 -2.65660099794951 0.132379298096132
v -0.643652940034335 -2.48239524543595 0.0989150521270027
v 0.622049541220225 -2.85614252141372 0.132379298096132
v 0.622049541220225 -3.05441696306752 0.132366422805805
v -0.643652940034335 -2.89448419097546 0.142716447785843
v -0.643652940034335 -3.05951714676178 0.165668222488858
v 0.622049541220225 -3.25017698764922 0.131953438114525
v -0.643652940034335 -3.16253549980299 0.141318570794145
v -0.643652940034335 -3.24282814736362 0.0989492144913394
v 0.622049541220225 -3.4501110197738 0.136116058493613
v -0.643652940034335 -3.43233493911837 0.167922869070248
v 0.622049541220225 -3.63924495947646 0.125876492139994
v -0.643652940034335 -3.54062953159631 0.168663602612958
v -0.643652940034335 -3.64269559457893 0.159511229377998
v 0.622049541220225 -3.8136743227378 0.12803926697794
v -0.643652940034335 -3.74971495867775 0.134821182003395
v -0.643652940034335 -3.8642074700997 0.103793643871936
v 0.622049541220225 -3.98506595465149 0.11791763235595
v 0.622049541220225 -4.15817888538326 0.130934074472774
v 0.622049541220225 -4.2452096913307 0.113059150067754
v -0.643652940034335 -4.31174597440698 0.166350233099996
v 0.622049541220225 -4.31174597440698 0.115799487074323
v -0.429393642150722 -4.31174597440698 0.15844602191291
v -0.535988767290312 -4.31174597440698 0.165867586484513
v 0.599608844475076 -4.31174597440698 0.125962761244586
v 0.542085183409785 -4.31174597440698 0.108300299753301
v 0.473926153788095 -4.31174597440698 0.125320121159586
v 0.402538186336214 -4.31174597440698 0.134544658093943
v 0.323927849546383 -4.31174597440698 0.14354201328413
v 0.237264396772643 -4.31174597440698 0.145727619182996
v 0.143009529796094 -4.31174597440698 0.14317945027969
v 0.0415853285148027 -4.31174597440698 0.134032245280397
v -0.0668686477574264 -4.31174597440698 0.128231273918379
v -0.182090290113766 -4.31174597440698 0.139036895952975
v -0.304914798608722 -4.31174597440698 0.149981848385281
v 0.296775920104654 3.98856882843148 0.0204540428129563
v 0.216823975441078 3.98856882843148 0.0204540428129563
v 0.131264655372841 3.98856882843148 0.0204540428129563
v 0.0397282399034806 3.98856882843148 0.0204540428129563
v -0.058583382074493 3.98856882843148 0.0552843057349274
v -0.164224605447815 3.98856882843148 0.0651783636090873
v -0.277494331228076 3.98856882843148 0.0666334416155663
v -0.398827939270876 3.98856882843148 0.0581071599723353
v -0.52790093093227 3.98856882843148 0.0204540428129563
v 0.390467703002091 3.98856882843148 0.0204540428129563
v 0.363066740209985 3.98856882843148 0.0204540428129563
v -0.675271081209637 3.98856882843148 0.0204540428129563
v -0.826035660682455 3.98856882843148 0.0204540428129563
v -1.0305190616918 3.98856882843148 0.0204540428129563
v 0.390467703002091 3.90561855013238 0.0204540428129563
v 0.362842078684482 3.92100872288872 0.0204540428129563
v -1.0305190616918 3.93484937291592 0.0204540428129563
v 0.390467703002091 3.82272880040743 0.0204540428129563
v 0.360030251973469 3.84081024007248 0.0204540428129563
v -1.0305190616918 3.86787367448842 0.0204540428129563
v 0.390467703002091 3.74904712225713 0.0204540428129563
v -1.0305190616918 3.77047067799234 0.0204540428129563
v 0.390467703002091 3.64742042324419 0.0204540428129563
v 0.365097096611326 3.67027739971123 0.0204540428129563
v -1.0305190616918 3.66331477638341 0.0204540428129563
v 0.390467703002091 3.57677721029644 0.0204540428129563
v -1.0305190616918 3.5508492830736 0.0204540428129563
v 0.390467703002091 3.46553084412406 0.0204540428129563
v 0.350382774735929 3.49735978267357 0.0204540428129563
v -1.0305190616918 3.43186253555043 0.0204540428129563
v 0.390467703002091 3.39693532822359 0.0204540428129563
v -1.0305190616918 3.32373090154446 0.0204540428129563
v 0.390467703002091 3.27637496949947 0.0204540428129563
v 0.345175901114913 3.312683976113 0.0204540428129563
v -1.0305190616918 3.21422306323454 0.0204540428129563
v 0.390467703002091 3.2061811659436 0.0204540428129563
v -0.959248864366729 3.10382154274034 0.0204540428129563
v -1.0305190616918 3.13950045778525 0.0204540428129563
v 0.390467703002091 3.08194582539563 0.0204540428129563
v 0.342134183263331 3.12005160269026 0.0204540428129563
v -1.0305190616918 3.04324788501516 0.0204540428129563
v 0.390467703002091 3.01096266597735 0.0204540428129563
v -1.0305190616918 2.92987447139667 0.0204540428129563
v 0.390467703002091 2.88470924396391 0.0204540428129563
v 0.34156020021914 2.92388114025544 0.0204540428129563
v -1.0305190616918 2.81422503572077 0.0204540428129563
v 0.390467703002091 2.81388228605636 0.0204540428129563
v -1.0305190616918 2.71118226617168 0.0204540428129563
v 0.390467703002091 2.68743308149609 0.0204540428129563
v 0.343535247464465 2.72958133461484 0.0204540428129563
v -1.0305190616918 2.61653900739511 0.0204540428129563
v 0.390467703002091 2.62516570758481 0.0204540428129563
v -1.0305190616918 2.53708206972123 0.0204540428129563
v 0.390467703002091 2.46108911020692 0.0842585375302225
v 0.390467703002091 2.52560787444135 0.0204540428129563
v -1.0305190616918 2.42205298704783 0.0204540428129563
v 0.390467703002091 2.40617686895478 0.0204540428129563
v -1.0305190616918 2.31126868045982 0.0204540428129563
v 0.390467703002091 2.27896420819128 0.0204540428129563
v 0.352755169450584 2.31917143105558 0.0204540428129563
v -1.0305190616918 2.19860509082328 0.0204540428129563
v 0.390467703002091 2.20558545646155 0.0204540428129563
v -1.0305190616918 2.08145692887763 0.0204540428129563
v 0.390467703002091 2.07908283274703 0.0204540428129563
v 0.346517822903329 2.11902393629891 0.0204540428129563
v -1.0305190616918 1.9723715085304 0.0204540428129563
v 0.390467703002091 2.00705938937563 0.0204540428129563
v -1.0305190616918 1.86677893179239 0.0204540428129563
v 0.390467703002091 1.87813922490822 0.0204540428129563
v 0.349683614371602 1.91735831806369 0.0204540428129563
v -1.0305190616918 1.76492750507668 0.0204540428129563
v 0.390467703002091 1.80452250262152 0.0204540428129563
v -1.0305190616918 1.67400150090274 0.0204540428129563
v 0.390467703002091 1.67553819849635 0.0204540428129563
v 0.352316819101745 1.71436250596317 0.0204540428129563
v -1.0305190616918 1.55913643695255 0.0204540428129563
v 0.390467703002091 1.6015067323961 0.0204540428129563
v -1.0305190616918 1.43464910174446 0.0204540428129563
v 0.390467703002091 1.47243109904923 0.0204540428129563
v 0.355660625065395 1.51137373879365 0.0204540428129563
v -1.0305190616918 1.31913442817248 0.0204540428129563
v 3.96464588717883 0.274863770102446 0.046425195171768
v 3.96464588717883 0.268928439977133 0.042607929709729
v 3.96464588717883 0.268928439977133 0.0204540428129563
v 3.9160985568571 0.268928439977133 0.0204540428129563
v 3.86741479469884 0.268928439977133 0.0204540428129563
v 3.81404156292842 0.268928439977133 0.0204540428129563
v 3.75294979862599 0.272427879551002 0.0204540428129563
v 3.68093723773174 0.276830324767642 0.0204540428129563
v 3.59434292035544 0.281719730577568 0.0204540428129563
v 0.390467703002091 1.39805685627984 0.0204540428129563
v -1.0305190616918 1.21847867531739 0.0204540428129563
v 3.51150907097444 0.29852535722246 0.0204540428129563
v 0.390467703002091 1.26948107285088 0.0204540428129563
v 0.354721595460802 1.30841761191716 0.0204540428129563
v -1.0305190616918 1.11418038545648 0.0204540428129563
v 3.96464588717883 0.237872738824211 0.0403979859931972
v 3.96464588717883 0.239466914090484 0.018318326083271
v 3.96464588717883 0.238008880566668 0.0204540428129563
v 3.91784476333497 0.241618473844695 0.0204540428129563
v 3.87195319108691 0.245851964150526 0.0204540428129563
v 3.82017686500293 0.250683620920319 0.0204540428129563
v 3.75995281037276 0.259246751461042 0.0204540428129563
v 3.6910797367443 0.272533798224099 0.0204540428129563
v 3.61871590845122 0.288788167655572 0.0204540428129563
v 3.54054050120109 0.295460446877286 0.0204540428129563
v 3.43820282357821 0.296640005924645 0.0204540428129563
v 0.390467703002091 1.19622298761159 0.0204540428129563
v -1.0305190616918 0.984318481954675 0.0204540428129563
v 3.96464588717883 0.20384747834212 0.0527363725754929
v 3.96464588717883 0.20278005861589 0.0223104121517492
v 3.96464588717883 0.202591465375018 0.0204540428129563
v 3.93091505363168 0.213640075307009 0.0204540428129563
v 3.89161112293489 0.219556814486758 0.0204540428129563
v 3.84224639388881 0.22704677839712 0.0204540428129563
v 3.78695667149822 0.239489635175734 0.0204540428129563
v 3.72044032094247 0.255812195502255 0.0204540428129563
v 3.64349255075375 0.269235968608138 0.0204540428129563
v 3.55348793742791 0.279267123362266 0.0204540428129563
v 3.46763380857515 0.295799605746106 0.0204540428129563
v 3.36316174406139 0.300172228201509 0.0204540428129563
v 0.390467703002091 1.06770535649196 0.0204540428129563
v 0.356627482127577 1.10895416791332 0.0204540428129563
v -1.0305190616918 0.842864188345919 0.0204540428129563
v 3.96464588717883 0.170367241159329 0.0448241361873443
v 3.96464588717883 0.172532757046006 0.0204540428129563
v 3.96464588717883 0.184272767572816 0.0204540428129563
v 3.91746641700495 0.189113464372406 0.0204540428129563
v 3.88337912842393 0.19699992447854 0.0204540428129563
v 3.827227035931 0.213559414574858 0.0204540428129563
v 3.74822282774359 0.23048117842226 0.0204540428129563
v 3.66339614720004 0.245704232104207 0.0204540428129563
v 3.57524260814025 0.259767606449264 0.0204540428129563
v 3.48062911686883 0.277690162562745 0.0204540428129563
v 3.39240482731438 0.297258004121655 0.0204540428129563
v 3.28730323320836 0.300968802782244 0.0204540428129563
v 0.390467703002091 1.00048672959572 0.0204540428129563
v -1.0305190616918 0.677298552181133 0.0204540428129563
v 3.96464588717883 0.135054860428806 0.0585701743350256
v 3.96464588717883 0.133411293994898 0.0332679544484955
v 3.96464588717883 0.146334803164852 0.0204540428129563
v 3.96464588717883 0.14740693577595 0.0204540428129563
v 3.96464588717883 0.165479493092335 0.0204540428129563
v 3.85880655054834 0.185320896862685 0.0204540428129563
v 3.77104683141325 0.202793969810512 0.0204540428129563
v 3.68427340822292 0.219169854975867 0.0204540428129563
v 3.59306271382927 0.237286084345552 0.0204540428129563
v 3.50017793899677 0.257029870449646 0.0204540428129563
v 3.40292259256883 0.27699122678334 0.0204540428129563
v 3.3128788036269 0.296432887757001 0.0204540428129563
v 3.20837016302101 0.299898839948628 0.0204540428129563
v 0.390467703002091 0.819891704970972 0.0898324343858338
v 0.390467703002091 0.889613494454893 0.0204540428129563
v -1.0305190616918 0.479137889967689 0.0204540428129563
v 3.96464588717883 0.0909525334216293 0.0719850929722264
v 3.96464588717883 0.10203931457707 0.0364804555191381
v 3.96464588717883 0.115222173834958 0.0288008441864848
v 3.96464588717883 0.138180649765657 0.0204540428129563
v 3.8759646275332 0.15626553820722 0.0204540428129563
v 3.79304334456656 0.172569428233015 0.0204540428129563
v 3.70468932420945 0.19086144363049 0.0204540428129563
v 3.61085203444248 0.211633725097908 0.0204540428129563
v 3.51448110473012 0.234022071132526 0.0204540428129563
v 3.41867945982644 0.254981156167397 0.0204540428129563
v 3.3204714394706 0.274749561042455 0.0204540428129563
v 3.23013138435648 0.293730731215855 0.0204540428129563
v 3.12758332350074 0.297273975013035 0.0204540428129563
v 0.390467703002091 0.758547257597681 0.0204540428129563
v -1.0305190616918 0.266169803705454 0.0204540428129563
v 3.96464588717883 0.0717278709663784 0.0664878234641122
v 3.96464588717883 0.0910628819767395 0.0358900524083226
v 3.96464588717883 0.108876237279844 0.0204540428129563
v 3.89779484933733 0.122887880785216 0.0204540428129563
v 3.82097782814508 0.139828508933524 0.0204540428129563
v 3.72411061487371 0.160551213284304 0.0204540428129563
v 3.62551858279138 0.184897845090725 0.0204540428129563
v 3.52699922112163 0.208760515834431 0.0204540428129563
v 3.42840037864913 0.230982133478649 0.0204540428129563
v 3.33192663292655 0.251166133476772 0.0204540428129563
v 3.23442493607493 0.270311415592863 0.0204540428129563
v 3.14516255239542 0.287900232434819 0.0204540428129563
v 3.04632487788354 0.291662128723684 0.0204540428129563
v 0.390467703002091 0.618198680460899 0.0204540428129563
v 0.33512400993456 0.686144573691617 0.0204540428129563
v -1.0305190616918 0.0621585879383661 0.0204540428129563
v 3.96464588717883 0.044879886378687 0.072955413873015
v 3.96464588717883 0.0560174194716643 0.0382029468613997
v 3.96464588717883 0.0704793780219943 0.0204540428129563
v 3.96464588717883 0.086547419661119 0.0204540428129563
v 3.84388547979157 0.105089767394854 0.0204540428129563
v 3.73859900674882 0.13070746600687 0.0204540428129563
v 3.6362704856284 0.157743601800629 0.0204540428129563
v 3.5343004898591 0.182417703025559 0.0204540428129563
v 3.43381032190958 0.204273824829519 0.0204540428129563
v 3.33520172994322 0.225102425566991 0.0204540428129563
v 3.23992141607639 0.243969523180248 0.0204540428129563
v 3.14433726728901 0.261030388658705 0.0204540428129563
v 3.05827545293174 0.274463710800614 0.0204540428129563
v 2.96678526938795 0.278460524898965 0.0204540428129563
v 0.390467703002091 0.501914284176553 0.0204540428129563
v 0.32589897463161 0.576826552160553 0.0204540428129563
v -1.17880692246291 0.0621585879383661 0.0820972138828311
v 3.96464588717883 0.0194837273352177 0.0658931734385464
v 3.96464588717883 0.0351452074773058 0.035341826512225
v 3.96464588717883 0.0484731166149902 0.0204540428129563
v 3.85360358820715 0.0742123939946327 0.0204540428129563
v 3.74629311350685 0.102021526053926 0.0204540428129563
v 3.63946880709374 0.130743304206745 0.0204540428129563
v 3.53288821180248 0.154280590008904 0.0204540428129563
v 3.4295087181454 0.175329473314932 0.0204540428129563
v 3.32978888891735 0.195573347873328 0.0204540428129563
v 3.23104443626117 0.214768407150356 0.0204540428129563
v 3.13457423818616 0.229374700375667 0.0204540428129563
v 3.03606599083963 0.244734543596199 0.0204540428129563
v 2.94342290855821 0.264929537782583 0.0204540428129563
v 2.86253439066983 0.273620126568359 0.0204540428129563
v 0.390467703002091 0.268928439977133 0.0204540428129563
v 0.338289124543561 0.43727604050243 0.0204540428129563
v -1.3468681778478 0.0621585879383661 0.0821283870452969
v -1.51155925458327 0.0621585879383661 0.0861571783703164
v 3.96464588717883 0.00166397392043995 0.0601574887097556
v 3.96464588717883 0.0213092297366081 0.0204540428129563
v 3.85610711574588 0.0454464220758502 0.0204540428129563
v 3.74281367055678 0.0739718191570093 0.0204540428129563
v 3.62997909872379 0.104271357690767 0.0204540428129563
v 3.5182287057908 0.12454631669578 0.0204540428129563
v 3.41386802446717 0.144681479052368 0.0204540428129563
v 3.3106669280731 0.165594707851201 0.0204540428129563
v 3.21039626080393 0.183835021316861 0.0204540428129563
v 3.11004289452762 0.200386226113726 0.0204540428129563
v 3.01368202929802 0.219932648275838 0.0204540428129563
v 2.92424523504497 0.239311269127766 0.0204540428129563
v 2.83290977224514 0.257984933055858 0.0204540428129563
v 2.74892915974976 0.268928439977133 0.0204540428129563
v 2.6609802876181 0.268928439977133 0.0455595119203748
v 0.774726659776469 0.268928439977133 0.0827896051750334
v 0.62994034992031 0.268928439977133 0.0766942924047441
v 0.49649544169796 0.268928439977133 0.060164409519623
v 0.338842244067049 0.352991054005053 0.0204540428129563
v -1.65713850150293 0.0621585879383661 0.0791247392566498
v -1.78920926916497 0.0621585879383661 0.0738377315473445
v -1.91701601378693 0.0621585879383661 0.0719276704459571
v -2.0381763299038 0.0621585879383661 0.0729540438482232
v -2.15280234132221 0.0621585879383661 0.0762884230271599
v -2.26223936060631 0.0621585879383661 0.0810521572845884
v -2.36755120913523 0.0621585879383661 0.0868797318825985
v -2.46943608363885 0.0621585879383661 0.093810277697702
v -2.56844229016236 0.0621585879383661 0.102012386982527
v -2.66516420101935 0.0621585879383661 0.111420857923097
v -2.7603677090732 0.0621585879383661 0.121588341768373
v -2.85492523185688 0.0621585879383661 0.131760573516711
v -2.94972915987785 0.0621585879383661 0.140953827642773
v -3.04554597173665 0.0621585879383661 0.148158481415027
v -3.14312469623392 0.0621585879383661 0.152908378796923
v -3.24286868441579 0.0621585879383661 0.156218896827484
v -3.34509833682197 0.0621585879383661 0.159101128909206
v -3.45126660270821 0.0621585879383661 0.152433400656601
v -3.55371984314488 0.0621585879383661 0.144910564693453
v -3.65699468724031 0.0621585879383661 0.142612801490637
v -3.76089035284555 0.0621585879383661 0.146712721858453
v -3.86296957664091 0.0621585879383661 0.160119824002566
v -3.9683698860497 0.0621585879383661 0.156079166266139
v 3.96464588717883 -0.022114956302938 0.0592377313768696
v 3.96464588717883 -0.00774718399454622 0.0204540428129563
v 3.8457507412142 0.0181831024254014 0.0204540428129563
v 3.72110616331536 0.0480927321620466 0.0204540428129563
v 3.60640002460735 0.0800537362522917 0.0204540428129563
v 3.49192508846583 0.0960271004040374 0.0204540428129563
v 3.38184090644553 0.116703539335689 0.0204540428129563
v 3.27923682192393 0.13484400796179 0.0204540428129563
v 3.17916705061731 0.155077640390504 0.0204540428129563
v 3.07812341824421 0.17216883569818 0.0204540428129563
v 2.98464755052611 0.192210146439662 0.0204540428129563
v 2.89280763368543 0.217787749262006 0.0204540428129563
v 2.80477772871281 0.243788603349972 0.0204540428129563
v 2.72184628452054 0.268928439977133 0.0204540428129563
v 2.58766211956939 0.268928439977133 0.0573099718977239
v 2.50108548456549 0.268928439977133 0.0536846546737586
v 2.39864207060577 0.268928439977133 0.0541138121656218
v 2.2906872710677 0.268928439977133 0.0539523464437498
v 2.18211558797612 0.268928439977133 0.0548361227862772
v 2.07435602179132 0.268928439977133 0.0561258614991449
v 1.96763763850379 0.268928439977133 0.0574634716390326
v 1.86203867944621 0.268928439977133 0.0595948352875747
v 1.75733550588478 0.268928439977133 0.0629156050382575
v 1.65397233391053 0.268928439977133 0.0693906377959326
v 1.55089764085805 0.268928439977133 0.0778118431261851
v 1.44697255455042 0.268928439977133 0.084701533712481
v 1.34475814978145 0.268928439977133 0.0947752721517844
v 1.24151074029923 0.268928439977133 0.0947185410159431
v 1.15762993965293 0.268928439977133 0.0853304764417507
v 1.05592317186051 0.268928439977133 0.0910047185234481
v 0.928076559519993 0.268928439977133 0.0899257081623596
v -4.05938381748998 0.0621585879383661 0.172048324041923
v -4.13746223313266 0.0621585879383661 0.159720263856602
v 3.96464588717883 -0.115162104241821 0.0676820357129158
v 3.96464588717883 -0.0517523617995476 0.0505667667854208
v 3.96464588717883 -0.0297657619715814 0.0204540428129563
v 3.80390286839724 0.000383442035881032 0.0204540428129563
v 3.68249882816637 0.0227643195319274 0.0204540428129563
v 3.58822422785763 0.0515705010777317 0.0204540428129563
v -4.2166921156458 0.0621585879383661 0.152249131790526
v 4.1802127901455 -0.115162104241821 0.0987854330910502
v 4.10347053173763 -0.115162104241821 0.0876719429979663
v 4.02982359770403 -0.115162104241821 0.0883616963883613
v 3.96464588717883 -0.0755673922953683 0.0367594702190769
v -4.28086835425081 0.0621585879383661 0.15069972765383
v 4.2404592822907 -0.115162104241821 0.125427544460777
v -4.28086835425081 -0.0491238671209455 0.141859713772803
v -4.28086835425081 -0.161139990156172 0.167371456765339
v 4.2404592822907 -0.126083428913061 0.129861134711272
v -4.28086835425081 -0.287549948675045 0.158832821653613
v -4.28086835425081 -0.293212616704263 0.0787296433375577
v 4.2404592822907 -0.165667399508835 0.122905099070379
v -4.28086835425081 -0.419368528719432 0.178071805716235
v -4.28086835425081 -0.406432514379109 0.106825573724581
v 4.2404592822907 -0.190454870156479 0.106642552560056
v -4.28086835425081 -0.563384288931224 0.183235509208972
v -4.28086835425081 -0.520779656889273 0.136967669257353
v 4.2404592822907 -0.21928105787388 0.112509047163508
v -4.28086835425081 -0.701551151923674 0.170320533920583
v 4.2404592822907 -0.25077106964472 0.0835038258963647
v -4.28086835425081 -0.842626544159428 0.167622108015013
v 4.1906662992134 -0.25077106964472 0.0929581340659484
v 4.1185012605685 -0.25077106964472 0.081659515956606
v 4.06589902356744 -0.25077106964472 0.056022594105337
v -4.28086835425081 -0.975181074662427 0.187236854378126
v 4.06589902356744 -0.26901004252097 0.0204540428129563
v 4.00773882449047 -0.278687764486852 0.0204540428129563
v -4.28086835425081 -1.09858866963702 0.164680187952445
v 4.06589902356744 -0.294023270149281 0.0204540428129563
v 3.94796695099796 -0.307192999293621 0.0204540428129563
v 3.83936901660264 -0.317192176604729 0.0204540428129563
v 3.72780987706439 -0.326597591103718 0.0204540428129563
v 2.4956652494332 -0.643116763973995 0.0204540428129563
v 2.40307898968012 -0.643116763973995 0.0535300624012036
v 2.31893005428582 -0.643116763973995 0.0690681394400265
v 2.22452864333566 -0.643116763973995 0.073897427853986
v 2.1279768973597 -0.643116763973995 0.0754480082771921
v 2.02983578114147 -0.643116763973995 0.074861677086041
v 1.93127944446444 -0.643116763973995 0.0727865926074687
v 1.83354006300681 -0.643116763973995 0.0691408668543641
v 1.73683639334369 -0.643116763973995 0.0681707260945946
v 1.63853830338212 -0.643116763973995 0.0730123037007505
v 1.53399552614801 -0.643116763973995 0.0781642721557195
v 1.43227221003852 -0.643116763973995 0.0724876356650625
v 1.33136878482084 -0.643116763973995 0.0667704992220179
v 1.22937384136105 -0.643116763973995 0.0619264461805833
v 1.12462544021997 -0.643116763973995 0.058375221432869
v 1.02822055644613 -0.643116763973995 0.0509271985559754
v -4.06595726937991 -1.09858866963702 0.168605051842765
v -4.18806420110641 -1.09858866963702 0.172679596769213
v 3.99907564503744 -0.335267035157841 0.0204540428129563
v 3.90334697620168 -0.344460985315041 0.0204540428129563
v 3.80804079299496 -0.34901144977357 0.0204540428129563
v 3.72392027686663 -0.359559881929427 0.0204540428129563
v 3.64356859814248 -0.356725464323418 0.0204540428129563
v 3.55015684694321 -0.369083926887853 0.0204540428129563
v 3.45139026286674 -0.384020023122205 0.0204540428129563
v 3.35423613861363 -0.397651477580004 0.0204540428129563
v 3.25972485558198 -0.41373426447391 0.0204540428129563
v 3.16849251049764 -0.437919619341848 0.0204540428129563
v 3.07295233014954 -0.463113079336357 0.0204540428129563
v 2.98287965632188 -0.488182539902029 0.0204540428129563
v 2.8888857799427 -0.527396586366398 0.0204540428129563
v 2.79116255704948 -0.57719494682188 0.0204540428129563
v 2.69144620852592 -0.643116763973995 0.0204540428129563
v 2.59556924175479 -0.643116763973995 0.0204540428129563
v 0.949369314181619 -0.643116763973995 0.0548337131259021
v 0.852148547285055 -0.643116763973995 0.0512853819899663
v 0.737486200255845 -0.643116763973995 0.0483531373909937
v -1.85489176274144 -1.09858866963702 0.0886067484820155
v -1.95908582153568 -1.09858866963702 0.0951551696250363
v -2.06164187263732 -1.09858866963702 0.0944162536046358
v -2.16243591319285 -1.09858866963702 0.0912190395022215
v -2.2615358862271 -1.09858866963702 0.0878936161722431
v -2.35935722404824 -1.09858866963702 0.0855880199231814
v -2.45618960408101 -1.09858866963702 0.0846811224206278
v -2.55214032033978 -1.09858866963702 0.0851659548652559
v -2.64710852531602 -1.09858866963702 0.0870258797709376
v -2.74085827774616 -1.09858866963702 0.0902784312253997
v -2.83300120222565 -1.09858866963702 0.0949106476352555
v -2.92319048508955 -1.09858866963702 0.100759424895038
v -3.01123863682587 -1.09858866963702 0.107457376461905
v -3.09723905801252 -1.09858866963702 0.114804504308063
v -3.18153806496086 -1.09858866963702 0.126990674378039
v -3.27277862791236 -1.09858866963702 0.136110399581568
v -3.36234122122549 -1.09858866963702 0.140119963571202
v -3.45943204150331 -1.09858866963702 0.149378235355724
v -3.55843901920503 -1.09858866963702 0.154879671078867
v -3.65371848892889 -1.09858866963702 0.154534145539536
v -3.7404849377022 -1.09858866963702 0.165440368037369
v -3.83221653717162 -1.09858866963702 0.155026567953897
v -3.94067971583741 -1.09858866963702 0.16067902386348
v 4.06589902356744 -0.384583647465734 0.0204540428129563
v 3.97775185275964 -0.373040610860462 0.0204540428129563
v 3.87869304557635 -0.384207384194803 0.0204540428129563
v 3.78622220837538 -0.395615585978103 0.0204540428129563
v 3.69153585733781 -0.401411532066254 0.0204540428129563
v 3.60299884788688 -0.399747839549866 0.0204540428129563
v 3.50994246971313 -0.410201468679913 0.0204540428129563
v 3.41462352486599 -0.425162049264041 0.0204540428129563
v 3.31985826434439 -0.441659625064957 0.0204540428129563
v 3.22556377325636 -0.463658596661722 0.0204540428129563
v 3.12914327589439 -0.489113559857079 0.0204540428129563
v 3.03118925350342 -0.519409060288851 0.0204540428129563
v 2.93732478223354 -0.552183491523425 0.0204540428129563
v 2.84177679160855 -0.593487313216121 0.0204540428129563
v 2.75297253632842 -0.643116763973995 0.0204540428129563
v 0.622049541220225 -0.643116763973995 0.0204540428129563
v 0.615241947978568 -0.695358400078227 0.0204540428129563
v -1.70629089896014 -1.09858866963702 0.069675052954836
v -1.76388547101038 -1.09858866963702 0.0635870355203643
v 4.03890774645826 -0.418029715106338 0.0204540428129563
v 3.95274314660226 -0.409232325000537 0.0204540428129563
v 3.85668044489316 -0.426127156299385 0.0204540428129563
v 3.76155173178121 -0.434588136814248 0.0204540428129563
v 3.66784489428708 -0.438313115655443 0.0204540428129563
v 3.57574074589951 -0.440589073954854 0.0204540428129563
v 3.48103768448612 -0.451663275886157 0.0204540428129563
v 3.38526689275461 -0.467977124496303 0.0204540428129563
v 3.28986101191688 -0.486396272061358 0.0204540428129563
v 3.19171678088585 -0.510752162865173 0.0204540428129563
v 3.09165459397572 -0.537226471360984 0.0204540428129563
v 2.98585894673527 -0.57447197199635 0.0204540428129563
v 2.88900212539509 -0.611743185566002 0.0204540428129563
v 2.80615778828997 -0.643116763973995 0.0204540428129563
v 0.622049541220225 -0.863913896769907 0.0812619156686204
v 0.622049541220225 -0.771677852472845 0.0204540428129563
v -1.63534150513701 -1.09858866963702 0.0532161812884499
v 4.00878071476238 -0.41708163533642 0.0204540428129563
v 3.92759587836597 -0.449472330976367 0.0204540428129563
v 3.83529066619329 -0.46124416966147 0.0204540428129563
v 3.74148954710422 -0.468744802212164 0.0204540428129563
v 3.64759045153302 -0.473041388945152 0.0204540428129563
v 3.55325022004463 -0.477441004326365 0.0204540428129563
v 3.45577509395523 -0.490504138315683 0.0204540428129563
v 3.35844523385591 -0.508404112718231 0.0204540428129563
v 3.2618962128368 -0.52579023477286 0.0204540428129563
v 3.15706974583577 -0.551318688925935 0.0204540428129563
v 3.05979788812877 -0.583345375045015 0.0204540428129563
v 2.98172146377611 -0.6153572896872 0.0204540428129563
v 2.90973981570681 -0.643116763973995 0.0204540428129563
v 0.622049541220225 -0.892024067368268 0.0204540428129563
v -1.55718582749305 -1.09858866963702 0.0204540428129563
v 4.09543214384035 -0.473156911608541 0.0204540428129563
v 4.04761360636542 -0.458077323540972 0.0204540428129563
v 3.98868419682071 -0.463534646819746 0.0204540428129563
v 3.90459115415947 -0.481800495528105 0.0204540428129563
v 3.81285975970026 -0.49379379491997 0.0204540428129563
v 3.71915511568469 -0.501129646047449 0.0204540428129563
v 3.62466779145515 -0.506294164393024 0.0204540428129563
v 3.52934903857477 -0.510581727982883 0.0204540428129563
v 3.4295078505852 -0.526340936109519 0.0204540428129563
v 3.3337218274243 -0.541473358453742 0.0204540428129563
v 3.23527873598355 -0.561607209512311 0.0204540428129563
v 3.15385287003979 -0.590005606282063 0.0204540428129563
v 3.0785319939348 -0.608853407928906 0.0204540428129563
v 3.00561225387824 -0.643116763973995 0.0204540428129563
v 0.622049541220225 -0.976993367670644 0.0204540428129563
v 0.560761414032251 -1.00828258492077 0.0204540428129563
v -1.44199415286096 -1.09858866963702 0.0899020785112394
v 4.1954753910243 -0.49675051486986 0.0204540428129563
v 4.03887593280883 -0.484135692956896 0.0204540428129563
v 3.96141114062915 -0.498048910853693 0.0204540428129563
v 3.8739165051164 -0.515663058000974 0.0204540428129563
v 3.7825302359916 -0.526135882576508 0.0204540428129563
v 3.68906419966481 -0.532635303438598 0.0204540428129563
v 3.59499051127162 -0.538885271248406 0.0204540428129563
v 3.50446096103433 -0.545647147888844 0.0204540428129563
v 3.42416993310902 -0.55641142710792 0.0204540428129563
v 3.33708171358766 -0.568037672656015 0.0204540428129563
v 3.25484096483098 -0.587724586556507 0.0204540428129563
v 3.17416583594925 -0.620060282767278 0.0204540428129563
v 3.09470377638043 -0.643116763973995 0.0204540428129563
v 0.622049541220225 -1.22129224934663 0.0910137314696272
v 0.622049541220225 -1.08149260032052 0.0204540428129563
v -1.35637026277404 -1.09858866963702 0.0808450276847053
v 4.12085501429187 -0.494139744300674 0.0204540428129563
v 4.07482710016338 -0.519469109606166 0.0204540428129563
v 4.00284306918094 -0.523963106209905 0.0204540428129563
v 3.92458806271866 -0.537859979257674 0.0204540428129563
v 3.83784250275579 -0.549771131081196 0.0204540428129563
v 3.74519598235272 -0.556332064282471 0.0204540428129563
v 3.6465004757509 -0.559595410316127 0.0204540428129563
v 3.53857923117207 -0.56210071638971 0.0204540428129563
v 3.44475668948593 -0.570542471383289 0.0204540428129563
v 3.35469549682804 -0.598122645179832 0.0204540428129563
v 3.26628371411702 -0.617996722307313 0.0204540428129563
v 3.18783184698988 -0.643116763973995 0.0204540428129563
v 0.622049541220225 -1.18029688442277 0.0204540428129563
v -1.26654165406374 -1.09858866963702 0.0616976363676696
v 4.30133983296927 -0.561790791606448 0.0204540428129563
v 4.24874130951598 -0.520688681915105 0.0204540428129563
v 4.15122331573513 -0.539214572435721 0.0204540428129563
v 4.06613692645163 -0.558013928829412 0.0204540428129563
v 3.98415053845018 -0.563992385506991 0.0204540428129563
v 3.89892253421081 -0.573277319692843 0.0204540428129563
v 3.80937502185938 -0.579639199120308 0.0204540428129563
v 3.71651620019908 -0.581180711874769 0.0204540428129563
v 3.62225881626636 -0.577199983692117 0.0204540428129563
v 3.53270791027846 -0.574531606912245 0.0204540428129563
v 3.44002932350637 -0.592452719816553 0.0204540428129563
v 3.35743179855528 -0.619822630896212 0.0204540428129563
v 3.27642516768656 -0.643116763973995 0.0204540428129563
v 0.622049541220225 -1.41767426743902 0.0924792280926062
v 0.622049541220225 -1.30692205645966 0.0765103394072957
v -1.16328666060032 -1.09858866963702 0.0204540428129563
v 4.21729642770951 -0.568538419277461 0.0204540428129563
v 4.13605701037178 -0.578363913497969 0.0204540428129563
v 4.05157316281877 -0.591314608438383 0.0204540428129563
v 3.96711344823298 -0.597019175843378 0.0204540428129563
v 3.87991336322646 -0.602517019796299 0.0204540428129563
v 3.79089968147169 -0.604964119218836 0.0204540428129563
v 3.70237664293876 -0.602796655479105 0.0204540428129563
v 3.61699554064085 -0.597534125243585 0.0204540428129563
v 3.53165911165989 -0.596606635052209 0.0204540428129563
v 3.44439275011383 -0.61570986067401 0.0204540428129563
v 3.36118590726042 -0.643116763973995 0.0204540428129563
v 0.622049541220225 -1.38157217915532 0.0459850926393635
v -1.05111683887468 -1.09858866963702 0.0204540428129563
v 4.2799763965076 -0.607651505260175 0.0204540428129563
v 4.20181730925182 -0.607441576854248 0.0204540428129563
v 4.12100262893427 -0.612913065210365 0.0204540428129563
v 4.03691888678836 -0.620166279489455 0.0204540428129563
v 3.95127574912226 -0.624052995366066 0.0204540428129563
v 3.86415101695239 -0.626995758433796 0.0204540428129563
v 3.77720700521592 -0.627705483189511 0.0204540428129563
v 3.69224953093625 -0.62516318370341 0.0204540428129563
v 3.60816197129081 -0.621901561086402 0.0204540428129563
v 3.52206778059424 -0.624952260156809 0.0204540428129563
v 3.43237504061212 -0.643116763973995 0.0204540428129563
v 0.622049541220225 -1.61243192123937 0.0204540428129563
v 0.622049541220225 -1.5026390971523 0.0649226607033265
v -0.916428294862955 -1.09858866963702 0.0204540428129563
v 4.26114909853661 -0.632592528629455 0.0204540428129563
v 4.18278383043304 -0.635159269245106 0.0204540428129563
v 4.1016021123381 -0.638385387404807 0.0204540428129563
v 4.01726384411262 -0.64189623530746 0.0204540428129563
v 3.93142055765852 -0.644114673373832 0.0204540428129563
v 3.84505316589051 -0.645879964798443 0.0204540428129563
v 3.75948856046766 -0.646849981287558 0.0204540428129563
v 3.67569554349667 -0.645105632726121 0.0204540428129563
v 3.59114296220646 -0.643116763973995 0.0204540428129563
v 3.50495341434258 -0.643116763973995 0.0204540428129563
v 0.622049541220225 -1.57681593363851 0.0204540428129563
v -0.775625865489656 -1.09858866963702 0.0707086020813406
v 0.622049541220225 -1.80754772174 0.0204540428129563
v 0.622049541220225 -1.69711705613528 0.0204540428129563
v -0.643652940034335 -1.256767086956 0.11113748841906
v 0.622049541220225 -1.77108392017474 0.0204540428129563
v -0.643652940034335 -1.4535857653238 0.082353972106409
v 0.622049541220225 -2.00467610858893 0.0204540428129563
v 0.622049541220225 -1.89291507787489 0.0204540428129563
v -0.643652940034335 -1.59650372871481 0.0601178328139556
v 0.622049541220225 -1.96730229005336 0.0204540428129563
v -0.643652940034335 -1.80558274765025 0.0204540428129563
v 0.622049541220225 -2.203262660812 0.0204540428129563
v 0.622049541220225 -2.09051476275454 0.0204540428129563
v -0.643652940034335 -1.93510181662068 0.0762015331764066
v 0.622049541220225 -2.16520706911468 0.0204540428129563
v -0.643652940034335 -2.06290541820017 0.0867111066598223
v 0.622049541220225 -2.40276923187387 0.0204540428129563
v 0.622049541220225 -2.28941347359029 0.0204540428129563
v -0.643652940034335 -2.18474095413635 0.087417138730112
v 0.622049541220225 -2.36425581184494 0.0204540428129563
v -0.643652940034335 -2.29388316103919 0.0750845303716067
v 0.622049541220225 -2.60257736720968 0.0204540428129563
v 0.622049541220225 -2.48900664851211 0.0204540428129563
v -0.643652940034335 -2.38609298730834 0.0204540428129563
v 0.622049541220225 -2.5638454886001 0.0204540428129563
v -0.643652940034335 -2.53599228567244 0.0204540428129563
v 0.622049541220225 -2.80217029797456 0.0204540428129563
v 0.622049541220225 -2.68875816097941 0.0204540428129563
v -0.643652940034335 -2.63384184421226 0.0204540428129563
v 0.622049541220225 -2.76342542945927 0.0204540428129563
v -0.643652940034335 -2.73842872408246 0.0204540428129563
v 0.622049541220225 -3.00080653818916 0.0204540428129563
v 0.622049541220225 -2.88808851658981 0.0204540428129563
v -0.643652940034335 -2.83611762914094 0.0739406454696254
v 0.622049541220225 -2.96236755313309 0.0204540428129563
v -0.643652940034335 -2.98868688373878 0.111705422664275
v 0.622049541220225 -3.19748780835791 0.0204540428129563
v 0.622049541220225 -3.08615593668005 0.0204540428129563
v -0.643652940034335 -3.07979846682146 0.0822197608839013
v 0.622049541220225 -3.15978965504815 0.0204540428129563
v -0.643652940034335 -3.15656305602677 0.0596853833599986
v 0.622049541220225 -3.39346631023146 0.0204540428129563
v 0.622049541220225 -3.28209490044037 0.0204540428129563
v -0.643652940034335 -3.28547920587044 0.0204540428129563
v 0.622049541220225 -3.35542113790709 0.0204540428129563
v -0.643652940034335 -3.3881113268833 0.086915334267812
v 0.622049541220225 -3.5900141483789 0.0204540428129563
v 0.622049541220225 -3.4749161372448 0.0204540428129563
v -0.643652940034335 -3.50002055097622 0.0500140605993996
v -0.643652940034335 -3.49206590188895 0.105671987895049
v 0.622049541220225 -3.54682838463287 0.0204540428129563
v -0.643652940034335 -3.58821799627759 0.0867264471331741
v 0.622049541220225 -3.77350932416183 0.0204540428129563
v 0.622049541220225 -3.68367360530985 0.0204540428129563
v -0.643652940034335 -3.68555934772012 0.0750634737630855
v 0.579771614000843 -3.7523100507405 0.0204540428129563
v -0.643652940034335 -3.77518492643954 0.0204540428129563
v 0.622049541220225 -3.94640035897948 0.0204540428129563
v 0.622049541220225 -3.86176872216319 0.0204540428129563
v -0.643652940034335 -3.92060923597155 0.0204540428129563
v 0.592021262126191 -3.93406053625185 0.0204540428129563
v -0.643652940034335 -4.02311711243397 0.0204540428129563
v 0.622049541220225 -4.11770662243224 0.0204540428129563
v 0.622049541220225 -4.03562577026537 0.0204540428129563
v -0.643652940034335 -4.13832909828951 0.0763297424502133
v 0.597092668055982 -4.11170465085833 0.0204540428129563
v -0.643652940034335 -4.2371989292729 0.0888035485153613
v 0.622049541220225 -4.20350683639224 0.0204540428129563
v 0.593238288779601 -4.1954370479603 0.0204540428129563
v -0.643652940034335 -4.31174597440698 0.0924174073741421
v 0.622049541220225 -4.31174597440698 0.0204540428129563
v 0.578533559354005 -4.26414342875324 0.0204540428129563
v -0.392568058344816 -4.31174597440698 0.0838994806778059
v -0.529756996837309 -4.31174597440698 0.0884677729044245
v 0.574693129540241 -4.31174597440698 0.0204540428129563
v 0.500264742756282 -4.31174597440698 0.0204540428129563
v 0.425737273562661 -4.31174597440698 0.0204540428129563
v 0.347649388149508 -4.31174597440698 0.0596052032207391
v 0.263609500989802 -4.31174597440698 0.0683006575903395
v 0.172580225077839 -4.31174597440698 0.0683289184589178
v 0.0745340446617955 -4.31174597440698 0.0599053553764753
v -0.0301636731376436 -4.31174597440698 0.0204540428129563
v -0.141569946664435 -4.31174597440698 0.0204540428129563
v -0.259522908677894 -4.31174597440698 0.0664983271643982
v 0.321973618460687 3.96080881304581 0.0204540428129563
v 0.260106981913553 3.95705956685835 0.0204540428129563
v 0.189627830560751 3.95662666862442 0.0204540428129563
v 0.107382076735564 3.96180272792117 0.0204540428129563
v 0.015897874562429 3.98856882843148 0.0204540428129563
v -0.0832916586767819 3.98856882843148 0.0204540428129563
v -0.189547561299017 3.98856882843148 0.0204540428129563
v -0.303939322275998 3.98856882843148 0.0204540428129563
v -0.428140562385066 3.98856882843148 0.0204540428129563
v -0.569660998012795 3.96354718223392 0.0204540428129563
v -0.746653350188297 3.96219654315468 0.0204540428129563
v 0.312350355618129 3.89461266292148 0.0204540428129563
v 0.254154560334648 3.89356602836223 0.0204540428129563
v 0.180927776189072 3.89966846629224 0.0204540428129563
v 0.0950661763786612 3.90646401582386 0.0204540428129563
v 0.00128622280185993 3.91087431976181 0.0204540428129563
v -0.0972183213796526 3.91069438058172 0.0204540428129563
v -0.202648113952247 3.91146581591178 0.0204540428129563
v -0.31534596627044 3.91206282788516 0.0204540428129563
v -0.436416879590751 3.9089228742342 0.0204540428129563
v -0.565147320859057 3.9063551099562 0.0204540428129563
v -0.679070642113719 3.89917422635485 0.0204540428129563
v -0.836922589736795 3.91387167039909 0.0204540428129563
v 0.320267268811421 3.81680298217397 0.0204540428129563
v 0.255508951791125 3.82228450559885 0.0204540428129563
v 0.177615318990884 3.83077925793564 0.0204540428129563
v 0.0875876271926605 3.83119906997334 0.0204540428129563
v -0.00178180121362502 3.82729902402065 0.0204540428129563
v -0.0982243807563148 3.82735337320252 0.0204540428129563
v -0.200999990898609 3.828201028353 0.0204540428129563
v -0.309747744351459 3.82891953684662 0.0204540428129563
v -0.423155079687008 3.8289143231819 0.0204540428129563
v -0.537205530907382 3.82597575271116 0.0204540428129563
v -0.658310491675525 3.8267802779086 0.0204540428129563
v -0.761079092217751 3.82733131979663 0.0204540428129563
v -0.895207052015826 3.84232780304252 0.0204540428129563
v 0.325506404149802 3.74371929330254 0.0204540428129563
v 0.252394355432612 3.74286874599106 0.0204540428129563
v 0.169959733990953 3.7557201224208 0.0204540428129563
v 0.0965786503545581 3.7443074168117 0.0204540428129563
v 0.00869621056288697 3.7427882651383 0.0204540428129563
v -0.0861615140105109 3.7421159609617 0.0204540428129563
v -0.187241841692043 3.74270622243439 0.0204540428129563
v -0.292967603637519 3.74326787033706 0.0204540428129563
v -0.402022174327194 3.74250143161358 0.0204540428129563
v -0.51538468591047 3.74151600641841 0.0204540428129563
v -0.630400565309176 3.74059287076919 0.0204540428129563
v -0.754299390721784 3.74597113586849 0.0204540428129563
v -0.879368136797436 3.75150472698751 0.0204540428129563
v 0.304209873115085 3.65805925137597 0.0204540428129563
v 0.211613032644462 3.67159884652551 0.0204540428129563
v 0.120934805018032 3.66325155101768 0.0204540428129563
v 0.030550787541615 3.65718270405026 0.0204540428129563
v -0.0655634486624432 3.65594639162069 0.0204540428129563
v -0.165849650618199 3.6554161275058 0.0204540428129563
v -0.269229056019917 3.65506229923706 0.0204540428129563
v -0.375752511373402 3.65469421580134 0.0204540428129563
v -0.484402135089251 3.65454044660907 0.0204540428129563
v -0.594574963887149 3.65684879801888 0.0204540428129563
v -0.699077668849535 3.66191687596285 0.0204540428129563
v -0.779411497809975 3.65467902694678 0.0204540428129563
v -0.8920023166876 3.65708864687693 0.0204540428129563
v 0.301701109393036 3.58048064100303 0.0204540428129563
v 0.216390944268244 3.58724044127369 0.0204540428129563
v 0.143868115248903 3.57234098793736 0.0204540428129563
v 0.0547757115943342 3.57045478971539 0.0204540428129563
v -0.0407779987317439 3.56780820238116 0.0204540428129563
v -0.138520272205649 3.5659746377158 0.0204540428129563
v -0.239045799181821 3.56535706803197 0.0204540428129563
v -0.341257458645921 3.56516568515138 0.0204540428129563
v -0.443668167098219 3.56604336986473 0.0204540428129563
v -0.543048253104927 3.56819808032666 0.0204540428129563
v -0.635402245108642 3.56777229286972 0.0204540428129563
v -0.727884688051931 3.56623466578576 0.0204540428129563
v -0.803909235029481 3.55795277750522 0.0204540428129563
v -0.906741327585169 3.55604069734741 0.0204540428129563
v 0.269712677423077 3.49365300040063 0.0204540428129563
v 0.178543384344418 3.488711433382 0.0204540428129563
v 0.0821861775878029 3.48290011689442 0.0204540428129563
v -0.0098182783396579 3.47705666543637 0.0204540428129563
v -0.105325958680355 3.47521535159694 0.0204540428129563
v -0.202690347163071 3.47399923918013 0.0204540428129563
v -0.300271622634741 3.47364425564273 0.0204540428129563
v -0.396610281427909 3.4741800351654 0.0204540428129563
v -0.489934909403226 3.47441068120792 0.0204540428129563
v -0.580546751120648 3.47360795478277 0.0204540428129563
v -0.666356400270612 3.4700820889579 0.0204540428129563
v -0.75214499557818 3.46732698736779 0.0204540428129563
v -0.822594523674172 3.45711450646683 0.0204540428129563
v -0.916711897659232 3.45167351095874 0.0204540428129563
v 0.285759183423408 3.40132939864144 0.0204540428129563
v 0.190480555270624 3.40109031236012 0.0204540428129563
v 0.116179857193683 3.38825694034496 0.0204540428129563
v 0.0262170598907041 3.38620144410696 0.0204540428129563
v -0.0680189125390984 3.38313301177528 0.0204540428129563
v -0.161905521122347 3.3808407852097 0.0204540428129563
v -0.255667680087087 3.37999013784444 0.0204540428129563
v -0.348038458735266 3.37951809519838 0.0204540428129563
v -0.438254683359875 3.37883148901028 0.0204540428129563
v -0.525622957590301 3.37696198896556 0.0204540428129563
v -0.610541626348041 3.37431791369926 0.0204540428129563
v -0.690835164382547 3.36963202149193 0.0204540428129563
v -0.771211956941223 3.36508550903346 0.0204540428129563
v -0.838089517297175 3.35328469566135 0.0204540428129563
v -0.927022592430029 3.3452721244732 0.0204540428129563
v 0.256288071134696 3.3068180246044 0.0204540428129563
v 0.160364292187552 3.30128379321019 0.0204540428129563
v 0.0630048729469402 3.29524431230961 0.0204540428129563
v -0.0270741416341836 3.28890927574165 0.0204540428129563
v -0.118394958945041 3.28651722795517 0.0204540428129563
v -0.20943582997908 3.28467469544148 0.0204540428129563
v -0.298989275125396 3.2832507899403 0.0204540428129563
v -0.386684271735834 3.28172056810404 0.0204540428129563
v -0.472225240685663 3.2795912315348 0.0204540428129563
v -0.554984450594193 3.2764691476297 0.0204540428129563
v -0.63539469293247 3.27268065354624 0.0204540428129563
v -0.711680704303725 3.26649109260402 0.0204540428129563
v -0.788402641734527 3.26018091673321 0.0204540428129563
v -0.853610132031325 3.24673561067853 0.0204540428129563
v -0.943187347899208 3.24735027889599 0.0204540428129563
v 0.276357609862361 3.21101719439085 0.0204540428129563
v 0.177352208167018 3.21118666946242 0.0204540428129563
v 0.10417634206891 3.1975892351444 0.0204540428129563
v 0.016509600513874 3.19503032510575 0.0204540428129563
v -0.0737296399102171 3.1912931151795 0.0204540428129563
v -0.162174007815542 3.18809545490573 0.0204540428129563
v -0.2496369226782 3.18597424338828 0.0204540428129563
v -0.335659417202499 3.18384674868739 0.0204540428129563
v -0.419836091344931 3.18129487068759 0.0204540428129563
v -0.502075234314739 3.17815272237523 0.0204540428129563
v -0.582067176968681 3.17380973549421 0.0204540428129563
v -0.660926318607713 3.16831560851203 0.0204540428129563
v -0.738305874950966 3.15978271610141 0.0204540428129563
v -0.821443921723954 3.15321543738099 0.0204540428129563
v -0.900564595544388 3.14536960910033 0.0204540428129563
v 0.249694687327085 3.11421176300435 0.0204540428129563
v 0.153994581329899 3.10811388034998 0.0204540428129563
v 0.058784235530124 3.1016231689233 0.0204540428129563
v -0.0276216201693275 3.09444281733126 0.0204540428129563
v -0.114309637975614 3.09104159288172 0.0204540428129563
v -0.200378309633833 3.08816185738834 0.0204540428129563
v -0.285218296434674 3.08553438093689 0.0204540428129563
v -0.368836936864223 3.08273237520433 0.0204540428129563
v -0.450896443194505 3.07930455310365 0.0204540428129563
v -0.531531500300614 3.07508512055504 0.0204540428129563
v -0.611007245371997 3.06949773609631 0.0204540428129563
v -0.69089784775089 3.06354004820462 0.0204540428129563
v -0.768623342875157 3.05733467336306 0.0204540428129563
v -0.838727126109206 3.04132872307324 0.0204540428129563
v -0.906280604020813 3.00680910468309 0.0204540428129563
v 0.273503852710395 3.01614860616844 0.0204540428129563
v 0.174546639846324 3.01632399181194 0.0204540428129563
v 0.10386334356507 3.00206829026276 0.0204540428129563
v 0.0196013423976963 2.9983453541351 0.0204540428129563
v -0.0666213697750274 2.99365116504394 0.0204540428129563
v -0.151174967858371 2.99006579294852 0.0204540428129563
v -0.235474971624998 2.98737053495842 0.0204540428129563
v -0.318881306598679 2.98420540065759 0.0204540428129563
v -0.400719263423564 2.98058603828801 0.0204540428129563
v -0.480755206617247 2.97646257044299 0.0204540428129563
v -0.559236640162991 2.97194475031334 0.0204540428129563
v -0.63535923782697 2.96710587164023 0.0204540428129563
v -0.707153048982101 2.95978591201946 0.0204540428129563
v -0.774187891547298 2.94545038090874 0.0204540428129563
v -0.830715963699016 2.91596192619059 0.0204540428129563
v -0.944718746649365 2.9372034125416 0.0204540428129563
v 0.249486180223802 2.91791059080962 0.0204540428129563
v 0.156501544273955 2.91119618525051 0.0204540428129563
v 0.0644663232006727 2.9027693234492 0.0204540428129563
v -0.0182724082529986 2.89497969475355 0.0204540428129563
v -0.102170657740015 2.89263758692651 0.0204540428129563
v -0.186810929209177 2.88977746794211 0.0204540428129563
v -0.270209855803325 2.88593099238569 0.0204540428129563
v -0.351022949610182 2.88183739898948 0.0204540428129563
v -0.429158038385642 2.87788957342371 0.0204540428129563
v -0.504734723811608 2.87401025765537 0.0204540428129563
v -0.576768985416145 2.86948537844407 0.0204540428129563
v -0.644029999569201 2.86279224168001 0.0204540428129563
v -0.704948523537111 2.85073964466205 0.0204540428129563
v -0.761917789156994 2.82794635243097 0.0204540428129563
v -0.856255985895833 2.84306263204638 0.0204540428129563
v -0.940804708725094 2.8324886217452 0.0204540428129563
v 0.275319908251413 2.81914703172755 0.0204540428129563
v 0.179135339953795 2.81842224768905 0.0204540428129563
v 0.111559904881194 2.80021930018185 0.0204540428129563
v 0.0307761472618259 2.79730116011882 0.0204540428129563
v -0.0548671924027309 2.79665333833631 0.0204540428129563
v -0.141213368050942 2.79306064986568 0.0204540428129563
v -0.22387855862393 2.7875050430831 0.0204540428129563
v -0.301908962042193 2.78252571517354 0.0204540428129563
v -0.37766313148912 2.77872943214173 0.0204540428129563
v -0.45098604840144 2.77494641279248 0.0204540428129563
v -0.521360550559828 2.7703682924972 0.0204540428129563
v -0.588620367599373 2.76330693293695 0.0204540428129563
v -0.655105700293767 2.7511042460426 0.0204540428129563
v -0.730706377885321 2.74101015472895 0.0204540428129563
v -0.823067052106847 2.75479552343931 0.0204540428129563
v -0.874828771169184 2.73493678392376 0.0204540428129563
v -0.945797600796811 2.72588288508738 0.0204540428129563
v 0.253709694872561 2.71932408504266 0.0204540428129563
v 0.166282205776151 2.70360601682302 0.0204540428129563
v 0.0752966405918744 2.70062158139071 0.0204540428129563
v -0.0152754860875926 2.70295746931503 0.0204540428129563
v -0.102195348917477 2.69630332694449 0.0204540428129563
v -0.17818611437483 2.68741446929796 0.0204540428129563
v -0.253327036998956 2.6828249791448 0.0204540428129563
v -0.327250023806731 2.67889544199031 0.0204540428129563
v -0.3997172688713 2.67507248820569 0.0204540428129563
v -0.47051288432462 2.67033798533582 0.0204540428129563
v -0.540330008213942 2.66357489372096 0.0204540428129563
v -0.611063987227129 2.65691899730616 0.0204540428129563
v -0.676266975795687 2.64798027711929 0.0204540428129563
v -0.763089605247724 2.65442067909426 0.0204540428129563
v -0.825446621694836 2.64243299078243 0.0204540428129563
v -0.880053156357855 2.62906663964456 0.0204540428129563
v -0.951877388112622 2.6226307747661 0.0204540428129563
v 0.288514818330967 2.61431845711314 0.0204540428129563
v 0.192271936888785 2.60214488331217 0.0204540428129563
v 0.0974432747597477 2.6028939362647 0.0204540428129563
v 0.00577748918879253 2.61153419035005 0.0204540428129563
v -0.057788028944327 2.59419970287389 0.0204540428129563
v -0.131223760848666 2.58809221507432 0.0204540428129563
v -0.204708946577279 2.58272956162361 0.0204540428129563
v -0.277991567779316 2.57881519842934 0.0204540428129563
v -0.350479747258246 2.57493878683817 0.0204540428129563
v -0.422258210595457 2.5704499791934 0.0204540428129563
v -0.493966313280282 2.56546726885129 0.0204540428129563
v -0.565177192738267 2.56037230070406 0.0204540428129563
v -0.63904802420417 2.55663807409775 0.0204540428129563
v -0.709037154840413 2.55279397238993 0.0204540428129563
v -0.77257549310293 2.54347813434932 0.0204540428129563
v -0.838247862522148 2.53553022109217 0.0204540428129563
v -0.897511053882068 2.52306981630703 0.0204540428129563
v -0.975095248185659 2.52663870970454 0.0204540428129563
v 0.292665014086729 2.50538356808184 0.0204540428129563
v 0.187876890606599 2.50439810100112 0.0204540428129563
v 0.0772114023166 2.51383911736369 0.0204540428129563
v -0.00804746067716449 2.49969591562602 0.0204540428129563
v -0.0826939228810195 2.48817195580027 0.0204540428129563
v -0.156434931444464 2.48286448485927 0.0204540428129563
v -0.229545180427658 2.47874683850491 0.0204540428129563
v -0.302383813614443 2.47492036136513 0.0204540428129563
v -0.374965667630581 2.47096004160318 0.0204540428129563
v -0.447338213418847 2.46692368484925 0.0204540428129563
v -0.519662780281987 2.46294235833846 0.0204540428129563
v -0.591142803730213 2.45869951567938 0.0204540428129563
v -0.660499046160315 2.45278948791453 0.0204540428129563
v -0.729874393062908 2.44537025875788 0.0204540428129563
v -0.800876938846612 2.43629361936184 0.0204540428129563
v -0.880051873449101 2.43100686827476 0.0204540428129563
v -0.952439821651442 2.42505706467613 0.0204540428129563
v 0.287902896099375 2.40957681315042 0.0204540428129563
v 0.190419561593535 2.4078816373321 0.0204540428129563
v 0.0973657230038884 2.41951492686701 0.0204540428129563
v 0.0358659208001892 2.39614529033101 0.0204540428129563
v -0.0357611774251131 2.38865781839001 0.0204540428129563
v -0.10832743559225 2.38310917700896 0.0204540428129563
v -0.18167621617536 2.37897580208528 0.0204540428129563
v -0.255015790828939 2.3750999658445 0.0204540428129563
v -0.328033981285624 2.37137716921476 0.0204540428129563
v -0.400701524995611 2.36771876925459 0.0204540428129563
v -0.472815151998032 2.36391872537195 0.0204540428129563
v -0.543956034421458 2.35950510290838 0.0204540428129563
v -0.614462278162849 2.35416877029947 0.0204540428129563
v -0.685235875007608 2.34788508142448 0.0204540428129563
v -0.758041823161609 2.34281972466803 0.0204540428129563
v -0.827553288584163 2.34004292801256 0.0204540428129563
v -0.882754329285924 2.32645394807465 0.0204540428129563
v -0.954373920035874 2.31912548338243 0.0204540428129563
v 0.277388229583471 2.30574265001298 0.0204540428129563
v 0.17059983795793 2.31843156462036 0.0204540428129563
v 0.0885490577878043 2.30109000319827 0.0204540428129563
v 0.0141768299134541 2.28980441011295 0.0204540428129563
v -0.0604919876882908 2.28426168619618 0.0204540428129563
v -0.134796590784467 2.27948752617239 0.0204540428129563
v -0.208345964649394 2.27532016594019 0.0204540428129563
v -0.28140111220095 2.27164071139582 0.0204540428129563
v -0.353877361801424 2.26811826452091 0.0204540428129563
v -0.425547713871033 2.26448039004721 0.0204540428129563
v -0.496231229329389 2.26047319069187 0.0204540428129563
v -0.565891156235682 2.25601374739264 0.0204540428129563
v -0.634868880080197 2.25102637324915 0.0204540428129563
v -0.705843239155452 2.24820254151127 0.0204540428129563
v -0.774636388094722 2.24283785399531 0.0204540428129563
v -0.841400535912398 2.23532148028791 0.0204540428129563
v -0.896727302911478 2.22154859027018 0.0204540428129563
v -0.962806132845057 2.21270153774956 0.0204540428129563
v 0.28422865333888 2.21342724119803 0.0204540428129563
v 0.194833241983783 2.2197741416817 0.0204540428129563
v 0.13316510212516 2.19793018618541 0.0204540428129563
v 0.0597299570177354 2.19191282238461 0.0204540428129563
v -0.015537725099766 2.18552202637321 0.0204540428129563
v -0.0891318487240998 2.17990660856854 0.0204540428129563
v -0.162318769771474 2.17560836724726 0.0204540428129563
v -0.234987637588724 2.17182033601251 0.0204540428129563
v -0.306888886254516 2.16833297228353 0.0204540428129563
v -0.377746876840924 2.16491608968871 0.0204540428129563
v -0.447113059262422 2.16137896750882 0.0204540428129563
v -0.514205283260386 2.15765387461752 0.0204540428129563
v -0.579481087127476 2.14917055674124 0.0204540428129563
v -0.666865087288025 2.15773403308227 0.0204540428129563
v -0.734654266848588 2.14969083501902 0.0204540428129563
v -0.795283145137143 2.1387681373135 0.0204540428129563
v -0.855859835536936 2.13047613554323 0.0204540428129563
v -0.907378804649823 2.11654177847271 0.0204540428129563
v -0.96779058804983 2.10573271306048 0.0204540428129563
v 0.264239686609912 2.11443269033952 0.0204540428129563
v 0.18344163147502 2.10440350745766 0.0204540428129563
v 0.101962637966633 2.09539347690554 0.0204540428129563
v 0.0290432383263152 2.08614713716229 0.0204540428129563
v -0.0439837172470459 2.08076579521235 0.0204540428129563
v -0.116803447733126 2.07601258753083 0.0204540428129563
v -0.188839911454185 2.07195587993573 0.0204540428129563
v -0.259994376498545 2.06845795121644 0.0204540428129563
v -0.329840425175299 2.06518502823137 0.0204540428129563
v -0.397999645920183 2.06196695097444 0.0204540428129563
v -0.464454646487696 2.05802209814516 0.0204540428129563
v -0.527636614733926 2.04255498757229 0.0204540428129563
v -0.635132548197686 2.07203073091261 0.0204540428129563
v -0.694483435321725 2.0533196916201 0.0204540428129563
v -0.752460076249386 2.04303280192682 0.0204540428129563
v -0.808889064152025 2.03345605632394 0.0204540428129563
v -0.866158895870817 2.0250830613563 0.0204540428129563
v -0.915790121900193 2.01034957387542 0.0204540428129563
v -0.973085145607091 1.99643875677289 0.0204540428129563
v 0.291395971283604 2.01159223396066 0.0204540428129563
v 0.205548429864344 2.00998318301792 0.0204540428129563
v 0.144815115577771 1.99367936214574 0.0204540428129563
v 0.0735891714422679 1.98836474194229 0.0204540428129563
v 0.000107015484501243 1.98202326876471 0.0204540428129563
v -0.071861242835012 1.97641938743189 0.0204540428129563
v -0.143290245925998 1.97218557881722 0.0204540428129563
v -0.213733296759828 1.96852856978798 0.0204540428129563
v -0.282766448619511 1.96527893578443 0.0204540428129563
v -0.350217689116815 1.96225747937465 0.0204540428129563
v -0.415846772851837 1.95765859781827 0.0204540428129563
v -0.47750892300654 1.93499077446141 0.0204540428129563
v -0.586906759487121 1.98068055247179 0.0204540428129563
v -0.649491570844601 1.95743921830309 0.0204540428129563
v -0.708179323839074 1.94558617113776 0.0204540428129563
v -0.765209624460018 1.9372725871059 0.0204540428129563
v -0.819884672018663 1.9280352170097 0.0204540428129563
v -0.875006834368623 1.9183926998768 0.0204540428129563
v -0.923570491647804 1.90230967314723 0.0204540428129563
v -0.978719951321976 1.89044478086846 0.0204540428129563
v 0.272109300571224 1.9099518254042 0.0204540428129563
v 0.194297932720373 1.90086752792943 0.0204540428129563
v 0.114913311432923 1.89197798690873 0.0204540428129563
v 0.0437018115357217 1.88267804455411 0.0204540428129563
v -0.0277398762784156 1.877270338044 0.0204540428129563
v -0.098868299049228 1.87253495529464 0.0204540428129563
v -0.168692247654487 1.86857557442335 0.0204540428129563
v -0.237128048182744 1.86529578770369 0.0204540428129563
v -0.303908255398808 1.86221097732598 0.0204540428129563
v -0.368344811712997 1.85462460801 0.0204540428129563
v -0.432253957580189 1.82983187947696 0.0204540428129563
v -0.541820813614898 1.88592190863475 0.0204540428129563
v -0.605037329088662 1.86043199419014 0.0204540428129563
v -0.664525995622454 1.84794336355694 0.0204540428129563
v -0.721577501098789 1.83982044835377 0.0204540428129563
v -0.77764129251905 1.83192413050336 0.0204540428129563
v -0.831340030756649 1.82128323373651 0.0204540428129563
v -0.885018154957478 1.81064033540206 0.0204540428129563
v -0.931145103070658 1.79266292223709 0.0204540428129563
v -0.987021859423824 1.78791839853816 0.0204540428129563
v 0.29764471590271 1.80798827275816 0.0204540428129563
v 0.215313259090813 1.80659562208522 0.0204540428129563
v 0.156473914313483 1.79028645381253 0.0204540428129563
v 0.087160960004589 1.78489093645761 0.0204540428129563
v 0.0146698071166427 1.77849986946567 0.0204540428129563
v -0.0559910136903327 1.77289926095514 0.0204540428129563
v -0.125142941329699 1.76874891016455 0.0204540428129563
v -0.192889305657865 1.76529686822567 0.0204540428129563
v -0.258915415704381 1.76155871171033 0.0204540428129563
v -0.323576008052777 1.75181838274025 0.0204540428129563
v -0.388458751553925 1.72632936383283 0.0204540428129563
v -0.497463411867048 1.78846574179051 0.0204540428129563
v -0.561297819651772 1.76235973999139 0.0204540428129563
v -0.621735843332681 1.74995674715346 0.0204540428129563
v -0.680812675436678 1.74296467541072 0.0204540428129563
v -0.739455027302914 1.7346557319046 0.0204540428129563
v -0.798063356419154 1.72431185608124 0.0204540428129563
v -0.855620207546827 1.71035865327656 0.0204540428129563
v -0.918184798547455 1.69728087341896 0.0204540428129563
v -0.971321769508813 1.67468264116124 0.0204540428129563
v 0.279179327365334 1.70662857765375 0.0204540428129563
v 0.205968939622795 1.69683816518847 0.0204540428129563
v 0.12743588486778 1.68884736779155 0.0204540428129563
v 0.0541938710196917 1.67974978217701 0.0204540428129563
v -0.0147765294268853 1.6737444459416 0.0204540428129563
v -0.0829532395874803 1.66909154399109 0.0204540428129563
v -0.149819722250666 1.66525431920244 0.0204540428129563
v -0.215429606414369 1.66069938277904 0.0204540428129563
v -0.280514441524842 1.64913279930347 0.0204540428129563
v -0.346231971836353 1.62343634382494 0.0204540428129563
v -0.454191973053271 1.68942574807273 0.0204540428129563
v -0.518569706682867 1.66283273047664 0.0204540428129563
v -0.580434973139533 1.65309753737375 0.0204540428129563
v -0.643035726108379 1.64760931963447 0.0204540428129563
v -0.706408472355918 1.63861919396106 0.0204540428129563
v -0.765831351579469 1.62695353743104 0.0204540428129563
v -0.823858336105525 1.61605023681967 0.0204540428129563
v -0.876077972559852 1.60437149281337 0.0204540428129563
v -0.914916913286362 1.58214478449004 0.0204540428129563
v -0.982531609167254 1.57310970822504 0.0204540428129563
v 0.305005571485081 1.60472661469999 0.0204540428129563
v 0.229811778593949 1.59756472395048 0.0204540428129563
v 0.154197355118733 1.59239525706691 0.0204540428129563
v 0.0926296116785811 1.58132827351376 0.0204540428129563
v 0.0251535673797005 1.57499373009326 0.0204540428129563
v -0.0416644946985189 1.56944148442975 0.0204540428129563
v -0.107971443367471 1.5652908336408 0.0204540428129563
v -0.173624895385478 1.55978134240448 0.0204540428129563
v -0.239487935452217 1.54674788863589 0.0204540428129563
v -0.306502138431678 1.52092903021103 0.0204540428129563
v -0.412496556379392 1.58897107722671 0.0204540428129563
v -0.477385807231955 1.56112140161084 0.0204540428129563
v -0.541335974297946 1.55991607958154 0.0204540428129563
v -0.613580270855944 1.55507888563327 0.0204540428129563
v -0.674655093157343 1.54121628668598 0.0204540428129563
v -0.731483400842101 1.53037297232638 0.0204540428129563
v -0.785135481040657 1.52067860408992 0.0204540428129563
v -0.836052426416709 1.5079820795134 0.0204540428129563
v -0.895237691134687 1.49635232985138 0.0204540428129563
v -0.953472077098917 1.48069219873695 0.0204540428129563
v -0.992149555287909 1.46567552672153 0.0204540428129563
v 0.290873976635453 1.49924651918365 0.0204540428129563
v 0.203349930923806 1.49835597417878 0.0204540428129563
v 0.131034476470778 1.4851310354609 0.0204540428129563
v 0.0651071302428066 1.47561002373947 0.0204540428129563
v -0.00126268853936517 1.47016491940467 0.0204540428129563
v -0.0675490732171791 1.46551535367194 0.0204540428129563
v -0.13347844416783 1.45913289131436 0.0204540428129563
v -0.200032346659856 1.44517973235139 0.0204540428129563
v -0.267376409227356 1.41971128429097 0.0204540428129563
v -0.374281468311907 1.48706773341701 0.0204540428129563
v -0.439549611587907 1.45522523414219 0.0204540428129563
v -0.524086822134776 1.47810871615041 0.0204540428129563
v -0.584395694173905 1.45746250417691 0.0204540428129563
v -0.640579701923169 1.44313282253434 0.0204540428129563
v -0.695021747183215 1.43293344837627 0.0204540428129563
v -0.748302031162885 1.42341150727116 0.0204540428129563
v -0.802907127579453 1.41313230802654 0.0204540428129563
v -0.857526393680764 1.40078150533737 0.0204540428129563
v -0.909129604638169 1.38919385120989 0.0204540428129563
v -0.951284320867546 1.37067368565331 0.0204540428129563
v -0.995501223029004 1.3511999443312 0.0204540428129563
v 0.303570533812269 1.40150761015906 0.0204540428129563
v 0.224726178879759 1.40059799621002 0.0204540428129563
v 0.169684947023656 1.38363404922526 0.0204540428129563
v 0.104862654227032 1.37755327120537 0.0204540428129563
v 0.03759114409434 1.37113700687517 0.0204540428129563
v -0.028533832850109 1.36599542019693 0.0204540428129563
v -0.0949917175687012 1.35906926607188 0.0204540428129563
v -0.16196115084215 1.34436924108354 0.0204540428129563
v -0.228703543846514 1.3188212925657 0.0204540428129563
v -0.333468000865672 1.38613936995406 0.0204540428129563
v -0.390430546298419 1.343295116272 0.0204540428129563
v -0.485337622384745 1.38993683245739 0.0204540428129563
v -0.545658104197668 1.36185992741992 0.0204540428129563
v -0.60355754952068 1.3453725880197 0.0204540428129563
v -0.658928192609894 1.33484151702404 0.0204540428129563
v -0.713345605693523 1.32611499003755 0.0204540428129563
v -0.767329371509505 1.31633301363676 0.0204540428129563
v -0.820148760023509 1.30542687342826 0.0204540428129563
v -0.868830955873389 1.29203347895508 0.0204540428129563
v -0.916150553580242 1.27722283504603 0.0204540428129563
v -0.957778464555419 1.25536386991015 0.0204540428129563
v -0.999409316533808 1.23713522694167 0.0204540428129563
v 0.285243447303806 1.30037663206098 0.0204540428129563
v 0.214722267223296 1.2909860217768 0.0204540428129563
v 0.141149398045774 1.28019169758791 0.0204540428129563
v 0.075375558572747 1.27138979298352 0.0204540428129563
v 0.00875497866363127 1.26745396580038 0.0204540428129563
v -0.0588859297140452 1.25940261771149 0.0204540428129563
v -0.126285845693254 1.24351779473473 0.0204540428129563
v -0.192495860575915 1.21711163418389 0.0204540428129563
v -0.292331193236193 1.2822268793429 0.0204540428129563
v -0.354549819146144 1.23871300576675 0.0204540428129563
v -0.450076010780513 1.29397442637551 0.0204540428129563
v -0.511048651442547 1.26401717827417 0.0204540428129563
v -0.568943490912756 1.2463579561989 0.0204540428129563
v -0.624387416537196 1.23630688732241 0.0204540428129563
v -0.678966261601243 1.22840474156723 0.0204540428129563
v -0.733135689285875 1.21935156686438 0.0204540428129563
v -0.785517592256202 1.20807337779587 0.0204540428129563
v -0.836095418238604 1.19501381018573 0.0204540428129563
v -0.884137348009955 1.17744689882977 0.0204540428129563
v -0.931949841615485 1.15864557326458 0.0204540428129563
v -0.974760287229557 1.13492038122657 0.0204540428129563
v -1.01718913888053 1.12561621453065 0.0204540428129563
v 0.307644704844459 1.1990923038728 0.0204540428129563
v 0.232521106651187 1.19636155424437 0.0204540428129563
v 0.176703778799083 1.17596849628389 0.0204540428129563
v 0.112378835227421 1.17375299757879 0.0204540428129563
v 0.0428251610956375 1.1700617094472 0.0204540428129563
v -0.0269862036543346 1.15925435019224 0.0204540428129563
v -0.093655173795519 1.14173034841361 0.0204540428129563
v -0.160706623239099 1.11655303711703 0.0204540428129563
v -0.258186369370352 1.18009901958966 0.0204540428129563
v -0.323335661212663 1.13720606341237 0.0204540428129563
v -0.417334875144843 1.19531246719643 0.0204540428129563
v -0.478249627275661 1.1639172331568 0.0204540428129563
v -0.53552075915132 1.14613279005549 0.0204540428129563
v -0.591231180304557 1.13772612768444 0.0204540428129563
v -0.64768349845609 1.13077151247008 0.0204540428129563
v -0.703219296237973 1.12143690042544 0.0204540428129563
v -0.757406303634943 1.10987672382419 0.0204540428129563
v -0.810571778683554 1.09649663121777 0.0204540428129563
v -0.864978724974398 1.07826706972918 0.0204540428129563
v -0.918249667218015 1.05510584081339 0.0204540428129563
v -0.97176965467679 1.03365080944476 0.0204540428129563
v -1.0100246853672 1.00442448708759 0.0204540428129563
v 0.287983193827245 1.09568398224208 0.0204540428129563
v 0.219215707409157 1.07786816242165 0.0204540428129563
v 0.144999392771727 1.07972494261525 0.0204540428129563
v 0.0686508351108048 1.07285547110722 0.0204540428129563
v 0.00235614652165835 1.05598726101664 0.0204540428129563
v -0.0638037628179803 1.04021664348569 0.0204540428129563
v -0.132096711424187 1.01864809910359 0.0204540428129563
v -0.228601266300128 1.079867554243 0.0204540428129563
v -0.295587845421699 1.03703176839362 0.0204540428129563
v -0.38723035359725 1.09488847979128 0.0204540428129563
v -0.44715104626547 1.06058357710718 0.0204540428129563
v -0.504061308213862 1.04526190209759 0.0204540428129563
v -0.565174622131211 1.04007295167035 0.0204540428129563
v -0.624675929159554 1.03211523785948 0.0204540428129563
v -0.681668310555638 1.02207980828237 0.0204540428129563
v -0.737039450797827 1.01019133765027 0.0204540428129563
v -0.792728971189392 0.999924253261888 0.0204540428129563
v -0.850367826032427 0.97926770520939 0.0204540428129563
v -0.899734985555669 0.95508231570481 0.0204540428129563
v -0.943625525358055 0.934393005431937 0.0204540428129563
v -0.982113168445532 0.902842222194002 0.0204540428129563
v -1.01789358582563 0.875069191948221 0.0204540428129563
v 0.313795095350907 0.985286216626934 0.0204540428129563
v 0.235708487123721 0.976264850242998 0.0204540428129563
v 0.15594956949325 0.989669319353286 0.0204540428129563
v 0.0971340563048217 0.968122212937364 0.0204540428129563
v 0.0306756312803856 0.952092601198616 0.0204540428129563
v -0.035833881575441 0.940221712376494 0.0204540428129563
v -0.109560763632522 0.925454184508031 0.0204540428129563
v -0.202107371824031 0.981209637657353 0.0204540428129563
v -0.265137923048131 0.937830709175408 0.0204540428129563
v -0.358911375967756 0.992421462831618 0.0204540428129563
v -0.415487542743269 0.952662443965278 0.0204540428129563
v -0.487691158876731 0.948972447437402 0.0204540428129563
v -0.55337248230888 0.941466292884837 0.0204540428129563
v -0.614424155414717 0.931495160437168 0.0204540428129563
v -0.671772465951063 0.920591672025609 0.0204540428129563
v -0.7274086380699 0.908631794804414 0.0204540428129563
v -0.784919844509058 0.90579848144119 0.0204540428129563
v -0.828582916310441 0.876183930459049 0.0204540428129563
v -0.873758565147634 0.855139907155201 0.0204540428129563
v -0.916590243689246 0.830009252863565 0.0204540428129563
v -0.960314378559454 0.802840263873017 0.0204540428129563
v -0.999773789916332 0.769309706127347 0.0204540428129563
v -1.02945059009669 0.73653697807868 0.0204540428129563
v 0.307870423784985 0.873672655226356 0.0204540428129563
v 0.208221415074154 0.890092191677692 0.0204540428129563
v 0.127512965261267 0.870592186204042 0.0204540428129563
v 0.0589229071804992 0.845358474822929 0.0204540428129563
v -0.021803832138389 0.846361732992782 0.0204540428129563
v -0.097022000591097 0.83473828676827 0.0204540428129563
v -0.17734318249499 0.879243672795172 0.0204540428129563
v -0.229035729147256 0.835109508802839 0.0204540428129563
v -0.317477814879291 0.890636583522052 0.0204540428129563
v -0.35846188026538 0.849196924495073 0.0204540428129563
v -0.424508974513074 0.856219396335421 0.0204540428129563
v -0.489096158288614 0.850276701913959 0.0204540428129563
v -0.552716504926626 0.841520432745419 0.0204540428129563
v -0.615469889839401 0.829703985147248 0.0204540428129563
v -0.678006073344754 0.820259907679159 0.0204540428129563
v -0.745848952657512 0.812070635601619 0.0204540428129563
v -0.801773582092755 0.78034500606859 0.0204540428129563
v -0.852074418143517 0.752721407675095 0.0204540428129563
v -0.898591014813406 0.726642420699288 0.0204540428129563
v -0.942919082893599 0.696355220878523 0.0204540428129563
v -0.98407502137457 0.664538131897485 0.0204540428129563
v -1.01753896209624 0.629784313895846 0.0204540428129563
v -1.04333954166616 0.596262273271479 0.0204540428129563
v 0.294475401057168 0.783869829358176 0.0204540428129563
v 0.216297990964245 0.794110255201821 0.0204540428129563
v 0.160161994246167 0.765002871027255 0.0204540428129563
v 0.10761925784942 0.740156780220422 0.0204540428129563
v 0.0364625405910065 0.752267350739873 0.0204540428129563
v -0.0402971522891122 0.750599154652294 0.0204540428129563
v -0.12917484984135 0.76620564461885 0.0204540428129563
v -0.193161428415976 0.745727127920439 0.0204540428129563
v -0.275993807629097 0.773673615075893 0.0204540428129563
v -0.347119285119278 0.759396039070561 0.0204540428129563
v -0.416062871965633 0.758566949494964 0.0204540428129563
v -0.482732509669001 0.752159575535629 0.0204540428129563
v -0.547682828393134 0.742583920121022 0.0204540428129563
v -0.611381113180803 0.728827501574099 0.0204540428129563
v -0.672411589283557 0.727911655317574 0.0204540428129563
v -0.738283446089406 0.713128464516329 0.0204540428129563
v -0.792957407104429 0.676667014365593 0.0204540428129563
v -0.84135758578633 0.648922204059243 0.0204540428129563
v -0.891935846594161 0.622828376450709 0.0204540428129563
v -0.940362152171701 0.58910982000701 0.0204540428129563
v -0.982337120075255 0.550597739215967 0.0204540428129563
v -1.01816362041991 0.521574582474576 0.0204540428129563
v -1.04472612055211 0.465975734273187 0.0204540428129563
v -1.0593768940825 0.359561784681393 0.0204540428129563
v 0.255182853716586 0.682848442432548 0.0204540428129563
v 0.190429258288774 0.655921454215833 0.0204540428129563
v 0.113979490955774 0.650926116302505 0.0204540428129563
v 0.0373251878442158 0.658856759966155 0.0204540428129563
v -0.0422477749666097 0.665853988663575 0.0204540428129563
v -0.114390393660194 0.665937700655041 0.0204540428129563
v -0.194684895491363 0.666601692597989 0.0204540428129563
v -0.265352649537182 0.673788267085244 0.0204540428129563
v -0.336983697792243 0.666824927899111 0.0204540428129563
v -0.405674219699518 0.662791222019999 0.0204540428129563
v -0.472682416809481 0.655685091968568 0.0204540428129563
v -0.538379898398273 0.645293088019078 0.0204540428129563
v -0.601118196818277 0.626153175713981 0.0204540428129563
v -0.672894515968979 0.644983653095389 0.0204540428129563
v -0.731583493777891 0.612358837969219 0.0204540428129563
v -0.784253817824036 0.571580034949359 0.0204540428129563
v -0.843681331710207 0.550555981281127 0.0204540428129563
v -0.899967373793461 0.520309991668432 0.0204540428129563
v -0.95148937856267 0.478864051076079 0.0204540428129563
v -0.993029355957993 0.435522100704187 0.0204540428129563
v -1.02175362123262 0.417010632136991 0.0204540428129563
v -1.04804452687023 0.346301087937866 0.0204540428129563
v -1.07659372659906 0.275668184859468 0.0204540428129563
v -1.0878812474659 0.208035365147834 0.0204540428129563
v 0.26644380026027 0.55829845348742 0.0204540428129563
v 0.195236398368097 0.557010491396828 0.0204540428129563
v 0.12006857905159 0.562722890705291 0.0204540428129563
v 0.042876065010016 0.57048253518196 0.0204540428129563
v -0.0323670033387637 0.573583090279475 0.0204540428129563
v -0.10824438752672 0.57586694529591 0.0204540428129563
v -0.183477766248471 0.577792408404588 0.0204540428129563
v -0.255429181164238 0.578408333273962 0.0204540428129563
v -0.326193670038278 0.573129949805983 0.0204540428129563
v -0.394349475759051 0.567704922909221 0.0204540428129563
v -0.46018694129168 0.560426693438765 0.0204540428129563
v -0.523282588909878 0.550908657783725 0.0204540428129563
v -0.58144195117098 0.519720669436098 0.0204540428129563
v -0.651189792391976 0.560669194835373 0.0204540428129563
v -0.706213493907294 0.52216749200001 0.0204540428129563
v -1.03515037118511 0.320380891986268 0.0204540428129563
v -1.07934340565352 0.23331436752123 0.0204540428129563
v -1.11349901087548 0.172275171839398 0.0204540428129563
v -1.15230320209422 0.0621585879383661 0.0204540428129563
v -1.22058029749252 0.0621585879383661 0.0384033814729935
v 0.272275449206293 0.457366243740847 0.0204540428129563
v 0.202145845892005 0.465262860815333 0.0204540428129563
v 0.126947625194651 0.478675194320775 0.0204540428129563
v 0.048723471752574 0.481472145847817 0.0204540428129563
v -0.0265310665833999 0.483622024665767 0.0204540428129563
v -0.103678181700738 0.487070736096087 0.0204540428129563
v -0.178665068671996 0.487106028832892 0.0204540428129563
v -0.250795548871123 0.484487839663685 0.0204540428129563
v -0.32071868638917 0.478952808463051 0.0204540428129563
v -0.387729547972398 0.472601801199671 0.0204540428129563
v -0.451650571758299 0.465127916230067 0.0204540428129563
v -0.512948681979328 0.455618083343006 0.0204540428129563
v -0.577416889912212 0.421227758709655 0.0204540428129563
v -0.639984340802584 0.466799159672629 0.0204540428129563
v -1.16769055429039 0.129307895158688 0.0204540428129563
v -1.24992923671897 0.0621585879383661 0.0204540428129563
v -1.33326667755994 0.0621585879383661 0.0332662725993527
v -1.44855232431913 0.0621585879383661 0.0474685333261447
v 0.580230889685135 0.268928439977133 0.0515711123909165
v 0.463205054386523 0.268928439977133 0.0361135729467818
v 0.366799951176832 0.268928439977133 0.0204540428129563
v 0.280339685315572 0.36602101231214 0.0204540428129563
v 0.20698687001565 0.383907671787721 0.0204540428129563
v 0.130056800280168 0.401029574072248 0.0204540428129563
v 0.0504815246493448 0.392426980819648 0.0204540428129563
v -0.0316678160268271 0.399158958789955 0.0204540428129563
v -0.109238633985567 0.399358923173163 0.0204540428129563
v -0.183638872546846 0.396898319573124 0.0204540428129563
v -0.255538366457941 0.392261878296937 0.0204540428129563
v -0.325116061277941 0.385821675340758 0.0204540428129563
v -0.391700908391995 0.378346186953334 0.0204540428129563
v -0.454415473017094 0.369375505421868 0.0204540428129563
v -0.515163213185836 0.366173984488496 0.0204540428129563
v -1.3831711408783 0.0621585879383661 0.0204540428129563
v -1.5047435066092 0.0621585879383661 0.0204540428129563
v -1.57971867549797 0.0621585879383661 0.0474541830493361
v -1.70310972960414 0.0621585879383661 0.0443895610041671
v -1.82968427934889 0.0621585879383661 0.0465226642027572
v -1.95150318234665 0.0621585879383661 0.0469693773151711
v -2.06743153153586 0.0621585879383661 0.0482994435439721
v -2.17816289322581 0.0621585879383661 0.0510899557170637
v -2.28475177862304 0.0621585879383661 0.0548614540099031
v -2.38804950528351 0.0621585879383661 0.0592990335893329
v -2.48868499825582 0.0621585879383661 0.0644016762560579
v -2.58720760968531 0.0621585879383661 0.0702023308701901
v -2.6842285638967 0.0621585879383661 0.0765484946040482
v -2.78040263024015 0.0621585879383661 0.0830880182391094
v -2.87641562075143 0.0621585879383661 0.0892984835265414
v -2.97293741082804 0.0621585879383661 0.0945268120437094
v -3.07056574191751 0.0621585879383661 0.0982123338751724
v -3.16971147454025 0.0621585879383661 0.100311006085693
v -3.27042933577966 0.0621585879383661 0.102340725095425
v -3.3739610624046 0.0621585879383661 0.106629294705945
v -3.48444590252929 0.0621585879383661 0.0897311847819845
v -3.59169109061522 0.0621585879383661 0.0773916723822699
v -3.69630337580213 0.0621585879383661 0.0762956788932901
v -3.79484083309021 0.0621585879383661 0.0781921497377312
v 3.52174353600563 0.0442865433950194 0.0204540428129563
v 3.43386468724694 0.0693602707409644 0.0204540428129563
v 3.33757037767373 0.0859741784841066 0.0204540428129563
v 3.24065737943975 0.104187148803896 0.0204540428129563
v 3.14356762627405 0.129358991287785 0.0204540428129563
v 3.04055253768376 0.144957647829016 0.0204540428129563
v 2.94375409075223 0.167554771305077 0.0204540428129563
v 2.84937538880543 0.195455980494561 0.0204540428129563
v 2.75664432193106 0.224997385872326 0.0204540428129563
v 2.66180212076431 0.268928439977133 0.0204540428129563
v 2.57343199561726 0.268928439977133 0.0292125198863016
v 2.46517819352961 0.268928439977133 0.0298103037179239
v 2.35695242354653 0.268928439977133 0.0306437037808684
v 2.24871549232266 0.268928439977133 0.0305016912061305
v 2.14134976354365 0.268928439977133 0.0313468666834998
v 2.03414305540188 0.268928439977133 0.0317218172096244
v 1.9280701355547 0.268928439977133 0.0327788978250917
v 1.82289044969681 0.268928439977133 0.0344628024698596
v 1.71826745001583 0.268928439977133 0.0369142367670814
v 1.61726248135288 0.268928439977133 0.0437638231016551
v 1.51526559195601 0.268928439977133 0.0504692677025224
v 1.41118476018388 0.268928439977133 0.0523559611817775
v 1.3208375830334 0.268928439977133 0.0577787344667314
v 1.2396768404175 0.268928439977133 0.0479661747496383
v 1.13875329464661 0.268928439977133 0.0519317455170527
v 1.03636544662687 0.268928439977133 0.0640723946483536
v 0.942611637741681 0.268928439977133 0.0643328141904672
v 0.838239284675251 0.268928439977133 0.0703399702960937
v 0.713126605750415 0.268928439977133 0.0644486006205732
v 0.285953004248291 0.300329538105078 0.0204540428129563
v 0.206787262229471 0.310881881944485 0.0204540428129563
v 0.137042282414646 0.331126623423678 0.0204540428129563
v -3.88105863078768 0.0621585879383661 0.0943296542029206
v -3.95086729075587 0.0621585879383661 0.0733790490917823
v -4.04256066160996 0.0621585879383661 0.093138674730137
v -4.13513506764222 0.0621585879383661 0.0881528933250155
v 3.96464588717883 -0.0644445222986678 0.0204540428129563
v 3.84690834235449 -0.0332764060956836 0.0204540428129563
v 3.72536125523717 -0.0141760566392452 0.0204540428129563
v 3.60819080124707 0.00409635032290061 0.0204540428129563
v -4.22134481228577 0.0621585879383661 0.0783187710710693
v 4.14135586531621 -0.115162104241821 0.0464330966075265
v 4.07449868215728 -0.115162104241821 0.0447964315744375
v 4.00676696461952 -0.115162104241821 0.0487728177357737
v 3.96464588717883 -0.115162104241821 0.0204540428129563
v 3.4951516097803 0.0168922247561428 0.0204540428129563
v 3.3945988359069 0.0384914097230312 0.0204540428129563
v 3.29819373046176 0.0543915056901483 0.0204540428129563
v 3.20745328108608 0.0711282362225914 0.0204540428129563
v 3.12790386188151 0.0966252965460903 0.0204540428129563
v -4.28086835425081 0.0621585879383661 0.0912246846851691
v 4.2404592822907 -0.115162104241821 0.0779671701484114
v 4.20598645703307 -0.115162104241821 0.0632701686653395
v -4.28086835425081 -0.0758158042784623 0.0646667069753475
v -4.28086835425081 -0.17940793927242 0.0990696063798713
v 4.2404592822907 -0.137408765536431 0.0825300858604012
v 4.2404592822907 -0.171320474760556 0.066082072358012
v -4.28086835425081 -0.463614958188786 0.0521880481347977
v 4.2404592822907 -0.192778405228666 0.046535992635151
v -4.28086835425081 -0.547031025449289 0.0872728813137019
v 4.2404592822907 -0.21304280900785 0.0605736984429266
v -4.28086835425081 -0.66268085207565 0.113863619194482
v -4.28086835425081 -0.657622141700847 0.0560362270345059
v 4.2404592822907 -0.25077106964472 0.0204540428129563
v 4.19020057595371 -0.25077106964472 0.0436406146848034
v -4.28086835425081 -0.811990665752451 0.0983937317856838
v 4.13571080968281 -0.25077106964472 0.0413423274432391
v 4.08817064292644 -0.25077106964472 0.0204540428129563
v 4.06589902356744 -0.25077106964472 0.0204540428129563
v 3.96588892633329 -0.273020008388687 0.0204540428129563
v -4.28086835425081 -0.969150745077774 0.105364634628052
v 3.90070975869932 -0.291664146517053 0.0204540428129563
v 3.80061907971394 -0.301740964395269 0.0204540428129563
v 3.70259792101832 -0.315936262839757 0.0204540428129563
v 3.61727677058182 -0.316524693019898 0.0204540428129563
v 3.53028773316814 -0.323709939003272 0.0204540428129563
v 3.43300099768051 -0.327911522781088 0.0204540428129563
v 3.33315738123509 -0.335476211332877 0.0204540428129563
v 3.23073812447412 -0.347850410618816 0.0204540428129563
v 3.12246314204101 -0.370220610239727 0.0204540428129563
v -4.28086835425081 -1.09858866963702 0.101855589324465
v 3.61099524589966 -0.340248050881861 0.0204540428129563
v 3.49789748050609 -0.350274601238633 0.0204540428129563
v 3.39425369804083 -0.359796987900508 0.0204540428129563
v 3.29538734137992 -0.371011934255671 0.0204540428129563
v 3.20105113436546 -0.3853661255008 0.0204540428129563
v 3.11797120480951 -0.408730368131668 0.0204540428129563
v 3.03776166299348 -0.425162773626267 0.0204540428129563
v 2.94550813969912 -0.459169947980085 0.0204540428129563
v 2.85031656974048 -0.50272646810549 0.0204540428129563
v 2.75523853715239 -0.554021636213477 0.0204540428129563
v 2.66644547878875 -0.592313981274614 0.0204540428129563
v 2.57882181637186 -0.615065135009973 0.0204540428129563
v 2.50218929801949 -0.643116763973995 0.0204540428129563
v 2.4231767651478 -0.643116763973995 0.0253185497428362
v 2.3340263285008 -0.643116763973995 0.0346628460013043
v 2.24585437037778 -0.643116763973995 0.0422680668604368
v 2.15340518108404 -0.643116763973995 0.0438068113281852
v 2.05923959820193 -0.643116763973995 0.04438904547779
v 1.96179356624915 -0.643116763973995 0.0435295115516619
v 1.8632872782262 -0.643116763973995 0.0415659824490142
v 1.76447381257448 -0.643116763973995 0.0385319072890117
v 1.66354819035526 -0.643116763973995 0.0482179934794662
v 1.55579374446931 -0.643116763973995 0.0575851276034523
v 1.45259947570975 -0.643116763973995 0.0493162796160323
v 1.35207643064569 -0.643116763973995 0.0434204365793995
v 1.25088431028991 -0.643116763973995 0.0409576497199896
v 1.14838369455403 -0.643116763973995 0.0403602168953679
v 1.04676370568669 -0.643116763973995 0.0312887399207329
v 0.936203863318064 -0.643116763973995 0.0295773965321234
v 0.841207834272005 -0.643116763973995 0.0263868493112681
v -3.87180027709255 -1.09858866963702 0.0982656447585141
v -3.98791575767668 -1.09858866963702 0.104578987986082
v -4.07912952188225 -1.09858866963702 0.106226726745879
v -4.16405293108513 -1.09858866963702 0.112727548746242
v 0.766320195550801 -0.643116763973995 0.0293337835645477
v 0.680445893047176 -0.643116763973995 0.0204540428129563
v 0.606643181985191 -0.667549376887061 0.0204540428129563
v 0.529546708065526 -0.677140403461121 0.0204540428129563
v 0.450067864685112 -0.700771729829163 0.0204540428129563
v 0.352035459593661 -0.723248885318333 0.0204540428129563
v -1.77058991101467 -1.09858866963702 0.046909490174186
v -1.86558023597025 -1.09858866963702 0.0623475911605014
v -1.95148493866685 -1.09858866963702 0.0687711829662196
v -2.04552762108292 -1.09858866963702 0.0669895712900842
v -2.1423691104914 -1.09858866963702 0.0635532531174364
v -2.23973610711408 -1.09858866963702 0.0601011121886684
v -2.33683852693235 -1.09858866963702 0.0575279565933025
v -2.43343793400426 -1.09858866963702 0.0561677171641154
v -2.52943012855355 -1.09858866963702 0.0559064222698852
v -2.62475178340304 -1.09858866963702 0.0566281389449305
v -2.71933029439976 -1.09858866963702 0.0582464482648155
v -2.81307883798612 -1.09858866963702 0.0606555223746359
v -2.90594303614001 -1.09858866963702 0.063639232490865
v -2.99788808959797 -1.09858866963702 0.066832723086327
v -3.08863920087338 -1.09858866963702 0.069694261354924
v -3.1765170088929 -1.09858866963702 0.0714868971319133
v -3.25342526213983 -1.09858866963702 0.0816323312691276
v -3.33777054780542 -1.09858866963702 0.0788032151949872
v -3.42884931236975 -1.09858866963702 0.0927036265036083
v -3.53436785898453 -1.09858866963702 0.0988181008994906
v -3.63629740133171 -1.09858866963702 0.0970737165075381
v -3.74750253236842 -1.09858866963702 0.102147905979145
v 0.541366950768422 -0.735502049025681 0.0204540428129563
v 0.448235045282412 -0.771613106410688 0.0204540428129563
v 0.365185225969919 -0.802701460868834 0.0204540428129563
v 0.280443841317192 -0.796423230353375 0.0204540428129563
v 0.190239570778158 -0.804984796749713 0.0204540428129563
v 0.0979165261033242 -0.817827771755144 0.0204540428129563
v 0.00872982511708553 -0.826375996567987 0.0204540428129563
v -0.0779214960007038 -0.831864128364424 0.0204540428129563
v -0.163060486182028 -0.835730822437891 0.0204540428129563
v -0.248016476495544 -0.839402985077647 0.0204540428129563
v -0.334794832272489 -0.844827382764127 0.0204540428129563
v -0.425962105289477 -0.856609762316972 0.0204540428129563
v -1.49716389803136 -1.02618801844452 0.0204540428129563
v -1.5729127991132 -1.0377309935909 0.0204540428129563
v -1.66521080319317 -1.09858866963702 0.0204540428129563
v 0.529681719665457 -0.82404977811054 0.0204540428129563
v 0.43051999096507 -0.868540228234244 0.0204540428129563
v 0.332857461783019 -0.886200155472441 0.0204540428129563
v 0.243135257003297 -0.885901797371213 0.0204540428129563
v 0.152437895351539 -0.894355541579881 0.0204540428129563
v 0.0642349776635505 -0.905003633709611 0.0204540428129563
v -0.0219045573673586 -0.911542029288488 0.0204540428129563
v -0.106331974240323 -0.915498957812808 0.0204540428129563
v -0.18924269962249 -0.917974115983769 0.0204540428129563
v -0.270758750239092 -0.91998378610604 0.0204540428129563
v -0.349862108002387 -0.92271102194003 0.0204540428129563
v -0.421771885994295 -0.938546365092262 0.0204540428129563
v -0.494481145036524 -0.921118137532479 0.0204540428129563
v -0.585647919364994 -0.934965865685411 0.0204540428129563
v -1.3268010391885 -0.999660261257235 0.0204540428129563
v -1.41029708306726 -1.01707889197214 0.0204540428129563
v -1.48692410184629 -1.07086857879116 0.0204540428129563
v -1.57759688507297 -1.09858866963702 0.0204540428129563
v 0.50074425560807 -0.935111876913108 0.0204540428129563
v 0.398388493962005 -0.969835208079082 0.0204540428129563
v 0.306423455580033 -0.973591044677876 0.0204540428129563
v 0.212255483241016 -0.97460466046477 0.0204540428129563
v 0.124903737245468 -0.986500239919357 0.0204540428129563
v 0.0399250297260037 -0.993572970909316 0.0204540428129563
v -0.0438441570191062 -0.997688912530346 0.0204540428129563
v -0.125827186422261 -1.00019643115839 0.0204540428129563
v -0.205824479132434 -1.00141048250229 0.0204540428129563
v -0.283884919339707 -1.00304143232061 0.0204540428129563
v -0.360308614842398 -1.0087967157884 0.0204540428129563
v -0.442932437033968 -1.01243340289568 0.0204540428129563
v -0.520719470402111 -0.989521809626371 0.0204540428129563
v -0.587577432645371 -1.01419042030045 0.0204540428129563
v -0.663024274383582 -0.985309600575805 0.0204540428129563
v -1.1372014806758 -1.00815643444586 0.0204540428129563
v -1.22418892810705 -1.00377308448374 0.0204540428129563
v -1.294794025396 -1.03718683345422 0.0204540428129563
v -1.39256529659016 -1.05867264151507 0.0204540428129563
v -1.47357102662282 -1.09858866963702 0.0204540428129563
v 0.543006700735845 -1.11392784591653 0.0204540428129563
v 0.466283391465576 -1.04284780268147 0.0204540428129563
v 0.364392758106064 -1.07417678841743 0.0204540428129563
v 0.276258860878562 -1.05196478049446 0.0204540428129563
v 0.190485482120053 -1.06859229943672 0.0204540428129563
v 0.106472824557438 -1.07713014900967 0.0204540428129563
v 0.0229481219932599 -1.07990691469777 0.0204540428129563
v -0.0592698567330873 -1.08296089246578 0.0204540428129563
v -0.138473395739042 -1.083959342943 0.0204540428129563
v -0.215366071812343 -1.08429216097156 0.0204540428129563
v -0.289518431487508 -1.08728314093175 0.0204540428129563
v -0.360428789444964 -1.08645674313851 0.0204540428129563
v -0.42913029848029 -1.0920680890252 0.0204540428129563
v -0.50381482371827 -1.07164475256724 0.0204540428129563
v -0.569550129158836 -1.08975505127168 0.0204540428129563
v -0.639927290687474 -1.06789934619585 0.0204540428129563
v -0.70648768269918 -1.04694644755528 0.0204540428129563
v -0.777389647191801 -1.03945658385768 0.0204540428129563
v -0.855554202541991 -1.03850581138244 0.0204540428129563
v -0.937951701710291 -1.03582069103373 0.0204540428129563
v -1.0266021642405 -1.03339869241275 0.0204540428129563
v -1.10109035855383 -1.04269059305124 0.0204540428129563
v -1.20108023445027 -1.04748113489668 0.0204540428129563
v -1.3029262377003 -1.07205879311848 0.0204540428129563
v -1.38782759507717 -1.09858866963702 0.0204540428129563
v 0.446705478343428 -1.14397961947813 0.0204540428129563
v 0.347215702534014 -1.18093419284246 0.0204540428129563
v 0.269584128660823 -1.13938444863211 0.0204540428129563
v 0.177651207159991 -1.15935719192126 0.0204540428129563
v 0.0891690553899128 -1.16329336314229 0.0204540428129563
v 0.00527543731014785 -1.16458587912131 0.0204540428129563
v -0.0745608382893458 -1.16835594711971 0.0204540428129563
v -0.14914900068858 -1.16582732054846 0.0204540428129563
v -0.224972821067277 -1.16679967192357 0.0204540428129563
v -0.292454867943409 -1.17094035602316 0.0204540428129563
v -0.358750710523059 -1.16953689946958 0.0204540428129563
v -0.446193769143971 -1.1595983672437 0.0204540428129563
v -0.514640916641446 -1.15727478421929 0.0204540428129563
v -0.589525102503058 -1.15530931646812 0.0204540428129563
v -0.655754493233007 -1.13221793694524 0.0204540428129563
v -0.719667283074475 -1.11096275514175 0.0204540428129563
v -0.787704081481011 -1.09643782042569 0.0204540428129563
v -0.861661525721912 -1.08538831415928 0.0204540428129563
v -0.940272845670327 -1.07504845589286 0.0204540428129563
v -1.01905217090697 -1.07552677083058 0.0204540428129563
v -1.11207932516606 -1.07407068418935 0.0204540428129563
v -1.20975543723698 -1.07782161669005 0.0204540428129563
v -1.29574660242337 -1.09858866963702 0.0204540428129563
v 0.622049541220225 -1.28807506177719 0.0204540428129563
v 0.534923868988384 -1.21646742753337 0.0204540428129563
v 0.435459203053568 -1.24288383870159 0.0204540428129563
v 0.333367118785963 -1.27308108716359 0.0204540428129563
v 0.241881159668231 -1.23829278727329 0.0204540428129563
v 0.144276620601168 -1.24585340338517 0.0204540428129563
v 0.0554779563382543 -1.24864404604323 0.0204540428129563
v -0.0258612632489766 -1.25156720004515 0.0204540428129563
v -0.0988050438918652 -1.25665261471866 0.0204540428129563
v -0.16741005494035 -1.24564178758753 0.0204540428129563
v -0.23592718488241 -1.25471654785865 0.0204540428129563
v -0.313505557651293 -1.25488882616824 0.0204540428129563
v -0.387500772670061 -1.23165790687589 0.0204540428129563
v -0.456792240747133 -1.23540211398048 0.0204540428129563
v -0.525935219078588 -1.23086421212231 0.0204540428129563
v -0.593817532557907 -1.21915951131137 0.0204540428129563
v -0.655910273259488 -1.19442760415997 0.0204540428129563
v -0.717248101136974 -1.16781410799073 0.0204540428129563
v -0.78270454387363 -1.14378032670279 0.0204540428129563
v -0.854054145286753 -1.1230422750432 0.0204540428129563
v -0.930723508177021 -1.1084682422255 0.0204540428129563
v -1.01827649673127 -1.10018682321241 0.0204540428129563
v -1.120392590848 -1.09984028115175 0.0204540428129563
v -1.19909590180568 -1.09858866963702 0.0204540428129563
v 0.524319094159653 -1.3173309767091 0.0204540428129563
v 0.419508711283259 -1.34002642324759 0.0204540428129563
v 0.330267921610782 -1.36316214939129 0.0204540428129563
v 0.248493655393695 -1.33854620191375 0.0204540428129563
v 0.169864168763664 -1.33194524741879 0.0204540428129563
v 0.0871722347158148 -1.3316190355729 0.0204540428129563
v 0.00136395685612668 -1.33474173130918 0.0204540428129563
v -0.076861648602409 -1.34322874337813 0.0204540428129563
v -0.158768405975407 -1.33310451301132 0.0204540428129563
v -0.240025495696164 -1.3334518929296 0.0204540428129563
v -0.31481858696664 -1.34456123401673 0.0204540428129563
v -0.383773585665507 -1.29852974747099 0.0204540428129563
v -0.458179022086102 -1.30584463181436 0.0204540428129563
v -0.526725474036662 -1.29927358569529 0.0204540428129563
v -0.589395430466812 -1.2821416326943 0.0204540428129563
v -0.646340659668645 -1.25176914343059 0.0204540428129563
v -0.703354657602088 -1.21502854683275 0.0204540428129563
v -0.76658137142218 -1.18015300504192 0.0204540428129563
v -0.834941695087879 -1.15051821297025 0.0204540428129563
v -0.908154530286864 -1.12533847852248 0.0204540428129563
v -0.985090861066917 -1.10521609672348 0.0204540428129563
v -1.09243977515131 -1.11447651831068 0.0204540428129563
v 0.622049541220225 -1.48263622224241 0.0204540428129563
v 0.622049541220225 -1.39913826738324 0.0204540428129563
v 0.484214123604731 -1.42098724269329 0.0204540428129563
v 0.371294439098188 -1.4433737940398 0.0204540428129563
v 0.269397671250345 -1.43648797350944 0.0204540428129563
v 0.185751220102507 -1.42754716972218 0.0204540428129563
v 0.10895683689223 -1.42512726417 0.0204540428129563
v 0.0386585264055947 -1.41421932562785 0.0204540428129563
v -0.0326507378289383 -1.42963808758327 0.0204540428129563
v -0.108148310402572 -1.4256475851641 0.0204540428129563
v -0.180314521454426 -1.41719956124903 0.0204540428129563
v -0.253145755863727 -1.41562266914106 0.0204540428129563
v -0.327860404449731 -1.42662776981617 0.0204540428129563
v -0.390723825855391 -1.37059508028309 0.0204540428129563
v -0.461927398769309 -1.37703830099176 0.0204540428129563
v -0.525203309092593 -1.36692512915365 0.0204540428129563
v -0.581445111626412 -1.34471320419383 0.0204540428129563
v -0.630560265455721 -1.30224677130843 0.0204540428129563
v -0.685869184456145 -1.25102699623159 0.0204540428129563
v -0.746976443814696 -1.20677705541524 0.0204540428129563
v -0.80846674195649 -1.16622650018508 0.0204540428129563
v -0.870720713134326 -1.12590691150134 0.0204540428129563
v -0.961226364276112 -1.11528810777288 0.0204540428129563
v 0.535359650479198 -1.50616838403871 0.0204540428129563
v 0.440045596717476 -1.51937645153282 0.0204540428129563
v 0.353711267606088 -1.53502441225055 0.0204540428129563
v 0.278709436359462 -1.52286357897704 0.0204540428129563
v 0.195623668647397 -1.52013672680686 0.0204540428129563
v 0.113860709921266 -1.51682435463022 0.0204540428129563
v 0.0316467297567417 -1.50757451941551 0.0204540428129563
v -0.0524214558482309 -1.51395247107046 0.0204540428129563
v -0.128751335767287 -1.50917566248684 0.0204540428129563
v -0.199870558414307 -1.50171874329375 0.0204540428129563
v -0.270394173799593 -1.49571397650597 0.0204540428129563
v -0.345483893619374 -1.50808393152378 0.0204540428129563
v -0.401398987574889 -1.44761536189533 0.0204540428129563
v -0.466278818719647 -1.45196040289313 0.0204540428129563
v -0.524497190414306 -1.43548804012145 0.0204540428129563
v -0.573477154744776 -1.40550081675609 0.0204540428129563
v -0.62296047652976 -1.33868141758272 0.0204540428129563
v -0.674686509420708 -1.27926278035315 0.0204540428129563
v -0.726876460349051 -1.22821216813112 0.0204540428129563
v -0.75623433045419 -1.1683680238363 0.0204540428129563
v -0.798496380323139 -1.09858866963702 0.0204540428129563
v 0.583272232514661 -1.67597726193536 0.0204540428129563
v 0.555269061747659 -1.59170728181335 0.0204540428129563
v 0.465448154249525 -1.6168852083299 0.0204540428129563
v 0.380172965780556 -1.6176087175273 0.0204540428129563
v 0.292014668565707 -1.61883834086828 0.0204540428129563
v 0.212380300529256 -1.61063944658171 0.0204540428129563
v 0.131355756850278 -1.60838132776354 0.0204540428129563
v 0.0531269097262436 -1.60451910247867 0.0204540428129563
v -0.019131638337392 -1.60279224044981 0.0204540428129563
v -0.0937229488517919 -1.60124934319681 0.0204540428129563
v -0.164483869172483 -1.5955238785775 0.0204540428129563
v -0.230725812643785 -1.58775208320546 0.0204540428129563
v -0.293463408655354 -1.57594685091968 0.0204540428129563
v -0.35747769015611 -1.59814610850944 0.0204540428129563
v -0.410784726996482 -1.53370754668253 0.0204540428129563
v -0.46720262848898 -1.53074613131681 0.0204540428129563
v -0.519023487460357 -1.50700658986134 0.0204540428129563
v -0.560250195423827 -1.49938076350893 0.0204540428129563
v -0.597751781869617 -1.43115163536965 0.0204540428129563
v -0.635459148554243 -1.37113091268028 0.0204540428129563
v -0.677843965737048 -1.31102182212442 0.0204540428129563
v -0.696383206415687 -1.26420625220152 0.0204540428129563
v -0.643652940034335 -1.09858866963702 0.0204540428129563
v 0.513346883392808 -1.69691450334936 0.0204540428129563
v 0.441439178901252 -1.72317754048166 0.0204540428129563
v 0.377415658184709 -1.70977507389177 0.0204540428129563
v 0.302442616364042 -1.7084739913933 0.0204540428129563
v 0.224484733045089 -1.70599641379412 0.0204540428129563
v 0.14916870292142 -1.69771295825636 0.0204540428129563
v 0.0689866388968251 -1.69950494730501 0.0204540428129563
v -0.000941656303046157 -1.70183005408336 0.0204540428129563
v -0.0737885500392065 -1.69396415593668 0.0204540428129563
v -0.145965842758114 -1.68954185461745 0.0204540428129563
v -0.218212605421853 -1.68153882936661 0.0204540428129563
v -0.289508088212767 -1.66795761718163 0.0204540428129563
v -0.361086198175874 -1.67926670250606 0.0204540428129563
v -0.420801691515048 -1.63164756488652 0.0204540428129563
v -0.472590087099464 -1.61073831044315 0.0204540428129563
v -0.520785304010178 -1.59324688162209 0.0204540428129563
v -0.569520965438782 -1.59511409985032 0.0204540428129563
v -0.60052813657009 -1.52966322925431 0.0204540428129563
v -0.631360613056098 -1.4659966253214 0.0204540428129563
v -0.658558306346509 -1.3915176442277 0.0204540428129563
v -0.643652940034335 -1.34022829478967 0.0204540428129563
v 0.580378990134706 -1.8710397656307 0.0204540428129563
v 0.542667478477823 -1.78535723250562 0.0204540428129563
v 0.459693186002538 -1.81403280448595 0.0204540428129563
v 0.379417288471267 -1.81032319853503 0.0204540428129563
v 0.306356605911179 -1.80391722795873 0.0204540428129563
v 0.233515215778832 -1.7989568250477 0.0204540428129563
v 0.15875030932495 -1.79499808783658 0.0204540428129563
v 0.090511918829601 -1.78286958654161 0.0204540428129563
v 0.0156979184902437 -1.80495830166685 0.0204540428129563
v -0.0602435281378096 -1.78835446291699 0.0204540428129563
v -0.130391360596154 -1.78466164380142 0.0204540428129563
v -0.201118941258585 -1.77556112421369 0.0204540428129563
v -0.27178181000008 -1.76554755382892 0.0204540428129563
v -0.335198078756884 -1.76459302755602 0.0204540428129563
v -0.401127285621188 -1.75033320498722 0.0204540428129563
v -0.447215006463923 -1.72072210378676 0.0204540428129563
v -0.491746493433036 -1.69841160554366 0.0204540428129563
v -0.538945073996254 -1.68499153897253 0.0204540428129563
v -0.589366582226294 -1.68935656918751 0.0204540428129563
v -0.617784438695966 -1.63995344742517 0.0204540428129563
v -0.639161917252461 -1.57059615307335 0.0204540428129563
v -0.643652940034335 -1.5057784726581 0.0204540428129563
v 0.508193988609612 -1.89258813003251 0.0204540428129563
v 0.436613808055219 -1.91936180249248 0.0204540428129563
v 0.373408602168541 -1.90346113943931 0.0204540428129563
v 0.302168956567565 -1.9020764855017 0.0204540428129563
v 0.232968429309402 -1.8969414339844 0.0204540428129563
v 0.16196226134675 -1.88391163987841 0.0204540428129563
v 0.076232147210607 -1.87705754934373 0.0204540428129563
v -0.00537121977475714 -1.91496562224511 0.0204540428129563
v -0.0538238957859548 -1.87559652206041 0.0204540428129563
v -0.122547135188932 -1.88638791176801 0.0204540428129563
v -0.184895908537077 -1.87151838279638 0.0204540428129563
v -0.256846507425492 -1.86007760828562 0.0204540428129563
v -0.321784552729924 -1.86164924024278 0.0204540428129563
v -0.383342069352363 -1.85570956161876 0.0204540428129563
v -0.436587545827897 -1.84047110447712 0.0204540428129563
v -0.479830243803409 -1.81348189878861 0.0204540428129563
v -0.526386663719906 -1.7853357649253 0.0204540428129563
v -0.582294097633379 -1.7782757837238 0.0204540428129563
v -0.630537800749896 -1.76233670770675 0.0204540428129563
v -0.643652940034335 -1.67009817254548 0.0204540428129563
v 0.57940504300767 -2.06806551526306 0.0204540428129563
v 0.539976910836912 -1.98155322137148 0.0204540428129563
v 0.455431367634382 -2.00989083640987 0.0204540428129563
v 0.374206934726841 -2.00463619487487 0.0204540428129563
v 0.30116527926656 -1.99672211239143 0.0204540428129563
v 0.227906312183198 -1.99786346839005 0.0204540428129563
v 0.165771105604527 -1.98826994347304 0.0204540428129563
v 0.104955002867983 -1.95789874169022 0.0204540428129563
v 0.0362540607606091 -1.98830518208598 0.0204540428129563
v -0.0367251240178813 -2.01066113271779 0.0204540428129563
v -0.0973343932630592 -1.97241464732023 0.0204540428129563
v -0.178683449980728 -1.98243539110189 0.0204540428129563
v -0.233105398735222 -1.94617007332779 0.0204540428129563
v -0.303081563308696 -1.95731937374162 0.0204540428129563
v -0.367801852544338 -1.95984821233096 0.0204540428129563
v -0.427217168702838 -1.95278014724259 0.0204540428129563
v -0.4807086411556 -1.93479082843923 0.0204540428129563
v -0.523577129870956 -1.89650400746471 0.0204540428129563
v -0.563894334763782 -1.86907199173836 0.0204540428129563
v -0.615051980334521 -1.87386089312123 0.0204540428129563
v -0.643652940034335 -1.87242357887449 0.0204540428129563
v 0.505609694324841 -2.08927518909242 0.0204540428129563
v 0.432961834670151 -2.1148967704551 0.0204540428129563
v 0.368251403405107 -2.09857727734078 0.0204540428129563
v 0.296109032670758 -2.09455966132856 0.0204540428129563
v 0.223427295129741 -2.08808862871878 0.0204540428129563
v 0.140607335954925 -2.09540603152752 0.0204540428129563
v 0.083457918457033 -2.05631119088876 0.0204540428129563
v -0.00696482249587837 -2.09362840698181 0.0204540428129563
v -0.0928242870108098 -2.07850420015387 0.0204540428129563
v -0.153999012508361 -2.05947190145309 0.0204540428129563
v -0.223541408189606 -2.09849495337862 0.0204540428129563
v -0.261271439827216 -2.03641772659804 0.0204540428129563
v -0.339260737651901 -2.0554834593961 0.0204540428129563
v -0.406661405774398 -2.06118952566528 0.0204540428129563
v -0.463733568935264 -2.05271772417528 0.0204540428129563
v -0.513859169362701 -2.03082964339105 0.0204540428129563
v -0.555757204904275 -1.99595653258414 0.0204540428129563
v -0.599209470876699 -1.97381321719937 0.0204540428129563
v -0.643652940034335 -1.97948788754285 0.0204540428129563
v 0.578628273554 -2.26652260557269 0.0204540428129563
v 0.538473744145047 -2.17915760529076 0.0204540428129563
v 0.452718551587384 -2.20680403667109 0.0204540428129563
v 0.370765027106563 -2.19934894303483 0.0204540428129563
v 0.295314657199315 -2.19208437003563 0.0204540428129563
v 0.225094116164707 -2.18895223929586 0.0204540428129563
v 0.161550761419202 -2.17594904552108 0.0204540428129563
v 0.0866847231513208 -2.2121169095602 0.0204540428129563
v 0.0459702020557398 -2.15232061868939 0.0204540428129563
v -0.0424229116419733 -2.20084026982537 0.0204540428129563
v -0.0915635357398529 -2.15636655197365 0.0204540428129563
v -0.173894661876109 -2.16354156637157 0.0204540428129563
v -0.263761971780063 -2.19972576466858 0.0204540428129563
v -0.304970620421213 -2.13527931732967 0.0204540428129563
v -0.382301525434263 -2.16018901593607 0.0204540428129563
v -0.446941573140742 -2.1694012009006 0.0204540428129563
v -0.493827896783299 -2.15569487598548 0.0204540428129563
v -0.533961930944698 -2.12728124041333 0.0204540428129563
v -0.580868312439528 -2.10426338872395 0.0204540428129563
v -0.613781724760448 -2.07771912204244 0.0204540428129563
v -0.643652940034335 -2.09082136029345 0.0204540428129563
v 0.503395256130956 -2.28756851748681 0.0204540428129563
v 0.429916630962581 -2.31291628713368 0.0204540428129563
v 0.364978537418696 -2.29482214767534 0.0204540428129563
v 0.292063733478024 -2.28631800139261 0.0204540428129563
v 0.211825809130851 -2.28791254223796 0.0204540428129563
v 0.138944104473445 -2.28065906641381 0.0204540428129563
v 0.041777654026323 -2.31276842115483 0.0204540428129563
v -0.00172097926992596 -2.25787817584341 0.0204540428129563
v -0.0927006069637889 -2.30222809273301 0.0204540428129563
v -0.137841385690446 -2.24322510645653 0.0204540428129563
v -0.224052707686863 -2.26746075243358 0.0204540428129563
v -0.311553478677171 -2.30087867793189 0.0204540428129563
v -0.35140997384504 -2.23793800308841 0.0204540428129563
v -0.431089094722563 -2.27682590012893 0.0204540428129563
v -0.486652527820705 -2.27658168913503 0.0204540428129563
v -0.52721181208 -2.25473626357204 0.0204540428129563
v -0.567413136465283 -2.23272154009914 0.0204540428129563
v -0.60530709799805 -2.19589534099137 0.0204540428129563
v -0.643652940034335 -2.19140384435163 0.0204540428129563
v 0.577648116610874 -2.46586725190029 0.0204540428129563
v 0.536731333556992 -2.37807165621494 0.0204540428129563
v 0.449212288912245 -2.40594859937731 0.0204540428129563
v 0.366645715070104 -2.39711376609814 0.0204540428129563
v 0.29110719489283 -2.38664547229624 0.0204540428129563
v 0.223776948080138 -2.37410610796167 0.0204540428129563
v 0.143073500501417 -2.39764453498276 0.0204540428129563
v 0.08064609038801 -2.37385922010226 0.0204540428129563
v -0.00772667560414578 -2.41858811585256 0.0204540428129563
v -0.0496123069490181 -2.36139964912947 0.0204540428129563
v -0.137896900915035 -2.40488968477486 0.0204540428129563
v -0.181459160145037 -2.34028168591476 0.0204540428129563
v -0.26733657311884 -2.36882237505199 0.0204540428129563
v -0.353577244890005 -2.40101849984437 0.0204540428129563
v -0.39648170715426 -2.34694486397089 0.0204540428129563
v -0.471365732597753 -2.3997617904642 0.0204540428129563
v -0.512816511887438 -2.37622441991831 0.0204540428129563
v -0.565310570706557 -2.35774541760743 0.0204540428129563
v -0.604794078302127 -2.33459828964129 0.0204540428129563
v -0.643652940034335 -2.28752061178155 0.0204540428129563
v 0.500282644079528 -2.4869058856772 0.0204540428129563
v 0.42449118636257 -2.51305002543314 0.0204540428129563
v 0.358346006587883 -2.49363311599218 0.0204540428129563
v 0.282643385779054 -2.48038373506945 0.0204540428129563
v 0.195500916898428 -2.47352886739075 0.0204540428129563
v 0.0984795985279374 -2.5125101517797 0.0204540428129563
v 0.046429131868831 -2.4743110619591 0.0204540428129563
v -0.0508289965460629 -2.51967376242013 0.0204540428129563
v -0.0979580578857653 -2.46907530903563 0.0204540428129563
v -0.184424105747653 -2.51023915521696 0.0204540428129563
v -0.222652813582529 -2.44093210734246 0.0204540428129563
v -0.303228078718477 -2.46888542203726 0.0204540428129563
v -0.379184163362262 -2.49548903727791 0.0204540428129563
v -0.434035087729462 -2.46788828292684 0.0204540428129563
v -0.502897924890222 -2.50376781795182 0.0204540428129563
v -0.550161246310783 -2.48722088013977 0.0204540428129563
v -0.593025706975631 -2.45517151231431 0.0204540428129563
v -0.643652940034335 -2.43763636097952 0.0204540428129563
v 0.576832216110491 -2.66539466765502 0.0204540428129563
v 0.534691313647387 -2.57750591057353 0.0204540428129563
v 0.444559036142822 -2.60529573677963 0.0204540428129563
v 0.359103375784649 -2.59840427590326 0.0204540428129563
v 0.285019949127379 -2.58462269184963 0.0204540428129563
v 0.218837504297589 -2.56154108580774 0.0204540428129563
v 0.14214484248341 -2.58997363033408 0.0204540428129563
v 0.0588453338493799 -2.61478345850475 0.0204540428129563
v -0.00350594672379069 -2.58622395804313 0.0204540428129563
v -0.0911648117216266 -2.61206947369049 0.0204540428129563
v -0.152116853547558 -2.58112243430852 0.0204540428129563
v -0.242268200058253 -2.61412911293434 0.0204540428129563
v -0.269560205097878 -2.54551581187713 0.0204540428129563
v -0.346269746390688 -2.57359045942035 0.0204540428129563
v -0.421907931120778 -2.57948169596505 0.0204540428129563
v -0.485330655511314 -2.58192316878039 0.0204540428129563
v -0.551584252524151 -2.60107054986947 0.0204540428129563
v -0.594099458313855 -2.58228645790372 0.0204540428129563
v -0.62118666077549 -2.54470135370003 0.0204540428129563
v 0.497859026490459 -2.68613887441711 0.0204540428129563
v 0.42044366790826 -2.71106932321531 0.0204540428129563
v 0.351032353387268 -2.69348749505483 0.0204540428129563
v 0.271048619718021 -2.68601224457969 0.0204540428129563
v 0.19012303859805 -2.66738401075927 0.0204540428129563
v 0.0836772249087193 -2.70053332929292 0.0204540428129563
v -0.00545591477325548 -2.69817459942177 0.0204540428129563
v -0.0806253326147616 -2.69567584312157 0.0204540428129563
v -0.160470263376761 -2.69630356956111 0.0204540428129563
v -0.220126232156995 -2.68272062478271 0.0204540428129563
v -0.300609481208678 -2.72897062918229 0.0204540428129563
v -0.323129005588207 -2.65653844662827 0.0204540428129563
v -0.397937479516674 -2.67182066375572 0.0204540428129563
v -0.469964709993244 -2.67489785850013 0.0204540428129563
v -0.539463365242496 -2.68611167509895 0.0204540428129563
v -0.59970201896881 -2.71195742125087 0.0204540428129563
v -0.619401946509786 -2.66580697129028 0.0204540428129563
v 0.576305918576611 -2.86468995840749 0.0204540428129563
v 0.53353982216052 -2.77680131234069 0.0204540428129563
v 0.442538822019218 -2.80416499022801 0.0204540428129563
v 0.356000658736687 -2.79563800592321 0.0204540428129563
v 0.275693653921693 -2.78543748471878 0.0204540428129563
v 0.19905397370964 -2.77917932360952 0.0204540428129563
v 0.13515808693354 -2.7633707625434 0.0204540428129563
v 0.0642982708340805 -2.81250038354402 0.0204540428129563
v -0.00488331766427101 -2.79559762478627 0.0204540428129563
v -0.0848291192602885 -2.7964200744917 0.0204540428129563
v -0.166759652961236 -2.79246117037586 0.0204540428129563
v -0.252385108704296 -2.79174790666081 0.0204540428129563
v -0.354914154781021 -2.83097963650077 0.0204540428129563
v -0.392329077399236 -2.77154857892278 0.0204540428129563
v -0.457773855018732 -2.76389739081844 0.0204540428129563
v -0.531501312921053 -2.77280557023903 0.0204540428129563
v -0.590816588454875 -2.79963184746219 0.0204540428129563
v -0.643652940034335 -2.80058591277775 0.0204540428129563
v 0.496458898413859 -2.88540639546535 0.0204540428129563
v 0.419441863547867 -2.91117416439185 0.0204540428129563
v 0.351811503415855 -2.89303513703423 0.0204540428129563
v 0.276301310702416 -2.88265084881327 0.0204540428129563
v 0.193444030595648 -2.88052794675949 0.0204540428129563
v 0.114537724085008 -2.88143617058701 0.0204540428129563
v 0.0174695645345849 -2.90170116405729 0.0204540428129563
v -0.0691921710590369 -2.89361205493803 0.0204540428129563
v -0.157064266679951 -2.89524296236501 0.0204540428129563
v -0.237949466805025 -2.88718943124202 0.0204540428129563
v -0.327546735028165 -2.90206153581535 0.0204540428129563
v -0.413024152262875 -2.9413344977934 0.0204540428129563
v -0.446407721702856 -2.89012709524613 0.0204540428129563
v -0.482984690178488 -2.86633592748851 0.0204540428129563
v -0.530139729600517 -2.85323839295344 0.0204540428129563
v -0.599010998741562 -2.88837251235736 0.0204540428129563
v -0.643652940034335 -2.9060450253299 0.0204540428129563
v 0.575575486387662 -3.06298540788776 0.0204540428129563
v 0.532316841794207 -2.97580350063898 0.0204540428129563
v 0.440247533140453 -3.00415922892154 0.0204540428129563
v 0.354164690053749 -2.99645823445175 0.0204540428129563
v 0.276270805904421 -2.98629590481357 0.0204540428129563
v 0.208892435613645 -2.97087901023143 0.0204540428129563
v 0.127274233661554 -2.98808241560472 0.0204540428129563
v 0.0435058445113724 -2.99238923263607 0.0204540428129563
v -0.0489648549242837 -2.99530219639185 0.0204540428129563
v -0.137118639990631 -2.98907371073361 0.0204540428129563
v -0.231968939317949 -3.00080963622981 0.0204540428129563
v -0.302511693752987 -2.97831012304368 0.0204540428129563
v -0.396026819029272 -3.024123060753 0.0204540428129563
v -0.470531712695395 -3.04322396226101 0.0204540428129563
v -0.505680850640581 -3.0008550887685 0.0204540428129563
v -0.545427458880551 -2.97358705112019 0.0204540428129563
v -0.578205809042548 -2.95426144776426 0.0204540428129563
v -0.643652940034335 -2.99272587850247 0.0204540428129563
v 0.493989960350598 -3.08421892068324 0.0204540428129563
v 0.414704905265867 -3.11112321657952 0.0204540428129563
v 0.345729400642265 -3.09316021968508 0.0204540428129563
v 0.266583491054999 -3.08108666449254 0.0204540428129563
v 0.175301644116999 -3.07298235534693 0.0204540428129563
v 0.0664505018792103 -3.09526659650124 0.0204540428129563
v -0.0293040237347082 -3.09042535597252 0.0204540428129563
v -0.117690114076433 -3.09350633194532 0.0204540428129563
v -0.193101970572303 -3.0829036046574 0.0204540428129563
v -0.279261245278147 -3.12522505096823 0.0204540428129563
v -0.330211437924553 -3.07724814736294 0.0204540428129563
v -0.422894750429669 -3.12297215185274 0.0204540428129563
v -0.503928458836929 -3.13595775700893 0.0204540428129563
v -0.555117075207959 -3.11804148446398 0.0204540428129563
v -0.588715191532322 -3.07643199257995 0.0204540428129563
v -0.643652940034335 -3.06600778477844 0.0204540428129563
v 0.574934948456735 -3.25916648080827 0.0204540428129563
v 0.530511036832541 -3.17328322846689 0.0204540428129563
v 0.43568958093201 -3.20243252755649 0.0204540428129563
v 0.34676272319574 -3.19767453625097 0.0204540428129563
v 0.269541284403454 -3.18571427725531 0.0204540428129563
v 0.201326083044798 -3.16343296548666 0.0204540428129563
v 0.121374819157746 -3.18537174520201 0.0204540428129563
v 0.0428942433888357 -3.19703442457481 0.0204540428129563
v -0.033589359102411 -3.18568083738919 0.0204540428129563
v -0.119881777966384 -3.19461814021111 0.0204540428129563
v -0.209659755691425 -3.19463956025471 0.0204540428129563
v -0.307715530182361 -3.22464255365639 0.0204540428129563
v -0.380212651933521 -3.19799040985307 0.0204540428129563
v -0.476464011380069 -3.21498452251684 0.0204540428129563
v -0.567152753107288 -3.23022572754536 0.0204540428129563
v -0.612519000996491 -3.22234108136799 0.0204540428129563
v -0.643652940034335 -3.17904357781228 0.0204540428129563
v 0.491903745093565 -3.28010152483298 0.0204540428129563
v 0.41052912575819 -3.30737903458501 0.0204540428129563
v 0.338264483368641 -3.29297081461989 0.0204540428129563
v 0.255120564694845 -3.28691583515556 0.0204540428129563
v 0.169795504095125 -3.26966901053566 0.0204540428129563
v 0.0618112243426674 -3.29946419979091 0.0204540428129563
v -0.0128114158656324 -3.27877367966695 0.0204540428129563
v -0.101735539615459 -3.29210312367128 0.0204540428129563
v -0.193209523262325 -3.30198510259853 0.0204540428129563
v -0.284348900274263 -3.31464733653307 0.0204540428129563
v -0.376116923692479 -3.31388281198083 0.0204540428129563
v -0.460525369550045 -3.30271766525634 0.0204540428129563
v -0.552566028121253 -3.31311184326757 0.0204540428129563
v -0.643652940034335 -3.31858550584343 0.0204540428129563
v -0.643652940034335 -3.32272670668217 0.0204540428129563
v 0.577429442749085 -3.45162605423852 0.0204540428129563
v 0.531152588284079 -3.36667164687353 0.0204540428129563
v 0.435736134731605 -3.39605929946686 0.0204540428129563
v 0.344387356359284 -3.39459068895975 0.0204540428129563
v 0.25911019904946 -3.38739394702104 0.0204540428129563
v 0.175829997622997 -3.37918476840116 0.0204540428129563
v 0.100933899489188 -3.37014643625806 0.0204540428129563
v 0.00590063293023804 -3.41711384895619 0.0204540428129563
v -0.0517617225206462 -3.37299774533752 0.0204540428129563
v -0.159626055103245 -3.39920387225505 0.0204540428129563
v -0.26637123033795 -3.41547094324124 0.0204540428129563
v -0.371582120288492 -3.42368546857535 0.0204540428129563
v -0.459411254896968 -3.40435563373157 0.0204540428129563
v -0.549564520129865 -3.40405780031907 0.0204540428129563
v -0.643652940034335 -3.40974046224042 0.0204540428129563
v -0.643652940034335 -3.41293725729218 0.0431721732866167
v 0.498575072133549 -3.4688172853011 0.0204540428129563
v 0.418609857607056 -3.49557314170564 0.0204540428129563
v 0.344274567885825 -3.49212820027804 0.0204540428129563
v 0.263972135140792 -3.48481839101744 0.0204540428129563
v 0.170060260033911 -3.4816458478934 0.0204540428129563
v 0.080464418017251 -3.47713683429793 0.0204540428129563
v -0.033401444747868 -3.51011682298297 0.0204540428129563
v -0.114829811812075 -3.48469012195066 0.0204540428129563
v -0.234668543577499 -3.50724210229903 0.0204540428129563
v -0.345961155917914 -3.53237105180424 0.0204540428129563
v -0.425959325035704 -3.53016981188272 0.0204540428129563
v -0.48385376687081 -3.50209409215043 0.0204540428129563
v -0.561984286199517 -3.49739773258702 0.0204540428129563
v -0.643652940034335 -3.50979204631398 0.0204540428129563
v 0.574980809450752 -3.6429142054846 0.0204540428129563
v 0.539128757216321 -3.5555443437057 0.0204540428129563
v 0.455115922836957 -3.57897446744067 0.0204540428129563
v 0.366962349275613 -3.58605318871032 0.0204540428129563
v 0.268316841260269 -3.59269873910123 0.0204540428129563
v 0.190742049047788 -3.56556714423357 0.0204540428129563
v 0.0902343884848667 -3.59038257210449 0.0204540428129563
v 0.00724655784979416 -3.57367143233413 0.0204540428129563
v -0.108773146271899 -3.60559229352876 0.0204540428129563
v -0.197027446740065 -3.58166734658003 0.0204540428129563
v -0.313028002915553 -3.63171253137715 0.0204540428129563
v -0.405877854725445 -3.64440969022471 0.0204540428129563
v -0.465934138632551 -3.63033862729684 0.0204540428129563
v -0.527869772453503 -3.61427142954817 0.0204540428129563
v -0.579030000371056 -3.58461090872944 0.0204540428129563
v -0.643652940034335 -3.60325930663571 0.0204540428129563
v 0.492676449921029 -3.65641600333131 0.0204540428129563
v 0.399802056763085 -3.68434425735255 0.0204540428129563
v 0.317465193152647 -3.66684117000401 0.0204540428129563
v 0.223695453514943 -3.70400566228645 0.0204540428129563
v 0.15755119121104 -3.65738069955853 0.0204540428129563
v 0.0487736334191643 -3.70366572041693 0.0204540428129563
v -0.0289056306438198 -3.66493764748006 0.0204540428129563
v -0.14842674079251 -3.71510364071691 0.0204540428129563
v -0.2326030746161 -3.6850625038077 0.0204540428129563
v -0.355058136251858 -3.74957017435576 0.0204540428129563
v -0.435727170795832 -3.74353606723276 0.0204540428129563
v -0.518370513537951 -3.73557748403364 0.0204540428129563
v -0.579299772768315 -3.72000492841438 0.0204540428129563
v -0.643652940034335 -3.68215807317519 0.0204540428129563
v 0.580269316534915 -3.84404015037058 0.0204540428129563
v 0.530496372565328 -3.73265842112634 0.0204540428129563
v 0.455680524688448 -3.76040999279304 0.0204540428129563
v 0.367563137884792 -3.79003284330979 0.0204540428129563
v 0.299538504718063 -3.75913848961987 0.0204540428129563
v 0.197039064120664 -3.80397924253649 0.0204540428129563
v 0.120721776594711 -3.76289675418028 0.0204540428129563
v 0.0114892217003347 -3.80984964286928 0.0204540428129563
v -0.0624601899296665 -3.76717010403355 0.0204540428129563
v -0.169374428104982 -3.81174498404811 0.0204540428129563
v -0.269333532898971 -3.79904208999822 0.0204540428129563
v -0.387954308020711 -3.84392175281713 0.0204540428129563
v -0.484648044565024 -3.85355366587597 0.0204540428129563
v -0.558883963348391 -3.83403726073816 0.0204540428129563
v -0.643652940034335 -3.82336301659633 0.0204540428129563
v 0.517940369632021 -3.83510150637508 0.0204540428129563
v 0.437168332720287 -3.85634308235578 0.0204540428129563
v 0.352202956516614 -3.87997835393167 0.0204540428129563
v 0.27321193022903 -3.86404076955051 0.0204540428129563
v 0.178232361701008 -3.89342888912115 0.0204540428129563
v 0.0908623730373389 -3.87142360217475 0.0204540428129563
v -0.0152380232628395 -3.89928058479952 0.0204540428129563
v -0.109221009324368 -3.87951937563099 0.0204540428129563
v -0.234122490482491 -3.89844412766564 0.0204540428129563
v -0.346973090182807 -3.91282916889216 0.0204540428129563
v -0.465095222553764 -3.94063385029746 0.0204540428129563
v -0.567719162515882 -3.97052078266996 0.0204540428129563
v -0.592436995915548 -3.92723334059733 0.0204540428129563
v 0.579860251187369 -4.01963698013019 0.0204540428129563
v 0.547308355748776 -3.92698590288922 0.0204540428129563
v 0.481717819640908 -3.9377630710742 0.0204540428129563
v 0.403099177617364 -3.95479965551572 0.0204540428129563
v 0.313791690220217 -3.96201161109454 0.0204540428129563
v 0.227457917485975 -3.96822457334534 0.0204540428129563
v 0.128840509488729 -3.97501692850473 0.0204540428129563
v 0.0305602593193353 -3.97351477989199 0.0204540428129563
v -0.0824450868204698 -3.98012541673345 0.0204540428129563
v -0.191893924244496 -3.97984324242334 0.0204540428129563
v -0.311710243822873 -3.99718025333379 0.0204540428129563
v -0.432874618721122 -4.01762712034302 0.0204540428129563
v -0.546771466721486 -4.04623881113902 0.0204540428129563
v -0.643652940034335 -4.06500199290976 0.0204540428129563
v 0.527899603855856 -4.01911433919437 0.0204540428129563
v 0.453451424951968 -4.03297801406757 0.0204540428129563
v 0.368767158192821 -4.04394552243385 0.0204540428129563
v 0.276736745500534 -4.05091457959522 0.0204540428129563
v 0.182059543570915 -4.06318789536688 0.0204540428129563
v 0.0725432803346539 -4.06125099011043 0.0204540428129563
v -0.037191245789344 -4.06278829668575 0.0204540428129563
v -0.152236695859215 -4.07005622945508 0.0204540428129563
v -0.271177582977834 -4.07718366193146 0.0204540428129563
v -0.401094752085509 -4.09697882168644 0.0204540428129563
v -0.531084884437681 -4.12519652937372 0.0204540428129563
v -0.643652940034335 -4.14993831781042 0.0204540428129563
v 0.55538723259705 -4.10581626030712 0.0204540428129563
v 0.496480831746299 -4.11289773661345 0.0204540428129563
v 0.42395032654305 -4.12382621082468 0.0204540428129563
v 0.342314693838288 -4.13285211861901 0.0204540428129563
v 0.254747414668027 -4.13691654812476 0.0204540428129563
v 0.181895991326422 -4.15257784889657 0.0204540428129563
v 0.0969467224271934 -4.1468725294806 0.0204540428129563
v -0.00193103374657289 -4.14820174883813 0.0204540428129563
v -0.110706074543604 -4.15150652676326 0.0204540428129563
v -0.231122903496853 -4.1621863026156 0.0204540428129563
v -0.359871191254518 -4.1710909506123 0.0204540428129563
v -0.511289101515038 -4.19953460528935 0.0204540428129563
v -0.643652940034335 -4.23407836785292 0.0204540428129563
v 0.538934132785666 -4.19025577575583 0.0204540428129563
v 0.473933070029327 -4.19960271920413 0.0204540428129563
v 0.399080755539497 -4.21349069452218 0.0204540428129563
v 0.317882439699666 -4.22454555894697 0.0204540428129563
v 0.234443528656096 -4.23153821223544 0.0204540428129563
v 0.142735314098373 -4.23567582553854 0.0204540428129563
v 0.0462131539384717 -4.23343191711419 0.0204540428129563
v -0.0590426424833182 -4.23136319731256 0.0204540428129563
v -0.175504494424804 -4.23491860093368 0.0204540428129563
v -0.312743808913365 -4.25125409659465 0.0204540428129563
v -0.453093168099819 -4.25595588983017 0.0204540428129563
v -0.643652940034335 -4.31174597440698 0.0204540428129563
v 0.519325734846741 -4.26570804247767 0.0204540428129563
v 0.449595774614958 -4.27481663553809 0.0204540428129563
v 0.373298537514764 -4.31174597440698 0.0204540428129563
v 0.291529326451344 -4.31174597440698 0.0204540428129563
v 0.203065467376604 -4.31174597440698 0.0204540428129563
v 0.107928101640714 -4.31174597440698 0.0204540428129563
v 0.00690726974140858 -4.31174597440698 0.0204540428129563
v -0.100678651379908 -4.29285637461116 0.0204540428129563
v -0.214440334165244 -4.31174597440698 0.0204540428129563
v -0.327629990724258 -4.31174597440698 0.0204540428129563
v -0.45492603099239 -4.31174597440698 0.0204540428129563
v -0.751671767009982 0.48127056206009 0.0204540428129563
v -0.806731373694219 0.47446704011447 0.0204540428129563
v -0.862202432030017 0.452272967252351 0.0204540428129563
v -0.921170541865821 0.42009917858209 0.0204540428129563
v -0.692729748333425 0.420617043822729 0.0204540428129563
v -0.982530120582699 0.370483777497361 0.0204540428129563
v -1.04248163197308 0.27368314225954 0.0204540428129563
v -0.568100985362049 0.325097221152934 0.0204540428129563
v -0.633556139658916 0.366112082788354 0.0204540428129563
v -0.753817532009094 0.391735114169344 0.0204540428129563
v -0.812605128907514 0.379134359128247 0.0204540428129563
v -0.871391017676441 0.358152616381217 0.0204540428129563
v -0.929130983674617 0.330045617221646 0.0204540428129563
v -0.986034992079235 0.293340243761257 0.0204540428129563
v -1.10643807849966 0.210076597201489 0.0204540428129563
v -1.19667902161829 0.129856662844595 0.0204540428129563
v 0.0931479259043195 0.29889875911826 0.0204540428129563
v 0.0238253564707842 0.314896855673201 0.0204540428129563
v -0.0499957306095041 0.316050754686552 0.0204540428129563
v -0.124475241744857 0.314106077139419 0.0204540428129563
v -0.198191488119029 0.309958445176815 0.0204540428129563
v -0.270791084635395 0.304071251273709 0.0204540428129563
v -0.342473960105134 0.296859645166328 0.0204540428129563
v -0.413949671819237 0.288640789379531 0.0204540428129563
v -0.486383645868818 0.280924725919855 0.0204540428129563
v -0.694488652305862 0.324096823970608 0.0204540428129563
v -0.759677446911922 0.303303556093016 0.0204540428129563
v -0.823502511160272 0.288329336268557 0.0204540428129563
v -0.885482350151086 0.266746530937734 0.0204540428129563
v -0.946540555143018 0.23743386372275 0.0204540428129563
v -1.01249140878584 0.211006889251487 0.0204540428129563
v -1.0722545513041 0.186550782663065 0.0204540428129563
v -1.13691071743665 0.150384812469305 0.0204540428129563
v -1.28565538900501 0.0857220524616578 0.0204540428129563
v -1.40189502520507 0.0471368350701023 0.0204540428129563
v -1.50021237734686 0.0452881441156491 0.0204540428129563
v -1.62146548838599 0.0621585879383661 0.0204540428129563
v -1.75207793385568 0.0621585879383661 0.0262575680258053
v -1.87418469335055 0.0621585879383661 0.0274025081020056
v -1.99052004572616 0.0621585879383661 0.0273427394416422
v -2.10191038349765 0.0621585879383661 0.028271457518377
v -2.20928403842381 0.0621585879383661 0.0299809625960923
v -2.31348039445108 0.0621585879383661 0.0321419307941387
v -2.41515845619303 0.0621585879383661 0.0345725086577841
v -2.51488177136838 0.0621585879383661 0.0373020376329286
v -2.61315282516088 0.0621585879383661 0.0403113923920628
v -2.71049854644368 0.0621585879383661 0.0434855162991909
v -2.80746447823131 0.0621585879383661 0.046623902964835
v -2.90459272750566 0.0621585879383661 0.0494339356119299
v -3.00235012918405 0.0621585879383661 0.0515415739635718
v -3.10093758621661 0.0621585879383661 0.0526784994101452
v -3.19967173084126 0.0621585879383661 0.0525812795165126
v -3.29517393690991 0.0621585879383661 0.0529443858307032
v 1.33978346288686 0.268928439977133 0.026934389260014
v 1.22855949773301 0.268928439977133 0.0268221511718849
v 1.11876627007948 0.268928439977133 0.0322223938668997
v 1.01564715454149 0.268928439977133 0.0347467938099551
v 0.909433129819273 0.268928439977133 0.0372739913767432
v 0.810391315373544 0.268928439977133 0.0440129272816516
v 0.723028551839349 0.268928439977133 0.0389436680137135
v 0.632336464302174 0.268928439977133 0.039351962530066
v 0.529456538877157 0.268928439977133 0.0317147204503919
v 0.433210018781776 0.268928439977133 0.0204540428129563
v 0.347589506622124 0.248603731009879 0.0204540428129563
v 0.261531854485127 0.243027800115647 0.0204540428129563
v 0.173554726156005 0.244492638784029 0.0204540428129563
v -0.555470616963871 0.248621992877114 0.0204540428129563
v -0.631495799427239 0.271720516941403 0.0204540428129563
v -0.707852439198686 0.234127897769983 0.0204540428129563
v -0.778108756084945 0.217655609530544 0.0204540428129563
v -0.844861352622514 0.199331678327024 0.0204540428129563
v -0.909936423911562 0.176493730328208 0.0204540428129563
v -0.976658001732715 0.152525663532566 0.0204540428129563
v -1.04302452218237 0.129765986952114 0.0204540428129563
v -1.10875690984358 0.104084487835158 0.0204540428129563
v -1.18155219125857 0.0819748956926698 0.0204540428129563
v -1.2527555661762 0.0698186873677523 0.0204540428129563
v -1.33332952412721 0.0469757060868958 0.0204540428129563
v -3.38228680443365 0.0621585879383661 0.0594641799018183
v -3.4486248399909 0.0621585879383661 0.0448734044640244
v -3.5413027814487 0.0621585879383661 0.0204540428129563
v -3.64724496976252 0.0621585879383661 0.0204540428129563
v -3.75266854404442 0.0621585879383661 0.0204540428129563
v -3.85881209188094 0.0621585879383661 0.0204540428129563
v -3.96740185162638 0.0621585879383661 0.0204540428129563
v -4.05586053168712 0.0621585879383661 0.0204540428129563
v 3.06498450571774 0.0967461998073798 0.0204540428129563
v 2.98312429539178 0.114231936934103 0.0204540428129563
v 2.89093794719196 0.140617278976666 0.0204540428129563
v 2.79804128366754 0.167218548280831 0.0204540428129563
v 2.703016121348 0.205867966837714 0.0204540428129563
v 2.61064098954911 0.268928439977133 0.0204540428129563
v 2.51826233213667 0.268928439977133 0.0204540428129563
v 2.4162694917886 0.268928439977133 0.0204540428129563
v 2.31082251302054 0.268928439977133 0.0204540428129563
v 2.20426114160488 0.268928439977133 0.0204540428129563
v 2.09831251179583 0.268928439977133 0.0204540428129563
v 1.98957111120107 0.268928439977133 0.0204540428129563
v 1.88265820315264 0.268928439977133 0.0204540428129563
v 1.77421276440683 0.268928439977133 0.0204540428129563
v 1.66766635679617 0.268928439977133 0.0204540428129563
v 1.56934901035468 0.268928439977133 0.0269984494917087
v 1.45807394595189 0.268928439977133 0.0320740737855479
v 0.0890275457619678 0.231883121280612 0.0204540428129563
v 0.00946810859074371 0.236847534621679 0.0204540428129563
v -0.0680332473993229 0.235698299539746 0.0204540428129563
v -0.144010478747978 0.232148010839964 0.0204540428129563
v -0.218784858670619 0.226884203647295 0.0204540428129563
v -0.292590314157678 0.220358250684051 0.0204540428129563
v -0.365594963398559 0.213016695223811 0.0204540428129563
v -0.437618846033728 0.205705861005829 0.0204540428129563
v -0.506198370825134 0.190720050463225 0.0204540428129563
v -0.583382971577215 0.179949079013406 0.0204540428129563
v -0.643066569991845 0.196211822343307 0.0204540428129563
v -4.13863250744974 0.0621585879383661 0.0204540428129563
v -4.18699873280661 0.0621585879383661 0.0204540428129563
v 4.02894866288295 -0.115162104241821 0.0204540428129563
v 3.97467994411616 -0.0967079466741666 0.0204540428129563
v 3.92371221257166 -0.0835224005379028 0.0204540428129563
v 3.8552560948531 -0.0639293646861312 0.0204540428129563
v 3.75968386298123 -0.0451563899161674 0.0204540428129563
v 3.65544645733719 -0.0296472916089105 0.0204540428129563
v 3.55268018800339 -0.0171575155467318 0.0204540428129563
v 3.44778716633031 -0.00619544044758723 0.0204540428129563
v 3.34784064178497 0.00832501986911299 0.0204540428129563
v 3.2499931120563 0.0214677160248705 0.0204540428129563
v 3.15379785065213 0.0396794815362396 0.0204540428129563
v -4.28086835425081 0.0621585879383661 0.0204540428129563
v 4.2404592822907 -0.115162104241821 0.0204540428129563
v 4.17063712258828 -0.115162104241821 0.0204540428129563
v 4.0990165771542 -0.115162104241821 0.0204540428129563
v 3.06993942996476 0.0551186583455216 0.0204540428129563
v -4.28086835425081 -0.112663702624302 0.0204540428129563
v 4.2404592822907 -0.134692680019586 0.0351434016623936
v 4.04496431491636 -0.116436542003923 0.0204540428129563
v -4.28086835425081 -0.234842733463988 0.0204540428129563
v 4.2404592822907 -0.133928093015424 0.0204540428129563
v -4.28086835425081 -0.372753969862225 0.0204540428129563
v 4.2404592822907 -0.165950383808587 0.0204540428129563
v 4.2404592822907 -0.200629335993434 0.0204540428129563
v -4.28086835425081 -0.56788227039622 0.0220584327012102
v 4.2404592822907 -0.223317273138226 0.0204540428129563
v 4.17804974392083 -0.234626465088228 0.0204540428129563
v -4.28086835425081 -0.758946946307367 0.0204540428129563
v 4.18908569881095 -0.25077106964472 0.0204540428129563
v 4.12811600407275 -0.25077106964472 0.0204540428129563
v 4.07353851166302 -0.259710757877055 0.0204540428129563
v -4.28086835425081 -0.88509311698302 0.0204540428129563
v 4.04164219919915 -0.266920308651286 0.0204540428129563
v 3.97082296352305 -0.26882771335646 0.0204540428129563
v 3.86962724815704 -0.28075009923106 0.0204540428129563
v 3.76522430888432 -0.288782875119825 0.0204540428129563
v 3.66895670770796 -0.287564476957046 0.0204540428129563
v 3.56917879057162 -0.288484792895974 0.0204540428129563
v 3.47434315850725 -0.295275845799211 0.0204540428129563
v 3.37734454686806 -0.300525531158825 0.0204540428129563
v 3.2785611682227 -0.309477743503866 0.0204540428129563
v 3.17819164835967 -0.326213895634265 0.0204540428129563
v 3.07989436673639 -0.346159249897967 0.0204540428129563
v 2.97783536258723 -0.367754428285995 0.0204540428129563
v -4.28086835425081 -1.01270902820305 0.0204540428129563
v 3.01585421665384 -0.399011584609828 0.0204540428129563
v 2.91337249563419 -0.430433852784455 0.0204540428129563
v 2.81674402695417 -0.470755522403217 0.0204540428129563
v 2.72265958910598 -0.512999788269738 0.0204540428129563
v 2.6330888924555 -0.544949867347656 0.0204540428129563
v 2.54664543892562 -0.574942644102899 0.0204540428129563
v 2.45467197882093 -0.643116763973995 0.0204540428129563
v 2.3654446321996 -0.643116763973995 0.0204540428129563
v 2.2755354826637 -0.643116763973995 0.0204540428129563
v 2.1843090907972 -0.643116763973995 0.0204540428129563
v 2.09192468826268 -0.643116763973995 0.0204540428129563
v 2.00131262230682 -0.643116763973995 0.0204540428129563
v 1.90415337663104 -0.643116763973995 0.0204540428129563
v 1.81013937321148 -0.643116763973995 0.0204540428129563
v 1.70892097955058 -0.643116763973995 0.0204540428129563
v 1.62397959512201 -0.643116763973995 0.0282387548458767
v -4.18400626551479 -1.09858866963702 0.0537139653614053
v -4.28086835425081 -1.09858866963702 0.0204540428129563
v 1.56331365974552 -0.643116763973995 0.0362413437831943
v 1.47242006489506 -0.643116763973995 0.0288549261741539
v 1.37798310815664 -0.643116763973995 0.0241201886051978
v 1.27897083945968 -0.643116763973995 0.0231634613177687
v 1.17740866514576 -0.643116763973995 0.024033171137554
v 1.07574592741189 -0.643116763973995 0.0217387496191208
v 0.970978181278117 -0.643116763973995 0.0213085947675331
v 0.867341273364388 -0.643116763973995 0.0157324485270016
v 0.756547666560286 -0.643116763973995 0.0204540428129563
v 0.664772708544325 -0.630628452023791 0.0204540428129563
v 0.577550632932938 -0.623629395303069 0.0204540428129563
v 0.485846551258956 -0.62919910475758 0.0204540428129563
v 0.399135063788999 -0.64652517127402 0.0204540428129563
v 0.314537378893883 -0.655559745366675 0.0204540428129563
v 0.238271205041129 -0.644533940520484 0.0204540428129563
v 0.162876962939657 -0.661871122580342 0.0204540428129563
v 0.0784650359308744 -0.669052823401167 0.0204540428129563
v -0.00667994457219858 -0.674965363105854 0.0204540428129563
v -0.090829542989738 -0.680131633755702 0.0204540428129563
v -0.173829549084111 -0.685158688333522 0.0204540428129563
v -0.255847782658008 -0.691074121655833 0.0204540428129563
v -0.33674567765308 -0.698616479016571 0.0204540428129563
v -0.415343469078691 -0.705504169420842 0.0204540428129563
v -0.492591123452659 -0.704882275186882 0.0204540428129563
v -0.578943115255487 -0.713247854219365 0.0204540428129563
v -3.39260902086021 -1.09858866963702 0.042644129947332
v -3.48640546410334 -1.09858866963702 0.0540502435830176
v -3.58717483651965 -1.09858866963702 0.0486757503786206
v -3.68411564421758 -1.09858866963702 0.0529236165828846
v -3.78325568508523 -1.09858866963702 0.0568361719867312
v -3.87267375522519 -1.09858866963702 0.0489611635701656
v -3.96714242353303 -1.09858866963702 0.056982064086274
v -4.07560641978906 -1.09858866963702 0.0552997277271714
v 0.241170448874019 -0.721937606148255 0.0204540428129563
v 0.139102037502008 -0.736804954334531 0.0204540428129563
v 0.0458176125660254 -0.745557275414771 0.0204540428129563
v -0.0424863715714741 -0.751767711292192 0.0204540428129563
v -0.128083178135234 -0.756537568375394 0.0204540428129563
v -0.212321250165675 -0.761151894506434 0.0204540428129563
v -0.296094882423569 -0.767102812572315 0.0204540428129563
v -0.379186222310096 -0.776940828471037 0.0204540428129563
v -0.457107675908738 -0.783253494978329 0.0204540428129563
v -0.526709777691707 -0.770129626761763 0.0204540428129563
v -0.586920273072505 -0.803241753742143 0.0204540428129563
v -0.640603569447487 -0.762298944198341 0.0204540428129563
v -0.715913669079578 -0.775666184742488 0.0204540428129563
v -0.794269465450041 -0.789173588259003 0.0204540428129563
v -0.875520204761243 -0.798360317626126 0.0204540428129563
v -0.956294835694782 -0.807199493095696 0.0204540428129563
v -1.03891947307139 -0.815587933317192 0.0204540428129563
v -1.12432505187581 -0.829107982678574 0.0204540428129563
v -1.21093837627962 -0.84727983776197 0.0204540428129563
v -1.30033932747866 -0.880146014956034 0.0204540428129563
v -1.39468768242602 -0.907033738284059 0.0204540428129563
v -1.49588682595737 -0.956818250103187 0.0204540428129563
v -1.59619859651539 -1.01535066677103 0.0204540428129563
v -1.68321654172467 -1.09858866963702 0.0204540428129563
v -1.76111034053342 -1.09858866963702 0.0204540428129563
v -1.84395402595967 -1.09858866963702 0.032419026779135
v -1.93591209915636 -1.09858866963702 0.0371048036976669
v -2.02609744809559 -1.09858866963702 0.0396298529780904
v -2.11919182240617 -1.09858866963702 0.0377358009425773
v -2.21408381121198 -1.09858866963702 0.0352987409388233
v -2.30980480160543 -1.09858866963702 0.0333681033090417
v -2.4057370703526 -1.09858866963702 0.0322210403220296
v -2.50151713602647 -1.09858866963702 0.0317514555344845
v -2.59694647816369 -1.09858866963702 0.0318383199085551
v -2.69195178101782 -1.09858866963702 0.0324026131069388
v -2.78655584308281 -1.09858866963702 0.0333727965773165
v -2.88092096476599 -1.09858866963702 0.0346191927451063
v -2.97548327731237 -1.09858866963702 0.0359043217915625
v -3.07115718350004 -1.09858866963702 0.037124957739599
v -3.16975051291779 -1.09858866963702 0.0383305976175286
v -3.27459723565605 -1.09858866963702 0.0409794968861668
v -0.520560783433998 -0.85381289157103 0.0204540428129563
v -0.604576362738817 -0.876827704799009 0.0204540428129563
v -0.666245747476535 -0.83844923618583 0.0204540428129563
v -0.738228330371556 -0.85029108768275 0.0204540428129563
v -0.819258086285764 -0.857749123671881 0.0204540428129563
v -0.896877276501679 -0.867413493442678 0.0204540428129563
v -0.977026747309373 -0.872584299428327 0.0204540428129563
v -1.05995799916981 -0.878401174345944 0.0204540428129563
v -1.14703291018501 -0.893587340987271 0.0204540428129563
v -1.2343325161529 -0.909801087617943 0.0204540428129563
v -1.33569683559992 -0.945979177548489 0.0204540428129563
v -1.42657448235043 -0.968507170287962 0.0204540428129563
v -0.679636122604104 -0.918429302262948 0.0204540428129563
v -0.758074906404412 -0.915128232758228 0.0204540428129563
v -0.83103524238463 -0.927632870589643 0.0204540428129563
v -0.910180273149884 -0.930398288656344 0.0204540428129563
v -0.99201602923989 -0.93263580372804 0.0204540428129563
v -1.07604901414495 -0.934263865160319 0.0204540428129563
v -1.16430679459023 -0.953035674670522 0.0204540428129563
v -1.25632524467814 -0.959914244257613 0.0204540428129563
v -0.749224817720807 -0.978124471078687 0.0204540428129563
v -0.836670725670565 -0.984866982527358 0.0204540428129563
v -0.920678142996545 -0.986218842048198 0.0204540428129563
v -1.00222420663203 -0.987278367098726 0.0204540428129563
v -1.08104817614537 -0.985248534547542 0.0204540428129563
v -0.683409526024608 0.145208685204533 0.0204540428129563
v -0.74265675794584 0.147314398207299 0.0204540428129563
v -0.807119260881002 0.131122427588674 0.0204540428129563
v -0.87327850737183 0.11261010935605 0.0204540428129563
v -0.941114043519175 0.0922153971379131 0.0204540428129563
v -1.01015059170908 0.0714741034387147 0.0204540428129563
v -1.07978178935999 0.0503007097833556 0.0204540428129563
v -1.15224451228986 0.0310795748222667 0.0204540428129563
v -1.22665769998679 0.0169384514498327 0.0204540428129563
v -1.30300681764145 0.00949853021062027 0.0204540428129563
v -1.39779200231891 -0.00408500636344396 0.0204540428129563
v -1.48755644366042 0.00702447862601954 0.0204540428129563
v -1.58929503711572 0.0217289150721431 0.0204540428129563
v -1.69599395237237 0.0621585879383661 0.0204540428129563
v -1.80955557993957 0.0621585879383661 0.0204540428129563
v -1.92238027971974 0.0621585879383661 0.0204540428129563
v -2.03253859462401 0.0621585879383661 0.0204540428129563
v -2.13967470922317 0.0621585879383661 0.0204540428129563
v -2.24408290430294 0.0621585879383661 0.0204540428129563
v -2.34624829880871 0.0621585879383661 0.0204540428129563
v -2.44663216606692 0.0621585879383661 0.0204540428129563
v -2.54566766163434 0.0621585879383661 0.0204540428129563
v -2.64377600518727 0.0621585879383661 0.0204540428129563
v -2.74140615771336 0.0621585879383661 0.0204540428129563
v -2.83902371499191 0.0621585879383661 0.0204540428129563
v -2.93714383228707 0.0621585879383661 0.0204540428129563
v -3.03634157526207 0.0621585879383661 0.0204540428129563
v -3.13725856691564 0.0621585879383661 0.0204540428129563
v -3.24055799975097 0.0621585879383661 0.0204540428129563
v -3.34558224781524 0.0621585879383661 0.0204540428129563
v 1.51263013660543 0.268928439977133 0.0204540428129563
v 1.41148878955522 0.268928439977133 0.0204540428129563
v 1.30527974325935 0.268928439977133 0.0204540428129563
v 1.19222859109362 0.268928439977133 0.0204540428129563
v 1.08533324559298 0.268928439977133 0.0204540428129563
v 0.980554243088549 0.268928439977133 0.0204540428129563
v 0.878834825779774 0.268928439977133 0.0204540428129563
v 0.782673919491188 0.268928439977133 0.0204540428129563
v 0.682707392806953 0.268928439977133 0.0204540428129563
v 0.588443201803146 0.268928439977133 0.0204540428129563
v 0.494876904108478 0.268928439977133 0.0204540428129563
v 0.40640650607861 0.211665119525879 0.0204540428129563
v 0.320943361585108 0.188039390332347 0.0204540428129563
v 0.235245808697702 0.177711316697093 0.0204540428129563
v 0.153172353452312 0.169287475714229 0.0204540428129563
v 0.0688675001880108 0.161639723058739 0.0204540428129563
v -0.0113860031997642 0.160045225512353 0.0204540428129563
v -0.0896161398612767 0.15663281855456 0.0204540428129563
v -0.166325311906461 0.151758004306402 0.0204540428129563
v -0.241875366119435 0.145777691301925 0.0204540428129563
v -0.316508181927213 0.138883496293228 0.0204540428129563
v -0.390355261129337 0.131318075114593 0.0204540428129563
v -0.463293393731202 0.120455621506836 0.0204540428129563
v -0.539864819297471 0.109183496313801 0.0204540428129563
v -0.617166881210535 0.0997020283852938 0.0204540428129563
v -3.44635804947568 0.0621585879383661 0.0204540428129563
v -3.50365592020004 -0.0288783904286504 0.0204540428129563
v -3.60145110362737 -0.0246222785523364 0.0204540428129563
v -3.70596482717958 -0.0298870797474069 0.0204540428129563
v -3.8086530890684 -0.0261749048616234 0.0204540428129563
v -3.90047994027768 -0.00418362392680071 0.0204540428129563
v -3.98895128690841 -0.022518118602617 0.0204540428129563
v 3.00795607337023 0.0510741403261577 0.0204540428129563
v 2.93098278519683 0.0787388947161125 0.0204540428129563
v 2.84369897546451 0.100278606905692 0.0204540428129563
v 2.75181066534845 0.126680282566637 0.0204540428129563
v 2.65924650626221 0.159033109212966 0.0204540428129563
v 2.56723690472764 0.18148472059461 0.0204540428129563
v 2.4721378102148 0.18684923085829 0.0204540428129563
v 2.37144067333898 0.186018945835196 0.0204540428129563
v 2.26747688990684 0.18367027447953 0.0204540428129563
v 2.16185411709768 0.179471208559951 0.0204540428129563
v 2.05763230491266 0.187427137867965 0.0204540428129563
v 1.94256196180272 0.181440970846321 0.0204540428129563
v 1.82828423502454 0.194451777595346 0.0204540428129563
v 1.71711442214045 0.209739340530517 0.0204540428129563
v 1.60478528029018 0.268928439977133 0.0204540428129563
v -0.691239526531236 0.0704510068147538 0.0204540428129563
v -0.761344404723232 0.0618598374758771 0.0204540428129563
v -0.831185081408691 0.0464580843081405 0.0204540428129563
v -0.901415552167842 0.0291454811692879 0.0204540428129563
v -0.972603213662747 0.0107943727230023 0.0204540428129563
v -1.04484805893215 -0.00783240115891513 0.0204540428129563
v -1.11872136800502 -0.0255285391153844 0.0204540428129563
v -1.19399738683677 -0.0406815656618946 0.0204540428129563
v -1.2693350420189 -0.0520734212679564 0.0204540428129563
v -1.34308162891973 -0.0476535339240804 0.0204540428129563
v -3.38971659311094 -0.0332489235194318 0.0204540428129563
v -4.09077975222548 -0.0220352647867703 0.0204540428129563
v 3.99303729940789 -0.119302845316259 0.0204540428129563
v 3.9299568819281 -0.107160026107215 0.0204540428129563
v 3.86507645087107 -0.0935297173447872 0.0204540428129563
v 3.78640554867011 -0.0799794478650142 0.0204540428129563
v 3.69615920387836 -0.066398244332381 0.0204540428129563
v 3.60039060412675 -0.055300128343438 0.0204540428129563
v 3.50157327558942 -0.0458818569406061 0.0204540428129563
v 3.40111281855783 -0.0366708583670911 0.0204540428129563
v 3.30146809789783 -0.0257772068122341 0.0204540428129563
v 3.20127510813275 -0.0130967241088242 0.0204540428129563
v 3.10079888537919 -0.00104823254989123 0.0204540428129563
v 1.49628691289178 0.202874054614642 0.0204540428129563
v 1.4043717752332 0.210284792045271 0.0204540428129563
v -3.88778584892771 -0.111907565491916 0.0204540428129563
v -3.99953774490761 -0.127052932342178 0.0204540428129563
v -4.09420322610218 -0.139101533227067 0.0204540428129563
v -4.18938898888765 -0.0868765230070307 0.0204540428129563
v 4.18161735684006 -0.126614611835525 0.0204540428129563
v 4.11908468508108 -0.123092111738384 0.0204540428129563
v 4.05690637131839 -0.136911286558693 0.0204540428129563
v 2.99905078766653 0.00508213990010384 0.0204540428129563
v 2.90435624889149 0.0273806950861224 0.0204540428129563
v 2.81044799124988 0.0461402062990498 0.0204540428129563
v 2.71702274739081 0.0655047427981382 0.0204540428129563
v 2.62433592031685 0.0824073534330945 0.0204540428129563
v 2.53094414566943 0.0915672626060552 0.0204540428129563
v 2.43463613369063 0.092859942165903 0.0204540428129563
v 2.3346783526101 0.0899964342347273 0.0204540428129563
v 2.23187457944665 0.0851946241354939 0.0204540428129563
v 2.12638946520897 0.0740565723263974 0.0204540428129563
v 2.03332771936159 0.105454623474826 0.0204540428129563
v -4.14410166463062 -0.237906412789862 0.0204540428129563
v -4.22875845171019 -0.236603404178174 0.0204540428129563
v 4.21687913860933 -0.170505518493246 0.0204540428129563
v 3.97747261687591 -0.14468419819754 0.0204540428129563
v 3.90025411767672 -0.132826449642971 0.0204540428129563
v 3.82254382384249 -0.121164695291961 0.0204540428129563
v 3.73931648511883 -0.109810064351509 0.0204540428129563
v 3.65011581330999 -0.0989077708426239 0.0204540428129563
v 3.55624637528565 -0.0899710669946864 0.0204540428129563
v 3.45935207659382 -0.0823969873315848 0.0204540428129563
v 3.36114702573075 -0.0749723278534345 0.0204540428129563
v 3.26304278220045 -0.0662219896568408 0.0204540428129563
v 3.16605017519019 -0.057180107537741 0.0204540428129563
v 3.07064833133853 -0.0513218093567495 0.0204540428129563
v 2.9723775996595 -0.0456368987639666 0.0204540428129563
v 2.8774826364914 -0.0320464123077189 0.0204540428129563
v 2.78329726928945 -0.0206024155919905 0.0204540428129563
v 2.68994747619411 -0.0114581982968454 0.0204540428129563
v 2.59709618159308 -0.00563282130269941 0.0204540428129563
v 2.5033865176737 -0.00428089767966849 0.0204540428129563
v 2.40783382170758 -0.00692531319645047 0.0204540428129563
v 2.3111916294322 -0.0122902928763617 0.0204540428129563
v 2.21645576876098 -0.0201992663170822 0.0204540428129563
v -4.18410046218757 -0.36527325058426 0.0204540428129563
v -4.2500405278545 -0.381825852293521 0.0204540428129563
v 4.15716826029596 -0.164411323269544 0.0204540428129563
v 4.09211848750726 -0.162582683013787 0.0204540428129563
v 4.02683194685213 -0.169311413536583 0.0204540428129563
v 3.94828820560287 -0.172281223148503 0.0204540428129563
v 3.86930902698172 -0.166228811857298 0.0204540428129563
v 3.78958772823732 -0.157959309275513 0.0204540428129563
v 3.70494158056848 -0.147502366210923 0.0204540428129563
v 3.61511934236963 -0.138059305687845 0.0204540428129563
v 3.52125741433081 -0.130855238826903 0.0204540428129563
v 3.42520199919212 -0.125285957951087 0.0204540428129563
v 3.32865830669139 -0.120190553903919 0.0204540428129563
v 3.2330092654696 -0.115206338257562 0.0204540428129563
v 3.13869423725882 -0.111833710968925 0.0204540428129563
v 3.04411792723057 -0.109805418800159 0.0204540428129563
v 2.94934726831181 -0.105473198978967 0.0204540428129563
v 2.8554506320736 -0.0989804476220304 0.0204540428129563
v 2.76170852658451 -0.0963950721268973 0.0204540428129563
v 2.6690493667178 -0.0967578074180883 0.0204540428129563
v 2.57687890438461 -0.0988104682970237 0.0204540428129563
v 2.48359963307571 -0.102845548343915 0.0204540428129563
v 2.38886222122457 -0.10951171898534 0.0204540428129563
v 2.29350402742363 -0.119107935873398 0.0204540428129563
v 2.19918337263599 -0.134652699547865 0.0204540428129563
v -4.19451846624538 -0.498807029369982 0.0204540428129563
v -4.24781825234619 -0.527332686916146 0.0204540428129563
v -4.28086835425081 -0.510877173086524 0.0204540428129563
v 4.18279566630933 -0.211704384478201 0.0204540428129563
v 4.12775481081199 -0.20994760744013 0.0204540428129563
v 4.06890234856254 -0.2127813851951 0.0204540428129563
v 4.00270209661302 -0.205636315553835 0.0204540428129563
v 3.92321815164644 -0.207272244783751 0.0204540428129563
v 3.84654106021914 -0.20610089930713 0.0204540428129563
v 3.76488219980114 -0.196971647932417 0.0204540428129563
v 3.6777335141938 -0.186960730827212 0.0204540428129563
v 3.58562043777954 -0.179171049965439 0.0204540428129563
v 3.49062063158719 -0.174473086460704 0.0204540428129563
v 3.39482120366455 -0.171899480554167 0.0204540428129563
v 3.29958720566909 -0.170617841725503 0.0204540428129563
v 3.2055360843458 -0.170675773229854 0.0204540428129563
v 3.11243591388326 -0.172232535538944 0.0204540428129563
v 3.01980685377058 -0.173788291599681 0.0204540428129563
v 2.92799639752641 -0.171552091714287 0.0204540428129563
v 2.83491964572086 -0.172424214510881 0.0204540428129563
v 2.74235023677231 -0.179589967078737 0.0204540428129563
v 2.65193259804452 -0.188015382408988 0.0204540428129563
v 2.56051435317629 -0.195279436707962 0.0204540428129563
v 2.46702984510009 -0.203951337909395 0.0204540428129563
v 2.37111189156857 -0.215021812936676 0.0204540428129563
v 2.27306518671371 -0.229653124856541 0.0204540428129563
v 2.17146916247547 -0.245589145777724 0.0204540428129563
v -4.20619264519029 -0.642541868999559 0.0204540428129563
v -4.25993842742102 -0.65387252847067 0.0204540428129563
v -4.28086835425081 -0.663190890341842 0.0204540428129563
v 4.11734372050421 -0.245565940496327 0.0204540428129563
v 4.04958786587285 -0.24827475811787 0.0204540428129563
v 3.98065265959568 -0.242837591094714 0.0204540428129563
v 3.91002113122973 -0.247697336173827 0.0204540428129563
v 3.82893771032063 -0.241755958923452 0.0204540428129563
v 3.74223614153657 -0.232810056638974 0.0204540428129563
v 3.65000898202579 -0.224245919197954 0.0204540428129563
v 3.55438899464509 -0.219651308005758 0.0204540428129563
v 3.45803799874493 -0.218759158685191 0.0204540428129563
v 3.36248756950644 -0.220265598070964 0.0204540428129563
v 3.26763068870102 -0.223777766299693 0.0204540428129563
v 3.17411997512495 -0.229594421153178 0.0204540428129563
v 3.08203841758499 -0.236781110906677 0.0204540428129563
v 2.99136991335331 -0.243343908498233 0.0204540428129563
v 2.9034216331688 -0.242764500141662 0.0204540428129563
v 2.81124724094909 -0.253460671637327 0.0204540428129563
v 2.72415217898124 -0.271306966428272 0.0204540428129563
v 2.63503551785504 -0.283683048666415 0.0204540428129563
v 2.54343316864542 -0.295530586152322 0.0204540428129563
v 2.44848566183897 -0.30885108848309 0.0204540428129563
v 2.34999919467787 -0.3238134814488 0.0204540428129563
v 2.24738694441915 -0.340191916842368 0.0204540428129563
v 2.139101382759 -0.362949843099109 0.0204540428129563
v -4.22411756679011 -0.783020665041174 0.0204540428129563
v -4.26828373840139 -0.786066072972064 0.0204540428129563
v 3.99055060821091 -0.265185555220238 0.0204540428129563
v 3.89928397397102 -0.269468218987149 0.0204540428129563
v 3.80713158465443 -0.268516435541701 0.0204540428129563
v 3.71194861941667 -0.262014720899726 0.0204540428129563
v 3.61446374582358 -0.257626273441905 0.0204540428129563
v 3.51625620818432 -0.257890175877213 0.0204540428129563
v 3.42020565290334 -0.26177320540641 0.0204540428129563
v 3.32395598130329 -0.266970342541323 0.0204540428129563
v 3.22776434876355 -0.276356472470727 0.0204540428129563
v 3.13337205692278 -0.289092819254469 0.0204540428129563
v 3.04055576043465 -0.304018584124077 0.0204540428129563
v 2.95011918071698 -0.318339375099731 0.0204540428129563
v 2.87143131807701 -0.317917967594666 0.0204540428129563
v 2.79241910042551 -0.345308631446795 0.0204540428129563
v 2.70443808215251 -0.365066431769782 0.0204540428129563
v 2.61446767832588 -0.382469803417843 0.0204540428129563
v 2.52205976646325 -0.399989749444207 0.0204540428129563
v 2.42670656501691 -0.41852208255322 0.0204540428129563
v 2.33062523457334 -0.434606647522081 0.0204540428129563
v 2.23755961011183 -0.448776594428964 0.0204540428129563
v 2.15529279581092 -0.473247382429919 0.0204540428129563
v 2.06458303236911 -0.46122553785063 0.0204540428129563
v 1.95576867109638 -0.467890951890241 0.0204540428129563
v -4.17668845171336 -0.911693829473534 0.0204540428129563
v -4.24354759084443 -0.920224904937952 0.0204540428129563
v 2.87279427734188 -0.391422229849553 0.0204540428129563
v 2.77062688211202 -0.428804969608332 0.0204540428129563
v 2.67628732575404 -0.45759888938417 0.0204540428129563
v 2.58561014008825 -0.481341285138022 0.0204540428129563
v 2.49275722802036 -0.510146066372025 0.0204540428129563
v 2.39840687236466 -0.533997013626951 0.0204540428129563
v 2.30677116315619 -0.545529527271682 0.0204540428129563
v 2.21786523063928 -0.557813117038542 0.0204540428129563
v 2.12411522599839 -0.561948098570552 0.0204540428129563
v 2.03447863892897 -0.55762405608348 0.0204540428129563
v 1.9515619995779 -0.572491207286174 0.0204540428129563
v 1.86883456245109 -0.55151649791811 0.0204540428129563
v 1.77420851267907 -0.551838577194478 0.0204540428129563
v 1.67873859898039 -0.553294342130067 0.0204540428129563
v 1.57745022195128 -0.53660427257954 0.0204540428129563
v 1.48094522582821 -0.563032995939925 0.0204540428129563
v -3.90813634218819 -1.01303842112931 0.0204540428129563
v -3.99561147424972 -0.995624572149805 0.0204540428129563
v -4.09554631086543 -0.997842916884164 0.0204540428129563
v -4.20073549653705 -1.09858866963702 0.0204540428129563
v 1.60008051276664 -0.643116763973995 0.0204540428129563
v 1.51907723284581 -0.643116763973995 0.0204540428129563
v 1.41767609305379 -0.643116763973995 0.0204540428129563
v 1.31522927908019 -0.643116763973995 0.0204540428129563
v 1.21117885177201 -0.643116763973995 0.0204540428129563
v 1.10846454778784 -0.643116763973995 0.0204540428129563
v 1.00606351377607 -0.643116763973995 0.0204540428129563
v 0.904703384417317 -0.643116763973995 0.0204540428129563
v 0.803113332804629 -0.643116763973995 0.0204540428129563
v 0.710468614849366 -0.597481373552159 0.0204540428129563
v 0.621576724931694 -0.576596344638216 0.0204540428129563
v 0.530815027393207 -0.568305735501583 0.0204540428129563
v 0.441445415062182 -0.571947186104868 0.0204540428129563
v 0.35725917531915 -0.579330905951516 0.0204540428129563
v 0.27640115509539 -0.576788989384511 0.0204540428129563
v 0.190045190569095 -0.580250938616868 0.0204540428129563
v 0.10902412113445 -0.591932585991923 0.0204540428129563
v 0.0267819658145659 -0.598529660884743 0.0204540428129563
v -0.055435318903826 -0.604170369459151 0.0204540428129563
v -0.137031592563477 -0.609581803804456 0.0204540428129563
v -0.217743797734013 -0.615462175259406 0.0204540428129563
v -0.297321905821675 -0.622307473697829 0.0204540428129563
v -0.375214556571063 -0.629250340867329 0.0204540428129563
v -0.451571970022427 -0.63368882127686 0.0204540428129563
v -0.529525364410486 -0.640769782901561 0.0204540428129563
v -0.603526601257869 -0.644728446558082 0.0204540428129563
v -0.672818067005848 -0.63265056207646 0.0204540428129563
v -0.744155828768563 -0.650270309309082 0.0204540428129563
v -0.822509261804309 -0.660214927506841 0.0204540428129563
v -0.903478614402605 -0.670008203542176 0.0204540428129563
v -0.986481595327942 -0.680528657883327 0.0204540428129563
v -1.07201555031011 -0.69354357042625 0.0204540428129563
v -1.1612426153353 -0.711074136452218 0.0204540428129563
v -1.25632904001884 -0.736594523679909 0.0204540428129563
v -1.36125176280692 -0.776837394775938 0.0204540428129563
v -3.53282834112449 -1.05480043614747 0.0204540428129563
v -3.61729976146578 -1.09858866963702 0.0204540428129563
v -3.72108526064587 -1.09858866963702 0.0204540428129563
v -3.82374698504027 -1.09858866963702 0.0204540428129563
v -3.93328654337962 -1.09858866963702 0.0204540428129563
v -4.02994734386725 -1.09858866963702 0.0204540428129563
v -4.12280419401955 -1.09858866963702 0.0204540428129563
v -0.672481832500521 -0.702800510037891 0.0204540428129563
v -0.76194025765418 -0.718807821927255 0.0204540428129563
v -0.84664364116033 -0.729997545718952 0.0204540428129563
v -0.930019038646642 -0.739420687003877 0.0204540428129563
v -1.01362448820045 -0.749468158985534 0.0204540428129563
v -1.09932893544467 -0.762638794239596 0.0204540428129563
v -1.18698355610711 -0.780468007598804 0.0204540428129563
v -1.27544555814732 -0.805888627582334 0.0204540428129563
v -1.35508747247713 -0.839701554773326 0.0204540428129563
v -1.44122380872997 -0.864514694435985 0.0204540428129563
v -1.53228595966485 -0.917483266816909 0.0204540428129563
v -1.62708463036253 -0.977214197004932 0.0204540428129563
v -1.71530618844801 -1.0248634654882 0.0204540428129563
v -1.81034520908676 -1.09858866963702 0.0204540428129563
v -1.90332753287308 -1.09858866963702 0.0204540428129563
v -1.99716043269813 -1.09858866963702 0.0204540428129563
v -2.090273570379 -1.09858866963702 0.0204540428129563
v -2.18434760186781 -1.09858866963702 0.0204540428129563
v -2.27925493768705 -1.09858866963702 0.0204540428129563
v -2.37464711093112 -1.09858866963702 0.0204540428129563
v -2.4701831130437 -1.09858866963702 0.0204540428129563
v -2.56561190009934 -1.09858866963702 0.0204540428129563
v -2.66080138105368 -1.09858866963702 0.0204540428129563
v -2.75573277647381 -1.09858866963702 0.0204540428129563
v -2.85050198134176 -1.09858866963702 0.0204540428129563
v -2.94535802211042 -1.09858866963702 0.0204540428129563
v -3.04073070337492 -1.09858866963702 0.0204540428129563
v -3.13718516243354 -1.09858866963702 0.0204540428129563
v -3.23501506384061 -1.09858866963702 0.0204540428129563
v -3.33200299880919 -1.09858866963702 0.0204540428129563
v -3.429742205985 -1.09858866963702 0.0204540428129563
v -3.50944923336501 -1.09858866963702 0.0204540428129563
v -1.40984750978809 -0.0801347867027338 0.0204540428129563
v -1.47198495150357 -0.0515640195349732 0.0204540428129563
v -1.55726864718499 -0.0487461795838505 0.0204540428129563
v -1.65235818492637 -0.032161241397401 0.0204540428129563
v -1.75419290004245 -0.0210948245722681 0.0204540428129563
v -1.86037063739416 -0.0203510065704383 0.0204540428129563
v -1.96713475658213 -0.0214423030685151 0.0204540428129563
v -2.07269490642001 -0.0227285451922609 0.0204540428129563
v -2.17646253640835 -0.0239019695090297 0.0204540428129563
v -2.27848187784819 -0.0249473268759245 0.0204540428129563
v -2.3790203736418 -0.0258857556167666 0.0204540428129563
v -2.47838647809043 -0.0266799344929279 0.0204540428129563
v -2.57688254305611 -0.027307775116776 0.0204540428129563
v -2.67483897610738 -0.0277576683608561 0.0204540428129563
v -2.77259761768803 -0.0279970042140579 0.0204540428129563
v -2.87055277845742 -0.0280067409479266 0.0204540428129563
v -2.96918175626327 -0.02777848618705 0.0204540428129563
v -3.06919185979296 -0.0278158438610601 0.0204540428129563
v -3.17186654671191 -0.029982683513196 0.0204540428129563
v 1.3416064613993 0.172258058317309 0.0204540428129563
v 1.25303329187886 0.184831327898595 0.0204540428129563
v 1.15271981573338 0.182087872508769 0.0204540428129563
v 1.05024476854652 0.180035993233949 0.0204540428129563
v 0.94853357094239 0.178387659635156 0.0204540428129563
v 0.849014905493814 0.17597691587009 0.0204540428129563
v 0.749543358909724 0.173978313964079 0.0204540428129563
v 0.651894220584855 0.172453547179377 0.0204540428129563
v 0.559075179531787 0.169145851601799 0.0204540428129563
v 0.469347772316623 0.15137074037872 0.0204540428129563
v 0.382575454682589 0.127148001865832 0.0204540428129563
v 0.29739131637969 0.111073912115114 0.0204540428129563
v 0.213932959388898 0.0996713117178113 0.0204540428129563
v 0.131056715946291 0.0907206056814011 0.0204540428129563
v 0.0485079795842259 0.0840074989510808 0.0204540428129563
v -0.0315926588341565 0.0797938111347632 0.0204540428129563
v -0.110007278272776 0.0749281857621334 0.0204540428129563
v -0.187089595977953 0.0692778726825563 0.0204540428129563
v -0.263114228710143 0.0628483421031967 0.0204540428129563
v -0.338254953341227 0.0556427554111026 0.0204540428129563
v -0.412618506492124 0.0468212127245393 0.0204540428129563
v -0.487526436614854 0.0366372437357115 0.0204540428129563
v -0.562708425895075 0.0261999943456853 0.0204540428129563
v -0.634520565134617 0.0101360093674388 0.0204540428129563
v -0.709685467388638 -0.0092115946394702 0.0204540428129563
v -0.782384269418934 -0.021871576036074 0.0204540428129563
v -0.855034284047857 -0.0368785480795345 0.0204540428129563
v -0.928251785920451 -0.0530759881553443 0.0204540428129563
v -1.0025752450209 -0.0698023266529233 0.0204540428129563
v -1.07865970542377 -0.0862693639639734 0.0204540428129563
v -1.15720166121937 -0.101488015172693 0.0204540428129563
v -1.23917910250338 -0.114318629331227 0.0204540428129563
v -1.3264203121667 -0.120592592652258 0.0204540428129563
v -3.27953285415138 -0.0416025496472492 0.0204540428129563
v -3.35001253497818 -0.138732671622009 0.0204540428129563
v -3.4488386979068 -0.132270587152396 0.0204540428129563
v -3.54974515151606 -0.129548896194768 0.0204540428129563
v -3.65162810590563 -0.128610379055965 0.0204540428129563
v 1.96022386747523 0.074608832595342 0.0204540428129563
v 1.87328961743242 0.0978964196472397 0.0204540428129563
v 1.77190858558707 0.109719689322934 0.0204540428129563
v 1.6657522579777 0.126383093130908 0.0204540428129563
v 1.55989185492344 0.12267994829524 0.0204540428129563
v 1.4430911092036 0.106884068391266 0.0204540428129563
v -1.41634008037808 -0.144439587256432 0.0204540428129563
v -1.50286074971596 -0.125293477888525 0.0204540428129563
v -1.60021548135013 -0.120313021118917 0.0204540428129563
v -1.69838380205251 -0.114274725918481 0.0204540428129563
v -1.79901356764395 -0.11301939246266 0.0204540428129563
v -1.90160784406801 -0.115476056936586 0.0204540428129563
v -2.00457754269715 -0.118589133339748 0.0204540428129563
v -2.10689364213591 -0.121466234695355 0.0204540428129563
v -2.20817266816133 -0.123965644045173 0.0204540428129563
v -2.30839586966074 -0.1261243703985 0.0204540428129563
v -2.40770088557663 -0.127937714632369 0.0204540428129563
v -2.50626303390741 -0.129396719509778 0.0204540428129563
v -2.60427878664493 -0.130488972877926 0.0204540428129563
v -2.70193488437065 -0.13121193052357 0.0204540428129563
v -2.79937149430303 -0.131561532536338 0.0204540428129563
v -2.89666932704796 -0.131553450710467 0.0204540428129563
v -2.99367285197262 -0.131429122233276 0.0204540428129563
v -3.08969382560639 -0.132051025757721 0.0204540428129563
v -3.18253073247733 -0.135499766765379 0.0204540428129563
v -3.26380788922337 -0.155468834992921 0.0204540428129563
v -3.76345646461669 -0.138431976481841 0.0204540428129563
v -3.83607367978983 -0.235158914395031 0.0204540428129563
v -3.93248773738928 -0.235902797062678 0.0204540428129563
v 2.13095118585395 -0.0394182124986722 0.0204540428129563
v 2.04167234339901 -0.0123579059076469 0.0204540428129563
v 1.33323589659199 0.0825884993589605 0.0204540428129563
v 1.22940966545823 0.0841745936865902 0.0204540428129563
v 1.126118889993 0.0813132594145245 0.0204540428129563
v 1.02409461323173 0.0784897502188516 0.0204540428129563
v 0.923681929845919 0.0755124974421494 0.0204540428129563
v 0.824246659122772 0.0726110674549905 0.0204540428129563
v 0.726235168290583 0.0701379683869078 0.0204540428129563
v 0.631316827147656 0.0674336356393824 0.0204540428129563
v 0.54016615899181 0.0607549320007202 0.0204540428129563
v 0.451746118674748 0.0480659456394064 0.0204540428129563
v 0.365441189793783 0.0344393462173242 0.0204540428129563
v 0.280838965385521 0.0230561513225229 0.0204540428129563
v 0.197343021336959 0.0137209801436905 0.0204540428129563
v 0.114592176729669 0.00599449471952648 0.0204540428129563
v 0.0329632644268857 -0.000292720848671019 0.0204540428129563
v -0.0469323840256738 -0.00554762981390937 0.0204540428129563
v -0.125436131321804 -0.0111259299746598 0.0204540428129563
v -0.20276741309951 -0.0172539664904499 0.0204540428129563
v -0.2790988128144 -0.0239953349641099 0.0204540428129563
v -0.354545673634193 -0.0316706544668217 0.0204540428129563
v -0.42951549949971 -0.0404961695660356 0.0204540428129563
v -0.504112184388722 -0.0503062058601697 0.0204540428129563
v -0.577485054270955 -0.0626636433081455 0.0204540428129563
v -0.651383831553414 -0.0778163613877757 0.0204540428129563
v -0.726400773155428 -0.0933159327308315 0.0204540428129563
v -0.800755287848086 -0.106568023225874 0.0204540428129563
v -0.875498754848018 -0.120943045856451 0.0204540428129563
v -0.951148219242732 -0.135993572784078 0.0204540428129563
v -1.02826942642148 -0.151155215242969 0.0204540428129563
v -1.10744377299687 -0.165730212345878 0.0204540428129563
v -1.18914748718683 -0.178826772844619 0.0204540428129563
v -1.27350910784582 -0.188425057000218 0.0204540428129563
v -1.35829867672535 -0.201562462577027 0.0204540428129563
v -1.45400646721563 -0.210438153194645 0.0204540428129563
v -1.54287588617648 -0.204735147765343 0.0204540428129563
v -1.63699470778095 -0.205673814824525 0.0204540428129563
v -1.7335770082603 -0.20749542853308 0.0204540428129563
v -1.83232071923404 -0.211712021141829 0.0204540428129563
v -1.93237505306285 -0.217020497278745 0.0204540428129563
v -2.03275151835774 -0.22210778533115 0.0204540428129563
v -2.13282526367896 -0.226573021989304 0.0204540428129563
v -2.23234832442359 -0.230364448570425 0.0204540428129563
v -2.33128283042936 -0.233506049320211 0.0204540428129563
v -2.4296695042318 -0.236024293590302 0.0204540428129563
v -2.52758592883702 -0.237955090780757 0.0204540428129563
v -2.62508761925896 -0.239352061355452 0.0204540428129563
v -2.72220233012699 -0.240269241342627 0.0204540428129563
v -2.81885851164731 -0.240774248576659 0.0204540428129563
v -2.91482362005086 -0.2410682508841 0.0204540428129563
v -3.00966854032007 -0.24174382177719 0.0204540428129563
v -3.10281432345078 -0.244147675926004 0.0204540428129563
v -3.19369201271206 -0.253363802943784 0.0204540428129563
v -3.29005365189361 -0.256894549530825 0.0204540428129563
v -3.38421337051842 -0.247046881152002 0.0204540428129563
v -3.48014930436891 -0.242389459231495 0.0204540428129563
v -3.57562441346874 -0.240113597623118 0.0204540428129563
v -3.66835293858876 -0.241237307708926 0.0204540428129563
v -3.75005601699523 -0.261067315028178 0.0204540428129563
v -4.03525405311056 -0.258895672617283 0.0204540428129563
v 1.9369023793057 -0.0188398268459277 0.0204540428129563
v 1.83598434989946 -0.00235607845756044 0.0204540428129563
v 1.73229251398648 0.00780920008297806 0.0204540428129563
v 1.62842335866354 0.010241460609247 0.0204540428129563
v 1.52243785629742 0.00456599557119412 0.0204540428129563
v 1.41750044798601 -0.00830453905340617 0.0204540428129563
v 1.3107407312303 -0.0194768583643894 0.0204540428129563
v 1.20760182045094 -0.0215769722742804 0.0204540428129563
v 1.10582422271092 -0.0250057058468315 0.0204540428129563
v 1.00560313601604 -0.0284361243703017 0.0204540428129563
v 0.906648523983285 -0.0315181270633281 0.0204540428129563
v 0.808912092698186 -0.0342086068724259 0.0204540428129563
v 0.713154089612098 -0.0366279136453971 0.0204540428129563
v 0.620226079684082 -0.0397146145469832 0.0204540428129563
v 0.530126560194255 -0.0451741685387044 0.0204540428129563
v 0.44224117120863 -0.0529853047889159 0.0204540428129563
v 0.356183843934867 -0.0612975148549046 0.0204540428129563
v 0.271549372681581 -0.0690696135038386 0.0204540428129563
v 0.187996334490908 -0.0761257285156717 0.0204540428129563
v 0.105464022729413 -0.0825356463662202 0.0204540428129563
v 0.0241806354854854 -0.0883963833899463 0.0204540428129563
v -0.0557145364930777 -0.0940650444375848 0.0204540428129563
v -0.134372560521421 -0.100057817613847 0.0204540428129563
v -0.211941164096135 -0.106507296457958 0.0204540428129563
v -0.288536262665346 -0.113542770427078 0.0204540428129563
v -0.364320327536377 -0.121349898591238 0.0204540428129563
v -0.43943054426909 -0.130067224120095 0.0204540428129563
v -0.513812918516597 -0.140204974633047 0.0204540428129563
v -0.588104356100665 -0.152091610419537 0.0204540428129563
v -0.663032424711076 -0.165216372099916 0.0204540428129563
v -0.738587125564299 -0.178357412990588 0.0204540428129563
v -0.814389727078122 -0.191130522859561 0.0204540428129563
v -0.890944481668927 -0.204721478488056 0.0204540428129563
v -0.968620641365908 -0.218724318482797 0.0204540428129563
v -1.04782334589338 -0.232589567175305 0.0204540428129563
v -1.1289255132564 -0.245806110282494 0.0204540428129563
v -1.21203848975349 -0.257650856222798 0.0204540428129563
v -1.29661687149438 -0.269558612446882 0.0204540428129563
v -1.3855242198371 -0.280786072014498 0.0204540428129563
v -1.47645602326421 -0.288546017175785 0.0204540428129563
v -1.56771893460857 -0.291610834790305 0.0204540428129563
v -1.66170468676599 -0.297735227522825 0.0204540428129563
v -1.75763967136716 -0.304984381554958 0.0204540428129563
v -1.85505304312382 -0.313000507625833 0.0204540428129563
v -1.95335506823718 -0.320818837281523 0.0204540428129563
v -2.05198281754332 -0.327816918631786 0.0204540428129563
v -2.15056312558952 -0.333773673907302 0.0204540428129563
v -2.24891619868433 -0.338656916453334 0.0204540428129563
v -2.34694718799421 -0.342522571352835 0.0204540428129563
v -2.44464260778121 -0.345495180241322 0.0204540428129563
v -2.54198512765733 -0.34769745465064 0.0204540428129563
v -2.63893844972728 -0.349264731418921 0.0204540428129563
v -2.73542281326518 -0.350350458246376 0.0204540428129563
v -2.83130454185545 -0.351138085059298 0.0204540428129563
v -2.92641235067055 -0.352039364087502 0.0204540428129563
v -3.02072789617481 -0.353862996011862 0.0204540428129563
v -3.11461011335084 -0.358485595898689 0.0204540428129563
v -3.21066618358614 -0.363429393609757 0.0204540428129563
v -3.30738036783787 -0.363196952157962 0.0204540428129563
v -3.40204126246377 -0.358137310029721 0.0204540428129563
v -3.49606683355413 -0.356231601226105 0.0204540428129563
v -3.58835992244159 -0.357497447260289 0.0204540428129563
v -3.67769448789898 -0.366379022681392 0.0204540428129563
v -3.77093960123861 -0.36802453496465 0.0204540428129563
v -3.85829429395838 -0.358607948747878 0.0204540428129563
v -3.94490808439198 -0.365029987339822 0.0204540428129563
v -4.0221808932942 -0.391548068296031 0.0204540428129563
v -4.10170466095805 -0.36702293885012 0.0204540428129563
v 2.10059187067815 -0.138266408344224 0.0204540428129563
v 2.00612029155585 -0.128763915238517 0.0204540428129563
v 1.90474611177135 -0.121377477878695 0.0204540428129563
v 1.80292771773576 -0.109444949157682 0.0204540428129563
v 1.70064485290984 -0.105548188516699 0.0204540428129563
v 1.59945507777526 -0.107458788670278 0.0204540428129563
v 1.49789109115839 -0.113329626207666 0.0204540428129563
v 1.39547884940804 -0.120252465444201 0.0204540428129563
v 1.29266813235162 -0.125519096185859 0.0204540428129563
v 1.19158122561034 -0.128687517869396 0.0204540428129563
v 1.09207495477311 -0.132692394448345 0.0204540428129563
v 0.994170642199947 -0.136019414898928 0.0204540428129563
v 0.89714844378423 -0.138370174776616 0.0204540428129563
v 0.801303132999889 -0.14023985019274 0.0204540428129563
v 0.707331820688071 -0.141778655125625 0.0204540428129563
v 0.61570686390279 -0.143517823311437 0.0204540428129563
v 0.52633810034939 -0.146301431433385 0.0204540428129563
v 0.438823759987664 -0.15035386421699 0.0204540428129563
v 0.352861075105645 -0.155168677921981 0.0204540428129563
v 0.26818236323351 -0.160277459259944 0.0204540428129563
v 0.184600006186357 -0.165548871998715 0.0204540428129563
v 0.102074556544907 -0.171048331847225 0.0204540428129563
v 0.0207385807273971 -0.176770123210758 0.0204540428129563
v -0.0593290517250188 -0.182741304902077 0.0204540428129563
v -0.138210597016105 -0.189032404164419 0.0204540428129563
v -0.216022875441938 -0.195698930918947 0.0204540428129563
v -0.292899181730614 -0.20288876316864 0.0204540428129563
v -0.368961674126812 -0.210729337117956 0.0204540428129563
v -0.444331034137733 -0.219432598329394 0.0204540428129563
v -0.519321670956508 -0.229174760531326 0.0204540428129563
v -0.594436685492851 -0.239696879100452 0.0204540428129563
v -0.67016782656893 -0.250653656318573 0.0204540428129563
v -0.74669536169732 -0.262077589880334 0.0204540428129563
v -0.823974004874025 -0.274240047855894 0.0204540428129563
v -0.902118252689541 -0.287235132519663 0.0204540428129563
v -0.981310483329836 -0.300464252976953 0.0204540428129563
v -1.06185327167346 -0.313521517931851 0.0204540428129563
v -1.14403389479992 -0.326240526272123 0.0204540428129563
v -1.2278631028034 -0.33902246475427 0.0204540428129563
v -1.31398730251851 -0.351862196402628 0.0204540428129563
v -1.40231823829043 -0.363501414453598 0.0204540428129563
v -1.49262429737307 -0.373019678672951 0.0204540428129563
v -1.58468845401136 -0.382201080622002 0.0204540428129563
v -1.67863413496376 -0.393376590474396 0.0204540428129563
v -1.77387872177622 -0.405002463161158 0.0204540428129563
v -1.87014154155652 -0.416150999600702 0.0204540428129563
v -1.96720763762088 -0.426253547205171 0.0204540428129563
v -2.06471692673111 -0.434981597796656 0.0204540428129563
v -2.1623664370355 -0.442127643300543 0.0204540428129563
v -2.25995319290325 -0.44772362192573 0.0204540428129563
v -2.3573524199409 -0.451952966681171 0.0204540428129563
v -2.45449436262786 -0.455070591109988 0.0204540428129563
v -2.55132936766449 -0.457327246337829 0.0204540428129563
v -2.64779363964168 -0.458962617113653 0.0204540428129563
v -2.74380498290402 -0.460188977639931 0.0204540428129563
v -2.83932313486949 -0.461315347285353 0.0204540428129563
v -2.93440627819877 -0.462824817280288 0.0204540428129563
v -3.02935017143801 -0.465554695919388 0.0204540428129563
v -3.12504694908115 -0.469327371556578 0.0204540428129563
v -3.22140717033032 -0.472100658109214 0.0204540428129563
v -3.31708430682127 -0.471802721038987 0.0204540428129563
v -3.41143368043186 -0.470294714047185 0.0204540428129563
v -3.50513563671498 -0.472238327396914 0.0204540428129563
v -3.5977526325773 -0.478973668418353 0.0204540428129563
v -3.69077936077136 -0.486042831151404 0.0204540428129563
v -3.78184511871547 -0.487070333937492 0.0204540428129563
v -3.86945874807249 -0.487548394675946 0.0204540428129563
v -3.95498048354003 -0.500288011059947 0.0204540428129563
v -4.04409599371674 -0.503802472292523 0.0204540428129563
v -4.12388205215606 -0.49382864816034 0.0204540428129563
v 2.07137010671801 -0.249807960646992 0.0204540428129563
v 1.97088802719937 -0.241494790276966 0.0204540428129563
v 1.87314771016159 -0.226720372298174 0.0204540428129563
v 1.77211418289949 -0.220102579803696 0.0204540428129563
v 1.67599381632437 -0.222830775616965 0.0204540428129563
v 1.57750031772 -0.22410294147538 0.0204540428129563
v 1.47737836069233 -0.227955188685673 0.0204540428129563
v 1.37766173552562 -0.229441336263115 0.0204540428129563
v 1.2777135564701 -0.231931313617501 0.0204540428129563
v 1.1789055799975 -0.236463201856712 0.0204540428129563
v 1.08276335615652 -0.24098232671863 0.0204540428129563
v 0.986770887847764 -0.242951933161524 0.0204540428129563
v 0.891082146986689 -0.244032847747819 0.0204540428129563
v 0.7964189185465 -0.244469126022908 0.0204540428129563
v 0.703597245409273 -0.24404333690242 0.0204540428129563
v 0.612957580574301 -0.243048128281954 0.0204540428129563
v 0.524237318133539 -0.242587866348859 0.0204540428129563
v 0.437032556607994 -0.243601355568682 0.0204540428129563
v 0.351165025217123 -0.245993618111711 0.0204540428129563
v 0.266483515740401 -0.249288687571106 0.0204540428129563
v 0.182773702690187 -0.253468617951931 0.0204540428129563
v 0.100013933840956 -0.25864820426607 0.0204540428129563
v 0.0184219999352116 -0.264584348189494 0.0204540428129563
v -0.0618530940640564 -0.270874514783201 0.0204540428129563
v -0.14090782376798 -0.277352815139033 0.0204540428129563
v -0.218957958657947 -0.284117111992965 0.0204540428129563
v -0.296104076272023 -0.291351426808029 0.0204540428129563
v -0.372458859385082 -0.299133363927799 0.0204540428129563
v -0.448232759429977 -0.307529194601272 0.0204540428129563
v -0.523747995802711 -0.316376172331148 0.0204540428129563
v -0.599411519223617 -0.32495156912913 0.0204540428129563
v -0.675947292560945 -0.333740918526337 0.0204540428129563
v -0.753740085437422 -0.344020513232352 0.0204540428129563
v -0.832471208757341 -0.355926925332197 0.0204540428129563
v -0.911818924357692 -0.368654893037487 0.0204540428129563
v -0.99196251769838 -0.381449097664487 0.0204540428129563
v -1.0734149007358 -0.394285372343795 0.0204540428129563
v -1.15645911624988 -0.407688624604121 0.0204540428129563
v -1.2412934822787 -0.422146633669357 0.0204540428129563
v -1.3278073629612 -0.436955663837064 0.0204540428129563
v -1.41581302642709 -0.449708740154309 0.0204540428129563
v -1.50606387848118 -0.462091741554105 0.0204540428129563
v -1.59844864044035 -0.476854629746398 0.0204540428129563
v -1.69189749293603 -0.493080090196809 0.0204540428129563
v -1.78603117940149 -0.508443492369133 0.0204540428129563
v -1.88135781467834 -0.522250027729254 0.0204540428129563
v -1.9776919285304 -0.534371437283459 0.0204540428129563
v -2.07462000408298 -0.544392272245924 0.0204540428129563
v -2.17174625594755 -0.552174200461141 0.0204540428129563
v -2.26882088603351 -0.557934373484784 0.0204540428129563
v -2.36573176911811 -0.562077604695376 0.0204540428129563
v -2.46241734239149 -0.565035810021917 0.0204540428129563
v -2.55882842807863 -0.567157220250125 0.0204540428129563
v -2.65493025499691 -0.568734644625184 0.0204540428129563
v -2.75069506201979 -0.570038694433251 0.0204540428129563
v -2.8461588064761 -0.571407565607635 0.0204540428129563
v -2.94147258488305 -0.57328940862751 0.0204540428129563
v -3.0369689433986 -0.575962285481761 0.0204540428129563
v -3.13278153937526 -0.578972010589832 0.0204540428129563
v -3.22853082342293 -0.58108374581841 0.0204540428129563
v -3.32364519164959 -0.581765609992426 0.0204540428129563
v -3.41828133325565 -0.583238996039528 0.0204540428129563
v -3.51316026164961 -0.589959969089153 0.0204540428129563
v -3.60773715166023 -0.600253508551055 0.0204540428129563
v -3.70084349142962 -0.608450318735643 0.0204540428129563
v -3.79164126699149 -0.611603849349525 0.0204540428129563
v -3.88183593655276 -0.618955045667988 0.0204540428129563
v -3.97230248826197 -0.627161451364661 0.0204540428129563
v -4.05861376281405 -0.625705218858351 0.0204540428129563
v -4.13846695289389 -0.625318401982365 0.0204540428129563
v 2.0256520146908 -0.358894126064319 0.0204540428129563
v 1.92461575355522 -0.352774776728035 0.0204540428129563
v 1.83676177752422 -0.325559766392196 0.0204540428129563
v 1.75067123380691 -0.339416055663409 0.0204540428129563
v 1.65532831055504 -0.336797642437874 0.0204540428129563
v 1.55489329079627 -0.337422350737733 0.0204540428129563
v 1.4546614238255 -0.340506497479454 0.0204540428129563
v 1.35984999785231 -0.335999347590632 0.0204540428129563
v 1.26151876451764 -0.338707714250563 0.0204540428129563
v 1.16895268863663 -0.347113072826826 0.0204540428129563
v 1.07409304599084 -0.349018976327948 0.0204540428129563
v 0.978188275577938 -0.349355746393641 0.0204540428129563
v 0.882442859058403 -0.348968661026534 0.0204540428129563
v 0.788145586638125 -0.347321448477433 0.0204540428129563
v 0.696191346950315 -0.343530821118676 0.0204540428129563
v 0.606486842099115 -0.338471552988565 0.0204540428129563
v 0.518303121705338 -0.334650380205149 0.0204540428129563
v 0.431249546802236 -0.333628780069133 0.0204540428129563
v 0.345518111950316 -0.334636025952209 0.0204540428129563
v 0.260897071460593 -0.336831507893507 0.0204540428129563
v 0.176904493180737 -0.340600198340714 0.0204540428129563
v 0.09375055305982 -0.346102142325395 0.0204540428129563
v 0.0120063391971293 -0.352567806008271 0.0204540428129563
v -0.068270225635376 -0.359104186084831 0.0204540428129563
v -0.147467048831888 -0.365572609116713 0.0204540428129563
v -0.225732518863469 -0.372324656716728 0.0204540428129563
v -0.303107526994713 -0.379520661649646 0.0204540428129563
v -0.379650780589138 -0.387028990495842 0.0204540428129563
v -0.455628400114852 -0.394815650102902 0.0204540428129563
v -0.531323585144471 -0.402349217450576 0.0204540428129563
v -0.607125360009076 -0.408239014287745 0.0204540428129563
v -0.684574310386878 -0.414947132510348 0.0204540428129563
v -0.763869926432313 -0.424893319974951 0.0204540428129563
v -0.843650883998295 -0.437128636422965 0.0204540428129563
v -0.923422557419345 -0.449815830501278 0.0204540428129563
v -1.00424322067398 -0.462326102615054 0.0204540428129563
v -1.0866216480367 -0.475612172558195 0.0204540428129563
v -1.17078332334065 -0.490663208501854 0.0204540428129563
v -1.2565915555557 -0.508101975050714 0.0204540428129563
v -1.3433238666174 -0.525932150706017 0.0204540428129563
v -1.43050802143004 -0.539580453971153 0.0204540428129563
v -1.52095950218648 -0.555887102848976 0.0204540428129563
v -1.61304212758822 -0.577155772639519 0.0204540428129563
v -1.70452391251205 -0.598326471734847 0.0204540428129563
v -1.79769712780456 -0.616563724683835 0.0204540428129563
v -1.89269832266007 -0.632814486193623 0.0204540428129563
v -1.98896223210547 -0.646436207131677 0.0204540428129563
v -2.0857551000105 -0.656935769122107 0.0204540428129563
v -2.18255431670122 -0.664525541764256 0.0204540428129563
v -2.27920804929442 -0.669791583053819 0.0204540428129563
v -2.3756786408531 -0.673410098685967 0.0204540428129563
v -2.47196034186941 -0.675924523215787 0.0204540428129563
v -2.56803584847233 -0.677739190972653 0.0204540428129563
v -2.66386887950864 -0.679147136724029 0.0204540428129563
v -2.75946739343738 -0.680417211862478 0.0204540428129563
v -2.85487529100469 -0.68185544147613 0.0204540428129563
v -2.95023280587439 -0.683755298142275 0.0204540428129563
v -3.0456734121407 -0.68621571397052 0.0204540428129563
v -3.14117211993053 -0.688893366322818 0.0204540428129563
v -3.23651460088966 -0.691129478382324 0.0204540428129563
v -3.33163874256958 -0.692919543488269 0.0204540428129563
v -3.42732211440209 -0.696996650186141 0.0204540428129563
v -3.52465619163034 -0.709557854945504 0.0204540428129563
v -3.62044163935431 -0.724825204069296 0.0204540428129563
v -3.71353855498458 -0.734807589503012 0.0204540428129563
v -3.80564660169786 -0.738058382722004 0.0204540428129563
v -3.90096878722754 -0.749460540228997 0.0204540428129563
v -3.9914926498949 -0.755688728845648 0.0204540428129563
v -4.07784438155451 -0.749234950588943 0.0204540428129563
v -4.15997455260122 -0.761876198027216 0.0204540428129563
v 1.83873550532533 -0.442525104719779 0.0204540428129563
v 1.72959704054531 -0.449469548636483 0.0204540428129563
v 1.62757548727243 -0.444019669310075 0.0204540428129563
v 1.52014753478147 -0.447152436589511 0.0204540428129563
v 1.42521812590168 -0.454443869527519 0.0204540428129563
v 1.33635926124355 -0.434107319307607 0.0204540428129563
v 1.25392228599258 -0.452747598129738 0.0204540428129563
v 1.15873966369783 -0.455124195988993 0.0204540428129563
v 1.06082147963281 -0.455226132102498 0.0204540428129563
v 0.962859164479213 -0.454272674581344 0.0204540428129563
v 0.86603176467115 -0.452470576540366 0.0204540428129563
v 0.771852760375545 -0.447283724836884 0.0204540428129563
v 0.680892556484573 -0.437548795282969 0.0204540428129563
v 0.59198649639349 -0.427319200693823 0.0204540428129563
v 0.503800116222558 -0.421337437714881 0.0204540428129563
v 0.416709068382342 -0.420218734271194 0.0204540428129563
v 0.33155596082792 -0.420904397274211 0.0204540428129563
v 0.247075531804547 -0.42253804890935 0.0204540428129563
v 0.162523932603428 -0.426714176940774 0.0204540428129563
v 0.0792530470688754 -0.43333405779545 0.0204540428129563
v -0.00210071455858548 -0.440377953805343 0.0204540428129563
v -0.0823957180925271 -0.446697036827962 0.0204540428129563
v -0.161804474015818 -0.452996906582604 0.0204540428129563
v -0.240310971642856 -0.459687715907673 0.0204540428129563
v -0.317818443669089 -0.466754874685622 0.0204540428129563
v -0.394304160726955 -0.473741319063271 0.0204540428129563
v -0.470207501702554 -0.480743199092226 0.0204540428129563
v -0.545652892509643 -0.486740713892311 0.0204540428129563
v -0.620896700824722 -0.488837345568617 0.0204540428129563
v -0.699715627526004 -0.494109817007556 0.0204540428129563
v -0.780302889020526 -0.505127756389092 0.0204540428129563
v -0.859343068841324 -0.518268233434705 0.0204540428129563
v -0.939411389563505 -0.530185477205018 0.0204540428129563
v -1.02118287817821 -0.542648266689329 0.0204540428129563
v -1.10498938474053 -0.557023205766514 0.0204540428129563
v -1.19089102896561 -0.574854914443986 0.0204540428129563
v -1.27830371052114 -0.597154107219931 0.0204540428129563
v -1.36506283415439 -0.619532160425241 0.0204540428129563
v -1.44991714458651 -0.632352914333257 0.0204540428129563
v -1.54103231198526 -0.655450624157861 0.0204540428129563
v -1.62851347706258 -0.685349724687765 0.0204540428129563
v -1.71902510418936 -0.709264193990343 0.0204540428129563
v -1.812565555143 -0.730818157478879 0.0204540428129563
v -1.90837001344499 -0.749145906659293 0.0204540428129563
v -2.00509841697481 -0.763044924040234 0.0204540428129563
v -2.10173255841949 -0.772721694477207 0.0204540428129563
v -2.19811045888148 -0.77910613563814 0.0204540428129563
v -2.29427517141884 -0.783262822951451 0.0204540428129563
v -2.39032291572259 -0.786003214968966 0.0204540428129563
v -2.48626038982469 -0.787893144431999 0.0204540428129563
v -2.58204647884037 -0.789281331274753 0.0204540428129563
v -2.67764437635073 -0.790425517782663 0.0204540428129563
v -2.77304927851468 -0.79154674816956 0.0204540428129563
v -2.86830163684755 -0.792883171745406 0.0204540428129563
v -2.96350178302948 -0.794656585261992 0.0204540428129563
v -3.05874049602192 -0.796955599069251 0.0204540428129563
v -3.15404157335249 -0.799659899752958 0.0204540428129563
v -3.24929756538346 -0.802251041235682 0.0204540428129563
v -3.3448077435676 -0.80462470789026 0.0204540428129563
v -3.4423183647473 -0.810526885241672 0.0204540428129563
v -3.54357668767806 -0.832980226008059 0.0204540428129563
v -3.6391600934077 -0.854274306751934 0.0204540428129563
v -3.73316660466207 -0.86270055994407 0.0204540428129563
v -3.82753933540944 -0.860287415590624 0.0204540428129563
v -3.92907194965378 -0.884731835653067 0.0204540428129563
v -4.02541233413673 -0.87994425886593 0.0204540428129563
v -4.1066100706587 -0.867526131518113 0.0204540428129563
v 1.35710772687778 -0.544392131827251 0.0204540428129563
v 1.24519477890277 -0.554073774710489 0.0204540428129563
v 1.13999465640367 -0.555644564143035 0.0204540428129563
v 1.03792907871902 -0.555256913565618 0.0204540428129563
v 0.93791502804488 -0.553654359833368 0.0204540428129563
v 0.839584302249096 -0.550763330012081 0.0204540428129563
v 0.745771282468912 -0.53713204080924 0.0204540428129563
v 0.656077665032199 -0.517304630739184 0.0204540428129563
v 0.567055885493215 -0.50420990205575 0.0204540428129563
v 0.478041039472259 -0.499964228150164 0.0204540428129563
v 0.391522295884801 -0.50185770510007 0.0204540428129563
v 0.308028027934083 -0.502397166986207 0.0204540428129563
v 0.223167368277609 -0.503775460247735 0.0204540428129563
v 0.138252578920832 -0.510048572068329 0.0204540428129563
v 0.0563199761462366 -0.518474140516609 0.0204540428129563
v -0.0249904886474802 -0.524837805541081 0.0204540428129563
v -0.105644096142576 -0.5307076340749 0.0204540428129563
v -0.185513011945878 -0.536780044508833 0.0204540428129563
v -0.264386612721201 -0.54342426246907 0.0204540428129563
v -0.341975492515906 -0.550348823731589 0.0204540428129563
v -0.418240456925321 -0.556567263226773 0.0204540428129563
v -0.494215925289511 -0.563071543303242 0.0204540428129563
v -0.56895322885209 -0.567824119567314 0.0204540428129563
v -0.642163460877631 -0.564495440299383 0.0204540428129563
v -0.723639485613415 -0.570781935091736 0.0204540428129563
v -0.800616117025527 -0.585629854998939 0.0204540428129563
v -0.879607156326466 -0.596669854278436 0.0204540428129563
v -0.96070258523421 -0.607797831954146 0.0204540428129563
v -1.04416351655605 -0.620455587240272 0.0204540428129563
v -1.13032407822044 -0.63645681008371 0.0204540428129563
v -1.21950443652814 -0.65814047184597 0.0204540428129563
v -1.31100187290402 -0.688391800573496 0.0204540428129563
v -1.39893902592723 -0.717805251252046 0.0204540428129563
v -1.4777710884467 -0.724248198093051 0.0204540428129563
v -1.55721251414131 -0.76445922051852 0.0204540428129563
v -1.64634321625979 -0.796806294953941 0.0204540428129563
v -1.73910889098697 -0.826357375189098 0.0204540428129563
v -1.834832225038 -0.852087072099014 0.0204540428129563
v -1.9319208094288 -0.870647652832884 0.0204540428129563
v -2.02844568574791 -0.882399285991822 0.0204540428129563
v -2.12445587973093 -0.889571743467657 0.0204540428129563
v -2.22013881775521 -0.893926144082827 0.0204540428129563
v -2.31580366884492 -0.896564707817266 0.0204540428129563
v -2.41149725914414 -0.898268141793126 0.0204540428129563
v -2.50715826997533 -0.89946358542213 0.0204540428129563
v -2.6026963387676 -0.900380134642212 0.0204540428129563
v -2.69806088832289 -0.901186524946444 0.0204540428129563
v -2.7932407977893 -0.902054377916657 0.0204540428129563
v -2.88828943740534 -0.90315902792797 0.0204540428129563
v -2.98333917412927 -0.904693491814192 0.0204540428129563
v -3.07848484147474 -0.906850798480407 0.0204540428129563
v -3.17374751377041 -0.909701045080106 0.0204540428129563
v -3.26889566326928 -0.912388330946926 0.0204540428129563
v -3.36451866882233 -0.914046183430188 0.0204540428129563
v -3.4640772656547 -0.918991511168852 0.0204540428129563
v -3.56932435224505 -0.962778878853171 0.0204540428129563
v -3.66697979476182 -0.984024569380109 0.0204540428129563
v -3.76034644695065 -0.986144155310982 0.0204540428129563
v -3.84161374425928 -0.969328627066286 0.0204540428129563
v -1.47344112033099 -0.812567397555715 0.0204540428129563
v -1.57752031400258 -0.868155036344911 0.0204540428129563
v -1.67385463447356 -0.910693230070028 0.0204540428129563
v -1.76940032559844 -0.950917116959494 0.0204540428129563
v -1.86699277751964 -0.979284394461383 0.0204540428129563
v -1.96295868225861 -0.991446697149458 0.0204540428129563
v -2.05826072362685 -0.997775508933632 0.0204540428129563
v -2.15306453771676 -1.00143165400454 0.0204540428129563
v -2.24810109242866 -1.00336307123037 0.0204540428129563
v -2.34343637246778 -1.00448349955001 0.0204540428129563
v -2.43892892459905 -1.00522117808322 0.0204540428129563
v -2.53441327129847 -1.00575806182229 0.0204540428129563
v -2.62975910508916 -1.00619758076892 0.0204540428129563
v -2.72490241999538 -1.00662578710611 0.0204540428129563
v -2.81986428673663 -1.00712652150449 0.0204540428129563
v -2.91476668659067 -1.00782073576868 0.0204540428129563
v -3.00977846322403 -1.00890840362779 0.0204540428129563
v -3.10502044162691 -1.01056189605563 0.0204540428129563
v -3.20022074456532 -1.01324484994087 0.0204540428129563
v -3.29366347147977 -1.01534012961415 0.0204540428129563
v -3.38373635206724 -1.0150736431179 0.0204540428129563
v -3.47206756757162 -1.01065988176481 0.0204540428129563
f 7 1 2
f 15 2 1
f 7 12 1
f 14 1 12
f 14 15 1
f 2 3 8
f 2 16 3
f 7 2 8
f 16 2 15
f 3 4 9
f 3 17 4
f 9 8 3
f 17 3 16
f 5 10 4
f 5 4 18
f 9 4 10
f 17 18 4
f 5 6 11
f 5 19 6
f 5 11 10
f 18 19 5
f 6 13 11
f 6 23 13
f 19 29 6
f 29 23 6
f 7 8 31
f 7 30 12
f 31 30 7
f 9 32 8
f 31 8 32
f 10 33 9
f 9 33 32
f 11 34 10
f 33 10 34
f 20 11 13
f 20 35 11
f 34 11 35
f 12 36 14
f 30 36 12
f 13 21 20
f 13 40 21
f 23 40 13
f 15 14 24
f 24 14 22
f 22 14 36
f 16 15 25
f 24 25 15
f 17 16 26
f 26 16 25
f 17 27 18
f 17 26 27
f 18 28 19
f 27 28 18
f 19 28 29
f 20 21 37
f 53 35 20
f 54 20 37
f 53 20 54
f 38 37 21
f 38 21 59
f 40 59 21
f 22 41 24
f 39 22 36
f 41 22 39
f 23 29 47
f 47 40 23
f 42 25 24
f 42 24 41
f 43 26 25
f 42 43 25
f 27 26 44
f 44 26 43
f 27 45 28
f 27 44 45
f 46 29 28
f 46 28 45
f 29 46 47
f 30 31 48
f 30 55 36
f 48 55 30
f 49 31 32
f 49 48 31
f 50 32 33
f 32 50 49
f 33 34 51
f 51 50 33
f 52 34 35
f 52 51 34
f 53 52 35
f 39 36 55
f 38 56 37
f 37 74 54
f 37 56 75
f 37 75 74
f 38 57 56
f 38 80 57
f 59 89 38
f 80 38 89
f 60 41 39
f 55 58 39
f 58 60 39
f 67 40 47
f 40 67 59
f 42 41 61
f 41 60 61
f 43 42 62
f 61 62 42
f 44 43 63
f 43 62 63
f 44 64 45
f 64 44 63
f 46 45 65
f 45 64 65
f 47 46 66
f 46 65 66
f 66 67 47
f 48 49 68
f 55 48 76
f 76 48 68
f 69 49 50
f 69 68 49
f 70 50 51
f 69 50 70
f 71 51 52
f 71 70 51
f 53 72 52
f 52 72 71
f 53 54 73
f 53 73 72
f 74 73 54
f 55 76 58
f 56 57 77
f 97 75 56
f 56 77 98
f 56 98 97
f 77 57 78
f 103 78 57
f 80 113 57
f 103 57 113
f 79 60 58
f 76 79 58
f 67 88 59
f 88 89 59
f 82 61 60
f 60 79 81
f 60 81 82
f 61 83 62
f 61 82 83
f 84 63 62
f 62 83 84
f 64 63 85
f 84 85 63
f 64 85 65
f 87 66 65
f 65 85 86
f 86 87 65
f 87 67 66
f 88 67 87
f 68 69 90
f 68 100 76
f 90 100 68
f 69 70 91
f 91 90 69
f 92 70 71
f 91 70 92
f 71 72 93
f 71 93 92
f 72 73 94
f 93 72 94
f 95 73 74
f 95 94 73
f 75 96 74
f 74 96 95
f 96 75 97
f 76 100 79
f 78 99 77
f 77 122 98
f 122 77 99
f 99 78 101
f 78 127 101
f 103 137 78
f 127 78 137
f 81 79 102
f 79 100 102
f 80 89 112
f 80 112 113
f 82 81 105
f 104 81 102
f 104 105 81
f 106 83 82
f 82 105 106
f 84 83 107
f 107 83 106
f 84 108 85
f 84 107 108
f 86 85 108
f 86 110 87
f 86 108 109
f 110 86 109
f 110 88 87
f 89 88 111
f 88 110 111
f 89 111 112
f 114 90 91
f 123 100 90
f 123 90 114
f 114 91 92
f 115 92 93
f 115 114 92
f 93 94 116
f 116 115 93
f 95 117 94
f 116 94 117
f 95 96 118
f 118 117 95
f 96 97 119
f 119 118 96
f 98 120 97
f 97 120 119
f 98 121 120
f 98 122 121
f 101 147 99
f 146 122 99
f 146 99 147
f 123 102 100
f 125 124 101
f 147 101 124
f 125 101 151
f 127 151 101
f 102 126 104
f 102 123 126
f 113 136 103
f 103 136 137
f 104 128 105
f 104 126 128
f 106 105 129
f 105 128 129
f 107 106 130
f 130 106 129
f 107 131 108
f 107 130 131
f 108 131 109
f 110 109 133
f 131 132 109
f 133 109 132
f 110 133 111
f 134 112 111
f 111 133 134
f 112 135 113
f 135 112 134
f 135 136 113
f 115 138 114
f 114 148 123
f 148 114 138
f 115 116 139
f 138 115 139
f 117 140 116
f 139 116 140
f 118 141 117
f 117 141 140
f 142 118 119
f 141 118 142
f 143 119 120
f 142 119 143
f 121 144 120
f 144 143 120
f 121 122 145
f 145 144 121
f 122 146 145
f 148 126 123
f 149 124 125
f 124 172 147
f 149 173 124
f 124 173 172
f 125 178 149
f 190 125 151
f 190 178 125
f 126 150 128
f 126 148 150
f 127 137 161
f 127 162 151
f 162 127 161
f 128 153 129
f 150 152 128
f 153 128 152
f 130 129 154
f 129 153 154
f 155 131 130
f 155 130 154
f 155 132 131
f 133 132 157
f 132 155 156
f 132 156 157
f 133 157 134
f 135 134 158
f 134 157 158
f 135 159 136
f 158 159 135
f 136 160 137
f 136 159 160
f 137 160 161
f 139 163 138
f 138 174 148
f 174 138 163
f 139 140 164
f 164 163 139
f 140 141 165
f 140 165 164
f 166 141 142
f 166 165 141
f 142 143 167
f 166 142 167
f 143 144 168
f 167 143 168
f 145 169 144
f 168 144 169
f 145 146 170
f 145 170 169
f 147 171 146
f 171 170 146
f 147 172 171
f 150 148 174
f 149 201 173
f 178 175 149
f 203 149 175
f 203 201 149
f 152 150 177
f 177 150 174
f 151 162 190
f 180 153 152
f 179 152 177
f 152 179 180
f 154 153 181
f 153 180 181
f 182 155 154
f 182 154 181
f 155 183 156
f 183 155 182
f 184 157 156
f 184 156 183
f 185 158 157
f 184 185 157
f 185 159 158
f 159 186 160
f 159 185 186
f 160 187 161
f 186 187 160
f 162 161 188
f 188 161 187
f 162 188 189
f 189 190 162
f 191 163 164
f 202 174 163
f 202 163 191
f 192 164 165
f 191 164 192
f 166 193 165
f 193 192 165
f 166 167 194
f 193 166 194
f 168 195 167
f 195 194 167
f 168 169 196
f 168 196 195
f 169 170 197
f 169 197 196
f 170 171 198
f 197 170 198
f 171 172 199
f 199 198 171
f 172 173 200
f 200 199 172
f 201 200 173
f 202 177 174
f 176 203 175
f 176 175 207
f 175 178 207
f 204 203 176
f 204 176 205
f 236 205 176
f 249 176 207
f 236 176 249
f 206 179 177
f 206 177 202
f 219 178 190
f 219 207 178
f 179 209 180
f 206 208 179
f 208 209 179
f 180 210 181
f 210 180 209
f 181 211 182
f 210 211 181
f 212 183 182
f 182 211 212
f 184 183 212
f 184 214 185
f 184 212 213
f 213 214 184
f 185 214 186
f 215 187 186
f 215 186 214
f 216 188 187
f 216 187 215
f 188 217 189
f 216 217 188
f 190 189 218
f 217 218 189
f 219 190 218
f 220 191 192
f 191 233 202
f 220 233 191
f 221 192 193
f 221 220 192
f 194 222 193
f 222 221 193
f 223 194 195
f 223 222 194
f 224 195 196
f 224 223 195
f 196 197 225
f 225 224 196
f 197 198 226
f 226 225 197
f 227 198 199
f 227 226 198
f 228 199 200
f 199 228 227
f 201 229 200
f 200 229 228
f 203 230 201
f 201 230 229
f 233 206 202
f 204 231 203
f 231 230 203
f 232 204 205
f 231 204 260
f 232 261 204
f 204 261 260
f 232 205 234
f 205 266 234
f 279 205 236
f 266 205 279
f 206 235 208
f 206 233 235
f 219 248 207
f 249 207 248
f 209 208 238
f 237 208 235
f 237 238 208
f 209 239 210
f 209 238 239
f 211 210 240
f 239 240 210
f 211 241 212
f 240 241 211
f 212 241 213
f 243 214 213
f 242 213 241
f 213 242 243
f 215 214 243
f 245 216 215
f 215 243 244
f 245 215 244
f 217 216 246
f 216 245 246
f 247 218 217
f 247 217 246
f 219 218 248
f 247 248 218
f 250 220 221
f 220 262 233
f 262 220 250
f 250 221 222
f 222 223 251
f 251 250 222
f 223 224 252
f 251 223 252
f 224 225 253
f 252 224 253
f 226 254 225
f 254 253 225
f 226 227 255
f 255 254 226
f 227 228 256
f 255 227 256
f 228 229 257
f 256 228 257
f 230 258 229
f 258 257 229
f 231 259 230
f 230 259 258
f 231 260 259
f 234 263 232
f 261 232 291
f 232 263 292
f 232 292 291
f 262 235 233
f 234 264 263
f 234 297 264
f 266 311 234
f 311 297 234
f 237 235 262
f 236 249 278
f 279 236 278
f 237 267 238
f 265 237 262
f 265 267 237
f 239 238 268
f 267 268 238
f 239 269 240
f 269 239 268
f 240 270 241
f 270 240 269
f 270 242 241
f 243 242 272
f 270 271 242
f 271 272 242
f 272 244 243
f 245 244 274
f 273 244 272
f 274 244 273
f 275 246 245
f 274 275 245
f 276 247 246
f 275 276 246
f 247 277 248
f 276 277 247
f 277 249 248
f 277 278 249
f 250 251 280
f 250 293 262
f 250 280 293
f 252 281 251
f 280 251 281
f 252 253 282
f 282 281 252
f 253 254 283
f 253 283 282
f 255 284 254
f 284 283 254
f 256 285 255
f 255 285 284
f 256 257 286
f 256 286 285
f 258 287 257
f 257 287 286
f 259 288 258
f 258 288 287
f 289 259 260
f 289 288 259
f 290 260 261
f 289 260 290
f 291 290 261
f 265 262 293
f 263 264 325
f 292 263 324
f 263 325 324
f 264 295 294
f 325 264 294
f 264 330 295
f 345 264 297
f 330 264 345
f 298 267 265
f 296 265 293
f 296 298 265
f 279 310 266
f 266 310 311
f 267 299 268
f 298 299 267
f 268 300 269
f 268 299 300
f 301 270 269
f 301 269 300
f 301 271 270
f 303 272 271
f 271 301 302
f 303 271 302
f 273 272 303
f 305 274 273
f 304 273 303
f 273 304 305
f 274 306 275
f 306 274 305
f 275 307 276
f 275 306 307
f 276 308 277
f 307 308 276
f 277 308 278
f 278 309 279
f 278 308 309
f 309 310 279
f 280 281 312
f 280 326 293
f 280 312 326
f 281 282 313
f 281 313 312
f 283 314 282
f 314 313 282
f 283 284 315
f 315 314 283
f 284 285 316
f 316 315 284
f 286 317 285
f 317 316 285
f 287 318 286
f 286 318 317
f 319 287 288
f 287 319 318
f 320 288 289
f 319 288 320
f 289 290 321
f 320 289 321
f 291 322 290
f 290 322 321
f 292 323 291
f 291 323 322
f 323 292 324
f 296 293 326
f 404 294 295
f 294 403 325
f 404 403 294
f 295 328 327
f 295 327 404
f 295 568 328
f 295 330 568
f 298 296 331
f 296 326 329
f 296 329 331
f 344 297 311
f 345 297 344
f 299 298 332
f 331 332 298
f 299 333 300
f 332 333 299
f 301 300 334
f 333 334 300
f 301 335 302
f 335 301 334
f 302 336 303
f 336 302 335
f 303 336 304
f 305 304 338
f 304 336 337
f 337 338 304
f 306 305 339
f 305 338 339
f 306 340 307
f 340 306 339
f 307 341 308
f 340 341 307
f 308 342 309
f 341 342 308
f 309 343 310
f 309 342 343
f 311 310 343
f 343 344 311
f 390 312 313
f 456 326 312
f 456 312 390
f 313 314 391
f 313 391 390
f 315 392 314
f 314 392 391
f 315 316 393
f 392 315 393
f 394 316 317
f 393 316 394
f 318 395 317
f 394 317 395
f 318 319 396
f 396 395 318
f 319 320 397
f 319 397 396
f 320 321 398
f 397 320 398
f 399 321 322
f 398 321 399
f 323 400 322
f 399 322 400
f 323 324 401
f 401 400 323
f 402 324 325
f 401 324 402
f 402 325 403
f 456 329 326
f 457 327 328
f 327 831 404
f 833 327 457
f 833 831 327
f 457 328 513
f 513 328 569
f 328 568 569
f 329 623 331
f 456 567 329
f 329 567 623
f 345 638 330
f 638 568 330
f 332 331 624
f 331 623 624
f 333 332 625
f 332 624 625
f 334 333 626
f 626 333 625
f 627 335 334
f 627 334 626
f 628 336 335
f 335 627 628
f 629 337 336
f 629 336 628
f 630 338 337
f 630 337 629
f 631 339 338
f 630 631 338
f 340 339 632
f 632 339 631
f 341 340 633
f 340 632 633
f 342 341 634
f 341 633 634
f 343 342 635
f 635 342 634
f 344 343 636
f 343 635 636
f 637 345 344
f 637 344 636
f 345 637 638
f 411 347 346
f 346 347 741
f 346 409 410
f 346 802 409
f 410 411 346
f 740 346 741
f 740 802 346
f 348 347 412
f 348 742 347
f 412 347 411
f 347 742 741
f 349 348 413
f 349 743 348
f 413 348 412
f 348 743 742
f 350 349 414
f 350 744 349
f 414 349 413
f 744 743 349
f 415 351 350
f 351 745 350
f 415 350 414
f 745 744 350
f 416 352 351
f 351 352 746
f 351 415 416
f 746 745 351
f 353 352 417
f 747 352 353
f 416 417 352
f 352 747 746
f 354 353 418
f 748 353 354
f 417 418 353
f 353 748 747
f 354 419 355
f 749 354 355
f 418 419 354
f 748 354 749
f 355 420 356
f 355 356 750
f 355 419 420
f 749 355 750
f 356 421 357
f 357 751 356
f 420 421 356
f 750 356 751
f 357 422 358
f 357 358 752
f 422 357 421
f 752 751 357
f 423 359 358
f 358 359 753
f 422 423 358
f 753 752 358
f 424 360 359
f 754 359 360
f 423 424 359
f 753 359 754
f 360 425 361
f 360 361 755
f 424 425 360
f 360 755 754
f 361 426 362
f 756 361 362
f 425 426 361
f 756 755 361
f 363 362 427
f 362 363 757
f 427 362 426
f 362 757 756
f 364 363 428
f 758 363 364
f 363 427 428
f 363 758 757
f 364 429 365
f 364 365 759
f 429 364 428
f 364 759 758
f 366 365 430
f 760 365 366
f 430 365 429
f 759 365 760
f 431 367 366
f 761 366 367
f 431 366 430
f 761 760 366
f 368 367 432
f 367 368 762
f 367 431 432
f 762 761 367
f 433 369 368
f 763 368 369
f 433 368 432
f 762 368 763
f 434 370 369
f 369 370 764
f 434 369 433
f 369 764 763
f 435 371 370
f 371 765 370
f 434 435 370
f 764 370 765
f 436 372 371
f 371 372 766
f 371 435 436
f 371 766 765
f 373 372 437
f 373 767 372
f 437 372 436
f 767 766 372
f 438 374 373
f 373 374 768
f 373 437 438
f 373 768 767
f 439 375 374
f 375 769 374
f 374 438 439
f 768 374 769
f 376 375 440
f 770 375 376
f 440 375 439
f 769 375 770
f 441 377 376
f 771 376 377
f 441 376 440
f 771 770 376
f 378 377 442
f 772 377 378
f 377 441 442
f 771 377 772
f 378 443 379
f 379 773 378
f 442 443 378
f 773 772 378
f 379 444 380
f 774 379 380
f 443 444 379
f 379 774 773
f 380 445 381
f 381 775 380
f 444 445 380
f 380 775 774
f 382 381 446
f 381 382 776
f 445 446 381
f 776 775 381
f 382 447 383
f 383 777 382
f 446 447 382
f 382 777 776
f 384 383 448
f 384 778 383
f 383 447 448
f 383 778 777
f 385 384 449
f 384 385 779
f 449 384 448
f 779 778 384
f 386 385 450
f 780 385 386
f 450 385 449
f 385 780 779
f 451 387 386
f 781 386 387
f 451 386 450
f 386 781 780
f 452 388 387
f 782 387 388
f 452 387 451
f 781 387 782
f 453 389 388
f 389 783 388
f 453 388 452
f 783 782 388
f 389 453 454
f 454 803 389
f 389 803 783
f 390 391 809
f 456 390 877
f 390 809 877
f 391 392 810
f 809 391 810
f 392 393 811
f 811 810 392
f 394 812 393
f 811 393 812
f 394 395 813
f 812 394 813
f 396 814 395
f 813 395 814
f 396 397 815
f 815 814 396
f 398 817 397
f 397 817 815
f 398 399 819
f 398 819 817
f 399 400 821
f 399 821 819
f 400 401 823
f 821 400 823
f 402 825 401
f 825 823 401
f 402 403 827
f 402 827 825
f 829 403 404
f 403 829 827
f 404 831 829
f 406 405 462
f 799 405 406
f 461 405 460
f 852 460 405
f 405 461 462
f 798 405 799
f 405 798 852
f 407 406 463
f 800 406 407
f 463 406 462
f 800 799 406
f 464 408 407
f 407 408 801
f 464 407 463
f 407 801 800
f 465 409 408
f 409 802 408
f 465 408 464
f 801 408 802
f 466 410 409
f 409 465 466
f 411 410 467
f 467 410 466
f 468 412 411
f 467 468 411
f 412 469 413
f 412 468 469
f 413 470 414
f 413 469 470
f 414 471 415
f 414 470 471
f 416 415 472
f 415 471 472
f 417 416 473
f 416 472 473
f 417 474 418
f 473 474 417
f 418 475 419
f 418 474 475
f 419 476 420
f 419 475 476
f 420 477 421
f 476 477 420
f 478 422 421
f 421 477 478
f 479 423 422
f 479 422 478
f 423 480 424
f 479 480 423
f 481 425 424
f 481 424 480
f 425 482 426
f 482 425 481
f 483 427 426
f 483 426 482
f 428 427 484
f 484 427 483
f 429 428 485
f 484 485 428
f 430 429 486
f 486 429 485
f 431 430 487
f 430 486 487
f 432 431 488
f 488 431 487
f 433 432 489
f 432 488 489
f 490 434 433
f 490 433 489
f 491 435 434
f 491 434 490
f 436 435 492
f 492 435 491
f 436 493 437
f 492 493 436
f 494 438 437
f 437 493 494
f 439 438 495
f 438 494 495
f 440 439 496
f 496 439 495
f 440 497 441
f 440 496 497
f 442 441 498
f 441 497 498
f 443 442 499
f 442 498 499
f 500 444 443
f 499 500 443
f 501 445 444
f 444 500 501
f 502 446 445
f 502 445 501
f 503 447 446
f 503 446 502
f 448 447 504
f 504 447 503
f 505 449 448
f 448 504 505
f 450 449 506
f 505 506 449
f 451 450 507
f 506 507 450
f 452 451 508
f 508 451 507
f 453 452 509
f 452 508 509
f 454 453 510
f 453 509 510
f 455 454 511
f 804 454 455
f 510 511 454
f 804 803 454
f 455 511 512
f 853 455 512
f 804 455 853
f 456 877 567
f 513 458 457
f 457 458 836
f 835 833 457
f 457 836 835
f 878 458 513
f 858 836 458
f 878 858 458
f 460 459 514
f 852 459 460
f 459 892 514
f 852 851 459
f 851 871 459
f 459 871 892
f 460 515 461
f 515 460 514
f 462 461 516
f 461 515 516
f 462 517 463
f 516 517 462
f 518 464 463
f 517 518 463
f 464 519 465
f 518 519 464
f 465 520 466
f 465 519 520
f 466 521 467
f 466 520 521
f 522 468 467
f 521 522 467
f 523 469 468
f 523 468 522
f 470 469 524
f 524 469 523
f 525 471 470
f 524 525 470
f 471 526 472
f 526 471 525
f 472 527 473
f 527 472 526
f 473 528 474
f 473 527 528
f 474 529 475
f 528 529 474
f 476 475 530
f 475 529 530
f 476 531 477
f 531 476 530
f 477 532 478
f 531 532 477
f 478 533 479
f 532 533 478
f 534 480 479
f 533 534 479
f 481 480 535
f 535 480 534
f 482 481 536
f 536 481 535
f 483 482 537
f 536 537 482
f 483 538 484
f 483 537 538
f 539 485 484
f 538 539 484
f 485 540 486
f 485 539 540
f 541 487 486
f 486 540 541
f 488 487 542
f 487 541 542
f 488 543 489
f 488 542 543
f 544 490 489
f 489 543 544
f 545 491 490
f 545 490 544
f 492 491 546
f 546 491 545
f 493 492 547
f 546 547 492
f 494 493 548
f 548 493 547
f 494 549 495
f 549 494 548
f 495 550 496
f 495 549 550
f 497 496 551
f 496 550 551
f 498 497 552
f 552 497 551
f 499 498 553
f 498 552 553
f 554 500 499
f 553 554 499
f 501 500 555
f 555 500 554
f 501 556 502
f 555 556 501
f 502 557 503
f 502 556 557
f 503 558 504
f 503 557 558
f 505 504 559
f 504 558 559
f 506 505 560
f 559 560 505
f 506 561 507
f 560 561 506
f 507 562 508
f 507 561 562
f 509 508 563
f 508 562 563
f 509 564 510
f 509 563 564
f 565 511 510
f 565 510 564
f 511 566 512
f 511 565 566
f 512 566 893
f 512 872 853
f 872 512 893
f 899 513 569
f 878 513 899
f 515 514 571
f 570 571 514
f 514 892 570
f 572 516 515
f 515 571 572
f 517 516 573
f 516 572 573
f 574 518 517
f 573 574 517
f 518 575 519
f 574 575 518
f 520 519 576
f 519 575 576
f 521 520 577
f 576 577 520
f 578 522 521
f 578 521 577
f 523 522 579
f 579 522 578
f 580 524 523
f 523 579 580
f 581 525 524
f 524 580 581
f 582 526 525
f 582 525 581
f 583 527 526
f 583 526 582
f 528 527 584
f 583 584 527
f 585 529 528
f 584 585 528
f 529 586 530
f 585 586 529
f 530 587 531
f 586 587 530
f 588 532 531
f 531 587 588
f 532 589 533
f 532 588 589
f 533 590 534
f 589 590 533
f 535 534 591
f 590 591 534
f 536 535 592
f 535 591 592
f 537 536 593
f 536 592 593
f 537 594 538
f 593 594 537
f 538 595 539
f 594 595 538
f 539 596 540
f 595 596 539
f 541 540 597
f 540 596 597
f 541 598 542
f 541 597 598
f 542 599 543
f 542 598 599
f 543 600 544
f 600 543 599
f 544 601 545
f 600 601 544
f 546 545 602
f 601 602 545
f 546 603 547
f 603 546 602
f 547 604 548
f 547 603 604
f 548 605 549
f 548 604 605
f 549 606 550
f 605 606 549
f 550 607 551
f 550 606 607
f 552 551 608
f 551 607 608
f 552 609 553
f 552 608 609
f 610 554 553
f 553 609 610
f 555 554 611
f 554 610 611
f 555 612 556
f 555 611 612
f 557 556 613
f 613 556 612
f 557 614 558
f 557 613 614
f 558 615 559
f 558 614 615
f 616 560 559
f 616 559 615
f 617 561 560
f 616 617 560
f 618 562 561
f 561 617 618
f 562 619 563
f 618 619 562
f 620 564 563
f 620 563 619
f 621 565 564
f 621 564 620
f 566 565 622
f 565 621 622
f 566 622 914
f 566 914 893
f 567 898 623
f 567 877 898
f 568 935 569
f 568 638 935
f 899 569 937
f 569 935 936
f 937 569 936
f 570 639 571
f 639 570 952
f 892 913 570
f 913 952 570
f 571 640 572
f 571 639 640
f 572 641 573
f 572 640 641
f 573 642 574
f 641 642 573
f 643 575 574
f 643 574 642
f 576 575 644
f 644 575 643
f 577 576 645
f 645 576 644
f 578 577 646
f 577 645 646
f 578 647 579
f 646 647 578
f 579 648 580
f 647 648 579
f 580 649 581
f 648 649 580
f 650 582 581
f 581 649 650
f 583 582 651
f 582 650 651
f 583 652 584
f 583 651 652
f 584 653 585
f 652 653 584
f 585 654 586
f 653 654 585
f 587 586 655
f 586 654 655
f 588 587 656
f 655 656 587
f 588 657 589
f 588 656 657
f 658 590 589
f 658 589 657
f 659 591 590
f 659 590 658
f 660 592 591
f 659 660 591
f 593 592 661
f 661 592 660
f 594 593 662
f 593 661 662
f 663 595 594
f 662 663 594
f 664 596 595
f 664 595 663
f 597 596 665
f 665 596 664
f 666 598 597
f 666 597 665
f 667 599 598
f 667 598 666
f 599 668 600
f 599 667 668
f 669 601 600
f 668 669 600
f 602 601 670
f 670 601 669
f 603 602 671
f 602 670 671
f 604 603 672
f 671 672 603
f 673 605 604
f 604 672 673
f 606 605 674
f 674 605 673
f 606 675 607
f 675 606 674
f 608 607 676
f 676 607 675
f 609 608 677
f 608 676 677
f 609 678 610
f 609 677 678
f 611 610 679
f 679 610 678
f 612 611 680
f 680 611 679
f 612 681 613
f 680 681 612
f 613 682 614
f 681 682 613
f 614 683 615
f 614 682 683
f 616 615 684
f 684 615 683
f 685 617 616
f 685 616 684
f 617 686 618
f 617 685 686
f 618 687 619
f 686 687 618
f 620 619 688
f 687 688 619
f 620 689 621
f 688 689 620
f 953 622 621
f 621 689 953
f 622 954 914
f 954 622 953
f 624 623 920
f 919 623 898
f 919 920 623
f 921 625 624
f 921 624 920
f 922 626 625
f 922 625 921
f 627 626 923
f 626 922 923
f 627 924 628
f 924 627 923
f 628 925 629
f 628 924 925
f 630 629 926
f 629 925 926
f 927 631 630
f 630 926 927
f 631 928 632
f 927 928 631
f 632 929 633
f 632 928 929
f 634 633 930
f 930 633 929
f 634 931 635
f 930 931 634
f 932 636 635
f 635 931 932
f 933 637 636
f 933 636 932
f 934 638 637
f 637 933 934
f 935 638 934
f 640 639 970
f 969 639 952
f 970 639 969
f 640 971 641
f 640 970 971
f 972 642 641
f 641 971 972
f 643 642 973
f 972 973 642
f 643 690 644
f 643 973 690
f 644 691 645
f 644 690 691
f 646 645 692
f 691 692 645
f 693 647 646
f 646 692 693
f 694 648 647
f 647 693 694
f 695 649 648
f 648 694 695
f 650 649 696
f 696 649 695
f 697 651 650
f 696 697 650
f 652 651 698
f 698 651 697
f 652 699 653
f 652 698 699
f 700 654 653
f 699 700 653
f 655 654 701
f 700 701 654
f 656 655 702
f 655 701 702
f 657 656 703
f 703 656 702
f 658 657 704
f 704 657 703
f 659 658 705
f 704 705 658
f 706 660 659
f 659 705 706
f 660 707 661
f 706 707 660
f 662 661 708
f 661 707 708
f 662 709 663
f 708 709 662
f 663 710 664
f 663 709 710
f 665 664 711
f 664 710 711
f 666 665 712
f 712 665 711
f 667 666 713
f 713 666 712
f 668 667 714
f 667 713 714
f 669 668 715
f 715 668 714
f 670 669 716
f 669 715 716
f 671 670 717
f 670 716 717
f 671 718 672
f 717 718 671
f 673 672 719
f 672 718 719
f 720 674 673
f 673 719 720
f 675 674 721
f 720 721 674
f 722 676 675
f 721 722 675
f 677 676 723
f 723 676 722
f 724 678 677
f 723 724 677
f 679 678 725
f 724 725 678
f 726 680 679
f 726 679 725
f 727 681 680
f 680 726 727
f 682 681 728
f 728 681 727
f 729 683 682
f 682 728 729
f 684 683 730
f 730 683 729
f 731 685 684
f 730 731 684
f 686 685 732
f 732 685 731
f 733 687 686
f 686 732 733
f 687 974 688
f 733 974 687
f 975 689 688
f 975 688 974
f 689 975 953
f 987 691 690
f 986 690 973
f 986 987 690
f 988 692 691
f 988 691 987
f 693 692 989
f 988 989 692
f 694 693 990
f 989 990 693
f 694 991 695
f 991 694 990
f 696 695 992
f 695 991 992
f 696 993 697
f 696 992 993
f 994 698 697
f 697 993 994
f 699 698 995
f 994 995 698
f 996 700 699
f 699 995 996
f 997 701 700
f 997 700 996
f 702 701 998
f 998 701 997
f 999 703 702
f 702 998 999
f 704 703 1000
f 1000 703 999
f 704 1001 705
f 1000 1001 704
f 706 705 1002
f 1002 705 1001
f 706 1003 707
f 1002 1003 706
f 707 1004 708
f 707 1003 1004
f 708 1005 709
f 1004 1005 708
f 709 1006 710
f 1005 1006 709
f 710 1007 711
f 1006 1007 710
f 712 711 1008
f 1008 711 1007
f 713 712 1009
f 1009 712 1008
f 714 713 1010
f 1010 713 1009
f 715 714 1011
f 1011 714 1010
f 1012 716 715
f 1012 715 1011
f 717 716 1013
f 716 1012 1013
f 1014 718 717
f 1013 1014 717
f 718 1015 719
f 1014 1015 718
f 720 719 1016
f 719 1015 1016
f 1017 721 720
f 720 1016 1017
f 1018 722 721
f 1017 1018 721
f 723 722 1019
f 1018 1019 722
f 724 723 1020
f 1020 723 1019
f 1021 725 724
f 1020 1021 724
f 1022 726 725
f 1021 1022 725
f 727 726 1023
f 726 1022 1023
f 728 727 1024
f 1024 727 1023
f 1025 729 728
f 728 1024 1025
f 730 729 1026
f 1026 729 1025
f 1027 731 730
f 1026 1027 730
f 732 731 1028
f 731 1027 1028
f 732 1029 733
f 732 1028 1029
f 733 1029 974
f 798 735 734
f 734 735 1034
f 796 797 734
f 1098 796 734
f 734 797 798
f 734 1034 1033
f 734 1033 1098
f 736 735 799
f 1035 735 736
f 735 798 799
f 1034 735 1035
f 737 736 800
f 737 1036 736
f 800 736 799
f 1036 1035 736
f 738 737 801
f 738 1037 737
f 801 737 800
f 1037 1036 737
f 738 802 739
f 739 1038 738
f 801 802 738
f 1038 1037 738
f 739 802 740
f 739 740 1039
f 1039 1038 739
f 740 741 1040
f 1040 1039 740
f 1041 741 742
f 1040 741 1041
f 1042 742 743
f 1041 742 1042
f 744 1043 743
f 743 1043 1042
f 744 745 1044
f 1043 744 1044
f 746 1045 745
f 1044 745 1045
f 747 1046 746
f 1046 1045 746
f 747 748 1047
f 1047 1046 747
f 748 749 1048
f 1047 748 1048
f 750 1049 749
f 749 1049 1048
f 750 751 1050
f 1049 750 1050
f 751 752 1051
f 751 1051 1050
f 752 753 1052
f 1051 752 1052
f 754 1053 753
f 1052 753 1053
f 754 755 1054
f 1054 1053 754
f 1055 755 756
f 1054 755 1055
f 757 1056 756
f 756 1056 1055
f 1057 757 758
f 757 1057 1056
f 758 759 1058
f 758 1058 1057
f 1059 759 760
f 1058 759 1059
f 761 1060 760
f 1060 1059 760
f 1061 761 762
f 1060 761 1061
f 1062 762 763
f 1061 762 1062
f 764 1063 763
f 1063 1062 763
f 764 765 1064
f 764 1064 1063
f 1065 765 766
f 1064 765 1065
f 767 1066 766
f 766 1066 1065
f 767 768 1067
f 1066 767 1067
f 768 769 1068
f 768 1068 1067
f 770 1069 769
f 769 1069 1068
f 771 1070 770
f 1070 1069 770
f 1071 771 772
f 1071 1070 771
f 773 1072 772
f 772 1072 1071
f 773 774 1073
f 1073 1072 773
f 1074 774 775
f 1073 774 1074
f 1075 775 776
f 1074 775 1075
f 777 1076 776
f 1076 1075 776
f 778 1077 777
f 1077 1076 777
f 1078 778 779
f 1077 778 1078
f 779 780 1079
f 779 1079 1078
f 780 781 1080
f 1079 780 1080
f 782 1081 781
f 1081 1080 781
f 782 783 1082
f 1082 1081 782
f 784 783 803
f 784 1083 783
f 1083 1082 783
f 784 804 785
f 785 1084 784
f 784 803 804
f 1084 1083 784
f 786 785 805
f 1085 785 786
f 804 805 785
f 785 1085 1084
f 806 786 805
f 806 1099 786
f 1099 1085 786
f 787 843 788
f 787 788 1090
f 841 842 787
f 787 1115 841
f 842 843 787
f 1089 787 1090
f 1089 1115 787
f 788 844 789
f 788 789 1091
f 788 843 844
f 1090 788 1091
f 789 845 790
f 789 790 1092
f 844 845 789
f 789 1092 1091
f 846 791 790
f 790 791 1093
f 846 790 845
f 790 1093 1092
f 791 847 792
f 791 792 1094
f 846 847 791
f 791 1094 1093
f 848 793 792
f 1095 792 793
f 792 847 848
f 1094 792 1095
f 794 793 849
f 1096 793 794
f 848 849 793
f 1096 1095 793
f 795 794 850
f 1097 794 795
f 849 850 794
f 1096 794 1097
f 796 795 851
f 1098 795 796
f 851 795 850
f 1098 1097 795
f 852 797 796
f 796 851 852
f 852 798 797
f 853 805 804
f 806 805 854
f 805 853 854
f 806 855 807
f 806 807 1100
f 806 854 855
f 806 1100 1099
f 856 808 807
f 808 1101 807
f 856 807 855
f 807 1101 1100
f 857 808 856
f 857 1116 808
f 1116 1101 808
f 810 1120 809
f 1120 877 809
f 811 1121 810
f 810 1121 1120
f 1123 811 812
f 1123 1121 811
f 813 1125 812
f 1123 812 1125
f 813 814 1129
f 1127 1125 813
f 813 1129 1127
f 814 815 1129
f 815 818 816
f 816 1129 815
f 817 818 815
f 816 818 1325
f 1129 816 1130
f 1130 816 1325
f 817 820 818
f 817 819 820
f 818 820 1327
f 1325 818 1327
f 822 820 819
f 819 821 822
f 822 1329 820
f 1329 1327 820
f 821 824 822
f 821 823 824
f 824 1331 822
f 822 1331 1329
f 824 823 826
f 826 823 825
f 826 1333 824
f 824 1333 1331
f 826 825 828
f 827 828 825
f 828 1105 826
f 826 1105 1104
f 826 1104 1333
f 828 827 830
f 830 827 829
f 1106 828 830
f 1105 828 1106
f 830 829 832
f 829 831 832
f 1107 830 832
f 1107 1106 830
f 832 831 834
f 834 831 833
f 834 1108 832
f 1108 1107 832
f 834 833 835
f 1109 834 835
f 1109 1108 834
f 1110 835 836
f 1110 1109 835
f 837 836 858
f 837 1111 836
f 1110 836 1111
f 859 838 837
f 837 838 1112
f 837 858 859
f 1112 1111 837
f 860 839 838
f 1113 838 839
f 860 838 859
f 1113 1112 838
f 840 839 861
f 1114 839 840
f 861 839 860
f 1113 839 1114
f 841 840 862
f 841 1115 840
f 840 861 862
f 840 1115 1114
f 842 841 863
f 863 841 862
f 843 842 864
f 864 842 863
f 843 865 844
f 843 864 865
f 866 845 844
f 865 866 844
f 846 845 867
f 867 845 866
f 868 847 846
f 846 867 868
f 848 847 869
f 868 869 847
f 870 849 848
f 848 869 870
f 849 871 850
f 870 871 849
f 851 850 871
f 853 872 854
f 854 873 855
f 854 872 873
f 856 855 874
f 874 855 873
f 857 856 875
f 856 874 875
f 876 857 875
f 1131 857 876
f 1116 857 1131
f 859 858 879
f 878 879 858
f 859 880 860
f 859 879 880
f 860 881 861
f 880 881 860
f 861 882 862
f 882 861 881
f 862 883 863
f 862 882 883
f 863 884 864
f 883 884 863
f 865 864 885
f 884 885 864
f 865 886 866
f 885 886 865
f 887 867 866
f 866 886 887
f 867 888 868
f 887 888 867
f 889 869 868
f 868 888 889
f 869 890 870
f 889 890 869
f 891 871 870
f 870 890 891
f 871 891 892
f 873 872 894
f 893 894 872
f 873 895 874
f 894 895 873
f 874 896 875
f 874 895 896
f 876 875 897
f 897 875 896
f 1140 876 897
f 1131 876 1135
f 1140 1135 876
f 877 1139 898
f 877 1120 1139
f 900 879 878
f 878 899 900
f 880 879 901
f 900 901 879
f 902 881 880
f 880 901 902
f 882 881 903
f 903 881 902
f 883 882 904
f 882 903 904
f 883 905 884
f 905 883 904
f 885 884 906
f 884 905 906
f 885 907 886
f 885 906 907
f 908 887 886
f 908 886 907
f 888 887 909
f 909 887 908
f 910 889 888
f 910 888 909
f 911 890 889
f 911 889 910
f 912 891 890
f 911 912 890
f 913 892 891
f 912 913 891
f 894 893 915
f 893 914 915
f 894 916 895
f 894 915 916
f 896 895 917
f 917 895 916
f 897 896 918
f 917 918 896
f 897 918 1145
f 1140 897 1145
f 898 1144 919
f 898 1139 1144
f 900 899 938
f 937 938 899
f 939 901 900
f 900 938 939
f 940 902 901
f 939 940 901
f 902 941 903
f 941 902 940
f 942 904 903
f 941 942 903
f 904 943 905
f 904 942 943
f 906 905 944
f 944 905 943
f 906 945 907
f 945 906 944
f 908 907 946
f 907 945 946
f 908 947 909
f 947 908 946
f 948 910 909
f 948 909 947
f 949 911 910
f 910 948 949
f 950 912 911
f 950 911 949
f 951 913 912
f 950 951 912
f 951 952 913
f 955 915 914
f 955 914 954
f 915 956 916
f 955 956 915
f 916 957 917
f 956 957 916
f 917 1155 918
f 917 957 1155
f 1145 918 1156
f 918 1155 1156
f 919 1150 920
f 919 1144 1149
f 919 1149 1150
f 920 1151 921
f 920 1150 1151
f 922 921 1152
f 921 1151 1152
f 922 1153 923
f 1152 1153 922
f 923 1154 924
f 1154 923 1153
f 924 1154 925
f 925 1159 926
f 1154 1159 925
f 927 926 1160
f 1160 926 1159
f 927 1161 928
f 927 1160 1161
f 1162 929 928
f 1161 1162 928
f 929 1163 930
f 929 1162 1163
f 930 1164 931
f 930 1163 1164
f 932 931 1165
f 1165 931 1164
f 933 932 1166
f 1166 932 1165
f 934 933 1167
f 933 1166 1167
f 935 934 1168
f 1168 934 1167
f 935 1169 936
f 1168 1169 935
f 937 936 1170
f 936 1169 1170
f 937 1172 938
f 937 1170 1171
f 937 1171 1172
f 939 938 1173
f 938 1172 1173
f 1174 940 939
f 1173 1174 939
f 1175 941 940
f 1174 1175 940
f 942 941 958
f 958 941 1175
f 942 959 943
f 958 959 942
f 960 944 943
f 960 943 959
f 961 945 944
f 961 944 960
f 945 962 946
f 961 962 945
f 947 946 963
f 962 963 946
f 948 947 964
f 964 947 963
f 948 965 949
f 948 964 965
f 949 966 950
f 965 966 949
f 950 967 951
f 950 966 967
f 951 967 952
f 968 952 967
f 969 952 968
f 954 953 976
f 953 975 976
f 954 977 955
f 977 954 976
f 955 979 956
f 977 978 955
f 955 978 979
f 957 956 979
f 979 1176 957
f 1155 957 1176
f 958 1183 959
f 1182 958 1175
f 1182 1183 958
f 960 959 1184
f 959 1183 1184
f 1185 961 960
f 1185 960 1184
f 1186 962 961
f 1186 961 1185
f 1187 963 962
f 1187 962 1186
f 964 963 1188
f 963 1187 1188
f 965 964 1189
f 964 1188 1189
f 966 965 1190
f 1190 965 1189
f 966 1191 967
f 966 1190 1191
f 968 967 980
f 980 967 1191
f 969 968 981
f 981 968 980
f 969 981 970
f 982 971 970
f 982 970 981
f 972 971 983
f 983 971 982
f 984 973 972
f 984 972 983
f 985 973 984
f 986 973 985
f 974 1030 975
f 1029 1030 974
f 976 975 1031
f 975 1030 1031
f 1192 977 976
f 976 1031 1032
f 1192 976 1032
f 1193 978 977
f 977 1192 1193
f 979 978 1194
f 978 1193 1194
f 1194 1176 979
f 980 1198 981
f 1197 980 1191
f 980 1197 1198
f 981 1199 982
f 1198 1199 981
f 983 982 1200
f 982 1199 1200
f 1201 984 983
f 1201 983 1200
f 1202 985 984
f 1202 984 1201
f 986 985 1203
f 985 1202 1203
f 986 1203 987
f 1204 988 987
f 987 1203 1204
f 1205 989 988
f 1204 1205 988
f 990 989 1206
f 1206 989 1205
f 1207 991 990
f 1207 990 1206
f 992 991 1208
f 1208 991 1207
f 992 1209 993
f 1209 992 1208
f 993 1210 994
f 1210 993 1209
f 1211 995 994
f 994 1210 1211
f 1212 996 995
f 1212 995 1211
f 1213 997 996
f 1212 1213 996
f 997 1214 998
f 997 1213 1214
f 998 1215 999
f 998 1214 1215
f 1216 1000 999
f 1215 1216 999
f 1217 1001 1000
f 1217 1000 1216
f 1002 1001 1218
f 1217 1218 1001
f 1219 1003 1002
f 1002 1218 1219
f 1004 1003 1220
f 1219 1220 1003
f 1221 1005 1004
f 1221 1004 1220
f 1005 1222 1006
f 1005 1221 1222
f 1007 1006 1223
f 1222 1223 1006
f 1008 1007 1224
f 1224 1007 1223
f 1009 1008 1225
f 1008 1224 1225
f 1010 1009 1226
f 1009 1225 1226
f 1011 1010 1227
f 1010 1226 1227
f 1228 1012 1011
f 1228 1011 1227
f 1013 1012 1229
f 1228 1229 1012
f 1013 1230 1014
f 1230 1013 1229
f 1014 1231 1015
f 1230 1231 1014
f 1232 1016 1015
f 1231 1232 1015
f 1016 1233 1017
f 1233 1016 1232
f 1017 1234 1018
f 1017 1233 1234
f 1019 1018 1235
f 1235 1018 1234
f 1020 1019 1236
f 1235 1236 1019
f 1020 1237 1021
f 1020 1236 1237
f 1238 1022 1021
f 1237 1238 1021
f 1023 1022 1239
f 1238 1239 1022
f 1024 1023 1240
f 1023 1239 1240
f 1024 1241 1025
f 1240 1241 1024
f 1026 1025 1242
f 1025 1241 1242
f 1243 1027 1026
f 1242 1243 1026
f 1028 1027 1244
f 1243 1244 1027
f 1245 1029 1028
f 1245 1028 1244
f 1030 1029 1246
f 1245 1246 1029
f 1248 1031 1030
f 1030 1246 1247
f 1248 1030 1247
f 1249 1032 1031
f 1249 1031 1248
f 1249 1192 1032
f 1033 1034 1467
f 1305 1098 1033
f 1467 1305 1033
f 1034 1035 1468
f 1467 1034 1468
f 1469 1035 1036
f 1469 1468 1035
f 1037 1470 1036
f 1470 1469 1036
f 1472 1037 1038
f 1472 1470 1037
f 1038 1039 1474
f 1472 1038 1474
f 1040 1476 1039
f 1474 1039 1476
f 1041 1478 1040
f 1040 1478 1476
f 1042 1252 1041
f 1252 1251 1041
f 1251 1478 1041
f 1043 1253 1042
f 1253 1252 1042
f 1044 1254 1043
f 1254 1253 1043
f 1255 1044 1045
f 1255 1254 1044
f 1256 1045 1046
f 1256 1255 1045
f 1046 1047 1257
f 1257 1256 1046
f 1047 1048 1258
f 1047 1258 1257
f 1259 1048 1049
f 1258 1048 1259
f 1260 1049 1050
f 1049 1260 1259
f 1261 1050 1051
f 1261 1260 1050
f 1051 1052 1262
f 1051 1262 1261
f 1053 1263 1052
f 1052 1263 1262
f 1053 1054 1264
f 1264 1263 1053
f 1054 1055 1265
f 1265 1264 1054
f 1055 1056 1266
f 1265 1055 1266
f 1056 1057 1267
f 1266 1056 1267
f 1268 1057 1058
f 1268 1267 1057
f 1059 1269 1058
f 1268 1058 1269
f 1060 1270 1059
f 1270 1269 1059
f 1271 1060 1061
f 1271 1270 1060
f 1062 1272 1061
f 1061 1272 1271
f 1062 1063 1273
f 1062 1273 1272
f 1274 1063 1064
f 1274 1273 1063
f 1065 1275 1064
f 1274 1064 1275
f 1276 1065 1066
f 1276 1275 1065
f 1277 1066 1067
f 1277 1276 1066
f 1068 1278 1067
f 1277 1067 1278
f 1069 1279 1068
f 1068 1279 1278
f 1280 1069 1070
f 1280 1279 1069
f 1070 1071 1281
f 1070 1281 1280
f 1071 1072 1282
f 1282 1281 1071
f 1283 1072 1073
f 1282 1072 1283
f 1074 1284 1073
f 1073 1284 1283
f 1074 1075 1285
f 1284 1074 1285
f 1075 1076 1286
f 1075 1286 1285
f 1076 1077 1287
f 1286 1076 1287
f 1288 1077 1078
f 1287 1077 1288
f 1078 1079 1289
f 1078 1289 1288
f 1079 1080 1290
f 1079 1290 1289
f 1080 1081 1291
f 1290 1080 1291
f 1292 1081 1082
f 1291 1081 1292
f 1293 1082 1083
f 1082 1293 1292
f 1084 1294 1083
f 1293 1083 1294
f 1084 1085 1295
f 1295 1294 1084
f 1099 1086 1085
f 1085 1086 1480
f 1295 1085 1480
f 1100 1086 1099
f 1306 1086 1100
f 1480 1086 1306
f 1088 1087 1114
f 1087 1088 1498
f 1114 1087 1113
f 1113 1087 1319
f 1319 1087 1498
f 1089 1088 1115
f 1089 1500 1088
f 1114 1115 1088
f 1498 1088 1500
f 1090 1297 1089
f 1297 1296 1089
f 1089 1296 1500
f 1091 1298 1090
f 1090 1298 1297
f 1092 1299 1091
f 1091 1299 1298
f 1092 1093 1300
f 1092 1300 1299
f 1093 1094 1301
f 1300 1093 1301
f 1302 1094 1095
f 1301 1094 1302
f 1303 1095 1096
f 1302 1095 1303
f 1096 1097 1304
f 1096 1304 1303
f 1305 1097 1098
f 1304 1097 1305
f 1307 1100 1101
f 1100 1307 1306
f 1116 1102 1101
f 1101 1102 1308
f 1101 1308 1307
f 1102 1117 1103
f 1102 1103 1309
f 1116 1117 1102
f 1308 1102 1309
f 1118 1103 1117
f 1320 1103 1118
f 1309 1103 1320
f 1311 1104 1105
f 1311 1310 1104
f 1334 1104 1310
f 1333 1104 1334
f 1106 1312 1105
f 1105 1312 1311
f 1313 1106 1107
f 1312 1106 1313
f 1108 1314 1107
f 1314 1313 1107
f 1315 1108 1109
f 1315 1314 1108
f 1110 1316 1109
f 1109 1316 1315
f 1110 1111 1317
f 1317 1316 1110
f 1112 1318 1111
f 1318 1317 1111
f 1319 1112 1113
f 1319 1318 1112
f 1131 1117 1116
f 1118 1117 1132
f 1132 1117 1131
f 1119 1118 1133
f 1118 1119 1321
f 1118 1132 1133
f 1321 1320 1118
f 1119 1133 1134
f 1335 1119 1134
f 1321 1119 1335
f 1337 1120 1121
f 1120 1337 1139
f 1124 1122 1121
f 1337 1121 1122
f 1121 1123 1124
f 1513 1122 1124
f 1337 1122 1338
f 1338 1122 1513
f 1126 1124 1123
f 1125 1126 1123
f 1515 1124 1126
f 1513 1124 1515
f 1125 1128 1126
f 1127 1128 1125
f 1517 1126 1128
f 1515 1126 1517
f 1130 1128 1127
f 1127 1129 1130
f 1324 1128 1130
f 1323 1128 1324
f 1517 1128 1323
f 1324 1130 1326
f 1130 1325 1326
f 1132 1131 1135
f 1136 1133 1132
f 1132 1135 1136
f 1133 1137 1134
f 1137 1133 1136
f 1137 1138 1134
f 1134 1138 1339
f 1335 1134 1339
f 1136 1135 1141
f 1141 1135 1140
f 1142 1137 1136
f 1136 1141 1142
f 1143 1138 1137
f 1143 1137 1142
f 1143 1343 1138
f 1339 1138 1341
f 1138 1343 1341
f 1139 1342 1144
f 1139 1337 1342
f 1146 1141 1140
f 1140 1145 1146
f 1141 1147 1142
f 1146 1147 1141
f 1148 1143 1142
f 1147 1148 1142
f 1148 1345 1143
f 1143 1345 1343
f 1144 1344 1149
f 1144 1342 1344
f 1157 1146 1145
f 1156 1157 1145
f 1147 1146 1158
f 1157 1158 1146
f 1148 1147 1347
f 1158 1347 1147
f 1148 1525 1345
f 1525 1148 1347
f 1149 1346 1150
f 1344 1346 1149
f 1348 1151 1150
f 1150 1346 1348
f 1349 1152 1151
f 1349 1151 1348
f 1152 1350 1153
f 1350 1152 1349
f 1153 1351 1154
f 1153 1350 1351
f 1154 1352 1159
f 1154 1351 1352
f 1155 1177 1156
f 1177 1155 1176
f 1157 1156 1179
f 1178 1156 1177
f 1179 1156 1178
f 1157 1179 1158
f 1158 1179 1358
f 1158 1358 1347
f 1159 1354 1160
f 1352 1353 1159
f 1159 1353 1354
f 1160 1355 1161
f 1160 1354 1355
f 1161 1356 1162
f 1355 1356 1161
f 1163 1162 1357
f 1356 1357 1162
f 1164 1163 1357
f 1165 1164 1360
f 1357 1360 1164
f 1361 1166 1165
f 1165 1360 1361
f 1362 1167 1166
f 1166 1361 1362
f 1168 1167 1363
f 1362 1363 1167
f 1168 1364 1169
f 1363 1364 1168
f 1169 1365 1170
f 1169 1364 1365
f 1171 1170 1366
f 1366 1170 1365
f 1367 1172 1171
f 1367 1171 1366
f 1173 1172 1368
f 1368 1172 1367
f 1369 1174 1173
f 1173 1368 1369
f 1175 1174 1180
f 1369 1180 1174
f 1175 1180 1181
f 1182 1175 1181
f 1177 1176 1195
f 1195 1176 1194
f 1370 1178 1177
f 1177 1195 1196
f 1177 1196 1370
f 1179 1178 1371
f 1371 1178 1370
f 1179 1371 1358
f 1374 1181 1180
f 1373 1180 1369
f 1373 1374 1180
f 1182 1181 1375
f 1181 1374 1375
f 1375 1183 1182
f 1376 1184 1183
f 1376 1183 1375
f 1185 1184 1377
f 1377 1184 1376
f 1185 1378 1186
f 1185 1377 1378
f 1186 1379 1187
f 1378 1379 1186
f 1187 1380 1188
f 1379 1380 1187
f 1189 1188 1381
f 1188 1380 1381
f 1189 1382 1190
f 1189 1381 1382
f 1190 1383 1191
f 1383 1190 1382
f 1384 1197 1191
f 1383 1384 1191
f 1193 1192 1250
f 1249 1250 1192
f 1193 1385 1194
f 1250 1385 1193
f 1195 1194 1386
f 1194 1385 1386
f 1388 1196 1195
f 1387 1195 1386
f 1388 1195 1387
f 1370 1196 1388
f 1198 1197 1389
f 1384 1389 1197
f 1390 1199 1198
f 1198 1389 1390
f 1391 1200 1199
f 1391 1199 1390
f 1201 1200 1392
f 1392 1200 1391
f 1201 1393 1202
f 1392 1393 1201
f 1202 1394 1203
f 1393 1394 1202
f 1204 1203 1395
f 1203 1394 1395
f 1396 1205 1204
f 1204 1395 1396
f 1206 1205 1397
f 1397 1205 1396
f 1398 1207 1206
f 1397 1398 1206
f 1207 1399 1208
f 1398 1399 1207
f 1208 1400 1209
f 1399 1400 1208
f 1209 1401 1210
f 1400 1401 1209
f 1210 1402 1211
f 1401 1402 1210
f 1211 1403 1212
f 1211 1402 1403
f 1404 1213 1212
f 1403 1404 1212
f 1405 1214 1213
f 1405 1213 1404
f 1406 1215 1214
f 1406 1214 1405
f 1216 1215 1407
f 1215 1406 1407
f 1217 1216 1408
f 1216 1407 1408
f 1409 1218 1217
f 1217 1408 1409
f 1219 1218 1410
f 1410 1218 1409
f 1219 1411 1220
f 1410 1411 1219
f 1220 1412 1221
f 1220 1411 1412
f 1221 1413 1222
f 1412 1413 1221
f 1222 1414 1223
f 1222 1413 1414
f 1223 1415 1224
f 1414 1415 1223
f 1225 1224 1416
f 1224 1415 1416
f 1225 1417 1226
f 1417 1225 1416
f 1227 1226 1418
f 1418 1226 1417
f 1419 1228 1227
f 1419 1227 1418
f 1420 1229 1228
f 1228 1419 1420
f 1230 1229 1421
f 1421 1229 1420
f 1422 1231 1230
f 1230 1421 1422
f 1423 1232 1231
f 1231 1422 1423
f 1232 1424 1233
f 1423 1424 1232
f 1234 1233 1425
f 1233 1424 1425
f 1426 1235 1234
f 1425 1426 1234
f 1235 1427 1236
f 1426 1427 1235
f 1237 1236 1428
f 1236 1427 1428
f 1429 1238 1237
f 1237 1428 1429
f 1430 1239 1238
f 1430 1238 1429
f 1240 1239 1431
f 1431 1239 1430
f 1432 1241 1240
f 1240 1431 1432
f 1242 1241 1433
f 1433 1241 1432
f 1434 1243 1242
f 1433 1434 1242
f 1243 1435 1244
f 1434 1435 1243
f 1244 1436 1245
f 1244 1435 1436
f 1245 1437 1246
f 1245 1436 1437
f 1247 1246 1438
f 1437 1438 1246
f 1248 1247 1439
f 1247 1438 1439
f 1440 1249 1248
f 1248 1439 1440
f 1250 1249 1441
f 1440 1441 1249
f 1250 1442 1385
f 1441 1442 1250
f 2341 1251 1252
f 1479 1478 1251
f 1479 1251 2341
f 1253 2343 1252
f 2343 2341 1252
f 1444 1253 1254
f 1444 1443 1253
f 1443 2343 1253
f 1255 1445 1254
f 1444 1254 1445
f 1255 1256 1446
f 1446 1445 1255
f 1257 1447 1256
f 1447 1446 1256
f 1257 1258 1448
f 1448 1447 1257
f 1449 1258 1259
f 1449 1448 1258
f 1259 1260 1450
f 1259 1450 1449
f 1261 1451 1260
f 1260 1451 1450
f 1261 1262 1452
f 1452 1451 1261
f 1453 1262 1263
f 1453 1452 1262
f 1454 1263 1264
f 1454 1453 1263
f 1265 1455 1264
f 1264 1455 1454
f 1266 1456 1265
f 1456 1455 1265
f 1267 1457 1266
f 1457 1456 1266
f 1458 1267 1268
f 1458 1457 1267
f 1269 1459 1268
f 1459 1458 1268
f 1460 1269 1270
f 1460 1459 1269
f 1270 1271 1461
f 1461 1460 1270
f 1462 1271 1272
f 1461 1271 1462
f 1272 1273 1463
f 1462 1272 1463
f 1273 1274 1464
f 1463 1273 1464
f 1465 1274 1275
f 1464 1274 1465
f 1466 1275 1276
f 1466 1465 1275
f 1276 1277 2345
f 1276 2345 1466
f 1278 2345 1277
f 2347 1278 1279
f 2347 2345 1278
f 2348 1279 1280
f 2348 2347 1279
f 2349 1280 1281
f 2349 2348 1280
f 1281 1282 2350
f 1281 2350 2349
f 2351 1282 1283
f 2351 2350 1282
f 1284 2352 1283
f 1283 2352 2351
f 1285 2353 1284
f 1284 2353 2352
f 1285 1286 2354
f 1285 2354 2353
f 1287 2355 1286
f 1286 2355 2354
f 1288 2356 1287
f 2356 2355 1287
f 1288 1289 2357
f 2357 2356 1288
f 1289 1290 2358
f 1289 2358 2357
f 1290 1291 2359
f 2358 1290 2359
f 1292 2360 1291
f 1291 2360 2359
f 1292 1293 2361
f 2360 1292 2361
f 1293 1294 2362
f 2362 2361 1293
f 1295 2363 1294
f 2362 1294 2363
f 1480 1481 1295
f 1481 2364 1295
f 2364 2363 1295
f 1296 1297 2383
f 1501 1500 1296
f 2382 1501 1296
f 2382 1296 2383
f 2383 1297 1298
f 1298 1299 2384
f 2383 1298 2384
f 1299 1300 2385
f 2384 1299 2385
f 1300 1301 2386
f 2385 1300 2386
f 1301 1302 2387
f 2386 1301 2387
f 1303 2388 1302
f 2388 2387 1302
f 1304 2389 1303
f 2389 2388 1303
f 1304 1305 2390
f 1304 2390 2389
f 1467 2391 1305
f 2390 1305 2391
f 1306 1307 1483
f 1306 1482 1480
f 1482 1306 1483
f 1308 1484 1307
f 1484 1483 1307
f 1309 2397 1308
f 1308 2397 1484
f 1502 1309 1320
f 1502 2397 1309
f 1311 1489 1310
f 1310 1511 1334
f 1310 1489 1488
f 1488 1511 1310
f 1311 1312 1490
f 1490 1489 1311
f 1313 1491 1312
f 1491 1490 1312
f 1492 1313 1314
f 1492 1491 1313
f 1315 1493 1314
f 1493 1492 1314
f 1315 1316 1494
f 1315 1494 1493
f 1316 1317 1495
f 1316 1495 1494
f 1496 1317 1318
f 1496 1495 1317
f 1497 1318 1319
f 1497 1496 1318
f 1497 1319 1499
f 1498 1499 1319
f 1321 1503 1320
f 1502 1320 1503
f 1322 1321 1335
f 1504 1321 1322
f 1503 1321 1504
f 1336 1322 1335
f 1512 1322 1336
f 1322 1512 1504
f 1323 1324 1506
f 1505 1323 1506
f 1505 1518 1323
f 1517 1323 1518
f 1326 1507 1324
f 1324 1507 1506
f 1326 1325 1328
f 1327 1328 1325
f 1326 1328 1508
f 1507 1326 1508
f 1328 1327 1330
f 1327 1329 1330
f 1328 1330 1509
f 1508 1328 1509
f 1330 1329 1332
f 1332 1329 1331
f 1330 1332 1510
f 1510 1509 1330
f 1332 1331 1334
f 1333 1334 1331
f 1332 1334 1511
f 1510 1332 1511
f 1336 1335 1339
f 1336 1339 1521
f 1512 1336 1519
f 1336 1521 1519
f 1337 1338 1340
f 1340 1342 1337
f 1520 1340 1338
f 1513 2404 1338
f 2404 1520 1338
f 1339 1341 1521
f 1342 1340 1522
f 1340 1520 2406
f 2406 1522 1340
f 1341 1343 2409
f 1341 2407 1521
f 2407 1341 2409
f 1344 1342 1522
f 1345 2411 1343
f 1343 2411 2409
f 1344 1523 1346
f 1522 1523 1344
f 2413 1345 1525
f 1345 2413 2411
f 1346 1526 1348
f 1524 1346 1523
f 1524 1526 1346
f 1358 1359 1347
f 1359 1525 1347
f 1348 1528 1349
f 1348 1526 1527
f 1348 1527 1528
f 1349 1529 1350
f 1349 1528 1529
f 1351 1350 1529
f 1351 1531 1352
f 1351 1529 1531
f 1352 1532 1353
f 1352 1531 1532
f 1354 1353 1533
f 1533 1353 1532
f 1534 1355 1354
f 1354 1533 1534
f 1355 1535 1356
f 1355 1534 1535
f 1356 1536 1357
f 1356 1535 1536
f 1360 1357 1537
f 1357 1536 1537
f 1359 1358 1372
f 1371 1372 1358
f 1359 1372 1538
f 1530 1525 1359
f 1530 1359 2419
f 2419 1359 1538
f 1361 1360 1542
f 1360 1537 1542
f 1362 1361 1543
f 1543 1361 1542
f 1362 1544 1363
f 1543 1544 1362
f 1545 1364 1363
f 1545 1363 1544
f 1364 1546 1365
f 1545 1546 1364
f 1365 1547 1366
f 1365 1546 1547
f 1367 1366 1548
f 1366 1547 1548
f 1367 1549 1368
f 1549 1367 1548
f 1368 1550 1369
f 1368 1549 1550
f 1551 1373 1369
f 1551 1369 1550
f 1371 1370 1554
f 1370 1388 1554
f 1371 1555 1372
f 1554 1555 1371
f 1538 1372 1556
f 1556 1372 1555
f 1374 1373 1553
f 1552 1373 1551
f 1373 1552 1553
f 1374 1553 1375
f 1557 1376 1375
f 1375 1553 1557
f 1377 1376 1558
f 1376 1557 1558
f 1378 1377 1559
f 1377 1558 1559
f 1379 1378 1560
f 1560 1378 1559
f 1561 1380 1379
f 1561 1379 1560
f 1381 1380 1562
f 1380 1561 1562
f 1381 1563 1382
f 1563 1381 1562
f 1382 1564 1383
f 1382 1563 1564
f 1384 1383 1565
f 1383 1564 1565
f 1384 1566 1389
f 1565 1566 1384
f 1386 1385 1577
f 1577 1385 1442
f 1387 1386 1578
f 1578 1386 1577
f 1387 1579 1388
f 1579 1387 1578
f 1388 1580 1554
f 1579 1580 1388
f 1389 1568 1390
f 1566 1567 1389
f 1389 1567 1568
f 1391 1390 1569
f 1390 1568 1569
f 1392 1391 1570
f 1569 1570 1391
f 1571 1393 1392
f 1570 1571 1392
f 1572 1394 1393
f 1572 1393 1571
f 1395 1394 1573
f 1572 1573 1394
f 1574 1396 1395
f 1574 1395 1573
f 1574 1397 1396
f 1581 1398 1397
f 1581 1397 1574
f 1582 1399 1398
f 1582 1398 1581
f 1583 1400 1399
f 1582 1583 1399
f 1584 1401 1400
f 1583 1584 1400
f 1585 1402 1401
f 1585 1401 1584
f 1403 1402 1586
f 1585 1586 1402
f 1403 1587 1404
f 1587 1403 1586
f 1405 1404 1588
f 1588 1404 1587
f 1405 1589 1406
f 1589 1405 1588
f 1406 1590 1407
f 1406 1589 1590
f 1408 1407 1591
f 1590 1591 1407
f 1409 1408 1592
f 1592 1408 1591
f 1409 1593 1410
f 1409 1592 1593
f 1410 1594 1411
f 1593 1594 1410
f 1411 1595 1412
f 1411 1594 1595
f 1596 1413 1412
f 1412 1595 1596
f 1413 1597 1414
f 1596 1597 1413
f 1414 1598 1415
f 1414 1597 1598
f 1599 1416 1415
f 1599 1415 1598
f 1417 1416 1600
f 1599 1600 1416
f 1418 1417 1601
f 1601 1417 1600
f 1418 1602 1419
f 1602 1418 1601
f 1603 1420 1419
f 1603 1419 1602
f 1421 1420 1604
f 1604 1420 1603
f 1605 1422 1421
f 1605 1421 1604
f 1423 1422 1606
f 1606 1422 1605
f 1423 1607 1424
f 1606 1607 1423
f 1608 1425 1424
f 1608 1424 1607
f 1609 1426 1425
f 1609 1425 1608
f 1610 1427 1426
f 1610 1426 1609
f 1428 1427 1611
f 1427 1610 1611
f 1428 1612 1429
f 1611 1612 1428
f 1430 1429 1613
f 1429 1612 1613
f 1430 1614 1431
f 1430 1613 1614
f 1431 1615 1432
f 1431 1614 1615
f 1432 1616 1433
f 1615 1616 1432
f 1434 1433 1617
f 1433 1616 1617
f 1434 1618 1435
f 1434 1617 1618
f 1436 1435 1619
f 1618 1619 1435
f 1436 1620 1437
f 1436 1619 1620
f 1437 1621 1438
f 1620 1621 1437
f 1439 1438 1622
f 1621 1622 1438
f 1440 1439 1623
f 1623 1439 1622
f 1575 1441 1440
f 1440 1624 1575
f 1440 1623 1624
f 1576 1442 1441
f 1576 1441 1575
f 1577 1442 1576
f 2303 1443 1444
f 2303 2302 1443
f 2302 2344 1443
f 2343 1443 2344
f 1445 2304 1444
f 2304 2303 1444
f 2305 1445 1446
f 1445 2305 2304
f 1447 2306 1446
f 2306 2305 1446
f 1447 1448 2307
f 1447 2307 2306
f 1448 1449 2308
f 2307 1448 2308
f 1449 1450 2309
f 2309 2308 1449
f 2310 1450 1451
f 2309 1450 2310
f 1451 1452 2311
f 2310 1451 2311
f 1453 2312 1452
f 1452 2312 2311
f 1454 2313 1453
f 1453 2313 2312
f 1454 1455 2314
f 2314 2313 1454
f 1456 2315 1455
f 2314 1455 2315
f 1456 1457 2316
f 1456 2316 2315
f 1457 1458 2317
f 2316 1457 2317
f 1459 2318 1458
f 1458 2318 2317
f 1460 2319 1459
f 2319 2318 1459
f 2320 1460 1461
f 2319 1460 2320
f 1462 2321 1461
f 1461 2321 2320
f 1462 1463 2322
f 2321 1462 2322
f 1463 1464 2323
f 2322 1463 2323
f 1465 2324 1464
f 1464 2324 2323
f 1466 2325 1465
f 2325 2324 1465
f 2325 1466 2346
f 2345 2346 1466
f 1468 2392 1467
f 2392 2391 1467
f 1469 2393 1468
f 2393 2392 1468
f 1469 1470 2395
f 1469 2395 2393
f 1471 1470 1473
f 1471 2395 1470
f 1470 1472 1473
f 1471 1473 3374
f 1471 2396 2395
f 3374 2396 1471
f 1475 1473 1472
f 1472 1474 1475
f 1475 3375 1473
f 3374 1473 3375
f 1477 1475 1474
f 1477 1474 1476
f 3376 1475 1477
f 3376 3375 1475
f 1477 1476 1479
f 1478 1479 1476
f 1479 3377 1477
f 1477 3377 3376
f 2340 1479 2342
f 2340 3377 1479
f 2342 1479 2341
f 1482 1481 1480
f 3397 1481 1482
f 3396 2364 1481
f 3396 1481 3397
f 1482 1483 3398
f 1482 3398 3397
f 1484 3399 1483
f 3398 1483 3399
f 2398 1484 2397
f 2398 3400 1484
f 1484 3400 3399
f 1485 1510 1486
f 1485 1486 2370
f 1508 1509 1485
f 2403 1508 1485
f 1509 1510 1485
f 2369 1485 2370
f 2403 1485 2369
f 1487 1486 1511
f 2371 1486 1487
f 1486 1510 1511
f 2370 1486 2371
f 1487 1511 1488
f 2372 1487 1488
f 2372 2371 1487
f 1488 1489 2373
f 1488 2373 2372
f 1490 2374 1489
f 2373 1489 2374
f 1491 2375 1490
f 2374 1490 2375
f 1491 1492 2376
f 2375 1491 2376
f 2377 1492 1493
f 2377 2376 1492
f 2378 1493 1494
f 2378 2377 1493
f 2379 1494 1495
f 2378 1494 2379
f 1496 2380 1495
f 2379 1495 2380
f 1496 1497 2381
f 2381 2380 1496
f 1497 1499 3402
f 1497 3402 2381
f 1501 1499 1498
f 1498 1500 1501
f 3402 1499 1501
f 2382 3403 1501
f 1501 3403 3402
f 1503 3415 1502
f 2397 1502 2399
f 2399 1502 3415
f 3415 1503 1504
f 1504 1512 3417
f 3415 1504 3417
f 1505 1506 2401
f 1505 3422 1518
f 2400 1505 2401
f 1505 2400 3422
f 1506 1507 2402
f 2401 1506 2402
f 1507 1508 2403
f 1507 2403 2402
f 1512 1519 3423
f 1512 3423 3417
f 1514 1513 1516
f 2404 1513 1514
f 1513 1515 1516
f 1514 1516 3419
f 2404 1514 2405
f 3419 2405 1514
f 1518 1516 1515
f 1517 1518 1515
f 3420 1516 1518
f 1516 3420 3419
f 1518 3422 3420
f 1521 3427 1519
f 1519 3426 3423
f 3427 3426 1519
f 2404 3425 1520
f 1520 3425 2406
f 1521 2407 3429
f 3429 3427 1521
f 1523 1522 2408
f 2408 1522 2406
f 1523 2410 1524
f 1523 2408 2410
f 1524 2414 1526
f 1524 2410 2412
f 2412 2414 1524
f 2413 1525 1530
f 1527 1526 2415
f 1526 2414 2415
f 1527 2416 1528
f 2415 2416 1527
f 1528 2417 1529
f 1528 2416 2417
f 2418 1531 1529
f 1529 2417 2418
f 2413 1530 3437
f 2419 3437 1530
f 2420 1532 1531
f 2420 1531 2418
f 1532 2421 1533
f 2421 1532 2420
f 1534 1533 2422
f 2421 2422 1533
f 2423 1535 1534
f 2422 2423 1534
f 1536 1535 1539
f 2423 1539 1535
f 1540 1537 1536
f 1539 1540 1536
f 1541 1537 1540
f 1541 1542 1537
f 1538 1556 2425
f 1538 2425 2419
f 2431 1540 1539
f 2430 1539 2423
f 2431 1539 2430
f 1540 2432 1541
f 2432 1540 2431
f 1541 2433 1542
f 2432 2433 1541
f 1543 1542 2433
f 1543 2434 1544
f 1543 2433 2434
f 1545 1544 2435
f 2435 1544 2434
f 1546 1545 2436
f 1545 2435 2436
f 1547 1546 2437
f 2437 1546 2436
f 1547 2438 1548
f 2438 1547 2437
f 2439 1549 1548
f 2439 1548 2438
f 2440 1550 1549
f 1549 2439 2440
f 2441 1551 1550
f 2440 2441 1550
f 2442 1552 1551
f 2441 2442 1551
f 1552 2443 1553
f 2442 2443 1552
f 1553 2444 1557
f 2444 1553 2443
f 1555 1554 2460
f 2460 1554 1580
f 1556 1555 2424
f 2424 1555 2461
f 2460 2461 1555
f 1556 2424 2425
f 1557 2446 1558
f 2444 2445 1557
f 2445 2446 1557
f 1558 2447 1559
f 1558 2446 2447
f 1559 2448 1560
f 2447 2448 1559
f 2449 1561 1560
f 1560 2448 2449
f 1562 1561 2450
f 2449 2450 1561
f 2451 1563 1562
f 1562 2450 2451
f 1563 2452 1564
f 2452 1563 2451
f 2453 1565 1564
f 2453 1564 2452
f 1565 2454 1566
f 2453 2454 1565
f 2455 1567 1566
f 2455 1566 2454
f 1568 1567 2456
f 2456 1567 2455
f 1569 1568 2457
f 2457 1568 2456
f 1569 2457 1570
f 2476 1571 1570
f 1570 2457 2476
f 1571 2477 1572
f 1571 2476 2477
f 2478 1573 1572
f 2477 2478 1572
f 1574 1573 2479
f 2478 2479 1573
f 2480 1581 1574
f 2479 2480 1574
f 1575 2501 1576
f 2501 1575 1624
f 1577 1576 2502
f 1576 2501 2502
f 1578 1577 2503
f 1577 2502 2503
f 1578 2458 1579
f 1578 2504 2458
f 1578 2503 2504
f 2459 1580 1579
f 2459 1579 2458
f 1580 2459 2460
f 1582 1581 2482
f 1581 2480 2481
f 2482 1581 2481
f 2482 1583 1582
f 2519 1584 1583
f 2482 2519 1583
f 1584 2520 1585
f 1584 2519 2520
f 1585 2521 1586
f 1585 2520 2521
f 2522 1587 1586
f 2521 2522 1586
f 2523 1588 1587
f 2522 2523 1587
f 1589 1588 2524
f 2523 2524 1588
f 1590 1589 2525
f 2525 1589 2524
f 1591 1590 2526
f 2525 2526 1590
f 1591 2527 1592
f 2526 2527 1591
f 1592 2528 1593
f 2527 2528 1592
f 1594 1593 2529
f 2528 2529 1593
f 1595 1594 2530
f 1594 2529 2530
f 1596 1595 2531
f 1595 2530 2531
f 2532 1597 1596
f 2532 1596 2531
f 1598 1597 2533
f 2533 1597 2532
f 1598 2534 1599
f 1598 2533 2534
f 1600 1599 2535
f 1599 2534 2535
f 2536 1601 1600
f 2536 1600 2535
f 2537 1602 1601
f 1601 2536 2537
f 2538 1603 1602
f 2538 1602 2537
f 1603 2539 1604
f 2538 2539 1603
f 2540 1605 1604
f 1604 2539 2540
f 1605 2541 1606
f 1605 2540 2541
f 2483 1607 1606
f 1606 2542 2483
f 2541 2542 1606
f 1607 2484 1608
f 1607 2483 2484
f 2485 1609 1608
f 2485 1608 2484
f 1610 1609 2486
f 2485 2486 1609
f 2487 1611 1610
f 2487 1610 2486
f 1612 1611 2488
f 2488 1611 2487
f 1612 2489 1613
f 1612 2488 2489
f 2490 1614 1613
f 2490 1613 2489
f 2491 1615 1614
f 2491 1614 2490
f 1615 2492 1616
f 2491 2492 1615
f 1616 2493 1617
f 1616 2492 2493
f 1617 2494 1618
f 2494 1617 2493
f 1618 2495 1619
f 2494 2495 1618
f 1619 2496 1620
f 1619 2495 2496
f 1620 2497 1621
f 1620 2496 2497
f 1622 1621 2498
f 1621 2497 2498
f 1622 2499 1623
f 1622 2498 2499
f 2500 1624 1623
f 2500 1623 2499
f 2501 1624 2500
f 1634 1626 1625
f 1625 1626 3200
f 3214 1634 1625
f 3200 3199 1625
f 1625 3199 3210
f 1625 3210 3214
f 1635 1627 1626
f 3201 1626 1627
f 1635 1626 1634
f 3200 1626 3201
f 1627 1636 1628
f 3202 1627 1628
f 1635 1636 1627
f 3202 3201 1627
f 1628 1637 1629
f 3203 1628 1629
f 1636 1637 1628
f 3202 1628 3203
f 1638 1630 1629
f 3204 1629 1630
f 1638 1629 1637
f 3203 1629 3204
f 1631 1630 1639
f 3205 1630 1631
f 1639 1630 1638
f 3204 1630 3205
f 1631 1640 1632
f 3206 1631 1632
f 1631 1639 1640
f 3205 1631 3206
f 1641 1633 1632
f 1633 3207 1632
f 1641 1632 1640
f 3207 3206 1632
f 1633 1641 1642
f 1633 1642 3211
f 3207 1633 3211
f 1634 1644 1635
f 1643 1644 1634
f 3214 1643 1634
f 1645 1636 1635
f 1644 1645 1635
f 1636 1646 1637
f 1636 1645 1646
f 1638 1637 1647
f 1646 1647 1637
f 1648 1639 1638
f 1647 1648 1638
f 1649 1640 1639
f 1649 1639 1648
f 1640 1650 1641
f 1640 1649 1650
f 1641 1651 1642
f 1641 1650 1651
f 1652 1642 1651
f 1652 3215 1642
f 1642 3215 3211
f 1643 1654 1644
f 1643 1653 1654
f 3218 1653 1643
f 3214 3218 1643
f 1655 1645 1644
f 1654 1655 1644
f 1656 1646 1645
f 1645 1655 1656
f 1657 1647 1646
f 1657 1646 1656
f 1648 1647 1658
f 1647 1657 1658
f 1649 1648 1659
f 1648 1658 1659
f 1649 1660 1650
f 1659 1660 1649
f 1661 1651 1650
f 1650 1660 1661
f 1662 1652 1651
f 1662 1651 1661
f 1663 1652 1662
f 1663 3219 1652
f 3219 3215 1652
f 1654 1653 1664
f 1664 1653 3225
f 3218 3221 1653
f 1653 3221 3225
f 1654 1665 1655
f 1664 1665 1654
f 1655 1666 1656
f 1665 1666 1655
f 1657 1656 1667
f 1656 1666 1667
f 1668 1658 1657
f 1668 1657 1667
f 1659 1658 1669
f 1658 1668 1669
f 1660 1659 1670
f 1659 1669 1670
f 1660 1671 1661
f 1660 1670 1671
f 1662 1661 1672
f 1672 1661 1671
f 1662 1673 1663
f 1662 1672 1673
f 1663 1673 1674
f 1663 1674 3222
f 3219 1663 3222
f 1676 1665 1664
f 1676 1664 1675
f 1664 3225 1675
f 1665 1677 1666
f 1665 1676 1677
f 1667 1666 1678
f 1678 1666 1677
f 1679 1668 1667
f 1678 1679 1667
f 1680 1669 1668
f 1679 1680 1668
f 1669 1681 1670
f 1680 1681 1669
f 1670 1682 1671
f 1681 1682 1670
f 1672 1671 1683
f 1683 1671 1682
f 1684 1673 1672
f 1684 1672 1683
f 1674 1673 1685
f 1685 1673 1684
f 1674 1685 1686
f 1674 1686 3226
f 3222 1674 3226
f 1675 1687 1676
f 3232 1687 1675
f 1675 3225 3228
f 3228 3232 1675
f 1688 1677 1676
f 1676 1687 1688
f 1677 1689 1678
f 1677 1688 1689
f 1678 1690 1679
f 1689 1690 1678
f 1680 1679 1691
f 1679 1690 1691
f 1692 1681 1680
f 1680 1691 1692
f 1681 1693 1682
f 1681 1692 1693
f 1694 1683 1682
f 1694 1682 1693
f 1684 1683 1694
f 1685 1684 1696
f 1684 1694 1695
f 1695 1696 1684
f 1686 1685 1697
f 1696 1697 1685
f 1686 1697 1698
f 1686 1698 3229
f 1686 3229 3226
f 1687 1699 1688
f 1687 3232 1699
f 1688 1700 1689
f 1700 1688 1699
f 1689 1701 1690
f 1701 1689 1700
f 1702 1691 1690
f 1701 1702 1690
f 1692 1691 1703
f 1703 1691 1702
f 1704 1693 1692
f 1703 1704 1692
f 1694 1693 1705
f 1704 1705 1693
f 1695 1694 1706
f 1705 1706 1694
f 1695 1707 1696
f 1706 1707 1695
f 1697 1696 1708
f 1708 1696 1707
f 1698 1697 1709
f 1708 1709 1697
f 1710 1698 1709
f 1710 3233 1698
f 1698 3233 3229
f 1711 1700 1699
f 3239 1711 1699
f 1699 3232 3235
f 3235 3239 1699
f 1712 1701 1700
f 1711 1712 1700
f 1702 1701 1713
f 1701 1712 1713
f 1702 1714 1703
f 1702 1713 1714
f 1703 1715 1704
f 1703 1714 1715
f 1716 1705 1704
f 1715 1716 1704
f 1705 1717 1706
f 1717 1705 1716
f 1717 1707 1706
f 1708 1707 1719
f 1718 1707 1717
f 1719 1707 1718
f 1720 1709 1708
f 1720 1708 1719
f 1709 1721 1710
f 1720 1721 1709
f 1722 1710 1721
f 1722 3236 1710
f 3233 1710 3236
f 1711 1723 1712
f 3239 1723 1711
f 1724 1713 1712
f 1724 1712 1723
f 1725 1714 1713
f 1725 1713 1724
f 1726 1715 1714
f 1714 1725 1726
f 1716 1715 1727
f 1726 1727 1715
f 1729 1717 1716
f 1728 1716 1727
f 1728 1729 1716
f 1718 1717 1729
f 1718 1731 1719
f 1730 1718 1729
f 1718 1730 1731
f 1719 1732 1720
f 1731 1732 1719
f 1733 1721 1720
f 1733 1720 1732
f 1721 1734 1722
f 1721 1733 1734
f 1734 1735 1722
f 3240 1722 1735
f 3236 1722 3240
f 1723 1736 1724
f 1723 3246 1736
f 1723 3239 3242
f 3242 3246 1723
f 1725 1724 1737
f 1736 1737 1724
f 1726 1725 1738
f 1725 1737 1738
f 1726 1739 1727
f 1738 1739 1726
f 1727 1739 1728
f 1729 1728 1741
f 1728 1739 1740
f 1740 1741 1728
f 1741 1730 1729
f 1743 1731 1730
f 1730 1741 1742
f 1742 1743 1730
f 1731 1744 1732
f 1743 1744 1731
f 1733 1732 1745
f 1732 1744 1745
f 1746 1734 1733
f 1745 1746 1733
f 1734 1747 1735
f 1746 1747 1734
f 1748 1735 1747
f 1748 3243 1735
f 1735 3243 3240
f 1736 1749 1737
f 1736 3250 1749
f 1736 3246 3250
f 1738 1737 1750
f 1749 1750 1737
f 1751 1739 1738
f 1738 1750 1751
f 1740 1739 1751
f 1741 1740 1753
f 1751 1752 1740
f 1740 1752 1753
f 1742 1741 1753
f 1755 1743 1742
f 1753 1754 1742
f 1742 1754 1755
f 1756 1744 1743
f 1755 1756 1743
f 1745 1744 1757
f 1757 1744 1756
f 1758 1746 1745
f 1757 1758 1745
f 1747 1746 1759
f 1746 1758 1759
f 1760 1748 1747
f 1760 1747 1759
f 1760 1761 1748
f 3247 1748 1761
f 3243 1748 3247
f 1749 1763 1750
f 1749 1762 1763
f 1749 3250 1762
f 1750 1764 1751
f 1750 1763 1764
f 1764 1752 1751
f 1752 1766 1753
f 1752 1764 1765
f 1765 1766 1752
f 1753 1766 1754
f 1755 1754 1768
f 1754 1766 1767
f 1754 1767 1768
f 1769 1756 1755
f 1768 1769 1755
f 1757 1756 1770
f 1770 1756 1769
f 1758 1757 1771
f 1757 1770 1771
f 1758 1772 1759
f 1771 1772 1758
f 1759 1773 1760
f 1773 1759 1772
f 1761 1760 1774
f 1773 1774 1760
f 1774 1775 1761
f 3251 1761 1775
f 3251 3247 1761
f 1777 1763 1762
f 1776 1777 1762
f 1776 1762 3254
f 3250 3254 1762
f 1764 1763 1778
f 1778 1763 1777
f 1778 1765 1764
f 1765 1780 1766
f 1778 1779 1765
f 1780 1765 1779
f 1767 1766 1780
f 1782 1768 1767
f 1780 1781 1767
f 1782 1767 1781
f 1769 1768 1782
f 1769 1784 1770
f 1769 1782 1783
f 1783 1784 1769
f 1770 1784 1771
f 1786 1772 1771
f 1771 1784 1785
f 1786 1771 1785
f 1773 1772 1786
f 1774 1773 1787
f 1773 1786 1787
f 1789 1775 1774
f 1774 1787 1788
f 1789 1774 1788
f 1789 1790 1775
f 1775 1790 3255
f 3251 1775 3255
f 1776 1791 1777
f 3261 1791 1776
f 3254 3257 1776
f 1776 3257 3261
f 1778 1777 1792
f 1792 1777 1791
f 1778 1792 1779
f 1780 1779 1794
f 1793 1779 1792
f 1794 1779 1793
f 1781 1780 1794
f 1796 1782 1781
f 1795 1781 1794
f 1795 1796 1781
f 1796 1783 1782
f 1798 1784 1783
f 1796 1797 1783
f 1797 1798 1783
f 1785 1784 1798
f 1785 1800 1786
f 1798 1799 1785
f 1799 1800 1785
f 1800 1787 1786
f 1801 1788 1787
f 1800 1801 1787
f 1788 1802 1789
f 1788 1801 1802
f 1789 1803 1790
f 1802 1803 1789
f 1790 1803 1804
f 1790 1804 3258
f 3255 1790 3258
f 1791 1806 1792
f 1806 1791 1805
f 1805 1791 3261
f 1793 1792 1806
f 1808 1794 1793
f 1793 1806 1807
f 1807 1808 1793
f 1808 1795 1794
f 1795 1810 1796
f 1795 1808 1809
f 1809 1810 1795
f 1797 1796 1810
f 1812 1798 1797
f 1797 1810 1811
f 1812 1797 1811
f 1798 1813 1799
f 1798 1812 1813
f 1800 1799 1814
f 1799 1813 1814
f 1800 1815 1801
f 1800 1814 1815
f 1802 1801 1816
f 1815 1816 1801
f 1802 1817 1803
f 1816 1817 1802
f 1804 1803 1818
f 1817 1818 1803
f 1818 1819 1804
f 1804 1819 3262
f 3262 3258 1804
f 1806 1805 1820
f 1805 3268 1820
f 3261 3264 1805
f 1805 3264 3268
f 1807 1806 1820
f 1807 1822 1808
f 1820 1821 1807
f 1821 1822 1807
f 1809 1808 1822
f 1809 1824 1810
f 1822 1823 1809
f 1809 1823 1824
f 1811 1810 1824
f 1811 1826 1812
f 1811 1824 1825
f 1811 1825 1826
f 1812 1826 1813
f 1813 1828 1814
f 1813 1826 1827
f 1828 1813 1827
f 1814 1828 1815
f 1829 1816 1815
f 1828 1829 1815
f 1816 1831 1817
f 1829 1830 1816
f 1816 1830 1831
f 1832 1818 1817
f 1831 1832 1817
f 1818 1833 1819
f 1832 1833 1818
f 1834 1819 1833
f 1834 3265 1819
f 3265 3262 1819
f 1821 1820 1835
f 3268 1835 1820
f 1837 1822 1821
f 1821 1835 1836
f 1837 1821 1836
f 1822 1837 1823
f 1839 1824 1823
f 1838 1823 1837
f 1839 1823 1838
f 1825 1824 1839
f 1841 1826 1825
f 1840 1825 1839
f 1825 1840 1841
f 1826 1841 1827
f 1843 1828 1827
f 1827 1841 1842
f 1827 1842 1843
f 1828 1843 1829
f 1845 1830 1829
f 1843 1844 1829
f 1844 1845 1829
f 1831 1830 1846
f 1846 1830 1845
f 1832 1831 1847
f 1846 1847 1831
f 1832 1848 1833
f 1832 1847 1848
f 1849 1834 1833
f 1833 1848 1849
f 1834 1849 3269
f 3265 1834 3703
f 1834 3269 3703
f 1836 1835 3275
f 3268 3271 1835
f 3275 1835 3271
f 1836 1852 1837
f 1852 1836 1851
f 1836 3275 1851
f 1837 1852 1838
f 1839 1838 1854
f 1853 1838 1852
f 1854 1838 1853
f 1839 1854 1840
f 1840 1856 1841
f 1854 1855 1840
f 1855 1856 1840
f 1842 1841 1856
f 1842 1858 1843
f 1842 1856 1857
f 1857 1858 1842
f 1844 1843 1858
f 1860 1845 1844
f 1844 1858 1859
f 1860 1844 1859
f 1845 1861 1846
f 1860 1861 1845
f 1847 1846 1862
f 1846 1861 1862
f 1863 1848 1847
f 1862 1863 1847
f 1864 1849 1848
f 1863 1864 1848
f 1864 1850 1849
f 3269 1849 1850
f 1864 1865 1850
f 1866 1850 1865
f 1866 3272 1850
f 1850 3272 3269
f 1851 1868 1852
f 1851 1867 1868
f 3275 1867 1851
f 1868 1853 1852
f 1853 1870 1854
f 1869 1853 1868
f 1870 1853 1869
f 1854 1870 1855
f 1855 1872 1856
f 1870 1871 1855
f 1855 1871 1872
f 1856 1872 1857
f 1874 1858 1857
f 1857 1872 1873
f 1874 1857 1873
f 1858 1874 1859
f 1860 1859 1876
f 1875 1859 1874
f 1859 1875 1876
f 1877 1861 1860
f 1876 1877 1860
f 1862 1861 1878
f 1878 1861 1877
f 1862 1879 1863
f 1862 1878 1879
f 1864 1863 1880
f 1863 1879 1880
f 1864 1880 1865
f 1882 1866 1865
f 1880 1881 1865
f 1882 1865 1881
f 1883 1866 1882
f 1883 3276 1866
f 1866 3276 3272
f 1884 1868 1867
f 1867 3282 1884
f 3275 3278 1867
f 1867 3278 3282
f 1868 1884 1869
f 1869 1886 1870
f 1885 1869 1884
f 1886 1869 1885
f 1886 1871 1870
f 1871 1888 1872
f 1887 1871 1886
f 1887 1888 1871
f 1872 1888 1873
f 1873 1890 1874
f 1873 1888 1889
f 1889 1890 1873
f 1875 1874 1890
f 1876 1875 1892
f 1890 1891 1875
f 1875 1891 1892
f 1877 1876 1893
f 1892 1893 1876
f 1878 1877 1894
f 1893 1894 1877
f 1879 1878 1895
f 1894 1895 1878
f 1880 1879 1896
f 1879 1895 1896
f 1881 1880 1896
f 1881 1897 1882
f 1897 1881 1896
f 1882 1899 1883
f 1898 1882 1897
f 1882 1898 1899
f 1899 1900 1883
f 1900 3279 1883
f 3279 3276 1883
f 1884 1901 1885
f 3282 1901 1884
f 1885 1903 1886
f 1885 1901 1902
f 1903 1885 1902
f 1886 1903 1887
f 1905 1888 1887
f 1903 1904 1887
f 1904 1905 1887
f 1889 1888 1905
f 1907 1890 1889
f 1905 1906 1889
f 1906 1907 1889
f 1907 1891 1890
f 1909 1892 1891
f 1907 1908 1891
f 1891 1908 1909
f 1910 1893 1892
f 1910 1892 1909
f 1894 1893 1911
f 1910 1911 1893
f 1895 1894 1911
f 1896 1895 1913
f 1911 1912 1895
f 1895 1912 1913
f 1913 1897 1896
f 1898 1897 1914
f 1897 1913 1914
f 1899 1898 1915
f 1914 1915 1898
f 1917 1900 1899
f 1915 1916 1899
f 1916 1917 1899
f 1918 1900 1917
f 1918 3283 1900
f 3283 3279 1900
f 3288 1902 1901
f 3285 1901 3282
f 3285 3288 1901
f 1902 1920 1903
f 1902 1919 1920
f 1902 3288 1919
f 1920 1904 1903
f 1904 1922 1905
f 1920 1921 1904
f 1921 1922 1904
f 1905 1922 1906
f 1907 1906 1924
f 1922 1923 1906
f 1924 1906 1923
f 1907 1924 1908
f 1909 1908 1926
f 1924 1925 1908
f 1908 1925 1926
f 1926 1910 1909
f 1911 1910 1928
f 1910 1926 1927
f 1910 1927 1928
f 1928 1912 1911
f 1912 1930 1913
f 1928 1929 1912
f 1929 1930 1912
f 1913 1930 1914
f 1915 1914 1931
f 1914 1930 1931
f 1916 1915 1932
f 1932 1915 1931
f 1933 1917 1916
f 1932 1933 1916
f 1934 1918 1917
f 1917 1933 1934
f 1935 1918 1934
f 3712 1918 1935
f 3712 3283 1918
f 1919 1936 1920
f 3292 1936 1919
f 3291 1919 3288
f 3292 1919 3291
f 1920 1937 1921
f 1920 1936 1937
f 1938 1922 1921
f 1938 1921 1937
f 1923 1922 1938
f 1923 1940 1924
f 1938 1939 1923
f 1940 1923 1939
f 1940 1925 1924
f 1925 1942 1926
f 1940 1941 1925
f 1941 1942 1925
f 1926 1942 1927
f 1927 1944 1928
f 1927 1942 1943
f 1943 1944 1927
f 1928 1944 1929
f 1946 1930 1929
f 1944 1945 1929
f 1929 1945 1946
f 1931 1930 1946
f 1948 1932 1931
f 1947 1931 1946
f 1947 1948 1931
f 1933 1932 1949
f 1948 1949 1932
f 1950 1934 1933
f 1950 1933 1949
f 1935 1934 1951
f 1950 1951 1934
f 1952 1935 1951
f 3289 1935 1952
f 3289 3712 1935
f 1937 1936 1954
f 1954 1936 1953
f 1953 1936 3292
f 1938 1937 1955
f 1955 1937 1954
f 1939 1938 1955
f 1957 1940 1939
f 1955 1956 1939
f 1939 1956 1957
f 1957 1941 1940
f 1959 1942 1941
f 1958 1941 1957
f 1959 1941 1958
f 1959 1943 1942
f 1944 1943 1961
f 1943 1959 1960
f 1943 1960 1961
f 1945 1944 1961
f 1946 1945 1963
f 1962 1945 1961
f 1945 1962 1963
f 1963 1947 1946
f 1965 1948 1947
f 1964 1947 1963
f 1965 1947 1964
f 1966 1949 1948
f 1948 1965 1966
f 1950 1949 1967
f 1966 1967 1949
f 1951 1950 1968
f 1950 1967 1968
f 1969 1952 1951
f 1969 1951 1968
f 1952 1969 1970
f 1952 1970 3293
f 3289 1952 3293
f 1953 1971 1954
f 3300 1971 1953
f 1953 3292 3296
f 3296 3300 1953
f 1954 1972 1955
f 1971 1972 1954
f 1972 1956 1955
f 1957 1956 1974
f 1973 1956 1972
f 1974 1956 1973
f 1974 1958 1957
f 1976 1959 1958
f 1958 1974 1975
f 1975 1976 1958
f 1976 1960 1959
f 1960 1978 1961
f 1976 1977 1960
f 1978 1960 1977
f 1962 1961 1978
f 1963 1962 1980
f 1978 1979 1962
f 1979 1980 1962
f 1963 1980 1964
f 1965 1964 1982
f 1964 1980 1981
f 1982 1964 1981
f 1965 1983 1966
f 1982 1983 1965
f 1966 1984 1967
f 1966 1983 1984
f 1968 1967 1985
f 1984 1985 1967
f 1968 1986 1969
f 1968 1985 1986
f 1970 1969 1987
f 1986 1987 1969
f 1988 1970 1987
f 1988 3297 1970
f 1970 3297 3293
f 1971 1990 1972
f 1971 1989 1990
f 3300 1989 1971
f 1990 1973 1972
f 1992 1974 1973
f 1990 1991 1973
f 1973 1991 1992
f 1975 1974 1992
f 1975 1994 1976
f 1975 1992 1993
f 1993 1994 1975
f 1976 1994 1977
f 1996 1978 1977
f 1977 1994 1995
f 1995 1996 1977
f 1996 1979 1978
f 1998 1980 1979
f 1996 1997 1979
f 1979 1997 1998
f 1981 1980 1998
f 1981 2000 1982
f 1981 1998 1999
f 2000 1981 1999
f 2001 1983 1982
f 2000 2001 1982
f 1984 1983 2002
f 2001 2002 1983
f 1985 1984 2003
f 1984 2002 2003
f 2004 1986 1985
f 2003 2004 1985
f 1987 1986 2004
f 1987 2005 1988
f 2004 2005 1987
f 2006 1988 2005
f 2007 1988 2006
f 2007 3301 1988
f 3297 1988 3301
f 1990 1989 2008
f 1989 3318 2008
f 3304 1989 3300
f 3318 1989 3304
f 2008 1991 1990
f 2010 1992 1991
f 2009 1991 2008
f 2009 2010 1991
f 1992 2010 1993
f 2012 1994 1993
f 1993 2010 2011
f 2011 2012 1993
f 1995 1994 2012
f 1996 1995 2014
f 2012 2013 1995
f 1995 2013 2014
f 2014 1997 1996
f 1998 1997 2016
f 2014 2015 1997
f 2016 1997 2015
f 1999 1998 2016
f 1999 2018 2000
f 1999 2016 2017
f 2017 2018 1999
f 2018 2001 2000
f 2019 2002 2001
f 2019 2001 2018
f 2003 2002 2020
f 2020 2002 2019
f 2004 2003 2021
f 2020 2021 2003
f 2022 2005 2004
f 2022 2004 2021
f 2023 2006 2005
f 2023 2005 2022
f 2006 2024 2007
f 2023 2024 2006
f 2025 2007 2024
f 3305 2007 2025
f 2007 3305 3301
f 2037 2009 2008
f 2008 3318 2037
f 2010 2009 2039
f 2037 2038 2009
f 2038 2039 2009
f 2011 2010 2039
f 2011 2041 2012
f 2011 2039 2040
f 2011 2040 2041
f 2012 2041 2013
f 2013 2043 2014
f 2041 2042 2013
f 2043 2013 2042
f 2043 2015 2014
f 2016 2015 2045
f 2043 2044 2015
f 2015 2044 2045
f 2017 2016 2045
f 2018 2017 2047
f 2046 2017 2045
f 2047 2017 2046
f 2048 2019 2018
f 2018 2047 2048
f 2020 2019 2049
f 2049 2019 2048
f 2050 2021 2020
f 2050 2020 2049
f 2022 2021 2051
f 2051 2021 2050
f 2022 2052 2023
f 2022 2051 2052
f 2023 2053 2024
f 2052 2053 2023
f 2054 2025 2024
f 2024 2053 2054
f 2025 2054 2055
f 2025 2055 3319
f 2025 3319 3305
f 2056 2027 2026
f 3307 2026 2027
f 2056 2026 3326
f 3307 3320 2026
f 3320 3326 2026
f 2028 2027 2057
f 2028 3308 2027
f 2056 2057 2027
f 3308 3307 2027
f 2029 2028 2058
f 2028 2029 3309
f 2058 2028 2057
f 3308 2028 3309
f 2029 2059 2030
f 2030 3310 2029
f 2059 2029 2058
f 3309 2029 3310
f 2030 2060 2031
f 2031 3311 2030
f 2030 2059 2060
f 3311 3310 2030
f 2032 2031 2061
f 3312 2031 2032
f 2060 2061 2031
f 2031 3312 3311
f 2032 2062 2033
f 2032 2033 3313
f 2061 2062 2032
f 3312 2032 3313
f 2034 2033 2063
f 2033 2034 3314
f 2033 2062 2063
f 3313 2033 3314
f 2035 2034 2064
f 2035 3315 2034
f 2064 2034 2063
f 2034 3315 3314
f 2035 2065 2036
f 2035 2036 3721
f 2035 2064 2065
f 3721 3315 2035
f 2066 2036 2065
f 2066 3321 2036
f 3321 3721 2036
f 3330 2038 2037
f 3324 2037 3318
f 2037 3324 3330
f 2038 2068 2039
f 2067 2068 2038
f 3330 2067 2038
f 2068 2040 2039
f 2041 2040 2070
f 2069 2040 2068
f 2070 2040 2069
f 2070 2042 2041
f 2042 2072 2043
f 2070 2071 2042
f 2072 2042 2071
f 2072 2044 2043
f 2045 2044 2074
f 2072 2073 2044
f 2074 2044 2073
f 2074 2046 2045
f 2047 2046 2075
f 2046 2074 2075
f 2048 2047 2076
f 2047 2075 2076
f 2077 2049 2048
f 2076 2077 2048
f 2049 2079 2050
f 2049 2077 2078
f 2078 2079 2049
f 2051 2050 2079
f 2052 2051 2081
f 2080 2051 2079
f 2081 2051 2080
f 2053 2052 2082
f 2081 2082 2052
f 2054 2053 2083
f 2053 2082 2083
f 2084 2055 2054
f 2083 2084 2054
f 2085 2055 2084
f 3325 2055 2085
f 2055 3325 3319
f 2057 2056 2087
f 2086 2087 2056
f 2086 2056 3326
f 2088 2058 2057
f 2057 2087 2088
f 2059 2058 2089
f 2058 2088 2089
f 2059 2090 2060
f 2059 2089 2090
f 2060 2091 2061
f 2091 2060 2090
f 2062 2061 2092
f 2092 2061 2091
f 2063 2062 2093
f 2093 2062 2092
f 2064 2063 2094
f 2063 2093 2094
f 2065 2064 2095
f 2095 2064 2094
f 2065 2096 2066
f 2095 2096 2065
f 2096 2097 2066
f 2066 2097 3327
f 3327 3321 2066
f 2068 2067 2099
f 2067 2098 2099
f 2098 2067 3336
f 3336 2067 3330
f 2099 2069 2068
f 2069 2101 2070
f 2099 2100 2069
f 2101 2069 2100
f 2101 2071 2070
f 2072 2071 2103
f 2102 2071 2101
f 2071 2102 2103
f 2103 2073 2072
f 2073 2105 2074
f 2103 2104 2073
f 2073 2104 2105
f 2075 2074 2106
f 2074 2105 2106
f 2075 2107 2076
f 2106 2107 2075
f 2108 2077 2076
f 2107 2108 2076
f 2077 2109 2078
f 2109 2077 2108
f 2110 2079 2078
f 2109 2110 2078
f 2079 2110 2080
f 2081 2080 2112
f 2110 2111 2080
f 2080 2111 2112
f 2082 2081 2113
f 2113 2081 2112
f 2083 2082 2114
f 2114 2082 2113
f 2083 2115 2084
f 2114 2115 2083
f 2116 2085 2084
f 2116 2084 2115
f 2085 2116 2117
f 2085 2117 3331
f 3325 2085 3331
f 3338 2087 2086
f 2086 3326 3332
f 3332 3338 2086
f 2088 2087 2119
f 2087 2118 2119
f 3338 2118 2087
f 2088 2120 2089
f 2120 2088 2119
f 2090 2089 2121
f 2121 2089 2120
f 2122 2091 2090
f 2121 2122 2090
f 2123 2092 2091
f 2123 2091 2122
f 2093 2092 2124
f 2092 2123 2124
f 2094 2093 2125
f 2125 2093 2124
f 2095 2094 2126
f 2125 2126 2094
f 2096 2095 2127
f 2126 2127 2095
f 2097 2096 2127
f 2097 2127 2128
f 2097 2128 3333
f 2097 4054 3327
f 4054 2097 3333
f 2099 2098 2130
f 3342 2130 2098
f 2098 3336 3341
f 3341 3342 2098
f 2130 2100 2099
f 2101 2100 2132
f 2130 2131 2100
f 2131 2132 2100
f 2101 2132 2102
f 2102 2134 2103
f 2132 2133 2102
f 2133 2134 2102
f 2103 2134 2104
f 2104 2136 2105
f 2134 2135 2104
f 2104 2135 2136
f 2105 2136 2106
f 2137 2107 2106
f 2106 2136 2137
f 2108 2107 2139
f 2137 2138 2107
f 2139 2107 2138
f 2109 2108 2139
f 2141 2110 2109
f 2140 2109 2139
f 2141 2109 2140
f 2111 2110 2141
f 2111 2143 2112
f 2141 2142 2111
f 2111 2142 2143
f 2112 2144 2113
f 2143 2144 2112
f 2114 2113 2145
f 2144 2145 2113
f 2146 2115 2114
f 2114 2145 2146
f 2147 2116 2115
f 2146 2147 2115
f 2148 2117 2116
f 2147 2148 2116
f 2149 2117 2148
f 3337 2117 2149
f 2117 3337 3331
f 2119 2118 2150
f 2150 2118 3344
f 3338 3734 2118
f 2118 3734 3344
f 2120 2119 2151
f 2151 2119 2150
f 2121 2120 2152
f 2152 2120 2151
f 2121 2153 2122
f 2121 2152 2153
f 2122 2154 2123
f 2153 2154 2122
f 2124 2123 2155
f 2123 2154 2155
f 2124 2156 2125
f 2124 2155 2156
f 2125 2157 2126
f 2125 2156 2157
f 2126 2158 2127
f 2157 2158 2126
f 2128 2127 2158
f 2129 2128 2159
f 3333 2128 2129
f 2128 2158 2159
f 2159 2160 2129
f 2129 2160 3339
f 2129 4057 3333
f 3339 4057 2129
f 2130 2162 2131
f 3342 2162 2130
f 2131 2164 2132
f 2163 2131 2162
f 2163 2164 2131
f 2132 2164 2133
f 2133 2166 2134
f 2133 2164 2165
f 2166 2133 2165
f 2134 2166 2135
f 2136 2135 2168
f 2166 2167 2135
f 2168 2135 2167
f 2137 2136 2169
f 2169 2136 2168
f 2137 2170 2138
f 2137 2169 2170
f 2139 2138 2171
f 2171 2138 2170
f 2140 2139 2171
f 2140 2173 2141
f 2172 2140 2171
f 2172 2173 2140
f 2141 2173 2142
f 2142 2175 2143
f 2142 2173 2174
f 2142 2174 2175
f 2143 2175 2144
f 2176 2145 2144
f 2175 2176 2144
f 2146 2145 2177
f 2145 2176 2177
f 2147 2146 2178
f 2178 2146 2177
f 2147 2179 2148
f 2178 2179 2147
f 2148 2180 2149
f 2148 2179 2180
f 2181 2149 2180
f 3343 2149 2181
f 2149 3343 3337
f 2151 2150 2183
f 2183 2150 3350
f 3344 3350 2150
f 2152 2151 2184
f 2151 2183 2184
f 2153 2152 2186
f 2185 2152 2184
f 2152 2185 2186
f 2186 2154 2153
f 2155 2154 2187
f 2186 2187 2154
f 2156 2155 2188
f 2188 2155 2187
f 2156 2189 2157
f 2188 2189 2156
f 2191 2158 2157
f 2157 2189 2190
f 2191 2157 2190
f 2159 2158 2191
f 2160 2159 2192
f 2159 2191 2192
f 2160 2193 2161
f 2160 2161 3339
f 2160 2192 2193
f 2193 2194 2161
f 2161 2194 3345
f 4060 3339 2161
f 4060 2161 3345
f 2163 2162 2196
f 2196 2162 3354
f 3348 2162 3342
f 3354 2162 3348
f 2163 2197 2164
f 2196 2197 2163
f 2165 2164 2198
f 2164 2197 2198
f 2165 2199 2166
f 2199 2165 2198
f 2166 2200 2167
f 2166 2199 2200
f 2168 2167 2201
f 2167 2200 2201
f 2168 2202 2169
f 2168 2201 2202
f 2203 2170 2169
f 2169 2202 2203
f 2204 2171 2170
f 2170 2203 2204
f 2205 2172 2171
f 2205 2171 2204
f 2206 2173 2172
f 2205 2206 2172
f 2174 2173 2207
f 2207 2173 2206
f 2175 2174 2208
f 2207 2208 2174
f 2209 2176 2175
f 2208 2209 2175
f 2177 2176 2210
f 2210 2176 2209
f 2177 2211 2178
f 2211 2177 2210
f 2178 2212 2179
f 2178 2211 2212
f 2180 2179 2213
f 2212 2213 2179
f 2181 2180 2214
f 2180 2213 2214
f 2214 2182 2181
f 3343 2181 2182
f 2215 2182 2214
f 2182 2215 2216
f 2182 2216 3349
f 3343 2182 3349
f 2217 2184 2183
f 2217 2183 3356
f 3356 2183 3350
f 2217 2185 2184
f 2219 2186 2185
f 2185 2217 2218
f 2218 2219 2185
f 2220 2187 2186
f 2186 2219 2220
f 2188 2187 2221
f 2220 2221 2187
f 2222 2189 2188
f 2188 2221 2222
f 2189 2223 2190
f 2222 2223 2189
f 2224 2191 2190
f 2223 2224 2190
f 2225 2192 2191
f 2191 2224 2225
f 2225 2193 2192
f 2194 2193 2226
f 2193 2225 2226
f 2194 2227 2195
f 2195 3345 2194
f 2227 2194 2226
f 2195 2227 2228
f 2195 2228 3351
f 2195 4064 3345
f 4064 2195 3351
f 2197 2196 2231
f 2230 2231 2196
f 3354 2230 2196
f 2198 2197 2232
f 2232 2197 2231
f 2233 2199 2198
f 2198 2232 2233
f 2199 2234 2200
f 2199 2233 2234
f 2235 2201 2200
f 2200 2234 2235
f 2201 2236 2202
f 2235 2236 2201
f 2237 2203 2202
f 2237 2202 2236
f 2203 2238 2204
f 2237 2238 2203
f 2239 2205 2204
f 2239 2204 2238
f 2205 2240 2206
f 2205 2239 2240
f 2207 2206 2241
f 2241 2206 2240
f 2208 2207 2242
f 2207 2241 2242
f 2209 2208 2243
f 2243 2208 2242
f 2244 2210 2209
f 2209 2243 2244
f 2245 2211 2210
f 2245 2210 2244
f 2212 2211 2246
f 2245 2246 2211
f 2213 2212 2247
f 2212 2246 2247
f 2248 2214 2213
f 2213 2247 2248
f 2214 2249 2215
f 2248 2249 2214
f 2250 2216 2215
f 2250 2215 2249
f 2251 2216 2250
f 3355 2216 2251
f 3349 2216 3355
f 3361 2218 2217
f 3356 3742 2217
f 3742 3361 2217
f 2253 2219 2218
f 2252 2253 2218
f 2252 2218 3361
f 2219 2254 2220
f 2254 2219 2253
f 2255 2221 2220
f 2255 2220 2254
f 2222 2221 2256
f 2256 2221 2255
f 2222 2257 2223
f 2222 2256 2257
f 2223 2258 2224
f 2223 2257 2258
f 2225 2224 2259
f 2224 2258 2259
f 2226 2225 2260
f 2260 2225 2259
f 2261 2227 2226
f 2260 2261 2226
f 2227 2261 2228
f 2228 2262 2229
f 2229 3351 2228
f 2261 2262 2228
f 2262 2263 2229
f 2263 3357 2229
f 2229 4068 3351
f 2229 3357 4068
f 2230 2266 2231
f 2265 2266 2230
f 2230 3360 2265
f 3354 3360 2230
f 2232 2231 2267
f 2231 2266 2267
f 2233 2232 2268
f 2268 2232 2267
f 2234 2233 2269
f 2233 2268 2269
f 2234 2270 2235
f 2269 2270 2234
f 2235 2271 2236
f 2235 2270 2271
f 2236 2272 2237
f 2272 2236 2271
f 2238 2237 2273
f 2237 2272 2273
f 2274 2239 2238
f 2274 2238 2273
f 2239 2275 2240
f 2275 2239 2274
f 2240 2276 2241
f 2240 2275 2276
f 2242 2241 2277
f 2241 2276 2277
f 2243 2242 2278
f 2278 2242 2277
f 2279 2244 2243
f 2278 2279 2243
f 2245 2244 2280
f 2244 2279 2280
f 2281 2246 2245
f 2245 2280 2281
f 2247 2246 2282
f 2282 2246 2281
f 2283 2248 2247
f 2283 2247 2282
f 2249 2248 2284
f 2284 2248 2283
f 2249 2285 2250
f 2249 2284 2285
f 2286 2251 2250
f 2250 2285 2286
f 2287 2251 2286
f 2287 3740 2251
f 3355 2251 3740
f 2288 2253 2252
f 3366 2288 2252
f 3366 2252 3361
f 2254 2253 2290
f 2289 2253 2288
f 2290 2253 2289
f 2254 2291 2255
f 2290 2291 2254
f 2255 2292 2256
f 2292 2255 2291
f 2256 2293 2257
f 2292 2293 2256
f 2257 2294 2258
f 2294 2257 2293
f 2258 2295 2259
f 2258 2294 2295
f 2296 2260 2259
f 2296 2259 2295
f 2261 2260 2297
f 2296 2297 2260
f 2298 2262 2261
f 2297 2298 2261
f 2262 2299 2263
f 2298 2299 2262
f 2263 2300 2264
f 2264 3357 2263
f 2299 2300 2263
f 2264 2300 3362
f 2264 4072 3357
f 3362 4072 2264
f 2303 2266 2265
f 2303 2265 2302
f 2302 2265 3365
f 3365 2265 3360
f 2267 2266 2304
f 2304 2266 2303
f 2268 2267 2305
f 2267 2304 2305
f 2269 2268 2306
f 2306 2268 2305
f 2269 2307 2270
f 2269 2306 2307
f 2308 2271 2270
f 2307 2308 2270
f 2271 2309 2272
f 2308 2309 2271
f 2273 2272 2310
f 2309 2310 2272
f 2273 2311 2274
f 2310 2311 2273
f 2275 2274 2312
f 2274 2311 2312
f 2275 2313 2276
f 2275 2312 2313
f 2314 2277 2276
f 2314 2276 2313
f 2278 2277 2315
f 2315 2277 2314
f 2278 2316 2279
f 2278 2315 2316
f 2317 2280 2279
f 2279 2316 2317
f 2318 2281 2280
f 2317 2318 2280
f 2281 2319 2282
f 2319 2281 2318
f 2283 2282 2320
f 2319 2320 2282
f 2284 2283 2321
f 2283 2320 2321
f 2322 2285 2284
f 2321 2322 2284
f 2286 2285 2323
f 2323 2285 2322
f 2286 2324 2287
f 2286 2323 2324
f 2325 2287 2324
f 2325 3744 2287
f 3744 3740 2287
f 2326 2289 2288
f 2326 2288 3372
f 3366 3749 2288
f 2288 3749 3372
f 2327 2290 2289
f 2289 2326 2327
f 2290 2328 2291
f 2290 2327 2328
f 2329 2292 2291
f 2291 2328 2329
f 2292 2330 2293
f 2292 2329 2330
f 2294 2293 2331
f 2331 2293 2330
f 2294 2332 2295
f 2332 2294 2331
f 2296 2295 2333
f 2295 2332 2333
f 2297 2296 2334
f 2296 2333 2334
f 2297 2335 2298
f 2297 2334 2335
f 2298 2336 2299
f 2335 2336 2298
f 2300 2299 2337
f 2337 2299 2336
f 2300 2338 2301
f 3362 2300 2301
f 2300 2337 2338
f 2301 2338 2339
f 2301 2339 3367
f 3362 2301 4075
f 3367 4075 2301
f 3370 2344 2302
f 3365 3370 2302
f 3371 2325 2346
f 3371 3745 2325
f 2325 3745 3744
f 2326 2366 2327
f 2366 2326 2365
f 2326 3401 2365
f 3372 3401 2326
f 2367 2328 2327
f 2367 2327 2366
f 2329 2328 2368
f 2368 2328 2367
f 2369 2330 2329
f 2369 2329 2368
f 2330 2370 2331
f 2369 2370 2330
f 2371 2332 2331
f 2371 2331 2370
f 2333 2332 2372
f 2332 2371 2372
f 2333 2373 2334
f 2372 2373 2333
f 2335 2334 2374
f 2374 2334 2373
f 2335 2375 2336
f 2374 2375 2335
f 2337 2336 2376
f 2336 2375 2376
f 2377 2338 2337
f 2376 2377 2337
f 2339 2338 2378
f 2378 2338 2377
f 2339 2378 2379
f 2379 3373 2339
f 3367 2339 3373
f 2340 2342 3369
f 3368 2340 3369
f 3756 2340 3368
f 3756 3377 2340
f 2341 2344 2342
f 2344 2341 2343
f 2342 2344 3370
f 3369 2342 3370
f 2345 3378 2346
f 2347 3378 2345
f 2346 3379 3371
f 3378 3379 2346
f 3378 2347 2348
f 3380 2348 2349
f 3378 2348 3380
f 2349 2350 3381
f 3380 2349 3381
f 3382 2350 2351
f 3382 3381 2350
f 2352 3383 2351
f 2351 3383 3382
f 3384 2352 2353
f 3384 3383 2352
f 2353 2354 3385
f 3384 2353 3385
f 2355 3386 2354
f 2354 3386 3385
f 2356 3387 2355
f 3387 3386 2355
f 3388 2356 2357
f 3388 3387 2356
f 3389 2357 2358
f 3389 3388 2357
f 3390 2358 2359
f 3389 2358 3390
f 2359 2360 3391
f 2359 3391 3390
f 3392 2360 2361
f 3391 2360 3392
f 2362 3393 2361
f 3393 3392 2361
f 2363 3394 2362
f 3394 3393 2362
f 2363 2364 3395
f 3395 3394 2363
f 3395 2364 3396
f 2365 2401 2366
f 2400 2401 2365
f 2365 3401 2400
f 2366 2402 2367
f 2401 2402 2366
f 2367 2403 2368
f 2367 2402 2403
f 2368 2403 2369
f 3750 2379 2380
f 3750 3373 2379
f 3750 2380 2381
f 3780 2381 3402
f 3750 2381 3780
f 3404 2382 2383
f 3404 3403 2382
f 2384 3405 2383
f 3405 3404 2383
f 3406 2384 2385
f 3406 3405 2384
f 2385 2386 3407
f 3407 3406 2385
f 2386 2387 3408
f 3407 2386 3408
f 2388 3409 2387
f 2387 3409 3408
f 2388 2389 3410
f 3410 3409 2388
f 2389 2390 3411
f 3411 3410 2389
f 2391 3412 2390
f 2390 3412 3411
f 3413 2391 2392
f 3413 3412 2391
f 3414 2392 2393
f 3413 2392 3414
f 2393 2396 2394
f 3414 2393 2394
f 2395 2396 2393
f 2394 2396 3751
f 3793 3414 2394
f 3793 2394 3751
f 3752 2396 3374
f 3751 2396 3752
f 2399 2398 2397
f 3778 2398 2399
f 3400 2398 3777
f 2398 3778 3777
f 2399 3415 3794
f 2399 3794 3778
f 2400 3401 3416
f 3416 3422 2400
f 2404 2405 3425
f 2405 3419 3798
f 3425 2405 3800
f 3798 3800 2405
f 3428 2408 2406
f 2406 3425 3428
f 2409 3431 2407
f 3429 2407 3431
f 2408 3430 2410
f 2408 3428 3430
f 2411 3433 2409
f 3433 3431 2409
f 2410 3432 2412
f 3430 3432 2410
f 2411 2413 3435
f 3433 2411 3435
f 2412 3434 2414
f 2412 3432 3434
f 2413 3437 3435
f 2415 2414 3436
f 3434 3436 2414
f 2415 3438 2416
f 3438 2415 3436
f 2417 2416 3440
f 3438 3439 2416
f 3439 3440 2416
f 2418 2417 3440
f 2420 2418 3442
f 3440 3442 2418
f 2419 2425 3441
f 3437 2419 3441
f 2426 2421 2420
f 2426 2420 3442
f 2421 2427 2422
f 2426 2427 2421
f 2428 2423 2422
f 2427 2428 2422
f 2429 2423 2428
f 2423 2429 2430
f 2425 2424 3443
f 3460 2424 2461
f 2424 3460 3443
f 2425 3443 3441
f 2463 2427 2426
f 2426 2462 2463
f 2462 2426 3444
f 3444 2426 3442
f 2464 2428 2427
f 2463 2464 2427
f 2429 2428 2465
f 2464 2465 2428
f 2429 2466 2430
f 2466 2429 2465
f 2431 2430 2466
f 2467 2432 2431
f 2467 2431 2466
f 2468 2433 2432
f 2467 2468 2432
f 2469 2434 2433
f 2469 2433 2468
f 2435 2434 2470
f 2470 2434 2469
f 2435 2471 2436
f 2470 2471 2435
f 2436 2472 2437
f 2436 2471 2472
f 2437 2473 2438
f 2437 2472 2473
f 2438 2474 2439
f 2438 2473 2474
f 2440 2439 2475
f 2474 2475 2439
f 2441 2440 3462
f 2440 2475 3462
f 2442 2441 3463
f 3463 2441 3462
f 2443 2442 3445
f 2442 3464 3445
f 3463 3464 2442
f 2444 2443 3446
f 3445 3446 2443
f 2445 2444 3447
f 3446 3447 2444
f 2445 3448 2446
f 3447 3448 2445
f 2446 3449 2447
f 2446 3448 3449
f 2447 3450 2448
f 2447 3449 3450
f 2449 2448 3451
f 3450 3451 2448
f 2449 3452 2450
f 2449 3451 3452
f 2451 2450 3453
f 2450 3452 3453
f 2451 3454 2452
f 2451 3453 3454
f 2453 2452 3455
f 2452 3454 3455
f 2454 2453 3456
f 3456 2453 3455
f 2454 3456 2455
f 2455 3457 2456
f 3457 2455 3456
f 3465 2457 2456
f 2456 3457 3465
f 2476 2457 3466
f 2457 3465 3466
f 2458 3492 2459
f 2504 3492 2458
f 2460 2459 3458
f 3458 2459 3493
f 3492 3493 2459
f 3459 2461 2460
f 3459 2460 3458
f 3460 2461 3459
f 2462 2506 2463
f 2505 2506 2462
f 2505 2462 3461
f 3461 2462 3444
f 2463 2507 2464
f 2506 2507 2463
f 2464 2508 2465
f 2507 2508 2464
f 2466 2465 2509
f 2465 2508 2509
f 2467 2466 2510
f 2510 2466 2509
f 2511 2468 2467
f 2467 2510 2511
f 2512 2469 2468
f 2512 2468 2511
f 2469 2513 2470
f 2512 2513 2469
f 2514 2471 2470
f 2470 2513 2514
f 2515 2472 2471
f 2515 2471 2514
f 2473 2472 2516
f 2515 2516 2472
f 2517 2474 2473
f 2517 2473 2516
f 2475 2474 3496
f 2517 3496 2474
f 3496 3462 2475
f 3468 2477 2476
f 3466 3467 2476
f 3467 3468 2476
f 2478 2477 3469
f 3469 2477 3468
f 2479 2478 3470
f 2478 3469 3470
f 3470 2480 2479
f 2481 2480 3497
f 3497 2480 3470
f 2481 3498 2482
f 3497 3498 2481
f 2482 2518 2519
f 3498 2518 2482
f 2483 3471 2484
f 2542 3499 2483
f 2483 3499 3471
f 2484 3472 2485
f 2484 3471 3472
f 3473 2486 2485
f 3472 3473 2485
f 2487 2486 3474
f 2486 3473 3474
f 2487 3475 2488
f 3474 3475 2487
f 2489 2488 3476
f 2488 3475 3476
f 2490 2489 3477
f 3477 2489 3476
f 2491 2490 3478
f 3478 2490 3477
f 3479 2492 2491
f 3479 2491 3478
f 2493 2492 3480
f 3479 3480 2492
f 2494 2493 3481
f 3480 3481 2493
f 3482 2495 2494
f 3481 3482 2494
f 3483 2496 2495
f 3482 3483 2495
f 3484 2497 2496
f 3483 3484 2496
f 3485 2498 2497
f 3485 2497 3484
f 3486 2499 2498
f 3486 2498 3485
f 2499 3487 2500
f 3487 2499 3486
f 2500 3488 2501
f 3487 3488 2500
f 2501 3489 2502
f 3488 3489 2501
f 2503 2502 3490
f 3490 2502 3489
f 2504 2503 3491
f 3491 2503 3490
f 2504 3491 3492
f 2546 2506 2505
f 2545 2546 2505
f 3495 2545 2505
f 2505 3461 3495
f 2547 2507 2506
f 2506 2546 2547
f 2507 2548 2508
f 2547 2548 2507
f 2509 2508 2549
f 2549 2508 2548
f 2510 2509 2550
f 2550 2509 2549
f 2551 2511 2510
f 2550 2551 2510
f 2512 2511 2552
f 2552 2511 2551
f 2512 2553 2513
f 2512 2552 2553
f 2514 2513 2554
f 2554 2513 2553
f 2555 2515 2514
f 2554 2555 2514
f 2516 2515 2556
f 2555 2556 2515
f 3500 2517 2516
f 2516 2556 3500
f 3870 3496 2517
f 3870 2517 3500
f 2519 2518 2557
f 2557 2518 3503
f 3498 3503 2518
f 2557 2520 2519
f 2521 2520 2558
f 2520 2557 2558
f 2521 2559 2522
f 2558 2559 2521
f 2522 2560 2523
f 2522 2559 2560
f 2524 2523 2561
f 2561 2523 2560
f 2525 2524 2562
f 2562 2524 2561
f 2526 2525 2563
f 2563 2525 2562
f 2527 2526 2564
f 2563 2564 2526
f 2527 2565 2528
f 2564 2565 2527
f 2528 2566 2529
f 2528 2565 2566
f 2529 2567 2530
f 2529 2566 2567
f 2530 2568 2531
f 2530 2567 2568
f 2569 2532 2531
f 2531 2568 2569
f 2533 2532 2570
f 2532 2569 2570
f 2533 2571 2534
f 2571 2533 2570
f 2535 2534 2572
f 2572 2534 2571
f 2573 2536 2535
f 2573 2535 2572
f 2574 2537 2536
f 2574 2536 2573
f 2575 2538 2537
f 2575 2537 2574
f 2538 2576 2539
f 2575 2576 2538
f 2539 2577 2540
f 2576 2577 2539
f 2578 2541 2540
f 2578 2540 2577
f 2541 2579 2542
f 2578 2579 2541
f 2579 3504 2542
f 2542 3504 3499
f 2544 2543 2580
f 3495 2543 2544
f 2543 3506 2580
f 3495 3494 2543
f 4205 2543 3494
f 2543 3869 3506
f 4205 3869 2543
f 2581 2545 2544
f 2545 3495 2544
f 2581 2544 2580
f 2545 2582 2546
f 2581 2582 2545
f 2583 2547 2546
f 2546 2582 2583
f 2547 2584 2548
f 2583 2584 2547
f 2585 2549 2548
f 2584 2585 2548
f 2586 2550 2549
f 2586 2549 2585
f 2550 2587 2551
f 2586 2587 2550
f 2588 2552 2551
f 2551 2587 2588
f 2552 2589 2553
f 2589 2552 2588
f 2554 2553 2590
f 2590 2553 2589
f 2554 2591 2555
f 2590 2591 2554
f 3507 2556 2555
f 2591 3507 2555
f 3500 2556 3874
f 3507 3874 2556
f 2558 2557 2593
f 2592 2593 2557
f 2592 2557 3503
f 2594 2559 2558
f 2594 2558 2593
f 2559 2595 2560
f 2594 2595 2559
f 2561 2560 2596
f 2595 2596 2560
f 2562 2561 2597
f 2596 2597 2561
f 2563 2562 2598
f 2597 2598 2562
f 2599 2564 2563
f 2599 2563 2598
f 2600 2565 2564
f 2599 2600 2564
f 2601 2566 2565
f 2600 2601 2565
f 2602 2567 2566
f 2601 2602 2566
f 2568 2567 2603
f 2603 2567 2602
f 2569 2568 2604
f 2604 2568 2603
f 2605 2570 2569
f 2605 2569 2604
f 2606 2571 2570
f 2606 2570 2605
f 2572 2571 2607
f 2607 2571 2606
f 2572 2608 2573
f 2572 2607 2608
f 2573 2609 2574
f 2573 2608 2609
f 2574 2610 2575
f 2574 2609 2610
f 2611 2576 2575
f 2610 2611 2575
f 2612 2577 2576
f 2611 2612 2576
f 2578 2577 2613
f 2612 2613 2577
f 2578 3511 2579
f 2578 2613 3511
f 2579 3511 3504
f 2580 2617 2581
f 2616 2617 2580
f 2580 3506 2616
f 2582 2581 2618
f 2581 2617 2618
f 2582 2619 2583
f 2618 2619 2582
f 2584 2583 2620
f 2583 2619 2620
f 2585 2584 2621
f 2620 2621 2584
f 2586 2585 2622
f 2622 2585 2621
f 2587 2586 2623
f 2586 2622 2623
f 2587 2624 2588
f 2587 2623 2624
f 2589 2588 2625
f 2625 2588 2624
f 2589 2626 2590
f 2625 2626 2589
f 2590 3513 2591
f 2626 3513 2590
f 3513 3507 2591
f 2628 2593 2592
f 2592 2627 2628
f 3510 2627 2592
f 3503 3510 2592
f 2594 2593 2629
f 2628 2629 2593
f 2630 2595 2594
f 2629 2630 2594
f 2631 2596 2595
f 2630 2631 2595
f 2632 2597 2596
f 2631 2632 2596
f 2633 2598 2597
f 2633 2597 2632
f 2599 2598 2634
f 2634 2598 2633
f 2600 2599 2635
f 2599 2634 2635
f 2636 2601 2600
f 2635 2636 2600
f 2601 2637 2602
f 2636 2637 2601
f 2603 2602 2638
f 2638 2602 2637
f 2603 2639 2604
f 2639 2603 2638
f 2640 2605 2604
f 2640 2604 2639
f 2641 2606 2605
f 2640 2641 2605
f 2606 2642 2607
f 2606 2641 2642
f 2643 2608 2607
f 2607 2642 2643
f 2609 2608 2644
f 2643 2644 2608
f 2645 2610 2609
f 2609 2644 2645
f 2646 2611 2610
f 2646 2610 2645
f 2612 2611 2647
f 2646 2647 2611
f 2612 3517 2613
f 2612 2647 3517
f 3511 2613 3517
f 2614 2650 2615
f 3506 2614 2615
f 2614 2648 2649
f 2614 3512 2648
f 2650 2614 2649
f 3506 3505 2614
f 3505 3512 2614
f 2616 2615 2651
f 3506 2615 2616
f 2651 2615 2650
f 2617 2616 2652
f 2616 2651 2652
f 2618 2617 2653
f 2652 2653 2617
f 2619 2618 2654
f 2618 2653 2654
f 2620 2619 2655
f 2654 2655 2619
f 2620 2656 2621
f 2620 2655 2656
f 2622 2621 2657
f 2657 2621 2656
f 2623 2622 2658
f 2658 2622 2657
f 2659 2624 2623
f 2623 2658 2659
f 2625 2624 2660
f 2660 2624 2659
f 2625 3518 2626
f 2625 2660 3518
f 3513 2626 3518
f 2662 2628 2627
f 2661 2662 2627
f 2661 2627 3516
f 3516 2627 3510
f 2628 2663 2629
f 2662 2663 2628
f 2629 2664 2630
f 2629 2663 2664
f 2665 2631 2630
f 2664 2665 2630
f 2631 2666 2632
f 2665 2666 2631
f 2633 2632 2667
f 2632 2666 2667
f 2668 2634 2633
f 2633 2667 2668
f 2635 2634 2669
f 2669 2634 2668
f 2636 2635 2670
f 2669 2670 2635
f 2637 2636 2671
f 2671 2636 2670
f 2672 2638 2637
f 2672 2637 2671
f 2673 2639 2638
f 2672 2673 2638
f 2639 2674 2640
f 2673 2674 2639
f 2675 2641 2640
f 2675 2640 2674
f 2642 2641 2676
f 2675 2676 2641
f 2642 2677 2643
f 2676 2677 2642
f 2643 2678 2644
f 2643 2677 2678
f 2645 2644 2679
f 2678 2679 2644
f 2646 2645 2680
f 2645 2679 2680
f 2647 2646 3522
f 3522 2646 2680
f 3517 2647 3885
f 3522 3885 2647
f 2681 2649 2648
f 2681 2648 3524
f 2648 3512 3881
f 3881 3524 2648
f 2650 2649 2682
f 2682 2649 2681
f 2651 2650 2683
f 2650 2682 2683
f 2652 2651 2684
f 2651 2683 2684
f 2652 2685 2653
f 2652 2684 2685
f 2654 2653 2686
f 2686 2653 2685
f 2655 2654 2687
f 2654 2686 2687
f 2656 2655 2688
f 2655 2687 2688
f 2657 2656 2689
f 2689 2656 2688
f 2690 2658 2657
f 2690 2657 2689
f 2659 2658 2691
f 2691 2658 2690
f 2660 2659 3525
f 2659 2691 3525
f 3525 3518 2660
f 2661 2694 2662
f 2661 2693 2694
f 2661 3521 2693
f 3516 3521 2661
f 2663 2662 2695
f 2662 2694 2695
f 2664 2663 2697
f 2696 2663 2695
f 2696 2697 2663
f 2697 2665 2664
f 2699 2666 2665
f 2698 2665 2697
f 2698 2699 2665
f 2666 2700 2667
f 2700 2666 2699
f 2667 2701 2668
f 2700 2701 2667
f 2668 2702 2669
f 2701 2702 2668
f 2703 2670 2669
f 2669 2702 2703
f 2671 2670 2704
f 2703 2704 2670
f 2672 2671 2705
f 2671 2704 2705
f 2706 2673 2672
f 2705 2706 2672
f 2707 2674 2673
f 2707 2673 2706
f 2675 2674 2708
f 2708 2674 2707
f 2709 2676 2675
f 2675 2708 2709
f 2710 2677 2676
f 2710 2676 2709
f 2711 2678 2677
f 2710 2711 2677
f 2712 2679 2678
f 2678 2711 2712
f 3529 2680 2679
f 2712 3529 2679
f 2680 3529 3522
f 2681 2716 2682
f 2681 2715 2716
f 2715 2681 3524
f 2683 2682 2717
f 2717 2682 2716
f 2718 2684 2683
f 2683 2717 2718
f 2685 2684 2719
f 2719 2684 2718
f 2685 2720 2686
f 2719 2720 2685
f 2686 2721 2687
f 2720 2721 2686
f 2687 2722 2688
f 2721 2722 2687
f 2689 2688 2723
f 2723 2688 2722
f 2724 2690 2689
f 2689 2723 2724
f 2690 3531 2691
f 2724 3531 2690
f 3531 3525 2691
f 2692 2725 2693
f 2693 3521 2692
f 2692 3534 2725
f 3520 2692 3521
f 3520 3528 2692
f 3534 2692 3528
f 2693 2726 2694
f 2725 2726 2693
f 2695 2694 2727
f 2727 2694 2726
f 2695 2728 2696
f 2695 2727 2728
f 2729 2697 2696
f 2696 2728 2729
f 2730 2698 2697
f 2730 2697 2729
f 2699 2698 2731
f 2730 2731 2698
f 2732 2700 2699
f 2732 2699 2731
f 2701 2700 2733
f 2732 2733 2700
f 2734 2702 2701
f 2701 2733 2734
f 2703 2702 2735
f 2735 2702 2734
f 2704 2703 2736
f 2736 2703 2735
f 2704 2737 2705
f 2704 2736 2737
f 2705 2738 2706
f 2737 2738 2705
f 2706 2739 2707
f 2738 2739 2706
f 2740 2708 2707
f 2740 2707 2739
f 2741 2709 2708
f 2741 2708 2740
f 2710 2709 2742
f 2741 2742 2709
f 2743 2711 2710
f 2743 2710 2742
f 3535 2712 2711
f 3535 2711 2743
f 3529 2712 3535
f 2714 2713 2746
f 2713 2714 3524
f 2744 2745 2713
f 2744 2713 3530
f 2713 2745 2746
f 3523 2713 3524
f 2713 3523 3530
f 2714 2747 2715
f 2715 3524 2714
f 2746 2747 2714
f 2748 2716 2715
f 2715 2747 2748
f 2749 2717 2716
f 2749 2716 2748
f 2750 2718 2717
f 2749 2750 2717
f 2718 2751 2719
f 2751 2718 2750
f 2752 2720 2719
f 2719 2751 2752
f 2753 2721 2720
f 2753 2720 2752
f 2721 2754 2722
f 2721 2753 2754
f 2722 2755 2723
f 2754 2755 2722
f 2723 3536 2724
f 2723 2755 3536
f 2724 3536 3531
f 2726 2725 2758
f 2758 2725 2757
f 2725 3534 2757
f 2726 2759 2727
f 2759 2726 2758
f 2727 2760 2728
f 2727 2759 2760
f 2729 2728 2762
f 2761 2728 2760
f 2761 2762 2728
f 2730 2729 2762
f 2730 2763 2731
f 2762 2763 2730
f 2732 2731 2764
f 2764 2731 2763
f 2733 2732 2765
f 2765 2732 2764
f 2733 2766 2734
f 2766 2733 2765
f 2735 2734 2767
f 2766 2767 2734
f 2735 2768 2736
f 2767 2768 2735
f 2769 2737 2736
f 2736 2768 2769
f 2738 2737 2770
f 2770 2737 2769
f 2772 2739 2738
f 2771 2738 2770
f 2772 2738 2771
f 2773 2740 2739
f 2773 2739 2772
f 2774 2741 2740
f 2740 2773 2774
f 2742 2741 2775
f 2775 2741 2774
f 2743 2742 3540
f 3540 2742 2775
f 3540 3535 2743
f 2744 2776 2745
f 2776 2744 3542
f 3892 2744 3530
f 3892 3542 2744
f 2777 2746 2745
f 2777 2745 2776
f 2747 2746 2778
f 2746 2777 2778
f 2779 2748 2747
f 2747 2778 2779
f 2749 2748 2780
f 2780 2748 2779
f 2749 2781 2750
f 2780 2781 2749
f 2782 2751 2750
f 2750 2781 2782
f 2783 2752 2751
f 2783 2751 2782
f 2784 2753 2752
f 2784 2752 2783
f 2754 2753 2785
f 2785 2753 2784
f 2755 2754 3543
f 3543 2754 2785
f 3543 3536 2755
f 2786 2757 2756
f 3534 2756 2757
f 2756 3546 2786
f 2756 3534 3533
f 2756 3533 3539
f 3546 2756 3539
f 2758 2757 2787
f 2787 2757 2786
f 2758 2788 2759
f 2758 2787 2788
f 2789 2760 2759
f 2789 2759 2788
f 2761 2760 2790
f 2789 2790 2760
f 2791 2762 2761
f 2761 2790 2791
f 2763 2762 2792
f 2791 2792 2762
f 2793 2764 2763
f 2792 2793 2763
f 2794 2765 2764
f 2764 2793 2794
f 2766 2765 2795
f 2765 2794 2795
f 2796 2767 2766
f 2796 2766 2795
f 2767 2797 2768
f 2796 2797 2767
f 2768 2798 2769
f 2797 2798 2768
f 2769 2799 2770
f 2798 2799 2769
f 2800 2771 2770
f 2770 2799 2800
f 2801 2772 2771
f 2800 2801 2771
f 2802 2773 2772
f 2802 2772 2801
f 2803 2774 2773
f 2773 2802 2803
f 2774 3547 2775
f 2803 3547 2774
f 3547 3540 2775
f 2776 3549 2777
f 3542 3548 2776
f 3549 2776 3548
f 2777 3550 2778
f 3550 2777 3549
f 3551 2779 2778
f 3551 2778 3550
f 3552 2780 2779
f 3552 2779 3551
f 2780 3553 2781
f 3553 2780 3552
f 2782 2781 3554
f 3553 3554 2781
f 2782 3555 2783
f 3554 3555 2782
f 2783 3556 2784
f 3556 2783 3555
f 3557 2785 2784
f 3556 3557 2784
f 2785 3557 3543
f 2786 2806 2787
f 2786 2805 2806
f 3546 2805 2786
f 2788 2787 2807
f 2787 2806 2807
f 2809 2789 2788
f 2808 2788 2807
f 2808 2809 2788
f 2789 2810 2790
f 2809 2810 2789
f 2791 2790 2811
f 2811 2790 2810
f 2791 2812 2792
f 2811 2812 2791
f 2793 2792 2812
f 2793 2814 2794
f 2793 2812 2813
f 2793 2813 2814
f 2795 2794 2815
f 2814 2815 2794
f 2816 2796 2795
f 2795 2815 2816
f 2797 2796 2817
f 2796 2816 2817
f 2797 2818 2798
f 2818 2797 2817
f 2819 2799 2798
f 2818 2819 2798
f 2800 2799 2820
f 2820 2799 2819
f 2821 2801 2800
f 2800 2820 2821
f 2822 2802 2801
f 2801 2821 2822
f 2803 2802 2822
f 2822 3561 2803
f 3547 2803 3561
f 2804 2823 2805
f 2804 2805 3546
f 2804 3564 2823
f 2804 3546 3545
f 3545 3560 2804
f 3564 2804 3560
f 2805 2824 2806
f 2805 2823 2824
f 2806 2825 2807
f 2824 2825 2806
f 2807 2826 2808
f 2825 2826 2807
f 2808 2827 2809
f 2808 2826 2827
f 2809 2828 2810
f 2827 2828 2809
f 2811 2810 2829
f 2828 2829 2810
f 2811 2830 2812
f 2829 2830 2811
f 2830 2813 2812
f 2814 2813 2832
f 2830 2831 2813
f 2813 2831 2832
f 2833 2815 2814
f 2814 2832 2833
f 2834 2816 2815
f 2834 2815 2833
f 2817 2816 2835
f 2834 2835 2816
f 2818 2817 2836
f 2836 2817 2835
f 2837 2819 2818
f 2837 2818 2836
f 2820 2819 2838
f 2838 2819 2837
f 2820 2839 2821
f 2838 2839 2820
f 2821 2840 2822
f 2821 2839 2840
f 2822 2840 3561
f 2823 2843 2824
f 2823 2842 2843
f 2842 2823 3564
f 2844 2825 2824
f 2844 2824 2843
f 2826 2825 2845
f 2845 2825 2844
f 2847 2827 2826
f 2846 2826 2845
f 2847 2826 2846
f 2828 2827 2848
f 2848 2827 2847
f 2849 2829 2828
f 2849 2828 2848
f 2850 2830 2829
f 2849 2850 2829
f 2850 2831 2830
f 2832 2831 2852
f 2851 2831 2850
f 2851 2852 2831
f 2832 2853 2833
f 2832 2852 2853
f 2833 2854 2834
f 2853 2854 2833
f 2835 2834 2855
f 2834 2854 2855
f 2856 2836 2835
f 2835 2855 2856
f 2857 2837 2836
f 2857 2836 2856
f 2837 2858 2838
f 2858 2837 2857
f 2859 2839 2838
f 2838 2858 2859
f 2839 3569 2840
f 3569 2839 2859
f 3561 2840 3565
f 3565 2840 3918
f 3918 2840 3569
f 2841 2860 2842
f 3564 2841 2842
f 2841 3572 2860
f 2841 3564 3563
f 3568 2841 3563
f 3572 2841 3568
f 2842 2861 2843
f 2842 2860 2861
f 2862 2844 2843
f 2861 2862 2843
f 2845 2844 2863
f 2862 2863 2844
f 2846 2845 2864
f 2864 2845 2863
f 2847 2846 2865
f 2864 2865 2846
f 2847 2866 2848
f 2866 2847 2865
f 2867 2849 2848
f 2866 2867 2848
f 2868 2850 2849
f 2867 2868 2849
f 2868 2851 2850
f 2870 2852 2851
f 2868 2869 2851
f 2870 2851 2869
f 2853 2852 2871
f 2871 2852 2870
f 2853 2872 2854
f 2871 2872 2853
f 2873 2855 2854
f 2854 2872 2873
f 2856 2855 2874
f 2874 2855 2873
f 2856 2875 2857
f 2856 2874 2875
f 2876 2858 2857
f 2857 2875 2876
f 2859 2858 3573
f 2876 3573 2858
f 3573 3569 2859
f 2879 2861 2860
f 2860 2878 2879
f 3572 2878 2860
f 2880 2862 2861
f 2861 2879 2880
f 2881 2863 2862
f 2881 2862 2880
f 2864 2863 2882
f 2882 2863 2881
f 2864 2884 2865
f 2882 2883 2864
f 2864 2883 2884
f 2866 2865 2885
f 2865 2884 2885
f 2867 2866 2886
f 2886 2866 2885
f 2887 2868 2867
f 2886 2887 2867
f 2868 2887 2869
f 2870 2869 2889
f 2887 2888 2869
f 2889 2869 2888
f 2871 2870 2890
f 2870 2889 2890
f 2871 2891 2872
f 2871 2890 2891
f 2872 2892 2873
f 2872 2891 2892
f 2873 2893 2874
f 2873 2892 2893
f 2874 2894 2875
f 2893 2894 2874
f 2876 2875 2894
f 2894 3577 2876
f 2876 3577 3573
f 2895 2878 2877
f 2877 2878 3572
f 2895 2877 3580
f 3571 2877 3572
f 3576 2877 3571
f 3580 2877 3576
f 2879 2878 2896
f 2895 2896 2878
f 2897 2880 2879
f 2897 2879 2896
f 2898 2881 2880
f 2898 2880 2897
f 2881 2899 2882
f 2898 2899 2881
f 2882 2900 2883
f 2899 2900 2882
f 2901 2884 2883
f 2901 2883 2900
f 2885 2884 2902
f 2902 2884 2901
f 2903 2886 2885
f 2885 2902 2903
f 2886 2904 2887
f 2903 2904 2886
f 2887 2904 2888
f 2889 2888 2906
f 2905 2888 2904
f 2906 2888 2905
f 2890 2889 2907
f 2906 2907 2889
f 2891 2890 2908
f 2907 2908 2890
f 2891 2909 2892
f 2908 2909 2891
f 2910 2893 2892
f 2910 2892 2909
f 2893 3581 2894
f 2910 3581 2893
f 2894 3581 3577
f 2913 2896 2895
f 2913 2895 2912
f 2895 3580 2912
f 2897 2896 2914
f 2914 2896 2913
f 2898 2897 2915
f 2914 2915 2897
f 2899 2898 2916
f 2915 2916 2898
f 2918 2900 2899
f 2899 2916 2917
f 2899 2917 2918
f 2901 2900 2919
f 2918 2919 2900
f 2901 2920 2902
f 2901 2919 2920
f 2902 2921 2903
f 2921 2902 2920
f 2903 2922 2904
f 2903 2921 2922
f 2922 2905 2904
f 2905 2924 2906
f 2922 2923 2905
f 2923 2924 2905
f 2906 2925 2907
f 2906 2924 2925
f 2907 2926 2908
f 2907 2925 2926
f 2908 2927 2909
f 2926 2927 2908
f 2909 2928 2910
f 2909 2927 2928
f 3581 2910 2928
f 2911 2929 2912
f 2912 3580 2911
f 3587 2929 2911
f 2911 3580 3579
f 3584 2911 3579
f 3584 3587 2911
f 2913 2912 2930
f 2912 2929 2930
f 2931 2914 2913
f 2930 2931 2913
f 2932 2915 2914
f 2932 2914 2931
f 2916 2915 2933
f 2933 2915 2932
f 2917 2916 2934
f 2916 2933 2934
f 2918 2917 2935
f 2917 2934 2935
f 2918 2936 2919
f 2935 2936 2918
f 2937 2920 2919
f 2937 2919 2936
f 2938 2921 2920
f 2938 2920 2937
f 2922 2921 2939
f 2938 2939 2921
f 2922 2939 2923
f 2923 2941 2924
f 2923 2939 2940
f 2923 2940 2941
f 2942 2925 2924
f 2942 2924 2941
f 2926 2925 2943
f 2925 2942 2943
f 2944 2927 2926
f 2926 2943 2944
f 2927 3588 2928
f 2927 2944 3588
f 3581 2928 3927
f 2928 3588 3930
f 3927 2928 3930
f 2930 2929 2947
f 2947 2929 2946
f 2929 3587 2946
f 2931 2930 2948
f 2930 2947 2948
f 2949 2932 2931
f 2931 2948 2949
f 2932 2950 2933
f 2950 2932 2949
f 2933 2952 2934
f 2933 2950 2951
f 2951 2952 2933
f 2935 2934 2953
f 2934 2952 2953
f 2954 2936 2935
f 2954 2935 2953
f 2936 2955 2937
f 2954 2955 2936
f 2937 2956 2938
f 2955 2956 2937
f 2938 2957 2939
f 2956 2957 2938
f 2939 2957 2940
f 2941 2940 2959
f 2957 2958 2940
f 2958 2959 2940
f 2960 2942 2941
f 2941 2959 2960
f 2961 2943 2942
f 2942 2960 2961
f 2944 2943 3592
f 2943 2961 3592
f 3592 3588 2944
f 2945 2962 2946
f 2946 3587 2945
f 3595 2962 2945
f 2945 3587 3586
f 3586 3591 2945
f 3591 3595 2945
f 2946 2963 2947
f 2946 2962 2963
f 2947 2964 2948
f 2947 2963 2964
f 2948 2965 2949
f 2948 2964 2965
f 2949 2966 2950
f 2965 2966 2949
f 2951 2950 2967
f 2950 2966 2967
f 2968 2952 2951
f 2968 2951 2967
f 2953 2952 2969
f 2969 2952 2968
f 2970 2954 2953
f 2970 2953 2969
f 2955 2954 2971
f 2970 2971 2954
f 2956 2955 2972
f 2972 2955 2971
f 2956 2973 2957
f 2972 2973 2956
f 2958 2957 2974
f 2973 2974 2957
f 2958 2975 2959
f 2958 2974 2975
f 2976 2960 2959
f 2959 2975 2976
f 2960 2976 2961
f 3596 2961 2976
f 3592 2961 3596
f 2979 2963 2962
f 2979 2962 2978
f 2978 2962 3595
f 2964 2963 2980
f 2979 2980 2963
f 2964 2981 2965
f 2964 2980 2981
f 2982 2966 2965
f 2982 2965 2981
f 2967 2966 2984
f 2983 2966 2982
f 2984 2966 2983
f 2967 2985 2968
f 2985 2967 2984
f 2968 2986 2969
f 2968 2985 2986
f 2987 2970 2969
f 2987 2969 2986
f 2970 2988 2971
f 2987 2988 2970
f 2989 2972 2971
f 2989 2971 2988
f 2990 2973 2972
f 2990 2972 2989
f 2973 2991 2974
f 2990 2991 2973
f 2975 2974 2992
f 2991 2992 2974
f 2976 2975 3600
f 3600 2975 2992
f 3596 2976 3600
f 2978 2977 2993
f 2978 3595 2977
f 3603 2993 2977
f 3594 2977 3595
f 3594 3599 2977
f 3603 2977 3599
f 2979 2978 2994
f 2994 2978 2993
f 2979 2995 2980
f 2995 2979 2994
f 2981 2980 2996
f 2995 2996 2980
f 2997 2982 2981
f 2996 2997 2981
f 2983 2982 2998
f 2997 2998 2982
f 2984 2983 2999
f 2999 2983 2998
f 2985 2984 3000
f 3000 2984 2999
f 3001 2986 2985
f 3001 2985 3000
f 3002 2987 2986
f 3002 2986 3001
f 3003 2988 2987
f 3003 2987 3002
f 2989 2988 3004
f 3003 3004 2988
f 3005 2990 2989
f 2989 3004 3005
f 2990 3006 2991
f 3005 3006 2990
f 2992 2991 3604
f 2991 3006 3604
f 2992 3604 3600
f 3009 2994 2993
f 3008 3009 2993
f 2993 3603 3008
f 2994 3010 2995
f 2994 3009 3010
f 2995 3011 2996
f 3010 3011 2995
f 2996 3013 2997
f 2996 3011 3012
f 2996 3012 3013
f 2997 3014 2998
f 2997 3013 3014
f 2999 2998 3015
f 3015 2998 3014
f 2999 3016 3000
f 3015 3016 2999
f 3001 3000 3017
f 3016 3017 3000
f 3018 3002 3001
f 3001 3017 3018
f 3002 3019 3003
f 3002 3018 3019
f 3020 3004 3003
f 3003 3019 3020
f 3004 3021 3005
f 3020 3021 3004
f 3608 3006 3005
f 3005 3021 3608
f 3604 3006 3608
f 3022 3008 3007
f 3008 3603 3007
f 3007 3611 3022
f 3603 3602 3007
f 3602 3607 3007
f 3607 3611 3007
f 3008 3023 3009
f 3022 3023 3008
f 3024 3010 3009
f 3009 3023 3024
f 3025 3011 3010
f 3025 3010 3024
f 3012 3011 3026
f 3026 3011 3025
f 3027 3013 3012
f 3027 3012 3026
f 3028 3014 3013
f 3028 3013 3027
f 3029 3015 3014
f 3028 3029 3014
f 3015 3030 3016
f 3015 3029 3030
f 3031 3017 3016
f 3016 3030 3031
f 3017 3032 3018
f 3031 3032 3017
f 3018 3033 3019
f 3032 3033 3018
f 3019 3034 3020
f 3033 3034 3019
f 3020 3034 3021
f 3034 3612 3021
f 3608 3021 3612
f 3037 3023 3022
f 3022 3036 3037
f 3611 3036 3022
f 3023 3038 3024
f 3038 3023 3037
f 3025 3024 3039
f 3038 3039 3024
f 3025 3041 3026
f 3025 3039 3040
f 3025 3040 3041
f 3026 3042 3027
f 3026 3041 3042
f 3043 3028 3027
f 3027 3042 3043
f 3044 3029 3028
f 3043 3044 3028
f 3029 3045 3030
f 3029 3044 3045
f 3031 3030 3046
f 3046 3030 3045
f 3032 3031 3047
f 3031 3046 3047
f 3032 3048 3033
f 3047 3048 3032
f 3033 3049 3034
f 3033 3048 3049
f 3049 3612 3034
f 3035 3050 3036
f 3035 3036 3611
f 3035 3619 3050
f 3035 3611 3610
f 3610 3615 3035
f 3035 3615 3619
f 3037 3036 3051
f 3036 3050 3051
f 3052 3038 3037
f 3052 3037 3051
f 3038 3053 3039
f 3052 3053 3038
f 3039 3054 3040
f 3039 3053 3054
f 3041 3040 3055
f 3040 3054 3055
f 3041 3056 3042
f 3041 3055 3056
f 3042 3057 3043
f 3042 3056 3057
f 3043 3058 3044
f 3043 3057 3058
f 3045 3044 3059
f 3058 3059 3044
f 3060 3046 3045
f 3045 3059 3060
f 3046 3061 3047
f 3060 3061 3046
f 3062 3048 3047
f 3047 3061 3062
f 3049 3048 3620
f 3620 3048 3062
f 3049 3616 3612
f 3049 3948 3616
f 3049 3620 3948
f 3065 3051 3050
f 3065 3050 3064
f 3050 3619 3064
f 3066 3052 3051
f 3051 3065 3066
f 3053 3052 3067
f 3067 3052 3066
f 3053 3069 3054
f 3068 3053 3067
f 3053 3068 3069
f 3070 3055 3054
f 3054 3069 3070
f 3071 3056 3055
f 3071 3055 3070
f 3072 3057 3056
f 3072 3056 3071
f 3057 3073 3058
f 3072 3073 3057
f 3058 3074 3059
f 3058 3073 3074
f 3060 3059 3075
f 3075 3059 3074
f 3076 3061 3060
f 3076 3060 3075
f 3062 3061 3624
f 3076 3624 3061
f 3624 3620 3062
f 3063 3077 3064
f 3064 3619 3063
f 3627 3077 3063
f 3619 3618 3063
f 3063 3618 3623
f 3623 3627 3063
f 3064 3078 3065
f 3077 3078 3064
f 3079 3066 3065
f 3079 3065 3078
f 3080 3067 3066
f 3079 3080 3066
f 3067 3081 3068
f 3081 3067 3080
f 3068 3082 3069
f 3081 3082 3068
f 3070 3069 3083
f 3083 3069 3082
f 3084 3071 3070
f 3083 3084 3070
f 3071 3085 3072
f 3071 3084 3085
f 3072 3086 3073
f 3072 3085 3086
f 3074 3073 3087
f 3087 3073 3086
f 3088 3075 3074
f 3088 3074 3087
f 3075 3628 3076
f 3088 3628 3075
f 3076 3628 3624
f 3078 3077 3091
f 3090 3091 3077
f 3077 3627 3090
f 3079 3078 3092
f 3092 3078 3091
f 3093 3080 3079
f 3093 3079 3092
f 3081 3080 3094
f 3093 3094 3080
f 3081 3096 3082
f 3094 3095 3081
f 3095 3096 3081
f 3082 3097 3083
f 3082 3096 3097
f 3098 3084 3083
f 3083 3097 3098
f 3085 3084 3099
f 3099 3084 3098
f 3085 3100 3086
f 3085 3099 3100
f 3086 3101 3087
f 3086 3100 3101
f 3632 3088 3087
f 3087 3101 3632
f 3632 3628 3088
f 3102 3090 3089
f 3090 3627 3089
f 3635 3102 3089
f 3627 3626 3089
f 3089 3626 3631
f 3631 3635 3089
f 3103 3091 3090
f 3103 3090 3102
f 3092 3091 3104
f 3104 3091 3103
f 3092 3105 3093
f 3104 3105 3092
f 3106 3094 3093
f 3105 3106 3093
f 3094 3107 3095
f 3106 3107 3094
f 3095 3108 3096
f 3107 3108 3095
f 3109 3097 3096
f 3109 3096 3108
f 3098 3097 3110
f 3097 3109 3110
f 3111 3099 3098
f 3111 3098 3110
f 3100 3099 3112
f 3112 3099 3111
f 3100 3636 3101
f 3100 3112 3636
f 3632 3101 3636
f 3102 3115 3103
f 3114 3115 3102
f 3114 3102 3635
f 3104 3103 3117
f 3116 3103 3115
f 3117 3103 3116
f 3104 3118 3105
f 3117 3118 3104
f 3105 3119 3106
f 3105 3118 3119
f 3120 3107 3106
f 3119 3120 3106
f 3108 3107 3121
f 3121 3107 3120
f 3122 3109 3108
f 3122 3108 3121
f 3123 3110 3109
f 3123 3109 3122
f 3124 3111 3110
f 3110 3123 3124
f 3111 3640 3112
f 3111 3124 3640
f 3640 3636 3112
f 3114 3113 3125
f 3635 3113 3114
f 3125 3113 3643
f 3635 3634 3113
f 3113 3634 3639
f 3113 3639 3643
f 3114 3126 3115
f 3126 3114 3125
f 3115 3127 3116
f 3115 3126 3127
f 3116 3128 3117
f 3116 3127 3128
f 3129 3118 3117
f 3117 3128 3129
f 3118 3130 3119
f 3129 3130 3118
f 3131 3120 3119
f 3119 3130 3131
f 3132 3121 3120
f 3120 3131 3132
f 3121 3133 3122
f 3121 3132 3133
f 3122 3134 3123
f 3122 3133 3134
f 3123 3135 3124
f 3134 3135 3123
f 3640 3124 3135
f 3126 3125 3139
f 3137 3138 3125
f 3643 3137 3125
f 3139 3125 3138
f 3127 3126 3140
f 3140 3126 3139
f 3127 3141 3128
f 3140 3141 3127
f 3128 3142 3129
f 3128 3141 3142
f 3129 3143 3130
f 3142 3143 3129
f 3131 3130 3144
f 3144 3130 3143
f 3145 3132 3131
f 3145 3131 3144
f 3146 3133 3132
f 3146 3132 3145
f 3134 3133 3147
f 3146 3147 3133
f 3648 3135 3134
f 3134 3147 3648
f 3135 3644 3640
f 3135 3961 3644
f 3648 3961 3135
f 3137 3136 3149
f 3137 3643 3136
f 3136 3148 3149
f 3136 3647 3148
f 3643 3642 3136
f 3136 3642 3647
f 3138 3137 3151
f 3150 3137 3149
f 3151 3137 3150
f 3152 3139 3138
f 3138 3151 3152
f 3140 3139 3153
f 3152 3153 3139
f 3154 3141 3140
f 3154 3140 3153
f 3155 3142 3141
f 3154 3155 3141
f 3156 3143 3142
f 3155 3156 3142
f 3157 3144 3143
f 3157 3143 3156
f 3145 3144 3158
f 3158 3144 3157
f 3145 3159 3146
f 3145 3158 3159
f 3146 3650 3147
f 3159 3650 3146
f 3650 3648 3147
f 3160 3149 3148
f 3160 3148 3654
f 3647 3649 3148
f 3148 3649 3654
f 3149 3161 3150
f 3161 3149 3160
f 3150 3162 3151
f 3161 3162 3150
f 3151 3163 3152
f 3151 3162 3163
f 3152 3164 3153
f 3152 3163 3164
f 3165 3154 3153
f 3153 3164 3165
f 3155 3154 3166
f 3166 3154 3165
f 3155 3167 3156
f 3155 3166 3167
f 3156 3168 3157
f 3156 3167 3168
f 3157 3169 3158
f 3157 3168 3169
f 3158 3655 3159
f 3158 3169 3655
f 3655 3650 3159
f 3172 3161 3160
f 3172 3160 3171
f 3160 3654 3171
f 3174 3162 3161
f 3173 3161 3172
f 3173 3174 3161
f 3175 3163 3162
f 3174 3175 3162
f 3176 3164 3163
f 3176 3163 3175
f 3165 3164 3177
f 3176 3177 3164
f 3166 3165 3178
f 3178 3165 3177
f 3179 3167 3166
f 3179 3166 3178
f 3180 3168 3167
f 3180 3167 3179
f 3169 3168 3657
f 3180 3657 3168
f 3657 3655 3169
f 3171 3170 3181
f 3171 3654 3170
f 3170 3661 3181
f 3654 3653 3170
f 3656 3170 3653
f 3170 3656 3661
f 3172 3171 3182
f 3182 3171 3181
f 3172 3183 3173
f 3183 3172 3182
f 3174 3173 3184
f 3184 3173 3183
f 3185 3175 3174
f 3185 3174 3184
f 3175 3186 3176
f 3185 3186 3175
f 3187 3177 3176
f 3186 3187 3176
f 3178 3177 3188
f 3187 3188 3177
f 3189 3179 3178
f 3188 3189 3178
f 3662 3180 3179
f 3662 3179 3189
f 3657 3180 3662
f 3182 3181 3191
f 3190 3191 3181
f 3190 3181 3661
f 3192 3183 3182
f 3191 3192 3182
f 3193 3184 3183
f 3183 3192 3193
f 3184 3194 3185
f 3194 3184 3193
f 3195 3186 3185
f 3195 3185 3194
f 3196 3187 3186
f 3196 3186 3195
f 3188 3187 3197
f 3197 3187 3196
f 3188 3666 3189
f 3197 3666 3188
f 3662 3189 3666
f 3190 3670 3191
f 3190 3661 3665
f 3190 3665 3669
f 3190 3669 3670
f 3191 3671 3192
f 3191 3670 3671
f 3192 3672 3193
f 3671 3672 3192
f 3193 3673 3194
f 3672 3673 3193
f 3195 3194 3674
f 3194 3673 3674
f 3195 3675 3196
f 3195 3674 3675
f 3196 3676 3197
f 3196 3675 3676
f 3197 3676 3666
f 3198 3210 3199
f 3198 3199 3988
f 3198 3209 3210
f 3198 3677 3209
f 3677 3198 3988
f 3200 3989 3199
f 3989 3988 3199
f 3200 3201 3990
f 3200 3990 3989
f 3202 3991 3201
f 3990 3201 3991
f 3202 3203 3992
f 3992 3991 3202
f 3993 3203 3204
f 3992 3203 3993
f 3994 3204 3205
f 3993 3204 3994
f 3995 3205 3206
f 3995 3994 3205
f 3207 3996 3206
f 3996 3995 3206
f 3999 3207 3211
f 3998 3996 3207
f 3999 3998 3207
f 3208 3212 3209
f 3997 3208 3209
f 3208 3679 3212
f 3679 3208 4000
f 3208 3997 4000
f 3213 3210 3209
f 3209 3212 3213
f 3209 3677 3997
f 3213 3214 3210
f 3678 3211 3215
f 3678 3999 3211
f 3213 3212 3217
f 3212 3216 3217
f 3212 3679 3216
f 3218 3214 3213
f 3217 3218 3213
f 3219 3680 3215
f 3215 3680 3678
f 3217 3216 3220
f 3216 3683 3220
f 3216 3679 3681
f 3216 3681 3683
f 3221 3218 3217
f 3220 3221 3217
f 3219 3222 3682
f 3682 3680 3219
f 3221 3220 3224
f 3224 3220 3223
f 3220 3685 3223
f 3685 3220 3683
f 3224 3225 3221
f 3222 3226 3684
f 3684 3682 3222
f 3224 3223 3227
f 3687 3227 3223
f 4004 3223 3685
f 3687 3223 4004
f 3224 3228 3225
f 3224 3227 3228
f 3686 3226 3229
f 3686 3684 3226
f 3231 3228 3227
f 3231 3227 3230
f 3230 3227 3688
f 3688 3227 3687
f 3231 3232 3228
f 4005 3229 3233
f 4005 3686 3229
f 3230 3234 3231
f 3230 3689 3234
f 4008 3230 3688
f 3689 3230 4008
f 3231 3235 3232
f 3231 3234 3235
f 3233 3236 4007
f 4007 4005 3233
f 3235 3234 3238
f 3238 3234 3237
f 3691 3237 3234
f 3689 3691 3234
f 3238 3239 3235
f 3236 3240 3690
f 3690 4007 3236
f 3237 3241 3238
f 3237 3693 3241
f 3691 4010 3237
f 4010 3693 3237
f 3238 3242 3239
f 3242 3238 3241
f 3240 3243 3692
f 3690 3240 3692
f 3241 3245 3242
f 3241 3244 3245
f 3695 3244 3241
f 3693 3695 3241
f 3242 3245 3246
f 3243 3247 3694
f 3694 3692 3243
f 3248 3245 3244
f 3248 3244 3697
f 4012 3244 3695
f 3244 4012 3697
f 3246 3245 3249
f 3248 3249 3245
f 3246 3249 3250
f 3251 3696 3247
f 3694 3247 3696
f 3253 3249 3248
f 3252 3253 3248
f 3698 3252 3248
f 3248 3697 3698
f 3250 3249 3254
f 3253 3254 3249
f 4013 3251 3255
f 4013 3696 3251
f 3253 3252 3256
f 3699 3256 3252
f 3698 4016 3252
f 4016 3699 3252
f 3257 3254 3253
f 3256 3257 3253
f 3255 3258 4015
f 4015 4013 3255
f 3256 3260 3257
f 3259 3260 3256
f 3700 3259 3256
f 3700 3256 3699
f 3257 3260 3261
f 4017 3258 3262
f 4017 4015 3258
f 3260 3259 3263
f 3702 3263 3259
f 4019 3259 3700
f 3702 3259 4019
f 3261 3260 3264
f 3263 3264 3260
f 3265 3701 3262
f 3262 3701 4017
f 3267 3264 3263
f 3266 3267 3263
f 3704 3266 3263
f 3704 3263 3702
f 3268 3264 3267
f 4350 3701 3265
f 3265 3703 4350
f 3270 3267 3266
f 3270 3266 3706
f 3704 4021 3266
f 3706 3266 4021
f 3267 3271 3268
f 3270 3271 3267
f 3705 3269 3272
f 3705 3703 3269
f 3274 3271 3270
f 3273 3274 3270
f 3273 3270 3708
f 3708 3270 3706
f 3274 3275 3271
f 3276 3707 3272
f 3705 3272 3707
f 3277 3274 3273
f 3277 3273 3709
f 3273 3708 4024
f 4024 3709 3273
f 3274 3278 3275
f 3278 3274 3277
f 3279 4023 3276
f 3707 3276 4023
f 3278 3277 3281
f 3280 3281 3277
f 3277 3710 3280
f 3277 3709 3710
f 3281 3282 3278
f 4025 3279 3283
f 4023 3279 4025
f 3281 3280 3284
f 3284 3280 3711
f 4028 3280 3710
f 3280 4028 3711
f 3281 3285 3282
f 3281 3284 3285
f 3712 4027 3283
f 4027 4025 3283
f 3285 3284 3287
f 3287 3284 3286
f 3714 3286 3284
f 3711 3714 3284
f 3287 3288 3285
f 3286 3290 3287
f 3286 3716 3290
f 3714 4030 3286
f 4030 3716 3286
f 3291 3288 3287
f 3291 3287 3290
f 3289 3293 3715
f 3289 3713 3712
f 3713 3289 3715
f 3291 3290 3295
f 3295 3290 3294
f 3290 3718 3294
f 3716 3718 3290
f 3291 3296 3292
f 3291 3295 3296
f 3293 3297 3717
f 3717 3715 3293
f 3298 3295 3294
f 3298 3294 3719
f 3294 3718 4033
f 3294 4033 3719
f 3299 3296 3295
f 3298 3299 3295
f 3300 3296 3299
f 4032 3297 3301
f 3717 3297 4032
f 3298 3303 3299
f 3298 3302 3303
f 3298 3720 3302
f 3720 3298 3719
f 3299 3304 3300
f 3303 3304 3299
f 3305 4034 3301
f 4034 4032 3301
f 3302 3316 3303
f 3302 3722 3316
f 3302 3720 4048
f 4048 3722 3302
f 3303 3317 3304
f 3303 3316 3317
f 3317 3318 3304
f 3305 3319 4044
f 4034 3305 4044
f 3320 3307 3306
f 3306 3307 4035
f 3320 3306 4045
f 3306 4035 4049
f 3306 4049 4045
f 3308 4035 3307
f 3308 3309 4036
f 3308 4036 4035
f 4037 3309 3310
f 4037 4036 3309
f 3311 4038 3310
f 4037 3310 4038
f 4039 3311 3312
f 4038 3311 4039
f 3312 3313 4040
f 3312 4040 4039
f 3313 3314 4041
f 4041 4040 3313
f 3315 4042 3314
f 4041 3314 4042
f 3721 4046 3315
f 4042 3315 4046
f 3323 3317 3316
f 3322 3323 3316
f 3322 3316 3724
f 3316 3722 3724
f 3324 3318 3317
f 3323 3324 3317
f 3319 3325 3723
f 4044 3319 3723
f 3320 3726 3326
f 3726 3320 4045
f 3327 4050 3321
f 3321 4047 3721
f 3321 4050 4047
f 3328 3323 3322
f 3328 3322 3727
f 4055 3322 3724
f 3727 3322 4055
f 3329 3324 3323
f 3323 3328 3329
f 3330 3324 3329
f 3325 3331 3725
f 3723 3325 3725
f 3332 3326 3729
f 3326 3726 3729
f 4054 4050 3327
f 3329 3328 3335
f 3335 3328 3334
f 3730 3334 3328
f 3727 3730 3328
f 3336 3330 3329
f 3335 3336 3329
f 3728 3331 3337
f 3728 3725 3331
f 3732 3338 3332
f 3732 3332 3729
f 3333 4057 4054
f 3335 3334 3340
f 3733 3340 3334
f 3730 4061 3334
f 4061 3733 3334
f 3341 3336 3335
f 3340 3341 3335
f 3731 3337 3343
f 3728 3337 3731
f 3734 3338 3732
f 4060 4057 3339
f 3340 3347 3341
f 3346 3347 3340
f 3340 3735 3346
f 3733 3735 3340
f 3341 3347 3342
f 3348 3342 3347
f 3343 3349 4062
f 3731 3343 4062
f 3344 3736 3350
f 3736 3344 3734
f 4060 3345 4064
f 3352 3347 3346
f 3737 3352 3346
f 3735 4069 3346
f 4069 3737 3346
f 3353 3348 3347
f 3353 3347 3352
f 3353 3354 3348
f 3349 3355 4066
f 3349 4066 4062
f 3356 3350 3738
f 3738 3350 3736
f 3351 4068 4064
f 3353 3352 3359
f 3352 3358 3359
f 3358 3352 3737
f 3353 3360 3354
f 3359 3360 3353
f 3355 3740 4070
f 4070 4066 3355
f 3356 3738 4071
f 3356 4071 3742
f 4072 4068 3357
f 3358 3364 3359
f 3363 3364 3358
f 3363 3358 3739
f 3739 3358 3737
f 3359 3365 3360
f 3359 3364 3365
f 3366 3361 3747
f 3742 3747 3361
f 4075 4072 3362
f 3369 3364 3363
f 3368 3369 3363
f 3743 3368 3363
f 3363 3739 3743
f 3365 3364 3370
f 3370 3364 3369
f 3366 3747 3749
f 3367 3373 4078
f 3367 4078 4075
f 3743 3748 3368
f 3748 3756 3368
f 3371 3379 4080
f 3371 4080 3745
f 3372 3779 3401
f 3372 3749 3779
f 4082 3373 3750
f 4078 3373 4082
f 3374 3375 3753
f 3752 3374 3753
f 3754 3375 3376
f 3753 3375 3754
f 3755 3376 3377
f 3754 3376 3755
f 3377 3756 3755
f 3378 3757 3379
f 3380 3757 3378
f 4090 3379 3757
f 4090 4080 3379
f 3381 3757 3380
f 3381 3382 3758
f 3381 3758 3757
f 3382 3383 3759
f 3759 3758 3382
f 3384 3760 3383
f 3759 3383 3760
f 3761 3384 3385
f 3384 3761 3760
f 3386 3762 3385
f 3385 3762 3761
f 3387 3763 3386
f 3386 3763 3762
f 3764 3387 3388
f 3387 3764 3763
f 3389 3765 3388
f 3388 3765 3764
f 3766 3389 3390
f 3389 3766 3765
f 3391 3767 3390
f 3390 3767 3766
f 3768 3391 3392
f 3391 3768 3767
f 3392 3393 3769
f 3392 3769 3768
f 3394 3770 3393
f 3393 3770 3769
f 3395 3771 3394
f 3771 3770 3394
f 3772 3395 3396
f 3395 3772 3771
f 3397 3773 3396
f 3396 3773 3772
f 3398 3774 3397
f 3397 3774 3773
f 3399 3775 3398
f 3398 3775 3774
f 3400 3776 3399
f 3399 3776 3775
f 3400 3777 3776
f 3416 3401 3779
f 3781 3402 3403
f 3781 3780 3402
f 3404 3782 3403
f 3781 3403 3782
f 3405 3783 3404
f 3404 3783 3782
f 3784 3405 3406
f 3784 3783 3405
f 3785 3406 3407
f 3784 3406 3785
f 3786 3407 3408
f 3785 3407 3786
f 3409 3787 3408
f 3786 3408 3787
f 3788 3409 3410
f 3788 3787 3409
f 3789 3410 3411
f 3788 3410 3789
f 3790 3411 3412
f 3411 3790 3789
f 3791 3412 3413
f 3412 3791 3790
f 3792 3413 3414
f 3791 3413 3792
f 3414 3793 3792
f 3417 3795 3415
f 3795 3794 3415
f 3421 3422 3416
f 3797 3421 3416
f 3416 3779 3797
f 3423 3418 3417
f 3418 3796 3417
f 3796 3795 3417
f 3424 3418 3423
f 3418 3424 4132
f 3796 3418 4130
f 4130 3418 4132
f 3420 3799 3419
f 3798 3419 3799
f 3421 3420 3422
f 3799 3420 3421
f 3421 3797 4136
f 3421 4135 3799
f 4136 4135 3421
f 3426 3424 3423
f 3426 3801 3424
f 3424 3801 4139
f 3424 4137 4132
f 4137 3424 4139
f 3428 3425 3800
f 3426 3427 3802
f 3426 3802 3801
f 3429 3804 3427
f 3802 3427 3804
f 3430 3428 3803
f 3803 3428 3800
f 3429 3431 3806
f 3429 3806 3804
f 3805 3432 3430
f 3805 3430 3803
f 3431 3433 3808
f 3806 3431 3808
f 3434 3432 3807
f 3432 3805 3807
f 3810 3433 3435
f 3810 3808 3433
f 3436 3434 3809
f 3807 3809 3434
f 3435 3437 3812
f 3812 3810 3435
f 3438 3436 3813
f 3436 3809 3811
f 3813 3436 3811
f 3815 3437 3441
f 3812 3437 3815
f 3438 3814 3439
f 3813 3814 3438
f 3439 3814 3440
f 3440 3816 3442
f 3440 3814 3816
f 3441 3443 3817
f 3815 3441 3817
f 3818 3444 3442
f 3816 3818 3442
f 3443 3460 3834
f 3817 3443 3834
f 3461 3444 3818
f 3820 3446 3445
f 3445 3464 3819
f 3820 3445 3819
f 3821 3447 3446
f 3821 3446 3820
f 3822 3448 3447
f 3822 3447 3821
f 3823 3449 3448
f 3823 3448 3822
f 3450 3449 3824
f 3824 3449 3823
f 3825 3451 3450
f 3825 3450 3824
f 3826 3452 3451
f 3826 3451 3825
f 3453 3452 3827
f 3826 3827 3452
f 3828 3454 3453
f 3828 3453 3827
f 3455 3454 3829
f 3828 3829 3454
f 3830 3456 3455
f 3455 3829 3830
f 3456 3831 3457
f 3831 3456 3830
f 3465 3457 3838
f 3838 3457 3831
f 3459 3458 3832
f 3865 3458 3493
f 3832 3458 3865
f 3833 3460 3459
f 3459 3832 3833
f 3834 3460 3833
f 3835 3495 3461
f 3835 3461 3818
f 3836 3463 3462
f 3462 3496 3866
f 3462 3866 3836
f 3463 3837 3464
f 3463 3836 3837
f 3837 3819 3464
f 3839 3466 3465
f 3839 3465 3838
f 3467 3466 3840
f 3839 3840 3466
f 3841 3468 3467
f 3841 3467 3840
f 3468 3842 3469
f 3841 3842 3468
f 3842 3470 3469
f 3867 3497 3470
f 3842 3867 3470
f 3472 3471 3843
f 3471 3499 3868
f 3868 3843 3471
f 3472 3844 3473
f 3472 3843 3844
f 3473 3845 3474
f 3473 3844 3845
f 3474 3846 3475
f 3474 3845 3846
f 3475 3847 3476
f 3846 3847 3475
f 3477 3476 3848
f 3476 3847 3848
f 3849 3478 3477
f 3849 3477 3848
f 3479 3478 3850
f 3478 3849 3850
f 3851 3480 3479
f 3851 3479 3850
f 3481 3480 3852
f 3852 3480 3851
f 3481 3853 3482
f 3481 3852 3853
f 3483 3482 3854
f 3482 3853 3854
f 3483 3855 3484
f 3483 3854 3855
f 3485 3484 3856
f 3484 3855 3856
f 3486 3485 3857
f 3856 3857 3485
f 3858 3487 3486
f 3858 3486 3857
f 3859 3488 3487
f 3859 3487 3858
f 3860 3489 3488
f 3860 3488 3859
f 3490 3489 3861
f 3861 3489 3860
f 3491 3490 3862
f 3862 3490 3861
f 3492 3491 3863
f 3862 3863 3491
f 3864 3493 3492
f 3864 3492 3863
f 3865 3493 3864
f 3495 3835 3494
f 4206 3494 3835
f 4205 3494 4692
f 3494 4206 4692
f 3870 3866 3496
f 3501 3498 3497
f 3867 3501 3497
f 3501 3502 3498
f 3498 3502 3503
f 3499 3504 3873
f 3873 3868 3499
f 3874 3870 3500
f 3502 3501 3508
f 3508 3501 3871
f 3867 3871 3501
f 3503 3502 3510
f 3508 3509 3502
f 3510 3502 3509
f 3511 3872 3504
f 3504 3872 3873
f 3505 3506 3869
f 4217 3512 3505
f 4210 3505 3869
f 4210 4217 3505
f 3878 3507 3513
f 3507 3878 3874
f 3508 3514 3509
f 3875 3514 3508
f 3875 3508 3871
f 3510 3509 3516
f 3515 3509 3514
f 3515 3516 3509
f 3511 3517 3876
f 3511 3876 3872
f 4216 3881 3512
f 4743 4216 3512
f 4743 3512 4217
f 3513 3518 3882
f 3882 3878 3513
f 3514 3519 3515
f 3879 3519 3514
f 3879 3514 3875
f 3515 3521 3516
f 3519 3520 3515
f 3520 3521 3515
f 3517 3880 3876
f 3517 3885 3880
f 3525 3886 3518
f 3882 3518 3886
f 3520 3519 3528
f 3528 3519 3884
f 3519 3879 3884
f 3529 3887 3522
f 3885 3522 3887
f 3523 3524 3881
f 4228 3530 3523
f 3523 3881 4221
f 4221 4228 3523
f 3888 3525 3531
f 3886 3525 3888
f 3526 3532 3527
f 3527 3884 3526
f 3890 3532 3526
f 3883 3526 3884
f 3883 4773 3526
f 3890 3526 4225
f 3526 4773 4225
f 3527 3533 3528
f 3528 3884 3527
f 3527 3532 3533
f 3533 3534 3528
f 3529 3535 3891
f 3891 3887 3529
f 3892 3530 4227
f 3530 4228 4227
f 3531 3536 3893
f 3893 3888 3531
f 3533 3532 3539
f 3539 3532 3890
f 3540 3894 3535
f 3894 3891 3535
f 3543 3896 3536
f 3536 3896 3893
f 3537 3544 3538
f 3890 3537 3538
f 3898 3544 3537
f 3890 3889 3537
f 4803 3537 3889
f 3898 3537 4233
f 4233 3537 4803
f 3538 3545 3539
f 3539 3890 3538
f 3544 3545 3538
f 3545 3546 3539
f 3899 3540 3547
f 3540 3899 3894
f 3542 3541 3548
f 3542 3892 3541
f 3541 3901 3548
f 3892 4231 3541
f 3901 3541 4231
f 3903 3543 3557
f 3903 3896 3543
f 3545 3544 3560
f 3544 3559 3560
f 3544 3898 3559
f 3547 3561 3904
f 3904 3899 3547
f 3549 3548 3907
f 3901 3906 3548
f 3548 3906 3907
f 3550 3549 3908
f 3908 3549 3907
f 3550 3909 3551
f 3550 3908 3909
f 3551 3910 3552
f 3909 3910 3551
f 3552 3911 3553
f 3552 3910 3911
f 3553 3912 3554
f 3912 3553 3911
f 3913 3555 3554
f 3913 3554 3912
f 3556 3555 3914
f 3913 3914 3555
f 3556 3902 3557
f 3915 3902 3556
f 3915 3556 3914
f 3902 3903 3557
f 3559 3558 3562
f 3559 3898 3558
f 3558 3917 3562
f 3897 3558 3898
f 4830 3558 3897
f 3558 4240 3917
f 4240 3558 4830
f 3560 3559 3563
f 3563 3559 3562
f 3564 3560 3563
f 3565 3904 3561
f 3568 3563 3562
f 3562 3567 3568
f 3562 3917 3567
f 3565 4251 3904
f 3565 3918 4253
f 4847 4251 3565
f 4253 4847 3565
f 3570 3567 3566
f 3917 3566 3567
f 3920 3570 3566
f 3917 3916 3566
f 3916 4845 3566
f 3920 3566 4252
f 4845 4252 3566
f 3568 3567 3571
f 3571 3567 3570
f 3571 3572 3568
f 3921 3569 3573
f 3921 3918 3569
f 3571 3570 3576
f 3576 3570 3575
f 3570 3920 3575
f 3573 3577 3922
f 3573 3922 3921
f 3575 3574 3578
f 3575 3920 3574
f 3578 3574 3924
f 3920 3919 3574
f 3919 4850 3574
f 4255 3924 3574
f 4850 4255 3574
f 3579 3576 3575
f 3575 3578 3579
f 3580 3576 3579
f 3925 3577 3581
f 3925 3922 3577
f 3579 3578 3584
f 3584 3578 3583
f 3578 3924 3583
f 3925 3581 3927
f 3582 3585 3583
f 3924 3582 3583
f 3582 3929 3585
f 3924 3923 3582
f 3582 3923 4855
f 3582 4257 3929
f 4855 4257 3582
f 3584 3583 3586
f 3586 3583 3585
f 3584 3586 3587
f 3591 3586 3585
f 3591 3585 3590
f 3590 3585 3929
f 3592 3931 3588
f 3931 3930 3588
f 3593 3590 3589
f 3929 3589 3590
f 3589 3933 3593
f 3929 3928 3589
f 3928 4860 3589
f 3589 4260 3933
f 4860 4260 3589
f 3594 3591 3590
f 3594 3590 3593
f 3591 3594 3595
f 3592 3596 3934
f 3931 3592 3934
f 3593 3599 3594
f 3593 3598 3599
f 3933 3598 3593
f 3596 3600 3935
f 3934 3596 3935
f 3601 3598 3597
f 3933 3597 3598
f 3937 3601 3597
f 3933 3932 3597
f 4865 3597 3932
f 4263 3937 3597
f 4865 4263 3597
f 3602 3599 3598
f 3601 3602 3598
f 3603 3599 3602
f 3938 3600 3604
f 3938 3935 3600
f 3601 3607 3602
f 3601 3606 3607
f 3601 3937 3606
f 3604 3608 3940
f 3938 3604 3940
f 3605 3609 3606
f 3937 3605 3606
f 3943 3609 3605
f 3937 3936 3605
f 4870 3605 3936
f 4265 3943 3605
f 4265 3605 4870
f 3606 3610 3607
f 3609 3610 3606
f 3607 3610 3611
f 3608 3612 3944
f 3940 3608 3944
f 3615 3610 3609
f 3615 3609 3614
f 3609 3943 3614
f 3616 3944 3612
f 3617 3614 3613
f 3943 3613 3614
f 3613 3947 3617
f 3943 3942 3613
f 4875 3613 3942
f 3613 4266 3947
f 4875 4266 3613
f 3614 3618 3615
f 3614 3617 3618
f 3619 3615 3618
f 3616 4267 3944
f 4268 3616 3948
f 4267 3616 4879
f 4879 3616 4268
f 3623 3618 3617
f 3623 3617 3622
f 3622 3617 3947
f 3624 3949 3620
f 3948 3620 3949
f 3621 3625 3622
f 3947 3621 3622
f 3625 3621 3951
f 3947 3946 3621
f 3946 4880 3621
f 3621 4269 3951
f 4269 3621 4880
f 3622 3626 3623
f 3626 3622 3625
f 3623 3626 3627
f 3624 3628 3952
f 3952 3949 3624
f 3631 3626 3625
f 3625 3630 3631
f 3951 3630 3625
f 3632 3953 3628
f 3952 3628 3953
f 3629 3633 3630
f 3951 3629 3630
f 3956 3633 3629
f 3951 3950 3629
f 4885 3629 3950
f 3956 3629 4272
f 3629 4885 4272
f 3631 3630 3634
f 3630 3633 3634
f 3631 3634 3635
f 3632 3636 3957
f 3953 3632 3957
f 3634 3633 3639
f 3956 3639 3633
f 3640 3958 3636
f 3958 3957 3636
f 3638 3637 3641
f 3956 3637 3638
f 3637 3960 3641
f 3956 3955 3637
f 4890 3637 3955
f 3637 4274 3960
f 4890 4274 3637
f 3638 3642 3639
f 3638 3639 3956
f 3638 3641 3642
f 3643 3639 3642
f 3958 3640 3644
f 3642 3641 3647
f 3646 3647 3641
f 3960 3646 3641
f 3644 4276 3958
f 3961 4278 3644
f 4278 4276 3644
f 3649 3646 3645
f 3960 3645 3646
f 3645 3963 3649
f 3960 3959 3645
f 4277 3645 3959
f 3963 3645 4277
f 3646 3649 3647
f 3650 3964 3648
f 3961 3648 3964
f 3649 3653 3654
f 3963 3653 3649
f 3655 3965 3650
f 3964 3650 3965
f 3651 3656 3652
f 3651 3652 3962
f 3651 3968 3656
f 3651 3962 4280
f 3968 3651 3967
f 3967 3651 4280
f 3656 3653 3652
f 3963 3652 3653
f 3962 3652 3963
f 3969 3655 3657
f 3965 3655 3969
f 3660 3661 3656
f 3660 3656 3968
f 3971 3657 3662
f 3657 3971 3969
f 3658 3659 3968
f 3973 3659 3658
f 3967 3658 3968
f 3658 3967 4281
f 3973 3658 4281
f 3660 3659 3664
f 3968 3659 3660
f 3663 3664 3659
f 3973 3663 3659
f 3665 3661 3660
f 3665 3660 3664
f 3662 3666 3974
f 3974 3971 3662
f 3667 3664 3663
f 3976 3667 3663
f 3975 3663 3973
f 3975 3976 3663
f 3668 3665 3664
f 3667 3668 3664
f 3669 3665 3668
f 3666 3676 3977
f 3666 3977 3974
f 3978 3668 3667
f 3667 3976 3978
f 3979 3669 3668
f 3978 3979 3668
f 3669 3980 3670
f 3669 3979 3980
f 3981 3671 3670
f 3980 3981 3670
f 3671 3982 3672
f 3982 3671 3981
f 3673 3672 3983
f 3982 3983 3672
f 3984 3674 3673
f 3984 3673 3983
f 3675 3674 3985
f 3984 3985 3674
f 3676 3675 3986
f 3675 3985 3986
f 3987 3977 3676
f 3987 3676 3986
f 3677 3988 4298
f 4308 3997 3677
f 3677 4298 4308
f 3680 4311 3678
f 3678 4310 3999
f 3678 4311 4310
f 3679 4001 3681
f 4001 3679 4000
f 4317 3680 3682
f 4311 3680 4314
f 4317 4314 3680
f 4002 3683 3681
f 4001 4002 3681
f 4319 3682 3684
f 3682 4319 4317
f 3685 3683 4003
f 4002 4003 3683
f 3686 4322 3684
f 4319 3684 4322
f 3685 4003 4320
f 4004 3685 4320
f 4005 4324 3686
f 4322 3686 4324
f 3688 3687 4006
f 3687 4004 4006
f 4325 3688 4006
f 4008 3688 4325
f 3689 4009 3691
f 4009 3689 4008
f 4329 3690 3692
f 3690 4327 4007
f 4327 3690 4329
f 4330 3691 4009
f 3691 4330 4010
f 3694 4332 3692
f 4329 3692 4332
f 3693 4011 3695
f 4010 4011 3693
f 3694 3696 4338
f 4335 4332 3694
f 4335 3694 4338
f 4336 3695 4011
f 4012 3695 4336
f 4013 4340 3696
f 4338 3696 4340
f 3698 3697 4014
f 3697 4012 4014
f 4341 3698 4014
f 3698 4341 4016
f 3700 3699 4018
f 4018 3699 4016
f 3700 4018 4346
f 4019 3700 4346
f 4345 4017 3701
f 4345 3701 4348
f 4350 4348 3701
f 3704 3702 4020
f 4020 3702 4019
f 3705 4353 3703
f 4350 3703 4353
f 4351 3704 4020
f 3704 4351 4021
f 3705 3707 4355
f 4353 3705 4355
f 3708 3706 4022
f 3706 4021 4022
f 3707 4023 4358
f 4355 3707 4358
f 4022 4356 3708
f 4356 4024 3708
f 4026 3710 3709
f 4024 4026 3709
f 4026 4361 3710
f 4028 3710 4361
f 3711 4029 3714
f 3711 4028 4029
f 3713 4027 3712
f 3713 3715 4365
f 3713 4363 4027
f 4363 3713 4365
f 4029 4366 3714
f 3714 4366 4030
f 3717 4370 3715
f 4365 3715 4368
f 4368 3715 4370
f 3716 4031 3718
f 4030 4031 3716
f 3717 4032 4373
f 4373 4370 3717
f 3718 4031 4371
f 4371 4033 3718
f 3720 3719 4043
f 4033 4043 3719
f 4043 4376 3720
f 4376 4048 3720
f 4046 3721 4047
f 4051 3724 3722
f 4048 4051 3722
f 3723 3725 4393
f 4044 3723 4378
f 3723 4389 4378
f 4389 3723 4393
f 3724 4051 4391
f 4055 3724 4391
f 3728 4406 3725
f 4406 4393 3725
f 3726 4052 3729
f 4052 3726 4045
f 4058 3730 3727
f 4055 4058 3727
f 3728 3731 4421
f 4421 4406 3728
f 4056 3732 3729
f 4053 3729 4052
f 4053 4056 3729
f 3730 4058 4419
f 3730 4419 4061
f 3731 4062 4435
f 4435 4421 3731
f 3734 3732 4059
f 4056 4059 3732
f 3733 4065 3735
f 4061 4065 3733
f 3736 3734 4063
f 4063 3734 4059
f 3735 4065 4449
f 4449 4069 3735
f 4067 3738 3736
f 3736 4063 4067
f 3739 3737 4073
f 4073 3737 4069
f 4071 3738 4067
f 4076 3743 3739
f 4076 3739 4073
f 3744 3741 3740
f 3740 3741 4070
f 3741 3744 3746
f 3741 3746 4499
f 4070 3741 4466
f 4482 4466 3741
f 4482 3741 4499
f 3742 4074 3747
f 3742 4071 4074
f 3748 3743 4076
f 3745 3746 3744
f 4080 3746 3745
f 4080 4516 3746
f 4499 3746 4516
f 3749 3747 4077
f 4074 4077 3747
f 4089 3756 3748
f 3748 4076 4079
f 4089 3748 4079
f 4081 3779 3749
f 3749 4077 4081
f 4083 3750 3780
f 4082 3750 4083
f 3751 3752 4084
f 3793 3751 4127
f 4127 3751 4084
f 3752 3753 4085
f 4084 3752 4085
f 3753 3754 4086
f 4085 3753 4086
f 3755 4087 3754
f 4086 3754 4087
f 3755 3756 4088
f 4088 4087 3755
f 3756 4089 4088
f 3758 4091 3757
f 3757 4091 4090
f 3759 4092 3758
f 3758 4092 4091
f 3759 3760 4093
f 3759 4093 4092
f 3760 3761 4094
f 3760 4094 4093
f 3761 3762 4095
f 4094 3761 4095
f 3762 3763 4096
f 4095 3762 4096
f 3764 4097 3763
f 3763 4097 4096
f 3765 4098 3764
f 3764 4098 4097
f 4099 3765 3766
f 4099 4098 3765
f 3766 3767 4100
f 4099 3766 4100
f 4101 3767 3768
f 4101 4100 3767
f 3769 4102 3768
f 4102 4101 3768
f 3769 3770 4103
f 4102 3769 4103
f 3771 4104 3770
f 4103 3770 4104
f 3771 3772 4105
f 4105 4104 3771
f 3773 4106 3772
f 3772 4106 4105
f 3774 4107 3773
f 3773 4107 4106
f 3774 3775 4108
f 4108 4107 3774
f 3775 3776 4109
f 4109 4108 3775
f 4110 3776 3777
f 4109 3776 4110
f 4111 3777 3778
f 4110 3777 4111
f 3794 4112 3778
f 3778 4112 4111
f 3779 4113 3797
f 3779 4081 4113
f 4114 3780 3781
f 4114 4083 3780
f 3781 3782 4115
f 4115 4114 3781
f 4116 3782 3783
f 4115 3782 4116
f 4117 3783 3784
f 4116 3783 4117
f 4118 3784 3785
f 4118 4117 3784
f 3785 3786 4119
f 3785 4119 4118
f 4120 3786 3787
f 4119 3786 4120
f 3787 3788 4121
f 4120 3787 4121
f 4122 3788 3789
f 4121 3788 4122
f 4123 3789 3790
f 4123 4122 3789
f 3790 3791 4124
f 3790 4124 4123
f 4125 3791 3792
f 4125 4124 3791
f 3792 3793 4126
f 3792 4126 4125
f 4126 3793 4127
f 3794 3795 4128
f 4128 4112 3794
f 3796 4129 3795
f 4128 3795 4129
f 4130 4129 3796
f 3797 4113 4131
f 4131 4136 3797
f 3799 4133 3798
f 4138 3800 3798
f 4138 3798 4133
f 4133 3799 4134
f 4135 4134 3799
f 3803 3800 4138
f 3801 3802 4140
f 4139 3801 4140
f 4142 3802 3804
f 4140 3802 4142
f 3803 4141 3805
f 4141 3803 4138
f 3804 3806 4144
f 3804 4144 4142
f 3805 4143 3807
f 4141 4143 3805
f 3806 3808 4146
f 3806 4146 4144
f 4145 3809 3807
f 3807 4143 4145
f 4148 3808 3810
f 4148 4146 3808
f 4147 3811 3809
f 4145 4147 3809
f 3810 3812 4150
f 3810 4150 4148
f 3811 4151 3813
f 4147 4149 3811
f 3811 4149 4151
f 4154 3812 3815
f 4154 4150 3812
f 3814 3813 4152
f 4152 3813 4151
f 4153 3816 3814
f 4152 4153 3814
f 4154 3815 3817
f 4155 3818 3816
f 4153 4155 3816
f 4156 3817 3834
f 4156 4154 3817
f 3835 3818 4157
f 4157 3818 4155
f 3820 3819 4159
f 3837 4158 3819
f 4158 4159 3819
f 3821 3820 4160
f 3820 4159 4160
f 3822 3821 4161
f 4160 4161 3821
f 4162 3823 3822
f 3822 4161 4162
f 3823 4163 3824
f 4162 4163 3823
f 3825 3824 4164
f 4164 3824 4163
f 3826 3825 4165
f 3825 4164 4165
f 4166 3827 3826
f 3826 4165 4166
f 3827 4167 3828
f 4167 3827 4166
f 4168 3829 3828
f 4167 4168 3828
f 4169 3830 3829
f 4169 3829 4168
f 4170 3831 3830
f 3830 4169 4170
f 4177 3838 3831
f 3831 4170 4177
f 3832 4172 3833
f 3865 4171 3832
f 4171 4172 3832
f 4173 3834 3833
f 3833 4172 4173
f 4173 4156 3834
f 3835 4157 4174
f 4206 3835 4174
f 3836 4176 3837
f 3866 4175 3836
f 4176 3836 4175
f 3837 4176 4158
f 3838 4178 3839
f 4177 4178 3838
f 3839 4179 3840
f 4178 4179 3839
f 3840 4180 3841
f 4179 4180 3840
f 3841 4181 3842
f 3841 4180 4181
f 3867 3842 4208
f 4208 3842 4181
f 4183 3844 3843
f 3868 4182 3843
f 4183 3843 4182
f 3845 3844 4184
f 4183 4184 3844
f 4185 3846 3845
f 3845 4184 4185
f 4186 3847 3846
f 3846 4185 4186
f 3848 3847 4187
f 4186 4187 3847
f 4188 3849 3848
f 4188 3848 4187
f 4189 3850 3849
f 4189 3849 4188
f 4190 3851 3850
f 4190 3850 4189
f 4191 3852 3851
f 3851 4190 4191
f 4192 3853 3852
f 4192 3852 4191
f 3853 4193 3854
f 4193 3853 4192
f 4194 3855 3854
f 4193 4194 3854
f 3856 3855 4195
f 4195 3855 4194
f 3856 4196 3857
f 4195 4196 3856
f 4197 3858 3857
f 4196 4197 3857
f 4198 3859 3858
f 3858 4197 4198
f 3859 4199 3860
f 4198 4199 3859
f 3860 4200 3861
f 4199 4200 3860
f 4201 3862 3861
f 4200 4201 3861
f 3862 4202 3863
f 4201 4202 3862
f 3863 4203 3864
f 3863 4202 4203
f 4204 3865 3864
f 4204 3864 4203
f 4171 3865 4204
f 3870 4207 3866
f 3866 4207 4175
f 4208 3871 3867
f 3868 3873 4209
f 4209 4182 3868
f 4210 3869 4205
f 4211 3870 3874
f 4207 3870 4211
f 3875 3871 4212
f 4212 3871 4208
f 3873 3872 4213
f 3876 3877 3872
f 3877 4213 3872
f 3873 4213 4209
f 4214 3874 3878
f 4724 4211 3874
f 4724 3874 4214
f 4215 3879 3875
f 3875 4212 4725
f 4725 4215 3875
f 4220 3877 3876
f 4220 3876 3880
f 3877 4727 4213
f 4742 3877 4220
f 4727 3877 4742
f 3882 4218 3878
f 4214 3878 4740
f 4218 4740 3878
f 3879 4219 3884
f 3879 4215 4219
f 4223 3880 3885
f 4220 3880 4759
f 4223 4759 3880
f 4216 4221 3881
f 3882 3886 4222
f 3882 4756 4218
f 3882 4222 4756
f 4219 3883 3884
f 4774 3883 4219
f 3883 4788 4773
f 4788 3883 4774
f 3885 3887 4223
f 3886 3888 4224
f 4772 4222 3886
f 4224 4772 3886
f 3891 4226 3887
f 4223 3887 4226
f 3893 4229 3888
f 4224 3888 4787
f 4787 3888 4229
f 3889 3890 4225
f 4804 3889 4225
f 4803 3889 4817
f 3889 4804 4817
f 3894 3895 3891
f 4230 3891 3895
f 4226 3891 4230
f 4234 3892 4227
f 4234 4231 3892
f 3893 3896 4232
f 3893 4802 4229
f 4232 4802 3893
f 3900 3895 3894
f 3899 3900 3894
f 3900 4818 3895
f 4230 3895 4805
f 4818 4805 3895
f 3903 4235 3896
f 4232 3896 4816
f 4235 4816 3896
f 3897 3898 4233
f 3897 4233 4831
f 4830 3897 4843
f 4831 4843 3897
f 3900 3899 3905
f 3904 3905 3899
f 3900 3905 4832
f 4832 4818 3900
f 4241 3906 3901
f 3901 4231 4236
f 4241 3901 4236
f 4239 3903 3902
f 3915 4238 3902
f 4239 3902 4238
f 4235 3903 4239
f 3904 4251 3905
f 3905 4251 4844
f 4844 4832 3905
f 3907 3906 4242
f 4242 3906 4241
f 3908 3907 4243
f 4242 4243 3907
f 4244 3909 3908
f 3908 4243 4244
f 3909 4245 3910
f 4245 3909 4244
f 4246 3911 3910
f 4245 4246 3910
f 3912 3911 4247
f 4246 4247 3911
f 3913 3912 4248
f 4248 3912 4247
f 4249 3914 3913
f 4249 3913 4248
f 4250 3915 3914
f 4250 3914 4249
f 4250 4238 3915
f 3916 3917 4240
f 3916 4240 4846
f 3916 4848 4845
f 3916 4846 4848
f 3921 4253 3918
f 3919 3920 4252
f 3919 4252 4851
f 3919 4853 4850
f 3919 4851 4853
f 3921 3922 4254
f 4253 3921 4254
f 3925 3926 3922
f 3926 4256 3922
f 4254 3922 4256
f 4255 3923 3924
f 4856 3923 4255
f 4855 3923 4858
f 3923 4856 4858
f 4258 3926 3925
f 3925 3927 4258
f 3926 4854 4256
f 4258 4857 3926
f 4857 4854 3926
f 3927 3930 4259
f 4258 3927 4259
f 3929 4257 3928
f 4861 3928 4257
f 4863 4860 3928
f 3928 4861 4863
f 3931 4261 3930
f 4261 4259 3930
f 3934 4261 3931
f 3933 4260 3932
f 4866 3932 4260
f 3932 4868 4865
f 3932 4866 4868
f 3934 3935 4262
f 3934 4262 4261
f 3938 3939 3935
f 3939 4264 3935
f 4262 3935 4264
f 3937 4263 3936
f 4871 3936 4263
f 4870 3936 4873
f 3936 4871 4873
f 3938 3941 3939
f 3938 3940 3941
f 3941 4872 3939
f 3939 4869 4264
f 3939 4872 4869
f 3941 3940 3945
f 3940 3944 3945
f 3941 3945 4874
f 4872 3941 4874
f 3942 3943 4265
f 3942 4265 4876
f 4875 3942 4878
f 3942 4876 4878
f 3945 3944 4267
f 3945 4267 4877
f 4877 4874 3945
f 3947 4266 3946
f 4881 3946 4266
f 4883 4880 3946
f 3946 4881 4883
f 3948 3949 4268
f 4270 3949 3952
f 4270 4268 3949
f 3950 3951 4269
f 3950 4269 4886
f 4888 4885 3950
f 3950 4886 4888
f 3954 3952 3953
f 3954 4271 3952
f 4271 4270 3952
f 3954 3953 4273
f 3953 3957 4273
f 3954 4887 4271
f 3954 4273 4889
f 4887 3954 4889
f 3956 4272 3955
f 4891 3955 4272
f 4890 3955 4894
f 4894 3955 4891
f 3958 4275 3957
f 4273 3957 4275
f 3958 4276 4275
f 3959 3960 4274
f 3959 4274 4897
f 4896 4277 3959
f 4897 4896 3959
f 3961 3964 4279
f 4278 3961 4279
f 3962 3963 4277
f 3962 4277 4902
f 4280 3962 4901
f 4901 3962 4902
f 3964 3965 3966
f 4279 3964 3966
f 3966 3965 3970
f 3965 3969 3970
f 3966 3970 4905
f 4903 4279 3966
f 4903 3966 4905
f 3967 4280 4907
f 4281 3967 4906
f 3967 4907 4906
f 3970 3969 3972
f 3972 3969 3971
f 3970 3972 4908
f 4908 4905 3970
f 3971 4283 3972
f 3974 4283 3971
f 4910 3972 4283
f 4910 4908 3972
f 3975 3973 4282
f 4281 4282 3973
f 3974 3977 4286
f 4286 4283 3974
f 3975 4284 3976
f 4284 3975 4282
f 3978 3976 4287
f 4284 4287 3976
f 4285 3977 3987
f 4286 3977 4285
f 4289 3979 3978
f 4287 4288 3978
f 4288 4289 3978
f 3980 3979 4290
f 4290 3979 4289
f 3980 4291 3981
f 4291 3980 4290
f 3982 3981 4292
f 4291 4292 3981
f 3982 4293 3983
f 4292 4293 3982
f 3984 3983 4294
f 4293 4294 3983
f 4295 3985 3984
f 4294 4295 3984
f 3985 4296 3986
f 4295 4296 3985
f 4297 3987 3986
f 4296 4297 3986
f 3987 4297 4285
f 3989 4298 3988
f 4299 3989 3990
f 4299 4298 3989
f 4300 3990 3991
f 4299 3990 4300
f 3992 4301 3991
f 3991 4301 4300
f 3992 3993 4302
f 3992 4302 4301
f 3993 3994 4303
f 4303 4302 3993
f 3994 3995 4304
f 4303 3994 4304
f 3995 3996 4305
f 4304 3995 4305
f 3996 3998 4306
f 4305 3996 4306
f 3997 4307 4000
f 4308 4307 3997
f 3998 3999 4309
f 4306 3998 4309
f 4310 4309 3999
f 4001 4000 4312
f 4307 4312 4000
f 4315 4002 4001
f 4312 4315 4001
f 4002 4318 4003
f 4002 4315 4318
f 4320 4003 4318
f 4323 4006 4004
f 4323 4004 4320
f 4007 4324 4005
f 4323 4325 4006
f 4327 4324 4007
f 4328 4009 4008
f 4328 4008 4325
f 4009 4328 4330
f 4333 4011 4010
f 4330 4333 4010
f 4011 4333 4336
f 4012 4339 4014
f 4012 4336 4339
f 4015 4340 4013
f 4339 4341 4014
f 4017 4343 4015
f 4343 4340 4015
f 4018 4016 4344
f 4016 4341 4344
f 4345 4343 4017
f 4344 4346 4018
f 4020 4019 4349
f 4019 4346 4349
f 4020 4349 4352
f 4351 4020 4352
f 4354 4022 4021
f 4351 4354 4021
f 4354 4356 4022
f 4025 4358 4023
f 4024 4359 4026
f 4356 4359 4024
f 4360 4025 4027
f 4358 4025 4360
f 4361 4026 4359
f 4360 4027 4363
f 4364 4029 4028
f 4361 4364 4028
f 4364 4366 4029
f 4030 4369 4031
f 4366 4369 4030
f 4031 4369 4371
f 4034 4373 4032
f 4374 4043 4033
f 4374 4033 4371
f 4034 4044 4375
f 4034 4375 4373
f 4035 4036 4380
f 4049 4035 4379
f 4379 4035 4380
f 4037 4381 4036
f 4036 4381 4380
f 4037 4038 4382
f 4382 4381 4037
f 4038 4039 4383
f 4038 4383 4382
f 4039 4040 4384
f 4383 4039 4384
f 4041 4385 4040
f 4040 4385 4384
f 4041 4042 4386
f 4041 4386 4385
f 4042 4046 4387
f 4387 4386 4042
f 4376 4043 4374
f 4378 4375 4044
f 4052 4045 4049
f 4046 4047 4387
f 4390 4047 4050
f 4047 4390 4387
f 4048 4388 4051
f 4388 4048 4376
f 4049 4379 4052
f 4054 4404 4050
f 4390 4050 4404
f 4051 4388 4391
f 4053 4052 4379
f 4056 4053 4394
f 4394 4053 4379
f 4418 4054 4057
f 4404 4054 4418
f 4405 4058 4055
f 4391 4405 4055
f 4056 4407 4059
f 4056 4394 4407
f 4060 4433 4057
f 4433 4418 4057
f 4405 4419 4058
f 4059 4422 4063
f 4059 4407 4422
f 4060 4064 4448
f 4433 4060 4448
f 4434 4065 4061
f 4434 4061 4419
f 4062 4066 4435
f 4067 4063 4436
f 4436 4063 4422
f 4464 4064 4068
f 4448 4064 4464
f 4434 4450 4065
f 4450 4449 4065
f 4070 4451 4066
f 4435 4066 4451
f 4452 4071 4067
f 4452 4067 4436
f 4072 4479 4068
f 4479 4464 4068
f 4073 4069 4465
f 4069 4449 4465
f 4451 4070 4466
f 4467 4074 4071
f 4467 4071 4452
f 4075 4496 4072
f 4496 4479 4072
f 4480 4076 4073
f 4480 4073 4465
f 4074 4483 4077
f 4483 4074 4467
f 4513 4075 4078
f 4512 4496 4075
f 4075 4513 4512
f 4079 4076 4497
f 4076 4480 4497
f 4081 4077 4500
f 4483 4500 4077
f 4078 4082 4531
f 4513 4078 4530
f 4530 4078 4531
f 4089 4079 4514
f 4497 4515 4079
f 4079 4515 4514
f 4090 4517 4080
f 4517 4516 4080
f 4081 4518 4113
f 4500 4518 4081
f 4532 4082 4083
f 4531 4082 4532
f 4083 4114 4574
f 4083 4574 4532
f 4085 4590 4084
f 4589 4127 4084
f 4084 4590 4589
f 4533 4085 4086
f 4085 4533 4590
f 4086 4087 4533
f 4534 4087 4088
f 4533 4087 4534
f 4089 4535 4088
f 4534 4088 4535
f 4514 4535 4089
f 4090 4091 4537
f 4090 4537 4517
f 4092 4538 4091
f 4091 4538 4537
f 4093 4539 4092
f 4538 4092 4539
f 4093 4094 4540
f 4093 4540 4539
f 4095 4541 4094
f 4094 4541 4540
f 4096 4542 4095
f 4542 4541 4095
f 4097 4543 4096
f 4543 4542 4096
f 4544 4097 4098
f 4544 4543 4097
f 4099 4545 4098
f 4545 4544 4098
f 4099 4100 4546
f 4546 4545 4099
f 4100 4101 4547
f 4100 4547 4546
f 4548 4101 4102
f 4547 4101 4548
f 4549 4102 4103
f 4548 4102 4549
f 4103 4104 4550
f 4103 4550 4549
f 4104 4105 4551
f 4550 4104 4551
f 4552 4105 4106
f 4551 4105 4552
f 4107 4553 4106
f 4106 4553 4552
f 4108 4554 4107
f 4554 4553 4107
f 4109 4555 4108
f 4554 4108 4555
f 4109 4110 4556
f 4556 4555 4109
f 4111 4557 4110
f 4110 4557 4556
f 4112 4558 4111
f 4558 4557 4111
f 4559 4112 4128
f 4112 4559 4558
f 4131 4113 4560
f 4518 4560 4113
f 4114 4115 4575
f 4114 4575 4574
f 4116 4576 4115
f 4115 4576 4575
f 4116 4117 4577
f 4116 4577 4576
f 4117 4118 4578
f 4578 4577 4117
f 4579 4118 4119
f 4118 4579 4578
f 4119 4120 4580
f 4580 4579 4119
f 4121 4581 4120
f 4120 4581 4580
f 4582 4121 4122
f 4582 4581 4121
f 4123 4583 4122
f 4122 4583 4582
f 4123 4124 4584
f 4583 4123 4584
f 4125 4585 4124
f 4584 4124 4585
f 4126 4586 4125
f 4125 4586 4585
f 4127 4587 4126
f 4587 4586 4126
f 4588 4587 4127
f 4588 4127 4589
f 4128 4129 4591
f 4128 4591 4559
f 4592 4129 4130
f 4591 4129 4592
f 4599 4130 4132
f 4599 4592 4130
f 4131 4593 4136
f 4131 4560 4594
f 4131 4594 4593
f 4132 4137 4604
f 4132 4604 4599
f 4133 4134 4600
f 4133 4605 4138
f 4605 4133 4600
f 4135 4601 4134
f 4600 4134 4601
f 4136 4602 4135
f 4135 4602 4601
f 4602 4136 4593
f 4606 4137 4139
f 4137 4606 4604
f 4605 4141 4138
f 4139 4140 4607
f 4606 4139 4607
f 4140 4142 4609
f 4607 4140 4609
f 4141 4608 4143
f 4605 4608 4141
f 4612 4142 4144
f 4609 4142 4612
f 4145 4143 4611
f 4143 4608 4611
f 4146 4615 4144
f 4144 4615 4612
f 4145 4614 4147
f 4145 4611 4614
f 4148 4618 4146
f 4615 4146 4618
f 4147 4617 4149
f 4614 4617 4147
f 4620 4148 4150
f 4618 4148 4620
f 4151 4149 4621
f 4619 4149 4617
f 4149 4619 4621
f 4624 4150 4154
f 4620 4150 4624
f 4151 4622 4152
f 4151 4621 4622
f 4152 4623 4153
f 4152 4622 4623
f 4153 4625 4155
f 4153 4623 4625
f 4154 4156 4624
f 4155 4625 4157
f 4156 4173 4627
f 4627 4624 4156
f 4628 4174 4157
f 4625 4628 4157
f 4158 4634 4159
f 4632 4158 4176
f 4632 4633 4158
f 4633 4634 4158
f 4160 4159 4635
f 4635 4159 4634
f 4160 4636 4161
f 4635 4636 4160
f 4162 4161 4637
f 4636 4637 4161
f 4163 4162 4638
f 4637 4638 4162
f 4163 4639 4164
f 4638 4639 4163
f 4640 4165 4164
f 4640 4164 4639
f 4166 4165 4641
f 4165 4640 4641
f 4167 4166 4642
f 4642 4166 4641
f 4643 4168 4167
f 4642 4643 4167
f 4644 4169 4168
f 4168 4643 4644
f 4170 4169 4645
f 4645 4169 4644
f 4177 4170 4646
f 4645 4646 4170
f 4171 4649 4172
f 4171 4204 4648
f 4648 4649 4171
f 4173 4172 4649
f 4649 4627 4173
f 4206 4174 4650
f 4628 4650 4174
f 4176 4175 4665
f 4207 4664 4175
f 4664 4665 4175
f 4176 4665 4632
f 4646 4178 4177
f 4179 4178 4666
f 4647 4178 4646
f 4666 4178 4647
f 4180 4179 4667
f 4666 4667 4179
f 4181 4180 4668
f 4668 4180 4667
f 4208 4181 4707
f 4707 4181 4668
f 4183 4182 4670
f 4209 4669 4182
f 4669 4670 4182
f 4184 4183 4671
f 4183 4670 4671
f 4672 4185 4184
f 4672 4184 4671
f 4673 4186 4185
f 4673 4185 4672
f 4674 4187 4186
f 4673 4674 4186
f 4188 4187 4675
f 4675 4187 4674
f 4188 4676 4189
f 4676 4188 4675
f 4190 4189 4677
f 4189 4676 4677
f 4191 4190 4678
f 4678 4190 4677
f 4191 4679 4192
f 4191 4678 4679
f 4680 4193 4192
f 4192 4679 4680
f 4193 4681 4194
f 4680 4681 4193
f 4194 4682 4195
f 4681 4682 4194
f 4683 4196 4195
f 4682 4683 4195
f 4196 4684 4197
f 4683 4684 4196
f 4197 4685 4198
f 4197 4684 4685
f 4199 4198 4686
f 4685 4686 4198
f 4199 4687 4200
f 4686 4687 4199
f 4200 4688 4201
f 4200 4687 4688
f 4201 4689 4202
f 4201 4688 4689
f 4202 4690 4203
f 4689 4690 4202
f 4203 4691 4204
f 4690 4691 4203
f 4204 4691 4648
f 4210 4205 4711
f 4205 4692 4728
f 4711 4205 4728
f 4693 4206 4650
f 4206 4693 4692
f 4706 4207 4211
f 4207 4706 4664
f 4707 4212 4208
f 4213 4709 4209
f 4710 4669 4209
f 4710 4209 4709
f 4210 4744 4217
f 4744 4210 4711
f 4706 4211 4724
f 4707 4726 4212
f 4725 4212 4726
f 4709 4213 4727
f 4724 4214 4723
f 4740 4723 4214
f 4219 4215 4757
f 4725 4757 4215
f 4760 4221 4216
f 4743 4776 4216
f 4216 4776 4760
f 4743 4217 4744
f 4218 4739 4740
f 4756 4739 4218
f 4774 4219 4757
f 4220 5829 4742
f 4220 4759 5829
f 4221 4791 4228
f 4791 4221 4760
f 4756 4222 4755
f 4772 4755 4222
f 4223 4226 4775
f 4775 4759 4223
f 4224 4771 4772
f 4224 4787 4771
f 4773 4804 4225
f 4226 4230 4789
f 4789 4775 4226
f 4228 4790 4227
f 4234 4227 4790
f 4790 4228 4791
f 4787 4229 4786
f 4802 4786 4229
f 4789 4230 4805
f 4234 4236 4231
f 4801 4802 4232
f 4232 4816 4801
f 4831 4233 4803
f 4234 4237 4236
f 4234 4819 4237
f 4234 4790 4819
f 4235 4239 4829
f 4829 4816 4235
f 4241 4236 4237
f 4242 4241 4237
f 4237 4833 4242
f 4237 4819 4833
f 4239 4238 4842
f 4250 4841 4238
f 4842 4238 4841
f 4842 4829 4239
f 4846 4240 4830
f 4242 4833 4243
f 4834 4244 4243
f 4833 4834 4243
f 4245 4244 4835
f 4244 4834 4835
f 4836 4246 4245
f 4245 4835 4836
f 4246 4837 4247
f 4246 4836 4837
f 4248 4247 4838
f 4837 4838 4247
f 4249 4248 4839
f 4839 4248 4838
f 4250 4249 4840
f 4840 4249 4839
f 4250 4840 4841
f 4844 4251 5990
f 4847 5990 4251
f 4851 4252 4845
f 4253 4254 4849
f 4849 4847 4253
f 4256 4852 4254
f 4849 4254 4852
f 4850 4856 4255
f 4256 6053 4852
f 4854 6053 4256
f 4855 4861 4257
f 4258 4259 4859
f 4258 4859 4857
f 4862 4259 4261
f 4259 4862 4859
f 4860 4866 4260
f 4864 4261 4262
f 4862 4261 4864
f 4262 4264 4867
f 4867 4864 4262
f 4865 4871 4263
f 4867 4264 6171
f 6171 4264 4869
f 4876 4265 4870
f 4881 4266 4875
f 4877 4267 6242
f 4267 4879 6242
f 4270 4882 4268
f 4882 4879 4268
f 4880 4886 4269
f 4270 4271 4884
f 4884 4882 4270
f 6293 4884 4271
f 4271 4887 6293
f 4885 4891 4272
f 4273 4275 4893
f 4893 4889 4273
f 4890 4897 4274
f 4275 4276 4895
f 4893 4275 4895
f 4278 4898 4276
f 4898 4895 4276
f 4902 4277 4896
f 4278 4279 4900
f 4900 4898 4278
f 4279 6383 4900
f 4903 6383 4279
f 4901 4907 4280
f 4281 4911 4282
f 4911 4281 4906
f 4282 4914 4284
f 4282 4911 4914
f 4286 4913 4283
f 4913 4910 4283
f 4284 4914 4287
f 4285 4917 4286
f 4297 4916 4285
f 4917 4285 4916
f 4917 4913 4286
f 4287 4918 4288
f 4287 4914 4918
f 4288 4919 4289
f 4288 4918 4919
f 4290 4289 4920
f 4289 4919 4920
f 4921 4291 4290
f 4920 4921 4290
f 4292 4291 4922
f 4921 4922 4291
f 4292 4923 4293
f 4922 4923 4292
f 4293 4924 4294
f 4923 4924 4293
f 4294 4925 4295
f 4294 4924 4925
f 4296 4295 4926
f 4926 4295 4925
f 4296 4927 4297
f 4296 4926 4927
f 4297 4927 4916
f 4298 4299 4929
f 4308 4298 4928
f 4928 4298 4929
f 4299 4300 4930
f 4299 4930 4929
f 4300 4301 4931
f 4930 4300 4931
f 4932 4301 4302
f 4931 4301 4932
f 4303 4933 4302
f 4932 4302 4933
f 4304 4934 4303
f 4303 4934 4933
f 4935 4304 4305
f 4935 4934 4304
f 4305 4306 4936
f 4935 4305 4936
f 4306 4309 4937
f 4306 4937 4936
f 4308 4313 4307
f 4313 4312 4307
f 4308 4928 4313
f 4310 4938 4309
f 4938 4937 4309
f 4310 4311 4938
f 4311 4314 4950
f 4311 4950 4938
f 4312 4313 4316
f 4312 4316 4315
f 4313 4939 4316
f 4928 4939 4313
f 4317 4963 4314
f 4963 4950 4314
f 4315 4316 4318
f 4318 4316 4951
f 4316 4939 4951
f 4319 4976 4317
f 4963 4317 4976
f 4320 4318 4321
f 4964 4321 4318
f 4951 4964 4318
f 4319 4322 4989
f 4989 4976 4319
f 4323 4320 4321
f 4321 4977 4323
f 4964 4977 4321
f 4322 4324 5003
f 5003 4989 4322
f 4326 4325 4323
f 4990 4326 4323
f 4323 4977 4990
f 4327 5017 4324
f 5017 5003 4324
f 4328 4325 4326
f 4326 5004 4328
f 4326 4990 5004
f 5032 4327 4329
f 5032 5017 4327
f 4328 4331 4330
f 4331 4328 5018
f 4328 5004 5018
f 5047 4329 4332
f 5047 5032 4329
f 4333 4330 4331
f 4333 4331 5033
f 5018 5033 4331
f 4335 4334 4332
f 5062 4332 4334
f 5062 5047 4332
f 4337 4336 4333
f 4337 4333 5048
f 5048 4333 5033
f 4335 4338 4334
f 4334 4338 5077
f 4334 5076 5062
f 5077 5076 4334
f 4336 4337 4339
f 4339 4337 5063
f 4337 5048 5063
f 4338 4340 5093
f 5093 5077 4338
f 4342 4341 4339
f 5078 4342 4339
f 4339 5063 5078
f 4343 5109 4340
f 5093 4340 5109
f 4341 4342 4344
f 4342 5094 4344
f 4342 5078 5094
f 4345 5126 4343
f 4343 5126 5109
f 4344 4347 4346
f 4344 5110 4347
f 4344 5094 5110
f 4345 4348 5143
f 4345 5143 5126
f 4347 4349 4346
f 5127 4349 4347
f 4347 5110 5127
f 4348 4350 5161
f 5161 5143 4348
f 4352 4349 5144
f 5127 5144 4349
f 4350 4353 5178
f 5161 4350 5178
f 4354 4351 4352
f 4354 4352 5162
f 4352 5144 5162
f 5196 4353 4355
f 5178 4353 5196
f 4354 4357 4356
f 5179 4357 4354
f 4354 5162 5179
f 4355 4358 5214
f 5196 4355 5214
f 4356 4357 4359
f 4357 5197 4359
f 5179 5197 4357
f 4358 4360 5233
f 5233 5214 4358
f 4362 4361 4359
f 4359 5215 4362
f 4359 5197 5215
f 4360 4363 5252
f 5233 4360 5252
f 4364 4361 4362
f 4364 4362 5234
f 5234 4362 5215
f 4363 4365 5272
f 5272 5252 4363
f 4364 4367 4366
f 5253 4367 4364
f 4364 5234 5253
f 4365 4368 5292
f 5272 4365 5292
f 4366 4367 4369
f 5273 4369 4367
f 5273 4367 5253
f 4368 4370 5312
f 4368 5312 5292
f 4369 4372 4371
f 4372 4369 5293
f 5293 4369 5273
f 4373 5332 4370
f 5312 4370 5332
f 4374 4371 4372
f 4374 4372 5313
f 5293 5313 4372
f 4375 5353 4373
f 4373 5353 5332
f 4376 4374 4377
f 4377 4374 5333
f 4374 5313 5333
f 5374 4375 4378
f 5374 5353 4375
f 4377 4388 4376
f 4377 5354 4388
f 4377 5333 5354
f 4389 5396 4378
f 4378 5396 5374
f 4394 4379 4380
f 4395 4380 4381
f 4395 4394 4380
f 4396 4381 4382
f 4396 4395 4381
f 4397 4382 4383
f 4397 4396 4382
f 4384 4398 4383
f 4398 4397 4383
f 4385 4399 4384
f 4384 4399 4398
f 4400 4385 4386
f 4400 4399 4385
f 4386 4387 4401
f 4400 4386 4401
f 4387 4390 4402
f 4401 4387 4402
f 4392 4391 4388
f 4388 5375 4392
f 5354 5375 4388
f 4389 4393 5418
f 5418 5396 4389
f 4403 4402 4390
f 4390 4404 4403
f 4391 4392 4405
f 4405 4392 5397
f 5397 4392 5375
f 4406 5440 4393
f 5440 5418 4393
f 4395 4408 4394
f 4407 4394 4408
f 4396 4408 4395
f 4397 4409 4396
f 4396 4409 4408
f 4398 4410 4397
f 4410 4409 4397
f 4411 4398 4399
f 4411 4410 4398
f 4400 4412 4399
f 4411 4399 4412
f 4401 4413 4400
f 4413 4412 4400
f 4414 4401 4402
f 4401 4414 4413
f 4402 4403 4415
f 4414 4402 4415
f 4416 4403 4404
f 4403 4416 4415
f 4404 4417 4416
f 4404 4418 4417
f 4405 4420 4419
f 4405 5419 4420
f 4405 5397 5419
f 4421 5462 4406
f 5440 4406 5462
f 4407 4408 4422
f 4422 4408 4409
f 4410 4423 4409
f 4423 4422 4409
f 4410 4411 4424
f 4410 4424 4423
f 4411 4412 4425
f 4424 4411 4425
f 4426 4412 4413
f 4425 4412 4426
f 4427 4413 4414
f 4413 4427 4426
f 4428 4414 4415
f 4427 4414 4428
f 4429 4415 4416
f 4428 4415 4429
f 4416 4417 4430
f 4429 4416 4430
f 4417 4418 4431
f 4431 4430 4417
f 4432 4431 4418
f 4432 4418 4433
f 4434 4419 4420
f 4434 4420 5441
f 5419 5441 4420
f 5485 4421 4435
f 5462 4421 5485
f 4423 4436 4422
f 4437 4423 4424
f 4423 4437 4436
f 4425 4438 4424
f 4437 4424 4438
f 4425 4426 4439
f 4425 4439 4438
f 4426 4427 4440
f 4440 4439 4426
f 4427 4428 4441
f 4441 4440 4427
f 4429 4442 4428
f 4428 4442 4441
f 4430 4443 4429
f 4443 4442 4429
f 4430 4431 4444
f 4430 4444 4443
f 4432 4445 4431
f 4431 4445 4444
f 4432 4433 4446
f 4432 4446 4445
f 4446 4433 4447
f 4433 4448 4447
f 4450 4434 5463
f 4434 5441 5463
f 4435 4451 5508
f 4435 5508 5485
f 4437 4452 4436
f 4438 4453 4437
f 4437 4453 4452
f 4439 4453 4438
f 4439 4440 4454
f 4454 4453 4439
f 4440 4441 4455
f 4440 4455 4454
f 4442 4456 4441
f 4456 4455 4441
f 4442 4443 4457
f 4442 4457 4456
f 4458 4443 4444
f 4457 4443 4458
f 4444 4445 4459
f 4444 4459 4458
f 4460 4445 4446
f 4460 4459 4445
f 4446 4447 4461
f 4446 4461 4460
f 4448 4462 4447
f 4461 4447 4462
f 4448 4463 4462
f 4463 4448 4464
f 4450 4465 4449
f 5486 4465 4450
f 5486 4450 5463
f 4451 4466 5532
f 4451 5531 5508
f 4451 5532 5531
f 4467 4452 4453
f 4467 4453 4454
f 4468 4454 4455
f 4468 4467 4454
f 4455 4456 4469
f 4469 4468 4455
f 4457 4470 4456
f 4469 4456 4470
f 4458 4471 4457
f 4471 4470 4457
f 4459 4472 4458
f 4472 4471 4458
f 4460 4473 4459
f 4459 4473 4472
f 4461 4474 4460
f 4460 4474 4473
f 4461 4462 4475
f 4475 4474 4461
f 4462 4463 4476
f 4462 4476 4475
f 4477 4463 4464
f 4463 4477 4476
f 4478 4477 4464
f 4478 4464 4479
f 4480 4465 4481
f 4465 5509 4481
f 5509 4465 5486
f 4482 5556 4466
f 5532 4466 5556
f 4467 4468 4483
f 4469 4484 4468
f 4483 4468 4484
f 4470 4485 4469
f 4469 4485 4484
f 4470 4471 4486
f 4486 4485 4470
f 4472 4487 4471
f 4486 4471 4487
f 4488 4472 4473
f 4488 4487 4472
f 4473 4474 4489
f 4488 4473 4489
f 4490 4474 4475
f 4490 4489 4474
f 4491 4475 4476
f 4491 4490 4475
f 4476 4477 4492
f 4476 4492 4491
f 4478 4493 4477
f 4493 4492 4477
f 4494 4478 4479
f 4478 4494 4493
f 4479 4495 4494
f 4495 4479 4496
f 4498 4480 4481
f 4480 4498 4497
f 4481 5533 4498
f 4481 5509 5533
f 5576 4482 4499
f 5556 4482 5575
f 5576 5575 4482
f 4483 4484 4500
f 4485 4500 4484
f 4486 4501 4485
f 4500 4485 4501
f 4486 4487 4502
f 4502 4501 4486
f 4503 4487 4488
f 4503 4502 4487
f 4504 4488 4489
f 4488 4504 4503
f 4489 4490 4505
f 4505 4504 4489
f 4491 4506 4490
f 4505 4490 4506
f 4507 4491 4492
f 4506 4491 4507
f 4493 4508 4492
f 4492 4508 4507
f 4494 4509 4493
f 4509 4508 4493
f 4494 4495 4510
f 4509 4494 4510
f 4496 4511 4495
f 4495 4511 4510
f 4496 4512 4511
f 4497 4498 4515
f 5557 4515 4498
f 5533 5557 4498
f 5576 4499 4516
f 4500 4501 4518
f 4518 4501 4502
f 4502 4503 4519
f 4519 4518 4502
f 4504 4520 4503
f 4503 4520 4519
f 4505 4521 4504
f 4504 4521 4520
f 4506 4522 4505
f 4521 4505 4522
f 4523 4506 4507
f 4523 4522 4506
f 4524 4507 4508
f 4524 4523 4507
f 4525 4508 4509
f 4524 4508 4525
f 4509 4510 4526
f 4509 4526 4525
f 4510 4511 4527
f 4510 4527 4526
f 4512 4528 4511
f 4528 4527 4511
f 4513 4529 4512
f 4529 4528 4512
f 4513 4530 4529
f 4515 4536 4514
f 4514 5596 4535
f 4536 5597 4514
f 5597 5596 4514
f 4515 5577 4536
f 5557 5577 4515
f 5594 4516 4517
f 5576 4516 5593
f 5594 5593 4516
f 4537 5612 4517
f 4517 5612 5594
f 4519 4560 4518
f 4561 4519 4520
f 4560 4519 4561
f 4562 4520 4521
f 4561 4520 4562
f 4563 4521 4522
f 4562 4521 4563
f 4522 4523 4564
f 4522 4564 4563
f 4523 4524 4565
f 4564 4523 4565
f 4566 4524 4525
f 4524 4566 4565
f 4525 4526 4567
f 4566 4525 4567
f 4568 4526 4527
f 4567 4526 4568
f 4569 4527 4528
f 4527 4569 4568
f 4529 4570 4528
f 4528 4570 4569
f 4529 4530 4571
f 4529 4571 4570
f 4530 4531 4572
f 4530 4572 4571
f 4532 4573 4531
f 4572 4531 4573
f 4532 5643 4573
f 4574 5644 4532
f 4532 5644 5643
f 4534 5662 4533
f 4533 5661 4590
f 4533 5662 5661
f 4534 4535 5595
f 4534 5595 5662
f 4535 5596 5595
f 4536 5577 5598
f 4536 5598 5597
f 4538 5613 4537
f 4537 5613 5612
f 4539 5614 4538
f 4538 5614 5613
f 4539 4540 5615
f 4539 5615 5614
f 4540 4541 5616
f 5616 5615 4540
f 4542 5617 4541
f 5617 5616 4541
f 4542 4543 5618
f 5617 4542 5618
f 5619 4543 4544
f 5618 4543 5619
f 5620 4544 4545
f 5620 5619 4544
f 4545 4546 5621
f 5620 4545 5621
f 5622 4546 4547
f 5621 4546 5622
f 4548 5623 4547
f 5622 4547 5623
f 5624 4548 4549
f 5624 5623 4548
f 4549 4550 5625
f 5625 5624 4549
f 5626 4550 4551
f 5625 4550 5626
f 4551 4552 5627
f 5626 4551 5627
f 4553 5628 4552
f 4552 5628 5627
f 5629 4553 4554
f 5629 5628 4553
f 4555 5630 4554
f 4554 5630 5629
f 4556 5631 4555
f 4555 5631 5630
f 4556 4557 5632
f 4556 5632 5631
f 4558 5633 4557
f 5633 5632 4557
f 4559 5666 4558
f 5666 5633 4558
f 4591 5668 4559
f 5667 5666 4559
f 4559 5668 5667
f 4561 4594 4560
f 4562 4595 4561
f 4594 4561 4595
f 4563 4596 4562
f 4562 4596 4595
f 4563 4564 4597
f 4563 4597 4596
f 4565 4598 4564
f 4564 4598 4597
f 5635 4565 4566
f 4565 5634 4598
f 5634 4565 5635
f 4567 5636 4566
f 4566 5636 5635
f 4567 4568 5637
f 4567 5637 5636
f 4568 4569 5638
f 4568 5638 5637
f 4570 5639 4569
f 4569 5639 5638
f 4571 5640 4570
f 5639 4570 5640
f 4571 4572 5641
f 4571 5641 5640
f 4573 5642 4572
f 4572 5642 5641
f 4573 5643 5642
f 4575 5644 4574
f 5645 4575 4576
f 4575 5645 5644
f 4576 4577 5646
f 5645 4576 5646
f 5647 4577 4578
f 5646 4577 5647
f 5648 4578 4579
f 5648 5647 4578
f 4579 4580 5649
f 5648 4579 5649
f 5650 4580 4581
f 5649 4580 5650
f 5651 4581 4582
f 5650 4581 5651
f 5652 4582 4583
f 4582 5652 5651
f 4583 4584 5653
f 5652 4583 5653
f 4584 4585 5654
f 4584 5654 5653
f 5655 4585 4586
f 5655 5654 4585
f 4586 4587 5656
f 5656 5655 4586
f 5657 4587 4588
f 5657 5656 4587
f 5658 4588 4589
f 5657 4588 5658
f 4589 4590 5659
f 5659 5658 4589
f 5659 4590 5660
f 5661 5660 4590
f 4592 5668 4591
f 4599 5669 4592
f 4592 5669 5668
f 4593 4594 4603
f 4593 5677 4602
f 4593 4603 5678
f 5677 4593 5678
f 4594 4595 4603
f 4596 5671 4595
f 5670 4603 4595
f 5670 4595 5671
f 5672 4596 4597
f 5671 4596 5672
f 4598 5673 4597
f 5673 5672 4597
f 5634 5673 4598
f 4604 5674 4599
f 5674 5669 4599
f 4600 4601 5675
f 4600 5686 4605
f 5675 5686 4600
f 5676 4601 4602
f 5675 4601 5676
f 5676 4602 5677
f 5678 4603 5670
f 4604 4606 5684
f 5684 5674 4604
f 4605 5685 4608
f 4605 5686 5685
f 4606 4607 5688
f 5684 4606 5687
f 4606 5688 5687
f 5688 4607 4609
f 4611 4608 5689
f 4608 5685 5689
f 4609 4613 4610
f 4609 4610 5688
f 4609 4612 4613
f 4613 6596 4610
f 5688 4610 6594
f 6596 6594 4610
f 5690 4614 4611
f 4611 5689 5690
f 4616 4613 4612
f 4616 4612 4615
f 4613 4616 5693
f 4613 5693 5691
f 4613 5691 6596
f 5694 4617 4614
f 4614 5690 5692
f 4614 5692 5694
f 4616 4615 5695
f 4618 5695 4615
f 5695 5693 4616
f 4619 4617 5694
f 5699 4618 4620
f 5699 5695 4618
f 4619 5698 4621
f 5694 5697 4619
f 4619 5697 5698
f 4624 5704 4620
f 4620 5704 5699
f 5700 4622 4621
f 4621 5698 5700
f 4622 5701 4623
f 5700 5701 4622
f 4625 4623 5702
f 5702 4623 5701
f 5704 4624 4627
f 4628 4625 4626
f 5702 4626 4625
f 4628 4626 4629
f 4626 5705 4629
f 5702 5703 4626
f 5703 5705 4626
f 5714 4627 4649
f 4627 5714 5704
f 4650 4628 4629
f 4651 4629 4630
f 4629 5705 4630
f 4650 4629 4651
f 4630 4631 4652
f 4631 4630 5706
f 4652 4651 4630
f 5706 4630 5705
f 4652 4631 4653
f 4653 4631 4654
f 5715 4654 4631
f 4631 5706 5707
f 4631 5707 5715
f 4632 5728 4633
f 4632 4665 5726
f 4632 5726 5727
f 4632 5727 5728
f 4633 5729 4634
f 4633 5728 5729
f 4635 4634 5730
f 4634 5729 5730
f 5731 4636 4635
f 4635 5730 5731
f 4636 5732 4637
f 5731 5732 4636
f 5733 4638 4637
f 5733 4637 5732
f 4638 5734 4639
f 5734 4638 5733
f 4640 4639 5735
f 5734 5735 4639
f 4640 5736 4641
f 4640 5735 5736
f 4641 5737 4642
f 4641 5736 5737
f 4642 5738 4643
f 4642 5737 5738
f 4643 5739 4644
f 5738 5739 4643
f 4644 5740 4645
f 4644 5739 5740
f 4645 5741 4646
f 5740 5741 4645
f 4646 5742 4647
f 4646 5741 5742
f 4666 4647 5743
f 5742 5743 4647
f 4648 5748 4649
f 4691 5746 4648
f 5746 5747 4648
f 4648 5747 5748
f 5748 5714 4649
f 4651 4693 4650
f 4694 4651 4652
f 4651 4694 4693
f 4695 4652 4653
f 4695 4694 4652
f 4653 4654 4696
f 4696 4695 4653
f 4655 4697 4654
f 4654 5715 4655
f 4697 4696 4654
f 4698 4655 4656
f 4656 4655 5716
f 4698 4697 4655
f 5715 5716 4655
f 4657 4699 4656
f 4656 5717 4657
f 4656 4699 4698
f 5716 5717 4656
f 4657 4658 4700
f 4657 5718 4658
f 4699 4657 4700
f 5717 5718 4657
f 4701 4658 4659
f 4659 4658 5719
f 4700 4658 4701
f 4658 5718 5719
f 4702 4659 4660
f 4659 5720 4660
f 4702 4701 4659
f 4659 5719 5720
f 4703 4660 4661
f 4661 4660 5721
f 4660 4703 4702
f 4660 5720 5721
f 4661 4662 4704
f 4662 4661 5722
f 4704 4703 4661
f 4661 5721 5722
f 4662 4663 4705
f 4662 5723 4663
f 4662 4705 4704
f 4662 5722 5723
f 4706 4663 4664
f 4664 4663 5724
f 4705 4663 4706
f 5724 4663 5723
f 4664 5725 4665
f 5724 5725 4664
f 4665 5725 5726
f 5743 4667 4666
f 5749 4668 4667
f 5744 4667 5743
f 5749 4667 5744
f 5750 4707 4668
f 5750 4668 5749
f 5757 4670 4669
f 4710 5755 4669
f 5756 4669 5755
f 5757 4669 5756
f 5758 4671 4670
f 5758 4670 5757
f 4672 4671 5759
f 5759 4671 5758
f 4673 4672 5760
f 5760 4672 5759
f 4674 4673 5761
f 5761 4673 5760
f 4675 4674 5762
f 5762 4674 5761
f 5763 4676 4675
f 4675 5762 5763
f 5764 4677 4676
f 5764 4676 5763
f 4678 4677 5765
f 5764 5765 4677
f 5766 4679 4678
f 5766 4678 5765
f 5767 4680 4679
f 5767 4679 5766
f 5768 4681 4680
f 5767 5768 4680
f 4682 4681 5769
f 5769 4681 5768
f 5770 4683 4682
f 5770 4682 5769
f 5771 4684 4683
f 4683 5770 5771
f 5772 4685 4684
f 5772 4684 5771
f 5773 4686 4685
f 5773 4685 5772
f 5774 4687 4686
f 5774 4686 5773
f 5775 4688 4687
f 4687 5774 5775
f 5776 4689 4688
f 5776 4688 5775
f 5776 4690 4689
f 4690 5745 4691
f 5776 5745 4690
f 4691 5745 5746
f 4692 4693 4712
f 4728 4692 4712
f 4712 4693 4694
f 4695 4713 4694
f 4712 4694 4713
f 4714 4695 4696
f 4714 4713 4695
f 4696 4697 4715
f 4715 4714 4696
f 4698 4716 4697
f 4715 4697 4716
f 4699 4717 4698
f 4717 4716 4698
f 4700 4718 4699
f 4718 4717 4699
f 4719 4700 4701
f 4700 4719 4718
f 4720 4701 4702
f 4719 4701 4720
f 4721 4702 4703
f 4702 4721 4720
f 4704 4722 4703
f 4722 4721 4703
f 4723 4704 4705
f 4722 4704 4723
f 4706 4724 4705
f 4705 4724 4723
f 4726 4707 4708
f 5750 4708 4707
f 5777 4726 4708
f 4708 5750 5751
f 5777 4708 5751
f 5791 4710 4709
f 4727 5791 4709
f 5791 5755 4710
f 4745 4711 4728
f 4744 4711 4745
f 4729 4712 4713
f 4712 4729 4728
f 4730 4713 4714
f 4730 4729 4713
f 4731 4714 4715
f 4731 4730 4714
f 4732 4715 4716
f 4732 4731 4715
f 4733 4716 4717
f 4733 4732 4716
f 4734 4717 4718
f 4733 4717 4734
f 4735 4718 4719
f 4718 4735 4734
f 4736 4719 4720
f 4735 4719 4736
f 4721 4737 4720
f 4737 4736 4720
f 4722 4738 4721
f 4721 4738 4737
f 4740 4722 4723
f 4722 4739 4738
f 4739 4722 4740
f 4726 4741 4725
f 4725 4741 4757
f 4741 4726 5792
f 4726 5777 5792
f 5809 4727 4742
f 5791 4727 5809
f 4728 4729 4745
f 4746 4729 4730
f 4729 4746 4745
f 4731 4747 4730
f 4730 4747 4746
f 4731 4732 4748
f 4748 4747 4731
f 4732 4733 4749
f 4748 4732 4749
f 4734 4750 4733
f 4733 4750 4749
f 4734 4735 4751
f 4751 4750 4734
f 4736 4752 4735
f 4735 4752 4751
f 4753 4736 4737
f 4752 4736 4753
f 4737 4738 4755
f 4753 4737 4754
f 4754 4737 4755
f 4739 4756 4738
f 4755 4738 4756
f 4757 4741 4758
f 4741 5810 4758
f 5792 5810 4741
f 5809 4742 5808
f 5808 4742 5829
f 4743 4744 4761
f 4743 4761 4776
f 4744 4745 4761
f 4745 4746 4762
f 4762 4761 4745
f 4747 4763 4746
f 4746 4763 4762
f 4748 4764 4747
f 4764 4763 4747
f 4765 4748 4749
f 4765 4764 4748
f 4749 4750 4766
f 4765 4749 4766
f 4751 4767 4750
f 4766 4750 4767
f 4752 4768 4751
f 4768 4767 4751
f 4770 4752 4753
f 4769 4768 4752
f 4770 4769 4752
f 4753 4754 4771
f 4771 4770 4753
f 4772 4754 4755
f 4772 4771 4754
f 4774 4757 4758
f 4774 4758 5830
f 5810 5831 4758
f 4758 5831 5830
f 4775 5854 4759
f 5854 5829 4759
f 4792 4760 4776
f 4760 4792 4791
f 4762 4778 4761
f 4777 4776 4761
f 4778 4777 4761
f 4762 4763 4779
f 4779 4778 4762
f 4764 4780 4763
f 4763 4780 4779
f 4764 4765 4781
f 4780 4764 4781
f 4766 4782 4765
f 4765 4782 4781
f 4767 4783 4766
f 4766 4783 4782
f 4783 4767 4768
f 4769 4785 4768
f 4783 4768 4784
f 4785 4784 4768
f 4770 4786 4769
f 4785 4769 4786
f 4771 4787 4770
f 4787 4786 4770
f 5878 4773 4788
f 5878 4804 4773
f 5830 4788 4774
f 4789 5877 4775
f 5854 4775 5877
f 4777 4792 4776
f 4793 4777 4778
f 4777 4793 4792
f 4779 4794 4778
f 4778 4794 4793
f 4779 4780 4795
f 4794 4779 4795
f 4780 4781 4796
f 4795 4780 4796
f 4797 4781 4782
f 4796 4781 4797
f 4782 4783 4798
f 4797 4782 4798
f 4784 4799 4783
f 4783 4799 4798
f 4801 4784 4785
f 4799 4784 4800
f 4801 4800 4784
f 4802 4785 4786
f 4801 4785 4802
f 5830 5879 4788
f 4788 5879 5878
f 4789 4805 5901
f 4789 5901 5877
f 4790 4791 4806
f 4819 4790 4806
f 4792 4806 4791
f 4807 4792 4793
f 4792 4807 4806
f 4794 4808 4793
f 4808 4807 4793
f 4809 4794 4795
f 4794 4809 4808
f 4810 4795 4796
f 4810 4809 4795
f 4797 4811 4796
f 4796 4811 4810
f 4797 4798 4812
f 4812 4811 4797
f 4798 4799 4813
f 4812 4798 4813
f 4814 4799 4800
f 4813 4799 4814
f 4816 4800 4801
f 4814 4800 4815
f 4815 4800 4816
f 4803 4817 5924
f 4831 4803 5924
f 4817 4804 5878
f 4818 5923 4805
f 5901 4805 5923
f 4820 4806 4807
f 4819 4806 4820
f 4821 4807 4808
f 4821 4820 4807
f 4809 4822 4808
f 4822 4821 4808
f 4809 4810 4823
f 4809 4823 4822
f 4810 4811 4824
f 4824 4823 4810
f 4825 4811 4812
f 4824 4811 4825
f 4812 4813 4826
f 4825 4812 4826
f 4814 4827 4813
f 4827 4826 4813
f 4814 4815 4828
f 4828 4827 4814
f 4815 4816 4829
f 4815 4829 4828
f 5925 4817 5878
f 5925 5924 4817
f 5946 4818 4832
f 4818 5922 5923
f 5922 4818 5946
f 4820 4833 4819
f 4834 4820 4821
f 4820 4834 4833
f 4835 4821 4822
f 4835 4834 4821
f 4823 4836 4822
f 4835 4822 4836
f 4824 4837 4823
f 4823 4837 4836
f 4824 4825 4838
f 4837 4824 4838
f 4839 4825 4826
f 4839 4838 4825
f 4827 4840 4826
f 4840 4839 4826
f 4827 4828 4841
f 4840 4827 4841
f 4842 4828 4829
f 4828 4842 4841
f 4830 4843 5968
f 4846 4830 5968
f 5924 4843 4831
f 4844 5967 4832
f 4832 5945 5946
f 4832 5967 5945
f 5924 5969 4843
f 5968 4843 5969
f 5990 5967 4844
f 4845 4848 6012
f 4851 4845 6012
f 5968 4848 4846
f 4849 6011 4847
f 5990 4847 6011
f 5968 6013 4848
f 6013 6012 4848
f 6033 4849 4852
f 6011 4849 6033
f 4853 6054 4850
f 4850 6054 4856
f 4853 4851 6012
f 6033 4852 6053
f 4853 6012 6055
f 4853 6055 6054
f 4857 6074 4854
f 4854 6052 6053
f 6074 6052 4854
f 6094 4855 4858
f 4855 6094 4861
f 4858 4856 6054
f 6093 4857 4859
f 6074 4857 6093
f 6095 4858 6054
f 6094 4858 6095
f 6114 4859 4862
f 6093 4859 6114
f 6134 4860 4863
f 4860 6134 4866
f 6094 4863 4861
f 4862 4864 6133
f 6133 6114 4862
f 6094 6135 4863
f 6135 6134 4863
f 4864 4867 6153
f 4864 6153 6133
f 4865 4868 6172
f 4865 6172 4871
f 6134 4868 4866
f 6153 4867 6152
f 6171 6152 4867
f 6134 6173 4868
f 6172 4868 6173
f 4872 6190 4869
f 4869 6170 6171
f 4869 6190 6170
f 4870 4873 6208
f 4876 4870 6208
f 4871 6172 4873
f 4872 4874 6207
f 4872 6189 6190
f 6207 6189 4872
f 6209 4873 6172
f 6209 6208 4873
f 4877 6225 4874
f 6207 4874 6206
f 6225 6206 4874
f 4875 4878 6243
f 4881 4875 6243
f 6208 4878 4876
f 4877 6242 6225
f 6208 6244 4878
f 6244 6243 4878
f 4882 6260 4879
f 6242 4879 6260
f 6277 4880 4883
f 4880 6277 4886
f 4881 6243 4883
f 4884 6276 4882
f 6260 4882 6276
f 6243 6278 4883
f 4883 6278 6277
f 6293 6276 4884
f 4885 4888 6309
f 6309 4891 4885
f 4886 6277 4888
f 4887 4889 6308
f 6292 6293 4887
f 6292 4887 6308
f 6277 6310 4888
f 6309 4888 6310
f 4893 6324 4889
f 6324 6308 4889
f 4894 6339 4890
f 4890 6339 4897
f 6309 4894 4891
f 4893 4895 4892
f 4892 6324 4893
f 4895 6338 4892
f 4892 6323 6324
f 6338 6323 4892
f 6340 4894 6309
f 6340 6339 4894
f 4898 6354 4895
f 6354 6338 4895
f 4897 4899 4896
f 4899 6369 4896
f 4902 4896 6369
f 4899 4897 6339
f 6368 4898 4900
f 4898 6368 6354
f 4899 6339 6370
f 4899 6384 6369
f 6384 4899 6370
f 4900 6367 6368
f 4900 6383 6367
f 4901 4902 4904
f 6397 4901 4904
f 4901 6397 4907
f 4902 6369 4904
f 4903 4905 6396
f 4903 6382 6383
f 4903 6396 6382
f 6398 4904 6369
f 4904 6411 6397
f 6398 6411 4904
f 6410 4905 4908
f 4905 6395 6396
f 4905 6410 6395
f 4906 4907 4909
f 4909 4911 4906
f 4909 4907 6397
f 4910 6422 4908
f 4908 6422 6410
f 4909 4912 4911
f 4912 4909 6423
f 6423 4909 6397
f 6435 4910 4913
f 6435 6422 4910
f 4914 4911 4912
f 4914 4912 4915
f 4912 6436 4915
f 6423 6436 4912
f 4917 6447 4913
f 4913 6447 6435
f 4915 4918 4914
f 4918 4915 6448
f 6436 6448 4915
f 4917 4916 6458
f 4916 4927 6457
f 4916 6457 6458
f 6458 6447 4917
f 4919 4918 6448
f 4920 4919 6449
f 4919 6448 6449
f 6450 4921 4920
f 6449 6450 4920
f 4921 6451 4922
f 6450 6451 4921
f 4922 6452 4923
f 6452 4922 6451
f 4923 6453 4924
f 6453 4923 6452
f 4925 4924 6454
f 6453 6454 4924
f 4925 6455 4926
f 4925 6454 6455
f 4927 4926 6456
f 4926 6455 6456
f 4927 6456 6457
f 4929 4939 4928
f 4930 4940 4929
f 4929 4940 4939
f 4941 4930 4931
f 4930 4941 4940
f 4942 4931 4932
f 4942 4941 4931
f 4933 4943 4932
f 4932 4943 4942
f 4933 4934 4944
f 4933 4944 4943
f 4945 4934 4935
f 4945 4944 4934
f 4946 4935 4936
f 4935 4946 4945
f 4936 4937 4947
f 4947 4946 4936
f 4937 4938 4948
f 4948 4947 4937
f 4948 4938 4949
f 4949 4938 4950
f 4951 4939 4940
f 4941 4952 4940
f 4940 4952 4951
f 4942 4953 4941
f 4953 4952 4941
f 4942 4943 4954
f 4942 4954 4953
f 4943 4944 4955
f 4943 4955 4954
f 4956 4944 4945
f 4955 4944 4956
f 4946 4957 4945
f 4957 4956 4945
f 4947 4958 4946
f 4946 4958 4957
f 4947 4948 4959
f 4959 4958 4947
f 4960 4948 4949
f 4948 4960 4959
f 4950 4961 4949
f 4961 4960 4949
f 4962 4961 4950
f 4963 4962 4950
f 4951 4952 4964
f 4953 4965 4952
f 4964 4952 4965
f 4966 4953 4954
f 4966 4965 4953
f 4955 4967 4954
f 4954 4967 4966
f 4955 4956 4968
f 4955 4968 4967
f 4957 4969 4956
f 4969 4968 4956
f 4958 4970 4957
f 4957 4970 4969
f 4958 4959 4971
f 4970 4958 4971
f 4960 4972 4959
f 4971 4959 4972
f 4961 4973 4960
f 4960 4973 4972
f 4974 4961 4962
f 4974 4973 4961
f 4975 4962 4963
f 4975 4974 4962
f 4975 4963 4976
f 4964 4965 4977
f 4965 4966 4978
f 4965 4978 4977
f 4967 4978 4966
f 4967 4968 4979
f 4979 4978 4967
f 4968 4969 4980
f 4979 4968 4980
f 4969 4970 4981
f 4969 4981 4980
f 4970 4971 4982
f 4981 4970 4982
f 4971 4972 4983
f 4982 4971 4983
f 4973 4984 4972
f 4972 4984 4983
f 4974 4985 4973
f 4985 4984 4973
f 4986 4974 4975
f 4974 4986 4985
f 4975 4976 4987
f 4975 4987 4986
f 4988 4987 4976
f 4989 4988 4976
f 4977 4978 4990
f 4979 4991 4978
f 4990 4978 4991
f 4980 4992 4979
f 4992 4991 4979
f 4980 4981 4993
f 4980 4993 4992
f 4982 4994 4981
f 4981 4994 4993
f 4983 4995 4982
f 4982 4995 4994
f 4983 4984 4996
f 4983 4996 4995
f 4984 4985 4997
f 4996 4984 4997
f 4998 4985 4986
f 4997 4985 4998
f 4987 4999 4986
f 4998 4986 4999
f 4987 4988 5000
f 4987 5000 4999
f 5001 4988 4989
f 5001 5000 4988
f 5001 4989 5002
f 5003 5002 4989
f 5004 4990 4991
f 5004 4991 4992
f 4992 4993 5005
f 4992 5005 5004
f 5006 4993 4994
f 4993 5006 5005
f 4994 4995 5007
f 4994 5007 5006
f 4996 5008 4995
f 5008 5007 4995
f 4996 4997 5009
f 4996 5009 5008
f 4998 5010 4997
f 4997 5010 5009
f 4999 5011 4998
f 4998 5011 5010
f 5012 4999 5000
f 5012 5011 4999
f 5001 5013 5000
f 5013 5012 5000
f 5002 5014 5001
f 5001 5014 5013
f 5002 5003 5015
f 5002 5015 5014
f 5016 5015 5003
f 5017 5016 5003
f 5004 5005 5018
f 5006 5019 5005
f 5018 5005 5019
f 5006 5007 5020
f 5006 5020 5019
f 5021 5007 5008
f 5021 5020 5007
f 5022 5008 5009
f 5021 5008 5022
f 5009 5010 5023
f 5022 5009 5023
f 5011 5024 5010
f 5023 5010 5024
f 5012 5025 5011
f 5011 5025 5024
f 5013 5026 5012
f 5012 5026 5025
f 5027 5013 5014
f 5013 5027 5026
f 5028 5014 5015
f 5027 5014 5028
f 5029 5015 5016
f 5028 5015 5029
f 5016 5017 5030
f 5016 5030 5029
f 5030 5017 5031
f 5032 5031 5017
f 5033 5018 5019
f 5033 5019 5020
f 5021 5034 5020
f 5033 5020 5034
f 5035 5021 5022
f 5035 5034 5021
f 5022 5023 5036
f 5035 5022 5036
f 5024 5037 5023
f 5036 5023 5037
f 5024 5025 5038
f 5024 5038 5037
f 5039 5025 5026
f 5038 5025 5039
f 5026 5027 5040
f 5040 5039 5026
f 5041 5027 5028
f 5041 5040 5027
f 5042 5028 5029
f 5041 5028 5042
f 5043 5029 5030
f 5042 5029 5043
f 5044 5030 5031
f 5043 5030 5044
f 5045 5031 5032
f 5031 5045 5044
f 5045 5032 5046
f 5046 5032 5047
f 5034 5048 5033
f 5035 5049 5034
f 5034 5049 5048
f 5036 5050 5035
f 5035 5050 5049
f 5036 5037 5051
f 5036 5051 5050
f 5037 5038 5052
f 5052 5051 5037
f 5039 5053 5038
f 5053 5052 5038
f 5054 5039 5040
f 5054 5053 5039
f 5055 5040 5041
f 5055 5054 5040
f 5042 5056 5041
f 5041 5056 5055
f 5043 5057 5042
f 5042 5057 5056
f 5044 5058 5043
f 5043 5058 5057
f 5045 5059 5044
f 5044 5059 5058
f 5045 5046 5060
f 5045 5060 5059
f 5046 5047 5061
f 5061 5060 5046
f 5061 5047 5062
f 5049 5063 5048
f 5049 5050 5063
f 5064 5050 5051
f 5064 5063 5050
f 5065 5051 5052
f 5064 5051 5065
f 5066 5052 5053
f 5065 5052 5066
f 5054 5067 5053
f 5066 5053 5067
f 5068 5054 5055
f 5068 5067 5054
f 5056 5069 5055
f 5069 5068 5055
f 5056 5057 5070
f 5070 5069 5056
f 5071 5057 5058
f 5070 5057 5071
f 5072 5058 5059
f 5071 5058 5072
f 5059 5060 5073
f 5059 5073 5072
f 5074 5060 5061
f 5073 5060 5074
f 5061 5062 5075
f 5074 5061 5075
f 5075 5062 5076
f 5078 5063 5064
f 5064 5065 5079
f 5064 5079 5078
f 5080 5065 5066
f 5080 5079 5065
f 5066 5067 5081
f 5080 5066 5081
f 5082 5067 5068
f 5082 5081 5067
f 5083 5068 5069
f 5068 5083 5082
f 5069 5070 5084
f 5069 5084 5083
f 5071 5085 5070
f 5070 5085 5084
f 5071 5072 5086
f 5086 5085 5071
f 5087 5072 5073
f 5087 5086 5072
f 5074 5088 5073
f 5087 5073 5088
f 5089 5074 5075
f 5089 5088 5074
f 5075 5076 5090
f 5075 5090 5089
f 5091 5076 5077
f 5091 5090 5076
f 5077 5092 5091
f 5093 5092 5077
f 5078 5079 5094
f 5079 5080 5094
f 5081 5095 5080
f 5094 5080 5095
f 5096 5081 5082
f 5095 5081 5096
f 5082 5083 5097
f 5096 5082 5097
f 5098 5083 5084
f 5097 5083 5098
f 5084 5085 5099
f 5098 5084 5099
f 5085 5086 5100
f 5099 5085 5100
f 5087 5101 5086
f 5100 5086 5101
f 5102 5087 5088
f 5102 5101 5087
f 5089 5103 5088
f 5102 5088 5103
f 5090 5104 5089
f 5104 5103 5089
f 5090 5091 5105
f 5090 5105 5104
f 5091 5092 5106
f 5105 5091 5106
f 5093 5108 5092
f 5092 5107 5106
f 5108 5107 5092
f 5093 5109 5108
f 5110 5094 5095
f 5111 5095 5096
f 5110 5095 5111
f 5096 5097 5112
f 5096 5112 5111
f 5098 5113 5097
f 5112 5097 5113
f 5098 5099 5114
f 5114 5113 5098
f 5115 5099 5100
f 5114 5099 5115
f 5101 5116 5100
f 5115 5100 5116
f 5117 5101 5102
f 5117 5116 5101
f 5102 5103 5118
f 5102 5118 5117
f 5119 5103 5104
f 5118 5103 5119
f 5104 5105 5120
f 5119 5104 5120
f 5105 5106 5121
f 5120 5105 5121
f 5107 5122 5106
f 5121 5106 5122
f 5108 5123 5107
f 5123 5122 5107
f 5108 5109 5124
f 5108 5124 5123
f 5125 5124 5109
f 5125 5109 5126
f 5127 5110 5111
f 5112 5127 5111
f 5112 5113 5128
f 5112 5128 5127
f 5129 5113 5114
f 5129 5128 5113
f 5114 5115 5130
f 5114 5130 5129
f 5115 5116 5131
f 5131 5130 5115
f 5132 5116 5117
f 5131 5116 5132
f 5133 5117 5118
f 5132 5117 5133
f 5118 5119 5134
f 5118 5134 5133
f 5135 5119 5120
f 5134 5119 5135
f 5120 5121 5136
f 5136 5135 5120
f 5122 5137 5121
f 5136 5121 5137
f 5138 5122 5123
f 5138 5137 5122
f 5124 5140 5123
f 5138 5123 5139
f 5140 5139 5123
f 5124 5125 5140
f 5141 5125 5126
f 5141 5140 5125
f 5126 5142 5141
f 5142 5126 5143
f 5128 5144 5127
f 5129 5145 5128
f 5128 5145 5144
f 5129 5130 5146
f 5146 5145 5129
f 5147 5130 5131
f 5147 5146 5130
f 5132 5148 5131
f 5147 5131 5148
f 5132 5133 5149
f 5149 5148 5132
f 5134 5150 5133
f 5149 5133 5150
f 5135 5151 5134
f 5150 5134 5151
f 5136 5152 5135
f 5152 5151 5135
f 5153 5136 5137
f 5152 5136 5153
f 5138 5154 5137
f 5153 5137 5154
f 5155 5138 5139
f 5155 5154 5138
f 5139 5140 5156
f 5155 5139 5156
f 5141 5157 5140
f 5156 5140 5157
f 5142 5158 5141
f 5141 5158 5157
f 5159 5142 5143
f 5142 5159 5158
f 5143 5160 5159
f 5161 5160 5143
f 5145 5162 5144
f 5145 5146 5163
f 5145 5163 5162
f 5147 5164 5146
f 5163 5146 5164
f 5147 5148 5164
f 5149 5165 5148
f 5164 5148 5165
f 5150 5166 5149
f 5166 5165 5149
f 5150 5151 5167
f 5150 5167 5166
f 5168 5151 5152
f 5168 5167 5151
f 5152 5153 5169
f 5152 5169 5168
f 5153 5154 5170
f 5153 5170 5169
f 5171 5154 5155
f 5154 5171 5170
f 5156 5172 5155
f 5172 5171 5155
f 5156 5157 5173
f 5156 5173 5172
f 5174 5157 5158
f 5173 5157 5174
f 5175 5158 5159
f 5174 5158 5175
f 5176 5159 5160
f 5175 5159 5176
f 5177 5160 5161
f 5176 5160 5177
f 5177 5161 5178
f 5179 5162 5163
f 5164 5180 5163
f 5180 5179 5163
f 5164 5165 5181
f 5181 5180 5164
f 5165 5166 5182
f 5181 5165 5182
f 5167 5183 5166
f 5182 5166 5183
f 5168 5184 5167
f 5167 5184 5183
f 5185 5168 5169
f 5185 5184 5168
f 5186 5169 5170
f 5185 5169 5186
f 5170 5171 5187
f 5186 5170 5187
f 5188 5171 5172
f 5187 5171 5188
f 5172 5173 5189
f 5172 5189 5188
f 5174 5190 5173
f 5173 5190 5189
f 5191 5174 5175
f 5191 5190 5174
f 5175 5176 5192
f 5175 5192 5191
f 5177 5193 5176
f 5192 5176 5193
f 5177 5178 5194
f 5194 5193 5177
f 5194 5178 5195
f 5178 5196 5195
f 5197 5179 5180
f 5181 5198 5180
f 5180 5198 5197
f 5182 5198 5181
f 5182 5183 5199
f 5182 5199 5198
f 5183 5184 5200
f 5199 5183 5200
f 5185 5201 5184
f 5201 5200 5184
f 5186 5202 5185
f 5202 5201 5185
f 5187 5203 5186
f 5203 5202 5186
f 5188 5204 5187
f 5204 5203 5187
f 5188 5189 5205
f 5205 5204 5188
f 5206 5189 5190
f 5205 5189 5206
f 5207 5190 5191
f 5206 5190 5207
f 5192 5208 5191
f 5191 5208 5207
f 5192 5193 5209
f 5192 5209 5208
f 5194 5210 5193
f 5210 5209 5193
f 5194 5195 5211
f 5194 5211 5210
f 5195 5196 5212
f 5195 5212 5211
f 5212 5196 5213
f 5196 5214 5213
f 5198 5215 5197
f 5198 5199 5216
f 5198 5216 5215
f 5199 5200 5217
f 5216 5199 5217
f 5200 5201 5218
f 5218 5217 5200
f 5202 5219 5201
f 5218 5201 5219
f 5220 5202 5203
f 5202 5220 5219
f 5203 5204 5221
f 5220 5203 5221
f 5205 5222 5204
f 5204 5222 5221
f 5206 5223 5205
f 5223 5222 5205
f 5206 5207 5224
f 5206 5224 5223
f 5207 5208 5225
f 5207 5225 5224
f 5209 5226 5208
f 5208 5226 5225
f 5210 5227 5209
f 5227 5226 5209
f 5211 5228 5210
f 5228 5227 5210
f 5211 5212 5229
f 5211 5229 5228
f 5212 5213 5230
f 5229 5212 5230
f 5231 5213 5214
f 5230 5213 5231
f 5231 5214 5232
f 5233 5232 5214
f 5216 5234 5215
f 5216 5217 5234
f 5235 5217 5218
f 5234 5217 5235
f 5236 5218 5219
f 5218 5236 5235
f 5237 5219 5220
f 5236 5219 5237
f 5238 5220 5221
f 5237 5220 5238
f 5221 5222 5239
f 5221 5239 5238
f 5223 5240 5222
f 5240 5239 5222
f 5223 5224 5241
f 5240 5223 5241
f 5224 5225 5242
f 5224 5242 5241
f 5243 5225 5226
f 5243 5242 5225
f 5244 5226 5227
f 5244 5243 5226
f 5228 5246 5227
f 5227 5245 5244
f 5227 5246 5245
f 5229 5246 5228
f 5230 5247 5229
f 5229 5247 5246
f 5231 5248 5230
f 5230 5248 5247
f 5249 5231 5232
f 5249 5248 5231
f 5250 5232 5233
f 5249 5232 5250
f 5250 5233 5251
f 5233 5252 5251
f 5234 5235 5253
f 5254 5235 5236
f 5254 5253 5235
f 5255 5236 5237
f 5254 5236 5255
f 5237 5238 5256
f 5237 5256 5255
f 5238 5239 5257
f 5257 5256 5238
f 5258 5239 5240
f 5257 5239 5258
f 5259 5240 5241
f 5259 5258 5240
f 5241 5242 5260
f 5260 5259 5241
f 5261 5242 5243
f 5261 5260 5242
f 5262 5243 5244
f 5262 5261 5243
f 5245 5263 5244
f 5263 5262 5244
f 5265 5245 5246
f 5263 5245 5264
f 5265 5264 5245
f 5265 5246 5247
f 5248 5266 5247
f 5247 5266 5265
f 5267 5248 5249
f 5248 5267 5266
f 5268 5249 5250
f 5267 5249 5268
f 5269 5250 5251
f 5250 5269 5268
f 5270 5251 5252
f 5269 5251 5270
f 5270 5252 5271
f 5272 5271 5252
f 5253 5254 5273
f 5273 5254 5255
f 5274 5255 5256
f 5273 5255 5274
f 5275 5256 5257
f 5274 5256 5275
f 5276 5257 5258
f 5257 5276 5275
f 5258 5259 5277
f 5276 5258 5277
f 5259 5260 5278
f 5277 5259 5278
f 5279 5260 5261
f 5278 5260 5279
f 5262 5280 5261
f 5280 5279 5261
f 5281 5262 5263
f 5280 5262 5281
f 5263 5264 5282
f 5263 5282 5281
f 5284 5264 5265
f 5282 5264 5283
f 5283 5264 5284
f 5266 5284 5265
f 5267 5285 5266
f 5266 5285 5284
f 5268 5286 5267
f 5267 5286 5285
f 5287 5268 5269
f 5268 5287 5286
f 5270 5288 5269
f 5269 5288 5287
f 5271 5289 5270
f 5270 5289 5288
f 5272 5290 5271
f 5271 5290 5289
f 5272 5291 5290
f 5292 5291 5272
f 5293 5273 5274
f 5294 5274 5275
f 5293 5274 5294
f 5295 5275 5276
f 5275 5295 5294
f 5296 5276 5277
f 5296 5295 5276
f 5297 5277 5278
f 5296 5277 5297
f 5278 5279 5298
f 5297 5278 5298
f 5299 5279 5280
f 5298 5279 5299
f 5300 5280 5281
f 5299 5280 5300
f 5281 5282 5301
f 5281 5301 5300
f 5282 5283 5302
f 5282 5302 5301
f 5283 5284 5304
f 5283 5303 5302
f 5304 5303 5283
f 5304 5284 5285
f 5305 5285 5286
f 5304 5285 5305
f 5286 5287 5306
f 5305 5286 5306
f 5287 5288 5307
f 5306 5287 5307
f 5308 5288 5289
f 5308 5307 5288
f 5290 5309 5289
f 5289 5309 5308
f 5290 5291 5310
f 5290 5310 5309
f 5311 5291 5292
f 5291 5311 5310
f 5292 5312 5311
f 5313 5293 5294
f 5295 5313 5294
f 5295 5296 5314
f 5295 5314 5313
f 5315 5296 5297
f 5315 5314 5296
f 5297 5298 5316
f 5297 5316 5315
f 5317 5298 5299
f 5316 5298 5317
f 5299 5300 5318
f 5317 5299 5318
f 5301 5319 5300
f 5318 5300 5319
f 5301 5302 5320
f 5320 5319 5301
f 5303 5321 5302
f 5302 5321 5320
f 5303 5304 5323
f 5322 5321 5303
f 5323 5322 5303
f 5304 5305 5323
f 5306 5324 5305
f 5305 5324 5323
f 5307 5325 5306
f 5325 5324 5306
f 5307 5308 5326
f 5307 5326 5325
f 5327 5308 5309
f 5327 5326 5308
f 5309 5310 5328
f 5327 5309 5328
f 5310 5311 5329
f 5329 5328 5310
f 5330 5311 5312
f 5329 5311 5330
f 5312 5331 5330
f 5312 5332 5331
f 5313 5314 5333
f 5334 5314 5315
f 5334 5333 5314
f 5315 5316 5335
f 5315 5335 5334
f 5336 5316 5317
f 5336 5335 5316
f 5337 5317 5318
f 5336 5317 5337
f 5318 5319 5338
f 5337 5318 5338
f 5319 5320 5339
f 5339 5338 5319
f 5340 5320 5321
f 5339 5320 5340
f 5341 5321 5322
f 5321 5341 5340
f 5323 5343 5322
f 5322 5342 5341
f 5322 5343 5342
f 5323 5324 5343
f 5344 5324 5325
f 5324 5344 5343
f 5326 5345 5325
f 5345 5344 5325
f 5327 5346 5326
f 5326 5346 5345
f 5327 5328 5347
f 5347 5346 5327
f 5329 5348 5328
f 5348 5347 5328
f 5330 5349 5329
f 5329 5349 5348
f 5330 5331 5350
f 5330 5350 5349
f 5331 5332 5352
f 5351 5350 5331
f 5331 5352 5351
f 5353 5352 5332
f 5354 5333 5334
f 5334 5335 5355
f 5355 5354 5334
f 5355 5335 5336
f 5356 5336 5337
f 5336 5356 5355
f 5337 5338 5357
f 5337 5357 5356
f 5339 5358 5338
f 5357 5338 5358
f 5339 5340 5359
f 5359 5358 5339
f 5340 5341 5360
f 5340 5360 5359
f 5361 5341 5342
f 5361 5360 5341
f 5363 5342 5343
f 5361 5342 5362
f 5362 5342 5363
f 5343 5344 5363
f 5344 5345 5364
f 5344 5364 5363
f 5346 5365 5345
f 5345 5365 5364
f 5347 5366 5346
f 5346 5366 5365
f 5367 5347 5348
f 5367 5366 5347
f 5349 5368 5348
f 5348 5368 5367
f 5349 5350 5369
f 5349 5369 5368
f 5370 5350 5351
f 5369 5350 5370
f 5352 5371 5351
f 5351 5371 5370
f 5352 5353 5372
f 5352 5372 5371
f 5353 5373 5372
f 5374 5373 5353
f 5375 5354 5355
f 5356 5376 5355
f 5355 5376 5375
f 5356 5357 5377
f 5377 5376 5356
f 5357 5358 5378
f 5378 5377 5357
f 5358 5359 5379
f 5378 5358 5379
f 5380 5359 5360
f 5380 5379 5359
f 5381 5360 5361
f 5380 5360 5381
f 5361 5362 5382
f 5382 5381 5361
f 5384 5362 5363
f 5382 5362 5383
f 5383 5362 5384
f 5363 5364 5384
f 5365 5386 5364
f 5364 5385 5384
f 5364 5386 5385
f 5366 5386 5365
f 5367 5387 5366
f 5387 5386 5366
f 5368 5388 5367
f 5388 5387 5367
f 5369 5389 5368
f 5389 5388 5368
f 5370 5390 5369
f 5390 5389 5369
f 5371 5391 5370
f 5391 5390 5370
f 5372 5392 5371
f 5371 5392 5391
f 5373 5393 5372
f 5372 5393 5392
f 5394 5373 5374
f 5394 5393 5373
f 5374 5395 5394
f 5396 5395 5374
f 5397 5375 5376
f 5377 5397 5376
f 5398 5377 5378
f 5398 5397 5377
f 5378 5379 5399
f 5378 5399 5398
f 5379 5380 5400
f 5400 5399 5379
f 5401 5380 5381
f 5401 5400 5380
f 5381 5382 5402
f 5381 5402 5401
f 5382 5383 5403
f 5402 5382 5403
f 5383 5384 5405
f 5403 5383 5404
f 5404 5383 5405
f 5405 5384 5385
f 5385 5386 5407
f 5405 5385 5406
f 5407 5406 5385
f 5407 5386 5387
f 5387 5388 5408
f 5407 5387 5408
f 5389 5409 5388
f 5409 5408 5388
f 5390 5410 5389
f 5410 5409 5389
f 5411 5390 5391
f 5411 5410 5390
f 5391 5392 5412
f 5391 5412 5411
f 5392 5393 5413
f 5413 5412 5392
f 5414 5393 5394
f 5414 5413 5393
f 5394 5395 5415
f 5394 5415 5414
f 5395 5396 5416
f 5416 5415 5395
f 5416 5396 5417
f 5417 5396 5418
f 5419 5397 5398
f 5398 5399 5420
f 5419 5398 5420
f 5421 5399 5400
f 5420 5399 5421
f 5400 5401 5422
f 5421 5400 5422
f 5402 5423 5401
f 5422 5401 5423
f 5402 5403 5424
f 5424 5423 5402
f 5403 5404 5425
f 5403 5425 5424
f 5405 5427 5404
f 5426 5425 5404
f 5404 5427 5426
f 5427 5405 5406
f 5407 5429 5406
f 5427 5406 5428
f 5429 5428 5406
f 5408 5429 5407
f 5408 5409 5430
f 5429 5408 5430
f 5409 5410 5431
f 5409 5431 5430
f 5410 5411 5432
f 5410 5432 5431
f 5412 5433 5411
f 5433 5432 5411
f 5413 5434 5412
f 5434 5433 5412
f 5435 5413 5414
f 5435 5434 5413
f 5414 5415 5436
f 5435 5414 5436
f 5437 5415 5416
f 5437 5436 5415
f 5438 5416 5417
f 5437 5416 5438
f 5418 5439 5417
f 5439 5438 5417
f 5440 5439 5418
f 5441 5419 5420
f 5421 5441 5420
f 5442 5421 5422
f 5421 5442 5441
f 5443 5422 5423
f 5443 5442 5422
f 5444 5423 5424
f 5443 5423 5444
f 5424 5425 5445
f 5424 5445 5444
f 5426 5446 5425
f 5425 5446 5445
f 5427 5448 5426
f 5426 5447 5446
f 5447 5426 5448
f 5427 5428 5448
f 5450 5428 5429
f 5428 5449 5448
f 5450 5449 5428
f 5450 5429 5430
f 5431 5451 5430
f 5430 5451 5450
f 5432 5452 5431
f 5431 5452 5451
f 5453 5432 5433
f 5453 5452 5432
f 5433 5434 5454
f 5453 5433 5454
f 5455 5434 5435
f 5455 5454 5434
f 5456 5435 5436
f 5435 5456 5455
f 5436 5437 5457
f 5456 5436 5457
f 5437 5438 5458
f 5437 5458 5457
f 5459 5438 5439
f 5458 5438 5459
f 5460 5439 5440
f 5459 5439 5460
f 5440 5461 5460
f 5462 5461 5440
f 5463 5441 5442
f 5464 5442 5443
f 5464 5463 5442
f 5465 5443 5444
f 5464 5443 5465
f 5466 5444 5445
f 5444 5466 5465
f 5445 5446 5467
f 5466 5445 5467
f 5446 5447 5468
f 5446 5468 5467
f 5470 5447 5448
f 5469 5468 5447
f 5469 5447 5470
f 5448 5449 5470
f 5449 5450 5472
f 5470 5449 5471
f 5471 5449 5472
f 5451 5472 5450
f 5451 5452 5473
f 5451 5473 5472
f 5453 5474 5452
f 5452 5474 5473
f 5454 5475 5453
f 5475 5474 5453
f 5455 5476 5454
f 5454 5476 5475
f 5455 5456 5477
f 5477 5476 5455
f 5457 5478 5456
f 5478 5477 5456
f 5458 5479 5457
f 5478 5457 5479
f 5480 5458 5459
f 5480 5479 5458
f 5460 5481 5459
f 5459 5481 5480
f 5460 5461 5482
f 5482 5481 5460
f 5483 5461 5462
f 5482 5461 5483
f 5483 5462 5484
f 5462 5485 5484
f 5486 5463 5464
f 5487 5464 5465
f 5486 5464 5487
f 5465 5466 5487
f 5466 5467 5488
f 5487 5466 5488
f 5489 5467 5468
f 5488 5467 5489
f 5490 5468 5469
f 5490 5489 5468
f 5492 5469 5470
f 5491 5490 5469
f 5492 5491 5469
f 5492 5470 5471
f 5471 5472 5494
f 5492 5471 5493
f 5494 5493 5471
f 5473 5494 5472
f 5496 5473 5474
f 5495 5494 5473
f 5473 5496 5495
f 5474 5475 5497
f 5474 5497 5496
f 5475 5476 5498
f 5498 5497 5475
f 5499 5476 5477
f 5498 5476 5499
f 5500 5477 5478
f 5500 5499 5477
f 5479 5501 5478
f 5478 5501 5500
f 5479 5480 5501
f 5502 5480 5481
f 5502 5501 5480
f 5481 5482 5503
f 5502 5481 5503
f 5483 5504 5482
f 5482 5504 5503
f 5484 5505 5483
f 5505 5504 5483
f 5485 5506 5484
f 5484 5506 5505
f 5507 5506 5485
f 5485 5508 5507
f 5509 5486 5487
f 5487 5488 5510
f 5509 5487 5510
f 5489 5511 5488
f 5488 5511 5510
f 5513 5489 5490
f 5489 5512 5511
f 5489 5513 5512
f 5490 5491 5514
f 5513 5490 5514
f 5491 5492 5515
f 5515 5514 5491
f 5492 5493 5515
f 5517 5493 5494
f 5515 5493 5516
f 5493 5517 5516
f 5495 5517 5494
f 5495 5496 5518
f 5517 5495 5518
f 5496 5497 5519
f 5496 5519 5518
f 5520 5497 5498
f 5519 5497 5520
f 5498 5499 5521
f 5521 5520 5498
f 5522 5499 5500
f 5522 5521 5499
f 5501 5523 5500
f 5523 5522 5500
f 5501 5502 5524
f 5501 5524 5523
f 5502 5503 5525
f 5524 5502 5525
f 5526 5503 5504
f 5525 5503 5526
f 5505 5527 5504
f 5526 5504 5527
f 5528 5505 5506
f 5528 5527 5505
f 5529 5506 5507
f 5506 5529 5528
f 5508 5530 5507
f 5507 5530 5529
f 5508 5531 5530
f 5533 5509 5510
f 5533 5510 5511
f 5534 5511 5512
f 5533 5511 5534
f 5513 5535 5512
f 5534 5512 5535
f 5514 5536 5513
f 5513 5536 5535
f 5514 5515 5537
f 5537 5536 5514
f 5538 5515 5516
f 5537 5515 5538
f 5517 5539 5516
f 5516 5539 5538
f 5540 5517 5518
f 5540 5539 5517
f 5519 5541 5518
f 5518 5541 5540
f 5520 5542 5519
f 5542 5541 5519
f 5521 5543 5520
f 5520 5543 5542
f 5522 5544 5521
f 5521 5544 5543
f 5545 5522 5523
f 5545 5544 5522
f 5524 5546 5523
f 5523 5546 5545
f 5524 5525 5547
f 5524 5547 5546
f 5525 5526 5548
f 5548 5547 5525
f 5526 5527 5549
f 5526 5549 5548
f 5528 5550 5527
f 5527 5550 5549
f 5551 5528 5529
f 5528 5551 5550
f 5530 5552 5529
f 5529 5552 5551
f 5553 5530 5531
f 5553 5552 5530
f 5554 5531 5532
f 5553 5531 5554
f 5532 5555 5554
f 5532 5556 5555
f 5533 5534 5557
f 5535 5558 5534
f 5557 5534 5558
f 5535 5536 5559
f 5559 5558 5535
f 5536 5537 5560
f 5559 5536 5560
f 5538 5561 5537
f 5561 5560 5537
f 5538 5539 5562
f 5561 5538 5562
f 5540 5563 5539
f 5539 5563 5562
f 5540 5541 5564
f 5563 5540 5564
f 5541 5542 5565
f 5564 5541 5565
f 5542 5543 5566
f 5542 5566 5565
f 5567 5543 5544
f 5567 5566 5543
f 5568 5544 5545
f 5567 5544 5568
f 5545 5546 5570
f 5545 5569 5568
f 5570 5569 5545
f 5547 5570 5546
f 5548 5571 5547
f 5571 5570 5547
f 5548 5549 6460
f 5571 5548 6459
f 6459 5548 6460
f 6461 5549 5550
f 5549 6461 6460
f 6462 5550 5551
f 6461 5550 6462
f 5551 5552 6464
f 6462 5551 6464
f 5572 5552 5553
f 6464 5552 5572
f 5572 5553 5554
f 5554 5555 5573
f 5554 5573 5572
f 5556 5574 5555
f 5573 5555 5574
f 5575 5574 5556
f 5557 5558 5577
f 5578 5558 5559
f 5577 5558 5578
f 5559 5560 5579
f 5578 5559 5579
f 5561 5580 5560
f 5579 5560 5580
f 5581 5561 5562
f 5581 5580 5561
f 5562 5563 5582
f 5581 5562 5582
f 5564 5583 5563
f 5563 5583 5582
f 5565 5584 5564
f 5564 5584 5583
f 5566 5585 5565
f 5565 5585 5584
f 5566 5567 5586
f 5566 5586 5585
f 5587 5567 5568
f 5587 5586 5567
f 5569 5588 5568
f 5587 5568 5588
f 5569 5570 5590
f 5569 5589 5588
f 5590 5589 5569
f 5570 5571 5590
f 5571 6463 5590
f 6459 6463 5571
f 6473 5572 5573
f 6464 5572 6465
f 6473 6465 5572
f 5591 5573 5574
f 5591 6473 5573
f 5591 5574 5575
f 5576 5592 5575
f 5591 5575 5592
f 5593 5592 5576
f 5577 5578 5598
f 5578 5579 5599
f 5578 5599 5598
f 5579 5580 5600
f 5599 5579 5600
f 5580 5581 5601
f 5600 5580 5601
f 5581 5582 5602
f 5602 5601 5581
f 5603 5582 5583
f 5603 5602 5582
f 5604 5583 5584
f 5603 5583 5604
f 5584 5585 5605
f 5584 5605 5604
f 5606 5585 5586
f 5605 5585 5606
f 5587 5607 5586
f 5606 5586 5607
f 5587 5588 5608
f 5587 5608 5607
f 5588 5589 5609
f 5588 5609 5608
f 5590 6467 5589
f 5609 5589 6466
f 6466 5589 6467
f 5590 6463 6467
f 5592 6492 5591
f 5591 6474 6473
f 5591 6492 6474
f 5592 5593 5610
f 5592 5610 6492
f 5593 5594 5610
f 5610 5594 5611
f 5612 5611 5594
f 6520 5595 5596
f 6519 5662 5595
f 6520 6519 5595
f 5597 6521 5596
f 6520 5596 6521
f 5598 5663 5597
f 6522 5597 5663
f 6522 6521 5597
f 5663 5598 5599
f 5599 5600 5664
f 5663 5599 5664
f 5665 5600 5601
f 5664 5600 5665
f 5602 6476 5601
f 5665 5601 6475
f 5601 6476 6475
f 6477 5602 5603
f 6477 6476 5602
f 5604 6478 5603
f 5603 6478 6477
f 5604 5605 6479
f 5604 6479 6478
f 5606 6480 5605
f 6480 6479 5605
f 5607 6481 5606
f 5606 6481 6480
f 5608 6482 5607
f 6482 6481 5607
f 6483 5608 5609
f 5608 6483 6482
f 6466 6483 5609
f 5611 6494 5610
f 6492 5610 6493
f 6493 5610 6494
f 6495 5611 5612
f 6495 6494 5611
f 5613 6495 5612
f 6496 5613 5614
f 5613 6496 6495
f 5615 6497 5614
f 5614 6497 6496
f 5615 5616 6498
f 5615 6498 6497
f 6499 5616 5617
f 5616 6499 6498
f 5618 6500 5617
f 5617 6500 6499
f 6501 5618 5619
f 5618 6501 6500
f 6502 5619 5620
f 6501 5619 6502
f 5620 5621 6503
f 6502 5620 6503
f 6504 5621 5622
f 6503 5621 6504
f 6505 5622 5623
f 6504 5622 6505
f 5623 5624 6506
f 6506 6505 5623
f 6507 5624 5625
f 6506 5624 6507
f 5626 6508 5625
f 5625 6508 6507
f 5627 6509 5626
f 5626 6509 6508
f 5627 5628 6510
f 6509 5627 6510
f 6511 5628 5629
f 6511 6510 5628
f 6537 5629 5630
f 6511 5629 6537
f 5630 5631 6539
f 6537 5630 6538
f 5630 6539 6538
f 5632 6540 5631
f 5631 6540 6539
f 5633 6541 5632
f 6540 5632 6541
f 5666 6542 5633
f 6542 6541 5633
f 5634 5635 5679
f 5634 5679 5673
f 5635 5636 5680
f 5635 5680 5679
f 5681 5636 5637
f 5681 5680 5636
f 5638 5682 5637
f 5637 5682 5681
f 5683 5638 5639
f 5683 5682 5638
f 5639 5640 6546
f 5683 5639 6545
f 5639 6546 6545
f 6547 5640 5641
f 6547 6546 5640
f 5642 6548 5641
f 5641 6548 6547
f 6549 5642 5643
f 5642 6549 6548
f 6550 5643 5644
f 6549 5643 6550
f 5644 5645 6551
f 5644 6551 6550
f 6552 5645 5646
f 6552 6551 5645
f 5647 6553 5646
f 6552 5646 6553
f 6554 5647 5648
f 5647 6554 6553
f 5648 5649 6555
f 6554 5648 6555
f 5650 6556 5649
f 6555 5649 6556
f 5651 6557 5650
f 6557 6556 5650
f 5652 6558 5651
f 6558 6557 5651
f 5653 6559 5652
f 5652 6559 6558
f 5654 6560 5653
f 6560 6559 5653
f 5655 6561 5654
f 5654 6561 6560
f 6512 5655 5656
f 6512 6561 5655
f 5657 6512 5656
f 5657 5658 6513
f 6513 6512 5657
f 5658 5659 6514
f 6513 5658 6514
f 6515 5659 5660
f 6514 5659 6515
f 5661 6516 5660
f 5660 6516 6515
f 5661 5662 6517
f 5661 6517 6516
f 6517 5662 6518
f 6518 5662 6519
f 5664 6523 5663
f 5663 6523 6522
f 5664 5665 6524
f 5664 6524 6523
f 6475 6524 5665
f 5667 6542 5666
f 5667 5668 6543
f 5667 6543 6542
f 6544 5668 5669
f 6544 6543 5668
f 5669 5674 6573
f 6544 5669 6573
f 5670 5671 6578
f 5678 5670 6577
f 6577 5670 6578
f 6579 5671 5672
f 6578 5671 6579
f 5673 6580 5672
f 5672 6580 6579
f 5679 6581 5673
f 6581 6580 5673
f 5684 6586 5674
f 6573 5674 6574
f 6586 6574 5674
f 6589 5675 5676
f 5675 6588 5686
f 5675 6589 6588
f 5676 5677 6575
f 6589 5676 6575
f 6575 5677 5678
f 6576 6575 5678
f 5678 6577 6576
f 5679 5680 6582
f 5679 6582 6581
f 5680 5681 6583
f 5680 6583 6582
f 5681 5682 6584
f 6583 5681 6584
f 5683 6585 5682
f 5682 6585 6584
f 5683 6545 6585
f 6586 5684 5687
f 6587 5685 5686
f 6592 5689 5685
f 6592 5685 6587
f 6587 5686 6588
f 5688 6594 5687
f 6591 6586 5687
f 5687 6594 6591
f 6592 5690 5689
f 6597 5692 5690
f 6592 6597 5690
f 6599 5691 5693
f 6907 6596 5691
f 6599 6907 5691
f 5694 5692 6600
f 5692 6597 6598
f 5692 6598 6600
f 5696 5693 5695
f 6599 5693 5696
f 6600 5697 5694
f 5696 5695 6602
f 6602 5695 5699
f 6599 5696 6934
f 5696 6602 6934
f 5698 5697 6603
f 6600 6603 5697
f 5698 6604 5700
f 5698 6603 6604
f 6606 5699 5704
f 6602 5699 6606
f 5700 6604 5701
f 5702 5701 6607
f 6604 6605 5701
f 6607 5701 6605
f 6608 5703 5702
f 5702 6607 6608
f 6609 5705 5703
f 6609 5703 6608
f 6619 5704 5714
f 6606 5704 6619
f 5706 5705 6609
f 6610 5707 5706
f 6610 5706 6609
f 5707 5708 5715
f 6611 5708 5707
f 5707 6610 6611
f 5715 5708 5709
f 5709 5708 6612
f 6611 6612 5708
f 5716 5709 5710
f 6613 5710 5709
f 5715 5709 5716
f 6613 5709 6612
f 5711 5717 5710
f 5711 5710 6614
f 5717 5716 5710
f 6613 6614 5710
f 5718 5711 5712
f 5711 6615 5712
f 5711 5718 5717
f 5711 6614 6615
f 5719 5712 5713
f 5712 6616 5713
f 5718 5712 5719
f 6615 6616 5712
f 5719 5713 5720
f 5720 5713 5721
f 5721 5713 6620
f 6617 5713 6616
f 6617 6620 5713
f 6636 5714 5748
f 6619 5714 6637
f 6637 5714 6636
f 5722 5721 6620
f 5723 5722 6621
f 6621 5722 6620
f 5724 5723 6622
f 5723 6621 6622
f 5724 6623 5725
f 5724 6622 6623
f 5726 5725 6624
f 6623 6624 5725
f 5727 5726 6625
f 5726 6624 6625
f 6626 5728 5727
f 5727 6625 6626
f 5729 5728 6627
f 6626 6627 5728
f 5730 5729 6628
f 6628 5729 6627
f 5730 6629 5731
f 5730 6628 6629
f 5732 5731 6630
f 6629 6630 5731
f 5733 5732 6631
f 6631 5732 6630
f 5733 6632 5734
f 6632 5733 6631
f 5734 6633 5735
f 5734 6632 6633
f 5735 6634 5736
f 6633 6634 5735
f 5736 6638 5737
f 5736 6634 6635
f 5736 6635 6638
f 5738 5737 6639
f 6638 6639 5737
f 5738 6640 5739
f 5738 6639 6640
f 5740 5739 6641
f 5739 6640 6641
f 5740 6642 5741
f 5740 6641 6642
f 5742 5741 6643
f 6643 5741 6642
f 5742 6644 5743
f 6643 6644 5742
f 6645 5744 5743
f 5743 6644 6645
f 5749 5744 6646
f 6646 5744 6645
f 5745 6669 5746
f 5776 6667 5745
f 6668 5745 6667
f 6668 6669 5745
f 6670 5747 5746
f 6670 5746 6669
f 6670 5748 5747
f 6636 5748 6670
f 5750 5749 6646
f 6647 5751 5750
f 6647 5750 6646
f 5752 5777 5751
f 5751 6648 5752
f 6648 5751 6647
f 5752 5753 5777
f 5752 6649 5753
f 6648 6649 5752
f 5778 5753 5754
f 5753 6650 5754
f 5777 5753 5778
f 5753 6649 6650
f 5754 5779 5778
f 5754 5780 5779
f 5780 5754 6671
f 5754 6650 6651
f 5754 6651 6671
f 6696 5756 5755
f 6694 5755 5791
f 6694 6695 5755
f 6696 5755 6695
f 5757 5756 6697
f 6696 6697 5756
f 5757 6698 5758
f 6697 6698 5757
f 5759 5758 6699
f 6699 5758 6698
f 5759 6700 5760
f 6699 6700 5759
f 6701 5761 5760
f 6701 5760 6700
f 6702 5762 5761
f 5761 6701 6702
f 5762 6703 5763
f 5762 6702 6703
f 5763 6704 5764
f 5763 6703 6704
f 5764 6705 5765
f 6704 6705 5764
f 5766 5765 6706
f 6706 5765 6705
f 5767 5766 6707
f 6707 5766 6706
f 6708 5768 5767
f 6708 5767 6707
f 5768 6709 5769
f 6709 5768 6708
f 5769 6710 5770
f 6709 6710 5769
f 5771 5770 6711
f 5770 6710 6711
f 5772 5771 6711
f 6663 5773 5772
f 5772 6711 6663
f 5773 6664 5774
f 6663 6664 5773
f 6665 5775 5774
f 5774 6664 6665
f 5775 6666 5776
f 6666 5775 6665
f 6667 5776 6666
f 5778 5792 5777
f 5793 5778 5779
f 5793 5792 5778
f 5794 5779 5780
f 5794 5793 5779
f 5780 5781 5795
f 6671 5781 5780
f 5794 5780 5795
f 5782 5796 5781
f 5782 5781 6672
f 5781 5796 5795
f 5781 6671 6672
f 5797 5782 5783
f 5782 6673 5783
f 5797 5796 5782
f 5782 6672 6673
f 5783 5784 5798
f 5783 6674 5784
f 5783 5798 5797
f 5783 6673 6674
f 5784 5785 5799
f 5784 6675 5785
f 5798 5784 5799
f 5784 6674 6675
f 5800 5785 5786
f 5785 6676 5786
f 5800 5799 5785
f 6675 6676 5785
f 5787 5801 5786
f 5786 6677 5787
f 5786 5801 5800
f 5786 6676 6677
f 5788 5802 5787
f 5787 6678 5788
f 5802 5801 5787
f 6678 5787 6677
f 5788 5803 5802
f 5788 5804 5803
f 5788 6712 5804
f 6679 5788 6678
f 5788 6679 6712
f 5789 5790 5809
f 5790 5789 6692
f 5789 5808 5807
f 5807 6723 5789
f 5789 5809 5808
f 5789 6723 6692
f 5790 5791 5809
f 6693 5791 5790
f 6693 5790 6692
f 6693 6694 5791
f 5793 5810 5792
f 5794 5811 5793
f 5793 5811 5810
f 5812 5794 5795
f 5812 5811 5794
f 5795 5796 5813
f 5812 5795 5813
f 5814 5796 5797
f 5814 5813 5796
f 5798 5815 5797
f 5814 5797 5815
f 5799 5816 5798
f 5798 5816 5815
f 5817 5799 5800
f 5799 5817 5816
f 5818 5800 5801
f 5800 5818 5817
f 5819 5801 5802
f 5819 5818 5801
f 5820 5802 5803
f 5820 5819 5802
f 5821 5803 5804
f 5821 5820 5803
f 5804 5805 5822
f 5804 6712 5805
f 5804 5822 5821
f 5823 5822 5805
f 5805 5824 5823
f 6724 5824 5805
f 5805 6712 6713
f 6724 5805 6713
f 5828 5806 5807
f 5807 5806 6722
f 5806 5827 5826
f 5806 5826 6731
f 5828 5827 5806
f 5806 6731 6722
f 5807 5808 5828
f 5807 6722 6723
f 5808 5829 5828
f 5810 5811 5831
f 5832 5811 5812
f 5832 5831 5811
f 5812 5813 5833
f 5832 5812 5833
f 5834 5813 5814
f 5833 5813 5834
f 5814 5815 5835
f 5834 5814 5835
f 5815 5816 5836
f 5835 5815 5836
f 5837 5816 5817
f 5836 5816 5837
f 5838 5817 5818
f 5837 5817 5838
f 5839 5818 5819
f 5839 5838 5818
f 5840 5819 5820
f 5840 5839 5819
f 5841 5820 5821
f 5840 5820 5841
f 5843 5821 5822
f 5821 5842 5841
f 5843 5842 5821
f 5843 5822 5823
f 5824 5845 5823
f 5844 5843 5823
f 5844 5823 5845
f 5846 5845 5824
f 5846 5824 6732
f 6732 5824 6724
f 5852 5825 5826
f 5826 5825 6730
f 5850 5825 5851
f 5850 6736 5825
f 5825 5852 5851
f 5825 6736 6730
f 5827 5852 5826
f 5826 6730 6731
f 5853 5827 5828
f 5853 5852 5827
f 5854 5828 5829
f 5853 5828 5854
f 5830 5831 5855
f 5879 5830 5855
f 5831 5832 5855
f 5857 5832 5833
f 5855 5832 5856
f 5856 5832 5857
f 5857 5833 5834
f 5858 5834 5835
f 5858 5857 5834
f 5835 5836 5859
f 5835 5859 5858
f 5860 5836 5837
f 5860 5859 5836
f 5861 5837 5838
f 5861 5860 5837
f 5839 5862 5838
f 5838 5862 5861
f 5840 5863 5839
f 5839 5863 5862
f 5864 5840 5841
f 5840 5864 5863
f 5841 5842 5865
f 5864 5841 5865
f 5843 5866 5842
f 5865 5842 5866
f 5843 5844 5867
f 5843 5867 5866
f 5844 5845 5868
f 5844 5868 5867
f 5846 5869 5845
f 5845 5869 5868
f 5847 5870 5846
f 5847 5846 6732
f 5846 5870 5869
f 5848 5871 5847
f 5848 5847 6733
f 5847 5871 5870
f 6733 5847 6732
f 5848 5849 5872
f 6734 5849 5848
f 5872 5871 5848
f 5848 6733 6734
f 5850 5873 5849
f 5850 5849 6735
f 5849 5873 5872
f 6735 5849 6734
f 5851 5874 5850
f 5874 5873 5850
f 5850 6735 6736
f 5851 5852 5875
f 5874 5851 5875
f 5876 5852 5853
f 5852 5876 5875
f 5854 5877 5853
f 5876 5853 5877
f 5880 5855 5856
f 5880 5879 5855
f 5856 5857 5882
f 5880 5856 5881
f 5856 5882 5881
f 5882 5857 5858
f 5858 5859 5883
f 5858 5883 5882
f 5860 5884 5859
f 5884 5883 5859
f 5885 5860 5861
f 5860 5885 5884
f 5862 5886 5861
f 5885 5861 5886
f 5863 5887 5862
f 5887 5886 5862
f 5863 5864 5888
f 5863 5888 5887
f 5864 5865 5890
f 5888 5864 5889
f 5889 5864 5890
f 5865 5866 5890
f 5867 5891 5866
f 5866 5891 5890
f 5892 5867 5868
f 5867 5892 5891
f 5868 5869 5893
f 5892 5868 5893
f 5869 5870 5894
f 5869 5894 5893
f 5895 5870 5871
f 5894 5870 5895
f 5872 5896 5871
f 5896 5895 5871
f 5897 5872 5873
f 5897 5896 5872
f 5874 5898 5873
f 5897 5873 5898
f 5874 5875 5899
f 5874 5899 5898
f 5875 5876 5900
f 5900 5899 5875
f 5876 5877 5901
f 5900 5876 5901
f 5879 5902 5878
f 5878 5902 5925
f 5880 5902 5879
f 5903 5880 5881
f 5903 5902 5880
f 5881 5882 5905
f 5904 5903 5881
f 5904 5881 5905
f 5882 5883 5906
f 5906 5905 5882
f 5907 5883 5884
f 5883 5907 5906
f 5884 5885 5908
f 5884 5908 5907
f 5885 5886 5909
f 5908 5885 5909
f 5910 5886 5887
f 5910 5909 5886
f 5888 5910 5887
f 5888 5889 5911
f 5911 5910 5888
f 5913 5889 5890
f 5889 5912 5911
f 5913 5912 5889
f 5891 5913 5890
f 5892 5914 5891
f 5914 5913 5891
f 5892 5893 5915
f 5915 5914 5892
f 5893 5894 5916
f 5915 5893 5916
f 5894 5895 5917
f 5916 5894 5917
f 5895 5896 5918
f 5917 5895 5918
f 5897 5919 5896
f 5918 5896 5919
f 5920 5897 5898
f 5897 5920 5919
f 5921 5898 5899
f 5921 5920 5898
f 5923 5899 5900
f 5922 5921 5899
f 5922 5899 5923
f 5901 5923 5900
f 5926 5902 5903
f 5925 5902 5926
f 5904 5927 5903
f 5926 5903 5927
f 5904 5905 5928
f 5928 5927 5904
f 5905 5906 5929
f 5905 5929 5928
f 5906 5907 5930
f 5930 5929 5906
f 5907 5908 5931
f 5930 5907 5931
f 5932 5908 5909
f 5931 5908 5932
f 5910 5933 5909
f 5909 5933 5932
f 5911 5934 5910
f 5910 5934 5933
f 5911 5912 5935
f 5911 5935 5934
f 5937 5912 5913
f 5936 5935 5912
f 5937 5936 5912
f 5937 5913 5914
f 5915 5938 5914
f 5914 5938 5937
f 5915 5916 5939
f 5939 5938 5915
f 5916 5917 5940
f 5916 5940 5939
f 5918 5941 5917
f 5917 5941 5940
f 5919 5942 5918
f 5942 5941 5918
f 5943 5919 5920
f 5942 5919 5943
f 5921 5944 5920
f 5920 5944 5943
f 5945 5921 5922
f 5921 5945 5944
f 5946 5945 5922
f 5925 5947 5924
f 5924 5947 5969
f 5926 5947 5925
f 5948 5926 5927
f 5948 5947 5926
f 5950 5927 5928
f 5948 5927 5949
f 5949 5927 5950
f 5928 5929 5951
f 5928 5951 5950
f 5930 5952 5929
f 5929 5952 5951
f 5931 5953 5930
f 5953 5952 5930
f 5932 5953 5931
f 5932 5933 5954
f 5954 5953 5932
f 5955 5933 5934
f 5954 5933 5955
f 5956 5934 5935
f 5956 5955 5934
f 5936 5957 5935
f 5935 5957 5956
f 5959 5936 5937
f 5936 5958 5957
f 5959 5958 5936
f 5938 5959 5937
f 5938 5939 5960
f 5938 5960 5959
f 5939 5940 5961
f 5961 5960 5939
f 5941 5962 5940
f 5961 5940 5962
f 5963 5941 5942
f 5962 5941 5963
f 5942 5943 5964
f 5964 5963 5942
f 5944 5965 5943
f 5964 5943 5965
f 5966 5944 5945
f 5966 5965 5944
f 5966 5945 5967
f 5948 5970 5947
f 5947 5970 5969
f 5948 5949 5971
f 5948 5971 5970
f 5949 5950 5972
f 5949 5972 5971
f 5950 5951 5973
f 5972 5950 5973
f 5951 5952 5974
f 5974 5973 5951
f 5975 5952 5953
f 5975 5974 5952
f 5954 5976 5953
f 5975 5953 5976
f 5954 5955 5977
f 5954 5977 5976
f 5956 5978 5955
f 5977 5955 5978
f 5957 5979 5956
f 5956 5979 5978
f 5980 5957 5958
f 5957 5980 5979
f 5959 5982 5958
f 5981 5980 5958
f 5958 5982 5981
f 5960 5982 5959
f 5961 5983 5960
f 5960 5983 5982
f 5962 5984 5961
f 5984 5983 5961
f 5962 5963 5986
f 5984 5962 5985
f 5986 5985 5962
f 5964 5987 5963
f 5986 5963 5987
f 5964 5965 5988
f 5988 5987 5964
f 5966 5989 5965
f 5965 5989 5988
f 5966 5967 5990
f 5966 5990 5989
f 5968 5969 5991
f 5968 5991 6013
f 5970 5991 5969
f 5970 5971 5993
f 5992 5991 5970
f 5993 5992 5970
f 5994 5971 5972
f 5993 5971 5994
f 5995 5972 5973
f 5972 5995 5994
f 5996 5973 5974
f 5995 5973 5996
f 5997 5974 5975
f 5996 5974 5997
f 5998 5975 5976
f 5998 5997 5975
f 5999 5976 5977
f 5998 5976 5999
f 6000 5977 5978
f 5999 5977 6000
f 5978 5979 6001
f 6000 5978 6001
f 6002 5979 5980
f 6001 5979 6002
f 6002 5980 5981
f 5982 6004 5981
f 5981 6003 6002
f 6004 6003 5981
f 5983 6004 5982
f 5984 6005 5983
f 6005 6004 5983
f 6006 5984 5985
f 6006 6005 5984
f 5985 5986 6008
f 6006 5985 6007
f 6007 5985 6008
f 6009 5986 5987
f 6008 5986 6009
f 5988 6010 5987
f 6009 5987 6010
f 6010 5988 5989
f 5989 5990 6011
f 6010 5989 6011
f 5992 6014 5991
f 6013 5991 6014
f 6015 5992 5993
f 6015 6014 5992
f 5994 6016 5993
f 6015 5993 6016
f 5994 5995 6017
f 5994 6017 6016
f 6018 5995 5996
f 6017 5995 6018
f 6019 5996 5997
f 6019 6018 5996
f 5998 6020 5997
f 6019 5997 6020
f 5999 6021 5998
f 5998 6021 6020
f 5999 6000 6022
f 6022 6021 5999
f 6000 6001 6023
f 6000 6023 6022
f 6001 6002 6024
f 6023 6001 6024
f 6025 6002 6003
f 6024 6002 6025
f 6004 6026 6003
f 6025 6003 6026
f 6004 6005 6027
f 6027 6026 6004
f 6028 6005 6006
f 6005 6028 6027
f 6006 6007 6029
f 6029 6028 6006
f 6031 6007 6008
f 6007 6030 6029
f 6030 6007 6031
f 6032 6008 6009
f 6032 6031 6008
f 6009 6010 6033
f 6032 6009 6033
f 6011 6033 6010
f 6013 6034 6012
f 6034 6055 6012
f 6013 6014 6034
f 6014 6015 6036
f 6014 6035 6034
f 6036 6035 6014
f 6015 6016 6037
f 6015 6037 6036
f 6038 6016 6017
f 6037 6016 6038
f 6017 6018 6039
f 6039 6038 6017
f 6040 6018 6019
f 6018 6040 6039
f 6019 6020 6040
f 6021 6042 6020
f 6040 6020 6041
f 6041 6020 6042
f 6022 6043 6021
f 6021 6043 6042
f 6022 6023 6044
f 6043 6022 6044
f 6023 6024 6045
f 6023 6045 6044
f 6024 6025 6046
f 6045 6024 6046
f 6047 6025 6026
f 6025 6047 6046
f 6048 6026 6027
f 6048 6047 6026
f 6028 6049 6027
f 6027 6049 6048
f 6050 6028 6029
f 6049 6028 6050
f 6029 6030 6051
f 6051 6050 6029
f 6031 6052 6030
f 6051 6030 6052
f 6032 6053 6031
f 6031 6053 6052
f 6033 6053 6032
f 6034 6035 6056
f 6055 6034 6056
f 6036 6057 6035
f 6057 6056 6035
f 6037 6058 6036
f 6036 6058 6057
f 6059 6037 6038
f 6059 6058 6037
f 6060 6038 6039
f 6060 6059 6038
f 6039 6040 6061
f 6060 6039 6061
f 6040 6041 6062
f 6061 6040 6062
f 6064 6041 6042
f 6062 6041 6063
f 6064 6063 6041
f 6043 6064 6042
f 6043 6044 6065
f 6065 6064 6043
f 6045 6066 6044
f 6044 6066 6065
f 6046 6067 6045
f 6067 6066 6045
f 6046 6047 6068
f 6068 6067 6046
f 6069 6047 6048
f 6068 6047 6069
f 6048 6049 6070
f 6070 6069 6048
f 6050 6071 6049
f 6071 6070 6049
f 6050 6051 6072
f 6072 6071 6050
f 6073 6051 6052
f 6072 6051 6073
f 6073 6052 6074
f 6055 6075 6054
f 6075 6095 6054
f 6055 6056 6075
f 6077 6056 6057
f 6056 6076 6075
f 6076 6056 6077
f 6058 6078 6057
f 6078 6077 6057
f 6059 6079 6058
f 6079 6078 6058
f 6080 6059 6060
f 6080 6079 6059
f 6081 6060 6061
f 6080 6060 6081
f 6061 6062 6081
f 6082 6062 6063
f 6081 6062 6082
f 6063 6064 6083
f 6083 6082 6063
f 6084 6064 6065
f 6084 6083 6064
f 6065 6066 6086
f 6084 6065 6085
f 6085 6065 6086
f 6086 6066 6067
f 6087 6067 6068
f 6067 6087 6086
f 6069 6088 6068
f 6087 6068 6088
f 6069 6070 6089
f 6089 6088 6069
f 6070 6071 6091
f 6070 6090 6089
f 6091 6090 6070
f 6092 6071 6072
f 6091 6071 6092
f 6073 6092 6072
f 6074 6093 6073
f 6073 6093 6092
f 6075 6076 6096
f 6075 6096 6095
f 6076 6077 6097
f 6096 6076 6097
f 6077 6078 6098
f 6097 6077 6098
f 6078 6079 6099
f 6098 6078 6099
f 6080 6100 6079
f 6100 6099 6079
f 6102 6080 6081
f 6100 6080 6101
f 6101 6080 6102
f 6102 6081 6082
f 6104 6082 6083
f 6102 6082 6103
f 6103 6082 6104
f 6105 6083 6084
f 6083 6105 6104
f 6085 6105 6084
f 6085 6086 6107
f 6106 6105 6085
f 6106 6085 6107
f 6087 6107 6086
f 6088 6108 6087
f 6108 6107 6087
f 6089 6109 6088
f 6109 6108 6088
f 6090 6111 6089
f 6110 6109 6089
f 6110 6089 6111
f 6112 6090 6091
f 6112 6111 6090
f 6113 6091 6092
f 6091 6113 6112
f 6093 6114 6092
f 6113 6092 6114
f 6095 6115 6094
f 6135 6094 6115
f 6115 6095 6096
f 6117 6096 6097
f 6115 6096 6116
f 6116 6096 6117
f 6098 6118 6097
f 6097 6118 6117
f 6098 6099 6119
f 6098 6119 6118
f 6100 6120 6099
f 6099 6120 6119
f 6101 6120 6100
f 6122 6101 6102
f 6121 6120 6101
f 6121 6101 6122
f 6122 6102 6103
f 6103 6104 6124
f 6122 6103 6123
f 6103 6124 6123
f 6104 6105 6124
f 6125 6105 6106
f 6124 6105 6125
f 6106 6107 6127
f 6126 6125 6106
f 6106 6127 6126
f 6108 6127 6107
f 6128 6108 6109
f 6127 6108 6128
f 6109 6110 6130
f 6109 6129 6128
f 6109 6130 6129
f 6111 6131 6110
f 6110 6131 6130
f 6112 6132 6111
f 6131 6111 6132
f 6113 6133 6112
f 6112 6133 6132
f 6133 6113 6114
f 6116 6136 6115
f 6135 6115 6136
f 6116 6117 6137
f 6137 6136 6116
f 6117 6118 6138
f 6138 6137 6117
f 6119 6139 6118
f 6118 6139 6138
f 6119 6120 6140
f 6140 6139 6119
f 6141 6120 6121
f 6140 6120 6141
f 6122 6143 6121
f 6121 6142 6141
f 6143 6142 6121
f 6143 6122 6123
f 6124 6145 6123
f 6123 6144 6143
f 6145 6144 6123
f 6125 6145 6124
f 6146 6125 6126
f 6145 6125 6146
f 6126 6127 6148
f 6147 6146 6126
f 6126 6148 6147
f 6148 6127 6128
f 6128 6129 6150
f 6149 6148 6128
f 6128 6150 6149
f 6129 6130 6151
f 6151 6150 6129
f 6152 6130 6131
f 6151 6130 6152
f 6153 6131 6132
f 6153 6152 6131
f 6133 6153 6132
f 6154 6134 6135
f 6173 6134 6154
f 6135 6136 6154
f 6156 6136 6137
f 6154 6136 6155
f 6155 6136 6156
f 6138 6157 6137
f 6156 6137 6157
f 6139 6158 6138
f 6158 6157 6138
f 6140 6158 6139
f 6141 6160 6140
f 6140 6159 6158
f 6140 6160 6159
f 6142 6160 6141
f 6142 6143 6162
f 6142 6161 6160
f 6162 6161 6142
f 6143 6144 6162
f 6145 6164 6144
f 6162 6144 6163
f 6144 6164 6163
f 6146 6164 6145
f 6165 6146 6147
f 6165 6164 6146
f 6167 6147 6148
f 6147 6166 6165
f 6167 6166 6147
f 6167 6148 6149
f 6150 6169 6149
f 6167 6149 6168
f 6149 6169 6168
f 6150 6151 6170
f 6150 6170 6169
f 6151 6152 6171
f 6171 6170 6151
f 6154 6155 6174
f 6154 6174 6173
f 6155 6156 6175
f 6155 6175 6174
f 6157 6176 6156
f 6156 6176 6175
f 6158 6177 6157
f 6157 6177 6176
f 6158 6159 6178
f 6177 6158 6178
f 6180 6159 6160
f 6178 6159 6179
f 6179 6159 6180
f 6180 6160 6161
f 6161 6162 6182
f 6180 6161 6181
f 6182 6181 6161
f 6162 6163 6182
f 6184 6163 6164
f 6182 6163 6183
f 6184 6183 6163
f 6184 6164 6165
f 6166 6185 6165
f 6185 6184 6165
f 6186 6166 6167
f 6186 6185 6166
f 6167 6168 6187
f 6167 6187 6186
f 6169 6188 6168
f 6187 6168 6188
f 6170 6190 6169
f 6189 6188 6169
f 6189 6169 6190
f 6172 6173 6191
f 6172 6191 6209
f 6173 6174 6191
f 6193 6174 6175
f 6192 6191 6174
f 6192 6174 6193
f 6194 6175 6176
f 6193 6175 6194
f 6177 6195 6176
f 6194 6176 6195
f 6178 6195 6177
f 6179 6196 6178
f 6196 6195 6178
f 6179 6180 6197
f 6196 6179 6197
f 6180 6181 6198
f 6180 6198 6197
f 6199 6181 6182
f 6199 6198 6181
f 6200 6182 6183
f 6182 6200 6199
f 6183 6184 6202
f 6201 6200 6183
f 6201 6183 6202
f 6184 6185 6202
f 6185 6186 6203
f 6203 6202 6185
f 6186 6187 6204
f 6204 6203 6186
f 6188 6205 6187
f 6204 6187 6205
f 6189 6207 6188
f 6206 6205 6188
f 6207 6206 6188
f 6191 6192 6210
f 6209 6191 6210
f 6192 6193 6211
f 6192 6211 6210
f 6194 6212 6193
f 6193 6212 6211
f 6194 6195 6213
f 6212 6194 6213
f 6214 6195 6196
f 6214 6213 6195
f 6197 6216 6196
f 6215 6214 6196
f 6196 6216 6215
f 6197 6198 6217
f 6217 6216 6197
f 6199 6218 6198
f 6217 6198 6218
f 6219 6199 6200
f 6218 6199 6219
f 6200 6201 6219
f 6221 6201 6202
f 6219 6201 6220
f 6220 6201 6221
f 6203 6221 6202
f 6203 6204 6222
f 6203 6222 6221
f 6204 6205 6223
f 6222 6204 6223
f 6206 6224 6205
f 6223 6205 6224
f 6206 6225 6224
f 6209 6226 6208
f 6244 6208 6226
f 6209 6210 6226
f 6211 6228 6210
f 6210 6227 6226
f 6227 6210 6228
f 6211 6212 6229
f 6211 6229 6228
f 6230 6212 6213
f 6229 6212 6230
f 6231 6213 6214
f 6231 6230 6213
f 6214 6215 6231
f 6216 6232 6215
f 6215 6232 6231
f 6216 6217 6233
f 6216 6233 6232
f 6218 6234 6217
f 6234 6233 6217
f 6218 6219 6235
f 6218 6235 6234
f 6219 6220 6236
f 6235 6219 6236
f 6238 6220 6221
f 6220 6237 6236
f 6238 6237 6220
f 6221 6222 6239
f 6238 6221 6239
f 6222 6223 6240
f 6239 6222 6240
f 6224 6241 6223
f 6240 6223 6241
f 6242 6224 6225
f 6242 6241 6224
f 6245 6226 6227
f 6226 6245 6244
f 6228 6246 6227
f 6227 6246 6245
f 6228 6229 6247
f 6246 6228 6247
f 6230 6248 6229
f 6229 6248 6247
f 6231 6249 6230
f 6230 6249 6248
f 6231 6232 6250
f 6250 6249 6231
f 6251 6232 6233
f 6232 6251 6250
f 6252 6233 6234
f 6233 6252 6251
f 6234 6235 6253
f 6253 6252 6234
f 6254 6235 6236
f 6235 6254 6253
f 6236 6237 6255
f 6255 6254 6236
f 6238 6257 6237
f 6256 6255 6237
f 6256 6237 6257
f 6238 6239 6258
f 6258 6257 6238
f 6240 6259 6239
f 6239 6259 6258
f 6240 6241 6259
f 6241 6242 6260
f 6259 6241 6260
f 6244 6261 6243
f 6278 6243 6261
f 6244 6245 6261
f 6245 6246 6263
f 6262 6261 6245
f 6245 6263 6262
f 6246 6247 6264
f 6246 6264 6263
f 6248 6265 6247
f 6264 6247 6265
f 6248 6249 6265
f 6250 6266 6249
f 6265 6249 6266
f 6250 6251 6267
f 6267 6266 6250
f 6252 6268 6251
f 6268 6267 6251
f 6269 6252 6253
f 6269 6268 6252
f 6254 6271 6253
f 6270 6269 6253
f 6253 6271 6270
f 6271 6254 6255
f 6256 6273 6255
f 6271 6255 6272
f 6272 6255 6273
f 6256 6257 6274
f 6274 6273 6256
f 6258 6275 6257
f 6274 6257 6275
f 6258 6259 6276
f 6258 6276 6275
f 6260 6276 6259
f 6262 6279 6261
f 6278 6261 6279
f 6262 6263 6280
f 6280 6279 6262
f 6263 6264 6281
f 6280 6263 6281
f 6264 6265 6282
f 6264 6282 6281
f 6266 6283 6265
f 6265 6283 6282
f 6267 6285 6266
f 6284 6283 6266
f 6284 6266 6285
f 6286 6267 6268
f 6285 6267 6286
f 6269 6287 6268
f 6287 6286 6268
f 6270 6287 6269
f 6271 6289 6270
f 6288 6287 6270
f 6289 6288 6270
f 6272 6289 6271
f 6272 6273 6290
f 6272 6290 6289
f 6274 6292 6273
f 6290 6273 6291
f 6291 6273 6292
f 6275 6293 6274
f 6274 6293 6292
f 6293 6275 6276
f 6278 6294 6277
f 6277 6294 6310
f 6279 6294 6278
f 6279 6280 6296
f 6295 6294 6279
f 6279 6296 6295
f 6281 6297 6280
f 6280 6297 6296
f 6282 6298 6281
f 6298 6297 6281
f 6282 6283 6298
f 6283 6284 6299
f 6283 6299 6298
f 6284 6285 6300
f 6284 6300 6299
f 6286 6301 6285
f 6301 6300 6285
f 6302 6286 6287
f 6301 6286 6302
f 6303 6287 6288
f 6303 6302 6287
f 6288 6289 6304
f 6303 6288 6304
f 6290 6305 6289
f 6289 6305 6304
f 6291 6306 6290
f 6290 6306 6305
f 6292 6307 6291
f 6307 6306 6291
f 6292 6308 6307
f 6294 6295 6311
f 6311 6310 6294
f 6296 6312 6295
f 6312 6311 6295
f 6296 6297 6313
f 6312 6296 6313
f 6314 6297 6298
f 6313 6297 6314
f 6298 6299 6315
f 6314 6298 6315
f 6299 6300 6317
f 6316 6315 6299
f 6316 6299 6317
f 6300 6301 6317
f 6318 6301 6302
f 6317 6301 6318
f 6302 6303 6319
f 6302 6319 6318
f 6303 6304 6320
f 6303 6320 6319
f 6304 6305 6321
f 6320 6304 6321
f 6305 6306 6322
f 6322 6321 6305
f 6323 6306 6307
f 6323 6322 6306
f 6324 6307 6308
f 6307 6324 6323
f 6309 6310 6325
f 6340 6309 6325
f 6325 6310 6311
f 6327 6311 6312
f 6325 6311 6326
f 6327 6326 6311
f 6312 6313 6328
f 6312 6328 6327
f 6313 6314 6329
f 6313 6329 6328
f 6330 6314 6315
f 6330 6329 6314
f 6330 6315 6316
f 6316 6317 6332
f 6331 6330 6316
f 6331 6316 6332
f 6317 6318 6332
f 6318 6319 6333
f 6332 6318 6333
f 6319 6320 6334
f 6319 6334 6333
f 6336 6320 6321
f 6320 6335 6334
f 6335 6320 6336
f 6337 6321 6322
f 6336 6321 6337
f 6338 6322 6323
f 6337 6322 6338
f 6325 6326 6341
f 6325 6341 6340
f 6342 6326 6327
f 6342 6341 6326
f 6343 6327 6328
f 6342 6327 6343
f 6328 6329 6344
f 6343 6328 6344
f 6329 6330 6345
f 6329 6345 6344
f 6331 6346 6330
f 6345 6330 6346
f 6347 6331 6332
f 6331 6347 6346
f 6332 6333 6348
f 6348 6347 6332
f 6334 6349 6333
f 6333 6349 6348
f 6335 6351 6334
f 6334 6350 6349
f 6334 6351 6350
f 6352 6335 6336
f 6352 6351 6335
f 6337 6353 6336
f 6352 6336 6353
f 6337 6338 6354
f 6354 6353 6337
f 6340 6355 6339
f 6370 6339 6355
f 6355 6340 6341
f 6356 6341 6342
f 6355 6341 6356
f 6342 6343 6357
f 6342 6357 6356
f 6359 6343 6344
f 6343 6358 6357
f 6358 6343 6359
f 6344 6345 6359
f 6345 6346 6361
f 6345 6360 6359
f 6361 6360 6345
f 6347 6361 6346
f 6363 6347 6348
f 6347 6362 6361
f 6362 6347 6363
f 6349 6363 6348
f 6350 6365 6349
f 6364 6363 6349
f 6365 6364 6349
f 6350 6351 6366
f 6350 6366 6365
f 6351 6352 6367
f 6367 6366 6351
f 6368 6352 6353
f 6367 6352 6368
f 6354 6368 6353
f 6356 6371 6355
f 6371 6370 6355
f 6356 6357 6373
f 6356 6372 6371
f 6356 6373 6372
f 6358 6373 6357
f 6375 6358 6359
f 6373 6358 6374
f 6375 6374 6358
f 6359 6360 6375
f 6377 6360 6361
f 6375 6360 6376
f 6376 6360 6377
f 6377 6361 6362
f 6362 6363 6379
f 6378 6377 6362
f 6378 6362 6379
f 6364 6379 6363
f 6365 6381 6364
f 6380 6379 6364
f 6380 6364 6381
f 6366 6382 6365
f 6365 6382 6381
f 6383 6366 6367
f 6383 6382 6366
f 6384 6398 6369
f 6384 6370 6371
f 6385 6371 6372
f 6371 6385 6384
f 6373 6387 6372
f 6372 6386 6385
f 6386 6372 6387
f 6387 6373 6374
f 6374 6375 6389
f 6374 6388 6387
f 6388 6374 6389
f 6375 6376 6389
f 6376 6377 6391
f 6389 6376 6390
f 6390 6376 6391
f 6378 6391 6377
f 6392 6378 6379
f 6391 6378 6392
f 6380 6393 6379
f 6379 6393 6392
f 6380 6381 6394
f 6380 6394 6393
f 6396 6381 6382
f 6395 6394 6381
f 6395 6381 6396
f 6384 6385 6399
f 6384 6399 6398
f 6386 6400 6385
f 6385 6400 6399
f 6386 6387 6401
f 6386 6401 6400
f 6402 6387 6388
f 6401 6387 6402
f 6388 6389 6403
f 6402 6388 6403
f 6390 6404 6389
f 6389 6404 6403
f 6405 6390 6391
f 6390 6405 6404
f 6392 6406 6391
f 6406 6405 6391
f 6392 6393 6407
f 6406 6392 6407
f 6408 6393 6394
f 6407 6393 6408
f 6409 6394 6395
f 6394 6409 6408
f 6395 6410 6409
f 6423 6397 6411
f 6399 6411 6398
f 6399 6400 6412
f 6399 6412 6411
f 6401 6413 6400
f 6400 6413 6412
f 6414 6401 6402
f 6414 6413 6401
f 6403 6415 6402
f 6414 6402 6415
f 6403 6404 6416
f 6416 6415 6403
f 6417 6404 6405
f 6416 6404 6417
f 6418 6405 6406
f 6417 6405 6418
f 6419 6406 6407
f 6419 6418 6406
f 6407 6408 6420
f 6420 6419 6407
f 6409 6421 6408
f 6421 6420 6408
f 6409 6410 6422
f 6409 6422 6421
f 6424 6411 6412
f 6424 6423 6411
f 6412 6413 6425
f 6424 6412 6425
f 6414 6426 6413
f 6413 6426 6425
f 6428 6414 6415
f 6427 6426 6414
f 6428 6427 6414
f 6429 6415 6416
f 6428 6415 6429
f 6430 6416 6417
f 6429 6416 6430
f 6417 6418 6431
f 6431 6430 6417
f 6419 6432 6418
f 6418 6432 6431
f 6433 6419 6420
f 6419 6433 6432
f 6434 6420 6421
f 6434 6433 6420
f 6421 6422 6435
f 6435 6434 6421
f 6436 6423 6424
f 6425 6437 6424
f 6424 6437 6436
f 6438 6425 6426
f 6438 6437 6425
f 6439 6426 6427
f 6438 6426 6439
f 6440 6427 6428
f 6440 6439 6427
f 6441 6428 6429
f 6441 6440 6428
f 6430 6442 6429
f 6429 6442 6441
f 6431 6443 6430
f 6430 6443 6442
f 6431 6432 6444
f 6431 6444 6443
f 6445 6432 6433
f 6432 6445 6444
f 6446 6433 6434
f 6445 6433 6446
f 6434 6435 6447
f 6447 6446 6434
f 6448 6436 6437
f 6438 6449 6437
f 6449 6448 6437
f 6450 6438 6439
f 6450 6449 6438
f 6440 6451 6439
f 6450 6439 6451
f 6441 6452 6440
f 6451 6440 6452
f 6441 6442 6453
f 6441 6453 6452
f 6443 6454 6442
f 6454 6453 6442
f 6455 6443 6444
f 6455 6454 6443
f 6444 6445 6456
f 6456 6455 6444
f 6458 6445 6446
f 6456 6445 6457
f 6458 6457 6445
f 6458 6446 6447
f 6459 6460 6468
f 6468 6463 6459
f 6461 6469 6460
f 6460 6469 6468
f 6462 6470 6461
f 6461 6470 6469
f 6462 6464 6471
f 6471 6470 6462
f 6463 6484 6467
f 6468 6484 6463
f 6464 6465 6472
f 6471 6464 6472
f 6465 6489 6472
f 6473 6490 6465
f 6490 6489 6465
f 6467 6526 6466
f 6483 6466 6525
f 6525 6466 6526
f 6467 6484 6526
f 6469 6485 6468
f 6484 6468 6485
f 6470 6486 6469
f 6469 6486 6485
f 6470 6471 6487
f 6470 6487 6486
f 6471 6472 6488
f 6488 6487 6471
f 6472 6489 6488
f 6491 6473 6474
f 6490 6473 6491
f 6474 6534 6491
f 6474 6492 6535
f 6535 6534 6474
f 6476 6562 6475
f 6475 6562 6524
f 6563 6476 6477
f 6476 6563 6562
f 6477 6478 6564
f 6563 6477 6564
f 6565 6478 6479
f 6564 6478 6565
f 6480 6566 6479
f 6566 6565 6479
f 6481 6567 6480
f 6567 6566 6480
f 6482 6568 6481
f 6568 6567 6481
f 6569 6482 6483
f 6482 6569 6568
f 6525 6570 6483
f 6570 6569 6483
f 6484 6485 6527
f 6527 6526 6484
f 6485 6486 6528
f 6528 6527 6485
f 6529 6486 6487
f 6529 6528 6486
f 6530 6487 6488
f 6529 6487 6530
f 6488 6489 6531
f 6530 6488 6531
f 6532 6489 6490
f 6489 6532 6531
f 6491 6533 6490
f 6533 6532 6490
f 6491 6534 6533
f 6536 6492 6493
f 6492 6536 6535
f 6494 6748 6493
f 6747 6536 6493
f 6493 6748 6747
f 6494 6495 6749
f 6749 6748 6494
f 6496 6750 6495
f 6749 6495 6750
f 6496 6497 6751
f 6751 6750 6496
f 6498 6752 6497
f 6752 6751 6497
f 6498 6499 6753
f 6498 6753 6752
f 6499 6500 6754
f 6753 6499 6754
f 6501 6755 6500
f 6500 6755 6754
f 6501 6502 6756
f 6756 6755 6501
f 6757 6502 6503
f 6757 6756 6502
f 6503 6504 6758
f 6503 6758 6757
f 6504 6505 6759
f 6504 6759 6758
f 6505 6506 6760
f 6760 6759 6505
f 6506 6507 6761
f 6760 6506 6761
f 6507 6508 6762
f 6761 6507 6762
f 6508 6509 6763
f 6762 6508 6763
f 6509 6510 6764
f 6763 6509 6764
f 6510 6511 6765
f 6764 6510 6765
f 6537 6766 6511
f 6511 6766 6765
f 6512 6513 6769
f 6768 6561 6512
f 6768 6512 6769
f 6513 6514 6770
f 6769 6513 6770
f 6514 6515 6771
f 6770 6514 6771
f 6516 6772 6515
f 6515 6772 6771
f 6516 6517 6773
f 6772 6516 6773
f 6517 6518 6774
f 6517 6774 6773
f 6775 6518 6519
f 6774 6518 6775
f 6776 6519 6520
f 6775 6519 6776
f 6777 6520 6521
f 6776 6520 6777
f 6778 6521 6522
f 6778 6777 6521
f 6523 6779 6522
f 6779 6778 6522
f 6524 6780 6523
f 6779 6523 6780
f 6781 6524 6562
f 6781 6780 6524
f 6525 6526 6572
f 6525 6571 6570
f 6572 6571 6525
f 6572 6526 6527
f 6527 6528 6738
f 6572 6527 6737
f 6527 6738 6737
f 6528 6529 6739
f 6738 6528 6739
f 6529 6530 6740
f 6529 6740 6739
f 6531 6741 6530
f 6741 6740 6530
f 6531 6532 6742
f 6741 6531 6742
f 6533 6743 6532
f 6742 6532 6743
f 6533 6534 6744
f 6744 6743 6533
f 6745 6534 6535
f 6745 6744 6534
f 6535 6536 6746
f 6745 6535 6746
f 6747 6746 6536
f 6538 6766 6537
f 6538 6539 6792
f 6766 6538 6792
f 6794 6539 6540
f 6792 6539 6793
f 6793 6539 6794
f 6795 6540 6541
f 6795 6794 6540
f 6541 6542 6796
f 6795 6541 6796
f 6543 6797 6542
f 6796 6542 6797
f 6798 6543 6544
f 6543 6798 6797
f 6573 6825 6544
f 6798 6544 6825
f 6590 6545 6546
f 6545 6590 6585
f 6546 6547 6800
f 6590 6546 6799
f 6546 6800 6799
f 6801 6547 6548
f 6800 6547 6801
f 6549 6802 6548
f 6801 6548 6802
f 6803 6549 6550
f 6549 6803 6802
f 6804 6550 6551
f 6803 6550 6804
f 6805 6551 6552
f 6804 6551 6805
f 6806 6552 6553
f 6806 6805 6552
f 6554 6807 6553
f 6553 6807 6806
f 6808 6554 6555
f 6807 6554 6808
f 6809 6555 6556
f 6808 6555 6809
f 6557 6810 6556
f 6556 6810 6809
f 6811 6557 6558
f 6811 6810 6557
f 6812 6558 6559
f 6811 6558 6812
f 6813 6559 6560
f 6813 6812 6559
f 6560 6561 6767
f 6767 6813 6560
f 6767 6561 6768
f 6562 6563 6782
f 6782 6781 6562
f 6783 6563 6564
f 6563 6783 6782
f 6784 6564 6565
f 6564 6784 6783
f 6566 6785 6565
f 6565 6785 6784
f 6566 6567 6786
f 6786 6785 6566
f 6787 6567 6568
f 6567 6787 6786
f 6569 6788 6568
f 6788 6787 6568
f 6569 6570 6789
f 6789 6788 6569
f 6571 6790 6570
f 6570 6790 6789
f 6791 6571 6572
f 6571 6791 6790
f 6737 6791 6572
f 6574 6825 6573
f 6586 6842 6574
f 6842 6825 6574
f 6576 6593 6575
f 6589 6575 6593
f 6576 6577 6827
f 6826 6593 6576
f 6576 6827 6826
f 6577 6578 6828
f 6827 6577 6828
f 6829 6578 6579
f 6828 6578 6829
f 6580 6830 6579
f 6829 6579 6830
f 6581 6831 6580
f 6580 6831 6830
f 6832 6581 6582
f 6832 6831 6581
f 6582 6583 6833
f 6582 6833 6832
f 6583 6584 6834
f 6583 6834 6833
f 6584 6585 6835
f 6834 6584 6835
f 6836 6585 6590
f 6835 6585 6836
f 6591 6842 6586
f 6588 6595 6587
f 6595 6592 6587
f 6588 6589 6844
f 6595 6588 6843
f 6843 6588 6844
f 6593 6845 6589
f 6844 6589 6845
f 6836 6590 6799
f 6594 6858 6591
f 6591 6858 6842
f 6595 6597 6592
f 6593 6826 6845
f 6881 6594 6596
f 6881 6858 6594
f 6597 6595 6859
f 6595 6843 6859
f 6907 6881 6596
f 6597 6859 6598
f 6598 6601 6600
f 6598 6908 6601
f 6859 6908 6598
f 6599 6934 6907
f 6600 6601 6603
f 6603 6601 6604
f 6604 6601 6935
f 6908 6935 6601
f 6606 6959 6602
f 6602 6959 6934
f 6604 6935 6605
f 6605 6960 6607
f 6935 6936 6605
f 6605 6936 6960
f 6619 6984 6606
f 6606 6984 6959
f 6960 6608 6607
f 6609 6608 6961
f 6961 6608 6960
f 6609 6962 6610
f 6609 6961 6962
f 6611 6610 6963
f 6962 6963 6610
f 6964 6612 6611
f 6964 6611 6963
f 6613 6612 6965
f 6964 6965 6612
f 6613 6966 6614
f 6966 6613 6965
f 6615 6614 6967
f 6967 6614 6966
f 6968 6616 6615
f 6615 6967 6968
f 6617 6616 6969
f 6969 6616 6968
f 6618 6620 6617
f 6617 6970 6618
f 6969 6970 6617
f 6620 6618 6621
f 6621 6618 6985
f 6970 6971 6618
f 6618 6971 6985
f 6637 7004 6619
f 6619 7004 6984
f 6621 6985 6622
f 6622 6986 6623
f 6622 6985 6986
f 6987 6624 6623
f 6623 6986 6987
f 6988 6625 6624
f 6987 6988 6624
f 6626 6625 6989
f 6625 6988 6989
f 6990 6627 6626
f 6626 6989 6990
f 6628 6627 6991
f 6627 6990 6991
f 6628 6992 6629
f 6628 6991 6992
f 6993 6630 6629
f 6992 6993 6629
f 6994 6631 6630
f 6994 6630 6993
f 6631 6995 6632
f 6631 6994 6995
f 6632 6996 6633
f 6632 6995 6996
f 6634 6633 6997
f 6633 6996 6997
f 7005 6635 6634
f 6634 6997 6998
f 6634 6998 7005
f 7006 6638 6635
f 7006 6635 7005
f 7004 6637 6636
f 6670 7046 6636
f 6636 7046 7004
f 6639 6638 7006
f 7007 6640 6639
f 7006 7007 6639
f 6641 6640 7008
f 7007 7008 6640
f 6642 6641 7009
f 7009 6641 7008
f 7010 6643 6642
f 7010 6642 7009
f 7011 6644 6643
f 7010 7011 6643
f 6645 6644 7012
f 7011 7012 6644
f 6645 7013 6646
f 7012 7013 6645
f 6646 7014 6647
f 6646 7013 7014
f 6648 6647 7015
f 7014 7015 6647
f 7016 6649 6648
f 7015 7016 6648
f 7017 6650 6649
f 7016 7017 6649
f 7018 6651 6650
f 7018 6650 7017
f 6671 6651 6652
f 7019 6652 6651
f 7019 6651 7018
f 6653 6671 6652
f 6653 6652 7020
f 7019 7020 6652
f 6653 6654 6672
f 7021 6654 6653
f 6672 6671 6653
f 7020 7021 6653
f 6655 6673 6654
f 6655 6654 7022
f 6672 6654 6673
f 7022 6654 7021
f 6655 6656 6674
f 6655 7023 6656
f 6655 6674 6673
f 7022 7023 6655
f 6675 6656 6657
f 7024 6657 6656
f 6675 6674 6656
f 7024 6656 7023
f 6676 6657 6658
f 7025 6658 6657
f 6657 6676 6675
f 7024 7025 6657
f 6658 6659 6677
f 6658 7026 6659
f 6676 6658 6677
f 7026 6658 7025
f 6660 6678 6659
f 6660 6659 7027
f 6659 6678 6677
f 7026 7027 6659
f 6660 6661 6679
f 6661 6660 7028
f 6660 6679 6678
f 6660 7027 7028
f 6680 6661 6662
f 6662 6661 7029
f 6679 6661 6680
f 6661 7028 7029
f 6680 6662 6681
f 6682 6681 6662
f 6682 6662 7047
f 7030 6662 7029
f 7047 6662 7030
f 6663 7078 6664
f 6663 6711 7076
f 6663 7076 7077
f 6663 7077 7078
f 7078 6665 6664
f 6665 7041 6666
f 7078 7041 6665
f 6666 7042 6667
f 7041 7042 6666
f 6668 6667 7043
f 7043 6667 7042
f 6669 6668 7044
f 7044 6668 7043
f 6669 7045 6670
f 7044 7045 6669
f 7045 7046 6670
f 6680 6712 6679
f 6680 6681 6712
f 6682 6714 6681
f 6713 6712 6681
f 6713 6681 6714
f 6683 6714 6682
f 6683 6682 7047
f 6684 6715 6683
f 6684 6683 7048
f 6683 6715 6714
f 7048 6683 7047
f 6685 6716 6684
f 6685 6684 7049
f 6716 6715 6684
f 6684 7048 7049
f 6686 6717 6685
f 6686 6685 7050
f 6717 6716 6685
f 7050 6685 7049
f 6686 6687 6718
f 6686 7051 6687
f 6686 6718 6717
f 7050 7051 6686
f 6688 6719 6687
f 6687 7052 6688
f 6687 6719 6718
f 7052 6687 7051
f 6688 6689 6720
f 6688 7053 6689
f 6719 6688 6720
f 6688 7052 7053
f 6689 6690 6721
f 6690 6689 7054
f 6721 6720 6689
f 7053 7054 6689
f 6722 6690 6691
f 6691 6690 7055
f 6721 6690 6722
f 7054 7055 6690
f 6692 6723 6691
f 6691 7056 6692
f 6723 6722 6691
f 6691 7055 7056
f 6693 6692 7057
f 6692 7056 7057
f 7058 6694 6693
f 7058 6693 7057
f 7059 6695 6694
f 7058 7059 6694
f 7060 6696 6695
f 6695 7059 7060
f 7061 6697 6696
f 7060 7061 6696
f 7062 6698 6697
f 7061 7062 6697
f 7063 6699 6698
f 7063 6698 7062
f 7064 6700 6699
f 6699 7063 7064
f 6701 6700 7065
f 7065 6700 7064
f 6702 6701 7066
f 7066 6701 7065
f 6703 6702 7067
f 7067 6702 7066
f 6704 6703 7068
f 7068 6703 7067
f 6705 6704 7069
f 7069 6704 7068
f 6705 7070 6706
f 7070 6705 7069
f 6707 6706 7071
f 6706 7070 7071
f 6708 6707 7072
f 7072 6707 7071
f 6709 6708 7073
f 7073 6708 7072
f 7074 6710 6709
f 7074 6709 7073
f 6711 6710 7075
f 7075 6710 7074
f 6711 7075 7076
f 6714 6724 6713
f 6724 6714 6715
f 6716 6725 6715
f 6715 6725 6724
f 6717 6726 6716
f 6726 6725 6716
f 6727 6717 6718
f 6727 6726 6717
f 6728 6718 6719
f 6728 6727 6718
f 6720 6729 6719
f 6729 6728 6719
f 6730 6720 6721
f 6730 6729 6720
f 6722 6731 6721
f 6730 6721 6731
f 6724 6725 6732
f 6726 6732 6725
f 6726 6727 6733
f 6726 6733 6732
f 6728 6734 6727
f 6734 6733 6727
f 6729 6735 6728
f 6735 6734 6728
f 6730 6736 6729
f 6735 6729 6736
f 6737 6738 6814
f 6737 6814 6791
f 6738 6739 6815
f 6815 6814 6738
f 6816 6739 6740
f 6815 6739 6816
f 6741 6817 6740
f 6817 6816 6740
f 6741 6742 6818
f 6741 6818 6817
f 6743 6819 6742
f 6819 6818 6742
f 6744 6820 6743
f 6820 6819 6743
f 6745 6821 6744
f 6744 6821 6820
f 6822 6745 6746
f 6745 6822 6821
f 6823 6746 6747
f 6746 6823 6822
f 6748 7080 6747
f 6823 6747 7079
f 7079 6747 7080
f 6748 6749 7081
f 6748 7081 7080
f 6750 7082 6749
f 7081 6749 7082
f 7083 6750 6751
f 7083 7082 6750
f 7084 6751 6752
f 7083 6751 7084
f 6752 6753 7085
f 6752 7085 7084
f 6753 6754 7086
f 7086 7085 6753
f 6754 6755 7087
f 7086 6754 7087
f 7088 6755 6756
f 7087 6755 7088
f 7089 6756 6757
f 6756 7089 7088
f 7090 6757 6758
f 7090 7089 6757
f 6758 6759 7091
f 7090 6758 7091
f 6760 7092 6759
f 7091 6759 7092
f 7093 6760 6761
f 7093 7092 6760
f 6761 6762 7094
f 6761 7094 7093
f 6763 7095 6762
f 6762 7095 7094
f 7096 6763 6764
f 7096 7095 6763
f 6764 6765 7097
f 6764 7097 7096
f 7131 6765 6766
f 7097 6765 7131
f 6824 6766 6792
f 7131 6766 6824
f 6768 6837 6767
f 6767 6837 6813
f 6838 6768 6769
f 6768 6838 6837
f 6770 7099 6769
f 6769 7098 6838
f 7099 7098 6769
f 7100 6770 6771
f 7099 6770 7100
f 6771 6772 7101
f 7100 6771 7101
f 6772 6773 7102
f 6772 7102 7101
f 7103 6773 6774
f 7102 6773 7103
f 7104 6774 6775
f 7103 6774 7104
f 7105 6775 6776
f 7104 6775 7105
f 7106 6776 6777
f 7105 6776 7106
f 6778 7107 6777
f 6777 7107 7106
f 7108 6778 6779
f 7107 6778 7108
f 6779 6780 7109
f 6779 7109 7108
f 7110 6780 6781
f 7110 7109 6780
f 7111 6781 6782
f 7111 7110 6781
f 6783 7112 6782
f 7112 7111 6782
f 6784 7113 6783
f 6783 7113 7112
f 6784 6785 7114
f 7114 7113 6784
f 6786 7115 6785
f 6785 7115 7114
f 7116 6786 6787
f 7116 7115 6786
f 6788 7117 6787
f 7116 6787 7117
f 7118 6788 6789
f 7118 7117 6788
f 6790 7119 6789
f 7119 7118 6789
f 6790 6791 7120
f 7120 7119 6790
f 6791 6814 7121
f 6791 7121 7120
f 6793 6824 6792
f 6793 6794 7134
f 6793 7133 6824
f 7133 6793 7134
f 7135 6794 6795
f 7135 7134 6794
f 6795 6796 7162
f 7135 6795 7162
f 6797 6839 6796
f 7162 6796 6839
f 6798 6839 6797
f 6798 6825 6840
f 6798 6840 6839
f 6799 6800 6846
f 6836 6799 6846
f 6800 6801 6847
f 6800 6847 6846
f 6802 6848 6801
f 6801 6848 6847
f 6802 6803 6849
f 6802 6849 6848
f 6804 6850 6803
f 6850 6849 6803
f 6805 6851 6804
f 6804 6851 6850
f 6852 6805 6806
f 6852 6851 6805
f 6807 6853 6806
f 6853 6852 6806
f 6807 6808 6854
f 6854 6853 6807
f 6855 6808 6809
f 6808 6855 6854
f 6809 6810 6856
f 6809 6856 6855
f 7137 6810 6811
f 7136 6856 6810
f 6810 7137 7136
f 6812 7138 6811
f 7138 7137 6811
f 6812 6813 7139
f 7139 7138 6812
f 6813 6837 7140
f 6813 7140 7139
f 7122 6814 6815
f 7121 6814 7122
f 6815 6816 7123
f 7123 7122 6815
f 6817 7124 6816
f 6816 7124 7123
f 6817 6818 7125
f 7125 7124 6817
f 6819 7126 6818
f 6818 7126 7125
f 6819 6820 7127
f 6819 7127 7126
f 6821 7128 6820
f 6820 7128 7127
f 7129 6821 6822
f 7129 7128 6821
f 6822 6823 7130
f 6822 7130 7129
f 7079 7130 6823
f 6824 7132 7131
f 6824 7133 7132
f 6841 6840 6825
f 6842 6841 6825
f 6826 6827 6860
f 6860 6845 6826
f 6828 6861 6827
f 6860 6827 6861
f 6829 6862 6828
f 6862 6861 6828
f 6830 6863 6829
f 6863 6862 6829
f 6830 6831 6864
f 6830 6864 6863
f 6832 6865 6831
f 6864 6831 6865
f 6832 6833 6866
f 6866 6865 6832
f 6833 6834 6867
f 6833 6867 6866
f 6834 6835 6868
f 6834 6868 6867
f 6836 6869 6835
f 6835 6869 6868
f 6836 6846 6870
f 6870 6869 6836
f 7141 6837 6838
f 7140 6837 7141
f 6838 7098 7141
f 6840 7164 6839
f 6839 7163 7162
f 6839 7164 7163
f 6841 7225 6840
f 7225 7164 6840
f 6841 6842 6857
f 7225 6841 6857
f 6857 6842 6858
f 6882 6843 6844
f 6882 6859 6843
f 6844 6845 6883
f 6882 6844 6883
f 6884 6845 6860
f 6884 6883 6845
f 6846 6847 6871
f 6846 6871 6870
f 6847 6848 6872
f 6871 6847 6872
f 6849 6873 6848
f 6848 6873 6872
f 6849 6850 6874
f 6874 6873 6849
f 6875 6850 6851
f 6874 6850 6875
f 6851 6852 6876
f 6875 6851 6876
f 6877 6852 6853
f 6876 6852 6877
f 6853 6854 6878
f 6878 6877 6853
f 6855 6879 6854
f 6878 6854 6879
f 6855 6856 7166
f 6879 6855 7165
f 7166 7165 6855
f 7136 7166 6856
f 6880 6857 6858
f 6880 7293 6857
f 7293 7225 6857
f 6880 6858 6881
f 6859 6882 6908
f 6861 6885 6860
f 6860 6885 6884
f 6861 6862 6886
f 6886 6885 6861
f 6863 6887 6862
f 6886 6862 6887
f 6888 6863 6864
f 6887 6863 6888
f 6865 6889 6864
f 6864 6889 6888
f 6865 6866 6890
f 6865 6890 6889
f 6866 6867 6891
f 6866 6891 6890
f 6892 6867 6868
f 6891 6867 6892
f 6893 6868 6869
f 6892 6868 6893
f 6869 6870 6894
f 6893 6869 6894
f 6870 6871 6895
f 6895 6894 6870
f 6896 6871 6872
f 6895 6871 6896
f 6872 6873 6897
f 6897 6896 6872
f 6873 6874 6898
f 6897 6873 6898
f 6899 6874 6875
f 6898 6874 6899
f 6900 6875 6876
f 6875 6900 6899
f 6877 6901 6876
f 6900 6876 6901
f 6878 6902 6877
f 6902 6901 6877
f 6878 6879 6903
f 6903 6902 6878
f 6903 6879 6904
f 6879 7165 6904
f 6905 6880 6881
f 6905 7363 6880
f 6880 7363 7293
f 6906 6905 6881
f 6906 6881 6907
f 6882 6883 6909
f 6908 6882 6909
f 6884 6910 6883
f 6909 6883 6910
f 6884 6885 6911
f 6884 6911 6910
f 6885 6886 6912
f 6885 6912 6911
f 6913 6886 6887
f 6913 6912 6886
f 6887 6888 6914
f 6914 6913 6887
f 6915 6888 6889
f 6915 6914 6888
f 6889 6890 6916
f 6915 6889 6916
f 6917 6890 6891
f 6890 6917 6916
f 6891 6892 6918
f 6917 6891 6918
f 6892 6893 6919
f 6892 6919 6918
f 6893 6894 6920
f 6893 6920 6919
f 6894 6895 6921
f 6894 6921 6920
f 6895 6896 6922
f 6921 6895 6922
f 6897 6923 6896
f 6896 6923 6922
f 6924 6897 6898
f 6924 6923 6897
f 6899 6925 6898
f 6924 6898 6925
f 6899 6900 6926
f 6925 6899 6926
f 6927 6900 6901
f 6926 6900 6927
f 6902 6928 6901
f 6901 6928 6927
f 6902 6903 6929
f 6902 6929 6928
f 6930 6903 6904
f 6930 6929 6903
f 6930 6904 6931
f 6931 6904 7294
f 7165 7294 6904
f 6932 6905 6906
f 6932 7433 6905
f 6905 7433 7363
f 6933 6906 6907
f 6933 6932 6906
f 6907 6934 6933
f 6935 6908 6909
f 6909 6910 6935
f 6910 6911 6936
f 6910 6936 6935
f 6937 6911 6912
f 6936 6911 6937
f 6938 6912 6913
f 6938 6937 6912
f 6939 6913 6914
f 6938 6913 6939
f 6915 6940 6914
f 6914 6940 6939
f 6915 6916 6941
f 6941 6940 6915
f 6917 6942 6916
f 6942 6941 6916
f 6917 6918 6943
f 6942 6917 6943
f 6944 6918 6919
f 6944 6943 6918
f 6920 6945 6919
f 6919 6945 6944
f 6921 6946 6920
f 6946 6945 6920
f 6922 6947 6921
f 6921 6947 6946
f 6922 6923 6948
f 6922 6948 6947
f 6949 6923 6924
f 6949 6948 6923
f 6924 6925 6950
f 6924 6950 6949
f 6926 6951 6925
f 6951 6950 6925
f 6926 6927 6952
f 6952 6951 6926
f 6927 6928 6953
f 6953 6952 6927
f 6954 6928 6929
f 6953 6928 6954
f 6955 6929 6930
f 6955 6954 6929
f 6931 6956 6930
f 6930 6956 6955
f 6957 6956 6931
f 6957 6931 7364
f 7364 6931 7294
f 6932 6933 6958
f 6932 6958 7503
f 7433 6932 7503
f 6933 6934 6959
f 6933 6959 6958
f 6960 6936 6937
f 6938 6960 6937
f 6938 6939 6961
f 6961 6960 6938
f 6939 6940 6962
f 6962 6961 6939
f 6941 6963 6940
f 6962 6940 6963
f 6942 6964 6941
f 6964 6963 6941
f 6943 6965 6942
f 6964 6942 6965
f 6944 6966 6943
f 6943 6966 6965
f 6967 6944 6945
f 6944 6967 6966
f 6945 6946 6968
f 6967 6945 6968
f 6969 6946 6947
f 6969 6968 6946
f 6947 6948 6970
f 6969 6947 6970
f 6971 6948 6949
f 6970 6948 6971
f 6949 6950 6972
f 6971 6949 6972
f 6973 6950 6951
f 6972 6950 6973
f 6952 6974 6951
f 6973 6951 6974
f 6975 6952 6953
f 6975 6974 6952
f 6953 6954 6976
f 6953 6976 6975
f 6954 6955 6977
f 6954 6977 6976
f 6978 6955 6956
f 6978 6977 6955
f 6957 6979 6956
f 6978 6956 6979
f 6980 6979 6957
f 6981 6980 6957
f 6981 6957 7434
f 6957 7364 7434
f 6959 6984 6958
f 6984 6983 6958
f 7503 6958 6983
f 6971 6972 6985
f 6985 6972 6973
f 6973 6974 6986
f 6986 6985 6973
f 6975 6987 6974
f 6987 6986 6974
f 6975 6976 6988
f 6975 6988 6987
f 6976 6977 6989
f 6989 6988 6976
f 6977 6978 6990
f 6977 6990 6989
f 6991 6978 6979
f 6991 6990 6978
f 6992 6979 6980
f 6992 6991 6979
f 6980 6981 6993
f 6980 6993 6992
f 6982 6994 6981
f 6982 6981 7434
f 6994 6993 6981
f 6995 6994 6982
f 6982 6996 6995
f 6996 6982 7504
f 7434 7435 6982
f 7435 7504 6982
f 6984 7004 6983
f 7004 7003 6983
f 6983 7003 7570
f 7503 6983 7570
f 6996 7504 6997
f 6997 7505 6998
f 7504 7505 6997
f 7005 6998 6999
f 6999 6998 7506
f 7505 7506 6998
f 7000 7005 6999
f 6999 7507 7000
f 7506 7507 6999
f 7005 7000 7006
f 7006 7000 7007
f 7007 7000 7571
f 7000 7507 7508
f 7571 7000 7508
f 7002 7044 7001
f 7001 7568 7002
f 7001 7044 7043
f 7001 7043 7629
f 7629 7568 7001
f 7002 7003 7045
f 7569 7003 7002
f 7002 7045 7044
f 7569 7002 7568
f 7004 7046 7003
f 7046 7045 7003
f 7570 7003 7569
f 7007 7571 7008
f 7572 7009 7008
f 7572 7008 7571
f 7010 7009 7573
f 7009 7572 7573
f 7010 7574 7011
f 7010 7573 7574
f 7575 7012 7011
f 7011 7574 7575
f 7012 7576 7013
f 7576 7012 7575
f 7577 7014 7013
f 7577 7013 7576
f 7578 7015 7014
f 7014 7577 7578
f 7016 7015 7579
f 7578 7579 7015
f 7580 7017 7016
f 7016 7579 7580
f 7017 7581 7018
f 7017 7580 7581
f 7582 7019 7018
f 7582 7018 7581
f 7583 7020 7019
f 7583 7019 7582
f 7020 7584 7021
f 7584 7020 7583
f 7021 7585 7022
f 7584 7585 7021
f 7022 7586 7023
f 7022 7585 7586
f 7024 7023 7587
f 7587 7023 7586
f 7025 7024 7588
f 7588 7024 7587
f 7026 7025 7589
f 7589 7025 7588
f 7590 7027 7026
f 7590 7026 7589
f 7027 7591 7028
f 7590 7591 7027
f 7029 7028 7592
f 7028 7591 7592
f 7030 7029 7593
f 7593 7029 7592
f 7047 7030 7031
f 7030 7594 7031
f 7593 7594 7030
f 7047 7031 7032
f 7595 7032 7031
f 7031 7594 7595
f 7032 7033 7048
f 7596 7033 7032
f 7032 7048 7047
f 7032 7595 7596
f 7033 7034 7049
f 7597 7034 7033
f 7033 7049 7048
f 7597 7033 7596
f 7034 7035 7050
f 7034 7598 7035
f 7049 7034 7050
f 7597 7598 7034
f 7036 7051 7035
f 7599 7036 7035
f 7035 7051 7050
f 7599 7035 7598
f 7036 7037 7052
f 7036 7600 7037
f 7036 7052 7051
f 7599 7600 7036
f 7038 7053 7037
f 7601 7038 7037
f 7053 7052 7037
f 7037 7600 7601
f 7039 7054 7038
f 7038 7602 7039
f 7038 7054 7053
f 7601 7602 7038
f 7054 7039 7055
f 7055 7039 7056
f 7630 7056 7039
f 7039 7602 7603
f 7039 7603 7630
f 7040 7041 7078
f 7626 7041 7040
f 7078 7077 7040
f 7040 7077 7651
f 7651 7626 7040
f 7041 7627 7042
f 7626 7627 7041
f 7042 7628 7043
f 7042 7627 7628
f 7629 7043 7628
f 7630 7057 7056
f 7057 7631 7058
f 7630 7631 7057
f 7059 7058 7632
f 7058 7631 7632
f 7060 7059 7633
f 7059 7632 7633
f 7060 7634 7061
f 7633 7634 7060
f 7635 7062 7061
f 7061 7634 7635
f 7063 7062 7636
f 7635 7636 7062
f 7637 7064 7063
f 7637 7063 7636
f 7064 7638 7065
f 7064 7637 7638
f 7065 7639 7066
f 7065 7638 7639
f 7067 7066 7640
f 7066 7639 7640
f 7067 7641 7068
f 7640 7641 7067
f 7069 7068 7642
f 7641 7642 7068
f 7069 7643 7070
f 7069 7642 7643
f 7644 7071 7070
f 7644 7070 7643
f 7645 7072 7071
f 7645 7071 7644
f 7073 7072 7646
f 7645 7646 7072
f 7074 7073 7647
f 7647 7073 7646
f 7075 7074 7648
f 7648 7074 7647
f 7076 7075 7649
f 7075 7648 7649
f 7650 7077 7076
f 7076 7649 7650
f 7651 7077 7650
f 7080 7143 7079
f 7130 7079 7142
f 7079 7143 7142
f 7081 7143 7080
f 7081 7082 7144
f 7081 7144 7143
f 7145 7082 7083
f 7145 7144 7082
f 7083 7084 7146
f 7083 7146 7145
f 7085 7147 7084
f 7084 7147 7146
f 7086 7148 7085
f 7148 7147 7085
f 7086 7087 7149
f 7086 7149 7148
f 7150 7087 7088
f 7150 7149 7087
f 7088 7089 7151
f 7151 7150 7088
f 7152 7089 7090
f 7151 7089 7152
f 7091 7153 7090
f 7153 7152 7090
f 7091 7092 7154
f 7153 7091 7154
f 7093 7155 7092
f 7092 7155 7154
f 7156 7093 7094
f 7156 7155 7093
f 7094 7095 7157
f 7156 7094 7157
f 7158 7095 7096
f 7158 7157 7095
f 7096 7097 7159
f 7158 7096 7159
f 7131 7160 7097
f 7159 7097 7160
f 7167 7098 7099
f 7141 7098 7167
f 7168 7099 7100
f 7168 7167 7099
f 7100 7101 7169
f 7100 7169 7168
f 7101 7102 7170
f 7169 7101 7170
f 7102 7103 7171
f 7102 7171 7170
f 7103 7104 7172
f 7171 7103 7172
f 7105 7173 7104
f 7172 7104 7173
f 7106 7174 7105
f 7174 7173 7105
f 7107 7175 7106
f 7106 7175 7174
f 7108 7176 7107
f 7107 7176 7175
f 7108 7109 7177
f 7176 7108 7177
f 7178 7109 7110
f 7177 7109 7178
f 7111 7179 7110
f 7110 7179 7178
f 7180 7111 7112
f 7111 7180 7179
f 7181 7112 7113
f 7181 7180 7112
f 7113 7114 7182
f 7113 7182 7181
f 7114 7115 7183
f 7182 7114 7183
f 7184 7115 7116
f 7183 7115 7184
f 7185 7116 7117
f 7116 7185 7184
f 7118 7186 7117
f 7186 7185 7117
f 7119 7187 7118
f 7187 7186 7118
f 7120 7188 7119
f 7187 7119 7188
f 7120 7121 7189
f 7189 7188 7120
f 7190 7121 7122
f 7189 7121 7190
f 7191 7122 7123
f 7191 7190 7122
f 7123 7124 7192
f 7192 7191 7123
f 7193 7124 7125
f 7193 7192 7124
f 7126 7194 7125
f 7194 7193 7125
f 7127 7195 7126
f 7194 7126 7195
f 7128 7196 7127
f 7127 7196 7195
f 7129 7197 7128
f 7196 7128 7197
f 7129 7130 7198
f 7129 7198 7197
f 7142 7199 7130
f 7130 7199 7198
f 7161 7131 7132
f 7161 7160 7131
f 7220 7132 7133
f 7132 7219 7161
f 7220 7219 7132
f 7134 7221 7133
f 7220 7133 7221
f 7135 7222 7134
f 7134 7222 7221
f 7162 7223 7135
f 7135 7223 7222
f 7137 7226 7136
f 7136 7226 7166
f 7227 7137 7138
f 7137 7227 7226
f 7138 7139 7228
f 7227 7138 7228
f 7139 7140 7229
f 7228 7139 7229
f 7230 7140 7141
f 7229 7140 7230
f 7141 7167 7231
f 7230 7141 7231
f 7142 7143 7200
f 7142 7200 7199
f 7144 7201 7143
f 7200 7143 7201
f 7202 7144 7145
f 7202 7201 7144
f 7145 7146 7203
f 7145 7203 7202
f 7147 7204 7146
f 7146 7204 7203
f 7148 7205 7147
f 7204 7147 7205
f 7148 7149 7206
f 7206 7205 7148
f 7207 7149 7150
f 7206 7149 7207
f 7150 7151 7208
f 7207 7150 7208
f 7151 7152 7209
f 7208 7151 7209
f 7152 7153 7210
f 7209 7152 7210
f 7153 7154 7211
f 7210 7153 7211
f 7154 7155 7212
f 7154 7212 7211
f 7156 7213 7155
f 7155 7213 7212
f 7156 7157 7214
f 7214 7213 7156
f 7157 7158 7215
f 7157 7215 7214
f 7158 7159 7216
f 7215 7158 7216
f 7217 7159 7160
f 7217 7216 7159
f 7218 7160 7161
f 7217 7160 7218
f 7161 7219 7218
f 7162 7163 7224
f 7162 7224 7223
f 7164 7290 7163
f 7289 7224 7163
f 7163 7290 7289
f 7164 7225 7291
f 7164 7291 7290
f 7166 7294 7165
f 7166 7226 7295
f 7295 7294 7166
f 7168 7232 7167
f 7167 7232 7231
f 7168 7169 7233
f 7233 7232 7168
f 7170 7234 7169
f 7169 7234 7233
f 7171 7235 7170
f 7170 7235 7234
f 7172 7236 7171
f 7235 7171 7236
f 7172 7173 7237
f 7236 7172 7237
f 7173 7174 7238
f 7238 7237 7173
f 7175 7239 7174
f 7239 7238 7174
f 7175 7176 7240
f 7175 7240 7239
f 7241 7176 7177
f 7241 7240 7176
f 7242 7177 7178
f 7177 7242 7241
f 7178 7179 7243
f 7243 7242 7178
f 7244 7179 7180
f 7244 7243 7179
f 7245 7180 7181
f 7244 7180 7245
f 7181 7182 7246
f 7245 7181 7246
f 7247 7182 7183
f 7246 7182 7247
f 7248 7183 7184
f 7247 7183 7248
f 7184 7185 7249
f 7249 7248 7184
f 7250 7185 7186
f 7250 7249 7185
f 7251 7186 7187
f 7251 7250 7186
f 7187 7188 7252
f 7252 7251 7187
f 7189 7253 7188
f 7252 7188 7253
f 7189 7190 7254
f 7254 7253 7189
f 7255 7190 7191
f 7255 7254 7190
f 7192 7256 7191
f 7255 7191 7256
f 7192 7193 7257
f 7256 7192 7257
f 7194 7258 7193
f 7193 7258 7257
f 7194 7195 7259
f 7259 7258 7194
f 7195 7196 7260
f 7195 7260 7259
f 7197 7261 7196
f 7260 7196 7261
f 7197 7198 7262
f 7262 7261 7197
f 7199 7263 7198
f 7198 7263 7262
f 7264 7199 7200
f 7263 7199 7264
f 7200 7201 7265
f 7264 7200 7265
f 7201 7202 7266
f 7265 7201 7266
f 7203 7267 7202
f 7202 7267 7266
f 7203 7204 7268
f 7203 7268 7267
f 7204 7205 7269
f 7204 7269 7268
f 7206 7270 7205
f 7270 7269 7205
f 7206 7207 7271
f 7206 7271 7270
f 7207 7208 7272
f 7271 7207 7272
f 7208 7209 7273
f 7208 7273 7272
f 7210 7274 7209
f 7274 7273 7209
f 7211 7275 7210
f 7274 7210 7275
f 7212 7276 7211
f 7211 7276 7275
f 7212 7213 7277
f 7277 7276 7212
f 7278 7213 7214
f 7213 7278 7277
f 7214 7215 7279
f 7214 7279 7278
f 7216 7280 7215
f 7279 7215 7280
f 7216 7217 7281
f 7281 7280 7216
f 7282 7217 7218
f 7282 7281 7217
f 7283 7218 7219
f 7218 7283 7282
f 7284 7219 7220
f 7219 7284 7283
f 7221 7285 7220
f 7284 7220 7285
f 7222 7286 7221
f 7221 7286 7285
f 7287 7222 7223
f 7287 7286 7222
f 7224 7288 7223
f 7287 7223 7288
f 7289 7288 7224
f 7292 7291 7225
f 7292 7225 7293
f 7227 7296 7226
f 7226 7296 7295
f 7228 7297 7227
f 7297 7296 7227
f 7228 7229 7298
f 7228 7298 7297
f 7299 7229 7230
f 7298 7229 7299
f 7300 7230 7231
f 7299 7230 7300
f 7231 7232 7301
f 7300 7231 7301
f 7232 7233 7302
f 7301 7232 7302
f 7233 7234 7303
f 7233 7303 7302
f 7304 7234 7235
f 7304 7303 7234
f 7235 7236 7305
f 7235 7305 7304
f 7237 7306 7236
f 7305 7236 7306
f 7307 7237 7238
f 7237 7307 7306
f 7308 7238 7239
f 7307 7238 7308
f 7240 7309 7239
f 7239 7309 7308
f 7241 7310 7240
f 7310 7309 7240
f 7241 7242 7311
f 7311 7310 7241
f 7312 7242 7243
f 7311 7242 7312
f 7244 7313 7243
f 7243 7313 7312
f 7245 7314 7244
f 7313 7244 7314
f 7315 7245 7246
f 7315 7314 7245
f 7246 7247 7316
f 7246 7316 7315
f 7248 7317 7247
f 7247 7317 7316
f 7249 7318 7248
f 7318 7317 7248
f 7319 7249 7250
f 7249 7319 7318
f 7250 7251 7320
f 7319 7250 7320
f 7252 7321 7251
f 7321 7320 7251
f 7322 7252 7253
f 7322 7321 7252
f 7323 7253 7254
f 7323 7322 7253
f 7324 7254 7255
f 7324 7323 7254
f 7256 7325 7255
f 7324 7255 7325
f 7326 7256 7257
f 7326 7325 7256
f 7257 7258 7327
f 7327 7326 7257
f 7259 7328 7258
f 7327 7258 7328
f 7260 7329 7259
f 7329 7328 7259
f 7261 7330 7260
f 7260 7330 7329
f 7261 7262 7331
f 7261 7331 7330
f 7263 7332 7262
f 7262 7332 7331
f 7333 7263 7264
f 7332 7263 7333
f 7265 7334 7264
f 7264 7334 7333
f 7265 7266 7335
f 7265 7335 7334
f 7336 7266 7267
f 7266 7336 7335
f 7267 7268 7337
f 7267 7337 7336
f 7268 7269 7338
f 7268 7338 7337
f 7270 7339 7269
f 7338 7269 7339
f 7271 7340 7270
f 7270 7340 7339
f 7271 7272 7341
f 7271 7341 7340
f 7342 7272 7273
f 7341 7272 7342
f 7274 7343 7273
f 7342 7273 7343
f 7274 7275 7344
f 7274 7344 7343
f 7345 7275 7276
f 7344 7275 7345
f 7276 7277 7346
f 7345 7276 7346
f 7278 7347 7277
f 7277 7347 7346
f 7279 7348 7278
f 7347 7278 7348
f 7279 7280 7349
f 7349 7348 7279
f 7350 7280 7281
f 7349 7280 7350
f 7282 7351 7281
f 7351 7350 7281
f 7283 7352 7282
f 7282 7352 7351
f 7283 7284 7353
f 7283 7353 7352
f 7354 7284 7285
f 7353 7284 7354
f 7286 7355 7285
f 7354 7285 7355
f 7287 7356 7286
f 7286 7356 7355
f 7287 7288 7357
f 7357 7356 7287
f 7289 7358 7288
f 7357 7288 7358
f 7290 7359 7289
f 7359 7358 7289
f 7290 7291 7360
f 7290 7360 7359
f 7291 7292 7361
f 7360 7291 7361
f 7362 7292 7293
f 7292 7362 7361
f 7363 7362 7293
f 7364 7294 7295
f 7295 7296 7365
f 7364 7295 7365
f 7366 7296 7297
f 7365 7296 7366
f 7297 7298 7367
f 7366 7297 7367
f 7298 7299 7368
f 7367 7298 7368
f 7369 7299 7300
f 7368 7299 7369
f 7370 7300 7301
f 7369 7300 7370
f 7371 7301 7302
f 7370 7301 7371
f 7302 7303 7372
f 7302 7372 7371
f 7303 7304 7373
f 7303 7373 7372
f 7304 7305 7374
f 7304 7374 7373
f 7305 7306 7375
f 7305 7375 7374
f 7376 7306 7307
f 7375 7306 7376
f 7307 7308 7377
f 7376 7307 7377
f 7309 7378 7308
f 7377 7308 7378
f 7310 7379 7309
f 7379 7378 7309
f 7380 7310 7311
f 7379 7310 7380
f 7381 7311 7312
f 7380 7311 7381
f 7382 7312 7313
f 7381 7312 7382
f 7313 7314 7383
f 7382 7313 7383
f 7314 7315 7384
f 7314 7384 7383
f 7385 7315 7316
f 7384 7315 7385
f 7386 7316 7317
f 7386 7385 7316
f 7318 7387 7317
f 7317 7387 7386
f 7388 7318 7319
f 7318 7388 7387
f 7389 7319 7320
f 7389 7388 7319
f 7321 7390 7320
f 7320 7390 7389
f 7322 7391 7321
f 7321 7391 7390
f 7323 7392 7322
f 7322 7392 7391
f 7324 7393 7323
f 7323 7393 7392
f 7325 7394 7324
f 7324 7394 7393
f 7326 7395 7325
f 7325 7395 7394
f 7396 7326 7327
f 7326 7396 7395
f 7328 7397 7327
f 7327 7397 7396
f 7329 7398 7328
f 7328 7398 7397
f 7330 7399 7329
f 7399 7398 7329
f 7400 7330 7331
f 7330 7400 7399
f 7401 7331 7332
f 7331 7401 7400
f 7332 7333 7402
f 7332 7402 7401
f 7334 7403 7333
f 7333 7403 7402
f 7334 7335 7404
f 7334 7404 7403
f 7336 7405 7335
f 7404 7335 7405
f 7337 7406 7336
f 7336 7406 7405
f 7338 7407 7337
f 7407 7406 7337
f 7408 7338 7339
f 7408 7407 7338
f 7340 7409 7339
f 7408 7339 7409
f 7340 7341 7410
f 7340 7410 7409
f 7342 7411 7341
f 7341 7411 7410
f 7343 7412 7342
f 7342 7412 7411
f 7343 7344 7413
f 7343 7413 7412
f 7345 7414 7344
f 7344 7414 7413
f 7345 7346 7415
f 7415 7414 7345
f 7347 7416 7346
f 7346 7416 7415
f 7348 7417 7347
f 7417 7416 7347
f 7349 7418 7348
f 7348 7418 7417
f 7419 7349 7350
f 7349 7419 7418
f 7350 7351 7420
f 7420 7419 7350
f 7352 7421 7351
f 7421 7420 7351
f 7422 7352 7353
f 7422 7421 7352
f 7354 7423 7353
f 7353 7423 7422
f 7354 7355 7424
f 7354 7424 7423
f 7356 7425 7355
f 7425 7424 7355
f 7426 7356 7357
f 7356 7426 7425
f 7357 7358 7427
f 7357 7427 7426
f 7428 7358 7359
f 7428 7427 7358
f 7360 7429 7359
f 7359 7429 7428
f 7430 7360 7361
f 7430 7429 7360
f 7361 7362 7431
f 7431 7430 7361
f 7363 7432 7362
f 7432 7431 7362
f 7433 7432 7363
f 7364 7365 7434
f 7366 7435 7365
f 7365 7435 7434
f 7436 7366 7367
f 7366 7436 7435
f 7368 7437 7367
f 7437 7436 7367
f 7438 7368 7369
f 7368 7438 7437
f 7369 7370 7439
f 7438 7369 7439
f 7440 7370 7371
f 7440 7439 7370
f 7441 7371 7372
f 7440 7371 7441
f 7373 7442 7372
f 7441 7372 7442
f 7443 7373 7374
f 7443 7442 7373
f 7374 7375 7444
f 7443 7374 7444
f 7445 7375 7376
f 7444 7375 7445
f 7376 7377 7446
f 7376 7446 7445
f 7377 7378 7447
f 7377 7447 7446
f 7379 7448 7378
f 7447 7378 7448
f 7380 7449 7379
f 7449 7448 7379
f 7380 7381 7450
f 7450 7449 7380
f 7382 7451 7381
f 7450 7381 7451
f 7383 7452 7382
f 7382 7452 7451
f 7453 7383 7384
f 7453 7452 7383
f 7454 7384 7385
f 7453 7384 7454
f 7455 7385 7386
f 7455 7454 7385
f 7386 7387 7456
f 7456 7455 7386
f 7457 7387 7388
f 7456 7387 7457
f 7388 7389 7458
f 7388 7458 7457
f 7389 7390 7459
f 7459 7458 7389
f 7391 7460 7390
f 7459 7390 7460
f 7461 7391 7392
f 7460 7391 7461
f 7462 7392 7393
f 7461 7392 7462
f 7394 7463 7393
f 7393 7463 7462
f 7464 7394 7395
f 7394 7464 7463
f 7465 7395 7396
f 7464 7395 7465
f 7396 7397 7466
f 7396 7466 7465
f 7467 7397 7398
f 7466 7397 7467
f 7398 7399 7468
f 7398 7468 7467
f 7399 7400 7469
f 7469 7468 7399
f 7400 7401 7470
f 7469 7400 7470
f 7401 7402 7471
f 7470 7401 7471
f 7403 7472 7402
f 7402 7472 7471
f 7473 7403 7404
f 7403 7473 7472
f 7405 7474 7404
f 7404 7474 7473
f 7406 7475 7405
f 7405 7475 7474
f 7407 7476 7406
f 7476 7475 7406
f 7408 7477 7407
f 7407 7477 7476
f 7408 7409 7478
f 7408 7478 7477
f 7410 7479 7409
f 7479 7478 7409
f 7410 7411 7480
f 7480 7479 7410
f 7412 7481 7411
f 7481 7480 7411
f 7413 7482 7412
f 7412 7482 7481
f 7483 7413 7414
f 7413 7483 7482
f 7414 7415 7484
f 7414 7484 7483
f 7415 7416 7485
f 7485 7484 7415
f 7417 7486 7416
f 7416 7486 7485
f 7487 7417 7418
f 7486 7417 7487
f 7488 7418 7419
f 7487 7418 7488
f 7489 7419 7420
f 7419 7489 7488
f 7421 7490 7420
f 7420 7490 7489
f 7491 7421 7422
f 7490 7421 7491
f 7423 7492 7422
f 7492 7491 7422
f 7424 7493 7423
f 7493 7492 7423
f 7494 7424 7425
f 7494 7493 7424
f 7425 7426 7495
f 7494 7425 7495
f 7426 7427 7496
f 7426 7496 7495
f 7497 7427 7428
f 7496 7427 7497
f 7498 7428 7429
f 7497 7428 7498
f 7499 7429 7430
f 7498 7429 7499
f 7431 7500 7430
f 7500 7499 7430
f 7431 7432 7501
f 7500 7431 7501
f 7433 7502 7432
f 7501 7432 7502
f 7503 7502 7433
f 7435 7436 7504
f 7436 7437 7504
f 7437 7438 7505
f 7437 7505 7504
f 7439 7506 7438
f 7505 7438 7506
f 7440 7507 7439
f 7439 7507 7506
f 7441 7508 7440
f 7508 7507 7440
f 7442 7509 7441
f 7441 7509 7508
f 7442 7443 7510
f 7510 7509 7442
f 7444 7511 7443
f 7510 7443 7511
f 7444 7445 7512
f 7512 7511 7444
f 7446 7513 7445
f 7445 7513 7512
f 7446 7447 7514
f 7513 7446 7514
f 7447 7448 7515
f 7515 7514 7447
f 7516 7448 7449
f 7516 7515 7448
f 7517 7449 7450
f 7516 7449 7517
f 7450 7451 7518
f 7450 7518 7517
f 7519 7451 7452
f 7518 7451 7519
f 7520 7452 7453
f 7520 7519 7452
f 7521 7453 7454
f 7453 7521 7520
f 7454 7455 7522
f 7521 7454 7522
f 7456 7523 7455
f 7455 7523 7522
f 7524 7456 7457
f 7524 7523 7456
f 7457 7458 7525
f 7524 7457 7525
f 7458 7459 7526
f 7526 7525 7458
f 7527 7459 7460
f 7459 7527 7526
f 7528 7460 7461
f 7460 7528 7527
f 7461 7462 7529
f 7528 7461 7529
f 7462 7463 7530
f 7529 7462 7530
f 7531 7463 7464
f 7530 7463 7531
f 7465 7532 7464
f 7464 7532 7531
f 7466 7533 7465
f 7465 7533 7532
f 7534 7466 7467
f 7466 7534 7533
f 7467 7468 7535
f 7467 7535 7534
f 7536 7468 7469
f 7535 7468 7536
f 7470 7537 7469
f 7469 7537 7536
f 7470 7471 7538
f 7470 7538 7537
f 7471 7472 7539
f 7538 7471 7539
f 7540 7472 7473
f 7472 7540 7539
f 7473 7474 7541
f 7541 7540 7473
f 7475 7542 7474
f 7541 7474 7542
f 7543 7475 7476
f 7543 7542 7475
f 7544 7476 7477
f 7476 7544 7543
f 7545 7477 7478
f 7544 7477 7545
f 7478 7479 7546
f 7545 7478 7546
f 7479 7480 7547
f 7479 7547 7546
f 7481 7548 7480
f 7548 7547 7480
f 7549 7481 7482
f 7549 7548 7481
f 7483 7550 7482
f 7550 7549 7482
f 7551 7483 7484
f 7483 7551 7550
f 7552 7484 7485
f 7551 7484 7552
f 7485 7486 7553
f 7485 7553 7552
f 7487 7554 7486
f 7553 7486 7554
f 7555 7487 7488
f 7555 7554 7487
f 7489 7556 7488
f 7555 7488 7556
f 7489 7490 7557
f 7557 7556 7489
f 7558 7490 7491
f 7558 7557 7490
f 7492 7559 7491
f 7491 7559 7558
f 7560 7492 7493
f 7560 7559 7492
f 7561 7493 7494
f 7493 7561 7560
f 7494 7495 7562
f 7561 7494 7562
f 7495 7496 7563
f 7495 7563 7562
f 7497 7564 7496
f 7563 7496 7564
f 7565 7497 7498
f 7565 7564 7497
f 7566 7498 7499
f 7565 7498 7566
f 7500 7567 7499
f 7567 7566 7499
f 7501 7568 7500
f 7500 7568 7567
f 7501 7502 7569
f 7569 7568 7501
f 7503 7570 7502
f 7570 7569 7502
f 7508 7509 7571
f 7509 7510 7571
f 7511 7572 7510
f 7510 7572 7571
f 7573 7511 7512
f 7511 7573 7572
f 7512 7513 7574
f 7574 7573 7512
f 7513 7514 7575
f 7574 7513 7575
f 7576 7514 7515
f 7575 7514 7576
f 7515 7516 7577
f 7576 7515 7577
f 7517 7578 7516
f 7578 7577 7516
f 7518 7579 7517
f 7517 7579 7578
f 7518 7519 7580
f 7518 7580 7579
f 7519 7520 7581
f 7581 7580 7519
f 7520 7521 7582
f 7582 7581 7520
f 7522 7583 7521
f 7582 7521 7583
f 7523 7584 7522
f 7583 7522 7584
f 7524 7585 7523
f 7523 7585 7584
f 7524 7525 7586
f 7586 7585 7524
f 7587 7525 7526
f 7586 7525 7587
f 7588 7526 7527
f 7587 7526 7588
f 7528 7589 7527
f 7589 7588 7527
f 7529 7590 7528
f 7528 7590 7589
f 7530 7591 7529
f 7529 7591 7590
f 7530 7531 7592
f 7530 7592 7591
f 7593 7531 7532
f 7593 7592 7531
f 7532 7533 7594
f 7532 7594 7593
f 7534 7595 7533
f 7594 7533 7595
f 7535 7596 7534
f 7596 7595 7534
f 7536 7597 7535
f 7597 7596 7535
f 7537 7598 7536
f 7598 7597 7536
f 7537 7538 7599
f 7537 7599 7598
f 7538 7539 7600
f 7538 7600 7599
f 7601 7539 7540
f 7600 7539 7601
f 7540 7541 7602
f 7601 7540 7602
f 7542 7603 7541
f 7603 7602 7541
f 7543 7604 7542
f 7542 7604 7603
f 7544 7605 7543
f 7604 7543 7605
f 7606 7544 7545
f 7606 7605 7544
f 7545 7546 7607
f 7545 7607 7606
f 7546 7547 7608
f 7546 7608 7607
f 7609 7547 7548
f 7609 7608 7547
f 7549 7610 7548
f 7610 7609 7548
f 7549 7550 7611
f 7610 7549 7611
f 7551 7612 7550
f 7550 7612 7611
f 7551 7552 7613
f 7613 7612 7551
f 7552 7553 7614
f 7552 7614 7613
f 7553 7554 7615
f 7553 7615 7614
f 7616 7554 7555
f 7616 7615 7554
f 7617 7555 7556
f 7616 7555 7617
f 7557 7618 7556
f 7618 7617 7556
f 7558 7619 7557
f 7619 7618 7557
f 7620 7558 7559
f 7620 7619 7558
f 7621 7559 7560
f 7621 7620 7559
f 7561 7622 7560
f 7560 7622 7621
f 7623 7561 7562
f 7623 7622 7561
f 7562 7563 7624
f 7624 7623 7562
f 7625 7563 7564
f 7563 7625 7624
f 7626 7564 7565
f 7625 7564 7626
f 7565 7566 7627
f 7626 7565 7627
f 7566 7567 7628
f 7627 7566 7628
f 7567 7568 7629
f 7628 7567 7629
f 7604 7630 7603
f 7604 7605 7630
f 7631 7605 7606
f 7630 7605 7631
f 7606 7607 7632
f 7631 7606 7632
f 7633 7607 7608
f 7633 7632 7607
f 7609 7634 7608
f 7633 7608 7634
f 7635 7609 7610
f 7635 7634 7609
f 7636 7610 7611
f 7610 7636 7635
f 7611 7612 7637
f 7637 7636 7611
f 7638 7612 7613
f 7638 7637 7612
f 7639 7613 7614
f 7638 7613 7639
f 7640 7614 7615
f 7640 7639 7614
f 7641 7615 7616
f 7615 7641 7640
f 7642 7616 7617
f 7616 7642 7641
f 7618 7643 7617
f 7617 7643 7642
f 7644 7618 7619
f 7644 7643 7618
f 7619 7620 7645
f 7619 7645 7644
f 7620 7621 7646
f 7620 7646 7645
f 7621 7622 7647
f 7646 7621 7647
f 7648 7622 7623
f 7647 7622 7648
f 7649 7623 7624
f 7649 7648 7623
f 7650 7624 7625
f 7649 7624 7650
f 7625 7626 7651
f 7650 7625 7651
