MeshVersionFormatted 1
Dimension
3
Vertices
2380
9.96475 4.65457 2.58868 0
9.95698 4.53803 2.58689 0
9.19899 4.62482 2.36291 0
9.24299 4.5532 2.42092 0
8.77745 4.70094 1.75658 0
8.68782 4.50055 1.73303 0
8.48839 4.69674 1.46539 0
8.47443 4.49992 1.50899 0
1.78638 5.05106 1.09414 0
1.46977 5.04911 1.09143 0
8.3654 4.83192 1.17597 0
7.81903 4.94166 1.01064 0
7.85411 5.02804 0.934703 0
0.2801 5.01069 0.841827 0
1.78482 4.06364 1.01874 0
1.47571 4.06726 1.01831 0
7.99286 5.12773 0.84388 0
9.74824 5.94034 0.691698 0
5.73344 5.35189 0.69864 0
0.213547 4.20276 0.807498 0
7.29969 9.04711 0.595886 0
6.01194 8.89914 0.575027 0
9.48794 5.05724 0.712761 0
9.43771 4.1259 0.747061 0
9.69071 3.46013 0.587847 0
9.8617 3.1965 0.597136 0
9.90648 3.05153 0.655978 0
3.86594 2.85034 0.593929 0
3.13872 5.54818 0.616892 0
5.73159 4.0647 1.00361 0
6.03694 0.325619 0.615211 0
7.34096 0.114448 0.545145 0
9.64233 3.52144 0.528111 0
9.83009 3.2311 0.523421 0
9.88614 3.07405 0.492583 0
7.34395 9.06947 0.461598 0
6.12997 9.01943 0.417188 0
9.69377 6.24144 0.471974 0
3.19828 5.59504 0.395153 0
5.72595 5.34509 0.360298 0
5.82808 3.85378 0.439863 0
7.29224 0.128348 0.410331 0
9.3749 4.99206 0.300738 0
9.80774 4.39594 0.298758 0
9.47701 4.21073 0.336413 0
3.8065 2.88716 0.402009 0
6.12093 0.187201 0.378571 0
0.227656 4.97906 0.225003 0
9.77133 4.79417 0.288382 0
0.237002 4.18948 0.244911 0
2.07355 4.05956 0.128842 0
6.95564 4.16736 0.190964 0
5.70266 3.62906 0.405482 0
5.92064 5.05496 1.0674 0
3.75618 2.98001 0.385963 0
9.34583 4.18119 0.843712 0
0.208868 4.70446 0.936679 0
9.63146 4.49454 2.602 0
2.42956 4.06219 1.01702 0
6.0789 5.03289 0.124828 0
0.654056 4.15791 0.129159 0
8.57444 4.16563 0.94258 0
7.33137 5.01428 0.998196 0
1.7588 4.05953 0.128874 0
3.11662 5.44749 0.711644 0
3.12767 5.49784 0.664268 0
1.39465 5.12302 1.01503 0
5.76231 3.32559 0.38317 0
6.31972 9.08107 0.644371 0
7.89014 4.06649 0.846228 0
7.46008 5.06795 0.925413 0
6.65647 1.64344 0.432408 0
4.72341 1.80007 0.421892 0
8.05072 5.05686 0.916737 0
7.10686 0.0426479 0.405535 0
7.73455 4.15827 0.225153 0
1.22805 4.06413 0.99656 0
2.54024 4.05951 0.128224 0
5.59728 8.41537 0.583072 0
3.60625 6.059 0.602328 0
7.10817 4.16124 0.214123 0
4.03534 6.55543 0.422867 0
3.85436 6.29242 0.639088 0
0.183792 4.47556 0.911953 0
8.89772 4.21971 0.947814 0
9.57081 2.90874 0.508235 0
9.94829 4.63489 2.25384 0
6.95542 9.15836 0.604146 0
6.20866 4.96896 1.11352 0
2.04627 5.13047 0.128643 0
3.29596 5.70991 0.421288 0
3.35963 5.77054 0.417426 0
5.74938 5.76041 0.591097 0
8.48977 4.86172 1.14096 0
6.5104 5.02049 0.134544 0
2.87797 3.97202 0.90909 0
4.40123 6.96829 0.643738 0
4.15248 6.6902 0.419754 0
0.217381 5.05993 0.432468 0
6.57028 7.40473 0.581642 0
6.35173 4.89562 1.14027 0
1.64048 4.06584 1.01994 0
0.364304 5.06348 0.233265 0
0.0806988 4.61518 0.152813 0
6.05298 4.14034 0.140598 0
1.12723 5.10652 0.134877 0
9.75526 3.35785 0.519134 0
6.7779 7.85354 0.592793 0
8.61134 3.28156 0.595098 0
8.2709 3.64251 0.47129 0
9.57139 2.95433 0.659329 0
2.2849 4.06257 1.01749 0
9.83949 4.48102 2.08073 0
9.89979 4.64135 2.08249 0
9.35245 5.70324 0.414672 0
7.11162 0.029711 0.56889 0
8.82614 4.52271 1.95537 0
7.54459 4.16741 0.974699 0
1.74243 4.43697 1.21753 0
4.40289 2.21537 0.363157 0
1.66802 4.30757 1.18659 0
6.24204 6.80972 0.406105 0
9.41482 4.51052 2.55089 0
0.966581 4.07472 0.159776 0
7.39003 4.16376 0.981958 0
0.673653 5.11237 0.897615 0
5.78468 5.05992 0.137408 0
6.10606 2.70583 0.567212 0
1.98802 5.12778 1.01734 0
5.74821 5.61473 0.567471 0
0.533052 5.08093 0.894127 0
7.08313 8.46089 0.594337 0
2.25353 5.12786 1.01724 0
0.396454 5.02865 0.891085 0
5.61966 0.78511 0.368241 0
4.6258 7.25448 0.428103 0
5.72948 8.55742 0.42825 0
5.88152 6.06199 0.415114 0
6.44737 7.10736 0.555967 0
8.75182 4.99361 0.943597 0
1.88049 4.06312 1.01816 0
9.94554 4.67666 2.42406 0
6.40032 2.09886 0.40661 0
8.43205 5.72986 0.529079 0
6.12642 6.5123 0.429144 0
8.3631 4.51777 1.41701 0
8.45929 4.7212 1.39438 0
1.77427 4.8208 1.20438 0
6.94634 8.1579 0.42812 0
2.14286 4.06268 1.01761 0
9.45824 5.35631 0.661516 0
0.796629 4.06225 0.904195 0
3.02417 3.82832 0.303614 0
9.73605 4.46383 1.7435 0
9.0967 2.92479 0.607784 0
2.96958 5.29322 0.25225 0
8.27152 3.62159 0.596461 0
9.12996 4.52681 2.28706 0
8.84187 4.64827 1.9548 0
1.46939 4.81845 1.20305 0
9.41314 2.9021 0.600775 0
9.73695 4.49664 1.39938 0
6.78049 1.3375 0.573021 0
8.92795 4.52263 2.07044 0
9.24772 5.29382 0.409271 0
8.0936 3.79932 0.623651 0
9.41427 4.64131 2.55646 0
5.80269 3.32449 0.564141 0
6.50518 0.0268401 0.427552 0
5.72228 3.76947 0.395702 0
6.93312 0.102007 0.356224 0
6.26628 6.80998 0.582001 0
6.47 1.94769 0.40122 0
0.502649 4.16126 0.150031 0
6.1636 2.55372 0.398149 0
6.8644 1.18176 0.569427 0
5.37923 1.07453 0.607575 0
1.53626 4.4356 1.21547 0
5.97596 0.366687 0.381899 0
8.5604 5.34995 0.74329 0
7.09042 5.0214 0.207599 0
4.97706 1.51217 0.392648 0
4.46954 2.2206 0.666541 0
4.57681 2.08275 0.658154 0
4.87459 1.65699 0.387712 0
4.75602 1.80066 0.600324 0
4.60751 1.94132 0.578606 0
9.36602 5.95674 0.714403 0
0.498638 4.06909 0.809983 0
4.88751 1.65725 0.602523 0
3.86552 2.83002 0.388285 0
4.19767 2.46962 0.606521 0
0.280945 5.1009 0.647444 0
3.67615 3.0382 0.429505 0
3.93871 2.76982 0.369784 0
5.20601 1.36667 0.662159 0
6.50254 5.09502 0.946633 0
6.64306 4.16168 1.0054 0
2.61756 5.1358 0.133188 0
9.20647 4.22016 0.915244 0
2.47755 5.1319 0.130073 0
4.02463 2.69082 0.357356 0
4.29214 2.34386 0.370389 0
3.46936 3.32776 0.36715 0
3.57815 3.14879 0.426053 0
3.7641 2.9852 0.602741 0
3.4682 3.30435 0.598638 0
9.77426 4.73352 0.982654 0
9.05242 4.21516 0.92875 0
3.58905 3.17822 0.602336 0
8.41079 4.77987 1.26156 0
6.19554 4.09581 1.00996 0
3.18699 3.65433 0.672245 0
4.86621 7.54394 0.43188 0
6.65494 4.16861 0.138684 0
1.74603 5.13029 0.128461 0
7.57439 5.00093 0.992848 0
3.33196 3.46761 0.37179 0
3.33412 3.46783 0.627089 0
3.03298 3.91202 0.876199 0
6.78386 5.0311 0.994751 0
3.05218 5.38947 0.741374 0
0.648045 4.07942 0.889924 0
6.77576 0.0947086 0.35994 0
6.66509 9.09835 0.361733 0
1.12284 4.07664 0.131468 0
2.33689 5.13075 0.128927 0
5.92779 8.81111 0.579089 0
1.50993 4.94166 1.16119 0
6.64276 5.03615 1.00017 0
7.15741 0.548716 0.596616 0
1.28112 4.0601 0.138254 0
6.63419 0.0922287 0.361556 0
9.50452 5.07606 0.518129 0
6.93747 0.0238952 0.588459 0
0.157612 4.28384 0.262975 0
2.69639 4.06106 0.122835 0
0.940518 4.08889 0.96979 0
8.00414 5.32489 0.612996 0
7.8278 4.96326 0.991656 0
7.83657 4.98485 0.972671 0
7.84534 5.00644 0.953687 0
7.78471 4.86965 1.05441 0
4.29341 2.34628 0.607909 0
6.7984 5.06322 0.234397 0
7.85193 5.06151 0.243749 0
7.31822 8.8953 0.561891 0
6.36645 5.02475 0.127003 0
6.63691 0.0263302 0.597389 0
6.79148 4.16315 0.997685 0
9.62946 4.64304 2.64941 0
6.50475 4.16778 0.130453 0
7.19896 0.549188 0.434385 0
6.70968 7.70376 0.421132 0
6.80077 9.09196 0.663463 0
7.57573 4.16298 0.224698 0
9.52845 4.64492 2.62375 0
4.0952 2.58123 0.37751 0
6.95606 9.16818 0.432287 0
3.23157 5.52504 0.324736 0
8.21711 4.99443 0.98542 0
9.8019 4.35022 0.564864 0
9.3169 4.49496 2.4446 0
1.80194 4.69649 1.22138 0
2.97994 5.30599 0.809033 0
6.10486 2.70613 0.413997 0
1.6485 5.05125 1.09358 0
6.6646 9.09574 0.660961 0
2.752 5.14502 0.138216 0
1.82221 4.56857 1.22459 0
6.92435 5.02887 0.994579 0
3.18442 3.6093 0.385141 0
8.93826 4.65528 2.06889 0
9.80372 4.83297 0.523673 0
0.3456 4.11545 0.799542 0
1.71655 4.18209 1.12277 0
4.88481 7.54391 0.615517 0
7.24263 0.396654 0.584425 0
7.08908 4.1605 0.993391 0
1.28108 5.11742 0.129351 0
6.18557 0.139473 0.374928 0
2.90273 5.19569 0.945965 0
0.183055 4.58971 0.920706 0
5.97772 8.83738 0.414599 0
4.18655 6.68856 0.652306 0
0.0610606 4.49337 0.179523 0
1.50009 4.69103 1.22121 0
5.52048 0.929138 0.353327 0
5.84792 0.513363 0.602978 0
6.94398 5.02998 0.20812 0
5.14849 1.36664 0.35566 0
1.36353 4.06029 1.00668 0
7.90465 3.98623 0.396792 0
2.86097 5.23806 0.229915 0
9.80692 4.81466 0.76483 0
1.59944 4.0592 0.129254 0
8.43459 4.74885 1.32752 0
5.88755 4.15657 1.08874 0
2.57575 4.06051 1.01497 0
7.67653 4.99921 0.978265 0
5.77924 3.17105 0.351673 0
8.74056 4.21021 0.95915 0
4.37198 6.96884 0.414197 0
9.90862 4.49668 2.25192 0
6.04359 4.08327 1.00341 0
0.66804 5.12644 0.223882 0
0.261396 4.92397 0.895078 0
5.749 5.47747 0.595576 0
8.38337 5.34304 0.746061 0
6.23632 9.10015 0.425953 0
9.25764 4.96409 0.918377 0
1.85168 5.12784 1.01727 0
2.38541 5.12772 1.01742 0
6.17478 9.06151 0.42988 0
0.809192 4.98268 1.03277 0
6.80393 4.09107 0.262147 0
3.27309 5.70681 0.592736 0
6.72472 7.70367 0.574153 0
8.77837 3.12831 0.485526 0
8.59306 4.97754 0.986783 0
3.51914 5.95098 0.432719 0
6.27265 0.101668 0.374011 0
4.50161 2.07918 0.383437 0
5.7278 0.644664 0.381139 0
3.24369 5.65174 0.412132 0
5.71955 0.785858 0.662185 0
9.74586 4.45235 1.01168 0
4.26714 6.82747 0.40003 0
2.19271 5.13053 0.128703 0
2.38559 4.05913 0.129284 0
8.91742 4.97557 0.939584 0
6.34573 4.10215 0.996021 0
6.42861 9.11378 0.385817 0
3.41022 5.85857 0.600702 0
0.0827097 4.38424 0.261343 0
4.73141 7.39908 0.594744 0
4.49987 7.11101 0.418134 0
7.26136 4.15545 0.227563 0
4.28965 6.82721 0.638368 0
6.47593 1.94772 0.572633 0
3.81979 6.29468 0.403442 0
3.62183 6.05719 0.42275 0
3.71959 6.17258 0.417938 0
3.92249 6.42308 0.413766 0
3.50436 5.95364 0.609115 0
3.43209 5.85403 0.427759 0
3.33372 5.77624 0.592638 0
4.59554 7.25475 0.598577 0
5.85914 8.69352 0.416692 0
4.75795 7.39891 0.421941 0
5.93738 6.21212 0.401986 0
2.65092 5.1247 1.02165 0
9.80195 4.39552 0.7886 0
9.31662 4.64577 2.46309 0
0.819921 5.12187 0.203957 0
8.77951 3.12245 0.602615 0
6.54509 9.16169 0.599034 0
6.77635 1.33728 0.402266 0
0.206092 4.90269 0.19537 0
3.75058 6.16944 0.643333 0
3.95897 6.42047 0.644595 0
4.08311 6.5524 0.661228 0
5.77177 5.06542 1.06281 0
7.41722 4.15754 0.230172 0
9.74919 4.50748 1.21144 0
7.53491 5.03057 0.231874 0
4.15942 2.59159 0.653283 0
6.42711 9.14937 0.600623 0
5.00115 1.51234 0.598471 0
8.40412 4.15392 0.942819 0
4.99928 7.68956 0.403296 0
2.77451 5.17071 0.965536 0
5.14571 7.83545 0.643683 0
1.89673 5.13042 0.12859 0
6.22275 5.03223 0.129051 0
1.24743 5.12331 1.00139 0
3.2178 5.64146 0.597602 0
6.80172 9.10239 0.364352 0
2.09995 5.20237 0.894136 0
9.08258 4.96754 0.933757 0
9.52843 4.49819 2.59354 0
6.37403 0.0584642 0.605625 0
9.13769 5.91035 0.714826 0
6.07989 8.91138 0.632353 0
5.51219 0.929027 0.611453 0
6.16611 6.66094 0.600242 0
9.58441 4.84975 0.243315 0
4.07684 2.69971 0.66176 0
6.06681 5.03783 1.07365 0
5.48335 8.27198 0.412337 0
0.138221 4.82086 0.208594 0
1.43678 5.12681 0.127525 0
0.952016 5.00521 1.04831 0
8.54648 4.45023 1.43883 0
8.75585 4.52909 1.84853 0
8.67688 4.46306 1.6296 0
8.60736 4.69545 1.58176 0
8.66422 4.69617 1.63936 0
8.63639 4.44967 1.51975 0
9.77497 4.65466 1.39802 0
9.74403 4.45891 1.9085 0
9.73561 4.4791 1.57534 0
0.0802876 4.72383 0.205473 0
4.52449 7.11073 0.652838 0
9.94307 4.50878 2.42271 0
1.52286 4.564 1.22379 0
9.0217 4.62137 2.18499 0
3.68994 3.07272 0.606536 0
9.1204 4.62092 2.28604 0
9.02924 4.52456 2.18318 0
1.82098 4.94761 1.16081 0
8.01797 5.3015 0.449617 0
8.54848 4.69578 1.52371 0
9.84524 4.63699 1.74632 0
8.81603 4.69165 1.84547 0
9.88141 4.64294 1.91182 0
2.00128 4.04429 0.990501 0
9.79913 4.63874 1.57464 0
6.33688 6.95848 0.420833 0
6.47226 7.2557 0.412253 0
2.23029 4.05935 0.129054 0
0.354632 4.18485 0.176558 0
3.96641 2.77018 0.632117 0
8.73977 5.54437 0.717703 0
6.75696 7.8531 0.401449 0
6.03198 6.36269 0.415466 0
6.47023 7.25549 0.603392 0
6.3607 6.95869 0.566435 0
2.72419 3.99306 0.918209 0
5.89483 6.06205 0.576003 0
5.45535 1.07441 0.335313 0
0.177501 4.27577 0.825266 0
6.54161 9.0927 0.360131 0
0.809786 4.131 0.135585 0
3.1855 5.41135 0.27235 0
4.20004 2.46926 0.367753 0
6.49447 4.13247 0.999455 0
5.21522 7.98135 0.593181 0
8.29788 4.4703 1.31313 0
6.19294 9.00686 0.639906 0
0.516138 5.10174 0.223692 0
1.59258 5.12977 0.128042 0
6.88973 8.15669 0.619751 0
7.01904 8.31008 0.582455 0
8.99882 6.22496 0.508888 0
6.59525 7.55329 0.390719 0
0.974138 5.12704 0.189515 0
5.93465 5.05305 0.139119 0
7.23943 8.75871 0.427874 0
7.3069 8.91225 0.430703 0
7.1555 8.61193 0.416219 0
7.01592 8.31031 0.423657 0
7.062 8.46182 0.401902 0
7.17943 8.60792 0.574456 0
7.25706 8.749 0.56527 0
6.32442 9.1304 0.413483 0
5.70532 8.55698 0.59623 0
5.82003 8.69376 0.585805 0
5.47084 8.27188 0.576236 0
5.60708 8.41604 0.420769 0
5.34165 8.12696 0.578313 0
5.12224 7.83543 0.415694 0
6.69596 1.4916 0.399387 0
5.24114 7.98135 0.426923 0
6.12962 0.235965 0.616767 0
5.81219 0.646893 0.65722 0
1.91675 4.05963 0.128773 0
3.08961 5.33462 0.250045 0
5.35296 8.12699 0.413095 0
6.25245 0.114875 0.603627 0
7.1148 9.0693 0.646127 0
6.54945 7.4046 0.41437 0
6.66403 7.55406 0.561373 0
6.42811 7.10724 0.433777 0
8.62396 5.92157 0.529491 0
6.87817 8.00528 0.570973 0
6.85135 8.00473 0.414748 0
5.95923 6.21248 0.586141 0
0.194914 4.1667 0.42988 0
5.77993 5.90986 0.394158 0
5.84431 5.91092 0.557058 0
6.17809 6.66112 0.413389 0
6.14651 6.51255 0.554993 0
6.05872 6.36293 0.566761 0
7.23953 4.14669 0.971414 0
9.7572 4.6724 1.20966 0
7.71301 4.12271 0.903909 0
6.3812 0.0962832 0.363713 0
7.19849 5.02551 0.995656 0
5.73868 3.73647 0.611593 0
5.73091 5.47857 0.424022 0
5.72351 5.61251 0.419565 0
5.74264 5.75972 0.414285 0
8.23619 5.53271 0.523554 0
0.218513 4.12564 0.630521 0
9.19172 6.27661 0.514199 0
8.92862 5.75078 0.71508 0
7.23745 5.01995 0.213079 0
7.38514 5.02338 0.22245 0
7.31682 0.249868 0.571636 0
9.83611 6.27743 0.587081 0
9.71953 5.78548 0.656946 0
8.81654 6.09556 0.514936 0
9.40702 6.23891 0.470119 0
7.0627 5.02823 0.995046 0
6.9401 4.16177 0.994986 0
6.40874 2.09853 0.567847 0
8.13363 4.65297 1.23327 0
8.44309 3.44457 0.508505 0
5.23226 1.22056 0.392399 0
3.90986 2.80982 0.609565 0
9.72564 2.91308 0.505993 0
1.50181 4.18162 1.11467 0
6.71149 1.49114 0.568437 0
8.44197 3.45219 0.597771 0
7.31668 0.265436 0.433293 0
8.93863 2.99934 0.476813 0
9.25421 2.90569 0.518846 0
9.09627 2.91853 0.517193 0
9.75915 3.35422 0.60163 0
9.41284 2.90603 0.513494 0
9.72793 2.94793 0.653711 0
8.61143 3.2872 0.493035 0
8.09061 3.83865 0.44515 0
1.46423 4.30611 1.17803 0
6.35461 4.15864 0.132632 0
7.69439 5.0472 0.24297 0
9.25459 2.90759 0.60775 0
5.90775 4.01712 0.257211 0
5.32828 1.22042 0.655266 0
7.0256 0.866434 0.569099 0
8.93829 3.00669 0.619705 0
0.161537 4.37057 0.854143 0
6.56808 1.79579 0.421236 0
5.85325 3.17014 0.583462 0
6.2538 2.40161 0.569825 0
5.89297 3.01481 0.368569 0
6.33635 2.24967 0.565996 0
6.26355 2.40151 0.419724 0
5.03206 7.68954 0.638598 0
4.62343 1.94158 0.387022 0
6.50177 0.0349199 0.602692 0
5.73363 3.61771 0.575122 0
5.74137 3.47799 0.414343 0
1.44012 4.05879 0.13136 0
1.0848 4.08378 0.996062 0
6.65469 5.02801 0.157402 0
6.03152 2.85927 0.565753 0
7.12137 9.16082 0.444024 0
2.51844 5.12672 1.01867 0
6.20464 4.14304 0.146714 0
5.94851 3.01357 0.569045 0
6.04582 2.85905 0.429452 0
5.73799 3.47716 0.581131 0
6.17409 2.5536 0.571979 0
1.1022 5.11717 0.989619 0
8.00235 4.82604 1.10275 0
6.55757 1.79589 0.569292 0
6.35178 2.24969 0.430968 0
6.87454 1.18138 0.4204 0
6.64014 1.64386 0.565485 0
7.02621 0.866329 0.414691 0
6.96679 1.02409 0.435039 0
7.10275 0.706799 0.575762 0
7.11329 0.707244 0.420343 0
6.94658 1.02508 0.568195 0
6.78087 0.0233867 0.593404 0
2.8557 4.02184 0.152613 0
7.26607 0.396911 0.427698 0
5.94915 0.409818 0.609637 0
5.8143 0.508224 0.421393 0
0.195807 4.82014 0.887403 0
0.815918 4.99344 0.0977677 0
5.12978 5.21802 0.961587 0
4.6732 2.22998 0.307807 0
5.1656 7.39714 0.714936 0
6.34194 8.73129 0.715173 0
5.58592 4.78121 1.21116 0
6.59682 1.04083 0.692808 0
8.51469 4.80548 1.23367 0
5.03062 5.58139 0.300994 0
5.74853 1.95561 0.714969 0
5.87939 0.926109 0.306836 0
0.970576 4.99169 0.0808771 0
7.54814 4.89524 0.145382 0
6.39427 8.29188 0.306503 0
9.59152 4.44443 1.74151 0
6.49487 4.8031 1.15155 0
6.14708 8.56092 0.715255 0
6.13877 0.771236 0.306495 0
5.47328 5.90524 0.701406 0
4.90313 3.73149 0.784905 0
9.55793 4.74055 2.39393 0
6.14509 7.84232 0.715121 0
3.31735 4.27366 0.0308077 0
5.05591 6.95801 0.306512 0
5.81598 2.86282 0.663509 0
4.64835 2.37489 0.712119 0
6.20454 4.29332 0.0459955 0
6.36772 0.903389 0.71396 0
4.54201 3.74742 0.274374 0
8.41055 3.89531 0.76296 0
4.33305 6.53977 0.31481 0
2.57738 4.17865 1.12095 0
3.49721 4.39509 1.20941 0
5.28293 4.99947 0.0852597 0
4.99005 6.51618 0.715137 0
1.75014 4.46273 0.00100648 0
6.35772 1.20066 0.306484 0
9.57189 4.38086 1.05951 0
1.43868 5.25749 0.504922 0
2.29075 4.18131 1.12275 0
4.54815 4.91017 1.17654 0
5.87771 7.10351 0.715162 0
2.99822 4.66589 1.22336 0
6.52157 0.892926 0.709052 0
0.292575 4.61544 0.0526161 0
5.03069 2.09786 0.306489 0
7.21151 4.60555 1.12239 0
9.1625 5.61022 0.410368 0
1.21239 4.31013 1.15172 0
5.24551 1.8065 0.713843 0
4.35667 3.98958 0.171288 0
6.13977 0.774922 0.714659 0
7.40689 4.59809 0.0676101 0
4.26571 5.96328 0.306481 0
1.89777 4.43871 1.21777 0
0.936201 4.20241 1.05324 0
9.63246 4.73791 1.74164 0
6.09399 8.68898 0.710038 0
6.28654 1.05643 0.714262 0
4.17533 4.78877 1.21077 0
8.51697 4.42844 1.36091 0
0.79018 4.32046 1.07542 0
4.80731 5.42346 0.276019 0
5.83205 1.51037 0.306491 0
3.15107 4.33134 0.0113476 0
5.17115 7.39713 0.308529 0
6.20909 0.913903 0.715134 0
6.2167 4.8835 0.040323 0
8.57026 5.09019 0.884803 0
9.09197 4.84194 1.10277 0
9.02019 5.53254 0.408634 0
6.61714 0.245689 0.316235 0
3.18864 3.97742 0.963563 0
5.67606 2.4064 0.712859 0
7.41225 4.44776 0.0801274 0
2.6637 4.56604 1.81312e-05 0
4.85638 6.22038 0.306491 0
8.61744 5.85926 0.668983 0
3.22447 5.01085 0.0530048 0
3.13483 4.81064 1.20617 0
5.26092 7.25039 0.306578 0
5.25295 5.74447 0.307197 0
2.50269 4.71316 0.000833096 0
1.26203 3.94257 0.730947 0
8.24008 3.97929 0.80221 0
0.646025 4.61816 0.00462848 0
9.42128 6.26436 0.628771 0
8.76913 4.75236 1.43802 0
5.4709 1.51286 0.306559 0
8.92119 4.75307 1.448 0
5.73624 1.65902 0.306491 0
6.65529 4.44622 0.0142156 0
8.71275 5.34477 0.386839 0
9.12977 5.23853 0.381147 0
5.58606 3.48897 0.333554 0
9.19184 4.7709 0.137478 0
1.12258 4.60488 0.000694619 0
2.65313 4.70872 0.00079554 0
6.82301 8.61525 0.313138 0
5.90598 4.89013 1.16752 0
9.30815 4.45637 2.31022 0
5.15937 6.80972 0.306491 0
2.53403 4.17709 0.0516011 0
9.27568 4.71282 2.29745 0
3.01187 4.50912 1.22236 0
6.42698 7.55147 0.330571 0
3.02753 4.20105 1.13923 0
4.16078 5.51104 0.253249 0
9.2652 4.7506 1.42677 0
5.35627 5.41051 0.286675 0
5.92543 1.95486 0.712076 0
6.59431 1.03971 0.307586 0
6.95149 4.72975 0.0241642 0
4.72813 3.73286 0.284424 0
5.5756 4.03737 0.18513 0
5.1231 6.36374 0.306491 0
5.71179 3.01889 0.31525 0
5.66504 7.83678 0.307237 0
4.90113 4.68603 1.22197 0
5.60018 7.98186 0.714514 0
5.57071 4.28088 1.17622 0
5.56007 5.60202 0.339526 0
1.93006 4.96774 1.15064 0
4.96093 7.10572 0.715058 0
6.01112 8.13144 0.715134 0
5.43796 4.97996 1.14481 0
5.27647 6.66069 0.306491 0
7.04921 0.388174 0.674297 0
4.16094 5.33676 0.861919 0
5.11805 5.90241 0.306489 0
5.48541 5.18296 0.202344 0
4.6364 5.60632 0.734714 0
5.75396 4.75636 0.00865629 0
8.53291 4.91175 0.185306 0
5.65472 1.51203 0.306491 0
0.96465 4.48169 0.00226016 0
4.0118 4.07799 1.05197 0
9.60902 4.4441 1.90276 0
6.15423 8.57275 0.309693 0
6.95533 4.44825 0.0249459 0
5.2034 3.0246 0.715009 0
4.01027 4.27866 1.17594 0
3.84192 4.11911 1.0854 0
2.49352 4.85213 0.00793669 0
5.40548 4.27757 1.17499 0
4.34779 3.323 0.305306 0
6.99512 0.553979 0.324321 0
8.55118 4.74045 1.39706 0
7.56274 4.60071 0.0927331 0
4.87936 5.75094 0.306239 0
4.42333 5.63028 0.729343 0
5.4071 4.0604 0.159782 0
5.54727 5.45977 0.717952 0
9.35162 4.44197 2.04612 0
9.63247 4.9753 0.510374 0
5.41427 3.66688 0.305027 0
5.82132 8.27283 0.310661 0
6.87939 8.76789 0.708309 0
6.14048 7.84236 0.306499 0
5.08141 3.70917 0.288487 0
4.41917 6.6801 0.316864 0
3.92059 5.401 0.202682 0
6.04922 7.39975 0.714922 0
5.39942 7.68964 0.714862 0
1.59733 4.19117 0.0459701 0
1.43888 3.93346 0.499385 0
0.523654 4.93045 0.996173 0
5.35192 1.6598 0.306502 0
5.81613 6.65909 0.705876 0
4.73488 3.53839 0.304238 0
5.42483 4.80454 1.20728 0
1.7458 4.73291 0.00106157 0
5.56925 4.06187 1.01641 0
3.33601 3.84022 0.214141 0
5.42592 5.74934 0.314112 0
5.63586 7.54402 0.306481 0
8.993 5.10485 0.312524 0
1.34133 4.30781 1.16714 0
5.2424 4.27009 0.0488481 0
6.04633 7.1044 0.311249 0
4.71889 4.53229 1.22398 0
7.57785 4.93782 1.03526 0
6.78547 4.42926 1.11748 0
5.61724 2.86593 0.306811 0
4.80668 3.00979 0.306491 0
4.58058 6.08192 0.715137 0
6.73487 8.76929 0.7145 0
8.75255 4.29462 1.05688 0
5.39869 2.55748 0.715187 0
2.83916 4.27054 0.0204689 0
4.18524 4.04247 1.02274 0
8.92007 4.3669 1.16242 0
0.791956 4.55879 1.1184 0
4.72085 6.37553 0.306491 0
4.96071 6.81207 0.715137 0
4.73687 4.88086 0.0349233 0
4.65418 6.22852 0.715137 0
3.0319 4.05058 1.02235 0
6.57615 0.416531 0.306904 0
6.21204 4.73752 0.00685934 0
2.97506 4.53232 0.000226085 0
4.35856 5.13524 0.14045 0
4.64954 6.22947 0.306491 0
9.71534 4.73904 2.42857 0
1.21573 4.43543 1.18836 0
5.87758 7.10353 0.306798 0
6.60462 1.34247 0.656956 0
5.34187 1.95503 0.306491 0
2.71253 4.54936 1.22453 0
5.25126 6.95629 0.715137 0
2.68947 4.1713 0.0532672 0
7.6988 4.84909 1.07056 0
4.36007 4.01315 0.99783 0
5.89171 4.58521 1.22143 0
6.0239 2.10361 0.307059 0
5.65582 2.10534 0.715117 0
6.68028 8.61109 0.307543 0
6.04441 4.56528 1.21937 0
5.57422 3.7699 0.725341 0
8.41611 4.27304 1.06804 0
4.34272 3.12341 0.306444 0
9.12028 4.44222 1.91207 0
2.72539 4.15238 1.10272 0
6.37637 0.60035 0.306494 0
0.646582 4.56464 1.08959 0
2.3657 4.44235 0.00130323 0
6.29402 0.761498 0.715082 0
8.89493 5.16593 0.801006 0
3.00837 4.07464 0.105552 0
9.4245 4.77027 1.24014 0
5.91684 1.65725 0.306491 0
1.27942 4.46888 0.000972651 0
0.119559 4.27933 0.441 0
6.2317 0.61895 0.306477 0
6.20835 4.58927 0.00130848 0
2.43277 4.17888 1.12108 0
4.53702 3.96562 0.194353 0
5.83482 1.51034 0.715149 0
5.92537 1.65697 0.714868 0
6.20736 7.40112 0.31274 0
4.8784 6.66652 0.306489 0
5.67087 1.21873 0.712353 0
2.95922 4.689 0.000593441 0
4.63678 5.60689 0.302096 0
5.25778 2.86626 0.306491 0
5.26008 2.86604 0.715145 0
7.68442 4.90908 1.04092 0
6.91528 0.240873 0.317671 0
0.505635 4.69088 1.05049 0
6.7772 8.93321 0.706705 0
8.57548 3.80995 0.736626 0
7.08598 8.8956 0.676664 0
6.36914 7.40274 0.333896 0
8.65186 4.7784 1.30154 0
5.25158 7.25037 0.715137 0
2.64102 4.85203 0.00779728 0
4.92713 5.90778 0.715176 0
2.56171 4.70205 1.22108 0
2.80537 4.70088 0.000724045 0
5.94712 2.25441 0.699285 0
6.60318 1.34216 0.323988 0
6.51898 0.5832 0.306491 0
5.79345 7.25069 0.715137 0
5.79406 7.2507 0.306485 0
4.50673 6.3846 0.715137 0
9.23951 5.29447 0.73459 0
1.21699 4.18554 1.09218 0
6.51748 1.49576 0.322252 0
5.67472 1.21874 0.306463 0
5.1289 2.70592 0.306491 0
5.7532 1.36414 0.306489 0
0.503661 3.99455 0.617392 0
4.99614 5.40899 0.272474 0
5.74571 4.59492 0.00139856 0
4.78976 6.52055 0.715137 0
5.20143 3.02494 0.306491 0
7.70786 4.90883 0.153319 0
9.09394 4.77807 1.27066 0
2.8765 4.10276 1.06287 0
6.2908 7.25404 0.33216 0
5.86453 2.40582 0.699582 0
5.15498 2.24992 0.306491 0
5.13091 2.70651 0.715137 0
8.53668 4.65617 0.110927 0
2.52632 4.30591 0.013959 0
0.404791 5.161 0.649228 0
5.44272 2.86686 0.306494 0
3.99595 3.82861 0.196719 0
6.83642 8.30687 0.338993 0
5.85452 8.1295 0.307279 0
0.100567 4.82788 0.650155 0
2.48568 4.99181 0.043082 0
6.65523 4.30541 0.0553914 0
1.9053 4.4596 0.00103832 0
5.38685 3.02376 0.711993 0
6.50544 4.29939 0.0490482 0
4.7591 2.53101 0.306491 0
7.7317 4.30542 0.141171 0
3.49503 3.99333 0.13893 0
2.82929 4.40748 0.00341926 0
6.14714 6.95717 0.675509 0
4.17514 4.42199 0.00980512 0
5.61274 5.90715 0.333677 0
5.41785 3.65617 0.721482 0
2.84746 4.68286 1.22231 0
6.10617 1.95285 0.307233 0
5.33534 3.18437 0.3065 0
2.81872 4.55252 1.78175e-05 0
5.57402 3.63256 0.671941 0
5.57225 3.81453 0.310316 0
3.94056 5.8652 0.302692 0
7.76302 4.92077 1.02743 0
5.0611 6.95778 0.715137 0
5.8048 0.784882 0.313922 0
6.02711 2.10349 0.698445 0
3.65183 3.65709 0.243063 0
4.96079 7.10571 0.308221 0
0.292219 4.50549 0.0557848 0
5.65279 1.51204 0.715128 0
9.42652 4.84016 1.04938 0
6.59858 8.76724 0.306853 0
5.11838 6.36399 0.715137 0
5.73071 4.29393 1.17911 0
9.41892 4.4393 1.41796 0
7.86495 4.93011 0.161241 0
4.56832 5.26974 0.917169 0
8.02869 4.98382 0.184588 0
5.96925 6.95611 0.708588 0
4.35538 3.54428 0.725935 0
7.22078 4.45451 1.11671 0
2.05214 4.72517 0.000969135 0
1.2171 4.68944 1.19815 0
6.21962 0.342013 0.691293 0
6.06257 4.74085 0.00707089 0
7.03712 8.75694 0.679877 0
4.90524 1.94817 0.704842 0
5.21222 5.5805 0.302901 0
4.75349 3.35744 0.715692 0
0.966657 4.73947 0.00703055 0
6.50547 7.70082 0.331885 0
5.40912 4.25701 0.0549213 0
9.6318 4.92928 0.765832 0
6.59619 0.732462 0.306462 0
6.30858 8.1399 0.715162 0
4.75099 3.35657 0.306492 0
4.51966 6.82162 0.314313 0
5.56421 3.02127 0.698598 0
4.53603 6.82121 0.71129 0
4.71609 4.14566 0.103485 0
6.63855 4.70159 1.14625 0
5.32343 2.71067 0.306491 0
1.35689 4.95245 1.14867 0
6.35823 4.58667 0.00137588 0
5.67157 3.17421 0.661358 0
0.644049 4.44713 1.07845 0
6.2892 0.760354 0.306491 0
5.3552 6.05716 0.714523 0
6.63973 4.84727 1.11725 0
1.43606 4.99838 0.0474199 0
6.434 0.436547 0.71399 0
6.04653 7.39969 0.307161 0
6.28558 7.54955 0.708391 0
7.2541 4.59489 0.0376083 0
5.88673 4.288 1.17166 0
6.34358 4.2593 1.12578 0
5.56899 6.50984 0.306744 0
5.91864 7.9849 0.30646 0
6.50895 4.87885 0.0438534 0
5.40449 4.06345 1.03016 0
5.52482 7.1028 0.715137 0
5.3862 6.51038 0.306491 0
2.51135 4.57414 1.85909e-05 0
0.361804 4.05457 0.420183 0
1.08184 4.80321 1.15007 0
5.75803 2.25548 0.712814 0
7.72307 4.60102 0.102393 0
2.67371 4.4266 0.00224827 0
1.41825 3.95578 0.803122 0
9.29418 4.74837 1.74958 0
5.32701 2.71011 0.715089 0
6.2259 0.626577 0.713889 0
5.2074 5.58256 0.73817 0
6.19337 4.26043 1.13997 0
5.38548 7.68963 0.309049 0
4.71419 4.16635 1.11672 0
6.51745 0.58419 0.714286 0
6.44163 0.747707 0.714093 0
6.37746 7.40281 0.677736 0
0.933688 4.43707 1.13367 0
6.60068 0.732987 0.709364 0
6.44187 0.746052 0.306491 0
8.85058 5.01685 0.253957 0
4.17652 4.22736 0.0523878 0
0.339151 4.46769 1.00082 0
5.83334 7.83807 0.715137 0
1.34926 4.18198 1.10436 0
5.43328 3.49787 0.693875 0
7.24954 4.7405 0.0524955 0
5.32735 7.83555 0.706824 0
5.39281 5.58721 0.310457 0
6.8051 4.31526 0.0586552 0
8.63685 4.82871 1.18313 0
5.64129 6.65883 0.71451 0
3.91374 5.72283 0.282135 0
5.20555 7.68948 0.325092 0
5.56395 2.25557 0.306491 0
6.59134 8.14927 0.311625 0
9.54078 4.44178 2.21632 0
5.97942 8.69848 0.350611 0
5.71324 7.39757 0.306491 0
0.656452 3.97516 0.413808 0
4.99264 2.54613 0.715137 0
5.66532 8.27196 0.326405 0
5.58981 2.55872 0.713039 0
4.58557 2.3692 0.307112 0
6.78346 4.573 1.1295 0
5.62074 7.25019 0.306491 0
5.85309 1.21634 0.714811 0
6.77961 8.94285 0.316018 0
4.57913 6.08299 0.306491 0
2.22334 4.18344 0.0491525 0
6.83707 0.874093 0.657088 0
6.44774 1.04755 0.708414 0
6.01855 8.55532 0.713236 0
9.25853 4.77256 1.25809 0
6.36686 0.276254 0.311744 0
8.03982 4.79393 0.118356 0
4.19051 5.66532 0.724096 0
4.37071 5.2977 0.894121 0
6.66787 0.569267 0.306523 0
2.20254 4.72111 0.000920152 0
0.653353 3.96372 0.628206 0
6.06907 8.42305 0.30819 0
4.15444 6.26631 0.714569 0
5.3608 2.25394 0.306491 0
8.9319 4.84291 1.11845 0
4.54025 3.7657 0.802745 0
6.33556 8.43457 0.715137 0
1.43634 4.59796 4.06859e-05 0
5.23029 1.80632 0.306489 0
6.39794 8.90656 0.709713 0
2.98 4.82476 1.20371 0
3.95773 5.20072 0.976994 0
5.30651 5.21483 0.959874 0
5.07228 3.89994 0.23171 0
4.96524 5.23016 0.20358 0
2.67483 4.97919 1.14263 0
6.66946 0.568242 0.710405 0
5.50674 3.17903 0.696004 0
1.3586 4.43507 1.2057 0
2.83205 4.83327 1.20223 0
5.06302 2.3974 0.306491 0
6.44948 8.1443 0.714 0
4.93547 5.04239 0.102553 0
5.2743 2.40346 0.306491 0
4.35776 3.78687 0.8168 0
4.98248 2.54558 0.306491 0
5.12825 1.95238 0.306496 0
3.31066 5.49005 0.758648 0
4.65947 6.6722 0.715141 0
6.40589 8.91816 0.314343 0
5.75314 4.91614 1.16368 0
8.48907 4.4018 1.27817 0
2.81278 4.98299 1.14017 0
7.57219 4.305 0.136921 0
5.8852 7.39856 0.306484 0
4.5068 2.507 0.306923 0
5.63681 5.90837 0.662398 0
9.06703 4.30082 1.03377 0
2.51908 4.43739 0.00160787 0
2.21285 4.44724 0.00117888 0
5.34946 7.39682 0.715137 0
5.77702 2.55832 0.306914 0
5.06476 4.31161 1.19007 0
4.77481 3.17956 0.306491 0
4.35763 4.58332 1.22451 0
6.43995 0.433575 0.306726 0
5.2695 3.51524 0.305256 0
2.87336 4.24274 1.15995 0
4.52061 5.93335 0.715139 0
4.55814 5.09536 0.128589 0
6.35761 1.50001 0.694489 0
0.338418 4.35332 0.970525 0
6.20085 8.42558 0.715137 0
3.82801 3.86347 0.181204 0
5.96192 7.25159 0.30705 0
2.43423 4.30356 1.18577 0
3.6208 4.90344 1.17945 0
6.6712 0.882464 0.307947 0
6.99583 0.550557 0.66488 0
2.68171 4.29521 0.0158667 0
8.37746 5.18904 0.822742 0
4.71604 4.35349 1.2005 0
6.05038 7.1045 0.708967 0
5.99153 7.83989 0.715137 0
3.50429 4.21825 1.15001 0
6.74878 0.722477 0.308018 0
1.75267 4.33067 0.00934514 0
5.06651 7.25126 0.308895 0
4.7235 2.23326 0.711747 0
6.04594 0.920359 0.306497 0
6.29573 7.8451 0.714523 0
6.75167 8.15355 0.336972 0
5.13537 1.95256 0.714065 0
5.89344 2.70919 0.66389 0
6.75108 8.45674 0.706257 0
1.28077 4.99121 0.0512457 0
2.16566 4.57399 1.22459 0
5.57806 4.42641 0.010234 0
5.89786 8.55749 0.340233 0
4.87824 5.75104 0.71722 0
2.03934 4.84193 1.20026 0
0.807406 4.25258 0.0593813 0
5.61887 6.95512 0.30648 0
6.20672 7.69627 0.30725 0
5.93231 8.41765 0.31247 0
5.61669 7.25014 0.715137 0
6.34725 0.2813 0.700866 0
5.15752 3.18743 0.306491 0
2.70257 4.69368 1.22163 0
5.78448 2.55787 0.699653 0
5.98933 6.65998 0.671461 0
2.29218 4.70977 1.22054 0
4.90293 4.6825 0.00359313 0
1.28009 4.86155 0.0129121 0
4.00869 4.45908 1.21876 0
8.37428 4.62316 0.107231 0
4.97112 3.18701 0.306491 0
3.65269 3.64213 0.747767 0
6.4785 0.248732 0.703133 0
3.16173 4.16102 0.0607636 0
5.38357 3.02399 0.306496 0
2.42496 4.70701 1.22073 0
5.12267 1.65878 0.309608 0
5.43866 7.25007 0.306491 0
2.05583 4.58925 1.6972e-05 0
8.70004 4.66771 0.114244 0
5.77918 1.07206 0.710486 0
6.08206 0.633634 0.306918 0
3.50833 4.0166 1.00074 0
4.64002 2.82847 0.715145 0
5.07086 2.86251 0.715137 0
5.91324 0.643884 0.31561 0
0.677881 5.22685 0.666232 0
1.43565 4.86392 0.0110051 0
6.04015 0.494771 0.317925 0
5.17105 5.41204 0.809588 0
5.61629 6.95511 0.715141 0
4.89518 4.31122 0.034354 0
8.7647 4.36191 1.16132 0
6.28199 8.58234 0.307301 0
3.81344 3.59115 0.735893 0
4.46356 5.78512 0.306461 0
4.46671 5.78365 0.716522 0
4.71568 3.96021 0.951149 0
6.65525 4.58883 0.00444509 0
5.46208 6.6591 0.306487 0
5.44916 1.80757 0.306491 0
5.91055 4.74551 0.00755782 0
5.80709 7.54493 0.715137 0
4.67805 5.76424 0.716779 0
2.04097 4.7067 1.22073 0
7.33966 4.76933 1.10946 0
8.04736 4.60621 0.103714 0
6.93519 4.29575 1.07887 0
4.57463 5.27739 0.221887 0
6.63919 4.41854 1.12854 0
5.73779 6.50983 0.310297 0
7.08772 0.226371 0.668262 0
6.08139 0.643565 0.708879 0
9.58278 4.43098 1.22947 0
5.92274 7.98492 0.715137 0
2.2946 4.30716 1.18721 0
5.70037 0.928625 0.311363 0
6.109 1.35715 0.306491 0
6.04076 4.27007 1.15136 0
4.00037 4.05317 0.117061 0
6.07274 7.98739 0.715137 0
6.28188 7.54974 0.311351 0
5.71612 6.80724 0.714765 0
5.74197 1.6589 0.715142 0
5.81329 6.65898 0.311293 0
3.13632 4.49966 0.00124343 0
0.0877544 4.71416 0.65666 0
1.91822 4.57098 1.22459 0
6.36417 7.69858 0.70757 0
3.09625 4.8383 0.00809558 0
3.4945 3.73537 0.235678 0
5.76202 7.98338 0.307477 0
3.6363 4.54281 0.00133177 0
2.41609 4.84665 1.1994 0
0.319321 4.30136 0.114935 0
5.23991 4.47251 1.21979 0
6.12167 1.06312 0.715142 0
4.92339 5.04574 1.10219 0
6.43282 7.84806 0.312564 0
5.2522 3.69048 0.292827 0
6.95391 4.58951 0.0091788 0
5.95834 1.06842 0.714618 0
5.55088 1.6599 0.71514 0
6.76142 0.221254 0.700527 0
6.48688 0.255597 0.314697 0
5.2366 4.08877 1.05825 0
0.351628 4.93104 0.130079 0
5.97201 7.54627 0.715132 0
0.935001 4.55716 1.14254 0
9.39767 4.44228 2.19274 0
4.89567 4.51018 1.2224 0
6.11785 1.06242 0.306491 0
0.369326 4.80917 0.994564 0
7.04038 8.77123 0.332047 0
7.89423 4.25668 0.16151 0
6.05903 6.80851 0.67291 0
5.98683 6.65983 0.331498 0
6.44346 1.64777 0.65805 0
0.656924 4.79654 1.07289 0
5.26 4.82454 1.20306 0
0.492393 4.33941 1.01853 0
6.63843 4.55812 1.14856 0
4.42137 5.63133 0.301134 0
0.970118 5.23946 0.712728 0
4.86178 2.85147 0.715137 0
5.09682 3.5281 0.724035 0
7.20387 4.75226 1.1146 0
5.09892 3.52568 0.305023 0
4.5396 4.54641 0.00131215 0
2.20782 4.58363 1.6972e-05 0
5.50132 3.17925 0.307105 0
6.34818 4.77281 1.18229 0
6.91647 0.219877 0.695377 0
6.18084 0.480211 0.307476 0
6.44917 7.55171 0.678785 0
5.77655 1.07225 0.306641 0
8.2308 4.11391 0.251053 0
1.75567 4.19941 0.0426332 0
6.29919 0.468096 0.711301 0
2.01973 4.30871 1.18784 0
5.71314 7.39753 0.715137 0
1.43749 4.33122 0.00914191 0
4.63136 6.96438 0.316404 0
4.53995 4.55679 1.22451 0
4.63305 2.82983 0.306491 0
3.33047 4.43987 1.21739 0
2.06292 4.31835 0.0116615 0
0.528701 5.20016 0.442258 0
5.8888 6.80766 0.707561 0
3.33875 4.27068 1.17253 0
5.85845 8.129 0.715147 0
5.06876 4.49346 1.22121 0
4.16902 5.50684 0.763908 0
3.40237 4.97818 0.0520623 0
4.18027 3.80533 0.829063 0
6.88204 0.39732 0.307765 0
6.13519 6.95705 0.333814 0
4.18313 5.66863 0.291569 0
7.65537 4.47135 1.10896 0
1.8771 4.30835 1.18772 0
6.40881 8.58982 0.715137 0
6.67913 8.60886 0.71449 0
9.38352 4.29738 0.970715 0
3.32895 4.07311 0.105069 0
6.27818 1.95055 0.320323 0
7.10782 4.30259 0.101128 0
1.1251 4.86274 0.0209435 0
0.649122 4.73763 0.0148691 0
0.381349 5.15748 0.442741 0
4.89445 4.12026 0.116727 0
5.73871 3.01798 0.663553 0
7.08296 4.29627 1.07898 0
0.804752 3.94785 0.641829 0
4.84073 5.59058 0.301262 0
7.26115 4.30116 0.114207 0
3.58795 4.9363 0.0412421 0
5.45881 2.10477 0.306491 0
1.27188 5.24263 0.752116 0
5.06693 5.74505 0.7178 0
6.50773 4.73325 0.00834496 0
4.85691 2.85074 0.306491 0
4.16456 5.15557 1.0163 0
2.21744 4.31344 0.0125759 0
7.41559 4.30184 0.123983 0
6.61342 8.45297 0.307598 0
6.44598 7.84797 0.705398 0
0.791944 4.19867 1.01668 0
6.13069 7.54782 0.714933 0
6.4741 8.44401 0.715172 0
1.74747 4.5973 1.96596e-05 0
6.35933 1.7994 0.321345 0
0.795498 4.67175 1.11661 0
3.99473 5.9991 0.308587 0
4.5447 4.7271 0.0065683 0
2.03018 4.44022 1.21787 0
5.63947 6.65868 0.306866 0
9.42709 4.44731 2.34625 0
5.90221 7.69246 0.306491 0
4.76099 5.24598 0.937066 0
4.5543 5.08844 1.07159 0
0.937426 4.67359 1.13942 0
5.45022 4.97082 0.0723189 0
5.81315 8.27197 0.712752 0
9.30973 4.44187 1.90034 0
7.71652 4.75727 0.110603 0
7.55703 4.74933 0.104216 0
5.55164 3.02176 0.307068 0
5.96457 6.95605 0.310492 0
6.11163 8.27857 0.715135 0
6.88569 0.387563 0.702459 0
5.10367 5.02736 1.11442 0
1.43168 5.23624 0.792068 0
5.43316 4.79261 0.0158886 0
8.55893 5.22418 0.794345 0
0.0742823 4.82593 0.416231 0
3.95201 5.86168 0.715206 0
5.26774 1.51302 0.703538 0
5.72893 0.928484 0.694754 0
6.30548 8.1405 0.306473 0
9.24082 4.37005 1.1361 0
5.46685 1.51291 0.714103 0
6.74956 1.03348 0.658385 0
5.43059 5.75152 0.700496 0
5.56152 7.69014 0.306668 0
2.01253 4.18022 1.12202 0
3.50067 3.75121 0.79336 0
5.86284 2.40583 0.307129 0
5.97243 2.55639 0.663485 0
1.1195 5.24244 0.730854 0
5.94437 2.25452 0.307091 0
8.2109 4.61005 0.104847 0
0.0809889 4.3841 0.435619 0
6.19518 4.54913 1.21621 0
2.19837 4.85963 0.00938618 0
6.25685 0.303309 0.312167 0
6.18703 1.50421 0.710451 0
3.90737 5.56978 0.246184 0
4.00679 3.83974 0.85221 0
6.93093 4.43985 1.11601 0
4.90779 3.72326 0.286287 0
0.940918 4.78306 1.12583 0
5.61215 4.94138 0.0621888 0
6.75914 0.245832 0.316037 0
9.03148 4.33541 0.165431 0
4.72928 4.88865 1.18583 0
6.12409 7.25269 0.312021 0
5.99093 0.782419 0.711307 0
8.69591 4.97099 0.221645 0
3.28669 4.63379 0.000397187 0
7.87675 4.77052 0.113543 0
4.21852 5.81775 0.305232 0
9.4143 4.73242 2.34373 0
9.53102 4.74767 2.05773 0
6.20669 2.10147 0.661337 0
7.75853 4.96222 0.995747 0
7.76011 5.00025 0.962403 0
7.48266 4.66583 1.11692 0
5.68907 2.71197 0.306615 0
5.56799 6.50985 0.71467 0
7.10411 4.59015 0.0159536 0
4.72566 6.37438 0.715137 0
6.67586 0.883207 0.692603 0
5.47899 2.40581 0.715183 0
5.58169 1.36571 0.306453 0
6.61544 0.230298 0.70258 0
1.27907 4.59971 0.000335732 0
7.58684 4.85369 1.07555 0
1.65665 4.56522 1.22449 0
5.42193 7.98141 0.699834 0
4.72808 5.91808 0.715167 0
4.75054 5.06534 0.114087 0
5.06761 2.86186 0.306491 0
0.118848 4.26727 0.63606 0
9.59379 4.82607 1.01041 0
6.02102 0.522911 0.687823 0
6.05698 4.58965 0.00132259 0
6.36251 1.20123 0.708908 0
6.35643 4.43949 0.00842257 0
6.12806 7.25278 0.709635 0
6.0572 7.69416 0.306479 0
5.34339 7.1032 0.715137 0
5.84756 1.21644 0.306492 0
3.82229 4.6778 1.22256 0
6.22527 7.99074 0.715104 0
5.83171 1.80653 0.714927 0
5.94023 0.64755 0.696226 0
5.45993 7.54345 0.306659 0
5.89793 4.42916 0.00946723 0
6.16879 0.501933 0.706636 0
4.54969 3.34524 0.306275 0
6.0739 7.98753 0.306491 0
5.14209 5.21882 0.200827 0
2.35936 4.57907 1.88829e-05 0
1.07811 4.19539 1.07805 0
5.67434 2.40663 0.306491 0
5.74329 6.5101 0.70421 0
4.86757 6.66657 0.715137 0
6.12881 2.25269 0.661359 0
6.19457 8.87778 0.322852 0
3.81107 3.59869 0.251348 0
5.78318 8.41581 0.336324 0
6.01473 1.8046 0.711224 0
6.7516 1.03249 0.322815 0
5.92353 8.41533 0.712391 0
5.66746 7.83667 0.715157 0
6.52058 1.49588 0.658347 0
5.13612 1.65904 0.698584 0
2.16378 4.70992 1.22053 0
4.92393 2.69674 0.715137 0
4.35714 4.57488 0.00131245 0
4.97421 7.3978 0.329677 0
0.809423 3.95823 0.418041 0
4.8893 4.14174 1.10035 0
6.05072 0.921309 0.714554 0
5.47399 2.4062 0.306491 0
6.51728 0.892527 0.306501 0
5.16753 6.80946 0.715137 0
2.15063 4.17996 1.12184 0
8.6534 4.74973 1.4126 0
6.0992 1.65457 0.710843 0
3.82303 4.30592 0.0285228 0
4.91995 3.53899 0.724969 0
4.94005 3.35944 0.715684 0
9.72634 4.73791 2.24182 0
5.5384 5.4394 0.316771 0
9.6998 4.44485 2.23862 0
9.69921 4.73743 2.07117 0
5.43075 3.50164 0.31025 0
4.92145 6.36872 0.715137 0
9.66011 4.44431 2.06841 0
9.44866 4.74775 1.58139 0
5.35427 6.80815 0.715137 0
4.91991 3.53527 0.304687 0
6.36036 4.73552 0.00694358 0
1.87525 4.18022 1.12205 0
5.84515 2.10483 0.712446 0
9.55278 4.44562 2.38714 0
9.24259 4.44819 2.1756 0
5.64895 1.80746 0.306491 0
3.10251 4.9902 1.13741 0
6.92299 0.712442 0.659392 0
5.35336 6.80813 0.306491 0
9.22603 4.73113 2.16421 0
2.19498 4.9966 0.0449842 0
9.17779 4.44316 2.04496 0
9.17541 4.73881 2.04066 0
8.60822 4.34944 1.16357 0
9.07855 4.44161 1.60875 0
9.12227 4.74487 1.91142 0
9.42649 4.44178 1.5809 0
9.61346 4.7355 1.5743 0
9.44052 4.44177 1.74172 0
9.47233 4.74745 1.74338 0
9.66344 4.74092 1.90506 0
9.0888 4.74818 1.60939 0
9.25981 4.44147 1.59034 0
2.53821 4.98462 1.13906 0
8.9172 4.43584 1.43808 0
4.49449 6.38639 0.306581 0
9.27771 4.7484 1.59112 0
9.59926 4.7401 1.40014 0
9.58663 4.44619 1.57679 0
6.39218 8.29047 0.715183 0
5.25366 6.95645 0.306491 0
5.89666 4.2635 0.0580429 0
5.59519 4.77232 0.0117259 0
5.09199 4.83751 0.0235781 0
6.65517 4.73164 0.0135741 0
9.27673 5.61559 0.7151 0
9.7114 5.80121 0.52438 0
4.53592 4.19393 1.13506 0
6.67916 8.30311 0.313395 0
4.36694 5.30897 0.218933 0
2.84805 4.14358 0.0630143 0
4.56121 3.1589 0.30649 0
6.02619 8.5625 0.316363 0
1.27709 3.93796 0.451777 0
4.17117 4.60995 0.00130241 0
8.9239 4.41232 1.29209 0
7.37686 4.30921 1.08094 0
5.31105 6.36082 0.306485 0
1.11906 3.94514 0.427121 0
7.60178 4.75341 1.10256 0
6.73513 8.77404 0.307634 0
6.12979 7.54791 0.307283 0
0.968282 4.8671 0.0293236 0
4.71626 4.33761 0.026334 0
2.40318 4.98978 1.13564 0
8.36911 4.87537 0.152646 0
3.06455 5.01909 0.0528495 0
4.36066 4.21853 1.14999 0
4.94691 5.22868 0.952321 0
6.28826 7.84517 0.307253 0
4.35888 4.40433 1.21138 0
9.19536 4.34443 0.169303 0
3.82872 4.09298 0.0988732 0
7.24484 4.88035 0.105921 0
5.53507 7.397 0.306491 0
6.36923 0.605399 0.714798 0
3.34666 3.87464 0.877443 0
6.56124 7.8503 0.325683 0
1.28025 4.20493 0.0417334 0
5.0702 2.39757 0.71514 0
5.40913 3.82655 0.808667 0
4.94029 3.35847 0.306475 0
5.08156 6.66303 0.306491 0
8.54165 5.2222 0.345751 0
5.96421 8.68681 0.6861 0
5.63813 7.54402 0.715137 0
2.77165 5.00091 0.0466194 0
5.79087 2.86324 0.314133 0
4.96161 7.39791 0.704595 0
6.21742 8.7044 0.714436 0
6.01319 8.13209 0.306488 0
5.15763 3.18725 0.71476 0
5.01478 3.02285 0.715135 0
0.65382 4.86096 0.0431033 0
5.1748 6.05795 0.715132 0
5.17524 6.05747 0.306496 0
6.92436 8.92549 0.701694 0
5.50014 7.83582 0.71494 0
2.34114 4.99733 0.0452752 0
4.07587 6.13119 0.71476 0
5.96698 8.27582 0.307518 0
7.09184 8.92872 0.3307 0
2.62893 4.99492 0.0442928 0
6.35424 7.69853 0.311827 0
0.822607 5.23558 0.690539 0
4.34201 3.11759 0.715104 0
9.55843 4.29061 0.885485 0
6.21552 7.10554 0.334158 0
6.0955 1.65452 0.306495 0
5.84206 0.785537 0.696667 0
9.22658 3.47926 0.714535 0
6.51801 8.92968 0.707655 0
5.27866 2.40331 0.715137 0
9.22814 3.47709 0.408616 0
5.71247 6.80711 0.306736 0
7.09203 0.242383 0.33149 0
5.29827 5.90203 0.307204 0
2.27264 4.98933 1.13598 0
0.965533 4.35424 0.0151409 0
1.27966 4.33773 0.0080052 0
4.86304 6.22009 0.715137 0
6.52066 8.93024 0.314863 0
5.76503 7.98306 0.715132 0
6.80487 4.44965 0.0188149 0
6.68438 1.18808 0.655757 0
6.49799 7.99756 0.311231 0
6.67915 1.18814 0.323929 0
4.84273 7.25283 0.706418 0
3.26489 4.97263 1.14945 0
4.35747 4.19638 0.0727135 0
4.75098 6.81612 0.307185 0
4.73683 7.10822 0.710444 0
7.2586 4.44657 0.0557588 0
0.646588 4.38257 0.0235012 0
5.25273 5.74622 0.716269 0
5.57155 5.60826 0.670623 0
6.6551 4.87363 0.0511138 0
3.78202 4.88465 0.0285759 0
9.41087 3.45243 0.410607 0
4.80666 2.09142 0.708047 0
6.66832 8.00097 0.673758 0
7.0547 0.396356 0.32376 0
4.72864 4.70034 0.00477762 0
4.92481 6.36899 0.306491 0
5.39219 5.59398 0.718704 0
5.35792 5.42981 0.781869 0
2.37867 4.18009 0.05052 0
6.27472 1.35311 0.709782 0
5.24108 3.87926 0.244483 0
6.29866 8.89991 0.314977 0
4.38844 2.78807 0.714149 0
6.27762 8.87176 0.707438 0
6.4929 4.67609 1.17562 0
7.10664 4.44571 0.0350905 0
5.76123 6.21053 0.330033 0
5.60977 1.07378 0.311186 0
4.15392 5.17236 0.139157 0
0.79047 4.44084 1.10782 0
6.0549 4.86088 1.17515 0
3.18488 4.15011 1.1059 0
4.79279 6.06962 0.715137 0
5.29638 3.34771 0.306457 0
2.72323 4.27626 1.17442 0
2.71907 4.40938 1.21241 0
6.20581 4.44012 0.00802235 0
4.55053 4.90893 0.0445202 0
5.07741 3.71283 0.776469 0
5.46352 3.33793 0.692592 0
7.46976 4.80231 1.09672 0
0.823992 5.2382 0.44828 0
5.97085 7.54624 0.306468 0
2.57659 4.29528 1.18241 0
4.72439 3.74818 0.792155 0
0.330211 4.82888 0.0846278 0
4.93649 2.24245 0.714985 0
3.67133 4.16505 1.11585 0
4.15826 4.98913 0.0638762 0
3.92054 5.7189 0.719878 0
5.73282 4.44359 1.21767 0
5.9279 1.36157 0.715142 0
5.08612 4.84313 1.19908 0
6.50675 4.58544 0.00211279 0
6.67522 8.30219 0.70521 0
0.812669 4.86508 0.0360162 0
9.40387 4.37568 1.10541 0
4.17703 4.01782 0.140724 0
8.21794 4.3876 0.125651 0
3.98436 3.56388 0.729807 0
5.57804 4.61507 1.22438 0
0.974176 5.24284 0.44973 0
4.42794 2.6428 0.306489 0
5.17483 5.40339 0.274565 0
7.89 4.43276 0.111357 0
5.79262 6.95533 0.71505 0
3.44051 4.93962 1.16376 0
2.06815 4.18388 0.0489567 0
2.04906 4.86301 0.0100173 0
1.22513 4.95289 1.12762 0
4.43926 6.67965 0.712601 0
5.63154 2.86504 0.700292 0
1.92309 4.83416 1.20178 0
5.64682 1.80748 0.715137 0
0.132763 4.94522 0.643289 0
5.76049 8.41493 0.692641 0
6.15225 8.82631 0.697646 0
6.03198 8.81168 0.663589 0
6.65013 8.00071 0.33279 0
0.484192 4.39052 0.0374544 0
6.10798 1.35768 0.714615 0
5.64989 8.27159 0.691634 0
8.06462 4.03801 0.836505 0
5.50991 2.71209 0.306491 0
6.34595 4.66549 1.20081 0
4.39055 5.46906 0.780442 0
2.04006 4.57246 1.22459 0
2.02827 4.98173 1.14115 0
7.07607 4.44676 1.11636 0
5.40898 4.45742 1.21894 0
6.64069 4.28315 1.0848 0
2.1596 4.84699 1.19928 0
5.73846 4.24805 0.0620169 0
6.49236 4.26883 1.10297 0
6.49176 4.40767 1.1543 0
6.75931 0.72092 0.692362 0
4.18499 4.24716 1.16234 0
5.77023 6.21082 0.66744 0
6.27007 1.35293 0.306521 0
5.89754 4.73592 1.21014 0
0.0526024 4.49443 0.425937 0
5.59231 6.20952 0.706001 0
8.77678 4.84363 1.1374 0
2.15755 4.30884 1.18789 0
4.1639 3.54014 0.281206 0
3.97243 4.84389 0.0194871 0
4.17301 3.79611 0.221752 0
5.888 4.43428 1.21193 0
4.44642 2.64671 0.712385 0
3.97936 5.0081 1.12721 0
5.58705 6.20915 0.310593 0
5.19798 6.51251 0.715137 0
5.19971 6.51242 0.306491 0
6.36343 7.99443 0.307458 0
5.16217 7.10413 0.30652 0
6.22139 7.99092 0.306545 0
5.53756 8.12696 0.694886 0
6.4919 4.54525 1.17742 0
6.34419 4.54115 1.20412 0
5.12156 3.35587 0.306474 0
1.43605 4.73212 0.00115307 0
6.92824 8.94687 0.318458 0
5.59548 7.98208 0.311717 0
4.89071 4.33354 1.19623 0
5.27445 5.00511 1.12931 0
9.43387 4.75002 1.41353 0
9.41501 4.42173 1.25633 0
3.6656 4.35534 1.20093 0
6.80176 4.85663 0.0599669 0
4.72098 4.71078 1.22021 0
6.02203 1.21215 0.306491 0
7.0652 4.74136 1.11666 0
9.05254 5.22961 0.762709 0
8.63055 4.39708 1.26317 0
4.92056 2.69649 0.306491 0
0.118587 4.93342 0.429354 0
4.89116 3.93753 0.931201 0
5.54392 8.12709 0.333939 0
9.37833 4.37819 0.167495 0
5.43728 6.95548 0.715137 0
3.9602 5.03086 0.0739723 0
0.30655 4.72341 0.0628758 0
3.67185 3.95347 0.945078 0
0.0362913 4.60624 0.408785 0
8.99978 6.21149 0.649621 0
4.6935 2.67817 0.306491 0
0.93413 4.31728 1.10536 0
3.99773 4.26608 0.0386247 0
6.31519 0.458005 0.306541 0
6.03001 1.21253 0.715146 0
5.35082 7.39683 0.306493 0
0.966764 4.22973 0.0505225 0
1.27932 4.73264 0.00221067 0
5.8842 7.3985 0.715137 0
4.583 6.52795 0.71513 0
0.806164 4.37093 0.0199036 0
8.77229 4.40756 1.28157 0
7.56865 4.45044 0.0980873 0
6.19316 1.20718 0.306491 0
6.12532 2.2527 0.31899 0
8.02013 4.38699 1.1176 0
4.34483 6.53964 0.714415 0
6.59278 8.14865 0.705309 0
5.55729 1.95593 0.715137 0
5.07099 4.28808 0.0424059 0
4.75057 6.81622 0.715132 0
5.42016 7.98152 0.334364 0
6.44029 1.34793 0.692731 0
5.11233 5.02639 0.0954247 0
5.58485 4.60203 0.00138188 0
4.18311 4.43327 1.21692 0
5.58305 5.75509 0.337833 0
8.38213 4.35743 0.14367 0
5.70832 8.12789 0.311978 0
4.18029 4.61189 1.22451 0
3.15443 4.64187 1.22459 0
1.59381 4.46299 0.00102427 0
5.96192 8.27432 0.7151 0
1.35424 4.69145 1.21563 0
5.48999 7.83593 0.311094 0
6.04174 4.41905 1.20236 0
5.91135 6.51073 0.332629 0
5.73945 4.42519 0.0103377 0
5.90278 4.58851 0.0013588 0
7.0967 4.87546 0.0876902 0
6.82924 0.556389 0.699253 0
3.66009 3.92555 0.162758 0
6.36285 4.88033 0.0400837 0
1.08731 4.9338 1.1109 0
8.05367 4.41007 0.116998 0
5.57479 4.24769 0.0605622 0
6.94936 4.86288 0.0718851 0
5.4309 7.25 0.715137 0
5.26451 4.81603 0.0198479 0
8.9318 4.77874 1.28465 0
5.57323 4.44909 1.21854 0
6.19365 4.40801 1.19461 0
6.25559 8.28425 0.715127 0
6.54179 8.60154 0.715112 0
1.7452 4.86804 0.0109414 0
1.12217 4.34493 0.00874964 0
5.96683 2.55649 0.318711 0
0.6752 5.22904 0.448991 0
9.27665 4.44188 1.74898 0
5.26842 3.51385 0.717088 0
5.8793 2.70962 0.31567 0
5.50896 1.21999 0.309646 0
6.7255 0.39654 0.712045 0
4.89761 4.50269 0.00392161 0
6.25432 8.28592 0.306481 0
8.86287 4.69433 0.119038 0
6.82589 0.559279 0.307437 0
6.27353 1.65131 0.696304 0
5.35711 7.10333 0.30649 0
6.52579 1.19428 0.691348 0
5.50033 1.21991 0.701164 0
7.70429 4.18501 0.967399 0
4.83633 5.59037 0.738174 0
3.94369 5.21708 0.145949 0
6.27677 8.57502 0.715137 0
6.51232 7.99746 0.70579 0
3.11782 4.66891 0.000331611 0
4.77557 5.24911 0.213279 0
6.28447 1.95051 0.661103 0
5.52983 7.10288 0.306491 0
0.305336 4.39988 0.0740793 0
5.38952 6.51055 0.715137 0
6.92378 4.88047 1.08536 0
8.90997 4.30312 1.05002 0
1.28083 5.25457 0.465017 0
5.66407 6.35999 0.310305 0
0.645179 4.19779 0.98879 0
5.58985 1.07375 0.689064 0
5.55166 1.65986 0.306491 0
0.498786 4.57527 1.05388 0
6.19742 1.20751 0.714436 0
6.41201 8.59455 0.30649 0
5.83834 6.36107 0.334398 0
5.66755 6.36024 0.70475 0
7.53043 4.28587 1.06412 0
5.35437 6.05676 0.306878 0
5.65551 3.17437 0.318305 0
3.93035 5.38984 0.825859 0
6.21345 7.6962 0.714866 0
3.02114 4.35372 1.20047 0
3.17371 3.96042 0.170566 0
7.06989 4.59475 1.1225 0
0.477587 4.61649 0.0136029 0
6.59369 7.85055 0.676195 0
6.1115 8.70779 0.323159 0
5.48899 6.35975 0.306745 0
5.41847 6.20919 0.714525 0
8.42544 5.66877 0.66306 0
4.35376 3.53958 0.294837 0
4.25758 6.40074 0.714295 0
5.76812 4.91499 0.0520052 0
4.88695 1.94765 0.309566 0
5.59187 5.75691 0.66043 0
3.91473 5.56257 0.744267 0
1.12631 4.99377 0.0635488 0
6.82939 0.8744 0.322163 0
6.9275 4.58569 1.12308 0
5.01925 1.80417 0.702065 0
4.53602 4.37827 1.2058 0
5.07554 4.47532 0.00566528 0
1.90183 4.59492 1.6972e-05 0
8.88994 5.40393 0.728676 0
9.08715 4.41414 1.28867 0
1.1226 4.21163 0.0428885 0
6.92486 4.73302 1.11837 0
8.87466 5.45264 0.404806 0
7.39364 4.88629 0.13068 0
1.21875 4.818 1.17546 0
7.40111 4.74437 0.0828029 0
9.07932 4.36791 1.15344 0
0.945335 4.88051 1.10228 0
6.78211 4.72036 1.12614 0
5.6218 3.33028 0.65464 0
9.4587 5.37992 0.528319 0
8.40216 3.98669 0.331421 0
3.34507 4.09049 1.06217 0
8.70923 4.31306 0.173241 0
6.53695 8.29785 0.307961 0
4.35263 2.94688 0.306495 0
8.81759 6.08417 0.653153 0
9.19285 6.24065 0.646625 0
1.07662 4.56053 1.17271 0
1.0752 4.43545 1.16134 0
2.0471 4.99982 0.0462954 0
1.07859 4.68191 1.16912 0
4.35385 2.94094 0.714911 0
1.21735 4.56275 1.20301 0
7.06311 4.88614 1.08214 0
5.70574 7.10297 0.306486 0
1.34994 4.82098 1.19545 0
0.663655 4.91557 1.03698 0
4.35535 3.76956 0.251695 0
6.57605 0.411658 0.71411 0
6.0531 4.43597 0.0085044 0
9.09704 4.74712 1.76814 0
4.81111 3.01159 0.715137 0
3.8374 3.8816 0.884874 0
2.7893 4.85116 0.00797887 0
5.46391 7.54347 0.715142 0
5.52666 6.05797 0.703161 0
8.20468 4.83388 0.128265 0
5.55869 1.95595 0.306491 0
4.8534 2.3872 0.715116 0
5.3967 2.55768 0.306491 0
5.83966 7.83829 0.3065 0
4.53798 4.171 0.0897641 0
7.36403 4.46566 1.11672 0
6.19831 4.68381 1.21097 0
7.22928 4.30391 1.08159 0
6.10935 1.95281 0.697247 0
6.28176 1.05537 0.306491 0
6.51604 7.70094 0.679499 0
5.56178 3.64806 0.335581 0
0.492386 4.84797 0.0557438 0
5.26359 1.51288 0.308539 0
8.76803 4.43166 1.40764 0
5.23883 6.21016 0.306491 0
5.73687 4.60066 1.22327 0
2.37219 4.30918 0.0133746 0
5.00854 3.0219 0.306491 0
0.536048 5.20154 0.655037 0
5.94812 1.06831 0.306496 0
5.33599 3.18384 0.710944 0
0.645427 4.50097 0.00657035 0
4.55157 3.34642 0.71551 0
5.74389 4.7586 1.21322 0
9.31741 4.74806 1.89929 0
5.97993 0.78012 0.307086 0
9.06366 3.52 0.715105 0
3.80534 4.86433 1.19459 0
6.64319 8.93572 0.706756 0
8.89939 3.61825 0.407391 0
5.70407 2.7109 0.700444 0
4.98723 6.06182 0.715137 0
5.45515 1.80747 0.715115 0
4.37567 2.78431 0.306543 0
4.51473 5.93529 0.306491 0
4.79082 5.4236 0.803354 0
6.11099 8.2802 0.306528 0
5.00185 6.51653 0.306491 0
2.14756 4.98691 1.13763 0
6.06153 6.80863 0.330699 0
5.44177 6.95546 0.306491 0
5.5341 7.39695 0.715137 0
0.807456 4.61763 0.0019348 0
1.4384 4.19341 0.0453917 0
8.7356 3.73091 0.401853 0
4.34867 3.32362 0.715208 0
9.49679 4.74765 1.89972 0
1.63618 4.43598 1.21685 0
5.00271 1.80387 0.311028 0
2.56952 4.56241 1.22458 0
8.05943 4.20303 0.191324 0
6.54406 8.60447 0.306595 0
8.7344 5.12552 0.838176 0
6.20256 2.10155 0.319409 0
5.46078 3.33944 0.308446 0
6.0491 4.71013 1.21052 0
6.05777 7.69414 0.715142 0
8.448 4.35298 1.17771 0
4.56408 3.16064 0.715137 0
5.51555 2.71156 0.713092 0
8.90056 3.60417 0.715468 0
4.59616 5.44151 0.792398 0
5.49085 6.35997 0.715034 0
0.643174 4.32655 1.04981 0
4.77769 3.18088 0.715137 0
4.3565 4.76066 1.21666 0
3.98057 3.56375 0.263118 0
6.34335 4.4026 1.18147 0
9.4699 4.44183 1.89892 0
5.02698 5.58275 0.739803 0
9.4077 3.44049 0.70956 0
9.05809 3.56578 0.40827 0
9.50169 4.44184 2.05423 0
9.58446 4.44732 1.40558 0
1.61208 4.18655 1.12362 0
9.25557 4.43762 1.42984 0
1.59043 4.30683 1.18431 0
9.55286 4.7466 2.21901 0
9.25077 4.41668 1.27561 0
5.15679 2.25005 0.715143 0
4.74239 5.06361 1.09031 0
9.38923 4.74427 2.19028 0
5.25068 2.10244 0.306491 0
5.91992 4.89653 0.044587 0
6.2079 0.912266 0.306491 0
7.7281 4.44842 0.107781 0
2.34678 4.85539 0.00858795 0
8.64022 4.42378 1.36114 0
5.2405 4.08057 0.141799 0
6.80308 4.72919 0.0198936 0
5.41829 6.20907 0.306837 0
3.65747 4.14613 0.0780303 0
0.478108 4.50474 0.0176506 0
0.809575 4.74023 0.0083547 0
3.99669 4.81873 1.20435 0
0.354802 4.04536 0.620553 0
5.42107 4.61662 0.00138687 0
4.67621 5.76478 0.30645 0
5.57076 1.36576 0.713244 0
4.75399 7.10805 0.321222 0
8.57471 3.81593 0.390094 0
5.048 6.21433 0.715137 0
5.38769 1.36651 0.702722 0
9.09324 4.7526 1.43984 0
5.79483 6.9554 0.306788 0
6.09787 8.85286 0.345303 0
8.74008 3.69123 0.719134 0
4.98712 6.06153 0.306491 0
5.96386 7.25163 0.714991 0
2.9878 4.37745 0.00585224 0
1.74537 5.00406 0.0480026 0
5.30834 6.36101 0.715134 0
5.47808 5.20991 0.946943 0
5.05022 6.21369 0.306491 0
7.885 4.60143 0.103547 0
5.91512 6.51075 0.670193 0
5.39651 1.36647 0.308589 0
6.74178 8.15312 0.677039 0
9.35385 4.74685 2.0441 0
1.59199 5.00583 0.0487344 0
5.2499 3.68894 0.760026 0
6.43884 1.04724 0.306406 0
6.20203 4.81934 1.18175 0
4.85222 6.9607 0.307496 0
1.43707 4.46427 0.00103402 0
5.89936 7.69236 0.715137 0
8.58812 4.27217 1.05494 0
4.22803 5.81508 0.715898 0
5.06778 3.91013 0.908065 0
0.0821368 4.60165 0.654468 0
5.83334 1.80641 0.306491 0
6.7885 4.288 1.07731 0
5.87664 8.55389 0.696188 0
6.06924 4.88761 0.0414453 0
1.10789 3.94249 0.694094 0
6.1826 1.50397 0.306496 0
1.66165 4.93914 1.16402 0
4.42457 6.24279 0.715137 0
6.50625 4.44129 0.00995554 0
6.16226 8.13537 0.715134 0
0.342801 4.58206 1.01173 0
4.77197 2.53187 0.7151 0
4.35935 4.93802 1.16451 0
4.79253 6.52138 0.306491 0
8.40184 5.04255 0.938293 0
6.97503 8.61543 0.334912 0
4.65624 6.67261 0.306751 0
5.99272 7.83981 0.30649 0
2.28481 4.84873 1.19895 0
6.8809 8.77558 0.311555 0
4.72301 3.93814 0.213986 0
2.8604 4.53347 1.22411 0
4.72803 5.91823 0.306491 0
6.78234 4.87081 1.09382 0
0.0832957 4.49072 0.648062 0
5.27577 7.54328 0.715042 0
0.804236 4.88178 1.07862 0
6.05426 2.4041 0.661449 0
5.27942 7.54332 0.308292 0
4.59312 2.98822 0.715137 0
6.36276 1.79938 0.659787 0
6.05235 2.40416 0.320666 0
5.44759 2.86642 0.712924 0
4.35715 4.39005 0.0160939 0
5.56744 7.69009 0.715134 0
2.9986 4.22726 0.0305771 0
5.69313 6.0597 0.668783 0
5.08375 6.66265 0.715137 0
8.20029 5.05695 0.230573 0
5.46621 5.90461 0.311605 0
4.59186 2.98969 0.306491 0
6.05164 4.28205 0.0506785 0
5.09134 7.54349 0.319288 0
5.2466 4.45574 0.00683747 0
5.06323 4.12039 1.08598 0
6.61091 8.45172 0.714809 0
4.38837 5.47273 0.274534 0
3.17911 4.31246 1.19061 0
4.78879 6.06986 0.306491 0
1.89761 4.8664 0.0106407 0
6.16178 8.13599 0.306488 0
4.5679 6.52955 0.306939 0
4.27835 5.96011 0.715141 0
6.4755 8.75861 0.306781 0
6.47412 8.44595 0.30654 0
5.12095 3.35465 0.715047 0
0.340469 4.2385 0.913831 0
8.37109 5.13722 0.293024 0
2.95394 4.9891 1.13698 0
0.507945 4.00371 0.415303 0
0.494721 4.21534 0.956991 0
6.64424 8.93902 0.31543 0
8.78521 4.7788 1.2909 0
7.34922 4.62545 1.12152 0
6.29532 7.25404 0.680054 0
7.33306 4.89631 1.07103 0
5.46047 2.10471 0.715137 0
5.06908 5.74399 0.306261 0
8.53203 4.76968 1.31439 0
5.15768 7.10404 0.715137 0
2.35272 4.71678 0.000872321 0
7.88086 4.13631 0.916124 0
2.91545 5.01176 0.0502755 0
0.649087 4.26845 0.0590982 0
8.5458 4.33567 0.160033 0
4.53877 4.36047 0.022086 0
4.16946 4.96922 1.15105 0
5.23691 6.21048 0.715137 0
1.65387 4.81722 1.20505 0
2.69025 4.83766 1.20133 0
0.955283 3.94636 0.672116 0
6.82294 8.61232 0.708139 0
4.00896 5.9969 0.715206 0
6.72406 0.404393 0.307054 0
6.21949 7.10566 0.679135 0
1.65811 4.69195 1.22168 0
4.89924 3.91917 0.222916 0
4.35606 4.76102 0.00913308 0
5.19993 2.55406 0.715137 0
5.53781 6.80722 0.306485 0
0.806029 4.4933 0.00417283 0
1.5915 4.86957 0.0112883 0
5.53736 6.80729 0.715132 0
5.20015 2.55387 0.306491 0
0.799447 4.78136 1.1043 0
5.84799 6.36122 0.666432 0
6.2055 8.43057 0.306808 0
0.493902 4.45868 1.04455 0
6.75613 8.45777 0.313865 0
0.0905308 4.37921 0.637289 0
5.92685 1.36148 0.306491 0
6.37733 7.99441 0.713976 0
5.31817 5.20995 0.206446 0
5.05977 7.25128 0.715121 0
5.02975 2.09767 0.71464 0
4.92291 2.24216 0.306502 0
6.35516 4.29481 0.0462613 0
6.43418 1.34761 0.307585 0
1.89679 5.00205 0.0471946 0
5.09064 7.5435 0.704494 0
5.30832 7.83554 0.332133 0
4.24267 6.40163 0.313015 0
4.14473 6.26696 0.310061 0
6.98407 8.61152 0.676424 0
2.86802 4.3864 1.20758 0
4.33742 6.10359 0.306493 0
4.60027 5.44774 0.281073 0
4.15767 5.34357 0.203131 0
9.22573 4.30387 1.01818 0
4.3472 6.10175 0.715137 0
7.50606 4.48204 1.1156 0
0.494195 4.27526 0.0788747 0
5.58795 3.48526 0.654399 0
7.20005 4.88951 1.07923 0
7.46086 4.91239 1.05559 0
5.61624 3.33142 0.325824 0
6.51607 1.19408 0.307602 0
9.04609 5.49396 0.718538 0
5.27986 6.66065 0.715137 0
6.23228 8.72922 0.310339 0
0.483753 4.73019 0.0232833 0
4.35591 4.94511 0.0545432 0
1.12678 5.25136 0.458148 0
4.52931 2.51075 0.710508 0
4.85059 6.96076 0.715202 0
0.356962 4.69756 1.0099 0
4.77815 2.08978 0.308508 0
5.46253 6.65922 0.715137 0
0.0488207 4.71716 0.407398 0
5.68678 6.05939 0.332261 0
3.64952 4.35096 0.0188408 0
7.67963 4.95753 1.01048 0
1.92077 4.70179 1.22105 0
5.88972 0.926305 0.709924 0
5.35631 1.95512 0.71513 0
5.75001 1.36427 0.71501 0
5.07014 4.09787 0.129665 0
4.82824 2.38572 0.306494 0
2.55116 4.84301 1.2002 0
0.660365 4.98847 0.10707 0
0.96336 3.95049 0.424512 0
4.62954 6.96441 0.712182 0
6.36439 0.901556 0.306491 0
6.90601 8.46084 0.335162 0
3.48841 4.20607 0.054702 0
3.8396 4.3099 1.18939 0
1.12361 4.736 0.00454386 0
5.59881 4.94981 1.15495 0
6.91681 0.713785 0.323539 0
9.58931 4.75853 1.2169 0
5.41118 3.84651 0.270823 0
1.07507 4.31423 1.13199 0
5.29713 3.34664 0.709796 0
6.44582 8.14491 0.307542 0
4.16527 4.79932 0.0139862 0
6.26973 1.6513 0.307391 0
6.90199 8.45987 0.678741 0
6.59979 8.76519 0.714817 0
4.16544 3.54892 0.726694 0
6.47005 8.7528 0.714925 0
6.53508 8.29696 0.714315 0
0.965359 4.61017 0.000975518 0
5.41344 4.43935 0.00795173 0
8.87008 4.30543 0.178209 0
5.7014 7.10286 0.715136 0
5.2176 7.68948 0.705136 0
1.59251 4.59829 1.63907e-05 0
6.10026 0.392452 0.675395 0
1.91211 4.19354 0.0450212 0
1.59554 4.32894 0.00961593 0
5.52198 6.05768 0.311768 0
4.06254 6.13267 0.308903 0
9.08552 4.43575 1.44104 0
5.25136 2.10239 0.715144 0
4.69725 2.67789 0.715125 0
0.50382 4.97022 0.113968 0
1.59158 4.73372 0.00106285 0
6.34823 1.50018 0.307408 0
6.20627 7.40104 0.709287 0
4.54597 3.53937 0.301994 0
5.84176 2.10503 0.306495 0
6.95592 4.30942 0.0800043 0
4.73761 3.54476 0.726132 0
4.54279 3.55114 0.727517 0
4.92789 5.90771 0.306487 0
4.86925 7.25262 0.322805 0
4.96043 6.81221 0.306494 0
5.73442 7.6911 0.306475 0
4.98867 5.41212 0.810952 0
6.18828 1.80207 0.307379 0
8.7262 5.28516 0.758688 0
4.42 6.24378 0.306485 0
5.41568 4.63402 1.22445 0
6.01207 1.80468 0.30649 0
6.18984 1.80222 0.696948 0
6.81065 8.30614 0.681849 0
6.80404 4.59096 0.00727369 0
6.33546 8.43774 0.306489 0
5.73372 7.691 0.715137 0
5.58558 2.55894 0.306491 0
6.06592 8.41885 0.715059 0
5.70331 8.1274 0.713865 0
0.387981 4.92425 0.958895 0
9.25597 4.8409 1.0846 0
5.23994 3.8798 0.87605 0
9.08741 4.44195 1.76833 0
4.36157 5.12031 1.04533 0
4.97474 3.18675 0.715137 0
5.8062 7.54494 0.306491 0
7.10041 4.73422 0.0314467 0
5.2995 5.90272 0.714283 0
5.11642 5.90281 0.715146 0
1.12225 4.47482 0.00106973 0
5.35554 1.66 0.713278 0
0.513352 4.80902 1.0331 0
5.75673 2.25556 0.306491 0
5.75104 1.95564 0.306491 0
9.7026 4.4479 2.41259 0
1.89923 4.73014 0.00102828 0
9.0244 4.72552 0.1253 0
6.43821 1.64788 0.321476 0
6.35164 8.74525 0.307392 0
6.14712 0.331225 0.321924 0
5.88826 6.80765 0.310788 0
0.651053 4.68103 1.08791 0
4.53588 3.98673 0.974537 0
5.92924 1.95466 0.306495 0
1.90866 4.32575 0.0102782 0
4.54317 4.73201 1.2187 0
2.9401 4.84839 0.00801675 0
5.56376 2.25552 0.715206 0
5.65358 2.10555 0.306491 0
6.00776 1.50774 0.306491 0
4.7216 4.52339 0.00259045 0
6.00937 1.50789 0.714842 0
1.36171 4.56411 1.21902 0
5.36493 2.25392 0.715137 0
5.23739 4.29091 1.18092 0
1.37515 4.43612 0.952927 0
2.57444 4.42576 1.21563 0
0.472785 4.50879 0.221059 0
1.27837 4.45816 0.201293 0
0.34022 4.93512 0.431386 0
3.25919 4.82016 0.0102891 0
0.261895 4.50403 0.367058 0
0.257706 4.60673 0.366491 0
1.08643 4.68862 0.957699 0
8.71299 5.07824 0.559996 0
1.08739 4.31231 0.801298 0
3.64208 4.71841 1.21966 0
5.08359 4.65743 0.00192722 0
0.804772 4.34695 0.310419 0
1.403 5.00476 0.865197 0
8.87364 5.17764 0.570385 0
3.7965 4.69909 0.2509 0
0.473641 4.61623 0.278051 0
0.474567 4.72367 0.340928 0
3.16978 4.47129 1.00026 0
0.306878 4.70988 0.706197 0
7.87076 4.217 0.986127 0
0.818106 5.05574 0.426165 0
1.27785 5.08228 0.427513 0
3.47861 4.38795 0.236839 0
3.30814 4.44115 0.239276 0
1.10798 5.01516 0.81021 0
2.27546 4.43656 0.801365 0
2.26199 4.58521 0.779037 0
2.40416 4.58309 0.765656 0
0.492889 4.70336 0.780437 0
3.83223 4.49647 1.22143 0
1.12215 4.59661 0.215741 0
2.55917 4.42808 0.771382 0
1.08467 4.44393 0.869523 0
8.72284 4.86397 0.588218 0
8.87392 4.9105 0.575938 0
4.90852 4.86467 1.1945 0
1.44223 4.44828 0.295545 0
2.43396 4.43414 1.21725 0
5.24755 4.65158 1.22444 0
1.09181 4.81564 0.91944 0
0.649373 4.15546 0.652356 0
3.8138 4.49835 0.00355197 0
1.22861 4.30392 0.854316 0
1.22641 4.45 0.918884 0
0.513349 4.81983 0.741175 0
0.645074 4.61581 0.247431 0
3.79959 4.69504 0.00370972 0
0.96239 4.47441 0.24228 0
0.6413 4.36966 0.292018 0
0.639398 4.502 0.207606 0
0.806511 4.20837 0.356942 0
0.953454 4.12023 0.686962 0
3.98572 4.65095 0.00146204 0
0.943302 4.43778 0.82623 0
3.47571 4.40188 0.0113553 0
2.29667 4.43825 1.21774 0
2.29605 4.57311 1.22459 0
2.43063 4.56927 1.22459 0
1.27753 4.1191 0.381581 0
3.99695 4.44222 0.311046 0
0.948653 4.80722 0.904363 0
1.12358 4.86674 0.223856 0
0.943262 4.55382 0.876459 0
0.943244 4.67403 0.93393 0
1.08643 4.57578 0.936539 0
8.37727 5.22488 0.597921 0
2.16295 4.44013 1.21787 0
0.801125 4.13624 0.669474 0
3.16894 4.47601 1.21994 0
0.526019 4.9723 0.707331 0
1.3784 4.14901 0.842586 0
0.972938 5.05146 0.361639 0
1.12602 5.06396 0.372568 0
0.302099 4.49028 0.685578 0
0.299748 4.59665 0.719514 0
1.43639 5.06378 0.374468 0
2.05909 4.45364 0.00110377 0
1.12025 4.13351 0.36146 0
0.655088 4.85811 0.389361 0
0.81204 4.86373 0.298292 0
3.29748 4.78601 1.21133 0
0.962107 5.0182 0.779359 0
0.498764 4.83336 0.403097 0
0.281367 4.3927 0.353667 0
0.334803 4.25765 0.648681 0
0.492782 4.20066 0.649036 0
0.962304 4.33427 0.28129 0
1.10009 4.13674 0.750704 0
1.23834 4.14311 0.79728 0
3.48564 4.57433 1.22452 0
1.12093 4.32975 0.246573 0
8.71909 5.30868 0.570136 0
3.31488 4.61499 1.22451 0
0.255941 4.71149 0.402863 0
0.801041 4.80858 0.864628 0
0.816364 5.02693 0.741852 0
0.64765 4.44148 0.802123 0
0.646491 4.57149 0.858253 0
0.79672 4.67053 0.903136 0
1.38256 4.69888 1.02854 0
0.803777 4.48128 0.235959 0
9.19929 5.29244 0.564037 0
0.372882 4.94484 0.674183 0
4.00469 4.6408 1.22451 0
1.43715 4.58741 0.386127 0
1.43268 4.73249 0.324232 0
0.649361 4.7303 0.312801 0
0.504957 4.23693 0.359346 0
0.485011 4.38295 0.267143 0
0.488867 4.34158 0.677894 0
0.489406 4.47403 0.752113 0
0.96306 4.17949 0.342414 0
4.91554 4.85905 0.0274973 0
0.967919 4.86989 0.240108 0
1.22819 4.57755 0.960231 0
3.617 4.73763 0.00580194 0
1.42777 4.8704 0.352095 0
1.37784 4.57339 1.01768 0
1.12314 4.73439 0.205459 0
1.27877 4.59324 0.181368 0
0.488968 4.58858 0.79611 0
0.80844 4.74103 0.240064 0
3.46242 4.58534 0.00121649 0
3.30958 4.6131 0.881057 0
0.648419 4.30221 0.727041 0
0.799893 4.31309 0.720508 0
1.39219 4.83368 0.984041 0
0.306429 4.38352 0.646103 0
0.797035 4.44407 0.815958 0
0.797109 4.55679 0.860393 0
1.23429 4.83064 0.926976 0
0.287309 4.82084 0.409924 0
2.41862 4.43396 0.796739 0
3.99406 4.45717 0.00543648 0
5.25317 4.63631 0.00138996 0
1.44021 4.30531 0.308216 0
0.671062 5.00623 0.717868 0
3.65583 4.52288 0.765817 0
9.21916 5.04986 0.533673 0
0.80573 4.6204 0.189643 0
8.88236 5.42843 0.565645 0
1.22813 4.70388 0.964842 0
9.02701 5.51015 0.563446 0
9.18291 5.59208 0.563828 0
8.54818 4.74314 0.438163 0
8.37516 4.94878 0.459953 0
1.2738 4.72821 0.266379 0
1.2673 4.8589 0.388381 0
3.43801 4.77887 0.00937365 0
3.464 4.75861 1.21679 0
3.30433 4.45425 0.00454008 0
0.650091 4.22843 0.33883 0
9.02382 5.23718 0.566668 0
0.666801 5.0337 0.43292 0
1.27856 4.32093 0.239706 0
0.519189 4.99902 0.430876 0
5.07474 4.66753 1.22331 0
1.25938 5.05092 0.807779 0
0.965081 4.61311 0.20056 0
0.965888 4.74323 0.209303 0
0.327429 4.82042 0.693538 0
8.37367 4.63677 0.296032 0
0.656265 4.81028 0.805546 0
1.12113 4.46239 0.21404 0
8.55329 5.25531 0.577665 0
3.65795 4.53381 1.22408 0
0.946758 4.30969 0.752839 0
0.345613 4.25427 0.39046 0
0.648456 4.68914 0.854912 0
1.43841 4.13072 0.391511 0
9.02895 4.91053 0.522132 0
8.54894 5.0338 0.573463 0
1.37381 4.29786 0.897899 0
Hexahedra
1117
158 673 676 409 4 263 354 3  0
720 633 394 413 147 146 8 7  0
1281 2220 1964 267 67 924 229 10  0
1595 2310 858 193 307 2170 134 14  0
1902 2278 950 102 513 968 292 16  0
1438 2351 659 188 502 1439 501 18  0
725 1394 491 308 1940 703 40 19  0
1342 2292 2014 432 495 1923 275 20  0
824 1494 549 471 247 450 36 21  0
284 1933 314 37 228 1598 384 22  0
1799 2309 2346 234 151 838 311 23  0
56 200 2076 1232 234 2346 311 23  0
1499 24 56 1232 914 727 234 23  0
1577 1289 2171 892 1232 2076 311 23  0
1499 610 1343 914 1232 1577 892 23  0
1531 521 86 33 1898 161 111 25  0
107 512 522 520 33 86 111 25  0
45 1659 1531 33 24 56 1898 25  0
107 520 522 512 34 26 27 35  0
170 882 791 490 41 687 745 30  0
179 2190 2135 570 47 281 465 31  0
75 1508 1141 116 42 516 500 32  0
659 2351 620 504 501 1439 115 38  0
2115 1034 1776 1311 19 363 127 40  0
1271 698 2115 1311 703 1940 19 40  0
274 727 387 49 262 24 45 44  0
1238 2210 1656 99 103 1176 359 48  0
805 2375 945 479 236 1164 422 50  0
1387 612 112 150 1588 993 421 51  0
417 1294 1387 150 467 2136 1588 51  0
1137 1959 973 2149 506 250 316 52  0
1235 1241 1137 2149 81 279 506 52  0
881 2080 667 1838 543 554 544 53  0
882 791 881 1838 170 490 543 53  0
1911 1961 60 448 672 1551 389 54  0
127 1776 1911 448 363 1034 672 54  0
43 387 727 234 1659 45 24 56  0
1531 1506 1503 1898 1659 1464 200 56  0
2346 668 43 234 200 1464 1659 56  0
2226 2282 1968 2093 1156 1957 283 57  0
863 2368 1182 572 1156 2226 2093 57  0
776 593 1406 2185 251 257 381 58  0
405 142 776 2185 2 1 251 58  0
1539 993 421 330 808 612 112 59  0
78 675 1539 330 299 604 808 59  0
89 1950 1551 389 375 640 1961 60  0
2359 2315 2079 2031 983 2017 174 61  0
1085 2258 2359 2031 434 1381 983 61  0
1928 1872 1802 2032 823 1934 302 62  0
856 1109 2241 2352 2032 1802 302 62  0
1928 1800 602 823 2032 1693 370 62  0
2369 1099 856 2352 370 1693 2032 62  0
320 140 760 1954 2352 2241 302 62  0
792 94 320 1954 370 2369 2352 62  0
1404 1294 417 141 1207 2136 467 64  0
15 276 1404 141 296 737 1207 64  0
2220 2365 1590 924 1281 1247 376 67  0
1798 2080 554 168 2083 667 544 68  0
535 926 1798 168 301 1762 2083 68  0
1542 1368 1597 1544 456 310 440 69  0
1013 1033 1542 1544 368 333 456 69  0
1184 1878 1603 2029 293 524 166 70  0
1737 870 1184 2029 487 76 293 70  0
1187 1988 558 561 2188 1260 534 72  0
514 1375 1187 561 463 840 2188 72  0
1783 908 1777 1876 186 187 541 73  0
1783 1376 190 186 1876 1106 185 73  0
1141 1202 820 1508 116 235 171 75  0
118 1760 1737 487 256 1037 870 76  0
2296 2295 1962 656 839 1363 546 77  0
950 2278 2296 656 292 968 839 77  0
783 795 604 675 237 429 299 78  0
1370 1082 137 460 1596 1960 457 79  0
390 985 1370 460 459 1602 1596 79  0
1262 2139 343 342 2040 1492 360 80  0
321 883 1262 342 345 1285 2040 80  0
1241 1834 485 279 1235 1244 338 81  0
1682 1591 733 603 362 285 98 82  0
1682 1775 361 362 603 2069 344 82  0
2070 2069 344 341 1006 1775 361 83  0
2070 2139 1492 1006 341 343 360 83  0
2281 2282 1957 1982 966 1968 283 84  0
2057 2335 2281 1982 533 1055 966 84  0
331 380 1041 1749 2242 2378 209 85  0
1313 2187 1731 2131 209 2378 2242 85  0
1731 1109 1802 2131 2242 2241 302 85  0
760 140 331 1749 302 2241 2242 85  0
1857 1899 1313 2131 1888 1854 209 85  0
1857 1872 1934 1888 2131 1802 302 85  0
1395 2185 405 304 1393 776 142 87  0
1395 1399 1396 1393 304 113 114 87  0
1642 991 822 1489 259 378 255 88  0
824 1494 1642 1489 471 549 259 88  0
1866 1608 129 379 1809 2066 374 90  0
133 1510 1866 379 329 1413 1809 90  0
1692 694 492 493 1778 1528 130 93  0
480 875 1692 493 481 1040 1778 93  0
2353 2379 641 1972 2369 2352 320 94  0
2353 241 240 2369 1972 261 11 94  0
370 12 557 792 2369 240 11 94  0
974 1416 1885 580 320 1954 792 94  0
1885 508 211 580 792 557 11 94  0
1443 783 237 568 851 795 429 96  0
153 801 1443 568 220 770 851 96  0
1212 1927 337 303 2109 1524 404 97  0
1212 918 920 2109 303 328 339 97  0
339 920 1591 285 328 918 733 98  0
2210 2310 858 1238 1656 1595 193 99  0
825 678 1204 960 472 446 473 100  0
825 852 420 472 960 2022 427 100  0
2278 2377 276 1902 950 738 15 102  0
1217 2363 2210 1238 441 2143 1176 103  0
2213 2301 1662 617 1664 2096 403 104  0
1621 2212 890 286 1664 2213 617 104  0
2280 2279 1582 2090 1780 584 447 106  0
1750 2229 2280 2090 280 1079 1780 106  0
1470 912 254 425 1769 1837 318 108  0
477 1599 1470 425 476 1533 1769 108  0
1872 1934 823 1928 319 356 109 523  0
1928 1800 509 523 823 602 515 109  0
657 602 515 157 1206 1800 509 110  0
166 1603 657 157 524 1878 1206 110  0
710 1423 1396 1399 401 416 114 113  0
1799 2309 2351 1439 165 666 620 115  0
1418 1415 273 159 794 1414 164 117  0
1418 1820 2173 794 159 415 395 117  0
1072 598 987 575 183 244 203 120  0
184 1532 2094 323 183 1072 575 120  0
1185 873 428 172 1867 1226 419 122  0
1185 1094 1186 1867 172 386 482 122  0
1321 593 257 167 1266 1406 381 123  0
1321 676 673 1266 167 354 263 123  0
2319 2285 1451 2108 1672 1789 226 124  0
1381 2258 2319 2108 434 1085 1672 124  0
2344 2277 739 1816 1116 1846 131 126  0
1984 2303 2344 1816 315 1497 1116 126  0
1726 1722 175 266 1077 1297 555 128  0
553 1480 1726 266 548 597 1077 128  0
694 1394 491 492 1528 725 308 130  0
2277 2310 2170 739 1846 858 134 131  0
2111 1973 2071 2124 453 451 454 132  0
2163 861 2111 2124 444 452 453 132  0
1413 1491 227 329 1510 1457 313 133  0
1502 1287 1146 886 326 385 288 135  0
466 1355 1115 324 326 1502 886 135  0
1520 1481 1380 2153 348 336 350 136  0
1520 1524 404 348 2153 1927 337 136  0
1960 1477 981 1082 457 458 349 137  0
1994 1618 478 430 2097 1547 351 138  0
481 1040 1994 430 480 875 2097 138  0
1500 852 2022 2042 474 420 427 139  0
1500 1226 419 474 2042 873 428 139  0
2215 2221 800 1880 2241 2242 331 140  0
2215 2379 2352 2241 1880 641 320 140  0
1122 764 1749 760 1623 1008 331 140  0
1122 1416 974 1623 760 1954 320 140  0
1323 1744 1234 1881 507 340 173 143  0
1680 1367 1323 1881 559 538 507 143  0
2273 2372 1476 2015 1773 650 475 144  0
2273 242 13 1773 2015 1996 494 144  0
1943 1094 386 483 1702 1186 482 145  0
1943 2053 1758 1702 483 484 426 145  0
1035 2026 297 439 633 720 147 146  0
1945 2163 444 443 1075 861 452 149  0
1945 1533 1599 1075 443 476 477 149  0
2309 2351 1438 838 1799 1439 502 151  0
2275 2259 628 1256 1242 2038 238 152  0
1752 2248 2275 1256 223 1004 1242 152  0
770 645 213 220 801 1766 272 153  0
629 1423 710 587 414 416 401 154  0
1431 1420 629 587 402 418 414 154  0
1899 1506 1503 1854 519 518 528 155  0
1899 1857 517 519 1854 1888 532 155  0
1409 2016 282 265 1459 2030 294 156  0
222 1521 1409 265 468 651 1459 156  0
676 1412 1407 673 409 407 410 158  0
2334 2220 924 1815 2036 1964 229 160  0
1699 2307 2334 1815 287 2043 2036 160  0
1531 1506 518 521 1898 1503 528 161  0
1430 2117 486 400 1901 1143 365 162  0
1420 418 402 1431 1430 400 162 1901  0
833 1519 560 358 779 1517 176 163  0
463 840 833 358 514 1375 779 163  0
1415 1412 407 273 1414 1407 410 164  0
1799 234 2346 2309 165 43 668 666  0
1102 1334 249 542 1174 644 233 169  0
382 1090 1102 542 488 998 1174 169  0
1202 1173 1312 820 235 567 224 171  0
1744 1988 1260 1234 340 558 534 173  0
2315 2375 1164 2079 2017 945 422 174  0
1297 1985 1989 1722 555 536 539 175  0
1519 1372 563 560 1517 1291 566 176  0
1548 1727 510 431 1753 1736 530 177  0
288 1146 1548 431 385 1287 1753 177  0
2206 2380 1904 1875 1022 750 525 178  0
1337 2325 2206 1875 406 2203 1022 178  0
2135 1344 1118 2190 570 289 571 179  0
2372 2299 1805 650 1283 2158 424 180  0
2372 650 1773 2273 1283 180 309 1064  0
1813 1748 271 505 1705 1712 290 181  0
489 2081 1813 505 498 1466 1705 181  0
1286 1376 1106 1840 369 190 185 182  0
1286 1930 196 369 1840 1944 291 182  0
541 1777 2094 323 187 908 1532 184  0
1806 2350 2351 659 383 2085 1438 188  0
2293 2292 1923 844 2018 2014 275 189  0
1004 2248 2293 844 223 1752 2018 189  0
1039 1583 258 436 2091 1629 367 192  0
203 987 1039 436 244 598 2091 192  0
1124 1101 888 1369 408 210 205 194  0
1894 1580 1124 1369 55 206 408 194  0
274 295 914 727 262 353 1499 24  0
510 1727 1944 291 530 1736 1930 196  0
865 973 1959 1611 215 316 250 198  0
1614 868 865 1611 437 252 215 198  0
1019 1036 1479 1495 352 372 269 199  0
864 1426 1019 1495 201 550 352 199  0
668 2187 1313 1464 2346 2378 209 200  0
1041 380 311 2076 209 2378 2346 200  0
1899 1854 1503 1506 1313 209 200 1464  0
1491 1457 1426 864 227 313 550 201  0
1543 1811 1804 1861 388 423 195 202  0
1543 1629 367 388 1861 1583 258 202  0
1295 1469 746 1160 207 219 218 204  0
888 1101 1295 1160 205 210 207 204  0
610 1143 365 327 1343 2117 486 208  0
353 1499 610 327 295 914 1343 208  0
1885 1035 2026 580 508 439 297 211  0
599 1999 105 551 955 1148 305 212  0
526 2064 599 551 332 937 955 212  0
1766 746 1469 645 272 218 219 213  0
2067 2133 977 2000 277 540 371 214  0
1380 350 336 1481 2000 214 277 2067  0
695 411 9 312 1938 1947 442 216  0
129 1608 695 312 374 2066 1938 216  0
1173 1334 644 1312 567 249 233 224  0
1856 1504 357 268 2019 1514 433 225  0
255 822 1856 268 378 991 2019 225  0
2285 2266 1446 1451 1789 1471 232 226  0
1933 981 1477 1598 284 349 458 228  0
719 2116 1410 1062 253 565 564 231  0
700 1534 719 1062 278 569 253 231  0
2266 2377 738 1446 1471 1871 545 232  0
2375 2291 1746 1164 805 1301 335 236  0
2259 2295 1363 628 2038 1962 546 238  0
1136 1942 1585 1710 884 784 2227 243  0
1579 1300 1136 1710 12 240 884 243  0
2099 754 217 300 897 849 527 246  0
239 1325 2099 300 412 899 897 246  0
1494 1183 449 450 824 907 455 247  0
473 1204 1837 318 446 678 912 254  0
1760 1449 1253 1037 118 125 364 256  0
2353 2273 242 241 1972 1064 74 261  0
1141 1508 1534 700 500 516 569 278  0
2229 2283 931 1079 1750 611 392 280  0
2135 905 470 465 2190 1304 322 281  0
269 1479 2030 294 372 1036 2016 282  0
2212 2291 1301 1621 890 1746 335 286  0
2307 2325 1337 2043 1699 2203 406 287  0
1118 1115 324 571 1344 1355 466 289  0
1748 1981 221 271 1712 1649 245 290  0
276 15 738 2377 737 296 545 1871  0
926 1240 689 1762 535 552 537 301  0
1999 1434 529 105 1148 936 298 305  0
2361 2228 573 2107 1723 1562 355 306  0
2143 2363 2361 2107 441 1217 1723 306  0
2310 2368 1182 2170 1595 863 572 307  0
2273 1773 13 242 1064 309 17 74  0
1878 1206 1579 1710 1603 657 12 243  0
1184 2029 1603 1878 1585 2227 243 1710  0
1597 1598 384 440 1368 1933 314 310  0
2309 2360 2378 2346 838 1653 380 311  0
1289 1795 642 2171 2076 1041 380 311  0
1796 2289 2303 1984 393 1193 1497 315  0
1857 1888 1934 1872 517 532 356 319  0
1285 1570 334 345 883 976 346 321  0
998 1090 905 1304 488 382 470 322  0
764 1795 1041 1749 1008 642 380 331  0
2221 2360 1653 800 2242 2378 380 331  0
252 868 2064 526 437 1614 937 332  0
1013 1504 1514 1033 368 357 433 333  0
976 1306 1779 1570 346 92 347 334  0
1253 1449 1834 1244 364 125 485 338  0
1618 2053 484 478 1547 1758 426 351  0
1582 2279 2228 1562 447 584 573 355  0
1206 1800 1693 1579 657 602 370 12  0
1300 1099 2369 240 1579 1693 370 12  0
2210 2339 1284 1656 1176 1566 391 359  0
2082 754 849 585 71 217 527 366  0
1792 2023 2082 585 499 63 71 366  0
373 971 2133 540 462 2068 977 371  0
2068 1687 464 462 971 1338 438 373  0
101 1201 1950 89 248 1708 640 375  0
2365 2232 1709 1590 1247 1298 556 376  0
1665 2348 2350 1806 497 1787 2085 383  0
1602 1637 461 459 985 1658 469 390  0
2339 2301 2096 1284 1566 1662 403 391  0
9 411 2283 611 442 1947 931 392  0
2289 2232 1298 1193 1796 1709 556 393  0
720 1388 397 413 633 1915 399 394  0
1820 1424 1417 2173 415 5 6 395  0
660 662 5 398 1841 1427 6 396  0
397 1388 660 398 399 1915 1841 396  0
1325 242 1996 899 239 13 494 412  0
1787 2348 2299 2158 497 1665 1805 424  0
2292 2335 2057 1342 2014 1055 533 432  0
1687 1658 469 464 1338 1637 461 438  0
2348 2350 643 1791 1665 1806 496 445  0
2299 1805 1665 2348 665 503 445 1791  0
907 2071 1973 1183 455 454 451 449  0
65 1587 1521 222 435 1223 651 468  0
2372 2299 665 1476 650 1805 503 475  0
2292 1923 495 1342 2375 945 479 805  0
2350 2351 620 643 1806 659 504 496  0
2081 2023 1792 1466 489 63 499 498  0
1904 2380 2278 1902 525 750 968 513  0
30 895 936 298 41 1613 1434 529  0
1781 1372 1291 994 562 563 566 531  0
1781 2116 565 562 994 1410 564 531  0
1989 1680 559 539 1985 1367 538 536  0
1240 597 1480 689 552 548 553 537  0
1942 948 1913 1585 784 1452 1228 2227  0
2287 2321 1455 1576 2228 2279 584 573  0
2287 2286 2361 2228 1576 1486 2107 573  0
1770 2087 1542 1368 630 1482 1544 1597  0
1770 981 1477 630 1368 1933 1598 1597  0
1689 606 2060 1361 1280 1645 1016 574  0
1584 682 1538 1119 1361 2060 1016 574  0
1584 845 1018 1361 1119 2156 1461 574  0
1689 1026 1167 1280 1361 1018 1461 574  0
598 1828 1567 1072 987 2105 2063 575  0
1532 2062 618 2094 1072 1567 2063 575  0
1071 653 1671 638 2061 827 1044 576  0
1986 1356 1824 1983 638 1671 1044 576  0
1986 2000 1380 638 1983 2067 1481 576  0
1071 2153 1520 2061 638 1380 1481 576  0
1123 1757 2011 2189 1740 1230 2127 577  0
1013 1033 1514 1504 577 2189 2011 2127  0
1033 1542 2087 2189 1013 1544 1482 577  0
1123 711 589 1740 2189 2087 1482 577  0
1690 846 705 1435 1581 1843 1851 578  0
2115 1311 1776 1034 578 1435 705 1851  0
1311 1271 1282 1435 2115 698 743 578  0
1690 1924 2160 1581 1435 1282 743 578  0
1061 1781 1372 684 1331 994 1291 579  0
2084 1519 1517 1735 684 1372 1291 579  0
2084 609 1949 684 1735 1346 995 579  0
1061 1385 616 1331 684 1949 995 579  0
1035 1654 1416 1885 2026 826 974 580  0
1248 1527 954 1897 2025 654 909 581  0
845 2156 1119 1584 581 1897 954 909  0
2156 1863 1738 1897 845 635 1243 581  0
1248 1083 722 2025 1897 1738 1243 581  0
1958 2161 2194 2184 1354 1371 683 582  0
2199 2148 1405 788 2184 2194 683 582  0
2199 1246 1827 2184 788 2024 1684 582  0
1958 1408 1594 1354 2184 1827 1684 582  0
1110 1171 1383 2101 1205 1847 1073 583  0
1316 624 590 1853 2101 1383 1073 583  0
1316 1502 1287 2101 1853 886 1146 583  0
1110 1753 1548 1205 2101 1287 1146 583  0
2321 2269 1236 1455 2279 2280 1780 584  0
1561 1336 1274 1275 2082 754 849 585  0
1561 1135 2023 2082 1275 1794 1792 585  0
1258 2003 2128 1432 2012 1254 1803 586  0
916 1025 2121 1288 1432 2128 1803 586  0
916 1967 1718 1432 1288 2008 1730 586  0
1258 1010 2165 2012 1432 1718 1730 586  0
1420 1400 1419 1431 629 1422 1421 587  0
1896 1874 1423 710 1421 1422 629 587  0
1249 1437 1529 940 1545 922 930 588  0
95 547 230 197 940 1529 930 588  0
95 248 1708 940 197 101 1201 588  0
1249 1403 1605 1545 940 1708 1201 588  0
1005 2054 1123 711 2168 1056 1740 589  0
2087 1770 1445 711 1482 630 996 589  0
1005 1088 1373 2168 711 1445 996 589  0
1383 639 799 624 1073 1912 928 590  0
953 1468 796 806 624 799 928 590  0
953 1142 1316 624 806 1111 1853 590  0
747 1692 875 1997 1292 1778 1040 591  0
2138 2097 1994 1825 1997 875 1040 591  0
2138 1761 1509 1997 1825 929 2178 591  0
747 654 1527 1292 1997 1509 2178 591  0
1402 1197 732 1309 1391 1195 1559 592  0
2044 1017 1956 1657 1309 732 1559 592  0
2044 1978 686 1309 1657 1127 1565 592  0
1402 742 2150 1391 1309 686 1565 592  0
980 1395 1393 1905 1406 2185 776 593  0
980 1179 1266 1406 1905 1909 1321 593  0
1349 1087 1462 731 1884 1764 1074 594  0
1636 1634 2059 1353 731 1462 1074 594  0
1636 1360 1975 731 1353 1150 1067 594  0
1349 1267 1953 1884 731 1975 1067 594  0
1215 605 1068 1219 2358 2262 2112 595  0
1801 1112 871 1233 1219 1068 2112 595  0
1801 1552 2005 1219 1233 1103 637 595  0
1215 2276 1155 2358 1219 2005 637 595  0
2027 1350 782 885 1635 1734 1433 596  0
767 1386 674 2154 885 782 1433 596  0
767 1686 2092 885 2154 1523 1951 596  0
2027 696 889 1635 885 2092 1951 596  0
689 1276 756 1480 1240 919 1592 597  0
1726 1327 1858 1077 1480 756 1592 597  0
1039 869 1969 2091 987 2105 1828 598  0
1717 1895 937 955 1557 1347 2064 599  0
1717 1701 1819 1557 955 1148 1999 599  0
963 915 1385 2110 959 962 616 600  0
1836 1949 995 631 2110 1385 616 600  0
1836 1181 1912 2110 631 1166 639 600  0
963 928 799 959 2110 1912 639 600  0
2193 1127 1565 1009 809 1978 686 601  0
2151 2150 742 2147 1009 1565 686 601  0
2151 901 1028 1009 2147 1774 1817 601  0
2193 785 623 809 1009 1028 1817 601  0
1591 1032 1675 1682 733 1974 2009 603  0
1775 837 1428 2069 1682 1675 2009 603  0
857 1063 1555 1564 675 783 795 604  0
857 1844 1539 675 1564 1059 808 604  0
2112 1919 2098 2262 1068 1568 1648 605  0
2330 1162 2373 2297 2262 2098 1648 605  0
2330 1318 2358 2262 2297 2300 1215 605  0
1016 1940 698 1645 2060 703 1271 606  0
1189 743 1282 1714 1645 698 1271 606  0
1189 1573 1280 1645 1714 1436 1689 606  0
1536 688 1633 1865 1398 894 1632 607  0
1475 699 2086 1995 1865 1633 1632 607  0
1475 813 1971 1865 1995 1366 847 607  0
1536 766 1330 1398 1865 1971 847 607  0
1157 1607 1264 627 1259 1786 866 608  0
1229 1209 2195 1070 627 1264 866 608  0
1229 121 119 627 1070 2137 1697 608  0
1157 270 2134 1259 627 119 1697 608  0
1540 1688 1735 1346 1619 2065 2084 609  0
995 631 1756 1346 1949 1836 1679 609  0
1540 1601 1147 1619 1346 1756 1679 609  0
1647 802 2117 1143 1577 892 1343 610  0
2220 1964 411 2283 1281 267 9 611  0
2365 1247 1281 2220 2229 1750 611 2283  0
1252 1844 1059 1145 993 1539 808 612  0
1252 1216 1588 993 1145 1624 1387 612  0
1263 1535 768 1558 2196 1650 1314 613  0
1053 1340 1908 1269 1558 768 1314 613  0
1053 774 2089 1558 1269 2174 1970 613  0
1263 2045 1893 2196 1558 2089 1970 613  0
1932 1277 752 778 1586 900 1066 614  0
1058 1315 1348 1936 778 752 1066 614  0
1058 836 1814 778 1936 835 2132 614  0
1932 1086 1120 1586 778 1814 2132 614  0
773 1155 1742 815 677 2276 1696 615  0
2197 1159 652 1014 815 1742 1696 615  0
2197 1823 831 815 1014 1023 877 615  0
773 880 1979 677 815 831 877 615  0
915 1069 1061 1385 962 1616 1331 616  0
2301 2224 2223 2213 1662 2088 1768 617  0
2212 2208 1920 890 2213 2223 1768 617  0
1567 1907 2141 2062 2063 854 1910 618  0
1076 2102 780 1030 2062 2141 1910 618  0
1076 908 1532 2062 1030 1777 2094 618  0
1525 647 625 935 902 1832 2021 619  0
970 1794 1135 1196 935 625 2021 619  0
970 2177 1329 935 1196 1652 1767 619  0
1525 1546 1609 902 935 1329 1767 619  0
2309 2360 2350 2351 666 749 643 620  0
2296 2278 2380 2250 839 968 750 621  0
2251 2206 1022 777 2250 2380 750 621  0
2251 2240 2216 2250 777 1808 2119 621  0
2295 1363 839 2296 2216 2119 621 2250  0
740 1754 1130 1012 2181 1172 1860 622  0
1076 1030 780 2102 622 1012 1130 1860  0
1030 1777 1876 1012 1076 908 1783 622  0
740 1106 1376 2181 1012 1876 1783 622  0
1460 1440 2193 785 1522 1831 809 623  0
1028 1224 763 785 1817 1627 1578 623  0
1460 1617 965 1522 785 763 1578 623  0
1135 1561 1326 2021 1794 1275 721 625  0
1832 2078 1678 647 2021 1326 721 625  0
1580 2126 28 206 1894 1625 46 55  0
2077 758 1052 2010 2073 992 1862 626  0
1955 1126 1125 1320 2010 1052 1862 626  0
1955 1285 2040 2010 1320 883 1262 626  0
2077 1492 2139 2073 2010 2040 1262 626  0
2374 2216 2119 1667 2259 2295 1363 628  0
2374 2333 2275 2259 1667 634 1256 628  0
1445 1082 1960 996 1770 981 1477 630  0
1679 1651 1181 1836 1756 1670 1166 631  0
1447 1379 2045 2122 1695 1048 1893 632  0
1569 2089 1970 2034 2122 2045 1893 632  0
1569 1661 1626 2122 2034 1630 1922 632  0
1447 2260 2311 1695 2122 1626 1922 632  0
1654 826 2026 1035 1915 1388 720 633  0
2336 2261 961 1550 2333 2374 1667 634  0
2336 2304 2332 2333 1550 927 1891 634  0
1752 1256 2275 2248 1891 634 2333 2332  0
1268 1461 1018 1743 1863 2156 845 635  0
1268 898 1889 1863 1743 1138 2074 635  0
1738 704 816 1243 1863 1889 2074 635  0
1153 811 2202 810 663 803 2200 636  0
1572 1601 1147 2058 810 2202 2200 636  0
1572 2103 891 810 2058 843 707 636  0
1153 1172 1754 663 810 891 707 636  0
1552 679 1765 2005 1103 1993 1937 637  0
1155 2276 677 773 637 2005 1765 1937  0
1181 1847 1073 1912 1166 1171 1383 639  0
1833 1605 1403 772 1950 1201 1708 640  0
1833 1883 1551 1950 772 906 1961 640  0
2299 2158 1283 2372 2215 1880 641 2379  0
2372 2273 2353 2379 1283 1064 1972 641  0
1788 1906 1289 1795 850 997 2171 642  0
1788 1448 1715 850 1795 764 1008 642  0
2360 2221 2348 2350 749 964 1791 643  0
1818 1728 1173 1334 771 2041 1312 644  0
1818 932 1049 771 1334 1102 1174 644  0
1552 1103 1233 1801 645 1766 746 1469  0
1103 1993 801 1766 1552 679 770 645  0
2183 1299 1296 1364 947 832 853 646  0
2167 1045 1093 986 1364 1296 853 646  0
2167 1829 1384 1364 986 761 1332 646  0
2183 978 2198 947 1364 1384 1332 646  0
1760 1037 1253 1449 2078 1678 647 1832  0
1449 1834 902 1832 1253 1244 1525 647  0
1092 877 1979 781 670 831 880 648  0
1556 2072 872 949 781 1979 880 648  0
1556 2207 1877 781 949 1042 944 648  0
1092 830 655 670 781 1877 944 648  0
317 1763 1015 377 91 734 1739 325  0
29 1630 1661 39 377 1015 1739 325  0
1398 894 1929 1513 1536 688 1941 649  0
1553 1859 1935 2006 1513 1929 1941 649  0
1553 758 769 1513 2006 992 775 649  0
1536 1398 1330 766 649 1513 769 775  0
2288 2357 2356 2211 1521 1587 1223 651  0
2288 652 1409 1521 2211 1159 1459 651  0
1742 1318 2211 1159 1696 2300 2288 652  0
1459 2030 2197 1159 1409 2016 1014 652  0
1044 1869 1713 827 1671 1467 1107 653  0
1350 1734 1635 2027 1713 1107 653 827  0
2027 696 2061 827 1635 889 1071 653  0
954 1537 972 909 1527 1292 747 654  0
2178 2179 702 1509 1527 1248 2025 654  0
2106 2037 1092 830 716 828 670 655  0
1877 2265 1105 830 944 1362 2028 655  0
2106 1163 1914 716 830 1105 2028 655  0
2266 1446 738 2377 2296 656 950 2278  0
2285 1451 1446 2266 2295 1962 656 2296  0
2314 2329 2347 2253 1237 1921 1870 658  0
2257 2308 2048 1849 2253 2347 1870 658  0
2257 2208 2223 2253 1849 1920 1768 658  0
2314 2224 2088 1237 2253 2223 1768 658  0
1677 1448 1715 2020 1841 1427 662 660  0
1677 1654 1915 1841 2020 826 1388 660  0
2181 1172 891 1290 740 1754 707 661  0
1926 2103 843 1333 1290 891 707 661  0
1926 1930 1286 1290 1333 1944 1840 661  0
740 2181 1376 1106 661 1290 1286 1840  0
6 1417 2140 1427 5 1424 1931 662  0
1788 850 1715 1448 2140 1931 662 1427  0
1594 1354 811 1153 1408 1958 803 663  0
1594 1860 1130 1408 1153 1172 1754 663  0
1191 988 755 1139 1128 2164 1516 664  0
865 1611 1959 973 664 1139 755 1516  0
1611 1614 1615 1139 865 868 1966 664  0
1191 1638 1574 1128 1139 1615 1966 664  0
2215 2221 964 1317 2299 2348 1791 665  0
2299 2215 2379 2372 665 1317 706 1476  0
2309 2346 2378 2360 666 668 2187 749  0
1798 1560 969 2080 2083 1882 1397 667  0
881 876 728 1838 2080 969 1397 667  0
2326 2354 2327 2238 2114 1673 1335 669  0
2371 2209 804 2180 2238 2327 1335 669  0
2371 2255 2366 2238 2180 708 2129 669  0
2326 2367 911 2114 2238 2366 2129 669  0
2037 1023 877 1092 828 1823 831 670  0
730 907 2071 2039 1977 1183 1973 671  0
1078 2124 2111 2056 2039 2071 1973 671  0
1078 2003 1231 2039 2056 1254 789 671  0
730 759 1453 1977 2039 1231 789 671  0
1131 906 1961 1911 1620 1883 1551 672  0
1131 705 1851 1620 1911 1776 1034 672  0
1179 1909 1412 1407 1266 1321 676 673  0
782 1660 1401 1386 1433 1868 1411 674  0
1475 1995 2086 699 674 1386 1401 1411  0
1995 1366 767 1386 1475 813 2154 674  0
1937 872 2072 1765 773 880 1979 677  0
960 2146 934 1204 825 812 1151 678  0
1837 1158 1496 912 1204 934 1151 678  0
1937 872 762 1993 1765 2072 1051 679  0
1443 851 770 801 762 1051 679 1993  0
1000 723 1606 1222 1227 1192 2004 680  0
701 1001 1442 2075 1222 1606 2004 680  0
701 1763 1779 1222 2075 734 1306 680  0
1000 1570 976 1227 1222 1779 1306 680  0
1425 1419 896 1903 1429 1400 1646 681  0
1906 1647 802 997 1903 896 1646 681  0
1906 1788 2140 1903 997 850 1931 681  0
1425 1417 1424 1429 1903 2140 1931 681  0
1537 1528 725 1538 972 694 1394 682  0
1940 703 2060 1016 725 1394 682 1538  0
954 909 972 1537 1119 1584 682 1538  0
2161 2157 878 2194 1371 2162 1835 683  0
2148 787 887 1405 2194 878 1835 683  0
1748 1813 1652 1790 1712 1705 2177 685  0
1782 1767 1329 1170 1790 1652 2177 685  0
1782 988 1797 1790 1170 2164 1917 685  0
1981 1649 1712 1748 1797 1917 685 1790  0
693 895 30 745 1711 1613 41 687  0
791 1473 941 745 882 2118 724 687  0
693 717 913 1711 745 941 724 687  0
1632 1747 1939 894 1633 943 1450 688  0
1929 2035 1842 1941 894 1939 1450 688  0
926 1021 1200 1762 1240 919 1276 689  0
1515 1144 967 1374 1161 939 1830 690  0
1992 2166 2155 1293 1374 967 1830 690  0
1992 736 1490 1374 1293 956 1700 690  0
1515 692 1643 1161 1374 1490 1700 690  0
1729 1785 2218 1096 1180 1221 2364 691  0
2320 1436 1573 2243 1096 2218 2364 691  0
2320 768 1535 1096 2243 1314 1650 691  0
1729 2201 753 1180 1096 1535 1650 691  0
1694 862 1220 2169 1643 1161 1515 692  0
1694 1658 1687 1643 2169 1637 1338 692  0
1700 2068 971 1490 1643 1687 1338 692  0
1081 1703 1571 1716 1711 1613 895 693  0
1081 2130 913 1711 1716 1610 717 693  0
1692 1778 1292 747 694 1528 1537 972  0
1720 2007 2066 1938 1593 1084 1608 695  0
1947 2049 1720 1938 411 148 1593 695  0
1071 2153 1927 889 2061 1520 1524 696  0
1951 1212 2109 2092 889 1927 1524 696  0
939 1360 2008 1483 1144 1150 1967 697  0
1864 1730 1718 1278 1483 2008 1967 697  0
1864 1493 862 1483 1278 1698 1220 697  0
1144 939 1161 1515 697 1483 862 1220  0
1401 2050 2095 2086 1411 2047 1129 699  0
1747 943 1633 1632 2095 1129 699 2086  0
719 1732 1225 1534 1062 1706 1279 700  0
1141 1508 820 1202 700 1534 1225 1279  0
1549 774 1442 2075 1251 2174 1001 701  0
1549 1739 1015 1251 2075 734 1763 701  0
1487 929 2178 2179 1488 1761 1509 702  0
1248 1083 829 2179 2025 722 2152 702  0
1487 1859 1935 1488 2179 829 2152 702  0
1925 722 1083 1133 816 1243 1738 704  0
1925 1125 1192 816 1133 1126 723 704  0
2074 2004 1606 1889 816 1192 723 704  0
1843 786 1704 846 1851 1620 1131 705  0
856 2352 2241 1109 706 2379 2215 1317  0
2379 2352 2369 2353 706 856 1099 1458  0
2273 2015 1476 2372 2353 1458 706 2379  0
2294 2298 1721 1511 2255 2371 2180 708  0
2294 2219 2308 2255 1511 1676 2048 708  0
2366 2347 1870 2129 2255 2308 2048 708  0
860 1627 1578 1149 1307 1224 763 709  0
1668 965 1617 714 1149 1578 763 709  0
1668 1390 1465 1149 714 2113 715 709  0
860 1057 1822 1307 1149 1465 715 709  0
1900 1322 1396 1399 1896 1874 1423 710  0
1782 1767 1609 1308 1170 1329 1546 712  0
1235 2149 1137 1241 1546 712 1308 1609  0
1137 1959 755 1308 2149 973 1516 712  0
988 2164 1170 1782 755 1516 712 1308  0
817 859 1104 848 818 1990 867 713  0
1091 879 1848 1484 848 1104 867 713  0
1091 1100 1845 848 1484 2175 1485 713  0
817 1341 1114 818 848 1845 1485 713  0
2341 874 1691 1098 1668 965 1617 714  0
2341 2249 1390 1668 1098 2237 2113 714  0
1390 2098 1919 1465 2113 1648 1568 715  0
1057 1707 1663 1822 1465 1919 1568 715  0
1426 1019 2037 2106 864 1495 828 716  0
1491 864 1426 1457 1914 716 2106 1163  0
2130 2001 751 913 1610 1165 2205 717  0
724 1916 1175 941 913 751 2205 717  0
901 2151 1850 1873 1774 2147 1359 718  0
1498 1886 1444 793 1873 1850 1359 718  0
1498 511 28 1873 793 191 46 718  0
901 2126 1625 1774 1873 28 46 718  0
1410 1616 1069 2116 1062 1706 1732 719  0
1561 1336 1452 1326 1275 1274 948 721  0
2078 1228 1913 1678 1326 1452 948 721  0
829 1339 1980 2152 1083 1133 1925 722  0
1125 1320 1227 1192 1126 1955 1000 723  0
1473 2172 1175 941 2118 1541 1916 724  0
1179 1909 1905 980 726 1946 1322 1900  0
1896 1874 1852 1273 1900 1322 1946 726  0
1852 1418 794 1273 1946 1415 1414 726  0
1179 1407 1412 1909 726 1414 1415 1946  0
1473 791 881 876 2118 882 1838 728  0
969 1725 1948 876 1397 1050 1169 728  0
2172 1541 2118 1473 1948 1169 728 876  0
1118 1203 1358 1344 2190 1304 905 2135  0
1373 2168 1698 1272 1088 1005 1493 729  0
1694 2169 1220 862 729 1272 1698 1493  0
2169 1637 1602 1272 1694 1658 985 729  0
1373 1596 1370 1088 1272 1602 985 729  0
824 1489 1642 1494 907 730 1977 1183  0
1642 991 1453 1977 1489 822 759 730  0
1956 2172 1948 1559 1017 1541 1169 732  0
1195 1725 1050 1197 1559 1948 1169 732  0
1577 892 2171 1289 1647 802 997 1906  0
920 1686 1032 1591 918 1523 1974 733  0
1779 347 92 1306 1763 317 91 734  0
1058 1315 812 933 1936 1348 2146 735  0
1454 1151 934 1257 933 812 2146 735  0
1454 1563 1038 933 1257 1177 1674 735  0
836 835 1936 1058 1038 1674 735 933  0
1986 1356 1293 956 1983 1824 1992 736  0
1700 2068 977 956 1490 971 2133 736  0
2000 2067 1983 1986 977 2133 736 956  0
121 1229 1404 276 2137 1070 1207 737  0
121 2343 1211 2137 276 2377 1871 737  0
2252 2370 2344 2277 2182 1188 1816 739  0
2252 2368 1182 2182 2277 2310 2170 739  0
1140 1702 1186 1154 1365 1943 1094 741  0
2191 1867 1185 1218 1154 1186 1094 741  0
2191 1507 1265 1154 1218 1152 975 741  0
1140 938 1328 1365 1154 1265 975 741  0
910 1392 1474 917 2150 1391 1402 742  0
910 1850 2151 2150 917 1359 2147 742  0
1924 2342 2246 2160 1282 1714 1189 743  0
1593 1084 1134 2100 1720 2007 2186 744  0
1607 1786 1259 1157 1134 2186 744 2100  0
1157 270 264 2100 1259 2134 2144 744  0
1720 1593 148 2049 744 2100 264 2144  0
1801 1112 1295 1469 1233 871 1160 746  0
2166 1953 1132 1478 2155 1267 2176 748  0
1869 1210 982 1467 1478 1132 2176 748  0
1869 1044 1824 1478 1467 1671 1356 748  0
1992 1293 2155 2166 1824 1356 748 1478  0
2360 2378 2242 2221 749 2187 1731 964  0
2254 2260 2311 1352 2249 2341 1098 2237  0
2254 2323 1162 2249 1352 2217 2373 2237  0
2098 1648 2113 1390 1162 2373 2237 2249  0
1175 2002 1046 2205 1916 2104 1685 751  0
1165 1221 1785 2001 2205 1046 1685 751  0
1348 2022 2042 1066 1315 852 1500 752  0
900 873 1226 1277 1066 2042 1500 752  0
1456 1121 1729 2201 1065 1644 1180 753  0
1535 1263 1198 2201 1650 2196 1213 753  0
1456 2033 1784 1065 2201 1198 1213 753  0
1274 1319 897 849 1336 819 2099 754  0
1858 1887 1990 1592 1327 1604 859 756  0
919 867 1104 1276 1592 1990 859 756  0
1892 2175 1485 1821 1047 1100 1845 757  0
1194 1114 1341 1250 1821 1485 1845 757  0
1194 1113 1987 1821 1250 1214 1998 757  0
1892 1886 1444 1047 1821 1987 1998 757  0
1862 1980 2006 992 1052 1339 1553 758  0
775 2159 2073 992 769 1965 2077 758  0
991 2019 893 1453 822 1856 2125 759  0
789 1879 1719 1231 1453 893 2125 759  0
923 1604 1887 952 1829 2167 986 761  0
923 842 2051 1829 952 855 2046 761  0
1384 1027 1505 1332 1829 2051 2046 761  0
851 795 1555 1051 1443 783 1063 762  0
1556 949 872 2072 1555 1063 762 1051  0
1677 2020 1715 1448 1122 1623 1008 764  0
2336 2261 2270 2337 1550 961 1178 765  0
2306 2271 1270 1261 2337 2270 1178 765  0
2306 2376 2305 2337 1261 2192 797 765  0
2304 927 1550 2336 2305 797 765 2337  0
769 1965 837 1330 775 2159 1428 766  0
847 1675 2009 1971 1330 837 1428 766  0
813 1974 1032 1366 2154 1523 1686 767  0
1908 1167 2243 1314 1340 1026 2320 768  0
958 1020 1728 1818 834 1002 2041 771  0
958 1468 796 834 1818 932 1049 771  0
1302 1639 925 807 1833 1605 1403 772  0
1302 790 1883 1833 807 1345 906 772  0
1001 898 1269 2174 1442 1138 1053 774  0
1970 2034 1251 2174 2089 1569 1549 774  0
2322 2325 2203 1812 2251 2206 1022 777  0
2322 2272 2240 2251 1812 1807 1808 777  0
840 2145 2065 833 1375 1054 1688 779  0
2084 1735 1517 1519 2065 1688 779 833  0
2141 2024 1684 2102 1910 1246 1827 780  0
1594 1408 1130 1860 1684 1827 780 2102  0
1734 1745 942 1350 1433 1868 1660 782  0
1319 999 1324 819 1942 1136 884 784  0
1319 1274 948 1942 819 1336 1452 784  0
1357 1819 1345 1704 1628 1701 790 786  0
906 1883 1620 1131 1345 790 786 1704  0
1357 1703 1571 1628 1704 846 1843 786  0
832 1367 1323 887 1299 1680 1881 787  0
1835 1744 1234 878 887 1323 1881 787  0
1299 832 947 2183 787 887 1405 2148  0
2183 947 2198 978 2148 1405 788 2199  0
978 1007 1246 2199 2198 2204 2024 788  0
2003 1258 1719 1231 1254 2012 1879 789  0
1819 1557 807 1345 1701 1717 1302 790  0
1811 1987 1998 1804 1498 1886 1444 793  0
1811 423 511 1498 1804 195 191 793  0
1724 951 1820 2173 1273 1852 1418 794  0
799 959 958 1468 928 963 834 796  0
932 1208 953 1468 1049 1669 806 796  0
2376 2236 2328 2305 2192 821 1755 797  0
2304 2318 2055 927 2305 2328 1755 797  0
2265 1877 2207 2245 1362 944 1042 798  0
1844 1059 1564 857 798 2245 2207 1042  0
1059 1145 2263 2245 1844 1252 1043 798  0
2265 2264 1199 1362 2245 2263 1043 798  0
2350 2085 1787 2348 2360 1653 800 2221  0
2221 2348 2299 2215 800 1787 2158 1880  0
896 1901 1143 1647 1646 1430 2117 802  0
1354 1371 1389 811 1958 2161 1501 803  0
2202 1305 1963 2200 811 1389 1501 803  0
2327 2312 2244 2209 1335 1011 1952 804  0
2362 2343 1211 1512 2209 2244 1952 804  0
2362 2298 2371 2209 1512 1721 2180 804  0
2292 1342 2057 2335 2375 805 1301 2291  0
1208 1358 1142 953 1669 1203 1111 806  0
1895 1347 1557 1717 1639 925 807 1302  0
1587 1060 2217 2357 1223 1245 2323 2356  0
2330 2297 2373 1162 2356 2357 2217 2323  0
2297 2300 2288 2357 2330 1318 2211 2356  0
1060 1855 1352 2217 1245 1530 2254 2323  0
1440 957 1127 2193 1831 921 1978 809  0
2022 852 1315 1348 960 825 812 2146  0
847 1675 1032 1366 1971 2009 1974 813  0
1205 1847 1351 841 1110 1171 990 814  0
1926 1333 843 2103 814 841 1351 990  0
1333 1944 1727 841 1926 1930 1736 814  0
1110 1205 1548 1753 814 841 1727 1736  0
1003 2028 1105 1095 1199 1362 2265 2264  0
1003 903 1108 1199 1095 1377 1080 2264  0
1043 2284 2274 2263 1199 1108 1080 2264  0
923 952 1887 1604 817 818 1990 859  0
952 855 1114 818 923 842 1341 817  0
1215 2358 1155 2276 2300 1318 1742 1696  0
2099 897 899 1325 819 1319 999 1324  0
1279 1728 2041 1225 1202 1173 1312 820  0
2370 1188 2182 2252 2376 2192 821 2236  0
2252 2368 2226 2236 2182 1182 2093 821  0
2328 2282 1968 1755 2236 2226 2093 821  0
1122 1623 974 1416 1677 2020 826 1654  0
1019 1036 1023 2037 1495 1479 1823 828  0
1935 2006 1980 2152 1859 1553 1339 829  0
1296 1989 1985 853 1299 1680 1367 832  0
959 962 1020 958 963 915 1002 834  0
1038 982 989 836 1674 1210 1089 835  0
1814 1745 942 2132 836 989 1089 835  0
2159 2070 1006 1965 1428 2069 1775 837  0
2309 2351 2350 2360 838 1438 2085 1653  0
1187 1733 2123 2188 1375 1054 2145 840  0
2046 984 1378 855 2051 1029 1655 842  0
1194 1250 1341 1114 1378 1655 842 855  0
990 1670 1651 1351 2103 1572 2058 843  0
2315 2017 983 2359 2293 844 1004 2248  0
2375 945 2017 2315 2292 1923 844 2293  0
1571 1716 1581 1843 1703 1081 1690 846  0
1216 1624 1145 1252 2284 2274 2263 1043  0
1045 1722 1297 1093 1296 1989 1985 853  0
1472 1505 2204 1907 1024 1027 1007 854  0
2024 1246 1910 2141 2204 1007 854 1907  0
1472 1828 2105 1024 1907 1567 2063 854  0
2207 1556 1555 1564 1042 949 1063 857  0
1217 1238 2210 2363 1846 858 2310 2277  0
2126 1625 1894 1580 1224 1627 860 1307  0
1580 1124 1822 1307 1894 1369 1057 860  0
1945 1683 1575 2163 1075 979 1441 861  0
1078 2056 2111 2124 1575 1441 861 2163  0
2210 1656 1284 2339 2310 1595 863 2368  0
2339 1284 2096 2301 2368 863 1156 2226  0
1607 1080 2274 1264 1786 1108 2284 866  0
1209 1624 1216 2195 1264 2274 2284 866  0
879 1200 1021 1848 1104 1276 919 867  0
1615 1895 1347 1966 1614 937 2064 868  0
2142 1378 984 1969 1666 1655 1029 869  0
1472 1024 2105 1828 984 1029 869 1969  0
2142 1629 1583 1666 1969 2091 1039 869  0
1228 2227 2029 1737 1913 1585 1184 870  0
2078 1678 1913 1228 1760 1037 870 1737  0
1068 1568 1663 1112 2112 1919 1707 871  0
888 1160 1295 1101 1707 871 1112 1663  0
2191 1218 1185 1867 1277 900 873 1226  0
1695 1048 1463 1691 1447 1379 1991 874  0
1098 2311 1695 1691 2341 2260 1447 874  0
1463 1460 1617 1691 1991 1522 965 874  0
2162 1988 1260 2157 1835 1744 1234 878  0
2120 1560 1021 1848 1554 1882 1200 879  0
2120 2013 1640 1554 1848 1484 1091 879  0
1000 1227 976 1570 1955 1320 883 1285  0
999 1826 241 1324 1136 1300 240 884  0
1355 1142 1111 1115 1502 1316 1853 886  0
1663 1822 1124 1101 1707 1057 1369 888  0
2291 2316 1600 1746 2212 2208 1920 890  0
1719 1230 2127 2125 1879 1757 2011 893  0
1504 1514 2019 1856 2127 2011 893 2125  0
1357 1628 1571 1703 1434 936 895 1613  0
1420 1431 1419 1400 1430 1901 896 1646  0
1053 1340 1743 1138 1269 1908 1268 898  0
2074 2004 1442 1138 1889 1606 1001 898  0
999 1324 241 1826 899 1325 242 1996  0
1507 1152 1218 2191 1932 1586 900 1277  0
1817 1627 1625 1774 1028 1224 2126 901  0
1834 1244 1235 1241 902 1525 1546 1609  0
1612 1976 1095 1377 1589 1303 1003 903  0
1080 1607 1134 1377 1108 1786 2186 903  0
1612 1084 2007 1589 1377 1134 2186 903  0
2322 2325 2307 2349 1812 2203 1699 904  0
2338 2334 1815 1793 2349 2307 1699 904  0
2338 2247 2214 2349 1793 946 1810 904  0
2272 1807 1812 2322 2214 1810 904 2349  0
1358 1203 1669 1208 905 1304 998 1090  0
1047 1100 1474 917 1892 2175 1392 910  0
1892 1047 1444 1886 910 917 1359 1850  0
2321 2269 2326 2367 1455 1236 2114 911  0
2366 2347 2329 2367 2129 1870 1921 911  0
2287 1576 1455 2321 2329 1921 911 2367  0
1769 1255 1168 1470 1837 1158 1496 912  0
1020 1706 1732 1002 962 1616 1069 915  0
1636 1634 2121 1288 1353 2059 1025 916  0
1360 1150 1353 1636 2008 1967 916 1288  0
2109 2092 1686 920 1212 1951 1523 918  0
1065 1644 1382 957 1456 1121 1239 921  0
1978 1127 1657 2044 921 957 1382 1239  0
1456 1065 1784 2033 921 957 1440 1831  0
1128 2164 1917 1437 1191 988 1797 922  0
1529 1649 1981 930 1437 1917 1797 922  0
1191 1128 1574 1638 922 1437 1249 1545  0
2338 1793 1815 2334 2365 1590 924 2220  0
1605 1545 1638 1639 1403 1249 1574 925  0
1615 1966 1347 1895 1638 1574 925 1639  0
2083 1882 1200 1762 1798 1560 1021 926  0
2332 2317 1190 1891 2304 2318 2055 927  0
1918 1631 1622 1772 1761 2138 1825 929  0
1918 1842 1488 1761 1772 2035 1487 929  0
547 245 221 230 1529 1649 1981 930  0
2324 148 2049 1117 2283 411 1947 931  0
2324 2355 2229 2283 1117 1097 1079 931  0
1102 1174 998 1090 932 1049 1669 1208  0
1496 1087 1454 1151 1158 1764 1257 934  0
1819 1701 1628 1357 1999 1148 936 1434  0
1890 1759 1751 1771 1328 1365 1140 938  0
1890 1939 1747 1328 1771 1450 943 938  0
975 2095 1129 1265 1328 1747 943 938  0
967 1067 1975 1830 1144 1150 1360 939  0
1868 1086 1814 1745 1660 1120 2132 942  0
989 1107 1734 1745 1089 1713 1350 942  0
2365 1590 1709 2232 2338 1793 946 2247  0
2232 2289 2268 2247 1709 1796 1310 946  0
2214 2271 1270 1810 2247 2268 1310 946  0
1273 1896 1421 1724 1852 1874 1422 951  0
1419 1400 1429 1425 1421 1422 951 1724  0
1425 1417 2173 1724 1429 1424 1820 951  0
2374 2216 2240 2261 1667 2119 1808 961  0
2270 2272 1807 1178 2261 2240 1808 961  0
2221 2242 2241 2215 964 1731 1109 1317  0
2335 2317 2318 2281 1055 1190 2055 966  0
2328 1755 1968 2282 2318 2055 966 2281  0
2155 1267 1975 1830 2166 1953 1067 967  0
1560 1882 1554 2120 969 1397 1050 1725  0
2081 2023 1135 1196 1466 1792 1794 970  0
1813 1705 1466 2081 1652 2177 970 1196  0
1507 2047 1129 1265 1152 2050 2095 975  0
1384 1332 1505 1027 978 2198 2204 1007  0
1741 1533 1599 1518 1683 1945 1075 979  0
1741 2059 1025 1683 1518 1634 2121 979  0
1575 2128 1803 1441 1683 1025 2121 979  0
1900 1399 1396 1322 980 1395 1393 1905  0
1132 1177 1674 1210 2176 1563 1038 982  0
1089 1713 1869 1210 989 1107 1467 982  0
2275 1242 1004 2248 2258 1381 983 2359  0
1024 1027 2051 1029 1472 1505 2046 984  0
1887 1604 1327 1858 986 2167 1045 1093  0
1847 1181 1651 1351 1171 1166 1670 990  0
1410 2116 1069 1616 994 1781 1061 1331  0
1373 1088 1370 1596 996 1445 1082 1960  0
1279 1225 2041 1728 1706 1732 1002 1020  0
1976 1163 1105 1095 1303 1914 2028 1003  0
1493 1698 1278 1864 1005 2168 1056 2054  0
2139 2073 2159 2070 1492 2077 1965 1006  0
1230 1757 1879 1719 1010 2165 2012 1258  0
1757 1123 2054 2165 1230 1740 1056 1010  0
1864 1278 1718 1730 2054 1056 1010 2165  0
2313 264 270 2312 1641 2144 2134 1011  0
2244 119 1697 1952 2312 270 2134 1011  0
2313 2354 1673 1641 2312 2327 1335 1011  0
2030 1479 1823 2197 2016 1036 1023 1014  0
1661 1569 1549 1739 1630 2034 1251 1015  0
2002 1175 2172 1956 2104 1916 1541 1017  0
2002 1382 1239 2104 1956 1657 2044 1017  0
1167 1908 1268 1461 1026 1340 1743 1018  0
2320 2243 1573 1436 1026 1167 1280 1689  0
1858 1077 1297 1093 1327 1726 1722 1045  0
1785 1729 1121 1685 1221 1180 1644 1046  0
2002 2104 1239 1382 1046 1685 1121 1644  0
1991 2033 1198 1379 1463 1784 1213 1048  0
1263 2196 1893 2045 1198 1213 1048 1379  0
2120 2013 1195 1725 1554 1640 1197 1050  0
1125 1925 1980 1862 1126 1133 1339 1052  0
2123 1501 1963 2145 1733 1389 1305 1054  0
1688 2065 1619 1540 1054 2145 1963 1305  0
2292 2293 2317 2335 2014 2018 1190 1055  0
260 39 29 66 1245 1530 1855 1060  0
260 435 1223 1245 66 65 1587 1060  0
1294 2136 1207 1404 1209 2195 1070 1229  0
1087 1496 1168 1462 1764 1158 1255 1074  0
2059 1634 1518 1741 1074 1462 1168 1255  0
1575 1441 1803 2128 1078 2056 1254 2003  0
2355 2269 2280 2229 1097 1236 1780 1079  0
1690 1581 2160 1924 1081 1716 1610 2130  0
1608 2066 1809 1866 1084 2007 1589 1612  0
2219 2294 2319 2258 1676 1511 1672 1085  0
2219 2256 1526 1676 2258 2359 2031 1085  0
2047 2050 1152 1507 1086 1120 1586 1932  0
2050 1401 1660 1120 2047 1411 1868 1086  0
1257 1177 1884 1764 1454 1563 1349 1087  0
2013 1392 1474 1640 1484 2175 1100 1091  0
2313 1641 1673 2354 2324 1117 1097 2355  0
2354 2326 2269 2355 1673 2114 1236 1097  0
2353 241 1826 1458 2369 240 1300 1099  0
1358 1344 1355 1142 1203 1118 1115 1111  0
1666 1655 1250 1214 2142 1378 1194 1113  0
1998 1804 1861 1214 1987 1811 1543 1113  0
2142 1666 1583 1629 1113 1214 1861 1543  0
2228 1562 1723 2361 2303 1497 1116 2344  0
2361 2363 2277 2344 1723 1217 1846 1116  0
264 2144 1641 2313 148 2049 1117 2324  0
1349 1884 1953 1267 1563 1177 1132 2176  0
1759 2053 1758 1751 1365 1943 1702 1140  0
2202 1305 1540 1601 2200 1963 1619 1147  0
1756 1670 1572 1601 1679 1651 2058 1147  0
2301 2096 1664 2213 2226 1156 1957 2282  0
1491 1413 1303 1914 1457 1510 1976 1163  0
2291 2316 2315 2375 1746 1600 2079 1164  0
1924 2160 2246 2342 2130 1610 1165 2001  0
2342 2218 1785 2001 2246 2364 1221 1165  0
1741 1533 1769 1255 1518 1599 1470 1168  0
1626 1530 2254 2260 1922 1855 1352 2311  0
2339 2290 1839 1566 2210 2363 2143 1176  0
2214 1810 1270 2271 2272 1807 1178 2270  0
1260 2157 2123 2188 1988 2162 1733 1187  0
2376 2306 2302 2370 2192 1261 2052 1188  0
1984 1816 2344 2303 2052 1188 2370 2302  0
2293 2248 2332 2317 2018 1752 1891 1190  0
2280 2090 1582 2279 2232 1298 1193 2289  0
2279 2228 2303 2289 1582 1562 1497 1193  0
2013 1640 1474 1392 1195 1197 1402 1391  0
2136 1588 1216 2195 1294 1387 1624 1209  0
2244 119 121 2343 1952 1697 2137 1211  0
2377 2266 2362 2343 1871 1471 1512 1211  0
2286 2287 2329 2314 1486 1576 1921 1237  0
2286 2290 1839 1486 2314 2224 2088 1237  0
1381 2108 2319 2258 1242 2038 2259 2275  0
2229 2280 2232 2365 1750 2090 1298 1247  0
2302 2268 1310 2052 2306 2271 1270 1261  0
2057 1982 2281 2335 1301 1621 2212 2291  0
1866 1809 1413 1510 1612 1589 1303 1976  0
1573 1436 1714 1189 2364 2218 2342 2246  0
2289 2303 2302 2268 1796 1984 2052 1310  0
1501 2123 2157 2161 1389 1733 2162 1371  0
2033 1991 1522 1831 1784 1463 1460 1440  0
1842 2035 1772 1918 1450 1939 1890 1771  0
2295 1962 2038 2259 2285 1451 2108 2319  0
242 1996 2015 2273 241 1826 1458 2353  0
2298 1721 1512 2362 2285 1789 1471 2266  0
2143 2107 2361 2363 1839 1486 2286 2290  0
1842 1941 1935 1488 2035 1929 1859 1487  0
2285 1789 1672 2319 2298 1721 1511 2294  0
2257 2308 2219 2256 1849 2048 1676 1526  0
2359 2315 2316 2256 2031 2079 1600 1526  0
2208 1920 1849 2257 2316 1600 1526 2256  0
29 1630 1922 1855 39 1661 1626 1530  0
1994 1825 1622 1618 2097 2138 1631 1547  0
1759 1751 1758 2053 1622 1631 1547 1618  0
2224 2088 1662 2301 2290 1839 1566 2339  0
2281 1982 1957 2282 2212 1621 1664 2213  0
1751 1771 1918 1631 1759 1890 1772 1622  0
148 411 2283 2324 2036 1964 2220 2334  0
119 270 2312 2244 1875 1337 2325 2206  0
2244 2343 121 119 2206 2380 1904 1875  0
2327 2209 2244 2312 2322 2251 2206 2325  0
2343 2362 2250 2380 2244 2209 2251 2206  0
2318 2328 2305 2304 2208 2223 2253 2257  0
2317 2332 2256 2316 2318 2304 2257 2208  0
2328 2318 2281 2282 2223 2208 2212 2213  0
2335 2281 2318 2317 2291 2212 2208 2316  0
2322 2251 2240 2272 2327 2209 2371 2238  0
2251 2250 2216 2240 2209 2362 2298 2371  0
2368 2252 2290 2339 2310 2277 2363 2210  0
2282 2226 2236 2328 2213 2301 2224 2223  0
2354 2355 2269 2326 2349 2338 2247 2214  0
2326 2238 2327 2354 2214 2272 2322 2349  0
2321 2367 2326 2269 2268 2271 2214 2247  0
2238 2366 2270 2272 2326 2367 2271 2214  0
2298 2285 2266 2362 2216 2295 2296 2250  0
2298 2371 2255 2294 2216 2240 2261 2374  0
2295 2285 2319 2259 2216 2298 2294 2374  0
2261 2374 2333 2336 2255 2294 2219 2308  0
2258 2275 2259 2319 2219 2333 2374 2294  0
2336 2333 2332 2304 2308 2219 2256 2257  0
2248 2332 2333 2275 2359 2256 2219 2258  0
2324 2355 2338 2334 2283 2229 2365 2220  0
2334 2036 2043 2307 2324 148 264 2313  0
2376 2305 2328 2236 2314 2253 2223 2224  0
2370 2376 2236 2252 2286 2314 2224 2290  0
2252 2236 2226 2368 2290 2224 2301 2339  0
2302 2268 2321 2287 2303 2289 2279 2228  0
2303 2302 2370 2344 2228 2287 2286 2361  0
2365 2338 2247 2232 2229 2355 2269 2280  0
2321 2268 2247 2269 2279 2289 2232 2280  0
2272 2240 2261 2270 2238 2371 2255 2366  0
2359 2256 2316 2315 2248 2332 2317 2293  0
2377 2343 2362 2266 2278 2380 2250 2296  0
2363 2290 2286 2361 2277 2252 2370 2344  0
2306 2337 2305 2376 2329 2347 2253 2314  0
2336 2308 2257 2304 2337 2347 2253 2305  0
2336 2337 2270 2261 2308 2347 2366 2255  0
2312 2325 1337 270 2313 2307 2043 264  0
2367 2329 2306 2271 2321 2287 2302 2268  0
2366 2367 2329 2347 2270 2271 2306 2337  0
2343 2377 276 121 2380 2278 1902 1904  0
2306 2329 2314 2376 2302 2287 2286 2370  0
2375 2292 2293 2315 2291 2335 2317 2316  0
2313 2324 2355 2354 2307 2334 2338 2349  0
2327 2322 2325 2312 2354 2349 2307 2313  0
End
