v 26 0 10.4409575042624
v 26 0 10.3631203618804
v 26 0 10
v 25.1396064601197 0 10
v 24.1638388967537 0 10
v 23.3814113985531 0 10
v 25.9076114635883 0 10.0405423428105
v 25.8132230042794 0 9.94180365479694
v 25.3819467910377 0 9.82530952465689
v 24.6130773441334 0 9.78791888869645
v 23.6255787042013 0 9.79494841786455
v 26 0 10.1267943706997
v 22.7436359183654 0 10
v 26 -1 10.2681471715405
v 26 -1 10.3014419855799
v 26 -1 10.2333762635042
v 26 -1 10
v 24.6512331328199 -0.481778936825524 10
v 23.8703174027309 -0.395290096853187 10
v 22.7497596118388 0 9.71312665073237
v 21.7813390732247 0 10
v 26 -1 9.79487906150367
v 22.8308590621795 -0.425771011962183 10
v 25.8734067439701 -1 9.84857943997606
v 25.7770692490866 -1 9.85764657526408
v 25.5574239424147 -1 9.85469081768561
v 24.9457233145823 -1 10
v 24.1260914176552 -1 10
v 23.3605099615937 -1 10
v 26 0 9.62731571318268
v 25.7609609189406 0 9.56506284814765
v 25.4618768454221 0 9.52091172836707
v 24.9838939799483 0 9.46169577701834
v 24.3261730874981 0 9.47786992179315
v 23.5868368758297 0 9.49202601839821
v 26 -0.329368033013189 9.73899982778334
v 21.9552661983465 0 9.5615290596506
v 21 0 10
v 26 -1 9.30723815167443
v 22.1137380806216 -0.399548373775966 10
v 25.8838237812405 -1 9.31285297337382
v 25.6383985640245 -1 9.40384088888197
v 25.3552505500691 -1 9.45991237135199
v 24.8546804333736 -1 9.57403458425549
v 24.1372678894412 -1 9.64552807333479
v 23.4477576677712 -1 9.74292003425443
v 22.7024338832921 -1 10
v 26 0 9.12179802886621
v 25.6920300466992 0 9.09659317818754
v 25.2613667551302 0 9.04954479643309
v 24.7882670955436 0 9.01134399801265
v 24.2088202291853 0 9.05811933778915
v 23.5381345088326 0 9.11241292434073
v 22.8619767703779 0 9.26381409817793
v 26 -0.392266970051758 9.23656434030678
v 21.4462718518374 0 9.09913045737446
v 21 0 8.77703997474185
v 26 -0.889510107906981 8.88111842675598
v 21 -1 10
v 26 -1 8.74726391662785
v 25.6450931896246 -1 8.86862076154087
v 25.2412795539725 -1 8.97436445133931
v 24.8022017351146 -1 9.09404367438911
v 24.2127812250476 -1 9.2553570389462
v 23.4943133304168 -1 9.29325474205282
v 22.7838577194724 -1 9.67464430113976
v 21.9670980994056 -1 10
v 25.9465243334555 0 8.59642534293511
v 25.6084305151285 0 8.6167611125507
v 25.1569023867419 0 8.59811777000939
v 24.7023106475495 0 8.55356971731271
v 24.151440383443 0 8.56149858777968
v 23.5689876727709 0 8.61182294228241
v 22.9093952276785 0 8.74294624612467
v 22.2660371946713 0 8.81062010455179
v 26 0 8.71083533830723
v 21.3032484644738 0 8.14419189219418
v 21 0 7.86550453113708
v 26 -0.666116803629767 8.40295446071732
v 21 -1 9.28267860467776
v 26 -1 8.18041662229238
v 25.6692188833563 -1 8.31943571334553
v 25.2171707151367 -1 8.43970823731073
v 24.7325925093725 -1 8.57808410137338
v 24.1540518945265 -1 8.79939264635907
v 23.4544713178256 -1 8.71341418011621
v 22.6811619463183 -1 9.21730768719426
v 21.7482356897307 -1 9.39215634373305
v 21 -1 9.60468198084191
v 25.8390137932147 0 8.04455429665751
v 25.506044510537 0 8.12784040703374
v 25.1524085934239 0 8.04160465263244
v 24.6782945183733 0 8.01772397490709
v 24.1645316722602 0 8.03405135342134
v 23.6062540507527 0 8.07019483137686
v 23.0084710943362 0 8.12304334138913
v 22.3803599955253 0 8.21323624527127
v 21.8119039380969 0 8.18719880293416
v 21.2599246834484 0 7.34613013666455
v 26 0 8.18919890962518
v 21 0 6.99138786572262
v 26 -0.474857855492376 7.87771757245998
v 21 -1 8.25825303816934
v 26 -1 7.59265291695644
v 25.7491651524435 -1 7.71931194846463
v 25.2855595393559 -1 7.86956177879788
v 24.7783632932002 -1 8.01611222280924
v 24.1568510209551 -1 8.27049834219359
v 23.5197185357076 -1 8.09986145052073
v 22.7292865752404 -1 8.59052357075961
v 22.048052358065 -1 8.60208043932296
v 21.4658873414968 -1 8.68479439884719
v 21 -1 8.53158902470636
v 25.691329949574 0 7.57664771182525
v 25.2294468529186 0 7.5021856476417
v 24.711082342314 0 7.46575310037025
v 24.1816259040668 0 7.47446387899825
v 23.6631896035243 0 7.47950546417415
v 23.108998817466 0 7.49930656006347
v 22.5871384684561 0 7.50346051686257
v 22.1151472936036 0 7.42352468826807
v 21.6477079959409 0 7.43071225552977
v 26 0 7.5976529250806
v 21.1946623225995 0 6.16671831804859
v 21 0 6.19443330320583
v 26 -0.669213567955449 7.21502255081932
v 21 -1 7.31478458056548
v 26 -1 7.08910712685123
v 25.4354752340989 -1 7.27032481131464
v 24.8635426799831 -1 7.42133754125516
v 24.2265397333669 -1 7.67732042580817
v 23.6213849193964 -1 7.46747939550773
v 22.8780539681461 -1 7.90838446583701
v 22.2831315744362 -1 7.87583583525733
v 21.7089530376257 -1 7.86250533984138
v 21.3610196105877 -1 7.69730692307079
v 21 -1 7.58127910641263
v 25.7149147537176 0 7.00116840417915
v 25.3207777704617 0 6.93705279058386
v 24.7994724312263 0 6.89653899035005
v 24.2335910221399 0 6.86912643608401
v 23.7383265214436 0 6.85016412723248
v 23.2303575944248 0 6.82924263177124
v 22.7183258903539 0 6.78197297506303
v 22.1982625416879 0 6.74189636550021
v 21.7565155878167 0 6.68322617940148
v 21.3858498605812 0 6.55146818562195
v 26 0 7.08532548522595
v 21 0 5.32892194909066
v 26 -0.568494284936849 6.72165847880191
v 21 -0.468728747816807 6.7093986635278
v 26 -1 6.46443381734545
v 25.6001367071219 -1 6.68049523744521
v 25.0225274754801 -1 6.82914350127033
v 24.3601390846685 -1 7.02928196277949
v 23.6351815545551 -1 6.88418138518783
v 22.9934693869081 -1 7.14101785702033
v 22.3622147983779 -1 7.23899165539999
v 21.9779805412857 -1 7.02445513788999
v 21.6111446432449 -1 6.88370428834279
v 21.2897267226659 -1 6.79035068142779
v 21 -1 6.56644272400553
v 25.7522461963545 0 6.40812917565198
v 25.4327088711696 0 6.34894990587017
v 24.8438840637287 0 6.30959642517289
v 24.2814269526581 0 6.25720292579944
v 23.825654450159 0 6.2142288377259
v 23.331857606158 0 6.1719540166231
v 22.8283602622918 0 6.1156701208912
v 22.3326972882845 0 6.05649586530555
v 21.9019124675293 0 5.966272237984
v 21.5372800254169 0 5.78666303027177
v 21.2759815033809 0 5.43612760908305
v 26 0 6.53538439537185
v 21 -0.346515667315086 4.58813709698041
v 21 -0.425558107001747 4
v 26 -0.51434725705325 6.16318293592187
v 21 -0.562117717487709 5.47815163876286
v 26 -0.831100650502072 5.83957298163772
v 26 -1 6.04744038352382
v 25.320042026874 -1 6.19134797584784
v 24.685979517355 -1 6.34100910010762
v 24.0237193588364 -1 6.43356287660898
v 23.3044230903944 -1 6.29472180448061
v 22.651017156314 -1 6.56657595688308
v 22.2103735430435 -1 6.24489381179091
v 21.7871999282293 -1 6.08936302636241
v 21.419627525039 -1 5.99113850007083
v 21.0411061809365 -1 5.83239388757453
v 21 -1 6.01522347847647
v 25.7189763889414 0 5.79442047915035
v 25.4971057296794 0 5.75540017809141
v 24.9585067892738 0 5.70645613820669
v 24.4117692486147 0 5.62578427269767
v 23.8944403287549 0 5.58272055749163
v 23.3858729070175 0 5.52627201952103
v 22.894757501791 0 5.46357350514368
v 22.4158025230099 0 5.390874739562
v 21.9717510776671 0 5.26541873075318
v 21.5394136127771 0 5.05445270570282
v 21.1456639808704 0 4.65210063553803
v 26 0 5.93836699424452
v 21 0 4
v 20.3554717601374 0 4
v 19.0075764104243 -0.269682999670558 4
v 26 -0.423315333398276 5.56819542733572
v 21 -1 4.60763540843453
v 26 -0.75745114531186 5.21357751067535
v 26 -1 5.41029240381231
v 25.3211846700989 -1 5.55065752468979
v 24.7026395035378 -1 5.69385129737486
v 23.9896312521194 -1 5.87490329373341
v 23.4068444367269 -1 5.54487621662469
v 22.7746090919882 -1 5.83791053832022
v 22.2557444348898 -1 5.42423632105471
v 21.7672914759195 -1 5.3279397571453
v 21.413680598783 -1 5.18175931977352
v 21.1856920020582 -1 5.18597614200092
v 21 -1 5.2127543043696
v 25.786729487658 0 5.14154459239836
v 25.4993216439033 0 5.20359379920554
v 25.0738289501161 0 5.06388391097643
v 24.5297392831394 0 5.00249431008597
v 23.9768611274823 0 4.94536739266403
v 23.4510280868046 0 4.88436665995235
v 22.9412875882941 0 4.81225326493413
v 22.4520529670053 0 4.74047830931461
v 21.9673620376586 0 4.61271095226904
v 21.4913371672352 0 4.46337480746419
v 21.0640094460936 0 4.22031436214304
v 20.6388241440193 0 3.93153695644152
v 18.6229867719219 0 4
v 26 0 5.30435237788987
v 17 -0.359669366685619 4
v 26 -0.320199935526714 4.97634772650358
v 19.9386018528498 -0.717186565609557 4
v 26 -0.564825426569885 4.56940541090281
v 26 -1 4.77187079356319
v 25.3816149091919 -1 4.90660546523062
v 24.7520128943278 -1 5.02819393371905
v 24.0971546926358 -1 5.22762438556716
v 23.521319296813 -1 4.83511624431455
v 22.8741911745545 -1 5.1189827852127
v 22.3959083109458 -1 4.66287569383268
v 21.9046029402716 -1 4.69911441032045
v 21.4961030414885 -1 4.56925125981778
v 21.1976863239483 -1 4.43435776907119
v 21.0326933948007 -1 4.41409924218276
v 21 -1 4
v 25.8269264279052 0 4.59796476586981
v 25.1894754913355 0 4.48737747271077
v 24.6061066817558 0 4.40458416780721
v 24.0550708249778 0 4.32298497443856
v 23.5082277077127 0 4.25893044533674
v 22.9731466075704 0 4.18252928038893
v 22.4624350211972 0 4.11133584841636
v 21.9650163798494 0 4.01019302473992
v 21.4595818697418 0 3.90653805608697
v 20.9560741395561 0 3.77801612794427
v 20.4052315816112 0 3.70599997516154
v 19.8612810083266 0 3.81250096956718
v 26 0 4.59635353992931
v 17 0 4
v 17 -0.410602550809751 3.24074517963505
v 26 -0.522350699965145 4.06909305176769
v 17.9102819121602 -0.63049309035541 4
v 26 -1 4.14910457674997
v 25.3751566779901 -1 4.27012802178112
v 24.7546128623984 -1 4.36414098207912
v 24.1550901250674 -1 4.53573858933482
v 23.5744361491237 -1 4.16422900756267
v 22.986657696816 -1 4.40682689165193
v 22.4458841693609 -1 3.9803809601007
v 21.9240702468029 -1 4.05718220537719
v 21.4466234593293 -1 4.02315529132348
v 21.0143510625508 -1 3.96255367440251
v 20.7602552764205 -1 4.00126675288626
v 20.0271292473378 -1 4
v 19.0372260904197 -0.830398579522357 4
v 25.7487066214039 0 3.99398004472577
v 25.2024921457673 0 3.89921659160946
v 24.6395163476159 0 3.80274454450505
v 24.0917921893149 0 3.70273661761357
v 23.5446195584079 0 3.62872727106269
v 22.9915169131901 0 3.56653504938517
v 22.4756296447898 0 3.49933199628214
v 21.916829922302 0 3.42496258940817
v 21.3825812393643 0 3.33400432358831
v 20.787769828814 0 3.29784713001377
v 20.1226743266516 0 3.32874661844721
v 19.3501369816341 0 3.43264509421927
v 18.3559026821171 0 3.67131983149336
v 26 0 4.0432349962979
v 17 -0.162432447772183 2.25758753043898
v 17 -0.45608594381339 1.85470863430831
v 26 -0.525057927110409 3.50298700707951
v 17 -1 3.57408215321005
v 26 -1 3.5560866241302
v 25.4111227719865 -1 3.65591635747499
v 24.7968162654381 -1 3.73823170196936
v 24.1672606121634 -1 3.80891118071028
v 23.55559082676 -1 3.54748362788037
v 23.0051332035726 -1 3.71342105693209
v 22.4688671547395 -1 3.33922330492557
v 21.8919326635581 -1 3.44777488862114
v 21.3625801877706 -1 3.48364098042042
v 20.7965954188124 -1 3.52989454421562
v 20.1261071706707 -1 3.73202795958282
v 19.087982257293 -1 4
v 18.2305526056905 -0.927060076856298 4
v 17 -1 4
v 25.6900227102573 0 3.39666380321443
v 25.1864473639224 0 3.30187391825325
v 24.6368355761773 0 3.19777960760948
v 24.0963302234907 0 3.07138683504474
v 23.5387904728583 0 2.97814367562801
v 22.993076204463 0 2.93557332422478
v 22.4253638907305 0 2.87861700978928
v 21.8271440601337 0 2.79676079377582
v 21.2441142761844 0 2.73224005365791
v 20.6072542646208 0 2.68957068163934
v 19.9080103327332 0 2.65253857047118
v 19.018529504709 0 2.67746768088372
v 18.079692782944 0 2.68371966224156
v 17 0 2.63830339473632
v 26 0 3.4505805025946
v 17 -0.511885954558473 0.994682275229104
v 17 -1 1.10057430245478
v 26 -0.516519268104379 2.9477050302199
v 17 -0.767338832006058 2.38800513020071
v 26 -1 2.95405510095792
v 25.4593624349662 -1 3.05136806244645
v 24.8855290483782 -1 3.10792214947349
v 24.3197868936697 -1 3.15292829222702
v 23.7568491196234 -1 3.04479842722996
v 23.0761542561347 -1 2.9932341042505
v 22.5288552982802 -1 2.74301089355037
v 21.9687794419609 -1 2.79044017823804
v 21.3908738828915 -1 2.86676376533071
v 20.7786144867931 -1 2.96565777992072
v 20.0864987553379 -1 3.19966771084727
v 19.2532213887171 -1 3.81700352734661
v 18.1330336392646 -1 4
v 17.4424240556453 -1 3.13195871920868
v 17 -1 2.79503593281818
v 0.897427558973084 2.21499542411607 -1
v 0.106664852364156 2.13444256192253 -1
v -0.588672091095141 2.033175998084 -1
v -1.24099987182599 1.97278021000139 -1
v -1.87677794390961 1.88655692042277 -1
v -2.49590622486235 1.8030198864324 -1
v -3.08133328028193 1.72592345382089 -1
v -3.64831634277649 1.66131602401194 -1
v -4.211455134949 1.60315398372421 -1
v -4.76350570810596 1.53935961708825 -1
v -5.33312967768564 1.47789399477098 -1
v -5.88585441589218 1.40357986883439 -1
v -6.42744967319942 1.32090451555157 -1
v -6.9622082979935 1.2314238989164 -1
v -7.49322405112275 1.13546775316243 -1
v -8.03528969527818 1.04162971453303 -1
v -8.58845004680165 0.94053018451324 -1
v -9.12164703814756 0.807240860777929 -1
v -9.65515241796498 0.676925852150308 -1
v -10.2222302592988 0.580429713833817 -1
v -10.7757185778847 0.459352398320375 -1
v -11.3334231517828 0.333186936131884 -1
v -11.9150671590085 0.225136615339929 -1
v -12.5045359471268 0.122596106109428 -1
v -13.092075866798 0.00607120964468092 -1
v -13.716219892266 -0.0873117033098021 -1
v -14.38418649771 -0.154058015944089 -1
v -15.0759355358896 -0.188287465301289 -1
v -15.7876836510441 -0.196589198817159 -1
v -16.5177556988034 -0.167143648489112 -1
v -17.2472965068784 -0.168938815592732 -1
v -17.9916250305959 -0.18645220118537 -1
v -18.7440063947734 -0.197490543048128 -1
v -19.5054639987304 -0.20675227173493 -1
v -20.3013723689095 -0.206226596600155 -1
v -21.1314369594597 -0.178895858869543 -1
v -21.9924459288843 -0.146319928460512 -1
v -23.0105289729088 -0.0537186742340214 -1
v -24 0.102638308280537 -1
v -24 0.198284150042837 -0.402361687737875
v -24 0.17949932182154 0.251231176053026
v -24 0.161873419946081 1
v -24.4851566287615 0.103165371070598 1
v -25.1600687782979 -0.100179724479848 1
v 25.667917848969 0 2.82716692677653
v 25.1269323672095 0 2.72193030472015
v 24.6081491235233 0 2.55242366994098
v 24.0764363515658 0 2.42057165988666
v 23.5104461676755 0 2.32243543873273
v 22.9374749861841 0 2.32457510991152
v 22.2974349903505 0 2.28482558468187
v 21.7053337719598 0 2.15301317933416
v 21.0606429224334 0 2.10605806424414
v 20.3579634982384 0 2.05976026862367
v 19.583816199911 0 1.92881305786995
v 18.7850131378561 0 1.73626986814396
v 17.9489674844138 0 1.50052821026149
v 17 0 1.06892420257269
v 17 -0.217006656380035 1.17240945760529
v 4.45416955480101 2.2555244368865 -1
v 3.65332882407619 2.07370416059906 -1
v 2.90347755791319 1.94955593024874 -1
v 2.16961376846013 1.88020242470508 -1
v 1.48428643237254 1.76672107684428 -1
v 0.898326506526198 1.53285426817428 -1
v 0.319639716778495 1.56193526943818 -1
v -0.315312219649632 1.4832419332362 -1
v -0.950284399934478 1.40490063533248 -1
v -1.58166386248098 1.3232705897835 -1
v -2.19670434947213 1.26021927699644 -1
v -2.78059651343782 1.18844190727807 -1
v -3.36216359101427 1.12516306537682 -1
v -3.93005824473788 1.05362813423631 -1
v -4.4879547635347 0.976503093139819 -1
v -5.06461807548173 0.898349066174256 -1
v -5.63881619606368 0.833428511235687 -1
v -6.18432864818913 0.757231903760774 -1
v -6.72704220100585 0.669156059991583 -1
v -7.26340806666766 0.58697557937897 -1
v -7.8058310234849 0.495908494196791 -1
v -8.39661277138979 0.41774972151875 -1
v -8.95659493113427 0.30590623761218 -1
v -9.49179133834332 0.167434968848146 -1
v -10.0383351063824 0.033109937301513 -1
v -10.6064150246962 -0.0837076179698608 -1
v -11.1749774101543 -0.207952327736746 -1
v -11.7636190080812 -0.317832483606216 -1
v -12.3648068175937 -0.42134362299679 -1
v -12.9814184411314 -0.512780234864697 -1
v -13.6048951304572 -0.616710846034022 -1
v -14.2490172579535 -0.715686526447013 -1
v -14.9210229370817 -0.782098764193853 -1
v -15.6158208611635 -0.833364474591735 -1
v -16.3290122247395 -0.859775175100171 -1
v -17.0588649621302 -0.870148712184095 -1
v -17.7923895074072 -0.890098647164936 -1
v -18.540073343328 -0.906984272294049 -1
v -19.3049935457608 -0.917596774923329 -1
v -20.0869119410163 -0.925338049683973 -1
v -20.9026197168965 -0.91210250471435 -1
v -21.7458179518609 -0.882888237431723 -1
v -22.6117767660132 -0.837864637871084 -1
v -23.5405124765322 -0.755744338056068 -1
v -24 -0.671232884948056 -1
v -24 -0.638189488412236 -0.0565874660151081
v -24 -0.638714024860268 0.599287489096245
v -24 -0.671152608289476 1
v -24.9433486102456 -0.766911407172532 1
v -25.78634528648 -0.68264812834805 1
v -26.4818210044627 -0.829081700102882 1
v 26 0 2.8698831882011
v 17 -1 0.529283893330941
v 16.5539933168097 -1 0.216727107153216
v 5.77956832230109 1.70914178624343 -1
v 5.03783361968061 1.75891083087582 -1
v 4.39742478384192 1.41193164248205 -1
v 3.79228411402616 1.40753934177481 -1
v 3.11531816974015 1.30780911199968 -1
v 2.431717851353 1.22047630357075 -1
v 1.7635321436607 1.11766911424416 -1
v 1.12973327851296 0.960216037696713 -1
v 0.475366539252337 0.883430467086161 -1
v -0.131838494653789 0.852203954306243 -1
v -0.751383200319838 0.791327322518023 -1
v -1.36974400821472 0.729008836356791 -1
v -1.97748460005591 0.660230197636367 -1
v -2.54909950644363 0.599566096673921 -1
v -3.14167343043715 0.541869113370336 -1
v -3.72405036130555 0.467477282801474 -1
v -4.29501158835757 0.378565867666175 -1
v -4.85132233287818 0.30087112537951 -1
v -5.42649628697807 0.237405908204292 -1
v -6.00162167579472 0.169091542180055 -1
v -6.54787510197783 0.0802923433714536 -1
v -7.09120638206606 -0.00999131426182584 -1
v -7.65404522419601 -0.0990059833792099 -1
v -8.23574909458488 -0.187884225336508 -1
v -8.82089391907219 -0.277905677482293 -1
v -9.37524693604776 -0.397367406727529 -1
v -9.93024821186407 -0.527809881315246 -1
v -10.4991426689606 -0.653963356177565 -1
v -11.0777958287142 -0.786300754085467 -1
v -11.6558965214876 -0.911056066166995 -1
v -12.2539618209825 -1.03555382212649 -1
v -12.886296560897 -1.12501696521038 -1
v -13.5198905296132 -1.22348052658346 -1
v -14.1602517544926 -1.33568816778852 -1
v -14.8246176264959 -1.42880603855916 -1
v -15.5061430816084 -1.50111199435801 -1
v -16.2027846184438 -1.56148967028362 -1
v -16.9283084989766 -1.59602465302579 -1
v -17.6611237069925 -1.62513102451523 -1
v -18.4004701126279 -1.65143396778388 -1
v -19.1566040260494 -1.66840221216353 -1
v -19.9272522307285 -1.68008241679024 -1
v -20.7255196081267 -1.67959477920209 -1
v -21.5460367273902 -1.66287769778933 -1
v -22.3835354053606 -1.62730234568337 -1
v -23.2270542622747 -1.5874182519603 -1
v -24 -1.53622142528617 -1
v -24 -1.49839369249125 -0.250969483909874
v -24 -1.47570513639765 0.460799426188982
v -24 -1.47917392806165 1
v -24.7698625286218 -1.51730015533729 1
v -25.5370994842133 -1.50000501053626 1
v -26.2581167787187 -1.54745551842077 1
v -26.9905074082579 -1.50489071350458 1
v 16.5448630886395 -1 0.595815273736657
v 5.34619213566921 0.856808304469222 -1
v 4.64201086175306 0.737872706201551 -1
v 3.9280905557648 0.639751485674934 -1
v 3.26745251099199 0.597883174199602 -1
v 2.60559881743375 0.521936938512866 -1
v 1.94857931335675 0.446814074127033 -1
v 1.30187619207494 0.334288823416065 -1
v 0.647488365680639 0.251051797693188 -1
v 0.0115322079748786 0.205331134549518 -1
v -0.610460718782373 0.14215083189302 -1
v -1.2165602946912 0.0886001159816385 -1
v -1.81848089348557 0.0279211213981077 -1
v -2.39162385257019 -0.0446282063117602 -1
v -2.98581825414072 -0.0942090641068496 -1
v -3.57932486738663 -0.149497571036066 -1
v -4.15700898763887 -0.221968354021513 -1
v -4.72501509101465 -0.287464212960785 -1
v -5.29434870790985 -0.375227458801775 -1
v -5.86641335862142 -0.448400088880656 -1
v -6.42198136023075 -0.527094148486376 -1
v -6.97394841494748 -0.61873847223224 -1
v -7.54187693566581 -0.722102587596908 -1
v -8.13149201409563 -0.803710701929539 -1
v -8.71897288183277 -0.894722517123132 -1
v -9.28896989026006 -1.00028738661273 -1
v -9.85204464929748 -1.11974057538585 -1
v -10.4311630482661 -1.23559359591352 -1
v -11.0137673564423 -1.36617880163804 -1
v -11.6090776849201 -1.5013484831115 -1
v -12.1997820151302 -1.64868522722942 -1
v -12.8258599158702 -1.75917246501552 -1
v -13.4615348101019 -1.87432095811966 -1
v -14.1100710680844 -1.98112178563955 -1
v -14.7700850482711 -2.09259785524649 -1
v -15.4498432778459 -2.18843763862379 -1
v -16.1433456706626 -2.26269683148296 -1
v -16.8524370692818 -2.31874281623238 -1
v -17.5718708900696 -2.3683610500996 -1
v -18.3050072978508 -2.40722739991759 -1
v -19.0547803931859 -2.43190612210187 -1
v -19.8185283206298 -2.44903949828515 -1
v -20.6069735773202 -2.45508530258991 -1
v -21.3976131400518 -2.45244725298164 -1
v -22.232944085168 -2.43349241428721 -1
v -23.0827469457272 -2.40805805389907 -1
v -24 -2.37910656961257 -1
v -24 -2.33551560320386 -0.345723558864023
v -24 -2.30542932690122 0.36195585602241
v -24 -2.29836679201735 1
v -24.6145205581522 -2.31333397669652 1
v -25.3689366031229 -2.30029422653563 1
v -26.1009482299709 -2.34172738388844 1
v -26.8159121131881 -2.37313811857732 1
v 26 -0.390885935446299 2.45545179237616
v 17 -1 1.51570136792684
v 16.5244800348112 -1 0.731494212497404
v 5.55891388243577 0.0589867772998231 -1
v 4.84137780913093 0.0222069766585965 -1
v 4.12880780272724 -0.0697503096168268 -1
v 3.4249373472841 -0.134508459932038 -1
v 2.76189146634304 -0.189888871539747 -1
v 2.09890082985978 -0.244674754288766 -1
v 1.43934178243305 -0.307538383255547 -1
v 0.784303165088873 -0.378951087891204 -1
v 0.145529828558699 -0.428015972646848 -1
v -0.479809248744584 -0.470322003769372 -1
v -1.08733333987711 -0.527257215321594 -1
v -1.68291023120663 -0.597055329622009 -1
v -2.27514718024321 -0.654818774632649 -1
v -2.8611381407693 -0.721856297326148 -1
v -3.45477543470993 -0.782901806228243 -1
v -4.03812612284397 -0.832647106423865 -1
v -4.61071820491256 -0.899802696578398 -1
v -5.18760824648925 -0.985344438035448 -1
v -5.76187289722887 -1.06300210974656 -1
v -6.31654034484318 -1.14129020702388 -1
v -6.88456399129804 -1.22294746560736 -1
v -7.44891947575242 -1.32612983409894 -1
v -8.0379704560384 -1.40623253570307 -1
v -8.62614976941297 -1.49475868522304 -1
v -9.2124392935596 -1.59602875120559 -1
v -9.78097600592283 -1.71412488631523 -1
v -10.3670970230061 -1.83341262619413 -1
v -10.9610340714201 -1.95766099778476 -1
v -11.5663510592245 -2.07885972787776 -1
v -12.1738230510843 -2.2242858687118 -1
v -12.7738686945754 -2.39705856249653 -1
v -13.4085852524107 -2.52728600320449 -1
v -14.0646793924515 -2.6373570818873 -1
v -14.7246487204932 -2.76081747692161 -1
v -15.3934131963384 -2.89733805438132 -1
v -16.0855226159483 -2.97730632453239 -1
v -16.7790413985512 -3.04499338690105 -1
v -17.4942553585482 -3.11223774777073 -1
v -18.2195963311144 -3.16811665671017 -1
v -18.9567226689779 -3.19927313961894 -1
v -19.7071152386429 -3.22468997521823 -1
v -20.4825348179522 -3.23521748977416 -1
v -21.2673646351606 -3.23583807408569 -1
v -22.086558735385 -3.22512162642795 -1
v -22.8972530142289 -3.22485568207497 -1
v -24 -3.20623819220795 -1
v -24 -3.18800869653526 -0.521365979057316
v -24 -3.14613965012101 0.215479519457273
v -24 -3.11791632379868 1
v -24.5829932129845 -3.13408956449682 1
v -25.2287447941031 -3.11597354853114 1
v -25.9238332548706 -3.11991742827839 1
v -26.6237365398673 -3.20489410747044 1
v 26 -1 2.32720095664175
v 25.5049838513984 -1 2.44919505698008
v 24.9739493915352 -1 2.50373788648521
v 24.4297817671969 -1 2.49719311269677
v 23.8863266463443 -1 2.45734552401754
v 23.2967337085256 -1 2.37222864636302
v 22.7458850234329 -1 2.16354643549818
v 22.1359910754243 -1 2.09734129970102
v 21.5267907913951 -1 2.13853510190049
v 20.911755110539 -1 2.22789275172349
v 20.22429160783 -1 2.36912348652697
v 19.4807889446234 -1 2.57624656971232
v 18.6927906223177 -1 2.5958310805183
v 17.9481840178854 -1 2.36267332122748
v 17.3787757759163 -1 2.07129545588712
v 17 -1 1.81736968353965
v 5.0268066547775 -0.649394357765724 -1
v 4.32287388688137 -0.759599319473488 -1
v 3.61369269028338 -0.815733593113734 -1
v 2.92307358917144 -0.889970250649838 -1
v 2.25986060373338 -0.933196035594281 -1
v 1.58307550548139 -0.955217757040281 -1
v 0.927273517997193 -1.01104681884984 -1
v 0.284787146574641 -1.05751115186467 -1
v -0.338306201926097 -1.07969068143795 -1
v -0.948534429010848 -1.12162515771737 -1
v -1.54683629049052 -1.1803994982094 -1
v -2.13467837337389 -1.23205235409062 -1
v -2.73160423858157 -1.31149234499142 -1
v -3.31130025377107 -1.39513567551378 -1
v -3.89256335991039 -1.456859103112 -1
v -4.47541262097597 -1.51971438102249 -1
v -5.05423542346623 -1.59158097362173 -1
v -5.61476469897703 -1.66439215830547 -1
v -6.18214118172289 -1.74602877253103 -1
v -6.75608737362348 -1.82750560749247 -1
v -7.34167939932764 -1.91767908569556 -1
v -7.92274040555031 -2.01322144871784 -1
v -8.50259584423593 -2.10647625313316 -1
v -9.09505081536262 -2.18176524274476 -1
v -9.68406803917442 -2.29651187435187 -1
v -10.2693565475187 -2.43017236340085 -1
v -10.8596809082759 -2.57129112923064 -1
v -11.4724816443358 -2.68078629965743 -1
v -12.0854014454805 -2.82418949069593 -1
v -12.705513532606 -2.98908006728183 -1
v -13.3384936919954 -3.14512689908619 -1
v -13.9884180091754 -3.28910216687852 -1
v -14.6403921777214 -3.4410889501955 -1
v -15.3050258120943 -3.5863723412254 -1
v -15.9859709987682 -3.70310960892679 -1
v -16.676373975645 -3.78382206962524 -1
v -17.3832014855353 -3.87404681412835 -1
v -18.1020997650952 -3.94107243567674 -1
v -18.8335488693233 -3.9830724369351 -1
v -19.5726954541546 -4.00772969049337 -1
v -20.3278606758349 -4.02392987059522 -1
v -21.097320791495 -4.03154620929782 -1
v -21.8641839620826 -4.0341501495232 -1
v -22.6409878877473 -4.02643523666174 -1
v -23.4043112511356 -4.01804490007783 -1
v -24 -4.00734503761939 -1
v -24 -3.98678784308239 -0.0495774464519923
v -24 -3.92679187922126 1
v -24.4456500653196 -3.92029451559102 1
v -25.0737121823322 -3.98415454811951 1
v -25.6817979331037 -3.85848714781065 1
v 1.75006276808981 -1.57218050113151 -1
v 1.10348742025508 -1.65951083922746 -1
v 0.464097558580038 -1.67704554554115 -1
v -0.16000158575139 -1.69652787418995 -1
v -0.765709486061641 -1.72290106780856 -1
v -1.36227682776022 -1.79096934045942 -1
v -1.95623518406967 -1.8326157415211 -1
v -2.54274760522249 -1.89895274950287 -1
v -3.12093517415057 -1.97768825920618 -1
v -3.69277113406004 -2.06134855820178 -1
v -4.29319015788447 -2.11213357420145 -1
v -4.87110628799034 -2.17934976428484 -1
v -5.43860908803321 -2.256236323856 -1
v -6.00880312301168 -2.33659071999252 -1
v -6.5859218316353 -2.42114680899355 -1
v -7.17193955402086 -2.50486002777266 -1
v -7.75475016894322 -2.59461748694817 -1
v -8.32669529330268 -2.69464009957973 -1
v -8.91970396722193 -2.77388334169338 -1
v -9.51660634271775 -2.87006451896137 -1
v -10.1178961574657 -2.97598605059185 -1
v -10.7011824285434 -3.13168321548972 -1
v -11.3118366719382 -3.26773431339457 -1
v -11.9279212247865 -3.42247688995359 -1
v -12.5498989354418 -3.59204458860978 -1
v -13.1826996140434 -3.76885261823947 -1
v -13.8353678259373 -3.92619398994731 -1
v -14.488145735892 -4.10467889450158 -1
v -15.1473370338142 -4.27388340362817 -1
v -15.8176608973888 -4.4206425723343 -1
v -16.5070531089736 -4.53192482674464 -1
v -17.2080860489702 -4.65407318928505 -1
v -17.9204458875311 -4.73325119590671 -1
v -18.6455673011708 -4.78367320191594 -1
v -19.3757820616311 -4.80086503877055 -1
v -20.1163436531846 -4.81887826484941 -1
v -20.8693949376677 -4.83215570360718 -1
v -21.6170699146897 -4.8332175505249 -1
v -22.3586151061371 -4.83138311770851 -1
v -23.0701184415391 -4.82922568050604 -1
v -23.6675904122591 -4.82128004033558 -1
v -24 -4.80905207169075 -1
v -24 -4.78023399209324 0.461705156504611
v -24 -4.64692712166461 1
v 5.32795503676847 3 -0.944662855432962
v 4.5719826514958 3 -0.910232926385269
v 3.83105644577286 3 -1
v 3.08685926800962 3 -1
v 2.36009474457773 3 -1
v 1.72098091479005 3 -1
v 1.10269827395223 3 -1
v 0.405490972629323 2.68764464316182 -1
v -0.300581700054545 2.57790641867117 -1
v -0.984124706287132 2.4815838442947 -1
v -1.63198204794785 2.40009582375939 -1
v -2.26123186258955 2.3370028189919 -1
v -2.86113171404867 2.27526039089842 -1
v -3.43401889914541 2.21095459096674 -1
v -3.99816599234031 2.15989051023621 -1
v -4.56361729350101 2.09335815152969 -1
v -5.12147083112394 2.05165438322541 -1
v -5.65434796930133 1.98085560462467 -1
v -6.19487210985296 1.89549348266996 -1
v -6.72349086709254 1.80955857063436 -1
v -7.24612833508622 1.7080200606769 -1
v -7.7777542499185 1.61942110222999 -1
v -8.30284971548888 1.5178515874705 -1
v -8.83355687252079 1.39775415043177 -1
v -9.35014799618883 1.26607184491721 -1
v -9.87445981357036 1.13085143118103 -1
v -10.4317546888458 1.02626290754544 -1
v -10.9693607547516 0.891393660686636 -1
v -11.5224217027976 0.766996514822139 -1
v -12.0880637771509 0.653908686200375 -1
v -12.6662003332234 0.547238221303931 -1
v -13.2613327716022 0.448481075884027 -1
v -13.8980290149452 0.374954484488848 -1
v -14.5764451700836 0.342048584858355 -1
v -15.277145044931 0.352761086555526 -1
v -16.0003232927455 0.41658364127112 -1
v -16.7385182749495 0.498387620511434 -1
v -17.4828918687942 0.495369171046504 -1
v -18.2296722054735 0.439451985874932 -1
v -18.9780678784732 0.398646631491693 -1
v -19.747085133419 0.428093538588489 -1
v -20.528791137313 0.419427096319503 -1
v -21.3222807989856 0.439541160194769 -1
v -22.179443469943 0.474333776805657 -1
v -23.0504558101095 0.644003762792449 -1
v -24 1 -1
v -24 1 -0.212405102255569
v -24 1 0.439459835184569
v -24 1 1
v -25.1194095568465 0.571422249832239 1
v -25.967271158298 0.590687182140325 1
v -26.6977064455821 0.598138424224107 1
v -27.3641279088541 0.682887220787572 1
v 12.4029700361762 2.1883184501459 -1
v 11.5395094995649 2.35938059920681 -1
v 10.7429425920759 2.39275546115034 -1
v 9.98705189805066 2.411077670578 -1
v 9.24386840857219 2.42371398469746 -1
v 8.52240345725737 2.45530654591933 -1
v 7.82115330276076 2.51646915539409 -1
v 7.14736043224153 2.62475789520024 -1
v 6.47701821514828 2.75710936326863 -1
v 5.85559801972875 3 -1
v 5.32074357210787 3 -0.944951641812992
v 4.76723877028664 3 -1
v 4.09104724655414 3 -1
v 3.35239706685496 2.6230180620498 -1
v 2.57538977025583 2.47255336802297 -1
v 1.74529678404718 2.44409257448981 -1
v -25.7413484714023 0.106004013788744 1
v -26.4464720632386 -0.051196203671857 1
v -27.2536188110233 0.130511519073912 1
v -28.0912609592553 1 1
v -28.8552139836493 1 1
v -29.5063282718327 0.351258614762715 1
v 25.6031961437478 0 2.30739292690233
v 25.1192006209737 0 2.09304965343233
v 24.5805804124668 0 1.93972229136857
v 23.9968494172269 0 1.79415793811935
v 23.3711599554728 0 1.66979623175186
v 22.7620502194171 0 1.7839254108304
v 22.1691977606492 0 1.57090416332508
v 22.4067870923944 0 0.950943989122243
v 21.4833373051357 0 1.55594091285916
v 21.8209520858833 0 0.999399533850459
v 20.7939714783783 0 1.49384574072841
v 21.1763897662345 0 0.961274558906094
v 20.0736051847337 0 1.38739982566576
v 20.5070884846167 0 0.888158990360165
v 19.3205935943961 0 1.14500069437897
v 19.8128257851878 0 0.763371530320008
v 18.5848134261903 0 0.744341501183098
v 19.0917711577922 0 0.420837377863857
v 17.767888352478 0 -0
v 18.3493580368382 0 -0
v 17 0 -0
v 17.7048185992097 0.291783277530264 -0
v 17 -0.0330158863954498 0.460489882797654
v 17 0.42592929505297 -0
v 17 -0.244186562922382 0.430549019862351
v 17 0.202775354922858 0.00416111571470652
v 17 -0.0281734270389068 0.157515078807508
v 17 -1 -0.0631929348539495
v 16.3877081247286 -1 -0.529761709754114
v 15.6139978720821 -1 -1
v 14.6780442046667 0.193074472670942 -1
v 13.728405318873 0.988506938575361 -1
v 12.9288552186223 1.32922228006997 -1
v 12.2335410382494 1.39493370415042 -1
v 11.6112710632302 1.63360556808689 -1
v 10.8887399127412 1.68872832409924 -1
v 10.1540906498854 1.7336191198476 -1
v 9.42041676364833 1.76264740312188 -1
v 8.6967413380927 1.80878345900693 -1
v 7.98708918890196 1.87486059161709 -1
v 7.30277712582129 1.98877380792841 -1
v 6.7108089414857 2.22304561963791 -1
v 6.0704107011947 2.33928467935622 -1
v 5.30516173483088 3 -1
v -27.1253479016896 -0.613281081916601 1
v -27.8567933840472 -0.245422209796539 1
v -28.5823227366547 -0.106305332381924 1
v -29.279243912354 -0.401551545232592 1
v -29.9821123011662 -0.559415312995964 1
v 16.2021888140967 -1 -0.216162265037873
v 15.6304802496343 -1 -0.653824205116115
v 14.8268456112114 -1 -1
v 13.9541638473131 -0.109454993969002 -1
v 13.1581469768348 0.381841279210859 -1
v 12.3974599616342 0.661454168868415 -1
v 11.6651247830571 0.792868884977968 -1
v 10.9704277278507 0.946186970322786 -1
v 10.2620290611938 1.02197913326351 -1
v 9.54309048667731 1.06890212983954 -1
v 8.82162474052897 1.11188723098661 -1
v 8.10068998415553 1.19218101788793 -1
v 7.35613976752715 1.30862365293335 -1
v 6.5899847487824 1.56251309632144 -1
v -27.6873329265812 -1.31564483833178 1
v -28.4023374045155 -1.19919080253312 1
v -29.1053140973363 -1.27085179441016 1
v -29.7952069120138 -1.40159781039725 1
v -30.4864834517207 -1.47570918590139 1
v 26 0 2.20982281640093
v 16.0308032443138 -1 0.0154974853467231
v 15.540970132115 -1 -0.496958520326384
v 14.8277514984854 -1 -1
v 14.042242537733 -0.612673031359702 -1
v 13.2689762279086 -0.271935472273768 -1
v 12.5057550541702 -0.00903770919086016 -1
v 11.7717328704308 0.0968736422171834 -1
v 11.0359692435754 0.227645634279827 -1
v 10.3322466935869 0.309671499275896 -1
v 9.62252616160114 0.36588677746516 -1
v 8.91635600044078 0.409051266711059 -1
v 8.21079616856399 0.481261852807639 -1
v 7.50098222822102 0.592605436882032 -1
v 6.78147456233556 0.754045767156535 -1
v 6.07128522754468 0.840348945063671 -1
v -27.5219978161283 -2.27530177849867 1
v -28.2363848131545 -2.15050356612588 1
v -28.954484750324 -2.13883737057456 1
v -29.6394171054367 -2.25606077454012 1
v -30.3051718433458 -2.34563882809468 1
v 26 -0.536225928623712 1.9459437510614
v 15.992517219045 -1 0.205590893580698
v 15.3733486215983 -1 -0.350033398293051
v 14.7570723152521 -1 -1
v 14.0737491905084 -0.91341295004232 -1
v 13.3355318282927 -0.786928865907875 -1
v 12.583826804854 -0.638004139594832 -1
v 11.842855860854 -0.542008201512542 -1
v 11.1156508161631 -0.46236104469082 -1
v 10.401034689806 -0.39352650681146 -1
v 9.69193998727139 -0.33450155171261 -1
v 8.98869013304673 -0.289247754016712 -1
v 8.28909824562942 -0.22903956617842 -1
v 7.60120720173216 -0.147495850229859 -1
v 6.93188114861274 -0.0106156434714825 -1
v 6.23552357560863 0.0688645139198787 -1
v -27.3446369060909 -3.19951379701825 1
v -28.0347596498991 -3.0648085194859 1
v -28.7726845263142 -3.00068624459195 1
v -29.4622936277144 -3.12852310862054 1
v -30.1281083714365 -3.2594543393113 1
v 26 -1 1.74039877248731
v 25.6435151870031 -1 1.85607266891062
v 25.1084308104933 -1 1.9061249533377
v 24.5472582278418 -1 1.87991886405996
v 23.9987537201119 -1 1.79287191908742
v 23.4941117388423 -1 1.78150583523149
v 22.9956954990889 -1 1.52424299115745
v 22.4095853444075 -1 1.39458719663407
v 21.7689104434358 -1 1.37382338355084
v 21.1341887779036 -1 1.4079777032805
v 20.5002172296414 -1 1.52916386264065
v 19.8198671515565 -1 1.60248200316208
v 19.1757191212207 -1 1.57731659686521
v 18.5114535348149 -1 1.42752387411555
v 17.8921594600538 -1 1.28966000012846
v 17.4740646855056 -1 1.08468589423395
v 16.995569209217 -1 0.895072399585847
v 16.5560868839416 -1 0.381213293004052
v 16.006045222918 -1 0.0377277098469091
v 15.3987797276659 -1 -0.377536365722627
v 14.7757107734632 -1 -1
v 14.1171051869327 -1.02628917541617 -1
v 13.406977249264 -1.19220268205306 -1
v 12.6556785974883 -1.16854287874263 -1
v 11.9282345816657 -1.16824170502709 -1
v 11.2050179126251 -1.12570948359691 -1
v 10.4920207809701 -1.08021245946756 -1
v 9.7812338481966 -1.0341995434445 -1
v 9.07269901013312 -0.998305214567492 -1
v 8.36284540912176 -0.944500531643444 -1
v 7.66297528632351 -0.889093294562155 -1
v 6.99692622528845 -0.812698867093222 -1
v 6.40457102384282 -0.636010856563913 -1
v 5.75682925771436 -0.744496243934626 -1
v -26.3201518504979 -4.02350039055401 1
v -27.0728901000635 -4.02925432683461 1
v -27.8828483212825 -4.04368630011079 1
v -28.5203051465543 -3.7687378878651 1
v -29.2023096800672 -3.94611894810417 1
v 12.7554570561934 -1.67773578171976 -1
v 12.0513232005508 -1.80511432930902 -1
v 11.3397622203069 -1.79950750011889 -1
v 10.6263660605734 -1.76343107907668 -1
v 9.913101678826 -1.72047820505986 -1
v 9.20482525649583 -1.71189483086092 -1
v 8.48489388578151 -1.65584128708736 -1
v 7.75804843762472 -1.61606170279591 -1
v 7.02001163799474 -1.56956055355653 -1
v 6.30177963676064 -1.41048750302837 -1
v 5.61548344122726 -1.50309043683052 -1
v 5.12365767427291 -1.27523658398485 -1
v 4.51387869173942 -1.41174688665554 -1
v 3.83077281198311 -1.45899968568023 -1
v 3.14320755480001 -1.52828348609909 -1
v 2.43824752831865 -1.62475623839925 -1
v -24.753176245587 -4.80504921464381 1
v -25.6602468121278 -4.73938355143636 1
v -26.6026901325217 -4.8465930654647 1
v -27.4551084602976 -4.8273877466086 1
v -28.1736618993672 -4.9228043691048 1
v -28.7103713501443 -4.5907572462596 1
v 5.69965155668116 -2.06802112192837 -1
v 4.91937621086827 -1.97902511176315 -1
v 4.14384865115486 -2.05574209590083 -1
v 3.44211987245362 -2.12678171477693 -1
v 2.7915403222185 -2.2136678200705 -1
v 2.22607542433325 -2.49784475937806 -1
v 1.83887301837546 -2.193500393013 -1
v 1.29892056234278 -2.36765365716155 -1
v 0.688162020547043 -2.33661895503001 -1
v 0.0775509235567349 -2.26259375861133 -1
v -0.515779647228508 -2.25996640214615 -1
v -1.11201498437121 -2.27912969554815 -1
v -1.71579522989947 -2.33055925183918 -1
v -2.29446256334362 -2.4305207615629 -1
v -2.87262003318086 -2.51648264867031 -1
v -3.44876082618511 -2.57841633594058 -1
v -4.0330681896398 -2.63744114494056 -1
v -4.61820557742742 -2.70834979284047 -1
v -5.19509691702157 -2.78936114482054 -1
v -5.76548375501514 -2.87881108411427 -1
v -6.34018555058403 -2.95228992850767 -1
v -6.92684012018205 -3.02265042756131 -1
v -7.51868773273096 -3.09468942072637 -1
v -8.09156744732818 -3.19297604201537 -1
v -8.66647284830479 -3.30579191888434 -1
v -9.2711141506947 -3.39869642323755 -1
v -9.87797915332735 -3.4944116501235 -1
v -10.4637007623859 -3.64187681349816 -1
v -11.0718600033971 -3.76549843490191 -1
v -11.6877046365252 -3.93462215365273 -1
v -12.3109408700152 -4.11300950199269 -1
v -12.9411808952991 -4.31897658829761 -1
v -13.5867657085094 -4.52188229401311 -1
v -14.2527323004057 -4.70094442934262 -1
v -14.9143337807732 -4.91098087713114 -1
v -15.580274078713 -5.10641781939408 -1
v -16.2646845054576 -5.23724197061686 -1
v -16.9642977035943 -5.40320461910313 -1
v -17.6744859992924 -5.49374298932943 -1
v -18.3887307345933 -5.55604790218033 -1
v -19.1136925837054 -5.58269897004511 -1
v -19.8446322317395 -5.60265088696307 -1
v -20.5813575919622 -5.61338495485663 -1
v -21.3264376200035 -5.60511715004688 -1
v -22.0689440202511 -5.60218436616854 -1
v -22.797750781037 -5.60438521554262 -1
v -23.4826259134056 -5.59740179092896 -1
v -24 -5.60352678087978 -1
v -24 -5.55718868892362 0.132228302937322
v -24 -5.46025204705482 1
v -25.111439484343 -5.63387956323736 1
v -25.9882195563512 -5.55272570748069 1
v -26.6057546714553 -5.60441349349759 1
v 5.7247748857437 3 -0.940879555494589
v 5.03517536372895 3 -0.957429169587504
v 4.31709112344821 3 -0.975353021712334
v 3.55905799723781 3 -0.983762420928693
v 2.81145266602785 3 -0.994077541977665
v 2.0720772482133 3 -1.02701271832208
v 1.32851816893439 3 -1.00414232216361
v 0.660358211739608 3 -1
v -0.0695663427558627 3 -1
v -0.80315611952133 2.87174997152765 -1
v -1.45537923565861 2.82192143720889 -1
v -2.09370994501556 2.76841037522113 -1
v -2.70124113405714 2.74685535278652 -1
v -3.29018951083809 2.70960080774375 -1
v -3.84307584416025 2.66493932001731 -1
v -4.39364290898423 2.6189635974322 -1
v -4.95249065987386 2.56217116774511 -1
v -5.48400089671152 2.48746542035108 -1
v -6.00662866745761 2.39981149804163 -1
v -6.53327968871308 2.30939737116829 -1
v -7.05387480787219 2.22368134663938 -1
v -7.57132638205814 2.13704861909009 -1
v -8.08429531817519 2.02798604394324 -1
v -8.59431223002341 1.91713955589212 -1
v -9.09115660805084 1.78503758333644 -1
v -9.57580955595212 1.63449436929033 -1
v -10.1047156889823 1.51291003347972 -1
v -10.6409891367976 1.38088116990069 -1
v -11.1711644893268 1.25315800366796 -1
v -11.6945582671489 1.09916448572811 -1
v -12.2496543127518 0.97166697195829 -1
v -12.8367338662732 0.869510719402255 -1
v -13.4756433594626 0.79230303252883 -1
v -14.1215531488161 0.728537605884589 -1
v -14.8205051643729 0.758189646661312 -1
v -15.5147967580879 1 -1
v -16.24010178447 1 -1
v -16.9725571959943 1 -1
v -17.7239803870825 1 -1
v -18.4762548070788 1 -1
v -19.2318653711274 1 -1
v -20.0029854597053 1 -1
v -20.7716896144959 1 -1
v -21.5330189272772 1 -1
v -22.3150988506951 1 -1
v -23.0556934260416 1 -1
v -23.6094339062564 1 -0.522113024803013
v -23.9002651835364 1 0.0379533266795199
v -24.2605072216036 1 0.480518739125707
v -24.8294381612939 1 1
v -25.5616289927339 1 1
v -26.3544195862721 1 1
v -27.1360235087648 1 1
v -27.8912013661167 1 0.867232292324541
v 14.8261188628159 3 -1
v 13.8669978040705 3 -1
v 12.9677703055456 3 -1
v 12.0796915337855 3 -1
v 11.2844344712252 3 -1
v 10.5084091703672 3 -1
v 9.75285063667473 3 -1
v 9.01125707956457 3 -1
v 8.28195702270991 3 -1
v 7.55491069623384 3 -1
v 6.81397535670175 3 -1
v 6.11596400950885 3 -1
v -27.874529329325 1 1
v -28.5878298202461 1 0.932867959346905
v -29.4337130801755 1 1
v -30.2203209832621 0.738166052305946 1
v -30.9353624398415 0.639665408221815 1
v 19.3332910610563 0 -0
v 18.7162221641039 0 -0
v 18.0563083569426 0.455332857906014 -0
v 17.466872084723 0.722855797614532 -0
v 17 0.824840679185644 -0
v 17 0.768089156978327 -0.011594693167745
v 17 0.412350309835105 -0.113146153800749
v 17 -1 -0.474076712884743
v 17 -1 -1
v 15.3973576297409 1.02038059447804 -1
v 14.274484872093 1.65075041252512 -1
v 13.3123748503222 2.11326224034299 -1
v -30.1173541475582 0.232418987080851 1
v -30.8212914540463 0.0952939336679199 1
v -31.6029404168268 0.216785134649241 1
v -32.3214979300265 0.0983623893147071 1
v 25.8035421003722 0 1.82586553974801
v 25.1617624787453 0 1.51866212524371
v 25.3695153551283 0 1.08956829899135
v 24.5109240090849 0 1.36648432532331
v 24.8246892058422 0 0.967113571769799
v 23.8513352247447 0 1.19359861849534
v 24.2105512407443 0 0.831970340319556
v 23.3146839722264 0 1.01023443689016
v 23.552021680202 0 0.582588058190101
v 22.8406102886461 0 1.23596544707782
v 22.8763665973584 0 0.56188555346818
v -30.648591292864 -0.646634008499889 1
v -31.3636519002837 -0.623961724996756 1
v -32.0355157921904 -0.652874131047574 1
v -32.6030680132825 -0.773620048863487 1
v -31.1706503654199 -1.4769027628996 1
v -31.8467558618097 -1.50062520530647 1
v -32.4243166886738 -1.58549734274406 1
v -33 -1.63785909565036 1
v 26 0 1.67661001057932
v -30.987231622224 -2.33093665339387 1
v -31.6619027983011 -2.34446680710666 1
v -32.2974719148496 -2.43355527261504 1
v -33 -2.48789238506293 1
v 26 -0.522031228579734 1.47047700476045
v -30.7681315748223 -3.21914143393698 1
v -31.4592555732184 -3.17495427537652 1
v -32.0533805815598 -3.25167902378548 1
v -32.6362898001082 -3.32288064156581 1
v 26 -0.916355673896237 1.23933398221201
v 26 -1 1.25891527809624
v 25.3708398941974 -1 1.29826679627371
v 24.7847189354058 -1 1.29529876421566
v 24.1675239796559 -1 1.16783665080851
v 23.525873392615 -1 1.03145411981506
v -29.8743610434268 -4.11482631710098 1
v -30.5952492079029 -4.20880054260652 1
v -31.1886526710425 -3.9405818364663 1
v -31.8090320692865 -4.07712729082091 1
v 22.842808983305 -1 0.625440056540602
v 22.1122345838736 -1 0.6113083841465
v 21.4264460095876 -1 0.602290003466812
v 20.7646430783763 -1 0.658902729603761
v 20.177175645408 -1 0.833190960264674
v 19.6396895335144 -1 0.638021363350542
v 19.03919486969 -1 0.55361193086444
v 18.4584476687475 -1 0.447423199976425
v 17.8773916381356 -1 0.360113050793074
v 17.3776695807631 -1 0.296967156944218
v 16.9081048814685 -1 0.0899804948108794
v 16.4007220608191 -1 -0.182632936369548
v 15.91547356219 -1 -0.408592639874621
v 15.4301670088025 -1 -0.535927175049055
v 14.831752686229 -1 -0.817421074427437
v 14.2225464140861 -1 -1
v 13.4931124992463 -1.59725757510693 -1
v -29.4056684687124 -4.89517767770803 1
v -30.1555858312462 -5.01792464411609 1
v -30.8451788791644 -5.0761887121167 1
v -31.354979432583 -4.75550265365018 1
v 13.7692905287343 -1.94780345175926 -1
v 13.1648171569438 -2.36529673215701 -1
v 12.7536415512272 -2.22096650329809 -1
v 12.1677115222777 -2.43275001979269 -1
v 11.5054235026723 -2.47873440401194 -1
v 10.7969014245564 -2.40234219070669 -1
v 10.0870777239203 -2.35056362763491 -1
v 9.38129384452027 -2.37349549439896 -1
v 8.67191246385714 -2.32462905566581 -1
v 7.95039345153766 -2.29150357436834 -1
v 7.21200155468068 -2.30801635579096 -1
v 6.43458485094329 -2.2571709531009 -1
v -27.2165167495645 -5.60521503479754 1
v -27.968081504638 -5.65364620444963 1
v -28.78193766781 -5.56622964656387 1
v -29.557510880176 -5.76318131888082 1
v -30.1576474091312 -5.69535011357339 1
v 5.75111805272566 -2.62161557211904 -1
v 5.09322058232497 -2.57224158706319 -1
v 4.39752302268737 -2.54339880001521 -1
v 3.68967391170893 -2.56543470018293 -1
v 3.02091635588638 -2.74007992213929 -1
v 2.35979818313128 -3 -1
v 1.66300386719721 -3 -1
v 1.01897965123854 -3 -1
v 0.379833066686664 -2.70370743436065 -1
v -0.195591488129437 -2.68208861598608 -1
v -0.78923024854695 -2.69956770313537 -1
v -1.38941565097423 -2.75321975919027 -1
v -1.97183444411632 -2.84485683041726 -1
v -2.55278053807006 -2.94588030378198 -1
v -3.13026480857391 -3.0443765895964 -1
v -3.71423093695562 -3.09904747301714 -1
v -4.30128969335883 -3.17768674252014 -1
v -4.88335066098647 -3.24678740999799 -1
v -5.46053721291407 -3.31813656012451 -1
v -6.03067917085426 -3.39072786595199 -1
v -6.61182036552963 -3.45889114909678 -1
v -7.19687327904741 -3.52931085269333 -1
v -7.7813615246299 -3.60187640224555 -1
v -8.36539615223428 -3.69631826563807 -1
v -8.9536096686519 -3.80910444017644 -1
v -9.56008035319855 -3.91324394544825 -1
v -10.1554056737584 -4.04645157174888 -1
v -10.7564984537 -4.18787604545845 -1
v -11.3689830260675 -4.33780675714219 -1
v -11.9958882651897 -4.51107624850011 -1
v -12.6271786456398 -4.71998305784058 -1
v -13.2629549390146 -4.97437586630747 -1
v -13.9330669949909 -5.18133753515809 -1
v -14.6060376977848 -5.43897823833092 -1
v -15.2804495031968 -5.66673153859163 -1
v -15.9564970383669 -5.85741536382239 -1
v -16.6568891140364 -6.03929866770551 -1
v -17.3667522060498 -6.30324547359126 -1
v -18.0806788251008 -6.40645773624281 -1
v -18.7988354028822 -6.32635690537957 -1
v -19.5187924360666 -6.32352832053764 -1
v -20.2471155348404 -6.3414913340595 -1
v -20.9733793591883 -6.31253161822639 -1
v -21.7167885382988 -6.313924373164 -1
v -22.4705585954057 -6.33427893372338 -1
v -23.2464775315289 -6.31229153211699 -1
v -24 -6.324311591613 -1
v -24 -6.38316412521181 -0.0216857163510769
v -24 -6.26458252009118 1
v -24.5246623496505 -6.26278324298411 1
v -25.2191289463146 -6.39780242597942 1
v -25.9045926700994 -6.30512846216503 1
v -26.6782688353856 -6.29497894702349 1
v -27.5209090431033 -6.32611166592638 1
v -0.0997834973865248 3 -1.03144774795788
v -0.651855477318925 3 -1
v -1.35523834318441 3.10985771121313 -1
v -1.97161916287247 3.17059417442305 -1
v -2.56522508907868 3.18062344071757 -1
v -3.15539957419326 3.16335516791451 -1
v -3.72459834112842 3.13717399031157 -1
v -4.26163720452024 3.10799418227555 -1
v -4.8135269232232 3.05297536162506 -1
v -5.34324925670594 2.98946064299787 -1
v -5.86185216134028 2.91323586399085 -1
v -6.38147482083394 2.84188813176258 -1
v -6.89771972062209 2.7501038916249 -1
v -7.40673090878006 2.66415120804701 -1
v -7.88431722904083 2.54925048908204 -1
v -8.38407297128583 2.43306347261544 -1
v -8.8650452818339 2.30278491407012 -1
v -9.32179908849059 2.15602812132997 -1
v -9.83161320554188 2.0233692254563 -1
v -10.3171430347941 1.86413341396811 -1
v -10.8307300681604 1.71731199477815 -1
v -11.2943872023279 1.51612058607284 -1
v -11.814980954105 1.33634400321084 -1
v -12.3791066946014 1.1941936132457 -1
v -13.0495959191447 1.09786635770064 -1
v -13.7423542777956 0.990087896420529 -1
v -14.3769681166332 0.928827475750705 -1
v -14.9943272303963 1 -1
v -15.7216329957849 1 -1.00504609297526
v -16.4428189807818 1 -0.985494737160928
v -17.1909622085973 1 -0.998729776813026
v -17.9422707037757 1 -1.0170838916486
v -18.7016532511894 1 -1.08928235610439
v -19.4610071310594 1 -1.06674873121115
v -20.2162491749491 1 -1.013095190627
v -20.9717887491584 1 -1.01322138855748
v -21.714094061975 1 -0.976056132909744
v -22.4018085314332 1 -0.854015632850725
v -23.0527699492355 1 -0.665100128972501
v -23.6011692831054 1 -0.309553462005718
v -24.0635269020085 1 0.0637953307352025
v -24.5863267071807 1 0.369838448479338
v -25.2098188159867 1 0.530735133295924
v -25.9331385865584 1 0.682720946921759
v -26.7204557409233 1 0.710082569612907
v 13.1197363560552 3 -1.0023067207834
v 12.4745486024431 3 -0.987566445266859
v 11.778072804028 3 -0.986863107603036
v 11.0213390301461 3 -0.966735262138078
v 10.2532891651023 3 -0.95279347735179
v 9.5036087396453 3 -0.998258852798581
v 8.75702408900245 3 -0.9626423334939
v 8.0031012096378 3 -0.96447682073272
v 7.22761564129101 3 -0.997938646952644
v 6.41682080787156 3 -1.02534388310695
v -28.3477324673013 1 0.740411785970753
v -29.0866835469353 1 0.851092792322536
v -29.8398059791992 1 1
v -30.6353291566828 1 1
v 19.633068520099 0.581896448448841 -0
v 19.0087558018668 0.758516021509315 -0
v 18.4134356524981 0.916360725872215 -0
v 17.8720517553617 1.16136587810514 -0
v 17.3845470565272 1.39228556761767 -0
v 17 1.59168205749538 -0
v 17 1.86009863300482 -0
v 17 2.06566560456995 -0.38255374049194
v 17 3 -1
v 15.7804008093901 3 -1
v -31.4273731203765 1 1
v -32.2033868196883 1 1
v -33 1 1
v 23.6532281432035 0 -0
v 23.0959005916568 0 -0
v 22.1965117370177 0 0.463345309242973
v 22.509503530079 0 -0
v 21.5440999666393 0 0.44301385112159
v 21.8918963307096 0 -0
v 20.9012157993221 0 0.432980376818566
v 21.237382149016 0 -0
v 20.2814300486996 0 0.3706095387467
v 20.6168942459867 0 -0
v 19.681848457465 0 0.331750512418983
v 19.9955483795375 0 -0
v -33 0.0890098830953524 1
v -33 0.0414878402540064 0.750972978711554
v 26 0 1.30206913605743
v 25.6659548325489 0 0.850298327816165
v -33 -0.799638172373752 1
v 26 0 0.924160231433245
v -33 -1.67828098181498 0.74823365354633
v 26 -0.130099491239426 1.19977829746117
v -33 -2.52898120038974 0.837686070776864
v 26 -0.655531071615355 0.991321560635344
v -33 -3.36436738034808 1
v 26 -1 0.799417041920052
v -32.3932601149889 -4.19016662761519 1
v 25.6042360306258 -1 0.746144884523653
v 25.0199919180223 -1 0.738242049743239
v 24.5189696835532 -1 0.694854785169562
v 24.0055424638768 -1 0.451265385965145
v 23.4704447385654 -1 0.0785289147815988
v 22.9910517243842 -1 -0.254241481419328
v 22.4083199119068 -1 -0.167740915393811
v 21.7425590882032 -1 -0.191656302946708
v 21.0416903598424 -1 -0.225075592738538
v 20.2791207999044 -1 -0.135148336349489
v -31.9801988239433 -4.97670342822167 1
v -32.6202673685016 -5.1013122644187 1
v 19.5715662711697 -1 -0.192715523082659
v 18.9459432058709 -1 -0.252156806625205
v 18.3610061860101 -1 -0.330663721140557
v 17.7844234632148 -1 -0.367254375248773
v 17.2605319774506 -1 -0.441694312267312
v 16.731045863062 -1 -0.516831796704187
v 16.1803309389226 -1 -0.688799328363207
v 15.6025229525033 -1 -0.838386869283148
v 14.9962985293754 -1 -1
v 14.3512289298087 -1 -1
v -30.7537671412765 -5.73685339339707 1
v -31.4381649656109 -5.6651728600094 1
v -32.0734654277347 -5.77394385215542 1
v 13.6944305553097 -3 -1
v 13.1631262031216 -3 -1
v 12.4894286734415 -3 -1
v 11.7520513638541 -3 -1
v 11.0211417477858 -3 -1
v 10.3006551746393 -3 -1
v 9.59214098094508 -3 -1
v 8.89087606244363 -3 -1
v 8.19027261436654 -3 -1
v 7.48952599162838 -3 -1
v 6.7878984640911 -3 -1
v 6.1123607947018 -3 -1
v -28.3224151026533 -6.40662218710821 1
v -28.9788320043319 -6.43912948502699 1
v -29.6283388538598 -6.48211229030301 1
v -30.2950256436517 -6.28453177904589 1
v 5.31278594001351 -3 -1
v 4.62475086657638 -3 -1
v 3.9273352471465 -3 -1
v 3.27094374454389 -3 -1
v 2.60257132094787 -3 -1
v 1.91664361209184 -3 -0.978424810304901
v 1.27471109385151 -3 -0.983822283136048
v 0.71248539870292 -3 -1
v 0.186590600546031 -3 -1
v -0.38576318061736 -3.01557257281681 -1
v -0.999766347049303 -3.05628398310225 -1
v -1.59383000295714 -3.17752832552431 -1
v -2.17931835559331 -3.30561192315303 -1
v -2.76574716546848 -3.40804784468984 -1
v -3.35830310545274 -3.49498780218158 -1
v -3.93576330065152 -3.57601698039425 -1
v -4.5243521444417 -3.63694921227715 -1
v -5.11009989113127 -3.69666521203849 -1
v -5.68083496171884 -3.77719862426877 -1
v -6.24879361095723 -3.85397507297449 -1
v -6.83588602269278 -3.91942751214054 -1
v -7.41949385882451 -3.99228588804312 -1
v -8.00436804924161 -4.07998911236711 -1
v -8.59392890921541 -4.16912829227759 -1
v -9.18466897594061 -4.27669047199685 -1
v -9.78158439439487 -4.39144594918997 -1
v -10.3805881902841 -4.51955109121608 -1
v -10.9910129810754 -4.66917246928927 -1
v -11.6106997792126 -4.82786398958537 -1
v -12.2446651476084 -5.0123838570433 -1
v -12.8882326332691 -5.23623484507551 -1
v -13.5428045978276 -5.52795283542495 -1
v -14.2284460364726 -5.82083199499512 -1
v -14.9333232933758 -6.15376013722457 -1
v -15.6153760813012 -6.38064916175767 -1
v -16.3206464138554 -6.50387091690747 -1
v -17.0362037954572 -6.65949328400832 -1
v -17.7490803686937 -7 -1
v -18.468273346826 -7 -1
v -19.1842553399458 -7 -1
v -19.8988090783874 -7 -1
v -20.620079556121 -7 -1
v -21.347814015049 -7 -1
v -22.1041658185208 -7 -1
v -22.9198818009513 -7 -1
v -24 -7 -1
v -24 -7 -0.317586625480605
v -24 -7 0.49343692636391
v -24 -7 1
v -24.8986850896188 -7 1
v -25.6868206142025 -7 1
v -26.4410377130664 -7 1
v -27.1783647274797 -7 1
v -27.8878637523342 -7 1
v -1.4660534507679 3.47719526627111 -1
v -1.9394809926031 3.54804608620652 -1
v -2.49209818445728 3.59899101105217 -1
v -3.05059843937732 3.62043156814351 -1
v -3.61402822395032 3.61605609713673 -1
v -4.17373887823442 3.59806646980906 -1
v -4.68192422788984 3.55698951270144 -1
v -5.22357437769178 3.50360291760641 -1
v -5.73007108961538 3.45321822995167 -1
v -6.24414979885722 3.38534225749564 -1
v -6.73548244504277 3.30582012509436 -1
v -7.23242206154585 3.20803605226879 -1
v -7.70734193918248 3.093733777093 -1
v -8.18563877420883 2.97943223748331 -1
v -8.64210679437557 2.84524232686213 -1
v -9.08220443202198 2.69875451936428 -1
v -9.53735540521807 2.54641999319468 -1
v -10.013433992585 2.40017949228432 -1
v -10.467566560477 2.21132063863147 -1
v -10.8942429785947 1.99454185360884 -1
v -11.3509058421704 1.74457259993755 -1
v -11.8495181320986 1.52282852275831 -1
v -12.5219791307033 1.34886846321884 -1
v -13.3663718104066 1.19099055460902 -1
v 5.62541210993564 3 -1.08688934529429
v 4.84760943094429 3 -1.04418587716079
v 4.09393474709723 3 -1.00719613313095
v 3.26705512411629 3 -0.991229206211023
v 3.42106991456022 3 -1.1489225430147
v 2.43585913607365 3 -1.00051471569086
v 2.7578612882665 3 -1.14763226132059
v 1.64819265228743 3 -1.04406311592878
v 1.97064996549435 3 -1.13001223261908
v 0.932036435895975 3 -1.06283601446627
v 1.15030596805723 3 -1.11223344061672
v 0.3765455056419 3 -1.02676021768432
v 0.295307640967022 3 -1.0885202954793
v -27.5148655403135 1 0.687806783213765
v -27.2592229703986 1 0.370293933172758
v -27.9739099313619 1 0.407084255910802
v -28.7177913936946 1 0.474779733809687
v -29.5012045971173 1 0.552960452700641
v 21.6250822095012 0.724533975629725 -0
v 20.9655630068908 0.936722263642237 -0
v 20.409072030673 1.17393383090817 -0
v 19.8612943175443 1.23933977320552 -0
v 19.2696977397143 1.37234546869291 -0
v 18.6804937520428 1.49965739795352 -0
v 18.1389223431374 1.6698625288926 -0
v 17.6648796329993 1.87515426403406 -0
v 17.217043469324 2.10545003310305 -0
v 16.9742890625286 2.47020609287362 -0
v 17 3 -0
v 17 3 -0.417431084205775
v 15.8019667028069 3 -0.744870000758036
v 14.5162618212512 3 -0.977711358807798
v 14.9518279021668 3 -0.921344751430407
v 13.676954637611 3 -0.985811878288689
v 14.0520588967112 3 -1.00429985117771
v -31.1446503801627 1 0.636716396277042
v -31.8541004928896 1 0.72545985987402
v -32.5115452190347 1 0.591575536688266
v 23.7723004475077 0 -0
v 23.2639469262981 0.16591086365681 -0
v 22.7188874346192 0.277540300114846 -0
v 22.1500879334294 0.339189497810227 -0
v 21.5728885853157 0.289956190425134 -0
v 21.0145378452785 0.415754471333643 -0
v 20.3426966252502 0.598039533056229 -0
v -33 1 0.487241273051631
v 25.1136041558066 0 0.592599725406359
v 25.2355539562773 0 0.178567672007147
v 24.5627246726604 0 0.475061472891188
v 24.7536464661218 0 0.163672568847164
v 24.0379831058399 0 0.37513283773881
v 24.2180144371134 0 0.0879791697868217
v -33 0.0431563896043029 0.3850793166301
v 26 0 0.556131942490849
v -33 -0.914929689449941 0.491556005423441
v 26 -0.385309478512633 0.751704778434206
v 26 -0.715995599933461 0.610586682211122
v 26 -0.833239383983942 0.353711787846584
v -33 -4.19161693388826 1
v 26 -1 0.362097665559007
v 25.5936161590214 -1 0.238552844616925
v 25.1439168005321 -1 0.28197015637952
v 24.5675851715904 -1 0.0858202328444478
v -33 -4.95265185622878 1
v 24.0594684707477 -1 -0.365952542100417
v 23.4913447648864 -1 -1
v 22.840285540485 -1 -1
v 22.1485616636365 -1 -1
v 21.4561543064478 -1 -1
v 20.7407097452965 -1 -1
v 20.0678418151948 -1 -1
v -32.6655136737129 -5.96320155168585 1
v 21.1264734257896 -1.05262559763243 -1
v 20.4699175651102 -1.1026514331028 -1
v 19.8557447021277 -1.14234900272843 -1
v 19.4121445020155 -1 -1
v 18.8506728109918 -1 -1
v 18.2467506843406 -1 -1
v 17.6525731033888 -1 -1
v 17.0789027042521 -1 -1
v 16.5159795147972 -1 -1
v 15.9229072864063 -1 -1
v 15.3228369582956 -1 -1
v 14.717501958495 -3 -1
v 14.1506482049447 -3 -1
v 13.5173903430003 -3 -1.01634609491454
v 12.8658633849466 -3 -0.969204994619082
v -31.0673383333564 -6.41771580522575 1
v -31.6895317962274 -6.51337366566056 1
v -32.2957766213491 -6.4985637752728 1
v 12.0154437765274 -3 -0.953621470572
v 11.2353580377446 -3 -0.967186654799032
v 10.5067779629045 -3 -1.04413302696281
v 9.80000461721124 -3 -1.08225314593342
v 9.09897803588199 -3 -1.06411702552462
v 8.40919693120994 -3 -1.08178857770075
v 7.72913428700927 -3 -1.07940448349114
v 7.06567978134577 -3 -1.01549695289689
v 6.44640530978783 -3 -1.04193491438866
v 5.79060950429634 -3 -1.08002245001505
v 5.2166716853282 -3 -1.14899421692371
v 4.66467441654346 -3 -1.11865347837658
v 4.12182574528795 -3 -1.10136153043383
v 3.52309395520746 -3 -1.1295917427019
v 2.86138390088363 -3 -1.07709809324643
v 2.16717107731812 -3 -1.04709602105161
v 1.46954666430369 -3 -1.00374033109835
v 0.737852574796014 -3 -1.02610015897371
v -27.1114235932097 -7 0.789293072124751
v -27.7454693507252 -7 0.800638381629611
v -28.5046348710635 -7 1
v -29.2745466481965 -7 1
v -30.0438815793089 -7 1
v -30.6739258122694 -6.77471347467328 1
v 0.0442832270251005 -3 -1
v -0.574034121794859 -3.19391708027878 -1
v -1.14896084799361 -3.39864871868126 -1
v -1.75751289088207 -3.61255213669405 -1
v -2.3600224081598 -3.75805690288156 -1
v -2.96720083915921 -3.85476000196852 -1
v -3.56291245527852 -3.93323338697044 -1
v -4.14851100028621 -4.01877461661912 -1
v -4.74112461575022 -4.07749177929176 -1
v -5.32066785408597 -4.1386831892334 -1
v -5.88619114977982 -4.20512090925722 -1
v -6.45467467287603 -4.27691431158202 -1
v -7.04872151927315 -4.35024883142798 -1
v -7.62750592635505 -4.42471030457443 -1
v -8.20374920436871 -4.50438019908621 -1
v -8.79418673088331 -4.57833144949334 -1
v -9.38552155420457 -4.67394873141424 -1
v -9.98367282610932 -4.77873257530819 -1
v -10.5837753352444 -4.93423597387204 -1
v -11.1964217613642 -5.09602827760936 -1
v -11.8196525852519 -5.26469688818025 -1
v -12.4607054587456 -5.47271913573854 -1
v -13.1138853383738 -5.73219121819313 -1
v -13.7849948025579 -6.05642613216153 -1
v -14.497856265835 -6.54331908715905 -1
v -15.2539154868529 -7 -1
v -16.0053184582409 -7 -1
v -16.7239091180913 -7 -1
v -17.4433512856497 -7 -1
v -18.1551910610681 -7 -1.026537897943
v -18.8629803482769 -7 -1.0181537202013
v -19.5714452534044 -7 -1.04276038438874
v -20.2773256833834 -7 -1.02744761873442
v -20.9904821712728 -7 -1.04096490435678
v -21.6990548790787 -7 -1.0121476971619
v -22.3967116536283 -7 -0.87372271532618
v -23.1649579256815 -7 -0.772493829583418
v -23.6586986068798 -7 -0.487275579621254
v -24.0539502307521 -7 -0.140764053449063
v -24.3135145218069 -7 0.30247451264866
v -24.7519095211873 -7 0.494902753588195
v -25.4184223868855 -7 0.621194941655075
v -26.0993494998092 -7 0.719644515039804
v -26.6940693538499 -7 0.685352000966776
v -1.38639084572172 28 -1
v -1.96346788955137 27.8673252340895 -1
v -2.58740910119628 28 -1
v -3.25835607778408 28 -1
v -3.99313317898522 28 -1
v -4.7883004336823 27.8196353461693 -1
v -5.62461573744294 27.8521617868896 -1
v -6.51532554973743 28 -1
v -7.48907596996537 28 -1
v -1.76929823215834 27.428171589467 -1
v -2.38543900210649 27.4024511504309 -1
v -3.05242462096692 27.4378672757154 -1
v -3.78172736462274 27.4201058302447 -1
v -4.56177247208119 27.3832974208614 -1
v -5.39953491834205 27.4146789662803 -1
v -6.28182509777769 27.5445938831344 -1
v -7.22854538689876 27.6985039509883 -1
v -8.06372016608323 28 -1
v -1.55869179511617 26.9331536220796 -1
v -2.1737580243647 26.8878818556289 -1
v -2.83758826604978 26.8810446800986 -1
v -3.5568657907391 26.8617108016633 -1
v -4.32248160646254 26.8788196737337 -1
v -5.15013252635928 26.928643013684 -1
v -6.03576298036531 27.0470470820173 -1
v -6.97384532940139 27.2279648347626 -1
v -7.86176638044799 27.7610406839109 -1
v -8.81436851011759 28 -1
v -1.30927116511665 26.3070157252021 -1
v -1.92522298404314 26.3057030755784 -1
v -2.59211888168563 26.315090815792 -1
v -3.30840325484259 26.3108324356041 -1
v -4.06101622325758 26.3343758461843 -1
v -4.85587702850372 26.3798695961983 -1
v -5.68260294890253 26.4780775911346 -1
v -6.62172342743951 26.6150763544158 -1
v -7.53912107511344 26.8939366050446 -1
v -8.50258211503251 27.1093923945501 -1
v -9.28318955596167 27.0856939543824 -1
v -1.66363464832158 25.698219454059 -1
v -2.32656013578828 25.7245161196859 -1
v -3.02142792248059 25.7249565278323 -1
v -3.7645386536149 25.7468918804908 -1
v -4.54701293675818 25.7939668563098 -1
v -5.35253381416469 25.8725250322435 -1
v -6.18293948344743 25.9964338325039 -1
v -7.09973503865104 26.2120576809675 -1
v -8.06055030474842 26.3455225913536 -1
v -8.81423820054227 26.3053032308325 -1
v -9.62904992358638 26.3059479048331 -1
v -1.36395693019738 25.0668713702648 -1
v -2.01757607154606 25.1312577553725 -1
v -2.67287955325235 25.1144972017943 -1
v -3.38880142008727 25.137104177767 -1
v -4.1480061016016 25.1738671270542 -1
v -4.95057022366928 25.2337791539589 -1
v -5.7520931752257 25.3203875386907 -1
v -6.60690485138488 25.4564078233092 -1
v -7.46613252644099 25.6668894385089 -1
v -8.11961363710739 25.4704586756724 -1
v -8.92142373060308 25.5330767153906 -1
v -9.57191425070351 25.5335911681085 -1
v -1.62963487790863 24.5321497304907 -1
v -2.20837679802609 24.4785577587227 -1
v -2.91122179028901 24.4958566040547 -1
v -3.63347942958915 24.5171109869799 -1
v -4.38361346146529 24.5682013806886 -1
v -5.21786443673247 24.6262505254361 -1
v -6.06180986409993 24.7239116499419 -1
v -7.00051869482877 24.9039751282839 -1
v -7.72878324143393 24.7211208624124 -1
v -8.37455689634719 24.7461783855795 -1
v -9.08660614722684 24.8140570537427 -1
v -9.65568968021463 24.8081878772346 -1
v -1.49685674772258 23.85421697272 -1
v -2.25528263991815 23.8535516230024 -1
v -3.00271932157113 23.8413435502565 -1
v -3.78513364208712 23.8830989414832 -1
v -4.57108595415081 23.9440021734706 -1
v -5.37214262170091 23.987343974403 -1
v -6.20746367112771 24.0900789260215 -1
v -6.99324381129284 24.2018447439123 -1
v -7.55254441643644 23.9215935971803 -1
v -8.36335016890331 24.0429343820896 -1
v -9.00513368520993 24.0912582139349 -1
v -9.57718107498351 24.081746547978 -1
v -1.69035710143034 23.2524896695323 -1
v -2.32739856139403 23.1650773815448 -1
v -3.08080644026155 23.1861998885087 -1
v -3.84545823909467 23.2528896071444 -1
v -4.63767642379826 23.3430526432258 -1
v -5.55011651207098 23.3111182696423 -1
v -6.49701424235467 23.5308658738737 -1
v -6.86809480867613 23.1160201587213 -1
v -7.70605024342684 23.2961846825976 -1
v -8.4347694475678 23.3703275832991 -1
v -9.05668011623547 23.3974785942639 -1
v -9.57920931156547 23.3964251370715 -1
v -1.57649334041772 22.5248146130516 -1
v -2.33334626528591 22.4947494198705 -1
v -3.09717616785997 22.5450425241649 -1
v -3.88583878758913 22.6427148174833 -1
v -4.70184206661777 22.7861974040529 -1
v -5.09099017136783 22.4827018992154 -1
v -5.95198111080382 22.827401427291 -1
v -6.30708147018298 22.3781595004247 -1
v -7.08522369907833 22.5602727966506 -1
v -7.86487843556475 22.6536275817277 -1
v -8.57666741832922 22.7011997376121 -1
v -9.14947468577934 22.7253000447829 -1
v -9.68713016113337 22.7145457287706 -1
v -1.78641252770564 21.8233151767746 -1
v -2.51116530350265 21.8509000021604 -1
v -3.30999984443877 21.9441116866136 -1
v -4.14762088326047 22.1189515369734 -1
v -4.55961727525922 21.7490566764417 -1
v -5.44991254956222 22.0803824672807 -1
v -5.81693163473362 21.6628439535472 -1
v -6.60526610327456 21.8544330082234 -1
v -7.32712361463373 21.9407408162996 -1
v -8.00296574265125 22.0021380750087 -1
v -8.66369288219399 22.0361443992441 -1
v -9.25169910013103 22.0555431530642 -1
v -9.70976327252686 22.0089759931607 -1
v -2.04854963394402 21.1641003015645 -1
v -2.89555419430669 21.2560762302057 -1
v -3.66831905047204 21.439425414395 -1
v -4.11448211652869 21.0415700728737 -1
v -4.96769248244923 21.3697513462843 -1
v -5.36068877249019 20.9851691282464 -1
v -6.18600298394972 21.1680945520847 -1
v -6.82715067636399 21.232962413076 -1
v -7.51381679736683 21.3036455833769 -1
v -8.0998216961937 21.328687379845 -1
v -8.76042228911433 21.396198069686 -1
v -9.22632950803428 21.3222584378998 -1
v -9.62561691477933 21.2767136156046 -1
v -1.80778951949107 20.4640964156886 -1
v -2.53751424119975 20.5666467863136 -1
v -3.30187782298375 20.7552020707536 -1
v -3.72666361032101 20.3411159313333 -1
v -4.56038818868064 20.6631105926003 -1
v -5.00663522444517 20.2839971238927 -1
v -5.76331620380094 20.5775425978219 -1
v -6.34335656890305 20.4560679561124 -1
v -7.03310871158699 20.6815245206157 -1
v -7.55593510527774 20.5358777479073 -1
v -8.214143679777 20.7679673409626 -1
v -8.72699327831192 20.6569345792886 -1
v -9.14687190618888 20.5180270452391 -1
v -9.70614250478408 20.5842165105693 -1
v -1.4165552603406 19.7563980211563 -1
v -2.1465892289913 19.8694595311312 -1
v -2.91736540078685 20.0618162012221 -1
v -3.35819494751473 19.6459448553129 -1
v -4.20925339992487 19.9640460102615 -1
v -4.6923033588794 19.6164287141224 -1
v -5.52666537203643 19.9512461938503 -1
v -6.01060846264091 19.6735293310537 -1
v -6.76077011022983 20.0006693635081 -1
v -7.23347480510611 19.7413058816052 -1
v -7.96423556409715 20.0846022772032 -1
v -8.45096041176397 19.8925112372842 -1
v -8.95833072369692 19.7193361575949 -1
v -9.49997673272449 19.863831144153 -1
v -10 19.9006363140938 -1
v -1.77398985501743 19.1638237244779 -1
v -2.55235901204853 19.3642590668437 -1
v -3.00054713270906 18.9544194208799 -1
v -3.83615293785625 19.2796802831891 -1
v -4.30467677893014 18.9380625424998 -1
v -5.14807980157018 19.2889329649813 -1
v -5.56977753113215 18.9733297827575 -1
v -6.4056712388517 19.2292871255402 -1
v -6.94710659262197 19.0821119821423 -1
v -7.70326658960715 19.3002585438144 -1
v -8.26093101524411 19.0822329609055 -1
v -8.84051563536777 19.0580525341337 -1
v -9.44893465877268 19.181477063051 -1
v -10 19.2294479628094 -1
v -1.43586902927101 18.4464309822687 -1
v -2.16633914829354 18.6601729112596 -1
v -2.61680552809352 18.2598066340446 -1
v -3.46160162105891 18.5920744532892 -1
v -3.93068339293856 18.2492112174688 -1
v -4.75263417067533 18.6022022299841 -1
v -5.14793966930574 18.2493027175519 -1
v -5.89060886911868 18.5839798526617 -1
v -6.39488541428075 18.4047320435087 -1
v -7.12653606992374 18.6295640191868 -1
v -7.59384561072511 18.4641656511029 -1
v -8.10132727535576 18.3118480953691 -1
v -8.8226374723734 18.4408021058225 -1
v -9.44193257585748 18.5401266050403 -1
v -10 18.5893555540819 -1
v -1.82097358529893 17.9422838027906 -1
v -2.2652003193002 17.561705471101 -1
v -3.10905903874204 17.9008965333782 -1
v -3.5733289723327 17.5572685235909 -1
v -4.36653151181517 17.9017487137905 -1
v -4.79896732289316 17.5606695269707 -1
v -5.59649476513637 17.9151465988524 -1
v -6.02139453100463 17.6339208565672 -1
v -6.79890519802427 17.9673483557244 -1
v -7.21698139693181 17.6537913047206 -1
v -7.74555343533269 17.6003799311729 -1
v -8.3481142323841 17.7468046468046 -1
v -8.94860144101103 17.8332765105486 -1
v -9.52725680179378 17.9388659717052 -1
v -10 18.0037670505301 -1
v -1.4956402433157 17.1924138568018 -1
v -1.94462569318535 16.8724054605368 -1
v -2.77014503186586 17.2118363834158 -1
v -3.22814844598715 16.8712548447231 -1
v -4.01494803985332 17.2134005545834 -1
v -4.44929152406667 16.8741842663645 -1
v -5.23056443086115 17.2301717448053 -1
v -5.63429519522594 16.9106732566734 -1
v -6.41412097627267 17.2654485669617 -1
v -6.69240941755518 16.8522462139563 -1
v -7.31901992863055 16.966761821396 -1
v -7.92147894607049 17.029344789491 -1
v -8.48527747236372 17.126055684412 -1
v -9.04685552827542 17.2409985640511 -1
v -9.56331750554208 17.3884769996754 -1
v -9.63290330778516 16.848404459607 -1
v -1.73104428974976 16.2345055983404 -1
v -2.45254072938233 16.5334111662261 -1
v -2.87825697259175 16.1740213918369 -1
v -3.65732546369818 16.5223609021633 -1
v -4.07508403385064 16.1848720992329 -1
v -4.85080925693534 16.5394551273434 -1
v -5.23829419725475 16.199083052252 -1
v -5.96704884607399 16.5378481955953 -1
v -6.26027153793811 16.1166347260634 -1
v -6.9309691544464 16.2849244908965 -1
v -7.50999838244336 16.3616203821009 -1
v -8.05377945513787 16.4203098116018 -1
v -8.59743458043952 16.5263549732454 -1
v -9.12878018315864 16.7066656973419 -1
v -9.30149458316385 16.1841770985406 -1
v -9.75121447907207 16.2139865411729 -1
v -1.37986395813027 15.6392320738664 -1
v -2.10470619006217 15.8291077589543 -1
v -2.51391100931724 15.4731280396934 -1
v -3.29672572508895 15.825261269251 -1
v -3.70355211215498 15.4936235329496 -1
v -4.46764502490373 15.846147263977 -1
v -4.85398135361087 15.500533069046 -1
v -5.5909494682967 15.8286796599552 -1
v -5.9482453822595 15.418363518851 -1
v -6.54821870325003 15.5937646113737 -1
v -7.13339396564042 15.6981393877647 -1
v -7.69956979269168 15.7506529413332 -1
v -8.20066883173324 15.7820119481641 -1
v -8.74133121711333 16.0144059822266 -1
v -8.92850282528826 15.5748813748691 -1
v -9.32580929701287 15.4735512842475 -1
v -9.76137772687333 15.559885899538 -1
v -1.77056260443684 15.1439203074838 -1
v -2.17445146687978 14.7729436354492 -1
v -2.9328053559878 15.1211206130376 -1
v -3.34368883614469 14.8064595648049 -1
v -4.09972974422909 15.1550685039551 -1
v -4.49024704759613 14.8063672271535 -1
v -5.22169940138487 15.1372338676325 -1
v -5.55554221769768 14.7538664372043 -1
v -6.21703290505533 14.9274861285621 -1
v -6.74974138082947 14.9797223862481 -1
v -7.34292754572392 15.1642847815451 -1
v -7.78673049833873 15.00281655222 -1
v -8.36488059526461 15.2750889146252 -1
v -8.65466987915983 14.9341021937064 -1
v -8.96948113396309 14.7468993238396 -1
v -9.3894637400524 14.7972276014415 -1
v -10 14.9357518193809 -1
v -1.4592189929081 14.4088939808825 -1
v -1.88626902578511 14.0649103402135 -1
v -2.5786119417422 14.3994150774403 -1
v -3.03202545217761 14.1354843410314 -1
v -3.74624264458671 14.4707063028812 -1
v -4.15678374225505 14.116223500916 -1
v -4.8683317986349 14.4422120846378 -1
v -5.22581908778418 14.065021186302 -1
v -5.86177578241647 14.3487174629891 -1
v -6.38591551621428 14.2458133581079 -1
v -7.08234908187025 14.5123863519146 -1
v -7.42982127857954 14.1955469012253 -1
v -8.03435082180154 14.5496919560285 -1
v -8.34632953130579 14.1946530735864 -1
v -8.74594159521899 14.0732843833119 -1
v -9.13973308903796 14.0556180662667 -1
v -9.61471942593082 14.2279360951085 -1
v -10 14.2831476158964 -1
v -1.64025937372276 13.3972619688204 -1
v -2.30995100130762 13.630863447441 -1
v -2.84342959932155 13.5104759383488 -1
v -3.50240720705521 13.7963433769171 -1
v -3.88604655128533 13.4207177641952 -1
v -4.55966164708706 13.747640333688 -1
v -4.95347300817291 13.3988621118746 -1
v -5.64048174629953 13.7381687628872 -1
v -6.09274881575711 13.476379518045 -1
v -6.76170074004321 13.8231500801806 -1
v -7.11124134751539 13.4593225211123 -1
v -7.74970288503148 13.7930229931966 -1
v -8.11743485379444 13.410286977623 -1
v -8.65264712155752 13.3924328213628 -1
v -9.18640150849313 13.4556735463208 -1
v -9.72742606737452 13.5568356632814 -1
v -10 13.5626168026972 -1
v -1.91933541812536 12.879419699243 -1
v -2.50881299247178 12.9286196238861 -1
v -3.18511289274253 13.1047363863005 -1
v -3.57684792839824 12.7330765435471 -1
v -4.26954305545164 13.0640849361615 -1
v -4.69100110072905 12.7201819764071 -1
v -5.38752115599656 13.0672962497577 -1
v -5.80487858976656 12.750042886895 -1
v -6.47225036151634 13.1058099508251 -1
v -6.79878761294998 12.7433328211388 -1
v -7.42760119788058 13.0785714592484 -1
v -7.73127369497813 12.635220149911 -1
v -8.24690543724302 12.7428208227145 -1
v -8.77335485091285 12.7606439999022 -1
v -9.26328409378331 12.8187989201892 -1
v -9.75761894452089 12.8723137396736 -1
v -10 12.8308172953958 -1
v -1.62958714055469 12.1933999411134 -1
v -2.20299504062514 12.267389204233 -1
v -2.88053827366536 12.4468833646565 -1
v -3.28012991547895 12.0555588475281 -1
v -3.97718678457183 12.3801605391653 -1
v -4.41990049844848 12.0360936632751 -1
v -5.11940313166684 12.3803996269704 -1
v -5.50919699399528 12.0421510352961 -1
v -6.16601850310293 12.392792763355 -1
v -6.48728695506781 12.0272765046118 -1
v -7.10505751617617 12.3521532745622 -1
v -7.37560826835034 11.9115777524825 -1
v -7.91838589671811 12.0510507444388 -1
v -8.42219201355911 12.075282867646 -1
v -8.85595925460122 12.0920025088152 -1
v -9.3174493024385 12.158980851377 -1
v -9.74401760651314 12.17144623752 -1
v -10 12.0445953063224 -1
v -1.92505275719253 11.5885943673448 -1
v -2.58287779483005 11.7719208697841 -1
v -3.00269320829959 11.373250480702 -1
v -3.71266231856358 11.6958249347581 -1
v -4.15360430093185 11.3503611671987 -1
v -4.82916797679202 11.6905386015635 -1
v -5.21181121068418 11.3420650729484 -1
v -5.86708438091689 11.6848018329312 -1
v -6.13676230966408 11.3123426881549 -1
v -6.74720424433405 11.6374734267514 -1
v -7.05388030837825 11.2144122621502 -1
v -7.61183277268911 11.3767602050268 -1
v -8.08726206313456 11.3819264002173 -1
v -8.54529202061387 11.3848937870697 -1
v -8.98262522189965 11.3963923911564 -1
v -9.37334049540854 11.5134945407875 -1
v -9.64640473366992 11.3720851135921 -1
v -10 11.2092901087279 -1
v -1.64397763417745 10.8969838364171 -1
v -2.30287883961867 11.086506893011 -1
v -2.71158758606195 10.6886672856201 -1
v -3.43056909494678 11.0119650455333 -1
v -3.84527816740246 10.6673202997441 -1
v -4.53285388115668 11.0030582166456 -1
v -4.90773005514092 10.6515497812883 -1
v -5.54877623373098 10.9814995257711 -1
v -5.88427042918174 10.6064339735979 -1
v -6.48798446880406 10.9174850447538 -1
v -6.86632506516841 10.4863628173183 -1
v -7.33820143408272 10.7347033285942 -1
v -7.7614391668783 10.6804064881836 -1
v -8.22713355733548 10.6891833401569 -1
v -8.65302740337049 10.6878480209644 -1
v -9.0788462957881 10.7335648379179 -1
v -9.49033153615581 10.581549351028 -1
v -9.85673485758326 10.4246951531699 -1
v -10 10.5086194217931 -1
v -2.00499966711527 10.3931135963114 -1
v -2.42432013852137 10.002377870942 -1
v -3.13323801863685 10.3287476833857 -1
v -3.55200473560549 9.98690794818546 -1
v -4.24216225945717 10.3177501527311 -1
v -4.64128492699359 9.96151114827732 -1
v -5.27752715369447 10.2856674409103 -1
v -5.63887905245716 9.9060406042576 -1
v -6.25855551102123 10.2161582809059 -1
v -6.66300526616795 9.84037603489959 -1
v -7.27591284795081 10.0319376954752 -1
v -7.80810072298328 9.98615184430384 -1
v -8.24750171042509 10.010374892845 -1
v -8.72670959620627 9.99906907529869 -1
v -9.07281218903839 9.87807021694116 -1
v -9.41084882013179 9.76433229752675 -1
v -9.81161084726993 9.73283493472391 -1
v -10 9.73977777089868 -1
v 24 3.08961112169983 -0.449762176743873
v 24 3 -0.425809910732023
v 23.8178365446894 3 -0.428804316799385
v 23.5905569205508 3 -0.465498058936707
v 23.304913726167 3 -0.547891122482759
v 22.9698830939443 3 -0.656392366516546
v 22.6039268551688 3 -0.69877543572047
v 22.1621318878129 3 -0.776478027068095
v 21.7108757383472 3 -0.853580943901839
v 21.2469971302169 3 -0.857141097941054
v 20.7452151438484 3 -1.05675365187749
v -1.71316369142531 9.69280675857623 -1
v -2.12706182381966 9.31537787019365 -1
v -2.84287094028989 9.64630326277143 -1
v -3.28302909466144 9.30751203540546 -1
v -3.96654590700895 9.63622909146532 -1
v -4.38035261526072 9.28220791854547 -1
v -5.03200814159142 9.59182629648743 -1
v -5.42084177717002 9.19592103460528 -1
v -6.02684572001931 9.51926889749001 -1
v -6.40446466478141 9.18958486186799 -1
v -6.91081988298791 9.30876492988898 -1
v -7.40454114484893 9.34233455063025 -1
v -7.85815785563693 9.26849886893928 -1
v -8.34010945094024 9.42447464141392 -1
v -8.66499125095931 9.12926738587218 -1
v -9.02268411431752 9.08314583387698 -1
v -9.4092998970275 9.02094679500074 -1
v -9.80393844684503 8.99185605672008 -1
v -10 8.94207735782388 -1
v 24 3 -0.245120215208251
v 23.8332047225827 3 -0.184000524388388
v 23.6460838478892 3 -0.212094412657329
v 23.4118624437869 3 -0.253772610369013
v 23.1325034428725 3 -0.282555820045346
v 22.7501379906015 3 -0.374451480786607
v 22.3221266926014 3 -0.427713660286682
v 21.8776943639661 3 -0.42147849725113
v 21.3955832031421 3 -0.500254622220053
v 20.873288923621 3 -0.596760337907952
v 20.3122453591379 3 -1.07855431200915
v -1.85948904147042 8.62680942688233 -1
v -2.57808075522533 8.96276793372628 -1
v -3.03885777065668 8.6255596101305 -1
v -3.71588916723887 8.95400365993616 -1
v -4.15036097982356 8.60131620078105 -1
v -4.79193653269025 8.91222799299665 -1
v -5.1958393912684 8.53349364134782 -1
v -5.87586976209489 8.73810474373052 -1
v -6.41971790655193 8.59851777229242 -1
v -6.90278240933982 8.65631261912027 -1
v -7.40801201008011 8.64535941966049 -1
v -7.76132014648976 8.51330289055033 -1
v -8.18237260028603 8.77699098119281 -1
v -8.38255723881979 8.30588805178012 -1
v -8.78270044772311 8.39432689616001 -1
v -9.07975104947105 8.31790724025013 -1
v -9.48011920057472 8.2625898290981 -1
v -9.81887818481996 8.20732097749048 -1
v -10 8.11248954198373 -1
v 23.9432370124647 3 -0.195876574113065
v 23.7762034405585 3 -0.0762447540507748
v 23.6934601858073 3 -0.0720933781372713
v 23.4914232586033 3 -0.069714245936468
v 23.2423271964755 3 -0.0833355709265393
v 22.8967573604483 3 -0.120453267922682
v 22.4501630261981 3 -0.160554261892418
v 21.9960398799928 3 -0.168302261212762
v 21.5015712091299 3 -0.246982994974079
v 20.9813081285459 3 -0.331159216751759
v 20.4245792958297 3 -0.605943428570723
v 19.8882972386775 3 -1.01768427319059
v -1.62106934532168 7.94541356269881 -1
v -2.33461913602033 8.27284399545744 -1
v -2.81670458919057 7.94178346369898 -1
v -3.48705333644527 8.26527762961359 -1
v -3.93451810248702 7.9183439926748 -1
v -4.57218040492961 8.22163625118076 -1
v -4.98287303913042 7.82614981864726 -1
v -5.5227584784191 8.09521687103866 -1
v -5.98757936004428 8.019331144481 -1
v -6.50612136145459 7.91657493075627 -1
v -7.01600892678859 8.06726273351659 -1
v -7.44430572009829 7.82859256466888 -1
v -7.92345537906977 8.00938064227518 -1
v -8.1415518510989 7.55475843041912 -1
v -8.56647238480111 7.68590982084989 -1
v -8.93002461701752 7.62426374957243 -1
v -9.23236921905515 7.5383033855077 -1
v -9.51319828546137 7.45840504318236 -1
v -9.82394970423766 7.37329006548409 -1
v -10 7.24790758963 -1
v 24 3 -0
v 23.7156759372976 3 -0
v 23.5610522295202 3 -0
v 23.3119431891323 3 -0
v 23.0309205039324 3 -0
v 22.5858775941805 3 -0
v 22.134543730473 3 -0
v 21.5965753028141 3 -0.112749654702087
v 21.0448384662252 3 -0.196605306556968
v 20.4411928367655 3 -0.391549003682287
v 19.9171004037711 3 -0.557560126993689
v 19.3981764280825 3 -0.94476142346107
v -2.13291797731872 7.57239506924495 -1
v -2.62578623269064 7.25939643521808 -1
v -3.27487867649012 7.55747793269631 -1
v -3.75250185741359 7.24252724584008 -1
v -4.36522093369886 7.51714798773681 -1
v -4.83083686523154 7.18600674650229 -1
v -5.45904199017452 7.39335558046797 -1
v -5.98812171444307 7.32862077954619 -1
v -6.47603298622487 7.203957738042 -1
v -6.93007976562837 7.42105910937137 -1
v -7.26727042860414 7.04013971383887 -1
v -7.69237740232505 7.26681339423212 -1
v -7.99179842141505 6.8101007419628 -1
v -8.36750623174544 7.01803144810486 -1
v -8.67873088581947 6.91440866276931 -1
v -8.98150466204581 6.81766069485693 -1
v -9.26187957274776 6.70965909039467 -1
v -9.5287233750514 6.59861108251674 -1
v -9.77514272047848 6.48600664762639 -1
v -9.91828185465007 6.35996318640749 -1
v 23.7719925763198 2.43164526301791 -0
v 23.6059195488162 2.55125920020171 -0
v 23.4519339641544 2.59515982729621 -0
v 23.168775308748 2.66688019918964 -0
v 22.8502855639458 2.73082113780536 -0
v 22.3583908018096 2.78330321296437 -0
v 21.8138142956813 3 -0
v 21.1490052054293 3 -0.0950739539579997
v 20.5229473978178 3 -0.228599065958664
v 19.9414020795003 3 -0.388243965744412
v 19.3650017805602 3 -0.740997607007197
v 18.8549242622069 3 -1.12966008091351
v -1.94276029550872 6.81137314345302 -1
v -2.50309124753227 6.64029735294715 -1
v -3.11395158370569 6.80474311318568 -1
v -3.63750577255192 6.62452915423958 -1
v -4.20890167275054 6.77967972291666 -1
v -4.69929799899822 6.56826110214872 -1
v -5.2108655882221 6.68699842357302 -1
v -5.72092274426234 6.69229427365081 -1
v -6.21452187949014 6.60033415706097 -1
v -6.75798250116285 6.61925389264485 -1
v -7.164668985585 6.37130436623895 -1
v -7.5803732177645 6.44796904784469 -1
v -7.97432467494539 6.17059058567034 -1
v -8.3763939857186 6.26930856627236 -1
v -8.74076146857059 6.1263439847451 -1
v -9.07382302409782 6.00522135142609 -1
v -9.31384940770186 5.86135481800964 -1
v -9.5501024209243 5.71451290833556 -1
v -9.78702499329819 5.57086045592903 -1
v -9.93804958283548 5.47862280871273 -1
v -9.93135065985642 4.8826788178433 -1
v 23.8128651601957 2.02587237671385 -0
v 23.5663800370257 2.18500116649449 -0
v 23.509653404432 2.1165282443815 -0
v 23.2403969467335 2.33730762166642 -0
v 22.7237995255817 2.4933336770474 -0
v 22.2205674232438 2.71263210212263 -0
v 21.5994908062619 3 -0
v 20.9988248493594 3 -0
v 20.4423198548979 3 -0.143322214504573
v 19.867639604872 3 -0.324209590665942
v 19.3394983373821 3 -0.469597780211512
v 18.8051337707037 3 -0.770788094156905
v 18.2898726361347 3 -1.15214209500709
v -2.21295529027788 6.06158087490119 -1
v -2.81152756914796 6.07795527073675 -1
v -3.32441717201499 6.05693748264095 -1
v -3.89917294330679 6.0666146398847 -1
v -4.39931000812889 6.02438447628824 -1
v -4.96256240681139 5.99845806472493 -1
v -5.48560148280442 6.01321907860644 -1
v -5.955065864866 5.96687452422561 -1
v -6.47420393776391 5.93095919646127 -1
v -6.90338469348981 5.81559992335247 -1
v -7.35601545623501 5.73093374231991 -1
v -7.74907893610501 5.62548536363229 -1
v -8.17542151726797 5.53126629635105 -1
v -8.5593275200967 5.46842701953299 -1
v -8.89213058767743 5.3222208005433 -1
v -9.19981398540541 5.16688840895848 -1
v -9.43367877560578 4.97283727029771 -1
v -9.68262003856002 4.78078256705811 -1
v -9.84737620035569 4.55839590916959 -1
v -10.0647345028811 4.03945966254062 -1
v -10.178426598762 3.9056696924959 -1
v 23.7629320812322 1.69785461036871 -0
v 23.681231027383 1.77492384589257 -0
v 23.3496375790912 1.97954537704596 -0
v 22.9530026514174 2.15804165094252 -0
v 22.5644672203586 2.32627406299668 -0
v 22.0034177598946 2.57092451567601 -0
v 21.2280982361893 2.67467249559892 -0
v 20.5456933135682 3 -0
v 19.892369403216 3 -0.165849346736954
v 19.2455560961554 3 -0.332265263852148
v 18.7085646483678 3 -0.568265318738773
v 18.2205175348547 3 -0.748723813932935
v 17.7267895728036 3 -1.05764286460082
v -1.99025082517431 5.40830726527753 -1
v -2.51620937201396 5.40985080751895 -1
v -3.03853965426195 5.41663276272191 -1
v -3.60858422778802 5.40863231044971 -1
v -4.15625641620817 5.38070416033437 -1
v -4.70720921837031 5.35644981235595 -1
v -5.22314535244729 5.3361379815632 -1
v -5.71968591796075 5.30491144702456 -1
v -6.20590425061593 5.25916554685824 -1
v -6.67256320993999 5.17962060863278 -1
v -7.1187381872739 5.0904720975259 -1
v -7.55258689515835 4.98561404426353 -1
v -7.97360951651317 4.88589501354816 -1
v -8.37654100189781 4.77929574704072 -1
v -8.74099797659418 4.65514358709783 -1
v -9.09480900208485 4.50091844135771 -1
v -9.3772921818038 4.29887720632601 -1
v -9.64657544403737 4.08339714347698 -1
v -9.86517342026511 3.81439798728362 -1
v -10.0765904788547 3.46819382001429 -1
v -10.2881604596887 3.0593835664788 -1
v -10.3088040971 2.66667451058656 -1
v 23.7578217915018 1.46718702725101 -0
v 23.4717822077444 1.62030741418085 -0
v 22.9684137399458 1.84764741729682 -0
v 22.6979694271852 1.98688590115219 -0
v 22.1862042668877 2.15698771263918 -0
v 21.4719354828243 2.33625476548957 -0
v 20.779870336287 2.62963409609142 -0
v 20.1044986255866 3 -0
v 19.4578326122004 3 -0.146387147660805
v 18.7692580100593 3 -0.326779230702258
v 18.1299890158133 3 -0.515464627466499
v 17.5599569478589 3 -0.807301157382303
v 17.1313578968847 3 -1.22272662596035
v -1.71798172182169 4.71815267928148 -1
v -2.23513283512118 4.72791507269385 -1
v -2.75631357144634 4.74742534641817 -1
v -3.28773707163892 4.76159136724962 -1
v -3.85127439566197 4.75268201100946 -1
v -4.40473626636263 4.73073501405245 -1
v -4.90923608994914 4.70504418696 -1
v -5.42377985895546 4.66171592132704 -1
v -5.92091787194933 4.6114832123146 -1
v -6.40569545629284 4.54514580293672 -1
v -6.87423260200813 4.46097072234045 -1
v -7.31955436777744 4.36684221967524 -1
v -7.77152476875123 4.26054472233601 -1
v -8.19064398803624 4.14755154219543 -1
v -8.60165366432424 4.02496281089278 -1
v -8.98523685273817 3.87860413464805 -1
v -9.35162390270716 3.70912548307137 -1
v -9.6951579671514 3.50902725436475 -1
v -10.0124729115391 3.28029421129911 -1
v -10.2518054049735 2.89964290706891 -1
v -10.5039413843707 2.51959384877752 -1
v -10.7413503165331 2.14441645874651 -1
v -10.503213139564 1.51922273052038 -1
v 24 1.26855589104912 -0
v 23.5813311238257 1.32890402117193 -0
v 23.16614509906 1.50648043828319 -0
v 22.7067444957989 1.65715617650649 -0
v 22.2210865310329 1.8166983916725 -0
v 21.6268861367168 2.00313298449497 -0
v 20.9615591851776 2.18784427327749 -0
v 20.312495853078 2.56594302203554 -0
v 19.6743212654985 3 -0
v 19.0460258724601 3 -0.135123803667446
v 18.4267891673271 3 -0.216685039207848
v 17.8139577597617 3 -0.371544446705504
v 17.1764489313716 3 -0.620443392580387
v 16.6395169870754 3 -0.847046844864723
v -1.380182957756 4.02914877246278 -1
v -1.89319306829104 4.06145198503776 -1
v -2.40182286824044 4.08340232661473 -1
v -2.93588103194064 4.13447757638636 -1
v -3.48607668132905 4.1373478216039 -1
v -4.04378115178246 4.13563587983949 -1
v -4.55587685093798 4.10381937133717 -1
v -5.05812411739028 4.07183189842139 -1
v -5.58354854647009 4.03510145680642 -1
v -6.08578568454261 3.96414874609229 -1
v -6.57631336791228 3.88716509403675 -1
v -7.04920616270799 3.79482533967208 -1
v -7.53124013251215 3.69624148839674 -1
v -7.98586830427672 3.58450833453341 -1
v -8.41294916633795 3.4601509697243 -1
v -8.83849630262318 3.3271372357171 -1
v -9.24286328487991 3.15974123911683 -1
v -9.6903885737362 3.01171555005775 -1
v -10.0752356342781 2.80643402069188 -1
v -10.4438418874911 2.55123404334805 -1
v -10.7654749423147 2.21695533763748 -1
v -11.1832964521818 1.92961107547357 -1
v -11.5890557204832 1.5266445933645 -1
v -12.358402845264 1 -1
v 23.6608796825113 0.946343688361392 -0
v 23.1659765860741 1.12438774429504 -0
v 22.7566539316512 1.30467723209965 -0
v 22.3226130871109 1.44130895121556 -0
v 21.7923897554775 1.55996964620897 -0
v 21.170480072307 1.76361654023589 -0
v 20.5296866520456 2.08976559143755 -0
v 19.8891393953506 2.45241315384713 -0
v 19.2823003485505 3 -0
v 18.6995985794448 3 -0
v 18.1174241014601 3 -0
v 17.5316343697514 3 -0
v 16.9797900752935 3 -0
v 16.4637530907919 3 -0
v -0 3 -1
v -0.416218341098663 3 -1
v -0.445743157003692 3 -1
v -0.994249450590862 3.11912396842382 -1
v -0.950380073842724 3.37200560766871 -1
v -14.2915664148465 1 -1
v -13.641396275255 1 -1
v -15.0842454676573 1 -1.05466615108434
v -15.7845438592701 1 -1.06255377682085
v -16.5656824331563 1 -1.11733984427526
v -17.3326813759489 1 -1.14661246853875
v -18.0889195795017 1 -1.08287926243921
v -18.8507655287397 1 -1.10615115700838
v -19.6136352267537 1 -1.06641378447811
v -20.3679487524505 1 -1.0243238546607
v -21.0970980402081 1 -0.970191540005764
v -21.8032608435261 1 -0.871144458928899
v -22.4736774668587 1 -0.738198583218859
v -23.0989744355202 1 -0.583356022486824
v -23.7131126769936 1 -0.411166507022944
v -24.2584070833343 1 -0.133322747245779
v -24.8411909754398 1 0.119581416599898
v -25.4470220989527 1 0.216957597957209
v -26.0840267057422 1 0.292532390830571
v -26.6556820976376 1 0.250228110561058
v 23.7941981529718 0.622859281952375 -0
v 23.3122953884832 0.758959474654772 -0
v 22.8587798620166 0.836914936936079 -0
v 22.4441115188569 1.02963337577538 -0
v 21.9677896589564 1.04127544609768 -0
v 21.3829840245038 1.22067933231704 -0
v 20.7879071588846 1.51753676035933 -0
v 20.140360145498 1.79786165504527 -0
v 19.5515600740355 2.01743311089692 -0
v 18.9635131579079 2.15696434730061 -0
v 18.3993672827504 2.24172829858526 -0
v 17.8537522509068 2.36503596911862 -0
v 17.3348034697804 2.48290445279135 -0
v 16.861651627904 2.67373907287991 -0
v 16.3697570427265 3 -0
v 16.250473666256 3 -0.344417245160807
v 15.6193884475666 3 -0.645624757352268
v 13.2402454952628 3 -1.0631002365569
v 12.4100716399349 3 -1.066270218565
v 11.5789354243185 3 -1.08806681945628
v 10.7927323005295 3 -1.06128771891866
v 10.0236495206021 3 -1.05679257393173
v 9.27309886685557 3 -1.06720911013827
v 8.52111605881165 3 -1.0523063031828
v 7.75993487251883 3 -1.07672251787081
v 6.99258359243499 3 -1.05047389262919
v 6.2443043200644 3 -1.15275211198087
v 5.45482252110214 3 -1.22782979526005
v 4.66228817126822 3 -1.17677211222426
v 4.73805604202841 3 -1.35899919734549
v 3.96904350319409 3 -1.09444361477728
v 4.04110333549133 3 -1.33855387133376
v -30.3294985080151 1 0.651142173729093
v -30.1139817302775 1 0.248910778758939
v -30.8991273050763 1 0.301794172577566
v 24 0.284808895403152 -0
v 23.4962305362932 0.346894873422995 -0
v 22.9571190295573 0.475830818749033 -0
v 22.3743748842703 0.657335507483353 -0
v 25.6234366334487 0 0.380472649624785
v 25.6460619396211 0 -0.0963134656132596
v 26 -0.181847967108668 0.419724696355226
v -33 -1.83584649349125 0.420041134075627
v 26 -0.40750023341557 0.293067926274634
v -33 -2.63022963187827 0.511345948526497
v 26 -0.573301741444495 0.169136678982238
v -33 -3.43822812078541 0.590617337911185
v 26 -0.782289278543348 -0.0156052734691089
v -33 -4.25346926618485 0.753201078686455
v 26 -1 -0.0381544301295432
v 25.775317958221 -1 -0.107054789942499
v 25.3015300994466 -1 -0.212535734864297
v 24.9734018367334 -1 -0.238782084168508
v 24.5643894632316 -1 -0.612708677496891
v -33 -5.76717644221469 1
v 24.0849971634243 -1 -1
v 23.4085389706917 -1.07217515953372 -1
v 22.6483123054319 -1.055565321535 -1
v 21.8832466374311 -1.08053246838895 -1
v -32.3679082661606 -7 1
v -33 -7 1
v 24.1226772362232 -1.11753612499752 -1
v 23.1887439255683 -1.09115311519661 -1
v 22.4222249531934 -1.14498866160483 -1
v 21.8046168729053 -1.1916053947875 -1
v 21.345949974648 -1.17990446870791 -1
v 20.7535697105126 -1.24372514576878 -1
v 20.0830711720695 -1.30877751995296 -1
v 19.3620076001782 -1.30876498042022 -1
v 18.6950468552242 -1.31435787596268 -1
v 18.0590134760328 -1.40103227994517 -1
v 17.4555595736553 -1.43540622884782 -1
v 16.8597475935181 -1.59129926668651 -1
v 16.2723919598533 -1.76799396390765 -1
v 15.6769235112478 -1.90746736288672 -1
v 15.0648791620453 -3 -1
v 14.5032357829753 -3 -1.06711626505526
v 13.8382663144087 -3 -1.07491188060111
v 13.1031159532387 -3 -1.10879277787957
v 12.453579846691 -3 -1.10932728947403
v 11.8378419313492 -3 -1.12452260182933
v 11.2757375326344 -3 -1.02637011132675
v 10.6217744829311 -3 -1.07238063494976
v 9.94709003222606 -3 -1.16074272683547
v 9.26101170789529 -3 -1.13103161352723
v 8.57453015008419 -3 -1.14582438655219
v 7.89476548335534 -3 -1.21281913555604
v 7.22491835884757 -3 -1.19675896394946
v 6.59209530319533 -3 -1.23504485044702
v 6.03712346497902 -3 -1.23065353299511
v 5.44759028850964 -3 -1.30471702127416
v 4.72837926536178 -3 -1.25388905541309
v 3.99930866911701 -3 -1.25890823944902
v -29.9158159640008 -7 0.827368550719818
v -30.5670212355363 -7 1
v -31.2545776951202 -7 1
v -31.8446830785402 -7 1
v 24.2104190086944 -1.2381975095692 -1
v 23.4469805363677 -1.21096236094551 -1
v 22.6752065608536 -1.23712370572786 -1
v 21.9359830015257 -1.29611760726827 -1
v 21.1712859733037 -1.43159806726649 -1
v 20.4235633070599 -1.49616777088569 -1
v 19.7045205149495 -1.52079291791125 -1
v 19.0608376475288 -1.5974149234953 -1
v 18.414190262412 -1.66778307456765 -1
v 17.7808837010651 -1.78040532037164 -1
v 17.1705700881299 -1.96311089297384 -1
v 16.5709879846287 -2.18047168449356 -1
v 15.9839609367594 -2.44865541619545 -1
v 15.4226222498626 -3 -1
v 3.15477739698212 -3 -1.15427913198059
v 2.41912343040161 -3 -1.09660485207155
v 1.71214829443332 -3 -1.04821490479163
v 1.12111426140442 -3 -1.02352296688704
v 0.591720657906631 -3 -1.0161934914193
v 0.0446577936258676 -3 -1
v -0.565433172610945 -3.4476727024301 -1
v -15.8206716398339 -7 -1.04224206243716
v -16.4956846320396 -7 -1.07049039672147
v -17.1906858806899 -7 -1.11586980872321
v -17.894730220699 -7 -1.17969609707929
v -18.5933055844847 -7 -1.15284852083093
v -19.2861390614124 -7 -1.04981487643978
v -19.982004127777 -7 -1.04484409584729
v -20.6749289800845 -7 -1.03947953296411
v -21.3617949912518 -7 -1.03894837087332
v -22.0402352673111 -7 -0.980621004866302
v -22.7052352674848 -7 -0.902053045895281
v -23.2840843809998 -7 -0.713414531328739
v -23.8158780582511 -7 -0.50983264323493
v -24.3023699455885 -7 -0.260058525628475
v -24.7517453709488 -7 -0.00450936240273038
v -25.3079496985992 -7 0.183135914035865
v -25.9737992853353 -7 0.341090534423094
v -26.6575422540367 -7 0.403880394423356
v -27.3814846003868 -7 0.533404384693133
v -28.1471427580964 -7 0.641592331400488
v -28.8213780272926 -7 0.75046041463827
v -29.4187245406552 -7 0.722835247446312
v 24.3911735491327 -1.3444523295784 -1
v 23.5257177596353 -1.40852159867873 -1
v 22.797658498674 -1.46532836631508 -1
v 22.085639468029 -1.53729120756651 -1
v 21.3612582708681 -1.56176678741666 -1
v 20.6693092053413 -1.58267521729431 -1
v 19.9752134307954 -1.66182799402607 -1
v 19.3226723289811 -1.80470820679454 -1
v 18.6878299714728 -1.92102709728634 -1
v 18.0440648512924 -2.03608257740492 -1
v 17.4094344192703 -2.23288907463754 -1
v 16.7978705815419 -2.40955293937254 -1
v 16.1733766759262 -2.70770540821334 -1
v -0.854204808077331 -3.97750699059366 -1
v -1.29626224547878 -3.85795762741336 -1
v -1.93344797081643 -4.11655934708148 -1
v -2.57481678245357 -4.23763921498282 -1
v -3.20091565505471 -4.33437191582586 -1
v -3.81060720263992 -4.40135149052197 -1
v -4.40028544760698 -4.46352206675111 -1
v -4.98374063686817 -4.52490651775892 -1
v -5.54954485328897 -4.58201459910143 -1
v -6.10632012432219 -4.65339989019254 -1
v -6.68022365867332 -4.70187770249512 -1
v -7.25250199287546 -4.75455818773508 -1
v -7.83467621849857 -4.79210408278293 -1
v -8.41023964243342 -4.8659331320988 -1
v -8.99470796775716 -4.95044121955908 -1
v -9.58277829599682 -5.0316229637273 -1
v -10.1783485896188 -5.12985619714578 -1
v -10.7810083217742 -5.27198233690106 -1
v -11.3962729449753 -5.46509528041354 -1
v -12.0287526564945 -5.66786706413304 -1
v -12.6711886752875 -5.9175101794646 -1
v -13.3177538162087 -6.1899214703723 -1
v -13.983015078713 -6.5532159941352 -1
v -14.6529109026597 -7 -1
v -15.2344279768455 -7 -0.991813167555558
v 25 -1.31120822797206 -1
v 24.6617696597136 -1.48040549936914 -1
v 24.1171516284272 -1.47480350064057 -1
v 23.4461122141902 -1.51593339122417 -1
v 22.7855640850836 -1.54531948091263 -1
v 22.1247508639052 -1.62549618799301 -1
v 21.4611148986343 -1.70792258653738 -1
v 20.7969392811672 -1.77610517936849 -1
v 20.1410837930123 -1.85153586033895 -1
v 19.4944636656655 -1.94283262134373 -1
v 18.8665580473956 -2.09378461866819 -1
v 18.2354472025937 -2.17701691190598 -1
v 17.5897058986684 -2.4082053753737 -1
v 16.959960641229 -2.6704484075498 -1
v -1.50669022298377 -4.50244533608325 -1
v -2.22118215908586 -4.67062640233362 -1
v -2.8806301003039 -4.77058262327561 -1
v -3.50910029979734 -4.84367845993691 -1
v -4.1144106315279 -4.90644132924942 -1
v -4.69979717554252 -4.9593166408244 -1
v -5.27628656093155 -4.99565625983689 -1
v -5.83032494837373 -5.03457954968797 -1
v -6.37796605861565 -5.09927072054763 -1
v -6.93736586892399 -5.13576947531919 -1
v -7.50142750201421 -5.17009072313934 -1
v -8.06872871609932 -5.21446208308602 -1
v -8.64413203780372 -5.27490599085182 -1
v -9.21504342098162 -5.35947820295915 -1
v -9.80747958862898 -5.4395073512584 -1
v -10.4044836700425 -5.53171237155771 -1
v -11.0135588308919 -5.64040819285775 -1
v -11.6277294730537 -5.82265091243238 -1
v -12.2614394987986 -6.04815985807554 -1
v -12.8999732529986 -6.31695690636163 -1
v -13.5236300032104 -6.59503315212951 -1
v -14.1602917569718 -7 -1
v -14.7073134065895 -7 -1.03130968647095
v 24.4472489139479 -1.64756343245406 -1
v 23.9092771974741 -1.67380164276871 -1
v 23.328816313157 -1.69339195487504 -1
v 22.7093119044534 -1.70208671432453 -1
v 22.110961782411 -1.81058608981704 -1
v 21.480750210074 -1.87577076086808 -1
v 20.8396067650452 -1.92930648983855 -1
v 20.2068757225395 -2.01400449014332 -1
v 19.5763716412963 -2.13155420161736 -1
v 18.9580061517656 -2.25995264374807 -1
v 18.3369440689526 -2.41067461072882 -1
v 17.7619702990947 -2.50232669298027 -1
v -1.38786781287344 -5.13404446440501 -1
v -2.00739042292916 -5.19332156163928 -1
v -2.66125622161019 -5.28297304130528 -1
v -3.28945721359291 -5.35580499097061 -1
v -3.89930680433106 -5.4092557495575 -1
v -4.49310047705684 -5.44752191847435 -1
v -5.06435874451194 -5.48082796290802 -1
v -5.60769082364193 -5.50059929726037 -1
v -6.15044125202413 -5.51096813898798 -1
v -6.70730096551197 -5.52667828820192 -1
v -7.251252201203 -5.58255568489344 -1
v -7.79695552854498 -5.62080515584079 -1
v -8.35919975072973 -5.64338102085048 -1
v -8.90179857277771 -5.65785105835591 -1
v -9.48508455428217 -5.7181869009581 -1
v -10.0726855277116 -5.8175194369111 -1
v -10.6577751082981 -5.85438430817135 -1
v -11.2700937762758 -5.98496536455206 -1
v -11.9051555927211 -6.16670632023989 -1
v -12.5654718486906 -6.41135573545118 -1
v -13.2112452728006 -6.68363382697327 -1
v -13.8161877131346 -6.89320974497433 -1
v 24.8634495606784 -1.98697676310375 -1
v 24.52915526561 -1.87588678773425 -1
v 24.2240261589751 -1.84548987371425 -1
v 23.7719731891006 -1.88043416563314 -1
v 23.2365148634362 -1.89539814892542 -1
v 22.6639148308406 -1.9378937083184 -1
v 22.0674180683916 -1.95705717500484 -1
v 21.4562942426741 -2.02742631103127 -1
v 20.8414389071023 -2.11463624103444 -1
v 20.2140989229834 -2.19760733443451 -1
v 19.5920126421945 -2.2672708433103 -1
v 18.95923041632 -2.42030995487663 -1
v 18.3723377013246 -2.5683967018384 -1
v -1.29131059927397 -5.8356668757296 -1
v -1.91828305919955 -5.86158272095498 -1
v -2.51489443928825 -5.86866372868371 -1
v -3.16675075798531 -5.91203939487073 -1
v -3.76908482524785 -5.99830241412338 -1
v -4.36046506139065 -6.01017026172193 -1
v -4.93329534430772 -6.02333985661265 -1
v -5.46337899936312 -6.0352610158016 -1
v -5.98821604214979 -6.05594377973839 -1
v -6.5328437267688 -6.03655939602955 -1
v -7.069138729476 -6.01160923434486 -1
v -7.60188977871793 -6.01129525946896 -1
v -8.12284928987105 -6.01486663510753 -1
v -8.66440615626219 -6.03206399906941 -1
v -9.23258772138701 -6.06278318016294 -1
v -9.79069263287026 -6.08509098814981 -1
v -10.3740888262323 -6.10665005546393 -1
v -10.9767720312861 -6.22029375576467 -1
v -11.5955111999499 -6.36552691904213 -1
v -12.2689329538618 -6.56709241520518 -1
v -12.9494353488535 -6.78581192326589 -1
v 25.2831671550924 -2.08440343437253 -1
v 24.9803441832401 -2.14817827032896 -1
v 24.594977834759 -2.10026082211114 -1
v 24.1518780265677 -2.06606396699159 -1
v 23.6884612505521 -2.08812869797925 -1
v 23.1734244629838 -2.07594368970449 -1
v 22.6198634274295 -2.11912257106248 -1
v 22.0273700139441 -2.12337598825404 -1
v 21.4311256298577 -2.1964310986516 -1
v 20.816583105704 -2.27210107154458 -1
v 20.2024530427551 -2.38450278907001 -1
v 19.5703275207482 -2.50991000941567 -1
v 18.9753650341875 -2.61067910272562 -1
v -1.20889230906088 -6.52795682682895 -1
v -1.83204131208679 -6.52249735801012 -1
v -2.4828755176885 -6.5691266103401 -1
v -3.02624876480822 -6.43504639623839 -1
v -3.66398980397381 -6.60972065562705 -1
v -4.27228345210175 -6.60668431142851 -1
v -4.85259388188195 -6.58965715580311 -1
v -5.3804250306833 -6.58041860757605 -1
v -5.89318146866403 -6.56250908486332 -1
v -6.42430056114822 -6.53869797057421 -1
v -6.95778316022841 -6.49565812047051 -1
v -7.45769167065813 -6.4424135246955 -1
v -7.96686777120003 -6.41181241766848 -1
v -8.47707126605597 -6.36597282395299 -1
v -9.01666504502194 -6.34084438790824 -1
v -9.57358718695656 -6.34773582394038 -1
v -10.1498862712127 -6.38464601458453 -1
v -10.7452129077347 -6.44251751456193 -1
v -11.3613098265091 -6.57218958751597 -1
v -11.9361388622001 -6.72277864790139 -1
v 25.2400153367109 -2.25188037969283 -1
v 24.7143877832979 -2.25914974476037 -1
v 24.2040308290168 -2.24728489596864 -1
v 23.6904999440342 -2.25470058307297 -1
v 23.1499200843817 -2.25003355536472 -1
v 22.5959949567715 -2.29238644829867 -1
v 22.0135219431018 -2.29886412182335 -1
v 21.410539414332 -2.37590755802787 -1
v 20.7967807961968 -2.43205134906758 -1
v 20.1659910026246 -2.57618940550658 -1
v 19.5746122047596 -2.68086322234065 -1
v -0.466214109327597 -7.22503919665113 -1
v -1.08511695062481 -7.20970463714 -1
v -1.68476415332122 -7.1924327843926 -1
v -2.26507769888482 -7.21135141754432 -1
v -2.7721030178362 -7.23271184700917 -1
v -3.24072261467785 -7.06220034576902 -1
v -3.81418849965185 -7.25692283008499 -1
v -4.28720641608493 -7.20036060358621 -1
v -4.82405271799416 -7.18389899351616 -1
v -5.32295637405814 -7.16173685969318 -1
v -5.83064278923951 -7.11128837870423 -1
v -6.33249825499619 -7.07367750396755 -1
v -6.8448940101063 -6.99871159647073 -1
v -7.34972149349047 -6.93244748623573 -1
v -7.84460843755619 -6.83659499256078 -1
v -8.33023716933474 -6.70988983259327 -1
v -8.84779633142124 -6.64270707046485 -1
v -9.39248780561855 -6.61345115089155 -1
v -9.97146829045687 -6.61382786270966 -1
v -10.5957130198067 -6.65367402766882 -1
v -11.2026802150744 -6.73530330405828 -1
v 26.545705171852 -2.14451081121136 -1
v 25.9423065506898 -2.3128815372789 -1
v 25.3831563448553 -2.37097958088457 -1
v 24.8343937868689 -2.39788084984569 -1
v 24.2745701326971 -2.404014241654 -1
v 23.7265615748144 -2.44217732784709 -1
v 23.1672572544197 -2.42315072102596 -1
v 22.5992894223647 -2.44224137551868 -1
v 22.005109608387 -2.45477571428401 -1
v 21.3994362506115 -2.52222295223429 -1
v 20.7645692652781 -2.62469992033376 -1
v 20.1679053412793 -2.75009097440818 -1
v -0.982996072609364 -7.87413281495745 -1
v -1.58508561821726 -7.87004198300467 -1
v -2.17944506528831 -7.85926487295733 -1
v -2.802978823249 -7.90876422201599 -1
v -3.23188008169742 -7.69930731492637 -1
v -3.75698654727968 -7.77241574106765 -1
v -4.30077441841699 -7.82553947951853 -1
v -4.7945313488874 -7.80492741246087 -1
v -5.26935741274148 -7.75198277632462 -1
v -5.73936771688887 -7.69703078728232 -1
v -6.21895633458923 -7.62878461350836 -1
v -6.71569076024597 -7.54399862521899 -1
v -7.19471513829433 -7.41924835828083 -1
v -7.6881942238332 -7.29257466737828 -1
v -8.19804917643641 -7.10222739200995 -1
v -8.71070714490669 -6.98217914653514 -1
v -9.21218756942267 -6.88034074936783 -1
v -9.79942895789335 -6.83660379950048 -1
v -10.4021350697636 -6.80051883814193 -1
v 27 -2.56487786314218 -1
v 26.5714182662315 -2.67642767097758 -1
v 26.0499082184239 -2.59766201286641 -1
v 25.4737552473532 -2.58117999907207 -1
v 24.9141112282803 -2.5720195469481 -1
v 24.3498965863209 -2.55692230676054 -1
v 23.7730287517242 -2.55510728007956 -1
v 23.1900801185149 -2.5772812032978 -1
v 22.6098835630884 -2.62460256993989 -1
v 22.0189034684081 -2.63781326131358 -1
v 21.3786460974776 -2.66606421348491 -1
v 20.7732982722495 -2.7748045296934 -1
v -0.270502492853009 -8.47790031326139 -1
v -0.891602943482398 -8.50281174841598 -1
v -1.52139867553525 -8.54788788101112 -1
v -2.08533656845668 -8.53747902549502 -1
v -2.62904542154322 -8.50992092685931 -1
v -3.17235873710751 -8.5295793042213 -1
v -3.57543550894321 -8.330258036325 -1
v -4.21508955703782 -8.39090883367015 -1
v -4.73480058148349 -8.4466224149738 -1
v -5.21410646649031 -8.36677130856981 -1
v -5.67545302099883 -8.28993170816429 -1
v -6.1288170470867 -8.2075151010524 -1
v -6.56667752723287 -8.10660351043118 -1
v -6.99539357255914 -7.97004857036891 -1
v -7.38907085445785 -7.82027901803394 -1
v -7.77699860880527 -7.73180784271573 -1
v -8.13467867863794 -7.48110957549549 -1
v -8.59013905930974 -7.30605795071639 -1
v -9.01317215643183 -7.14419688430971 -1
v -9.52325160067777 -6.96751546300987 -1
v 26.6801539292766 -2.89193275212195 -1
v 26.1632831071572 -2.83308449260019 -1
v 25.6083034468921 -2.79578563991513 -1
v 25.0373352188691 -2.77083937400331 -1
v 24.4614368783784 -2.72453594912196 -1
v 23.8623201486894 -2.67913834532325 -1
v 23.2467089554616 -2.69086678757956 -1
v 22.6203157591219 -2.78518963593107 -1
v 22.0106045495671 -2.81976236146059 -1
v 21.4075214473808 -2.74074102988298 -1
v -0.849851192146547 -9.14842063710077 -1
v -1.4580407099066 -9.17872753354742 -1
v -2.11461812575936 -9.2453036380774 -1
v -2.65403017547816 -9.1574788400036 -1
v -3.19891976350411 -9.13224185577714 -1
v -3.6960542483187 -9.02016851287613 -1
v -4.11284784784443 -8.87107255284135 -1
v -4.68852997525159 -9.09855910119382 -1
v -5.19085974175865 -8.99565390772697 -1
v -5.65880498139334 -8.90368420429854 -1
v -6.0920504251479 -8.81114929153239 -1
v -6.51003886168031 -8.69937106099871 -1
v -6.9119700604251 -8.55655470038729 -1
v -7.30428956180817 -8.39785320091542 -1
v -7.7051610131414 -8.24351802886767 -1
v -8.06077290824612 -7.9660632490231 -1
v -8.38812106588835 -7.60867202960802 -1
v -8.74793660948138 -7.34711179105472 -1
v -0.277349422452579 -9.81055646228991 -1
v -0.81122877302779 -9.80226297914233 -1
v -1.38514455164386 -9.82052267148091 -1
v -1.94566498161287 -9.86068176438338 -1
v -2.46889331375971 -9.943550727826 -1
v -2.86662811651132 -9.78677035706812 -1
v -3.3600870190249 -9.7468157085763 -1
v -3.865966500018 -9.64295056101859 -1
v -4.32226215964159 -9.45808629543381 -1
v -4.86732870810712 -9.80950304207096 -1
v -5.26933061459742 -9.62169593373976 -1
v -5.71645425861919 -9.52340246060573 -1
v -6.13430081115381 -9.41848102634807 -1
v -6.53689330176644 -9.29635986715427 -1
v -6.91760012980441 -9.14774585843931 -1
v -7.27439743283109 -8.95986764122224 -1
v -7.64280510461097 -8.73793336840158 -1
v -7.9791525990183 -8.39716724846488 -1
v -8.30669275269573 -7.83963514209931 -1
v -0.800990851541505 -10.4794395301862 -1
v -1.36609575387031 -10.48106077699 -1
v -1.92970213948089 -10.5001034153728 -1
v -2.55163124054657 -10.5806709480656 -1
v -3.06553448840087 -10.4720884927133 -1
v -3.54123430384499 -10.3802469566765 -1
v -4.02531885341842 -10.273690478558 -1
v -4.47281902741252 -10.0865550483261 -1
v -5.05059677254609 -10.4793010278959 -1
v -5.42841456846399 -10.2721660476149 -1
v -5.8373915253847 -10.135170480583 -1
v -6.24236912000048 -10.0281257428193 -1
v -6.58774249848897 -9.90775705697129 -1
v -6.95522646674956 -9.75918692943585 -1
v -7.321519643599 -9.57744703547194 -1
v -7.59788705885333 -9.31236746326919 -1
v -7.91130404051758 -8.97087300087269 -1
v -8.17220789436829 -8.27016308280603 -1
v -0.28727611614946 -11.1506455415965 -1
v -0.809251284538392 -11.1495619616935 -1
v -1.33636526743404 -11.1520046195801 -1
v -1.87205252211908 -11.1573695027871 -1
v -2.40682564393865 -11.1809393945756 -1
v -2.93661019793085 -11.2421073319933 -1
v -3.3109527333495 -11.0940834366409 -1
v -3.77020179744744 -11.0293861827456 -1
v -4.21867649947109 -10.9234201032218 -1
v -4.65754184410381 -10.7306429832034 -1
v -5.22144493149533 -11.1329775257404 -1
v -5.59253546800486 -10.9192854702503 -1
v -5.98407332409105 -10.7728949695564 -1
v -6.37513966744061 -10.6633874574311 -1
v -6.72419724292566 -10.5461611724518 -1
v -7.03362324928664 -10.3873581448648 -1
v -7.35164755104525 -10.207678292735 -1
v -7.60795882305599 -10.0347381090974 -1
v -7.82905737710384 -9.72770452720042 -1
v -0.825585884867364 -11.8197033557259 -1
v -1.35149723370187 -11.8256876100817 -1
v -1.87539467544422 -11.8305646112873 -1
v -2.42790541381206 -11.8289563024614 -1
v -3.0242317562403 -11.8775180595686 -1
v -3.53055440586165 -11.7765175130962 -1
v -3.99527405768207 -11.6880740855297 -1
v -4.42115964193557 -11.5846649032253 -1
v -4.82305804701291 -11.3886112632122 -1
v -5.41848616249777 -11.7823011382403 -1
v -5.79700880438367 -11.5680655741591 -1
v -6.18073205288519 -11.4256231380878 -1
v -6.54875506531075 -11.3122085232019 -1
v -6.88856517064657 -11.1936254078434 -1
v -7.17839116681118 -11.0485337182915 -1
v -7.44857334530194 -10.8343329734329 -1
v -7.73768267869125 -10.7474626779078 -1
v -0.298295110469393 -12.489479844267 -1
v -0.84388835630361 -12.4891030408689 -1
v -1.37149550413377 -12.4960126899244 -1
v -1.90142206952451 -12.5008673089562 -1
v -2.42281028789898 -12.507541871468 -1
v -2.90995242718989 -12.4960351184798 -1
v -3.38627198924504 -12.5170914487265 -1
v -3.76406373666291 -12.4043384048733 -1
v -4.20886318820022 -12.3507529585769 -1
v -4.64993685084058 -12.2544868731173 -1
v -5.04758668469805 -12.0566430598447 -1
v -5.62882761125948 -12.4273164656795 -1
v -6.00859329661285 -12.2152368747263 -1
v -6.39655470164367 -12.0809174957321 -1
v -6.75508711499658 -11.9704607598579 -1
v -7.08662304809391 -11.8481968373255 -1
v -7.37099371551242 -11.7037310391631 -1
v -7.63791752200212 -11.4705743387943 -1
v -0.85311233719247 -13.1635095079524 -1
v -1.38169892462126 -13.1705304234187 -1
v -1.94614053805526 -13.1734448822377 -1
v -2.4812246019828 -13.1720204277697 -1
v -3.04641797305854 -13.1951330755886 -1
v -3.54499773729817 -13.1326225845788 -1
v -4.02364857137034 -13.0742129190712 -1
v -4.46204376758973 -13.0076236672601 -1
v -4.89419577871716 -12.9321765049622 -1
v -5.2754634610897 -12.7392225422357 -1
v -5.84207097194775 -13.0679274755453 -1
v -6.24248081775734 -12.8644810023778 -1
v -6.63195507302256 -12.7331202594418 -1
v -7.01077811343731 -12.6238136344895 -1
v -7.32662969630033 -12.5241509173278 -1
v -7.5590131373037 -12.3503394481451 -1
v -0.335959216925404 -13.8356297842198 -1
v -0.871966750530656 -13.8381263809221 -1
v -1.41282559453005 -13.8449356595851 -1
v -1.94944289031117 -13.8505303790721 -1
v -2.49025358970727 -13.8582127456536 -1
v -2.96465408428674 -13.846276968034 -1
v -3.43419060929798 -13.8574913879768 -1
v -3.81372211146737 -13.7570013500197 -1
v -4.26485698786023 -13.7194079548125 -1
v -4.71531392151397 -13.6726212426251 -1
v -5.15240721546359 -13.6107024834872 -1
v -5.51676016627111 -13.434513210297 -1
v -6.05454712889403 -13.6963220710368 -1
v -6.46330972161869 -13.5095572209911 -1
v -6.92270433773124 -13.3977757273265 -1
v -7.38364260762607 -13.2837744190615 -1
v -7.64476734883333 -13.1774964336513 -1
v -7.81853108094305 -13.0295204917091 -1
v -0.888830870119264 -14.5145428912626 -1
v -1.45930228203499 -14.5208802743728 -1
v -1.99922313288345 -14.5276491125699 -1
v -2.54805688024282 -14.5270784044087 -1
v -3.13378716880784 -14.5525610162786 -1
v -3.62653058695409 -14.4866589668322 -1
v -4.09447394899911 -14.4312143712589 -1
v -4.53189695790918 -14.3731298617316 -1
v -4.97269873752895 -14.3315871958766 -1
v -5.40888630093703 -14.2837084228858 -1
v -5.77713389314759 -14.1405464904992 -1
v -6.28637923460302 -14.3229949930972 -1
v -6.65887624678386 -14.1562859649257 -1
v -7.07407270621314 -14.053986494406 -1
v -7.60546166650558 -14.0124782154074 -1
v -7.85782493634321 -13.8538181243809 -1
v -0.362223612312477 -15.1868914731616 -1
v -0.908439328425062 -15.1916329771172 -1
v -1.46873546741281 -15.1995630151942 -1
v -2.03382833589504 -15.2077803245209 -1
v -2.57737239397399 -15.2150889656972 -1
v -3.07839453858703 -15.2012643624593 -1
v -3.55846998031129 -15.2178875455487 -1
v -3.93870896420371 -15.1169636041315 -1
v -4.38514884550959 -15.0793866561826 -1
v -4.82340008904502 -15.0344776810959 -1
v -5.25014052925886 -14.9907650180459 -1
v -5.68142626397168 -14.9484116129921 -1
v -6.07401851411206 -14.8617428918998 -1
v -6.53322784827507 -14.9205147072091 -1
v -6.90576157040572 -14.8308273812682 -1
v -7.19736180302746 -14.6715500176942 -1
v -7.63866499359212 -14.7118719705847 -1
v -0.937689938387054 -15.8700146694387 -1
v -1.49778313754075 -15.8816264042238 -1
v -2.05112221516369 -15.8881709309817 -1
v -2.66252505833413 -15.886513415994 -1
v -3.26211237396564 -15.9082435110799 -1
v -3.77418522722958 -15.8494149092219 -1
v -4.24357696577958 -15.7967324703581 -1
v -4.69535068345741 -15.7380775390203 -1
v -5.12957041693652 -15.6935065009687 -1
v -5.54901307285022 -15.6505603664473 -1
v -5.95746154420917 -15.6096858300537 -1
v -6.37243091116595 -15.5611972143907 -1
v -6.76960655899807 -15.5117200025635 -1
v -7.20986934719583 -15.4674611963211 -1
v -7.53043193181484 -15.3168924900398 -1
v -0.396588399113513 -16.5414227321962 -1
v -0.959310685327108 -16.5481486339608 -1
v -1.5283398967655 -16.5587601165162 -1
v -2.09903586322712 -16.5819445730686 -1
v -2.65124699789115 -16.577749591555 -1
v -3.18183743107688 -16.5535688331818 -1
v -3.66060431225863 -16.5759059722034 -1
v -4.07761419489812 -16.483992761479 -1
v -4.53929331294748 -16.4520180533934 -1
v -4.97737464688903 -16.4094436152589 -1
v -5.42913549762079 -16.3571262642833 -1
v -5.85127235231249 -16.3038002049084 -1
v -6.26121767780844 -16.2672132064892 -1
v -6.65576765280166 -16.2284918925917 -1
v -7.06185639758769 -16.167969953251 -1
v -7.44316010750227 -16.0773813854879 -1
v -0.973724741356196 -17.2270999494018 -1
v -1.57988261847113 -17.2390733204566 -1
v -2.17105120316632 -17.2476639058437 -1
v -2.8175320743601 -17.2955856301096 -1
v -3.33358467399419 -17.2289429138864 -1
v -3.87704013877135 -17.2107428233504 -1
v -4.37460213135955 -17.1602182352038 -1
v -4.84990987544143 -17.111274760243 -1
v -5.30410562151516 -17.0770132154997 -1
v -5.73793707856404 -17.0324762469043 -1
v -6.13054145269666 -16.951815301252 -1
v -6.55120254411947 -16.8980009150089 -1
v -6.98608347735913 -16.9110170304219 -1
v -7.36759775526395 -16.7959989935982 -1
v -0.431288046039137 -17.8939440632873 -1
v -1.00979471711623 -17.903751100603 -1
v -1.60008197459509 -17.9178141883529 -1
v -2.18789376613941 -17.9409937675346 -1
v -2.74582251431275 -17.9391392134893 -1
v -3.31332544530879 -17.9784543892073 -1
v -3.69060710513233 -17.8714503772167 -1
v -4.17289990135373 -17.8492088925419 -1
v -4.65787923944199 -17.8153842803361 -1
v -5.14042407586261 -17.7756998271931 -1
v -5.63020343014463 -17.7392891994029 -1
v -6.08233388909634 -17.7030088884663 -1
v -6.46366522254386 -17.6390690772192 -1
v -6.77459680501124 -17.4887656312551 -1
v -7.25892051762459 -17.5692511652811 -1
v -1.05110942474308 -18.5799329864258 -1
v -1.64753727785766 -18.5972659647106 -1
v -2.244561340302 -18.6093836667673 -1
v -2.88389184675995 -18.6592858513532 -1
v -3.47433019184499 -18.608007323647 -1
v -4.01470809573742 -18.5637966172729 -1
v -4.49323789563289 -18.5070452658552 -1
v -5.00043856228811 -18.4731215200485 -1
v -5.48061870132017 -18.4368530204241 -1
v -5.96603016749324 -18.3948589638364 -1
v -6.43737681321547 -18.3503236962647 -1
v -6.86700876670706 -18.2947340664562 -1
v -7.20150579615975 -18.1179674339054 -1
v -0.440900526008146 -19.2425888149134 -1
v -1.07415332088769 -19.2541275060649 -1
v -1.68196947885622 -19.2727693144223 -1
v -2.28684594280007 -19.300666235582 -1
v -2.83180351550678 -19.3035220247092 -1
v -3.37613647242008 -19.3435829254165 -1
v -3.79332472558779 -19.2392183510441 -1
v -4.30648262232105 -19.2128957052063 -1
v -4.82410517666414 -19.1758444101964 -1
v -5.31659731789695 -19.1383456390342 -1
v -5.81779259259378 -19.1012273874616 -1
v -6.31051523595167 -19.0612331653909 -1
v -6.76714340666107 -18.9985738380726 -1
v -7.22984822516186 -18.9351557920879 -1
v -7.61211594979861 -18.8146322357222 -1
v -1.10319890451979 -19.9260378061094 -1
v -1.72813142291906 -19.9467958537417 -1
v -2.36156609230192 -19.9646509198196 -1
v -3.04886786227108 -20.0194271953318 -1
v -3.59377305839529 -19.9737514985117 -1
v -4.13324291832708 -19.9297030699205 -1
v -4.62938891209462 -19.8722225422795 -1
v -5.14959611070486 -19.8390621358762 -1
v -5.65639040432417 -19.8028185730948 -1
v -6.16873731038326 -19.7691272157893 -1
v -6.65089336963813 -19.7254141942417 -1
v -7.09015079532057 -19.6906505086023 -1
v -7.51581903546393 -19.5957619072387 -1
v -0.53337473963358 -20.5822829002937 -1
v -1.14688315518518 -20.5939034869984 -1
v -1.75790992384522 -20.6136855199927 -1
v -2.38782639724099 -20.6478693279449 -1
v -2.97953025774133 -20.6607766138567 -1
v -3.54155462896877 -20.7067221425236 -1
v -3.96430692115008 -20.6078616223837 -1
v -4.47677063657133 -20.5819794524579 -1
v -4.99227596310108 -20.5428090224968 -1
v -5.49844609099467 -20.4999402828387 -1
v -6.01370507911281 -20.4640262663228 -1
v -6.52446100043866 -20.4216624817698 -1
v -7.06889079351937 -20.390515609973 -1
v -7.45724257077116 -20.3160905830066 -1
v -1.18504612790081 -21.2706472543009 -1
v -1.80904394495499 -21.2795999075457 -1
v -2.4596881264486 -21.2958030487737 -1
v -3.16931993731754 -21.3678178520804 -1
v -3.77053544491696 -21.3379013661124 -1
v -4.35119013372395 -21.301962774861 -1
v -4.85139700802883 -21.2486364253985 -1
v -5.34849801109545 -21.2083476720359 -1
v -5.85027670335316 -21.1653780189152 -1
v -6.33954123676401 -21.1165497494784 -1
v -6.89967250672824 -21.0791152212312 -1
v -7.49318302704113 -21.0051150110606 -1
v -0.510315234270824 -21.919004639993 -1
v -1.17775764993289 -21.9575027573415 -1
v -1.86341953455665 -21.9628499359415 -1
v -2.4780484457696 -21.9550256866096 -1
v -3.09271151838205 -21.9793511440555 -1
v -3.6757034977531 -22.0545671067646 -1
v -4.12466525249691 -21.9693598667947 -1
v -4.69097671074278 -21.9582387358661 -1
v -5.24934103984934 -21.9266372506854 -1
v -5.71415496575318 -21.8831523477979 -1
v -6.21263097901321 -21.8254978691869 -1
v -6.71348811141595 -21.7802347860451 -1
v -7.10064473301237 -21.7001781088912 -1
v -1.15226129426557 -22.6015915131617 -1
v -1.9484939739886 -22.6655512587008 -1
v -2.62158424848293 -22.6233471330683 -1
v -3.2591262918243 -22.6380715362553 -1
v -3.88333965354798 -22.6790173095936 -1
v -4.49482281179893 -22.6588515377714 -1
v -5.05649410390273 -22.6224487729001 -1
v -5.62438331400516 -22.6040726075439 -1
v -6.15386646225702 -22.5574821424476 -1
v -6.66887094620699 -22.5006951560285 -1
v -7.04582166803589 -22.4081493354933 -1
v -0.506700704542191 -23.2277224886923 -1
v -1.15803378169558 -23.2523864585659 -1
v -1.79456365765289 -23.2558422280923 -1
v -2.42564189986433 -23.3530634442549 -1
v -2.91737821112803 -23.264791934727 -1
v -3.53497013699716 -23.2844450469399 -1
v -4.1664691017952 -23.3155463965509 -1
v -4.79488556622924 -23.3130360162165 -1
v -5.40326853998892 -23.2886150487123 -1
v -6.0280292781667 -23.2710071028658 -1
v -6.60804818907433 -23.2542795996177 -1
v -7.12801959482754 -23.1385599619616 -1
v -1.25278910586852 -23.9289947411852 -1
v -1.91266194849247 -23.8853554130856 -1
v -2.56585098240801 -23.9408864351902 -1
v -3.21246228358446 -23.9542123047451 -1
v -3.85201182679215 -23.9379906107511 -1
v -4.49890657789369 -23.9707610821169 -1
v -5.10853162619444 -23.9780282309487 -1
v -5.76615183675602 -23.9692970623783 -1
v -6.40746973762354 -23.9353957782976 -1
v -7.09665277487663 -23.9131843295922 -1
v -8 -23.8297807629451 -1
v -0.403676297279788 -24.423967575914 -1
v -1.07747893852796 -24.5304723416167 -1
v -1.68378088236477 -24.5711349199228 -1
v -2.1999302837532 -24.4967158787475 -1
v -2.80044794761708 -24.5293034570333 -1
v -3.47067270255071 -24.5743615137582 -1
v -4.14018977494552 -24.6005800341432 -1
v -4.81257548405415 -24.6357066527224 -1
v -5.47434442825166 -24.6681623141414 -1
v -6.12883239469619 -24.6618109677456 -1
v -6.802585410873 -24.6518114903288 -1
v -7.38268736522818 -24.5735591447166 -1
v -0.197619836839216 -24.98213919612 -1
v -0.808002761036035 -25.0606108232387 -1
v -1.37757434228063 -25.1931453126256 -1
v -1.87784079908718 -25.1384868858439 -1
v -2.49377547924975 -25.1316480581523 -1
v -3.08952915513528 -25.1341428137974 -1
v -3.75297813982986 -25.184561128445 -1
v -4.42370869317844 -25.2335633511812 -1
v -5.16076018959512 -25.3066240419792 -1
v -5.87775475860103 -25.3713015701379 -1
v -6.54594537919216 -25.3945779668784 -1
v -7.12137151784043 -25.3193711294525 -1
v -0.710025084511075 -25.5894484034659 -1
v -1.37215568972395 -25.738477962087 -1
v -2.02449667063271 -25.7319546452402 -1
v -2.6493548322588 -25.7142596474363 -1
v -3.30768208343406 -25.7317176573463 -1
v -3.99063667690301 -25.7794964331121 -1
v -4.71238622832015 -25.8543084122595 -1
v -5.48524043116202 -25.9539475159725 -1
v -6.29907423635746 -26.0984240745735 -1
v -6.96684078822486 -26.1625860402344 -1
v 0.0600754779831016 -26.1271318108288 -1
v -0.49985531252449 -26.1472500219491 -1
v -1.0963449397269 -26.2046626156973 -1
v -1.66912444689736 -26.3144346603286 -1
v -2.19110538997744 -26.2584258374901 -1
v -2.81130516368418 -26.2678557312102 -1
v -3.45638562673858 -26.2812583133084 -1
v -4.16038189573506 -26.3382639298429 -1
v -4.92354821521912 -26.4332932929575 -1
v -5.72004401595116 -26.5503785286398 -1
v -6.46332662210602 -26.634025385304 -1
v -0.428558143530011 -26.7194978827006 -1
v -1.00125892898833 -26.7541235707494 -1
v -1.61112240227704 -26.805073705432 -1
v -2.27208092598442 -26.813586474096 -1
v -2.91061286027028 -26.8002829874866 -1
v -3.58393108160925 -26.8125485057662 -1
v -4.29387920933734 -26.8472653797 -1
v -5.05922421105182 -26.9067738190113 -1
v -5.82961885718692 -27.0793927412546 -1
v -0.405479164981503 -27.2416465497763 -1
v -0.944004620286441 -27.2709189792029 -1
v -1.54779087020526 -27.2921037027667 -1
v -2.21061376511655 -27.3075441919944 -1
v -2.90491298454287 -27.3126567595087 -1
v -3.63327008637643 -27.2896661399064 -1
v -4.38738463895771 -27.3248771604488 -1
v -5.12539674776274 -27.3323341607389 -1
v -0.529821043520133 28 -1.0472299301276
v -1.03595162925396 28 -1.02186505417931
v -1.57245344659618 28 -1
v -2.14880183962758 28 -1
v -2.78229723783341 28 -1.060414679208
v -3.46444328249847 28 -1.09735174625627
v -4.22058774386227 28 -1
v -5.0459887439747 28 -1
v -5.94214283495912 28 -1
v -6.99108599792124 28 -1.28336835879312
v -0 28 -1
v -0.381526424307938 28 -0.86462005088849
v -0.858475809898979 28 -1
v -8.25081443016824 28 -1.29121683935226
v -0.307014657217434 28 -1
v -0.711310749450994 28 -1
v -1.20855997892878 27.5752346929655 -1
v -8.94402519499133 28 -1.20130196519686
v -0.239769922961074 27.1207209986164 -1
v -0.558744830888298 26.9899120905379 -1
v -1.01961889793347 26.9612277534176 -1
v -10 28 -1
v -0.322296987686281 26.2684824625518 -1
v -0.753570205254973 26.3000179323598 -1
v -10 26.9261015962018 -1
v -0 25.5598865568852 -1
v -0.423105243935581 25.6074255405532 -1
v -1.04202374715152 25.652026730626 -1
v -10 26.1267134887298 -1
v -0.375816430712838 24.886069681605 -1
v -0.814142700682549 24.9629093121497 -1
v -10 25.4377911964766 -1
v -0 24.2048006891989 -1
v -0.457516210424848 24.2767324101243 -1
v -1.05195176949776 24.3607687300228 -1
v -10 24.7213936927524 -1
v -0.44754153237617 23.5589441209218 -1
v -0.789765584595811 23.6736799892041 -1
v -10 24.0246728878342 -1
v -0 22.8778487203317 -1
v -0.169128902478547 22.9680830824818 -1
v -1.01498657140507 23.0867654084327 -1
v -10 23.3251739586739 -1
v -0 22.2417592032389 -1
v -0.776221644309282 22.3773406289876 -1
v -10 22.6106459215304 -1
v -0 21.553308298252 -1
v -0.479263880661617 21.6542940685537 -1
v -1.13842321746859 21.7758751160749 -1
v -10 21.8921401526312 -1
v -0.423260193420657 20.9092209511429 -1
v -0.808727813088567 21.0371469027887 -1
v -1.39110989929196 21.113809626414 -1
v -10 21.2075164889414 -1
v -0 20.2074814770946 -1
v -0.406745591089841 20.3048301062444 -1
v -1.07099698948457 20.3973419646508 -1
v -10 20.5265410204915 -1
v -0.357054194927934 19.5488788742865 -1
v -0.805775134527726 19.6667710001009 -1
v -10 19.8758474507552 -1.27798961164139
v -0 18.834388811537 -1
v -0.394896068029439 18.9360955383152 -1
v -1.08185331850507 19.0388033471496 -1
v -10 19.1720852891703 -1.25530455199559
v -0.336556175227059 18.1845706246128 -1
v -0.83653077794365 18.3051795577045 -1
v -10 18.5040169837252 -1.4075450497319
v -0 17.4795024242922 -1
v -0.489886761415377 17.5698378575575 -1
v -1.12002893462925 17.7135037899821 -1
v -10 17.4348928571834 -1
v -0.422524263920942 16.8148635138448 -1
v -0.869278919595716 16.9527019324017 -1
v -10 16.8231005730113 -1
v -0 16.1044918024705 -1
v -0.49944316188755 16.2131535850259 -1
v -1.17605767258018 16.3779260730031 -1
v -10 16.195972665999 -1
v -0.430362457595691 15.4456601453251 -1
v -0.825930874063726 15.5899412818301 -1
v -10 15.5507772084991 -1
v -0 14.7281602382793 -1
v -0.493476501357947 14.8312927464781 -1
v -1.0974642444803 14.9407131824563 -1
v -10 14.9112470611326 -1.28133352115684
v -0.429408860932202 14.0705079430004 -1
v -0.868872379661769 14.1945414568095 -1
v -0 13.3601590359814 -1
v -0.553912941952397 13.4642717224395 -1
v -1.13182003332001 13.6324411323072 -1
v -10 13.4224998647417 -1.25293286852723
v -0.378309129996199 12.7046349450342 -1
v -0.773196083251499 12.8538479982157 -1
v -1.32924184842367 12.7892697978246 -1
v -10 12.6491106691072 -1.26497154329356
v -0 11.9922692818444 -1
v -0.456156443385435 12.0879536461887 -1
v -1.04075919670575 12.1447687188878 -1
v -10 11.8944066022766 -1.22925331205881
v -0.431274841929913 11.3309678805299 -1
v -0.771079922622926 11.4340541867684 -1
v -1.33382335211971 11.4999532778575 -1
v -10 11.170200573085 -1.20579388470859
v -0 10.6205991988468 -1
v -0.48817969415002 10.7066011915607 -1
v -1.04804643023608 10.7944012169269 -1
v -10 10.4355631285112 -1.2539793781692
v 24 3.40435697788402 -0.977635049713664
v 24 3 -0.714133446954981
v 23.9273829911869 3 -0.812829062603833
v 23.8113450729713 3 -0.862048036091162
v 23.5468605019934 3 -0.907962184294508
v 23.2354318308088 3 -0.985376490404634
v 22.8754828378607 3 -1.24715860373299
v 22.4722447096576 3 -1.33637271420907
v 22.0097620206915 3 -1.38348659312831
v 21.5233525654891 3 -1.40373733139982
v -0.453708757037827 9.95880473141959 -1
v -0.834398183691359 10.0737633014939 -1
v -1.368675953393 10.1929849662065 -1
v -10 9.59543388228389 -1.28294124124578
v 24 3.18818742968788 -0.605017484263828
v 20.4830206942528 3 -1.67966321392132
v -0 9.25226130660033 -1
v -0.489136429154062 9.34467362013502 -1
v -1.07545350834974 9.47841783804532 -1
v -10 8.73975983984847 -1.26599901567309
v 24 3 -0.397175513109369
v 20.0105516601402 3 -1.66261731672457
v -0.474722551632135 8.58935293226575 -1
v -0.836096634914672 8.74855570981288 -1
v -1.42701692234088 8.9800211374481 -1
v -10 7.85052146197721 -1.26193468321268
v 24 3 -0.492266947328833
v 19.5089237712766 3 -1.5165752463383
v -0 7.87260513809867 -1
v -0.462746382434294 8.00106579857807 -1
v -1.13904912818839 8.2469356211305 -1
v -10 6.93276450547995 -1
v 24 3 -0.297181661959724
v 19.0020336551458 3 -1.51886029872298
v -0.403686015874391 7.23867743376829 -1
v -0.950421877314045 7.45472286205367 -1
v -1.50676360537091 7.30878356079749 -1
v -10 5.92791713406042 -1
v 24 2.45293649017487 -0
v 18.4767608737667 3 -1.54162484378689
v -0 6.47412334608348 -1
v -0.677079604479265 6.70754839044952 -1
v -1.26621887624075 6.7291167099778 -1
v -10 4.8675739018954 -1
v 24 1.95366774365289 -0
v 17.9078527925276 3 -1.51643820929302
v -0.503632182464681 5.96710340285324 -1
v -1.06243955542754 6.05825868170812 -1
v -1.67511235133644 6.10291918327682 -1
v -10 3.66237599395683 -1
v 24 1.57070772676445 -0
v 17.3774384627152 3 -1.55932780900976
v -0.373164234373253 5.21580531014571 -1
v -0.925186683978408 5.33052329504706 -1
v -1.47292336438526 5.39732762232867 -1
v 24 1.41593791252592 -0
v 16.8067298307657 3 -1.46921484392863
v -0.301782692805617 4.45569091700377 -1
v -0.75207658846128 4.56905179544217 -1
v -1.23061412021626 4.66572922630456 -1
v 24 1.15047784593605 -0
v 16.279999665524 3 -1.48526596762071
v -0 3.65885471823499 -1
v -0.398659259686314 3.76443250564642 -1
v -0.866212584777505 3.92205840839974 -1
v -13.1490863106415 1 -1.07014248760016
v 24 0.967405453243314 -0
v 15.9958614656516 3 -0.850237998389704
v 3.23157131884175 3 -1.33646525130919
v 2.43832564323262 3 -1.33903300144398
v 1.5977513606624 3 -1.21545722129914
v 0.73958027246852 3 -1.13090235289207
v -14.884027792114 1 -1.1287622550976
v -14.2429080622993 1 -1.22129403072523
v -15.7972053948888 1 -1.16501514469298
v -16.5347389685518 1 -1.26485734632344
v -17.3771952013451 1 -1.29765790399653
v -18.1777154311792 1 -1.28186363732152
v -18.9582868449529 1 -1.24211619108073
v -19.7288203953519 1 -1.21414147517499
v -20.4682099212878 1 -1.14255141005043
v -21.1872229730084 1 -1.04438172449026
v -21.8828236829597 1 -0.922016774569648
v -22.5353736858299 1 -0.796304254565722
v -23.1827869016768 1 -0.718805607291907
v -23.7978096487176 1 -0.543414657505791
v -24.3955652988497 1 -0.410896003121049
v -24.9931847996834 1 -0.275932907882034
v -25.5990872375408 1 -0.183266655163909
v -26.2074933823639 1 -0.157734128720216
v -26.8766817367776 1 -0.133469163747998
v -27.5363200589281 1 -0.0537463654789602
v -28.2119844095846 1 0.0177698675584588
v -28.8734654374019 1 0.0747137018807803
v -29.4788054668914 1 0.0899440187497638
v 24 0.662135149610546 -0
v 14.7870567078334 3 -0.982569516309133
v 13.8429212022405 3 -1.15709848196988
v 12.9420113644508 3 -1.27249899788171
v 12.1439198990692 3 -1.29983720881687
v 11.3530073768404 3 -1.29323239539581
v 10.5792349335009 3 -1.2842151691104
v 9.82518369283331 3 -1.26970465080354
v 9.07980647085797 3 -1.24983857131489
v 8.33659629846275 3 -1.24509769252517
v 7.5919875431543 3 -1.22123390708795
v 6.85861185193756 3 -1.20550632837385
v 6.11812833803631 3 -1.25808902413661
v 5.38675185224008 3 -1.30386483457493
v -31.8112919481815 1 0.31567706159307
v 24 0.307159773809717 -0.285884964481467
v -33 1 0.179454268099195
v -33 1 -0.232003088646456
v 25.1096245227033 0 -0.197907915710689
v 24.553701957135 0 -0.160565066564446
v 24 0 -0.528626767082567
v 24 0 -0
v -33 0.762418893036196 0.107748692620287
v -33 0.506282115953422 -0.356800609760976
v 26 0 0.0993322866408999
v -33 -0.014835991628065 0.0111096730311078
v -33 -0.848368974384315 0.143656518296543
v 26 -0.15484678756546 -0.054722661878939
v -33 -1.70597175966228 0.12881189481964
v 26 -0.367608691557694 -0.149229979483012
v -33 -2.64454894730311 0.174268409940331
v 26 -0.573614904711325 -0.290619001134337
v -33 -3.50624079666858 0.254895570245538
v 26 -0.859393122476415 -0.416904646536592
v -33 -4.36563731670423 0.380860760659551
v 26 -1 -0.529084871594786
v -33 -5.22930657880452 0.559991274049185
v 25.607884116713 -1 -0.561563567480945
v 25.2657831420005 -1 -0.634642013826017
v 25 -1 -0.710704992056149
v -33 -6.23689332856985 0.542980721703368
v 25 -1 -1
v -33 -7 0.466311356485404
v 25 -1.13457125717837 -1
v 13.2500565535316 -3 -1.25955558371514
v 12.6128922522536 -3 -1.31171843343829
v 11.9791823217663 -3 -1.31882473566091
v 11.3188491279315 -3 -1.24034000196799
v 10.687950544033 -3 -1.21334893776257
v 10.0332432286434 -3 -1.22379081779804
v 9.37037908073538 -3 -1.20293458371467
v 8.69348047823595 -3 -1.20839154357561
v 8.00753693544774 -3 -1.2550297630081
v 7.31739809337847 -3 -1.33079362352545
v 6.62157123433698 -3 -1.41151644795742
v 5.89877864678346 -3 -1.39873215196609
v 5.08392738240303 -3 -1.37290783176759
v -31.2042799547614 -7 0.526236043800947
v -31.7992677879225 -7 0.549001611947882
v -32.4047917996391 -7 0.476588584609984
v 25 -1.19880383935309 -1
v 14.9453779119491 -3 -1.1789581428277
v 14.3503744277938 -3 -1.20165081465158
v 13.7997405251978 -3 -1.25338296996063
v 4.32529278367852 -3 -1.31270046647404
v 3.63144612300667 -3 -1.26223769772622
v 2.98287982976057 -3 -1.21494140648491
v 2.41278029500864 -3 -1.1638866388033
v 1.8296642048313 -3 -1.16731231664762
v 1.18313448847939 -3 -1.05489102904329
v -16.3261771574434 -7 -1.18628298932545
v -16.9886851686895 -7 -1.17354044831274
v -17.6877581668054 -7 -1.24214640113076
v -18.3803903539522 -7 -1.26112421536559
v -19.0731473788865 -7 -1.2281783006092
v -19.7593769736169 -7 -1.20970047567511
v -20.4398153083668 -7 -1.18096671768606
v -21.1142220787894 -7 -1.14090555677092
v -21.7760566366255 -7 -1.09687991251146
v -22.4273249521375 -7 -1.050045963443
v -23.0476404990121 -7 -0.972269340318281
v -23.6187599221021 -7 -0.797035921101355
v -24.159960991498 -7 -0.588578976061293
v -24.7056658819917 -7 -0.381472649494262
v -25.2620722507035 -7 -0.190155933640618
v -25.8823729966539 -7 -0.0608449887455262
v -26.5325263251436 -7 0.0249892808498932
v -27.2312709186648 -7 0.150523591950062
v -27.9124032144155 -7 0.207090489059654
v -28.6131869921493 -7 0.302985141060396
v -29.2994523610921 -7 0.326671938166254
v -30.0202191622348 -7 0.418072271532824
v -30.6530832157764 -7 0.375373461793301
v 25 -1.1887098405965 -1.38821932549224
v 25 -1.25648720513785 -1
v 15.5768683196166 -3 -1
v 0.521901646687193 -3 -1
v -0.185487462591866 -3.74235565434039 -1
v -15.7114595276112 -7 -1.17977716531488
v 16.3842162277508 -2.79655855781309 -1
v 0.456386850284507 -3.7802041714279 -1
v -0.129436315902694 -4.48589955377486 -1
v -0.806823923341805 -4.4972955055321 -1
v -15.1101612804127 -7 -1.16686556050506
v 25 -1.76277344463936 -1
v 24.7067098537569 -1.61260167695835 -1
v 17.1443458498187 -2.70568258919042 -1
v 0.535960828580763 -4.62890464685869 -1
v -0.0729863882680219 -5.23471284240701 -1
v -0.731645934975219 -5.17081333090758 -1
v -14.4093714918982 -7 -1
v 25 -2 -1
v 17.7233779869061 -2.80013185851198 -1
v 0.585021486489521 -5.4012666014347 -1
v -0.0247987357158632 -5.95419678652656 -1
v -0.657250718620249 -5.87852120619053 -1
v -13.7019169485098 -7 -1
v 18.3220064700054 -2.79761627555673 -1
v 0.589651039427271 -6.24105563578208 -1
v -0.0338449626024786 -6.61899680981914 -1
v -0.605114170432652 -6.56520100852229 -1
v -12.5289093759625 -6.85183434458729 -1
v 26.5935009709792 -2 -1
v 25.9437346267705 -2.1344580959069 -1
v 18.9171101055988 -2.83021766416233 -1
v 1 -7.15154474621403 -1
v 0.726750347073414 -7.19189969150761 -1
v 0.242618535850216 -7.07640266028232 -1
v -11.8611854700227 -6.92493220867996 -1
v 27 -2 -1
v 19.5102507090774 -2.88121933762974 -1
v 0.781137850630872 -7.75214134351225 -1
v 0.217763857579872 -7.80898803327719 -1
v -0.347468173901107 -7.81529614969894 -1
v -11.1046524337351 -6.86256427726143 -1
v 20.0976459683466 -2.9549818276176 -1
v 1 -8.54351408920432 -1
v 0.705184811644591 -8.60786655733169 -1
v 0.359327340650581 -8.42932020907047 -1
v -10.2657633280285 -6.98570847989608 -1
v 27.4767642586609 -3 -1
v 27 -3 -1
v 20.7036635704591 -2.86138025007693 -1
v 0.689233057386844 -9.19819377370663 -1
v 0.226131730275203 -9.16713098018389 -1
v -0.258557035974118 -9.11930737557651 -1
v -9.221594226948 -7.01788306191561 -1
v 26.9577104426111 -3.00578523469729 -1
v 26.3911595657766 -3 -1
v 25.7991006466914 -3 -1
v 25.2154112104111 -3 -1
v 24.6249418926568 -3 -1
v 24.0227192168007 -2.82447034162382 -1
v 23.3975194210265 -2.83553562918306 -1
v 22.7328315668666 -2.81516552849026 -1
v 22.0115581526481 -2.83538633655134 -1
v 21.3250001632729 -2.91408177971866 -1
v 1 -9.86277537080467 -1
v 0.744590624123887 -9.86196199307862 -1
v 0.220724695441314 -9.82948597756335 -1
v -8.63038722129521 -7.15955449280792 -1
v 0.74189936233365 -10.4945688467187 -1
v 0.231738159417054 -10.494256998148 -1
v -0.284784078048072 -10.4823219836122 -1
v -8 -7 -1
v 1 -11.1922049308725 -1
v 0.665555887759362 -11.1797925273544 -1
v 0.210922176747644 -11.1521722705448 -1
v -8 -9.46386324909999 -1
v 0.734612428430917 -11.824845881325 -1
v 0.205807846262178 -11.8241751670752 -1
v -0.311135463955009 -11.8171412400756 -1
v -8 -10.477760558851 -1
v 1 -12.5350082097295 -1
v 0.697133299824972 -12.5193195299584 -1
v 0.212936092153858 -12.4898869578673 -1
v -8 -11.4108745920139 -1
v 0.619107239045384 -13.1663110742871 -1
v 0.150525076080795 -13.164785604552 -1
v -0.327116422444288 -13.1597760725724 -1
v -7.83083798783176 -12.223229621741 -1
v 1 -13.8815066845669 -1
v 0.673718727854165 -13.8655553742367 -1
v 0.18851447439392 -13.8352311261275 -1
v 0.718483770809838 -14.5175973877257 -1
v 0.196452452512098 -14.5160408023387 -1
v -0.327744431897935 -14.5109375006082 -1
v -8 -13.8330580954798 -1
v 1 -15.2318320205858 -1
v 0.659220054463276 -15.2162446657111 -1
v 0.176161235085963 -15.1867985177199 -1
v -8 -14.5692266834002 -1
v 0.712243785092794 -15.8686797172713 -1
v 0.175480951330604 -15.8685473125087 -1
v -0.382410136391077 -15.8632829751088 -1
v -8 -15.3687922357298 -1
v 1 -16.5828971482712 -1
v 0.665478847525784 -16.5676096800911 -1
v 0.165182625546071 -16.5395632972339 -1
v -7.770005882846 -16.0299819248958 -1
v 0.721941819347877 -17.2183476695134 -1
v 0.161234171160682 -17.2202179452104 -1
v -0.41316513551354 -17.2172122079981 -1
v -7.7067393010184 -16.7424794351776 -1
v 1 -17.9300116951515 -1
v 0.715059873414982 -17.9147880081176 -1
v 0.140556119205843 -17.8884786531159 -1
v -7.68853697029742 -17.4707800807692 -1
v 0.713437789193159 -18.5627460392532 -1
v 0.123933546892576 -18.5665009420585 -1
v -0.466225210379888 -18.5659920948292 -1
v -7.75466642988121 -18.2389539178969 -1
v 1 -19.2661202518351 -1
v 0.686492959084577 -19.254653480444 -1
v 0.125962871755915 -19.2329696087927 -1
v -8 -18.9338537960698 -1
v 0.684041285964951 -19.897217713297 -1
v 0.0835934025766085 -19.9058711040905 -1
v -0.4996934701516 -19.9097587800218 -1
v -8 -19.5830219477205 -1
v 1 -20.5827478795758 -1
v 0.589585893454949 -20.5796256889522 -1
v 0.0601512999682738 -20.5688471407929 -1
v -8 -20.2904936493987 -1
v 0.676623699700959 -21.2075052143932 -1
v 0.0599024164596517 -21.2342807821663 -1
v -0.550334964635067 -21.2550963503961 -1
v -8 -20.975416723533 -1
v 1 -21.8852628296516 -1
v 0.651221631219779 -21.8644612782671 -1
v 0.136751845036274 -21.8920146987741 -1
v -7.55635251608836 -21.665338530797 -1
v 0.665594478907329 -22.4324431446433 -1
v 0.0965509980286491 -22.5413981104839 -1
v -0.504748718006449 -22.5772145934929 -1
v -7.50026574118131 -22.3656893239357 -1
v 1 -23.1563602401329 -1
v 0.654377080180768 -23.2246141958959 -1
v 0.189687056999024 -23.1134269830541 -1
v -7.50503694603576 -23.0839803979773 -1
v 0.6282460666647 -23.7431746055962 -1
v 0.0777122534565048 -23.7908634432428 -1
v -0.520267359398177 -23.8244309169485 -1
v -8 -23.7834958070737 -1
v 1 -24.4418163150662 -1
v 0.656685576835304 -24.3118144606158 -1
v 0.169965087912415 -24.3771389045304 -1
v -8 -24.6212289567893 -1
v 0.426374537466982 -24.9294670250132 -1
v -8 -25.306982578208 -1
v 1 -25.8547308902672 -1
v 1 -25.5392047728456 -1
v 0.456761950763044 -25.5442738022246 -1
v -0.092239126717339 -25.5380483357767 -1
v -7.42510874458726 -26.041782586177 -1
v 0.578220260379229 -26.1422565553321 -1
v -7.53100043766547 -27.0501197719875 -1
v 1 -26.8175091114983 -1
v 0.783829297885917 -26.9781982420231 -1
v 0.492957034616849 -26.7442888363169 -1
v 0.0816114174157147 -26.7045879230044 -1
v -6.79486522795642 -27.4654042147369 -1
v 0.735360469219005 -27.5305967149534 -1
v 0.442494996273519 -27.3312484847049 -1
v 0.0582104186284283 -27.2712043769031 -1
v -5.99562769630143 -27.5397524117697 -1
v 0.43417475270267 -27.8104524607256 -1
v 0.112309926738309 -27.7624373778327 -1
v -0.347524317796791 -27.7168652567528 -1
v -0.870651360562742 -27.7250043012196 -1
v -1.45806593259807 -27.7215408596583 -1
v -2.1016887803289 -27.7370049400555 -1
v -2.79516180806499 -27.7180588145881 -1
v -3.56248076899943 -27.7291833398114 -1
v -4.37019824451369 -27.7218183159416 -1
v -5.31572375256559 -27.7288217151498 -1
v -0.260754983733211 28 -1.52389803839739
v -9.08921180624793 28 -1.55772922835154
v -0 27.6647662948778 -1
v -10 28 -1.56233601326446
v -0 26.9656242260112 -1
v -10 27.3603749223901 -1.51165127740227
v -0 26.4774788585386 -1
v -10 26.4850956270515 -1.41145681658418
v -0 25.8266839750952 -1
v -10 25.7689142660447 -1.60388677190766
v -0 25.0475389982571 -1
v -0 24.4644348963072 -1
v -0 23.6965813335477 -1
v -10 23.8513587510941 -1.60831421487388
v -0 23.136356399324 -1
v -10 23.109901382635 -1.44307753402247
v -0 22.3655906121171 -1.12144068454355
v -10 22.3397790013972 -1.42874303644246
v -0 21.8059706997055 -1.34034214063008
v -10 21.5717581137181 -1.66219608383192
v -0 21.0340826340369 -1
v -0 20.4676269239647 -1
v -0 19.6782233526903 -1
v -0 19.1036546561439 -1
v -10 18.9733751323655 -1.62575939754844
v -0 18.3071255061475 -1
v -10 17.8769528081997 -1.4835357088471
v -0 17.749810900453 -1
v -10 17.203227776573 -1.5485384214955
v -0 16.937809633227 -1
v -10 16.5463270555107 -1.58374314381417
v -0 16.3696257676774 -1
v -0 15.5760119137289 -1
v -0 14.9976937595849 -1
v -0 14.200622067088 -1
v -10 14.1896554399363 -1.29051267844816
v -10 13.9391714086555 -1.62552832321509
v -0 13.625705372225 -1
v -10 13.0827946306747 -1.65018467939822
v -0 12.8318709071325 -1
v -10 12.2787901074006 -1.64021812931932
v -0 12.2544757307682 -1
v -0 11.4599081803692 -1
v -0 10.8803151442065 -1
v 21.0020968951981 3 -1.39665273246173
v -0 10.0905049229195 -1
v -10 9.2560473209626 -1.67756430074292
v -0 9.51410346027155 -1
v -10 8.30641247195576 -1.62386737692548
v 24 2.95093807905635 -0.800292157952619
v -0 8.72159347724724 -1
v -10 7.38224554285554 -1.60370701882122
v 24 2.76800243728819 -1.02782463386814
v -0 8.14041409875814 -1
v -10 6.4473446450056 -1.54814221811366
v 24 2.74357349219149 -0.892278873730298
v -0 7.33261345948696 -1
v 24 2.52908087163847 -0.647251065204443
v -0 6.75823466880034 -1
v 24 2.11104468562335 -0.606950362558101
v -0 5.75764521717832 -1
v 24 1.7260247518939 -0.55007711339656
v -0 5.05155532554544 -1
v -10 2.05343018509823 -1
v -10 1 -1.48915997843525
v 24 1.41377488239742 -0
v -0 4.32369202447418 -1
v -10 1 -1
v -12.0260592490421 1 -1.08369062981862
v -11.4121110859947 1 -1.39167737668076
v 24 1.18904846685361 -0.499408727171587
v -0 3.7262644474285 -1.43331668155914
v 24 1.00187837955773 -0.583197422819216
v 15.7446919484187 3 -0.781451590688292
v 4.49084285045178 3 -1.51322872456218
v 3.73141690883993 3 -1.50564502111802
v 2.93685194276658 3 -1.41588329859425
v 2.10570248205132 3 -1.42106580642816
v 1.2073411492687 3 -1.38749322386661
v -0 3 -1.29256255055319
v -15.4558713447642 1 -1.31271631208705
v -16.4711879860157 1 -1.35894475112528
v -17.4083739494574 1 -1.38810192306002
v -18.2441268552591 1 -1.36979621495528
v -19.0323953983193 1 -1.32845641462208
v -19.7985741254142 1 -1.33175996805432
v -20.533912254408 1 -1.23586779914551
v -21.2492265410274 1 -1.21567591381145
v -21.9392681119231 1 -1.08535129611728
v -22.593985836565 1 -0.970457495518418
v -23.2440431573433 1 -0.874581815575881
v -23.8700517920694 1 -0.755783047089168
v -24.4908387149714 1 -0.730603988828428
v -25.1077472848611 1 -0.637944889461564
v -25.728859414884 1 -0.546767174498222
v -26.3763940355286 1 -0.504379939624847
v -27.0474856797558 1 -0.499597714137915
v -27.7122184949891 1 -0.451198899452977
v -28.3742930585342 1 -0.387133864543849
v -29.0300468666974 1 -0.363042680974319
v -29.7343617184809 1 -0.305751084429258
v -30.4449141371082 1 -0.196160463146138
v 24 0.716220152638133 -0.482797677058777
v 15.0788897426581 3 -1.0697120154264
v 14.3275937013864 3 -1.30471363829638
v 13.4928983619221 3 -1.45396841117111
v 12.6842111442376 3 -1.4993073032302
v 11.9078633627972 3 -1.50800116522979
v 11.1391063735779 3 -1.49142742707861
v 10.3870485854299 3 -1.4707157877611
v 9.65153996281309 3 -1.44385914727547
v 8.91552258143476 3 -1.41452325830504
v 8.19374841518123 3 -1.40781037474524
v 7.46690242852486 3 -1.38105714909996
v 6.74273964049398 3 -1.39044231149577
v 6.00378607289233 3 -1.41216296519596
v 5.26277694354447 3 -1.45606651158456
v -31.1817416477591 1 -0.113754662346531
v -31.9197814051687 1 -0.104525350623556
v -32.5337030965401 1 -0.242448026067965
v 24 0.325127258557802 -0.846757313609913
v 25.5904694771988 0 -0.524940639128342
v 25.0084951240442 0 -0.582841166735971
v 26 0 -0.358111599846068
v -33 -0.181182101108396 -0.38028314214879
v -33 -0.908795853956017 -0.253565078663306
v 26 -0.110860242384875 -0.490245071635066
v -33 -1.72728925720638 -0.240907294491486
v 26 -0.308275472495859 -0.568701455908786
v -33 -2.60984267850271 -0.204817945911083
v 26 -0.642754451039133 -0.683572241238155
v -33 -3.49893719817597 -0.159888657664245
v 26 -0.897295988096871 -0.768688618982671
v -33 -4.35815189069061 -0.0816596239804499
v 26 -1 -0.979577508923063
v -33 -5.14194756644305 0.0502578966331716
v 25.6456437064324 -1 -0.994602203521123
v 25 -1 -1.03925820486199
v -33 -5.84986103820843 0.161763070832334
v 25 -1.03900612190072 -1.13771075447564
v -33 -6.61861969627557 0.0163052454396585
v 25 -1.16344406048373 -1.1755337829489
v 13.4218616916167 -3 -1.48581646545931
v 12.7697700570972 -3 -1.37893560918942
v 12.104205748375 -3 -1.51355998250497
v 11.4393386395082 -3 -1.45705957078578
v 10.7764386307226 -3 -1.44097730606974
v 10.1184439084708 -3 -1.3755648874207
v 9.46151099744376 -3 -1.34353984762531
v 8.79063687296782 -3 -1.40021129605128
v 8.10623983870896 -3 -1.39673063477526
v 7.41502718491077 -3 -1.43095061739219
v 6.72553850556534 -3 -1.47337015319557
v 6.03660127546124 -3 -1.52751528602321
v 5.35284920347447 -3 -1.50799724523391
v -31.7335397808067 -7 -0.00886522701970772
v -32.3537107572827 -7 -0.0117658130233702
v -33 -7 -0.0612611686514784
v 25 -1.16771982652733 -1.38336535381256
v 14.6773910142387 -3 -1.54012397383932
v 14.0715674329912 -3 -1.55907115487684
v 4.59496626538668 -3 -1.48432378400283
v 3.88093680603902 -3 -1.46857735180344
v 3.15120181462402 -3 -1.42016753697204
v 2.35041895995385 -3 -1.27733456429801
v 1.64943951417517 -3 -1.36434653952047
v -16.8279661597939 -7 -1.30092531166625
v -17.5156962430676 -7 -1.33998811490603
v -18.2113049313332 -7 -1.3502181855661
v -18.9049458413637 -7 -1.34914838949272
v -19.5913315980056 -7 -1.37369324662927
v -20.2625710621337 -7 -1.33404719706305
v -20.9289363635682 -7 -1.27062518906716
v -21.5910035043646 -7 -1.26218075611121
v -22.2351252479942 -7 -1.2249201119095
v -22.8520337373008 -7 -1.129083102732
v -23.4514538788299 -7 -1.02784921669708
v -24.027119865848 -7 -0.878833611714829
v -24.6018058597599 -7 -0.727807171854573
v -25.1793262474396 -7 -0.567915756382524
v -25.7959473444723 -7 -0.449833907308482
v -26.4326616660115 -7 -0.379425327023772
v -27.0942781295957 -7 -0.306308339125214
v -27.767203822195 -7 -0.224319547991035
v -28.4359318320842 -7 -0.143604076252934
v -29.1219591684133 -7 -0.0875825222451206
v -29.8182125123061 -7 -0.0721935839769869
v -30.4726933270559 -7 -0.126008912760627
v -31.1507056504441 -7 -0.0746205628243978
v 15.2221851190952 -3 -1.33215859757634
v 1 -3 -1
v -16.1843684105581 -7 -1.35185215935399
v 25 -1.36685557207175 -1
v 15.8161823363113 -3 -1
v 1 -3.90284717889209 -1
v -14.92559035243 -7 -1.20208038037411
v -15.5721324201043 -7 -1.29697057800676
v 16.446474839392 -3 -1
v 1 -4.77990045638354 -1
v -14.3265469455354 -7 -1.13231741349555
v -14.7606171658316 -7 -1.52343069376349
v 17.0368427800177 -3 -1
v 1 -5.7322321123692 -1
v -13.7964506774992 -7 -1.20781183743873
v 25.9202015591536 -2 -1
v 17.6690631517679 -3 -1
v 1 -6.56948994988301 -1.42007174776803
v 1 -6.54574709645851 -1
v -13.2032386795967 -7 -1
v 18.2771059342386 -3 -1
v -12.5668434509056 -7 -1
v 18.8694163093586 -3 -1
v 1 -8.03771405931253 -1.38392222210786
v 1 -7.99006887196386 -1
v -11.8561469392906 -7 -1
v 27 -3 -1.52188154772498
v 19.4541999969165 -3 -1
v -10.9642698938672 -7 -1
v -11.4608788010066 -7 -1.46472049815201
v 20.0282645999634 -3 -1
v 1 -9.36392490158939 -1.41065022609281
v 1 -9.27181630975131 -1
v -9.99226685264797 -7 -1
v -10.6357518881138 -7 -1.60922566553903
v 27.579616523181 -3 -1
v 21.2770058422727 -3 -1
v 20.6765075678858 -3 -1
v -8.76981866009251 -7 -1
v -9.48803624632583 -7 -1.30630999736755
v 27.0855686125671 -3 -1
v 26.5768773346894 -3 -1
v 26.0077243945393 -3 -1.51932209112686
v 25.4195906745676 -3 -1.49926017689016
v 24.8287758770532 -3 -1.5044232670984
v 24.2298548410873 -3 -1
v 23.6205705557236 -3 -1
v 23.000102366751 -3 -1
v 22.3744063787863 -3 -1
v 21.7843815920887 -3 -1
v 1 -10.6944171904393 -1.51883237309209
v 1 -10.5975304209543 -1
v -8 -8.87422851934433 -1
v 1 -12.0313037890791 -1.39501474269071
v 1 -11.9333661265016 -1
v -8 -10.0624203410618 -1.10237337943742
v -8 -11.1813810877245 -1.2301013229888
v 1 -13.378504358894 -1.56155506338196
v 1 -13.2791822606212 -1
v -8 -12.1231221410036 -1
v -8 -11.9437687842816 -1.41100222558703
v -8 -12.9702559644505 -1
v 1 -14.728038608032 -1.56924764997353
v 1 -14.6288201533989 -1
v -8 -13.7794927286457 -1
v -8 -14.4678014375477 -1.08181460032134
v 1 -16.0784133921151 -1.57322712615336
v 1 -15.9795579149957 -1
v -8 -15.1363902117968 -1.13137725080546
v -8 -15.9475785986695 -1
v 1 -17.4262577383025 -1.41930309280699
v 1 -17.3270335339594 -1
v -8 -16.69170301235 -1
v -8 -16.590625507755 -1.42366414293735
v -8 -17.3992037270278 -1
v -8 -17.2604149282138 -1.44500910954575
v 1 -18.766227918788 -1.42316228679509
v 1 -18.6689639135122 -1
v -8 -18.1416050067153 -1
v -8 -17.9173733648726 -1.37832107316792
v 1 -20.0894872878035 -1.58113616968391
v 1 -19.9969345428582 -1
v -8 -19.4526992790175 -1
v -8 -20.1705217085105 -1.09345272513197
v 1 -21.3959199403528 -1.39758943726447
v 1 -21.3022136466599 -1
v -8 -20.9152793633492 -1.20088935669099
v -8 -21.6241735531064 -1
v -8 -21.5305299210349 -1.38670697743328
v 1 -22.6957501862809 -1.44473570710972
v 1 -22.6508639242405 -1
v -8 -22.3421636372198 -1
v -8 -23.0514818505255 -1
v 1 -24.0370034666857 -1.59599817072042
v 1 -23.8128874201288 -1
v -8 -24.558732823891 -1.09724270350775
v 1 -25.2224161944361 -1.37119426840212
v 1 -25.005886778155 -1
v -8 -25.3047545191878 -1.22709387936133
v -8 -26.0256684372051 -1
v -8 -25.8500944510652 -1.64234843021849
v 1 -26.359960605664 -1.53969080851379
v 1 -26.3999724466695 -1
v -8 -26.917105071772 -1
v -8 -26.6221775256741 -1.44994773333031
v -8 -28 -1
v -8 -27.5818993746655 -1.25024940229062
v 1 -27.3690391498973 -1
v -7.01288164178571 -28 -1
v 1 -28 -1
v 0.778261626603135 -28 -1
v -6.32738414995335 -28 -1
v 0.318157859423746 -28 -1
v -0.178672080781666 -28 -1
v -0.72342941925859 -28 -1
v -1.31718225715392 -28 -1
v -1.95185959792416 -28 -1
v -2.62754760343785 -28 -1
v -3.37196863495798 -28 -1
v -4.14303747080845 -28 -1
v -4.96402384408525 -28 -1
v -5.7704204176766 -28 -1
v -0.723530997292803 28 -1.51739162744237
v -1.18400596123087 28 -1.50356566341287
v -1.72593196618032 28 -1.53742520468134
v -2.31592314610589 28 -1.49486569980799
v -2.97070998056834 28 -1.47734710111108
v -3.67430361363122 28 -1.4460825018027
v -4.45236245579703 28 -1.42723192196044
v -5.27773494500448 28 -1.46726447417284
v -6.15286829967553 28 -1.53559807832647
v -0 28 -1.42635214717841
v -7.02310897036814 28 -1.71729641612295
v -7.96755062497958 28 -1.63589622282611
v -0 27.7416733528088 -1.38522963767904
v -0 27.2652788147973 -1.58052624387212
v -0 26.5722503456158 -1.46570103044745
v -0 26.1239783957805 -1.77912314715844
v -0 25.3524563248839 -1.55070146667003
v -10 25.1831398835462 -1.36798471129472
v -0 24.8552139574011 -1.75864211791827
v -10 24.5682626707973 -1.53382915166541
v -0 24.0140700490981 -1.56085322632948
v -0 23.5407270500378 -1.75738230744338
v -0 22.6902272859993 -1.5768698310001
v -0 22.2118060664684 -1.81930258680582
v -0 21.3596035319761 -1.54237020945731
v -10 20.9710707907505 -1.31690194105215
v -0 20.8768009769469 -1.78639927479224
v -10 20.3814354436361 -1.5644063032857
v -0 20.013753848923 -1.59113759664087
v -10 19.6921137044416 -1.68239287433978
v -0 19.5274472991067 -1.80240569460457
v -0 18.6414736720085 -1.4431826451988
v -0 18.1456257516913 -1.56491113279537
v -0 17.2448501412736 -1.44779028445226
v -0 16.7751868829291 -1.79628783836306
v -10 15.9846003357005 -1.40773502385043
v -0 15.9043025279043 -1.55357204077583
v -10 15.4058413481753 -1.65317461869665
v -0 15.4074526723452 -1.76535665935169
v -10 14.7039074378067 -1.70858253067007
v -0 14.5374573752908 -1.55828697354258
v -0 14.0461157003458 -1.78104927734906
v -0 13.1661568058096 -1.62263037939863
v -0 12.6738803103271 -1.86461806270138
v -10 11.6392410921455 -1.55780112196805
v -0 11.7931673192768 -1.55344028793956
v -10 10.9909399391656 -1.68274702084651
v 24 3 -1.31187214620466
v 23.950694598464 3 -1.44169801472171
v 23.7550412427946 3 -1.49696433623806
v 23.4645314838631 3 -1.52826675087715
v 23.1322531156555 3 -1.59240112319096
v 22.7509604488165 3 -2
v 22.3123085591682 3 -2
v 21.820989016795 3 -2
v -0 11.2998616639044 -1.7935587366133
v -10 10.1812745696591 -1.67031766426628
v 24 3.25583477668454 -1.06018159992895
v 21.3336792453311 3 -2
v 20.9113274335081 3 -2
v -0 10.422081160576 -1.55329808020034
v 24 3.24954853797302 -1.48654338534987
v 20.3839517071376 3 -2
v -0 9.93168321763764 -1.79296472634402
v 24 3.00915284432561 -1.32875933168393
v 24 2.89176009933294 -1.54049917669572
v 19.8231845390637 3 -2
v -0 9.06120296694176 -1.55262926721757
v 24 2.77033450259041 -1.37005255073624
v 19.3212140519581 3 -2
v -0 8.57677033906377 -1.78536289134088
v 24 2.59315273896299 -1.31918426333977
v 18.8198989567872 3 -2
v -0 7.67974684574517 -1.55883083338504
v -10 5.56467881489582 -1.29423636910463
v 24 2.35442072731676 -1.20602443113024
v 18.2890223576846 3 -2
v -0 7.17189321514099 -1.57466288883505
v -10 4.6417966211758 -1.72500502036013
v 24 1.98856277309044 -1.11680479239393
v 17.7470577699865 3 -2
v -0 6.13663029358971 -1.44918709924907
v -10 3.30905866758398 -1.56338166549627
v 24 1.58217960873391 -0.876325488689525
v 17.2008166338665 3 -2
v -0 5.52783089007371 -1.67441598220274
v 24 1.43500268787818 -0.868331211803001
v 16.6861363454663 3 -2
v -0 4.63722280264184 -1.44777410730908
v 24 1.18007299656202 -1.09533223893308
v 16.1679316108509 3 -2
v -0 3.74859773554168 -2
v -13.2557859216897 1 -1.40368524653531
v 24 1.03011687127298 -1.1204984588655
v 15.6744105012612 3 -1.42554441371939
v 15.2346056227934 3 -1.33946777991639
v 4.16638035604613 3 -1.67231034927681
v 3.35206206925099 3 -1.69790785864185
v 2.6153660910469 3 -1.6446182570834
v 1.91321160317119 3 -1.75379949025346
v 1.04235224874213 3 -1.72702854083513
v -0 3 -1.78041706052258
v -14.6126316110174 1 -1.4316420981912
v -15.6751159379796 1 -1.48363943866602
v -16.6172065271026 1 -1.45831209819498
v -17.5237200582563 1 -1.44697990767414
v -18.3264392729358 1 -1.47955969135735
v -19.1040576187986 1 -1.42250020751394
v -19.8574050571485 1 -1.38589692581096
v -20.5884803707875 1 -1.30698151654889
v -21.2970937334863 1 -1.30056828730766
v -21.9810226944847 1 -1.23000186139768
v -22.643317187344 1 -1.13085668381971
v -23.2965291442639 1 -1.09598289383638
v -23.9417508894606 1 -1.05101638954397
v -24.5786865599418 1 -1.04919147174808
v -25.2114009983663 1 -0.949575314846016
v -25.8542054827985 1 -0.861688407711522
v -26.5204850322397 1 -0.835181295032643
v -27.2014932959607 1 -0.850220139231371
v -27.8738406499993 1 -0.820488973878371
v -28.5435869673429 1 -0.792544614664293
v -29.2357000113426 1 -0.790878104639225
v -29.9396219698608 1 -0.743662671070649
v -30.6489577269271 1 -0.699648235912671
v 24 0.750175630584666 -1.28442276282528
v 14.6492137890304 3 -1.5010238389312
v 13.944516449044 3 -1.6158753359466
v 13.1906995898159 3 -1.64484409782208
v 12.4237455471413 3 -1.66682659862045
v 11.6721984718312 3 -1.6200831604437
v 10.9283704734595 3 -1.57828368645034
v 10.1958897673144 3 -1.5702138071395
v 9.46830387829503 3 -1.49652814208903
v 8.76072941964471 3 -1.50550828193705
v 8.05351117059537 3 -1.49434484178104
v 7.33397023402559 3 -1.50234181618248
v 6.61023316066479 3 -1.54270119864652
v 5.84847139447509 3 -1.55692759304212
v 5.03719673954513 3 -1.60963811624192
v -31.3116598769901 1 -0.601135758593608
v -31.9622831373394 1 -0.641063353522757
v -32.5270671112636 1 -0.720619990688929
v 24 0.409426624057728 -1.44582549983942
v -33 1 -0.725584047432748
v 25.6356932874019 0 -0.913225977914787
v 25.2215778588216 0 -1.03265897627559
v 24.6296337581876 0 -0.982727553992413
v 24 0 -1.15513728111148
v -33 0.611582330437884 -0.859813404485665
v 26 0 -0.762589725831864
v -33 0.0252939655130577 -0.776719438123432
v -33 -0.832901503319866 -0.697114219051934
v 26 -0.0922177500423733 -0.877110657173404
v -33 -1.64652779822462 -0.638336252580487
v 26 -0.324913394124383 -0.97348844748632
v -33 -2.56493366601655 -0.571333084938789
v 26 -0.668535758080132 -1.07121873056708
v -33 -3.48393700881351 -0.54707744276591
v 26 -0.909712967887348 -1.11274175739084
v -33 -4.39550135714341 -0.52998823175863
v 26 -1 -1.26847823458297
v -33 -5.24723410778017 -0.467551868599678
v 25.6273790827643 -1 -1.32474545689531
v 25 -1 -1.41763307239508
v 25 -1.0335620387487 -1.48726786050745
v -33 -6.04890771998166 -0.313974576987148
v 25 -1.05599597342424 -1.43966091621879
v -33 -7 -0.496164317133722
v 25 -1.15258307176223 -1.59357081318098
v 13.7015507110266 -3 -1.70989111232435
v 12.95340837371 -3 -1.56294201148884
v 12.2617806000472 -3 -1.56130817684098
v 11.57865359381 -3 -1.61507382063922
v 10.9038944369315 -3 -1.6245721510845
v 10.2295820056583 -3 -1.57513202040546
v 9.56458928954109 -3 -1.55431131781889
v 8.89478595983858 -3 -1.56618524355214
v 8.20744397993585 -3 -1.58604825058747
v 7.50509908949706 -3 -1.5751166853052
v 6.80884361393646 -3 -1.57840395394162
v 6.11951034903935 -3 -1.62627920386369
v 5.44854635990976 -3 -1.67457730192324
v -31.6915373657374 -7 -0.593047822156523
v -32.2170241001294 -7 -0.489325975039834
v -32.7429560077513 -7 -0.542048969966256
v 25 -1.14173870733386 -2
v 15.0186480013896 -3 -1.75731047751048
v 14.4195006124059 -3 -1.90756160066372
v 4.83417462063132 -3 -1.67597165576323
v 4.14109644415842 -3 -1.70115702597456
v 3.35687223008172 -3 -1.62586740931089
v 2.56902836845578 -3 -1.62478169375846
v 1.76870888085949 -3 -1.54437606204597
v -16.6640731615748 -7 -1.53060416897469
v -17.3575525027089 -7 -1.5018624732542
v -18.0630964485665 -7 -1.50157632539913
v -18.7571365500785 -7 -1.49882500646743
v -19.4440280145551 -7 -1.4919444190233
v -20.1121568183416 -7 -1.46105586436745
v -20.7771701152408 -7 -1.39616589225175
v -21.4337761102355 -7 -1.37276810219498
v -22.0886103017752 -7 -1.39432890612191
v -22.7094386472037 -7 -1.30210985253622
v -23.3202653378317 -7 -1.24465934923596
v -23.9277015206646 -7 -1.18128183980498
v -24.5090114200515 -7 -1.0466747737967
v -25.0959188497548 -7 -0.928773813740276
v -25.7151310050378 -7 -0.812029272084612
v -26.3433878790763 -7 -0.738592252322772
v -26.9876147577913 -7 -0.687796662416202
v -27.6481591228401 -7 -0.633261643989164
v -28.3054279638645 -7 -0.582460017942043
v -28.9473452902434 -7 -0.536645185728591
v -29.6344550119523 -7 -0.522302755477235
v -30.2937543450888 -7 -0.583354935712182
v -31.0104503958804 -7 -0.606705962460023
v 25 -1.22454551427675 -2
v 25 -1.22760915041015 -2
v 15.4824728770011 -3 -1.62354814958598
v 1 -3 -1.31305466479297
v -15.9869813695024 -7 -1.54396689565914
v 25 -1.50687549119507 -2
v 15.9299633732133 -3 -1.5460574834005
v 1 -3.92146386830443 -1.51565041484012
v -15.3297440231157 -7 -1.46250961072432
v 16.5966315361526 -3 -2
v 1 -5.26051289242958 -1.40435554641401
v 25.6297045942724 -2 -2
v 25 -2 -2
v 17.2488312589178 -3 -2
v 1 -5.97682124609668 -1.4268859277089
v -14.2267537032104 -7 -1.5635794980767
v 26.3820246539229 -2 -2
v 17.8711385758847 -3 -2
v -13.2191982562326 -7 -1.20744286142522
v 18.4894627307995 -3 -2
v 1 -7.51541685274364 -1.21740669236409
v -12.623471494755 -7 -1.24468428953431
v 27 -2.52228700970035 -2
v 27 -2 -2
v 19.0906105868189 -3 -2
v -12.114868571926 -7 -1.52081785056108
v 27.3702059513289 -3 -1.82604823072807
v 19.6825207492661 -3 -2
v 1 -8.81257584394479 -1.29838279882502
v 27 -3 -2
v 20.2780788619456 -3 -1.40754433885747
v 27.3641791883623 -3 -2
v 26.8951621265247 -2.98804093399758 -2
v 21.3991391805161 -3 -1.51433161722672
v 20.8078747661558 -3 -1.38005384616713
v 1 -10.1386141647809 -1.29716935219198
v 27.1777834899821 -3 -2
v 26.716223583008 -3 -2
v 26.1913875353789 -3 -2
v 25.6208969203878 -3 -2
v 25.0349591672076 -3 -2
v 24.438087583436 -3 -2
v 23.8349153071852 -3 -2
v 23.2294713874257 -3 -2
v 22.6228392831176 -3 -2
v 22.0199116957738 -3 -2
v -8 -7 -1.28669827136072
v 1 -11.4722914998101 -1.29752926686046
v -8 -9.23047261668177 -1.31610195991325
v -8 -10.3459678385224 -1.42092169894113
v 1 -12.8170650027811 -1.45506861618505
v -8 -11.1410141748539 -1.67117736462567
v 1 -14.1645343719096 -1.36834595041764
v -8 -12.8077076306012 -1.26925695767557
v -8 -13.6499011745705 -1.25412204669295
v 1 -15.5147487052713 -1.37452106775422
v -8 -14.5285884725277 -1.33409892270344
v -8 -15.3364027830103 -1.48279816665956
v 1 -16.8643205851391 -1.28894623733305
v -8 -15.9500491224626 -1.60417928423555
v 1 -18.2075071816529 -1.30052380383292
v 1 -19.5383861642228 -1.29405573519467
v -8 -18.6522797402336 -1.296290541463
v -8 -19.7388343278188 -1.29386819072784
v 1 -20.8510486541928 -1.2938577682926
v -8 -20.4233843311854 -1.41282528379856
v -8 -20.9556785465221 -1.64582510801219
v 1 -22.1910999531964 -1.45479516776509
v -8 -22.2119891522575 -1.22661322633685
v 1 -23.4577218688507 -1.45841386528981
v -8 -22.9340762000824 -1.26970114982715
v -8 -23.613046600543 -1.24440251230638
v 1 -24.6307871752162 -1.43532199916967
v -8 -24.3262371647218 -1.43958534509356
v -8 -25.0979467001672 -1.59729706411543
v 1 -25.7958275899224 -1.4998072004464
v 1 -27.0191749881385 -1.42874058056211
v 1 -27.4414990210041 -1.5926243442429
v -8 -28 -1.2896893372965
v 1 -28 -1.57834507113635
v -6.48361893575424 -28 -1.32030569320898
v -7.22105807366737 -28 -1.30334456737833
v 0.781187579270285 -28 -1.44755278563163
v 0.371789983368694 -28 -1.5543946918518
v -0.106664892223334 -28 -1.48317197521337
v -0.614070731121325 -28 -1.47684528142778
v -1.17198718327965 -28 -1.45448485274852
v -1.78245758669041 -28 -1.42597965524343
v -2.43629620820985 -28 -1.43123821478978
v -3.15669936446092 -28 -1.43603744716076
v -3.90788166794129 -28 -1.4508548773459
v -4.70600576563575 -28 -1.40465138002567
v -5.56799564724004 -28 -1.3646822912098
v -0.693630957307017 28 -2
v -1.25754580404551 28 -2
v -1.84580492077449 28 -2
v -2.46985807256829 28 -2
v -3.14273416270059 28 -1.85280608162452
v -3.86519563275681 28 -1.84174688276396
v -4.65302222807357 28 -1.83167171878699
v -5.48192780656591 28 -1.91406359209636
v -6.36266758669823 28 -2
v -0 28 -2
v -0.209897058581765 28 -2
v -7.36599634030766 28 -2
v -8.48634492930315 28 -2
v -10 28 -2
v -0 27.5149437166257 -2
v -0.281269373704866 27.6146488657567 -2
v -10 27.6847659310306 -2
v -0 26.9296297832382 -2
v -0.211803614557332 27.1203503239059 -2
v -10 27.1809463767974 -2
v -0 26.4666347268707 -2
v -10 26.5993310074045 -2
v -0 25.7423106484733 -2
v -0.15013068724603 25.9231691510188 -2
v -10 25.8201365778689 -2
v -0 25.2524420093796 -2
v -10 25.0447015618486 -2
v -0 24.4610744179998 -2
v -0.206319567079395 24.6990138837069 -2
v -10 24.2390396545478 -2
v -0 23.9978823653466 -2
v -10 23.5080850014566 -2
v -0 23.1619259155775 -2
v -0.242606261778058 23.4180799964562 -2
v -10 22.7683556544227 -2
v -0 22.6869895404005 -2
v -9.58753031347879 22.0192456371434 -2
v -10 22.2606346612096 -2
v -0 21.8375465346443 -2
v -0.195341819606545 22.1000656793755 -2
v -10 21.6063998073624 -2
v -0 21.3598699343241 -2
v -10 20.8382676988029 -2
v -0 20.5006227146389 -2
v -0.181776656707329 20.7675631597567 -2
v -10 20.0547760527447 -2
v -0 20.0182951519648 -2
v -10 19.3554291834166 -2
v -0 19.1542279848149 -2
v -0.123132679025403 19.4404745692735 -2
v -10 18.711898000063 -2
v -0 18.7322196837042 -2
v -10 18.1726576534118 -2
v -0 17.6170079544519 -1.73103843727134
v -0 18.0560709835239 -2
v -10 17.3905123632875 -2
v -0 17.2438486948046 -2
v -10 16.6367340189145 -2
v -0 16.3802190957537 -2
v -0.164338029317517 16.6532532411304 -2
v -10 15.871289819777 -2
v -0 15.8827292026846 -2
v -10 15.0729414145879 -2
v -0 15.0241231072983 -2
v -0.326531945975588 15.2959087899347 -2
v -10 14.3289456469941 -2
v -0 14.5375142388295 -2
v -10 13.6073702722452 -2
v -0 13.6613837666885 -2
v -0.168865811501582 13.9300319532803 -2
v -10 12.9097687800502 -2
v -0 13.1650158711553 -2
v -10 12.2852225505934 -2
v -0 12.2886667034116 -2
v -0.183666166805508 12.5545750445781 -2
v -10 11.5043881152977 -2
v -0 11.7922554955325 -2
v -10 10.6554220575329 -2
v -0 10.9179418834421 -2
v -0.170191594107728 11.186046069086 -2
v -10 9.87256970211319 -2
v 24 3.02274899482952 -1.7221021172042
v 24 3 -1.76229640648055
v 24 3 -2
v 23.7064277977316 3 -2
v 23.4030783001658 3 -2
v 23.0478118173905 3 -2
v 22.6453110613479 2.91555959564209 -2
v 22.1337676453816 2.88462445637506 -2
v 21.5581117890834 2.88756597632902 -2
v -0 10.4210067439516 -2
v -10 9.17988473860132 -2
v 20.9789390269073 2.95582820739646 -2
v -0 9.55358012833834 -2
v -0.180561968280243 9.82178315175777 -2
v -10 8.47313822177805 -2
v 24 2.81611994652819 -1.78968348514742
v 24 2.86598928691574 -1.9707252189261
v 24 2.85454159818672 -2
v 23.7098433697334 2.8593392340503 -2
v 23.4040756784933 2.87535845441171 -2
v 23.0483257161109 2.97295153062494 -2
v 22.6103506302685 2.86188029815273 -2
v 22.1208991693835 2.95567544092492 -2
v 21.6231002143083 2.9401669857699 -2
v 21.0966948669153 2.93714740502906 -2
v 20.461575891885 2.97174832065204 -2
v -0 9.07179385701309 -2
v -10 7.59625628368427 -2
v 24 2.70325177163404 -1.67222183925683
v 24 2.69252206196205 -1.92236065654768
v 24 2.72688023078792 -2
v 23.7913129309269 2.73568363433584 -2
v 23.4744895176286 2.8125594453528 -2
v 23.1229042654905 2.85697433321518 -2
v 22.6998466689496 2.82166246369723 -2
v 22.2164980174042 2.86187336205014 -2
v 21.7134169661605 2.82860778100842 -2
v 21.1280528024832 2.83502789785018 -2
v 20.5657144620084 2.87953978458468 -2
v 19.9226118398841 2.95624911058479 -2
v -0 8.20855889361373 -2
v -0.192070704769941 8.49309626377524 -2
v -10 6.66189800710247 -2
v 24 2.54544063433253 -1.74104168952918
v 24 2.55207681430104 -2
v 24 2.57358103544458 -2
v 23.6339779747743 2.63427717387694 -2
v 23.3978114619357 2.66157861055788 -2
v 22.8985951778972 2.66841041738248 -2
v 22.366894839198 2.6878121032428 -2
v 21.8130746795339 2.66797869109807 -2
v 21.2326149434778 2.70478663508037 -2
v 20.6221871224207 2.79300434719225 -2
v 20.0430750882217 2.86223341834401 -2
v 19.4177467822587 2.93918249566587 -2
v -0 7.77358302304885 -2
v -10 5.59189333990737 -2
v 24 2.32148972443337 -1.58846943944444
v 24 2.34269466138264 -1.83828978409451
v 24 2.39446944950724 -2
v 24 2.33676742682745 -2
v 24 2.40794868131608 -2
v 23.2057414726109 2.47397533643773 -2
v 22.5304675358708 2.50620258458005 -2
v 21.9309478151257 2.5597794855814 -2
v 21.3297168396675 2.6244641729045 -2
v 20.7219430279467 2.63802838207187 -2
v 20.0864397279285 2.70209188486667 -2
v 19.519354190696 2.7963296976634 -2
v 18.9002612897384 2.91164359452419 -2
v -0 6.58964631044467 -1.69164358824924
v -0 7.05108668223075 -2
v -10 4.29163324636159 -2
v 24 1.95528173153879 -1.44487178391556
v 24 2.10268315821818 -1.81152838011072
v 24 2.1020103061965 -1.90558692340533
v 24 2.16956677324174 -2
v 23.3199773090785 2.24029429885824 -2
v 22.7162150797402 2.32430842280422 -2
v 22.0630603261725 2.38306784652715 -2
v 21.4326692605775 2.5151511176103 -2
v 20.7925609636983 2.55733670053138 -2
v 20.181087725292 2.62777610958331 -2
v 19.5635029449352 2.71082167096633 -2
v 18.9936989577803 2.77620793650375 -2
v 18.3690640914019 2.90425450445558 -2
v -0 6.20138518303649 -2
v -10 2.62461633628425 -2
v 24 1.78046213905949 -1.54477248673717
v 24 1.869454996837 -1.81546270418226
v 24 1.96386313806258 -2
v 23.4958768279786 2.02768602638866 -2
v 22.8848257535123 2.12213319502383 -2
v 22.234128089541 2.21104931698994 -2
v 21.5607930874297 2.29995309063344 -2
v 20.8889725542241 2.41397979138566 -2
v 20.2494410818553 2.52685642600869 -2
v 19.6379972910921 2.6185630058783 -2
v 19.0210334952708 2.67608324706647 -2
v 18.4560464522275 2.73887732874916 -2
v 17.8356851807968 2.87284025561998 -2
v -0 5.30424891473481 -2
v -0.272540827493239 5.71816813271837 -2
v -10 1 -2
v 24 1.52719508081856 -1.40004981779493
v 24 1.65640830869772 -1.73719689571563
v 24 1.73785649819905 -2
v 24 1.77592508586893 -2
v 23.1212588058746 1.86509715480635 -2
v 22.3562060949223 1.97957269662933 -2
v 21.6394405805093 2.1074004191294 -2
v 20.9496889920472 2.22198198828622 -2
v 20.29740848622 2.36637756097112 -2
v 19.6691533535047 2.50459510405563 -2
v 19.0640940093029 2.55498770535019 -2
v 18.4581300025552 2.62450247444193 -2
v 17.9071352416623 2.6639668458369 -2
v 17.3189099815165 2.80418223566934 -2
v -0 4.54281791622031 -2
v -0.387751807358457 5.00446686305347 -2
v -11.2762227891573 1 -1.74017341730921
v 24 1.28792817218965 -1.5912976466796
v 24 1.42086055917991 -1.88249967889633
v 24 1.43970610824128 -2
v 23.2272315083497 1.54648745900185 -2
v 22.3985457555125 1.67245143982006 -2
v 21.637306418298 1.80204171660342 -2
v 20.9529811141851 1.98709673208215 -2
v 20.2827799305217 2.12777434017252 -2
v 19.6462693970926 2.29578687041548 -2
v 19.021850130564 2.38672933188729 -2
v 18.4101735307791 2.4983214528865 -2
v 17.7720473067552 2.64275221152839 -2
v 17.1851621937697 2.78100201634427 -2
v 16.6686475508706 2.89847243440356 -2
v -0 3 -2
v -0.3569750366824 4.12345812285441 -2
v -12.5752720260909 1 -1.8067822500287
v -13.8391400444087 1 -1.66971003046212
v 24 1.12396804375966 -1.66592812214907
v 24 1.2170515717391 -2
v 23.1966578499407 1.33162523976569 -2
v 22.3266325929818 1.44032114634628 -2
v 21.5832501660066 1.58774005496993 -2
v 20.8726031620762 1.74024461647697 -2
v 20.2102435084165 1.92319916963016 -2
v 19.5483143027119 2.078934462699 -2
v 18.9124857264669 2.26471721008946 -2
v 18.2695334708152 2.42953773725658 -2
v 17.6469680904402 2.55792309525351 -2
v 17.0931313801489 2.7136646687928 -2
v 16.5025695804097 2.89802100481577 -2
v 15.9458173050218 3 -2
v 15.3700941641628 3 -1.79295293371038
v 2.69003103919296 3 -1.82791848777044
v 1.75489601281038 3 -1.82310937578308
v 0.821173950108333 3 -1.97072781931895
v -0.429341826278537 3.42470023278346 -2
v -14.9583608602792 1 -1.59649524679724
v -15.923308842867 1 -1.60477231972299
v -16.7966894491567 1 -1.6576200802681
v -17.6559462702013 1 -1.63263694350676
v -18.4485790668855 1 -1.66820450068808
v -19.2066356534476 1 -1.6015201610547
v -19.9479097023227 1 -1.53572988343123
v -20.6653227703587 1 -1.42903250991481
v -21.3658829369007 1 -1.40416858040661
v -22.0522088892498 1 -1.40869009321025
v -22.7250035028871 1 -1.41580556841746
v -23.3856849953893 1 -1.42095745396683
v -24.0366504408868 1 -1.33886474795135
v -24.6803032740494 1 -1.29369099494925
v -25.3309656455717 1 -1.23925744993056
v -25.9935055779377 1 -1.20772718075407
v -26.6765191704107 1 -1.18808152641669
v -27.3823159017665 1 -1.21414393692476
v -28.0636833380342 1 -1.23541668698078
v -28.750524693318 1 -1.24997233494136
v -29.4439158959832 1 -1.22497074062771
v -30.1267922850719 1 -1.15288244522796
v -30.8403525503634 1 -1.16811534851641
v 24 0.836940071443797 -1.74279045405606
v 24 0.843329953424911 -2
v 23.0687629166802 0.983403957150926 -2
v 22.2288295394501 1.19834874902701 -2
v 21.4794307663649 1.37581983571397 -2
v 20.7479959378773 1.59785737146562 -2
v 20.0353222061716 1.76854385241757 -2
v 19.3779632284233 1.92960616363377 -2
v 18.7368275117627 2.12345992978367 -2
v 18.0870535899215 2.25798563498424 -2
v 17.4796222127375 2.36561081240665 -2
v 16.8922370982998 2.56030096900309 -2
v 16.3471854080808 2.77919443450655 -2
v 15.8155294688656 3 -2
v 14.8728516649978 3 -1.69499526573214
v 14.3234754984125 3 -1.76202937574924
v 13.6298794619801 3 -1.74283118038659
v 12.8988752519141 3 -1.75232923491923
v 12.1636226908507 3 -1.77783781515063
v 11.4235392100294 3 -1.74544812573604
v 10.6941328856964 3 -1.72824033757393
v 9.98396617724895 3 -1.74003285080536
v 9.27118569227772 3 -1.69820010738422
v 8.57297307794337 3 -1.68308178421813
v 7.88047915390605 3 -1.69790221567213
v 7.17660887775038 3 -1.66684292249232
v 6.48962795969089 3 -1.67851201223553
v 5.79322010442502 3 -1.69513167564308
v 5.22728178391205 3 -1.76711290636567
v 4.547150123318 3 -1.75828215695688
v 3.69173849495042 3 -1.78707051757583
v -31.4601862617272 1 -1.08915717919102
v -32.0029547852601 1 -1.16473111008518
v 24 0 -1.67121041375603
v 24 0.520411929924464 -1.81261719867271
v 24 0.681619601119366 -2
v 22.9001418083697 0.899448934892064 -2
v 22.0639027689744 1.08392346917562 -2
v 21.4215133079828 1.27737236038877 -2
v -32.5550991796193 1 -1.19176127797186
v 25.5416720574176 0 -1.39121511479552
v 25.0213515649181 0 -1.45787624344661
v 24.4177443716493 0 -1.47592232064217
v 24 0.324791460541541 -1.90856056894386
v -33 1 -1.20472728320163
v 26 0 -1.21430617900463
v -33 0.287057564226896 -1.25293516343481
v -33 -0.535687763052713 -1.06830987485519
v 26 -0.156170145721251 -1.23147257336067
v -33 -1.42841206248103 -1.04984144435914
v -33 -1.483832846559 -1.56649023488607
v 26 -0.403460008528806 -1.34918863657466
v -33 -2.33569859627581 -0.92115331719805
v -33 -2.26283775762252 -1.37330359459936
v 26 -0.607636029322079 -1.45940435772677
v -33 -3.36884968146048 -0.895253944895331
v -33 -3.05599945931902 -1.14032547814005
v 26 -0.874344530049975 -1.40741598580432
v -33 -4.33461290356631 -0.975579683512844
v 26 -1 -1.61619762649471
v -33 -5.28734654034693 -0.976529197440274
v 25.6573219192441 -1 -1.60386810069876
v 25.2386713260981 -1 -1.71687759857691
v 25 -1 -1.8400717339079
v -33 -6.2326432044376 -0.863412229993054
v 25 -1.03688044332614 -2
v 24.5896236892668 -1.06903823134661 -2
v -33 -7 -0.991016103837353
v 25 -1.07304192561694 -2
v 24.2100200785217 -1.10588607310443 -2
v 23.4597444224995 -1.14806481059596 -2
v 22.6802004007166 -1.21282962489491 -2
v 14.238655793936 -3 -2
v 13.6094277924337 -3 -1.78692301466611
v 13.0402406541999 -3 -1.81207019647273
v 12.3990990498803 -3 -1.75779643574491
v 11.7359195997348 -3 -1.7686063759288
v 11.069496666742 -3 -1.7668946392022
v 10.3883807696996 -3 -1.76881134694675
v 9.71248109663675 -3 -1.77613194965151
v 9.03625017342382 -3 -1.73452089329671
v 8.3518615401774 -3 -1.73907118423021
v 7.62530242097596 -3 -1.71299009193205
v 6.91417780292329 -3 -1.75518235313838
v 6.20784194837133 -3 -1.80085790883075
v 5.4909574726785 -3 -1.85591580635372
v 4.752027204191 -3 -1.86654310280259
v 4.07102064310292 -3 -1.87053897553165
v -31.5952101276648 -7 -1.05680382943979
v -32.417870286683 -7 -0.971968091439712
v 24.5369659622066 -1.14537137431179 -2
v 23.9229403392933 -1.22221843860181 -2
v 23.2719498209997 -1.23976145963414 -2
v 22.6838256531884 -1.31816555247431 -2
v 22.1148142022113 -1.31104335098708 -2
v 21.4486973148944 -1.43714418940807 -2
v 20.753101201659 -1.56246267242006 -2
v 20.0823519691438 -1.69301655125664 -2
v 19.4290641804401 -1.79463056480804 -2
v 18.8052400469609 -1.95508115438648 -2
v 18.1529454520141 -2.09684217676748 -2
v 17.5397682723179 -2.27380756303654 -2
v 16.8952390319445 -2.44121901341171 -2
v 16.2288321167962 -2.68668868323758 -2
v 15.5519055048219 -3 -2
v 14.9154834804222 -3 -2
v 3.51005107575885 -3 -1.77520605199713
v 2.81345243281752 -3 -1.76485920953494
v 1.94160685809082 -3 -1.78536184793599
v -16.4928965324559 -7 -1.71073825124976
v -17.212340625594 -7 -1.68740947170265
v -17.9165916338453 -7 -1.68321530426664
v -18.6076173020028 -7 -1.6663019729544
v -19.2893078228639 -7 -1.6062316581997
v -19.9631605273438 -7 -1.60440404760017
v -20.6284024032631 -7 -1.58578582729098
v -21.2853894008792 -7 -1.56532970231386
v -21.9348867662469 -7 -1.54814216086334
v -22.5749339637703 -7 -1.47723830488664
v -23.202818184135 -7 -1.44916720001044
v -23.8259147218831 -7 -1.43035931629277
v -24.424054266073 -7 -1.33172110829757
v -25.015255934807 -7 -1.24513932229666
v -25.6052451085423 -7 -1.13377844684535
v -26.2351066590175 -7 -1.07455106067171
v -26.8529627901239 -7 -1.04699512890368
v -27.5133975142902 -7 -1.01613112110775
v -28.1843039601655 -7 -1.04104371814493
v -28.8267364798505 -7 -1.04447278658658
v -29.4073738382511 -7 -0.97909943684692
v -30.013618564483 -7 -1.08463307824106
v -30.7428879354843 -7 -1.08554873799172
v 25 -1.34759108858547 -2
v 24.4190816203474 -1.36728879305333 -2
v 23.7776229083284 -1.41085280562464 -2
v 23.1456423190872 -1.48645872098466 -2
v 22.470312856883 -1.55648878928023 -2
v 21.8355374199288 -1.57805756234499 -2
v 21.1756678277053 -1.61888403747179 -2
v 20.4989580119913 -1.72011574406402 -2
v 19.8422524489194 -1.83134702080491 -2
v 19.1818534899388 -1.9363620490214 -2
v 18.5178938706008 -2.07461574244561 -2
v 17.8569126968309 -2.33720783755198 -2
v 17.2154165565129 -2.55619083557253 -2
v 16.5611587123078 -2.78346841964308 -2
v 15.9431803462702 -3 -2
v 1 -3 -2
v 0.999368500883123 -3.30156184967129 -2
v -15.4727245291575 -7 -1.71566704661085
v -15.8661731049733 -7 -1.74310012349931
v 24.7169195883052 -1.5524376320344 -2
v 24.2731605514196 -1.50098283167799 -2
v 23.6156511720109 -1.57604147721347 -2
v 22.950829178316 -1.64378722844058 -2
v 22.2821529889218 -1.69596815079593 -2
v 21.6332031008667 -1.73991957185125 -2
v 20.9639256510625 -1.8108893221907 -2
v 20.2936913317912 -1.92957529044893 -2
v 19.6362956785486 -2.09943363137698 -2
v 18.9539534978105 -2.23485215927232 -2
v 18.2700436136569 -2.41303876566149 -2
v 17.53435734043 -2.59609923268021 -2
v 16.8691994342759 -2.850473375566 -2
v 16.3133387796896 -3 -2
v 1 -4.62027054448433 -1.54286357328789
v 1 -3.89300293147033 -2
v -14.9863935585729 -7 -1.82210838941823
v 24.5563228963575 -1.51383760685482 -2
v 24.0286723428701 -1.64145965072525 -2
v 23.4212757997237 -1.72449496668857 -2
v 22.7676787229671 -1.77198620620109 -2
v 22.1289579051297 -1.89790413172916 -2
v 21.4618873951437 -1.93556140643867 -2
v 20.7760171654984 -1.99844569398716 -2
v 20.1010017927785 -2.13199346786097 -2
v 19.4286900442788 -2.26165492785701 -2
v 18.7098889434508 -2.47222696932899 -2
v 18.0432210239652 -2.72631197490399 -2
v 17.5034624750724 -2.87780166424028 -2
v 17.0021686718054 -3 -2
v 1 -4.73769479670208 -2
v -14.4502213864135 -7 -2
v 24.97765018277 -2 -2
v 24.7315015181703 -1.91548882137669 -2
v 24.3339568363799 -1.79755603844186 -2
v 23.8104909586478 -1.85325162082056 -2
v 23.227008518349 -1.90023495645431 -2
v 22.5877963934011 -1.94621865598346 -2
v 21.9363757808954 -2.05374398139683 -2
v 21.2813924744501 -2.11313619276281 -2
v 20.5861359066498 -2.19175384296198 -2
v 19.9218414064017 -2.35229988614376 -2
v 19.2386260110492 -2.50154989685323 -2
v 18.6819715638784 -2.70220526598017 -2
v 18.16107402497 -2.78045239649787 -2
v 17.6541765272556 -3 -2
v 1 -5.37908969548604 -2
v 0.58876791404321 -5.54242951150362 -2
v -13.6709947249075 -7 -1.64436473202537
v 25.8804131092404 -2.09643764017861 -2
v 24.5914859160171 -2.07112457576524 -2
v 24.1518902640478 -2.01844310157051 -2
v 23.5885557566439 -2.06131900814984 -2
v 22.9931703585301 -2.07855957835588 -2
v 22.3552782045579 -2.15220991333917 -2
v 21.7108776392825 -2.21261073056497 -2
v 21.0964248086726 -2.28984851056509 -2
v 20.5448145849215 -2.43183433626278 -2
v 19.942807542455 -2.56384001469514 -2
v 19.3753651419978 -2.67871334030927 -2
v 18.8144446762569 -2.82106182611565 -2
v 18.2692408578182 -3 -2
v 1 -7.09287986116822 -1.65981794138958
v 1 -6.09346530075628 -2
v -13.0903213880838 -7 -1.65954822256353
v 25.3221068859324 -2.11665756127019 -2
v 24.9527340708165 -2.19671533568964 -2
v 24.4374603159446 -2.18098354071354 -2
v 23.9216281074418 -2.18552452262026 -2
v 23.355327231116 -2.20191196359439 -2
v 22.7261572459662 -2.27564033244973 -2
v 22.0612873778545 -2.31783093794678 -2
v 21.3308642994077 -2.41425096248547 -2
v 20.6905549719417 -2.56481431265021 -2
v 20.0620770131695 -2.7006265796716 -2
v 19.4511961587534 -2.82187913829656 -2
v 18.9059309426357 -3 -2
v 1 -6.77318538025167 -2
v -12.4795549704635 -7 -1.71446098681126
v 26.6908999611544 -2.43754534539803 -2
v 26.394347850306 -2.08806662032746 -2
v 25.5718707991776 -2.26522563557263 -2
v 24.928717226738 -2.33522110526166 -2
v 24.3464863495463 -2.33370564472404 -2
v 23.7678046098383 -2.34601815618582 -2
v 23.1652068258068 -2.40364511186275 -2
v 22.5348366171935 -2.43000479986654 -2
v 21.8932338582713 -2.44691710428646 -2
v 21.2908792341984 -2.54785989246901 -2
v 20.6645964721118 -2.73025936303912 -2
v 20.0890349518703 -2.89889466353779 -2
v 19.5254059821224 -3 -2
v 1 -8.44380907276384 -1.62864876787787
v 1 -7.67570374175623 -1.71840207914728
v -11.7866109761933 -7 -2
v 26.051446631056 -2.44779886955041 -2
v 25.4514536091837 -2.4898129558839 -2
v 24.8406094644413 -2.5023055277133 -2
v 24.2441778945226 -2.47788177155026 -2
v 23.6470373455496 -2.45369448952005 -2
v 23.0394438244072 -2.5393131819795 -2
v 22.4369100805123 -2.59912642118035 -2
v 21.8557520144819 -2.6336779441131 -2
v 21.2828617254238 -2.68288102120089 -2
v 20.6931339821958 -2.83226481110358 -2
v 20.119633291336 -3 -2
v 1 -8.17999033463748 -1.83935290805546
v -11.0020086675749 -7 -2
v 26.5402392896157 -2.83219906109675 -2
v 25.9151767920068 -2.83026630863242 -2
v 25.3432286365976 -2.70502163783047 -2
v 24.7449021007402 -2.66770061092214 -2
v 24.1442975853011 -2.6071275582249 -2
v 23.542433374236 -2.60110234988268 -2
v 22.9477933818269 -2.66703080237672 -2
v 22.3656216292365 -2.765014947225 -2
v 21.7938147398923 -2.76833527861915 -2
v 21.211387918467 -2.80923786398536 -2
v 20.6046279616969 -3 -2
v 1 -9.78078697228552 -2
v 1 -9.02209058907521 -1.86024152265847
v -10.1213286006069 -7 -2
v 26.387886631512 -2.86932793140679 -2
v 25.8007963632621 -2.8635178809626 -2
v 25.2141266652339 -2.84108456718346 -2
v 24.6151792205197 -2.83848699402886 -2
v 24.0127959296907 -2.78044966825391 -2
v 23.4136038415289 -2.78368619884235 -2
v 22.822267939432 -2.80554591375465 -2
v 22.2472258733588 -2.84230249711971 -2
v 21.6767076265297 -3 -2
v 21.0948464811601 -3 -2
v 1 -9.5221161360944 -2
v -8.89991740881419 -7 -1.66847840515178
v 1 -11.1133847751764 -2
v 1 -10.3553687723437 -2
v -8 -7.99942872380435 -1.6248351537932
v 1 -10.8579925433749 -2
v -8 -9.46248901842701 -1.73219402668118
v 1 -12.4529975151066 -2
v 1 -11.6906953003458 -2
v -8 -10.3260741072015 -1.84898157331162
v 1 -12.1964740018442 -2
v -8 -11.5987492683319 -2
v 1 -13.8024763776174 -2
v 1 -13.0365403657964 -2
v -8 -12.4518831186028 -1.68060305910564
v 1 -13.5446106645267 -2
v -8 -13.2679047820845 -1.63421061835736
v 1 -15.1524611193597 -2
v 1 -14.3847000208805 -2
v -8 -14.037113145741 -1.66909624402436
v 1 -14.8941180198771 -2
v -8 -14.7315280841813 -1.7967036895244
v 1 -16.5025262723906 -2
v 1 -15.7349127764961 -2
v -8 -15.3103147133596 -2
v 1 -16.2448014948081 -2
v -8 -16.278678584376 -2
v 1 -17.8479265624164 -2
v 1 -17.0842348319587 -2
v -8 -16.9228514750837 -2
v 1 -17.5927650370633 -2
v -8 -17.6124119390347 -2
v 1 -19.1827003119129 -2
v 1 -18.4259873316485 -2
v -8 -18.2634433798165 -1.68931767482556
v 1 -18.932525656958 -2
v -8 -19.2716551460296 -1.66372818039559
v 1 -20.5026615130143 -2
v 1 -19.7543386463978 -2
v -8 -19.8737318720739 -1.74463034704176
v 1 -20.2567141168064 -2
v -8 -20.3815582040664 -1.82524903093915
v 1 -21.8135132219489 -2
v 1 -21.069326502373 -2
v -8 -21.2337102026379 -2
v 1 -21.5685242307787 -2
v -8 -21.9198098448461 -1.6454531438086
v 1 -23.1301436639681 -2
v 1 -22.3640915897765 -2
v -8 -22.6709839278494 -1.88566584579021
v -8 -22.6162499122211 -1.58402378525788
v 1 -22.8441678183716 -2
v -8 -23.2598073177189 -1.70576872484775
v 1 -24.3576419016899 -2
v 1 -23.7544824667067 -2
v -8 -23.9110285087255 -1.70197045502186
v 0.701618636146593 -24.2111791439392 -2
v -8 -24.5140056188103 -2
v 1 -25.5167513552549 -2
v 1 -24.9439650592043 -2
v -8 -25.5050754372093 -2
v 0.743465643838135 -25.4209586205544 -2
v -8 -26.1897399425813 -2
v 1 -26.7609505904645 -2
v 1 -26.1196927866743 -2
v -8 -27.0784240179236 -1.707561373962
v 0.7544172629288 -26.6021365841182 -2
v -8 -27.6047295748816 -1.66433697221344
v 1 -27.3634872205575 -2
v 0.687954465208617 -27.1994248692533 -2
v -8 -28 -1.66540179822459
v 1 -28 -2
v 0.643878367085294 -27.7609304524833 -2
v -6.18899034778527 -28 -1.72230121650406
v -7.3809909659316 -28 -1.71904477269363
v 0.584248619531704 -28 -2
v 0.0645276709198432 -28 -2
v -0.465937701832582 -28 -2
v -1.01793119168028 -28 -1.91037352295113
v -1.61442863523661 -28 -1.820852281077
v -2.24927881647985 -28 -1.86037232553089
v -2.93634067657446 -28 -1.85162701780782
v -3.66780779354385 -28 -2
v -4.43508275958803 -28 -2
v -5.2419991020033 -28 -1.80388555463269
v -0.500978651265755 27.911991795247 -2
v -0.93404205896176 27.9216385603347 -2
v -1.4289996948052 27.848121295521 -2
v -1.99699418691332 27.8567253171258 -2
v -2.619482312676 28 -2
v -3.29250521398014 28 -2
v -4.02405812809648 28 -2
v -4.8154737686764 28 -2
v -5.67351820449352 28 -2
v -6.65596069329269 27.783229387201 -2
v -7.82580858827282 27.8137163701774 -2
v -0.564859997026944 27.53186290496 -2
v -0.990576717248825 27.5255498453201 -2
v -1.48997427290074 27.4641758788471 -2
v -2.07012325203597 27.4332194646868 -2
v -2.69746217766297 27.4550789151774 -2
v -3.37938876227673 27.4401710637157 -2
v -4.1059591370681 27.4405208856132 -2
v -4.88044168241971 27.4472662610874 -2
v -5.72570063440337 27.4260605950966 -2
v -6.63967694694573 27.4206465607461 -2
v -7.5097391723803 27.4036045972579 -2
v -8.76549292638452 27.5585276430578 -2
v -0.513923022063176 27.0015831607545 -2
v -0.985424041552408 27.0189534895688 -2
v -1.50117217855162 26.980638393083 -2
v -2.09747106235595 26.936696973097 -2
v -2.69536356928166 26.9042174891166 -2
v -3.3594681120982 26.8770237263084 -2
v -4.06694784896512 26.878019641111 -2
v -4.82869391448125 26.8955168174226 -2
v -5.61621355555291 26.9014168410725 -2
v -6.45867725829663 26.8977369847342 -2
v -7.3450258958397 26.9225454674551 -2
v -8.19996392824525 26.9625969421447 -2
v -9.27947144524262 27.1164203103687 -2
v -0.459656357639449 26.4601277441911 -2
v -0.967252517275675 26.4443432202442 -2
v -1.49370844494532 26.4955655271486 -2
v -1.97764272895125 26.3831413898554 -2
v -2.57717567880809 26.3516978667784 -2
v -3.23020860759854 26.3292425003144 -2
v -3.91740135861597 26.3302735193191 -2
v -4.67147490883089 26.3317364923451 -2
v -5.45377523091572 26.3307712944012 -2
v -6.26787107221129 26.3344879699128 -2
v -7.16140471676112 26.3640195475468 -2
v -8.15368683339024 26.4691525691105 -2
v -9.05518572212901 26.5157129288617 -2
v -0.562978231906277 25.839525897168 -2
v -1.18829518231634 25.9218391510298 -2
v -1.78748214360989 25.8380947861684 -2
v -2.39280513762332 25.7773763837178 -2
v -3.05174995684684 25.7568426967372 -2
v -3.73037978225091 25.7500950995551 -2
v -4.49365995996957 25.7365319862784 -2
v -5.27035479032054 25.7422273982007 -2
v -6.04557513643852 25.7541179621071 -2
v -6.89821284114848 25.7862430589068 -2
v -7.77628189728896 25.8742188895998 -2
v -8.47266012639101 25.8266179947832 -2
v -9.18515806556309 25.8290643695397 -2
v -0.546779133617181 25.2863256911326 -2
v -1.10597672050345 25.3339395758699 -2
v -1.59513576276476 25.2188508856367 -2
v -2.20512012318905 25.1880701604896 -2
v -2.85977680549321 25.1609901146343 -2
v -3.53490828406697 25.1430524111104 -2
v -4.25359597291389 25.1323434263054 -2
v -5.01195251195004 25.1376036072186 -2
v -5.77209315381486 25.1587601981822 -2
v -6.55315840880379 25.1817075536819 -2
v -7.29538092287413 25.1822766486201 -2
v -8.09337344207089 25.1986916919179 -2
v -8.7764562833666 25.1532008413023 -2
v -9.57133526423915 25.1205225839993 -2
v -0.714718259968959 24.6864511416203 -2
v -1.32896880218882 24.6352830341375 -2
v -1.97898993399174 24.587160969613 -2
v -2.63037694376313 24.5403810319391 -2
v -3.30146811295162 24.5234681826298 -2
v -3.98440519896212 24.5135172827044 -2
v -4.68247612773489 24.5152461449808 -2
v -5.42160974354622 24.5320638871175 -2
v -6.19512709221155 24.5360941415676 -2
v -6.93319811842638 24.5359279724781 -2
v -7.66392003559829 24.5299913536474 -2
v -8.41190998302653 24.5188286329648 -2
v -9.0721219235527 24.4469519878229 -2
v -9.53265353500708 24.3901039726757 -2
v -0.61827250705192 24.0357871217349 -2
v -1.19604926486208 24.0360409978921 -2
v -1.70350124437734 23.9423825620051 -2
v -2.3412899863849 23.9214291343815 -2
v -3.00488123894415 23.894986348597 -2
v -3.68708769734485 23.8768700754877 -2
v -4.36442482058328 23.8739105434257 -2
v -5.06582733654454 23.8728705815616 -2
v -5.81432473432378 23.8722095456393 -2
v -6.51425673844274 23.8715756877163 -2
v -7.21816717602204 23.8601412217936 -2
v -7.88802077943966 23.8372241369478 -2
v -8.54670649992256 23.8095651664827 -2
v -9.09760144588991 23.7275985683162 -2
v -9.60897099010013 23.6641351877852 -2
v -0.783131251939448 23.3850048211398 -2
v -1.40326708441871 23.3410649609038 -2
v -2.04108417402239 23.2943062767277 -2
v -2.67978669440749 23.2506054780249 -2
v -3.36790750394526 23.2323562742406 -2
v -4.03168898677576 23.2228009366002 -2
v -4.71475048758013 23.2153051485889 -2
v -5.40627150338268 23.2094883712569 -2
v -6.08072935520381 23.2034292850305 -2
v -6.73039680466501 23.1872776137339 -2
v -7.40362124722143 23.168433388594 -2
v -8.02946661807585 23.1314968085707 -2
v -8.64230742373692 23.08802712941 -2
v -9.08847425496327 22.995164308451 -2
v -9.66707058985476 22.9964572894487 -2
v -0.693690263810652 22.7244823499481 -2
v -1.23335192662265 22.7264483094104 -2
v -1.71092609367153 22.6298295007036 -2
v -2.3240493719088 22.6093119270434 -2
v -2.98292639243929 22.5836206275083 -2
v -3.64894993259123 22.56229359937 -2
v -4.32436232577873 22.5499959901806 -2
v -5.00175757754467 22.5402195451412 -2
v -5.64993238723665 22.5294340159204 -2
v -6.29485471775368 22.5139837556321 -2
v -6.91553911621131 22.4880105701676 -2
v -7.54240041854451 22.4550744018194 -2
v -8.16870200665634 22.3992331280368 -2
v -8.76600862210144 22.355857441028 -2
v -9.33014178791756 22.3028138475894 -2
v -0.770398774526187 22.0627623354646 -2
v -1.36372044065856 22.0173961014579 -2
v -1.97130848815812 21.9729535715282 -2
v -2.5768430970631 21.9232688326951 -2
v -3.2486957937277 21.9007278907962 -2
v -3.92508498690822 21.8833864812603 -2
v -4.59826381319504 21.8695847556685 -2
v -5.24905013320011 21.8563271568487 -2
v -5.8894055308292 21.8383496811343 -2
v -6.45301564035999 21.8124196252743 -2
v -7.06651613975841 21.7774573234372 -2
v -7.75254209186282 21.7405750076581 -2
v -8.35357795932267 21.7009719605022 -2
v -8.84926106896985 21.5939624432869 -2
v -9.29462024217546 21.3601732666489 -2
v -0.584207912853752 21.3929127512247 -2
v -1.10691228078917 21.3948033134475 -2
v -1.56133598146021 21.296145651984 -2
v -2.16321642469121 21.2691156208243 -2
v -2.87170221543925 21.2364466690141 -2
v -3.55111238400168 21.214098642985 -2
v -4.22122145972275 21.19980272206 -2
v -4.88389855133656 21.1835584343019 -2
v -5.51187181906526 21.1652830595374 -2
v -6.11921086586239 21.1401525328174 -2
v -6.73387252043312 21.1114532073357 -2
v -7.35586893088288 21.0819636178134 -2
v -7.91821991684894 21.0360402447143 -2
v -8.42549562161715 20.9411687227544 -2
v -8.86662370287569 20.7426501297892 -2
v -9.66687460736503 20.8879148177316 -2
v -0.564956457114929 20.7255117675191 -2
v -1.14381493703544 20.6758611548271 -2
v -1.85867755181801 20.6164806484875 -2
v -2.54472264659633 20.5637390982743 -2
v -3.22011876205435 20.5500930655801 -2
v -3.8766103986689 20.5343498960706 -2
v -4.53254906715256 20.5136940320254 -2
v -5.16471000507437 20.4919103729129 -2
v -5.80249456715685 20.4676616628924 -2
v -6.40497960815985 20.4434231804103 -2
v -6.97725355509025 20.416250531632 -2
v -7.49414219244603 20.3752066523361 -2
v -7.97641769167533 20.295668032141 -2
v -8.3899892095522 20.1424655410224 -2
v -9.01820073476753 20.2471401000881 -2
v -9.47794510090033 20.1770909093522 -2
v -0.336563946740641 20.0501281369927 -2
v -0.942221219626053 20.0432228791848 -2
v -1.5664046743509 19.9184633553841 -2
v -2.25548173198187 19.8979164342964 -2
v -2.89507760267468 19.8964377238912 -2
v -3.53729016220301 19.8755319474525 -2
v -4.2079715464836 19.8431233764279 -2
v -4.84058710186049 19.8143013360983 -2
v -5.48711165760538 19.7906380273746 -2
v -6.07356332780688 19.7682708985723 -2
v -6.57705332762081 19.7407450182354 -2
v -7.08641416665147 19.6966487785221 -2
v -7.59425608249669 19.6163664575916 -2
v -8.13707782258505 19.5502487279762 -2
v -8.73091154035102 19.6458631399287 -2
v -9.13018415579087 19.5125953343521 -2
v -9.6393221759988 19.4532923497436 -2
v -0.653737325891794 19.3686124895996 -2
v -1.24783906954832 19.2612705291587 -2
v -1.91299055181985 19.2415383896124 -2
v -2.58630428539606 19.2599520218473 -2
v -3.23592442990083 19.2186705816589 -2
v -3.83987062355948 19.1621916712869 -2
v -4.44685927259858 19.1350041505126 -2
v -5.06267284424404 19.1111766289112 -2
v -5.64006874638574 19.088814520137 -2
v -6.17878366586311 19.0597558084814 -2
v -6.71372645858676 19.0171130543924 -2
v -7.25268425455639 18.9746428863973 -2
v -7.73458531841545 18.9161645653539 -2
v -8.30913696608936 18.9615948453202 -2
v -8.78575756632706 18.8822831284001 -2
v -9.20569510671099 18.7933217717415 -2
v -9.57886225627648 18.7518634806852 -2
v -0.517973392777057 18.6560354216671 -2
v -1.10457226741924 18.5732949225161 -2
v -1.74209124832329 18.5788528093381 -2
v -2.37225870122778 18.6399250780458 -2
v -2.92362301977446 18.5244233051622 -2
v -3.49981559269954 18.4868230407003 -2
v -4.09959257135812 18.453899617396 -2
v -4.65785593343177 18.4307152951327 -2
v -5.23158546986602 18.4076876777988 -2
v -5.83041483081135 18.3796696783558 -2
v -6.35174029343167 18.349009380416 -2
v -6.86940340876617 18.3169498852609 -2
v -7.41933788529567 18.2936077514939 -2
v -7.9266351236979 18.2694845317115 -2
v -8.38891841304962 18.2080175982498 -2
v -8.86941573277651 18.1558353204206 -2
v -9.26921698652818 18.0726217025804 -2
v -9.72190530369742 18.0988777042244 -2
v -0.268380986677163 17.9174796793656 -2
v -1.13060332232243 17.9111577736948 -2
v -1.90013871714977 17.976345066159 -2
v -2.56309789117278 17.8834212516287 -2
v -3.14187681197659 17.808204014578 -2
v -3.73068134107641 17.7752474257553 -2
v -4.29904089365087 17.7502900329678 -2
v -4.88782598957914 17.7270451017203 -2
v -5.44966822031361 17.7028702484805 -2
v -5.98687450956733 17.678311821104 -2
v -6.52582360642425 17.6537060586522 -2
v -7.05372611475316 17.6267763987156 -2
v -7.57586761636111 17.5884168468299 -2
v -8.08023245796874 17.5398578575202 -2
v -8.56450927410085 17.4795613776314 -2
v -9.08996715812746 17.4451206866388 -2
v -9.58424790092215 17.4078049771045 -2
v -0.564257136941984 17.2669829410723 -2
v -1.16777779242345 17.2569240064147 -2
v -1.77815478732312 17.337623687756 -2
v -2.23344894610437 17.1811041291452 -2
v -2.80444051256206 17.1326392861151 -2
v -3.38676525249482 17.0974841763662 -2
v -3.97465159865769 17.071663215091 -2
v -4.54613427518205 17.0482820943243 -2
v -5.08691584892978 17.0259036232713 -2
v -5.62960356128725 17.0036219801631 -2
v -6.15797807564778 16.9799573247743 -2
v -6.65900504003533 16.9519978630194 -2
v -7.18893506368345 16.9175423233332 -2
v -7.73696823451582 16.8760296378868 -2
v -8.24526683978008 16.8428337529409 -2
v -8.75528390537738 16.8253759655735 -2
v -9.16750576131975 16.734405054521 -2
v -9.63071334317409 16.6868429441132 -2
v -0.62974175285758 16.5637377119479 -2
v -1.32372477599682 16.6517194352847 -2
v -1.8889389050537 16.5359778920206 -2
v -2.45010987710638 16.4618700736373 -2
v -3.04316081903679 16.4264830169283 -2
v -3.62088407515201 16.3965016333532 -2
v -4.18592694383881 16.3708539367522 -2
v -4.72691901443691 16.3483741198316 -2
v -5.28684388634633 16.326469292449 -2
v -5.81210914008929 16.303622222638 -2
v -6.34007197187694 16.2781000227363 -2
v -6.87951217072018 16.2494885029127 -2
v -7.42167043561071 16.2168436637701 -2
v -7.91185334586845 16.1985111875703 -2
v -8.39165350269658 16.1626925289484 -2
v -8.86513351872827 16.1122054433177 -2
v -9.30176209475852 16.0184640787661 -2
v -9.70857851402135 15.9618013088211 -2
v -0.607483233206929 15.9377159433437 -2
v -1.12730676242283 15.9824923206581 -2
v -1.56649562827725 15.836131970116 -2
v -2.13347264377738 15.7975519223979 -2
v -2.71685163810599 15.756517167468 -2
v -3.28117190614348 15.7209208237673 -2
v -3.8461531280527 15.6941374817992 -2
v -4.4146696886226 15.6703111024489 -2
v -4.96155513043276 15.6484723274134 -2
v -5.49031273918202 15.6267711912178 -2
v -6.06099234637223 15.6037571022554 -2
v -6.60123917135081 15.5798774110904 -2
v -7.10997480198594 15.524281697816 -2
v -7.61434119981951 15.5830788906296 -2
v -8.08627721838286 15.5274663338939 -2
v -8.52108274038507 15.4529114852196 -2
v -8.95832371361781 15.3961754339445 -2
v -9.37306315886623 15.3010779677483 -2
v -9.70190151837114 15.2325071140876 -2
v -0.743264321945069 15.2670108802387 -2
v -1.27768924945882 15.2013887430824 -2
v -1.86628938472721 15.1430274741016 -2
v -2.40347356599947 15.0825911524949 -2
v -2.96346086711008 15.0485553124754 -2
v -3.51980972567275 15.0186083616707 -2
v -4.07503873754353 14.9930146533452 -2
v -4.62071884419835 14.9708837016908 -2
v -5.17511210133204 14.9495207283254 -2
v -5.75333829272127 14.9278326847673 -2
v -6.29490611654353 14.901783885123 -2
v -6.73496098336616 14.797526612675 -2
v -7.34226956834887 14.998476605669 -2
v -7.75892961554235 14.8701129254137 -2
v -8.19082619840793 14.7992900237601 -2
v -8.60068827780449 14.7332201398292 -2
v -9.03266283554958 14.6752352204991 -2
v -9.37300327267064 14.5755732167166 -2
v -9.7104390753362 14.486077971113 -2
v -0.605703418328562 14.5699876874484 -2
v -1.13670407943957 14.5615138544885 -2
v -1.56162902858201 14.4534144970328 -2
v -2.10081933712936 14.4196650507437 -2
v -2.65947648869123 14.3790768009271 -2
v -3.20897364993057 14.3433444396415 -2
v -3.76363890294065 14.3164720916979 -2
v -4.29999360018133 14.2933488384608 -2
v -4.84990161836006 14.2720491352205 -2
v -5.40151223240798 14.2514895381665 -2
v -5.9193394335445 14.2201796018951 -2
v -6.34460120279218 14.0658064474828 -2
v -7.00368367259134 14.3765754357278 -2
v -7.428168266178 14.2170628959045 -2
v -7.85811279047802 14.1345701971579 -2
v -8.27478101218208 14.0760093465173 -2
v -8.67719654222644 14.0119977988437 -2
v -9.06174173458945 13.9459727806399 -2
v -9.39100244573481 13.8369013307258 -2
v -9.71262741824555 13.7630428722649 -2
v -0.66919029258971 13.8828592924792 -2
v -1.25429309045448 13.8233912814413 -2
v -1.80715282189766 13.7669426521106 -2
v -2.34919352836446 13.7063771838624 -2
v -2.89673096462214 13.6721765057613 -2
v -3.43345462424033 13.6422740831206 -2
v -3.98380173541449 13.6162872183597 -2
v -4.5241390817912 13.5946306476936 -2
v -5.06630325178178 13.5725599049777 -2
v -5.53767703392481 13.5203640034792 -2
v -5.9617537394792 13.3510756518242 -2
v -6.67324730156169 13.7318607706751 -2
v -7.10858949779629 13.5561029464752 -2
v -7.5464644927457 13.4684701552274 -2
v -7.96159524440892 13.4105305299854 -2
v -8.36761855577008 13.3545225319223 -2
v -8.74528145889968 13.2803608149085 -2
v -9.09147683355312 13.2073335583905 -2
v -9.41556200106126 13.0873817544409 -2
v -9.76074726874013 13.0609841404425 -2
v -0.544749396457705 13.1917567318072 -2
v -1.09000526140582 13.185322952992 -2
v -1.54311688526689 13.0779454063118 -2
v -2.06831044793661 13.0442867061018 -2
v -2.61064177387783 13.003810766202 -2
v -3.1396033544463 12.9680285805825 -2
v -3.69338306277351 12.9406951485647 -2
v -4.250149350458 12.9169660790425 -2
v -4.7675035838945 12.8899944519995 -2
v -5.24583237791748 12.8213454659627 -2
v -5.69843159406386 12.6463530214274 -2
v -6.38931153283695 13.068683079768 -2
v -6.80117964588194 12.8882201713285 -2
v -7.2573799381813 12.8009038432734 -2
v -7.69113070920262 12.7494260912148 -2
v -8.11015770081187 12.6889801602253 -2
v -8.53226346461443 12.6152291971427 -2
v -8.88841842757524 12.5178258535724 -2
v -9.29634768590089 12.4291851174531 -2
v -9.65588700930516 12.2817836988571 -2
v -0.705550147361917 12.5063752495914 -2
v -1.25619662405767 12.444774679337 -2
v -1.80346403184914 12.3949554627379 -2
v -2.33813403885933 12.3361854734307 -2
v -2.86648273830066 12.2976498155598 -2
v -3.41695856937587 12.2670580744102 -2
v -3.96394724273069 12.2398862056311 -2
v -4.48105721140414 12.2069772895976 -2
v -4.98244447071904 12.124121693361 -2
v -5.44648987280475 11.9463399005077 -2
v -6.1164598953202 12.3932937324961 -2
v -6.54390441272597 12.2092608972669 -2
v -7.00716987490155 12.1402809909776 -2
v -7.45211968398859 12.0961754816034 -2
v -7.86779871364344 12.0296634049273 -2
v -8.25829844606166 11.9442406102467 -2
v -8.63093997954711 11.8654882464707 -2
v -9.02124162471108 11.7873558292107 -2
v -9.35415480775646 11.6401314355454 -2
v -9.7392993415642 11.5845199266487 -2
v -0.571744780196029 11.8186400831321 -2
v -1.10286925545051 11.7743385362698 -2
v -1.59363938903044 11.7436572625742 -2
v -2.07870941251766 11.6709004804809 -2
v -2.62757894906619 11.6292048918101 -2
v -3.16515559009208 11.592589394743 -2
v -3.70483133781193 11.5636771069624 -2
v -4.22984745545268 11.52383122665 -2
v -4.71514612356444 11.4313839555968 -2
v -5.18213959021528 11.2517479860475 -2
v -5.86755839945967 11.7090807669624 -2
v -6.30023166648073 11.5155719740254 -2
v -6.76845047735133 11.504325539184 -2
v -7.22978931989803 11.4644747850772 -2
v -7.63588969559793 11.3626728063975 -2
v -8.01310317444868 11.2799110340209 -2
v -8.41511620456949 11.2093461709352 -2
v -8.79332797673738 11.1215147552447 -2
v -9.17308609381118 11.0328783229117 -2
v -9.49841687145935 10.9298143418831 -2
v -9.77862061967426 10.8397214189889 -2
v -0.651082281400277 11.1075410689059 -2
v -1.24446135811104 11.1080650497446 -2
v -1.8035361801191 11.0230872934755 -2
v -2.33516678875219 10.9607406448287 -2
v -2.90488324583221 10.9231790353786 -2
v -3.42985568221418 10.8911179874644 -2
v -3.93857226915673 10.8449291957444 -2
v -4.43534502978711 10.7455737157759 -2
v -4.9214179235381 10.567987360847 -2
v -5.64220814614715 11.014692026272 -2
v -6.05394973642534 10.7907566489501 -2
v -6.62661210662956 10.944533405423 -2
v -7.0137207173331 10.7958983159574 -2
v -7.42877307766122 10.6925830673209 -2
v -7.8068106737906 10.6107506199781 -2
v -8.20637848445751 10.5390040960799 -2
v -8.59715920707709 10.4635943438353 -2
v -8.9561939039656 10.3790379695056 -2
v -9.26439764347437 10.2974833827213 -2
v -9.52612726337435 10.168283295941 -2
v -9.77982037698034 10.0597685138656 -2
v -0.548466468901336 10.4519768609723 -2
v -1.08996482373066 10.4511719695398 -2
v -1.53826720834441 10.3402327965795 -2
v -2.07276868137163 10.3012318086636 -2
v -2.62218727630526 10.2579707445037 -2
v -3.14060735124019 10.2226112560257 -2
v -3.66431012970468 10.1720050883622 -2
v -4.18204820989605 10.0652607138652 -2
v -4.65562882278212 9.88351227916263 -2
v -5.35677325872522 10.3308125737538 -2
v -5.72583079570036 10.0305745658532 -2
v -6.34608561905133 10.342858174807 -2
v -6.77864760478344 10.1402758229032 -2
v -7.19721679769697 10.0244019549768 -2
v -7.5872920316329 9.93991146803396 -2
v -7.99309557887539 9.87189297890211 -2
v -8.3741037017942 9.80011640338845 -2
v -8.71986514605833 9.72211895146331 -2
v -9.0145156065322 9.62817490997994 -2
v -9.3013457745803 9.52745480057606 -2
v -9.53891763279472 9.38211963571207 -2
v -9.78160692822577 9.2855058890976 -2
v -0.702074686752643 9.77468205099716 -2
v -1.25388660827005 9.71788517855781 -2
v -1.80443999237045 9.64881574837653 -2
v -2.32494472344459 9.59045795355986 -2
v -2.86603231946268 9.56094022109611 -2
v -3.39993332632951 9.50141653805646 -2
v -3.90629952823491 9.38641559006329 -2
v -4.37832091954359 9.19826374060397 -2
v -5.06649393944045 9.62747066830767 -2
v -5.47221915512256 9.32332073753276 -2
v -6.12583269394277 9.68761081395384 -2
v -6.55467825379418 9.47231883004345 -2
v -6.97620873065921 9.3443484179092 -2
v -7.3759281278561 9.26499286251328 -2
v -7.79976395651093 9.20309346690371 -2
v -8.17785454091948 9.13781658044318 -2
v -8.50963579606627 9.05504221037452 -2
v -8.81343530078091 8.96184194897309 -2
v -9.08850988044557 8.84097510777337 -2
v -9.36552373956443 8.71474142874908 -2
v -9.61472498821436 8.55753725472212 -2
v -9.86395686861065 8.51782968433046 -2
v -0.571468088315609 9.09866111252781 -2
v -1.09513361501675 9.0852840440964 -2
v -1.52381279178909 8.95161016526034 -2
v -2.0464838165641 8.9374045253303 -2
v -2.62973628715906 8.90669421224889 -2
v -3.16252881278723 8.82683511282343 -2
v -3.66165749185355 8.69785770539674 -2
v -4.14222233291395 8.5180989788856 -2
v -4.81775647098242 8.93594945228004 -2
v -5.24620782206199 8.63463160971402 -2
v -5.8990505461372 9.01629855810751 -2
v -6.30933746338596 8.78823470615256 -2
v -6.77445052998047 8.65718682888015 -2
v -7.18863792015222 8.58944112772183 -2
v -7.60459835508274 8.53307418004454 -2
v -7.95987830206029 8.45952449085234 -2
v -8.31869228282501 8.38069105974574 -2
v -8.63319934160067 8.28526801564368 -2
v -8.9456651287325 8.15567737325261 -2
v -9.24473734780361 7.99549967715817 -2
v -9.54495478580031 7.85328510332076 -2
v -9.84043736364428 7.68536203902903 -2
v -0.705647146114631 8.41073922513073 -2
v -1.23915951480192 8.29578462523956 -2
v -1.82443639461463 8.30706788652481 -2
v -2.41705231908962 8.25622800541622 -2
v -2.92406210322573 8.13394610033773 -2
v -3.4295033667569 8.01530747929517 -2
v -3.92551929327414 7.85536688231707 -2
v -4.59954752914225 8.25696282886936 -2
v -5.0463579248186 7.95588990826642 -2
v -5.69418495061238 8.33411262566149 -2
v -6.10431913447173 8.08887743267338 -2
v -6.5617073986019 7.97082766048441 -2
v -7.02239180197125 7.92374529652472 -2
v -7.44221263484259 7.85912420079552 -2
v -7.82130604852385 7.78358098346356 -2
v -8.17429603794575 7.69735843207158 -2
v -8.51202876649398 7.62122358950756 -2
v -8.83693588319604 7.4726097397508 -2
v -9.12474184660649 7.30424065234386 -2
v -9.42956667150473 7.18258800689549 -2
v -9.64676038720587 6.96629492611503 -2
v -9.84722804760669 6.81359046086182 -2
v -0.531618416020153 7.67995081841706 -2
v -1.08390811064625 7.62009674086434 -2
v -1.70369020944953 7.7066056959269 -2
v -2.16226074235021 7.55795637737351 -2
v -2.69203700498151 7.4370006519548 -2
v -3.21248756406931 7.34143389125032 -2
v -3.74566101652517 7.22477042601779 -2
v -4.39430200520559 7.58816264447464 -2
v -4.8168692488208 7.28061036028425 -2
v -5.4753075143944 7.63828086677719 -2
v -5.87706964102579 7.35076643068236 -2
v -6.46615148342848 7.31346750344984 -2
v -6.9259136307566 7.24727325106364 -2
v -7.3504800859522 7.17188583601692 -2
v -7.73396756170418 7.08867805294732 -2
v -8.08031621881039 7.00387749764817 -2
v -8.43581385097528 6.97533216102333 -2
v -8.69717518267913 6.76271284447606 -2
v -8.98132755350738 6.61104924897221 -2
v -9.24715655732996 6.43772129550837 -2
v -9.51627304720736 6.26584319121996 -2
v -9.73995862088599 6.04432795109459 -2
v -9.94723188202421 5.91088681882273 -2
v -0.328048425704091 6.94582250705581 -2
v -1.27100149145986 7.0473743284474 -2
v -1.92786915618814 6.90421923238261 -2
v -2.48060495976245 6.7170998718632 -2
v -3.09889310391133 6.70368519367283 -2
v -3.62126750135791 6.61167707427685 -2
v -4.18981432201545 6.89902169605137 -2
v -4.56601703710635 6.5857516695585 -2
v -5.18352987553925 6.94442976103373 -2
v -5.4790991937169 6.64640566821887 -2
v -5.97322640034573 6.68014512643884 -2
v -6.45401456634155 6.6303636728388 -2
v -6.91729507769827 6.56258574673541 -2
v -7.34001509681128 6.47086136475778 -2
v -7.757606040136 6.39998428203628 -2
v -8.20549861854149 6.33889352305275 -2
v -8.57201161902055 6.11515228651806 -2
v -8.89364908610018 5.92248807618356 -2
v -9.19001094620356 5.74436727994298 -2
v -9.45475454676116 5.54092648570745 -2
v -9.69074826061891 5.33964790530532 -2
v -9.8946775846667 5.13626850717695 -2
v -9.95424042546224 4.95089537667457 -2
v -0.570706024555891 6.34929895853066 -2
v -1.22303078203773 6.40794034057412 -2
v -1.68732810358711 6.20244727735309 -2
v -2.09838740082886 6.01800754184583 -2
v -2.63986429693571 6.07825078696043 -2
v -3.18808675161489 6.05460103680354 -2
v -3.83182930451144 6.13987557851013 -2
v -4.30057835823089 5.98010106097258 -2
v -4.89601055759068 6.15108944283565 -2
v -5.42364065951406 6.0366529235774 -2
v -5.91755931362633 6.01582100488394 -2
v -6.42985386604844 5.95960100016727 -2
v -6.89494466437296 5.88774461322077 -2
v -7.30569559475469 5.77992163974712 -2
v -7.74893944913509 5.77441284054685 -2
v -8.16096410450271 5.6579560420132 -2
v -8.52475694583303 5.41241562245652 -2
v -8.86720183445588 5.21585003103064 -2
v -9.19742347998897 5.04101232153127 -2
v -9.46659075593233 4.79201310972457 -2
v -9.71662122298108 4.53512426783636 -2
v -9.97890213578236 4.381527384161 -2
v -10.1642937604882 4.05487811449598 -2
v -10.2455876571661 3.31972965979989 -2
v -0.933180487003708 5.67824681212041 -2
v -1.46809635603376 5.47164902603817 -2
v -2.05692401667299 5.41520054872544 -2
v -2.62035364247926 5.44334526594681 -2
v -3.18935478750163 5.4826370114158 -2
v -3.74189564929656 5.46035739489571 -2
v -4.32610104197027 5.43831398032762 -2
v -4.8608217035064 5.47353786617891 -2
v -5.39329726748822 5.40689931707771 -2
v -5.90772546205825 5.36904941735822 -2
v -6.41461473369038 5.30655147840535 -2
v -6.87063436700779 5.23339116006402 -2
v -7.32240465802832 5.09440776100915 -2
v -7.78689916408991 5.22055417665248 -2
v -8.14240600920014 4.97094849229865 -2
v -8.49003810392035 4.6719316445764 -2
v -8.92070090599481 4.54021807942797 -2
v -9.2890322949849 4.33098776736363 -2
v -9.60130950844183 4.03438280496509 -2
v -9.88900981225639 3.74925843679367 -2
v -10.1193750532787 3.68773024965188 -2
v -10.3528807221302 3.22447817337115 -2
v -10.4941846554478 2.6948711942412 -2
v -10.4878148830956 2.14541540137024 -2
v -0.878249319770924 4.84861866007967 -2
v -1.44774593494632 4.81082066101854 -2
v -2.03237767666642 4.82323408718513 -2
v -2.60584979041483 4.84024540397362 -2
v -3.17286414516795 4.83621460173612 -2
v -3.7496363472552 4.8403518635078 -2
v -4.30395022831719 4.83510516267262 -2
v -4.84983644264933 4.82171991726664 -2
v -5.36399676780698 4.77196909010774 -2
v -5.83804237364293 4.72763245186371 -2
v -6.32970578908492 4.67016376055627 -2
v -6.80016163487934 4.60111153769717 -2
v -7.20887500956149 4.38463883973775 -2
v -7.64953180552688 4.65089915300701 -2
v -8.01385794419392 4.37769003615566 -2
v -10.2832511665098 2.98803676588215 -2
v -10.6412543231568 2.4335487453312 -2
v -10.8593278275075 1.93110664719964 -2
v -11.1502261916805 1 -2
v -11.6620470431549 1 -1.9499465477406
v -0.893067947377167 4.15463332341654 -2
v -1.42174062450124 4.19807315021283 -2
v -2.0048156049972 4.25001369987858 -2
v -2.57889391831512 4.2525762273573 -2
v -3.15528079513547 4.24521491203283 -2
v -3.75046755173946 4.25176052520483 -2
v -4.31953384887763 4.22843069727068 -2
v -4.8621351927202 4.19589797170037 -2
v -5.36508218618096 4.14532913462079 -2
v -5.83166176027425 4.07426788477551 -2
v -6.3048872387454 4.02318605628391 -2
v -6.74724964805972 3.95330992060205 -2
v -7.17573337581131 3.7170452068357 -2
v -7.593089327999 4.01736214613093 -2
v -11.2943327327876 1.59348507841362 -2
v -11.8864167008002 1 -2
v -12.5235902576885 1 -2.0328188359724
v -13.3189836042794 1 -1.93019585918422
v 1.34147205447565 3 -2.00766801096448
v 0.521155395148746 3 -2.15712142677114
v -0.200758793174437 3 -2
v -0.864706816272373 3.50144518699262 -2
v -1.43385064740814 3.63672273603204 -2
v -2.01195492996567 3.73061373439748 -2
v -2.59529810180518 3.6665015373142 -2
v -3.20911190567755 3.70986260071712 -2
v -3.81435225888591 3.68905329511961 -2
v -4.37408925723482 3.65634319499128 -2
v -4.902245402386 3.6023210250733 -2
v -5.39474303239078 3.53994829522457 -2
v -5.86569082351719 3.45510281795336 -2
v -6.32641271333123 3.38378132201834 -2
v -6.75963493996518 3.35759198951827 -2
v -12.881253907005 1 -2
v -13.7681706810688 1 -2
v -14.3384832995634 1 -1.84912429191669
v -15.2528382126627 1 -1.84368235504053
v -16.1585562351753 1 -1.81563159100149
v -17.0190648835325 1 -1.90685490300375
v -17.8294731768561 1 -1.83216620930724
v -18.6098580389592 1 -1.82274819523236
v -19.3614752569996 1 -1.68702964963196
v -20.0837811675234 1 -1.66780710017568
v -20.7926498431563 1 -1.65746944374826
v -21.4882058032219 1 -1.6266161097742
v -22.1755012255275 1 -1.6592857137483
v -22.8479834247788 1 -1.62220973653581
v -23.5161448600344 1 -1.57835042450728
v -24.17074496809 1 -1.52021143300461
v -24.8236695228002 1 -1.53862962828757
v -25.4849770317705 1 -1.58516458056522
v -26.1616891698577 1 -1.5341897674472
v -26.8548036764743 1 -1.45765661161824
v -27.5922194797372 1 -1.55720331048206
v -28.3095274984153 1 -1.67358546080466
v -29.0061089320475 1 -1.68355136662394
v -29.66628360386 1 -1.63410310703131
v 20.9973006712481 1.25808531966442 -2
v 20.404825260035 1.42990932663395 -2
v 19.7806628272413 1.57567286099765 -2
v 19.1468661292648 1.70657779548803 -2
v 18.5226569594129 1.89593174493565 -2
v 17.8615899072939 2.02288114197996 -2
v 17.2308640075198 2.20918675641877 -2
v 16.6192751766962 2.42096303051404 -2
v 16.0389361039865 2.68702199274672 -2
v 15.3965836777662 3 -2
v 14.8011590675692 3 -1.88577264420913
v 14.0406774179478 3 -1.88302043230302
v 13.340554962609 3 -1.91777344437401
v 12.6176723210347 3 -1.93040228898011
v 11.884595171583 3 -1.92094169990223
v 11.1529547767928 3 -1.93607579455094
v 10.4331610789089 3 -1.91771035905984
v 9.7225431272043 3 -1.92531191106951
v 9.01380726385346 3 -1.92350443506499
v 8.33055934733202 3 -1.92005569489477
v 7.64407468525103 3 -1.90357910693413
v 6.94035545185812 3 -1.92591763715846
v 6.33014965184652 3 -1.8775595538385
v 5.78185519665768 3 -1.96902019298648
v 5.10205398427959 3 -1.96174187724036
v 4.4200568156464 3 -1.85905938343134
v 3.77888450510477 3 -1.8819911297431
v 3.07910976605669 3 -1.84938492636749
v 2.25202836772784 3 -1.86189711543255
v -0.842713543283741 3.20764958716879 -2
v -1.46078379000015 3.2285960829669 -2
v -1.97930986669248 3.29978933169705 -2
v -30.247335185658 1 -1.53123129754938
v -30.7238223733345 1 -1.66127965397636
v -31.3540430574183 1 -1.56438474428862
v -31.9911566814923 1 -1.59621654785292
v 24 0.388918253471496 -2
v 23.3487187389722 0.660990230914132 -2
v 22.3887325680449 0.813463859667099 -2
v 21.5832281226561 0.950396277281475 -2
v -32.5892588496089 1 -1.66246833728391
v 25.2780135234875 0 -1.80069881348861
v 24.7788161646621 0 -1.80916608356434
v 24.2658081716248 0 -1.82870998120203
v 24 0 -2
v 20.8397513863253 1.09241417412276 -2
v 20.1794048918403 1.20339138950582 -2
v 19.5451332383544 1.35429851840356 -2
v 18.9555859223789 1.49107195780618 -2
v 18.4377560130573 1.67012971186403 -2
v -33 1 -1.56673302198963
v 26 0 -1.61543330857864
v 25.6802325879075 0 -1.71977630155902
v -33 0.0560361427574788 -1.70743704039444
v -33 -0.682653351995308 -1.448349986843
v 26 -0.238162633772313 -1.58572855388764
v 26 -0.414242788287347 -1.71964378406723
v -33 -2.62480584413958 -1.75713905235067
v 26 -0.551161292792196 -1.87766936584657
v -33 -3.23411838779644 -1.47489064531383
v 26 -0.772898365697463 -1.75040627421421
v -33 -4.0379696962804 -1.31100153843308
v -33 -3.98569319221337 -1.72678279782287
v 26 -1 -2
v 25.6332780018088 -1 -1.90574529396988
v -33 -5.07499825586395 -1.35568854185735
v 25.3135922982739 -1 -1.9178774884973
v 25.0035756384027 -1 -2
v 25 -1 -2
v 24.2482696443125 -1.09760522729051 -2
v -33 -6.14715506421439 -1.39499158085909
v 23.8351312537245 -1.12331596358275 -2
v 23.1432365545418 -1.17042147315308 -2
v 22.4545553920712 -1.25074052838604 -2
v 21.8504040826527 -1.26291798685039 -2
v 21.2605995882384 -1.31318943014206 -2
v 20.5939923643671 -1.36070118973184 -2
v 19.9102051599364 -1.39440085835735 -2
v 19.217499893006 -1.48004625015904 -2
v 18.4855845008932 -1.60458833837929 -2
v -33 -7 -1.46096953026348
v 21.8486225009731 -1.32869906830275 -2
v 21.0610592666227 -1.42668087939812 -2
v 20.3462050298597 -1.49965711633863 -2
v 19.6657987385069 -1.56887794424039 -2
v 19.0242014583241 -1.68137793639447 -2
v 18.4624329426442 -1.81710181679535 -2
v 17.915063956103 -1.9153450891026 -2
v 17.2808856821743 -2.09865531961724 -2
v 16.6344149399742 -2.31598806353455 -2
v 15.9901725550833 -2.57132039348115 -2
v 15.3887993788216 -2.76836633903133 -2
v 14.8057998169279 -2.89917801311087 -2
v 14.2812814360402 -3 -2
v 13.745900037111 -3 -1.95440345111565
v 13.141511951969 -3 -1.95227991302747
v 12.5493898772919 -3 -1.93216416172418
v 11.915099040402 -3 -1.91950501262927
v 11.278111595584 -3 -1.88251195034628
v 10.6049549583203 -3 -1.84459842154234
v 9.92644441636902 -3 -1.91460173377862
v 9.24013653377019 -3 -1.96557128516489
v 8.53891435025241 -3 -1.9403395333259
v 7.78901265931626 -3 -1.8771778585533
v 7.06871399122723 -3 -1.92234285635286
v 6.36566110478561 -3 -1.97926524646383
v 5.65634719783562 -3 -1.94070028347343
v 4.9351305930393 -3 -1.93681217623532
v 4.21638876377736 -3 -1.97380312472284
v 3.43061698214971 -3 -1.94546449369078
v 2.74705577433707 -3 -1.98089644296164
v -30.2791112394552 -7 -1.48732434300321
v -31.0698786785024 -7 -1.47141873380767
v -31.6978892528601 -7 -1.47772059439142
v -32.2698220576104 -7 -1.42919732945023
v 2.21268872465568 -3 -1.88855754026987
v 1.59207831120863 -3 -2
v 0.992406243693193 -3.11933849309735 -2
v 0.475409435921783 -3.19845244583143 -2
v -0.0761776428730996 -3.3861947530885 -2
v -0.746128899070411 -3.55652324101001 -2
v -15.9162789516147 -7 -1.8433799991456
v -16.5665002299505 -7 -1.81401452742126
v -17.1530461793024 -7 -1.8144488572184
v -17.7924849256954 -7 -1.79351030358945
v -18.4539355383286 -7 -1.80502803474424
v -19.1213062489824 -7 -1.76814437166862
v -19.7894873439497 -7 -1.76836560483973
v -20.4565745699375 -7 -1.81053687657026
v -21.1196828590355 -7 -1.80393747201302
v -21.7637121887249 -7 -1.75589587886064
v -22.4110353675717 -7 -1.7213732441302
v -23.0528285563405 -7 -1.69068373401999
v -23.6890247071119 -7 -1.64847419478724
v -24.3128366792486 -7 -1.54117970983878
v -24.9312815809606 -7 -1.4986799468374
v -25.5490372469757 -7 -1.49326844849678
v -26.0854765600298 -7 -1.41208256356024
v -26.6650493176222 -7 -1.46242575225906
v -27.2874426102733 -7 -1.42575811104674
v -28.0029609089151 -7 -1.41549081867283
v -28.6878221292899 -7 -1.43430759982544
v -29.4414304860964 -7 -1.42164049925253
v 0.484484329392022 -3.57333825563755 -2
v -0.141714973162218 -3.81750808509463 -2
v -0.691226918489722 -4.0370208562804 -2
v -1.23931309303241 -4.03377194202264 -2
v -1.83724384073331 -4.12799849754396 -2
v -2.489421992892 -4.23084197617431 -2
v -3.10758216125286 -4.31196898733414 -2
v -3.72609551166198 -4.3690743528508 -2
v -4.33807559241096 -4.41743935629395 -2
v -4.94101101603523 -4.49267246546899 -2
v -5.54861559066466 -4.5654083832562 -2
v -6.19831014565459 -4.70642418861445 -2
v -14.0136328883266 -6.63898982305907 -2
v -14.5364287977405 -6.66017495922996 -2
v -15.1888684435102 -7 -2
v 0.386461631336281 -4.19943663621004 -2
v -0.242784743592237 -4.47882047950385 -2
v -0.881619760322236 -4.60489395434417 -2
v -1.49114465101621 -4.63212975311905 -2
v -2.11476341175269 -4.70864424577606 -2
v -2.72715861792341 -4.80365423241417 -2
v -3.32036047558281 -4.88095230242426 -2
v -3.92764079565293 -4.92669968283944 -2
v -4.52517258125952 -4.96443844837626 -2
v -5.09011524457103 -5.00459955845056 -2
v -5.64334849812017 -5.06017660396631 -2
v -6.13909424746368 -5.19672586120464 -2
v -6.66234301553203 -5.12073067044217 -2
v -7.3316620808013 -5.27439076378999 -2
v -12.8370491688334 -6.39783792290673 -2
v -13.4180912076657 -6.510700674823 -2
v -13.9595875159693 -6.83444698013628 -2
v -14.577859022008 -7 -2
v 0.254367383205228 -4.97846352183986 -2
v -0.448404523284766 -5.19030709201611 -2
v -1.07049756900257 -5.19366168245901 -2
v -1.71947357782084 -5.23701556319702 -2
v -2.31650874660713 -5.3264358125592 -2
v -2.90531529030176 -5.39606946212144 -2
v -3.48582647014218 -5.45611856604313 -2
v -4.06596122392371 -5.4933999089151 -2
v -4.63730147354562 -5.52323964833552 -2
v -5.17875635534533 -5.5523786773973 -2
v -5.71333557700081 -5.62122999694088 -2
v -6.28768243845566 -5.67656422313243 -2
v -6.84602219574177 -5.55901302078317 -2
v -7.30596186458428 -5.74456563221939 -2
v -7.88143056875935 -5.62052658274977 -2
v -11.4912224354326 -6.26979999753828 -2
v -12.1204429162555 -6.31882535804382 -2
v -12.6217352432286 -6.58251472495565 -2
v -13.3166694042578 -6.72605566390126 -2
v -13.8803962303671 -7 -2
v 0.488670532414941 -6.26917744961633 -2
v -0.0132353424820722 -5.73194378865335 -2
v -0.682022701246216 -5.91390052250134 -2
v -1.30567704354156 -5.74183965289514 -2
v -1.88480615511545 -5.86988317645307 -2
v -2.46279551599812 -5.93947850373917 -2
v -3.04912083332624 -5.96984160735862 -2
v -3.62269497022035 -6.01726524165619 -2
v -4.1774535101225 -6.0392089578681 -2
v -4.72096904294038 -6.05696149635694 -2
v -5.227703508329 -6.0970349053569 -2
v -5.73996249847104 -6.10811924967895 -2
v -6.19628522695795 -6.16147654760872 -2
v -6.70008688941349 -6.06190660652214 -2
v -7.15851928567039 -6.19918694855564 -2
v -7.66345004316742 -6.08689611217931 -2
v -8.18578292451226 -6.0125443073509 -2
v -8.74897561025175 -6.05563924219031 -2
v -9.35990767499287 -6.14780833446119 -2
v -10.0033813572102 -6.2326594493374 -2
v -10.6965118378325 -6.32275445874216 -2
v -11.2503596193445 -6.47947494154699 -2
v -11.9745998535063 -6.5931805498031 -2
v -12.7080060834686 -6.84676143603875 -2
v -13.2992273185692 -7 -2
v -0.139882447647248 -6.44936696901762 -2
v -0.804622683626551 -6.69195262354123 -2
v -1.36383466290697 -6.36674344267609 -2
v -1.99044600162012 -6.50981767140299 -2
v -2.59911030875533 -6.54870219536394 -2
v -3.18637698298729 -6.58215738935385 -2
v -3.75634097807278 -6.60890137512489 -2
v -4.28739085047005 -6.59968198236031 -2
v -4.81372929581582 -6.62784425477743 -2
v -5.29330117560853 -6.68910417663986 -2
v -5.75085013084344 -6.64020205950162 -2
v -6.30858847124315 -6.59344719065219 -2
v -6.78009950664464 -6.60446928188234 -2
v -7.28025208780167 -6.59134919996064 -2
v -7.78915049602373 -6.49188738971898 -2
v -8.29498397880228 -6.40951854444992 -2
v -8.845560173962 -6.41745733139533 -2
v -9.42776449646229 -6.4359349162419 -2
v -10.041559340299 -6.47510188723982 -2
v -10.6636690499949 -6.57223729755097 -2
v -11.3436890383565 -6.69635747543267 -2
v -12.0625632062181 -6.82300187121303 -2
v -12.673663934781 -7 -2
v 1 -7.51169706355291 -2
v 0.423838841038673 -6.98187914411365 -2
v -0.233840507956205 -7.14327283102342 -2
v -0.896511180451721 -7.34978397155523 -2
v -1.54440077096292 -7.07876170489583 -2
v -2.24004375643422 -7.1226186055617 -2
v -2.8561482003614 -7.14879601686383 -2
v -3.42538298645004 -7.1804357329876 -2
v -3.9572879444178 -7.21564684875443 -2
v -4.43848955808357 -7.14705719805439 -2
v -4.89703959953977 -7.24051257916065 -2
v -5.4009760375337 -7.28030572628353 -2
v -5.89276149888993 -7.06359712504326 -2
v -6.37736790566713 -7.09858760056741 -2
v -6.8528272129933 -7.07911166974903 -2
v -7.32594994793215 -7.02253663118263 -2
v -7.82250927081293 -6.91914255805943 -2
v -8.30872151898085 -6.81864511381299 -2
v -8.82904911416503 -6.70968692063251 -2
v -9.3997369958408 -6.67890668802018 -2
v -9.99857870820879 -6.67272469220807 -2
v -10.7099683188859 -6.76180918386715 -2
v -11.4473942406459 -6.89913690044537 -2
v -12.0148387272175 -7 -2
v 0.324465142655479 -7.68180419956815 -2
v -0.325088080310934 -7.82492661313428 -2
v -0.917982473497242 -7.98433659607291 -2
v -1.48109757051396 -7.80293338452407 -2
v -2.05708699012219 -7.7412879629512 -2
v -2.6534953894589 -7.72738689266522 -2
v -3.2417378291797 -7.75143751802052 -2
v -3.79820873865528 -7.81501113627837 -2
v -4.38348620451004 -7.76548473279062 -2
v -4.94056827072669 -7.81499094289674 -2
v -5.43766895510237 -7.90605773213974 -2
v -5.88597378846334 -7.55635958531373 -2
v -6.38711092114249 -7.61327033375095 -2
v -6.86336186502232 -7.55815846685169 -2
v -7.34080369734482 -7.47575983632987 -2
v -7.81331068073086 -7.35196265125756 -2
v -8.24733468813953 -7.15894278091884 -2
v -8.74980301311654 -7.004234319013 -2
v -9.28976796414407 -6.87732164697821 -2
v -9.85893512283701 -6.82075192320908 -2
v -10.530524665057 -6.8841319416282 -2
v -11.2923874785928 -7.00303900479182 -2
v 1 -8.86868717512727 -2
v 1 -8.27574323372292 -2
v 0.105417443383843 -8.40945452905993 -2
v -0.625301658634716 -8.5556458615349 -2
v -1.35250642219603 -8.49278143088429 -2
v -1.9496999850038 -8.41841684334811 -2
v -2.51087259023223 -8.38865595042114 -2
v -3.00793502661871 -8.30612131955988 -2
v -3.50729099465601 -8.42179479941966 -2
v -4.03697255264461 -8.41329770494281 -2
v -4.55537905611642 -8.38262067517028 -2
v -5.05628744318166 -8.40697193137681 -2
v -5.55799034017015 -8.5033033582769 -2
v -5.95019604276452 -8.07290575727436 -2
v -6.42831204709491 -8.12864621416681 -2
v -6.9055745146866 -8.10505880924234 -2
v -7.34555169261335 -8.00465605831005 -2
v -7.77132478238892 -7.79211369904137 -2
v -8.15611921542965 -7.4484052687715 -2
v -8.58485739160404 -7.15998190520176 -2
v -9.11927895019321 -7.03403807452946 -2
v -9.64723380840574 -6.95964627711968 -2
v -10.3285845105998 -6.95529004384164 -2
v 0.46865888268377 -9.01340998575569 -2
v -0.130890687698341 -9.09510050467387 -2
v -0.718205700835037 -9.2005948124282 -2
v -1.27165092762767 -9.10608751111938 -2
v -1.88575736697395 -9.07402987177155 -2
v -2.48129220662601 -9.04081775853133 -2
v -3.07964151759056 -8.9708916291356 -2
v -3.68724701080842 -9.03540310740955 -2
v -4.20346143550456 -9.03000667776223 -2
v -4.70786678218186 -8.99764621348429 -2
v -5.2011727461066 -8.99096708699016 -2
v -5.71586502092762 -9.10044945860079 -2
v -6.06827105838245 -8.65531858322153 -2
v -6.52173079303771 -8.72074332498701 -2
v -6.96167704752003 -8.68554493198238 -2
v -7.39577294478471 -8.56922790118183 -2
v -7.74847677118156 -8.11994989186958 -2
v -8.06726884737259 -7.63724102139715 -2
v -8.47515550450061 -7.38544567158895 -2
v -8.76565526397914 -7.12790465610143 -2
v -9.1690981068905 -7 -2
v 0.668796330568011 -10.2024625793316 -2
v 0.788162100546811 -9.61327064059352 -2
v 0.0772540522228241 -9.77675923677289 -2
v -0.575943321704923 -9.77399985659915 -2
v -1.2021012011292 -9.77460516793688 -2
v -1.78220484074659 -9.71156945464385 -2
v -2.37022941800511 -9.69044501485658 -2
v -2.93305518851749 -9.66088816730689 -2
v -3.47015195503208 -9.65653486060858 -2
v -4.0288387499604 -9.6650246880407 -2
v -4.50123174961201 -9.65308553702972 -2
v -4.96821443200554 -9.62511681114824 -2
v -5.41589409203744 -9.56964458945757 -2
v -5.82571286054091 -9.74716340166515 -2
v -6.1671891056228 -9.29700457998936 -2
v -6.58471143441756 -9.33226553063067 -2
v -6.99772565100818 -9.25955209517346 -2
v -7.29887615009574 -9.26070338100443 -2
v -7.55842487619437 -8.78975152920542 -2
v -7.86472819579752 -8.43385824122682 -2
v -8.12873911318709 -7.99785717764719 -2
v -8.168446155435 -7.74201688317465 -2
v -8 -7 -2
v 0.401673099126278 -10.3390048788762 -2
v -0.133812710893312 -10.5148453422555 -2
v -0.579394953308472 -10.4179063124015 -2
v -1.1400039773405 -10.4017003276693 -2
v -1.7237526644575 -10.3765205547668 -2
v -2.26312963618862 -10.3163782506459 -2
v -2.82659711254055 -10.3298120555135 -2
v -3.33427086062994 -10.3518286797015 -2
v -3.87983519257064 -10.311170983776 -2
v -4.40611346958655 -10.3002123188043 -2
v -4.90431346874186 -10.269757640565 -2
v -5.3971943407374 -10.2129302384466 -2
v -5.87826058617483 -10.3284747976019 -2
v -6.26852381496832 -10.0284086159802 -2
v -6.66892257636953 -9.95654076934851 -2
v -7.0429946132545 -9.90617372538846 -2
v -7.37942207926497 -9.96539620191075 -2
v -7.57239106647698 -9.51803410707184 -2
v -7.83542618956048 -9.12224552108176 -2
v -8.050370482891 -8.68023125441491 -2
v -8 -8.49674442688619 -2
v 0.655858473686564 -11.5376489340518 -2
v 0.613315889243006 -10.9524004243647 -2
v -0.00530229519599622 -11.1448047303573 -2
v -0.593441092185451 -11.1134211349582 -2
v -1.11001223848834 -11.0673226982375 -2
v -1.67671929254376 -11.0256119057057 -2
v -2.23460896818127 -10.9934439403753 -2
v -2.72101407269483 -10.907695927829 -2
v -3.24869493154582 -11.0708255998386 -2
v -3.79618440566866 -10.9645560582057 -2
v -4.31912219117173 -10.9596898322991 -2
v -4.8069479304089 -10.9187251278217 -2
v -5.28215999527847 -10.8762402500515 -2
v -5.73410803736993 -10.9021782369704 -2
v -6.18765819307544 -10.8474517953701 -2
v -6.52614496741488 -10.7034224794789 -2
v -6.86519014340215 -10.6129674282864 -2
v -7.20046776317935 -10.5709167186016 -2
v -7.5262308826138 -10.6318820734244 -2
v -7.71015262012214 -10.3175923283865 -2
v -7.8780373957181 -9.8889063084312 -2
v -8 -9.63954118983674 -2
v 0.281108892559889 -11.6851606499694 -2
v -0.197550930499415 -11.868559058903 -2
v -0.633892153940676 -11.7578653773111 -2
v -1.18441628583858 -11.7438500711989 -2
v -1.70442905498518 -11.7049974296357 -2
v -2.22944098885809 -11.6135610628655 -2
v -2.84833888535583 -11.5666900656725 -2
v -3.42958496210168 -11.8428296445516 -2
v -3.7660174160297 -11.5719624614068 -2
v -4.23702012762948 -11.6580201128509 -2
v -4.66842866116696 -11.5777417106813 -2
v -5.18088939072067 -11.5214837417718 -2
v -5.63157779281195 -11.5584117218245 -2
v -6.09492815323948 -11.5625625944668 -2
v -6.51554811762004 -11.5149294861662 -2
v -6.82021259298821 -11.3876951018323 -2
v -7.12482948471522 -11.2409031055906 -2
v -7.49597459470872 -11.2352368698242 -2
v -7.84430346406139 -11.1990761537395 -2
v -8 -10.6738000147025 -2
v 0.667917249327452 -12.8828364006621 -2
v 0.601383769165576 -12.2940293945222 -2
v -0.0497628838649887 -12.4881806610548 -2
v -0.665361709590305 -12.4511683134021 -2
v -1.21117432806091 -12.3958808659375 -2
v -1.77208328610888 -12.4016178043913 -2
v -2.24419512384748 -12.3342473797209 -2
v -2.6656269947931 -12.1274071587378 -2
v -3.16559339139974 -12.344012683499 -2
v -3.67749521546733 -12.509798885712 -2
v -4.10612949181413 -12.2528392009988 -2
v -4.67410502729648 -12.3454425495452 -2
v -5.04775322230939 -12.1114851164397 -2
v -5.49622709963287 -12.2062189003698 -2
v -5.95653057853405 -12.2607951390889 -2
v -6.39443938478047 -12.2645393824234 -2
v -6.85789920683609 -12.2124361886202 -2
v -7.16392238333624 -11.9987284563962 -2
v -7.42928550789387 -11.8491095444587 -2
v -7.76310030799695 -11.9259464901799 -2
v -8 -11.9691904042018 -2
v 0.218731019527463 -13.0293255993441 -2
v -0.242147583189072 -13.2070582500631 -2
v -0.701544598527081 -13.0962292867952 -2
v -1.25732131052234 -13.0673455047899 -2
v -1.80727197277837 -13.0247487125609 -2
v -2.42478849330383 -13.0783956597653 -2
v -2.85868841611103 -12.8101986004956 -2
v -3.49755522503564 -13.0813935906653 -2
v -4.08826386716288 -12.99045745795 -2
v -4.51403571008813 -12.8706049354852 -2
v -5.00410441428064 -13.159440047272 -2
v -5.25522219531308 -12.7450271322498 -2
v -5.76932543688496 -12.9076162648817 -2
v -6.23181636971629 -12.9869066870258 -2
v -6.66635877579496 -12.9841146401796 -2
v -7.06417455203207 -12.8773539002253 -2
v -7.3547610737291 -12.6671650598315 -2
v -7.68185660176324 -12.5657028450359 -2
v -8 -12.6744127163045 -2
v 0.646810698507787 -14.2315365506907 -2
v 0.602964965022088 -13.642121780634 -2
v -0.0886197302553041 -13.8329695165252 -2
v -0.700991669594407 -13.7849021435844 -2
v -1.2331537638222 -13.7382309797546 -2
v -1.79598953547296 -13.7170097540588 -2
v -2.29228981658803 -13.6303173595384 -2
v -2.81275489960567 -13.8872602745823 -2
v -3.11663042875765 -13.4804463804919 -2
v -3.74062475782773 -13.8275665195064 -2
v -4.09994880897167 -13.5281093173018 -2
v -4.66321737025042 -13.592581651064 -2
v -5.28716664019712 -13.8674418644674 -2
v -5.54183789088896 -13.4365883251165 -2
v -6.09733593354571 -13.6469767426288 -2
v -6.52960745113134 -13.7527432976986 -2
v -6.90952788566215 -13.6978654968391 -2
v -7.19444523504172 -13.5255618562188 -2
v -7.5109479851784 -13.3968776610053 -2
v -7.7956692466014 -13.2566647623996 -2
v -8 -13.3882849565094 -2
v 0.260920118098791 -14.380374028706 -2
v -0.251899635232448 -14.5567348213982 -2
v -0.740375935792559 -14.4356455981897 -2
v -1.28659214068811 -14.3804591851963 -2
v -1.87607255952029 -14.394821487264 -2
v -2.42786294405463 -14.3522550950767 -2
v -3.120075311769 -14.5835731455337 -2
v -3.44654641133454 -14.211671741656 -2
v -4.10534711524327 -14.5285779755138 -2
v -4.42337859103538 -14.1319393518206 -2
v -5.01048983865514 -14.3166374866882 -2
v -5.60929636173271 -14.5685117097246 -2
v -5.85381117902818 -14.1566056022252 -2
v -6.42723572734028 -14.4588401000796 -2
v -6.82936070891783 -14.4858310575596 -2
v -7.13897629309709 -14.3609076124262 -2
v -7.45071506983087 -14.2420402303699 -2
v -7.68666615428217 -14.0151338209473 -2
v -8 -14.0302990831202 -2
v 0.621752826661069 -15.58257902957 -2
v 0.583116643702387 -14.9931071451081 -2
v -0.110381571962623 -15.1879756831087 -2
v -0.710045659154636 -15.1337591441797 -2
v -1.29731629377556 -15.0650608982542 -2
v -1.79941368867785 -14.9831666640656 -2
v -2.3766115101978 -15.1516966544797 -2
v -2.84428546558991 -14.9968434547619 -2
v -3.48961446024265 -15.3104832731646 -2
v -3.79672236010681 -14.9261606017638 -2
v -4.44319056432187 -15.2355447839611 -2
v -4.74003726328608 -14.80374202468 -2
v -5.31086915445205 -15.0182083977981 -2
v -5.87771842278867 -15.2570901794265 -2
v -6.16825189326486 -14.9059306219176 -2
v -6.68176112730106 -15.2869894211275 -2
v -7.01579552915274 -15.1539035526733 -2
v -7.4168851561308 -15.0573187240521 -2
v -7.73062890450599 -14.9322403555489 -2
v -8 -14.6464058238402 -2
v 0.272471442218669 -15.7338139394178 -2
v -0.268404521754168 -15.9175281537916 -2
v -0.776812787486878 -15.7892066635442 -2
v -1.33711854589904 -15.7043763075017 -2
v -2.01259012898741 -15.6622300725471 -2
v -2.70591624570966 -15.93724872706 -2
v -3.10245800624674 -15.6837280433413 -2
v -3.79473621499306 -16.0037833127379 -2
v -4.1416022476898 -15.6662451439804 -2
v -4.72512817095323 -15.9617838695384 -2
v -4.9904478872321 -15.4993075384694 -2
v -5.55409481848363 -15.7060793065416 -2
v -6.05023763089325 -15.9004603494571 -2
v -6.44233432037216 -15.729783929989 -2
v -6.89874896262439 -15.9917771067023 -2
v -7.24864992552194 -15.9017103663542 -2
v -7.60461620044852 -15.7106334682682 -2
v -8 -15.6260389134205 -2
v 0.603543649709485 -16.9327685928617 -2
v 0.539977858052453 -16.3444273038569 -2
v -0.127127064350169 -16.5405772877537 -2
v -0.781327150662216 -16.500541579917 -2
v -1.33946700836366 -16.4125236028219 -2
v -1.80882471594572 -16.2613679675022 -2
v -2.35658822430923 -16.4616052936711 -2
v -2.95532228707945 -16.6374673387432 -2
v -3.43819750605738 -16.4497665256227 -2
v -4.04194643835985 -16.6366288665594 -2
v -4.52220547365021 -16.4336967062283 -2
v -5.149119733263 -16.6745173909822 -2
v -5.32705641855346 -16.2169710204709 -2
v -5.86918025465719 -16.4234991512528 -2
v -6.37009670243807 -16.4788927481959 -2
v -6.81466329473343 -16.5125535199313 -2
v -7.29312286096981 -16.6635172524885 -2
v -7.5758925330977 -16.553100260833 -2
v -7.76940207215455 -16.3114823741497 -2
v 0.238537756220049 -17.0844587236852 -2
v -0.320823153477568 -17.2592938753595 -2
v -0.835183797789482 -17.1454507494374 -2
v -1.43497364180226 -17.1018527677817 -2
v -2.02748213347052 -16.9829750032113 -2
v -2.76151246658626 -17.2182279098829 -2
v -3.39948015923317 -17.2106053580906 -2
v -3.96640318471258 -17.2022018845563 -2
v -4.55857439959385 -17.2160305945547 -2
v -4.97128975996688 -17.1334821995376 -2
v -5.56233330883601 -17.4587274140752 -2
v -5.73996323125166 -16.9769773935798 -2
v -6.25166276315893 -17.0966288372209 -2
v -6.76205653637169 -17.133024163797 -2
v -7.24650613991055 -17.2253922211271 -2
v -7.67580477967735 -17.416162785891 -2
v -7.772659204626 -17.1167035116447 -2
v 0.593778690695225 -18.2772215164925 -2
v 0.532450108257777 -17.691863124384 -2
v -0.153121968645082 -17.8874611856691 -2
v -0.812334028075255 -17.8375089721475 -2
v -1.41476693404862 -17.7751911278117 -2
v -1.9726950594998 -17.740713492601 -2
v -2.41805623230115 -17.6398332344372 -2
v -2.92863007236417 -17.9797858855119 -2
v -3.37178279624544 -17.8721388936145 -2
v -3.95318380856846 -17.8849499399618 -2
v -4.54643227326732 -17.866868309364 -2
v -5.18803650633502 -17.8736663415944 -2
v -5.9203399415871 -18.1514346708064 -2
v -6.22811497914786 -17.762356169845 -2
v -6.71388143050649 -17.7266691661885 -2
v -7.23734293338296 -17.8013555740546 -2
v -7.7102039285633 -17.9981259296089 -2
v -8 -18.0176791640998 -2
v 0.177643988895472 -18.4294834241846 -2
v -0.356608730671013 -18.6123049046387 -2
v -0.829327939314807 -18.4978288526725 -2
v -1.41796485820936 -18.4343484150908 -2
v -2.02824712077828 -18.4279313589277 -2
v -2.60697281693335 -18.4427945082706 -2
v -3.27473655736822 -18.5899874574441 -2
v -3.8677083832824 -18.5426070204296 -2
v -4.4809039614852 -18.5612611300621 -2
v -5.07798762475037 -18.5141311335944 -2
v -5.70274600347156 -18.623758938643 -2
v -6.33942581735451 -18.8988876563755 -2
v -6.60840811625643 -18.5617798628894 -2
v -6.92041383027514 -18.4143873961422 -2
v -7.25526115488264 -18.3383273666445 -2
v -7.7271175759213 -18.5874332976384 -2
v -8 -18.7230735838935 -2
v 0.548099700629979 -19.6093839479053 -2
v 0.540523989211945 -19.0341706061962 -2
v -0.189313680069254 -19.2373720218864 -2
v -0.834983458904372 -19.1963389453887 -2
v -1.44238322079629 -19.1361288301539 -2
v -1.97011165901304 -19.038005409888 -2
v -2.55015616349233 -19.1629908584002 -2
v -3.12916265632372 -19.2013444391029 -2
v -3.76409565958371 -19.2295040428005 -2
v -4.3641026647025 -19.1940837223556 -2
v -5.01904000452448 -19.2808588153769 -2
v -5.51476132874131 -19.1355971728869 -2
v -6.20343168536679 -19.4515287728878 -2
v -6.7754024483057 -19.5892889594413 -2
v -7.01846571813057 -19.309965761422 -2
v -7.37551688458588 -19.1367457658359 -2
v -7.60410949571061 -19.0206780522741 -2
v -8 -19.291957124846 -2
v 0.142126167483144 -19.7673610379408 -2
v -0.40464936037123 -19.9592737461577 -2
v -0.912581406434267 -19.847891743405 -2
v -1.53069549822665 -19.7775246242679 -2
v -2.23319597851478 -19.7333292387814 -2
v -3.02271964753395 -19.8937381266591 -2
v -3.65577088598983 -19.8712062746933 -2
v -4.26784351998108 -19.8996329968732 -2
v -4.79638746734625 -19.8325555536937 -2
v -5.37450970342618 -20.1240572112687 -2
v -5.76810068772724 -19.8041972401627 -2
v -6.43052795902091 -20.1175070441776 -2
v -7.06801069401177 -20.2121538632606 -2
v -7.37705411004584 -20.1018506622063 -2
v -7.73311270933409 -19.829687110217 -2
v -8 -19.7713962229955 -2
v 0.623221333194222 -20.9285255446196 -2
v 0.490759087836308 -20.3600034189423 -2
v -0.228460153881581 -20.5698954608473 -2
v -0.947088842350959 -20.5492094360483 -2
v -1.54578097702534 -20.481456672763 -2
v -2.06509887550142 -20.3420497123046 -2
v -2.65620918627165 -20.5002602181057 -2
v -3.18825482089162 -20.5861819379643 -2
v -3.68442118448024 -20.5157325873726 -2
v -4.31005375616535 -20.5844968704146 -2
v -4.91425265194796 -20.5911044858098 -2
v -5.5695727334569 -20.7968342696489 -2
v -6.08096383343206 -20.6208381517646 -2
v -6.79073696070378 -20.7407544636073 -2
v -7.5433524234779 -20.8478073155562 -2
v -7.65505373181062 -20.8017966828609 -2
v -8 -20.5233968645694 -2
v 0.156857404750813 -21.0861881522542 -2
v -0.432111683907043 -21.2773652836365 -2
v -0.968220885295623 -21.1934204818699 -2
v -1.68070444869801 -21.1619815292424 -2
v -2.31680433720655 -21.0633082490211 -2
v -3.11003681281914 -21.2782225821906 -2
v -3.6467513531936 -21.1454980475371 -2
v -4.23402527452469 -21.243767813987 -2
v -4.85598983877499 -21.3162462990761 -2
v -5.45007727577579 -21.4058604843416 -2
v -6.06987847718271 -21.4017170251165 -2
v -6.63413278041751 -21.3294139132603 -2
v -7.31346748748806 -21.4047590763914 -2
v -8 -21.4463905922022 -2
v -8 -21.478306409215 -2
v 0.613144617155693 -22.2184216125283 -2
v 0.569593208275717 -21.6588603527211 -2
v -0.172115303323575 -21.8701465017775 -2
v -0.938483423916801 -21.8746932831197 -2
v -1.602374406393 -21.8408701649791 -2
v -2.28275355606936 -21.7979845558629 -2
v -2.84641106910412 -21.7501543903807 -2
v -3.52469906870664 -22.0813815124654 -2
v -3.95947827399389 -21.7873054038163 -2
v -4.6736491282456 -21.9749034767817 -2
v -5.37339606764722 -22.0890305348124 -2
v -6.05820118046505 -22.1440881899108 -2
v -6.6783449608621 -22.0148127919674 -2
v -7.33233751511901 -22.0171168347028 -2
v -8 -22.0592183646469 -2
v -8 -22.0848668472769 -1.96642362808077
v 0.1464452986058 -22.3440629197342 -2
v -0.345372005608953 -22.5354666981399 -2
v -0.923812100462523 -22.5261390620641 -2
v -1.56283441578822 -22.4939038751402 -2
v -2.30960856416243 -22.4851314258328 -2
v -3.01665719366732 -22.4747031201921 -2
v -3.81124284651398 -22.7184342115518 -2
v -4.40002449503694 -22.552150691263 -2
v -5.19302842403572 -22.7119231625155 -2
v -5.91719749280191 -22.8807456661333 -2
v -6.44462195296512 -22.8639665909745 -2
v -6.84596723107835 -22.6754581723391 -2
v -7.39775797499679 -22.6465257648141 -2
v -8 -22.7337760994136 -2
v 0.685107953758339 -23.4846382536636 -2
v 0.557067087131132 -22.9100502009412 -2
v -0.110908089077921 -23.078539822692 -2
v -0.768616328770037 -23.1411178806793 -2
v -1.5460058616566 -23.2059727207154 -2
v -2.15521020891281 -23.0493375935723 -2
v -2.91360915305646 -23.2301414618671 -2
v -3.54257798402999 -23.1376191576129 -2
v -4.35676122129238 -23.3799211211956 -2
v -4.93968743205343 -23.2217986524562 -2
v -5.72422676192044 -23.5632581927956 -2
v -6.35050570150389 -23.6430731617463 -2
v -6.79732591219739 -23.5479475105969 -2
v -7.20537620322979 -23.4374671639439 -2
v -7.52109432693242 -23.2368617216698 -2
v -8 -23.3626774912666 -2
v 0.123849131216291 -23.5798850619973 -2
v -0.544054390686172 -23.7830498933648 -2
v -1.18373948691277 -23.6816250783941 -2
v -1.89298791259519 -23.9486082767417 -2
v -2.39698616082683 -23.6650081629942 -2
v -3.18519286175893 -24.0030623057407 -2
v -3.76109928391284 -23.7714024743897 -2
v -4.6189400163897 -24.1342617665189 -2
v -5.20602137098235 -23.9310161731619 -2
v -6.03351929615826 -24.371453801563 -2
v -6.58259236427573 -24.3232757616987 -2
v -7.1602602815323 -24.2641089963417 -2
v -7.61257554193178 -24.1537330500755 -2
v -8 -23.8972160371062 -2
v 0.691879569391458 -24.8177528122821 -2
v 0.355196541128927 -24.0823946049429 -2
v -0.198446931241913 -24.2712881189244 -2
v -0.815938274748429 -24.4813290887054 -2
v -1.34283054536785 -24.2895045898738 -2
v -2.09864020650952 -24.6061159204549 -2
v -2.67211122041795 -24.3676101587906 -2
v -3.47193449809621 -24.7126613443526 -2
v -4.02616762646263 -24.4619756901128 -2
v -4.80694077086588 -24.7940916094903 -2
v -5.46757614737758 -24.7174828401523 -2
v -6.29795341253811 -25.0388885424347 -2
v -6.95950239982973 -25.0961065055299 -2
v -7.43469720274994 -24.9359527708793 -2
v -8 -24.8500886975168 -2
v 0.202819010103366 -24.7571064185478 -2
v -0.374535741906579 -24.9030317848381 -2
v -0.969326375953505 -25.0677777127509 -2
v -1.55159660043076 -24.9783657893217 -2
v -2.24713126476371 -25.1949796730099 -2
v -2.90639260750299 -25.0832177198655 -2
v -3.68754838967476 -25.304200494947 -2
v -4.41269450924344 -25.2163088553049 -2
v -5.31733097445855 -25.3936884290644 -2
v -6.08717048251158 -25.4954836968806 -2
v -6.90500942828813 -25.6932081343112 -2
v -7.53609722668745 -25.8886510116886 -2
v -7.70080278265168 -25.5764427862 -2
v 0.681218023892951 -26.0002072626338 -2
v 0.369584614683797 -25.3649486679692 -2
v -0.093362594995539 -25.4411244119605 -2
v -0.667981723260116 -25.5460147315521 -2
v -1.29480666587992 -25.6060116417677 -2
v -1.91377901853577 -25.66186055562 -2
v -2.63553412254625 -25.7334682121167 -2
v -3.35518765500574 -25.7621987643516 -2
v -4.20206451152582 -25.8478559759921 -2
v -5.05891229260029 -25.927449455329 -2
v -5.90802975978293 -26.0779933270003 -2
v -6.76455804870804 -26.2012679262406 -2
v -7.59910824317636 -26.3666503462843 -2
v -8 -26.5773736844631 -2
v 0.25767794376922 -25.9910542957312 -2
v -0.311270257742629 -26.0721010134703 -2
v -0.904585052129066 -26.1379259588626 -2
v -1.55062119574134 -26.1948547622134 -2
v -2.26496753829754 -26.2797927596343 -2
v -3.03788817404089 -26.2999335900464 -2
v -3.8479456826047 -26.3631935294157 -2
v -4.7256648917727 -26.4514826378626 -2
v -5.62415154126338 -26.5730699564619 -2
v -6.54074711006864 -26.7145823298525 -2
v -7.48107467868586 -26.8616284221057 -2
v -8 -27.0699526726426 -2
v 0.453242232284444 -26.573550061381 -2
v -0.00728257299462875 -26.6307526624382 -2
v -0.512321394266374 -26.6925069791796 -2
v -1.07943719314193 -26.7438415015788 -2
v -1.66469358953414 -26.7972297837263 -2
v -2.24777973607193 -26.8617856528695 -2
v -2.86398582481348 -26.8279524200913 -2
v -3.58318147252816 -26.8620894235181 -2
v -4.38504078451491 -26.9371116166502 -2
v -5.25164230990522 -27.0359653642702 -2
v -6.19681850362533 -27.1299839807044 -2
v -7.36622188924058 -27.3438375827435 -2
v -8 -27.518548200734 -2
v 0.308945403437424 -27.1794496192571 -2
v -0.170011050080322 -27.2648151467147 -2
v -0.691894688153578 -27.2902040453652 -2
v -1.25533638529585 -27.3648068367243 -2
v -1.84456046641603 -27.4556194459608 -2
v -2.50782188285902 -27.4365372128634 -2
v -3.20643354266087 -27.434855472456 -2
v -3.95564050213293 -27.4006244140164 -2
v -4.77599277954013 -27.4912892533405 -2
v -5.7398732506641 -27.6201101728017 -2
v -6.85332406347238 -27.7226084179143 -2
v -8 -28 -2
v 0.186937942786006 -27.7054454126937 -2
v -0.311977376102213 -27.7468855531763 -2
v -0.855368142909945 -28 -2
v -1.43465336582719 -28 -2
v -2.0468562318498 -28 -2
v -2.71971474475698 -28 -2
v -3.45003827950337 -28 -2
v -4.19387786213818 -27.8807438362552 -2
v -4.96318184181439 -28 -2
v -5.74929072835145 -28 -2
v -6.64764712779524 -28 -2
v -8.31854379424234 4.07320548330118 -2
v -8.65984066185837 4.00172862210619 -2
v -9.05099400109283 3.84955074256695 -2
v -9.4715041173429 3.63552657203021 -2
v -7.95077738563917 3.6969523293704 -2
v -9.90618386988858 3.29771806796486 -2
v -10.3514917251314 2.58062498211899 -2
v -7.1107611469129 3.06581122652042 -2
v -7.5580251322006 3.34433868626297 -2
v -8.38025648527831 3.48545684784801 -2
v -8.77946258282256 3.37117885510766 -2
v -9.18206044635183 3.20566069172498 -2
v -9.61969581782542 3.03013309678568 -2
v -10.0140310978962 2.76147757092444 -2
v -10.8139393012943 2.14689485204526 -2
v -11.4853797324951 1.50928627343204 -2
v -2.28607389446347 3.07943581225793 -2
v -2.79789934620958 3.15987078941428 -2
v -3.36471987076168 3.15380147299906 -2
v -3.9331795896723 3.12126556775776 -2
v -4.47792954778711 3.06609652076963 -2
v -5.00546750515463 3.01384755354645 -2
v -5.5228450472998 2.94550705153045 -2
v -6.0269973344193 2.85737236472018 -2
v -6.54642706174399 2.78121553686066 -2
v -8.00135080188346 3.05405940145101 -2
v -8.46320445320907 2.89434493745056 -2
v -8.90138288142288 2.75553882111134 -2
v -9.32896390829926 2.5769634434044 -2
v -9.7776383732649 2.37223087386404 -2
v -10.259111495077 2.19799150258713 -2
v -10.6576573095224 1.99717083740751 -2
v -11.092163789833 1.70853131001156 -2
v -12.1383366403989 1.0961632712327 -2
v -13.0371267109794 0.897707390913519 -2
v -13.7398366685772 0.850450362751518 -2
v -14.6427814917356 1 -2
v -15.5943635652388 1 -2.02558120872011
v -16.4504127718901 1 -2.00363793897197
v -17.2754629815061 1 -1.96794594486064
v -18.0581713952035 1 -1.93625307376696
v -18.8178376987108 1 -1.89614623112294
v -19.5524078499913 1 -1.86079562725189
v -20.2644499379773 1 -1.87859809017531
v -20.970474979156 1 -1.92160553659658
v -21.6583042476576 1 -1.90067067013671
v -22.3403787466476 1 -1.82057629315385
v -23.0162216928547 1 -1.77302086245448
v -23.6884951424505 1 -1.78894639318663
v -24.3493085696443 1 -1.77078811227139
v -25.0130874366901 1 -1.80785604227432
v -25.6692420819563 1 -1.82697495799532
v -26.3132842684609 1 -1.77153465877122
v 6.45460320320075 3 -2.06380366727232
v 5.70483385513866 3 -2.08407679775958
v 4.96158704079861 3 -2.04425171411223
v 4.2667372757006 3 -2.02169030370667
v 3.54812715984754 3 -1.98838069994498
v 2.87567656223012 3 -1.96244281188995
v 2.27405295089006 3 -1.9866302978654
v 1.65711710946206 3 -2.03177158812846
v 0.943846869481739 3 -2.0399125733477
v 0.269382638168077 3 -2
v -0.389664788086625 3.0096694054792 -2
v -1.03724826052037 2.93961599010216 -2
v -1.71036656705161 2.79423782196374 -2
v -7.04043918703663 2.53795146246603 -2
v -7.55286510289475 2.7011882284233 -2
v -8.09622296019615 2.41590755754067 -2
v -8.62304512078304 2.30667118718582 -2
v -9.09608285369651 2.15710953638947 -2
v -9.556615128371 1.98162519664 -2
v -10.0413175413949 1.81080011268753 -2
v -10.5242021976473 1.64743266305126 -2
v -10.9666507661522 1.43294423852023 -2
v -11.4640311877389 1.24272683737387 -2
v -11.953007369661 1.08377852883774 -2
v -12.5258182897355 0.880874891404879 -2
v -26.9013653585862 1 -1.70612667604057
v -27.3418071940634 1 -1.8302860783149
v -27.9642239948276 1 -2
v -28.6744872632356 1 -2
v -29.3830393282362 1 -2
v -30.1011023005225 1 -2
v -30.8403301708836 1 -2
v -31.451453710162 1 -2
v 18.0349025337085 1.67435748370798 -2
v 17.4963200280248 1.79406431222774 -2
v 16.8920887067198 2.00047845411223 -2
v 16.2965044085676 2.21693372279398 -2
v 15.6958341983656 2.52212824632987 -2
v 15.0700125599702 3 -2
v 14.4157854712011 3 -2
v 13.7224080542953 3 -2
v 13.0423584550484 3 -2
v 12.3193294897833 3 -2
v 11.5963154684195 3 -2
v 10.8564215132642 3 -2
v 10.1302043258936 3 -2
v 9.3961145003548 3 -2
v 8.67451598250264 3 -2
v 8.01056898235273 3 -2.01500864479835
v 7.25602951420279 3 -2.02003302492432
v -2.32456550123476 2.67155989321004 -2
v -2.92001320741608 2.64907307898642 -2
v -3.51003535011796 2.62655022219235 -2
v -4.08300799079838 2.58256648540773 -2
v -4.61379048241602 2.53071742384753 -2
v -5.14858242809253 2.46326098023548 -2
v -5.6735265642699 2.38659409856057 -2
v -6.18991549726044 2.30065926064831 -2
v -6.67740883080043 2.15877104328008 -2
v -7.19990585540408 2.03837732228419 -2
v -7.59802046933945 2.14414675304448 -2
v -32.0216698551469 1 -2
v -32.3502477986362 1 -2
v 24.4464219380431 0 -2
v 24.1004368620921 0.150999105362089 -2
v 23.7892282616952 0.265945843575586 -2
v 23.2842644512056 0.450473740115824 -2
v 22.6328473311118 0.569916328128728 -2
v 21.9299752685648 0.707316439627191 -2
v 21.2518708647803 0.804314288345167 -2
v 20.5516327901038 0.86285946365437 -2
v 19.888056426176 0.962700530726644 -2
v 19.2520279790771 1.10243213998098 -2
v 18.6251822233792 1.27539604672295 -2
v -33 1 -2
v 26 0 -2
v 25.5167372510076 0 -2
v 24.9693794098313 0 -2
v 18.0716048141198 1.37408106322649 -2
v -33 -0.152743678039985 -2
v 26 -0.17226351904582 -1.90379298811798
v 24.5648000929751 0.0283589856373835 -2
v -33 -1.06741187823858 -2
v 26 -0.134523796124326 -2
v -33 -2.01377041179244 -2
v 26 -0.352699807022014 -2
v 26 -0.596560106513868 -2
v -33 -3.35644264333556 -1.91494314137967
v 26 -0.800844132270087 -2
v 25.5297807930022 -0.873281589500613 -2
v -33 -4.67677918008135 -2
v 25.6383425889683 -1 -2
v 25.2234859485046 -1 -2
v 24.8414435197551 -1.06567577402893 -2
v -33 -5.50739449243099 -2
v 24.6800014186099 -1.13348844730271 -2
v 24.1986501791363 -1.13143136711766 -2
v 23.5510451484583 -1.11909231223091 -2
v 22.8327664473674 -1.14114488662521 -2
v 22.1658406454396 -1.14145976739663 -2
v 21.492539072141 -1.13389409610804 -2
v 20.8474063843009 -1.17609625097669 -2
v 20.1896775764254 -1.19648452115356 -2
v 19.5215694021848 -1.230647640797 -2
v 18.8503121158089 -1.34449939371699 -2
v 18.1775199972807 -1.41847145891296 -2
v 17.4810185946325 -1.51403471423413 -2
v -33 -6.3401875584755 -2
v 17.7522281296386 -1.75222373261645 -2
v 17.0550776848294 -1.92667886338532 -2
v 16.402194991564 -2.13609445220171 -2
v 15.7687952820849 -2.3760867912271 -2
v 15.1598389526547 -2.49534817248048 -2
v 14.5843657543349 -2.7207883979965 -2
v 13.9638019567603 -3 -2
v 13.3548869987143 -3 -2
v 12.7475389872607 -3 -2
v 12.1305839555097 -3 -2
v 11.5084119927667 -3 -2
v 10.8811462108367 -3 -2
v 10.213833347851 -3 -2
v 9.56307831342796 -3 -2
v 8.86410305934227 -3 -2
v 8.27359720900708 -3 -2.04111796202724
v -32.406194417227 -7 -1.83921408145111
v -33 -7 -2
v 7.85303661776479 -3 -2.05486258600656
v 7.22211683962473 -3 -2.07464230800367
v 6.56161555029286 -3 -2.05906651076638
v 5.8694728884074 -3 -2.00932108363877
v 5.15617464618803 -3 -1.98570055702465
v 4.4386758569574 -3 -1.9919469380276
v 3.69559034079791 -3 -2.0235937922923
v 2.95469684138291 -3 -2.07408492478987
v 2.15653814617665 -3 -2
v 1.47736334776046 -2.9091187836512 -2
v 0.847931991577158 -2.91541163486073 -2
v 0.210783267010166 -2.93653219202707 -2
v -0.391166284517275 -3.06778259301463 -2
v -0.983111186178881 -3.13071980448993 -2
v -1.51647919377638 -3.06515677737084 -2
v -2.04551791190192 -3.22243387359555 -2
v -2.64431506890162 -3.28199525710967 -2
v -3.2427866825688 -3.34438348402972 -2
v -3.83726787029459 -3.39948590117488 -2
v -4.44207339586956 -3.46836311435506 -2
v -5.02099705273252 -3.56698701904953 -2
v -5.60777636994519 -3.66612649318762 -2
v -6.17842380743521 -3.73924843209985 -2
v -6.75581412206952 -3.75933709030223 -2
v -7.38486685907195 -3.84545922260282 -2
v -27.0248729922158 -7 -1.8091527378226
v -27.6690885535291 -7 -1.75679325313854
v -28.3435194939264 -7 -1.77165708965599
v -28.9964964991423 -7 -1.77498141170042
v -29.6736079021395 -7 -1.72149940505889
v -30.2840108708104 -7 -1.81124235994198
v -30.9292226055611 -7 -1.77824599594711
v -31.6770065527318 -7 -1.80904787286343
v -1.50349245122653 -3.57244733415404 -2
v -2.21310580051122 -3.69318502143738 -2
v -2.86448991657514 -3.77711066497142 -2
v -3.48049648026256 -3.86032667628866 -2
v -4.0943702519449 -3.91539054202068 -2
v -4.70520448278546 -3.96752190488536 -2
v -5.30512911441914 -4.06261728655322 -2
v -5.87707506545897 -4.1652976838226 -2
v -6.46520884154359 -4.25681835202021 -2
v -6.98081143205302 -4.19497844969305 -2
v -7.41661981573484 -4.42330020257242 -2
v -7.8212306104272 -4.19327033007193 -2
v -8.35603250964862 -4.31880700482848 -2
v -8.9200337802656 -4.45131563686353 -2
v -9.52595768814231 -4.57946520100876 -2
v -10.1352428403584 -4.71652811880496 -2
v -10.7366692320337 -4.88539595528579 -2
v -11.3613921787761 -5.08002607516216 -2
v -11.9906321410779 -5.27066457836227 -2
v -12.6276518255762 -5.54571092940148 -2
v -13.2869712707642 -5.79432168065486 -2
v -13.9939111475545 -6.15841057586267 -2
v -14.6988386249485 -6.51156194664827 -2
v -15.3111825474232 -7 -2
v -15.8432028240451 -7 -2
v -16.4052333568483 -7 -1.918985703829
v -17.0317759657329 -7 -1.91289265197603
v -17.6439545209217 -7 -1.86137132746974
v -18.283057393629 -7 -1.91464960291751
v -18.9374007507747 -7 -1.95563688643939
v -19.5963796796136 -7 -1.9717416968542
v -20.2552096348863 -7 -1.94375448835429
v -20.9034544635992 -7 -1.87479993153405
v -21.5581688610853 -7 -1.89871557943189
v -22.2134421864149 -7 -1.94503631516302
v -22.8665058852434 -7 -1.96423260609098
v -23.5132109087087 -7 -1.9108044635049
v -24.1506131091279 -7 -1.80746611501225
v -24.8010026555882 -7 -1.76974666194393
v -25.4845427309397 -7 -1.81932404565579
v -26.215970335855 -7 -1.78025455161478
v -6.89782536253646 -4.7354367196308 -2
v -7.51780885962785 -4.90043902666684 -2
v -7.96641387452344 -4.68286521748642 -2
v -8.48404324857053 -4.82783753189074 -2
v -9.08682246443654 -4.92930405890807 -2
v -9.67917560059102 -5.06688517551511 -2
v -10.2885285003602 -5.16675687532411 -2
v -10.8957214500448 -5.30998608670361 -2
v -11.5358560086832 -5.52788642231967 -2
v -12.1685718789954 -5.718166482396 -2
v -12.8868822013105 -6.03399802982079 -2
v -13.5202477042919 -6.2246331315394 -2
v -8.04135374269752 -5.21771241462512 -2
v -8.62658856115502 -5.28250439098237 -2
v -9.16907236634256 -5.44265626085397 -2
v -9.78328348622555 -5.52188674676151 -2
v -10.4093730466759 -5.59259118817516 -2
v -11.0262691137357 -5.7327142246324 -2
v -11.6770583197317 -5.94277676482483 -2
v -12.3389594898917 -6.07573732367464 -2
v -8.54251986884969 -5.64590708400959 -2
v -9.21256724608688 -5.78019594017233 -2
v -9.86349651828948 -5.87615412152358 -2
v -10.4941562459551 -5.97778586137212 -2
v -11.0844118094774 -6.07659608873215 -2
v -7.90321629770534 1.80184709321336 -2
v -8.36555286539115 1.81559472263442 -2
v -8.84331203339734 1.69068252464626 -2
v -9.31858795932313 1.55600950672607 -2
v -9.80249884266991 1.39950243735683 -2
v -10.3155637619496 1.25362118506101 -2
v -10.8129167756144 1.09037179766871 -2
v -11.3211002103511 0.924601099348238 -2
v -11.8345760247959 0.78044027088462 -2
v -12.3580140646113 0.671493062103309 -2
v -13.0452423057183 0.566166557813073 -2
v -13.698299994908 0.63896652004999 -2
v -14.4515581493123 0.743070482521492 -2
v -15.2050810335571 1 -2
v -16.0069696672307 1 -2
v -16.8145336380583 1 -2
v -17.5694793951449 1 -2
v -18.3234504023983 1 -2
v -19.0571831482227 1 -2
v -19.7720431205269 1 -2
v -20.4798789639967 1 -2
v -21.1729024083294 1 -2
v -21.8561021559428 1 -2
v -22.5381138661982 1 -2
v -23.2176667852235 1 -2
v -23.8889683265272 1 -2
v -24.5597097505444 1 -2
v -25.236003331143 1 -2
v -25.9296264067953 1 -2
v -26.6425601976138 1 -2
v 7.62330248408761 3 -2
v 6.9372236812826 3 -2
v 6.21480985240947 3 -2
v 5.45014291844779 3 -2
v 4.72341290575387 3 -2
v 4.01262267411339 3 -2
v 3.31852602771654 3 -2
v 2.65754959171437 3 -2
v 1.97903438937959 3 -2
v 1.32841451961647 3 -2
v 0.668718278839117 3 -2
v 0.0212488749847363 2.78104485491303 -2
v -0.618960996298022 2.65268050750327 -2
v -1.25504197634461 2.48538331828476 -2
v -1.85398224352552 2.34652769504464 -2
v -2.47213486305191 2.22161702084281 -2
v -3.06583992797553 2.15512315995439 -2
v -3.66071315947358 2.12196370992369 -2
v -4.21905739698636 2.07153394101266 -2
v -4.76772741316065 2.00297213917665 -2
v -5.31747391392855 1.93038598933802 -2
v -5.84945103488785 1.84855241961965 -2
v -6.38012543885763 1.73857977118927 -2
v -6.91079581420514 1.61862299734866 -2
v -7.45588811117691 1.52793999631779 -2
v -27.3200550401402 1 -2
v -27.6995264000708 0.438393456445988 -2
v -28.3545352095632 0.398523870501145 -2
v -29.0635512880482 0.357027082077924 -2
v -29.7608285272422 0.37551167248824 -2
v -30.3842863040164 0.488919762423197 -2
v -30.9841179998811 0.426501003457832 -2
v 17.6692396771316 1.31387651455568 -2
v 17.1583945161861 1.52657247614394 -2
v 16.5881664737811 1.69296592767767 -2
v 15.9941630726596 1.88869340782651 -2
v 15.4003704317291 2.11792039894267 -2
v 14.7575138098791 2.30314274781603 -2
v 14.0947073212887 2.35415816977175 -2
v 13.4278171371217 2.35945180851669 -2
v 12.7548297378259 2.35411805857986 -2
v 12.036749237182 2.35549829366245 -2
v 11.3241187439778 2.43162292426534 -2
v 10.5364896742666 2.42353922791327 -2
v 9.7583188080653 2.53029599452766 -2
v 9.00483454892761 2.63305074252101 -2
v 8.24372985078082 3 -2
v -8.00142300474072 1.31211107526526 -2
v -8.52052001235168 1.23774221507188 -2
v -9.03152499819678 1.11269465663201 -2
v -9.54105404786126 0.982090902294887 -2
v -10.0621006491905 0.837883778662335 -2
v -10.5629297601292 0.67127691383316 -2
v -11.1186177094204 0.547906550429131 -2
v -11.6580978579784 0.423237314240622 -2
v -12.1899451829375 0.306687702474953 -2
v -12.6793631142174 0.276929024107111 -2
v -26.9304456170779 0.263924074483655 -2
v -31.6914363127196 0.455905128714086 -2
v 24.2418845480667 0.0384689824924116 -2
v 23.8100115017833 0.109703135659755 -2
v 23.3507588385704 0.19640177373442 -2
v 22.8012073524735 0.303506159802345 -2
v 22.218932324769 0.411625459942815 -2
v 21.5763185990058 0.501646067762356 -2
v 20.9250481700346 0.514999321138572 -2
v 20.2669130703682 0.575602870965756 -2
v 19.6066617589504 0.710047227978209 -2
v 18.9534737495229 0.826894810706104 -2
v 18.2857849394499 0.906822865338655 -2
v 7.50816087108579 2.57606463781064 -2
v 6.88501895154756 2.59646547010185 -2
v -30.2923448634159 -0.195641359687575 -2
v -31.0495380470895 -0.305489966420053 -2
v -31.7224535789979 -0.302558542307623 -2
v -32.3894189360813 0.0305995836661008 -2
v 25.6106092747527 -0.0985735465653784 -2
v 25.149752335907 -0.0313395863672515 -2
v 24.6800634865828 -0.074658952392749 -2
v 17.6079468470879 0.924743921586719 -2
v 16.9872613971128 1.10234208590006 -2
v 16.3645293199346 1.24923165937275 -2
v 15.7505975342139 1.42040407090793 -2
v 15.1378461145241 1.56604409990942 -2
v 14.497325726633 1.64960378298674 -2
v 13.8492738145129 1.68039053317962 -2
v 13.1845048963769 1.69731964961422 -2
v 12.5049144323381 1.70521716432178 -2
v 11.796153141796 1.64253106595159 -2
v 11.156635713523 1.87704997705523 -2
v -32.0408208567298 -1.00194210864135 -2
v -32.5619865390241 -1.04378159537209 -2
v 25.805119863243 -0.42140811079725 -2
v 24.1317358286731 -0.159455794789813 -2
v 23.6211342759629 -0.139788009697313 -2
v 23.0828343639709 -0.0664397794291451 -2
v 22.5209219570623 0.0387480612693953 -2
v 21.9297755515791 0.106255198070191 -2
v 21.3018942639062 0.15852363993232 -2
v 20.6640002292686 0.216918621978744 -2
v 20.0198130135506 0.271875670300056 -2
v 19.3700323360015 0.354787780516557 -2
v 18.7247359837889 0.395358074133389 -2
v 18.0859148167905 0.482755524406518 -2
v 17.440750393846 0.551993402149668 -2
v 16.8097930824492 0.662362371182314 -2
v 16.179828665568 0.775433491859589 -2
v 15.5610890864678 0.88837494518578 -2
v 14.9376328957498 0.936289579045182 -2
v 14.3078822345772 0.981776588020319 -2
v 13.6700296181865 0.995611811673748 -2
v 13.0289977396591 0.994514298020002 -2
v 12.3960756322667 0.978668756831685 -2
v -32.2549551126219 -1.87808833726935 -2
v -32.6898375314256 -2.04918260187865 -2
v 25.4029373291596 -0.380623946293467 -2
v 24.9309591556569 -0.355429468430037 -2
v 24.4638653257267 -0.36796126122439 -2
v 23.9418567147044 -0.381419369040522 -2
v 23.4248392158279 -0.380898989038235 -2
v 22.8792848336597 -0.304840708028092 -2
v 22.3077377824074 -0.24726691426436 -2
v 21.7141140492144 -0.2086752298035 -2
v 21.0814676557469 -0.133127577387541 -2
v 20.4472183992223 -0.0730034044005799 -2
v 19.8130831055114 -0.0448537244677472 -2
v 19.1810060344179 -0.0354904967121637 -2
v 18.5471220564529 0.0140298006475478 -2
v 17.9161263295453 0.0932397661918518 -2
v 17.283564013253 0.146266320056032 -2
v 16.6584014066565 0.202419838342355 -2
v 16.0301100532959 0.245285278573272 -2
v 15.4082553573142 0.275484208391557 -2
v 14.790595569988 0.304234820454828 -2
v 14.168753801217 0.321298092479133 -2
v 13.5429206959942 0.306704978882108 -2
v 12.9081027521468 0.281609955194299 -2
v 12.2714647384268 0.217113067512111 -2
v -32.2850918830737 -2.82058873537787 -2
v -32.6574531119929 -3.01900945559352 -2
v -33 -2.95653378950553 -2
v 25.5675843625951 -0.679780161967949 -2
v 25.1847190305005 -0.675903203927626 -2
v 24.773664483617 -0.696476088222598 -2
v 24.307125730274 -0.602355000759391 -2
v 23.7851387845309 -0.556335502381763 -2
v 23.2579038524102 -0.562397601147977 -2
v 22.7145567502354 -0.511966826402499 -2
v 22.1380638332054 -0.461073949587644 -2
v 21.5261402963578 -0.452235489316529 -2
v 20.8917126932773 -0.440659482589124 -2
v 20.2555382706147 -0.412811364670575 -2
v 19.6258009706637 -0.373755302053026 -2
v 18.9903560558391 -0.321929188534729 -2
v 18.3773886051129 -0.323118774399988 -2
v 17.7565535637712 -0.314532122508118 -2
v 17.1360522537352 -0.280669392170852 -2
v 16.5149579225708 -0.278046368818145 -2
v 15.8964183625071 -0.309945764669375 -2
v 15.2882275216863 -0.343566478423939 -2
v 14.6777695952511 -0.341468582114399 -2
v 14.0553481837639 -0.355035107663756 -2
v 13.4234655419307 -0.378642363344471 -2
v 12.7607855944763 -0.426982512738218 -2
v 12.0709275681203 -0.482206335558777 -2
v -32.3539537101368 -3.7727731083001 -2
v -32.7641808254085 -3.86689280315604 -2
v -33 -3.97146521453668 -2
v 25.1227630689321 -0.892837208374218 -2
v 24.6484887437987 -0.891262168308759 -2
v 24.1748646234038 -0.805270181173684 -2
v 23.7050970789918 -0.834539111971016 -2
v 23.1640611578354 -0.827307141069697 -2
v 22.581055431213 -0.789547213909054 -2
v 21.9673215806331 -0.74000353081578 -2
v 21.3319454086977 -0.702103971970166 -2
v 20.6883385810945 -0.692267344873596 -2
v 20.0484753094503 -0.674432908029366 -2
v 19.4172714102288 -0.683095276952111 -2
v 18.7922013714439 -0.692683005937134 -2
v 18.1760966522592 -0.738779040595291 -2
v 17.5625753401888 -0.765390726153157 -2
v 16.9685487476147 -0.750650005047953 -2
v 16.3521315864482 -0.801765323842782 -2
v 15.770307360931 -0.893545233780593 -2
v 15.1718517789039 -0.944485417535668 -2
v 14.5659789358857 -1.02252081822323 -2
v 13.9258004004936 -1.03300956040899 -2
v 13.2687530854941 -1.0596264125817 -2
v 12.5777005381148 -1.10523757117294 -2
v 11.8403806033072 -1.19738153530615 -2
v -32.5213695100915 -4.74402769379865 -2
v -32.8568974102302 -4.79911066792252 -2
v 24.2781419255797 -1.05881053231801 -2
v 23.6662973062757 -1.06173638705031 -2
v 23.068115499587 -1.04413957039127 -2
v 22.4171760422472 -1.02491574302485 -2
v 21.7591865014454 -0.990416709716486 -2
v 21.1004246801195 -0.923355616661844 -2
v 20.4554677530814 -0.935616577857179 -2
v 19.8067831714828 -0.965938941555967 -2
v 19.1651597460669 -1.02658457215509 -2
v 18.5302181057548 -1.06740022862 -2
v 17.8972789366999 -1.12446145266162 -2
v 17.2841802101045 -1.2185728386576 -2
v 16.7516838624558 -1.19761877730096 -2
v 16.2292608752131 -1.36476010726638 -2
v 15.6383811108125 -1.45617228958643 -2
v 15.0335117336488 -1.54801293817154 -2
v 14.4160636810801 -1.6633308304104 -2
v 13.7750169653139 -1.7004208787223 -2
v 13.1315555871308 -1.73045195898913 -2
v 12.5021641595058 -1.7743948466977 -2
v 11.9425621172483 -1.90288315184225 -2
v 11.3242990982906 -1.81239480074278 -2
v 10.5763152805855 -1.85259793345795 -2
v -32.1986046618704 -5.62326079272548 -2
v -32.6769590966383 -5.69706667404307 -2
v 16.7710069965897 -1.65010403951465 -2
v 16.0881668169246 -1.8796972869816 -2
v 15.4486372001326 -2.01627289657889 -2
v 14.8431295107765 -2.16185763439565 -2
v 14.2183554266265 -2.44676723546544 -2
v 13.5810513878135 -2.54090261476368 -2
v 12.9656837189867 -2.41601242021722 -2
v 12.3641314654258 -2.47957264480033 -2
v 11.7229509009388 -2.48593664014879 -2
v 11.1114690810284 -2.44943521997001 -2
v 10.5433754717092 -2.52235850645232 -2
v 9.97551775546684 -2.38378618769218 -2
v 9.32024833875367 -2.3949312206905 -2
v 8.66666175808692 -2.4102295110587 -2
v 7.97620558845403 -2.30635370800692 -2
v 7.30625098057707 -2.42592685124187 -2
v -30.5075875480215 -6.40033338245111 -2
v -31.1074326857544 -6.26284222207013 -2
v -31.7828267386678 -6.44056903275474 -2
v -32.5043292880323 -7 -2
v 8.12020802418381 -3 -2
v 7.55553042378796 -3 -2
v 6.85225286022756 -3 -2
v 6.13924840380729 -3 -2
v 5.41114502088945 -3 -2
v 4.68888835179561 -3 -2
v 3.96373881513031 -3 -2
v 3.24456518955237 -3 -2
v 2.52236484610237 -3 -2
v 1.84784628026615 -2.70013119702912 -2
v 1.19931767712395 -2.6130365605734 -2
v 0.551484064262691 -2.55695436922595 -2
v -0.0738088224170338 -2.5808623203991 -2
v -0.669484177318485 -2.63609791299336 -2
v -1.24427455534667 -2.63189876540484 -2
v -1.85311939075931 -2.66874539099123 -2
v -2.43036290021538 -2.76249406291969 -2
v -3.01575343152996 -2.83191922182622 -2
v -3.59421528439468 -2.90683524907515 -2
v -4.18152400094247 -2.97459303857447 -2
v -4.76312081042679 -3.05129275964269 -2
v -5.33574541885198 -3.14004129711241 -2
v -5.9162896493884 -3.2186242455288 -2
v -6.48085819058642 -3.27171966668487 -2
v -7.05511159579743 -3.33730771344008 -2
v -7.60076915061309 -3.38989031113703 -2
v -8.101949486675 -3.34412465839767 -2
v -8.59914190102793 -3.51377910225196 -2
v -9.16833268080223 -3.63145919273488 -2
v -9.75892458714341 -3.74897751480561 -2
v -10.3667791857159 -3.89799165263831 -2
v -10.9796806083053 -4.05682612417343 -2
v -11.6212779821865 -4.23716063182955 -2
v -12.2941320022374 -4.49229030019241 -2
v -13.0314034004974 -4.84075640133117 -2
v -27.9601495986265 -6.71765585316358 -2
v -28.5395436270419 -7 -2
v -29.2438572496264 -7 -2
v -29.9447116982368 -7 -2
v -30.6947199708648 -7 -2
v -31.3517391263843 -7 -2
v -31.9858414337232 -7 -2
v -8.07425317278583 -3.81232989667488 -2
v -8.7174912288243 -3.9787808955386 -2
v -9.32964264256461 -4.10884991922611 -2
v -9.94838534026189 -4.2386575045671 -2
v -10.5539521144584 -4.38285242551932 -2
v -11.1796340559664 -4.58475927775915 -2
v -11.8107096487012 -4.76773585146757 -2
v -12.445209233295 -5.01840802657838 -2
v -13.0055215563268 -5.28289977351226 -2
v -13.6026314417134 -5.49024518361881 -2
v -14.2447275713912 -5.82578803138417 -2
v -14.9045846057922 -6.21067942941771 -2
v -15.5205771149748 -6.45253444727422 -2
v -16.1680185725723 -7 -2
v -16.8009643658111 -7 -2
v -17.4386590377871 -7 -2
v -18.0761767325578 -7 -2
v -18.7256870618424 -7 -2
v -19.379074885196 -7 -2
v -20.0336702974736 -7 -2
v -20.685040487332 -7 -2
v -21.337488201945 -7 -2
v -21.99044171934 -7 -2
v -22.639261934219 -7 -2
v -23.2915681738079 -7 -2
v -23.9380369631073 -7 -2
v -24.591794598016 -7 -2
v -25.2578922383846 -7 -2
v -25.9322365660613 -7 -2
v -26.5994459562192 -7 -2
v -27.2656973172694 -7 -2
v -27.8142680332447 -7 -2
v -13.1792887178526 0.0514574590907114 -2
v -13.6201853562392 0.256423443115538 -2
v -14.22998792705 0.259037377928237 -2
v -14.9078221653544 0.347914138222251 -2
v -15.6137059779168 0.38991312344506 -2
v -16.3623847280638 0.396775769995643 -2
v -17.1115309098982 0.400699261287684 -2
v -17.8510127973007 0.402883056085486 -2
v -18.5757430347738 0.375492663184311 -2
v -19.2906556045685 0.321288780613125 -2
v -19.9948668695353 0.376653466133672 -2
v -20.692386544884 0.348747930677695 -2
v -21.3802998222547 0.347042198258941 -2
v -22.059913070759 0.335484229352949 -2
v -22.7397083837122 0.311774097782194 -2
v -23.4187025300654 0.315590787444517 -2
v -24.0897333576053 0.304643859435471 -2
v -24.7628884067261 0.332032345793739 -2
v -25.4543696514816 0.346224501825167 -2
v 6.45451611308035 2.33794693673319 -2
v 5.85184586899107 2.4373411109963 -2
v 5.17113120983626 2.43212564436694 -2
v 4.47254147631926 2.47321879933093 -2
v 3.77997580428709 2.41589247532338 -2
v 3.09857426441558 2.41410527531579 -2
v 2.4147622308284 2.40478226508547 -2
v 1.74295103055169 2.38306480298133 -2
v 1.08367259337103 2.32628347932048 -2
v 0.444623188409256 2.27026319196658 -2
v -0.183992987859622 2.15695994000319 -2
v -0.804257520416636 2.03640291406984 -2
v -1.41941250489772 1.92398902053415 -2
v -2.01787067502905 1.81829066494531 -2
v -2.6307166725678 1.7187918337369 -2
v -3.22873726786616 1.64521201619257 -2
v -3.79685666327691 1.5908814457514 -2
v -4.36412296304862 1.53367874020044 -2
v -4.92848822684752 1.460359480373 -2
v -5.48174418904027 1.38741284509124 -2
v -6.01955806446298 1.29371026258549 -2
v -6.56524384654841 1.19182610248332 -2
v -7.09205960716887 1.08325877540621 -2
v -7.60827470774763 0.929948163230822 -2
v -8.16002932492227 0.77905969970055 -2
v -8.69411892347731 0.669408777950574 -2
v -9.22983223758031 0.552538220642991 -2
v -9.75477267287232 0.415829983256552 -2
v -10.299588150801 0.275244261423113 -2
v -10.8371950999196 0.12012419649951 -2
v -11.4088932987226 -0.0124002952864254 -2
v -12.0041478877566 -0.117629579975394 -2
v -12.6290915834072 -0.193962169879117 -2
v -26.180584503202 0.286582180913881 -2
v -26.6521748188407 -0.378610010307708 -2
v -27.3201466730993 -0.342567317749007 -2
v -27.9941411877096 -0.344370136962583 -2
v -28.6895185417607 -0.299365178065292 -2
v 10.6564860618483 1.67903959122033 -2
v 10.0617239136862 1.84712511039222 -2
v 9.36940208431312 1.94416611331964 -2
v 8.64850765083437 2.06570932913248 -2
v 7.93177425030497 2.04739184892119 -2
v 7.13865572780668 1.90989248412112 -2
v -13.242677815626 -0.418076194390806 -2
v -13.8504543284907 -0.290049024396273 -2
v -14.5281442196554 -0.302856052097341 -2
v -15.219139059653 -0.282658075186699 -2
v -15.9258953111322 -0.269278824454756 -2
v -16.6398808050841 -0.282785524802588 -2
v -17.3689628669308 -0.277684945043034 -2
v -18.0816355846797 -0.283954226474135 -2
v -18.7909866819566 -0.304050500584659 -2
v -19.4930284162138 -0.32638383605627 -2
v -20.1899099773093 -0.351030748123769 -2
v -20.8790888160282 -0.36458479237157 -2
v -21.5611299252445 -0.379822273638754 -2
v -22.2379418539956 -0.390502700190275 -2
v -22.9120870835979 -0.391559113877201 -2
v -23.5846589401101 -0.415024963108779 -2
v -24.2424241185903 -0.411210131002369 -2
v -24.8885010865385 -0.376599010108125 -2
v -25.5166588926233 -0.368761032297059 -2
v -26.0646355702673 -0.496419837054199 -2
v -29.451921145117 -0.370726257430762 -2
v -29.9359466509144 -1.02454987478708 -2
v -30.5839123506059 -1.01655039821209 -2
v 11.8205451072527 0.860086738861479 -2
v 11.2103650927356 1.0596431016468 -2
v 6.38919991846603 1.75445155737887 -2
v 5.68039969158225 1.78207870310066 -2
v 4.97429784256615 1.77399983952625 -2
v 4.27581784321676 1.76761222631749 -2
v 3.58414822575192 1.73237371015714 -2
v 2.90232151082653 1.72505029202556 -2
v 2.22669350856954 1.72037650134468 -2
v 1.56651535214657 1.70537276664928 -2
v 0.92218665579166 1.68233209598755 -2
v 0.288423459264773 1.61561814215291 -2
v -0.339283263601479 1.52563356791516 -2
v -0.961370741961802 1.4193982434908 -2
v -1.56999894397026 1.32098923714953 -2
v -2.16465269632279 1.23034127190359 -2
v -2.75500137957091 1.15941697065646 -2
v -3.34982449226176 1.07956335809668 -2
v -3.92338358596541 1.01259493519174 -2
v -4.49667219203206 0.948167470498013 -2
v -5.06696012615854 0.878055737472745 -2
v -5.62290548894389 0.796910413479629 -2
v -6.16974525486822 0.709417444716446 -2
v -6.70427549168098 0.609796846406296 -2
v -7.23220132940093 0.489526068860631 -2
v -7.76818610020215 0.351689770970601 -2
v -8.31220572783488 0.208822662524196 -2
v -8.8490972823584 0.0793230185735569 -2
v -9.40313006328872 -0.0247297062777547 -2
v -9.95516555593148 -0.154394876128061 -2
v -10.5176056108907 -0.299623170653618 -2
v -11.0672318345907 -0.459521046380285 -2
v -11.6545409056546 -0.583619972598312 -2
v -12.2544817492936 -0.690897593975509 -2
v -12.8491796068547 -0.820580256203281 -2
v -13.5207460250358 -0.90988023374342 -2
v -14.1501401525419 -0.891498123643468 -2
v -14.8062869761993 -0.931079973320497 -2
v -15.4850059924799 -0.941651006412895 -2
v -16.1704009686388 -0.977943908142722 -2
v -16.8686883628322 -0.999484548197219 -2
v -17.5672477787127 -1.00712327269196 -2
v -18.2638026056931 -1.02264680307093 -2
v -18.9642639774537 -1.04499633484181 -2
v -19.6550098925582 -1.06818629489928 -2
v -20.3415039593864 -1.08740474460171 -2
v -21.0249433601697 -1.1036899717306 -2
v -21.7003101539181 -1.12293177261236 -2
v -22.3689979016201 -1.13465030863103 -2
v -23.03691634884 -1.1406496368468 -2
v -23.6977297246166 -1.15323251678183 -2
v -24.3419994842677 -1.15016147339071 -2
v -24.9715154583162 -1.13496243676141 -2
v -25.5859816050255 -1.18474127618452 -2
v -26.2358537791974 -1.21861013872062 -2
v -26.8780141971962 -1.1481839234338 -2
v -27.5252614244227 -1.13250387027429 -2
v -28.1697950194554 -1.10655567472321 -2
v -28.806515819466 -1.08385882557771 -2
v -29.3575446528886 -1.21078851676987 -2
v -31.2889814264253 -1.15253943461267 -2
v 10.4913267078034 1.04961364384178 -2
v 9.8025241350452 1.17264693484448 -2
v 9.09496428336889 1.24828984542399 -2
v 8.38827586400036 1.26415017727432 -2
v 7.66712858377354 1.24696670277156 -2
v 6.9514229017007 1.16866963679462 -2
v 6.2223663119411 1.10803673219033 -2
v 5.51386151411273 1.10062886502075 -2
v 4.81646636812287 1.0838731069209 -2
v 4.12736518201997 1.06857144429243 -2
v 3.44371095856617 1.04781795311115 -2
v 2.76560310673112 1.0401343573688 -2
v 2.09690249246412 1.0356600196159 -2
v 1.44945501562811 1.02527426438244 -2
v 0.812739032466138 0.993557529915165 -2
v 0.180653074124695 0.943233624391972 -2
v -0.444433331022537 0.884682317267465 -2
v -1.0623963351894 0.801996698677881 -2
v -1.6684160649087 0.717013738641219 -2
v -2.27351238743851 0.626614528104933 -2
v -2.86743515104837 0.549117836159701 -2
v -3.44467221172187 0.47676483621839 -2
v -4.00781512745807 0.405188185381369 -2
v -4.59597828532365 0.355133589950477 -2
v -5.17175828399361 0.290069312918104 -2
v -5.72463913217472 0.19921982200845 -2
v -6.26894919954758 0.11321070231579 -2
v -6.80745379199028 0.00812196105075233 -2
v -7.3506206799374 -0.107119649136692 -2
v -7.89708273901493 -0.219064523185162 -2
v -8.43986385278884 -0.353905785782253 -2
v -8.98222098603327 -0.489372599406091 -2
v -9.54280403420319 -0.613648929746338 -2
v -10.1111939804869 -0.740655774367302 -2
v -10.6861985965253 -0.867145541621239 -2
v -11.2625334496282 -1.00389120235064 -2
v -11.8723265747516 -1.11188231583605 -2
v -12.4543631824533 -1.26527428559847 -2
v -13.0612238831564 -1.40837872143772 -2
v -13.6884592242514 -1.5029027661793 -2
v -14.3379012386606 -1.54258198660737 -2
v -14.9977308570048 -1.59427484445824 -2
v -15.6677044951055 -1.64630075969927 -2
v -16.3443884859039 -1.6938309056756 -2
v -17.0292284800367 -1.72279503252419 -2
v -17.7130257236011 -1.7467330409465 -2
v -18.3969890805995 -1.76397793566626 -2
v -19.0829919532275 -1.78373798467631 -2
v -19.765944294675 -1.80687087435854 -2
v -20.4485686567189 -1.82479177401549 -2
v -21.1269792544904 -1.84737918441032 -2
v -21.794382226036 -1.87154619850698 -2
v -22.4581194209196 -1.88840154506536 -2
v -23.1180341690342 -1.89940295248275 -2
v -23.7715408263314 -1.90883362989315 -2
v -24.4148996542211 -1.91117489879384 -2
v -25.0521528372452 -1.93332255601434 -2
v -25.6967411992719 -1.96310983179097 -2
v -26.3543018604385 -1.96778674829513 -2
v -26.9983655071953 -1.93563811294034 -2
v -27.6348831366036 -1.92207522123734 -2
v -28.2626337089472 -1.92506276898247 -2
v -28.8729427936198 -1.97202351279845 -2
v -29.4971776216274 -1.97007321136306 -2
v -30.0890167806529 -1.87707421989221 -2
v -30.6746906220121 -1.88425935870793 -2
v -31.1860873294213 -2.06054449028944 -2
v -31.7044443377816 -1.89777391798405 -2
v 11.6064325720166 0.211966317632589 -2
v 10.9581256532433 0.301099257166221 -2
v 10.2590303918118 0.383299011165501 -2
v 9.56514200671598 0.471936075201279 -2
v 8.86851504604397 0.50441793833407 -2
v 8.17935204428369 0.49005776575079 -2
v 7.48655890116338 0.469611283623008 -2
v 6.78565444573621 0.45143951425107 -2
v 6.08146953649236 0.440730779577006 -2
v 5.38523319364261 0.424307880843466 -2
v 4.70000596552805 0.397050586215683 -2
v 4.02372338345664 0.372586829490127 -2
v 3.34816601726749 0.357098971991307 -2
v 2.67983390213606 0.35613558042528 -2
v 2.02100864419147 0.3585656421892 -2
v 1.37526422224924 0.342686407038273 -2
v 0.733362942523307 0.319048657812504 -2
v 0.103569150919258 0.290366632619216 -2
v -0.519579869625306 0.25021994381564 -2
v -1.13450504529978 0.183977666890098 -2
v -1.74154260899508 0.112177662447722 -2
v -2.34315006918454 0.0269128010563343 -2
v -2.94908158254344 -0.0389291913409818 -2
v -3.51358000080457 -0.11867711632374 -2
v -4.0754540956788 -0.202839503624309 -2
v -4.67162134316143 -0.258006058623907 -2
v -5.24937432586447 -0.31535742716662 -2
v -5.79750408521887 -0.395378968648921 -2
v -6.3461686141418 -0.477473666282715 -2
v -6.89717069064362 -0.573638705574563 -2
v -7.44067715116926 -0.685673039767673 -2
v -7.99078244882876 -0.78875978450087 -2
v -8.54337993129471 -0.90953299969789 -2
v -9.10756649799457 -1.03461501690073 -2
v -9.66581017290497 -1.17446330768922 -2
v -10.2389322521885 -1.29704609584165 -2
v -10.8229830079348 -1.42115391479028 -2
v -11.4124148404358 -1.54811808171327 -2
v -12.0179933306764 -1.68265360427597 -2
v -12.6083654646764 -1.84939592955805 -2
v -13.2212736441729 -1.98464939333345 -2
v -13.8365439173894 -2.10500519288046 -2
v -14.4826285638753 -2.18199063401965 -2
v -15.1384422744361 -2.27085445562271 -2
v -15.8059156686988 -2.33941729914449 -2
v -16.4698096842795 -2.39742559324883 -2
v -17.1397729130351 -2.44598211662388 -2
v -17.8178389574615 -2.47774537964407 -2
v -18.4944325243999 -2.49905731398144 -2
v -19.1711421112431 -2.52085203347496 -2
v -19.8478233751498 -2.54523284262109 -2
v -20.5243737133563 -2.56179581725937 -2
v -21.1999912428243 -2.59233495569901 -2
v -21.8595930628947 -2.62156289147849 -2
v -22.5194805449833 -2.63714248854826 -2
v -23.1726090826846 -2.64697142611043 -2
v -23.8273036198338 -2.66185878690538 -2
v -24.4747376381281 -2.67357154056701 -2
v -25.125191283149 -2.68882239490286 -2
v -25.7724327344545 -2.70192749145104 -2
v -26.4252806743614 -2.70728119660896 -2
v -27.0682199907381 -2.70232088986367 -2
v -27.7047101750696 -2.71420032569423 -2
v -28.3353324580595 -2.75976733004 -2
v -28.9684071430192 -2.82215981058829 -2
v -29.5820164822941 -2.81335893864613 -2
v -30.1735587659736 -2.78050503453218 -2
v -30.7396221801865 -2.84967651211446 -2
v -31.3202776453151 -2.86332892218925 -2
v -31.8451157006246 -2.77706991351163 -2
v 11.3907203247854 -0.48478695359309 -2
v 10.6977794275994 -0.400995495715908 -2
v 10.0288714471646 -0.289061535638739 -2
v 9.33984949064141 -0.239656737710793 -2
v 8.68803998689915 -0.257656378811715 -2
v 8.01568938841931 -0.257270374223856 -2
v 7.33087298028691 -0.257437436565168 -2
v 6.64642143344119 -0.239016368254523 -2
v 5.95771252902597 -0.23154469969809 -2
v 5.27421413783759 -0.259338191093921 -2
v 4.6088039799776 -0.302234971657829 -2
v 3.94018253486734 -0.324762974310963 -2
v 3.27242251376566 -0.32588843734687 -2
v 2.60722842016832 -0.318225873490551 -2
v 1.95113088760097 -0.309690858572544 -2
v 1.30556953052461 -0.316196088221272 -2
v 0.667071240711518 -0.321966648083498 -2
v 0.0420030412989726 -0.339080033710517 -2
v -0.584982950166626 -0.379690635511713 -2
v -1.19910916082079 -0.429602323998889 -2
v -1.81007925312578 -0.477240871201037 -2
v -2.41566871860296 -0.545414168481135 -2
v -3.0074223391794 -0.624662324669345 -2
v -3.57652224451853 -0.713929444999829 -2
v -4.14407543511387 -0.81015533711482 -2
v -4.73198047556324 -0.866314046575319 -2
v -5.29988512014151 -0.923780328185175 -2
v -5.85095096635429 -0.997123607803967 -2
v -6.41377606636454 -1.07370824222327 -2
v -6.96832050206023 -1.16175605314862 -2
v -7.51802143836088 -1.24844589093503 -2
v -8.07333642302378 -1.35116319276536 -2
v -8.63865155502507 -1.46829182478372 -2
v -9.21308289516438 -1.56795420814505 -2
v -9.77017067082098 -1.70923848180382 -2
v -10.3515345098768 -1.83835704062491 -2
v -10.9375981184658 -1.98134849599918 -2
v -11.5368324757398 -2.12565728298855 -2
v -12.1430366397903 -2.26045926189268 -2
v -12.7347045425539 -2.44760957935299 -2
v -13.341232307679 -2.59443703620708 -2
v -13.9621698571128 -2.72173304368328 -2
v -14.6023533563567 -2.84327592607249 -2
v -15.255876371386 -2.96152649511509 -2
v -15.9102141055275 -3.04375373610757 -2
v -16.5688481309808 -3.10615631403588 -2
v -17.2269301776697 -3.16715492774834 -2
v -17.9019753803846 -3.20397163656807 -2
v -18.5751116584946 -3.23114141115352 -2
v -19.244463079796 -3.2574392934359 -2
v -19.9201764611086 -3.2802539679259 -2
v -20.5892303711479 -3.30914197316267 -2
v -21.2560869268285 -3.34307772894193 -2
v -21.9160263034794 -3.37051523234861 -2
v -22.5761002687764 -3.38729485526762 -2
v -23.2321561792396 -3.39513365208049 -2
v -23.8824896688304 -3.40524963976029 -2
v -24.5316902559104 -3.42144454002745 -2
v -25.1852274095984 -3.43171980198207 -2
v -25.8322243667403 -3.44647143352966 -2
v -26.4790616448488 -3.45514970366548 -2
v -27.1259930092562 -3.46663743556379 -2
v -27.7715132368477 -3.51410316702533 -2
v -28.4143393355238 -3.59228042222579 -2
v -29.0462447876473 -3.6626598325884 -2
v -29.6631936418459 -3.67678140884348 -2
v -30.2742423105097 -3.71137096582855 -2
v -30.8684049699112 -3.75333255109527 -2
v -31.4325101289126 -3.71533682948137 -2
v -31.9253997891736 -3.67957077191463 -2
v 11.0621739813416 -1.16186988958304 -2
v 10.3689279744235 -1.10837205230254 -2
v 9.77038857227089 -0.92885116161041 -2
v 9.18330541660367 -1.01734070439305 -2
v 8.53125815780203 -0.989277117217733 -2
v 7.8447987136769 -0.981618327639443 -2
v 7.15689936491616 -0.98011401662401 -2
v 6.50389709504213 -0.92954701780913 -2
v 5.82377634814622 -0.926364755683069 -2
v 5.18183090125386 -0.979440558222583 -2
v 4.51911985847737 -1.01429158916528 -2
v 3.84729612049482 -1.02085450299414 -2
v 3.17472806931459 -1.01643568319978 -2
v 2.50958561057862 -1.00547905621967 -2
v 1.85430450265667 -0.979050486242353 -2
v 1.21276021350312 -0.960181643855804 -2
v 0.577868252387737 -0.938966044576294 -2
v -0.0514253769249955 -0.946483299237704 -2
v -0.674800450619333 -0.980515256633745 -2
v -1.28312751228477 -1.02838973956735 -2
v -1.89617154465437 -1.07932208611382 -2
v -2.49915422563439 -1.14198106082452 -2
v -3.08780392888683 -1.21508335272588 -2
v -3.66141840751741 -1.29382984514851 -2
v -4.23403259819271 -1.38294310395093 -2
v -4.80743659361053 -1.45394022721291 -2
v -5.37187642987019 -1.51582004724823 -2
v -5.94766231882593 -1.57447957400756 -2
v -6.50326913585951 -1.66568655938073 -2
v -7.05559697407058 -1.74646147563995 -2
v -7.61078259801757 -1.81549788382579 -2
v -8.17043860822001 -1.9031329888954 -2
v -8.73991096854112 -2.00815327227498 -2
v -9.30797664034978 -2.1287518160796 -2
v -9.88803472073978 -2.26741386813425 -2
v -10.4720303003898 -2.4076139573049 -2
v -11.0620635128949 -2.56278359632908 -2
v -11.6589589071415 -2.7198836108976 -2
v -12.2642507240825 -2.89111920654436 -2
v -12.8710518523638 -3.07094661355585 -2
v -13.4770420292338 -3.20800198827242 -2
v -14.1000298976102 -3.35334526995994 -2
v -14.7314302913141 -3.53201909364028 -2
v -15.3669301279287 -3.66450332591472 -2
v -16.0099973270249 -3.75789333513013 -2
v -16.671640929924 -3.83367464294049 -2
v -17.3260138098866 -3.90480216317527 -2
v -17.9955559695098 -3.94743430110048 -2
v -18.6640193705356 -3.97827175000186 -2
v -19.329920231012 -3.99848100173839 -2
v -19.999689207437 -4.02655517056441 -2
v -20.6620044307589 -4.05821847674079 -2
v -21.3276556215531 -4.09010084286124 -2
v -21.9895547429898 -4.1196402578605 -2
v -22.6460314956244 -4.14304792170848 -2
v -23.2989701231577 -4.15320337543187 -2
v -23.9494535471647 -4.15740928939982 -2
v -24.6008879178133 -4.16946147576586 -2
v -25.2524534182042 -4.19262095459248 -2
v -25.8996651153759 -4.21777466247401 -2
v -26.548192035955 -4.23575068383297 -2
v -27.20138452946 -4.24987903861464 -2
v -27.8638058351646 -4.32960524760835 -2
v -28.5138388951061 -4.45282211740592 -2
v -29.1508348998466 -4.52507997094458 -2
v -29.7780253806665 -4.54242539289004 -2
v -30.4221208081837 -4.60722121230428 -2
v -31.0299455566903 -4.63589818424922 -2
v -31.5858835886652 -4.55883601022219 -2
v -32.0976134879895 -4.6253940142083 -2
v 9.7759894638002 -1.68337801899113 -2
v 9.02591357247318 -1.72331562366728 -2
v 8.32786020945188 -1.68772444862943 -2
v 7.5912167894299 -1.68180688887364 -2
v 6.93600236879258 -1.71817158688103 -2
v 6.32503455103865 -1.57815963056885 -2
v 5.7509994280805 -1.67812175011379 -2
v 5.08575763299713 -1.69241496871852 -2
v 4.39718281623977 -1.72804142892053 -2
v 3.70741093006699 -1.72281578369508 -2
v 3.02664690655274 -1.70771743498275 -2
v 2.35647727886807 -1.66089055891525 -2
v 1.70482998196925 -1.62494356530631 -2
v 1.06539275431006 -1.59112313184893 -2
v 0.426847988074613 -1.55206921346322 -2
v -0.195686622285655 -1.5594086545099 -2
v -0.811975072917216 -1.57130780705791 -2
v -1.41790509758724 -1.60598371078749 -2
v -2.03363806263795 -1.65911738606809 -2
v -2.6319067361766 -1.71927819619941 -2
v -3.21002649088861 -1.79004710816564 -2
v -3.78583207791944 -1.86634067658967 -2
v -4.36392795339243 -1.94634575023034 -2
v -4.92796864602188 -2.02975346290371 -2
v -5.48999624960293 -2.10468467815478 -2
v -6.06990703540493 -2.1726139046627 -2
v -6.63071090954272 -2.24957783603074 -2
v -7.17969733327714 -2.32859253302402 -2
v -7.72720503943659 -2.37606747420719 -2
v -8.29077931010247 -2.45401695618042 -2
v -8.86413338879214 -2.56979618281141 -2
v -9.43221620294593 -2.70593353720936 -2
v -10.0163023260388 -2.8431133918458 -2
v -10.6104323860281 -2.98709280479137 -2
v -11.2114609425283 -3.12869431555747 -2
v -11.8162937770048 -3.31565985427349 -2
v -12.4318987150127 -3.53398978705688 -2
v -13.0452335352311 -3.71704250644617 -2
v -13.6362424181864 -3.84344139143344 -2
v -14.2612007028133 -4.03455686725199 -2
v -14.8646168655646 -4.25305101773425 -2
v -15.4884058456067 -4.39125050308809 -2
v -16.1338818201529 -4.492773877936 -2
v -16.7945342544923 -4.59981373095344 -2
v -17.4575972766418 -4.66689113330069 -2
v -18.1202349353315 -4.72134689321193 -2
v -18.7868022315206 -4.74402687840825 -2
v -19.4459967054827 -4.76445631819497 -2
v -20.1065785730686 -4.79150987898457 -2
v -20.7670783456279 -4.81986820653559 -2
v -21.4318760113891 -4.84806043924155 -2
v -22.093453146057 -4.88981314089634 -2
v -22.7478697997911 -4.92015898030574 -2
v -23.3994059503064 -4.92200826040439 -2
v -24.0488999793328 -4.91680276361187 -2
v -24.6969962415205 -4.92884013699833 -2
v -25.347946726667 -4.96392492164525 -2
v -25.9978388370393 -4.9887173653011 -2
v -26.6508883209887 -5.00041098516382 -2
v -27.3156278612719 -5.02924373566027 -2
v -28.0120653204856 -5.17697366592285 -2
v -28.6580976673548 -5.34378477618059 -2
v -29.2942384682647 -5.41383878964738 -2
v -29.937973533438 -5.34728114722718 -2
v -30.6287619741047 -5.47526565841513 -2
v -31.2885584434613 -5.47152932644728 -2
v -31.8191059243029 -5.42493032068725 -2
v 6.44884993104751 -2.30860411902698 -2
v 5.66761763037433 -2.35069471842283 -2
v 4.93116101553287 -2.37684434616256 -2
v 4.21118284007864 -2.39148827501043 -2
v 3.5054687010572 -2.37666787077081 -2
v 2.80909176051038 -2.33853005136519 -2
v 2.13551424369592 -2.26861278088383 -2
v 1.48820622482209 -2.21115312524764 -2
v 0.83882906528391 -2.10596324391742 -2
v 0.208187810188645 -2.10283430975021 -2
v -0.403799262542194 -2.12683512229675 -2
v -1.00455566386544 -2.14173395081858 -2
v -1.61120661752945 -2.15775465258329 -2
v -2.22097981647625 -2.20727917329165 -2
v -2.80706939854814 -2.28757623039141 -2
v -3.38280688272616 -2.3662196283032 -2
v -3.96404554705681 -2.43295497720289 -2
v -4.54180640530757 -2.5022480301205 -2
v -5.09818363838907 -2.60635982180234 -2
v -5.68256114832588 -2.67777107450805 -2
v -6.24840491312317 -2.74344729644063 -2
v -6.80886419426613 -2.81241073521853 -2
v -7.35526660347702 -2.87110161681706 -2
v -7.88729319474795 -2.88213410727737 -2
v -8.46155209576921 -2.99036931806547 -2
v -9.01082886253906 -3.1354487395975 -2
v -9.59072622586936 -3.27179920692662 -2
v -10.1838105108442 -3.38943757850376 -2
v -10.7815420899704 -3.53536001509451 -2
v -11.4057928946243 -3.70390915030009 -2
v -12.0374856634399 -3.91273652366004 -2
v -12.6765915157591 -4.18511884286249 -2
v -13.2961922496191 -4.4026783514456 -2
v -13.846212973312 -4.46614114971804 -2
v -14.394003606555 -4.76921369849832 -2
v -15.011076188667 -4.99273135544232 -2
v -15.6545330531737 -5.18050517235768 -2
v -16.3064693426202 -5.30940926087228 -2
v -16.9695520816603 -5.41859480122384 -2
v -17.6328135283496 -5.48503796103994 -2
v -18.2957760208796 -5.51490949609749 -2
v -18.9522092749533 -5.52665718353705 -2
v -19.6082595082858 -5.54377457577707 -2
v -20.264707796619 -5.56243187936575 -2
v -20.9231438076928 -5.57661582399401 -2
v -21.579044156481 -5.61750860062314 -2
v -22.2399765152974 -5.67839896967683 -2
v -22.8957808851395 -5.71358775825849 -2
v -23.5439179209743 -5.6949916509887 -2
v -24.1899033759643 -5.65902126738113 -2
v -24.8367308830066 -5.68175345648352 -2
v -25.4906536726208 -5.7307315397451 -2
v -26.1429144568833 -5.74595207133005 -2
v -26.7985552142268 -5.74595019734207 -2
v -27.4788722160176 -5.77255799764914 -2
v -28.2045516879749 -6.08933653063807 -2
v -28.8664156160041 -6.25292855327434 -2
v -29.499123354886 -6.21301860378272 -2
v -30.0471179988465 -6.11571983068431 -2
v -13.8222445542389 -5.09631470495318 -2
v -14.5496474143611 -5.46452860559439 -2
v -15.2190013712505 -5.74660409878095 -2
v -15.8803156645835 -5.96594638525465 -2
v -16.5435541040329 -6.1945604864243 -2
v -17.1986330201169 -6.21078055069435 -2
v -17.852216762174 -6.24937936705602 -2
v -18.5043998547956 -6.28889014989682 -2
v -19.1532286248866 -6.29395418489108 -2
v -19.8076756594174 -6.31449768096065 -2
v -20.4648714426734 -6.30029695689513 -2
v -21.1205314625765 -6.31006768978089 -2
v -21.7716889988817 -6.35543297674224 -2
v -22.4283717987665 -6.40915249755407 -2
v -23.079161805957 -6.40833703296159 -2
v -23.7272472531031 -6.35877767395321 -2
v -24.3759266729839 -6.31109884973054 -2
v -25.0294422674975 -6.36516816819437 -2
v -25.6836462896948 -6.48802384663614 -2
v -26.3248629285633 -6.43616080738202 -2
v -26.9423551940073 -6.42343778341999 -2
v -27.5455398777555 -6.38703753342953 -2
f 7 1 2
f 15 2 1
f 7 12 1
f 14 1 12
f 14 15 1
f 2 3 8
f 2 16 3
f 7 2 8
f 16 2 15
f 3 4 9
f 3 17 4
f 9 8 3
f 17 3 16
f 5 10 4
f 5 4 18
f 9 4 10
f 17 18 4
f 5 6 11
f 5 19 6
f 5 11 10
f 18 19 5
f 6 13 11
f 6 23 13
f 19 29 6
f 29 23 6
f 7 8 31
f 7 30 12
f 31 30 7
f 9 32 8
f 31 8 32
f 10 33 9
f 9 33 32
f 11 34 10
f 33 10 34
f 20 11 13
f 20 35 11
f 34 11 35
f 12 36 14
f 30 36 12
f 13 21 20
f 13 40 21
f 23 40 13
f 15 14 24
f 24 14 22
f 22 14 36
f 16 15 25
f 24 25 15
f 17 16 26
f 26 16 25
f 17 27 18
f 17 26 27
f 18 28 19
f 27 28 18
f 19 28 29
f 20 21 37
f 53 35 20
f 54 20 37
f 53 20 54
f 38 37 21
f 38 21 59
f 40 59 21
f 22 41 24
f 39 22 36
f 41 22 39
f 23 29 47
f 47 40 23
f 42 25 24
f 42 24 41
f 43 26 25
f 42 43 25
f 27 26 44
f 44 26 43
f 27 45 28
f 27 44 45
f 46 29 28
f 46 28 45
f 29 46 47
f 30 31 48
f 30 55 36
f 48 55 30
f 49 31 32
f 49 48 31
f 50 32 33
f 32 50 49
f 33 34 51
f 51 50 33
f 52 34 35
f 52 51 34
f 53 52 35
f 39 36 55
f 38 56 37
f 37 74 54
f 37 56 75
f 37 75 74
f 38 57 56
f 38 80 57
f 59 89 38
f 80 38 89
f 60 41 39
f 55 58 39
f 58 60 39
f 67 40 47
f 40 67 59
f 42 41 61
f 41 60 61
f 43 42 62
f 61 62 42
f 44 43 63
f 43 62 63
f 44 64 45
f 64 44 63
f 46 45 65
f 45 64 65
f 47 46 66
f 46 65 66
f 66 67 47
f 48 49 68
f 55 48 76
f 76 48 68
f 69 49 50
f 69 68 49
f 70 50 51
f 69 50 70
f 71 51 52
f 71 70 51
f 53 72 52
f 52 72 71
f 53 54 73
f 53 73 72
f 74 73 54
f 55 76 58
f 56 57 77
f 97 75 56
f 56 77 98
f 56 98 97
f 77 57 78
f 103 78 57
f 80 113 57
f 103 57 113
f 79 60 58
f 76 79 58
f 67 88 59
f 88 89 59
f 82 61 60
f 60 79 81
f 60 81 82
f 61 83 62
f 61 82 83
f 84 63 62
f 62 83 84
f 64 63 85
f 84 85 63
f 64 85 65
f 87 66 65
f 65 85 86
f 86 87 65
f 87 67 66
f 88 67 87
f 68 69 90
f 68 100 76
f 90 100 68
f 69 70 91
f 91 90 69
f 92 70 71
f 91 70 92
f 71 72 93
f 71 93 92
f 72 73 94
f 93 72 94
f 95 73 74
f 95 94 73
f 75 96 74
f 74 96 95
f 96 75 97
f 76 100 79
f 78 99 77
f 77 122 98
f 122 77 99
f 99 78 101
f 78 127 101
f 103 137 78
f 127 78 137
f 81 79 102
f 79 100 102
f 80 89 112
f 80 112 113
f 82 81 105
f 104 81 102
f 104 105 81
f 106 83 82
f 82 105 106
f 84 83 107
f 107 83 106
f 84 108 85
f 84 107 108
f 86 85 108
f 86 110 87
f 86 108 109
f 110 86 109
f 110 88 87
f 89 88 111
f 88 110 111
f 89 111 112
f 114 90 91
f 123 100 90
f 123 90 114
f 114 91 92
f 115 92 93
f 115 114 92
f 93 94 116
f 116 115 93
f 95 117 94
f 116 94 117
f 95 96 118
f 118 117 95
f 96 97 119
f 119 118 96
f 98 120 97
f 97 120 119
f 98 121 120
f 98 122 121
f 101 147 99
f 146 122 99
f 146 99 147
f 123 102 100
f 125 124 101
f 147 101 124
f 125 101 151
f 127 151 101
f 102 126 104
f 102 123 126
f 113 136 103
f 103 136 137
f 104 128 105
f 104 126 128
f 106 105 129
f 105 128 129
f 107 106 130
f 130 106 129
f 107 131 108
f 107 130 131
f 108 131 109
f 110 109 133
f 131 132 109
f 133 109 132
f 110 133 111
f 134 112 111
f 111 133 134
f 112 135 113
f 135 112 134
f 135 136 113
f 115 138 114
f 114 148 123
f 148 114 138
f 115 116 139
f 138 115 139
f 117 140 116
f 139 116 140
f 118 141 117
f 117 141 140
f 142 118 119
f 141 118 142
f 143 119 120
f 142 119 143
f 121 144 120
f 144 143 120
f 121 122 145
f 145 144 121
f 122 146 145
f 148 126 123
f 149 124 125
f 124 172 147
f 149 173 124
f 124 173 172
f 125 178 149
f 190 125 151
f 190 178 125
f 126 150 128
f 126 148 150
f 127 137 161
f 127 162 151
f 162 127 161
f 128 153 129
f 150 152 128
f 153 128 152
f 130 129 154
f 129 153 154
f 155 131 130
f 155 130 154
f 155 132 131
f 133 132 157
f 132 155 156
f 132 156 157
f 133 157 134
f 135 134 158
f 134 157 158
f 135 159 136
f 158 159 135
f 136 160 137
f 136 159 160
f 137 160 161
f 139 163 138
f 138 174 148
f 174 138 163
f 139 140 164
f 164 163 139
f 140 141 165
f 140 165 164
f 166 141 142
f 166 165 141
f 142 143 167
f 166 142 167
f 143 144 168
f 167 143 168
f 145 169 144
f 168 144 169
f 145 146 170
f 145 170 169
f 147 171 146
f 171 170 146
f 147 172 171
f 150 148 174
f 149 201 173
f 178 175 149
f 203 149 175
f 203 201 149
f 152 150 177
f 177 150 174
f 151 162 190
f 180 153 152
f 179 152 177
f 152 179 180
f 154 153 181
f 153 180 181
f 182 155 154
f 182 154 181
f 155 183 156
f 183 155 182
f 184 157 156
f 184 156 183
f 185 158 157
f 184 185 157
f 185 159 158
f 159 186 160
f 159 185 186
f 160 187 161
f 186 187 160
f 162 161 188
f 188 161 187
f 162 188 189
f 189 190 162
f 191 163 164
f 202 174 163
f 202 163 191
f 192 164 165
f 191 164 192
f 166 193 165
f 193 192 165
f 166 167 194
f 193 166 194
f 168 195 167
f 195 194 167
f 168 169 196
f 168 196 195
f 169 170 197
f 169 197 196
f 170 171 198
f 197 170 198
f 171 172 199
f 199 198 171
f 172 173 200
f 200 199 172
f 201 200 173
f 202 177 174
f 176 203 175
f 176 175 207
f 175 178 207
f 204 203 176
f 204 176 205
f 236 205 176
f 249 176 207
f 236 176 249
f 206 179 177
f 206 177 202
f 219 178 190
f 219 207 178
f 179 209 180
f 206 208 179
f 208 209 179
f 180 210 181
f 210 180 209
f 181 211 182
f 210 211 181
f 212 183 182
f 182 211 212
f 184 183 212
f 184 214 185
f 184 212 213
f 213 214 184
f 185 214 186
f 215 187 186
f 215 186 214
f 216 188 187
f 216 187 215
f 188 217 189
f 216 217 188
f 190 189 218
f 217 218 189
f 219 190 218
f 220 191 192
f 191 233 202
f 220 233 191
f 221 192 193
f 221 220 192
f 194 222 193
f 222 221 193
f 223 194 195
f 223 222 194
f 224 195 196
f 224 223 195
f 196 197 225
f 225 224 196
f 197 198 226
f 226 225 197
f 227 198 199
f 227 226 198
f 228 199 200
f 199 228 227
f 201 229 200
f 200 229 228
f 203 230 201
f 201 230 229
f 233 206 202
f 204 231 203
f 231 230 203
f 232 204 205
f 231 204 260
f 232 261 204
f 204 261 260
f 232 205 234
f 205 266 234
f 279 205 236
f 266 205 279
f 206 235 208
f 206 233 235
f 219 248 207
f 249 207 248
f 209 208 238
f 237 208 235
f 237 238 208
f 209 239 210
f 209 238 239
f 211 210 240
f 239 240 210
f 211 241 212
f 240 241 211
f 212 241 213
f 243 214 213
f 242 213 241
f 213 242 243
f 215 214 243
f 245 216 215
f 215 243 244
f 245 215 244
f 217 216 246
f 216 245 246
f 247 218 217
f 247 217 246
f 219 218 248
f 247 248 218
f 250 220 221
f 220 262 233
f 262 220 250
f 250 221 222
f 222 223 251
f 251 250 222
f 223 224 252
f 251 223 252
f 224 225 253
f 252 224 253
f 226 254 225
f 254 253 225
f 226 227 255
f 255 254 226
f 227 228 256
f 255 227 256
f 228 229 257
f 256 228 257
f 230 258 229
f 258 257 229
f 231 259 230
f 230 259 258
f 231 260 259
f 234 263 232
f 261 232 291
f 232 263 292
f 232 292 291
f 262 235 233
f 234 264 263
f 234 297 264
f 266 311 234
f 311 297 234
f 237 235 262
f 236 249 278
f 279 236 278
f 237 267 238
f 265 237 262
f 265 267 237
f 239 238 268
f 267 268 238
f 239 269 240
f 269 239 268
f 240 270 241
f 270 240 269
f 270 242 241
f 243 242 272
f 270 271 242
f 271 272 242
f 272 244 243
f 245 244 274
f 273 244 272
f 274 244 273
f 275 246 245
f 274 275 245
f 276 247 246
f 275 276 246
f 247 277 248
f 276 277 247
f 277 249 248
f 277 278 249
f 250 251 280
f 250 293 262
f 250 280 293
f 252 281 251
f 280 251 281
f 252 253 282
f 282 281 252
f 253 254 283
f 253 283 282
f 255 284 254
f 284 283 254
f 256 285 255
f 255 285 284
f 256 257 286
f 256 286 285
f 258 287 257
f 257 287 286
f 259 288 258
f 258 288 287
f 289 259 260
f 289 288 259
f 290 260 261
f 289 260 290
f 291 290 261
f 265 262 293
f 263 264 325
f 292 263 324
f 263 325 324
f 264 295 294
f 325 264 294
f 264 330 295
f 345 264 297
f 330 264 345
f 298 267 265
f 296 265 293
f 296 298 265
f 279 310 266
f 266 310 311
f 267 299 268
f 298 299 267
f 268 300 269
f 268 299 300
f 301 270 269
f 301 269 300
f 301 271 270
f 303 272 271
f 271 301 302
f 303 271 302
f 273 272 303
f 305 274 273
f 304 273 303
f 273 304 305
f 274 306 275
f 306 274 305
f 275 307 276
f 275 306 307
f 276 308 277
f 307 308 276
f 277 308 278
f 278 309 279
f 278 308 309
f 309 310 279
f 280 281 312
f 280 326 293
f 280 312 326
f 281 282 313
f 281 313 312
f 283 314 282
f 314 313 282
f 283 284 315
f 315 314 283
f 284 285 316
f 316 315 284
f 286 317 285
f 317 316 285
f 287 318 286
f 286 318 317
f 319 287 288
f 287 319 318
f 320 288 289
f 319 288 320
f 289 290 321
f 320 289 321
f 291 322 290
f 290 322 321
f 292 323 291
f 291 323 322
f 323 292 324
f 296 293 326
f 404 294 295
f 294 403 325
f 404 403 294
f 295 328 327
f 295 327 404
f 295 568 328
f 295 330 568
f 298 296 331
f 296 326 329
f 296 329 331
f 344 297 311
f 345 297 344
f 299 298 332
f 331 332 298
f 299 333 300
f 332 333 299
f 301 300 334
f 333 334 300
f 301 335 302
f 335 301 334
f 302 336 303
f 336 302 335
f 303 336 304
f 305 304 338
f 304 336 337
f 337 338 304
f 306 305 339
f 305 338 339
f 306 340 307
f 340 306 339
f 307 341 308
f 340 341 307
f 308 342 309
f 341 342 308
f 309 343 310
f 309 342 343
f 311 310 343
f 343 344 311
f 390 312 313
f 456 326 312
f 456 312 390
f 313 314 391
f 313 391 390
f 315 392 314
f 314 392 391
f 315 316 393
f 392 315 393
f 394 316 317
f 393 316 394
f 318 395 317
f 394 317 395
f 318 319 396
f 396 395 318
f 319 320 397
f 319 397 396
f 320 321 398
f 397 320 398
f 399 321 322
f 398 321 399
f 323 400 322
f 399 322 400
f 323 324 401
f 401 400 323
f 402 324 325
f 401 324 402
f 402 325 403
f 456 329 326
f 457 327 328
f 327 831 404
f 833 327 457
f 833 831 327
f 457 328 513
f 513 328 569
f 328 568 569
f 329 623 331
f 456 567 329
f 329 567 623
f 345 638 330
f 638 568 330
f 332 331 624
f 331 623 624
f 333 332 625
f 332 624 625
f 334 333 626
f 626 333 625
f 627 335 334
f 627 334 626
f 628 336 335
f 335 627 628
f 629 337 336
f 629 336 628
f 630 338 337
f 630 337 629
f 631 339 338
f 630 631 338
f 340 339 632
f 632 339 631
f 341 340 633
f 340 632 633
f 342 341 634
f 341 633 634
f 343 342 635
f 635 342 634
f 344 343 636
f 343 635 636
f 637 345 344
f 637 344 636
f 345 637 638
f 411 347 346
f 346 347 741
f 346 409 410
f 346 802 409
f 410 411 346
f 740 346 741
f 740 802 346
f 348 347 412
f 348 742 347
f 412 347 411
f 347 742 741
f 349 348 413
f 349 743 348
f 413 348 412
f 348 743 742
f 350 349 414
f 350 744 349
f 414 349 413
f 744 743 349
f 415 351 350
f 351 745 350
f 415 350 414
f 745 744 350
f 416 352 351
f 351 352 746
f 351 415 416
f 746 745 351
f 353 352 417
f 747 352 353
f 416 417 352
f 352 747 746
f 354 353 418
f 748 353 354
f 417 418 353
f 353 748 747
f 354 419 355
f 749 354 355
f 418 419 354
f 748 354 749
f 355 420 356
f 355 356 750
f 355 419 420
f 749 355 750
f 356 421 357
f 357 751 356
f 420 421 356
f 750 356 751
f 357 422 358
f 357 358 752
f 422 357 421
f 752 751 357
f 423 359 358
f 358 359 753
f 422 423 358
f 753 752 358
f 424 360 359
f 754 359 360
f 423 424 359
f 753 359 754
f 360 425 361
f 360 361 755
f 424 425 360
f 360 755 754
f 361 426 362
f 756 361 362
f 425 426 361
f 756 755 361
f 363 362 427
f 362 363 757
f 427 362 426
f 362 757 756
f 364 363 428
f 758 363 364
f 363 427 428
f 363 758 757
f 364 429 365
f 364 365 759
f 429 364 428
f 364 759 758
f 366 365 430
f 760 365 366
f 430 365 429
f 759 365 760
f 431 367 366
f 761 366 367
f 431 366 430
f 761 760 366
f 368 367 432
f 367 368 762
f 367 431 432
f 762 761 367
f 433 369 368
f 763 368 369
f 433 368 432
f 762 368 763
f 434 370 369
f 369 370 764
f 434 369 433
f 369 764 763
f 435 371 370
f 371 765 370
f 434 435 370
f 764 370 765
f 436 372 371
f 371 372 766
f 371 435 436
f 371 766 765
f 373 372 437
f 373 767 372
f 437 372 436
f 767 766 372
f 438 374 373
f 373 374 768
f 373 437 438
f 373 768 767
f 439 375 374
f 375 769 374
f 374 438 439
f 768 374 769
f 376 375 440
f 770 375 376
f 440 375 439
f 769 375 770
f 441 377 376
f 771 376 377
f 441 376 440
f 771 770 376
f 378 377 442
f 772 377 378
f 377 441 442
f 771 377 772
f 378 443 379
f 379 773 378
f 442 443 378
f 773 772 378
f 379 444 380
f 774 379 380
f 443 444 379
f 379 774 773
f 380 445 381
f 381 775 380
f 444 445 380
f 380 775 774
f 382 381 446
f 381 382 776
f 445 446 381
f 776 775 381
f 382 447 383
f 383 777 382
f 446 447 382
f 382 777 776
f 384 383 448
f 384 778 383
f 383 447 448
f 383 778 777
f 385 384 449
f 384 385 779
f 449 384 448
f 779 778 384
f 386 385 450
f 780 385 386
f 450 385 449
f 385 780 779
f 451 387 386
f 781 386 387
f 451 386 450
f 386 781 780
f 452 388 387
f 782 387 388
f 452 387 451
f 781 387 782
f 453 389 388
f 389 783 388
f 453 388 452
f 783 782 388
f 389 453 454
f 454 803 389
f 389 803 783
f 390 391 809
f 456 390 877
f 390 809 877
f 391 392 810
f 809 391 810
f 392 393 811
f 811 810 392
f 394 812 393
f 811 393 812
f 394 395 813
f 812 394 813
f 396 814 395
f 813 395 814
f 396 397 815
f 815 814 396
f 398 817 397
f 397 817 815
f 398 399 819
f 398 819 817
f 399 400 821
f 399 821 819
f 400 401 823
f 821 400 823
f 402 825 401
f 825 823 401
f 402 403 827
f 402 827 825
f 829 403 404
f 403 829 827
f 404 831 829
f 406 405 462
f 799 405 406
f 461 405 460
f 852 460 405
f 405 461 462
f 798 405 799
f 405 798 852
f 407 406 463
f 800 406 407
f 463 406 462
f 800 799 406
f 464 408 407
f 407 408 801
f 464 407 463
f 407 801 800
f 465 409 408
f 409 802 408
f 465 408 464
f 801 408 802
f 466 410 409
f 409 465 466
f 411 410 467
f 467 410 466
f 468 412 411
f 467 468 411
f 412 469 413
f 412 468 469
f 413 470 414
f 413 469 470
f 414 471 415
f 414 470 471
f 416 415 472
f 415 471 472
f 417 416 473
f 416 472 473
f 417 474 418
f 473 474 417
f 418 475 419
f 418 474 475
f 419 476 420
f 419 475 476
f 420 477 421
f 476 477 420
f 478 422 421
f 421 477 478
f 479 423 422
f 479 422 478
f 423 480 424
f 479 480 423
f 481 425 424
f 481 424 480
f 425 482 426
f 482 425 481
f 483 427 426
f 483 426 482
f 428 427 484
f 484 427 483
f 429 428 485
f 484 485 428
f 430 429 486
f 486 429 485
f 431 430 487
f 430 486 487
f 432 431 488
f 488 431 487
f 433 432 489
f 432 488 489
f 490 434 433
f 490 433 489
f 491 435 434
f 491 434 490
f 436 435 492
f 492 435 491
f 436 493 437
f 492 493 436
f 494 438 437
f 437 493 494
f 439 438 495
f 438 494 495
f 440 439 496
f 496 439 495
f 440 497 441
f 440 496 497
f 442 441 498
f 441 497 498
f 443 442 499
f 442 498 499
f 500 444 443
f 499 500 443
f 501 445 444
f 444 500 501
f 502 446 445
f 502 445 501
f 503 447 446
f 503 446 502
f 448 447 504
f 504 447 503
f 505 449 448
f 448 504 505
f 450 449 506
f 505 506 449
f 451 450 507
f 506 507 450
f 452 451 508
f 508 451 507
f 453 452 509
f 452 508 509
f 454 453 510
f 453 509 510
f 455 454 511
f 804 454 455
f 510 511 454
f 804 803 454
f 455 511 512
f 853 455 512
f 804 455 853
f 456 877 567
f 513 458 457
f 457 458 836
f 835 833 457
f 457 836 835
f 878 458 513
f 858 836 458
f 878 858 458
f 460 459 514
f 852 459 460
f 459 892 514
f 852 851 459
f 851 871 459
f 459 871 892
f 460 515 461
f 515 460 514
f 462 461 516
f 461 515 516
f 462 517 463
f 516 517 462
f 518 464 463
f 517 518 463
f 464 519 465
f 518 519 464
f 465 520 466
f 465 519 520
f 466 521 467
f 466 520 521
f 522 468 467
f 521 522 467
f 523 469 468
f 523 468 522
f 470 469 524
f 524 469 523
f 525 471 470
f 524 525 470
f 471 526 472
f 526 471 525
f 472 527 473
f 527 472 526
f 473 528 474
f 473 527 528
f 474 529 475
f 528 529 474
f 476 475 530
f 475 529 530
f 476 531 477
f 531 476 530
f 477 532 478
f 531 532 477
f 478 533 479
f 532 533 478
f 534 480 479
f 533 534 479
f 481 480 535
f 535 480 534
f 482 481 536
f 536 481 535
f 483 482 537
f 536 537 482
f 483 538 484
f 483 537 538
f 539 485 484
f 538 539 484
f 485 540 486
f 485 539 540
f 541 487 486
f 486 540 541
f 488 487 542
f 487 541 542
f 488 543 489
f 488 542 543
f 544 490 489
f 489 543 544
f 545 491 490
f 545 490 544
f 492 491 546
f 546 491 545
f 493 492 547
f 546 547 492
f 494 493 548
f 548 493 547
f 494 549 495
f 549 494 548
f 495 550 496
f 495 549 550
f 497 496 551
f 496 550 551
f 498 497 552
f 552 497 551
f 499 498 553
f 498 552 553
f 554 500 499
f 553 554 499
f 501 500 555
f 555 500 554
f 501 556 502
f 555 556 501
f 502 557 503
f 502 556 557
f 503 558 504
f 503 557 558
f 505 504 559
f 504 558 559
f 506 505 560
f 559 560 505
f 506 561 507
f 560 561 506
f 507 562 508
f 507 561 562
f 509 508 563
f 508 562 563
f 509 564 510
f 509 563 564
f 565 511 510
f 565 510 564
f 511 566 512
f 511 565 566
f 512 566 893
f 512 872 853
f 872 512 893
f 899 513 569
f 878 513 899
f 515 514 571
f 570 571 514
f 514 892 570
f 572 516 515
f 515 571 572
f 517 516 573
f 516 572 573
f 574 518 517
f 573 574 517
f 518 575 519
f 574 575 518
f 520 519 576
f 519 575 576
f 521 520 577
f 576 577 520
f 578 522 521
f 578 521 577
f 523 522 579
f 579 522 578
f 580 524 523
f 523 579 580
f 581 525 524
f 524 580 581
f 582 526 525
f 582 525 581
f 583 527 526
f 583 526 582
f 528 527 584
f 583 584 527
f 585 529 528
f 584 585 528
f 529 586 530
f 585 586 529
f 530 587 531
f 586 587 530
f 588 532 531
f 531 587 588
f 532 589 533
f 532 588 589
f 533 590 534
f 589 590 533
f 535 534 591
f 590 591 534
f 536 535 592
f 535 591 592
f 537 536 593
f 536 592 593
f 537 594 538
f 593 594 537
f 538 595 539
f 594 595 538
f 539 596 540
f 595 596 539
f 541 540 597
f 540 596 597
f 541 598 542
f 541 597 598
f 542 599 543
f 542 598 599
f 543 600 544
f 600 543 599
f 544 601 545
f 600 601 544
f 546 545 602
f 601 602 545
f 546 603 547
f 603 546 602
f 547 604 548
f 547 603 604
f 548 605 549
f 548 604 605
f 549 606 550
f 605 606 549
f 550 607 551
f 550 606 607
f 552 551 608
f 551 607 608
f 552 609 553
f 552 608 609
f 610 554 553
f 553 609 610
f 555 554 611
f 554 610 611
f 555 612 556
f 555 611 612
f 557 556 613
f 613 556 612
f 557 614 558
f 557 613 614
f 558 615 559
f 558 614 615
f 616 560 559
f 616 559 615
f 617 561 560
f 616 617 560
f 618 562 561
f 561 617 618
f 562 619 563
f 618 619 562
f 620 564 563
f 620 563 619
f 621 565 564
f 621 564 620
f 566 565 622
f 565 621 622
f 566 622 914
f 566 914 893
f 567 898 623
f 567 877 898
f 568 935 569
f 568 638 935
f 899 569 937
f 569 935 936
f 937 569 936
f 570 639 571
f 639 570 952
f 892 913 570
f 913 952 570
f 571 640 572
f 571 639 640
f 572 641 573
f 572 640 641
f 573 642 574
f 641 642 573
f 643 575 574
f 643 574 642
f 576 575 644
f 644 575 643
f 577 576 645
f 645 576 644
f 578 577 646
f 577 645 646
f 578 647 579
f 646 647 578
f 579 648 580
f 647 648 579
f 580 649 581
f 648 649 580
f 650 582 581
f 581 649 650
f 583 582 651
f 582 650 651
f 583 652 584
f 583 651 652
f 584 653 585
f 652 653 584
f 585 654 586
f 653 654 585
f 587 586 655
f 586 654 655
f 588 587 656
f 655 656 587
f 588 657 589
f 588 656 657
f 658 590 589
f 658 589 657
f 659 591 590
f 659 590 658
f 660 592 591
f 659 660 591
f 593 592 661
f 661 592 660
f 594 593 662
f 593 661 662
f 663 595 594
f 662 663 594
f 664 596 595
f 664 595 663
f 597 596 665
f 665 596 664
f 666 598 597
f 666 597 665
f 667 599 598
f 667 598 666
f 599 668 600
f 599 667 668
f 669 601 600
f 668 669 600
f 602 601 670
f 670 601 669
f 603 602 671
f 602 670 671
f 604 603 672
f 671 672 603
f 673 605 604
f 604 672 673
f 606 605 674
f 674 605 673
f 606 675 607
f 675 606 674
f 608 607 676
f 676 607 675
f 609 608 677
f 608 676 677
f 609 678 610
f 609 677 678
f 611 610 679
f 679 610 678
f 612 611 680
f 680 611 679
f 612 681 613
f 680 681 612
f 613 682 614
f 681 682 613
f 614 683 615
f 614 682 683
f 616 615 684
f 684 615 683
f 685 617 616
f 685 616 684
f 617 686 618
f 617 685 686
f 618 687 619
f 686 687 618
f 620 619 688
f 687 688 619
f 620 689 621
f 688 689 620
f 953 622 621
f 621 689 953
f 622 954 914
f 954 622 953
f 624 623 920
f 919 623 898
f 919 920 623
f 921 625 624
f 921 624 920
f 922 626 625
f 922 625 921
f 627 626 923
f 626 922 923
f 627 924 628
f 924 627 923
f 628 925 629
f 628 924 925
f 630 629 926
f 629 925 926
f 927 631 630
f 630 926 927
f 631 928 632
f 927 928 631
f 632 929 633
f 632 928 929
f 634 633 930
f 930 633 929
f 634 931 635
f 930 931 634
f 932 636 635
f 635 931 932
f 933 637 636
f 933 636 932
f 934 638 637
f 637 933 934
f 935 638 934
f 640 639 970
f 969 639 952
f 970 639 969
f 640 971 641
f 640 970 971
f 972 642 641
f 641 971 972
f 643 642 973
f 972 973 642
f 643 690 644
f 643 973 690
f 644 691 645
f 644 690 691
f 646 645 692
f 691 692 645
f 693 647 646
f 646 692 693
f 694 648 647
f 647 693 694
f 695 649 648
f 648 694 695
f 650 649 696
f 696 649 695
f 697 651 650
f 696 697 650
f 652 651 698
f 698 651 697
f 652 699 653
f 652 698 699
f 700 654 653
f 699 700 653
f 655 654 701
f 700 701 654
f 656 655 702
f 655 701 702
f 657 656 703
f 703 656 702
f 658 657 704
f 704 657 703
f 659 658 705
f 704 705 658
f 706 660 659
f 659 705 706
f 660 707 661
f 706 707 660
f 662 661 708
f 661 707 708
f 662 709 663
f 708 709 662
f 663 710 664
f 663 709 710
f 665 664 711
f 664 710 711
f 666 665 712
f 712 665 711
f 667 666 713
f 713 666 712
f 668 667 714
f 667 713 714
f 669 668 715
f 715 668 714
f 670 669 716
f 669 715 716
f 671 670 717
f 670 716 717
f 671 718 672
f 717 718 671
f 673 672 719
f 672 718 719
f 720 674 673
f 673 719 720
f 675 674 721
f 720 721 674
f 722 676 675
f 721 722 675
f 677 676 723
f 723 676 722
f 724 678 677
f 723 724 677
f 679 678 725
f 724 725 678
f 726 680 679
f 726 679 725
f 727 681 680
f 680 726 727
f 682 681 728
f 728 681 727
f 729 683 682
f 682 728 729
f 684 683 730
f 730 683 729
f 731 685 684
f 730 731 684
f 686 685 732
f 732 685 731
f 733 687 686
f 686 732 733
f 687 974 688
f 733 974 687
f 975 689 688
f 975 688 974
f 689 975 953
f 987 691 690
f 986 690 973
f 986 987 690
f 988 692 691
f 988 691 987
f 693 692 989
f 988 989 692
f 694 693 990
f 989 990 693
f 694 991 695
f 991 694 990
f 696 695 992
f 695 991 992
f 696 993 697
f 696 992 993
f 994 698 697
f 697 993 994
f 699 698 995
f 994 995 698
f 996 700 699
f 699 995 996
f 997 701 700
f 997 700 996
f 702 701 998
f 998 701 997
f 999 703 702
f 702 998 999
f 704 703 1000
f 1000 703 999
f 704 1001 705
f 1000 1001 704
f 706 705 1002
f 1002 705 1001
f 706 1003 707
f 1002 1003 706
f 707 1004 708
f 707 1003 1004
f 708 1005 709
f 1004 1005 708
f 709 1006 710
f 1005 1006 709
f 710 1007 711
f 1006 1007 710
f 712 711 1008
f 1008 711 1007
f 713 712 1009
f 1009 712 1008
f 714 713 1010
f 1010 713 1009
f 715 714 1011
f 1011 714 1010
f 1012 716 715
f 1012 715 1011
f 717 716 1013
f 716 1012 1013
f 1014 718 717
f 1013 1014 717
f 718 1015 719
f 1014 1015 718
f 720 719 1016
f 719 1015 1016
f 1017 721 720
f 720 1016 1017
f 1018 722 721
f 1017 1018 721
f 723 722 1019
f 1018 1019 722
f 724 723 1020
f 1020 723 1019
f 1021 725 724
f 1020 1021 724
f 1022 726 725
f 1021 1022 725
f 727 726 1023
f 726 1022 1023
f 728 727 1024
f 1024 727 1023
f 1025 729 728
f 728 1024 1025
f 730 729 1026
f 1026 729 1025
f 1027 731 730
f 1026 1027 730
f 732 731 1028
f 731 1027 1028
f 732 1029 733
f 732 1028 1029
f 733 1029 974
f 798 735 734
f 734 735 1034
f 796 797 734
f 1098 796 734
f 734 797 798
f 734 1034 1033
f 734 1033 1098
f 736 735 799
f 1035 735 736
f 735 798 799
f 1034 735 1035
f 737 736 800
f 737 1036 736
f 800 736 799
f 1036 1035 736
f 738 737 801
f 738 1037 737
f 801 737 800
f 1037 1036 737
f 738 802 739
f 739 1038 738
f 801 802 738
f 1038 1037 738
f 739 802 740
f 739 740 1039
f 1039 1038 739
f 740 741 1040
f 1040 1039 740
f 1041 741 742
f 1040 741 1041
f 1042 742 743
f 1041 742 1042
f 744 1043 743
f 743 1043 1042
f 744 745 1044
f 1043 744 1044
f 746 1045 745
f 1044 745 1045
f 747 1046 746
f 1046 1045 746
f 747 748 1047
f 1047 1046 747
f 748 749 1048
f 1047 748 1048
f 750 1049 749
f 749 1049 1048
f 750 751 1050
f 1049 750 1050
f 751 752 1051
f 751 1051 1050
f 752 753 1052
f 1051 752 1052
f 754 1053 753
f 1052 753 1053
f 754 755 1054
f 1054 1053 754
f 1055 755 756
f 1054 755 1055
f 757 1056 756
f 756 1056 1055
f 1057 757 758
f 757 1057 1056
f 758 759 1058
f 758 1058 1057
f 1059 759 760
f 1058 759 1059
f 761 1060 760
f 1060 1059 760
f 1061 761 762
f 1060 761 1061
f 1062 762 763
f 1061 762 1062
f 764 1063 763
f 1063 1062 763
f 764 765 1064
f 764 1064 1063
f 1065 765 766
f 1064 765 1065
f 767 1066 766
f 766 1066 1065
f 767 768 1067
f 1066 767 1067
f 768 769 1068
f 768 1068 1067
f 770 1069 769
f 769 1069 1068
f 771 1070 770
f 1070 1069 770
f 1071 771 772
f 1071 1070 771
f 773 1072 772
f 772 1072 1071
f 773 774 1073
f 1073 1072 773
f 1074 774 775
f 1073 774 1074
f 1075 775 776
f 1074 775 1075
f 777 1076 776
f 1076 1075 776
f 778 1077 777
f 1077 1076 777
f 1078 778 779
f 1077 778 1078
f 779 780 1079
f 779 1079 1078
f 780 781 1080
f 1079 780 1080
f 782 1081 781
f 1081 1080 781
f 782 783 1082
f 1082 1081 782
f 784 783 803
f 784 1083 783
f 1083 1082 783
f 784 804 785
f 785 1084 784
f 784 803 804
f 1084 1083 784
f 786 785 805
f 1085 785 786
f 804 805 785
f 785 1085 1084
f 806 786 805
f 806 1099 786
f 1099 1085 786
f 787 843 788
f 787 788 1090
f 841 842 787
f 787 1115 841
f 842 843 787
f 1089 787 1090
f 1089 1115 787
f 788 844 789
f 788 789 1091
f 788 843 844
f 1090 788 1091
f 789 845 790
f 789 790 1092
f 844 845 789
f 789 1092 1091
f 846 791 790
f 790 791 1093
f 846 790 845
f 790 1093 1092
f 791 847 792
f 791 792 1094
f 846 847 791
f 791 1094 1093
f 848 793 792
f 1095 792 793
f 792 847 848
f 1094 792 1095
f 794 793 849
f 1096 793 794
f 848 849 793
f 1096 1095 793
f 795 794 850
f 1097 794 795
f 849 850 794
f 1096 794 1097
f 796 795 851
f 1098 795 796
f 851 795 850
f 1098 1097 795
f 852 797 796
f 796 851 852
f 852 798 797
f 853 805 804
f 806 805 854
f 805 853 854
f 806 855 807
f 806 807 1100
f 806 854 855
f 806 1100 1099
f 856 808 807
f 808 1101 807
f 856 807 855
f 807 1101 1100
f 857 808 856
f 857 1116 808
f 1116 1101 808
f 810 1120 809
f 1120 877 809
f 811 1121 810
f 810 1121 1120
f 1123 811 812
f 1123 1121 811
f 813 1125 812
f 1123 812 1125
f 813 814 1129
f 1127 1125 813
f 813 1129 1127
f 814 815 1129
f 815 818 816
f 816 1129 815
f 817 818 815
f 816 818 1325
f 1129 816 1130
f 1130 816 1325
f 817 820 818
f 817 819 820
f 818 820 1327
f 1325 818 1327
f 822 820 819
f 819 821 822
f 822 1329 820
f 1329 1327 820
f 821 824 822
f 821 823 824
f 824 1331 822
f 822 1331 1329
f 824 823 826
f 826 823 825
f 826 1333 824
f 824 1333 1331
f 826 825 828
f 827 828 825
f 828 1105 826
f 826 1105 1104
f 826 1104 1333
f 828 827 830
f 830 827 829
f 1106 828 830
f 1105 828 1106
f 830 829 832
f 829 831 832
f 1107 830 832
f 1107 1106 830
f 832 831 834
f 834 831 833
f 834 1108 832
f 1108 1107 832
f 834 833 835
f 1109 834 835
f 1109 1108 834
f 1110 835 836
f 1110 1109 835
f 837 836 858
f 837 1111 836
f 1110 836 1111
f 859 838 837
f 837 838 1112
f 837 858 859
f 1112 1111 837
f 860 839 838
f 1113 838 839
f 860 838 859
f 1113 1112 838
f 840 839 861
f 1114 839 840
f 861 839 860
f 1113 839 1114
f 841 840 862
f 841 1115 840
f 840 861 862
f 840 1115 1114
f 842 841 863
f 863 841 862
f 843 842 864
f 864 842 863
f 843 865 844
f 843 864 865
f 866 845 844
f 865 866 844
f 846 845 867
f 867 845 866
f 868 847 846
f 846 867 868
f 848 847 869
f 868 869 847
f 870 849 848
f 848 869 870
f 849 871 850
f 870 871 849
f 851 850 871
f 853 872 854
f 854 873 855
f 854 872 873
f 856 855 874
f 874 855 873
f 857 856 875
f 856 874 875
f 876 857 875
f 1131 857 876
f 1116 857 1131
f 859 858 879
f 878 879 858
f 859 880 860
f 859 879 880
f 860 881 861
f 880 881 860
f 861 882 862
f 882 861 881
f 862 883 863
f 862 882 883
f 863 884 864
f 883 884 863
f 865 864 885
f 884 885 864
f 865 886 866
f 885 886 865
f 887 867 866
f 866 886 887
f 867 888 868
f 887 888 867
f 889 869 868
f 868 888 889
f 869 890 870
f 889 890 869
f 891 871 870
f 870 890 891
f 871 891 892
f 873 872 894
f 893 894 872
f 873 895 874
f 894 895 873
f 874 896 875
f 874 895 896
f 876 875 897
f 897 875 896
f 1140 876 897
f 1131 876 1135
f 1140 1135 876
f 877 1139 898
f 877 1120 1139
f 900 879 878
f 878 899 900
f 880 879 901
f 900 901 879
f 902 881 880
f 880 901 902
f 882 881 903
f 903 881 902
f 883 882 904
f 882 903 904
f 883 905 884
f 905 883 904
f 885 884 906
f 884 905 906
f 885 907 886
f 885 906 907
f 908 887 886
f 908 886 907
f 888 887 909
f 909 887 908
f 910 889 888
f 910 888 909
f 911 890 889
f 911 889 910
f 912 891 890
f 911 912 890
f 913 892 891
f 912 913 891
f 894 893 915
f 893 914 915
f 894 916 895
f 894 915 916
f 896 895 917
f 917 895 916
f 897 896 918
f 917 918 896
f 897 918 1145
f 1140 897 1145
f 898 1144 919
f 898 1139 1144
f 900 899 938
f 937 938 899
f 939 901 900
f 900 938 939
f 940 902 901
f 939 940 901
f 902 941 903
f 941 902 940
f 942 904 903
f 941 942 903
f 904 943 905
f 904 942 943
f 906 905 944
f 944 905 943
f 906 945 907
f 945 906 944
f 908 907 946
f 907 945 946
f 908 947 909
f 947 908 946
f 948 910 909
f 948 909 947
f 949 911 910
f 910 948 949
f 950 912 911
f 950 911 949
f 951 913 912
f 950 951 912
f 951 952 913
f 955 915 914
f 955 914 954
f 915 956 916
f 955 956 915
f 916 957 917
f 956 957 916
f 917 1155 918
f 917 957 1155
f 1145 918 1156
f 918 1155 1156
f 919 1150 920
f 919 1144 1149
f 919 1149 1150
f 920 1151 921
f 920 1150 1151
f 922 921 1152
f 921 1151 1152
f 922 1153 923
f 1152 1153 922
f 923 1154 924
f 1154 923 1153
f 924 1154 925
f 925 1159 926
f 1154 1159 925
f 927 926 1160
f 1160 926 1159
f 927 1161 928
f 927 1160 1161
f 1162 929 928
f 1161 1162 928
f 929 1163 930
f 929 1162 1163
f 930 1164 931
f 930 1163 1164
f 932 931 1165
f 1165 931 1164
f 933 932 1166
f 1166 932 1165
f 934 933 1167
f 933 1166 1167
f 935 934 1168
f 1168 934 1167
f 935 1169 936
f 1168 1169 935
f 937 936 1170
f 936 1169 1170
f 937 1172 938
f 937 1170 1171
f 937 1171 1172
f 939 938 1173
f 938 1172 1173
f 1174 940 939
f 1173 1174 939
f 1175 941 940
f 1174 1175 940
f 942 941 958
f 958 941 1175
f 942 959 943
f 958 959 942
f 960 944 943
f 960 943 959
f 961 945 944
f 961 944 960
f 945 962 946
f 961 962 945
f 947 946 963
f 962 963 946
f 948 947 964
f 964 947 963
f 948 965 949
f 948 964 965
f 949 966 950
f 965 966 949
f 950 967 951
f 950 966 967
f 951 967 952
f 968 952 967
f 969 952 968
f 954 953 976
f 953 975 976
f 954 977 955
f 977 954 976
f 955 979 956
f 977 978 955
f 955 978 979
f 957 956 979
f 979 1176 957
f 1155 957 1176
f 958 1183 959
f 1182 958 1175
f 1182 1183 958
f 960 959 1184
f 959 1183 1184
f 1185 961 960
f 1185 960 1184
f 1186 962 961
f 1186 961 1185
f 1187 963 962
f 1187 962 1186
f 964 963 1188
f 963 1187 1188
f 965 964 1189
f 964 1188 1189
f 966 965 1190
f 1190 965 1189
f 966 1191 967
f 966 1190 1191
f 968 967 980
f 980 967 1191
f 969 968 981
f 981 968 980
f 969 981 970
f 982 971 970
f 982 970 981
f 972 971 983
f 983 971 982
f 984 973 972
f 984 972 983
f 985 973 984
f 986 973 985
f 974 1030 975
f 1029 1030 974
f 976 975 1031
f 975 1030 1031
f 1192 977 976
f 976 1031 1032
f 1192 976 1032
f 1193 978 977
f 977 1192 1193
f 979 978 1194
f 978 1193 1194
f 1194 1176 979
f 980 1198 981
f 1197 980 1191
f 980 1197 1198
f 981 1199 982
f 1198 1199 981
f 983 982 1200
f 982 1199 1200
f 1201 984 983
f 1201 983 1200
f 1202 985 984
f 1202 984 1201
f 986 985 1203
f 985 1202 1203
f 986 1203 987
f 1204 988 987
f 987 1203 1204
f 1205 989 988
f 1204 1205 988
f 990 989 1206
f 1206 989 1205
f 1207 991 990
f 1207 990 1206
f 992 991 1208
f 1208 991 1207
f 992 1209 993
f 1209 992 1208
f 993 1210 994
f 1210 993 1209
f 1211 995 994
f 994 1210 1211
f 1212 996 995
f 1212 995 1211
f 1213 997 996
f 1212 1213 996
f 997 1214 998
f 997 1213 1214
f 998 1215 999
f 998 1214 1215
f 1216 1000 999
f 1215 1216 999
f 1217 1001 1000
f 1217 1000 1216
f 1002 1001 1218
f 1217 1218 1001
f 1219 1003 1002
f 1002 1218 1219
f 1004 1003 1220
f 1219 1220 1003
f 1221 1005 1004
f 1221 1004 1220
f 1005 1222 1006
f 1005 1221 1222
f 1007 1006 1223
f 1222 1223 1006
f 1008 1007 1224
f 1224 1007 1223
f 1009 1008 1225
f 1008 1224 1225
f 1010 1009 1226
f 1009 1225 1226
f 1011 1010 1227
f 1010 1226 1227
f 1228 1012 1011
f 1228 1011 1227
f 1013 1012 1229
f 1228 1229 1012
f 1013 1230 1014
f 1230 1013 1229
f 1014 1231 1015
f 1230 1231 1014
f 1232 1016 1015
f 1231 1232 1015
f 1016 1233 1017
f 1233 1016 1232
f 1017 1234 1018
f 1017 1233 1234
f 1019 1018 1235
f 1235 1018 1234
f 1020 1019 1236
f 1235 1236 1019
f 1020 1237 1021
f 1020 1236 1237
f 1238 1022 1021
f 1237 1238 1021
f 1023 1022 1239
f 1238 1239 1022
f 1024 1023 1240
f 1023 1239 1240
f 1024 1241 1025
f 1240 1241 1024
f 1026 1025 1242
f 1025 1241 1242
f 1243 1027 1026
f 1242 1243 1026
f 1028 1027 1244
f 1243 1244 1027
f 1245 1029 1028
f 1245 1028 1244
f 1030 1029 1246
f 1245 1246 1029
f 1248 1031 1030
f 1030 1246 1247
f 1248 1030 1247
f 1249 1032 1031
f 1249 1031 1248
f 1249 1192 1032
f 1033 1034 1467
f 1305 1098 1033
f 1467 1305 1033
f 1034 1035 1468
f 1467 1034 1468
f 1469 1035 1036
f 1469 1468 1035
f 1037 1470 1036
f 1470 1469 1036
f 1472 1037 1038
f 1472 1470 1037
f 1038 1039 1474
f 1472 1038 1474
f 1040 1476 1039
f 1474 1039 1476
f 1041 1478 1040
f 1040 1478 1476
f 1042 1252 1041
f 1252 1251 1041
f 1251 1478 1041
f 1043 1253 1042
f 1253 1252 1042
f 1044 1254 1043
f 1254 1253 1043
f 1255 1044 1045
f 1255 1254 1044
f 1256 1045 1046
f 1256 1255 1045
f 1046 1047 1257
f 1257 1256 1046
f 1047 1048 1258
f 1047 1258 1257
f 1259 1048 1049
f 1258 1048 1259
f 1260 1049 1050
f 1049 1260 1259
f 1261 1050 1051
f 1261 1260 1050
f 1051 1052 1262
f 1051 1262 1261
f 1053 1263 1052
f 1052 1263 1262
f 1053 1054 1264
f 1264 1263 1053
f 1054 1055 1265
f 1265 1264 1054
f 1055 1056 1266
f 1265 1055 1266
f 1056 1057 1267
f 1266 1056 1267
f 1268 1057 1058
f 1268 1267 1057
f 1059 1269 1058
f 1268 1058 1269
f 1060 1270 1059
f 1270 1269 1059
f 1271 1060 1061
f 1271 1270 1060
f 1062 1272 1061
f 1061 1272 1271
f 1062 1063 1273
f 1062 1273 1272
f 1274 1063 1064
f 1274 1273 1063
f 1065 1275 1064
f 1274 1064 1275
f 1276 1065 1066
f 1276 1275 1065
f 1277 1066 1067
f 1277 1276 1066
f 1068 1278 1067
f 1277 1067 1278
f 1069 1279 1068
f 1068 1279 1278
f 1280 1069 1070
f 1280 1279 1069
f 1070 1071 1281
f 1070 1281 1280
f 1071 1072 1282
f 1282 1281 1071
f 1283 1072 1073
f 1282 1072 1283
f 1074 1284 1073
f 1073 1284 1283
f 1074 1075 1285
f 1284 1074 1285
f 1075 1076 1286
f 1075 1286 1285
f 1076 1077 1287
f 1286 1076 1287
f 1288 1077 1078
f 1287 1077 1288
f 1078 1079 1289
f 1078 1289 1288
f 1079 1080 1290
f 1079 1290 1289
f 1080 1081 1291
f 1290 1080 1291
f 1292 1081 1082
f 1291 1081 1292
f 1293 1082 1083
f 1082 1293 1292
f 1084 1294 1083
f 1293 1083 1294
f 1084 1085 1295
f 1295 1294 1084
f 1099 1086 1085
f 1085 1086 1480
f 1295 1085 1480
f 1100 1086 1099
f 1306 1086 1100
f 1480 1086 1306
f 1088 1087 1114
f 1087 1088 1498
f 1114 1087 1113
f 1113 1087 1319
f 1319 1087 1498
f 1089 1088 1115
f 1089 1500 1088
f 1114 1115 1088
f 1498 1088 1500
f 1090 1297 1089
f 1297 1296 1089
f 1089 1296 1500
f 1091 1298 1090
f 1090 1298 1297
f 1092 1299 1091
f 1091 1299 1298
f 1092 1093 1300
f 1092 1300 1299
f 1093 1094 1301
f 1300 1093 1301
f 1302 1094 1095
f 1301 1094 1302
f 1303 1095 1096
f 1302 1095 1303
f 1096 1097 1304
f 1096 1304 1303
f 1305 1097 1098
f 1304 1097 1305
f 1307 1100 1101
f 1100 1307 1306
f 1116 1102 1101
f 1101 1102 1308
f 1101 1308 1307
f 1102 1117 1103
f 1102 1103 1309
f 1116 1117 1102
f 1308 1102 1309
f 1118 1103 1117
f 1320 1103 1118
f 1309 1103 1320
f 1311 1104 1105
f 1311 1310 1104
f 1334 1104 1310
f 1333 1104 1334
f 1106 1312 1105
f 1105 1312 1311
f 1313 1106 1107
f 1312 1106 1313
f 1108 1314 1107
f 1314 1313 1107
f 1315 1108 1109
f 1315 1314 1108
f 1110 1316 1109
f 1109 1316 1315
f 1110 1111 1317
f 1317 1316 1110
f 1112 1318 1111
f 1318 1317 1111
f 1319 1112 1113
f 1319 1318 1112
f 1131 1117 1116
f 1118 1117 1132
f 1132 1117 1131
f 1119 1118 1133
f 1118 1119 1321
f 1118 1132 1133
f 1321 1320 1118
f 1119 1133 1134
f 1335 1119 1134
f 1321 1119 1335
f 1337 1120 1121
f 1120 1337 1139
f 1124 1122 1121
f 1337 1121 1122
f 1121 1123 1124
f 1513 1122 1124
f 1337 1122 1338
f 1338 1122 1513
f 1126 1124 1123
f 1125 1126 1123
f 1515 1124 1126
f 1513 1124 1515
f 1125 1128 1126
f 1127 1128 1125
f 1517 1126 1128
f 1515 1126 1517
f 1130 1128 1127
f 1127 1129 1130
f 1324 1128 1130
f 1323 1128 1324
f 1517 1128 1323
f 1324 1130 1326
f 1130 1325 1326
f 1132 1131 1135
f 1136 1133 1132
f 1132 1135 1136
f 1133 1137 1134
f 1137 1133 1136
f 1137 1138 1134
f 1134 1138 1339
f 1335 1134 1339
f 1136 1135 1141
f 1141 1135 1140
f 1142 1137 1136
f 1136 1141 1142
f 1143 1138 1137
f 1143 1137 1142
f 1143 1343 1138
f 1339 1138 1341
f 1138 1343 1341
f 1139 1342 1144
f 1139 1337 1342
f 1146 1141 1140
f 1140 1145 1146
f 1141 1147 1142
f 1146 1147 1141
f 1148 1143 1142
f 1147 1148 1142
f 1148 1345 1143
f 1143 1345 1343
f 1144 1344 1149
f 1144 1342 1344
f 1157 1146 1145
f 1156 1157 1145
f 1147 1146 1158
f 1157 1158 1146
f 1148 1147 1347
f 1158 1347 1147
f 1148 1525 1345
f 1525 1148 1347
f 1149 1346 1150
f 1344 1346 1149
f 1348 1151 1150
f 1150 1346 1348
f 1349 1152 1151
f 1349 1151 1348
f 1152 1350 1153
f 1350 1152 1349
f 1153 1351 1154
f 1153 1350 1351
f 1154 1352 1159
f 1154 1351 1352
f 1155 1177 1156
f 1177 1155 1176
f 1157 1156 1179
f 1178 1156 1177
f 1179 1156 1178
f 1157 1179 1158
f 1158 1179 1358
f 1158 1358 1347
f 1159 1354 1160
f 1352 1353 1159
f 1159 1353 1354
f 1160 1355 1161
f 1160 1354 1355
f 1161 1356 1162
f 1355 1356 1161
f 1163 1162 1357
f 1356 1357 1162
f 1164 1163 1357
f 1165 1164 1360
f 1357 1360 1164
f 1361 1166 1165
f 1165 1360 1361
f 1362 1167 1166
f 1166 1361 1362
f 1168 1167 1363
f 1362 1363 1167
f 1168 1364 1169
f 1363 1364 1168
f 1169 1365 1170
f 1169 1364 1365
f 1171 1170 1366
f 1366 1170 1365
f 1367 1172 1171
f 1367 1171 1366
f 1173 1172 1368
f 1368 1172 1367
f 1369 1174 1173
f 1173 1368 1369
f 1175 1174 1180
f 1369 1180 1174
f 1175 1180 1181
f 1182 1175 1181
f 1177 1176 1195
f 1195 1176 1194
f 1370 1178 1177
f 1177 1195 1196
f 1177 1196 1370
f 1179 1178 1371
f 1371 1178 1370
f 1179 1371 1358
f 1374 1181 1180
f 1373 1180 1369
f 1373 1374 1180
f 1182 1181 1375
f 1181 1374 1375
f 1375 1183 1182
f 1376 1184 1183
f 1376 1183 1375
f 1185 1184 1377
f 1377 1184 1376
f 1185 1378 1186
f 1185 1377 1378
f 1186 1379 1187
f 1378 1379 1186
f 1187 1380 1188
f 1379 1380 1187
f 1189 1188 1381
f 1188 1380 1381
f 1189 1382 1190
f 1189 1381 1382
f 1190 1383 1191
f 1383 1190 1382
f 1384 1197 1191
f 1383 1384 1191
f 1193 1192 1250
f 1249 1250 1192
f 1193 1385 1194
f 1250 1385 1193
f 1195 1194 1386
f 1194 1385 1386
f 1388 1196 1195
f 1387 1195 1386
f 1388 1195 1387
f 1370 1196 1388
f 1198 1197 1389
f 1384 1389 1197
f 1390 1199 1198
f 1198 1389 1390
f 1391 1200 1199
f 1391 1199 1390
f 1201 1200 1392
f 1392 1200 1391
f 1201 1393 1202
f 1392 1393 1201
f 1202 1394 1203
f 1393 1394 1202
f 1204 1203 1395
f 1203 1394 1395
f 1396 1205 1204
f 1204 1395 1396
f 1206 1205 1397
f 1397 1205 1396
f 1398 1207 1206
f 1397 1398 1206
f 1207 1399 1208
f 1398 1399 1207
f 1208 1400 1209
f 1399 1400 1208
f 1209 1401 1210
f 1400 1401 1209
f 1210 1402 1211
f 1401 1402 1210
f 1211 1403 1212
f 1211 1402 1403
f 1404 1213 1212
f 1403 1404 1212
f 1405 1214 1213
f 1405 1213 1404
f 1406 1215 1214
f 1406 1214 1405
f 1216 1215 1407
f 1215 1406 1407
f 1217 1216 1408
f 1216 1407 1408
f 1409 1218 1217
f 1217 1408 1409
f 1219 1218 1410
f 1410 1218 1409
f 1219 1411 1220
f 1410 1411 1219
f 1220 1412 1221
f 1220 1411 1412
f 1221 1413 1222
f 1412 1413 1221
f 1222 1414 1223
f 1222 1413 1414
f 1223 1415 1224
f 1414 1415 1223
f 1225 1224 1416
f 1224 1415 1416
f 1225 1417 1226
f 1417 1225 1416
f 1227 1226 1418
f 1418 1226 1417
f 1419 1228 1227
f 1419 1227 1418
f 1420 1229 1228
f 1228 1419 1420
f 1230 1229 1421
f 1421 1229 1420
f 1422 1231 1230
f 1230 1421 1422
f 1423 1232 1231
f 1231 1422 1423
f 1232 1424 1233
f 1423 1424 1232
f 1234 1233 1425
f 1233 1424 1425
f 1426 1235 1234
f 1425 1426 1234
f 1235 1427 1236
f 1426 1427 1235
f 1237 1236 1428
f 1236 1427 1428
f 1429 1238 1237
f 1237 1428 1429
f 1430 1239 1238
f 1430 1238 1429
f 1240 1239 1431
f 1431 1239 1430
f 1432 1241 1240
f 1240 1431 1432
f 1242 1241 1433
f 1433 1241 1432
f 1434 1243 1242
f 1433 1434 1242
f 1243 1435 1244
f 1434 1435 1243
f 1244 1436 1245
f 1244 1435 1436
f 1245 1437 1246
f 1245 1436 1437
f 1247 1246 1438
f 1437 1438 1246
f 1248 1247 1439
f 1247 1438 1439
f 1440 1249 1248
f 1248 1439 1440
f 1250 1249 1441
f 1440 1441 1249
f 1250 1442 1385
f 1441 1442 1250
f 2341 1251 1252
f 1479 1478 1251
f 1479 1251 2341
f 1253 2343 1252
f 2343 2341 1252
f 1444 1253 1254
f 1444 1443 1253
f 1443 2343 1253
f 1255 1445 1254
f 1444 1254 1445
f 1255 1256 1446
f 1446 1445 1255
f 1257 1447 1256
f 1447 1446 1256
f 1257 1258 1448
f 1448 1447 1257
f 1449 1258 1259
f 1449 1448 1258
f 1259 1260 1450
f 1259 1450 1449
f 1261 1451 1260
f 1260 1451 1450
f 1261 1262 1452
f 1452 1451 1261
f 1453 1262 1263
f 1453 1452 1262
f 1454 1263 1264
f 1454 1453 1263
f 1265 1455 1264
f 1264 1455 1454
f 1266 1456 1265
f 1456 1455 1265
f 1267 1457 1266
f 1457 1456 1266
f 1458 1267 1268
f 1458 1457 1267
f 1269 1459 1268
f 1459 1458 1268
f 1460 1269 1270
f 1460 1459 1269
f 1270 1271 1461
f 1461 1460 1270
f 1462 1271 1272
f 1461 1271 1462
f 1272 1273 1463
f 1462 1272 1463
f 1273 1274 1464
f 1463 1273 1464
f 1465 1274 1275
f 1464 1274 1465
f 1466 1275 1276
f 1466 1465 1275
f 1276 1277 2345
f 1276 2345 1466
f 1278 2345 1277
f 2347 1278 1279
f 2347 2345 1278
f 2348 1279 1280
f 2348 2347 1279
f 2349 1280 1281
f 2349 2348 1280
f 1281 1282 2350
f 1281 2350 2349
f 2351 1282 1283
f 2351 2350 1282
f 1284 2352 1283
f 1283 2352 2351
f 1285 2353 1284
f 1284 2353 2352
f 1285 1286 2354
f 1285 2354 2353
f 1287 2355 1286
f 1286 2355 2354
f 1288 2356 1287
f 2356 2355 1287
f 1288 1289 2357
f 2357 2356 1288
f 1289 1290 2358
f 1289 2358 2357
f 1290 1291 2359
f 2358 1290 2359
f 1292 2360 1291
f 1291 2360 2359
f 1292 1293 2361
f 2360 1292 2361
f 1293 1294 2362
f 2362 2361 1293
f 1295 2363 1294
f 2362 1294 2363
f 1480 1481 1295
f 1481 2364 1295
f 2364 2363 1295
f 1296 1297 2383
f 1501 1500 1296
f 2382 1501 1296
f 2382 1296 2383
f 2383 1297 1298
f 1298 1299 2384
f 2383 1298 2384
f 1299 1300 2385
f 2384 1299 2385
f 1300 1301 2386
f 2385 1300 2386
f 1301 1302 2387
f 2386 1301 2387
f 1303 2388 1302
f 2388 2387 1302
f 1304 2389 1303
f 2389 2388 1303
f 1304 1305 2390
f 1304 2390 2389
f 1467 2391 1305
f 2390 1305 2391
f 1306 1307 1483
f 1306 1482 1480
f 1482 1306 1483
f 1308 1484 1307
f 1484 1483 1307
f 1309 2397 1308
f 1308 2397 1484
f 1502 1309 1320
f 1502 2397 1309
f 1311 1489 1310
f 1310 1511 1334
f 1310 1489 1488
f 1488 1511 1310
f 1311 1312 1490
f 1490 1489 1311
f 1313 1491 1312
f 1491 1490 1312
f 1492 1313 1314
f 1492 1491 1313
f 1315 1493 1314
f 1493 1492 1314
f 1315 1316 1494
f 1315 1494 1493
f 1316 1317 1495
f 1316 1495 1494
f 1496 1317 1318
f 1496 1495 1317
f 1497 1318 1319
f 1497 1496 1318
f 1497 1319 1499
f 1498 1499 1319
f 1321 1503 1320
f 1502 1320 1503
f 1322 1321 1335
f 1504 1321 1322
f 1503 1321 1504
f 1336 1322 1335
f 1512 1322 1336
f 1322 1512 1504
f 1323 1324 1506
f 1505 1323 1506
f 1505 1518 1323
f 1517 1323 1518
f 1326 1507 1324
f 1324 1507 1506
f 1326 1325 1328
f 1327 1328 1325
f 1326 1328 1508
f 1507 1326 1508
f 1328 1327 1330
f 1327 1329 1330
f 1328 1330 1509
f 1508 1328 1509
f 1330 1329 1332
f 1332 1329 1331
f 1330 1332 1510
f 1510 1509 1330
f 1332 1331 1334
f 1333 1334 1331
f 1332 1334 1511
f 1510 1332 1511
f 1336 1335 1339
f 1336 1339 1521
f 1512 1336 1519
f 1336 1521 1519
f 1337 1338 1340
f 1340 1342 1337
f 1520 1340 1338
f 1513 2404 1338
f 2404 1520 1338
f 1339 1341 1521
f 1342 1340 1522
f 1340 1520 2406
f 2406 1522 1340
f 1341 1343 2409
f 1341 2407 1521
f 2407 1341 2409
f 1344 1342 1522
f 1345 2411 1343
f 1343 2411 2409
f 1344 1523 1346
f 1522 1523 1344
f 2413 1345 1525
f 1345 2413 2411
f 1346 1526 1348
f 1524 1346 1523
f 1524 1526 1346
f 1358 1359 1347
f 1359 1525 1347
f 1348 1528 1349
f 1348 1526 1527
f 1348 1527 1528
f 1349 1529 1350
f 1349 1528 1529
f 1351 1350 1529
f 1351 1531 1352
f 1351 1529 1531
f 1352 1532 1353
f 1352 1531 1532
f 1354 1353 1533
f 1533 1353 1532
f 1534 1355 1354
f 1354 1533 1534
f 1355 1535 1356
f 1355 1534 1535
f 1356 1536 1357
f 1356 1535 1536
f 1360 1357 1537
f 1357 1536 1537
f 1359 1358 1372
f 1371 1372 1358
f 1359 1372 1538
f 1530 1525 1359
f 1530 1359 2419
f 2419 1359 1538
f 1361 1360 1542
f 1360 1537 1542
f 1362 1361 1543
f 1543 1361 1542
f 1362 1544 1363
f 1543 1544 1362
f 1545 1364 1363
f 1545 1363 1544
f 1364 1546 1365
f 1545 1546 1364
f 1365 1547 1366
f 1365 1546 1547
f 1367 1366 1548
f 1366 1547 1548
f 1367 1549 1368
f 1549 1367 1548
f 1368 1550 1369
f 1368 1549 1550
f 1551 1373 1369
f 1551 1369 1550
f 1371 1370 1554
f 1370 1388 1554
f 1371 1555 1372
f 1554 1555 1371
f 1538 1372 1556
f 1556 1372 1555
f 1374 1373 1553
f 1552 1373 1551
f 1373 1552 1553
f 1374 1553 1375
f 1557 1376 1375
f 1375 1553 1557
f 1377 1376 1558
f 1376 1557 1558
f 1378 1377 1559
f 1377 1558 1559
f 1379 1378 1560
f 1560 1378 1559
f 1561 1380 1379
f 1561 1379 1560
f 1381 1380 1562
f 1380 1561 1562
f 1381 1563 1382
f 1563 1381 1562
f 1382 1564 1383
f 1382 1563 1564
f 1384 1383 1565
f 1383 1564 1565
f 1384 1566 1389
f 1565 1566 1384
f 1386 1385 1577
f 1577 1385 1442
f 1387 1386 1578
f 1578 1386 1577
f 1387 1579 1388
f 1579 1387 1578
f 1388 1580 1554
f 1579 1580 1388
f 1389 1568 1390
f 1566 1567 1389
f 1389 1567 1568
f 1391 1390 1569
f 1390 1568 1569
f 1392 1391 1570
f 1569 1570 1391
f 1571 1393 1392
f 1570 1571 1392
f 1572 1394 1393
f 1572 1393 1571
f 1395 1394 1573
f 1572 1573 1394
f 1574 1396 1395
f 1574 1395 1573
f 1574 1397 1396
f 1581 1398 1397
f 1581 1397 1574
f 1582 1399 1398
f 1582 1398 1581
f 1583 1400 1399
f 1582 1583 1399
f 1584 1401 1400
f 1583 1584 1400
f 1585 1402 1401
f 1585 1401 1584
f 1403 1402 1586
f 1585 1586 1402
f 1403 1587 1404
f 1587 1403 1586
f 1405 1404 1588
f 1588 1404 1587
f 1405 1589 1406
f 1589 1405 1588
f 1406 1590 1407
f 1406 1589 1590
f 1408 1407 1591
f 1590 1591 1407
f 1409 1408 1592
f 1592 1408 1591
f 1409 1593 1410
f 1409 1592 1593
f 1410 1594 1411
f 1593 1594 1410
f 1411 1595 1412
f 1411 1594 1595
f 1596 1413 1412
f 1412 1595 1596
f 1413 1597 1414
f 1596 1597 1413
f 1414 1598 1415
f 1414 1597 1598
f 1599 1416 1415
f 1599 1415 1598
f 1417 1416 1600
f 1599 1600 1416
f 1418 1417 1601
f 1601 1417 1600
f 1418 1602 1419
f 1602 1418 1601
f 1603 1420 1419
f 1603 1419 1602
f 1421 1420 1604
f 1604 1420 1603
f 1605 1422 1421
f 1605 1421 1604
f 1423 1422 1606
f 1606 1422 1605
f 1423 1607 1424
f 1606 1607 1423
f 1608 1425 1424
f 1608 1424 1607
f 1609 1426 1425
f 1609 1425 1608
f 1610 1427 1426
f 1610 1426 1609
f 1428 1427 1611
f 1427 1610 1611
f 1428 1612 1429
f 1611 1612 1428
f 1430 1429 1613
f 1429 1612 1613
f 1430 1614 1431
f 1430 1613 1614
f 1431 1615 1432
f 1431 1614 1615
f 1432 1616 1433
f 1615 1616 1432
f 1434 1433 1617
f 1433 1616 1617
f 1434 1618 1435
f 1434 1617 1618
f 1436 1435 1619
f 1618 1619 1435
f 1436 1620 1437
f 1436 1619 1620
f 1437 1621 1438
f 1620 1621 1437
f 1439 1438 1622
f 1621 1622 1438
f 1440 1439 1623
f 1623 1439 1622
f 1575 1441 1440
f 1440 1624 1575
f 1440 1623 1624
f 1576 1442 1441
f 1576 1441 1575
f 1577 1442 1576
f 2303 1443 1444
f 2303 2302 1443
f 2302 2344 1443
f 2343 1443 2344
f 1445 2304 1444
f 2304 2303 1444
f 2305 1445 1446
f 1445 2305 2304
f 1447 2306 1446
f 2306 2305 1446
f 1447 1448 2307
f 1447 2307 2306
f 1448 1449 2308
f 2307 1448 2308
f 1449 1450 2309
f 2309 2308 1449
f 2310 1450 1451
f 2309 1450 2310
f 1451 1452 2311
f 2310 1451 2311
f 1453 2312 1452
f 1452 2312 2311
f 1454 2313 1453
f 1453 2313 2312
f 1454 1455 2314
f 2314 2313 1454
f 1456 2315 1455
f 2314 1455 2315
f 1456 1457 2316
f 1456 2316 2315
f 1457 1458 2317
f 2316 1457 2317
f 1459 2318 1458
f 1458 2318 2317
f 1460 2319 1459
f 2319 2318 1459
f 2320 1460 1461
f 2319 1460 2320
f 1462 2321 1461
f 1461 2321 2320
f 1462 1463 2322
f 2321 1462 2322
f 1463 1464 2323
f 2322 1463 2323
f 1465 2324 1464
f 1464 2324 2323
f 1466 2325 1465
f 2325 2324 1465
f 2325 1466 2346
f 2345 2346 1466
f 1468 2392 1467
f 2392 2391 1467
f 1469 2393 1468
f 2393 2392 1468
f 1469 1470 2395
f 1469 2395 2393
f 1471 1470 1473
f 1471 2395 1470
f 1470 1472 1473
f 1471 1473 3374
f 1471 2396 2395
f 3374 2396 1471
f 1475 1473 1472
f 1472 1474 1475
f 1475 3375 1473
f 3374 1473 3375
f 1477 1475 1474
f 1477 1474 1476
f 3376 1475 1477
f 3376 3375 1475
f 1477 1476 1479
f 1478 1479 1476
f 1479 3377 1477
f 1477 3377 3376
f 2340 1479 2342
f 2340 3377 1479
f 2342 1479 2341
f 1482 1481 1480
f 3397 1481 1482
f 3396 2364 1481
f 3396 1481 3397
f 1482 1483 3398
f 1482 3398 3397
f 1484 3399 1483
f 3398 1483 3399
f 2398 1484 2397
f 2398 3400 1484
f 1484 3400 3399
f 1485 1510 1486
f 1485 1486 2370
f 1508 1509 1485
f 2403 1508 1485
f 1509 1510 1485
f 2369 1485 2370
f 2403 1485 2369
f 1487 1486 1511
f 2371 1486 1487
f 1486 1510 1511
f 2370 1486 2371
f 1487 1511 1488
f 2372 1487 1488
f 2372 2371 1487
f 1488 1489 2373
f 1488 2373 2372
f 1490 2374 1489
f 2373 1489 2374
f 1491 2375 1490
f 2374 1490 2375
f 1491 1492 2376
f 2375 1491 2376
f 2377 1492 1493
f 2377 2376 1492
f 2378 1493 1494
f 2378 2377 1493
f 2379 1494 1495
f 2378 1494 2379
f 1496 2380 1495
f 2379 1495 2380
f 1496 1497 2381
f 2381 2380 1496
f 1497 1499 3402
f 1497 3402 2381
f 1501 1499 1498
f 1498 1500 1501
f 3402 1499 1501
f 2382 3403 1501
f 1501 3403 3402
f 1503 3415 1502
f 2397 1502 2399
f 2399 1502 3415
f 3415 1503 1504
f 1504 1512 3417
f 3415 1504 3417
f 1505 1506 2401
f 1505 3422 1518
f 2400 1505 2401
f 1505 2400 3422
f 1506 1507 2402
f 2401 1506 2402
f 1507 1508 2403
f 1507 2403 2402
f 1512 1519 3423
f 1512 3423 3417
f 1514 1513 1516
f 2404 1513 1514
f 1513 1515 1516
f 1514 1516 3419
f 2404 1514 2405
f 3419 2405 1514
f 1518 1516 1515
f 1517 1518 1515
f 3420 1516 1518
f 1516 3420 3419
f 1518 3422 3420
f 1521 3427 1519
f 1519 3426 3423
f 3427 3426 1519
f 2404 3425 1520
f 1520 3425 2406
f 1521 2407 3429
f 3429 3427 1521
f 1523 1522 2408
f 2408 1522 2406
f 1523 2410 1524
f 1523 2408 2410
f 1524 2414 1526
f 1524 2410 2412
f 2412 2414 1524
f 2413 1525 1530
f 1527 1526 2415
f 1526 2414 2415
f 1527 2416 1528
f 2415 2416 1527
f 1528 2417 1529
f 1528 2416 2417
f 2418 1531 1529
f 1529 2417 2418
f 2413 1530 3437
f 2419 3437 1530
f 2420 1532 1531
f 2420 1531 2418
f 1532 2421 1533
f 2421 1532 2420
f 1534 1533 2422
f 2421 2422 1533
f 2423 1535 1534
f 2422 2423 1534
f 1536 1535 1539
f 2423 1539 1535
f 1540 1537 1536
f 1539 1540 1536
f 1541 1537 1540
f 1541 1542 1537
f 1538 1556 2425
f 1538 2425 2419
f 2431 1540 1539
f 2430 1539 2423
f 2431 1539 2430
f 1540 2432 1541
f 2432 1540 2431
f 1541 2433 1542
f 2432 2433 1541
f 1543 1542 2433
f 1543 2434 1544
f 1543 2433 2434
f 1545 1544 2435
f 2435 1544 2434
f 1546 1545 2436
f 1545 2435 2436
f 1547 1546 2437
f 2437 1546 2436
f 1547 2438 1548
f 2438 1547 2437
f 2439 1549 1548
f 2439 1548 2438
f 2440 1550 1549
f 1549 2439 2440
f 2441 1551 1550
f 2440 2441 1550
f 2442 1552 1551
f 2441 2442 1551
f 1552 2443 1553
f 2442 2443 1552
f 1553 2444 1557
f 2444 1553 2443
f 1555 1554 2460
f 2460 1554 1580
f 1556 1555 2424
f 2424 1555 2461
f 2460 2461 1555
f 1556 2424 2425
f 1557 2446 1558
f 2444 2445 1557
f 2445 2446 1557
f 1558 2447 1559
f 1558 2446 2447
f 1559 2448 1560
f 2447 2448 1559
f 2449 1561 1560
f 1560 2448 2449
f 1562 1561 2450
f 2449 2450 1561
f 2451 1563 1562
f 1562 2450 2451
f 1563 2452 1564
f 2452 1563 2451
f 2453 1565 1564
f 2453 1564 2452
f 1565 2454 1566
f 2453 2454 1565
f 2455 1567 1566
f 2455 1566 2454
f 1568 1567 2456
f 2456 1567 2455
f 1569 1568 2457
f 2457 1568 2456
f 1569 2457 1570
f 2476 1571 1570
f 1570 2457 2476
f 1571 2477 1572
f 1571 2476 2477
f 2478 1573 1572
f 2477 2478 1572
f 1574 1573 2479
f 2478 2479 1573
f 2480 1581 1574
f 2479 2480 1574
f 1575 2501 1576
f 2501 1575 1624
f 1577 1576 2502
f 1576 2501 2502
f 1578 1577 2503
f 1577 2502 2503
f 1578 2458 1579
f 1578 2504 2458
f 1578 2503 2504
f 2459 1580 1579
f 2459 1579 2458
f 1580 2459 2460
f 1582 1581 2482
f 1581 2480 2481
f 2482 1581 2481
f 2482 1583 1582
f 2519 1584 1583
f 2482 2519 1583
f 1584 2520 1585
f 1584 2519 2520
f 1585 2521 1586
f 1585 2520 2521
f 2522 1587 1586
f 2521 2522 1586
f 2523 1588 1587
f 2522 2523 1587
f 1589 1588 2524
f 2523 2524 1588
f 1590 1589 2525
f 2525 1589 2524
f 1591 1590 2526
f 2525 2526 1590
f 1591 2527 1592
f 2526 2527 1591
f 1592 2528 1593
f 2527 2528 1592
f 1594 1593 2529
f 2528 2529 1593
f 1595 1594 2530
f 1594 2529 2530
f 1596 1595 2531
f 1595 2530 2531
f 2532 1597 1596
f 2532 1596 2531
f 1598 1597 2533
f 2533 1597 2532
f 1598 2534 1599
f 1598 2533 2534
f 1600 1599 2535
f 1599 2534 2535
f 2536 1601 1600
f 2536 1600 2535
f 2537 1602 1601
f 1601 2536 2537
f 2538 1603 1602
f 2538 1602 2537
f 1603 2539 1604
f 2538 2539 1603
f 2540 1605 1604
f 1604 2539 2540
f 1605 2541 1606
f 1605 2540 2541
f 2483 1607 1606
f 1606 2542 2483
f 2541 2542 1606
f 1607 2484 1608
f 1607 2483 2484
f 2485 1609 1608
f 2485 1608 2484
f 1610 1609 2486
f 2485 2486 1609
f 2487 1611 1610
f 2487 1610 2486
f 1612 1611 2488
f 2488 1611 2487
f 1612 2489 1613
f 1612 2488 2489
f 2490 1614 1613
f 2490 1613 2489
f 2491 1615 1614
f 2491 1614 2490
f 1615 2492 1616
f 2491 2492 1615
f 1616 2493 1617
f 1616 2492 2493
f 1617 2494 1618
f 2494 1617 2493
f 1618 2495 1619
f 2494 2495 1618
f 1619 2496 1620
f 1619 2495 2496
f 1620 2497 1621
f 1620 2496 2497
f 1622 1621 2498
f 1621 2497 2498
f 1622 2499 1623
f 1622 2498 2499
f 2500 1624 1623
f 2500 1623 2499
f 2501 1624 2500
f 1634 1626 1625
f 1625 1626 3200
f 3214 1634 1625
f 3200 3199 1625
f 1625 3199 3210
f 1625 3210 3214
f 1635 1627 1626
f 3201 1626 1627
f 1635 1626 1634
f 3200 1626 3201
f 1627 1636 1628
f 3202 1627 1628
f 1635 1636 1627
f 3202 3201 1627
f 1628 1637 1629
f 3203 1628 1629
f 1636 1637 1628
f 3202 1628 3203
f 1638 1630 1629
f 3204 1629 1630
f 1638 1629 1637
f 3203 1629 3204
f 1631 1630 1639
f 3205 1630 1631
f 1639 1630 1638
f 3204 1630 3205
f 1631 1640 1632
f 3206 1631 1632
f 1631 1639 1640
f 3205 1631 3206
f 1641 1633 1632
f 1633 3207 1632
f 1641 1632 1640
f 3207 3206 1632
f 1633 1641 1642
f 1633 1642 3211
f 3207 1633 3211
f 1634 1644 1635
f 1643 1644 1634
f 3214 1643 1634
f 1645 1636 1635
f 1644 1645 1635
f 1636 1646 1637
f 1636 1645 1646
f 1638 1637 1647
f 1646 1647 1637
f 1648 1639 1638
f 1647 1648 1638
f 1649 1640 1639
f 1649 1639 1648
f 1640 1650 1641
f 1640 1649 1650
f 1641 1651 1642
f 1641 1650 1651
f 1652 1642 1651
f 1652 3215 1642
f 1642 3215 3211
f 1643 1654 1644
f 1643 1653 1654
f 3218 1653 1643
f 3214 3218 1643
f 1655 1645 1644
f 1654 1655 1644
f 1656 1646 1645
f 1645 1655 1656
f 1657 1647 1646
f 1657 1646 1656
f 1648 1647 1658
f 1647 1657 1658
f 1649 1648 1659
f 1648 1658 1659
f 1649 1660 1650
f 1659 1660 1649
f 1661 1651 1650
f 1650 1660 1661
f 1662 1652 1651
f 1662 1651 1661
f 1663 1652 1662
f 1663 3219 1652
f 3219 3215 1652
f 1654 1653 1664
f 1664 1653 3225
f 3218 3221 1653
f 1653 3221 3225
f 1654 1665 1655
f 1664 1665 1654
f 1655 1666 1656
f 1665 1666 1655
f 1657 1656 1667
f 1656 1666 1667
f 1668 1658 1657
f 1668 1657 1667
f 1659 1658 1669
f 1658 1668 1669
f 1660 1659 1670
f 1659 1669 1670
f 1660 1671 1661
f 1660 1670 1671
f 1662 1661 1672
f 1672 1661 1671
f 1662 1673 1663
f 1662 1672 1673
f 1663 1673 1674
f 1663 1674 3222
f 3219 1663 3222
f 1676 1665 1664
f 1676 1664 1675
f 1664 3225 1675
f 1665 1677 1666
f 1665 1676 1677
f 1667 1666 1678
f 1678 1666 1677
f 1679 1668 1667
f 1678 1679 1667
f 1680 1669 1668
f 1679 1680 1668
f 1669 1681 1670
f 1680 1681 1669
f 1670 1682 1671
f 1681 1682 1670
f 1672 1671 1683
f 1683 1671 1682
f 1684 1673 1672
f 1684 1672 1683
f 1674 1673 1685
f 1685 1673 1684
f 1674 1685 1686
f 1674 1686 3226
f 3222 1674 3226
f 1675 1687 1676
f 3232 1687 1675
f 1675 3225 3228
f 3228 3232 1675
f 1688 1677 1676
f 1676 1687 1688
f 1677 1689 1678
f 1677 1688 1689
f 1678 1690 1679
f 1689 1690 1678
f 1680 1679 1691
f 1679 1690 1691
f 1692 1681 1680
f 1680 1691 1692
f 1681 1693 1682
f 1681 1692 1693
f 1694 1683 1682
f 1694 1682 1693
f 1684 1683 1694
f 1685 1684 1696
f 1684 1694 1695
f 1695 1696 1684
f 1686 1685 1697
f 1696 1697 1685
f 1686 1697 1698
f 1686 1698 3229
f 1686 3229 3226
f 1687 1699 1688
f 1687 3232 1699
f 1688 1700 1689
f 1700 1688 1699
f 1689 1701 1690
f 1701 1689 1700
f 1702 1691 1690
f 1701 1702 1690
f 1692 1691 1703
f 1703 1691 1702
f 1704 1693 1692
f 1703 1704 1692
f 1694 1693 1705
f 1704 1705 1693
f 1695 1694 1706
f 1705 1706 1694
f 1695 1707 1696
f 1706 1707 1695
f 1697 1696 1708
f 1708 1696 1707
f 1698 1697 1709
f 1708 1709 1697
f 1710 1698 1709
f 1710 3233 1698
f 1698 3233 3229
f 1711 1700 1699
f 3239 1711 1699
f 1699 3232 3235
f 3235 3239 1699
f 1712 1701 1700
f 1711 1712 1700
f 1702 1701 1713
f 1701 1712 1713
f 1702 1714 1703
f 1702 1713 1714
f 1703 1715 1704
f 1703 1714 1715
f 1716 1705 1704
f 1715 1716 1704
f 1705 1717 1706
f 1717 1705 1716
f 1717 1707 1706
f 1708 1707 1719
f 1718 1707 1717
f 1719 1707 1718
f 1720 1709 1708
f 1720 1708 1719
f 1709 1721 1710
f 1720 1721 1709
f 1722 1710 1721
f 1722 3236 1710
f 3233 1710 3236
f 1711 1723 1712
f 3239 1723 1711
f 1724 1713 1712
f 1724 1712 1723
f 1725 1714 1713
f 1725 1713 1724
f 1726 1715 1714
f 1714 1725 1726
f 1716 1715 1727
f 1726 1727 1715
f 1729 1717 1716
f 1728 1716 1727
f 1728 1729 1716
f 1718 1717 1729
f 1718 1731 1719
f 1730 1718 1729
f 1718 1730 1731
f 1719 1732 1720
f 1731 1732 1719
f 1733 1721 1720
f 1733 1720 1732
f 1721 1734 1722
f 1721 1733 1734
f 1734 1735 1722
f 3240 1722 1735
f 3236 1722 3240
f 1723 1736 1724
f 1723 3246 1736
f 1723 3239 3242
f 3242 3246 1723
f 1725 1724 1737
f 1736 1737 1724
f 1726 1725 1738
f 1725 1737 1738
f 1726 1739 1727
f 1738 1739 1726
f 1727 1739 1728
f 1729 1728 1741
f 1728 1739 1740
f 1740 1741 1728
f 1741 1730 1729
f 1743 1731 1730
f 1730 1741 1742
f 1742 1743 1730
f 1731 1744 1732
f 1743 1744 1731
f 1733 1732 1745
f 1732 1744 1745
f 1746 1734 1733
f 1745 1746 1733
f 1734 1747 1735
f 1746 1747 1734
f 1748 1735 1747
f 1748 3243 1735
f 1735 3243 3240
f 1736 1749 1737
f 1736 3250 1749
f 1736 3246 3250
f 1738 1737 1750
f 1749 1750 1737
f 1751 1739 1738
f 1738 1750 1751
f 1740 1739 1751
f 1741 1740 1753
f 1751 1752 1740
f 1740 1752 1753
f 1742 1741 1753
f 1755 1743 1742
f 1753 1754 1742
f 1742 1754 1755
f 1756 1744 1743
f 1755 1756 1743
f 1745 1744 1757
f 1757 1744 1756
f 1758 1746 1745
f 1757 1758 1745
f 1747 1746 1759
f 1746 1758 1759
f 1760 1748 1747
f 1760 1747 1759
f 1760 1761 1748
f 3247 1748 1761
f 3243 1748 3247
f 1749 1763 1750
f 1749 1762 1763
f 1749 3250 1762
f 1750 1764 1751
f 1750 1763 1764
f 1764 1752 1751
f 1752 1766 1753
f 1752 1764 1765
f 1765 1766 1752
f 1753 1766 1754
f 1755 1754 1768
f 1754 1766 1767
f 1754 1767 1768
f 1769 1756 1755
f 1768 1769 1755
f 1757 1756 1770
f 1770 1756 1769
f 1758 1757 1771
f 1757 1770 1771
f 1758 1772 1759
f 1771 1772 1758
f 1759 1773 1760
f 1773 1759 1772
f 1761 1760 1774
f 1773 1774 1760
f 1774 1775 1761
f 3251 1761 1775
f 3251 3247 1761
f 1777 1763 1762
f 1776 1777 1762
f 1776 1762 3254
f 3250 3254 1762
f 1764 1763 1778
f 1778 1763 1777
f 1778 1765 1764
f 1765 1780 1766
f 1778 1779 1765
f 1780 1765 1779
f 1767 1766 1780
f 1782 1768 1767
f 1780 1781 1767
f 1782 1767 1781
f 1769 1768 1782
f 1769 1784 1770
f 1769 1782 1783
f 1783 1784 1769
f 1770 1784 1771
f 1786 1772 1771
f 1771 1784 1785
f 1786 1771 1785
f 1773 1772 1786
f 1774 1773 1787
f 1773 1786 1787
f 1789 1775 1774
f 1774 1787 1788
f 1789 1774 1788
f 1789 1790 1775
f 1775 1790 3255
f 3251 1775 3255
f 1776 1791 1777
f 3261 1791 1776
f 3254 3257 1776
f 1776 3257 3261
f 1778 1777 1792
f 1792 1777 1791
f 1778 1792 1779
f 1780 1779 1794
f 1793 1779 1792
f 1794 1779 1793
f 1781 1780 1794
f 1796 1782 1781
f 1795 1781 1794
f 1795 1796 1781
f 1796 1783 1782
f 1798 1784 1783
f 1796 1797 1783
f 1797 1798 1783
f 1785 1784 1798
f 1785 1800 1786
f 1798 1799 1785
f 1799 1800 1785
f 1800 1787 1786
f 1801 1788 1787
f 1800 1801 1787
f 1788 1802 1789
f 1788 1801 1802
f 1789 1803 1790
f 1802 1803 1789
f 1790 1803 1804
f 1790 1804 3258
f 3255 1790 3258
f 1791 1806 1792
f 1806 1791 1805
f 1805 1791 3261
f 1793 1792 1806
f 1808 1794 1793
f 1793 1806 1807
f 1807 1808 1793
f 1808 1795 1794
f 1795 1810 1796
f 1795 1808 1809
f 1809 1810 1795
f 1797 1796 1810
f 1812 1798 1797
f 1797 1810 1811
f 1812 1797 1811
f 1798 1813 1799
f 1798 1812 1813
f 1800 1799 1814
f 1799 1813 1814
f 1800 1815 1801
f 1800 1814 1815
f 1802 1801 1816
f 1815 1816 1801
f 1802 1817 1803
f 1816 1817 1802
f 1804 1803 1818
f 1817 1818 1803
f 1818 1819 1804
f 1804 1819 3262
f 3262 3258 1804
f 1806 1805 1820
f 1805 3268 1820
f 3261 3264 1805
f 1805 3264 3268
f 1807 1806 1820
f 1807 1822 1808
f 1820 1821 1807
f 1821 1822 1807
f 1809 1808 1822
f 1809 1824 1810
f 1822 1823 1809
f 1809 1823 1824
f 1811 1810 1824
f 1811 1826 1812
f 1811 1824 1825
f 1811 1825 1826
f 1812 1826 1813
f 1813 1828 1814
f 1813 1826 1827
f 1828 1813 1827
f 1814 1828 1815
f 1829 1816 1815
f 1828 1829 1815
f 1816 1831 1817
f 1829 1830 1816
f 1816 1830 1831
f 1832 1818 1817
f 1831 1832 1817
f 1818 1833 1819
f 1832 1833 1818
f 1834 1819 1833
f 1834 3265 1819
f 3265 3262 1819
f 1821 1820 1835
f 3268 1835 1820
f 1837 1822 1821
f 1821 1835 1836
f 1837 1821 1836
f 1822 1837 1823
f 1839 1824 1823
f 1838 1823 1837
f 1839 1823 1838
f 1825 1824 1839
f 1841 1826 1825
f 1840 1825 1839
f 1825 1840 1841
f 1826 1841 1827
f 1843 1828 1827
f 1827 1841 1842
f 1827 1842 1843
f 1828 1843 1829
f 1845 1830 1829
f 1843 1844 1829
f 1844 1845 1829
f 1831 1830 1846
f 1846 1830 1845
f 1832 1831 1847
f 1846 1847 1831
f 1832 1848 1833
f 1832 1847 1848
f 1849 1834 1833
f 1833 1848 1849
f 1834 1849 3269
f 3265 1834 3703
f 1834 3269 3703
f 1836 1835 3275
f 3268 3271 1835
f 3275 1835 3271
f 1836 1852 1837
f 1852 1836 1851
f 1836 3275 1851
f 1837 1852 1838
f 1839 1838 1854
f 1853 1838 1852
f 1854 1838 1853
f 1839 1854 1840
f 1840 1856 1841
f 1854 1855 1840
f 1855 1856 1840
f 1842 1841 1856
f 1842 1858 1843
f 1842 1856 1857
f 1857 1858 1842
f 1844 1843 1858
f 1860 1845 1844
f 1844 1858 1859
f 1860 1844 1859
f 1845 1861 1846
f 1860 1861 1845
f 1847 1846 1862
f 1846 1861 1862
f 1863 1848 1847
f 1862 1863 1847
f 1864 1849 1848
f 1863 1864 1848
f 1864 1850 1849
f 3269 1849 1850
f 1864 1865 1850
f 1866 1850 1865
f 1866 3272 1850
f 1850 3272 3269
f 1851 1868 1852
f 1851 1867 1868
f 3275 1867 1851
f 1868 1853 1852
f 1853 1870 1854
f 1869 1853 1868
f 1870 1853 1869
f 1854 1870 1855
f 1855 1872 1856
f 1870 1871 1855
f 1855 1871 1872
f 1856 1872 1857
f 1874 1858 1857
f 1857 1872 1873
f 1874 1857 1873
f 1858 1874 1859
f 1860 1859 1876
f 1875 1859 1874
f 1859 1875 1876
f 1877 1861 1860
f 1876 1877 1860
f 1862 1861 1878
f 1878 1861 1877
f 1862 1879 1863
f 1862 1878 1879
f 1864 1863 1880
f 1863 1879 1880
f 1864 1880 1865
f 1882 1866 1865
f 1880 1881 1865
f 1882 1865 1881
f 1883 1866 1882
f 1883 3276 1866
f 1866 3276 3272
f 1884 1868 1867
f 1867 3282 1884
f 3275 3278 1867
f 1867 3278 3282
f 1868 1884 1869
f 1869 1886 1870
f 1885 1869 1884
f 1886 1869 1885
f 1886 1871 1870
f 1871 1888 1872
f 1887 1871 1886
f 1887 1888 1871
f 1872 1888 1873
f 1873 1890 1874
f 1873 1888 1889
f 1889 1890 1873
f 1875 1874 1890
f 1876 1875 1892
f 1890 1891 1875
f 1875 1891 1892
f 1877 1876 1893
f 1892 1893 1876
f 1878 1877 1894
f 1893 1894 1877
f 1879 1878 1895
f 1894 1895 1878
f 1880 1879 1896
f 1879 1895 1896
f 1881 1880 1896
f 1881 1897 1882
f 1897 1881 1896
f 1882 1899 1883
f 1898 1882 1897
f 1882 1898 1899
f 1899 1900 1883
f 1900 3279 1883
f 3279 3276 1883
f 1884 1901 1885
f 3282 1901 1884
f 1885 1903 1886
f 1885 1901 1902
f 1903 1885 1902
f 1886 1903 1887
f 1905 1888 1887
f 1903 1904 1887
f 1904 1905 1887
f 1889 1888 1905
f 1907 1890 1889
f 1905 1906 1889
f 1906 1907 1889
f 1907 1891 1890
f 1909 1892 1891
f 1907 1908 1891
f 1891 1908 1909
f 1910 1893 1892
f 1910 1892 1909
f 1894 1893 1911
f 1910 1911 1893
f 1895 1894 1911
f 1896 1895 1913
f 1911 1912 1895
f 1895 1912 1913
f 1913 1897 1896
f 1898 1897 1914
f 1897 1913 1914
f 1899 1898 1915
f 1914 1915 1898
f 1917 1900 1899
f 1915 1916 1899
f 1916 1917 1899
f 1918 1900 1917
f 1918 3283 1900
f 3283 3279 1900
f 3288 1902 1901
f 3285 1901 3282
f 3285 3288 1901
f 1902 1920 1903
f 1902 1919 1920
f 1902 3288 1919
f 1920 1904 1903
f 1904 1922 1905
f 1920 1921 1904
f 1921 1922 1904
f 1905 1922 1906
f 1907 1906 1924
f 1922 1923 1906
f 1924 1906 1923
f 1907 1924 1908
f 1909 1908 1926
f 1924 1925 1908
f 1908 1925 1926
f 1926 1910 1909
f 1911 1910 1928
f 1910 1926 1927
f 1910 1927 1928
f 1928 1912 1911
f 1912 1930 1913
f 1928 1929 1912
f 1929 1930 1912
f 1913 1930 1914
f 1915 1914 1931
f 1914 1930 1931
f 1916 1915 1932
f 1932 1915 1931
f 1933 1917 1916
f 1932 1933 1916
f 1934 1918 1917
f 1917 1933 1934
f 1935 1918 1934
f 3712 1918 1935
f 3712 3283 1918
f 1919 1936 1920
f 3292 1936 1919
f 3291 1919 3288
f 3292 1919 3291
f 1920 1937 1921
f 1920 1936 1937
f 1938 1922 1921
f 1938 1921 1937
f 1923 1922 1938
f 1923 1940 1924
f 1938 1939 1923
f 1940 1923 1939
f 1940 1925 1924
f 1925 1942 1926
f 1940 1941 1925
f 1941 1942 1925
f 1926 1942 1927
f 1927 1944 1928
f 1927 1942 1943
f 1943 1944 1927
f 1928 1944 1929
f 1946 1930 1929
f 1944 1945 1929
f 1929 1945 1946
f 1931 1930 1946
f 1948 1932 1931
f 1947 1931 1946
f 1947 1948 1931
f 1933 1932 1949
f 1948 1949 1932
f 1950 1934 1933
f 1950 1933 1949
f 1935 1934 1951
f 1950 1951 1934
f 1952 1935 1951
f 3289 1935 1952
f 3289 3712 1935
f 1937 1936 1954
f 1954 1936 1953
f 1953 1936 3292
f 1938 1937 1955
f 1955 1937 1954
f 1939 1938 1955
f 1957 1940 1939
f 1955 1956 1939
f 1939 1956 1957
f 1957 1941 1940
f 1959 1942 1941
f 1958 1941 1957
f 1959 1941 1958
f 1959 1943 1942
f 1944 1943 1961
f 1943 1959 1960
f 1943 1960 1961
f 1945 1944 1961
f 1946 1945 1963
f 1962 1945 1961
f 1945 1962 1963
f 1963 1947 1946
f 1965 1948 1947
f 1964 1947 1963
f 1965 1947 1964
f 1966 1949 1948
f 1948 1965 1966
f 1950 1949 1967
f 1966 1967 1949
f 1951 1950 1968
f 1950 1967 1968
f 1969 1952 1951
f 1969 1951 1968
f 1952 1969 1970
f 1952 1970 3293
f 3289 1952 3293
f 1953 1971 1954
f 3300 1971 1953
f 1953 3292 3296
f 3296 3300 1953
f 1954 1972 1955
f 1971 1972 1954
f 1972 1956 1955
f 1957 1956 1974
f 1973 1956 1972
f 1974 1956 1973
f 1974 1958 1957
f 1976 1959 1958
f 1958 1974 1975
f 1975 1976 1958
f 1976 1960 1959
f 1960 1978 1961
f 1976 1977 1960
f 1978 1960 1977
f 1962 1961 1978
f 1963 1962 1980
f 1978 1979 1962
f 1979 1980 1962
f 1963 1980 1964
f 1965 1964 1982
f 1964 1980 1981
f 1982 1964 1981
f 1965 1983 1966
f 1982 1983 1965
f 1966 1984 1967
f 1966 1983 1984
f 1968 1967 1985
f 1984 1985 1967
f 1968 1986 1969
f 1968 1985 1986
f 1970 1969 1987
f 1986 1987 1969
f 1988 1970 1987
f 1988 3297 1970
f 1970 3297 3293
f 1971 1990 1972
f 1971 1989 1990
f 3300 1989 1971
f 1990 1973 1972
f 1992 1974 1973
f 1990 1991 1973
f 1973 1991 1992
f 1975 1974 1992
f 1975 1994 1976
f 1975 1992 1993
f 1993 1994 1975
f 1976 1994 1977
f 1996 1978 1977
f 1977 1994 1995
f 1995 1996 1977
f 1996 1979 1978
f 1998 1980 1979
f 1996 1997 1979
f 1979 1997 1998
f 1981 1980 1998
f 1981 2000 1982
f 1981 1998 1999
f 2000 1981 1999
f 2001 1983 1982
f 2000 2001 1982
f 1984 1983 2002
f 2001 2002 1983
f 1985 1984 2003
f 1984 2002 2003
f 2004 1986 1985
f 2003 2004 1985
f 1987 1986 2004
f 1987 2005 1988
f 2004 2005 1987
f 2006 1988 2005
f 2007 1988 2006
f 2007 3301 1988
f 3297 1988 3301
f 1990 1989 2008
f 1989 3318 2008
f 3304 1989 3300
f 3318 1989 3304
f 2008 1991 1990
f 2010 1992 1991
f 2009 1991 2008
f 2009 2010 1991
f 1992 2010 1993
f 2012 1994 1993
f 1993 2010 2011
f 2011 2012 1993
f 1995 1994 2012
f 1996 1995 2014
f 2012 2013 1995
f 1995 2013 2014
f 2014 1997 1996
f 1998 1997 2016
f 2014 2015 1997
f 2016 1997 2015
f 1999 1998 2016
f 1999 2018 2000
f 1999 2016 2017
f 2017 2018 1999
f 2018 2001 2000
f 2019 2002 2001
f 2019 2001 2018
f 2003 2002 2020
f 2020 2002 2019
f 2004 2003 2021
f 2020 2021 2003
f 2022 2005 2004
f 2022 2004 2021
f 2023 2006 2005
f 2023 2005 2022
f 2006 2024 2007
f 2023 2024 2006
f 2025 2007 2024
f 3305 2007 2025
f 2007 3305 3301
f 2037 2009 2008
f 2008 3318 2037
f 2010 2009 2039
f 2037 2038 2009
f 2038 2039 2009
f 2011 2010 2039
f 2011 2041 2012
f 2011 2039 2040
f 2011 2040 2041
f 2012 2041 2013
f 2013 2043 2014
f 2041 2042 2013
f 2043 2013 2042
f 2043 2015 2014
f 2016 2015 2045
f 2043 2044 2015
f 2015 2044 2045
f 2017 2016 2045
f 2018 2017 2047
f 2046 2017 2045
f 2047 2017 2046
f 2048 2019 2018
f 2018 2047 2048
f 2020 2019 2049
f 2049 2019 2048
f 2050 2021 2020
f 2050 2020 2049
f 2022 2021 2051
f 2051 2021 2050
f 2022 2052 2023
f 2022 2051 2052
f 2023 2053 2024
f 2052 2053 2023
f 2054 2025 2024
f 2024 2053 2054
f 2025 2054 2055
f 2025 2055 3319
f 2025 3319 3305
f 2056 2027 2026
f 3307 2026 2027
f 2056 2026 3326
f 3307 3320 2026
f 3320 3326 2026
f 2028 2027 2057
f 2028 3308 2027
f 2056 2057 2027
f 3308 3307 2027
f 2029 2028 2058
f 2028 2029 3309
f 2058 2028 2057
f 3308 2028 3309
f 2029 2059 2030
f 2030 3310 2029
f 2059 2029 2058
f 3309 2029 3310
f 2030 2060 2031
f 2031 3311 2030
f 2030 2059 2060
f 3311 3310 2030
f 2032 2031 2061
f 3312 2031 2032
f 2060 2061 2031
f 2031 3312 3311
f 2032 2062 2033
f 2032 2033 3313
f 2061 2062 2032
f 3312 2032 3313
f 2034 2033 2063
f 2033 2034 3314
f 2033 2062 2063
f 3313 2033 3314
f 2035 2034 2064
f 2035 3315 2034
f 2064 2034 2063
f 2034 3315 3314
f 2035 2065 2036
f 2035 2036 3721
f 2035 2064 2065
f 3721 3315 2035
f 2066 2036 2065
f 2066 3321 2036
f 3321 3721 2036
f 3330 2038 2037
f 3324 2037 3318
f 2037 3324 3330
f 2038 2068 2039
f 2067 2068 2038
f 3330 2067 2038
f 2068 2040 2039
f 2041 2040 2070
f 2069 2040 2068
f 2070 2040 2069
f 2070 2042 2041
f 2042 2072 2043
f 2070 2071 2042
f 2072 2042 2071
f 2072 2044 2043
f 2045 2044 2074
f 2072 2073 2044
f 2074 2044 2073
f 2074 2046 2045
f 2047 2046 2075
f 2046 2074 2075
f 2048 2047 2076
f 2047 2075 2076
f 2077 2049 2048
f 2076 2077 2048
f 2049 2079 2050
f 2049 2077 2078
f 2078 2079 2049
f 2051 2050 2079
f 2052 2051 2081
f 2080 2051 2079
f 2081 2051 2080
f 2053 2052 2082
f 2081 2082 2052
f 2054 2053 2083
f 2053 2082 2083
f 2084 2055 2054
f 2083 2084 2054
f 2085 2055 2084
f 3325 2055 2085
f 2055 3325 3319
f 2057 2056 2087
f 2086 2087 2056
f 2086 2056 3326
f 2088 2058 2057
f 2057 2087 2088
f 2059 2058 2089
f 2058 2088 2089
f 2059 2090 2060
f 2059 2089 2090
f 2060 2091 2061
f 2091 2060 2090
f 2062 2061 2092
f 2092 2061 2091
f 2063 2062 2093
f 2093 2062 2092
f 2064 2063 2094
f 2063 2093 2094
f 2065 2064 2095
f 2095 2064 2094
f 2065 2096 2066
f 2095 2096 2065
f 2096 2097 2066
f 2066 2097 3327
f 3327 3321 2066
f 2068 2067 2099
f 2067 2098 2099
f 2098 2067 3336
f 3336 2067 3330
f 2099 2069 2068
f 2069 2101 2070
f 2099 2100 2069
f 2101 2069 2100
f 2101 2071 2070
f 2072 2071 2103
f 2102 2071 2101
f 2071 2102 2103
f 2103 2073 2072
f 2073 2105 2074
f 2103 2104 2073
f 2073 2104 2105
f 2075 2074 2106
f 2074 2105 2106
f 2075 2107 2076
f 2106 2107 2075
f 2108 2077 2076
f 2107 2108 2076
f 2077 2109 2078
f 2109 2077 2108
f 2110 2079 2078
f 2109 2110 2078
f 2079 2110 2080
f 2081 2080 2112
f 2110 2111 2080
f 2080 2111 2112
f 2082 2081 2113
f 2113 2081 2112
f 2083 2082 2114
f 2114 2082 2113
f 2083 2115 2084
f 2114 2115 2083
f 2116 2085 2084
f 2116 2084 2115
f 2085 2116 2117
f 2085 2117 3331
f 3325 2085 3331
f 3338 2087 2086
f 2086 3326 3332
f 3332 3338 2086
f 2088 2087 2119
f 2087 2118 2119
f 3338 2118 2087
f 2088 2120 2089
f 2120 2088 2119
f 2090 2089 2121
f 2121 2089 2120
f 2122 2091 2090
f 2121 2122 2090
f 2123 2092 2091
f 2123 2091 2122
f 2093 2092 2124
f 2092 2123 2124
f 2094 2093 2125
f 2125 2093 2124
f 2095 2094 2126
f 2125 2126 2094
f 2096 2095 2127
f 2126 2127 2095
f 2097 2096 2127
f 2097 2127 2128
f 2097 2128 3333
f 2097 4054 3327
f 4054 2097 3333
f 2099 2098 2130
f 3342 2130 2098
f 2098 3336 3341
f 3341 3342 2098
f 2130 2100 2099
f 2101 2100 2132
f 2130 2131 2100
f 2131 2132 2100
f 2101 2132 2102
f 2102 2134 2103
f 2132 2133 2102
f 2133 2134 2102
f 2103 2134 2104
f 2104 2136 2105
f 2134 2135 2104
f 2104 2135 2136
f 2105 2136 2106
f 2137 2107 2106
f 2106 2136 2137
f 2108 2107 2139
f 2137 2138 2107
f 2139 2107 2138
f 2109 2108 2139
f 2141 2110 2109
f 2140 2109 2139
f 2141 2109 2140
f 2111 2110 2141
f 2111 2143 2112
f 2141 2142 2111
f 2111 2142 2143
f 2112 2144 2113
f 2143 2144 2112
f 2114 2113 2145
f 2144 2145 2113
f 2146 2115 2114
f 2114 2145 2146
f 2147 2116 2115
f 2146 2147 2115
f 2148 2117 2116
f 2147 2148 2116
f 2149 2117 2148
f 3337 2117 2149
f 2117 3337 3331
f 2119 2118 2150
f 2150 2118 3344
f 3338 3734 2118
f 2118 3734 3344
f 2120 2119 2151
f 2151 2119 2150
f 2121 2120 2152
f 2152 2120 2151
f 2121 2153 2122
f 2121 2152 2153
f 2122 2154 2123
f 2153 2154 2122
f 2124 2123 2155
f 2123 2154 2155
f 2124 2156 2125
f 2124 2155 2156
f 2125 2157 2126
f 2125 2156 2157
f 2126 2158 2127
f 2157 2158 2126
f 2128 2127 2158
f 2129 2128 2159
f 3333 2128 2129
f 2128 2158 2159
f 2159 2160 2129
f 2129 2160 3339
f 2129 4057 3333
f 3339 4057 2129
f 2130 2162 2131
f 3342 2162 2130
f 2131 2164 2132
f 2163 2131 2162
f 2163 2164 2131
f 2132 2164 2133
f 2133 2166 2134
f 2133 2164 2165
f 2166 2133 2165
f 2134 2166 2135
f 2136 2135 2168
f 2166 2167 2135
f 2168 2135 2167
f 2137 2136 2169
f 2169 2136 2168
f 2137 2170 2138
f 2137 2169 2170
f 2139 2138 2171
f 2171 2138 2170
f 2140 2139 2171
f 2140 2173 2141
f 2172 2140 2171
f 2172 2173 2140
f 2141 2173 2142
f 2142 2175 2143
f 2142 2173 2174
f 2142 2174 2175
f 2143 2175 2144
f 2176 2145 2144
f 2175 2176 2144
f 2146 2145 2177
f 2145 2176 2177
f 2147 2146 2178
f 2178 2146 2177
f 2147 2179 2148
f 2178 2179 2147
f 2148 2180 2149
f 2148 2179 2180
f 2181 2149 2180
f 3343 2149 2181
f 2149 3343 3337
f 2151 2150 2183
f 2183 2150 3350
f 3344 3350 2150
f 2152 2151 2184
f 2151 2183 2184
f 2153 2152 2186
f 2185 2152 2184
f 2152 2185 2186
f 2186 2154 2153
f 2155 2154 2187
f 2186 2187 2154
f 2156 2155 2188
f 2188 2155 2187
f 2156 2189 2157
f 2188 2189 2156
f 2191 2158 2157
f 2157 2189 2190
f 2191 2157 2190
f 2159 2158 2191
f 2160 2159 2192
f 2159 2191 2192
f 2160 2193 2161
f 2160 2161 3339
f 2160 2192 2193
f 2193 2194 2161
f 2161 2194 3345
f 4060 3339 2161
f 4060 2161 3345
f 2163 2162 2196
f 2196 2162 3354
f 3348 2162 3342
f 3354 2162 3348
f 2163 2197 2164
f 2196 2197 2163
f 2165 2164 2198
f 2164 2197 2198
f 2165 2199 2166
f 2199 2165 2198
f 2166 2200 2167
f 2166 2199 2200
f 2168 2167 2201
f 2167 2200 2201
f 2168 2202 2169
f 2168 2201 2202
f 2203 2170 2169
f 2169 2202 2203
f 2204 2171 2170
f 2170 2203 2204
f 2205 2172 2171
f 2205 2171 2204
f 2206 2173 2172
f 2205 2206 2172
f 2174 2173 2207
f 2207 2173 2206
f 2175 2174 2208
f 2207 2208 2174
f 2209 2176 2175
f 2208 2209 2175
f 2177 2176 2210
f 2210 2176 2209
f 2177 2211 2178
f 2211 2177 2210
f 2178 2212 2179
f 2178 2211 2212
f 2180 2179 2213
f 2212 2213 2179
f 2181 2180 2214
f 2180 2213 2214
f 2214 2182 2181
f 3343 2181 2182
f 2215 2182 2214
f 2182 2215 2216
f 2182 2216 3349
f 3343 2182 3349
f 2217 2184 2183
f 2217 2183 3356
f 3356 2183 3350
f 2217 2185 2184
f 2219 2186 2185
f 2185 2217 2218
f 2218 2219 2185
f 2220 2187 2186
f 2186 2219 2220
f 2188 2187 2221
f 2220 2221 2187
f 2222 2189 2188
f 2188 2221 2222
f 2189 2223 2190
f 2222 2223 2189
f 2224 2191 2190
f 2223 2224 2190
f 2225 2192 2191
f 2191 2224 2225
f 2225 2193 2192
f 2194 2193 2226
f 2193 2225 2226
f 2194 2227 2195
f 2195 3345 2194
f 2227 2194 2226
f 2195 2227 2228
f 2195 2228 3351
f 2195 4064 3345
f 4064 2195 3351
f 2197 2196 2231
f 2230 2231 2196
f 3354 2230 2196
f 2198 2197 2232
f 2232 2197 2231
f 2233 2199 2198
f 2198 2232 2233
f 2199 2234 2200
f 2199 2233 2234
f 2235 2201 2200
f 2200 2234 2235
f 2201 2236 2202
f 2235 2236 2201
f 2237 2203 2202
f 2237 2202 2236
f 2203 2238 2204
f 2237 2238 2203
f 2239 2205 2204
f 2239 2204 2238
f 2205 2240 2206
f 2205 2239 2240
f 2207 2206 2241
f 2241 2206 2240
f 2208 2207 2242
f 2207 2241 2242
f 2209 2208 2243
f 2243 2208 2242
f 2244 2210 2209
f 2209 2243 2244
f 2245 2211 2210
f 2245 2210 2244
f 2212 2211 2246
f 2245 2246 2211
f 2213 2212 2247
f 2212 2246 2247
f 2248 2214 2213
f 2213 2247 2248
f 2214 2249 2215
f 2248 2249 2214
f 2250 2216 2215
f 2250 2215 2249
f 2251 2216 2250
f 3355 2216 2251
f 3349 2216 3355
f 3361 2218 2217
f 3356 3742 2217
f 3742 3361 2217
f 2253 2219 2218
f 2252 2253 2218
f 2252 2218 3361
f 2219 2254 2220
f 2254 2219 2253
f 2255 2221 2220
f 2255 2220 2254
f 2222 2221 2256
f 2256 2221 2255
f 2222 2257 2223
f 2222 2256 2257
f 2223 2258 2224
f 2223 2257 2258
f 2225 2224 2259
f 2224 2258 2259
f 2226 2225 2260
f 2260 2225 2259
f 2261 2227 2226
f 2260 2261 2226
f 2227 2261 2228
f 2228 2262 2229
f 2229 3351 2228
f 2261 2262 2228
f 2262 2263 2229
f 2263 3357 2229
f 2229 4068 3351
f 2229 3357 4068
f 2230 2266 2231
f 2265 2266 2230
f 2230 3360 2265
f 3354 3360 2230
f 2232 2231 2267
f 2231 2266 2267
f 2233 2232 2268
f 2268 2232 2267
f 2234 2233 2269
f 2233 2268 2269
f 2234 2270 2235
f 2269 2270 2234
f 2235 2271 2236
f 2235 2270 2271
f 2236 2272 2237
f 2272 2236 2271
f 2238 2237 2273
f 2237 2272 2273
f 2274 2239 2238
f 2274 2238 2273
f 2239 2275 2240
f 2275 2239 2274
f 2240 2276 2241
f 2240 2275 2276
f 2242 2241 2277
f 2241 2276 2277
f 2243 2242 2278
f 2278 2242 2277
f 2279 2244 2243
f 2278 2279 2243
f 2245 2244 2280
f 2244 2279 2280
f 2281 2246 2245
f 2245 2280 2281
f 2247 2246 2282
f 2282 2246 2281
f 2283 2248 2247
f 2283 2247 2282
f 2249 2248 2284
f 2284 2248 2283
f 2249 2285 2250
f 2249 2284 2285
f 2286 2251 2250
f 2250 2285 2286
f 2287 2251 2286
f 2287 3740 2251
f 3355 2251 3740
f 2288 2253 2252
f 3366 2288 2252
f 3366 2252 3361
f 2254 2253 2290
f 2289 2253 2288
f 2290 2253 2289
f 2254 2291 2255
f 2290 2291 2254
f 2255 2292 2256
f 2292 2255 2291
f 2256 2293 2257
f 2292 2293 2256
f 2257 2294 2258
f 2294 2257 2293
f 2258 2295 2259
f 2258 2294 2295
f 2296 2260 2259
f 2296 2259 2295
f 2261 2260 2297
f 2296 2297 2260
f 2298 2262 2261
f 2297 2298 2261
f 2262 2299 2263
f 2298 2299 2262
f 2263 2300 2264
f 2264 3357 2263
f 2299 2300 2263
f 2264 2300 3362
f 2264 4072 3357
f 3362 4072 2264
f 2303 2266 2265
f 2303 2265 2302
f 2302 2265 3365
f 3365 2265 3360
f 2267 2266 2304
f 2304 2266 2303
f 2268 2267 2305
f 2267 2304 2305
f 2269 2268 2306
f 2306 2268 2305
f 2269 2307 2270
f 2269 2306 2307
f 2308 2271 2270
f 2307 2308 2270
f 2271 2309 2272
f 2308 2309 2271
f 2273 2272 2310
f 2309 2310 2272
f 2273 2311 2274
f 2310 2311 2273
f 2275 2274 2312
f 2274 2311 2312
f 2275 2313 2276
f 2275 2312 2313
f 2314 2277 2276
f 2314 2276 2313
f 2278 2277 2315
f 2315 2277 2314
f 2278 2316 2279
f 2278 2315 2316
f 2317 2280 2279
f 2279 2316 2317
f 2318 2281 2280
f 2317 2318 2280
f 2281 2319 2282
f 2319 2281 2318
f 2283 2282 2320
f 2319 2320 2282
f 2284 2283 2321
f 2283 2320 2321
f 2322 2285 2284
f 2321 2322 2284
f 2286 2285 2323
f 2323 2285 2322
f 2286 2324 2287
f 2286 2323 2324
f 2325 2287 2324
f 2325 3744 2287
f 3744 3740 2287
f 2326 2289 2288
f 2326 2288 3372
f 3366 3749 2288
f 2288 3749 3372
f 2327 2290 2289
f 2289 2326 2327
f 2290 2328 2291
f 2290 2327 2328
f 2329 2292 2291
f 2291 2328 2329
f 2292 2330 2293
f 2292 2329 2330
f 2294 2293 2331
f 2331 2293 2330
f 2294 2332 2295
f 2332 2294 2331
f 2296 2295 2333
f 2295 2332 2333
f 2297 2296 2334
f 2296 2333 2334
f 2297 2335 2298
f 2297 2334 2335
f 2298 2336 2299
f 2335 2336 2298
f 2300 2299 2337
f 2337 2299 2336
f 2300 2338 2301
f 3362 2300 2301
f 2300 2337 2338
f 2301 2338 2339
f 2301 2339 3367
f 3362 2301 4075
f 3367 4075 2301
f 3370 2344 2302
f 3365 3370 2302
f 3371 2325 2346
f 3371 3745 2325
f 2325 3745 3744
f 2326 2366 2327
f 2366 2326 2365
f 2326 3401 2365
f 3372 3401 2326
f 2367 2328 2327
f 2367 2327 2366
f 2329 2328 2368
f 2368 2328 2367
f 2369 2330 2329
f 2369 2329 2368
f 2330 2370 2331
f 2369 2370 2330
f 2371 2332 2331
f 2371 2331 2370
f 2333 2332 2372
f 2332 2371 2372
f 2333 2373 2334
f 2372 2373 2333
f 2335 2334 2374
f 2374 2334 2373
f 2335 2375 2336
f 2374 2375 2335
f 2337 2336 2376
f 2336 2375 2376
f 2377 2338 2337
f 2376 2377 2337
f 2339 2338 2378
f 2378 2338 2377
f 2339 2378 2379
f 2379 3373 2339
f 3367 2339 3373
f 2340 2342 3369
f 3368 2340 3369
f 3756 2340 3368
f 3756 3377 2340
f 2341 2344 2342
f 2344 2341 2343
f 2342 2344 3370
f 3369 2342 3370
f 2345 3378 2346
f 2347 3378 2345
f 2346 3379 3371
f 3378 3379 2346
f 3378 2347 2348
f 3380 2348 2349
f 3378 2348 3380
f 2349 2350 3381
f 3380 2349 3381
f 3382 2350 2351
f 3382 3381 2350
f 2352 3383 2351
f 2351 3383 3382
f 3384 2352 2353
f 3384 3383 2352
f 2353 2354 3385
f 3384 2353 3385
f 2355 3386 2354
f 2354 3386 3385
f 2356 3387 2355
f 3387 3386 2355
f 3388 2356 2357
f 3388 3387 2356
f 3389 2357 2358
f 3389 3388 2357
f 3390 2358 2359
f 3389 2358 3390
f 2359 2360 3391
f 2359 3391 3390
f 3392 2360 2361
f 3391 2360 3392
f 2362 3393 2361
f 3393 3392 2361
f 2363 3394 2362
f 3394 3393 2362
f 2363 2364 3395
f 3395 3394 2363
f 3395 2364 3396
f 2365 2401 2366
f 2400 2401 2365
f 2365 3401 2400
f 2366 2402 2367
f 2401 2402 2366
f 2367 2403 2368
f 2367 2402 2403
f 2368 2403 2369
f 3750 2379 2380
f 3750 3373 2379
f 3750 2380 2381
f 3780 2381 3402
f 3750 2381 3780
f 3404 2382 2383
f 3404 3403 2382
f 2384 3405 2383
f 3405 3404 2383
f 3406 2384 2385
f 3406 3405 2384
f 2385 2386 3407
f 3407 3406 2385
f 2386 2387 3408
f 3407 2386 3408
f 2388 3409 2387
f 2387 3409 3408
f 2388 2389 3410
f 3410 3409 2388
f 2389 2390 3411
f 3411 3410 2389
f 2391 3412 2390
f 2390 3412 3411
f 3413 2391 2392
f 3413 3412 2391
f 3414 2392 2393
f 3413 2392 3414
f 2393 2396 2394
f 3414 2393 2394
f 2395 2396 2393
f 2394 2396 3751
f 3793 3414 2394
f 3793 2394 3751
f 3752 2396 3374
f 3751 2396 3752
f 2399 2398 2397
f 3778 2398 2399
f 3400 2398 3777
f 2398 3778 3777
f 2399 3415 3794
f 2399 3794 3778
f 2400 3401 3416
f 3416 3422 2400
f 2404 2405 3425
f 2405 3419 3798
f 3425 2405 3800
f 3798 3800 2405
f 3428 2408 2406
f 2406 3425 3428
f 2409 3431 2407
f 3429 2407 3431
f 2408 3430 2410
f 2408 3428 3430
f 2411 3433 2409
f 3433 3431 2409
f 2410 3432 2412
f 3430 3432 2410
f 2411 2413 3435
f 3433 2411 3435
f 2412 3434 2414
f 2412 3432 3434
f 2413 3437 3435
f 2415 2414 3436
f 3434 3436 2414
f 2415 3438 2416
f 3438 2415 3436
f 2417 2416 3440
f 3438 3439 2416
f 3439 3440 2416
f 2418 2417 3440
f 2420 2418 3442
f 3440 3442 2418
f 2419 2425 3441
f 3437 2419 3441
f 2426 2421 2420
f 2426 2420 3442
f 2421 2427 2422
f 2426 2427 2421
f 2428 2423 2422
f 2427 2428 2422
f 2429 2423 2428
f 2423 2429 2430
f 2425 2424 3443
f 3460 2424 2461
f 2424 3460 3443
f 2425 3443 3441
f 2463 2427 2426
f 2426 2462 2463
f 2462 2426 3444
f 3444 2426 3442
f 2464 2428 2427
f 2463 2464 2427
f 2429 2428 2465
f 2464 2465 2428
f 2429 2466 2430
f 2466 2429 2465
f 2431 2430 2466
f 2467 2432 2431
f 2467 2431 2466
f 2468 2433 2432
f 2467 2468 2432
f 2469 2434 2433
f 2469 2433 2468
f 2435 2434 2470
f 2470 2434 2469
f 2435 2471 2436
f 2470 2471 2435
f 2436 2472 2437
f 2436 2471 2472
f 2437 2473 2438
f 2437 2472 2473
f 2438 2474 2439
f 2438 2473 2474
f 2440 2439 2475
f 2474 2475 2439
f 2441 2440 3462
f 2440 2475 3462
f 2442 2441 3463
f 3463 2441 3462
f 2443 2442 3445
f 2442 3464 3445
f 3463 3464 2442
f 2444 2443 3446
f 3445 3446 2443
f 2445 2444 3447
f 3446 3447 2444
f 2445 3448 2446
f 3447 3448 2445
f 2446 3449 2447
f 2446 3448 3449
f 2447 3450 2448
f 2447 3449 3450
f 2449 2448 3451
f 3450 3451 2448
f 2449 3452 2450
f 2449 3451 3452
f 2451 2450 3453
f 2450 3452 3453
f 2451 3454 2452
f 2451 3453 3454
f 2453 2452 3455
f 2452 3454 3455
f 2454 2453 3456
f 3456 2453 3455
f 2454 3456 2455
f 2455 3457 2456
f 3457 2455 3456
f 3465 2457 2456
f 2456 3457 3465
f 2476 2457 3466
f 2457 3465 3466
f 2458 3492 2459
f 2504 3492 2458
f 2460 2459 3458
f 3458 2459 3493
f 3492 3493 2459
f 3459 2461 2460
f 3459 2460 3458
f 3460 2461 3459
f 2462 2506 2463
f 2505 2506 2462
f 2505 2462 3461
f 3461 2462 3444
f 2463 2507 2464
f 2506 2507 2463
f 2464 2508 2465
f 2507 2508 2464
f 2466 2465 2509
f 2465 2508 2509
f 2467 2466 2510
f 2510 2466 2509
f 2511 2468 2467
f 2467 2510 2511
f 2512 2469 2468
f 2512 2468 2511
f 2469 2513 2470
f 2512 2513 2469
f 2514 2471 2470
f 2470 2513 2514
f 2515 2472 2471
f 2515 2471 2514
f 2473 2472 2516
f 2515 2516 2472
f 2517 2474 2473
f 2517 2473 2516
f 2475 2474 3496
f 2517 3496 2474
f 3496 3462 2475
f 3468 2477 2476
f 3466 3467 2476
f 3467 3468 2476
f 2478 2477 3469
f 3469 2477 3468
f 2479 2478 3470
f 2478 3469 3470
f 3470 2480 2479
f 2481 2480 3497
f 3497 2480 3470
f 2481 3498 2482
f 3497 3498 2481
f 2482 2518 2519
f 3498 2518 2482
f 2483 3471 2484
f 2542 3499 2483
f 2483 3499 3471
f 2484 3472 2485
f 2484 3471 3472
f 3473 2486 2485
f 3472 3473 2485
f 2487 2486 3474
f 2486 3473 3474
f 2487 3475 2488
f 3474 3475 2487
f 2489 2488 3476
f 2488 3475 3476
f 2490 2489 3477
f 3477 2489 3476
f 2491 2490 3478
f 3478 2490 3477
f 3479 2492 2491
f 3479 2491 3478
f 2493 2492 3480
f 3479 3480 2492
f 2494 2493 3481
f 3480 3481 2493
f 3482 2495 2494
f 3481 3482 2494
f 3483 2496 2495
f 3482 3483 2495
f 3484 2497 2496
f 3483 3484 2496
f 3485 2498 2497
f 3485 2497 3484
f 3486 2499 2498
f 3486 2498 3485
f 2499 3487 2500
f 3487 2499 3486
f 2500 3488 2501
f 3487 3488 2500
f 2501 3489 2502
f 3488 3489 2501
f 2503 2502 3490
f 3490 2502 3489
f 2504 2503 3491
f 3491 2503 3490
f 2504 3491 3492
f 2546 2506 2505
f 2545 2546 2505
f 3495 2545 2505
f 2505 3461 3495
f 2547 2507 2506
f 2506 2546 2547
f 2507 2548 2508
f 2547 2548 2507
f 2509 2508 2549
f 2549 2508 2548
f 2510 2509 2550
f 2550 2509 2549
f 2551 2511 2510
f 2550 2551 2510
f 2512 2511 2552
f 2552 2511 2551
f 2512 2553 2513
f 2512 2552 2553
f 2514 2513 2554
f 2554 2513 2553
f 2555 2515 2514
f 2554 2555 2514
f 2516 2515 2556
f 2555 2556 2515
f 3500 2517 2516
f 2516 2556 3500
f 3870 3496 2517
f 3870 2517 3500
f 2519 2518 2557
f 2557 2518 3503
f 3498 3503 2518
f 2557 2520 2519
f 2521 2520 2558
f 2520 2557 2558
f 2521 2559 2522
f 2558 2559 2521
f 2522 2560 2523
f 2522 2559 2560
f 2524 2523 2561
f 2561 2523 2560
f 2525 2524 2562
f 2562 2524 2561
f 2526 2525 2563
f 2563 2525 2562
f 2527 2526 2564
f 2563 2564 2526
f 2527 2565 2528
f 2564 2565 2527
f 2528 2566 2529
f 2528 2565 2566
f 2529 2567 2530
f 2529 2566 2567
f 2530 2568 2531
f 2530 2567 2568
f 2569 2532 2531
f 2531 2568 2569
f 2533 2532 2570
f 2532 2569 2570
f 2533 2571 2534
f 2571 2533 2570
f 2535 2534 2572
f 2572 2534 2571
f 2573 2536 2535
f 2573 2535 2572
f 2574 2537 2536
f 2574 2536 2573
f 2575 2538 2537
f 2575 2537 2574
f 2538 2576 2539
f 2575 2576 2538
f 2539 2577 2540
f 2576 2577 2539
f 2578 2541 2540
f 2578 2540 2577
f 2541 2579 2542
f 2578 2579 2541
f 2579 3504 2542
f 2542 3504 3499
f 2544 2543 2580
f 3495 2543 2544
f 2543 3506 2580
f 3495 3494 2543
f 4205 2543 3494
f 2543 3869 3506
f 4205 3869 2543
f 2581 2545 2544
f 2545 3495 2544
f 2581 2544 2580
f 2545 2582 2546
f 2581 2582 2545
f 2583 2547 2546
f 2546 2582 2583
f 2547 2584 2548
f 2583 2584 2547
f 2585 2549 2548
f 2584 2585 2548
f 2586 2550 2549
f 2586 2549 2585
f 2550 2587 2551
f 2586 2587 2550
f 2588 2552 2551
f 2551 2587 2588
f 2552 2589 2553
f 2589 2552 2588
f 2554 2553 2590
f 2590 2553 2589
f 2554 2591 2555
f 2590 2591 2554
f 3507 2556 2555
f 2591 3507 2555
f 3500 2556 3874
f 3507 3874 2556
f 2558 2557 2593
f 2592 2593 2557
f 2592 2557 3503
f 2594 2559 2558
f 2594 2558 2593
f 2559 2595 2560
f 2594 2595 2559
f 2561 2560 2596
f 2595 2596 2560
f 2562 2561 2597
f 2596 2597 2561
f 2563 2562 2598
f 2597 2598 2562
f 2599 2564 2563
f 2599 2563 2598
f 2600 2565 2564
f 2599 2600 2564
f 2601 2566 2565
f 2600 2601 2565
f 2602 2567 2566
f 2601 2602 2566
f 2568 2567 2603
f 2603 2567 2602
f 2569 2568 2604
f 2604 2568 2603
f 2605 2570 2569
f 2605 2569 2604
f 2606 2571 2570
f 2606 2570 2605
f 2572 2571 2607
f 2607 2571 2606
f 2572 2608 2573
f 2572 2607 2608
f 2573 2609 2574
f 2573 2608 2609
f 2574 2610 2575
f 2574 2609 2610
f 2611 2576 2575
f 2610 2611 2575
f 2612 2577 2576
f 2611 2612 2576
f 2578 2577 2613
f 2612 2613 2577
f 2578 3511 2579
f 2578 2613 3511
f 2579 3511 3504
f 2580 2617 2581
f 2616 2617 2580
f 2580 3506 2616
f 2582 2581 2618
f 2581 2617 2618
f 2582 2619 2583
f 2618 2619 2582
f 2584 2583 2620
f 2583 2619 2620
f 2585 2584 2621
f 2620 2621 2584
f 2586 2585 2622
f 2622 2585 2621
f 2587 2586 2623
f 2586 2622 2623
f 2587 2624 2588
f 2587 2623 2624
f 2589 2588 2625
f 2625 2588 2624
f 2589 2626 2590
f 2625 2626 2589
f 2590 3513 2591
f 2626 3513 2590
f 3513 3507 2591
f 2628 2593 2592
f 2592 2627 2628
f 3510 2627 2592
f 3503 3510 2592
f 2594 2593 2629
f 2628 2629 2593
f 2630 2595 2594
f 2629 2630 2594
f 2631 2596 2595
f 2630 2631 2595
f 2632 2597 2596
f 2631 2632 2596
f 2633 2598 2597
f 2633 2597 2632
f 2599 2598 2634
f 2634 2598 2633
f 2600 2599 2635
f 2599 2634 2635
f 2636 2601 2600
f 2635 2636 2600
f 2601 2637 2602
f 2636 2637 2601
f 2603 2602 2638
f 2638 2602 2637
f 2603 2639 2604
f 2639 2603 2638
f 2640 2605 2604
f 2640 2604 2639
f 2641 2606 2605
f 2640 2641 2605
f 2606 2642 2607
f 2606 2641 2642
f 2643 2608 2607
f 2607 2642 2643
f 2609 2608 2644
f 2643 2644 2608
f 2645 2610 2609
f 2609 2644 2645
f 2646 2611 2610
f 2646 2610 2645
f 2612 2611 2647
f 2646 2647 2611
f 2612 3517 2613
f 2612 2647 3517
f 3511 2613 3517
f 2614 2650 2615
f 3506 2614 2615
f 2614 2648 2649
f 2614 3512 2648
f 2650 2614 2649
f 3506 3505 2614
f 3505 3512 2614
f 2616 2615 2651
f 3506 2615 2616
f 2651 2615 2650
f 2617 2616 2652
f 2616 2651 2652
f 2618 2617 2653
f 2652 2653 2617
f 2619 2618 2654
f 2618 2653 2654
f 2620 2619 2655
f 2654 2655 2619
f 2620 2656 2621
f 2620 2655 2656
f 2622 2621 2657
f 2657 2621 2656
f 2623 2622 2658
f 2658 2622 2657
f 2659 2624 2623
f 2623 2658 2659
f 2625 2624 2660
f 2660 2624 2659
f 2625 3518 2626
f 2625 2660 3518
f 3513 2626 3518
f 2662 2628 2627
f 2661 2662 2627
f 2661 2627 3516
f 3516 2627 3510
f 2628 2663 2629
f 2662 2663 2628
f 2629 2664 2630
f 2629 2663 2664
f 2665 2631 2630
f 2664 2665 2630
f 2631 2666 2632
f 2665 2666 2631
f 2633 2632 2667
f 2632 2666 2667
f 2668 2634 2633
f 2633 2667 2668
f 2635 2634 2669
f 2669 2634 2668
f 2636 2635 2670
f 2669 2670 2635
f 2637 2636 2671
f 2671 2636 2670
f 2672 2638 2637
f 2672 2637 2671
f 2673 2639 2638
f 2672 2673 2638
f 2639 2674 2640
f 2673 2674 2639
f 2675 2641 2640
f 2675 2640 2674
f 2642 2641 2676
f 2675 2676 2641
f 2642 2677 2643
f 2676 2677 2642
f 2643 2678 2644
f 2643 2677 2678
f 2645 2644 2679
f 2678 2679 2644
f 2646 2645 2680
f 2645 2679 2680
f 2647 2646 3522
f 3522 2646 2680
f 3517 2647 3885
f 3522 3885 2647
f 2681 2649 2648
f 2681 2648 3524
f 2648 3512 3881
f 3881 3524 2648
f 2650 2649 2682
f 2682 2649 2681
f 2651 2650 2683
f 2650 2682 2683
f 2652 2651 2684
f 2651 2683 2684
f 2652 2685 2653
f 2652 2684 2685
f 2654 2653 2686
f 2686 2653 2685
f 2655 2654 2687
f 2654 2686 2687
f 2656 2655 2688
f 2655 2687 2688
f 2657 2656 2689
f 2689 2656 2688
f 2690 2658 2657
f 2690 2657 2689
f 2659 2658 2691
f 2691 2658 2690
f 2660 2659 3525
f 2659 2691 3525
f 3525 3518 2660
f 2661 2694 2662
f 2661 2693 2694
f 2661 3521 2693
f 3516 3521 2661
f 2663 2662 2695
f 2662 2694 2695
f 2664 2663 2697
f 2696 2663 2695
f 2696 2697 2663
f 2697 2665 2664
f 2699 2666 2665
f 2698 2665 2697
f 2698 2699 2665
f 2666 2700 2667
f 2700 2666 2699
f 2667 2701 2668
f 2700 2701 2667
f 2668 2702 2669
f 2701 2702 2668
f 2703 2670 2669
f 2669 2702 2703
f 2671 2670 2704
f 2703 2704 2670
f 2672 2671 2705
f 2671 2704 2705
f 2706 2673 2672
f 2705 2706 2672
f 2707 2674 2673
f 2707 2673 2706
f 2675 2674 2708
f 2708 2674 2707
f 2709 2676 2675
f 2675 2708 2709
f 2710 2677 2676
f 2710 2676 2709
f 2711 2678 2677
f 2710 2711 2677
f 2712 2679 2678
f 2678 2711 2712
f 3529 2680 2679
f 2712 3529 2679
f 2680 3529 3522
f 2681 2716 2682
f 2681 2715 2716
f 2715 2681 3524
f 2683 2682 2717
f 2717 2682 2716
f 2718 2684 2683
f 2683 2717 2718
f 2685 2684 2719
f 2719 2684 2718
f 2685 2720 2686
f 2719 2720 2685
f 2686 2721 2687
f 2720 2721 2686
f 2687 2722 2688
f 2721 2722 2687
f 2689 2688 2723
f 2723 2688 2722
f 2724 2690 2689
f 2689 2723 2724
f 2690 3531 2691
f 2724 3531 2690
f 3531 3525 2691
f 2692 2725 2693
f 2693 3521 2692
f 2692 3534 2725
f 3520 2692 3521
f 3520 3528 2692
f 3534 2692 3528
f 2693 2726 2694
f 2725 2726 2693
f 2695 2694 2727
f 2727 2694 2726
f 2695 2728 2696
f 2695 2727 2728
f 2729 2697 2696
f 2696 2728 2729
f 2730 2698 2697
f 2730 2697 2729
f 2699 2698 2731
f 2730 2731 2698
f 2732 2700 2699
f 2732 2699 2731
f 2701 2700 2733
f 2732 2733 2700
f 2734 2702 2701
f 2701 2733 2734
f 2703 2702 2735
f 2735 2702 2734
f 2704 2703 2736
f 2736 2703 2735
f 2704 2737 2705
f 2704 2736 2737
f 2705 2738 2706
f 2737 2738 2705
f 2706 2739 2707
f 2738 2739 2706
f 2740 2708 2707
f 2740 2707 2739
f 2741 2709 2708
f 2741 2708 2740
f 2710 2709 2742
f 2741 2742 2709
f 2743 2711 2710
f 2743 2710 2742
f 3535 2712 2711
f 3535 2711 2743
f 3529 2712 3535
f 2714 2713 2746
f 2713 2714 3524
f 2744 2745 2713
f 2744 2713 3530
f 2713 2745 2746
f 3523 2713 3524
f 2713 3523 3530
f 2714 2747 2715
f 2715 3524 2714
f 2746 2747 2714
f 2748 2716 2715
f 2715 2747 2748
f 2749 2717 2716
f 2749 2716 2748
f 2750 2718 2717
f 2749 2750 2717
f 2718 2751 2719
f 2751 2718 2750
f 2752 2720 2719
f 2719 2751 2752
f 2753 2721 2720
f 2753 2720 2752
f 2721 2754 2722
f 2721 2753 2754
f 2722 2755 2723
f 2754 2755 2722
f 2723 3536 2724
f 2723 2755 3536
f 2724 3536 3531
f 2726 2725 2758
f 2758 2725 2757
f 2725 3534 2757
f 2726 2759 2727
f 2759 2726 2758
f 2727 2760 2728
f 2727 2759 2760
f 2729 2728 2762
f 2761 2728 2760
f 2761 2762 2728
f 2730 2729 2762
f 2730 2763 2731
f 2762 2763 2730
f 2732 2731 2764
f 2764 2731 2763
f 2733 2732 2765
f 2765 2732 2764
f 2733 2766 2734
f 2766 2733 2765
f 2735 2734 2767
f 2766 2767 2734
f 2735 2768 2736
f 2767 2768 2735
f 2769 2737 2736
f 2736 2768 2769
f 2738 2737 2770
f 2770 2737 2769
f 2772 2739 2738
f 2771 2738 2770
f 2772 2738 2771
f 2773 2740 2739
f 2773 2739 2772
f 2774 2741 2740
f 2740 2773 2774
f 2742 2741 2775
f 2775 2741 2774
f 2743 2742 3540
f 3540 2742 2775
f 3540 3535 2743
f 2744 2776 2745
f 2776 2744 3542
f 3892 2744 3530
f 3892 3542 2744
f 2777 2746 2745
f 2777 2745 2776
f 2747 2746 2778
f 2746 2777 2778
f 2779 2748 2747
f 2747 2778 2779
f 2749 2748 2780
f 2780 2748 2779
f 2749 2781 2750
f 2780 2781 2749
f 2782 2751 2750
f 2750 2781 2782
f 2783 2752 2751
f 2783 2751 2782
f 2784 2753 2752
f 2784 2752 2783
f 2754 2753 2785
f 2785 2753 2784
f 2755 2754 3543
f 3543 2754 2785
f 3543 3536 2755
f 2786 2757 2756
f 3534 2756 2757
f 2756 3546 2786
f 2756 3534 3533
f 2756 3533 3539
f 3546 2756 3539
f 2758 2757 2787
f 2787 2757 2786
f 2758 2788 2759
f 2758 2787 2788
f 2789 2760 2759
f 2789 2759 2788
f 2761 2760 2790
f 2789 2790 2760
f 2791 2762 2761
f 2761 2790 2791
f 2763 2762 2792
f 2791 2792 2762
f 2793 2764 2763
f 2792 2793 2763
f 2794 2765 2764
f 2764 2793 2794
f 2766 2765 2795
f 2765 2794 2795
f 2796 2767 2766
f 2796 2766 2795
f 2767 2797 2768
f 2796 2797 2767
f 2768 2798 2769
f 2797 2798 2768
f 2769 2799 2770
f 2798 2799 2769
f 2800 2771 2770
f 2770 2799 2800
f 2801 2772 2771
f 2800 2801 2771
f 2802 2773 2772
f 2802 2772 2801
f 2803 2774 2773
f 2773 2802 2803
f 2774 3547 2775
f 2803 3547 2774
f 3547 3540 2775
f 2776 3549 2777
f 3542 3548 2776
f 3549 2776 3548
f 2777 3550 2778
f 3550 2777 3549
f 3551 2779 2778
f 3551 2778 3550
f 3552 2780 2779
f 3552 2779 3551
f 2780 3553 2781
f 3553 2780 3552
f 2782 2781 3554
f 3553 3554 2781
f 2782 3555 2783
f 3554 3555 2782
f 2783 3556 2784
f 3556 2783 3555
f 3557 2785 2784
f 3556 3557 2784
f 2785 3557 3543
f 2786 2806 2787
f 2786 2805 2806
f 3546 2805 2786
f 2788 2787 2807
f 2787 2806 2807
f 2809 2789 2788
f 2808 2788 2807
f 2808 2809 2788
f 2789 2810 2790
f 2809 2810 2789
f 2791 2790 2811
f 2811 2790 2810
f 2791 2812 2792
f 2811 2812 2791
f 2793 2792 2812
f 2793 2814 2794
f 2793 2812 2813
f 2793 2813 2814
f 2795 2794 2815
f 2814 2815 2794
f 2816 2796 2795
f 2795 2815 2816
f 2797 2796 2817
f 2796 2816 2817
f 2797 2818 2798
f 2818 2797 2817
f 2819 2799 2798
f 2818 2819 2798
f 2800 2799 2820
f 2820 2799 2819
f 2821 2801 2800
f 2800 2820 2821
f 2822 2802 2801
f 2801 2821 2822
f 2803 2802 2822
f 2822 3561 2803
f 3547 2803 3561
f 2804 2823 2805
f 2804 2805 3546
f 2804 3564 2823
f 2804 3546 3545
f 3545 3560 2804
f 3564 2804 3560
f 2805 2824 2806
f 2805 2823 2824
f 2806 2825 2807
f 2824 2825 2806
f 2807 2826 2808
f 2825 2826 2807
f 2808 2827 2809
f 2808 2826 2827
f 2809 2828 2810
f 2827 2828 2809
f 2811 2810 2829
f 2828 2829 2810
f 2811 2830 2812
f 2829 2830 2811
f 2830 2813 2812
f 2814 2813 2832
f 2830 2831 2813
f 2813 2831 2832
f 2833 2815 2814
f 2814 2832 2833
f 2834 2816 2815
f 2834 2815 2833
f 2817 2816 2835
f 2834 2835 2816
f 2818 2817 2836
f 2836 2817 2835
f 2837 2819 2818
f 2837 2818 2836
f 2820 2819 2838
f 2838 2819 2837
f 2820 2839 2821
f 2838 2839 2820
f 2821 2840 2822
f 2821 2839 2840
f 2822 2840 3561
f 2823 2843 2824
f 2823 2842 2843
f 2842 2823 3564
f 2844 2825 2824
f 2844 2824 2843
f 2826 2825 2845
f 2845 2825 2844
f 2847 2827 2826
f 2846 2826 2845
f 2847 2826 2846
f 2828 2827 2848
f 2848 2827 2847
f 2849 2829 2828
f 2849 2828 2848
f 2850 2830 2829
f 2849 2850 2829
f 2850 2831 2830
f 2832 2831 2852
f 2851 2831 2850
f 2851 2852 2831
f 2832 2853 2833
f 2832 2852 2853
f 2833 2854 2834
f 2853 2854 2833
f 2835 2834 2855
f 2834 2854 2855
f 2856 2836 2835
f 2835 2855 2856
f 2857 2837 2836
f 2857 2836 2856
f 2837 2858 2838
f 2858 2837 2857
f 2859 2839 2838
f 2838 2858 2859
f 2839 3569 2840
f 3569 2839 2859
f 3561 2840 3565
f 3565 2840 3918
f 3918 2840 3569
f 2841 2860 2842
f 3564 2841 2842
f 2841 3572 2860
f 2841 3564 3563
f 3568 2841 3563
f 3572 2841 3568
f 2842 2861 2843
f 2842 2860 2861
f 2862 2844 2843
f 2861 2862 2843
f 2845 2844 2863
f 2862 2863 2844
f 2846 2845 2864
f 2864 2845 2863
f 2847 2846 2865
f 2864 2865 2846
f 2847 2866 2848
f 2866 2847 2865
f 2867 2849 2848
f 2866 2867 2848
f 2868 2850 2849
f 2867 2868 2849
f 2868 2851 2850
f 2870 2852 2851
f 2868 2869 2851
f 2870 2851 2869
f 2853 2852 2871
f 2871 2852 2870
f 2853 2872 2854
f 2871 2872 2853
f 2873 2855 2854
f 2854 2872 2873
f 2856 2855 2874
f 2874 2855 2873
f 2856 2875 2857
f 2856 2874 2875
f 2876 2858 2857
f 2857 2875 2876
f 2859 2858 3573
f 2876 3573 2858
f 3573 3569 2859
f 2879 2861 2860
f 2860 2878 2879
f 3572 2878 2860
f 2880 2862 2861
f 2861 2879 2880
f 2881 2863 2862
f 2881 2862 2880
f 2864 2863 2882
f 2882 2863 2881
f 2864 2884 2865
f 2882 2883 2864
f 2864 2883 2884
f 2866 2865 2885
f 2865 2884 2885
f 2867 2866 2886
f 2886 2866 2885
f 2887 2868 2867
f 2886 2887 2867
f 2868 2887 2869
f 2870 2869 2889
f 2887 2888 2869
f 2889 2869 2888
f 2871 2870 2890
f 2870 2889 2890
f 2871 2891 2872
f 2871 2890 2891
f 2872 2892 2873
f 2872 2891 2892
f 2873 2893 2874
f 2873 2892 2893
f 2874 2894 2875
f 2893 2894 2874
f 2876 2875 2894
f 2894 3577 2876
f 2876 3577 3573
f 2895 2878 2877
f 2877 2878 3572
f 2895 2877 3580
f 3571 2877 3572
f 3576 2877 3571
f 3580 2877 3576
f 2879 2878 2896
f 2895 2896 2878
f 2897 2880 2879
f 2897 2879 2896
f 2898 2881 2880
f 2898 2880 2897
f 2881 2899 2882
f 2898 2899 2881
f 2882 2900 2883
f 2899 2900 2882
f 2901 2884 2883
f 2901 2883 2900
f 2885 2884 2902
f 2902 2884 2901
f 2903 2886 2885
f 2885 2902 2903
f 2886 2904 2887
f 2903 2904 2886
f 2887 2904 2888
f 2889 2888 2906
f 2905 2888 2904
f 2906 2888 2905
f 2890 2889 2907
f 2906 2907 2889
f 2891 2890 2908
f 2907 2908 2890
f 2891 2909 2892
f 2908 2909 2891
f 2910 2893 2892
f 2910 2892 2909
f 2893 3581 2894
f 2910 3581 2893
f 2894 3581 3577
f 2913 2896 2895
f 2913 2895 2912
f 2895 3580 2912
f 2897 2896 2914
f 2914 2896 2913
f 2898 2897 2915
f 2914 2915 2897
f 2899 2898 2916
f 2915 2916 2898
f 2918 2900 2899
f 2899 2916 2917
f 2899 2917 2918
f 2901 2900 2919
f 2918 2919 2900
f 2901 2920 2902
f 2901 2919 2920
f 2902 2921 2903
f 2921 2902 2920
f 2903 2922 2904
f 2903 2921 2922
f 2922 2905 2904
f 2905 2924 2906
f 2922 2923 2905
f 2923 2924 2905
f 2906 2925 2907
f 2906 2924 2925
f 2907 2926 2908
f 2907 2925 2926
f 2908 2927 2909
f 2926 2927 2908
f 2909 2928 2910
f 2909 2927 2928
f 3581 2910 2928
f 2911 2929 2912
f 2912 3580 2911
f 3587 2929 2911
f 2911 3580 3579
f 3584 2911 3579
f 3584 3587 2911
f 2913 2912 2930
f 2912 2929 2930
f 2931 2914 2913
f 2930 2931 2913
f 2932 2915 2914
f 2932 2914 2931
f 2916 2915 2933
f 2933 2915 2932
f 2917 2916 2934
f 2916 2933 2934
f 2918 2917 2935
f 2917 2934 2935
f 2918 2936 2919
f 2935 2936 2918
f 2937 2920 2919
f 2937 2919 2936
f 2938 2921 2920
f 2938 2920 2937
f 2922 2921 2939
f 2938 2939 2921
f 2922 2939 2923
f 2923 2941 2924
f 2923 2939 2940
f 2923 2940 2941
f 2942 2925 2924
f 2942 2924 2941
f 2926 2925 2943
f 2925 2942 2943
f 2944 2927 2926
f 2926 2943 2944
f 2927 3588 2928
f 2927 2944 3588
f 3581 2928 3927
f 2928 3588 3930
f 3927 2928 3930
f 2930 2929 2947
f 2947 2929 2946
f 2929 3587 2946
f 2931 2930 2948
f 2930 2947 2948
f 2949 2932 2931
f 2931 2948 2949
f 2932 2950 2933
f 2950 2932 2949
f 2933 2952 2934
f 2933 2950 2951
f 2951 2952 2933
f 2935 2934 2953
f 2934 2952 2953
f 2954 2936 2935
f 2954 2935 2953
f 2936 2955 2937
f 2954 2955 2936
f 2937 2956 2938
f 2955 2956 2937
f 2938 2957 2939
f 2956 2957 2938
f 2939 2957 2940
f 2941 2940 2959
f 2957 2958 2940
f 2958 2959 2940
f 2960 2942 2941
f 2941 2959 2960
f 2961 2943 2942
f 2942 2960 2961
f 2944 2943 3592
f 2943 2961 3592
f 3592 3588 2944
f 2945 2962 2946
f 2946 3587 2945
f 3595 2962 2945
f 2945 3587 3586
f 3586 3591 2945
f 3591 3595 2945
f 2946 2963 2947
f 2946 2962 2963
f 2947 2964 2948
f 2947 2963 2964
f 2948 2965 2949
f 2948 2964 2965
f 2949 2966 2950
f 2965 2966 2949
f 2951 2950 2967
f 2950 2966 2967
f 2968 2952 2951
f 2968 2951 2967
f 2953 2952 2969
f 2969 2952 2968
f 2970 2954 2953
f 2970 2953 2969
f 2955 2954 2971
f 2970 2971 2954
f 2956 2955 2972
f 2972 2955 2971
f 2956 2973 2957
f 2972 2973 2956
f 2958 2957 2974
f 2973 2974 2957
f 2958 2975 2959
f 2958 2974 2975
f 2976 2960 2959
f 2959 2975 2976
f 2960 2976 2961
f 3596 2961 2976
f 3592 2961 3596
f 2979 2963 2962
f 2979 2962 2978
f 2978 2962 3595
f 2964 2963 2980
f 2979 2980 2963
f 2964 2981 2965
f 2964 2980 2981
f 2982 2966 2965
f 2982 2965 2981
f 2967 2966 2984
f 2983 2966 2982
f 2984 2966 2983
f 2967 2985 2968
f 2985 2967 2984
f 2968 2986 2969
f 2968 2985 2986
f 2987 2970 2969
f 2987 2969 2986
f 2970 2988 2971
f 2987 2988 2970
f 2989 2972 2971
f 2989 2971 2988
f 2990 2973 2972
f 2990 2972 2989
f 2973 2991 2974
f 2990 2991 2973
f 2975 2974 2992
f 2991 2992 2974
f 2976 2975 3600
f 3600 2975 2992
f 3596 2976 3600
f 2978 2977 2993
f 2978 3595 2977
f 3603 2993 2977
f 3594 2977 3595
f 3594 3599 2977
f 3603 2977 3599
f 2979 2978 2994
f 2994 2978 2993
f 2979 2995 2980
f 2995 2979 2994
f 2981 2980 2996
f 2995 2996 2980
f 2997 2982 2981
f 2996 2997 2981
f 2983 2982 2998
f 2997 2998 2982
f 2984 2983 2999
f 2999 2983 2998
f 2985 2984 3000
f 3000 2984 2999
f 3001 2986 2985
f 3001 2985 3000
f 3002 2987 2986
f 3002 2986 3001
f 3003 2988 2987
f 3003 2987 3002
f 2989 2988 3004
f 3003 3004 2988
f 3005 2990 2989
f 2989 3004 3005
f 2990 3006 2991
f 3005 3006 2990
f 2992 2991 3604
f 2991 3006 3604
f 2992 3604 3600
f 3009 2994 2993
f 3008 3009 2993
f 2993 3603 3008
f 2994 3010 2995
f 2994 3009 3010
f 2995 3011 2996
f 3010 3011 2995
f 2996 3013 2997
f 2996 3011 3012
f 2996 3012 3013
f 2997 3014 2998
f 2997 3013 3014
f 2999 2998 3015
f 3015 2998 3014
f 2999 3016 3000
f 3015 3016 2999
f 3001 3000 3017
f 3016 3017 3000
f 3018 3002 3001
f 3001 3017 3018
f 3002 3019 3003
f 3002 3018 3019
f 3020 3004 3003
f 3003 3019 3020
f 3004 3021 3005
f 3020 3021 3004
f 3608 3006 3005
f 3005 3021 3608
f 3604 3006 3608
f 3022 3008 3007
f 3008 3603 3007
f 3007 3611 3022
f 3603 3602 3007
f 3602 3607 3007
f 3607 3611 3007
f 3008 3023 3009
f 3022 3023 3008
f 3024 3010 3009
f 3009 3023 3024
f 3025 3011 3010
f 3025 3010 3024
f 3012 3011 3026
f 3026 3011 3025
f 3027 3013 3012
f 3027 3012 3026
f 3028 3014 3013
f 3028 3013 3027
f 3029 3015 3014
f 3028 3029 3014
f 3015 3030 3016
f 3015 3029 3030
f 3031 3017 3016
f 3016 3030 3031
f 3017 3032 3018
f 3031 3032 3017
f 3018 3033 3019
f 3032 3033 3018
f 3019 3034 3020
f 3033 3034 3019
f 3020 3034 3021
f 3034 3612 3021
f 3608 3021 3612
f 3037 3023 3022
f 3022 3036 3037
f 3611 3036 3022
f 3023 3038 3024
f 3038 3023 3037
f 3025 3024 3039
f 3038 3039 3024
f 3025 3041 3026
f 3025 3039 3040
f 3025 3040 3041
f 3026 3042 3027
f 3026 3041 3042
f 3043 3028 3027
f 3027 3042 3043
f 3044 3029 3028
f 3043 3044 3028
f 3029 3045 3030
f 3029 3044 3045
f 3031 3030 3046
f 3046 3030 3045
f 3032 3031 3047
f 3031 3046 3047
f 3032 3048 3033
f 3047 3048 3032
f 3033 3049 3034
f 3033 3048 3049
f 3049 3612 3034
f 3035 3050 3036
f 3035 3036 3611
f 3035 3619 3050
f 3035 3611 3610
f 3610 3615 3035
f 3035 3615 3619
f 3037 3036 3051
f 3036 3050 3051
f 3052 3038 3037
f 3052 3037 3051
f 3038 3053 3039
f 3052 3053 3038
f 3039 3054 3040
f 3039 3053 3054
f 3041 3040 3055
f 3040 3054 3055
f 3041 3056 3042
f 3041 3055 3056
f 3042 3057 3043
f 3042 3056 3057
f 3043 3058 3044
f 3043 3057 3058
f 3045 3044 3059
f 3058 3059 3044
f 3060 3046 3045
f 3045 3059 3060
f 3046 3061 3047
f 3060 3061 3046
f 3062 3048 3047
f 3047 3061 3062
f 3049 3048 3620
f 3620 3048 3062
f 3049 3616 3612
f 3049 3948 3616
f 3049 3620 3948
f 3065 3051 3050
f 3065 3050 3064
f 3050 3619 3064
f 3066 3052 3051
f 3051 3065 3066
f 3053 3052 3067
f 3067 3052 3066
f 3053 3069 3054
f 3068 3053 3067
f 3053 3068 3069
f 3070 3055 3054
f 3054 3069 3070
f 3071 3056 3055
f 3071 3055 3070
f 3072 3057 3056
f 3072 3056 3071
f 3057 3073 3058
f 3072 3073 3057
f 3058 3074 3059
f 3058 3073 3074
f 3060 3059 3075
f 3075 3059 3074
f 3076 3061 3060
f 3076 3060 3075
f 3062 3061 3624
f 3076 3624 3061
f 3624 3620 3062
f 3063 3077 3064
f 3064 3619 3063
f 3627 3077 3063
f 3619 3618 3063
f 3063 3618 3623
f 3623 3627 3063
f 3064 3078 3065
f 3077 3078 3064
f 3079 3066 3065
f 3079 3065 3078
f 3080 3067 3066
f 3079 3080 3066
f 3067 3081 3068
f 3081 3067 3080
f 3068 3082 3069
f 3081 3082 3068
f 3070 3069 3083
f 3083 3069 3082
f 3084 3071 3070
f 3083 3084 3070
f 3071 3085 3072
f 3071 3084 3085
f 3072 3086 3073
f 3072 3085 3086
f 3074 3073 3087
f 3087 3073 3086
f 3088 3075 3074
f 3088 3074 3087
f 3075 3628 3076
f 3088 3628 3075
f 3076 3628 3624
f 3078 3077 3091
f 3090 3091 3077
f 3077 3627 3090
f 3079 3078 3092
f 3092 3078 3091
f 3093 3080 3079
f 3093 3079 3092
f 3081 3080 3094
f 3093 3094 3080
f 3081 3096 3082
f 3094 3095 3081
f 3095 3096 3081
f 3082 3097 3083
f 3082 3096 3097
f 3098 3084 3083
f 3083 3097 3098
f 3085 3084 3099
f 3099 3084 3098
f 3085 3100 3086
f 3085 3099 3100
f 3086 3101 3087
f 3086 3100 3101
f 3632 3088 3087
f 3087 3101 3632
f 3632 3628 3088
f 3102 3090 3089
f 3090 3627 3089
f 3635 3102 3089
f 3627 3626 3089
f 3089 3626 3631
f 3631 3635 3089
f 3103 3091 3090
f 3103 3090 3102
f 3092 3091 3104
f 3104 3091 3103
f 3092 3105 3093
f 3104 3105 3092
f 3106 3094 3093
f 3105 3106 3093
f 3094 3107 3095
f 3106 3107 3094
f 3095 3108 3096
f 3107 3108 3095
f 3109 3097 3096
f 3109 3096 3108
f 3098 3097 3110
f 3097 3109 3110
f 3111 3099 3098
f 3111 3098 3110
f 3100 3099 3112
f 3112 3099 3111
f 3100 3636 3101
f 3100 3112 3636
f 3632 3101 3636
f 3102 3115 3103
f 3114 3115 3102
f 3114 3102 3635
f 3104 3103 3117
f 3116 3103 3115
f 3117 3103 3116
f 3104 3118 3105
f 3117 3118 3104
f 3105 3119 3106
f 3105 3118 3119
f 3120 3107 3106
f 3119 3120 3106
f 3108 3107 3121
f 3121 3107 3120
f 3122 3109 3108
f 3122 3108 3121
f 3123 3110 3109
f 3123 3109 3122
f 3124 3111 3110
f 3110 3123 3124
f 3111 3640 3112
f 3111 3124 3640
f 3640 3636 3112
f 3114 3113 3125
f 3635 3113 3114
f 3125 3113 3643
f 3635 3634 3113
f 3113 3634 3639
f 3113 3639 3643
f 3114 3126 3115
f 3126 3114 3125
f 3115 3127 3116
f 3115 3126 3127
f 3116 3128 3117
f 3116 3127 3128
f 3129 3118 3117
f 3117 3128 3129
f 3118 3130 3119
f 3129 3130 3118
f 3131 3120 3119
f 3119 3130 3131
f 3132 3121 3120
f 3120 3131 3132
f 3121 3133 3122
f 3121 3132 3133
f 3122 3134 3123
f 3122 3133 3134
f 3123 3135 3124
f 3134 3135 3123
f 3640 3124 3135
f 3126 3125 3139
f 3137 3138 3125
f 3643 3137 3125
f 3139 3125 3138
f 3127 3126 3140
f 3140 3126 3139
f 3127 3141 3128
f 3140 3141 3127
f 3128 3142 3129
f 3128 3141 3142
f 3129 3143 3130
f 3142 3143 3129
f 3131 3130 3144
f 3144 3130 3143
f 3145 3132 3131
f 3145 3131 3144
f 3146 3133 3132
f 3146 3132 3145
f 3134 3133 3147
f 3146 3147 3133
f 3648 3135 3134
f 3134 3147 3648
f 3135 3644 3640
f 3135 3961 3644
f 3648 3961 3135
f 3137 3136 3149
f 3137 3643 3136
f 3136 3148 3149
f 3136 3647 3148
f 3643 3642 3136
f 3136 3642 3647
f 3138 3137 3151
f 3150 3137 3149
f 3151 3137 3150
f 3152 3139 3138
f 3138 3151 3152
f 3140 3139 3153
f 3152 3153 3139
f 3154 3141 3140
f 3154 3140 3153
f 3155 3142 3141
f 3154 3155 3141
f 3156 3143 3142
f 3155 3156 3142
f 3157 3144 3143
f 3157 3143 3156
f 3145 3144 3158
f 3158 3144 3157
f 3145 3159 3146
f 3145 3158 3159
f 3146 3650 3147
f 3159 3650 3146
f 3650 3648 3147
f 3160 3149 3148
f 3160 3148 3654
f 3647 3649 3148
f 3148 3649 3654
f 3149 3161 3150
f 3161 3149 3160
f 3150 3162 3151
f 3161 3162 3150
f 3151 3163 3152
f 3151 3162 3163
f 3152 3164 3153
f 3152 3163 3164
f 3165 3154 3153
f 3153 3164 3165
f 3155 3154 3166
f 3166 3154 3165
f 3155 3167 3156
f 3155 3166 3167
f 3156 3168 3157
f 3156 3167 3168
f 3157 3169 3158
f 3157 3168 3169
f 3158 3655 3159
f 3158 3169 3655
f 3655 3650 3159
f 3172 3161 3160
f 3172 3160 3171
f 3160 3654 3171
f 3174 3162 3161
f 3173 3161 3172
f 3173 3174 3161
f 3175 3163 3162
f 3174 3175 3162
f 3176 3164 3163
f 3176 3163 3175
f 3165 3164 3177
f 3176 3177 3164
f 3166 3165 3178
f 3178 3165 3177
f 3179 3167 3166
f 3179 3166 3178
f 3180 3168 3167
f 3180 3167 3179
f 3169 3168 3657
f 3180 3657 3168
f 3657 3655 3169
f 3171 3170 3181
f 3171 3654 3170
f 3170 3661 3181
f 3654 3653 3170
f 3656 3170 3653
f 3170 3656 3661
f 3172 3171 3182
f 3182 3171 3181
f 3172 3183 3173
f 3183 3172 3182
f 3174 3173 3184
f 3184 3173 3183
f 3185 3175 3174
f 3185 3174 3184
f 3175 3186 3176
f 3185 3186 3175
f 3187 3177 3176
f 3186 3187 3176
f 3178 3177 3188
f 3187 3188 3177
f 3189 3179 3178
f 3188 3189 3178
f 3662 3180 3179
f 3662 3179 3189
f 3657 3180 3662
f 3182 3181 3191
f 3190 3191 3181
f 3190 3181 3661
f 3192 3183 3182
f 3191 3192 3182
f 3193 3184 3183
f 3183 3192 3193
f 3184 3194 3185
f 3194 3184 3193
f 3195 3186 3185
f 3195 3185 3194
f 3196 3187 3186
f 3196 3186 3195
f 3188 3187 3197
f 3197 3187 3196
f 3188 3666 3189
f 3197 3666 3188
f 3662 3189 3666
f 3190 3670 3191
f 3190 3661 3665
f 3190 3665 3669
f 3190 3669 3670
f 3191 3671 3192
f 3191 3670 3671
f 3192 3672 3193
f 3671 3672 3192
f 3193 3673 3194
f 3672 3673 3193
f 3195 3194 3674
f 3194 3673 3674
f 3195 3675 3196
f 3195 3674 3675
f 3196 3676 3197
f 3196 3675 3676
f 3197 3676 3666
f 3198 3210 3199
f 3198 3199 3988
f 3198 3209 3210
f 3198 3677 3209
f 3677 3198 3988
f 3200 3989 3199
f 3989 3988 3199
f 3200 3201 3990
f 3200 3990 3989
f 3202 3991 3201
f 3990 3201 3991
f 3202 3203 3992
f 3992 3991 3202
f 3993 3203 3204
f 3992 3203 3993
f 3994 3204 3205
f 3993 3204 3994
f 3995 3205 3206
f 3995 3994 3205
f 3207 3996 3206
f 3996 3995 3206
f 3999 3207 3211
f 3998 3996 3207
f 3999 3998 3207
f 3208 3212 3209
f 3997 3208 3209
f 3208 3679 3212
f 3679 3208 4000
f 3208 3997 4000
f 3213 3210 3209
f 3209 3212 3213
f 3209 3677 3997
f 3213 3214 3210
f 3678 3211 3215
f 3678 3999 3211
f 3213 3212 3217
f 3212 3216 3217
f 3212 3679 3216
f 3218 3214 3213
f 3217 3218 3213
f 3219 3680 3215
f 3215 3680 3678
f 3217 3216 3220
f 3216 3683 3220
f 3216 3679 3681
f 3216 3681 3683
f 3221 3218 3217
f 3220 3221 3217
f 3219 3222 3682
f 3682 3680 3219
f 3221 3220 3224
f 3224 3220 3223
f 3220 3685 3223
f 3685 3220 3683
f 3224 3225 3221
f 3222 3226 3684
f 3684 3682 3222
f 3224 3223 3227
f 3687 3227 3223
f 4004 3223 3685
f 3687 3223 4004
f 3224 3228 3225
f 3224 3227 3228
f 3686 3226 3229
f 3686 3684 3226
f 3231 3228 3227
f 3231 3227 3230
f 3230 3227 3688
f 3688 3227 3687
f 3231 3232 3228
f 4005 3229 3233
f 4005 3686 3229
f 3230 3234 3231
f 3230 3689 3234
f 4008 3230 3688
f 3689 3230 4008
f 3231 3235 3232
f 3231 3234 3235
f 3233 3236 4007
f 4007 4005 3233
f 3235 3234 3238
f 3238 3234 3237
f 3691 3237 3234
f 3689 3691 3234
f 3238 3239 3235
f 3236 3240 3690
f 3690 4007 3236
f 3237 3241 3238
f 3237 3693 3241
f 3691 4010 3237
f 4010 3693 3237
f 3238 3242 3239
f 3242 3238 3241
f 3240 3243 3692
f 3690 3240 3692
f 3241 3245 3242
f 3241 3244 3245
f 3695 3244 3241
f 3693 3695 3241
f 3242 3245 3246
f 3243 3247 3694
f 3694 3692 3243
f 3248 3245 3244
f 3248 3244 3697
f 4012 3244 3695
f 3244 4012 3697
f 3246 3245 3249
f 3248 3249 3245
f 3246 3249 3250
f 3251 3696 3247
f 3694 3247 3696
f 3253 3249 3248
f 3252 3253 3248
f 3698 3252 3248
f 3248 3697 3698
f 3250 3249 3254
f 3253 3254 3249
f 4013 3251 3255
f 4013 3696 3251
f 3253 3252 3256
f 3699 3256 3252
f 3698 4016 3252
f 4016 3699 3252
f 3257 3254 3253
f 3256 3257 3253
f 3255 3258 4015
f 4015 4013 3255
f 3256 3260 3257
f 3259 3260 3256
f 3700 3259 3256
f 3700 3256 3699
f 3257 3260 3261
f 4017 3258 3262
f 4017 4015 3258
f 3260 3259 3263
f 3702 3263 3259
f 4019 3259 3700
f 3702 3259 4019
f 3261 3260 3264
f 3263 3264 3260
f 3265 3701 3262
f 3262 3701 4017
f 3267 3264 3263
f 3266 3267 3263
f 3704 3266 3263
f 3704 3263 3702
f 3268 3264 3267
f 4350 3701 3265
f 3265 3703 4350
f 3270 3267 3266
f 3270 3266 3706
f 3704 4021 3266
f 3706 3266 4021
f 3267 3271 3268
f 3270 3271 3267
f 3705 3269 3272
f 3705 3703 3269
f 3274 3271 3270
f 3273 3274 3270
f 3273 3270 3708
f 3708 3270 3706
f 3274 3275 3271
f 3276 3707 3272
f 3705 3272 3707
f 3277 3274 3273
f 3277 3273 3709
f 3273 3708 4024
f 4024 3709 3273
f 3274 3278 3275
f 3278 3274 3277
f 3279 4023 3276
f 3707 3276 4023
f 3278 3277 3281
f 3280 3281 3277
f 3277 3710 3280
f 3277 3709 3710
f 3281 3282 3278
f 4025 3279 3283
f 4023 3279 4025
f 3281 3280 3284
f 3284 3280 3711
f 4028 3280 3710
f 3280 4028 3711
f 3281 3285 3282
f 3281 3284 3285
f 3712 4027 3283
f 4027 4025 3283
f 3285 3284 3287
f 3287 3284 3286
f 3714 3286 3284
f 3711 3714 3284
f 3287 3288 3285
f 3286 3290 3287
f 3286 3716 3290
f 3714 4030 3286
f 4030 3716 3286
f 3291 3288 3287
f 3291 3287 3290
f 3289 3293 3715
f 3289 3713 3712
f 3713 3289 3715
f 3291 3290 3295
f 3295 3290 3294
f 3290 3718 3294
f 3716 3718 3290
f 3291 3296 3292
f 3291 3295 3296
f 3293 3297 3717
f 3717 3715 3293
f 3298 3295 3294
f 3298 3294 3719
f 3294 3718 4033
f 3294 4033 3719
f 3299 3296 3295
f 3298 3299 3295
f 3300 3296 3299
f 4032 3297 3301
f 3717 3297 4032
f 3298 3303 3299
f 3298 3302 3303
f 3298 3720 3302
f 3720 3298 3719
f 3299 3304 3300
f 3303 3304 3299
f 3305 4034 3301
f 4034 4032 3301
f 3302 3316 3303
f 3302 3722 3316
f 3302 3720 4048
f 4048 3722 3302
f 3303 3317 3304
f 3303 3316 3317
f 3317 3318 3304
f 3305 3319 4044
f 4034 3305 4044
f 3320 3307 3306
f 3306 3307 4035
f 3320 3306 4045
f 3306 4035 4049
f 3306 4049 4045
f 3308 4035 3307
f 3308 3309 4036
f 3308 4036 4035
f 4037 3309 3310
f 4037 4036 3309
f 3311 4038 3310
f 4037 3310 4038
f 4039 3311 3312
f 4038 3311 4039
f 3312 3313 4040
f 3312 4040 4039
f 3313 3314 4041
f 4041 4040 3313
f 3315 4042 3314
f 4041 3314 4042
f 3721 4046 3315
f 4042 3315 4046
f 3323 3317 3316
f 3322 3323 3316
f 3322 3316 3724
f 3316 3722 3724
f 3324 3318 3317
f 3323 3324 3317
f 3319 3325 3723
f 4044 3319 3723
f 3320 3726 3326
f 3726 3320 4045
f 3327 4050 3321
f 3321 4047 3721
f 3321 4050 4047
f 3328 3323 3322
f 3328 3322 3727
f 4055 3322 3724
f 3727 3322 4055
f 3329 3324 3323
f 3323 3328 3329
f 3330 3324 3329
f 3325 3331 3725
f 3723 3325 3725
f 3332 3326 3729
f 3326 3726 3729
f 4054 4050 3327
f 3329 3328 3335
f 3335 3328 3334
f 3730 3334 3328
f 3727 3730 3328
f 3336 3330 3329
f 3335 3336 3329
f 3728 3331 3337
f 3728 3725 3331
f 3732 3338 3332
f 3732 3332 3729
f 3333 4057 4054
f 3335 3334 3340
f 3733 3340 3334
f 3730 4061 3334
f 4061 3733 3334
f 3341 3336 3335
f 3340 3341 3335
f 3731 3337 3343
f 3728 3337 3731
f 3734 3338 3732
f 4060 4057 3339
f 3340 3347 3341
f 3346 3347 3340
f 3340 3735 3346
f 3733 3735 3340
f 3341 3347 3342
f 3348 3342 3347
f 3343 3349 4062
f 3731 3343 4062
f 3344 3736 3350
f 3736 3344 3734
f 4060 3345 4064
f 3352 3347 3346
f 3737 3352 3346
f 3735 4069 3346
f 4069 3737 3346
f 3353 3348 3347
f 3353 3347 3352
f 3353 3354 3348
f 3349 3355 4066
f 3349 4066 4062
f 3356 3350 3738
f 3738 3350 3736
f 3351 4068 4064
f 3353 3352 3359
f 3352 3358 3359
f 3358 3352 3737
f 3353 3360 3354
f 3359 3360 3353
f 3355 3740 4070
f 4070 4066 3355
f 3356 3738 4071
f 3356 4071 3742
f 4072 4068 3357
f 3358 3364 3359
f 3363 3364 3358
f 3363 3358 3739
f 3739 3358 3737
f 3359 3365 3360
f 3359 3364 3365
f 3366 3361 3747
f 3742 3747 3361
f 4075 4072 3362
f 3369 3364 3363
f 3368 3369 3363
f 3743 3368 3363
f 3363 3739 3743
f 3365 3364 3370
f 3370 3364 3369
f 3366 3747 3749
f 3367 3373 4078
f 3367 4078 4075
f 3743 3748 3368
f 3748 3756 3368
f 3371 3379 4080
f 3371 4080 3745
f 3372 3779 3401
f 3372 3749 3779
f 4082 3373 3750
f 4078 3373 4082
f 3374 3375 3753
f 3752 3374 3753
f 3754 3375 3376
f 3753 3375 3754
f 3755 3376 3377
f 3754 3376 3755
f 3377 3756 3755
f 3378 3757 3379
f 3380 3757 3378
f 4090 3379 3757
f 4090 4080 3379
f 3381 3757 3380
f 3381 3382 3758
f 3381 3758 3757
f 3382 3383 3759
f 3759 3758 3382
f 3384 3760 3383
f 3759 3383 3760
f 3761 3384 3385
f 3384 3761 3760
f 3386 3762 3385
f 3385 3762 3761
f 3387 3763 3386
f 3386 3763 3762
f 3764 3387 3388
f 3387 3764 3763
f 3389 3765 3388
f 3388 3765 3764
f 3766 3389 3390
f 3389 3766 3765
f 3391 3767 3390
f 3390 3767 3766
f 3768 3391 3392
f 3391 3768 3767
f 3392 3393 3769
f 3392 3769 3768
f 3394 3770 3393
f 3393 3770 3769
f 3395 3771 3394
f 3771 3770 3394
f 3772 3395 3396
f 3395 3772 3771
f 3397 3773 3396
f 3396 3773 3772
f 3398 3774 3397
f 3397 3774 3773
f 3399 3775 3398
f 3398 3775 3774
f 3400 3776 3399
f 3399 3776 3775
f 3400 3777 3776
f 3416 3401 3779
f 3781 3402 3403
f 3781 3780 3402
f 3404 3782 3403
f 3781 3403 3782
f 3405 3783 3404
f 3404 3783 3782
f 3784 3405 3406
f 3784 3783 3405
f 3785 3406 3407
f 3784 3406 3785
f 3786 3407 3408
f 3785 3407 3786
f 3409 3787 3408
f 3786 3408 3787
f 3788 3409 3410
f 3788 3787 3409
f 3789 3410 3411
f 3788 3410 3789
f 3790 3411 3412
f 3411 3790 3789
f 3791 3412 3413
f 3412 3791 3790
f 3792 3413 3414
f 3791 3413 3792
f 3414 3793 3792
f 3417 3795 3415
f 3795 3794 3415
f 3421 3422 3416
f 3797 3421 3416
f 3416 3779 3797
f 3423 3418 3417
f 3418 3796 3417
f 3796 3795 3417
f 3424 3418 3423
f 3418 3424 4132
f 3796 3418 4130
f 4130 3418 4132
f 3420 3799 3419
f 3798 3419 3799
f 3421 3420 3422
f 3799 3420 3421
f 3421 3797 4136
f 3421 4135 3799
f 4136 4135 3421
f 3426 3424 3423
f 3426 3801 3424
f 3424 3801 4139
f 3424 4137 4132
f 4137 3424 4139
f 3428 3425 3800
f 3426 3427 3802
f 3426 3802 3801
f 3429 3804 3427
f 3802 3427 3804
f 3430 3428 3803
f 3803 3428 3800
f 3429 3431 3806
f 3429 3806 3804
f 3805 3432 3430
f 3805 3430 3803
f 3431 3433 3808
f 3806 3431 3808
f 3434 3432 3807
f 3432 3805 3807
f 3810 3433 3435
f 3810 3808 3433
f 3436 3434 3809
f 3807 3809 3434
f 3435 3437 3812
f 3812 3810 3435
f 3438 3436 3813
f 3436 3809 3811
f 3813 3436 3811
f 3815 3437 3441
f 3812 3437 3815
f 3438 3814 3439
f 3813 3814 3438
f 3439 3814 3440
f 3440 3816 3442
f 3440 3814 3816
f 3441 3443 3817
f 3815 3441 3817
f 3818 3444 3442
f 3816 3818 3442
f 3443 3460 3834
f 3817 3443 3834
f 3461 3444 3818
f 3820 3446 3445
f 3445 3464 3819
f 3820 3445 3819
f 3821 3447 3446
f 3821 3446 3820
f 3822 3448 3447
f 3822 3447 3821
f 3823 3449 3448
f 3823 3448 3822
f 3450 3449 3824
f 3824 3449 3823
f 3825 3451 3450
f 3825 3450 3824
f 3826 3452 3451
f 3826 3451 3825
f 3453 3452 3827
f 3826 3827 3452
f 3828 3454 3453
f 3828 3453 3827
f 3455 3454 3829
f 3828 3829 3454
f 3830 3456 3455
f 3455 3829 3830
f 3456 3831 3457
f 3831 3456 3830
f 3465 3457 3838
f 3838 3457 3831
f 3459 3458 3832
f 3865 3458 3493
f 3832 3458 3865
f 3833 3460 3459
f 3459 3832 3833
f 3834 3460 3833
f 3835 3495 3461
f 3835 3461 3818
f 3836 3463 3462
f 3462 3496 3866
f 3462 3866 3836
f 3463 3837 3464
f 3463 3836 3837
f 3837 3819 3464
f 3839 3466 3465
f 3839 3465 3838
f 3467 3466 3840
f 3839 3840 3466
f 3841 3468 3467
f 3841 3467 3840
f 3468 3842 3469
f 3841 3842 3468
f 3842 3470 3469
f 3867 3497 3470
f 3842 3867 3470
f 3472 3471 3843
f 3471 3499 3868
f 3868 3843 3471
f 3472 3844 3473
f 3472 3843 3844
f 3473 3845 3474
f 3473 3844 3845
f 3474 3846 3475
f 3474 3845 3846
f 3475 3847 3476
f 3846 3847 3475
f 3477 3476 3848
f 3476 3847 3848
f 3849 3478 3477
f 3849 3477 3848
f 3479 3478 3850
f 3478 3849 3850
f 3851 3480 3479
f 3851 3479 3850
f 3481 3480 3852
f 3852 3480 3851
f 3481 3853 3482
f 3481 3852 3853
f 3483 3482 3854
f 3482 3853 3854
f 3483 3855 3484
f 3483 3854 3855
f 3485 3484 3856
f 3484 3855 3856
f 3486 3485 3857
f 3856 3857 3485
f 3858 3487 3486
f 3858 3486 3857
f 3859 3488 3487
f 3859 3487 3858
f 3860 3489 3488
f 3860 3488 3859
f 3490 3489 3861
f 3861 3489 3860
f 3491 3490 3862
f 3862 3490 3861
f 3492 3491 3863
f 3862 3863 3491
f 3864 3493 3492
f 3864 3492 3863
f 3865 3493 3864
f 3495 3835 3494
f 4206 3494 3835
f 4205 3494 4692
f 3494 4206 4692
f 3870 3866 3496
f 3501 3498 3497
f 3867 3501 3497
f 3501 3502 3498
f 3498 3502 3503
f 3499 3504 3873
f 3873 3868 3499
f 3874 3870 3500
f 3502 3501 3508
f 3508 3501 3871
f 3867 3871 3501
f 3503 3502 3510
f 3508 3509 3502
f 3510 3502 3509
f 3511 3872 3504
f 3504 3872 3873
f 3505 3506 3869
f 4217 3512 3505
f 4210 3505 3869
f 4210 4217 3505
f 3878 3507 3513
f 3507 3878 3874
f 3508 3514 3509
f 3875 3514 3508
f 3875 3508 3871
f 3510 3509 3516
f 3515 3509 3514
f 3515 3516 3509
f 3511 3517 3876
f 3511 3876 3872
f 4216 3881 3512
f 4743 4216 3512
f 4743 3512 4217
f 3513 3518 3882
f 3882 3878 3513
f 3514 3519 3515
f 3879 3519 3514
f 3879 3514 3875
f 3515 3521 3516
f 3519 3520 3515
f 3520 3521 3515
f 3517 3880 3876
f 3517 3885 3880
f 3525 3886 3518
f 3882 3518 3886
f 3520 3519 3528
f 3528 3519 3884
f 3519 3879 3884
f 3529 3887 3522
f 3885 3522 3887
f 3523 3524 3881
f 4228 3530 3523
f 3523 3881 4221
f 4221 4228 3523
f 3888 3525 3531
f 3886 3525 3888
f 3526 3532 3527
f 3527 3884 3526
f 3890 3532 3526
f 3883 3526 3884
f 3883 4773 3526
f 3890 3526 4225
f 3526 4773 4225
f 3527 3533 3528
f 3528 3884 3527
f 3527 3532 3533
f 3533 3534 3528
f 3529 3535 3891
f 3891 3887 3529
f 3892 3530 4227
f 3530 4228 4227
f 3531 3536 3893
f 3893 3888 3531
f 3533 3532 3539
f 3539 3532 3890
f 3540 3894 3535
f 3894 3891 3535
f 3543 3896 3536
f 3536 3896 3893
f 3537 3544 3538
f 3890 3537 3538
f 3898 3544 3537
f 3890 3889 3537
f 4803 3537 3889
f 3898 3537 4233
f 4233 3537 4803
f 3538 3545 3539
f 3539 3890 3538
f 3544 3545 3538
f 3545 3546 3539
f 3899 3540 3547
f 3540 3899 3894
f 3542 3541 3548
f 3542 3892 3541
f 3541 3901 3548
f 3892 4231 3541
f 3901 3541 4231
f 3903 3543 3557
f 3903 3896 3543
f 3545 3544 3560
f 3544 3559 3560
f 3544 3898 3559
f 3547 3561 3904
f 3904 3899 3547
f 3549 3548 3907
f 3901 3906 3548
f 3548 3906 3907
f 3550 3549 3908
f 3908 3549 3907
f 3550 3909 3551
f 3550 3908 3909
f 3551 3910 3552
f 3909 3910 3551
f 3552 3911 3553
f 3552 3910 3911
f 3553 3912 3554
f 3912 3553 3911
f 3913 3555 3554
f 3913 3554 3912
f 3556 3555 3914
f 3913 3914 3555
f 3556 3902 3557
f 3915 3902 3556
f 3915 3556 3914
f 3902 3903 3557
f 3559 3558 3562
f 3559 3898 3558
f 3558 3917 3562
f 3897 3558 3898
f 4830 3558 3897
f 3558 4240 3917
f 4240 3558 4830
f 3560 3559 3563
f 3563 3559 3562
f 3564 3560 3563
f 3565 3904 3561
f 3568 3563 3562
f 3562 3567 3568
f 3562 3917 3567
f 3565 4251 3904
f 3565 3918 4253
f 4847 4251 3565
f 4253 4847 3565
f 3570 3567 3566
f 3917 3566 3567
f 3920 3570 3566
f 3917 3916 3566
f 3916 4845 3566
f 3920 3566 4252
f 4845 4252 3566
f 3568 3567 3571
f 3571 3567 3570
f 3571 3572 3568
f 3921 3569 3573
f 3921 3918 3569
f 3571 3570 3576
f 3576 3570 3575
f 3570 3920 3575
f 3573 3577 3922
f 3573 3922 3921
f 3575 3574 3578
f 3575 3920 3574
f 3578 3574 3924
f 3920 3919 3574
f 3919 4850 3574
f 4255 3924 3574
f 4850 4255 3574
f 3579 3576 3575
f 3575 3578 3579
f 3580 3576 3579
f 3925 3577 3581
f 3925 3922 3577
f 3579 3578 3584
f 3584 3578 3583
f 3578 3924 3583
f 3925 3581 3927
f 3582 3585 3583
f 3924 3582 3583
f 3582 3929 3585
f 3924 3923 3582
f 3582 3923 4855
f 3582 4257 3929
f 4855 4257 3582
f 3584 3583 3586
f 3586 3583 3585
f 3584 3586 3587
f 3591 3586 3585
f 3591 3585 3590
f 3590 3585 3929
f 3592 3931 3588
f 3931 3930 3588
f 3593 3590 3589
f 3929 3589 3590
f 3589 3933 3593
f 3929 3928 3589
f 3928 4860 3589
f 3589 4260 3933
f 4860 4260 3589
f 3594 3591 3590
f 3594 3590 3593
f 3591 3594 3595
f 3592 3596 3934
f 3931 3592 3934
f 3593 3599 3594
f 3593 3598 3599
f 3933 3598 3593
f 3596 3600 3935
f 3934 3596 3935
f 3601 3598 3597
f 3933 3597 3598
f 3937 3601 3597
f 3933 3932 3597
f 4865 3597 3932
f 4263 3937 3597
f 4865 4263 3597
f 3602 3599 3598
f 3601 3602 3598
f 3603 3599 3602
f 3938 3600 3604
f 3938 3935 3600
f 3601 3607 3602
f 3601 3606 3607
f 3601 3937 3606
f 3604 3608 3940
f 3938 3604 3940
f 3605 3609 3606
f 3937 3605 3606
f 3943 3609 3605
f 3937 3936 3605
f 4870 3605 3936
f 4265 3943 3605
f 4265 3605 4870
f 3606 3610 3607
f 3609 3610 3606
f 3607 3610 3611
f 3608 3612 3944
f 3940 3608 3944
f 3615 3610 3609
f 3615 3609 3614
f 3609 3943 3614
f 3616 3944 3612
f 3617 3614 3613
f 3943 3613 3614
f 3613 3947 3617
f 3943 3942 3613
f 4875 3613 3942
f 3613 4266 3947
f 4875 4266 3613
f 3614 3618 3615
f 3614 3617 3618
f 3619 3615 3618
f 3616 4267 3944
f 4268 3616 3948
f 4267 3616 4879
f 4879 3616 4268
f 3623 3618 3617
f 3623 3617 3622
f 3622 3617 3947
f 3624 3949 3620
f 3948 3620 3949
f 3621 3625 3622
f 3947 3621 3622
f 3625 3621 3951
f 3947 3946 3621
f 3946 4880 3621
f 3621 4269 3951
f 4269 3621 4880
f 3622 3626 3623
f 3626 3622 3625
f 3623 3626 3627
f 3624 3628 3952
f 3952 3949 3624
f 3631 3626 3625
f 3625 3630 3631
f 3951 3630 3625
f 3632 3953 3628
f 3952 3628 3953
f 3629 3633 3630
f 3951 3629 3630
f 3956 3633 3629
f 3951 3950 3629
f 4885 3629 3950
f 3956 3629 4272
f 3629 4885 4272
f 3631 3630 3634
f 3630 3633 3634
f 3631 3634 3635
f 3632 3636 3957
f 3953 3632 3957
f 3634 3633 3639
f 3956 3639 3633
f 3640 3958 3636
f 3958 3957 3636
f 3638 3637 3641
f 3956 3637 3638
f 3637 3960 3641
f 3956 3955 3637
f 4890 3637 3955
f 3637 4274 3960
f 4890 4274 3637
f 3638 3642 3639
f 3638 3639 3956
f 3638 3641 3642
f 3643 3639 3642
f 3958 3640 3644
f 3642 3641 3647
f 3646 3647 3641
f 3960 3646 3641
f 3644 4276 3958
f 3961 4278 3644
f 4278 4276 3644
f 3649 3646 3645
f 3960 3645 3646
f 3645 3963 3649
f 3960 3959 3645
f 4277 3645 3959
f 3963 3645 4277
f 3646 3649 3647
f 3650 3964 3648
f 3961 3648 3964
f 3649 3653 3654
f 3963 3653 3649
f 3655 3965 3650
f 3964 3650 3965
f 3651 3656 3652
f 3651 3652 3962
f 3651 3968 3656
f 3651 3962 4280
f 3968 3651 3967
f 3967 3651 4280
f 3656 3653 3652
f 3963 3652 3653
f 3962 3652 3963
f 3969 3655 3657
f 3965 3655 3969
f 3660 3661 3656
f 3660 3656 3968
f 3971 3657 3662
f 3657 3971 3969
f 3658 3659 3968
f 3973 3659 3658
f 3967 3658 3968
f 3658 3967 4281
f 3973 3658 4281
f 3660 3659 3664
f 3968 3659 3660
f 3663 3664 3659
f 3973 3663 3659
f 3665 3661 3660
f 3665 3660 3664
f 3662 3666 3974
f 3974 3971 3662
f 3667 3664 3663
f 3976 3667 3663
f 3975 3663 3973
f 3975 3976 3663
f 3668 3665 3664
f 3667 3668 3664
f 3669 3665 3668
f 3666 3676 3977
f 3666 3977 3974
f 3978 3668 3667
f 3667 3976 3978
f 3979 3669 3668
f 3978 3979 3668
f 3669 3980 3670
f 3669 3979 3980
f 3981 3671 3670
f 3980 3981 3670
f 3671 3982 3672
f 3982 3671 3981
f 3673 3672 3983
f 3982 3983 3672
f 3984 3674 3673
f 3984 3673 3983
f 3675 3674 3985
f 3984 3985 3674
f 3676 3675 3986
f 3675 3985 3986
f 3987 3977 3676
f 3987 3676 3986
f 3677 3988 4298
f 4308 3997 3677
f 3677 4298 4308
f 3680 4311 3678
f 3678 4310 3999
f 3678 4311 4310
f 3679 4001 3681
f 4001 3679 4000
f 4317 3680 3682
f 4311 3680 4314
f 4317 4314 3680
f 4002 3683 3681
f 4001 4002 3681
f 4319 3682 3684
f 3682 4319 4317
f 3685 3683 4003
f 4002 4003 3683
f 3686 4322 3684
f 4319 3684 4322
f 3685 4003 4320
f 4004 3685 4320
f 4005 4324 3686
f 4322 3686 4324
f 3688 3687 4006
f 3687 4004 4006
f 4325 3688 4006
f 4008 3688 4325
f 3689 4009 3691
f 4009 3689 4008
f 4329 3690 3692
f 3690 4327 4007
f 4327 3690 4329
f 4330 3691 4009
f 3691 4330 4010
f 3694 4332 3692
f 4329 3692 4332
f 3693 4011 3695
f 4010 4011 3693
f 3694 3696 4338
f 4335 4332 3694
f 4335 3694 4338
f 4336 3695 4011
f 4012 3695 4336
f 4013 4340 3696
f 4338 3696 4340
f 3698 3697 4014
f 3697 4012 4014
f 4341 3698 4014
f 3698 4341 4016
f 3700 3699 4018
f 4018 3699 4016
f 3700 4018 4346
f 4019 3700 4346
f 4345 4017 3701
f 4345 3701 4348
f 4350 4348 3701
f 3704 3702 4020
f 4020 3702 4019
f 3705 4353 3703
f 4350 3703 4353
f 4351 3704 4020
f 3704 4351 4021
f 3705 3707 4355
f 4353 3705 4355
f 3708 3706 4022
f 3706 4021 4022
f 3707 4023 4358
f 4355 3707 4358
f 4022 4356 3708
f 4356 4024 3708
f 4026 3710 3709
f 4024 4026 3709
f 4026 4361 3710
f 4028 3710 4361
f 3711 4029 3714
f 3711 4028 4029
f 3713 4027 3712
f 3713 3715 4365
f 3713 4363 4027
f 4363 3713 4365
f 4029 4366 3714
f 3714 4366 4030
f 3717 4370 3715
f 4365 3715 4368
f 4368 3715 4370
f 3716 4031 3718
f 4030 4031 3716
f 3717 4032 4373
f 4373 4370 3717
f 3718 4031 4371
f 4371 4033 3718
f 3720 3719 4043
f 4033 4043 3719
f 4043 4376 3720
f 4376 4048 3720
f 4046 3721 4047
f 4051 3724 3722
f 4048 4051 3722
f 3723 3725 4393
f 4044 3723 4378
f 3723 4389 4378
f 4389 3723 4393
f 3724 4051 4391
f 4055 3724 4391
f 3728 4406 3725
f 4406 4393 3725
f 3726 4052 3729
f 4052 3726 4045
f 4058 3730 3727
f 4055 4058 3727
f 3728 3731 4421
f 4421 4406 3728
f 4056 3732 3729
f 4053 3729 4052
f 4053 4056 3729
f 3730 4058 4419
f 3730 4419 4061
f 3731 4062 4435
f 4435 4421 3731
f 3734 3732 4059
f 4056 4059 3732
f 3733 4065 3735
f 4061 4065 3733
f 3736 3734 4063
f 4063 3734 4059
f 3735 4065 4449
f 4449 4069 3735
f 4067 3738 3736
f 3736 4063 4067
f 3739 3737 4073
f 4073 3737 4069
f 4071 3738 4067
f 4076 3743 3739
f 4076 3739 4073
f 3744 3741 3740
f 3740 3741 4070
f 3741 3744 3746
f 3741 3746 4499
f 4070 3741 4466
f 4482 4466 3741
f 4482 3741 4499
f 3742 4074 3747
f 3742 4071 4074
f 3748 3743 4076
f 3745 3746 3744
f 4080 3746 3745
f 4080 4516 3746
f 4499 3746 4516
f 3749 3747 4077
f 4074 4077 3747
f 4089 3756 3748
f 3748 4076 4079
f 4089 3748 4079
f 4081 3779 3749
f 3749 4077 4081
f 4083 3750 3780
f 4082 3750 4083
f 3751 3752 4084
f 3793 3751 4127
f 4127 3751 4084
f 3752 3753 4085
f 4084 3752 4085
f 3753 3754 4086
f 4085 3753 4086
f 3755 4087 3754
f 4086 3754 4087
f 3755 3756 4088
f 4088 4087 3755
f 3756 4089 4088
f 3758 4091 3757
f 3757 4091 4090
f 3759 4092 3758
f 3758 4092 4091
f 3759 3760 4093
f 3759 4093 4092
f 3760 3761 4094
f 3760 4094 4093
f 3761 3762 4095
f 4094 3761 4095
f 3762 3763 4096
f 4095 3762 4096
f 3764 4097 3763
f 3763 4097 4096
f 3765 4098 3764
f 3764 4098 4097
f 4099 3765 3766
f 4099 4098 3765
f 3766 3767 4100
f 4099 3766 4100
f 4101 3767 3768
f 4101 4100 3767
f 3769 4102 3768
f 4102 4101 3768
f 3769 3770 4103
f 4102 3769 4103
f 3771 4104 3770
f 4103 3770 4104
f 3771 3772 4105
f 4105 4104 3771
f 3773 4106 3772
f 3772 4106 4105
f 3774 4107 3773
f 3773 4107 4106
f 3774 3775 4108
f 4108 4107 3774
f 3775 3776 4109
f 4109 4108 3775
f 4110 3776 3777
f 4109 3776 4110
f 4111 3777 3778
f 4110 3777 4111
f 3794 4112 3778
f 3778 4112 4111
f 3779 4113 3797
f 3779 4081 4113
f 4114 3780 3781
f 4114 4083 3780
f 3781 3782 4115
f 4115 4114 3781
f 4116 3782 3783
f 4115 3782 4116
f 4117 3783 3784
f 4116 3783 4117
f 4118 3784 3785
f 4118 4117 3784
f 3785 3786 4119
f 3785 4119 4118
f 4120 3786 3787
f 4119 3786 4120
f 3787 3788 4121
f 4120 3787 4121
f 4122 3788 3789
f 4121 3788 4122
f 4123 3789 3790
f 4123 4122 3789
f 3790 3791 4124
f 3790 4124 4123
f 4125 3791 3792
f 4125 4124 3791
f 3792 3793 4126
f 3792 4126 4125
f 4126 3793 4127
f 3794 3795 4128
f 4128 4112 3794
f 3796 4129 3795
f 4128 3795 4129
f 4130 4129 3796
f 3797 4113 4131
f 4131 4136 3797
f 3799 4133 3798
f 4138 3800 3798
f 4138 3798 4133
f 4133 3799 4134
f 4135 4134 3799
f 3803 3800 4138
f 3801 3802 4140
f 4139 3801 4140
f 4142 3802 3804
f 4140 3802 4142
f 3803 4141 3805
f 4141 3803 4138
f 3804 3806 4144
f 3804 4144 4142
f 3805 4143 3807
f 4141 4143 3805
f 3806 3808 4146
f 3806 4146 4144
f 4145 3809 3807
f 3807 4143 4145
f 4148 3808 3810
f 4148 4146 3808
f 4147 3811 3809
f 4145 4147 3809
f 3810 3812 4150
f 3810 4150 4148
f 3811 4151 3813
f 4147 4149 3811
f 3811 4149 4151
f 4154 3812 3815
f 4154 4150 3812
f 3814 3813 4152
f 4152 3813 4151
f 4153 3816 3814
f 4152 4153 3814
f 4154 3815 3817
f 4155 3818 3816
f 4153 4155 3816
f 4156 3817 3834
f 4156 4154 3817
f 3835 3818 4157
f 4157 3818 4155
f 3820 3819 4159
f 3837 4158 3819
f 4158 4159 3819
f 3821 3820 4160
f 3820 4159 4160
f 3822 3821 4161
f 4160 4161 3821
f 4162 3823 3822
f 3822 4161 4162
f 3823 4163 3824
f 4162 4163 3823
f 3825 3824 4164
f 4164 3824 4163
f 3826 3825 4165
f 3825 4164 4165
f 4166 3827 3826
f 3826 4165 4166
f 3827 4167 3828
f 4167 3827 4166
f 4168 3829 3828
f 4167 4168 3828
f 4169 3830 3829
f 4169 3829 4168
f 4170 3831 3830
f 3830 4169 4170
f 4177 3838 3831
f 3831 4170 4177
f 3832 4172 3833
f 3865 4171 3832
f 4171 4172 3832
f 4173 3834 3833
f 3833 4172 4173
f 4173 4156 3834
f 3835 4157 4174
f 4206 3835 4174
f 3836 4176 3837
f 3866 4175 3836
f 4176 3836 4175
f 3837 4176 4158
f 3838 4178 3839
f 4177 4178 3838
f 3839 4179 3840
f 4178 4179 3839
f 3840 4180 3841
f 4179 4180 3840
f 3841 4181 3842
f 3841 4180 4181
f 3867 3842 4208
f 4208 3842 4181
f 4183 3844 3843
f 3868 4182 3843
f 4183 3843 4182
f 3845 3844 4184
f 4183 4184 3844
f 4185 3846 3845
f 3845 4184 4185
f 4186 3847 3846
f 3846 4185 4186
f 3848 3847 4187
f 4186 4187 3847
f 4188 3849 3848
f 4188 3848 4187
f 4189 3850 3849
f 4189 3849 4188
f 4190 3851 3850
f 4190 3850 4189
f 4191 3852 3851
f 3851 4190 4191
f 4192 3853 3852
f 4192 3852 4191
f 3853 4193 3854
f 4193 3853 4192
f 4194 3855 3854
f 4193 4194 3854
f 3856 3855 4195
f 4195 3855 4194
f 3856 4196 3857
f 4195 4196 3856
f 4197 3858 3857
f 4196 4197 3857
f 4198 3859 3858
f 3858 4197 4198
f 3859 4199 3860
f 4198 4199 3859
f 3860 4200 3861
f 4199 4200 3860
f 4201 3862 3861
f 4200 4201 3861
f 3862 4202 3863
f 4201 4202 3862
f 3863 4203 3864
f 3863 4202 4203
f 4204 3865 3864
f 4204 3864 4203
f 4171 3865 4204
f 3870 4207 3866
f 3866 4207 4175
f 4208 3871 3867
f 3868 3873 4209
f 4209 4182 3868
f 4210 3869 4205
f 4211 3870 3874
f 4207 3870 4211
f 3875 3871 4212
f 4212 3871 4208
f 3873 3872 4213
f 3876 3877 3872
f 3877 4213 3872
f 3873 4213 4209
f 4214 3874 3878
f 4724 4211 3874
f 4724 3874 4214
f 4215 3879 3875
f 3875 4212 4725
f 4725 4215 3875
f 4220 3877 3876
f 4220 3876 3880
f 3877 4727 4213
f 4742 3877 4220
f 4727 3877 4742
f 3882 4218 3878
f 4214 3878 4740
f 4218 4740 3878
f 3879 4219 3884
f 3879 4215 4219
f 4223 3880 3885
f 4220 3880 4759
f 4223 4759 3880
f 4216 4221 3881
f 3882 3886 4222
f 3882 4756 4218
f 3882 4222 4756
f 4219 3883 3884
f 4774 3883 4219
f 3883 4788 4773
f 4788 3883 4774
f 3885 3887 4223
f 3886 3888 4224
f 4772 4222 3886
f 4224 4772 3886
f 3891 4226 3887
f 4223 3887 4226
f 3893 4229 3888
f 4224 3888 4787
f 4787 3888 4229
f 3889 3890 4225
f 4804 3889 4225
f 4803 3889 4817
f 3889 4804 4817
f 3894 3895 3891
f 4230 3891 3895
f 4226 3891 4230
f 4234 3892 4227
f 4234 4231 3892
f 3893 3896 4232
f 3893 4802 4229
f 4232 4802 3893
f 3900 3895 3894
f 3899 3900 3894
f 3900 4818 3895
f 4230 3895 4805
f 4818 4805 3895
f 3903 4235 3896
f 4232 3896 4816
f 4235 4816 3896
f 3897 3898 4233
f 3897 4233 4831
f 4830 3897 4843
f 4831 4843 3897
f 3900 3899 3905
f 3904 3905 3899
f 3900 3905 4832
f 4832 4818 3900
f 4241 3906 3901
f 3901 4231 4236
f 4241 3901 4236
f 4239 3903 3902
f 3915 4238 3902
f 4239 3902 4238
f 4235 3903 4239
f 3904 4251 3905
f 3905 4251 4844
f 4844 4832 3905
f 3907 3906 4242
f 4242 3906 4241
f 3908 3907 4243
f 4242 4243 3907
f 4244 3909 3908
f 3908 4243 4244
f 3909 4245 3910
f 4245 3909 4244
f 4246 3911 3910
f 4245 4246 3910
f 3912 3911 4247
f 4246 4247 3911
f 3913 3912 4248
f 4248 3912 4247
f 4249 3914 3913
f 4249 3913 4248
f 4250 3915 3914
f 4250 3914 4249
f 4250 4238 3915
f 3916 3917 4240
f 3916 4240 4846
f 3916 4848 4845
f 3916 4846 4848
f 3921 4253 3918
f 3919 3920 4252
f 3919 4252 4851
f 3919 4853 4850
f 3919 4851 4853
f 3921 3922 4254
f 4253 3921 4254
f 3925 3926 3922
f 3926 4256 3922
f 4254 3922 4256
f 4255 3923 3924
f 4856 3923 4255
f 4855 3923 4858
f 3923 4856 4858
f 4258 3926 3925
f 3925 3927 4258
f 3926 4854 4256
f 4258 4857 3926
f 4857 4854 3926
f 3927 3930 4259
f 4258 3927 4259
f 3929 4257 3928
f 4861 3928 4257
f 4863 4860 3928
f 3928 4861 4863
f 3931 4261 3930
f 4261 4259 3930
f 3934 4261 3931
f 3933 4260 3932
f 4866 3932 4260
f 3932 4868 4865
f 3932 4866 4868
f 3934 3935 4262
f 3934 4262 4261
f 3938 3939 3935
f 3939 4264 3935
f 4262 3935 4264
f 3937 4263 3936
f 4871 3936 4263
f 4870 3936 4873
f 3936 4871 4873
f 3938 3941 3939
f 3938 3940 3941
f 3941 4872 3939
f 3939 4869 4264
f 3939 4872 4869
f 3941 3940 3945
f 3940 3944 3945
f 3941 3945 4874
f 4872 3941 4874
f 3942 3943 4265
f 3942 4265 4876
f 4875 3942 4878
f 3942 4876 4878
f 3945 3944 4267
f 3945 4267 4877
f 4877 4874 3945
f 3947 4266 3946
f 4881 3946 4266
f 4883 4880 3946
f 3946 4881 4883
f 3948 3949 4268
f 4270 3949 3952
f 4270 4268 3949
f 3950 3951 4269
f 3950 4269 4886
f 4888 4885 3950
f 3950 4886 4888
f 3954 3952 3953
f 3954 4271 3952
f 4271 4270 3952
f 3954 3953 4273
f 3953 3957 4273
f 3954 4887 4271
f 3954 4273 4889
f 4887 3954 4889
f 3956 4272 3955
f 4891 3955 4272
f 4890 3955 4894
f 4894 3955 4891
f 3958 4275 3957
f 4273 3957 4275
f 3958 4276 4275
f 3959 3960 4274
f 3959 4274 4897
f 4896 4277 3959
f 4897 4896 3959
f 3961 3964 4279
f 4278 3961 4279
f 3962 3963 4277
f 3962 4277 4902
f 4280 3962 4901
f 4901 3962 4902
f 3964 3965 3966
f 4279 3964 3966
f 3966 3965 3970
f 3965 3969 3970
f 3966 3970 4905
f 4903 4279 3966
f 4903 3966 4905
f 3967 4280 4907
f 4281 3967 4906
f 3967 4907 4906
f 3970 3969 3972
f 3972 3969 3971
f 3970 3972 4908
f 4908 4905 3970
f 3971 4283 3972
f 3974 4283 3971
f 4910 3972 4283
f 4910 4908 3972
f 3975 3973 4282
f 4281 4282 3973
f 3974 3977 4286
f 4286 4283 3974
f 3975 4284 3976
f 4284 3975 4282
f 3978 3976 4287
f 4284 4287 3976
f 4285 3977 3987
f 4286 3977 4285
f 4289 3979 3978
f 4287 4288 3978
f 4288 4289 3978
f 3980 3979 4290
f 4290 3979 4289
f 3980 4291 3981
f 4291 3980 4290
f 3982 3981 4292
f 4291 4292 3981
f 3982 4293 3983
f 4292 4293 3982
f 3984 3983 4294
f 4293 4294 3983
f 4295 3985 3984
f 4294 4295 3984
f 3985 4296 3986
f 4295 4296 3985
f 4297 3987 3986
f 4296 4297 3986
f 3987 4297 4285
f 3989 4298 3988
f 4299 3989 3990
f 4299 4298 3989
f 4300 3990 3991
f 4299 3990 4300
f 3992 4301 3991
f 3991 4301 4300
f 3992 3993 4302
f 3992 4302 4301
f 3993 3994 4303
f 4303 4302 3993
f 3994 3995 4304
f 4303 3994 4304
f 3995 3996 4305
f 4304 3995 4305
f 3996 3998 4306
f 4305 3996 4306
f 3997 4307 4000
f 4308 4307 3997
f 3998 3999 4309
f 4306 3998 4309
f 4310 4309 3999
f 4001 4000 4312
f 4307 4312 4000
f 4315 4002 4001
f 4312 4315 4001
f 4002 4318 4003
f 4002 4315 4318
f 4320 4003 4318
f 4323 4006 4004
f 4323 4004 4320
f 4007 4324 4005
f 4323 4325 4006
f 4327 4324 4007
f 4328 4009 4008
f 4328 4008 4325
f 4009 4328 4330
f 4333 4011 4010
f 4330 4333 4010
f 4011 4333 4336
f 4012 4339 4014
f 4012 4336 4339
f 4015 4340 4013
f 4339 4341 4014
f 4017 4343 4015
f 4343 4340 4015
f 4018 4016 4344
f 4016 4341 4344
f 4345 4343 4017
f 4344 4346 4018
f 4020 4019 4349
f 4019 4346 4349
f 4020 4349 4352
f 4351 4020 4352
f 4354 4022 4021
f 4351 4354 4021
f 4354 4356 4022
f 4025 4358 4023
f 4024 4359 4026
f 4356 4359 4024
f 4360 4025 4027
f 4358 4025 4360
f 4361 4026 4359
f 4360 4027 4363
f 4364 4029 4028
f 4361 4364 4028
f 4364 4366 4029
f 4030 4369 4031
f 4366 4369 4030
f 4031 4369 4371
f 4034 4373 4032
f 4374 4043 4033
f 4374 4033 4371
f 4034 4044 4375
f 4034 4375 4373
f 4035 4036 4380
f 4049 4035 4379
f 4379 4035 4380
f 4037 4381 4036
f 4036 4381 4380
f 4037 4038 4382
f 4382 4381 4037
f 4038 4039 4383
f 4038 4383 4382
f 4039 4040 4384
f 4383 4039 4384
f 4041 4385 4040
f 4040 4385 4384
f 4041 4042 4386
f 4041 4386 4385
f 4042 4046 4387
f 4387 4386 4042
f 4376 4043 4374
f 4378 4375 4044
f 4052 4045 4049
f 4046 4047 4387
f 4390 4047 4050
f 4047 4390 4387
f 4048 4388 4051
f 4388 4048 4376
f 4049 4379 4052
f 4054 4404 4050
f 4390 4050 4404
f 4051 4388 4391
f 4053 4052 4379
f 4056 4053 4394
f 4394 4053 4379
f 4418 4054 4057
f 4404 4054 4418
f 4405 4058 4055
f 4391 4405 4055
f 4056 4407 4059
f 4056 4394 4407
f 4060 4433 4057
f 4433 4418 4057
f 4405 4419 4058
f 4059 4422 4063
f 4059 4407 4422
f 4060 4064 4448
f 4433 4060 4448
f 4434 4065 4061
f 4434 4061 4419
f 4062 4066 4435
f 4067 4063 4436
f 4436 4063 4422
f 4464 4064 4068
f 4448 4064 4464
f 4434 4450 4065
f 4450 4449 4065
f 4070 4451 4066
f 4435 4066 4451
f 4452 4071 4067
f 4452 4067 4436
f 4072 4479 4068
f 4479 4464 4068
f 4073 4069 4465
f 4069 4449 4465
f 4451 4070 4466
f 4467 4074 4071
f 4467 4071 4452
f 4075 4496 4072
f 4496 4479 4072
f 4480 4076 4073
f 4480 4073 4465
f 4074 4483 4077
f 4483 4074 4467
f 4513 4075 4078
f 4512 4496 4075
f 4075 4513 4512
f 4079 4076 4497
f 4076 4480 4497
f 4081 4077 4500
f 4483 4500 4077
f 4078 4082 4531
f 4513 4078 4530
f 4530 4078 4531
f 4089 4079 4514
f 4497 4515 4079
f 4079 4515 4514
f 4090 4517 4080
f 4517 4516 4080
f 4081 4518 4113
f 4500 4518 4081
f 4532 4082 4083
f 4531 4082 4532
f 4083 4114 4574
f 4083 4574 4532
f 4085 4590 4084
f 4589 4127 4084
f 4084 4590 4589
f 4533 4085 4086
f 4085 4533 4590
f 4086 4087 4533
f 4534 4087 4088
f 4533 4087 4534
f 4089 4535 4088
f 4534 4088 4535
f 4514 4535 4089
f 4090 4091 4537
f 4090 4537 4517
f 4092 4538 4091
f 4091 4538 4537
f 4093 4539 4092
f 4538 4092 4539
f 4093 4094 4540
f 4093 4540 4539
f 4095 4541 4094
f 4094 4541 4540
f 4096 4542 4095
f 4542 4541 4095
f 4097 4543 4096
f 4543 4542 4096
f 4544 4097 4098
f 4544 4543 4097
f 4099 4545 4098
f 4545 4544 4098
f 4099 4100 4546
f 4546 4545 4099
f 4100 4101 4547
f 4100 4547 4546
f 4548 4101 4102
f 4547 4101 4548
f 4549 4102 4103
f 4548 4102 4549
f 4103 4104 4550
f 4103 4550 4549
f 4104 4105 4551
f 4550 4104 4551
f 4552 4105 4106
f 4551 4105 4552
f 4107 4553 4106
f 4106 4553 4552
f 4108 4554 4107
f 4554 4553 4107
f 4109 4555 4108
f 4554 4108 4555
f 4109 4110 4556
f 4556 4555 4109
f 4111 4557 4110
f 4110 4557 4556
f 4112 4558 4111
f 4558 4557 4111
f 4559 4112 4128
f 4112 4559 4558
f 4131 4113 4560
f 4518 4560 4113
f 4114 4115 4575
f 4114 4575 4574
f 4116 4576 4115
f 4115 4576 4575
f 4116 4117 4577
f 4116 4577 4576
f 4117 4118 4578
f 4578 4577 4117
f 4579 4118 4119
f 4118 4579 4578
f 4119 4120 4580
f 4580 4579 4119
f 4121 4581 4120
f 4120 4581 4580
f 4582 4121 4122
f 4582 4581 4121
f 4123 4583 4122
f 4122 4583 4582
f 4123 4124 4584
f 4583 4123 4584
f 4125 4585 4124
f 4584 4124 4585
f 4126 4586 4125
f 4125 4586 4585
f 4127 4587 4126
f 4587 4586 4126
f 4588 4587 4127
f 4588 4127 4589
f 4128 4129 4591
f 4128 4591 4559
f 4592 4129 4130
f 4591 4129 4592
f 4599 4130 4132
f 4599 4592 4130
f 4131 4593 4136
f 4131 4560 4594
f 4131 4594 4593
f 4132 4137 4604
f 4132 4604 4599
f 4133 4134 4600
f 4133 4605 4138
f 4605 4133 4600
f 4135 4601 4134
f 4600 4134 4601
f 4136 4602 4135
f 4135 4602 4601
f 4602 4136 4593
f 4606 4137 4139
f 4137 4606 4604
f 4605 4141 4138
f 4139 4140 4607
f 4606 4139 4607
f 4140 4142 4609
f 4607 4140 4609
f 4141 4608 4143
f 4605 4608 4141
f 4612 4142 4144
f 4609 4142 4612
f 4145 4143 4611
f 4143 4608 4611
f 4146 4615 4144
f 4144 4615 4612
f 4145 4614 4147
f 4145 4611 4614
f 4148 4618 4146
f 4615 4146 4618
f 4147 4617 4149
f 4614 4617 4147
f 4620 4148 4150
f 4618 4148 4620
f 4151 4149 4621
f 4619 4149 4617
f 4149 4619 4621
f 4624 4150 4154
f 4620 4150 4624
f 4151 4622 4152
f 4151 4621 4622
f 4152 4623 4153
f 4152 4622 4623
f 4153 4625 4155
f 4153 4623 4625
f 4154 4156 4624
f 4155 4625 4157
f 4156 4173 4627
f 4627 4624 4156
f 4628 4174 4157
f 4625 4628 4157
f 4158 4634 4159
f 4632 4158 4176
f 4632 4633 4158
f 4633 4634 4158
f 4160 4159 4635
f 4635 4159 4634
f 4160 4636 4161
f 4635 4636 4160
f 4162 4161 4637
f 4636 4637 4161
f 4163 4162 4638
f 4637 4638 4162
f 4163 4639 4164
f 4638 4639 4163
f 4640 4165 4164
f 4640 4164 4639
f 4166 4165 4641
f 4165 4640 4641
f 4167 4166 4642
f 4642 4166 4641
f 4643 4168 4167
f 4642 4643 4167
f 4644 4169 4168
f 4168 4643 4644
f 4170 4169 4645
f 4645 4169 4644
f 4177 4170 4646
f 4645 4646 4170
f 4171 4649 4172
f 4171 4204 4648
f 4648 4649 4171
f 4173 4172 4649
f 4649 4627 4173
f 4206 4174 4650
f 4628 4650 4174
f 4176 4175 4665
f 4207 4664 4175
f 4664 4665 4175
f 4176 4665 4632
f 4646 4178 4177
f 4179 4178 4666
f 4647 4178 4646
f 4666 4178 4647
f 4180 4179 4667
f 4666 4667 4179
f 4181 4180 4668
f 4668 4180 4667
f 4208 4181 4707
f 4707 4181 4668
f 4183 4182 4670
f 4209 4669 4182
f 4669 4670 4182
f 4184 4183 4671
f 4183 4670 4671
f 4672 4185 4184
f 4672 4184 4671
f 4673 4186 4185
f 4673 4185 4672
f 4674 4187 4186
f 4673 4674 4186
f 4188 4187 4675
f 4675 4187 4674
f 4188 4676 4189
f 4676 4188 4675
f 4190 4189 4677
f 4189 4676 4677
f 4191 4190 4678
f 4678 4190 4677
f 4191 4679 4192
f 4191 4678 4679
f 4680 4193 4192
f 4192 4679 4680
f 4193 4681 4194
f 4680 4681 4193
f 4194 4682 4195
f 4681 4682 4194
f 4683 4196 4195
f 4682 4683 4195
f 4196 4684 4197
f 4683 4684 4196
f 4197 4685 4198
f 4197 4684 4685
f 4199 4198 4686
f 4685 4686 4198
f 4199 4687 4200
f 4686 4687 4199
f 4200 4688 4201
f 4200 4687 4688
f 4201 4689 4202
f 4201 4688 4689
f 4202 4690 4203
f 4689 4690 4202
f 4203 4691 4204
f 4690 4691 4203
f 4204 4691 4648
f 4210 4205 4711
f 4205 4692 4728
f 4711 4205 4728
f 4693 4206 4650
f 4206 4693 4692
f 4706 4207 4211
f 4207 4706 4664
f 4707 4212 4208
f 4213 4709 4209
f 4710 4669 4209
f 4710 4209 4709
f 4210 4744 4217
f 4744 4210 4711
f 4706 4211 4724
f 4707 4726 4212
f 4725 4212 4726
f 4709 4213 4727
f 4724 4214 4723
f 4740 4723 4214
f 4219 4215 4757
f 4725 4757 4215
f 4760 4221 4216
f 4743 4776 4216
f 4216 4776 4760
f 4743 4217 4744
f 4218 4739 4740
f 4756 4739 4218
f 4774 4219 4757
f 4220 5829 4742
f 4220 4759 5829
f 4221 4791 4228
f 4791 4221 4760
f 4756 4222 4755
f 4772 4755 4222
f 4223 4226 4775
f 4775 4759 4223
f 4224 4771 4772
f 4224 4787 4771
f 4773 4804 4225
f 4226 4230 4789
f 4789 4775 4226
f 4228 4790 4227
f 4234 4227 4790
f 4790 4228 4791
f 4787 4229 4786
f 4802 4786 4229
f 4789 4230 4805
f 4234 4236 4231
f 4801 4802 4232
f 4232 4816 4801
f 4831 4233 4803
f 4234 4237 4236
f 4234 4819 4237
f 4234 4790 4819
f 4235 4239 4829
f 4829 4816 4235
f 4241 4236 4237
f 4242 4241 4237
f 4237 4833 4242
f 4237 4819 4833
f 4239 4238 4842
f 4250 4841 4238
f 4842 4238 4841
f 4842 4829 4239
f 4846 4240 4830
f 4242 4833 4243
f 4834 4244 4243
f 4833 4834 4243
f 4245 4244 4835
f 4244 4834 4835
f 4836 4246 4245
f 4245 4835 4836
f 4246 4837 4247
f 4246 4836 4837
f 4248 4247 4838
f 4837 4838 4247
f 4249 4248 4839
f 4839 4248 4838
f 4250 4249 4840
f 4840 4249 4839
f 4250 4840 4841
f 4844 4251 5990
f 4847 5990 4251
f 4851 4252 4845
f 4253 4254 4849
f 4849 4847 4253
f 4256 4852 4254
f 4849 4254 4852
f 4850 4856 4255
f 4256 6053 4852
f 4854 6053 4256
f 4855 4861 4257
f 4258 4259 4859
f 4258 4859 4857
f 4862 4259 4261
f 4259 4862 4859
f 4860 4866 4260
f 4864 4261 4262
f 4862 4261 4864
f 4262 4264 4867
f 4867 4864 4262
f 4865 4871 4263
f 4867 4264 6171
f 6171 4264 4869
f 4876 4265 4870
f 4881 4266 4875
f 4877 4267 6242
f 4267 4879 6242
f 4270 4882 4268
f 4882 4879 4268
f 4880 4886 4269
f 4270 4271 4884
f 4884 4882 4270
f 6293 4884 4271
f 4271 4887 6293
f 4885 4891 4272
f 4273 4275 4893
f 4893 4889 4273
f 4890 4897 4274
f 4275 4276 4895
f 4893 4275 4895
f 4278 4898 4276
f 4898 4895 4276
f 4902 4277 4896
f 4278 4279 4900
f 4900 4898 4278
f 4279 6383 4900
f 4903 6383 4279
f 4901 4907 4280
f 4281 4911 4282
f 4911 4281 4906
f 4282 4914 4284
f 4282 4911 4914
f 4286 4913 4283
f 4913 4910 4283
f 4284 4914 4287
f 4285 4917 4286
f 4297 4916 4285
f 4917 4285 4916
f 4917 4913 4286
f 4287 4918 4288
f 4287 4914 4918
f 4288 4919 4289
f 4288 4918 4919
f 4290 4289 4920
f 4289 4919 4920
f 4921 4291 4290
f 4920 4921 4290
f 4292 4291 4922
f 4921 4922 4291
f 4292 4923 4293
f 4922 4923 4292
f 4293 4924 4294
f 4923 4924 4293
f 4294 4925 4295
f 4294 4924 4925
f 4296 4295 4926
f 4926 4295 4925
f 4296 4927 4297
f 4296 4926 4927
f 4297 4927 4916
f 4298 4299 4929
f 4308 4298 4928
f 4928 4298 4929
f 4299 4300 4930
f 4299 4930 4929
f 4300 4301 4931
f 4930 4300 4931
f 4932 4301 4302
f 4931 4301 4932
f 4303 4933 4302
f 4932 4302 4933
f 4304 4934 4303
f 4303 4934 4933
f 4935 4304 4305
f 4935 4934 4304
f 4305 4306 4936
f 4935 4305 4936
f 4306 4309 4937
f 4306 4937 4936
f 4308 4313 4307
f 4313 4312 4307
f 4308 4928 4313
f 4310 4938 4309
f 4938 4937 4309
f 4310 4311 4938
f 4311 4314 4950
f 4311 4950 4938
f 4312 4313 4316
f 4312 4316 4315
f 4313 4939 4316
f 4928 4939 4313
f 4317 4963 4314
f 4963 4950 4314
f 4315 4316 4318
f 4318 4316 4951
f 4316 4939 4951
f 4319 4976 4317
f 4963 4317 4976
f 4320 4318 4321
f 4964 4321 4318
f 4951 4964 4318
f 4319 4322 4989
f 4989 4976 4319
f 4323 4320 4321
f 4321 4977 4323
f 4964 4977 4321
f 4322 4324 5003
f 5003 4989 4322
f 4326 4325 4323
f 4990 4326 4323
f 4323 4977 4990
f 4327 5017 4324
f 5017 5003 4324
f 4328 4325 4326
f 4326 5004 4328
f 4326 4990 5004
f 5032 4327 4329
f 5032 5017 4327
f 4328 4331 4330
f 4331 4328 5018
f 4328 5004 5018
f 5047 4329 4332
f 5047 5032 4329
f 4333 4330 4331
f 4333 4331 5033
f 5018 5033 4331
f 4335 4334 4332
f 5062 4332 4334
f 5062 5047 4332
f 4337 4336 4333
f 4337 4333 5048
f 5048 4333 5033
f 4335 4338 4334
f 4334 4338 5077
f 4334 5076 5062
f 5077 5076 4334
f 4336 4337 4339
f 4339 4337 5063
f 4337 5048 5063
f 4338 4340 5093
f 5093 5077 4338
f 4342 4341 4339
f 5078 4342 4339
f 4339 5063 5078
f 4343 5109 4340
f 5093 4340 5109
f 4341 4342 4344
f 4342 5094 4344
f 4342 5078 5094
f 4345 5126 4343
f 4343 5126 5109
f 4344 4347 4346
f 4344 5110 4347
f 4344 5094 5110
f 4345 4348 5143
f 4345 5143 5126
f 4347 4349 4346
f 5127 4349 4347
f 4347 5110 5127
f 4348 4350 5161
f 5161 5143 4348
f 4352 4349 5144
f 5127 5144 4349
f 4350 4353 5178
f 5161 4350 5178
f 4354 4351 4352
f 4354 4352 5162
f 4352 5144 5162
f 5196 4353 4355
f 5178 4353 5196
f 4354 4357 4356
f 5179 4357 4354
f 4354 5162 5179
f 4355 4358 5214
f 5196 4355 5214
f 4356 4357 4359
f 4357 5197 4359
f 5179 5197 4357
f 4358 4360 5233
f 5233 5214 4358
f 4362 4361 4359
f 4359 5215 4362
f 4359 5197 5215
f 4360 4363 5252
f 5233 4360 5252
f 4364 4361 4362
f 4364 4362 5234
f 5234 4362 5215
f 4363 4365 5272
f 5272 5252 4363
f 4364 4367 4366
f 5253 4367 4364
f 4364 5234 5253
f 4365 4368 5292
f 5272 4365 5292
f 4366 4367 4369
f 5273 4369 4367
f 5273 4367 5253
f 4368 4370 5312
f 4368 5312 5292
f 4369 4372 4371
f 4372 4369 5293
f 5293 4369 5273
f 4373 5332 4370
f 5312 4370 5332
f 4374 4371 4372
f 4374 4372 5313
f 5293 5313 4372
f 4375 5353 4373
f 4373 5353 5332
f 4376 4374 4377
f 4377 4374 5333
f 4374 5313 5333
f 5374 4375 4378
f 5374 5353 4375
f 4377 4388 4376
f 4377 5354 4388
f 4377 5333 5354
f 4389 5396 4378
f 4378 5396 5374
f 4394 4379 4380
f 4395 4380 4381
f 4395 4394 4380
f 4396 4381 4382
f 4396 4395 4381
f 4397 4382 4383
f 4397 4396 4382
f 4384 4398 4383
f 4398 4397 4383
f 4385 4399 4384
f 4384 4399 4398
f 4400 4385 4386
f 4400 4399 4385
f 4386 4387 4401
f 4400 4386 4401
f 4387 4390 4402
f 4401 4387 4402
f 4392 4391 4388
f 4388 5375 4392
f 5354 5375 4388
f 4389 4393 5418
f 5418 5396 4389
f 4403 4402 4390
f 4390 4404 4403
f 4391 4392 4405
f 4405 4392 5397
f 5397 4392 5375
f 4406 5440 4393
f 5440 5418 4393
f 4395 4408 4394
f 4407 4394 4408
f 4396 4408 4395
f 4397 4409 4396
f 4396 4409 4408
f 4398 4410 4397
f 4410 4409 4397
f 4411 4398 4399
f 4411 4410 4398
f 4400 4412 4399
f 4411 4399 4412
f 4401 4413 4400
f 4413 4412 4400
f 4414 4401 4402
f 4401 4414 4413
f 4402 4403 4415
f 4414 4402 4415
f 4416 4403 4404
f 4403 4416 4415
f 4404 4417 4416
f 4404 4418 4417
f 4405 4420 4419
f 4405 5419 4420
f 4405 5397 5419
f 4421 5462 4406
f 5440 4406 5462
f 4407 4408 4422
f 4422 4408 4409
f 4410 4423 4409
f 4423 4422 4409
f 4410 4411 4424
f 4410 4424 4423
f 4411 4412 4425
f 4424 4411 4425
f 4426 4412 4413
f 4425 4412 4426
f 4427 4413 4414
f 4413 4427 4426
f 4428 4414 4415
f 4427 4414 4428
f 4429 4415 4416
f 4428 4415 4429
f 4416 4417 4430
f 4429 4416 4430
f 4417 4418 4431
f 4431 4430 4417
f 4432 4431 4418
f 4432 4418 4433
f 4434 4419 4420
f 4434 4420 5441
f 5419 5441 4420
f 5485 4421 4435
f 5462 4421 5485
f 4423 4436 4422
f 4437 4423 4424
f 4423 4437 4436
f 4425 4438 4424
f 4437 4424 4438
f 4425 4426 4439
f 4425 4439 4438
f 4426 4427 4440
f 4440 4439 4426
f 4427 4428 4441
f 4441 4440 4427
f 4429 4442 4428
f 4428 4442 4441
f 4430 4443 4429
f 4443 4442 4429
f 4430 4431 4444
f 4430 4444 4443
f 4432 4445 4431
f 4431 4445 4444
f 4432 4433 4446
f 4432 4446 4445
f 4446 4433 4447
f 4433 4448 4447
f 4450 4434 5463
f 4434 5441 5463
f 4435 4451 5508
f 4435 5508 5485
f 4437 4452 4436
f 4438 4453 4437
f 4437 4453 4452
f 4439 4453 4438
f 4439 4440 4454
f 4454 4453 4439
f 4440 4441 4455
f 4440 4455 4454
f 4442 4456 4441
f 4456 4455 4441
f 4442 4443 4457
f 4442 4457 4456
f 4458 4443 4444
f 4457 4443 4458
f 4444 4445 4459
f 4444 4459 4458
f 4460 4445 4446
f 4460 4459 4445
f 4446 4447 4461
f 4446 4461 4460
f 4448 4462 4447
f 4461 4447 4462
f 4448 4463 4462
f 4463 4448 4464
f 4450 4465 4449
f 5486 4465 4450
f 5486 4450 5463
f 4451 4466 5532
f 4451 5531 5508
f 4451 5532 5531
f 4467 4452 4453
f 4467 4453 4454
f 4468 4454 4455
f 4468 4467 4454
f 4455 4456 4469
f 4469 4468 4455
f 4457 4470 4456
f 4469 4456 4470
f 4458 4471 4457
f 4471 4470 4457
f 4459 4472 4458
f 4472 4471 4458
f 4460 4473 4459
f 4459 4473 4472
f 4461 4474 4460
f 4460 4474 4473
f 4461 4462 4475
f 4475 4474 4461
f 4462 4463 4476
f 4462 4476 4475
f 4477 4463 4464
f 4463 4477 4476
f 4478 4477 4464
f 4478 4464 4479
f 4480 4465 4481
f 4465 5509 4481
f 5509 4465 5486
f 4482 5556 4466
f 5532 4466 5556
f 4467 4468 4483
f 4469 4484 4468
f 4483 4468 4484
f 4470 4485 4469
f 4469 4485 4484
f 4470 4471 4486
f 4486 4485 4470
f 4472 4487 4471
f 4486 4471 4487
f 4488 4472 4473
f 4488 4487 4472
f 4473 4474 4489
f 4488 4473 4489
f 4490 4474 4475
f 4490 4489 4474
f 4491 4475 4476
f 4491 4490 4475
f 4476 4477 4492
f 4476 4492 4491
f 4478 4493 4477
f 4493 4492 4477
f 4494 4478 4479
f 4478 4494 4493
f 4479 4495 4494
f 4495 4479 4496
f 4498 4480 4481
f 4480 4498 4497
f 4481 5533 4498
f 4481 5509 5533
f 5576 4482 4499
f 5556 4482 5575
f 5576 5575 4482
f 4483 4484 4500
f 4485 4500 4484
f 4486 4501 4485
f 4500 4485 4501
f 4486 4487 4502
f 4502 4501 4486
f 4503 4487 4488
f 4503 4502 4487
f 4504 4488 4489
f 4488 4504 4503
f 4489 4490 4505
f 4505 4504 4489
f 4491 4506 4490
f 4505 4490 4506
f 4507 4491 4492
f 4506 4491 4507
f 4493 4508 4492
f 4492 4508 4507
f 4494 4509 4493
f 4509 4508 4493
f 4494 4495 4510
f 4509 4494 4510
f 4496 4511 4495
f 4495 4511 4510
f 4496 4512 4511
f 4497 4498 4515
f 5557 4515 4498
f 5533 5557 4498
f 5576 4499 4516
f 4500 4501 4518
f 4518 4501 4502
f 4502 4503 4519
f 4519 4518 4502
f 4504 4520 4503
f 4503 4520 4519
f 4505 4521 4504
f 4504 4521 4520
f 4506 4522 4505
f 4521 4505 4522
f 4523 4506 4507
f 4523 4522 4506
f 4524 4507 4508
f 4524 4523 4507
f 4525 4508 4509
f 4524 4508 4525
f 4509 4510 4526
f 4509 4526 4525
f 4510 4511 4527
f 4510 4527 4526
f 4512 4528 4511
f 4528 4527 4511
f 4513 4529 4512
f 4529 4528 4512
f 4513 4530 4529
f 4515 4536 4514
f 4514 5596 4535
f 4536 5597 4514
f 5597 5596 4514
f 4515 5577 4536
f 5557 5577 4515
f 5594 4516 4517
f 5576 4516 5593
f 5594 5593 4516
f 4537 5612 4517
f 4517 5612 5594
f 4519 4560 4518
f 4561 4519 4520
f 4560 4519 4561
f 4562 4520 4521
f 4561 4520 4562
f 4563 4521 4522
f 4562 4521 4563
f 4522 4523 4564
f 4522 4564 4563
f 4523 4524 4565
f 4564 4523 4565
f 4566 4524 4525
f 4524 4566 4565
f 4525 4526 4567
f 4566 4525 4567
f 4568 4526 4527
f 4567 4526 4568
f 4569 4527 4528
f 4527 4569 4568
f 4529 4570 4528
f 4528 4570 4569
f 4529 4530 4571
f 4529 4571 4570
f 4530 4531 4572
f 4530 4572 4571
f 4532 4573 4531
f 4572 4531 4573
f 4532 5643 4573
f 4574 5644 4532
f 4532 5644 5643
f 4534 5662 4533
f 4533 5661 4590
f 4533 5662 5661
f 4534 4535 5595
f 4534 5595 5662
f 4535 5596 5595
f 4536 5577 5598
f 4536 5598 5597
f 4538 5613 4537
f 4537 5613 5612
f 4539 5614 4538
f 4538 5614 5613
f 4539 4540 5615
f 4539 5615 5614
f 4540 4541 5616
f 5616 5615 4540
f 4542 5617 4541
f 5617 5616 4541
f 4542 4543 5618
f 5617 4542 5618
f 5619 4543 4544
f 5618 4543 5619
f 5620 4544 4545
f 5620 5619 4544
f 4545 4546 5621
f 5620 4545 5621
f 5622 4546 4547
f 5621 4546 5622
f 4548 5623 4547
f 5622 4547 5623
f 5624 4548 4549
f 5624 5623 4548
f 4549 4550 5625
f 5625 5624 4549
f 5626 4550 4551
f 5625 4550 5626
f 4551 4552 5627
f 5626 4551 5627
f 4553 5628 4552
f 4552 5628 5627
f 5629 4553 4554
f 5629 5628 4553
f 4555 5630 4554
f 4554 5630 5629
f 4556 5631 4555
f 4555 5631 5630
f 4556 4557 5632
f 4556 5632 5631
f 4558 5633 4557
f 5633 5632 4557
f 4559 5666 4558
f 5666 5633 4558
f 4591 5668 4559
f 5667 5666 4559
f 4559 5668 5667
f 4561 4594 4560
f 4562 4595 4561
f 4594 4561 4595
f 4563 4596 4562
f 4562 4596 4595
f 4563 4564 4597
f 4563 4597 4596
f 4565 4598 4564
f 4564 4598 4597
f 5635 4565 4566
f 4565 5634 4598
f 5634 4565 5635
f 4567 5636 4566
f 4566 5636 5635
f 4567 4568 5637
f 4567 5637 5636
f 4568 4569 5638
f 4568 5638 5637
f 4570 5639 4569
f 4569 5639 5638
f 4571 5640 4570
f 5639 4570 5640
f 4571 4572 5641
f 4571 5641 5640
f 4573 5642 4572
f 4572 5642 5641
f 4573 5643 5642
f 4575 5644 4574
f 5645 4575 4576
f 4575 5645 5644
f 4576 4577 5646
f 5645 4576 5646
f 5647 4577 4578
f 5646 4577 5647
f 5648 4578 4579
f 5648 5647 4578
f 4579 4580 5649
f 5648 4579 5649
f 5650 4580 4581
f 5649 4580 5650
f 5651 4581 4582
f 5650 4581 5651
f 5652 4582 4583
f 4582 5652 5651
f 4583 4584 5653
f 5652 4583 5653
f 4584 4585 5654
f 4584 5654 5653
f 5655 4585 4586
f 5655 5654 4585
f 4586 4587 5656
f 5656 5655 4586
f 5657 4587 4588
f 5657 5656 4587
f 5658 4588 4589
f 5657 4588 5658
f 4589 4590 5659
f 5659 5658 4589
f 5659 4590 5660
f 5661 5660 4590
f 4592 5668 4591
f 4599 5669 4592
f 4592 5669 5668
f 4593 4594 4603
f 4593 5677 4602
f 4593 4603 5678
f 5677 4593 5678
f 4594 4595 4603
f 4596 5671 4595
f 5670 4603 4595
f 5670 4595 5671
f 5672 4596 4597
f 5671 4596 5672
f 4598 5673 4597
f 5673 5672 4597
f 5634 5673 4598
f 4604 5674 4599
f 5674 5669 4599
f 4600 4601 5675
f 4600 5686 4605
f 5675 5686 4600
f 5676 4601 4602
f 5675 4601 5676
f 5676 4602 5677
f 5678 4603 5670
f 4604 4606 5684
f 5684 5674 4604
f 4605 5685 4608
f 4605 5686 5685
f 4606 4607 5688
f 5684 4606 5687
f 4606 5688 5687
f 5688 4607 4609
f 4611 4608 5689
f 4608 5685 5689
f 4609 4613 4610
f 4609 4610 5688
f 4609 4612 4613
f 4613 6596 4610
f 5688 4610 6594
f 6596 6594 4610
f 5690 4614 4611
f 4611 5689 5690
f 4616 4613 4612
f 4616 4612 4615
f 4613 4616 5693
f 4613 5693 5691
f 4613 5691 6596
f 5694 4617 4614
f 4614 5690 5692
f 4614 5692 5694
f 4616 4615 5695
f 4618 5695 4615
f 5695 5693 4616
f 4619 4617 5694
f 5699 4618 4620
f 5699 5695 4618
f 4619 5698 4621
f 5694 5697 4619
f 4619 5697 5698
f 4624 5704 4620
f 4620 5704 5699
f 5700 4622 4621
f 4621 5698 5700
f 4622 5701 4623
f 5700 5701 4622
f 4625 4623 5702
f 5702 4623 5701
f 5704 4624 4627
f 4628 4625 4626
f 5702 4626 4625
f 4628 4626 4629
f 4626 5705 4629
f 5702 5703 4626
f 5703 5705 4626
f 5714 4627 4649
f 4627 5714 5704
f 4650 4628 4629
f 4651 4629 4630
f 4629 5705 4630
f 4650 4629 4651
f 4630 4631 4652
f 4631 4630 5706
f 4652 4651 4630
f 5706 4630 5705
f 4652 4631 4653
f 4653 4631 4654
f 5715 4654 4631
f 4631 5706 5707
f 4631 5707 5715
f 4632 5728 4633
f 4632 4665 5726
f 4632 5726 5727
f 4632 5727 5728
f 4633 5729 4634
f 4633 5728 5729
f 4635 4634 5730
f 4634 5729 5730
f 5731 4636 4635
f 4635 5730 5731
f 4636 5732 4637
f 5731 5732 4636
f 5733 4638 4637
f 5733 4637 5732
f 4638 5734 4639
f 5734 4638 5733
f 4640 4639 5735
f 5734 5735 4639
f 4640 5736 4641
f 4640 5735 5736
f 4641 5737 4642
f 4641 5736 5737
f 4642 5738 4643
f 4642 5737 5738
f 4643 5739 4644
f 5738 5739 4643
f 4644 5740 4645
f 4644 5739 5740
f 4645 5741 4646
f 5740 5741 4645
f 4646 5742 4647
f 4646 5741 5742
f 4666 4647 5743
f 5742 5743 4647
f 4648 5748 4649
f 4691 5746 4648
f 5746 5747 4648
f 4648 5747 5748
f 5748 5714 4649
f 4651 4693 4650
f 4694 4651 4652
f 4651 4694 4693
f 4695 4652 4653
f 4695 4694 4652
f 4653 4654 4696
f 4696 4695 4653
f 4655 4697 4654
f 4654 5715 4655
f 4697 4696 4654
f 4698 4655 4656
f 4656 4655 5716
f 4698 4697 4655
f 5715 5716 4655
f 4657 4699 4656
f 4656 5717 4657
f 4656 4699 4698
f 5716 5717 4656
f 4657 4658 4700
f 4657 5718 4658
f 4699 4657 4700
f 5717 5718 4657
f 4701 4658 4659
f 4659 4658 5719
f 4700 4658 4701
f 4658 5718 5719
f 4702 4659 4660
f 4659 5720 4660
f 4702 4701 4659
f 4659 5719 5720
f 4703 4660 4661
f 4661 4660 5721
f 4660 4703 4702
f 4660 5720 5721
f 4661 4662 4704
f 4662 4661 5722
f 4704 4703 4661
f 4661 5721 5722
f 4662 4663 4705
f 4662 5723 4663
f 4662 4705 4704
f 4662 5722 5723
f 4706 4663 4664
f 4664 4663 5724
f 4705 4663 4706
f 5724 4663 5723
f 4664 5725 4665
f 5724 5725 4664
f 4665 5725 5726
f 5743 4667 4666
f 5749 4668 4667
f 5744 4667 5743
f 5749 4667 5744
f 5750 4707 4668
f 5750 4668 5749
f 5757 4670 4669
f 4710 5755 4669
f 5756 4669 5755
f 5757 4669 5756
f 5758 4671 4670
f 5758 4670 5757
f 4672 4671 5759
f 5759 4671 5758
f 4673 4672 5760
f 5760 4672 5759
f 4674 4673 5761
f 5761 4673 5760
f 4675 4674 5762
f 5762 4674 5761
f 5763 4676 4675
f 4675 5762 5763
f 5764 4677 4676
f 5764 4676 5763
f 4678 4677 5765
f 5764 5765 4677
f 5766 4679 4678
f 5766 4678 5765
f 5767 4680 4679
f 5767 4679 5766
f 5768 4681 4680
f 5767 5768 4680
f 4682 4681 5769
f 5769 4681 5768
f 5770 4683 4682
f 5770 4682 5769
f 5771 4684 4683
f 4683 5770 5771
f 5772 4685 4684
f 5772 4684 5771
f 5773 4686 4685
f 5773 4685 5772
f 5774 4687 4686
f 5774 4686 5773
f 5775 4688 4687
f 4687 5774 5775
f 5776 4689 4688
f 5776 4688 5775
f 5776 4690 4689
f 4690 5745 4691
f 5776 5745 4690
f 4691 5745 5746
f 4692 4693 4712
f 4728 4692 4712
f 4712 4693 4694
f 4695 4713 4694
f 4712 4694 4713
f 4714 4695 4696
f 4714 4713 4695
f 4696 4697 4715
f 4715 4714 4696
f 4698 4716 4697
f 4715 4697 4716
f 4699 4717 4698
f 4717 4716 4698
f 4700 4718 4699
f 4718 4717 4699
f 4719 4700 4701
f 4700 4719 4718
f 4720 4701 4702
f 4719 4701 4720
f 4721 4702 4703
f 4702 4721 4720
f 4704 4722 4703
f 4722 4721 4703
f 4723 4704 4705
f 4722 4704 4723
f 4706 4724 4705
f 4705 4724 4723
f 4726 4707 4708
f 5750 4708 4707
f 5777 4726 4708
f 4708 5750 5751
f 5777 4708 5751
f 5791 4710 4709
f 4727 5791 4709
f 5791 5755 4710
f 4745 4711 4728
f 4744 4711 4745
f 4729 4712 4713
f 4712 4729 4728
f 4730 4713 4714
f 4730 4729 4713
f 4731 4714 4715
f 4731 4730 4714
f 4732 4715 4716
f 4732 4731 4715
f 4733 4716 4717
f 4733 4732 4716
f 4734 4717 4718
f 4733 4717 4734
f 4735 4718 4719
f 4718 4735 4734
f 4736 4719 4720
f 4735 4719 4736
f 4721 4737 4720
f 4737 4736 4720
f 4722 4738 4721
f 4721 4738 4737
f 4740 4722 4723
f 4722 4739 4738
f 4739 4722 4740
f 4726 4741 4725
f 4725 4741 4757
f 4741 4726 5792
f 4726 5777 5792
f 5809 4727 4742
f 5791 4727 5809
f 4728 4729 4745
f 4746 4729 4730
f 4729 4746 4745
f 4731 4747 4730
f 4730 4747 4746
f 4731 4732 4748
f 4748 4747 4731
f 4732 4733 4749
f 4748 4732 4749
f 4734 4750 4733
f 4733 4750 4749
f 4734 4735 4751
f 4751 4750 4734
f 4736 4752 4735
f 4735 4752 4751
f 4753 4736 4737
f 4752 4736 4753
f 4737 4738 4755
f 4753 4737 4754
f 4754 4737 4755
f 4739 4756 4738
f 4755 4738 4756
f 4757 4741 4758
f 4741 5810 4758
f 5792 5810 4741
f 5809 4742 5808
f 5808 4742 5829
f 4743 4744 4761
f 4743 4761 4776
f 4744 4745 4761
f 4745 4746 4762
f 4762 4761 4745
f 4747 4763 4746
f 4746 4763 4762
f 4748 4764 4747
f 4764 4763 4747
f 4765 4748 4749
f 4765 4764 4748
f 4749 4750 4766
f 4765 4749 4766
f 4751 4767 4750
f 4766 4750 4767
f 4752 4768 4751
f 4768 4767 4751
f 4770 4752 4753
f 4769 4768 4752
f 4770 4769 4752
f 4753 4754 4771
f 4771 4770 4753
f 4772 4754 4755
f 4772 4771 4754
f 4774 4757 4758
f 4774 4758 5830
f 5810 5831 4758
f 4758 5831 5830
f 4775 5854 4759
f 5854 5829 4759
f 4792 4760 4776
f 4760 4792 4791
f 4762 4778 4761
f 4777 4776 4761
f 4778 4777 4761
f 4762 4763 4779
f 4779 4778 4762
f 4764 4780 4763
f 4763 4780 4779
f 4764 4765 4781
f 4780 4764 4781
f 4766 4782 4765
f 4765 4782 4781
f 4767 4783 4766
f 4766 4783 4782
f 4783 4767 4768
f 4769 4785 4768
f 4783 4768 4784
f 4785 4784 4768
f 4770 4786 4769
f 4785 4769 4786
f 4771 4787 4770
f 4787 4786 4770
f 5878 4773 4788
f 5878 4804 4773
f 5830 4788 4774
f 4789 5877 4775
f 5854 4775 5877
f 4777 4792 4776
f 4793 4777 4778
f 4777 4793 4792
f 4779 4794 4778
f 4778 4794 4793
f 4779 4780 4795
f 4794 4779 4795
f 4780 4781 4796
f 4795 4780 4796
f 4797 4781 4782
f 4796 4781 4797
f 4782 4783 4798
f 4797 4782 4798
f 4784 4799 4783
f 4783 4799 4798
f 4801 4784 4785
f 4799 4784 4800
f 4801 4800 4784
f 4802 4785 4786
f 4801 4785 4802
f 5830 5879 4788
f 4788 5879 5878
f 4789 4805 5901
f 4789 5901 5877
f 4790 4791 4806
f 4819 4790 4806
f 4792 4806 4791
f 4807 4792 4793
f 4792 4807 4806
f 4794 4808 4793
f 4808 4807 4793
f 4809 4794 4795
f 4794 4809 4808
f 4810 4795 4796
f 4810 4809 4795
f 4797 4811 4796
f 4796 4811 4810
f 4797 4798 4812
f 4812 4811 4797
f 4798 4799 4813
f 4812 4798 4813
f 4814 4799 4800
f 4813 4799 4814
f 4816 4800 4801
f 4814 4800 4815
f 4815 4800 4816
f 4803 4817 5924
f 4831 4803 5924
f 4817 4804 5878
f 4818 5923 4805
f 5901 4805 5923
f 4820 4806 4807
f 4819 4806 4820
f 4821 4807 4808
f 4821 4820 4807
f 4809 4822 4808
f 4822 4821 4808
f 4809 4810 4823
f 4809 4823 4822
f 4810 4811 4824
f 4824 4823 4810
f 4825 4811 4812
f 4824 4811 4825
f 4812 4813 4826
f 4825 4812 4826
f 4814 4827 4813
f 4827 4826 4813
f 4814 4815 4828
f 4828 4827 4814
f 4815 4816 4829
f 4815 4829 4828
f 5925 4817 5878
f 5925 5924 4817
f 5946 4818 4832
f 4818 5922 5923
f 5922 4818 5946
f 4820 4833 4819
f 4834 4820 4821
f 4820 4834 4833
f 4835 4821 4822
f 4835 4834 4821
f 4823 4836 4822
f 4835 4822 4836
f 4824 4837 4823
f 4823 4837 4836
f 4824 4825 4838
f 4837 4824 4838
f 4839 4825 4826
f 4839 4838 4825
f 4827 4840 4826
f 4840 4839 4826
f 4827 4828 4841
f 4840 4827 4841
f 4842 4828 4829
f 4828 4842 4841
f 4830 4843 5968
f 4846 4830 5968
f 5924 4843 4831
f 4844 5967 4832
f 4832 5945 5946
f 4832 5967 5945
f 5924 5969 4843
f 5968 4843 5969
f 5990 5967 4844
f 4845 4848 6012
f 4851 4845 6012
f 5968 4848 4846
f 4849 6011 4847
f 5990 4847 6011
f 5968 6013 4848
f 6013 6012 4848
f 6033 4849 4852
f 6011 4849 6033
f 4853 6054 4850
f 4850 6054 4856
f 4853 4851 6012
f 6033 4852 6053
f 4853 6012 6055
f 4853 6055 6054
f 4857 6074 4854
f 4854 6052 6053
f 6074 6052 4854
f 6094 4855 4858
f 4855 6094 4861
f 4858 4856 6054
f 6093 4857 4859
f 6074 4857 6093
f 6095 4858 6054
f 6094 4858 6095
f 6114 4859 4862
f 6093 4859 6114
f 6134 4860 4863
f 4860 6134 4866
f 6094 4863 4861
f 4862 4864 6133
f 6133 6114 4862
f 6094 6135 4863
f 6135 6134 4863
f 4864 4867 6153
f 4864 6153 6133
f 4865 4868 6172
f 4865 6172 4871
f 6134 4868 4866
f 6153 4867 6152
f 6171 6152 4867
f 6134 6173 4868
f 6172 4868 6173
f 4872 6190 4869
f 4869 6170 6171
f 4869 6190 6170
f 4870 4873 6208
f 4876 4870 6208
f 4871 6172 4873
f 4872 4874 6207
f 4872 6189 6190
f 6207 6189 4872
f 6209 4873 6172
f 6209 6208 4873
f 4877 6225 4874
f 6207 4874 6206
f 6225 6206 4874
f 4875 4878 6243
f 4881 4875 6243
f 6208 4878 4876
f 4877 6242 6225
f 6208 6244 4878
f 6244 6243 4878
f 4882 6260 4879
f 6242 4879 6260
f 6277 4880 4883
f 4880 6277 4886
f 4881 6243 4883
f 4884 6276 4882
f 6260 4882 6276
f 6243 6278 4883
f 4883 6278 6277
f 6293 6276 4884
f 4885 4888 6309
f 6309 4891 4885
f 4886 6277 4888
f 4887 4889 6308
f 6292 6293 4887
f 6292 4887 6308
f 6277 6310 4888
f 6309 4888 6310
f 4893 6324 4889
f 6324 6308 4889
f 4894 6339 4890
f 4890 6339 4897
f 6309 4894 4891
f 4893 4895 4892
f 4892 6324 4893
f 4895 6338 4892
f 4892 6323 6324
f 6338 6323 4892
f 6340 4894 6309
f 6340 6339 4894
f 4898 6354 4895
f 6354 6338 4895
f 4897 4899 4896
f 4899 6369 4896
f 4902 4896 6369
f 4899 4897 6339
f 6368 4898 4900
f 4898 6368 6354
f 4899 6339 6370
f 4899 6384 6369
f 6384 4899 6370
f 4900 6367 6368
f 4900 6383 6367
f 4901 4902 4904
f 6397 4901 4904
f 4901 6397 4907
f 4902 6369 4904
f 4903 4905 6396
f 4903 6382 6383
f 4903 6396 6382
f 6398 4904 6369
f 4904 6411 6397
f 6398 6411 4904
f 6410 4905 4908
f 4905 6395 6396
f 4905 6410 6395
f 4906 4907 4909
f 4909 4911 4906
f 4909 4907 6397
f 4910 6422 4908
f 4908 6422 6410
f 4909 4912 4911
f 4912 4909 6423
f 6423 4909 6397
f 6435 4910 4913
f 6435 6422 4910
f 4914 4911 4912
f 4914 4912 4915
f 4912 6436 4915
f 6423 6436 4912
f 4917 6447 4913
f 4913 6447 6435
f 4915 4918 4914
f 4918 4915 6448
f 6436 6448 4915
f 4917 4916 6458
f 4916 4927 6457
f 4916 6457 6458
f 6458 6447 4917
f 4919 4918 6448
f 4920 4919 6449
f 4919 6448 6449
f 6450 4921 4920
f 6449 6450 4920
f 4921 6451 4922
f 6450 6451 4921
f 4922 6452 4923
f 6452 4922 6451
f 4923 6453 4924
f 6453 4923 6452
f 4925 4924 6454
f 6453 6454 4924
f 4925 6455 4926
f 4925 6454 6455
f 4927 4926 6456
f 4926 6455 6456
f 4927 6456 6457
f 4929 4939 4928
f 4930 4940 4929
f 4929 4940 4939
f 4941 4930 4931
f 4930 4941 4940
f 4942 4931 4932
f 4942 4941 4931
f 4933 4943 4932
f 4932 4943 4942
f 4933 4934 4944
f 4933 4944 4943
f 4945 4934 4935
f 4945 4944 4934
f 4946 4935 4936
f 4935 4946 4945
f 4936 4937 4947
f 4947 4946 4936
f 4937 4938 4948
f 4948 4947 4937
f 4948 4938 4949
f 4949 4938 4950
f 4951 4939 4940
f 4941 4952 4940
f 4940 4952 4951
f 4942 4953 4941
f 4953 4952 4941
f 4942 4943 4954
f 4942 4954 4953
f 4943 4944 4955
f 4943 4955 4954
f 4956 4944 4945
f 4955 4944 4956
f 4946 4957 4945
f 4957 4956 4945
f 4947 4958 4946
f 4946 4958 4957
f 4947 4948 4959
f 4959 4958 4947
f 4960 4948 4949
f 4948 4960 4959
f 4950 4961 4949
f 4961 4960 4949
f 4962 4961 4950
f 4963 4962 4950
f 4951 4952 4964
f 4953 4965 4952
f 4964 4952 4965
f 4966 4953 4954
f 4966 4965 4953
f 4955 4967 4954
f 4954 4967 4966
f 4955 4956 4968
f 4955 4968 4967
f 4957 4969 4956
f 4969 4968 4956
f 4958 4970 4957
f 4957 4970 4969
f 4958 4959 4971
f 4970 4958 4971
f 4960 4972 4959
f 4971 4959 4972
f 4961 4973 4960
f 4960 4973 4972
f 4974 4961 4962
f 4974 4973 4961
f 4975 4962 4963
f 4975 4974 4962
f 4975 4963 4976
f 4964 4965 4977
f 4965 4966 4978
f 4965 4978 4977
f 4967 4978 4966
f 4967 4968 4979
f 4979 4978 4967
f 4968 4969 4980
f 4979 4968 4980
f 4969 4970 4981
f 4969 4981 4980
f 4970 4971 4982
f 4981 4970 4982
f 4971 4972 4983
f 4982 4971 4983
f 4973 4984 4972
f 4972 4984 4983
f 4974 4985 4973
f 4985 4984 4973
f 4986 4974 4975
f 4974 4986 4985
f 4975 4976 4987
f 4975 4987 4986
f 4988 4987 4976
f 4989 4988 4976
f 4977 4978 4990
f 4979 4991 4978
f 4990 4978 4991
f 4980 4992 4979
f 4992 4991 4979
f 4980 4981 4993
f 4980 4993 4992
f 4982 4994 4981
f 4981 4994 4993
f 4983 4995 4982
f 4982 4995 4994
f 4983 4984 4996
f 4983 4996 4995
f 4984 4985 4997
f 4996 4984 4997
f 4998 4985 4986
f 4997 4985 4998
f 4987 4999 4986
f 4998 4986 4999
f 4987 4988 5000
f 4987 5000 4999
f 5001 4988 4989
f 5001 5000 4988
f 5001 4989 5002
f 5003 5002 4989
f 5004 4990 4991
f 5004 4991 4992
f 4992 4993 5005
f 4992 5005 5004
f 5006 4993 4994
f 4993 5006 5005
f 4994 4995 5007
f 4994 5007 5006
f 4996 5008 4995
f 5008 5007 4995
f 4996 4997 5009
f 4996 5009 5008
f 4998 5010 4997
f 4997 5010 5009
f 4999 5011 4998
f 4998 5011 5010
f 5012 4999 5000
f 5012 5011 4999
f 5001 5013 5000
f 5013 5012 5000
f 5002 5014 5001
f 5001 5014 5013
f 5002 5003 5015
f 5002 5015 5014
f 5016 5015 5003
f 5017 5016 5003
f 5004 5005 5018
f 5006 5019 5005
f 5018 5005 5019
f 5006 5007 5020
f 5006 5020 5019
f 5021 5007 5008
f 5021 5020 5007
f 5022 5008 5009
f 5021 5008 5022
f 5009 5010 5023
f 5022 5009 5023
f 5011 5024 5010
f 5023 5010 5024
f 5012 5025 5011
f 5011 5025 5024
f 5013 5026 5012
f 5012 5026 5025
f 5027 5013 5014
f 5013 5027 5026
f 5028 5014 5015
f 5027 5014 5028
f 5029 5015 5016
f 5028 5015 5029
f 5016 5017 5030
f 5016 5030 5029
f 5030 5017 5031
f 5032 5031 5017
f 5033 5018 5019
f 5033 5019 5020
f 5021 5034 5020
f 5033 5020 5034
f 5035 5021 5022
f 5035 5034 5021
f 5022 5023 5036
f 5035 5022 5036
f 5024 5037 5023
f 5036 5023 5037
f 5024 5025 5038
f 5024 5038 5037
f 5039 5025 5026
f 5038 5025 5039
f 5026 5027 5040
f 5040 5039 5026
f 5041 5027 5028
f 5041 5040 5027
f 5042 5028 5029
f 5041 5028 5042
f 5043 5029 5030
f 5042 5029 5043
f 5044 5030 5031
f 5043 5030 5044
f 5045 5031 5032
f 5031 5045 5044
f 5045 5032 5046
f 5046 5032 5047
f 5034 5048 5033
f 5035 5049 5034
f 5034 5049 5048
f 5036 5050 5035
f 5035 5050 5049
f 5036 5037 5051
f 5036 5051 5050
f 5037 5038 5052
f 5052 5051 5037
f 5039 5053 5038
f 5053 5052 5038
f 5054 5039 5040
f 5054 5053 5039
f 5055 5040 5041
f 5055 5054 5040
f 5042 5056 5041
f 5041 5056 5055
f 5043 5057 5042
f 5042 5057 5056
f 5044 5058 5043
f 5043 5058 5057
f 5045 5059 5044
f 5044 5059 5058
f 5045 5046 5060
f 5045 5060 5059
f 5046 5047 5061
f 5061 5060 5046
f 5061 5047 5062
f 5049 5063 5048
f 5049 5050 5063
f 5064 5050 5051
f 5064 5063 5050
f 5065 5051 5052
f 5064 5051 5065
f 5066 5052 5053
f 5065 5052 5066
f 5054 5067 5053
f 5066 5053 5067
f 5068 5054 5055
f 5068 5067 5054
f 5056 5069 5055
f 5069 5068 5055
f 5056 5057 5070
f 5070 5069 5056
f 5071 5057 5058
f 5070 5057 5071
f 5072 5058 5059
f 5071 5058 5072
f 5059 5060 5073
f 5059 5073 5072
f 5074 5060 5061
f 5073 5060 5074
f 5061 5062 5075
f 5074 5061 5075
f 5075 5062 5076
f 5078 5063 5064
f 5064 5065 5079
f 5064 5079 5078
f 5080 5065 5066
f 5080 5079 5065
f 5066 5067 5081
f 5080 5066 5081
f 5082 5067 5068
f 5082 5081 5067
f 5083 5068 5069
f 5068 5083 5082
f 5069 5070 5084
f 5069 5084 5083
f 5071 5085 5070
f 5070 5085 5084
f 5071 5072 5086
f 5086 5085 5071
f 5087 5072 5073
f 5087 5086 5072
f 5074 5088 5073
f 5087 5073 5088
f 5089 5074 5075
f 5089 5088 5074
f 5075 5076 5090
f 5075 5090 5089
f 5091 5076 5077
f 5091 5090 5076
f 5077 5092 5091
f 5093 5092 5077
f 5078 5079 5094
f 5079 5080 5094
f 5081 5095 5080
f 5094 5080 5095
f 5096 5081 5082
f 5095 5081 5096
f 5082 5083 5097
f 5096 5082 5097
f 5098 5083 5084
f 5097 5083 5098
f 5084 5085 5099
f 5098 5084 5099
f 5085 5086 5100
f 5099 5085 5100
f 5087 5101 5086
f 5100 5086 5101
f 5102 5087 5088
f 5102 5101 5087
f 5089 5103 5088
f 5102 5088 5103
f 5090 5104 5089
f 5104 5103 5089
f 5090 5091 5105
f 5090 5105 5104
f 5091 5092 5106
f 5105 5091 5106
f 5093 5108 5092
f 5092 5107 5106
f 5108 5107 5092
f 5093 5109 5108
f 5110 5094 5095
f 5111 5095 5096
f 5110 5095 5111
f 5096 5097 5112
f 5096 5112 5111
f 5098 5113 5097
f 5112 5097 5113
f 5098 5099 5114
f 5114 5113 5098
f 5115 5099 5100
f 5114 5099 5115
f 5101 5116 5100
f 5115 5100 5116
f 5117 5101 5102
f 5117 5116 5101
f 5102 5103 5118
f 5102 5118 5117
f 5119 5103 5104
f 5118 5103 5119
f 5104 5105 5120
f 5119 5104 5120
f 5105 5106 5121
f 5120 5105 5121
f 5107 5122 5106
f 5121 5106 5122
f 5108 5123 5107
f 5123 5122 5107
f 5108 5109 5124
f 5108 5124 5123
f 5125 5124 5109
f 5125 5109 5126
f 5127 5110 5111
f 5112 5127 5111
f 5112 5113 5128
f 5112 5128 5127
f 5129 5113 5114
f 5129 5128 5113
f 5114 5115 5130
f 5114 5130 5129
f 5115 5116 5131
f 5131 5130 5115
f 5132 5116 5117
f 5131 5116 5132
f 5133 5117 5118
f 5132 5117 5133
f 5118 5119 5134
f 5118 5134 5133
f 5135 5119 5120
f 5134 5119 5135
f 5120 5121 5136
f 5136 5135 5120
f 5122 5137 5121
f 5136 5121 5137
f 5138 5122 5123
f 5138 5137 5122
f 5124 5140 5123
f 5138 5123 5139
f 5140 5139 5123
f 5124 5125 5140
f 5141 5125 5126
f 5141 5140 5125
f 5126 5142 5141
f 5142 5126 5143
f 5128 5144 5127
f 5129 5145 5128
f 5128 5145 5144
f 5129 5130 5146
f 5146 5145 5129
f 5147 5130 5131
f 5147 5146 5130
f 5132 5148 5131
f 5147 5131 5148
f 5132 5133 5149
f 5149 5148 5132
f 5134 5150 5133
f 5149 5133 5150
f 5135 5151 5134
f 5150 5134 5151
f 5136 5152 5135
f 5152 5151 5135
f 5153 5136 5137
f 5152 5136 5153
f 5138 5154 5137
f 5153 5137 5154
f 5155 5138 5139
f 5155 5154 5138
f 5139 5140 5156
f 5155 5139 5156
f 5141 5157 5140
f 5156 5140 5157
f 5142 5158 5141
f 5141 5158 5157
f 5159 5142 5143
f 5142 5159 5158
f 5143 5160 5159
f 5161 5160 5143
f 5145 5162 5144
f 5145 5146 5163
f 5145 5163 5162
f 5147 5164 5146
f 5163 5146 5164
f 5147 5148 5164
f 5149 5165 5148
f 5164 5148 5165
f 5150 5166 5149
f 5166 5165 5149
f 5150 5151 5167
f 5150 5167 5166
f 5168 5151 5152
f 5168 5167 5151
f 5152 5153 5169
f 5152 5169 5168
f 5153 5154 5170
f 5153 5170 5169
f 5171 5154 5155
f 5154 5171 5170
f 5156 5172 5155
f 5172 5171 5155
f 5156 5157 5173
f 5156 5173 5172
f 5174 5157 5158
f 5173 5157 5174
f 5175 5158 5159
f 5174 5158 5175
f 5176 5159 5160
f 5175 5159 5176
f 5177 5160 5161
f 5176 5160 5177
f 5177 5161 5178
f 5179 5162 5163
f 5164 5180 5163
f 5180 5179 5163
f 5164 5165 5181
f 5181 5180 5164
f 5165 5166 5182
f 5181 5165 5182
f 5167 5183 5166
f 5182 5166 5183
f 5168 5184 5167
f 5167 5184 5183
f 5185 5168 5169
f 5185 5184 5168
f 5186 5169 5170
f 5185 5169 5186
f 5170 5171 5187
f 5186 5170 5187
f 5188 5171 5172
f 5187 5171 5188
f 5172 5173 5189
f 5172 5189 5188
f 5174 5190 5173
f 5173 5190 5189
f 5191 5174 5175
f 5191 5190 5174
f 5175 5176 5192
f 5175 5192 5191
f 5177 5193 5176
f 5192 5176 5193
f 5177 5178 5194
f 5194 5193 5177
f 5194 5178 5195
f 5178 5196 5195
f 5197 5179 5180
f 5181 5198 5180
f 5180 5198 5197
f 5182 5198 5181
f 5182 5183 5199
f 5182 5199 5198
f 5183 5184 5200
f 5199 5183 5200
f 5185 5201 5184
f 5201 5200 5184
f 5186 5202 5185
f 5202 5201 5185
f 5187 5203 5186
f 5203 5202 5186
f 5188 5204 5187
f 5204 5203 5187
f 5188 5189 5205
f 5205 5204 5188
f 5206 5189 5190
f 5205 5189 5206
f 5207 5190 5191
f 5206 5190 5207
f 5192 5208 5191
f 5191 5208 5207
f 5192 5193 5209
f 5192 5209 5208
f 5194 5210 5193
f 5210 5209 5193
f 5194 5195 5211
f 5194 5211 5210
f 5195 5196 5212
f 5195 5212 5211
f 5212 5196 5213
f 5196 5214 5213
f 5198 5215 5197
f 5198 5199 5216
f 5198 5216 5215
f 5199 5200 5217
f 5216 5199 5217
f 5200 5201 5218
f 5218 5217 5200
f 5202 5219 5201
f 5218 5201 5219
f 5220 5202 5203
f 5202 5220 5219
f 5203 5204 5221
f 5220 5203 5221
f 5205 5222 5204
f 5204 5222 5221
f 5206 5223 5205
f 5223 5222 5205
f 5206 5207 5224
f 5206 5224 5223
f 5207 5208 5225
f 5207 5225 5224
f 5209 5226 5208
f 5208 5226 5225
f 5210 5227 5209
f 5227 5226 5209
f 5211 5228 5210
f 5228 5227 5210
f 5211 5212 5229
f 5211 5229 5228
f 5212 5213 5230
f 5229 5212 5230
f 5231 5213 5214
f 5230 5213 5231
f 5231 5214 5232
f 5233 5232 5214
f 5216 5234 5215
f 5216 5217 5234
f 5235 5217 5218
f 5234 5217 5235
f 5236 5218 5219
f 5218 5236 5235
f 5237 5219 5220
f 5236 5219 5237
f 5238 5220 5221
f 5237 5220 5238
f 5221 5222 5239
f 5221 5239 5238
f 5223 5240 5222
f 5240 5239 5222
f 5223 5224 5241
f 5240 5223 5241
f 5224 5225 5242
f 5224 5242 5241
f 5243 5225 5226
f 5243 5242 5225
f 5244 5226 5227
f 5244 5243 5226
f 5228 5246 5227
f 5227 5245 5244
f 5227 5246 5245
f 5229 5246 5228
f 5230 5247 5229
f 5229 5247 5246
f 5231 5248 5230
f 5230 5248 5247
f 5249 5231 5232
f 5249 5248 5231
f 5250 5232 5233
f 5249 5232 5250
f 5250 5233 5251
f 5233 5252 5251
f 5234 5235 5253
f 5254 5235 5236
f 5254 5253 5235
f 5255 5236 5237
f 5254 5236 5255
f 5237 5238 5256
f 5237 5256 5255
f 5238 5239 5257
f 5257 5256 5238
f 5258 5239 5240
f 5257 5239 5258
f 5259 5240 5241
f 5259 5258 5240
f 5241 5242 5260
f 5260 5259 5241
f 5261 5242 5243
f 5261 5260 5242
f 5262 5243 5244
f 5262 5261 5243
f 5245 5263 5244
f 5263 5262 5244
f 5265 5245 5246
f 5263 5245 5264
f 5265 5264 5245
f 5265 5246 5247
f 5248 5266 5247
f 5247 5266 5265
f 5267 5248 5249
f 5248 5267 5266
f 5268 5249 5250
f 5267 5249 5268
f 5269 5250 5251
f 5250 5269 5268
f 5270 5251 5252
f 5269 5251 5270
f 5270 5252 5271
f 5272 5271 5252
f 5253 5254 5273
f 5273 5254 5255
f 5274 5255 5256
f 5273 5255 5274
f 5275 5256 5257
f 5274 5256 5275
f 5276 5257 5258
f 5257 5276 5275
f 5258 5259 5277
f 5276 5258 5277
f 5259 5260 5278
f 5277 5259 5278
f 5279 5260 5261
f 5278 5260 5279
f 5262 5280 5261
f 5280 5279 5261
f 5281 5262 5263
f 5280 5262 5281
f 5263 5264 5282
f 5263 5282 5281
f 5284 5264 5265
f 5282 5264 5283
f 5283 5264 5284
f 5266 5284 5265
f 5267 5285 5266
f 5266 5285 5284
f 5268 5286 5267
f 5267 5286 5285
f 5287 5268 5269
f 5268 5287 5286
f 5270 5288 5269
f 5269 5288 5287
f 5271 5289 5270
f 5270 5289 5288
f 5272 5290 5271
f 5271 5290 5289
f 5272 5291 5290
f 5292 5291 5272
f 5293 5273 5274
f 5294 5274 5275
f 5293 5274 5294
f 5295 5275 5276
f 5275 5295 5294
f 5296 5276 5277
f 5296 5295 5276
f 5297 5277 5278
f 5296 5277 5297
f 5278 5279 5298
f 5297 5278 5298
f 5299 5279 5280
f 5298 5279 5299
f 5300 5280 5281
f 5299 5280 5300
f 5281 5282 5301
f 5281 5301 5300
f 5282 5283 5302
f 5282 5302 5301
f 5283 5284 5304
f 5283 5303 5302
f 5304 5303 5283
f 5304 5284 5285
f 5305 5285 5286
f 5304 5285 5305
f 5286 5287 5306
f 5305 5286 5306
f 5287 5288 5307
f 5306 5287 5307
f 5308 5288 5289
f 5308 5307 5288
f 5290 5309 5289
f 5289 5309 5308
f 5290 5291 5310
f 5290 5310 5309
f 5311 5291 5292
f 5291 5311 5310
f 5292 5312 5311
f 5313 5293 5294
f 5295 5313 5294
f 5295 5296 5314
f 5295 5314 5313
f 5315 5296 5297
f 5315 5314 5296
f 5297 5298 5316
f 5297 5316 5315
f 5317 5298 5299
f 5316 5298 5317
f 5299 5300 5318
f 5317 5299 5318
f 5301 5319 5300
f 5318 5300 5319
f 5301 5302 5320
f 5320 5319 5301
f 5303 5321 5302
f 5302 5321 5320
f 5303 5304 5323
f 5322 5321 5303
f 5323 5322 5303
f 5304 5305 5323
f 5306 5324 5305
f 5305 5324 5323
f 5307 5325 5306
f 5325 5324 5306
f 5307 5308 5326
f 5307 5326 5325
f 5327 5308 5309
f 5327 5326 5308
f 5309 5310 5328
f 5327 5309 5328
f 5310 5311 5329
f 5329 5328 5310
f 5330 5311 5312
f 5329 5311 5330
f 5312 5331 5330
f 5312 5332 5331
f 5313 5314 5333
f 5334 5314 5315
f 5334 5333 5314
f 5315 5316 5335
f 5315 5335 5334
f 5336 5316 5317
f 5336 5335 5316
f 5337 5317 5318
f 5336 5317 5337
f 5318 5319 5338
f 5337 5318 5338
f 5319 5320 5339
f 5339 5338 5319
f 5340 5320 5321
f 5339 5320 5340
f 5341 5321 5322
f 5321 5341 5340
f 5323 5343 5322
f 5322 5342 5341
f 5322 5343 5342
f 5323 5324 5343
f 5344 5324 5325
f 5324 5344 5343
f 5326 5345 5325
f 5345 5344 5325
f 5327 5346 5326
f 5326 5346 5345
f 5327 5328 5347
f 5347 5346 5327
f 5329 5348 5328
f 5348 5347 5328
f 5330 5349 5329
f 5329 5349 5348
f 5330 5331 5350
f 5330 5350 5349
f 5331 5332 5352
f 5351 5350 5331
f 5331 5352 5351
f 5353 5352 5332
f 5354 5333 5334
f 5334 5335 5355
f 5355 5354 5334
f 5355 5335 5336
f 5356 5336 5337
f 5336 5356 5355
f 5337 5338 5357
f 5337 5357 5356
f 5339 5358 5338
f 5357 5338 5358
f 5339 5340 5359
f 5359 5358 5339
f 5340 5341 5360
f 5340 5360 5359
f 5361 5341 5342
f 5361 5360 5341
f 5363 5342 5343
f 5361 5342 5362
f 5362 5342 5363
f 5343 5344 5363
f 5344 5345 5364
f 5344 5364 5363
f 5346 5365 5345
f 5345 5365 5364
f 5347 5366 5346
f 5346 5366 5365
f 5367 5347 5348
f 5367 5366 5347
f 5349 5368 5348
f 5348 5368 5367
f 5349 5350 5369
f 5349 5369 5368
f 5370 5350 5351
f 5369 5350 5370
f 5352 5371 5351
f 5351 5371 5370
f 5352 5353 5372
f 5352 5372 5371
f 5353 5373 5372
f 5374 5373 5353
f 5375 5354 5355
f 5356 5376 5355
f 5355 5376 5375
f 5356 5357 5377
f 5377 5376 5356
f 5357 5358 5378
f 5378 5377 5357
f 5358 5359 5379
f 5378 5358 5379
f 5380 5359 5360
f 5380 5379 5359
f 5381 5360 5361
f 5380 5360 5381
f 5361 5362 5382
f 5382 5381 5361
f 5384 5362 5363
f 5382 5362 5383
f 5383 5362 5384
f 5363 5364 5384
f 5365 5386 5364
f 5364 5385 5384
f 5364 5386 5385
f 5366 5386 5365
f 5367 5387 5366
f 5387 5386 5366
f 5368 5388 5367
f 5388 5387 5367
f 5369 5389 5368
f 5389 5388 5368
f 5370 5390 5369
f 5390 5389 5369
f 5371 5391 5370
f 5391 5390 5370
f 5372 5392 5371
f 5371 5392 5391
f 5373 5393 5372
f 5372 5393 5392
f 5394 5373 5374
f 5394 5393 5373
f 5374 5395 5394
f 5396 5395 5374
f 5397 5375 5376
f 5377 5397 5376
f 5398 5377 5378
f 5398 5397 5377
f 5378 5379 5399
f 5378 5399 5398
f 5379 5380 5400
f 5400 5399 5379
f 5401 5380 5381
f 5401 5400 5380
f 5381 5382 5402
f 5381 5402 5401
f 5382 5383 5403
f 5402 5382 5403
f 5383 5384 5405
f 5403 5383 5404
f 5404 5383 5405
f 5405 5384 5385
f 5385 5386 5407
f 5405 5385 5406
f 5407 5406 5385
f 5407 5386 5387
f 5387 5388 5408
f 5407 5387 5408
f 5389 5409 5388
f 5409 5408 5388
f 5390 5410 5389
f 5410 5409 5389
f 5411 5390 5391
f 5411 5410 5390
f 5391 5392 5412
f 5391 5412 5411
f 5392 5393 5413
f 5413 5412 5392
f 5414 5393 5394
f 5414 5413 5393
f 5394 5395 5415
f 5394 5415 5414
f 5395 5396 5416
f 5416 5415 5395
f 5416 5396 5417
f 5417 5396 5418
f 5419 5397 5398
f 5398 5399 5420
f 5419 5398 5420
f 5421 5399 5400
f 5420 5399 5421
f 5400 5401 5422
f 5421 5400 5422
f 5402 5423 5401
f 5422 5401 5423
f 5402 5403 5424
f 5424 5423 5402
f 5403 5404 5425
f 5403 5425 5424
f 5405 5427 5404
f 5426 5425 5404
f 5404 5427 5426
f 5427 5405 5406
f 5407 5429 5406
f 5427 5406 5428
f 5429 5428 5406
f 5408 5429 5407
f 5408 5409 5430
f 5429 5408 5430
f 5409 5410 5431
f 5409 5431 5430
f 5410 5411 5432
f 5410 5432 5431
f 5412 5433 5411
f 5433 5432 5411
f 5413 5434 5412
f 5434 5433 5412
f 5435 5413 5414
f 5435 5434 5413
f 5414 5415 5436
f 5435 5414 5436
f 5437 5415 5416
f 5437 5436 5415
f 5438 5416 5417
f 5437 5416 5438
f 5418 5439 5417
f 5439 5438 5417
f 5440 5439 5418
f 5441 5419 5420
f 5421 5441 5420
f 5442 5421 5422
f 5421 5442 5441
f 5443 5422 5423
f 5443 5442 5422
f 5444 5423 5424
f 5443 5423 5444
f 5424 5425 5445
f 5424 5445 5444
f 5426 5446 5425
f 5425 5446 5445
f 5427 5448 5426
f 5426 5447 5446
f 5447 5426 5448
f 5427 5428 5448
f 5450 5428 5429
f 5428 5449 5448
f 5450 5449 5428
f 5450 5429 5430
f 5431 5451 5430
f 5430 5451 5450
f 5432 5452 5431
f 5431 5452 5451
f 5453 5432 5433
f 5453 5452 5432
f 5433 5434 5454
f 5453 5433 5454
f 5455 5434 5435
f 5455 5454 5434
f 5456 5435 5436
f 5435 5456 5455
f 5436 5437 5457
f 5456 5436 5457
f 5437 5438 5458
f 5437 5458 5457
f 5459 5438 5439
f 5458 5438 5459
f 5460 5439 5440
f 5459 5439 5460
f 5440 5461 5460
f 5462 5461 5440
f 5463 5441 5442
f 5464 5442 5443
f 5464 5463 5442
f 5465 5443 5444
f 5464 5443 5465
f 5466 5444 5445
f 5444 5466 5465
f 5445 5446 5467
f 5466 5445 5467
f 5446 5447 5468
f 5446 5468 5467
f 5470 5447 5448
f 5469 5468 5447
f 5469 5447 5470
f 5448 5449 5470
f 5449 5450 5472
f 5470 5449 5471
f 5471 5449 5472
f 5451 5472 5450
f 5451 5452 5473
f 5451 5473 5472
f 5453 5474 5452
f 5452 5474 5473
f 5454 5475 5453
f 5475 5474 5453
f 5455 5476 5454
f 5454 5476 5475
f 5455 5456 5477
f 5477 5476 5455
f 5457 5478 5456
f 5478 5477 5456
f 5458 5479 5457
f 5478 5457 5479
f 5480 5458 5459
f 5480 5479 5458
f 5460 5481 5459
f 5459 5481 5480
f 5460 5461 5482
f 5482 5481 5460
f 5483 5461 5462
f 5482 5461 5483
f 5483 5462 5484
f 5462 5485 5484
f 5486 5463 5464
f 5487 5464 5465
f 5486 5464 5487
f 5465 5466 5487
f 5466 5467 5488
f 5487 5466 5488
f 5489 5467 5468
f 5488 5467 5489
f 5490 5468 5469
f 5490 5489 5468
f 5492 5469 5470
f 5491 5490 5469
f 5492 5491 5469
f 5492 5470 5471
f 5471 5472 5494
f 5492 5471 5493
f 5494 5493 5471
f 5473 5494 5472
f 5496 5473 5474
f 5495 5494 5473
f 5473 5496 5495
f 5474 5475 5497
f 5474 5497 5496
f 5475 5476 5498
f 5498 5497 5475
f 5499 5476 5477
f 5498 5476 5499
f 5500 5477 5478
f 5500 5499 5477
f 5479 5501 5478
f 5478 5501 5500
f 5479 5480 5501
f 5502 5480 5481
f 5502 5501 5480
f 5481 5482 5503
f 5502 5481 5503
f 5483 5504 5482
f 5482 5504 5503
f 5484 5505 5483
f 5505 5504 5483
f 5485 5506 5484
f 5484 5506 5505
f 5507 5506 5485
f 5485 5508 5507
f 5509 5486 5487
f 5487 5488 5510
f 5509 5487 5510
f 5489 5511 5488
f 5488 5511 5510
f 5513 5489 5490
f 5489 5512 5511
f 5489 5513 5512
f 5490 5491 5514
f 5513 5490 5514
f 5491 5492 5515
f 5515 5514 5491
f 5492 5493 5515
f 5517 5493 5494
f 5515 5493 5516
f 5493 5517 5516
f 5495 5517 5494
f 5495 5496 5518
f 5517 5495 5518
f 5496 5497 5519
f 5496 5519 5518
f 5520 5497 5498
f 5519 5497 5520
f 5498 5499 5521
f 5521 5520 5498
f 5522 5499 5500
f 5522 5521 5499
f 5501 5523 5500
f 5523 5522 5500
f 5501 5502 5524
f 5501 5524 5523
f 5502 5503 5525
f 5524 5502 5525
f 5526 5503 5504
f 5525 5503 5526
f 5505 5527 5504
f 5526 5504 5527
f 5528 5505 5506
f 5528 5527 5505
f 5529 5506 5507
f 5506 5529 5528
f 5508 5530 5507
f 5507 5530 5529
f 5508 5531 5530
f 5533 5509 5510
f 5533 5510 5511
f 5534 5511 5512
f 5533 5511 5534
f 5513 5535 5512
f 5534 5512 5535
f 5514 5536 5513
f 5513 5536 5535
f 5514 5515 5537
f 5537 5536 5514
f 5538 5515 5516
f 5537 5515 5538
f 5517 5539 5516
f 5516 5539 5538
f 5540 5517 5518
f 5540 5539 5517
f 5519 5541 5518
f 5518 5541 5540
f 5520 5542 5519
f 5542 5541 5519
f 5521 5543 5520
f 5520 5543 5542
f 5522 5544 5521
f 5521 5544 5543
f 5545 5522 5523
f 5545 5544 5522
f 5524 5546 5523
f 5523 5546 5545
f 5524 5525 5547
f 5524 5547 5546
f 5525 5526 5548
f 5548 5547 5525
f 5526 5527 5549
f 5526 5549 5548
f 5528 5550 5527
f 5527 5550 5549
f 5551 5528 5529
f 5528 5551 5550
f 5530 5552 5529
f 5529 5552 5551
f 5553 5530 5531
f 5553 5552 5530
f 5554 5531 5532
f 5553 5531 5554
f 5532 5555 5554
f 5532 5556 5555
f 5533 5534 5557
f 5535 5558 5534
f 5557 5534 5558
f 5535 5536 5559
f 5559 5558 5535
f 5536 5537 5560
f 5559 5536 5560
f 5538 5561 5537
f 5561 5560 5537
f 5538 5539 5562
f 5561 5538 5562
f 5540 5563 5539
f 5539 5563 5562
f 5540 5541 5564
f 5563 5540 5564
f 5541 5542 5565
f 5564 5541 5565
f 5542 5543 5566
f 5542 5566 5565
f 5567 5543 5544
f 5567 5566 5543
f 5568 5544 5545
f 5567 5544 5568
f 5545 5546 5570
f 5545 5569 5568
f 5570 5569 5545
f 5547 5570 5546
f 5548 5571 5547
f 5571 5570 5547
f 5548 5549 6460
f 5571 5548 6459
f 6459 5548 6460
f 6461 5549 5550
f 5549 6461 6460
f 6462 5550 5551
f 6461 5550 6462
f 5551 5552 6464
f 6462 5551 6464
f 5572 5552 5553
f 6464 5552 5572
f 5572 5553 5554
f 5554 5555 5573
f 5554 5573 5572
f 5556 5574 5555
f 5573 5555 5574
f 5575 5574 5556
f 5557 5558 5577
f 5578 5558 5559
f 5577 5558 5578
f 5559 5560 5579
f 5578 5559 5579
f 5561 5580 5560
f 5579 5560 5580
f 5581 5561 5562
f 5581 5580 5561
f 5562 5563 5582
f 5581 5562 5582
f 5564 5583 5563
f 5563 5583 5582
f 5565 5584 5564
f 5564 5584 5583
f 5566 5585 5565
f 5565 5585 5584
f 5566 5567 5586
f 5566 5586 5585
f 5587 5567 5568
f 5587 5586 5567
f 5569 5588 5568
f 5587 5568 5588
f 5569 5570 5590
f 5569 5589 5588
f 5590 5589 5569
f 5570 5571 5590
f 5571 6463 5590
f 6459 6463 5571
f 6473 5572 5573
f 6464 5572 6465
f 6473 6465 5572
f 5591 5573 5574
f 5591 6473 5573
f 5591 5574 5575
f 5576 5592 5575
f 5591 5575 5592
f 5593 5592 5576
f 5577 5578 5598
f 5578 5579 5599
f 5578 5599 5598
f 5579 5580 5600
f 5599 5579 5600
f 5580 5581 5601
f 5600 5580 5601
f 5581 5582 5602
f 5602 5601 5581
f 5603 5582 5583
f 5603 5602 5582
f 5604 5583 5584
f 5603 5583 5604
f 5584 5585 5605
f 5584 5605 5604
f 5606 5585 5586
f 5605 5585 5606
f 5587 5607 5586
f 5606 5586 5607
f 5587 5588 5608
f 5587 5608 5607
f 5588 5589 5609
f 5588 5609 5608
f 5590 6467 5589
f 5609 5589 6466
f 6466 5589 6467
f 5590 6463 6467
f 5592 6492 5591
f 5591 6474 6473
f 5591 6492 6474
f 5592 5593 5610
f 5592 5610 6492
f 5593 5594 5610
f 5610 5594 5611
f 5612 5611 5594
f 6520 5595 5596
f 6519 5662 5595
f 6520 6519 5595
f 5597 6521 5596
f 6520 5596 6521
f 5598 5663 5597
f 6522 5597 5663
f 6522 6521 5597
f 5663 5598 5599
f 5599 5600 5664
f 5663 5599 5664
f 5665 5600 5601
f 5664 5600 5665
f 5602 6476 5601
f 5665 5601 6475
f 5601 6476 6475
f 6477 5602 5603
f 6477 6476 5602
f 5604 6478 5603
f 5603 6478 6477
f 5604 5605 6479
f 5604 6479 6478
f 5606 6480 5605
f 6480 6479 5605
f 5607 6481 5606
f 5606 6481 6480
f 5608 6482 5607
f 6482 6481 5607
f 6483 5608 5609
f 5608 6483 6482
f 6466 6483 5609
f 5611 6494 5610
f 6492 5610 6493
f 6493 5610 6494
f 6495 5611 5612
f 6495 6494 5611
f 5613 6495 5612
f 6496 5613 5614
f 5613 6496 6495
f 5615 6497 5614
f 5614 6497 6496
f 5615 5616 6498
f 5615 6498 6497
f 6499 5616 5617
f 5616 6499 6498
f 5618 6500 5617
f 5617 6500 6499
f 6501 5618 5619
f 5618 6501 6500
f 6502 5619 5620
f 6501 5619 6502
f 5620 5621 6503
f 6502 5620 6503
f 6504 5621 5622
f 6503 5621 6504
f 6505 5622 5623
f 6504 5622 6505
f 5623 5624 6506
f 6506 6505 5623
f 6507 5624 5625
f 6506 5624 6507
f 5626 6508 5625
f 5625 6508 6507
f 5627 6509 5626
f 5626 6509 6508
f 5627 5628 6510
f 6509 5627 6510
f 6511 5628 5629
f 6511 6510 5628
f 6537 5629 5630
f 6511 5629 6537
f 5630 5631 6539
f 6537 5630 6538
f 5630 6539 6538
f 5632 6540 5631
f 5631 6540 6539
f 5633 6541 5632
f 6540 5632 6541
f 5666 6542 5633
f 6542 6541 5633
f 5634 5635 5679
f 5634 5679 5673
f 5635 5636 5680
f 5635 5680 5679
f 5681 5636 5637
f 5681 5680 5636
f 5638 5682 5637
f 5637 5682 5681
f 5683 5638 5639
f 5683 5682 5638
f 5639 5640 6546
f 5683 5639 6545
f 5639 6546 6545
f 6547 5640 5641
f 6547 6546 5640
f 5642 6548 5641
f 5641 6548 6547
f 6549 5642 5643
f 5642 6549 6548
f 6550 5643 5644
f 6549 5643 6550
f 5644 5645 6551
f 5644 6551 6550
f 6552 5645 5646
f 6552 6551 5645
f 5647 6553 5646
f 6552 5646 6553
f 6554 5647 5648
f 5647 6554 6553
f 5648 5649 6555
f 6554 5648 6555
f 5650 6556 5649
f 6555 5649 6556
f 5651 6557 5650
f 6557 6556 5650
f 5652 6558 5651
f 6558 6557 5651
f 5653 6559 5652
f 5652 6559 6558
f 5654 6560 5653
f 6560 6559 5653
f 5655 6561 5654
f 5654 6561 6560
f 6512 5655 5656
f 6512 6561 5655
f 5657 6512 5656
f 5657 5658 6513
f 6513 6512 5657
f 5658 5659 6514
f 6513 5658 6514
f 6515 5659 5660
f 6514 5659 6515
f 5661 6516 5660
f 5660 6516 6515
f 5661 5662 6517
f 5661 6517 6516
f 6517 5662 6518
f 6518 5662 6519
f 5664 6523 5663
f 5663 6523 6522
f 5664 5665 6524
f 5664 6524 6523
f 6475 6524 5665
f 5667 6542 5666
f 5667 5668 6543
f 5667 6543 6542
f 6544 5668 5669
f 6544 6543 5668
f 5669 5674 6573
f 6544 5669 6573
f 5670 5671 6578
f 5678 5670 6577
f 6577 5670 6578
f 6579 5671 5672
f 6578 5671 6579
f 5673 6580 5672
f 5672 6580 6579
f 5679 6581 5673
f 6581 6580 5673
f 5684 6586 5674
f 6573 5674 6574
f 6586 6574 5674
f 6589 5675 5676
f 5675 6588 5686
f 5675 6589 6588
f 5676 5677 6575
f 6589 5676 6575
f 6575 5677 5678
f 6576 6575 5678
f 5678 6577 6576
f 5679 5680 6582
f 5679 6582 6581
f 5680 5681 6583
f 5680 6583 6582
f 5681 5682 6584
f 6583 5681 6584
f 5683 6585 5682
f 5682 6585 6584
f 5683 6545 6585
f 6586 5684 5687
f 6587 5685 5686
f 6592 5689 5685
f 6592 5685 6587
f 6587 5686 6588
f 5688 6594 5687
f 6591 6586 5687
f 5687 6594 6591
f 6592 5690 5689
f 6597 5692 5690
f 6592 6597 5690
f 6599 5691 5693
f 6907 6596 5691
f 6599 6907 5691
f 5694 5692 6600
f 5692 6597 6598
f 5692 6598 6600
f 5696 5693 5695
f 6599 5693 5696
f 6600 5697 5694
f 5696 5695 6602
f 6602 5695 5699
f 6599 5696 6934
f 5696 6602 6934
f 5698 5697 6603
f 6600 6603 5697
f 5698 6604 5700
f 5698 6603 6604
f 6606 5699 5704
f 6602 5699 6606
f 5700 6604 5701
f 5702 5701 6607
f 6604 6605 5701
f 6607 5701 6605
f 6608 5703 5702
f 5702 6607 6608
f 6609 5705 5703
f 6609 5703 6608
f 6619 5704 5714
f 6606 5704 6619
f 5706 5705 6609
f 6610 5707 5706
f 6610 5706 6609
f 5707 5708 5715
f 6611 5708 5707
f 5707 6610 6611
f 5715 5708 5709
f 5709 5708 6612
f 6611 6612 5708
f 5716 5709 5710
f 6613 5710 5709
f 5715 5709 5716
f 6613 5709 6612
f 5711 5717 5710
f 5711 5710 6614
f 5717 5716 5710
f 6613 6614 5710
f 5718 5711 5712
f 5711 6615 5712
f 5711 5718 5717
f 5711 6614 6615
f 5719 5712 5713
f 5712 6616 5713
f 5718 5712 5719
f 6615 6616 5712
f 5719 5713 5720
f 5720 5713 5721
f 5721 5713 6620
f 6617 5713 6616
f 6617 6620 5713
f 6636 5714 5748
f 6619 5714 6637
f 6637 5714 6636
f 5722 5721 6620
f 5723 5722 6621
f 6621 5722 6620
f 5724 5723 6622
f 5723 6621 6622
f 5724 6623 5725
f 5724 6622 6623
f 5726 5725 6624
f 6623 6624 5725
f 5727 5726 6625
f 5726 6624 6625
f 6626 5728 5727
f 5727 6625 6626
f 5729 5728 6627
f 6626 6627 5728
f 5730 5729 6628
f 6628 5729 6627
f 5730 6629 5731
f 5730 6628 6629
f 5732 5731 6630
f 6629 6630 5731
f 5733 5732 6631
f 6631 5732 6630
f 5733 6632 5734
f 6632 5733 6631
f 5734 6633 5735
f 5734 6632 6633
f 5735 6634 5736
f 6633 6634 5735
f 5736 6638 5737
f 5736 6634 6635
f 5736 6635 6638
f 5738 5737 6639
f 6638 6639 5737
f 5738 6640 5739
f 5738 6639 6640
f 5740 5739 6641
f 5739 6640 6641
f 5740 6642 5741
f 5740 6641 6642
f 5742 5741 6643
f 6643 5741 6642
f 5742 6644 5743
f 6643 6644 5742
f 6645 5744 5743
f 5743 6644 6645
f 5749 5744 6646
f 6646 5744 6645
f 5745 6669 5746
f 5776 6667 5745
f 6668 5745 6667
f 6668 6669 5745
f 6670 5747 5746
f 6670 5746 6669
f 6670 5748 5747
f 6636 5748 6670
f 5750 5749 6646
f 6647 5751 5750
f 6647 5750 6646
f 5752 5777 5751
f 5751 6648 5752
f 6648 5751 6647
f 5752 5753 5777
f 5752 6649 5753
f 6648 6649 5752
f 5778 5753 5754
f 5753 6650 5754
f 5777 5753 5778
f 5753 6649 6650
f 5754 5779 5778
f 5754 5780 5779
f 5780 5754 6671
f 5754 6650 6651
f 5754 6651 6671
f 6696 5756 5755
f 6694 5755 5791
f 6694 6695 5755
f 6696 5755 6695
f 5757 5756 6697
f 6696 6697 5756
f 5757 6698 5758
f 6697 6698 5757
f 5759 5758 6699
f 6699 5758 6698
f 5759 6700 5760
f 6699 6700 5759
f 6701 5761 5760
f 6701 5760 6700
f 6702 5762 5761
f 5761 6701 6702
f 5762 6703 5763
f 5762 6702 6703
f 5763 6704 5764
f 5763 6703 6704
f 5764 6705 5765
f 6704 6705 5764
f 5766 5765 6706
f 6706 5765 6705
f 5767 5766 6707
f 6707 5766 6706
f 6708 5768 5767
f 6708 5767 6707
f 5768 6709 5769
f 6709 5768 6708
f 5769 6710 5770
f 6709 6710 5769
f 5771 5770 6711
f 5770 6710 6711
f 5772 5771 6711
f 6663 5773 5772
f 5772 6711 6663
f 5773 6664 5774
f 6663 6664 5773
f 6665 5775 5774
f 5774 6664 6665
f 5775 6666 5776
f 6666 5775 6665
f 6667 5776 6666
f 5778 5792 5777
f 5793 5778 5779
f 5793 5792 5778
f 5794 5779 5780
f 5794 5793 5779
f 5780 5781 5795
f 6671 5781 5780
f 5794 5780 5795
f 5782 5796 5781
f 5782 5781 6672
f 5781 5796 5795
f 5781 6671 6672
f 5797 5782 5783
f 5782 6673 5783
f 5797 5796 5782
f 5782 6672 6673
f 5783 5784 5798
f 5783 6674 5784
f 5783 5798 5797
f 5783 6673 6674
f 5784 5785 5799
f 5784 6675 5785
f 5798 5784 5799
f 5784 6674 6675
f 5800 5785 5786
f 5785 6676 5786
f 5800 5799 5785
f 6675 6676 5785
f 5787 5801 5786
f 5786 6677 5787
f 5786 5801 5800
f 5786 6676 6677
f 5788 5802 5787
f 5787 6678 5788
f 5802 5801 5787
f 6678 5787 6677
f 5788 5803 5802
f 5788 5804 5803
f 5788 6712 5804
f 6679 5788 6678
f 5788 6679 6712
f 5789 5790 5809
f 5790 5789 6692
f 5789 5808 5807
f 5807 6723 5789
f 5789 5809 5808
f 5789 6723 6692
f 5790 5791 5809
f 6693 5791 5790
f 6693 5790 6692
f 6693 6694 5791
f 5793 5810 5792
f 5794 5811 5793
f 5793 5811 5810
f 5812 5794 5795
f 5812 5811 5794
f 5795 5796 5813
f 5812 5795 5813
f 5814 5796 5797
f 5814 5813 5796
f 5798 5815 5797
f 5814 5797 5815
f 5799 5816 5798
f 5798 5816 5815
f 5817 5799 5800
f 5799 5817 5816
f 5818 5800 5801
f 5800 5818 5817
f 5819 5801 5802
f 5819 5818 5801
f 5820 5802 5803
f 5820 5819 5802
f 5821 5803 5804
f 5821 5820 5803
f 5804 5805 5822
f 5804 6712 5805
f 5804 5822 5821
f 5823 5822 5805
f 5805 5824 5823
f 6724 5824 5805
f 5805 6712 6713
f 6724 5805 6713
f 5828 5806 5807
f 5807 5806 6722
f 5806 5827 5826
f 5806 5826 6731
f 5828 5827 5806
f 5806 6731 6722
f 5807 5808 5828
f 5807 6722 6723
f 5808 5829 5828
f 5810 5811 5831
f 5832 5811 5812
f 5832 5831 5811
f 5812 5813 5833
f 5832 5812 5833
f 5834 5813 5814
f 5833 5813 5834
f 5814 5815 5835
f 5834 5814 5835
f 5815 5816 5836
f 5835 5815 5836
f 5837 5816 5817
f 5836 5816 5837
f 5838 5817 5818
f 5837 5817 5838
f 5839 5818 5819
f 5839 5838 5818
f 5840 5819 5820
f 5840 5839 5819
f 5841 5820 5821
f 5840 5820 5841
f 5843 5821 5822
f 5821 5842 5841
f 5843 5842 5821
f 5843 5822 5823
f 5824 5845 5823
f 5844 5843 5823
f 5844 5823 5845
f 5846 5845 5824
f 5846 5824 6732
f 6732 5824 6724
f 5852 5825 5826
f 5826 5825 6730
f 5850 5825 5851
f 5850 6736 5825
f 5825 5852 5851
f 5825 6736 6730
f 5827 5852 5826
f 5826 6730 6731
f 5853 5827 5828
f 5853 5852 5827
f 5854 5828 5829
f 5853 5828 5854
f 5830 5831 5855
f 5879 5830 5855
f 5831 5832 5855
f 5857 5832 5833
f 5855 5832 5856
f 5856 5832 5857
f 5857 5833 5834
f 5858 5834 5835
f 5858 5857 5834
f 5835 5836 5859
f 5835 5859 5858
f 5860 5836 5837
f 5860 5859 5836
f 5861 5837 5838
f 5861 5860 5837
f 5839 5862 5838
f 5838 5862 5861
f 5840 5863 5839
f 5839 5863 5862
f 5864 5840 5841
f 5840 5864 5863
f 5841 5842 5865
f 5864 5841 5865
f 5843 5866 5842
f 5865 5842 5866
f 5843 5844 5867
f 5843 5867 5866
f 5844 5845 5868
f 5844 5868 5867
f 5846 5869 5845
f 5845 5869 5868
f 5847 5870 5846
f 5847 5846 6732
f 5846 5870 5869
f 5848 5871 5847
f 5848 5847 6733
f 5847 5871 5870
f 6733 5847 6732
f 5848 5849 5872
f 6734 5849 5848
f 5872 5871 5848
f 5848 6733 6734
f 5850 5873 5849
f 5850 5849 6735
f 5849 5873 5872
f 6735 5849 6734
f 5851 5874 5850
f 5874 5873 5850
f 5850 6735 6736
f 5851 5852 5875
f 5874 5851 5875
f 5876 5852 5853
f 5852 5876 5875
f 5854 5877 5853
f 5876 5853 5877
f 5880 5855 5856
f 5880 5879 5855
f 5856 5857 5882
f 5880 5856 5881
f 5856 5882 5881
f 5882 5857 5858
f 5858 5859 5883
f 5858 5883 5882
f 5860 5884 5859
f 5884 5883 5859
f 5885 5860 5861
f 5860 5885 5884
f 5862 5886 5861
f 5885 5861 5886
f 5863 5887 5862
f 5887 5886 5862
f 5863 5864 5888
f 5863 5888 5887
f 5864 5865 5890
f 5888 5864 5889
f 5889 5864 5890
f 5865 5866 5890
f 5867 5891 5866
f 5866 5891 5890
f 5892 5867 5868
f 5867 5892 5891
f 5868 5869 5893
f 5892 5868 5893
f 5869 5870 5894
f 5869 5894 5893
f 5895 5870 5871
f 5894 5870 5895
f 5872 5896 5871
f 5896 5895 5871
f 5897 5872 5873
f 5897 5896 5872
f 5874 5898 5873
f 5897 5873 5898
f 5874 5875 5899
f 5874 5899 5898
f 5875 5876 5900
f 5900 5899 5875
f 5876 5877 5901
f 5900 5876 5901
f 5879 5902 5878
f 5878 5902 5925
f 5880 5902 5879
f 5903 5880 5881
f 5903 5902 5880
f 5881 5882 5905
f 5904 5903 5881
f 5904 5881 5905
f 5882 5883 5906
f 5906 5905 5882
f 5907 5883 5884
f 5883 5907 5906
f 5884 5885 5908
f 5884 5908 5907
f 5885 5886 5909
f 5908 5885 5909
f 5910 5886 5887
f 5910 5909 5886
f 5888 5910 5887
f 5888 5889 5911
f 5911 5910 5888
f 5913 5889 5890
f 5889 5912 5911
f 5913 5912 5889
f 5891 5913 5890
f 5892 5914 5891
f 5914 5913 5891
f 5892 5893 5915
f 5915 5914 5892
f 5893 5894 5916
f 5915 5893 5916
f 5894 5895 5917
f 5916 5894 5917
f 5895 5896 5918
f 5917 5895 5918
f 5897 5919 5896
f 5918 5896 5919
f 5920 5897 5898
f 5897 5920 5919
f 5921 5898 5899
f 5921 5920 5898
f 5923 5899 5900
f 5922 5921 5899
f 5922 5899 5923
f 5901 5923 5900
f 5926 5902 5903
f 5925 5902 5926
f 5904 5927 5903
f 5926 5903 5927
f 5904 5905 5928
f 5928 5927 5904
f 5905 5906 5929
f 5905 5929 5928
f 5906 5907 5930
f 5930 5929 5906
f 5907 5908 5931
f 5930 5907 5931
f 5932 5908 5909
f 5931 5908 5932
f 5910 5933 5909
f 5909 5933 5932
f 5911 5934 5910
f 5910 5934 5933
f 5911 5912 5935
f 5911 5935 5934
f 5937 5912 5913
f 5936 5935 5912
f 5937 5936 5912
f 5937 5913 5914
f 5915 5938 5914
f 5914 5938 5937
f 5915 5916 5939
f 5939 5938 5915
f 5916 5917 5940
f 5916 5940 5939
f 5918 5941 5917
f 5917 5941 5940
f 5919 5942 5918
f 5942 5941 5918
f 5943 5919 5920
f 5942 5919 5943
f 5921 5944 5920
f 5920 5944 5943
f 5945 5921 5922
f 5921 5945 5944
f 5946 5945 5922
f 5925 5947 5924
f 5924 5947 5969
f 5926 5947 5925
f 5948 5926 5927
f 5948 5947 5926
f 5950 5927 5928
f 5948 5927 5949
f 5949 5927 5950
f 5928 5929 5951
f 5928 5951 5950
f 5930 5952 5929
f 5929 5952 5951
f 5931 5953 5930
f 5953 5952 5930
f 5932 5953 5931
f 5932 5933 5954
f 5954 5953 5932
f 5955 5933 5934
f 5954 5933 5955
f 5956 5934 5935
f 5956 5955 5934
f 5936 5957 5935
f 5935 5957 5956
f 5959 5936 5937
f 5936 5958 5957
f 5959 5958 5936
f 5938 5959 5937
f 5938 5939 5960
f 5938 5960 5959
f 5939 5940 5961
f 5961 5960 5939
f 5941 5962 5940
f 5961 5940 5962
f 5963 5941 5942
f 5962 5941 5963
f 5942 5943 5964
f 5964 5963 5942
f 5944 5965 5943
f 5964 5943 5965
f 5966 5944 5945
f 5966 5965 5944
f 5966 5945 5967
f 5948 5970 5947
f 5947 5970 5969
f 5948 5949 5971
f 5948 5971 5970
f 5949 5950 5972
f 5949 5972 5971
f 5950 5951 5973
f 5972 5950 5973
f 5951 5952 5974
f 5974 5973 5951
f 5975 5952 5953
f 5975 5974 5952
f 5954 5976 5953
f 5975 5953 5976
f 5954 5955 5977
f 5954 5977 5976
f 5956 5978 5955
f 5977 5955 5978
f 5957 5979 5956
f 5956 5979 5978
f 5980 5957 5958
f 5957 5980 5979
f 5959 5982 5958
f 5981 5980 5958
f 5958 5982 5981
f 5960 5982 5959
f 5961 5983 5960
f 5960 5983 5982
f 5962 5984 5961
f 5984 5983 5961
f 5962 5963 5986
f 5984 5962 5985
f 5986 5985 5962
f 5964 5987 5963
f 5986 5963 5987
f 5964 5965 5988
f 5988 5987 5964
f 5966 5989 5965
f 5965 5989 5988
f 5966 5967 5990
f 5966 5990 5989
f 5968 5969 5991
f 5968 5991 6013
f 5970 5991 5969
f 5970 5971 5993
f 5992 5991 5970
f 5993 5992 5970
f 5994 5971 5972
f 5993 5971 5994
f 5995 5972 5973
f 5972 5995 5994
f 5996 5973 5974
f 5995 5973 5996
f 5997 5974 5975
f 5996 5974 5997
f 5998 5975 5976
f 5998 5997 5975
f 5999 5976 5977
f 5998 5976 5999
f 6000 5977 5978
f 5999 5977 6000
f 5978 5979 6001
f 6000 5978 6001
f 6002 5979 5980
f 6001 5979 6002
f 6002 5980 5981
f 5982 6004 5981
f 5981 6003 6002
f 6004 6003 5981
f 5983 6004 5982
f 5984 6005 5983
f 6005 6004 5983
f 6006 5984 5985
f 6006 6005 5984
f 5985 5986 6008
f 6006 5985 6007
f 6007 5985 6008
f 6009 5986 5987
f 6008 5986 6009
f 5988 6010 5987
f 6009 5987 6010
f 6010 5988 5989
f 5989 5990 6011
f 6010 5989 6011
f 5992 6014 5991
f 6013 5991 6014
f 6015 5992 5993
f 6015 6014 5992
f 5994 6016 5993
f 6015 5993 6016
f 5994 5995 6017
f 5994 6017 6016
f 6018 5995 5996
f 6017 5995 6018
f 6019 5996 5997
f 6019 6018 5996
f 5998 6020 5997
f 6019 5997 6020
f 5999 6021 5998
f 5998 6021 6020
f 5999 6000 6022
f 6022 6021 5999
f 6000 6001 6023
f 6000 6023 6022
f 6001 6002 6024
f 6023 6001 6024
f 6025 6002 6003
f 6024 6002 6025
f 6004 6026 6003
f 6025 6003 6026
f 6004 6005 6027
f 6027 6026 6004
f 6028 6005 6006
f 6005 6028 6027
f 6006 6007 6029
f 6029 6028 6006
f 6031 6007 6008
f 6007 6030 6029
f 6030 6007 6031
f 6032 6008 6009
f 6032 6031 6008
f 6009 6010 6033
f 6032 6009 6033
f 6011 6033 6010
f 6013 6034 6012
f 6034 6055 6012
f 6013 6014 6034
f 6014 6015 6036
f 6014 6035 6034
f 6036 6035 6014
f 6015 6016 6037
f 6015 6037 6036
f 6038 6016 6017
f 6037 6016 6038
f 6017 6018 6039
f 6039 6038 6017
f 6040 6018 6019
f 6018 6040 6039
f 6019 6020 6040
f 6021 6042 6020
f 6040 6020 6041
f 6041 6020 6042
f 6022 6043 6021
f 6021 6043 6042
f 6022 6023 6044
f 6043 6022 6044
f 6023 6024 6045
f 6023 6045 6044
f 6024 6025 6046
f 6045 6024 6046
f 6047 6025 6026
f 6025 6047 6046
f 6048 6026 6027
f 6048 6047 6026
f 6028 6049 6027
f 6027 6049 6048
f 6050 6028 6029
f 6049 6028 6050
f 6029 6030 6051
f 6051 6050 6029
f 6031 6052 6030
f 6051 6030 6052
f 6032 6053 6031
f 6031 6053 6052
f 6033 6053 6032
f 6034 6035 6056
f 6055 6034 6056
f 6036 6057 6035
f 6057 6056 6035
f 6037 6058 6036
f 6036 6058 6057
f 6059 6037 6038
f 6059 6058 6037
f 6060 6038 6039
f 6060 6059 6038
f 6039 6040 6061
f 6060 6039 6061
f 6040 6041 6062
f 6061 6040 6062
f 6064 6041 6042
f 6062 6041 6063
f 6064 6063 6041
f 6043 6064 6042
f 6043 6044 6065
f 6065 6064 6043
f 6045 6066 6044
f 6044 6066 6065
f 6046 6067 6045
f 6067 6066 6045
f 6046 6047 6068
f 6068 6067 6046
f 6069 6047 6048
f 6068 6047 6069
f 6048 6049 6070
f 6070 6069 6048
f 6050 6071 6049
f 6071 6070 6049
f 6050 6051 6072
f 6072 6071 6050
f 6073 6051 6052
f 6072 6051 6073
f 6073 6052 6074
f 6055 6075 6054
f 6075 6095 6054
f 6055 6056 6075
f 6077 6056 6057
f 6056 6076 6075
f 6076 6056 6077
f 6058 6078 6057
f 6078 6077 6057
f 6059 6079 6058
f 6079 6078 6058
f 6080 6059 6060
f 6080 6079 6059
f 6081 6060 6061
f 6080 6060 6081
f 6061 6062 6081
f 6082 6062 6063
f 6081 6062 6082
f 6063 6064 6083
f 6083 6082 6063
f 6084 6064 6065
f 6084 6083 6064
f 6065 6066 6086
f 6084 6065 6085
f 6085 6065 6086
f 6086 6066 6067
f 6087 6067 6068
f 6067 6087 6086
f 6069 6088 6068
f 6087 6068 6088
f 6069 6070 6089
f 6089 6088 6069
f 6070 6071 6091
f 6070 6090 6089
f 6091 6090 6070
f 6092 6071 6072
f 6091 6071 6092
f 6073 6092 6072
f 6074 6093 6073
f 6073 6093 6092
f 6075 6076 6096
f 6075 6096 6095
f 6076 6077 6097
f 6096 6076 6097
f 6077 6078 6098
f 6097 6077 6098
f 6078 6079 6099
f 6098 6078 6099
f 6080 6100 6079
f 6100 6099 6079
f 6102 6080 6081
f 6100 6080 6101
f 6101 6080 6102
f 6102 6081 6082
f 6104 6082 6083
f 6102 6082 6103
f 6103 6082 6104
f 6105 6083 6084
f 6083 6105 6104
f 6085 6105 6084
f 6085 6086 6107
f 6106 6105 6085
f 6106 6085 6107
f 6087 6107 6086
f 6088 6108 6087
f 6108 6107 6087
f 6089 6109 6088
f 6109 6108 6088
f 6090 6111 6089
f 6110 6109 6089
f 6110 6089 6111
f 6112 6090 6091
f 6112 6111 6090
f 6113 6091 6092
f 6091 6113 6112
f 6093 6114 6092
f 6113 6092 6114
f 6095 6115 6094
f 6135 6094 6115
f 6115 6095 6096
f 6117 6096 6097
f 6115 6096 6116
f 6116 6096 6117
f 6098 6118 6097
f 6097 6118 6117
f 6098 6099 6119
f 6098 6119 6118
f 6100 6120 6099
f 6099 6120 6119
f 6101 6120 6100
f 6122 6101 6102
f 6121 6120 6101
f 6121 6101 6122
f 6122 6102 6103
f 6103 6104 6124
f 6122 6103 6123
f 6103 6124 6123
f 6104 6105 6124
f 6125 6105 6106
f 6124 6105 6125
f 6106 6107 6127
f 6126 6125 6106
f 6106 6127 6126
f 6108 6127 6107
f 6128 6108 6109
f 6127 6108 6128
f 6109 6110 6130
f 6109 6129 6128
f 6109 6130 6129
f 6111 6131 6110
f 6110 6131 6130
f 6112 6132 6111
f 6131 6111 6132
f 6113 6133 6112
f 6112 6133 6132
f 6133 6113 6114
f 6116 6136 6115
f 6135 6115 6136
f 6116 6117 6137
f 6137 6136 6116
f 6117 6118 6138
f 6138 6137 6117
f 6119 6139 6118
f 6118 6139 6138
f 6119 6120 6140
f 6140 6139 6119
f 6141 6120 6121
f 6140 6120 6141
f 6122 6143 6121
f 6121 6142 6141
f 6143 6142 6121
f 6143 6122 6123
f 6124 6145 6123
f 6123 6144 6143
f 6145 6144 6123
f 6125 6145 6124
f 6146 6125 6126
f 6145 6125 6146
f 6126 6127 6148
f 6147 6146 6126
f 6126 6148 6147
f 6148 6127 6128
f 6128 6129 6150
f 6149 6148 6128
f 6128 6150 6149
f 6129 6130 6151
f 6151 6150 6129
f 6152 6130 6131
f 6151 6130 6152
f 6153 6131 6132
f 6153 6152 6131
f 6133 6153 6132
f 6154 6134 6135
f 6173 6134 6154
f 6135 6136 6154
f 6156 6136 6137
f 6154 6136 6155
f 6155 6136 6156
f 6138 6157 6137
f 6156 6137 6157
f 6139 6158 6138
f 6158 6157 6138
f 6140 6158 6139
f 6141 6160 6140
f 6140 6159 6158
f 6140 6160 6159
f 6142 6160 6141
f 6142 6143 6162
f 6142 6161 6160
f 6162 6161 6142
f 6143 6144 6162
f 6145 6164 6144
f 6162 6144 6163
f 6144 6164 6163
f 6146 6164 6145
f 6165 6146 6147
f 6165 6164 6146
f 6167 6147 6148
f 6147 6166 6165
f 6167 6166 6147
f 6167 6148 6149
f 6150 6169 6149
f 6167 6149 6168
f 6149 6169 6168
f 6150 6151 6170
f 6150 6170 6169
f 6151 6152 6171
f 6171 6170 6151
f 6154 6155 6174
f 6154 6174 6173
f 6155 6156 6175
f 6155 6175 6174
f 6157 6176 6156
f 6156 6176 6175
f 6158 6177 6157
f 6157 6177 6176
f 6158 6159 6178
f 6177 6158 6178
f 6180 6159 6160
f 6178 6159 6179
f 6179 6159 6180
f 6180 6160 6161
f 6161 6162 6182
f 6180 6161 6181
f 6182 6181 6161
f 6162 6163 6182
f 6184 6163 6164
f 6182 6163 6183
f 6184 6183 6163
f 6184 6164 6165
f 6166 6185 6165
f 6185 6184 6165
f 6186 6166 6167
f 6186 6185 6166
f 6167 6168 6187
f 6167 6187 6186
f 6169 6188 6168
f 6187 6168 6188
f 6170 6190 6169
f 6189 6188 6169
f 6189 6169 6190
f 6172 6173 6191
f 6172 6191 6209
f 6173 6174 6191
f 6193 6174 6175
f 6192 6191 6174
f 6192 6174 6193
f 6194 6175 6176
f 6193 6175 6194
f 6177 6195 6176
f 6194 6176 6195
f 6178 6195 6177
f 6179 6196 6178
f 6196 6195 6178
f 6179 6180 6197
f 6196 6179 6197
f 6180 6181 6198
f 6180 6198 6197
f 6199 6181 6182
f 6199 6198 6181
f 6200 6182 6183
f 6182 6200 6199
f 6183 6184 6202
f 6201 6200 6183
f 6201 6183 6202
f 6184 6185 6202
f 6185 6186 6203
f 6203 6202 6185
f 6186 6187 6204
f 6204 6203 6186
f 6188 6205 6187
f 6204 6187 6205
f 6189 6207 6188
f 6206 6205 6188
f 6207 6206 6188
f 6191 6192 6210
f 6209 6191 6210
f 6192 6193 6211
f 6192 6211 6210
f 6194 6212 6193
f 6193 6212 6211
f 6194 6195 6213
f 6212 6194 6213
f 6214 6195 6196
f 6214 6213 6195
f 6197 6216 6196
f 6215 6214 6196
f 6196 6216 6215
f 6197 6198 6217
f 6217 6216 6197
f 6199 6218 6198
f 6217 6198 6218
f 6219 6199 6200
f 6218 6199 6219
f 6200 6201 6219
f 6221 6201 6202
f 6219 6201 6220
f 6220 6201 6221
f 6203 6221 6202
f 6203 6204 6222
f 6203 6222 6221
f 6204 6205 6223
f 6222 6204 6223
f 6206 6224 6205
f 6223 6205 6224
f 6206 6225 6224
f 6209 6226 6208
f 6244 6208 6226
f 6209 6210 6226
f 6211 6228 6210
f 6210 6227 6226
f 6227 6210 6228
f 6211 6212 6229
f 6211 6229 6228
f 6230 6212 6213
f 6229 6212 6230
f 6231 6213 6214
f 6231 6230 6213
f 6214 6215 6231
f 6216 6232 6215
f 6215 6232 6231
f 6216 6217 6233
f 6216 6233 6232
f 6218 6234 6217
f 6234 6233 6217
f 6218 6219 6235
f 6218 6235 6234
f 6219 6220 6236
f 6235 6219 6236
f 6238 6220 6221
f 6220 6237 6236
f 6238 6237 6220
f 6221 6222 6239
f 6238 6221 6239
f 6222 6223 6240
f 6239 6222 6240
f 6224 6241 6223
f 6240 6223 6241
f 6242 6224 6225
f 6242 6241 6224
f 6245 6226 6227
f 6226 6245 6244
f 6228 6246 6227
f 6227 6246 6245
f 6228 6229 6247
f 6246 6228 6247
f 6230 6248 6229
f 6229 6248 6247
f 6231 6249 6230
f 6230 6249 6248
f 6231 6232 6250
f 6250 6249 6231
f 6251 6232 6233
f 6232 6251 6250
f 6252 6233 6234
f 6233 6252 6251
f 6234 6235 6253
f 6253 6252 6234
f 6254 6235 6236
f 6235 6254 6253
f 6236 6237 6255
f 6255 6254 6236
f 6238 6257 6237
f 6256 6255 6237
f 6256 6237 6257
f 6238 6239 6258
f 6258 6257 6238
f 6240 6259 6239
f 6239 6259 6258
f 6240 6241 6259
f 6241 6242 6260
f 6259 6241 6260
f 6244 6261 6243
f 6278 6243 6261
f 6244 6245 6261
f 6245 6246 6263
f 6262 6261 6245
f 6245 6263 6262
f 6246 6247 6264
f 6246 6264 6263
f 6248 6265 6247
f 6264 6247 6265
f 6248 6249 6265
f 6250 6266 6249
f 6265 6249 6266
f 6250 6251 6267
f 6267 6266 6250
f 6252 6268 6251
f 6268 6267 6251
f 6269 6252 6253
f 6269 6268 6252
f 6254 6271 6253
f 6270 6269 6253
f 6253 6271 6270
f 6271 6254 6255
f 6256 6273 6255
f 6271 6255 6272
f 6272 6255 6273
f 6256 6257 6274
f 6274 6273 6256
f 6258 6275 6257
f 6274 6257 6275
f 6258 6259 6276
f 6258 6276 6275
f 6260 6276 6259
f 6262 6279 6261
f 6278 6261 6279
f 6262 6263 6280
f 6280 6279 6262
f 6263 6264 6281
f 6280 6263 6281
f 6264 6265 6282
f 6264 6282 6281
f 6266 6283 6265
f 6265 6283 6282
f 6267 6285 6266
f 6284 6283 6266
f 6284 6266 6285
f 6286 6267 6268
f 6285 6267 6286
f 6269 6287 6268
f 6287 6286 6268
f 6270 6287 6269
f 6271 6289 6270
f 6288 6287 6270
f 6289 6288 6270
f 6272 6289 6271
f 6272 6273 6290
f 6272 6290 6289
f 6274 6292 6273
f 6290 6273 6291
f 6291 6273 6292
f 6275 6293 6274
f 6274 6293 6292
f 6293 6275 6276
f 6278 6294 6277
f 6277 6294 6310
f 6279 6294 6278
f 6279 6280 6296
f 6295 6294 6279
f 6279 6296 6295
f 6281 6297 6280
f 6280 6297 6296
f 6282 6298 6281
f 6298 6297 6281
f 6282 6283 6298
f 6283 6284 6299
f 6283 6299 6298
f 6284 6285 6300
f 6284 6300 6299
f 6286 6301 6285
f 6301 6300 6285
f 6302 6286 6287
f 6301 6286 6302
f 6303 6287 6288
f 6303 6302 6287
f 6288 6289 6304
f 6303 6288 6304
f 6290 6305 6289
f 6289 6305 6304
f 6291 6306 6290
f 6290 6306 6305
f 6292 6307 6291
f 6307 6306 6291
f 6292 6308 6307
f 6294 6295 6311
f 6311 6310 6294
f 6296 6312 6295
f 6312 6311 6295
f 6296 6297 6313
f 6312 6296 6313
f 6314 6297 6298
f 6313 6297 6314
f 6298 6299 6315
f 6314 6298 6315
f 6299 6300 6317
f 6316 6315 6299
f 6316 6299 6317
f 6300 6301 6317
f 6318 6301 6302
f 6317 6301 6318
f 6302 6303 6319
f 6302 6319 6318
f 6303 6304 6320
f 6303 6320 6319
f 6304 6305 6321
f 6320 6304 6321
f 6305 6306 6322
f 6322 6321 6305
f 6323 6306 6307
f 6323 6322 6306
f 6324 6307 6308
f 6307 6324 6323
f 6309 6310 6325
f 6340 6309 6325
f 6325 6310 6311
f 6327 6311 6312
f 6325 6311 6326
f 6327 6326 6311
f 6312 6313 6328
f 6312 6328 6327
f 6313 6314 6329
f 6313 6329 6328
f 6330 6314 6315
f 6330 6329 6314
f 6330 6315 6316
f 6316 6317 6332
f 6331 6330 6316
f 6331 6316 6332
f 6317 6318 6332
f 6318 6319 6333
f 6332 6318 6333
f 6319 6320 6334
f 6319 6334 6333
f 6336 6320 6321
f 6320 6335 6334
f 6335 6320 6336
f 6337 6321 6322
f 6336 6321 6337
f 6338 6322 6323
f 6337 6322 6338
f 6325 6326 6341
f 6325 6341 6340
f 6342 6326 6327
f 6342 6341 6326
f 6343 6327 6328
f 6342 6327 6343
f 6328 6329 6344
f 6343 6328 6344
f 6329 6330 6345
f 6329 6345 6344
f 6331 6346 6330
f 6345 6330 6346
f 6347 6331 6332
f 6331 6347 6346
f 6332 6333 6348
f 6348 6347 6332
f 6334 6349 6333
f 6333 6349 6348
f 6335 6351 6334
f 6334 6350 6349
f 6334 6351 6350
f 6352 6335 6336
f 6352 6351 6335
f 6337 6353 6336
f 6352 6336 6353
f 6337 6338 6354
f 6354 6353 6337
f 6340 6355 6339
f 6370 6339 6355
f 6355 6340 6341
f 6356 6341 6342
f 6355 6341 6356
f 6342 6343 6357
f 6342 6357 6356
f 6359 6343 6344
f 6343 6358 6357
f 6358 6343 6359
f 6344 6345 6359
f 6345 6346 6361
f 6345 6360 6359
f 6361 6360 6345
f 6347 6361 6346
f 6363 6347 6348
f 6347 6362 6361
f 6362 6347 6363
f 6349 6363 6348
f 6350 6365 6349
f 6364 6363 6349
f 6365 6364 6349
f 6350 6351 6366
f 6350 6366 6365
f 6351 6352 6367
f 6367 6366 6351
f 6368 6352 6353
f 6367 6352 6368
f 6354 6368 6353
f 6356 6371 6355
f 6371 6370 6355
f 6356 6357 6373
f 6356 6372 6371
f 6356 6373 6372
f 6358 6373 6357
f 6375 6358 6359
f 6373 6358 6374
f 6375 6374 6358
f 6359 6360 6375
f 6377 6360 6361
f 6375 6360 6376
f 6376 6360 6377
f 6377 6361 6362
f 6362 6363 6379
f 6378 6377 6362
f 6378 6362 6379
f 6364 6379 6363
f 6365 6381 6364
f 6380 6379 6364
f 6380 6364 6381
f 6366 6382 6365
f 6365 6382 6381
f 6383 6366 6367
f 6383 6382 6366
f 6384 6398 6369
f 6384 6370 6371
f 6385 6371 6372
f 6371 6385 6384
f 6373 6387 6372
f 6372 6386 6385
f 6386 6372 6387
f 6387 6373 6374
f 6374 6375 6389
f 6374 6388 6387
f 6388 6374 6389
f 6375 6376 6389
f 6376 6377 6391
f 6389 6376 6390
f 6390 6376 6391
f 6378 6391 6377
f 6392 6378 6379
f 6391 6378 6392
f 6380 6393 6379
f 6379 6393 6392
f 6380 6381 6394
f 6380 6394 6393
f 6396 6381 6382
f 6395 6394 6381
f 6395 6381 6396
f 6384 6385 6399
f 6384 6399 6398
f 6386 6400 6385
f 6385 6400 6399
f 6386 6387 6401
f 6386 6401 6400
f 6402 6387 6388
f 6401 6387 6402
f 6388 6389 6403
f 6402 6388 6403
f 6390 6404 6389
f 6389 6404 6403
f 6405 6390 6391
f 6390 6405 6404
f 6392 6406 6391
f 6406 6405 6391
f 6392 6393 6407
f 6406 6392 6407
f 6408 6393 6394
f 6407 6393 6408
f 6409 6394 6395
f 6394 6409 6408
f 6395 6410 6409
f 6423 6397 6411
f 6399 6411 6398
f 6399 6400 6412
f 6399 6412 6411
f 6401 6413 6400
f 6400 6413 6412
f 6414 6401 6402
f 6414 6413 6401
f 6403 6415 6402
f 6414 6402 6415
f 6403 6404 6416
f 6416 6415 6403
f 6417 6404 6405
f 6416 6404 6417
f 6418 6405 6406
f 6417 6405 6418
f 6419 6406 6407
f 6419 6418 6406
f 6407 6408 6420
f 6420 6419 6407
f 6409 6421 6408
f 6421 6420 6408
f 6409 6410 6422
f 6409 6422 6421
f 6424 6411 6412
f 6424 6423 6411
f 6412 6413 6425
f 6424 6412 6425
f 6414 6426 6413
f 6413 6426 6425
f 6428 6414 6415
f 6427 6426 6414
f 6428 6427 6414
f 6429 6415 6416
f 6428 6415 6429
f 6430 6416 6417
f 6429 6416 6430
f 6417 6418 6431
f 6431 6430 6417
f 6419 6432 6418
f 6418 6432 6431
f 6433 6419 6420
f 6419 6433 6432
f 6434 6420 6421
f 6434 6433 6420
f 6421 6422 6435
f 6435 6434 6421
f 6436 6423 6424
f 6425 6437 6424
f 6424 6437 6436
f 6438 6425 6426
f 6438 6437 6425
f 6439 6426 6427
f 6438 6426 6439
f 6440 6427 6428
f 6440 6439 6427
f 6441 6428 6429
f 6441 6440 6428
f 6430 6442 6429
f 6429 6442 6441
f 6431 6443 6430
f 6430 6443 6442
f 6431 6432 6444
f 6431 6444 6443
f 6445 6432 6433
f 6432 6445 6444
f 6446 6433 6434
f 6445 6433 6446
f 6434 6435 6447
f 6447 6446 6434
f 6448 6436 6437
f 6438 6449 6437
f 6449 6448 6437
f 6450 6438 6439
f 6450 6449 6438
f 6440 6451 6439
f 6450 6439 6451
f 6441 6452 6440
f 6451 6440 6452
f 6441 6442 6453
f 6441 6453 6452
f 6443 6454 6442
f 6454 6453 6442
f 6455 6443 6444
f 6455 6454 6443
f 6444 6445 6456
f 6456 6455 6444
f 6458 6445 6446
f 6456 6445 6457
f 6458 6457 6445
f 6458 6446 6447
f 6459 6460 6468
f 6468 6463 6459
f 6461 6469 6460
f 6460 6469 6468
f 6462 6470 6461
f 6461 6470 6469
f 6462 6464 6471
f 6471 6470 6462
f 6463 6484 6467
f 6468 6484 6463
f 6464 6465 6472
f 6471 6464 6472
f 6465 6489 6472
f 6473 6490 6465
f 6490 6489 6465
f 6467 6526 6466
f 6483 6466 6525
f 6525 6466 6526
f 6467 6484 6526
f 6469 6485 6468
f 6484 6468 6485
f 6470 6486 6469
f 6469 6486 6485
f 6470 6471 6487
f 6470 6487 6486
f 6471 6472 6488
f 6488 6487 6471
f 6472 6489 6488
f 6491 6473 6474
f 6490 6473 6491
f 6474 6534 6491
f 6474 6492 6535
f 6535 6534 6474
f 6476 6562 6475
f 6475 6562 6524
f 6563 6476 6477
f 6476 6563 6562
f 6477 6478 6564
f 6563 6477 6564
f 6565 6478 6479
f 6564 6478 6565
f 6480 6566 6479
f 6566 6565 6479
f 6481 6567 6480
f 6567 6566 6480
f 6482 6568 6481
f 6568 6567 6481
f 6569 6482 6483
f 6482 6569 6568
f 6525 6570 6483
f 6570 6569 6483
f 6484 6485 6527
f 6527 6526 6484
f 6485 6486 6528
f 6528 6527 6485
f 6529 6486 6487
f 6529 6528 6486
f 6530 6487 6488
f 6529 6487 6530
f 6488 6489 6531
f 6530 6488 6531
f 6532 6489 6490
f 6489 6532 6531
f 6491 6533 6490
f 6533 6532 6490
f 6491 6534 6533
f 6536 6492 6493
f 6492 6536 6535
f 6494 6748 6493
f 6747 6536 6493
f 6493 6748 6747
f 6494 6495 6749
f 6749 6748 6494
f 6496 6750 6495
f 6749 6495 6750
f 6496 6497 6751
f 6751 6750 6496
f 6498 6752 6497
f 6752 6751 6497
f 6498 6499 6753
f 6498 6753 6752
f 6499 6500 6754
f 6753 6499 6754
f 6501 6755 6500
f 6500 6755 6754
f 6501 6502 6756
f 6756 6755 6501
f 6757 6502 6503
f 6757 6756 6502
f 6503 6504 6758
f 6503 6758 6757
f 6504 6505 6759
f 6504 6759 6758
f 6505 6506 6760
f 6760 6759 6505
f 6506 6507 6761
f 6760 6506 6761
f 6507 6508 6762
f 6761 6507 6762
f 6508 6509 6763
f 6762 6508 6763
f 6509 6510 6764
f 6763 6509 6764
f 6510 6511 6765
f 6764 6510 6765
f 6537 6766 6511
f 6511 6766 6765
f 6512 6513 6769
f 6768 6561 6512
f 6768 6512 6769
f 6513 6514 6770
f 6769 6513 6770
f 6514 6515 6771
f 6770 6514 6771
f 6516 6772 6515
f 6515 6772 6771
f 6516 6517 6773
f 6772 6516 6773
f 6517 6518 6774
f 6517 6774 6773
f 6775 6518 6519
f 6774 6518 6775
f 6776 6519 6520
f 6775 6519 6776
f 6777 6520 6521
f 6776 6520 6777
f 6778 6521 6522
f 6778 6777 6521
f 6523 6779 6522
f 6779 6778 6522
f 6524 6780 6523
f 6779 6523 6780
f 6781 6524 6562
f 6781 6780 6524
f 6525 6526 6572
f 6525 6571 6570
f 6572 6571 6525
f 6572 6526 6527
f 6527 6528 6738
f 6572 6527 6737
f 6527 6738 6737
f 6528 6529 6739
f 6738 6528 6739
f 6529 6530 6740
f 6529 6740 6739
f 6531 6741 6530
f 6741 6740 6530
f 6531 6532 6742
f 6741 6531 6742
f 6533 6743 6532
f 6742 6532 6743
f 6533 6534 6744
f 6744 6743 6533
f 6745 6534 6535
f 6745 6744 6534
f 6535 6536 6746
f 6745 6535 6746
f 6747 6746 6536
f 6538 6766 6537
f 6538 6539 6792
f 6766 6538 6792
f 6794 6539 6540
f 6792 6539 6793
f 6793 6539 6794
f 6795 6540 6541
f 6795 6794 6540
f 6541 6542 6796
f 6795 6541 6796
f 6543 6797 6542
f 6796 6542 6797
f 6798 6543 6544
f 6543 6798 6797
f 6573 6825 6544
f 6798 6544 6825
f 6590 6545 6546
f 6545 6590 6585
f 6546 6547 6800
f 6590 6546 6799
f 6546 6800 6799
f 6801 6547 6548
f 6800 6547 6801
f 6549 6802 6548
f 6801 6548 6802
f 6803 6549 6550
f 6549 6803 6802
f 6804 6550 6551
f 6803 6550 6804
f 6805 6551 6552
f 6804 6551 6805
f 6806 6552 6553
f 6806 6805 6552
f 6554 6807 6553
f 6553 6807 6806
f 6808 6554 6555
f 6807 6554 6808
f 6809 6555 6556
f 6808 6555 6809
f 6557 6810 6556
f 6556 6810 6809
f 6811 6557 6558
f 6811 6810 6557
f 6812 6558 6559
f 6811 6558 6812
f 6813 6559 6560
f 6813 6812 6559
f 6560 6561 6767
f 6767 6813 6560
f 6767 6561 6768
f 6562 6563 6782
f 6782 6781 6562
f 6783 6563 6564
f 6563 6783 6782
f 6784 6564 6565
f 6564 6784 6783
f 6566 6785 6565
f 6565 6785 6784
f 6566 6567 6786
f 6786 6785 6566
f 6787 6567 6568
f 6567 6787 6786
f 6569 6788 6568
f 6788 6787 6568
f 6569 6570 6789
f 6789 6788 6569
f 6571 6790 6570
f 6570 6790 6789
f 6791 6571 6572
f 6571 6791 6790
f 6737 6791 6572
f 6574 6825 6573
f 6586 6842 6574
f 6842 6825 6574
f 6576 6593 6575
f 6589 6575 6593
f 6576 6577 6827
f 6826 6593 6576
f 6576 6827 6826
f 6577 6578 6828
f 6827 6577 6828
f 6829 6578 6579
f 6828 6578 6829
f 6580 6830 6579
f 6829 6579 6830
f 6581 6831 6580
f 6580 6831 6830
f 6832 6581 6582
f 6832 6831 6581
f 6582 6583 6833
f 6582 6833 6832
f 6583 6584 6834
f 6583 6834 6833
f 6584 6585 6835
f 6834 6584 6835
f 6836 6585 6590
f 6835 6585 6836
f 6591 6842 6586
f 6588 6595 6587
f 6595 6592 6587
f 6588 6589 6844
f 6595 6588 6843
f 6843 6588 6844
f 6593 6845 6589
f 6844 6589 6845
f 6836 6590 6799
f 6594 6858 6591
f 6591 6858 6842
f 6595 6597 6592
f 6593 6826 6845
f 6881 6594 6596
f 6881 6858 6594
f 6597 6595 6859
f 6595 6843 6859
f 6907 6881 6596
f 6597 6859 6598
f 6598 6601 6600
f 6598 6908 6601
f 6859 6908 6598
f 6599 6934 6907
f 6600 6601 6603
f 6603 6601 6604
f 6604 6601 6935
f 6908 6935 6601
f 6606 6959 6602
f 6602 6959 6934
f 6604 6935 6605
f 6605 6960 6607
f 6935 6936 6605
f 6605 6936 6960
f 6619 6984 6606
f 6606 6984 6959
f 6960 6608 6607
f 6609 6608 6961
f 6961 6608 6960
f 6609 6962 6610
f 6609 6961 6962
f 6611 6610 6963
f 6962 6963 6610
f 6964 6612 6611
f 6964 6611 6963
f 6613 6612 6965
f 6964 6965 6612
f 6613 6966 6614
f 6966 6613 6965
f 6615 6614 6967
f 6967 6614 6966
f 6968 6616 6615
f 6615 6967 6968
f 6617 6616 6969
f 6969 6616 6968
f 6618 6620 6617
f 6617 6970 6618
f 6969 6970 6617
f 6620 6618 6621
f 6621 6618 6985
f 6970 6971 6618
f 6618 6971 6985
f 6637 7004 6619
f 6619 7004 6984
f 6621 6985 6622
f 6622 6986 6623
f 6622 6985 6986
f 6987 6624 6623
f 6623 6986 6987
f 6988 6625 6624
f 6987 6988 6624
f 6626 6625 6989
f 6625 6988 6989
f 6990 6627 6626
f 6626 6989 6990
f 6628 6627 6991
f 6627 6990 6991
f 6628 6992 6629
f 6628 6991 6992
f 6993 6630 6629
f 6992 6993 6629
f 6994 6631 6630
f 6994 6630 6993
f 6631 6995 6632
f 6631 6994 6995
f 6632 6996 6633
f 6632 6995 6996
f 6634 6633 6997
f 6633 6996 6997
f 7005 6635 6634
f 6634 6997 6998
f 6634 6998 7005
f 7006 6638 6635
f 7006 6635 7005
f 7004 6637 6636
f 6670 7046 6636
f 6636 7046 7004
f 6639 6638 7006
f 7007 6640 6639
f 7006 7007 6639
f 6641 6640 7008
f 7007 7008 6640
f 6642 6641 7009
f 7009 6641 7008
f 7010 6643 6642
f 7010 6642 7009
f 7011 6644 6643
f 7010 7011 6643
f 6645 6644 7012
f 7011 7012 6644
f 6645 7013 6646
f 7012 7013 6645
f 6646 7014 6647
f 6646 7013 7014
f 6648 6647 7015
f 7014 7015 6647
f 7016 6649 6648
f 7015 7016 6648
f 7017 6650 6649
f 7016 7017 6649
f 7018 6651 6650
f 7018 6650 7017
f 6671 6651 6652
f 7019 6652 6651
f 7019 6651 7018
f 6653 6671 6652
f 6653 6652 7020
f 7019 7020 6652
f 6653 6654 6672
f 7021 6654 6653
f 6672 6671 6653
f 7020 7021 6653
f 6655 6673 6654
f 6655 6654 7022
f 6672 6654 6673
f 7022 6654 7021
f 6655 6656 6674
f 6655 7023 6656
f 6655 6674 6673
f 7022 7023 6655
f 6675 6656 6657
f 7024 6657 6656
f 6675 6674 6656
f 7024 6656 7023
f 6676 6657 6658
f 7025 6658 6657
f 6657 6676 6675
f 7024 7025 6657
f 6658 6659 6677
f 6658 7026 6659
f 6676 6658 6677
f 7026 6658 7025
f 6660 6678 6659
f 6660 6659 7027
f 6659 6678 6677
f 7026 7027 6659
f 6660 6661 6679
f 6661 6660 7028
f 6660 6679 6678
f 6660 7027 7028
f 6680 6661 6662
f 6662 6661 7029
f 6679 6661 6680
f 6661 7028 7029
f 6680 6662 6681
f 6682 6681 6662
f 6682 6662 7047
f 7030 6662 7029
f 7047 6662 7030
f 6663 7078 6664
f 6663 6711 7076
f 6663 7076 7077
f 6663 7077 7078
f 7078 6665 6664
f 6665 7041 6666
f 7078 7041 6665
f 6666 7042 6667
f 7041 7042 6666
f 6668 6667 7043
f 7043 6667 7042
f 6669 6668 7044
f 7044 6668 7043
f 6669 7045 6670
f 7044 7045 6669
f 7045 7046 6670
f 6680 6712 6679
f 6680 6681 6712
f 6682 6714 6681
f 6713 6712 6681
f 6713 6681 6714
f 6683 6714 6682
f 6683 6682 7047
f 6684 6715 6683
f 6684 6683 7048
f 6683 6715 6714
f 7048 6683 7047
f 6685 6716 6684
f 6685 6684 7049
f 6716 6715 6684
f 6684 7048 7049
f 6686 6717 6685
f 6686 6685 7050
f 6717 6716 6685
f 7050 6685 7049
f 6686 6687 6718
f 6686 7051 6687
f 6686 6718 6717
f 7050 7051 6686
f 6688 6719 6687
f 6687 7052 6688
f 6687 6719 6718
f 7052 6687 7051
f 6688 6689 6720
f 6688 7053 6689
f 6719 6688 6720
f 6688 7052 7053
f 6689 6690 6721
f 6690 6689 7054
f 6721 6720 6689
f 7053 7054 6689
f 6722 6690 6691
f 6691 6690 7055
f 6721 6690 6722
f 7054 7055 6690
f 6692 6723 6691
f 6691 7056 6692
f 6723 6722 6691
f 6691 7055 7056
f 6693 6692 7057
f 6692 7056 7057
f 7058 6694 6693
f 7058 6693 7057
f 7059 6695 6694
f 7058 7059 6694
f 7060 6696 6695
f 6695 7059 7060
f 7061 6697 6696
f 7060 7061 6696
f 7062 6698 6697
f 7061 7062 6697
f 7063 6699 6698
f 7063 6698 7062
f 7064 6700 6699
f 6699 7063 7064
f 6701 6700 7065
f 7065 6700 7064
f 6702 6701 7066
f 7066 6701 7065
f 6703 6702 7067
f 7067 6702 7066
f 6704 6703 7068
f 7068 6703 7067
f 6705 6704 7069
f 7069 6704 7068
f 6705 7070 6706
f 7070 6705 7069
f 6707 6706 7071
f 6706 7070 7071
f 6708 6707 7072
f 7072 6707 7071
f 6709 6708 7073
f 7073 6708 7072
f 7074 6710 6709
f 7074 6709 7073
f 6711 6710 7075
f 7075 6710 7074
f 6711 7075 7076
f 6714 6724 6713
f 6724 6714 6715
f 6716 6725 6715
f 6715 6725 6724
f 6717 6726 6716
f 6726 6725 6716
f 6727 6717 6718
f 6727 6726 6717
f 6728 6718 6719
f 6728 6727 6718
f 6720 6729 6719
f 6729 6728 6719
f 6730 6720 6721
f 6730 6729 6720
f 6722 6731 6721
f 6730 6721 6731
f 6724 6725 6732
f 6726 6732 6725
f 6726 6727 6733
f 6726 6733 6732
f 6728 6734 6727
f 6734 6733 6727
f 6729 6735 6728
f 6735 6734 6728
f 6730 6736 6729
f 6735 6729 6736
f 6737 6738 6814
f 6737 6814 6791
f 6738 6739 6815
f 6815 6814 6738
f 6816 6739 6740
f 6815 6739 6816
f 6741 6817 6740
f 6817 6816 6740
f 6741 6742 6818
f 6741 6818 6817
f 6743 6819 6742
f 6819 6818 6742
f 6744 6820 6743
f 6820 6819 6743
f 6745 6821 6744
f 6744 6821 6820
f 6822 6745 6746
f 6745 6822 6821
f 6823 6746 6747
f 6746 6823 6822
f 6748 7080 6747
f 6823 6747 7079
f 7079 6747 7080
f 6748 6749 7081
f 6748 7081 7080
f 6750 7082 6749
f 7081 6749 7082
f 7083 6750 6751
f 7083 7082 6750
f 7084 6751 6752
f 7083 6751 7084
f 6752 6753 7085
f 6752 7085 7084
f 6753 6754 7086
f 7086 7085 6753
f 6754 6755 7087
f 7086 6754 7087
f 7088 6755 6756
f 7087 6755 7088
f 7089 6756 6757
f 6756 7089 7088
f 7090 6757 6758
f 7090 7089 6757
f 6758 6759 7091
f 7090 6758 7091
f 6760 7092 6759
f 7091 6759 7092
f 7093 6760 6761
f 7093 7092 6760
f 6761 6762 7094
f 6761 7094 7093
f 6763 7095 6762
f 6762 7095 7094
f 7096 6763 6764
f 7096 7095 6763
f 6764 6765 7097
f 6764 7097 7096
f 7131 6765 6766
f 7097 6765 7131
f 6824 6766 6792
f 7131 6766 6824
f 6768 6837 6767
f 6767 6837 6813
f 6838 6768 6769
f 6768 6838 6837
f 6770 7099 6769
f 6769 7098 6838
f 7099 7098 6769
f 7100 6770 6771
f 7099 6770 7100
f 6771 6772 7101
f 7100 6771 7101
f 6772 6773 7102
f 6772 7102 7101
f 7103 6773 6774
f 7102 6773 7103
f 7104 6774 6775
f 7103 6774 7104
f 7105 6775 6776
f 7104 6775 7105
f 7106 6776 6777
f 7105 6776 7106
f 6778 7107 6777
f 6777 7107 7106
f 7108 6778 6779
f 7107 6778 7108
f 6779 6780 7109
f 6779 7109 7108
f 7110 6780 6781
f 7110 7109 6780
f 7111 6781 6782
f 7111 7110 6781
f 6783 7112 6782
f 7112 7111 6782
f 6784 7113 6783
f 6783 7113 7112
f 6784 6785 7114
f 7114 7113 6784
f 6786 7115 6785
f 6785 7115 7114
f 7116 6786 6787
f 7116 7115 6786
f 6788 7117 6787
f 7116 6787 7117
f 7118 6788 6789
f 7118 7117 6788
f 6790 7119 6789
f 7119 7118 6789
f 6790 6791 7120
f 7120 7119 6790
f 6791 6814 7121
f 6791 7121 7120
f 6793 6824 6792
f 6793 6794 7134
f 6793 7133 6824
f 7133 6793 7134
f 7135 6794 6795
f 7135 7134 6794
f 6795 6796 7162
f 7135 6795 7162
f 6797 6839 6796
f 7162 6796 6839
f 6798 6839 6797
f 6798 6825 6840
f 6798 6840 6839
f 6799 6800 6846
f 6836 6799 6846
f 6800 6801 6847
f 6800 6847 6846
f 6802 6848 6801
f 6801 6848 6847
f 6802 6803 6849
f 6802 6849 6848
f 6804 6850 6803
f 6850 6849 6803
f 6805 6851 6804
f 6804 6851 6850
f 6852 6805 6806
f 6852 6851 6805
f 6807 6853 6806
f 6853 6852 6806
f 6807 6808 6854
f 6854 6853 6807
f 6855 6808 6809
f 6808 6855 6854
f 6809 6810 6856
f 6809 6856 6855
f 7137 6810 6811
f 7136 6856 6810
f 6810 7137 7136
f 6812 7138 6811
f 7138 7137 6811
f 6812 6813 7139
f 7139 7138 6812
f 6813 6837 7140
f 6813 7140 7139
f 7122 6814 6815
f 7121 6814 7122
f 6815 6816 7123
f 7123 7122 6815
f 6817 7124 6816
f 6816 7124 7123
f 6817 6818 7125
f 7125 7124 6817
f 6819 7126 6818
f 6818 7126 7125
f 6819 6820 7127
f 6819 7127 7126
f 6821 7128 6820
f 6820 7128 7127
f 7129 6821 6822
f 7129 7128 6821
f 6822 6823 7130
f 6822 7130 7129
f 7079 7130 6823
f 6824 7132 7131
f 6824 7133 7132
f 6841 6840 6825
f 6842 6841 6825
f 6826 6827 6860
f 6860 6845 6826
f 6828 6861 6827
f 6860 6827 6861
f 6829 6862 6828
f 6862 6861 6828
f 6830 6863 6829
f 6863 6862 6829
f 6830 6831 6864
f 6830 6864 6863
f 6832 6865 6831
f 6864 6831 6865
f 6832 6833 6866
f 6866 6865 6832
f 6833 6834 6867
f 6833 6867 6866
f 6834 6835 6868
f 6834 6868 6867
f 6836 6869 6835
f 6835 6869 6868
f 6836 6846 6870
f 6870 6869 6836
f 7141 6837 6838
f 7140 6837 7141
f 6838 7098 7141
f 6840 7164 6839
f 6839 7163 7162
f 6839 7164 7163
f 6841 7225 6840
f 7225 7164 6840
f 6841 6842 6857
f 7225 6841 6857
f 6857 6842 6858
f 6882 6843 6844
f 6882 6859 6843
f 6844 6845 6883
f 6882 6844 6883
f 6884 6845 6860
f 6884 6883 6845
f 6846 6847 6871
f 6846 6871 6870
f 6847 6848 6872
f 6871 6847 6872
f 6849 6873 6848
f 6848 6873 6872
f 6849 6850 6874
f 6874 6873 6849
f 6875 6850 6851
f 6874 6850 6875
f 6851 6852 6876
f 6875 6851 6876
f 6877 6852 6853
f 6876 6852 6877
f 6853 6854 6878
f 6878 6877 6853
f 6855 6879 6854
f 6878 6854 6879
f 6855 6856 7166
f 6879 6855 7165
f 7166 7165 6855
f 7136 7166 6856
f 6880 6857 6858
f 6880 7293 6857
f 7293 7225 6857
f 6880 6858 6881
f 6859 6882 6908
f 6861 6885 6860
f 6860 6885 6884
f 6861 6862 6886
f 6886 6885 6861
f 6863 6887 6862
f 6886 6862 6887
f 6888 6863 6864
f 6887 6863 6888
f 6865 6889 6864
f 6864 6889 6888
f 6865 6866 6890
f 6865 6890 6889
f 6866 6867 6891
f 6866 6891 6890
f 6892 6867 6868
f 6891 6867 6892
f 6893 6868 6869
f 6892 6868 6893
f 6869 6870 6894
f 6893 6869 6894
f 6870 6871 6895
f 6895 6894 6870
f 6896 6871 6872
f 6895 6871 6896
f 6872 6873 6897
f 6897 6896 6872
f 6873 6874 6898
f 6897 6873 6898
f 6899 6874 6875
f 6898 6874 6899
f 6900 6875 6876
f 6875 6900 6899
f 6877 6901 6876
f 6900 6876 6901
f 6878 6902 6877
f 6902 6901 6877
f 6878 6879 6903
f 6903 6902 6878
f 6903 6879 6904
f 6879 7165 6904
f 6905 6880 6881
f 6905 7363 6880
f 6880 7363 7293
f 6906 6905 6881
f 6906 6881 6907
f 6882 6883 6909
f 6908 6882 6909
f 6884 6910 6883
f 6909 6883 6910
f 6884 6885 6911
f 6884 6911 6910
f 6885 6886 6912
f 6885 6912 6911
f 6913 6886 6887
f 6913 6912 6886
f 6887 6888 6914
f 6914 6913 6887
f 6915 6888 6889
f 6915 6914 6888
f 6889 6890 6916
f 6915 6889 6916
f 6917 6890 6891
f 6890 6917 6916
f 6891 6892 6918
f 6917 6891 6918
f 6892 6893 6919
f 6892 6919 6918
f 6893 6894 6920
f 6893 6920 6919
f 6894 6895 6921
f 6894 6921 6920
f 6895 6896 6922
f 6921 6895 6922
f 6897 6923 6896
f 6896 6923 6922
f 6924 6897 6898
f 6924 6923 6897
f 6899 6925 6898
f 6924 6898 6925
f 6899 6900 6926
f 6925 6899 6926
f 6927 6900 6901
f 6926 6900 6927
f 6902 6928 6901
f 6901 6928 6927
f 6902 6903 6929
f 6902 6929 6928
f 6930 6903 6904
f 6930 6929 6903
f 6930 6904 6931
f 6931 6904 7294
f 7165 7294 6904
f 6932 6905 6906
f 6932 7433 6905
f 6905 7433 7363
f 6933 6906 6907
f 6933 6932 6906
f 6907 6934 6933
f 6935 6908 6909
f 6909 6910 6935
f 6910 6911 6936
f 6910 6936 6935
f 6937 6911 6912
f 6936 6911 6937
f 6938 6912 6913
f 6938 6937 6912
f 6939 6913 6914
f 6938 6913 6939
f 6915 6940 6914
f 6914 6940 6939
f 6915 6916 6941
f 6941 6940 6915
f 6917 6942 6916
f 6942 6941 6916
f 6917 6918 6943
f 6942 6917 6943
f 6944 6918 6919
f 6944 6943 6918
f 6920 6945 6919
f 6919 6945 6944
f 6921 6946 6920
f 6946 6945 6920
f 6922 6947 6921
f 6921 6947 6946
f 6922 6923 6948
f 6922 6948 6947
f 6949 6923 6924
f 6949 6948 6923
f 6924 6925 6950
f 6924 6950 6949
f 6926 6951 6925
f 6951 6950 6925
f 6926 6927 6952
f 6952 6951 6926
f 6927 6928 6953
f 6953 6952 6927
f 6954 6928 6929
f 6953 6928 6954
f 6955 6929 6930
f 6955 6954 6929
f 6931 6956 6930
f 6930 6956 6955
f 6957 6956 6931
f 6957 6931 7364
f 7364 6931 7294
f 6932 6933 6958
f 6932 6958 7503
f 7433 6932 7503
f 6933 6934 6959
f 6933 6959 6958
f 6960 6936 6937
f 6938 6960 6937
f 6938 6939 6961
f 6961 6960 6938
f 6939 6940 6962
f 6962 6961 6939
f 6941 6963 6940
f 6962 6940 6963
f 6942 6964 6941
f 6964 6963 6941
f 6943 6965 6942
f 6964 6942 6965
f 6944 6966 6943
f 6943 6966 6965
f 6967 6944 6945
f 6944 6967 6966
f 6945 6946 6968
f 6967 6945 6968
f 6969 6946 6947
f 6969 6968 6946
f 6947 6948 6970
f 6969 6947 6970
f 6971 6948 6949
f 6970 6948 6971
f 6949 6950 6972
f 6971 6949 6972
f 6973 6950 6951
f 6972 6950 6973
f 6952 6974 6951
f 6973 6951 6974
f 6975 6952 6953
f 6975 6974 6952
f 6953 6954 6976
f 6953 6976 6975
f 6954 6955 6977
f 6954 6977 6976
f 6978 6955 6956
f 6978 6977 6955
f 6957 6979 6956
f 6978 6956 6979
f 6980 6979 6957
f 6981 6980 6957
f 6981 6957 7434
f 6957 7364 7434
f 6959 6984 6958
f 6984 6983 6958
f 7503 6958 6983
f 6971 6972 6985
f 6985 6972 6973
f 6973 6974 6986
f 6986 6985 6973
f 6975 6987 6974
f 6987 6986 6974
f 6975 6976 6988
f 6975 6988 6987
f 6976 6977 6989
f 6989 6988 6976
f 6977 6978 6990
f 6977 6990 6989
f 6991 6978 6979
f 6991 6990 6978
f 6992 6979 6980
f 6992 6991 6979
f 6980 6981 6993
f 6980 6993 6992
f 6982 6994 6981
f 6982 6981 7434
f 6994 6993 6981
f 6995 6994 6982
f 6982 6996 6995
f 6996 6982 7504
f 7434 7435 6982
f 7435 7504 6982
f 6984 7004 6983
f 7004 7003 6983
f 6983 7003 7570
f 7503 6983 7570
f 6996 7504 6997
f 6997 7505 6998
f 7504 7505 6997
f 7005 6998 6999
f 6999 6998 7506
f 7505 7506 6998
f 7000 7005 6999
f 6999 7507 7000
f 7506 7507 6999
f 7005 7000 7006
f 7006 7000 7007
f 7007 7000 7571
f 7000 7507 7508
f 7571 7000 7508
f 7002 7044 7001
f 7001 7568 7002
f 7001 7044 7043
f 7001 7043 7629
f 7629 7568 7001
f 7002 7003 7045
f 7569 7003 7002
f 7002 7045 7044
f 7569 7002 7568
f 7004 7046 7003
f 7046 7045 7003
f 7570 7003 7569
f 7007 7571 7008
f 7572 7009 7008
f 7572 7008 7571
f 7010 7009 7573
f 7009 7572 7573
f 7010 7574 7011
f 7010 7573 7574
f 7575 7012 7011
f 7011 7574 7575
f 7012 7576 7013
f 7576 7012 7575
f 7577 7014 7013
f 7577 7013 7576
f 7578 7015 7014
f 7014 7577 7578
f 7016 7015 7579
f 7578 7579 7015
f 7580 7017 7016
f 7016 7579 7580
f 7017 7581 7018
f 7017 7580 7581
f 7582 7019 7018
f 7582 7018 7581
f 7583 7020 7019
f 7583 7019 7582
f 7020 7584 7021
f 7584 7020 7583
f 7021 7585 7022
f 7584 7585 7021
f 7022 7586 7023
f 7022 7585 7586
f 7024 7023 7587
f 7587 7023 7586
f 7025 7024 7588
f 7588 7024 7587
f 7026 7025 7589
f 7589 7025 7588
f 7590 7027 7026
f 7590 7026 7589
f 7027 7591 7028
f 7590 7591 7027
f 7029 7028 7592
f 7028 7591 7592
f 7030 7029 7593
f 7593 7029 7592
f 7047 7030 7031
f 7030 7594 7031
f 7593 7594 7030
f 7047 7031 7032
f 7595 7032 7031
f 7031 7594 7595
f 7032 7033 7048
f 7596 7033 7032
f 7032 7048 7047
f 7032 7595 7596
f 7033 7034 7049
f 7597 7034 7033
f 7033 7049 7048
f 7597 7033 7596
f 7034 7035 7050
f 7034 7598 7035
f 7049 7034 7050
f 7597 7598 7034
f 7036 7051 7035
f 7599 7036 7035
f 7035 7051 7050
f 7599 7035 7598
f 7036 7037 7052
f 7036 7600 7037
f 7036 7052 7051
f 7599 7600 7036
f 7038 7053 7037
f 7601 7038 7037
f 7053 7052 7037
f 7037 7600 7601
f 7039 7054 7038
f 7038 7602 7039
f 7038 7054 7053
f 7601 7602 7038
f 7054 7039 7055
f 7055 7039 7056
f 7630 7056 7039
f 7039 7602 7603
f 7039 7603 7630
f 7040 7041 7078
f 7626 7041 7040
f 7078 7077 7040
f 7040 7077 7651
f 7651 7626 7040
f 7041 7627 7042
f 7626 7627 7041
f 7042 7628 7043
f 7042 7627 7628
f 7629 7043 7628
f 7630 7057 7056
f 7057 7631 7058
f 7630 7631 7057
f 7059 7058 7632
f 7058 7631 7632
f 7060 7059 7633
f 7059 7632 7633
f 7060 7634 7061
f 7633 7634 7060
f 7635 7062 7061
f 7061 7634 7635
f 7063 7062 7636
f 7635 7636 7062
f 7637 7064 7063
f 7637 7063 7636
f 7064 7638 7065
f 7064 7637 7638
f 7065 7639 7066
f 7065 7638 7639
f 7067 7066 7640
f 7066 7639 7640
f 7067 7641 7068
f 7640 7641 7067
f 7069 7068 7642
f 7641 7642 7068
f 7069 7643 7070
f 7069 7642 7643
f 7644 7071 7070
f 7644 7070 7643
f 7645 7072 7071
f 7645 7071 7644
f 7073 7072 7646
f 7645 7646 7072
f 7074 7073 7647
f 7647 7073 7646
f 7075 7074 7648
f 7648 7074 7647
f 7076 7075 7649
f 7075 7648 7649
f 7650 7077 7076
f 7076 7649 7650
f 7651 7077 7650
f 7080 7143 7079
f 7130 7079 7142
f 7079 7143 7142
f 7081 7143 7080
f 7081 7082 7144
f 7081 7144 7143
f 7145 7082 7083
f 7145 7144 7082
f 7083 7084 7146
f 7083 7146 7145
f 7085 7147 7084
f 7084 7147 7146
f 7086 7148 7085
f 7148 7147 7085
f 7086 7087 7149
f 7086 7149 7148
f 7150 7087 7088
f 7150 7149 7087
f 7088 7089 7151
f 7151 7150 7088
f 7152 7089 7090
f 7151 7089 7152
f 7091 7153 7090
f 7153 7152 7090
f 7091 7092 7154
f 7153 7091 7154
f 7093 7155 7092
f 7092 7155 7154
f 7156 7093 7094
f 7156 7155 7093
f 7094 7095 7157
f 7156 7094 7157
f 7158 7095 7096
f 7158 7157 7095
f 7096 7097 7159
f 7158 7096 7159
f 7131 7160 7097
f 7159 7097 7160
f 7167 7098 7099
f 7141 7098 7167
f 7168 7099 7100
f 7168 7167 7099
f 7100 7101 7169
f 7100 7169 7168
f 7101 7102 7170
f 7169 7101 7170
f 7102 7103 7171
f 7102 7171 7170
f 7103 7104 7172
f 7171 7103 7172
f 7105 7173 7104
f 7172 7104 7173
f 7106 7174 7105
f 7174 7173 7105
f 7107 7175 7106
f 7106 7175 7174
f 7108 7176 7107
f 7107 7176 7175
f 7108 7109 7177
f 7176 7108 7177
f 7178 7109 7110
f 7177 7109 7178
f 7111 7179 7110
f 7110 7179 7178
f 7180 7111 7112
f 7111 7180 7179
f 7181 7112 7113
f 7181 7180 7112
f 7113 7114 7182
f 7113 7182 7181
f 7114 7115 7183
f 7182 7114 7183
f 7184 7115 7116
f 7183 7115 7184
f 7185 7116 7117
f 7116 7185 7184
f 7118 7186 7117
f 7186 7185 7117
f 7119 7187 7118
f 7187 7186 7118
f 7120 7188 7119
f 7187 7119 7188
f 7120 7121 7189
f 7189 7188 7120
f 7190 7121 7122
f 7189 7121 7190
f 7191 7122 7123
f 7191 7190 7122
f 7123 7124 7192
f 7192 7191 7123
f 7193 7124 7125
f 7193 7192 7124
f 7126 7194 7125
f 7194 7193 7125
f 7127 7195 7126
f 7194 7126 7195
f 7128 7196 7127
f 7127 7196 7195
f 7129 7197 7128
f 7196 7128 7197
f 7129 7130 7198
f 7129 7198 7197
f 7142 7199 7130
f 7130 7199 7198
f 7161 7131 7132
f 7161 7160 7131
f 7220 7132 7133
f 7132 7219 7161
f 7220 7219 7132
f 7134 7221 7133
f 7220 7133 7221
f 7135 7222 7134
f 7134 7222 7221
f 7162 7223 7135
f 7135 7223 7222
f 7137 7226 7136
f 7136 7226 7166
f 7227 7137 7138
f 7137 7227 7226
f 7138 7139 7228
f 7227 7138 7228
f 7139 7140 7229
f 7228 7139 7229
f 7230 7140 7141
f 7229 7140 7230
f 7141 7167 7231
f 7230 7141 7231
f 7142 7143 7200
f 7142 7200 7199
f 7144 7201 7143
f 7200 7143 7201
f 7202 7144 7145
f 7202 7201 7144
f 7145 7146 7203
f 7145 7203 7202
f 7147 7204 7146
f 7146 7204 7203
f 7148 7205 7147
f 7204 7147 7205
f 7148 7149 7206
f 7206 7205 7148
f 7207 7149 7150
f 7206 7149 7207
f 7150 7151 7208
f 7207 7150 7208
f 7151 7152 7209
f 7208 7151 7209
f 7152 7153 7210
f 7209 7152 7210
f 7153 7154 7211
f 7210 7153 7211
f 7154 7155 7212
f 7154 7212 7211
f 7156 7213 7155
f 7155 7213 7212
f 7156 7157 7214
f 7214 7213 7156
f 7157 7158 7215
f 7157 7215 7214
f 7158 7159 7216
f 7215 7158 7216
f 7217 7159 7160
f 7217 7216 7159
f 7218 7160 7161
f 7217 7160 7218
f 7161 7219 7218
f 7162 7163 7224
f 7162 7224 7223
f 7164 7290 7163
f 7289 7224 7163
f 7163 7290 7289
f 7164 7225 7291
f 7164 7291 7290
f 7166 7294 7165
f 7166 7226 7295
f 7295 7294 7166
f 7168 7232 7167
f 7167 7232 7231
f 7168 7169 7233
f 7233 7232 7168
f 7170 7234 7169
f 7169 7234 7233
f 7171 7235 7170
f 7170 7235 7234
f 7172 7236 7171
f 7235 7171 7236
f 7172 7173 7237
f 7236 7172 7237
f 7173 7174 7238
f 7238 7237 7173
f 7175 7239 7174
f 7239 7238 7174
f 7175 7176 7240
f 7175 7240 7239
f 7241 7176 7177
f 7241 7240 7176
f 7242 7177 7178
f 7177 7242 7241
f 7178 7179 7243
f 7243 7242 7178
f 7244 7179 7180
f 7244 7243 7179
f 7245 7180 7181
f 7244 7180 7245
f 7181 7182 7246
f 7245 7181 7246
f 7247 7182 7183
f 7246 7182 7247
f 7248 7183 7184
f 7247 7183 7248
f 7184 7185 7249
f 7249 7248 7184
f 7250 7185 7186
f 7250 7249 7185
f 7251 7186 7187
f 7251 7250 7186
f 7187 7188 7252
f 7252 7251 7187
f 7189 7253 7188
f 7252 7188 7253
f 7189 7190 7254
f 7254 7253 7189
f 7255 7190 7191
f 7255 7254 7190
f 7192 7256 7191
f 7255 7191 7256
f 7192 7193 7257
f 7256 7192 7257
f 7194 7258 7193
f 7193 7258 7257
f 7194 7195 7259
f 7259 7258 7194
f 7195 7196 7260
f 7195 7260 7259
f 7197 7261 7196
f 7260 7196 7261
f 7197 7198 7262
f 7262 7261 7197
f 7199 7263 7198
f 7198 7263 7262
f 7264 7199 7200
f 7263 7199 7264
f 7200 7201 7265
f 7264 7200 7265
f 7201 7202 7266
f 7265 7201 7266
f 7203 7267 7202
f 7202 7267 7266
f 7203 7204 7268
f 7203 7268 7267
f 7204 7205 7269
f 7204 7269 7268
f 7206 7270 7205
f 7270 7269 7205
f 7206 7207 7271
f 7206 7271 7270
f 7207 7208 7272
f 7271 7207 7272
f 7208 7209 7273
f 7208 7273 7272
f 7210 7274 7209
f 7274 7273 7209
f 7211 7275 7210
f 7274 7210 7275
f 7212 7276 7211
f 7211 7276 7275
f 7212 7213 7277
f 7277 7276 7212
f 7278 7213 7214
f 7213 7278 7277
f 7214 7215 7279
f 7214 7279 7278
f 7216 7280 7215
f 7279 7215 7280
f 7216 7217 7281
f 7281 7280 7216
f 7282 7217 7218
f 7282 7281 7217
f 7283 7218 7219
f 7218 7283 7282
f 7284 7219 7220
f 7219 7284 7283
f 7221 7285 7220
f 7284 7220 7285
f 7222 7286 7221
f 7221 7286 7285
f 7287 7222 7223
f 7287 7286 7222
f 7224 7288 7223
f 7287 7223 7288
f 7289 7288 7224
f 7292 7291 7225
f 7292 7225 7293
f 7227 7296 7226
f 7226 7296 7295
f 7228 7297 7227
f 7297 7296 7227
f 7228 7229 7298
f 7228 7298 7297
f 7299 7229 7230
f 7298 7229 7299
f 7300 7230 7231
f 7299 7230 7300
f 7231 7232 7301
f 7300 7231 7301
f 7232 7233 7302
f 7301 7232 7302
f 7233 7234 7303
f 7233 7303 7302
f 7304 7234 7235
f 7304 7303 7234
f 7235 7236 7305
f 7235 7305 7304
f 7237 7306 7236
f 7305 7236 7306
f 7307 7237 7238
f 7237 7307 7306
f 7308 7238 7239
f 7307 7238 7308
f 7240 7309 7239
f 7239 7309 7308
f 7241 7310 7240
f 7310 7309 7240
f 7241 7242 7311
f 7311 7310 7241
f 7312 7242 7243
f 7311 7242 7312
f 7244 7313 7243
f 7243 7313 7312
f 7245 7314 7244
f 7313 7244 7314
f 7315 7245 7246
f 7315 7314 7245
f 7246 7247 7316
f 7246 7316 7315
f 7248 7317 7247
f 7247 7317 7316
f 7249 7318 7248
f 7318 7317 7248
f 7319 7249 7250
f 7249 7319 7318
f 7250 7251 7320
f 7319 7250 7320
f 7252 7321 7251
f 7321 7320 7251
f 7322 7252 7253
f 7322 7321 7252
f 7323 7253 7254
f 7323 7322 7253
f 7324 7254 7255
f 7324 7323 7254
f 7256 7325 7255
f 7324 7255 7325
f 7326 7256 7257
f 7326 7325 7256
f 7257 7258 7327
f 7327 7326 7257
f 7259 7328 7258
f 7327 7258 7328
f 7260 7329 7259
f 7329 7328 7259
f 7261 7330 7260
f 7260 7330 7329
f 7261 7262 7331
f 7261 7331 7330
f 7263 7332 7262
f 7262 7332 7331
f 7333 7263 7264
f 7332 7263 7333
f 7265 7334 7264
f 7264 7334 7333
f 7265 7266 7335
f 7265 7335 7334
f 7336 7266 7267
f 7266 7336 7335
f 7267 7268 7337
f 7267 7337 7336
f 7268 7269 7338
f 7268 7338 7337
f 7270 7339 7269
f 7338 7269 7339
f 7271 7340 7270
f 7270 7340 7339
f 7271 7272 7341
f 7271 7341 7340
f 7342 7272 7273
f 7341 7272 7342
f 7274 7343 7273
f 7342 7273 7343
f 7274 7275 7344
f 7274 7344 7343
f 7345 7275 7276
f 7344 7275 7345
f 7276 7277 7346
f 7345 7276 7346
f 7278 7347 7277
f 7277 7347 7346
f 7279 7348 7278
f 7347 7278 7348
f 7279 7280 7349
f 7349 7348 7279
f 7350 7280 7281
f 7349 7280 7350
f 7282 7351 7281
f 7351 7350 7281
f 7283 7352 7282
f 7282 7352 7351
f 7283 7284 7353
f 7283 7353 7352
f 7354 7284 7285
f 7353 7284 7354
f 7286 7355 7285
f 7354 7285 7355
f 7287 7356 7286
f 7286 7356 7355
f 7287 7288 7357
f 7357 7356 7287
f 7289 7358 7288
f 7357 7288 7358
f 7290 7359 7289
f 7359 7358 7289
f 7290 7291 7360
f 7290 7360 7359
f 7291 7292 7361
f 7360 7291 7361
f 7362 7292 7293
f 7292 7362 7361
f 7363 7362 7293
f 7364 7294 7295
f 7295 7296 7365
f 7364 7295 7365
f 7366 7296 7297
f 7365 7296 7366
f 7297 7298 7367
f 7366 7297 7367
f 7298 7299 7368
f 7367 7298 7368
f 7369 7299 7300
f 7368 7299 7369
f 7370 7300 7301
f 7369 7300 7370
f 7371 7301 7302
f 7370 7301 7371
f 7302 7303 7372
f 7302 7372 7371
f 7303 7304 7373
f 7303 7373 7372
f 7304 7305 7374
f 7304 7374 7373
f 7305 7306 7375
f 7305 7375 7374
f 7376 7306 7307
f 7375 7306 7376
f 7307 7308 7377
f 7376 7307 7377
f 7309 7378 7308
f 7377 7308 7378
f 7310 7379 7309
f 7379 7378 7309
f 7380 7310 7311
f 7379 7310 7380
f 7381 7311 7312
f 7380 7311 7381
f 7382 7312 7313
f 7381 7312 7382
f 7313 7314 7383
f 7382 7313 7383
f 7314 7315 7384
f 7314 7384 7383
f 7385 7315 7316
f 7384 7315 7385
f 7386 7316 7317
f 7386 7385 7316
f 7318 7387 7317
f 7317 7387 7386
f 7388 7318 7319
f 7318 7388 7387
f 7389 7319 7320
f 7389 7388 7319
f 7321 7390 7320
f 7320 7390 7389
f 7322 7391 7321
f 7321 7391 7390
f 7323 7392 7322
f 7322 7392 7391
f 7324 7393 7323
f 7323 7393 7392
f 7325 7394 7324
f 7324 7394 7393
f 7326 7395 7325
f 7325 7395 7394
f 7396 7326 7327
f 7326 7396 7395
f 7328 7397 7327
f 7327 7397 7396
f 7329 7398 7328
f 7328 7398 7397
f 7330 7399 7329
f 7399 7398 7329
f 7400 7330 7331
f 7330 7400 7399
f 7401 7331 7332
f 7331 7401 7400
f 7332 7333 7402
f 7332 7402 7401
f 7334 7403 7333
f 7333 7403 7402
f 7334 7335 7404
f 7334 7404 7403
f 7336 7405 7335
f 7404 7335 7405
f 7337 7406 7336
f 7336 7406 7405
f 7338 7407 7337
f 7407 7406 7337
f 7408 7338 7339
f 7408 7407 7338
f 7340 7409 7339
f 7408 7339 7409
f 7340 7341 7410
f 7340 7410 7409
f 7342 7411 7341
f 7341 7411 7410
f 7343 7412 7342
f 7342 7412 7411
f 7343 7344 7413
f 7343 7413 7412
f 7345 7414 7344
f 7344 7414 7413
f 7345 7346 7415
f 7415 7414 7345
f 7347 7416 7346
f 7346 7416 7415
f 7348 7417 7347
f 7417 7416 7347
f 7349 7418 7348
f 7348 7418 7417
f 7419 7349 7350
f 7349 7419 7418
f 7350 7351 7420
f 7420 7419 7350
f 7352 7421 7351
f 7421 7420 7351
f 7422 7352 7353
f 7422 7421 7352
f 7354 7423 7353
f 7353 7423 7422
f 7354 7355 7424
f 7354 7424 7423
f 7356 7425 7355
f 7425 7424 7355
f 7426 7356 7357
f 7356 7426 7425
f 7357 7358 7427
f 7357 7427 7426
f 7428 7358 7359
f 7428 7427 7358
f 7360 7429 7359
f 7359 7429 7428
f 7430 7360 7361
f 7430 7429 7360
f 7361 7362 7431
f 7431 7430 7361
f 7363 7432 7362
f 7432 7431 7362
f 7433 7432 7363
f 7364 7365 7434
f 7366 7435 7365
f 7365 7435 7434
f 7436 7366 7367
f 7366 7436 7435
f 7368 7437 7367
f 7437 7436 7367
f 7438 7368 7369
f 7368 7438 7437
f 7369 7370 7439
f 7438 7369 7439
f 7440 7370 7371
f 7440 7439 7370
f 7441 7371 7372
f 7440 7371 7441
f 7373 7442 7372
f 7441 7372 7442
f 7443 7373 7374
f 7443 7442 7373
f 7374 7375 7444
f 7443 7374 7444
f 7445 7375 7376
f 7444 7375 7445
f 7376 7377 7446
f 7376 7446 7445
f 7377 7378 7447
f 7377 7447 7446
f 7379 7448 7378
f 7447 7378 7448
f 7380 7449 7379
f 7449 7448 7379
f 7380 7381 7450
f 7450 7449 7380
f 7382 7451 7381
f 7450 7381 7451
f 7383 7452 7382
f 7382 7452 7451
f 7453 7383 7384
f 7453 7452 7383
f 7454 7384 7385
f 7453 7384 7454
f 7455 7385 7386
f 7455 7454 7385
f 7386 7387 7456
f 7456 7455 7386
f 7457 7387 7388
f 7456 7387 7457
f 7388 7389 7458
f 7388 7458 7457
f 7389 7390 7459
f 7459 7458 7389
f 7391 7460 7390
f 7459 7390 7460
f 7461 7391 7392
f 7460 7391 7461
f 7462 7392 7393
f 7461 7392 7462
f 7394 7463 7393
f 7393 7463 7462
f 7464 7394 7395
f 7394 7464 7463
f 7465 7395 7396
f 7464 7395 7465
f 7396 7397 7466
f 7396 7466 7465
f 7467 7397 7398
f 7466 7397 7467
f 7398 7399 7468
f 7398 7468 7467
f 7399 7400 7469
f 7469 7468 7399
f 7400 7401 7470
f 7469 7400 7470
f 7401 7402 7471
f 7470 7401 7471
f 7403 7472 7402
f 7402 7472 7471
f 7473 7403 7404
f 7403 7473 7472
f 7405 7474 7404
f 7404 7474 7473
f 7406 7475 7405
f 7405 7475 7474
f 7407 7476 7406
f 7476 7475 7406
f 7408 7477 7407
f 7407 7477 7476
f 7408 7409 7478
f 7408 7478 7477
f 7410 7479 7409
f 7479 7478 7409
f 7410 7411 7480
f 7480 7479 7410
f 7412 7481 7411
f 7481 7480 7411
f 7413 7482 7412
f 7412 7482 7481
f 7483 7413 7414
f 7413 7483 7482
f 7414 7415 7484
f 7414 7484 7483
f 7415 7416 7485
f 7485 7484 7415
f 7417 7486 7416
f 7416 7486 7485
f 7487 7417 7418
f 7486 7417 7487
f 7488 7418 7419
f 7487 7418 7488
f 7489 7419 7420
f 7419 7489 7488
f 7421 7490 7420
f 7420 7490 7489
f 7491 7421 7422
f 7490 7421 7491
f 7423 7492 7422
f 7492 7491 7422
f 7424 7493 7423
f 7493 7492 7423
f 7494 7424 7425
f 7494 7493 7424
f 7425 7426 7495
f 7494 7425 7495
f 7426 7427 7496
f 7426 7496 7495
f 7497 7427 7428
f 7496 7427 7497
f 7498 7428 7429
f 7497 7428 7498
f 7499 7429 7430
f 7498 7429 7499
f 7431 7500 7430
f 7500 7499 7430
f 7431 7432 7501
f 7500 7431 7501
f 7433 7502 7432
f 7501 7432 7502
f 7503 7502 7433
f 7435 7436 7504
f 7436 7437 7504
f 7437 7438 7505
f 7437 7505 7504
f 7439 7506 7438
f 7505 7438 7506
f 7440 7507 7439
f 7439 7507 7506
f 7441 7508 7440
f 7508 7507 7440
f 7442 7509 7441
f 7441 7509 7508
f 7442 7443 7510
f 7510 7509 7442
f 7444 7511 7443
f 7510 7443 7511
f 7444 7445 7512
f 7512 7511 7444
f 7446 7513 7445
f 7445 7513 7512
f 7446 7447 7514
f 7513 7446 7514
f 7447 7448 7515
f 7515 7514 7447
f 7516 7448 7449
f 7516 7515 7448
f 7517 7449 7450
f 7516 7449 7517
f 7450 7451 7518
f 7450 7518 7517
f 7519 7451 7452
f 7518 7451 7519
f 7520 7452 7453
f 7520 7519 7452
f 7521 7453 7454
f 7453 7521 7520
f 7454 7455 7522
f 7521 7454 7522
f 7456 7523 7455
f 7455 7523 7522
f 7524 7456 7457
f 7524 7523 7456
f 7457 7458 7525
f 7524 7457 7525
f 7458 7459 7526
f 7526 7525 7458
f 7527 7459 7460
f 7459 7527 7526
f 7528 7460 7461
f 7460 7528 7527
f 7461 7462 7529
f 7528 7461 7529
f 7462 7463 7530
f 7529 7462 7530
f 7531 7463 7464
f 7530 7463 7531
f 7465 7532 7464
f 7464 7532 7531
f 7466 7533 7465
f 7465 7533 7532
f 7534 7466 7467
f 7466 7534 7533
f 7467 7468 7535
f 7467 7535 7534
f 7536 7468 7469
f 7535 7468 7536
f 7470 7537 7469
f 7469 7537 7536
f 7470 7471 7538
f 7470 7538 7537
f 7471 7472 7539
f 7538 7471 7539
f 7540 7472 7473
f 7472 7540 7539
f 7473 7474 7541
f 7541 7540 7473
f 7475 7542 7474
f 7541 7474 7542
f 7543 7475 7476
f 7543 7542 7475
f 7544 7476 7477
f 7476 7544 7543
f 7545 7477 7478
f 7544 7477 7545
f 7478 7479 7546
f 7545 7478 7546
f 7479 7480 7547
f 7479 7547 7546
f 7481 7548 7480
f 7548 7547 7480
f 7549 7481 7482
f 7549 7548 7481
f 7483 7550 7482
f 7550 7549 7482
f 7551 7483 7484
f 7483 7551 7550
f 7552 7484 7485
f 7551 7484 7552
f 7485 7486 7553
f 7485 7553 7552
f 7487 7554 7486
f 7553 7486 7554
f 7555 7487 7488
f 7555 7554 7487
f 7489 7556 7488
f 7555 7488 7556
f 7489 7490 7557
f 7557 7556 7489
f 7558 7490 7491
f 7558 7557 7490
f 7492 7559 7491
f 7491 7559 7558
f 7560 7492 7493
f 7560 7559 7492
f 7561 7493 7494
f 7493 7561 7560
f 7494 7495 7562
f 7561 7494 7562
f 7495 7496 7563
f 7495 7563 7562
f 7497 7564 7496
f 7563 7496 7564
f 7565 7497 7498
f 7565 7564 7497
f 7566 7498 7499
f 7565 7498 7566
f 7500 7567 7499
f 7567 7566 7499
f 7501 7568 7500
f 7500 7568 7567
f 7501 7502 7569
f 7569 7568 7501
f 7503 7570 7502
f 7570 7569 7502
f 7508 7509 7571
f 7509 7510 7571
f 7511 7572 7510
f 7510 7572 7571
f 7573 7511 7512
f 7511 7573 7572
f 7512 7513 7574
f 7574 7573 7512
f 7513 7514 7575
f 7574 7513 7575
f 7576 7514 7515
f 7575 7514 7576
f 7515 7516 7577
f 7576 7515 7577
f 7517 7578 7516
f 7578 7577 7516
f 7518 7579 7517
f 7517 7579 7578
f 7518 7519 7580
f 7518 7580 7579
f 7519 7520 7581
f 7581 7580 7519
f 7520 7521 7582
f 7582 7581 7520
f 7522 7583 7521
f 7582 7521 7583
f 7523 7584 7522
f 7583 7522 7584
f 7524 7585 7523
f 7523 7585 7584
f 7524 7525 7586
f 7586 7585 7524
f 7587 7525 7526
f 7586 7525 7587
f 7588 7526 7527
f 7587 7526 7588
f 7528 7589 7527
f 7589 7588 7527
f 7529 7590 7528
f 7528 7590 7589
f 7530 7591 7529
f 7529 7591 7590
f 7530 7531 7592
f 7530 7592 7591
f 7593 7531 7532
f 7593 7592 7531
f 7532 7533 7594
f 7532 7594 7593
f 7534 7595 7533
f 7594 7533 7595
f 7535 7596 7534
f 7596 7595 7534
f 7536 7597 7535
f 7597 7596 7535
f 7537 7598 7536
f 7598 7597 7536
f 7537 7538 7599
f 7537 7599 7598
f 7538 7539 7600
f 7538 7600 7599
f 7601 7539 7540
f 7600 7539 7601
f 7540 7541 7602
f 7601 7540 7602
f 7542 7603 7541
f 7603 7602 7541
f 7543 7604 7542
f 7542 7604 7603
f 7544 7605 7543
f 7604 7543 7605
f 7606 7544 7545
f 7606 7605 7544
f 7545 7546 7607
f 7545 7607 7606
f 7546 7547 7608
f 7546 7608 7607
f 7609 7547 7548
f 7609 7608 7547
f 7549 7610 7548
f 7610 7609 7548
f 7549 7550 7611
f 7610 7549 7611
f 7551 7612 7550
f 7550 7612 7611
f 7551 7552 7613
f 7613 7612 7551
f 7552 7553 7614
f 7552 7614 7613
f 7553 7554 7615
f 7553 7615 7614
f 7616 7554 7555
f 7616 7615 7554
f 7617 7555 7556
f 7616 7555 7617
f 7557 7618 7556
f 7618 7617 7556
f 7558 7619 7557
f 7619 7618 7557
f 7620 7558 7559
f 7620 7619 7558
f 7621 7559 7560
f 7621 7620 7559
f 7561 7622 7560
f 7560 7622 7621
f 7623 7561 7562
f 7623 7622 7561
f 7562 7563 7624
f 7624 7623 7562
f 7625 7563 7564
f 7563 7625 7624
f 7626 7564 7565
f 7625 7564 7626
f 7565 7566 7627
f 7626 7565 7627
f 7566 7567 7628
f 7627 7566 7628
f 7567 7568 7629
f 7628 7567 7629
f 7604 7630 7603
f 7604 7605 7630
f 7631 7605 7606
f 7630 7605 7631
f 7606 7607 7632
f 7631 7606 7632
f 7633 7607 7608
f 7633 7632 7607
f 7609 7634 7608
f 7633 7608 7634
f 7635 7609 7610
f 7635 7634 7609
f 7636 7610 7611
f 7610 7636 7635
f 7611 7612 7637
f 7637 7636 7611
f 7638 7612 7613
f 7638 7637 7612
f 7639 7613 7614
f 7638 7613 7639
f 7640 7614 7615
f 7640 7639 7614
f 7641 7615 7616
f 7615 7641 7640
f 7642 7616 7617
f 7616 7642 7641
f 7618 7643 7617
f 7617 7643 7642
f 7644 7618 7619
f 7644 7643 7618
f 7619 7620 7645
f 7619 7645 7644
f 7620 7621 7646
f 7620 7646 7645
f 7621 7622 7647
f 7646 7621 7647
f 7648 7622 7623
f 7647 7622 7648
f 7649 7623 7624
f 7649 7648 7623
f 7650 7624 7625
f 7649 7624 7650
f 7625 7626 7651
f 7650 7625 7651
