MeshVersionFormatted 1
Dimension
3
Vertices
8443
26 0 10.441 0
26 0 10.3631 0
26 0 10 0
25.1396 0 10 0
24.1638 0 10 0
23.3814 0 10 0
25.9076 0 10.0405 0
25.8132 0 9.9418 0
25.3819 0 9.82531 0
24.6131 0 9.78792 0
23.6256 0 9.79495 0
26 0 10.1268 0
22.7436 0 10 0
26 -1 10.2681 0
26 -1 10.3014 0
26 -1 10.2334 0
26 -1 10 0
24.6512 -0.481779 10 0
23.8703 -0.39529 10 0
22.7498 0 9.71313 0
21.7813 0 10 0
26 -1 9.79488 0
22.8309 -0.425771 10 0
25.8734 -1 9.84858 0
25.7771 -1 9.85765 0
25.5574 -1 9.85469 0
24.9457 -1 10 0
24.1261 -1 10 0
23.3605 -1 10 0
26 0 9.62732 0
25.761 0 9.56506 0
25.4619 0 9.52091 0
24.9839 0 9.4617 0
24.3262 0 9.47787 0
23.5868 0 9.49203 0
26 -0.329368 9.739 0
21.9553 0 9.56153 0
21 0 10 0
26 -1 9.30724 0
22.1137 -0.399548 10 0
25.8838 -1 9.31285 0
25.6384 -1 9.40384 0
25.3553 -1 9.45991 0
24.8547 -1 9.57403 0
24.1373 -1 9.64553 0
23.4478 -1 9.74292 0
22.7024 -1 10 0
26 0 9.1218 0
25.692 0 9.09659 0
25.2614 0 9.04954 0
24.7883 0 9.01134 0
24.2088 0 9.05812 0
23.5381 0 9.11241 0
22.862 0 9.26381 0
26 -0.392267 9.23656 0
21.4463 0 9.09913 0
21 0 8.77704 0
26 -0.88951 8.88112 0
21 -1 10 0
26 -1 8.74726 0
25.6451 -1 8.86862 0
25.2413 -1 8.97436 0
24.8022 -1 9.09404 0
24.2128 -1 9.25536 0
23.4943 -1 9.29325 0
22.7839 -1 9.67464 0
21.9671 -1 10 0
25.9465 0 8.59643 0
25.6084 0 8.61676 0
25.1569 0 8.59812 0
24.7023 0 8.55357 0
24.1514 0 8.5615 0
23.569 0 8.61182 0
22.9094 0 8.74295 0
22.266 0 8.81062 0
26 0 8.71084 0
21.3032 0 8.14419 0
21 0 7.8655 0
26 -0.666117 8.40295 0
21 -1 9.28268 0
26 -1 8.18042 0
25.6692 -1 8.31944 0
25.2172 -1 8.43971 0
24.7326 -1 8.57808 0
24.1541 -1 8.79939 0
23.4545 -1 8.71341 0
22.6812 -1 9.21731 0
21.7482 -1 9.39216 0
21 -1 9.60468 0
25.839 0 8.04455 0
25.506 0 8.12784 0
25.1524 0 8.0416 0
24.6783 0 8.01772 0
24.1645 0 8.03405 0
23.6063 0 8.07019 0
23.0085 0 8.12304 0
22.3804 0 8.21324 0
21.8119 0 8.1872 0
21.2599 0 7.34613 0
26 0 8.1892 0
21 0 6.99139 0
26 -0.474858 7.87772 0
21 -1 8.25825 0
26 -1 7.59265 0
25.7492 -1 7.71931 0
25.2856 -1 7.86956 0
24.7784 -1 8.01611 0
24.1569 -1 8.2705 0
23.5197 -1 8.09986 0
22.7293 -1 8.59052 0
22.0481 -1 8.60208 0
21.4659 -1 8.68479 0
21 -1 8.53159 0
25.6913 0 7.57665 0
25.2294 0 7.50219 0
24.7111 0 7.46575 0
24.1816 0 7.47446 0
23.6632 0 7.47951 0
23.109 0 7.49931 0
22.5871 0 7.50346 0
22.1151 0 7.42352 0
21.6477 0 7.43071 0
26 0 7.59765 0
21.1947 0 6.16672 0
21 0 6.19443 0
26 -0.669214 7.21502 0
21 -1 7.31478 0
26 -1 7.08911 0
25.4355 -1 7.27032 0
24.8635 -1 7.42134 0
24.2265 -1 7.67732 0
23.6214 -1 7.46748 0
22.8781 -1 7.90838 0
22.2831 -1 7.87584 0
21.709 -1 7.86251 0
21.361 -1 7.69731 0
21 -1 7.58128 0
25.7149 0 7.00117 0
25.3208 0 6.93705 0
24.7995 0 6.89654 0
24.2336 0 6.86913 0
23.7383 0 6.85016 0
23.2304 0 6.82924 0
22.7183 0 6.78197 0
22.1983 0 6.7419 0
21.7565 0 6.68323 0
21.3858 0 6.55147 0
26 0 7.08533 0
21 0 5.32892 0
26 -0.568494 6.72166 0
21 -0.468729 6.7094 0
26 -1 6.46443 0
25.6001 -1 6.6805 0
25.0225 -1 6.82914 0
24.3601 -1 7.02928 0
23.6352 -1 6.88418 0
22.9935 -1 7.14102 0
22.3622 -1 7.23899 0
21.978 -1 7.02446 0
21.6111 -1 6.8837 0
21.2897 -1 6.79035 0
21 -1 6.56644 0
25.7522 0 6.40813 0
25.4327 0 6.34895 0
24.8439 0 6.3096 0
24.2814 0 6.2572 0
23.8257 0 6.21423 0
23.3319 0 6.17195 0
22.8284 0 6.11567 0
22.3327 0 6.0565 0
21.9019 0 5.96627 0
21.5373 0 5.78666 0
21.276 0 5.43613 0
26 0 6.53538 0
21 -0.346516 4.58814 0
21 -0.425558 4 0
26 -0.514347 6.16318 0
21 -0.562118 5.47815 0
26 -0.831101 5.83957 0
26 -1 6.04744 0
25.32 -1 6.19135 0
24.686 -1 6.34101 0
24.0237 -1 6.43356 0
23.3044 -1 6.29472 0
22.651 -1 6.56658 0
22.2104 -1 6.24489 0
21.7872 -1 6.08936 0
21.4196 -1 5.99114 0
21.0411 -1 5.83239 0
21 -1 6.01522 0
25.719 0 5.79442 0
25.4971 0 5.7554 0
24.9585 0 5.70646 0
24.4118 0 5.62578 0
23.8944 0 5.58272 0
23.3859 0 5.52627 0
22.8948 0 5.46357 0
22.4158 0 5.39087 0
21.9718 0 5.26542 0
21.5394 0 5.05445 0
21.1457 0 4.6521 0
26 0 5.93837 0
21 0 4 0
20.3555 0 4 0
19.0076 -0.269683 4 0
26 -0.423315 5.5682 0
21 -1 4.60764 0
26 -0.757451 5.21358 0
26 -1 5.41029 0
25.3212 -1 5.55066 0
24.7026 -1 5.69385 0
23.9896 -1 5.8749 0
23.4068 -1 5.54488 0
22.7746 -1 5.83791 0
22.2557 -1 5.42424 0
21.7673 -1 5.32794 0
21.4137 -1 5.18176 0
21.1857 -1 5.18598 0
21 -1 5.21275 0
25.7867 0 5.14154 0
25.4993 0 5.20359 0
25.0738 0 5.06388 0
24.5297 0 5.00249 0
23.9769 0 4.94537 0
23.451 0 4.88437 0
22.9413 0 4.81225 0
22.4521 0 4.74048 0
21.9674 0 4.61271 0
21.4913 0 4.46337 0
21.064 0 4.22031 0
20.6388 0 3.93154 0
18.623 0 4 0
26 0 5.30435 0
17 -0.359669 4 0
26 -0.3202 4.97635 0
19.9386 -0.717187 4 0
26 -0.564825 4.56941 0
26 -1 4.77187 0
25.3816 -1 4.90661 0
24.752 -1 5.02819 0
24.0972 -1 5.22762 0
23.5213 -1 4.83512 0
22.8742 -1 5.11898 0
22.3959 -1 4.66288 0
21.9046 -1 4.69911 0
21.4961 -1 4.56925 0
21.1977 -1 4.43436 0
21.0327 -1 4.4141 0
21 -1 4 0
25.8269 0 4.59796 0
25.1895 0 4.48738 0
24.6061 0 4.40458 0
24.0551 0 4.32298 0
23.5082 0 4.25893 0
22.9731 0 4.18253 0
22.4624 0 4.11134 0
21.965 0 4.01019 0
21.4596 0 3.90654 0
20.9561 0 3.77802 0
20.4052 0 3.706 0
19.8613 0 3.8125 0
26 0 4.59635 0
17 0 4 0
17 -0.410603 3.24075 0
26 -0.522351 4.06909 0
17.9103 -0.630493 4 0
26 -1 4.1491 0
25.3752 -1 4.27013 0
24.7546 -1 4.36414 0
24.1551 -1 4.53574 0
23.5744 -1 4.16423 0
22.9867 -1 4.40683 0
22.4459 -1 3.98038 0
21.9241 -1 4.05718 0
21.4466 -1 4.02316 0
21.0144 -1 3.96255 0
20.7603 -1 4.00127 0
20.0271 -1 4 0
19.0372 -0.830399 4 0
25.7487 0 3.99398 0
25.2025 0 3.89922 0
24.6395 0 3.80274 0
24.0918 0 3.70274 0
23.5446 0 3.62873 0
22.9915 0 3.56654 0
22.4756 0 3.49933 0
21.9168 0 3.42496 0
21.3826 0 3.334 0
20.7878 0 3.29785 0
20.1227 0 3.32875 0
19.3501 0 3.43265 0
18.3559 0 3.67132 0
26 0 4.04323 0
17 -0.162432 2.25759 0
17 -0.456086 1.85471 0
26 -0.525058 3.50299 0
17 -1 3.57408 0
26 -1 3.55609 0
25.4111 -1 3.65592 0
24.7968 -1 3.73823 0
24.1673 -1 3.80891 0
23.5556 -1 3.54748 0
23.0051 -1 3.71342 0
22.4689 -1 3.33922 0
21.8919 -1 3.44777 0
21.3626 -1 3.48364 0
20.7966 -1 3.52989 0
20.1261 -1 3.73203 0
19.088 -1 4 0
18.2306 -0.92706 4 0
17 -1 4 0
25.69 0 3.39666 0
25.1864 0 3.30187 0
24.6368 0 3.19778 0
24.0963 0 3.07139 0
23.5388 0 2.97814 0
22.9931 0 2.93557 0
22.4254 0 2.87862 0
21.8271 0 2.79676 0
21.2441 0 2.73224 0
20.6073 0 2.68957 0
19.908 0 2.65254 0
19.0185 0 2.67747 0
18.0797 0 2.68372 0
17 0 2.6383 0
26 0 3.45058 0
17 -0.511886 0.994682 0
17 -1 1.10057 0
26 -0.516519 2.94771 0
17 -0.767339 2.38801 0
26 -1 2.95406 0
25.4594 -1 3.05137 0
24.8855 -1 3.10792 0
24.3198 -1 3.15293 0
23.7568 -1 3.0448 0
23.0762 -1 2.99323 0
22.5289 -1 2.74301 0
21.9688 -1 2.79044 0
21.3909 -1 2.86676 0
20.7786 -1 2.96566 0
20.0865 -1 3.19967 0
19.2532 -1 3.817 0
18.133 -1 4 0
17.4424 -1 3.13196 0
17 -1 2.79504 0
0.897428 2.215 -1 0
0.106665 2.13444 -1 0
-0.588672 2.03318 -1 0
-1.241 1.97278 -1 0
-1.87678 1.88656 -1 0
-2.49591 1.80302 -1 0
-3.08133 1.72592 -1 0
-3.64832 1.66132 -1 0
-4.21146 1.60315 -1 0
-4.76351 1.53936 -1 0
-5.33313 1.47789 -1 0
-5.88585 1.40358 -1 0
-6.42745 1.3209 -1 0
-6.96221 1.23142 -1 0
-7.49322 1.13547 -1 0
-8.03529 1.04163 -1 0
-8.58845 0.94053 -1 0
-9.12165 0.807241 -1 0
-9.65515 0.676926 -1 0
-10.2222 0.58043 -1 0
-10.7757 0.459352 -1 0
-11.3334 0.333187 -1 0
-11.9151 0.225137 -1 0
-12.5045 0.122596 -1 0
-13.0921 0.00607121 -1 0
-13.7162 -0.0873117 -1 0
-14.3842 -0.154058 -1 0
-15.0759 -0.188287 -1 0
-15.7877 -0.196589 -1 0
-16.5178 -0.167144 -1 0
-17.2473 -0.168939 -1 0
-17.9916 -0.186452 -1 0
-18.744 -0.197491 -1 0
-19.5055 -0.206752 -1 0
-20.3014 -0.206227 -1 0
-21.1314 -0.178896 -1 0
-21.9924 -0.14632 -1 0
-23.0105 -0.0537187 -1 0
-24 0.102638 -1 0
-24 0.198284 -0.402362 0
-24 0.179499 0.251231 0
-24 0.161873 1 0
-24.4852 0.103165 1 0
-25.1601 -0.10018 1 0
25.6679 0 2.82717 0
25.1269 0 2.72193 0
24.6081 0 2.55242 0
24.0764 0 2.42057 0
23.5104 0 2.32244 0
22.9375 0 2.32458 0
22.2974 0 2.28483 0
21.7053 0 2.15301 0
21.0606 0 2.10606 0
20.358 0 2.05976 0
19.5838 0 1.92881 0
18.785 0 1.73627 0
17.949 0 1.50053 0
17 0 1.06892 0
17 -0.217007 1.17241 0
4.45417 2.25552 -1 0
3.65333 2.0737 -1 0
2.90348 1.94956 -1 0
2.16961 1.8802 -1 0
1.48429 1.76672 -1 0
0.898327 1.53285 -1 0
0.31964 1.56194 -1 0
-0.315312 1.48324 -1 0
-0.950284 1.4049 -1 0
-1.58166 1.32327 -1 0
-2.1967 1.26022 -1 0
-2.7806 1.18844 -1 0
-3.36216 1.12516 -1 0
-3.93006 1.05363 -1 0
-4.48795 0.976503 -1 0
-5.06462 0.898349 -1 0
-5.63882 0.833429 -1 0
-6.18433 0.757232 -1 0
-6.72704 0.669156 -1 0
-7.26341 0.586976 -1 0
-7.80583 0.495908 -1 0
-8.39661 0.41775 -1 0
-8.95659 0.305906 -1 0
-9.49179 0.167435 -1 0
-10.0383 0.0331099 -1 0
-10.6064 -0.0837076 -1 0
-11.175 -0.207952 -1 0
-11.7636 -0.317832 -1 0
-12.3648 -0.421344 -1 0
-12.9814 -0.51278 -1 0
-13.6049 -0.616711 -1 0
-14.249 -0.715687 -1 0
-14.921 -0.782099 -1 0
-15.6158 -0.833364 -1 0
-16.329 -0.859775 -1 0
-17.0589 -0.870149 -1 0
-17.7924 -0.890099 -1 0
-18.5401 -0.906984 -1 0
-19.305 -0.917597 -1 0
-20.0869 -0.925338 -1 0
-20.9026 -0.912103 -1 0
-21.7458 -0.882888 -1 0
-22.6118 -0.837865 -1 0
-23.5405 -0.755744 -1 0
-24 -0.671233 -1 0
-24 -0.638189 -0.0565875 0
-24 -0.638714 0.599287 0
-24 -0.671153 1 0
-24.9433 -0.766911 1 0
-25.7863 -0.682648 1 0
-26.4818 -0.829082 1 0
26 0 2.86988 0
17 -1 0.529284 0
16.554 -1 0.216727 0
5.77957 1.70914 -1 0
5.03783 1.75891 -1 0
4.39742 1.41193 -1 0
3.79228 1.40754 -1 0
3.11532 1.30781 -1 0
2.43172 1.22048 -1 0
1.76353 1.11767 -1 0
1.12973 0.960216 -1 0
0.475367 0.88343 -1 0
-0.131838 0.852204 -1 0
-0.751383 0.791327 -1 0
-1.36974 0.729009 -1 0
-1.97748 0.66023 -1 0
-2.5491 0.599566 -1 0
-3.14167 0.541869 -1 0
-3.72405 0.467477 -1 0
-4.29501 0.378566 -1 0
-4.85132 0.300871 -1 0
-5.4265 0.237406 -1 0
-6.00162 0.169092 -1 0
-6.54788 0.0802923 -1 0
-7.09121 -0.00999131 -1 0
-7.65405 -0.099006 -1 0
-8.23575 -0.187884 -1 0
-8.82089 -0.277906 -1 0
-9.37525 -0.397367 -1 0
-9.93025 -0.52781 -1 0
-10.4991 -0.653963 -1 0
-11.0778 -0.786301 -1 0
-11.6559 -0.911056 -1 0
-12.254 -1.03555 -1 0
-12.8863 -1.12502 -1 0
-13.5199 -1.22348 -1 0
-14.1603 -1.33569 -1 0
-14.8246 -1.42881 -1 0
-15.5061 -1.50111 -1 0
-16.2028 -1.56149 -1 0
-16.9283 -1.59602 -1 0
-17.6611 -1.62513 -1 0
-18.4005 -1.65143 -1 0
-19.1566 -1.6684 -1 0
-19.9273 -1.68008 -1 0
-20.7255 -1.67959 -1 0
-21.546 -1.66288 -1 0
-22.3835 -1.6273 -1 0
-23.2271 -1.58742 -1 0
-24 -1.53622 -1 0
-24 -1.49839 -0.250969 0
-24 -1.47571 0.460799 0
-24 -1.47917 1 0
-24.7699 -1.5173 1 0
-25.5371 -1.50001 1 0
-26.2581 -1.54746 1 0
-26.9905 -1.50489 1 0
16.5449 -1 0.595815 0
5.34619 0.856808 -1 0
4.64201 0.737873 -1 0
3.92809 0.639751 -1 0
3.26745 0.597883 -1 0
2.6056 0.521937 -1 0
1.94858 0.446814 -1 0
1.30188 0.334289 -1 0
0.647488 0.251052 -1 0
0.0115322 0.205331 -1 0
-0.610461 0.142151 -1 0
-1.21656 0.0886001 -1 0
-1.81848 0.0279211 -1 0
-2.39162 -0.0446282 -1 0
-2.98582 -0.0942091 -1 0
-3.57932 -0.149498 -1 0
-4.15701 -0.221968 -1 0
-4.72502 -0.287464 -1 0
-5.29435 -0.375227 -1 0
-5.86641 -0.4484 -1 0
-6.42198 -0.527094 -1 0
-6.97395 -0.618738 -1 0
-7.54188 -0.722103 -1 0
-8.13149 -0.803711 -1 0
-8.71897 -0.894723 -1 0
-9.28897 -1.00029 -1 0
-9.85204 -1.11974 -1 0
-10.4312 -1.23559 -1 0
-11.0138 -1.36618 -1 0
-11.6091 -1.50135 -1 0
-12.1998 -1.64869 -1 0
-12.8259 -1.75917 -1 0
-13.4615 -1.87432 -1 0
-14.1101 -1.98112 -1 0
-14.7701 -2.0926 -1 0
-15.4498 -2.18844 -1 0
-16.1433 -2.2627 -1 0
-16.8524 -2.31874 -1 0
-17.5719 -2.36836 -1 0
-18.305 -2.40723 -1 0
-19.0548 -2.43191 -1 0
-19.8185 -2.44904 -1 0
-20.607 -2.45509 -1 0
-21.3976 -2.45245 -1 0
-22.2329 -2.43349 -1 0
-23.0827 -2.40806 -1 0
-24 -2.37911 -1 0
-24 -2.33552 -0.345724 0
-24 -2.30543 0.361956 0
-24 -2.29837 1 0
-24.6145 -2.31333 1 0
-25.3689 -2.30029 1 0
-26.1009 -2.34173 1 0
-26.8159 -2.37314 1 0
26 -0.390886 2.45545 0
17 -1 1.5157 0
16.5245 -1 0.731494 0
5.55891 0.0589868 -1 0
4.84138 0.022207 -1 0
4.12881 -0.0697503 -1 0
3.42494 -0.134508 -1 0
2.76189 -0.189889 -1 0
2.0989 -0.244675 -1 0
1.43934 -0.307538 -1 0
0.784303 -0.378951 -1 0
0.14553 -0.428016 -1 0
-0.479809 -0.470322 -1 0
-1.08733 -0.527257 -1 0
-1.68291 -0.597055 -1 0
-2.27515 -0.654819 -1 0
-2.86114 -0.721856 -1 0
-3.45478 -0.782902 -1 0
-4.03813 -0.832647 -1 0
-4.61072 -0.899803 -1 0
-5.18761 -0.985344 -1 0
-5.76187 -1.063 -1 0
-6.31654 -1.14129 -1 0
-6.88456 -1.22295 -1 0
-7.44892 -1.32613 -1 0
-8.03797 -1.40623 -1 0
-8.62615 -1.49476 -1 0
-9.21244 -1.59603 -1 0
-9.78098 -1.71412 -1 0
-10.3671 -1.83341 -1 0
-10.961 -1.95766 -1 0
-11.5664 -2.07886 -1 0
-12.1738 -2.22429 -1 0
-12.7739 -2.39706 -1 0
-13.4086 -2.52729 -1 0
-14.0647 -2.63736 -1 0
-14.7246 -2.76082 -1 0
-15.3934 -2.89734 -1 0
-16.0855 -2.97731 -1 0
-16.779 -3.04499 -1 0
-17.4943 -3.11224 -1 0
-18.2196 -3.16812 -1 0
-18.9567 -3.19927 -1 0
-19.7071 -3.22469 -1 0
-20.4825 -3.23522 -1 0
-21.2674 -3.23584 -1 0
-22.0866 -3.22512 -1 0
-22.8973 -3.22486 -1 0
-24 -3.20624 -1 0
-24 -3.18801 -0.521366 0
-24 -3.14614 0.21548 0
-24 -3.11792 1 0
-24.583 -3.13409 1 0
-25.2287 -3.11597 1 0
-25.9238 -3.11992 1 0
-26.6237 -3.20489 1 0
26 -1 2.3272 0
25.505 -1 2.4492 0
24.9739 -1 2.50374 0
24.4298 -1 2.49719 0
23.8863 -1 2.45735 0
23.2967 -1 2.37223 0
22.7459 -1 2.16355 0
22.136 -1 2.09734 0
21.5268 -1 2.13854 0
20.9118 -1 2.22789 0
20.2243 -1 2.36912 0
19.4808 -1 2.57625 0
18.6928 -1 2.59583 0
17.9482 -1 2.36267 0
17.3788 -1 2.0713 0
17 -1 1.81737 0
5.02681 -0.649394 -1 0
4.32287 -0.759599 -1 0
3.61369 -0.815734 -1 0
2.92307 -0.88997 -1 0
2.25986 -0.933196 -1 0
1.58308 -0.955218 -1 0
0.927274 -1.01105 -1 0
0.284787 -1.05751 -1 0
-0.338306 -1.07969 -1 0
-0.948534 -1.12163 -1 0
-1.54684 -1.1804 -1 0
-2.13468 -1.23205 -1 0
-2.7316 -1.31149 -1 0
-3.3113 -1.39514 -1 0
-3.89256 -1.45686 -1 0
-4.47541 -1.51971 -1 0
-5.05424 -1.59158 -1 0
-5.61476 -1.66439 -1 0
-6.18214 -1.74603 -1 0
-6.75609 -1.82751 -1 0
-7.34168 -1.91768 -1 0
-7.92274 -2.01322 -1 0
-8.5026 -2.10648 -1 0
-9.09505 -2.18177 -1 0
-9.68407 -2.29651 -1 0
-10.2694 -2.43017 -1 0
-10.8597 -2.57129 -1 0
-11.4725 -2.68079 -1 0
-12.0854 -2.82419 -1 0
-12.7055 -2.98908 -1 0
-13.3385 -3.14513 -1 0
-13.9884 -3.2891 -1 0
-14.6404 -3.44109 -1 0
-15.305 -3.58637 -1 0
-15.986 -3.70311 -1 0
-16.6764 -3.78382 -1 0
-17.3832 -3.87405 -1 0
-18.1021 -3.94107 -1 0
-18.8335 -3.98307 -1 0
-19.5727 -4.00773 -1 0
-20.3279 -4.02393 -1 0
-21.0973 -4.03155 -1 0
-21.8642 -4.03415 -1 0
-22.641 -4.02644 -1 0
-23.4043 -4.01804 -1 0
-24 -4.00735 -1 0
-24 -3.98679 -0.0495774 0
-24 -3.92679 1 0
-24.4457 -3.92029 1 0
-25.0737 -3.98415 1 0
-25.6818 -3.85849 1 0
1.75006 -1.57218 -1 0
1.10349 -1.65951 -1 0
0.464098 -1.67705 -1 0
-0.160002 -1.69653 -1 0
-0.765709 -1.7229 -1 0
-1.36228 -1.79097 -1 0
-1.95624 -1.83262 -1 0
-2.54275 -1.89895 -1 0
-3.12094 -1.97769 -1 0
-3.69277 -2.06135 -1 0
-4.29319 -2.11213 -1 0
-4.87111 -2.17935 -1 0
-5.43861 -2.25624 -1 0
-6.0088 -2.33659 -1 0
-6.58592 -2.42115 -1 0
-7.17194 -2.50486 -1 0
-7.75475 -2.59462 -1 0
-8.3267 -2.69464 -1 0
-8.9197 -2.77388 -1 0
-9.51661 -2.87006 -1 0
-10.1179 -2.97599 -1 0
-10.7012 -3.13168 -1 0
-11.3118 -3.26773 -1 0
-11.9279 -3.42248 -1 0
-12.5499 -3.59204 -1 0
-13.1827 -3.76885 -1 0
-13.8354 -3.92619 -1 0
-14.4881 -4.10468 -1 0
-15.1473 -4.27388 -1 0
-15.8177 -4.42064 -1 0
-16.5071 -4.53192 -1 0
-17.2081 -4.65407 -1 0
-17.9204 -4.73325 -1 0
-18.6456 -4.78367 -1 0
-19.3758 -4.80087 -1 0
-20.1163 -4.81888 -1 0
-20.8694 -4.83216 -1 0
-21.6171 -4.83322 -1 0
-22.3586 -4.83138 -1 0
-23.0701 -4.82923 -1 0
-23.6676 -4.82128 -1 0
-24 -4.80905 -1 0
-24 -4.78023 0.461705 0
-24 -4.64693 1 0
5.32796 3 -0.944663 0
4.57198 3 -0.910233 0
3.83106 3 -1 0
3.08686 3 -1 0
2.36009 3 -1 0
1.72098 3 -1 0
1.1027 3 -1 0
0.405491 2.68764 -1 0
-0.300582 2.57791 -1 0
-0.984125 2.48158 -1 0
-1.63198 2.4001 -1 0
-2.26123 2.337 -1 0
-2.86113 2.27526 -1 0
-3.43402 2.21095 -1 0
-3.99817 2.15989 -1 0
-4.56362 2.09336 -1 0
-5.12147 2.05165 -1 0
-5.65435 1.98086 -1 0
-6.19487 1.89549 -1 0
-6.72349 1.80956 -1 0
-7.24613 1.70802 -1 0
-7.77775 1.61942 -1 0
-8.30285 1.51785 -1 0
-8.83356 1.39775 -1 0
-9.35015 1.26607 -1 0
-9.87446 1.13085 -1 0
-10.4318 1.02626 -1 0
-10.9694 0.891394 -1 0
-11.5224 0.766997 -1 0
-12.0881 0.653909 -1 0
-12.6662 0.547238 -1 0
-13.2613 0.448481 -1 0
-13.898 0.374954 -1 0
-14.5764 0.342049 -1 0
-15.2771 0.352761 -1 0
-16.0003 0.416584 -1 0
-16.7385 0.498388 -1 0
-17.4829 0.495369 -1 0
-18.2297 0.439452 -1 0
-18.9781 0.398647 -1 0
-19.7471 0.428094 -1 0
-20.5288 0.419427 -1 0
-21.3223 0.439541 -1 0
-22.1794 0.474334 -1 0
-23.0505 0.644004 -1 0
-24 1 -1 0
-24 1 -0.212405 0
-24 1 0.43946 0
-24 1 1 0
-25.1194 0.571422 1 0
-25.9673 0.590687 1 0
-26.6977 0.598138 1 0
-27.3641 0.682887 1 0
12.403 2.18832 -1 0
11.5395 2.35938 -1 0
10.7429 2.39276 -1 0
9.98705 2.41108 -1 0
9.24387 2.42371 -1 0
8.5224 2.45531 -1 0
7.82115 2.51647 -1 0
7.14736 2.62476 -1 0
6.47702 2.75711 -1 0
5.8556 3 -1 0
5.32074 3 -0.944952 0
4.76724 3 -1 0
4.09105 3 -1 0
3.3524 2.62302 -1 0
2.57539 2.47255 -1 0
1.7453 2.44409 -1 0
-25.7413 0.106004 1 0
-26.4465 -0.0511962 1 0
-27.2536 0.130512 1 0
-28.0913 1 1 0
-28.8552 1 1 0
-29.5063 0.351259 1 0
25.6032 0 2.30739 0
25.1192 0 2.09305 0
24.5806 0 1.93972 0
23.9968 0 1.79416 0
23.3712 0 1.6698 0
22.7621 0 1.78393 0
22.1692 0 1.5709 0
22.4068 0 0.950944 0
21.4833 0 1.55594 0
21.821 0 0.9994 0
20.794 0 1.49385 0
21.1764 0 0.961275 0
20.0736 0 1.3874 0
20.5071 0 0.888159 0
19.3206 0 1.145 0
19.8128 0 0.763372 0
18.5848 0 0.744342 0
19.0918 0 0.420837 0
17.7679 0 -0 0
18.3494 0 -0 0
17 0 -0 0
17.7048 0.291783 -0 0
17 -0.0330159 0.46049 0
17 0.425929 -0 0
17 -0.244187 0.430549 0
17 0.202775 0.00416112 0
17 -0.0281734 0.157515 0
17 -1 -0.0631929 0
16.3877 -1 -0.529762 0
15.614 -1 -1 0
14.678 0.193074 -1 0
13.7284 0.988507 -1 0
12.9289 1.32922 -1 0
12.2335 1.39493 -1 0
11.6113 1.63361 -1 0
10.8887 1.68873 -1 0
10.1541 1.73362 -1 0
9.42042 1.76265 -1 0
8.69674 1.80878 -1 0
7.98709 1.87486 -1 0
7.30278 1.98877 -1 0
6.71081 2.22305 -1 0
6.07041 2.33928 -1 0
5.30516 3 -1 0
-27.1253 -0.613281 1 0
-27.8568 -0.245422 1 0
-28.5823 -0.106305 1 0
-29.2792 -0.401552 1 0
-29.9821 -0.559415 1 0
16.2022 -1 -0.216162 0
15.6305 -1 -0.653824 0
14.8268 -1 -1 0
13.9542 -0.109455 -1 0
13.1581 0.381841 -1 0
12.3975 0.661454 -1 0
11.6651 0.792869 -1 0
10.9704 0.946187 -1 0
10.262 1.02198 -1 0
9.54309 1.0689 -1 0
8.82162 1.11189 -1 0
8.10069 1.19218 -1 0
7.35614 1.30862 -1 0
6.58998 1.56251 -1 0
-27.6873 -1.31564 1 0
-28.4023 -1.19919 1 0
-29.1053 -1.27085 1 0
-29.7952 -1.4016 1 0
-30.4865 -1.47571 1 0
26 0 2.20982 0
16.0308 -1 0.0154975 0
15.541 -1 -0.496959 0
14.8278 -1 -1 0
14.0422 -0.612673 -1 0
13.269 -0.271935 -1 0
12.5058 -0.00903771 -1 0
11.7717 0.0968736 -1 0
11.036 0.227646 -1 0
10.3322 0.309671 -1 0
9.62253 0.365887 -1 0
8.91636 0.409051 -1 0
8.2108 0.481262 -1 0
7.50098 0.592605 -1 0
6.78147 0.754046 -1 0
6.07129 0.840349 -1 0
-27.522 -2.2753 1 0
-28.2364 -2.1505 1 0
-28.9545 -2.13884 1 0
-29.6394 -2.25606 1 0
-30.3052 -2.34564 1 0
26 -0.536226 1.94594 0
15.9925 -1 0.205591 0
15.3733 -1 -0.350033 0
14.7571 -1 -1 0
14.0737 -0.913413 -1 0
13.3355 -0.786929 -1 0
12.5838 -0.638004 -1 0
11.8429 -0.542008 -1 0
11.1157 -0.462361 -1 0
10.401 -0.393527 -1 0
9.69194 -0.334502 -1 0
8.98869 -0.289248 -1 0
8.2891 -0.22904 -1 0
7.60121 -0.147496 -1 0
6.93188 -0.0106156 -1 0
6.23552 0.0688645 -1 0
-27.3446 -3.19951 1 0
-28.0348 -3.06481 1 0
-28.7727 -3.00069 1 0
-29.4623 -3.12852 1 0
-30.1281 -3.25945 1 0
26 -1 1.7404 0
25.6435 -1 1.85607 0
25.1084 -1 1.90612 0
24.5473 -1 1.87992 0
23.9988 -1 1.79287 0
23.4941 -1 1.78151 0
22.9957 -1 1.52424 0
22.4096 -1 1.39459 0
21.7689 -1 1.37382 0
21.1342 -1 1.40798 0
20.5002 -1 1.52916 0
19.8199 -1 1.60248 0
19.1757 -1 1.57732 0
18.5115 -1 1.42752 0
17.8922 -1 1.28966 0
17.4741 -1 1.08469 0
16.9956 -1 0.895072 0
16.5561 -1 0.381213 0
16.006 -1 0.0377277 0
15.3988 -1 -0.377536 0
14.7757 -1 -1 0
14.1171 -1.02629 -1 0
13.407 -1.1922 -1 0
12.6557 -1.16854 -1 0
11.9282 -1.16824 -1 0
11.205 -1.12571 -1 0
10.492 -1.08021 -1 0
9.78123 -1.0342 -1 0
9.0727 -0.998305 -1 0
8.36285 -0.944501 -1 0
7.66298 -0.889093 -1 0
6.99693 -0.812699 -1 0
6.40457 -0.636011 -1 0
5.75683 -0.744496 -1 0
-26.3202 -4.0235 1 0
-27.0729 -4.02925 1 0
-27.8828 -4.04369 1 0
-28.5203 -3.76874 1 0
-29.2023 -3.94612 1 0
12.7555 -1.67774 -1 0
12.0513 -1.80511 -1 0
11.3398 -1.79951 -1 0
10.6264 -1.76343 -1 0
9.9131 -1.72048 -1 0
9.20483 -1.71189 -1 0
8.48489 -1.65584 -1 0
7.75805 -1.61606 -1 0
7.02001 -1.56956 -1 0
6.30178 -1.41049 -1 0
5.61548 -1.50309 -1 0
5.12366 -1.27524 -1 0
4.51388 -1.41175 -1 0
3.83077 -1.459 -1 0
3.14321 -1.52828 -1 0
2.43825 -1.62476 -1 0
-24.7532 -4.80505 1 0
-25.6602 -4.73938 1 0
-26.6027 -4.84659 1 0
-27.4551 -4.82739 1 0
-28.1737 -4.9228 1 0
-28.7104 -4.59076 1 0
5.69965 -2.06802 -1 0
4.91938 -1.97903 -1 0
4.14385 -2.05574 -1 0
3.44212 -2.12678 -1 0
2.79154 -2.21367 -1 0
2.22608 -2.49784 -1 0
1.83887 -2.1935 -1 0
1.29892 -2.36765 -1 0
0.688162 -2.33662 -1 0
0.0775509 -2.26259 -1 0
-0.51578 -2.25997 -1 0
-1.11201 -2.27913 -1 0
-1.7158 -2.33056 -1 0
-2.29446 -2.43052 -1 0
-2.87262 -2.51648 -1 0
-3.44876 -2.57842 -1 0
-4.03307 -2.63744 -1 0
-4.61821 -2.70835 -1 0
-5.1951 -2.78936 -1 0
-5.76548 -2.87881 -1 0
-6.34019 -2.95229 -1 0
-6.92684 -3.02265 -1 0
-7.51869 -3.09469 -1 0
-8.09157 -3.19298 -1 0
-8.66647 -3.30579 -1 0
-9.27111 -3.3987 -1 0
-9.87798 -3.49441 -1 0
-10.4637 -3.64188 -1 0
-11.0719 -3.7655 -1 0
-11.6877 -3.93462 -1 0
-12.3109 -4.11301 -1 0
-12.9412 -4.31898 -1 0
-13.5868 -4.52188 -1 0
-14.2527 -4.70094 -1 0
-14.9143 -4.91098 -1 0
-15.5803 -5.10642 -1 0
-16.2647 -5.23724 -1 0
-16.9643 -5.4032 -1 0
-17.6745 -5.49374 -1 0
-18.3887 -5.55605 -1 0
-19.1137 -5.5827 -1 0
-19.8446 -5.60265 -1 0
-20.5814 -5.61338 -1 0
-21.3264 -5.60512 -1 0
-22.0689 -5.60218 -1 0
-22.7978 -5.60439 -1 0
-23.4826 -5.5974 -1 0
-24 -5.60353 -1 0
-24 -5.55719 0.132228 0
-24 -5.46025 1 0
-25.1114 -5.63388 1 0
-25.9882 -5.55273 1 0
-26.6058 -5.60441 1 0
5.72477 3 -0.94088 0
5.03518 3 -0.957429 0
4.31709 3 -0.975353 0
3.55906 3 -0.983762 0
2.81145 3 -0.994078 0
2.07208 3 -1.02701 0
1.32852 3 -1.00414 0
0.660358 3 -1 0
-0.0695663 3 -1 0
-0.803156 2.87175 -1 0
-1.45538 2.82192 -1 0
-2.09371 2.76841 -1 0
-2.70124 2.74686 -1 0
-3.29019 2.7096 -1 0
-3.84308 2.66494 -1 0
-4.39364 2.61896 -1 0
-4.95249 2.56217 -1 0
-5.484 2.48747 -1 0
-6.00663 2.39981 -1 0
-6.53328 2.3094 -1 0
-7.05387 2.22368 -1 0
-7.57133 2.13705 -1 0
-8.0843 2.02799 -1 0
-8.59431 1.91714 -1 0
-9.09116 1.78504 -1 0
-9.57581 1.63449 -1 0
-10.1047 1.51291 -1 0
-10.641 1.38088 -1 0
-11.1712 1.25316 -1 0
-11.6946 1.09916 -1 0
-12.2497 0.971667 -1 0
-12.8367 0.869511 -1 0
-13.4756 0.792303 -1 0
-14.1216 0.728538 -1 0
-14.8205 0.75819 -1 0
-15.5148 1 -1 0
-16.2401 1 -1 0
-16.9726 1 -1 0
-17.724 1 -1 0
-18.4763 1 -1 0
-19.2319 1 -1 0
-20.003 1 -1 0
-20.7717 1 -1 0
-21.533 1 -1 0
-22.3151 1 -1 0
-23.0557 1 -1 0
-23.6094 1 -0.522113 0
-23.9003 1 0.0379533 0
-24.2605 1 0.480519 0
-24.8294 1 1 0
-25.5616 1 1 0
-26.3544 1 1 0
-27.136 1 1 0
-27.8912 1 0.867232 0
14.8261 3 -1 0
13.867 3 -1 0
12.9678 3 -1 0
12.0797 3 -1 0
11.2844 3 -1 0
10.5084 3 -1 0
9.75285 3 -1 0
9.01126 3 -1 0
8.28196 3 -1 0
7.55491 3 -1 0
6.81398 3 -1 0
6.11596 3 -1 0
-27.8745 1 1 0
-28.5878 1 0.932868 0
-29.4337 1 1 0
-30.2203 0.738166 1 0
-30.9354 0.639665 1 0
19.3333 0 -0 0
18.7162 0 -0 0
18.0563 0.455333 -0 0
17.4669 0.722856 -0 0
17 0.824841 -0 0
17 0.768089 -0.0115947 0
17 0.41235 -0.113146 0
17 -1 -0.474077 0
17 -1 -1 0
15.3974 1.02038 -1 0
14.2745 1.65075 -1 0
13.3124 2.11326 -1 0
-30.1174 0.232419 1 0
-30.8213 0.0952939 1 0
-31.6029 0.216785 1 0
-32.3215 0.0983624 1 0
25.8035 0 1.82587 0
25.1618 0 1.51866 0
25.3695 0 1.08957 0
24.5109 0 1.36648 0
24.8247 0 0.967114 0
23.8513 0 1.1936 0
24.2106 0 0.83197 0
23.3147 0 1.01023 0
23.552 0 0.582588 0
22.8406 0 1.23597 0
22.8764 0 0.561886 0
-30.6486 -0.646634 1 0
-31.3637 -0.623962 1 0
-32.0355 -0.652874 1 0
-32.6031 -0.77362 1 0
-31.1707 -1.4769 1 0
-31.8468 -1.50063 1 0
-32.4243 -1.5855 1 0
-33 -1.63786 1 0
26 0 1.67661 0
-30.9872 -2.33094 1 0
-31.6619 -2.34447 1 0
-32.2975 -2.43356 1 0
-33 -2.48789 1 0
26 -0.522031 1.47048 0
-30.7681 -3.21914 1 0
-31.4593 -3.17495 1 0
-32.0534 -3.25168 1 0
-32.6363 -3.32288 1 0
26 -0.916356 1.23933 0
26 -1 1.25892 0
25.3708 -1 1.29827 0
24.7847 -1 1.2953 0
24.1675 -1 1.16784 0
23.5259 -1 1.03145 0
-29.8744 -4.11483 1 0
-30.5952 -4.2088 1 0
-31.1887 -3.94058 1 0
-31.809 -4.07713 1 0
22.8428 -1 0.62544 0
22.1122 -1 0.611308 0
21.4264 -1 0.60229 0
20.7646 -1 0.658903 0
20.1772 -1 0.833191 0
19.6397 -1 0.638021 0
19.0392 -1 0.553612 0
18.4584 -1 0.447423 0
17.8774 -1 0.360113 0
17.3777 -1 0.296967 0
16.9081 -1 0.0899805 0
16.4007 -1 -0.182633 0
15.9155 -1 -0.408593 0
15.4302 -1 -0.535927 0
14.8318 -1 -0.817421 0
14.2225 -1 -1 0
13.4931 -1.59726 -1 0
-29.4057 -4.89518 1 0
-30.1556 -5.01792 1 0
-30.8452 -5.07619 1 0
-31.355 -4.7555 1 0
13.7693 -1.9478 -1 0
13.1648 -2.3653 -1 0
12.7536 -2.22097 -1 0
12.1677 -2.43275 -1 0
11.5054 -2.47873 -1 0
10.7969 -2.40234 -1 0
10.0871 -2.35056 -1 0
9.38129 -2.3735 -1 0
8.67191 -2.32463 -1 0
7.95039 -2.2915 -1 0
7.212 -2.30802 -1 0
6.43458 -2.25717 -1 0
-27.2165 -5.60522 1 0
-27.9681 -5.65365 1 0
-28.7819 -5.56623 1 0
-29.5575 -5.76318 1 0
-30.1576 -5.69535 1 0
5.75112 -2.62162 -1 0
5.09322 -2.57224 -1 0
4.39752 -2.5434 -1 0
3.68967 -2.56543 -1 0
3.02092 -2.74008 -1 0
2.3598 -3 -1 0
1.663 -3 -1 0
1.01898 -3 -1 0
0.379833 -2.70371 -1 0
-0.195591 -2.68209 -1 0
-0.78923 -2.69957 -1 0
-1.38942 -2.75322 -1 0
-1.97183 -2.84486 -1 0
-2.55278 -2.94588 -1 0
-3.13026 -3.04438 -1 0
-3.71423 -3.09905 -1 0
-4.30129 -3.17769 -1 0
-4.88335 -3.24679 -1 0
-5.46054 -3.31814 -1 0
-6.03068 -3.39073 -1 0
-6.61182 -3.45889 -1 0
-7.19687 -3.52931 -1 0
-7.78136 -3.60188 -1 0
-8.3654 -3.69632 -1 0
-8.95361 -3.8091 -1 0
-9.56008 -3.91324 -1 0
-10.1554 -4.04645 -1 0
-10.7565 -4.18788 -1 0
-11.369 -4.33781 -1 0
-11.9959 -4.51108 -1 0
-12.6272 -4.71998 -1 0
-13.263 -4.97438 -1 0
-13.9331 -5.18134 -1 0
-14.606 -5.43898 -1 0
-15.2804 -5.66673 -1 0
-15.9565 -5.85742 -1 0
-16.6569 -6.0393 -1 0
-17.3668 -6.30325 -1 0
-18.0807 -6.40646 -1 0
-18.7988 -6.32636 -1 0
-19.5188 -6.32353 -1 0
-20.2471 -6.34149 -1 0
-20.9734 -6.31253 -1 0
-21.7168 -6.31392 -1 0
-22.4706 -6.33428 -1 0
-23.2465 -6.31229 -1 0
-24 -6.32431 -1 0
-24 -6.38316 -0.0216857 0
-24 -6.26458 1 0
-24.5247 -6.26278 1 0
-25.2191 -6.3978 1 0
-25.9046 -6.30513 1 0
-26.6783 -6.29498 1 0
-27.5209 -6.32611 1 0
-0.0997835 3 -1.03145 0
-0.651855 3 -1 0
-1.35524 3.10986 -1 0
-1.97162 3.17059 -1 0
-2.56523 3.18062 -1 0
-3.1554 3.16336 -1 0
-3.7246 3.13717 -1 0
-4.26164 3.10799 -1 0
-4.81353 3.05298 -1 0
-5.34325 2.98946 -1 0
-5.86185 2.91324 -1 0
-6.38147 2.84189 -1 0
-6.89772 2.7501 -1 0
-7.40673 2.66415 -1 0
-7.88432 2.54925 -1 0
-8.38407 2.43306 -1 0
-8.86505 2.30278 -1 0
-9.3218 2.15603 -1 0
-9.83161 2.02337 -1 0
-10.3171 1.86413 -1 0
-10.8307 1.71731 -1 0
-11.2944 1.51612 -1 0
-11.815 1.33634 -1 0
-12.3791 1.19419 -1 0
-13.0496 1.09787 -1 0
-13.7424 0.990088 -1 0
-14.377 0.928827 -1 0
-14.9943 1 -1 0
-15.7216 1 -1.00505 0
-16.4428 1 -0.985495 0
-17.191 1 -0.99873 0
-17.9423 1 -1.01708 0
-18.7017 1 -1.08928 0
-19.461 1 -1.06675 0
-20.2162 1 -1.0131 0
-20.9718 1 -1.01322 0
-21.7141 1 -0.976056 0
-22.4018 1 -0.854016 0
-23.0528 1 -0.6651 0
-23.6012 1 -0.309553 0
-24.0635 1 0.0637953 0
-24.5863 1 0.369838 0
-25.2098 1 0.530735 0
-25.9331 1 0.682721 0
-26.7205 1 0.710083 0
13.1197 3 -1.00231 0
12.4745 3 -0.987566 0
11.7781 3 -0.986863 0
11.0213 3 -0.966735 0
10.2533 3 -0.952793 0
9.50361 3 -0.998259 0
8.75702 3 -0.962642 0
8.0031 3 -0.964477 0
7.22762 3 -0.997939 0
6.41682 3 -1.02534 0
-28.3477 1 0.740412 0
-29.0867 1 0.851093 0
-29.8398 1 1 0
-30.6353 1 1 0
19.6331 0.581896 -0 0
19.0088 0.758516 -0 0
18.4134 0.916361 -0 0
17.8721 1.16137 -0 0
17.3845 1.39229 -0 0
17 1.59168 -0 0
17 1.8601 -0 0
17 2.06567 -0.382554 0
17 3 -1 0
15.7804 3 -1 0
-31.4274 1 1 0
-32.2034 1 1 0
-33 1 1 0
23.6532 0 -0 0
23.0959 0 -0 0
22.1965 0 0.463345 0
22.5095 0 -0 0
21.5441 0 0.443014 0
21.8919 0 -0 0
20.9012 0 0.43298 0
21.2374 0 -0 0
20.2814 0 0.37061 0
20.6169 0 -0 0
19.6818 0 0.331751 0
19.9955 0 -0 0
-33 0.0890099 1 0
-33 0.0414878 0.750973 0
26 0 1.30207 0
25.666 0 0.850298 0
-33 -0.799638 1 0
26 0 0.92416 0
-33 -1.67828 0.748234 0
26 -0.130099 1.19978 0
-33 -2.52898 0.837686 0
26 -0.655531 0.991322 0
-33 -3.36437 1 0
26 -1 0.799417 0
-32.3933 -4.19017 1 0
25.6042 -1 0.746145 0
25.02 -1 0.738242 0
24.519 -1 0.694855 0
24.0055 -1 0.451265 0
23.4704 -1 0.0785289 0
22.9911 -1 -0.254241 0
22.4083 -1 -0.167741 0
21.7426 -1 -0.191656 0
21.0417 -1 -0.225076 0
20.2791 -1 -0.135148 0
-31.9802 -4.9767 1 0
-32.6203 -5.10131 1 0
19.5716 -1 -0.192716 0
18.9459 -1 -0.252157 0
18.361 -1 -0.330664 0
17.7844 -1 -0.367254 0
17.2605 -1 -0.441694 0
16.731 -1 -0.516832 0
16.1803 -1 -0.688799 0
15.6025 -1 -0.838387 0
14.9963 -1 -1 0
14.3512 -1 -1 0
-30.7538 -5.73685 1 0
-31.4382 -5.66517 1 0
-32.0735 -5.77394 1 0
13.6944 -3 -1 0
13.1631 -3 -1 0
12.4894 -3 -1 0
11.7521 -3 -1 0
11.0211 -3 -1 0
10.3007 -3 -1 0
9.59214 -3 -1 0
8.89088 -3 -1 0
8.19027 -3 -1 0
7.48953 -3 -1 0
6.7879 -3 -1 0
6.11236 -3 -1 0
-28.3224 -6.40662 1 0
-28.9788 -6.43913 1 0
-29.6283 -6.48211 1 0
-30.295 -6.28453 1 0
5.31279 -3 -1 0
4.62475 -3 -1 0
3.92734 -3 -1 0
3.27094 -3 -1 0
2.60257 -3 -1 0
1.91664 -3 -0.978425 0
1.27471 -3 -0.983822 0
0.712485 -3 -1 0
0.186591 -3 -1 0
-0.385763 -3.01557 -1 0
-0.999766 -3.05628 -1 0
-1.59383 -3.17753 -1 0
-2.17932 -3.30561 -1 0
-2.76575 -3.40805 -1 0
-3.3583 -3.49499 -1 0
-3.93576 -3.57602 -1 0
-4.52435 -3.63695 -1 0
-5.1101 -3.69667 -1 0
-5.68083 -3.7772 -1 0
-6.24879 -3.85398 -1 0
-6.83589 -3.91943 -1 0
-7.41949 -3.99229 -1 0
-8.00437 -4.07999 -1 0
-8.59393 -4.16913 -1 0
-9.18467 -4.27669 -1 0
-9.78158 -4.39145 -1 0
-10.3806 -4.51955 -1 0
-10.991 -4.66917 -1 0
-11.6107 -4.82786 -1 0
-12.2447 -5.01238 -1 0
-12.8882 -5.23623 -1 0
-13.5428 -5.52795 -1 0
-14.2284 -5.82083 -1 0
-14.9333 -6.15376 -1 0
-15.6154 -6.38065 -1 0
-16.3206 -6.50387 -1 0
-17.0362 -6.65949 -1 0
-17.7491 -7 -1 0
-18.4683 -7 -1 0
-19.1843 -7 -1 0
-19.8988 -7 -1 0
-20.6201 -7 -1 0
-21.3478 -7 -1 0
-22.1042 -7 -1 0
-22.9199 -7 -1 0
-24 -7 -1 0
-24 -7 -0.317587 0
-24 -7 0.493437 0
-24 -7 1 0
-24.8987 -7 1 0
-25.6868 -7 1 0
-26.441 -7 1 0
-27.1784 -7 1 0
-27.8879 -7 1 0
-1.46605 3.4772 -1 0
-1.93948 3.54805 -1 0
-2.4921 3.59899 -1 0
-3.0506 3.62043 -1 0
-3.61403 3.61606 -1 0
-4.17374 3.59807 -1 0
-4.68192 3.55699 -1 0
-5.22357 3.5036 -1 0
-5.73007 3.45322 -1 0
-6.24415 3.38534 -1 0
-6.73548 3.30582 -1 0
-7.23242 3.20804 -1 0
-7.70734 3.09373 -1 0
-8.18564 2.97943 -1 0
-8.64211 2.84524 -1 0
-9.0822 2.69875 -1 0
-9.53736 2.54642 -1 0
-10.0134 2.40018 -1 0
-10.4676 2.21132 -1 0
-10.8942 1.99454 -1 0
-11.3509 1.74457 -1 0
-11.8495 1.52283 -1 0
-12.522 1.34887 -1 0
-13.3664 1.19099 -1 0
5.62541 3 -1.08689 0
4.84761 3 -1.04419 0
4.09393 3 -1.0072 0
3.26706 3 -0.991229 0
3.42107 3 -1.14892 0
2.43586 3 -1.00051 0
2.75786 3 -1.14763 0
1.64819 3 -1.04406 0
1.97065 3 -1.13001 0
0.932036 3 -1.06284 0
1.15031 3 -1.11223 0
0.376546 3 -1.02676 0
0.295308 3 -1.08852 0
-27.5149 1 0.687807 0
-27.2592 1 0.370294 0
-27.9739 1 0.407084 0
-28.7178 1 0.47478 0
-29.5012 1 0.55296 0
21.6251 0.724534 -0 0
20.9656 0.936722 -0 0
20.4091 1.17393 -0 0
19.8613 1.23934 -0 0
19.2697 1.37235 -0 0
18.6805 1.49966 -0 0
18.1389 1.66986 -0 0
17.6649 1.87515 -0 0
17.217 2.10545 -0 0
16.9743 2.47021 -0 0
17 3 -0 0
17 3 -0.417431 0
15.802 3 -0.74487 0
14.5163 3 -0.977711 0
14.9518 3 -0.921345 0
13.677 3 -0.985812 0
14.0521 3 -1.0043 0
-31.1447 1 0.636716 0
-31.8541 1 0.72546 0
-32.5115 1 0.591576 0
23.7723 0 -0 0
23.2639 0.165911 -0 0
22.7189 0.27754 -0 0
22.1501 0.339189 -0 0
21.5729 0.289956 -0 0
21.0145 0.415754 -0 0
20.3427 0.59804 -0 0
-33 1 0.487241 0
25.1136 0 0.5926 0
25.2356 0 0.178568 0
24.5627 0 0.475061 0
24.7536 0 0.163673 0
24.038 0 0.375133 0
24.218 0 0.0879792 0
-33 0.0431564 0.385079 0
26 0 0.556132 0
-33 -0.91493 0.491556 0
26 -0.385309 0.751705 0
26 -0.715996 0.610587 0
26 -0.833239 0.353712 0
-33 -4.19162 1 0
26 -1 0.362098 0
25.5936 -1 0.238553 0
25.1439 -1 0.28197 0
24.5676 -1 0.0858202 0
-33 -4.95265 1 0
24.0595 -1 -0.365953 0
23.4913 -1 -1 0
22.8403 -1 -1 0
22.1486 -1 -1 0
21.4562 -1 -1 0
20.7407 -1 -1 0
20.0678 -1 -1 0
-32.6655 -5.9632 1 0
21.1265 -1.05263 -1 0
20.4699 -1.10265 -1 0
19.8557 -1.14235 -1 0
19.4121 -1 -1 0
18.8507 -1 -1 0
18.2468 -1 -1 0
17.6526 -1 -1 0
17.0789 -1 -1 0
16.516 -1 -1 0
15.9229 -1 -1 0
15.3228 -1 -1 0
14.7175 -3 -1 0
14.1506 -3 -1 0
13.5174 -3 -1.01635 0
12.8659 -3 -0.969205 0
-31.0673 -6.41772 1 0
-31.6895 -6.51337 1 0
-32.2958 -6.49856 1 0
12.0154 -3 -0.953621 0
11.2354 -3 -0.967187 0
10.5068 -3 -1.04413 0
9.8 -3 -1.08225 0
9.09898 -3 -1.06412 0
8.4092 -3 -1.08179 0
7.72913 -3 -1.0794 0
7.06568 -3 -1.0155 0
6.44641 -3 -1.04193 0
5.79061 -3 -1.08002 0
5.21667 -3 -1.14899 0
4.66467 -3 -1.11865 0
4.12183 -3 -1.10136 0
3.52309 -3 -1.12959 0
2.86138 -3 -1.0771 0
2.16717 -3 -1.0471 0
1.46955 -3 -1.00374 0
0.737853 -3 -1.0261 0
-27.1114 -7 0.789293 0
-27.7455 -7 0.800638 0
-28.5046 -7 1 0
-29.2745 -7 1 0
-30.0439 -7 1 0
-30.6739 -6.77471 1 0
0.0442832 -3 -1 0
-0.574034 -3.19392 -1 0
-1.14896 -3.39865 -1 0
-1.75751 -3.61255 -1 0
-2.36002 -3.75806 -1 0
-2.9672 -3.85476 -1 0
-3.56291 -3.93323 -1 0
-4.14851 -4.01877 -1 0
-4.74112 -4.07749 -1 0
-5.32067 -4.13868 -1 0
-5.88619 -4.20512 -1 0
-6.45467 -4.27691 -1 0
-7.04872 -4.35025 -1 0
-7.62751 -4.42471 -1 0
-8.20375 -4.50438 -1 0
-8.79419 -4.57833 -1 0
-9.38552 -4.67395 -1 0
-9.98367 -4.77873 -1 0
-10.5838 -4.93424 -1 0
-11.1964 -5.09603 -1 0
-11.8197 -5.2647 -1 0
-12.4607 -5.47272 -1 0
-13.1139 -5.73219 -1 0
-13.785 -6.05643 -1 0
-14.4979 -6.54332 -1 0
-15.2539 -7 -1 0
-16.0053 -7 -1 0
-16.7239 -7 -1 0
-17.4434 -7 -1 0
-18.1552 -7 -1.02654 0
-18.863 -7 -1.01815 0
-19.5714 -7 -1.04276 0
-20.2773 -7 -1.02745 0
-20.9905 -7 -1.04096 0
-21.6991 -7 -1.01215 0
-22.3967 -7 -0.873723 0
-23.165 -7 -0.772494 0
-23.6587 -7 -0.487276 0
-24.054 -7 -0.140764 0
-24.3135 -7 0.302475 0
-24.7519 -7 0.494903 0
-25.4184 -7 0.621195 0
-26.0993 -7 0.719645 0
-26.6941 -7 0.685352 0
-1.38639 28 -1 0
-1.96347 27.8673 -1 0
-2.58741 28 -1 0
-3.25836 28 -1 0
-3.99313 28 -1 0
-4.7883 27.8196 -1 0
-5.62462 27.8522 -1 0
-6.51533 28 -1 0
-7.48908 28 -1 0
-1.7693 27.4282 -1 0
-2.38544 27.4025 -1 0
-3.05242 27.4379 -1 0
-3.78173 27.4201 -1 0
-4.56177 27.3833 -1 0
-5.39953 27.4147 -1 0
-6.28183 27.5446 -1 0
-7.22855 27.6985 -1 0
-8.06372 28 -1 0
-1.55869 26.9332 -1 0
-2.17376 26.8879 -1 0
-2.83759 26.881 -1 0
-3.55687 26.8617 -1 0
-4.32248 26.8788 -1 0
-5.15013 26.9286 -1 0
-6.03576 27.047 -1 0
-6.97385 27.228 -1 0
-7.86177 27.761 -1 0
-8.81437 28 -1 0
-1.30927 26.307 -1 0
-1.92522 26.3057 -1 0
-2.59212 26.3151 -1 0
-3.3084 26.3108 -1 0
-4.06102 26.3344 -1 0
-4.85588 26.3799 -1 0
-5.6826 26.4781 -1 0
-6.62172 26.6151 -1 0
-7.53912 26.8939 -1 0
-8.50258 27.1094 -1 0
-9.28319 27.0857 -1 0
-1.66363 25.6982 -1 0
-2.32656 25.7245 -1 0
-3.02143 25.725 -1 0
-3.76454 25.7469 -1 0
-4.54701 25.794 -1 0
-5.35253 25.8725 -1 0
-6.18294 25.9964 -1 0
-7.09974 26.2121 -1 0
-8.06055 26.3455 -1 0
-8.81424 26.3053 -1 0
-9.62905 26.3059 -1 0
-1.36396 25.0669 -1 0
-2.01758 25.1313 -1 0
-2.67288 25.1145 -1 0
-3.3888 25.1371 -1 0
-4.14801 25.1739 -1 0
-4.95057 25.2338 -1 0
-5.75209 25.3204 -1 0
-6.6069 25.4564 -1 0
-7.46613 25.6669 -1 0
-8.11961 25.4705 -1 0
-8.92142 25.5331 -1 0
-9.57191 25.5336 -1 0
-1.62963 24.5321 -1 0
-2.20838 24.4786 -1 0
-2.91122 24.4959 -1 0
-3.63348 24.5171 -1 0
-4.38361 24.5682 -1 0
-5.21786 24.6263 -1 0
-6.06181 24.7239 -1 0
-7.00052 24.904 -1 0
-7.72878 24.7211 -1 0
-8.37456 24.7462 -1 0
-9.08661 24.8141 -1 0
-9.65569 24.8082 -1 0
-1.49686 23.8542 -1 0
-2.25528 23.8536 -1 0
-3.00272 23.8413 -1 0
-3.78513 23.8831 -1 0
-4.57109 23.944 -1 0
-5.37214 23.9873 -1 0
-6.20746 24.0901 -1 0
-6.99324 24.2018 -1 0
-7.55254 23.9216 -1 0
-8.36335 24.0429 -1 0
-9.00513 24.0913 -1 0
-9.57718 24.0817 -1 0
-1.69036 23.2525 -1 0
-2.3274 23.1651 -1 0
-3.08081 23.1862 -1 0
-3.84546 23.2529 -1 0
-4.63768 23.3431 -1 0
-5.55012 23.3111 -1 0
-6.49701 23.5309 -1 0
-6.86809 23.116 -1 0
-7.70605 23.2962 -1 0
-8.43477 23.3703 -1 0
-9.05668 23.3975 -1 0
-9.57921 23.3964 -1 0
-1.57649 22.5248 -1 0
-2.33335 22.4947 -1 0
-3.09718 22.545 -1 0
-3.88584 22.6427 -1 0
-4.70184 22.7862 -1 0
-5.09099 22.4827 -1 0
-5.95198 22.8274 -1 0
-6.30708 22.3782 -1 0
-7.08522 22.5603 -1 0
-7.86488 22.6536 -1 0
-8.57667 22.7012 -1 0
-9.14947 22.7253 -1 0
-9.68713 22.7145 -1 0
-1.78641 21.8233 -1 0
-2.51117 21.8509 -1 0
-3.31 21.9441 -1 0
-4.14762 22.119 -1 0
-4.55962 21.7491 -1 0
-5.44991 22.0804 -1 0
-5.81693 21.6628 -1 0
-6.60527 21.8544 -1 0
-7.32712 21.9407 -1 0
-8.00297 22.0021 -1 0
-8.66369 22.0361 -1 0
-9.2517 22.0555 -1 0
-9.70976 22.009 -1 0
-2.04855 21.1641 -1 0
-2.89555 21.2561 -1 0
-3.66832 21.4394 -1 0
-4.11448 21.0416 -1 0
-4.96769 21.3698 -1 0
-5.36069 20.9852 -1 0
-6.186 21.1681 -1 0
-6.82715 21.233 -1 0
-7.51382 21.3036 -1 0
-8.09982 21.3287 -1 0
-8.76042 21.3962 -1 0
-9.22633 21.3223 -1 0
-9.62562 21.2767 -1 0
-1.80779 20.4641 -1 0
-2.53751 20.5666 -1 0
-3.30188 20.7552 -1 0
-3.72666 20.3411 -1 0
-4.56039 20.6631 -1 0
-5.00664 20.284 -1 0
-5.76332 20.5775 -1 0
-6.34336 20.4561 -1 0
-7.03311 20.6815 -1 0
-7.55594 20.5359 -1 0
-8.21414 20.768 -1 0
-8.72699 20.6569 -1 0
-9.14687 20.518 -1 0
-9.70614 20.5842 -1 0
-1.41656 19.7564 -1 0
-2.14659 19.8695 -1 0
-2.91737 20.0618 -1 0
-3.35819 19.6459 -1 0
-4.20925 19.964 -1 0
-4.6923 19.6164 -1 0
-5.52667 19.9512 -1 0
-6.01061 19.6735 -1 0
-6.76077 20.0007 -1 0
-7.23347 19.7413 -1 0
-7.96424 20.0846 -1 0
-8.45096 19.8925 -1 0
-8.95833 19.7193 -1 0
-9.49998 19.8638 -1 0
-10 19.9006 -1 0
-1.77399 19.1638 -1 0
-2.55236 19.3643 -1 0
-3.00055 18.9544 -1 0
-3.83615 19.2797 -1 0
-4.30468 18.9381 -1 0
-5.14808 19.2889 -1 0
-5.56978 18.9733 -1 0
-6.40567 19.2293 -1 0
-6.94711 19.0821 -1 0
-7.70327 19.3003 -1 0
-8.26093 19.0822 -1 0
-8.84052 19.0581 -1 0
-9.44893 19.1815 -1 0
-10 19.2294 -1 0
-1.43587 18.4464 -1 0
-2.16634 18.6602 -1 0
-2.61681 18.2598 -1 0
-3.4616 18.5921 -1 0
-3.93068 18.2492 -1 0
-4.75263 18.6022 -1 0
-5.14794 18.2493 -1 0
-5.89061 18.584 -1 0
-6.39489 18.4047 -1 0
-7.12654 18.6296 -1 0
-7.59385 18.4642 -1 0
-8.10133 18.3118 -1 0
-8.82264 18.4408 -1 0
-9.44193 18.5401 -1 0
-10 18.5894 -1 0
-1.82097 17.9423 -1 0
-2.2652 17.5617 -1 0
-3.10906 17.9009 -1 0
-3.57333 17.5573 -1 0
-4.36653 17.9017 -1 0
-4.79897 17.5607 -1 0
-5.59649 17.9151 -1 0
-6.02139 17.6339 -1 0
-6.79891 17.9673 -1 0
-7.21698 17.6538 -1 0
-7.74555 17.6004 -1 0
-8.34811 17.7468 -1 0
-8.9486 17.8333 -1 0
-9.52726 17.9389 -1 0
-10 18.0038 -1 0
-1.49564 17.1924 -1 0
-1.94463 16.8724 -1 0
-2.77015 17.2118 -1 0
-3.22815 16.8713 -1 0
-4.01495 17.2134 -1 0
-4.44929 16.8742 -1 0
-5.23056 17.2302 -1 0
-5.6343 16.9107 -1 0
-6.41412 17.2654 -1 0
-6.69241 16.8522 -1 0
-7.31902 16.9668 -1 0
-7.92148 17.0293 -1 0
-8.48528 17.1261 -1 0
-9.04686 17.241 -1 0
-9.56332 17.3885 -1 0
-9.6329 16.8484 -1 0
-1.73104 16.2345 -1 0
-2.45254 16.5334 -1 0
-2.87826 16.174 -1 0
-3.65733 16.5224 -1 0
-4.07508 16.1849 -1 0
-4.85081 16.5395 -1 0
-5.23829 16.1991 -1 0
-5.96705 16.5378 -1 0
-6.26027 16.1166 -1 0
-6.93097 16.2849 -1 0
-7.51 16.3616 -1 0
-8.05378 16.4203 -1 0
-8.59743 16.5264 -1 0
-9.12878 16.7067 -1 0
-9.30149 16.1842 -1 0
-9.75121 16.214 -1 0
-1.37986 15.6392 -1 0
-2.10471 15.8291 -1 0
-2.51391 15.4731 -1 0
-3.29673 15.8253 -1 0
-3.70355 15.4936 -1 0
-4.46765 15.8461 -1 0
-4.85398 15.5005 -1 0
-5.59095 15.8287 -1 0
-5.94825 15.4184 -1 0
-6.54822 15.5938 -1 0
-7.13339 15.6981 -1 0
-7.69957 15.7507 -1 0
-8.20067 15.782 -1 0
-8.74133 16.0144 -1 0
-8.9285 15.5749 -1 0
-9.32581 15.4736 -1 0
-9.76138 15.5599 -1 0
-1.77056 15.1439 -1 0
-2.17445 14.7729 -1 0
-2.93281 15.1211 -1 0
-3.34369 14.8065 -1 0
-4.09973 15.1551 -1 0
-4.49025 14.8064 -1 0
-5.2217 15.1372 -1 0
-5.55554 14.7539 -1 0
-6.21703 14.9275 -1 0
-6.74974 14.9797 -1 0
-7.34293 15.1643 -1 0
-7.78673 15.0028 -1 0
-8.36488 15.2751 -1 0
-8.65467 14.9341 -1 0
-8.96948 14.7469 -1 0
-9.38946 14.7972 -1 0
-10 14.9358 -1 0
-1.45922 14.4089 -1 0
-1.88627 14.0649 -1 0
-2.57861 14.3994 -1 0
-3.03203 14.1355 -1 0
-3.74624 14.4707 -1 0
-4.15678 14.1162 -1 0
-4.86833 14.4422 -1 0
-5.22582 14.065 -1 0
-5.86178 14.3487 -1 0
-6.38592 14.2458 -1 0
-7.08235 14.5124 -1 0
-7.42982 14.1955 -1 0
-8.03435 14.5497 -1 0
-8.34633 14.1947 -1 0
-8.74594 14.0733 -1 0
-9.13973 14.0556 -1 0
-9.61472 14.2279 -1 0
-10 14.2831 -1 0
-1.64026 13.3973 -1 0
-2.30995 13.6309 -1 0
-2.84343 13.5105 -1 0
-3.50241 13.7963 -1 0
-3.88605 13.4207 -1 0
-4.55966 13.7476 -1 0
-4.95347 13.3989 -1 0
-5.64048 13.7382 -1 0
-6.09275 13.4764 -1 0
-6.7617 13.8232 -1 0
-7.11124 13.4593 -1 0
-7.7497 13.793 -1 0
-8.11743 13.4103 -1 0
-8.65265 13.3924 -1 0
-9.1864 13.4557 -1 0
-9.72743 13.5568 -1 0
-10 13.5626 -1 0
-1.91934 12.8794 -1 0
-2.50881 12.9286 -1 0
-3.18511 13.1047 -1 0
-3.57685 12.7331 -1 0
-4.26954 13.0641 -1 0
-4.691 12.7202 -1 0
-5.38752 13.0673 -1 0
-5.80488 12.75 -1 0
-6.47225 13.1058 -1 0
-6.79879 12.7433 -1 0
-7.4276 13.0786 -1 0
-7.73127 12.6352 -1 0
-8.24691 12.7428 -1 0
-8.77335 12.7606 -1 0
-9.26328 12.8188 -1 0
-9.75762 12.8723 -1 0
-10 12.8308 -1 0
-1.62959 12.1934 -1 0
-2.203 12.2674 -1 0
-2.88054 12.4469 -1 0
-3.28013 12.0556 -1 0
-3.97719 12.3802 -1 0
-4.4199 12.0361 -1 0
-5.1194 12.3804 -1 0
-5.5092 12.0422 -1 0
-6.16602 12.3928 -1 0
-6.48729 12.0273 -1 0
-7.10506 12.3522 -1 0
-7.37561 11.9116 -1 0
-7.91839 12.0511 -1 0
-8.42219 12.0753 -1 0
-8.85596 12.092 -1 0
-9.31745 12.159 -1 0
-9.74402 12.1714 -1 0
-10 12.0446 -1 0
-1.92505 11.5886 -1 0
-2.58288 11.7719 -1 0
-3.00269 11.3733 -1 0
-3.71266 11.6958 -1 0
-4.1536 11.3504 -1 0
-4.82917 11.6905 -1 0
-5.21181 11.3421 -1 0
-5.86708 11.6848 -1 0
-6.13676 11.3123 -1 0
-6.7472 11.6375 -1 0
-7.05388 11.2144 -1 0
-7.61183 11.3768 -1 0
-8.08726 11.3819 -1 0
-8.54529 11.3849 -1 0
-8.98263 11.3964 -1 0
-9.37334 11.5135 -1 0
-9.6464 11.3721 -1 0
-10 11.2093 -1 0
-1.64398 10.897 -1 0
-2.30288 11.0865 -1 0
-2.71159 10.6887 -1 0
-3.43057 11.012 -1 0
-3.84528 10.6673 -1 0
-4.53285 11.0031 -1 0
-4.90773 10.6515 -1 0
-5.54878 10.9815 -1 0
-5.88427 10.6064 -1 0
-6.48798 10.9175 -1 0
-6.86633 10.4864 -1 0
-7.3382 10.7347 -1 0
-7.76144 10.6804 -1 0
-8.22713 10.6892 -1 0
-8.65303 10.6878 -1 0
-9.07885 10.7336 -1 0
-9.49033 10.5815 -1 0
-9.85673 10.4247 -1 0
-10 10.5086 -1 0
-2.005 10.3931 -1 0
-2.42432 10.0024 -1 0
-3.13324 10.3287 -1 0
-3.552 9.98691 -1 0
-4.24216 10.3178 -1 0
-4.64128 9.96151 -1 0
-5.27753 10.2857 -1 0
-5.63888 9.90604 -1 0
-6.25856 10.2162 -1 0
-6.66301 9.84038 -1 0
-7.27591 10.0319 -1 0
-7.8081 9.98615 -1 0
-8.2475 10.0104 -1 0
-8.72671 9.99907 -1 0
-9.07281 9.87807 -1 0
-9.41085 9.76433 -1 0
-9.81161 9.73283 -1 0
-10 9.73978 -1 0
24 3.08961 -0.449762 0
24 3 -0.42581 0
23.8178 3 -0.428804 0
23.5906 3 -0.465498 0
23.3049 3 -0.547891 0
22.9699 3 -0.656392 0
22.6039 3 -0.698775 0
22.1621 3 -0.776478 0
21.7109 3 -0.853581 0
21.247 3 -0.857141 0
20.7452 3 -1.05675 0
-1.71316 9.69281 -1 0
-2.12706 9.31538 -1 0
-2.84287 9.6463 -1 0
-3.28303 9.30751 -1 0
-3.96655 9.63623 -1 0
-4.38035 9.28221 -1 0
-5.03201 9.59183 -1 0
-5.42084 9.19592 -1 0
-6.02685 9.51927 -1 0
-6.40446 9.18958 -1 0
-6.91082 9.30876 -1 0
-7.40454 9.34233 -1 0
-7.85816 9.2685 -1 0
-8.34011 9.42447 -1 0
-8.66499 9.12927 -1 0
-9.02268 9.08315 -1 0
-9.4093 9.02095 -1 0
-9.80394 8.99186 -1 0
-10 8.94208 -1 0
24 3 -0.24512 0
23.8332 3 -0.184001 0
23.6461 3 -0.212094 0
23.4119 3 -0.253773 0
23.1325 3 -0.282556 0
22.7501 3 -0.374451 0
22.3221 3 -0.427714 0
21.8777 3 -0.421478 0
21.3956 3 -0.500255 0
20.8733 3 -0.59676 0
20.3122 3 -1.07855 0
-1.85949 8.62681 -1 0
-2.57808 8.96277 -1 0
-3.03886 8.62556 -1 0
-3.71589 8.954 -1 0
-4.15036 8.60132 -1 0
-4.79194 8.91223 -1 0
-5.19584 8.53349 -1 0
-5.87587 8.7381 -1 0
-6.41972 8.59852 -1 0
-6.90278 8.65631 -1 0
-7.40801 8.64536 -1 0
-7.76132 8.5133 -1 0
-8.18237 8.77699 -1 0
-8.38256 8.30589 -1 0
-8.7827 8.39433 -1 0
-9.07975 8.31791 -1 0
-9.48012 8.26259 -1 0
-9.81888 8.20732 -1 0
-10 8.11249 -1 0
23.9432 3 -0.195877 0
23.7762 3 -0.0762448 0
23.6935 3 -0.0720934 0
23.4914 3 -0.0697142 0
23.2423 3 -0.0833356 0
22.8968 3 -0.120453 0
22.4502 3 -0.160554 0
21.996 3 -0.168302 0
21.5016 3 -0.246983 0
20.9813 3 -0.331159 0
20.4246 3 -0.605943 0
19.8883 3 -1.01768 0
-1.62107 7.94541 -1 0
-2.33462 8.27284 -1 0
-2.8167 7.94178 -1 0
-3.48705 8.26528 -1 0
-3.93452 7.91834 -1 0
-4.57218 8.22164 -1 0
-4.98287 7.82615 -1 0
-5.52276 8.09522 -1 0
-5.98758 8.01933 -1 0
-6.50612 7.91657 -1 0
-7.01601 8.06726 -1 0
-7.44431 7.82859 -1 0
-7.92346 8.00938 -1 0
-8.14155 7.55476 -1 0
-8.56647 7.68591 -1 0
-8.93002 7.62426 -1 0
-9.23237 7.5383 -1 0
-9.5132 7.45841 -1 0
-9.82395 7.37329 -1 0
-10 7.24791 -1 0
24 3 -0 0
23.7157 3 -0 0
23.5611 3 -0 0
23.3119 3 -0 0
23.0309 3 -0 0
22.5859 3 -0 0
22.1345 3 -0 0
21.5966 3 -0.11275 0
21.0448 3 -0.196605 0
20.4412 3 -0.391549 0
19.9171 3 -0.55756 0
19.3982 3 -0.944761 0
-2.13292 7.5724 -1 0
-2.62579 7.2594 -1 0
-3.27488 7.55748 -1 0
-3.7525 7.24253 -1 0
-4.36522 7.51715 -1 0
-4.83084 7.18601 -1 0
-5.45904 7.39336 -1 0
-5.98812 7.32862 -1 0
-6.47603 7.20396 -1 0
-6.93008 7.42106 -1 0
-7.26727 7.04014 -1 0
-7.69238 7.26681 -1 0
-7.9918 6.8101 -1 0
-8.36751 7.01803 -1 0
-8.67873 6.91441 -1 0
-8.9815 6.81766 -1 0
-9.26188 6.70966 -1 0
-9.52872 6.59861 -1 0
-9.77514 6.48601 -1 0
-9.91828 6.35996 -1 0
23.772 2.43165 -0 0
23.6059 2.55126 -0 0
23.4519 2.59516 -0 0
23.1688 2.66688 -0 0
22.8503 2.73082 -0 0
22.3584 2.7833 -0 0
21.8138 3 -0 0
21.149 3 -0.095074 0
20.5229 3 -0.228599 0
19.9414 3 -0.388244 0
19.365 3 -0.740998 0
18.8549 3 -1.12966 0
-1.94276 6.81137 -1 0
-2.50309 6.6403 -1 0
-3.11395 6.80474 -1 0
-3.63751 6.62453 -1 0
-4.2089 6.77968 -1 0
-4.6993 6.56826 -1 0
-5.21087 6.687 -1 0
-5.72092 6.69229 -1 0
-6.21452 6.60033 -1 0
-6.75798 6.61925 -1 0
-7.16467 6.3713 -1 0
-7.58037 6.44797 -1 0
-7.97432 6.17059 -1 0
-8.37639 6.26931 -1 0
-8.74076 6.12634 -1 0
-9.07382 6.00522 -1 0
-9.31385 5.86135 -1 0
-9.5501 5.71451 -1 0
-9.78702 5.57086 -1 0
-9.93805 5.47862 -1 0
-9.93135 4.88268 -1 0
23.8129 2.02587 -0 0
23.5664 2.185 -0 0
23.5097 2.11653 -0 0
23.2404 2.33731 -0 0
22.7238 2.49333 -0 0
22.2206 2.71263 -0 0
21.5995 3 -0 0
20.9988 3 -0 0
20.4423 3 -0.143322 0
19.8676 3 -0.32421 0
19.3395 3 -0.469598 0
18.8051 3 -0.770788 0
18.2899 3 -1.15214 0
-2.21296 6.06158 -1 0
-2.81153 6.07796 -1 0
-3.32442 6.05694 -1 0
-3.89917 6.06661 -1 0
-4.39931 6.02438 -1 0
-4.96256 5.99846 -1 0
-5.4856 6.01322 -1 0
-5.95507 5.96687 -1 0
-6.4742 5.93096 -1 0
-6.90338 5.8156 -1 0
-7.35602 5.73093 -1 0
-7.74908 5.62549 -1 0
-8.17542 5.53127 -1 0
-8.55933 5.46843 -1 0
-8.89213 5.32222 -1 0
-9.19981 5.16689 -1 0
-9.43368 4.97284 -1 0
-9.68262 4.78078 -1 0
-9.84738 4.5584 -1 0
-10.0647 4.03946 -1 0
-10.1784 3.90567 -1 0
23.7629 1.69785 -0 0
23.6812 1.77492 -0 0
23.3496 1.97955 -0 0
22.953 2.15804 -0 0
22.5645 2.32627 -0 0
22.0034 2.57092 -0 0
21.2281 2.67467 -0 0
20.5457 3 -0 0
19.8924 3 -0.165849 0
19.2456 3 -0.332265 0
18.7086 3 -0.568265 0
18.2205 3 -0.748724 0
17.7268 3 -1.05764 0
-1.99025 5.40831 -1 0
-2.51621 5.40985 -1 0
-3.03854 5.41663 -1 0
-3.60858 5.40863 -1 0
-4.15626 5.3807 -1 0
-4.70721 5.35645 -1 0
-5.22315 5.33614 -1 0
-5.71969 5.30491 -1 0
-6.2059 5.25917 -1 0
-6.67256 5.17962 -1 0
-7.11874 5.09047 -1 0
-7.55259 4.98561 -1 0
-7.97361 4.8859 -1 0
-8.37654 4.7793 -1 0
-8.741 4.65514 -1 0
-9.09481 4.50092 -1 0
-9.37729 4.29888 -1 0
-9.64658 4.0834 -1 0
-9.86517 3.8144 -1 0
-10.0766 3.46819 -1 0
-10.2882 3.05938 -1 0
-10.3088 2.66667 -1 0
23.7578 1.46719 -0 0
23.4718 1.62031 -0 0
22.9684 1.84765 -0 0
22.698 1.98689 -0 0
22.1862 2.15699 -0 0
21.4719 2.33625 -0 0
20.7799 2.62963 -0 0
20.1045 3 -0 0
19.4578 3 -0.146387 0
18.7693 3 -0.326779 0
18.13 3 -0.515465 0
17.56 3 -0.807301 0
17.1314 3 -1.22273 0
-1.71798 4.71815 -1 0
-2.23513 4.72792 -1 0
-2.75631 4.74743 -1 0
-3.28774 4.76159 -1 0
-3.85127 4.75268 -1 0
-4.40474 4.73074 -1 0
-4.90924 4.70504 -1 0
-5.42378 4.66172 -1 0
-5.92092 4.61148 -1 0
-6.4057 4.54515 -1 0
-6.87423 4.46097 -1 0
-7.31955 4.36684 -1 0
-7.77152 4.26054 -1 0
-8.19064 4.14755 -1 0
-8.60165 4.02496 -1 0
-8.98524 3.8786 -1 0
-9.35162 3.70913 -1 0
-9.69516 3.50903 -1 0
-10.0125 3.28029 -1 0
-10.2518 2.89964 -1 0
-10.5039 2.51959 -1 0
-10.7414 2.14442 -1 0
-10.5032 1.51922 -1 0
24 1.26856 -0 0
23.5813 1.3289 -0 0
23.1661 1.50648 -0 0
22.7067 1.65716 -0 0
22.2211 1.8167 -0 0
21.6269 2.00313 -0 0
20.9616 2.18784 -0 0
20.3125 2.56594 -0 0
19.6743 3 -0 0
19.046 3 -0.135124 0
18.4268 3 -0.216685 0
17.814 3 -0.371544 0
17.1764 3 -0.620443 0
16.6395 3 -0.847047 0
-1.38018 4.02915 -1 0
-1.89319 4.06145 -1 0
-2.40182 4.0834 -1 0
-2.93588 4.13448 -1 0
-3.48608 4.13735 -1 0
-4.04378 4.13564 -1 0
-4.55588 4.10382 -1 0
-5.05812 4.07183 -1 0
-5.58355 4.0351 -1 0
-6.08579 3.96415 -1 0
-6.57631 3.88717 -1 0
-7.04921 3.79483 -1 0
-7.53124 3.69624 -1 0
-7.98587 3.58451 -1 0
-8.41295 3.46015 -1 0
-8.8385 3.32714 -1 0
-9.24286 3.15974 -1 0
-9.69039 3.01172 -1 0
-10.0752 2.80643 -1 0
-10.4438 2.55123 -1 0
-10.7655 2.21696 -1 0
-11.1833 1.92961 -1 0
-11.5891 1.52664 -1 0
-12.3584 1 -1 0
23.6609 0.946344 -0 0
23.166 1.12439 -0 0
22.7567 1.30468 -0 0
22.3226 1.44131 -0 0
21.7924 1.55997 -0 0
21.1705 1.76362 -0 0
20.5297 2.08977 -0 0
19.8891 2.45241 -0 0
19.2823 3 -0 0
18.6996 3 -0 0
18.1174 3 -0 0
17.5316 3 -0 0
16.9798 3 -0 0
16.4638 3 -0 0
-0 3 -1 0
-0.416218 3 -1 0
-0.445743 3 -1 0
-0.994249 3.11912 -1 0
-0.95038 3.37201 -1 0
-14.2916 1 -1 0
-13.6414 1 -1 0
-15.0842 1 -1.05467 0
-15.7845 1 -1.06255 0
-16.5657 1 -1.11734 0
-17.3327 1 -1.14661 0
-18.0889 1 -1.08288 0
-18.8508 1 -1.10615 0
-19.6136 1 -1.06641 0
-20.3679 1 -1.02432 0
-21.0971 1 -0.970192 0
-21.8033 1 -0.871144 0
-22.4737 1 -0.738199 0
-23.099 1 -0.583356 0
-23.7131 1 -0.411167 0
-24.2584 1 -0.133323 0
-24.8412 1 0.119581 0
-25.447 1 0.216958 0
-26.084 1 0.292532 0
-26.6557 1 0.250228 0
23.7942 0.622859 -0 0
23.3123 0.758959 -0 0
22.8588 0.836915 -0 0
22.4441 1.02963 -0 0
21.9678 1.04128 -0 0
21.383 1.22068 -0 0
20.7879 1.51754 -0 0
20.1404 1.79786 -0 0
19.5516 2.01743 -0 0
18.9635 2.15696 -0 0
18.3994 2.24173 -0 0
17.8538 2.36504 -0 0
17.3348 2.4829 -0 0
16.8617 2.67374 -0 0
16.3698 3 -0 0
16.2505 3 -0.344417 0
15.6194 3 -0.645625 0
13.2402 3 -1.0631 0
12.4101 3 -1.06627 0
11.5789 3 -1.08807 0
10.7927 3 -1.06129 0
10.0236 3 -1.05679 0
9.2731 3 -1.06721 0
8.52112 3 -1.05231 0
7.75993 3 -1.07672 0
6.99258 3 -1.05047 0
6.2443 3 -1.15275 0
5.45482 3 -1.22783 0
4.66229 3 -1.17677 0
4.73806 3 -1.359 0
3.96904 3 -1.09444 0
4.0411 3 -1.33855 0
-30.3295 1 0.651142 0
-30.114 1 0.248911 0
-30.8991 1 0.301794 0
24 0.284809 -0 0
23.4962 0.346895 -0 0
22.9571 0.475831 -0 0
22.3744 0.657336 -0 0
25.6234 0 0.380473 0
25.6461 0 -0.0963135 0
26 -0.181848 0.419725 0
-33 -1.83585 0.420041 0
26 -0.4075 0.293068 0
-33 -2.63023 0.511346 0
26 -0.573302 0.169137 0
-33 -3.43823 0.590617 0
26 -0.782289 -0.0156053 0
-33 -4.25347 0.753201 0
26 -1 -0.0381544 0
25.7753 -1 -0.107055 0
25.3015 -1 -0.212536 0
24.9734 -1 -0.238782 0
24.5644 -1 -0.612709 0
-33 -5.76718 1 0
24.085 -1 -1 0
23.4085 -1.07218 -1 0
22.6483 -1.05557 -1 0
21.8832 -1.08053 -1 0
-32.3679 -7 1 0
-33 -7 1 0
24.1227 -1.11754 -1 0
23.1887 -1.09115 -1 0
22.4222 -1.14499 -1 0
21.8046 -1.19161 -1 0
21.3459 -1.1799 -1 0
20.7536 -1.24373 -1 0
20.0831 -1.30878 -1 0
19.362 -1.30876 -1 0
18.695 -1.31436 -1 0
18.059 -1.40103 -1 0
17.4556 -1.43541 -1 0
16.8597 -1.5913 -1 0
16.2724 -1.76799 -1 0
15.6769 -1.90747 -1 0
15.0649 -3 -1 0
14.5032 -3 -1.06712 0
13.8383 -3 -1.07491 0
13.1031 -3 -1.10879 0
12.4536 -3 -1.10933 0
11.8378 -3 -1.12452 0
11.2757 -3 -1.02637 0
10.6218 -3 -1.07238 0
9.94709 -3 -1.16074 0
9.26101 -3 -1.13103 0
8.57453 -3 -1.14582 0
7.89477 -3 -1.21282 0
7.22492 -3 -1.19676 0
6.5921 -3 -1.23504 0
6.03712 -3 -1.23065 0
5.44759 -3 -1.30472 0
4.72838 -3 -1.25389 0
3.99931 -3 -1.25891 0
-29.9158 -7 0.827369 0
-30.567 -7 1 0
-31.2546 -7 1 0
-31.8447 -7 1 0
24.2104 -1.2382 -1 0
23.447 -1.21096 -1 0
22.6752 -1.23712 -1 0
21.936 -1.29612 -1 0
21.1713 -1.4316 -1 0
20.4236 -1.49617 -1 0
19.7045 -1.52079 -1 0
19.0608 -1.59741 -1 0
18.4142 -1.66778 -1 0
17.7809 -1.78041 -1 0
17.1706 -1.96311 -1 0
16.571 -2.18047 -1 0
15.984 -2.44866 -1 0
15.4226 -3 -1 0
3.15478 -3 -1.15428 0
2.41912 -3 -1.0966 0
1.71215 -3 -1.04821 0
1.12111 -3 -1.02352 0
0.591721 -3 -1.01619 0
0.0446578 -3 -1 0
-0.565433 -3.44767 -1 0
-15.8207 -7 -1.04224 0
-16.4957 -7 -1.07049 0
-17.1907 -7 -1.11587 0
-17.8947 -7 -1.1797 0
-18.5933 -7 -1.15285 0
-19.2861 -7 -1.04981 0
-19.982 -7 -1.04484 0
-20.6749 -7 -1.03948 0
-21.3618 -7 -1.03895 0
-22.0402 -7 -0.980621 0
-22.7052 -7 -0.902053 0
-23.2841 -7 -0.713415 0
-23.8159 -7 -0.509833 0
-24.3024 -7 -0.260059 0
-24.7517 -7 -0.00450936 0
-25.3079 -7 0.183136 0
-25.9738 -7 0.341091 0
-26.6575 -7 0.40388 0
-27.3815 -7 0.533404 0
-28.1471 -7 0.641592 0
-28.8214 -7 0.75046 0
-29.4187 -7 0.722835 0
24.3912 -1.34445 -1 0
23.5257 -1.40852 -1 0
22.7977 -1.46533 -1 0
22.0856 -1.53729 -1 0
21.3613 -1.56177 -1 0
20.6693 -1.58268 -1 0
19.9752 -1.66183 -1 0
19.3227 -1.80471 -1 0
18.6878 -1.92103 -1 0
18.0441 -2.03608 -1 0
17.4094 -2.23289 -1 0
16.7979 -2.40955 -1 0
16.1734 -2.70771 -1 0
-0.854205 -3.97751 -1 0
-1.29626 -3.85796 -1 0
-1.93345 -4.11656 -1 0
-2.57482 -4.23764 -1 0
-3.20092 -4.33437 -1 0
-3.81061 -4.40135 -1 0
-4.40029 -4.46352 -1 0
-4.98374 -4.52491 -1 0
-5.54954 -4.58201 -1 0
-6.10632 -4.6534 -1 0
-6.68022 -4.70188 -1 0
-7.2525 -4.75456 -1 0
-7.83468 -4.7921 -1 0
-8.41024 -4.86593 -1 0
-8.99471 -4.95044 -1 0
-9.58278 -5.03162 -1 0
-10.1783 -5.12986 -1 0
-10.781 -5.27198 -1 0
-11.3963 -5.4651 -1 0
-12.0288 -5.66787 -1 0
-12.6712 -5.91751 -1 0
-13.3178 -6.18992 -1 0
-13.983 -6.55322 -1 0
-14.6529 -7 -1 0
-15.2344 -7 -0.991813 0
25 -1.31121 -1 0
24.6618 -1.48041 -1 0
24.1172 -1.4748 -1 0
23.4461 -1.51593 -1 0
22.7856 -1.54532 -1 0
22.1248 -1.6255 -1 0
21.4611 -1.70792 -1 0
20.7969 -1.77611 -1 0
20.1411 -1.85154 -1 0
19.4945 -1.94283 -1 0
18.8666 -2.09378 -1 0
18.2354 -2.17702 -1 0
17.5897 -2.40821 -1 0
16.96 -2.67045 -1 0
-1.50669 -4.50245 -1 0
-2.22118 -4.67063 -1 0
-2.88063 -4.77058 -1 0
-3.5091 -4.84368 -1 0
-4.11441 -4.90644 -1 0
-4.6998 -4.95932 -1 0
-5.27629 -4.99566 -1 0
-5.83032 -5.03458 -1 0
-6.37797 -5.09927 -1 0
-6.93737 -5.13577 -1 0
-7.50143 -5.17009 -1 0
-8.06873 -5.21446 -1 0
-8.64413 -5.27491 -1 0
-9.21504 -5.35948 -1 0
-9.80748 -5.43951 -1 0
-10.4045 -5.53171 -1 0
-11.0136 -5.64041 -1 0
-11.6277 -5.82265 -1 0
-12.2614 -6.04816 -1 0
-12.9 -6.31696 -1 0
-13.5236 -6.59503 -1 0
-14.1603 -7 -1 0
-14.7073 -7 -1.03131 0
24.4472 -1.64756 -1 0
23.9093 -1.6738 -1 0
23.3288 -1.69339 -1 0
22.7093 -1.70209 -1 0
22.111 -1.81059 -1 0
21.4808 -1.87577 -1 0
20.8396 -1.92931 -1 0
20.2069 -2.014 -1 0
19.5764 -2.13155 -1 0
18.958 -2.25995 -1 0
18.3369 -2.41067 -1 0
17.762 -2.50233 -1 0
-1.38787 -5.13404 -1 0
-2.00739 -5.19332 -1 0
-2.66126 -5.28297 -1 0
-3.28946 -5.3558 -1 0
-3.89931 -5.40926 -1 0
-4.4931 -5.44752 -1 0
-5.06436 -5.48083 -1 0
-5.60769 -5.5006 -1 0
-6.15044 -5.51097 -1 0
-6.7073 -5.52668 -1 0
-7.25125 -5.58256 -1 0
-7.79696 -5.62081 -1 0
-8.3592 -5.64338 -1 0
-8.9018 -5.65785 -1 0
-9.48508 -5.71819 -1 0
-10.0727 -5.81752 -1 0
-10.6578 -5.85438 -1 0
-11.2701 -5.98497 -1 0
-11.9052 -6.16671 -1 0
-12.5655 -6.41136 -1 0
-13.2112 -6.68363 -1 0
-13.8162 -6.89321 -1 0
24.8634 -1.98698 -1 0
24.5292 -1.87589 -1 0
24.224 -1.84549 -1 0
23.772 -1.88043 -1 0
23.2365 -1.8954 -1 0
22.6639 -1.93789 -1 0
22.0674 -1.95706 -1 0
21.4563 -2.02743 -1 0
20.8414 -2.11464 -1 0
20.2141 -2.19761 -1 0
19.592 -2.26727 -1 0
18.9592 -2.42031 -1 0
18.3723 -2.5684 -1 0
-1.29131 -5.83567 -1 0
-1.91828 -5.86158 -1 0
-2.51489 -5.86866 -1 0
-3.16675 -5.91204 -1 0
-3.76908 -5.9983 -1 0
-4.36047 -6.01017 -1 0
-4.9333 -6.02334 -1 0
-5.46338 -6.03526 -1 0
-5.98822 -6.05594 -1 0
-6.53284 -6.03656 -1 0
-7.06914 -6.01161 -1 0
-7.60189 -6.0113 -1 0
-8.12285 -6.01487 -1 0
-8.66441 -6.03206 -1 0
-9.23259 -6.06278 -1 0
-9.79069 -6.08509 -1 0
-10.3741 -6.10665 -1 0
-10.9768 -6.22029 -1 0
-11.5955 -6.36553 -1 0
-12.2689 -6.56709 -1 0
-12.9494 -6.78581 -1 0
25.2832 -2.0844 -1 0
24.9803 -2.14818 -1 0
24.595 -2.10026 -1 0
24.1519 -2.06606 -1 0
23.6885 -2.08813 -1 0
23.1734 -2.07594 -1 0
22.6199 -2.11912 -1 0
22.0274 -2.12338 -1 0
21.4311 -2.19643 -1 0
20.8166 -2.2721 -1 0
20.2025 -2.3845 -1 0
19.5703 -2.50991 -1 0
18.9754 -2.61068 -1 0
-1.20889 -6.52796 -1 0
-1.83204 -6.5225 -1 0
-2.48288 -6.56913 -1 0
-3.02625 -6.43505 -1 0
-3.66399 -6.60972 -1 0
-4.27228 -6.60668 -1 0
-4.85259 -6.58966 -1 0
-5.38043 -6.58042 -1 0
-5.89318 -6.56251 -1 0
-6.4243 -6.5387 -1 0
-6.95778 -6.49566 -1 0
-7.45769 -6.44241 -1 0
-7.96687 -6.41181 -1 0
-8.47707 -6.36597 -1 0
-9.01667 -6.34084 -1 0
-9.57359 -6.34774 -1 0
-10.1499 -6.38465 -1 0
-10.7452 -6.44252 -1 0
-11.3613 -6.57219 -1 0
-11.9361 -6.72278 -1 0
25.24 -2.25188 -1 0
24.7144 -2.25915 -1 0
24.204 -2.24728 -1 0
23.6905 -2.2547 -1 0
23.1499 -2.25003 -1 0
22.596 -2.29239 -1 0
22.0135 -2.29886 -1 0
21.4105 -2.37591 -1 0
20.7968 -2.43205 -1 0
20.166 -2.57619 -1 0
19.5746 -2.68086 -1 0
-0.466214 -7.22504 -1 0
-1.08512 -7.2097 -1 0
-1.68476 -7.19243 -1 0
-2.26508 -7.21135 -1 0
-2.7721 -7.23271 -1 0
-3.24072 -7.0622 -1 0
-3.81419 -7.25692 -1 0
-4.28721 -7.20036 -1 0
-4.82405 -7.1839 -1 0
-5.32296 -7.16174 -1 0
-5.83064 -7.11129 -1 0
-6.3325 -7.07368 -1 0
-6.84489 -6.99871 -1 0
-7.34972 -6.93245 -1 0
-7.84461 -6.83659 -1 0
-8.33024 -6.70989 -1 0
-8.8478 -6.64271 -1 0
-9.39249 -6.61345 -1 0
-9.97147 -6.61383 -1 0
-10.5957 -6.65367 -1 0
-11.2027 -6.7353 -1 0
26.5457 -2.14451 -1 0
25.9423 -2.31288 -1 0
25.3832 -2.37098 -1 0
24.8344 -2.39788 -1 0
24.2746 -2.40401 -1 0
23.7266 -2.44218 -1 0
23.1673 -2.42315 -1 0
22.5993 -2.44224 -1 0
22.0051 -2.45478 -1 0
21.3994 -2.52222 -1 0
20.7646 -2.6247 -1 0
20.1679 -2.75009 -1 0
-0.982996 -7.87413 -1 0
-1.58509 -7.87004 -1 0
-2.17945 -7.85926 -1 0
-2.80298 -7.90876 -1 0
-3.23188 -7.69931 -1 0
-3.75699 -7.77242 -1 0
-4.30077 -7.82554 -1 0
-4.79453 -7.80493 -1 0
-5.26936 -7.75198 -1 0
-5.73937 -7.69703 -1 0
-6.21896 -7.62878 -1 0
-6.71569 -7.544 -1 0
-7.19472 -7.41925 -1 0
-7.68819 -7.29257 -1 0
-8.19805 -7.10223 -1 0
-8.71071 -6.98218 -1 0
-9.21219 -6.88034 -1 0
-9.79943 -6.8366 -1 0
-10.4021 -6.80052 -1 0
27 -2.56488 -1 0
26.5714 -2.67643 -1 0
26.0499 -2.59766 -1 0
25.4738 -2.58118 -1 0
24.9141 -2.57202 -1 0
24.3499 -2.55692 -1 0
23.773 -2.55511 -1 0
23.1901 -2.57728 -1 0
22.6099 -2.6246 -1 0
22.0189 -2.63781 -1 0
21.3786 -2.66606 -1 0
20.7733 -2.7748 -1 0
-0.270502 -8.4779 -1 0
-0.891603 -8.50281 -1 0
-1.5214 -8.54789 -1 0
-2.08534 -8.53748 -1 0
-2.62905 -8.50992 -1 0
-3.17236 -8.52958 -1 0
-3.57544 -8.33026 -1 0
-4.21509 -8.39091 -1 0
-4.7348 -8.44662 -1 0
-5.21411 -8.36677 -1 0
-5.67545 -8.28993 -1 0
-6.12882 -8.20752 -1 0
-6.56668 -8.1066 -1 0
-6.99539 -7.97005 -1 0
-7.38907 -7.82028 -1 0
-7.777 -7.73181 -1 0
-8.13468 -7.48111 -1 0
-8.59014 -7.30606 -1 0
-9.01317 -7.1442 -1 0
-9.52325 -6.96752 -1 0
26.6802 -2.89193 -1 0
26.1633 -2.83308 -1 0
25.6083 -2.79579 -1 0
25.0373 -2.77084 -1 0
24.4614 -2.72454 -1 0
23.8623 -2.67914 -1 0
23.2467 -2.69087 -1 0
22.6203 -2.78519 -1 0
22.0106 -2.81976 -1 0
21.4075 -2.74074 -1 0
-0.849851 -9.14842 -1 0
-1.45804 -9.17873 -1 0
-2.11462 -9.2453 -1 0
-2.65403 -9.15748 -1 0
-3.19892 -9.13224 -1 0
-3.69605 -9.02017 -1 0
-4.11285 -8.87107 -1 0
-4.68853 -9.09856 -1 0
-5.19086 -8.99565 -1 0
-5.6588 -8.90368 -1 0
-6.09205 -8.81115 -1 0
-6.51004 -8.69937 -1 0
-6.91197 -8.55655 -1 0
-7.30429 -8.39785 -1 0
-7.70516 -8.24352 -1 0
-8.06077 -7.96606 -1 0
-8.38812 -7.60867 -1 0
-8.74794 -7.34711 -1 0
-0.277349 -9.81056 -1 0
-0.811229 -9.80226 -1 0
-1.38514 -9.82052 -1 0
-1.94566 -9.86068 -1 0
-2.46889 -9.94355 -1 0
-2.86663 -9.78677 -1 0
-3.36009 -9.74682 -1 0
-3.86597 -9.64295 -1 0
-4.32226 -9.45809 -1 0
-4.86733 -9.8095 -1 0
-5.26933 -9.6217 -1 0
-5.71645 -9.5234 -1 0
-6.1343 -9.41848 -1 0
-6.53689 -9.29636 -1 0
-6.9176 -9.14775 -1 0
-7.2744 -8.95987 -1 0
-7.64281 -8.73793 -1 0
-7.97915 -8.39717 -1 0
-8.30669 -7.83964 -1 0
-0.800991 -10.4794 -1 0
-1.3661 -10.4811 -1 0
-1.9297 -10.5001 -1 0
-2.55163 -10.5807 -1 0
-3.06553 -10.4721 -1 0
-3.54123 -10.3802 -1 0
-4.02532 -10.2737 -1 0
-4.47282 -10.0866 -1 0
-5.0506 -10.4793 -1 0
-5.42841 -10.2722 -1 0
-5.83739 -10.1352 -1 0
-6.24237 -10.0281 -1 0
-6.58774 -9.90776 -1 0
-6.95523 -9.75919 -1 0
-7.32152 -9.57745 -1 0
-7.59789 -9.31237 -1 0
-7.9113 -8.97087 -1 0
-8.17221 -8.27016 -1 0
-0.287276 -11.1506 -1 0
-0.809251 -11.1496 -1 0
-1.33637 -11.152 -1 0
-1.87205 -11.1574 -1 0
-2.40683 -11.1809 -1 0
-2.93661 -11.2421 -1 0
-3.31095 -11.0941 -1 0
-3.7702 -11.0294 -1 0
-4.21868 -10.9234 -1 0
-4.65754 -10.7306 -1 0
-5.22144 -11.133 -1 0
-5.59254 -10.9193 -1 0
-5.98407 -10.7729 -1 0
-6.37514 -10.6634 -1 0
-6.7242 -10.5462 -1 0
-7.03362 -10.3874 -1 0
-7.35165 -10.2077 -1 0
-7.60796 -10.0347 -1 0
-7.82906 -9.7277 -1 0
-0.825586 -11.8197 -1 0
-1.3515 -11.8257 -1 0
-1.87539 -11.8306 -1 0
-2.42791 -11.829 -1 0
-3.02423 -11.8775 -1 0
-3.53055 -11.7765 -1 0
-3.99527 -11.6881 -1 0
-4.42116 -11.5847 -1 0
-4.82306 -11.3886 -1 0
-5.41849 -11.7823 -1 0
-5.79701 -11.5681 -1 0
-6.18073 -11.4256 -1 0
-6.54876 -11.3122 -1 0
-6.88857 -11.1936 -1 0
-7.17839 -11.0485 -1 0
-7.44857 -10.8343 -1 0
-7.73768 -10.7475 -1 0
-0.298295 -12.4895 -1 0
-0.843888 -12.4891 -1 0
-1.3715 -12.496 -1 0
-1.90142 -12.5009 -1 0
-2.42281 -12.5075 -1 0
-2.90995 -12.496 -1 0
-3.38627 -12.5171 -1 0
-3.76406 -12.4043 -1 0
-4.20886 -12.3508 -1 0
-4.64994 -12.2545 -1 0
-5.04759 -12.0566 -1 0
-5.62883 -12.4273 -1 0
-6.00859 -12.2152 -1 0
-6.39655 -12.0809 -1 0
-6.75509 -11.9705 -1 0
-7.08662 -11.8482 -1 0
-7.37099 -11.7037 -1 0
-7.63792 -11.4706 -1 0
-0.853112 -13.1635 -1 0
-1.3817 -13.1705 -1 0
-1.94614 -13.1734 -1 0
-2.48122 -13.172 -1 0
-3.04642 -13.1951 -1 0
-3.545 -13.1326 -1 0
-4.02365 -13.0742 -1 0
-4.46204 -13.0076 -1 0
-4.8942 -12.9322 -1 0
-5.27546 -12.7392 -1 0
-5.84207 -13.0679 -1 0
-6.24248 -12.8645 -1 0
-6.63196 -12.7331 -1 0
-7.01078 -12.6238 -1 0
-7.32663 -12.5242 -1 0
-7.55901 -12.3503 -1 0
-0.335959 -13.8356 -1 0
-0.871967 -13.8381 -1 0
-1.41283 -13.8449 -1 0
-1.94944 -13.8505 -1 0
-2.49025 -13.8582 -1 0
-2.96465 -13.8463 -1 0
-3.43419 -13.8575 -1 0
-3.81372 -13.757 -1 0
-4.26486 -13.7194 -1 0
-4.71531 -13.6726 -1 0
-5.15241 -13.6107 -1 0
-5.51676 -13.4345 -1 0
-6.05455 -13.6963 -1 0
-6.46331 -13.5096 -1 0
-6.9227 -13.3978 -1 0
-7.38364 -13.2838 -1 0
-7.64477 -13.1775 -1 0
-7.81853 -13.0295 -1 0
-0.888831 -14.5145 -1 0
-1.4593 -14.5209 -1 0
-1.99922 -14.5276 -1 0
-2.54806 -14.5271 -1 0
-3.13379 -14.5526 -1 0
-3.62653 -14.4867 -1 0
-4.09447 -14.4312 -1 0
-4.5319 -14.3731 -1 0
-4.9727 -14.3316 -1 0
-5.40889 -14.2837 -1 0
-5.77713 -14.1405 -1 0
-6.28638 -14.323 -1 0
-6.65888 -14.1563 -1 0
-7.07407 -14.054 -1 0
-7.60546 -14.0125 -1 0
-7.85782 -13.8538 -1 0
-0.362224 -15.1869 -1 0
-0.908439 -15.1916 -1 0
-1.46874 -15.1996 -1 0
-2.03383 -15.2078 -1 0
-2.57737 -15.2151 -1 0
-3.07839 -15.2013 -1 0
-3.55847 -15.2179 -1 0
-3.93871 -15.117 -1 0
-4.38515 -15.0794 -1 0
-4.8234 -15.0345 -1 0
-5.25014 -14.9908 -1 0
-5.68143 -14.9484 -1 0
-6.07402 -14.8617 -1 0
-6.53323 -14.9205 -1 0
-6.90576 -14.8308 -1 0
-7.19736 -14.6716 -1 0
-7.63866 -14.7119 -1 0
-0.93769 -15.87 -1 0
-1.49778 -15.8816 -1 0
-2.05112 -15.8882 -1 0
-2.66253 -15.8865 -1 0
-3.26211 -15.9082 -1 0
-3.77419 -15.8494 -1 0
-4.24358 -15.7967 -1 0
-4.69535 -15.7381 -1 0
-5.12957 -15.6935 -1 0
-5.54901 -15.6506 -1 0
-5.95746 -15.6097 -1 0
-6.37243 -15.5612 -1 0
-6.76961 -15.5117 -1 0
-7.20987 -15.4675 -1 0
-7.53043 -15.3169 -1 0
-0.396588 -16.5414 -1 0
-0.959311 -16.5481 -1 0
-1.52834 -16.5588 -1 0
-2.09904 -16.5819 -1 0
-2.65125 -16.5777 -1 0
-3.18184 -16.5536 -1 0
-3.6606 -16.5759 -1 0
-4.07761 -16.484 -1 0
-4.53929 -16.452 -1 0
-4.97737 -16.4094 -1 0
-5.42914 -16.3571 -1 0
-5.85127 -16.3038 -1 0
-6.26122 -16.2672 -1 0
-6.65577 -16.2285 -1 0
-7.06186 -16.168 -1 0
-7.44316 -16.0774 -1 0
-0.973725 -17.2271 -1 0
-1.57988 -17.2391 -1 0
-2.17105 -17.2477 -1 0
-2.81753 -17.2956 -1 0
-3.33358 -17.2289 -1 0
-3.87704 -17.2107 -1 0
-4.3746 -17.1602 -1 0
-4.84991 -17.1113 -1 0
-5.30411 -17.077 -1 0
-5.73794 -17.0325 -1 0
-6.13054 -16.9518 -1 0
-6.5512 -16.898 -1 0
-6.98608 -16.911 -1 0
-7.3676 -16.796 -1 0
-0.431288 -17.8939 -1 0
-1.00979 -17.9038 -1 0
-1.60008 -17.9178 -1 0
-2.18789 -17.941 -1 0
-2.74582 -17.9391 -1 0
-3.31333 -17.9785 -1 0
-3.69061 -17.8715 -1 0
-4.1729 -17.8492 -1 0
-4.65788 -17.8154 -1 0
-5.14042 -17.7757 -1 0
-5.6302 -17.7393 -1 0
-6.08233 -17.703 -1 0
-6.46367 -17.6391 -1 0
-6.7746 -17.4888 -1 0
-7.25892 -17.5693 -1 0
-1.05111 -18.5799 -1 0
-1.64754 -18.5973 -1 0
-2.24456 -18.6094 -1 0
-2.88389 -18.6593 -1 0
-3.47433 -18.608 -1 0
-4.01471 -18.5638 -1 0
-4.49324 -18.507 -1 0
-5.00044 -18.4731 -1 0
-5.48062 -18.4369 -1 0
-5.96603 -18.3949 -1 0
-6.43738 -18.3503 -1 0
-6.86701 -18.2947 -1 0
-7.20151 -18.118 -1 0
-0.440901 -19.2426 -1 0
-1.07415 -19.2541 -1 0
-1.68197 -19.2728 -1 0
-2.28685 -19.3007 -1 0
-2.8318 -19.3035 -1 0
-3.37614 -19.3436 -1 0
-3.79332 -19.2392 -1 0
-4.30648 -19.2129 -1 0
-4.82411 -19.1758 -1 0
-5.3166 -19.1383 -1 0
-5.81779 -19.1012 -1 0
-6.31052 -19.0612 -1 0
-6.76714 -18.9986 -1 0
-7.22985 -18.9352 -1 0
-7.61212 -18.8146 -1 0
-1.1032 -19.926 -1 0
-1.72813 -19.9468 -1 0
-2.36157 -19.9647 -1 0
-3.04887 -20.0194 -1 0
-3.59377 -19.9738 -1 0
-4.13324 -19.9297 -1 0
-4.62939 -19.8722 -1 0
-5.1496 -19.8391 -1 0
-5.65639 -19.8028 -1 0
-6.16874 -19.7691 -1 0
-6.65089 -19.7254 -1 0
-7.09015 -19.6907 -1 0
-7.51582 -19.5958 -1 0
-0.533375 -20.5823 -1 0
-1.14688 -20.5939 -1 0
-1.75791 -20.6137 -1 0
-2.38783 -20.6479 -1 0
-2.97953 -20.6608 -1 0
-3.54155 -20.7067 -1 0
-3.96431 -20.6079 -1 0
-4.47677 -20.582 -1 0
-4.99228 -20.5428 -1 0
-5.49845 -20.4999 -1 0
-6.01371 -20.464 -1 0
-6.52446 -20.4217 -1 0
-7.06889 -20.3905 -1 0
-7.45724 -20.3161 -1 0
-1.18505 -21.2706 -1 0
-1.80904 -21.2796 -1 0
-2.45969 -21.2958 -1 0
-3.16932 -21.3678 -1 0
-3.77054 -21.3379 -1 0
-4.35119 -21.302 -1 0
-4.8514 -21.2486 -1 0
-5.3485 -21.2083 -1 0
-5.85028 -21.1654 -1 0
-6.33954 -21.1165 -1 0
-6.89967 -21.0791 -1 0
-7.49318 -21.0051 -1 0
-0.510315 -21.919 -1 0
-1.17776 -21.9575 -1 0
-1.86342 -21.9628 -1 0
-2.47805 -21.955 -1 0
-3.09271 -21.9794 -1 0
-3.6757 -22.0546 -1 0
-4.12467 -21.9694 -1 0
-4.69098 -21.9582 -1 0
-5.24934 -21.9266 -1 0
-5.71415 -21.8832 -1 0
-6.21263 -21.8255 -1 0
-6.71349 -21.7802 -1 0
-7.10064 -21.7002 -1 0
-1.15226 -22.6016 -1 0
-1.94849 -22.6656 -1 0
-2.62158 -22.6233 -1 0
-3.25913 -22.6381 -1 0
-3.88334 -22.679 -1 0
-4.49482 -22.6589 -1 0
-5.05649 -22.6224 -1 0
-5.62438 -22.6041 -1 0
-6.15387 -22.5575 -1 0
-6.66887 -22.5007 -1 0
-7.04582 -22.4081 -1 0
-0.506701 -23.2277 -1 0
-1.15803 -23.2524 -1 0
-1.79456 -23.2558 -1 0
-2.42564 -23.3531 -1 0
-2.91738 -23.2648 -1 0
-3.53497 -23.2844 -1 0
-4.16647 -23.3155 -1 0
-4.79489 -23.313 -1 0
-5.40327 -23.2886 -1 0
-6.02803 -23.271 -1 0
-6.60805 -23.2543 -1 0
-7.12802 -23.1386 -1 0
-1.25279 -23.929 -1 0
-1.91266 -23.8854 -1 0
-2.56585 -23.9409 -1 0
-3.21246 -23.9542 -1 0
-3.85201 -23.938 -1 0
-4.49891 -23.9708 -1 0
-5.10853 -23.978 -1 0
-5.76615 -23.9693 -1 0
-6.40747 -23.9354 -1 0
-7.09665 -23.9132 -1 0
-8 -23.8298 -1 0
-0.403676 -24.424 -1 0
-1.07748 -24.5305 -1 0
-1.68378 -24.5711 -1 0
-2.19993 -24.4967 -1 0
-2.80045 -24.5293 -1 0
-3.47067 -24.5744 -1 0
-4.14019 -24.6006 -1 0
-4.81258 -24.6357 -1 0
-5.47434 -24.6682 -1 0
-6.12883 -24.6618 -1 0
-6.80259 -24.6518 -1 0
-7.38269 -24.5736 -1 0
-0.19762 -24.9821 -1 0
-0.808003 -25.0606 -1 0
-1.37757 -25.1931 -1 0
-1.87784 -25.1385 -1 0
-2.49378 -25.1316 -1 0
-3.08953 -25.1341 -1 0
-3.75298 -25.1846 -1 0
-4.42371 -25.2336 -1 0
-5.16076 -25.3066 -1 0
-5.87775 -25.3713 -1 0
-6.54595 -25.3946 -1 0
-7.12137 -25.3194 -1 0
-0.710025 -25.5894 -1 0
-1.37216 -25.7385 -1 0
-2.0245 -25.732 -1 0
-2.64935 -25.7143 -1 0
-3.30768 -25.7317 -1 0
-3.99064 -25.7795 -1 0
-4.71239 -25.8543 -1 0
-5.48524 -25.9539 -1 0
-6.29907 -26.0984 -1 0
-6.96684 -26.1626 -1 0
0.0600755 -26.1271 -1 0
-0.499855 -26.1473 -1 0
-1.09634 -26.2047 -1 0
-1.66912 -26.3144 -1 0
-2.19111 -26.2584 -1 0
-2.81131 -26.2679 -1 0
-3.45639 -26.2813 -1 0
-4.16038 -26.3383 -1 0
-4.92355 -26.4333 -1 0
-5.72004 -26.5504 -1 0
-6.46333 -26.634 -1 0
-0.428558 -26.7195 -1 0
-1.00126 -26.7541 -1 0
-1.61112 -26.8051 -1 0
-2.27208 -26.8136 -1 0
-2.91061 -26.8003 -1 0
-3.58393 -26.8125 -1 0
-4.29388 -26.8473 -1 0
-5.05922 -26.9068 -1 0
-5.82962 -27.0794 -1 0
-0.405479 -27.2416 -1 0
-0.944005 -27.2709 -1 0
-1.54779 -27.2921 -1 0
-2.21061 -27.3075 -1 0
-2.90491 -27.3127 -1 0
-3.63327 -27.2897 -1 0
-4.38738 -27.3249 -1 0
-5.1254 -27.3323 -1 0
-0.529821 28 -1.04723 0
-1.03595 28 -1.02187 0
-1.57245 28 -1 0
-2.1488 28 -1 0
-2.7823 28 -1.06041 0
-3.46444 28 -1.09735 0
-4.22059 28 -1 0
-5.04599 28 -1 0
-5.94214 28 -1 0
-6.99109 28 -1.28337 0
-0 28 -1 0
-0.381526 28 -0.86462 0
-0.858476 28 -1 0
-8.25081 28 -1.29122 0
-0.307015 28 -1 0
-0.711311 28 -1 0
-1.20856 27.5752 -1 0
-8.94403 28 -1.2013 0
-0.23977 27.1207 -1 0
-0.558745 26.9899 -1 0
-1.01962 26.9612 -1 0
-10 28 -1 0
-0.322297 26.2685 -1 0
-0.75357 26.3 -1 0
-10 26.9261 -1 0
-0 25.5599 -1 0
-0.423105 25.6074 -1 0
-1.04202 25.652 -1 0
-10 26.1267 -1 0
-0.375816 24.8861 -1 0
-0.814143 24.9629 -1 0
-10 25.4378 -1 0
-0 24.2048 -1 0
-0.457516 24.2767 -1 0
-1.05195 24.3608 -1 0
-10 24.7214 -1 0
-0.447542 23.5589 -1 0
-0.789766 23.6737 -1 0
-10 24.0247 -1 0
-0 22.8778 -1 0
-0.169129 22.9681 -1 0
-1.01499 23.0868 -1 0
-10 23.3252 -1 0
-0 22.2418 -1 0
-0.776222 22.3773 -1 0
-10 22.6106 -1 0
-0 21.5533 -1 0
-0.479264 21.6543 -1 0
-1.13842 21.7759 -1 0
-10 21.8921 -1 0
-0.42326 20.9092 -1 0
-0.808728 21.0371 -1 0
-1.39111 21.1138 -1 0
-10 21.2075 -1 0
-0 20.2075 -1 0
-0.406746 20.3048 -1 0
-1.071 20.3973 -1 0
-10 20.5265 -1 0
-0.357054 19.5489 -1 0
-0.805775 19.6668 -1 0
-10 19.8758 -1.27799 0
-0 18.8344 -1 0
-0.394896 18.9361 -1 0
-1.08185 19.0388 -1 0
-10 19.1721 -1.2553 0
-0.336556 18.1846 -1 0
-0.836531 18.3052 -1 0
-10 18.504 -1.40755 0
-0 17.4795 -1 0
-0.489887 17.5698 -1 0
-1.12003 17.7135 -1 0
-10 17.4349 -1 0
-0.422524 16.8149 -1 0
-0.869279 16.9527 -1 0
-10 16.8231 -1 0
-0 16.1045 -1 0
-0.499443 16.2132 -1 0
-1.17606 16.3779 -1 0
-10 16.196 -1 0
-0.430362 15.4457 -1 0
-0.825931 15.5899 -1 0
-10 15.5508 -1 0
-0 14.7282 -1 0
-0.493477 14.8313 -1 0
-1.09746 14.9407 -1 0
-10 14.9112 -1.28133 0
-0.429409 14.0705 -1 0
-0.868872 14.1945 -1 0
-0 13.3602 -1 0
-0.553913 13.4643 -1 0
-1.13182 13.6324 -1 0
-10 13.4225 -1.25293 0
-0.378309 12.7046 -1 0
-0.773196 12.8538 -1 0
-1.32924 12.7893 -1 0
-10 12.6491 -1.26497 0
-0 11.9923 -1 0
-0.456156 12.088 -1 0
-1.04076 12.1448 -1 0
-10 11.8944 -1.22925 0
-0.431275 11.331 -1 0
-0.77108 11.4341 -1 0
-1.33382 11.5 -1 0
-10 11.1702 -1.20579 0
-0 10.6206 -1 0
-0.48818 10.7066 -1 0
-1.04805 10.7944 -1 0
-10 10.4356 -1.25398 0
24 3.40436 -0.977635 0
24 3 -0.714133 0
23.9274 3 -0.812829 0
23.8113 3 -0.862048 0
23.5469 3 -0.907962 0
23.2354 3 -0.985376 0
22.8755 3 -1.24716 0
22.4722 3 -1.33637 0
22.0098 3 -1.38349 0
21.5234 3 -1.40374 0
-0.453709 9.9588 -1 0
-0.834398 10.0738 -1 0
-1.36868 10.193 -1 0
-10 9.59543 -1.28294 0
24 3.18819 -0.605017 0
20.483 3 -1.67966 0
-0 9.25226 -1 0
-0.489136 9.34467 -1 0
-1.07545 9.47842 -1 0
-10 8.73976 -1.266 0
24 3 -0.397176 0
20.0106 3 -1.66262 0
-0.474723 8.58935 -1 0
-0.836097 8.74856 -1 0
-1.42702 8.98002 -1 0
-10 7.85052 -1.26193 0
24 3 -0.492267 0
19.5089 3 -1.51658 0
-0 7.87261 -1 0
-0.462746 8.00107 -1 0
-1.13905 8.24694 -1 0
-10 6.93276 -1 0
24 3 -0.297182 0
19.002 3 -1.51886 0
-0.403686 7.23868 -1 0
-0.950422 7.45472 -1 0
-1.50676 7.30878 -1 0
-10 5.92792 -1 0
24 2.45294 -0 0
18.4768 3 -1.54162 0
-0 6.47412 -1 0
-0.67708 6.70755 -1 0
-1.26622 6.72912 -1 0
-10 4.86757 -1 0
24 1.95367 -0 0
17.9079 3 -1.51644 0
-0.503632 5.9671 -1 0
-1.06244 6.05826 -1 0
-1.67511 6.10292 -1 0
-10 3.66238 -1 0
24 1.57071 -0 0
17.3774 3 -1.55933 0
-0.373164 5.21581 -1 0
-0.925187 5.33052 -1 0
-1.47292 5.39733 -1 0
24 1.41594 -0 0
16.8067 3 -1.46921 0
-0.301783 4.45569 -1 0
-0.752077 4.56905 -1 0
-1.23061 4.66573 -1 0
24 1.15048 -0 0
16.28 3 -1.48527 0
-0 3.65885 -1 0
-0.398659 3.76443 -1 0
-0.866213 3.92206 -1 0
-13.1491 1 -1.07014 0
24 0.967405 -0 0
15.9959 3 -0.850238 0
3.23157 3 -1.33647 0
2.43833 3 -1.33903 0
1.59775 3 -1.21546 0
0.73958 3 -1.1309 0
-14.884 1 -1.12876 0
-14.2429 1 -1.22129 0
-15.7972 1 -1.16502 0
-16.5347 1 -1.26486 0
-17.3772 1 -1.29766 0
-18.1777 1 -1.28186 0
-18.9583 1 -1.24212 0
-19.7288 1 -1.21414 0
-20.4682 1 -1.14255 0
-21.1872 1 -1.04438 0
-21.8828 1 -0.922017 0
-22.5354 1 -0.796304 0
-23.1828 1 -0.718806 0
-23.7978 1 -0.543415 0
-24.3956 1 -0.410896 0
-24.9932 1 -0.275933 0
-25.5991 1 -0.183267 0
-26.2075 1 -0.157734 0
-26.8767 1 -0.133469 0
-27.5363 1 -0.0537464 0
-28.212 1 0.0177699 0
-28.8735 1 0.0747137 0
-29.4788 1 0.089944 0
24 0.662135 -0 0
14.7871 3 -0.98257 0
13.8429 3 -1.1571 0
12.942 3 -1.2725 0
12.1439 3 -1.29984 0
11.353 3 -1.29323 0
10.5792 3 -1.28422 0
9.82518 3 -1.2697 0
9.07981 3 -1.24984 0
8.3366 3 -1.2451 0
7.59199 3 -1.22123 0
6.85861 3 -1.20551 0
6.11813 3 -1.25809 0
5.38675 3 -1.30386 0
-31.8113 1 0.315677 0
24 0.30716 -0.285885 0
-33 1 0.179454 0
-33 1 -0.232003 0
25.1096 0 -0.197908 0
24.5537 0 -0.160565 0
24 0 -0.528627 0
24 0 -0 0
-33 0.762419 0.107749 0
-33 0.506282 -0.356801 0
26 0 0.0993323 0
-33 -0.014836 0.0111097 0
-33 -0.848369 0.143657 0
26 -0.154847 -0.0547227 0
-33 -1.70597 0.128812 0
26 -0.367609 -0.14923 0
-33 -2.64455 0.174268 0
26 -0.573615 -0.290619 0
-33 -3.50624 0.254896 0
26 -0.859393 -0.416905 0
-33 -4.36564 0.380861 0
26 -1 -0.529085 0
-33 -5.22931 0.559991 0
25.6079 -1 -0.561564 0
25.2658 -1 -0.634642 0
25 -1 -0.710705 0
-33 -6.23689 0.542981 0
25 -1 -1 0
-33 -7 0.466311 0
25 -1.13457 -1 0
13.2501 -3 -1.25956 0
12.6129 -3 -1.31172 0
11.9792 -3 -1.31882 0
11.3188 -3 -1.24034 0
10.688 -3 -1.21335 0
10.0332 -3 -1.22379 0
9.37038 -3 -1.20293 0
8.69348 -3 -1.20839 0
8.00754 -3 -1.25503 0
7.3174 -3 -1.33079 0
6.62157 -3 -1.41152 0
5.89878 -3 -1.39873 0
5.08393 -3 -1.37291 0
-31.2043 -7 0.526236 0
-31.7993 -7 0.549002 0
-32.4048 -7 0.476589 0
25 -1.1988 -1 0
14.9454 -3 -1.17896 0
14.3504 -3 -1.20165 0
13.7997 -3 -1.25338 0
4.32529 -3 -1.3127 0
3.63145 -3 -1.26224 0
2.98288 -3 -1.21494 0
2.41278 -3 -1.16389 0
1.82966 -3 -1.16731 0
1.18313 -3 -1.05489 0
-16.3262 -7 -1.18628 0
-16.9887 -7 -1.17354 0
-17.6878 -7 -1.24215 0
-18.3804 -7 -1.26112 0
-19.0731 -7 -1.22818 0
-19.7594 -7 -1.2097 0
-20.4398 -7 -1.18097 0
-21.1142 -7 -1.14091 0
-21.7761 -7 -1.09688 0
-22.4273 -7 -1.05005 0
-23.0476 -7 -0.972269 0
-23.6188 -7 -0.797036 0
-24.16 -7 -0.588579 0
-24.7057 -7 -0.381473 0
-25.2621 -7 -0.190156 0
-25.8824 -7 -0.060845 0
-26.5325 -7 0.0249893 0
-27.2313 -7 0.150524 0
-27.9124 -7 0.20709 0
-28.6132 -7 0.302985 0
-29.2995 -7 0.326672 0
-30.0202 -7 0.418072 0
-30.6531 -7 0.375373 0
25 -1.18871 -1.38822 0
25 -1.25649 -1 0
15.5769 -3 -1 0
0.521902 -3 -1 0
-0.185487 -3.74236 -1 0
-15.7115 -7 -1.17978 0
16.3842 -2.79656 -1 0
0.456387 -3.7802 -1 0
-0.129436 -4.4859 -1 0
-0.806824 -4.4973 -1 0
-15.1102 -7 -1.16687 0
25 -1.76277 -1 0
24.7067 -1.6126 -1 0
17.1443 -2.70568 -1 0
0.535961 -4.6289 -1 0
-0.0729864 -5.23471 -1 0
-0.731646 -5.17081 -1 0
-14.4094 -7 -1 0
25 -2 -1 0
17.7234 -2.80013 -1 0
0.585021 -5.40127 -1 0
-0.0247987 -5.9542 -1 0
-0.657251 -5.87852 -1 0
-13.7019 -7 -1 0
18.322 -2.79762 -1 0
0.589651 -6.24106 -1 0
-0.033845 -6.619 -1 0
-0.605114 -6.5652 -1 0
-12.5289 -6.85183 -1 0
26.5935 -2 -1 0
25.9437 -2.13446 -1 0
18.9171 -2.83022 -1 0
1 -7.15154 -1 0
0.72675 -7.1919 -1 0
0.242619 -7.0764 -1 0
-11.8612 -6.92493 -1 0
27 -2 -1 0
19.5103 -2.88122 -1 0
0.781138 -7.75214 -1 0
0.217764 -7.80899 -1 0
-0.347468 -7.8153 -1 0
-11.1047 -6.86256 -1 0
20.0976 -2.95498 -1 0
1 -8.54351 -1 0
0.705185 -8.60787 -1 0
0.359327 -8.42932 -1 0
-10.2658 -6.98571 -1 0
27.4768 -3 -1 0
27 -3 -1 0
20.7037 -2.86138 -1 0
0.689233 -9.19819 -1 0
0.226132 -9.16713 -1 0
-0.258557 -9.11931 -1 0
-9.22159 -7.01788 -1 0
26.9577 -3.00579 -1 0
26.3912 -3 -1 0
25.7991 -3 -1 0
25.2154 -3 -1 0
24.6249 -3 -1 0
24.0227 -2.82447 -1 0
23.3975 -2.83554 -1 0
22.7328 -2.81517 -1 0
22.0116 -2.83539 -1 0
21.325 -2.91408 -1 0
1 -9.86278 -1 0
0.744591 -9.86196 -1 0
0.220725 -9.82949 -1 0
-8.63039 -7.15955 -1 0
0.741899 -10.4946 -1 0
0.231738 -10.4943 -1 0
-0.284784 -10.4823 -1 0
-8 -7 -1 0
1 -11.1922 -1 0
0.665556 -11.1798 -1 0
0.210922 -11.1522 -1 0
-8 -9.46386 -1 0
0.734612 -11.8248 -1 0
0.205808 -11.8242 -1 0
-0.311135 -11.8171 -1 0
-8 -10.4778 -1 0
1 -12.535 -1 0
0.697133 -12.5193 -1 0
0.212936 -12.4899 -1 0
-8 -11.4109 -1 0
0.619107 -13.1663 -1 0
0.150525 -13.1648 -1 0
-0.327116 -13.1598 -1 0
-7.83084 -12.2232 -1 0
1 -13.8815 -1 0
0.673719 -13.8656 -1 0
0.188514 -13.8352 -1 0
0.718484 -14.5176 -1 0
0.196452 -14.516 -1 0
-0.327744 -14.5109 -1 0
-8 -13.8331 -1 0
1 -15.2318 -1 0
0.65922 -15.2162 -1 0
0.176161 -15.1868 -1 0
-8 -14.5692 -1 0
0.712244 -15.8687 -1 0
0.175481 -15.8685 -1 0
-0.38241 -15.8633 -1 0
-8 -15.3688 -1 0
1 -16.5829 -1 0
0.665479 -16.5676 -1 0
0.165183 -16.5396 -1 0
-7.77001 -16.03 -1 0
0.721942 -17.2183 -1 0
0.161234 -17.2202 -1 0
-0.413165 -17.2172 -1 0
-7.70674 -16.7425 -1 0
1 -17.93 -1 0
0.71506 -17.9148 -1 0
0.140556 -17.8885 -1 0
-7.68854 -17.4708 -1 0
0.713438 -18.5627 -1 0
0.123934 -18.5665 -1 0
-0.466225 -18.566 -1 0
-7.75467 -18.239 -1 0
1 -19.2661 -1 0
0.686493 -19.2547 -1 0
0.125963 -19.233 -1 0
-8 -18.9339 -1 0
0.684041 -19.8972 -1 0
0.0835934 -19.9059 -1 0
-0.499693 -19.9098 -1 0
-8 -19.583 -1 0
1 -20.5827 -1 0
0.589586 -20.5796 -1 0
0.0601513 -20.5688 -1 0
-8 -20.2905 -1 0
0.676624 -21.2075 -1 0
0.0599024 -21.2343 -1 0
-0.550335 -21.2551 -1 0
-8 -20.9754 -1 0
1 -21.8853 -1 0
0.651222 -21.8645 -1 0
0.136752 -21.892 -1 0
-7.55635 -21.6653 -1 0
0.665594 -22.4324 -1 0
0.096551 -22.5414 -1 0
-0.504749 -22.5772 -1 0
-7.50027 -22.3657 -1 0
1 -23.1564 -1 0
0.654377 -23.2246 -1 0
0.189687 -23.1134 -1 0
-7.50504 -23.084 -1 0
0.628246 -23.7432 -1 0
0.0777123 -23.7909 -1 0
-0.520267 -23.8244 -1 0
-8 -23.7835 -1 0
1 -24.4418 -1 0
0.656686 -24.3118 -1 0
0.169965 -24.3771 -1 0
-8 -24.6212 -1 0
0.426375 -24.9295 -1 0
-8 -25.307 -1 0
1 -25.8547 -1 0
1 -25.5392 -1 0
0.456762 -25.5443 -1 0
-0.0922391 -25.538 -1 0
-7.42511 -26.0418 -1 0
0.57822 -26.1423 -1 0
-7.531 -27.0501 -1 0
1 -26.8175 -1 0
0.783829 -26.9782 -1 0
0.492957 -26.7443 -1 0
0.0816114 -26.7046 -1 0
-6.79487 -27.4654 -1 0
0.73536 -27.5306 -1 0
0.442495 -27.3312 -1 0
0.0582104 -27.2712 -1 0
-5.99563 -27.5398 -1 0
0.434175 -27.8105 -1 0
0.11231 -27.7624 -1 0
-0.347524 -27.7169 -1 0
-0.870651 -27.725 -1 0
-1.45807 -27.7215 -1 0
-2.10169 -27.737 -1 0
-2.79516 -27.7181 -1 0
-3.56248 -27.7292 -1 0
-4.3702 -27.7218 -1 0
-5.31572 -27.7288 -1 0
-0.260755 28 -1.5239 0
-9.08921 28 -1.55773 0
-0 27.6648 -1 0
-10 28 -1.56234 0
-0 26.9656 -1 0
-10 27.3604 -1.51165 0
-0 26.4775 -1 0
-10 26.4851 -1.41146 0
-0 25.8267 -1 0
-10 25.7689 -1.60389 0
-0 25.0475 -1 0
-0 24.4644 -1 0
-0 23.6966 -1 0
-10 23.8514 -1.60831 0
-0 23.1364 -1 0
-10 23.1099 -1.44308 0
-0 22.3656 -1.12144 0
-10 22.3398 -1.42874 0
-0 21.806 -1.34034 0
-10 21.5718 -1.6622 0
-0 21.0341 -1 0
-0 20.4676 -1 0
-0 19.6782 -1 0
-0 19.1037 -1 0
-10 18.9734 -1.62576 0
-0 18.3071 -1 0
-10 17.877 -1.48354 0
-0 17.7498 -1 0
-10 17.2032 -1.54854 0
-0 16.9378 -1 0
-10 16.5463 -1.58374 0
-0 16.3696 -1 0
-0 15.576 -1 0
-0 14.9977 -1 0
-0 14.2006 -1 0
-10 14.1897 -1.29051 0
-10 13.9392 -1.62553 0
-0 13.6257 -1 0
-10 13.0828 -1.65018 0
-0 12.8319 -1 0
-10 12.2788 -1.64022 0
-0 12.2545 -1 0
-0 11.4599 -1 0
-0 10.8803 -1 0
21.0021 3 -1.39665 0
-0 10.0905 -1 0
-10 9.25605 -1.67756 0
-0 9.5141 -1 0
-10 8.30641 -1.62387 0
24 2.95094 -0.800292 0
-0 8.72159 -1 0
-10 7.38225 -1.60371 0
24 2.768 -1.02782 0
-0 8.14041 -1 0
-10 6.44734 -1.54814 0
24 2.74357 -0.892279 0
-0 7.33261 -1 0
24 2.52908 -0.647251 0
-0 6.75823 -1 0
24 2.11104 -0.60695 0
-0 5.75765 -1 0
24 1.72602 -0.550077 0
-0 5.05156 -1 0
-10 2.05343 -1 0
-10 1 -1.48916 0
24 1.41377 -0 0
-0 4.32369 -1 0
-10 1 -1 0
-12.0261 1 -1.08369 0
-11.4121 1 -1.39168 0
24 1.18905 -0.499409 0
-0 3.72626 -1.43332 0
24 1.00188 -0.583197 0
15.7447 3 -0.781452 0
4.49084 3 -1.51323 0
3.73142 3 -1.50565 0
2.93685 3 -1.41588 0
2.1057 3 -1.42107 0
1.20734 3 -1.38749 0
-0 3 -1.29256 0
-15.4559 1 -1.31272 0
-16.4712 1 -1.35894 0
-17.4084 1 -1.3881 0
-18.2441 1 -1.3698 0
-19.0324 1 -1.32846 0
-19.7986 1 -1.33176 0
-20.5339 1 -1.23587 0
-21.2492 1 -1.21568 0
-21.9393 1 -1.08535 0
-22.594 1 -0.970457 0
-23.244 1 -0.874582 0
-23.8701 1 -0.755783 0
-24.4908 1 -0.730604 0
-25.1077 1 -0.637945 0
-25.7289 1 -0.546767 0
-26.3764 1 -0.50438 0
-27.0475 1 -0.499598 0
-27.7122 1 -0.451199 0
-28.3743 1 -0.387134 0
-29.03 1 -0.363043 0
-29.7344 1 -0.305751 0
-30.4449 1 -0.19616 0
24 0.71622 -0.482798 0
15.0789 3 -1.06971 0
14.3276 3 -1.30471 0
13.4929 3 -1.45397 0
12.6842 3 -1.49931 0
11.9079 3 -1.508 0
11.1391 3 -1.49143 0
10.387 3 -1.47072 0
9.65154 3 -1.44386 0
8.91552 3 -1.41452 0
8.19375 3 -1.40781 0
7.4669 3 -1.38106 0
6.74274 3 -1.39044 0
6.00379 3 -1.41216 0
5.26278 3 -1.45607 0
-31.1817 1 -0.113755 0
-31.9198 1 -0.104525 0
-32.5337 1 -0.242448 0
24 0.325127 -0.846757 0
25.5905 0 -0.524941 0
25.0085 0 -0.582841 0
26 0 -0.358112 0
-33 -0.181182 -0.380283 0
-33 -0.908796 -0.253565 0
26 -0.11086 -0.490245 0
-33 -1.72729 -0.240907 0
26 -0.308275 -0.568701 0
-33 -2.60984 -0.204818 0
26 -0.642754 -0.683572 0
-33 -3.49894 -0.159889 0
26 -0.897296 -0.768689 0
-33 -4.35815 -0.0816596 0
26 -1 -0.979578 0
-33 -5.14195 0.0502579 0
25.6456 -1 -0.994602 0
25 -1 -1.03926 0
-33 -5.84986 0.161763 0
25 -1.03901 -1.13771 0
-33 -6.61862 0.0163052 0
25 -1.16344 -1.17553 0
13.4219 -3 -1.48582 0
12.7698 -3 -1.37894 0
12.1042 -3 -1.51356 0
11.4393 -3 -1.45706 0
10.7764 -3 -1.44098 0
10.1184 -3 -1.37556 0
9.46151 -3 -1.34354 0
8.79064 -3 -1.40021 0
8.10624 -3 -1.39673 0
7.41503 -3 -1.43095 0
6.72554 -3 -1.47337 0
6.0366 -3 -1.52752 0
5.35285 -3 -1.508 0
-31.7335 -7 -0.00886523 0
-32.3537 -7 -0.0117658 0
-33 -7 -0.0612612 0
25 -1.16772 -1.38337 0
14.6774 -3 -1.54012 0
14.0716 -3 -1.55907 0
4.59497 -3 -1.48432 0
3.88094 -3 -1.46858 0
3.1512 -3 -1.42017 0
2.35042 -3 -1.27733 0
1.64944 -3 -1.36435 0
-16.828 -7 -1.30093 0
-17.5157 -7 -1.33999 0
-18.2113 -7 -1.35022 0
-18.9049 -7 -1.34915 0
-19.5913 -7 -1.37369 0
-20.2626 -7 -1.33405 0
-20.9289 -7 -1.27063 0
-21.591 -7 -1.26218 0
-22.2351 -7 -1.22492 0
-22.852 -7 -1.12908 0
-23.4515 -7 -1.02785 0
-24.0271 -7 -0.878834 0
-24.6018 -7 -0.727807 0
-25.1793 -7 -0.567916 0
-25.7959 -7 -0.449834 0
-26.4327 -7 -0.379425 0
-27.0943 -7 -0.306308 0
-27.7672 -7 -0.22432 0
-28.4359 -7 -0.143604 0
-29.122 -7 -0.0875825 0
-29.8182 -7 -0.0721936 0
-30.4727 -7 -0.126009 0
-31.1507 -7 -0.0746206 0
15.2222 -3 -1.33216 0
1 -3 -1 0
-16.1844 -7 -1.35185 0
25 -1.36686 -1 0
15.8162 -3 -1 0
1 -3.90285 -1 0
-14.9256 -7 -1.20208 0
-15.5721 -7 -1.29697 0
16.4465 -3 -1 0
1 -4.7799 -1 0
-14.3265 -7 -1.13232 0
-14.7606 -7 -1.52343 0
17.0368 -3 -1 0
1 -5.73223 -1 0
-13.7965 -7 -1.20781 0
25.9202 -2 -1 0
17.6691 -3 -1 0
1 -6.56949 -1.42007 0
1 -6.54575 -1 0
-13.2032 -7 -1 0
18.2771 -3 -1 0
-12.5668 -7 -1 0
18.8694 -3 -1 0
1 -8.03771 -1.38392 0
1 -7.99007 -1 0
-11.8561 -7 -1 0
27 -3 -1.52188 0
19.4542 -3 -1 0
-10.9643 -7 -1 0
-11.4609 -7 -1.46472 0
20.0283 -3 -1 0
1 -9.36392 -1.41065 0
1 -9.27182 -1 0
-9.99227 -7 -1 0
-10.6358 -7 -1.60923 0
27.5796 -3 -1 0
21.277 -3 -1 0
20.6765 -3 -1 0
-8.76982 -7 -1 0
-9.48804 -7 -1.30631 0
27.0856 -3 -1 0
26.5769 -3 -1 0
26.0077 -3 -1.51932 0
25.4196 -3 -1.49926 0
24.8288 -3 -1.50442 0
24.2299 -3 -1 0
23.6206 -3 -1 0
23.0001 -3 -1 0
22.3744 -3 -1 0
21.7844 -3 -1 0
1 -10.6944 -1.51883 0
1 -10.5975 -1 0
-8 -8.87423 -1 0
1 -12.0313 -1.39501 0
1 -11.9334 -1 0
-8 -10.0624 -1.10237 0
-8 -11.1814 -1.2301 0
1 -13.3785 -1.56156 0
1 -13.2792 -1 0
-8 -12.1231 -1 0
-8 -11.9438 -1.411 0
-8 -12.9703 -1 0
1 -14.728 -1.56925 0
1 -14.6288 -1 0
-8 -13.7795 -1 0
-8 -14.4678 -1.08181 0
1 -16.0784 -1.57323 0
1 -15.9796 -1 0
-8 -15.1364 -1.13138 0
-8 -15.9476 -1 0
1 -17.4263 -1.4193 0
1 -17.327 -1 0
-8 -16.6917 -1 0
-8 -16.5906 -1.42366 0
-8 -17.3992 -1 0
-8 -17.2604 -1.44501 0
1 -18.7662 -1.42316 0
1 -18.669 -1 0
-8 -18.1416 -1 0
-8 -17.9174 -1.37832 0
1 -20.0895 -1.58114 0
1 -19.9969 -1 0
-8 -19.4527 -1 0
-8 -20.1705 -1.09345 0
1 -21.3959 -1.39759 0
1 -21.3022 -1 0
-8 -20.9153 -1.20089 0
-8 -21.6242 -1 0
-8 -21.5305 -1.38671 0
1 -22.6958 -1.44474 0
1 -22.6509 -1 0
-8 -22.3422 -1 0
-8 -23.0515 -1 0
1 -24.037 -1.596 0
1 -23.8129 -1 0
-8 -24.5587 -1.09724 0
1 -25.2224 -1.37119 0
1 -25.0059 -1 0
-8 -25.3048 -1.22709 0
-8 -26.0257 -1 0
-8 -25.8501 -1.64235 0
1 -26.36 -1.53969 0
1 -26.4 -1 0
-8 -26.9171 -1 0
-8 -26.6222 -1.44995 0
-8 -28 -1 0
-8 -27.5819 -1.25025 0
1 -27.369 -1 0
-7.01288 -28 -1 0
1 -28 -1 0
0.778262 -28 -1 0
-6.32738 -28 -1 0
0.318158 -28 -1 0
-0.178672 -28 -1 0
-0.723429 -28 -1 0
-1.31718 -28 -1 0
-1.95186 -28 -1 0
-2.62755 -28 -1 0
-3.37197 -28 -1 0
-4.14304 -28 -1 0
-4.96402 -28 -1 0
-5.77042 -28 -1 0
-0.723531 28 -1.51739 0
-1.18401 28 -1.50357 0
-1.72593 28 -1.53743 0
-2.31592 28 -1.49487 0
-2.97071 28 -1.47735 0
-3.6743 28 -1.44608 0
-4.45236 28 -1.42723 0
-5.27773 28 -1.46726 0
-6.15287 28 -1.5356 0
-0 28 -1.42635 0
-7.02311 28 -1.7173 0
-7.96755 28 -1.6359 0
-0 27.7417 -1.38523 0
-0 27.2653 -1.58053 0
-0 26.5723 -1.4657 0
-0 26.124 -1.77912 0
-0 25.3525 -1.5507 0
-10 25.1831 -1.36798 0
-0 24.8552 -1.75864 0
-10 24.5683 -1.53383 0
-0 24.0141 -1.56085 0
-0 23.5407 -1.75738 0
-0 22.6902 -1.57687 0
-0 22.2118 -1.8193 0
-0 21.3596 -1.54237 0
-10 20.9711 -1.3169 0
-0 20.8768 -1.7864 0
-10 20.3814 -1.56441 0
-0 20.0138 -1.59114 0
-10 19.6921 -1.68239 0
-0 19.5274 -1.80241 0
-0 18.6415 -1.44318 0
-0 18.1456 -1.56491 0
-0 17.2449 -1.44779 0
-0 16.7752 -1.79629 0
-10 15.9846 -1.40774 0
-0 15.9043 -1.55357 0
-10 15.4058 -1.65317 0
-0 15.4075 -1.76536 0
-10 14.7039 -1.70858 0
-0 14.5375 -1.55829 0
-0 14.0461 -1.78105 0
-0 13.1662 -1.62263 0
-0 12.6739 -1.86462 0
-10 11.6392 -1.5578 0
-0 11.7932 -1.55344 0
-10 10.9909 -1.68275 0
24 3 -1.31187 0
23.9507 3 -1.4417 0
23.755 3 -1.49696 0
23.4645 3 -1.52827 0
23.1323 3 -1.5924 0
22.751 3 -2 0
22.3123 3 -2 0
21.821 3 -2 0
-0 11.2999 -1.79356 0
-10 10.1813 -1.67032 0
24 3.25583 -1.06018 0
21.3337 3 -2 0
20.9113 3 -2 0
-0 10.4221 -1.5533 0
24 3.24955 -1.48654 0
20.384 3 -2 0
-0 9.93168 -1.79296 0
24 3.00915 -1.32876 0
24 2.89176 -1.5405 0
19.8232 3 -2 0
-0 9.0612 -1.55263 0
24 2.77033 -1.37005 0
19.3212 3 -2 0
-0 8.57677 -1.78536 0
24 2.59315 -1.31918 0
18.8199 3 -2 0
-0 7.67975 -1.55883 0
-10 5.56468 -1.29424 0
24 2.35442 -1.20602 0
18.289 3 -2 0
-0 7.17189 -1.57466 0
-10 4.6418 -1.72501 0
24 1.98856 -1.1168 0
17.7471 3 -2 0
-0 6.13663 -1.44919 0
-10 3.30906 -1.56338 0
24 1.58218 -0.876325 0
17.2008 3 -2 0
-0 5.52783 -1.67442 0
24 1.435 -0.868331 0
16.6861 3 -2 0
-0 4.63722 -1.44777 0
24 1.18007 -1.09533 0
16.1679 3 -2 0
-0 3.7486 -2 0
-13.2558 1 -1.40369 0
24 1.03012 -1.1205 0
15.6744 3 -1.42554 0
15.2346 3 -1.33947 0
4.16638 3 -1.67231 0
3.35206 3 -1.69791 0
2.61537 3 -1.64462 0
1.91321 3 -1.7538 0
1.04235 3 -1.72703 0
-0 3 -1.78042 0
-14.6126 1 -1.43164 0
-15.6751 1 -1.48364 0
-16.6172 1 -1.45831 0
-17.5237 1 -1.44698 0
-18.3264 1 -1.47956 0
-19.1041 1 -1.4225 0
-19.8574 1 -1.3859 0
-20.5885 1 -1.30698 0
-21.2971 1 -1.30057 0
-21.981 1 -1.23 0
-22.6433 1 -1.13086 0
-23.2965 1 -1.09598 0
-23.9418 1 -1.05102 0
-24.5787 1 -1.04919 0
-25.2114 1 -0.949575 0
-25.8542 1 -0.861688 0
-26.5205 1 -0.835181 0
-27.2015 1 -0.85022 0
-27.8738 1 -0.820489 0
-28.5436 1 -0.792545 0
-29.2357 1 -0.790878 0
-29.9396 1 -0.743663 0
-30.649 1 -0.699648 0
24 0.750176 -1.28442 0
14.6492 3 -1.50102 0
13.9445 3 -1.61588 0
13.1907 3 -1.64484 0
12.4237 3 -1.66683 0
11.6722 3 -1.62008 0
10.9284 3 -1.57828 0
10.1959 3 -1.57021 0
9.4683 3 -1.49653 0
8.76073 3 -1.50551 0
8.05351 3 -1.49434 0
7.33397 3 -1.50234 0
6.61023 3 -1.5427 0
5.84847 3 -1.55693 0
5.0372 3 -1.60964 0
-31.3117 1 -0.601136 0
-31.9623 1 -0.641063 0
-32.5271 1 -0.72062 0
24 0.409427 -1.44583 0
-33 1 -0.725584 0
25.6357 0 -0.913226 0
25.2216 0 -1.03266 0
24.6296 0 -0.982728 0
24 0 -1.15514 0
-33 0.611582 -0.859813 0
26 0 -0.76259 0
-33 0.025294 -0.776719 0
-33 -0.832902 -0.697114 0
26 -0.0922178 -0.877111 0
-33 -1.64653 -0.638336 0
26 -0.324913 -0.973488 0
-33 -2.56493 -0.571333 0
26 -0.668536 -1.07122 0
-33 -3.48394 -0.547077 0
26 -0.909713 -1.11274 0
-33 -4.3955 -0.529988 0
26 -1 -1.26848 0
-33 -5.24723 -0.467552 0
25.6274 -1 -1.32475 0
25 -1 -1.41763 0
25 -1.03356 -1.48727 0
-33 -6.04891 -0.313975 0
25 -1.056 -1.43966 0
-33 -7 -0.496164 0
25 -1.15258 -1.59357 0
13.7016 -3 -1.70989 0
12.9534 -3 -1.56294 0
12.2618 -3 -1.56131 0
11.5787 -3 -1.61507 0
10.9039 -3 -1.62457 0
10.2296 -3 -1.57513 0
9.56459 -3 -1.55431 0
8.89479 -3 -1.56619 0
8.20744 -3 -1.58605 0
7.5051 -3 -1.57512 0
6.80884 -3 -1.5784 0
6.11951 -3 -1.62628 0
5.44855 -3 -1.67458 0
-31.6915 -7 -0.593048 0
-32.217 -7 -0.489326 0
-32.743 -7 -0.542049 0
25 -1.14174 -2 0
15.0186 -3 -1.75731 0
14.4195 -3 -1.90756 0
4.83417 -3 -1.67597 0
4.1411 -3 -1.70116 0
3.35687 -3 -1.62587 0
2.56903 -3 -1.62478 0
1.76871 -3 -1.54438 0
-16.6641 -7 -1.5306 0
-17.3576 -7 -1.50186 0
-18.0631 -7 -1.50158 0
-18.7571 -7 -1.49883 0
-19.444 -7 -1.49194 0
-20.1122 -7 -1.46106 0
-20.7772 -7 -1.39617 0
-21.4338 -7 -1.37277 0
-22.0886 -7 -1.39433 0
-22.7094 -7 -1.30211 0
-23.3203 -7 -1.24466 0
-23.9277 -7 -1.18128 0
-24.509 -7 -1.04667 0
-25.0959 -7 -0.928774 0
-25.7151 -7 -0.812029 0
-26.3434 -7 -0.738592 0
-26.9876 -7 -0.687797 0
-27.6482 -7 -0.633262 0
-28.3054 -7 -0.58246 0
-28.9473 -7 -0.536645 0
-29.6345 -7 -0.522303 0
-30.2938 -7 -0.583355 0
-31.0105 -7 -0.606706 0
25 -1.22455 -2 0
25 -1.22761 -2 0
15.4825 -3 -1.62355 0
1 -3 -1.31305 0
-15.987 -7 -1.54397 0
25 -1.50688 -2 0
15.93 -3 -1.54606 0
1 -3.92146 -1.51565 0
-15.3297 -7 -1.46251 0
16.5966 -3 -2 0
1 -5.26051 -1.40436 0
25.6297 -2 -2 0
25 -2 -2 0
17.2488 -3 -2 0
1 -5.97682 -1.42689 0
-14.2268 -7 -1.56358 0
26.382 -2 -2 0
17.8711 -3 -2 0
-13.2192 -7 -1.20744 0
18.4895 -3 -2 0
1 -7.51542 -1.21741 0
-12.6235 -7 -1.24468 0
27 -2.52229 -2 0
27 -2 -2 0
19.0906 -3 -2 0
-12.1149 -7 -1.52082 0
27.3702 -3 -1.82605 0
19.6825 -3 -2 0
1 -8.81258 -1.29838 0
27 -3 -2 0
20.2781 -3 -1.40754 0
27.3642 -3 -2 0
26.8952 -2.98804 -2 0
21.3991 -3 -1.51433 0
20.8079 -3 -1.38005 0
1 -10.1386 -1.29717 0
27.1778 -3 -2 0
26.7162 -3 -2 0
26.1914 -3 -2 0
25.6209 -3 -2 0
25.035 -3 -2 0
24.4381 -3 -2 0
23.8349 -3 -2 0
23.2295 -3 -2 0
22.6228 -3 -2 0
22.0199 -3 -2 0
-8 -7 -1.2867 0
1 -11.4723 -1.29753 0
-8 -9.23047 -1.3161 0
-8 -10.346 -1.42092 0
1 -12.8171 -1.45507 0
-8 -11.141 -1.67118 0
1 -14.1645 -1.36835 0
-8 -12.8077 -1.26926 0
-8 -13.6499 -1.25412 0
1 -15.5147 -1.37452 0
-8 -14.5286 -1.3341 0
-8 -15.3364 -1.4828 0
1 -16.8643 -1.28895 0
-8 -15.95 -1.60418 0
1 -18.2075 -1.30052 0
1 -19.5384 -1.29406 0
-8 -18.6523 -1.29629 0
-8 -19.7388 -1.29387 0
1 -20.851 -1.29386 0
-8 -20.4234 -1.41283 0
-8 -20.9557 -1.64583 0
1 -22.1911 -1.4548 0
-8 -22.212 -1.22661 0
1 -23.4577 -1.45841 0
-8 -22.9341 -1.2697 0
-8 -23.613 -1.2444 0
1 -24.6308 -1.43532 0
-8 -24.3262 -1.43959 0
-8 -25.0979 -1.5973 0
1 -25.7958 -1.49981 0
1 -27.0192 -1.42874 0
1 -27.4415 -1.59262 0
-8 -28 -1.28969 0
1 -28 -1.57835 0
-6.48362 -28 -1.32031 0
-7.22106 -28 -1.30334 0
0.781188 -28 -1.44755 0
0.37179 -28 -1.55439 0
-0.106665 -28 -1.48317 0
-0.614071 -28 -1.47685 0
-1.17199 -28 -1.45448 0
-1.78246 -28 -1.42598 0
-2.4363 -28 -1.43124 0
-3.1567 -28 -1.43604 0
-3.90788 -28 -1.45085 0
-4.70601 -28 -1.40465 0
-5.568 -28 -1.36468 0
-0.693631 28 -2 0
-1.25755 28 -2 0
-1.8458 28 -2 0
-2.46986 28 -2 0
-3.14273 28 -1.85281 0
-3.8652 28 -1.84175 0
-4.65302 28 -1.83167 0
-5.48193 28 -1.91406 0
-6.36267 28 -2 0
-0 28 -2 0
-0.209897 28 -2 0
-7.366 28 -2 0
-8.48634 28 -2 0
-10 28 -2 0
-0 27.5149 -2 0
-0.281269 27.6146 -2 0
-10 27.6848 -2 0
-0 26.9296 -2 0
-0.211804 27.1204 -2 0
-10 27.1809 -2 0
-0 26.4666 -2 0
-10 26.5993 -2 0
-0 25.7423 -2 0
-0.150131 25.9232 -2 0
-10 25.8201 -2 0
-0 25.2524 -2 0
-10 25.0447 -2 0
-0 24.4611 -2 0
-0.20632 24.699 -2 0
-10 24.239 -2 0
-0 23.9979 -2 0
-10 23.5081 -2 0
-0 23.1619 -2 0
-0.242606 23.4181 -2 0
-10 22.7684 -2 0
-0 22.687 -2 0
-9.58753 22.0192 -2 0
-10 22.2606 -2 0
-0 21.8375 -2 0
-0.195342 22.1001 -2 0
-10 21.6064 -2 0
-0 21.3599 -2 0
-10 20.8383 -2 0
-0 20.5006 -2 0
-0.181777 20.7676 -2 0
-10 20.0548 -2 0
-0 20.0183 -2 0
-10 19.3554 -2 0
-0 19.1542 -2 0
-0.123133 19.4405 -2 0
-10 18.7119 -2 0
-0 18.7322 -2 0
-10 18.1727 -2 0
-0 17.617 -1.73104 0
-0 18.0561 -2 0
-10 17.3905 -2 0
-0 17.2438 -2 0
-10 16.6367 -2 0
-0 16.3802 -2 0
-0.164338 16.6533 -2 0
-10 15.8713 -2 0
-0 15.8827 -2 0
-10 15.0729 -2 0
-0 15.0241 -2 0
-0.326532 15.2959 -2 0
-10 14.3289 -2 0
-0 14.5375 -2 0
-10 13.6074 -2 0
-0 13.6614 -2 0
-0.168866 13.93 -2 0
-10 12.9098 -2 0
-0 13.165 -2 0
-10 12.2852 -2 0
-0 12.2887 -2 0
-0.183666 12.5546 -2 0
-10 11.5044 -2 0
-0 11.7923 -2 0
-10 10.6554 -2 0
-0 10.9179 -2 0
-0.170192 11.186 -2 0
-10 9.87257 -2 0
24 3.02275 -1.7221 0
24 3 -1.7623 0
24 3 -2 0
23.7064 3 -2 0
23.4031 3 -2 0
23.0478 3 -2 0
22.6453 2.91556 -2 0
22.1338 2.88462 -2 0
21.5581 2.88757 -2 0
-0 10.421 -2 0
-10 9.17988 -2 0
20.9789 2.95583 -2 0
-0 9.55358 -2 0
-0.180562 9.82178 -2 0
-10 8.47314 -2 0
24 2.81612 -1.78968 0
24 2.86599 -1.97073 0
24 2.85454 -2 0
23.7098 2.85934 -2 0
23.4041 2.87536 -2 0
23.0483 2.97295 -2 0
22.6104 2.86188 -2 0
22.1209 2.95568 -2 0
21.6231 2.94017 -2 0
21.0967 2.93715 -2 0
20.4616 2.97175 -2 0
-0 9.07179 -2 0
-10 7.59626 -2 0
24 2.70325 -1.67222 0
24 2.69252 -1.92236 0
24 2.72688 -2 0
23.7913 2.73568 -2 0
23.4745 2.81256 -2 0
23.1229 2.85697 -2 0
22.6998 2.82166 -2 0
22.2165 2.86187 -2 0
21.7134 2.82861 -2 0
21.1281 2.83503 -2 0
20.5657 2.87954 -2 0
19.9226 2.95625 -2 0
-0 8.20856 -2 0
-0.192071 8.4931 -2 0
-10 6.6619 -2 0
24 2.54544 -1.74104 0
24 2.55208 -2 0
24 2.57358 -2 0
23.634 2.63428 -2 0
23.3978 2.66158 -2 0
22.8986 2.66841 -2 0
22.3669 2.68781 -2 0
21.8131 2.66798 -2 0
21.2326 2.70479 -2 0
20.6222 2.793 -2 0
20.0431 2.86223 -2 0
19.4177 2.93918 -2 0
-0 7.77358 -2 0
-10 5.59189 -2 0
24 2.32149 -1.58847 0
24 2.34269 -1.83829 0
24 2.39447 -2 0
24 2.33677 -2 0
24 2.40795 -2 0
23.2057 2.47398 -2 0
22.5305 2.5062 -2 0
21.9309 2.55978 -2 0
21.3297 2.62446 -2 0
20.7219 2.63803 -2 0
20.0864 2.70209 -2 0
19.5194 2.79633 -2 0
18.9003 2.91164 -2 0
-0 6.58965 -1.69164 0
-0 7.05109 -2 0
-10 4.29163 -2 0
24 1.95528 -1.44487 0
24 2.10268 -1.81153 0
24 2.10201 -1.90559 0
24 2.16957 -2 0
23.32 2.24029 -2 0
22.7162 2.32431 -2 0
22.0631 2.38307 -2 0
21.4327 2.51515 -2 0
20.7926 2.55734 -2 0
20.1811 2.62778 -2 0
19.5635 2.71082 -2 0
18.9937 2.77621 -2 0
18.3691 2.90425 -2 0
-0 6.20139 -2 0
-10 2.62462 -2 0
24 1.78046 -1.54477 0
24 1.86945 -1.81546 0
24 1.96386 -2 0
23.4959 2.02769 -2 0
22.8848 2.12213 -2 0
22.2341 2.21105 -2 0
21.5608 2.29995 -2 0
20.889 2.41398 -2 0
20.2494 2.52686 -2 0
19.638 2.61856 -2 0
19.021 2.67608 -2 0
18.456 2.73888 -2 0
17.8357 2.87284 -2 0
-0 5.30425 -2 0
-0.272541 5.71817 -2 0
-10 1 -2 0
24 1.5272 -1.40005 0
24 1.65641 -1.7372 0
24 1.73786 -2 0
24 1.77593 -2 0
23.1213 1.8651 -2 0
22.3562 1.97957 -2 0
21.6394 2.1074 -2 0
20.9497 2.22198 -2 0
20.2974 2.36638 -2 0
19.6692 2.5046 -2 0
19.0641 2.55499 -2 0
18.4581 2.6245 -2 0
17.9071 2.66397 -2 0
17.3189 2.80418 -2 0
-0 4.54282 -2 0
-0.387752 5.00447 -2 0
-11.2762 1 -1.74017 0
24 1.28793 -1.5913 0
24 1.42086 -1.8825 0
24 1.43971 -2 0
23.2272 1.54649 -2 0
22.3985 1.67245 -2 0
21.6373 1.80204 -2 0
20.953 1.9871 -2 0
20.2828 2.12777 -2 0
19.6463 2.29579 -2 0
19.0219 2.38673 -2 0
18.4102 2.49832 -2 0
17.772 2.64275 -2 0
17.1852 2.781 -2 0
16.6686 2.89847 -2 0
-0 3 -2 0
-0.356975 4.12346 -2 0
-12.5753 1 -1.80678 0
-13.8391 1 -1.66971 0
24 1.12397 -1.66593 0
24 1.21705 -2 0
23.1967 1.33163 -2 0
22.3266 1.44032 -2 0
21.5833 1.58774 -2 0
20.8726 1.74024 -2 0
20.2102 1.9232 -2 0
19.5483 2.07893 -2 0
18.9125 2.26472 -2 0
18.2695 2.42954 -2 0
17.647 2.55792 -2 0
17.0931 2.71366 -2 0
16.5026 2.89802 -2 0
15.9458 3 -2 0
15.3701 3 -1.79295 0
2.69003 3 -1.82792 0
1.7549 3 -1.82311 0
0.821174 3 -1.97073 0
-0.429342 3.4247 -2 0
-14.9584 1 -1.5965 0
-15.9233 1 -1.60477 0
-16.7967 1 -1.65762 0
-17.6559 1 -1.63264 0
-18.4486 1 -1.6682 0
-19.2066 1 -1.60152 0
-19.9479 1 -1.53573 0
-20.6653 1 -1.42903 0
-21.3659 1 -1.40417 0
-22.0522 1 -1.40869 0
-22.725 1 -1.41581 0
-23.3857 1 -1.42096 0
-24.0367 1 -1.33886 0
-24.6803 1 -1.29369 0
-25.331 1 -1.23926 0
-25.9935 1 -1.20773 0
-26.6765 1 -1.18808 0
-27.3823 1 -1.21414 0
-28.0637 1 -1.23542 0
-28.7505 1 -1.24997 0
-29.4439 1 -1.22497 0
-30.1268 1 -1.15288 0
-30.8404 1 -1.16812 0
24 0.83694 -1.74279 0
24 0.84333 -2 0
23.0688 0.983404 -2 0
22.2288 1.19835 -2 0
21.4794 1.37582 -2 0
20.748 1.59786 -2 0
20.0353 1.76854 -2 0
19.378 1.92961 -2 0
18.7368 2.12346 -2 0
18.0871 2.25799 -2 0
17.4796 2.36561 -2 0
16.8922 2.5603 -2 0
16.3472 2.77919 -2 0
15.8155 3 -2 0
14.8729 3 -1.695 0
14.3235 3 -1.76203 0
13.6299 3 -1.74283 0
12.8989 3 -1.75233 0
12.1636 3 -1.77784 0
11.4235 3 -1.74545 0
10.6941 3 -1.72824 0
9.98397 3 -1.74003 0
9.27119 3 -1.6982 0
8.57297 3 -1.68308 0
7.88048 3 -1.6979 0
7.17661 3 -1.66684 0
6.48963 3 -1.67851 0
5.79322 3 -1.69513 0
5.22728 3 -1.76711 0
4.54715 3 -1.75828 0
3.69174 3 -1.78707 0
-31.4602 1 -1.08916 0
-32.003 1 -1.16473 0
24 0 -1.67121 0
24 0.520412 -1.81262 0
24 0.68162 -2 0
22.9001 0.899449 -2 0
22.0639 1.08392 -2 0
21.4215 1.27737 -2 0
-32.5551 1 -1.19176 0
25.5417 0 -1.39122 0
25.0214 0 -1.45788 0
24.4177 0 -1.47592 0
24 0.324791 -1.90856 0
-33 1 -1.20473 0
26 0 -1.21431 0
-33 0.287058 -1.25294 0
-33 -0.535688 -1.06831 0
26 -0.15617 -1.23147 0
-33 -1.42841 -1.04984 0
-33 -1.48383 -1.56649 0
26 -0.40346 -1.34919 0
-33 -2.3357 -0.921153 0
-33 -2.26284 -1.3733 0
26 -0.607636 -1.4594 0
-33 -3.36885 -0.895254 0
-33 -3.056 -1.14033 0
26 -0.874345 -1.40742 0
-33 -4.33461 -0.97558 0
26 -1 -1.6162 0
-33 -5.28735 -0.976529 0
25.6573 -1 -1.60387 0
25.2387 -1 -1.71688 0
25 -1 -1.84007 0
-33 -6.23264 -0.863412 0
25 -1.03688 -2 0
24.5896 -1.06904 -2 0
-33 -7 -0.991016 0
25 -1.07304 -2 0
24.21 -1.10589 -2 0
23.4597 -1.14806 -2 0
22.6802 -1.21283 -2 0
14.2387 -3 -2 0
13.6094 -3 -1.78692 0
13.0402 -3 -1.81207 0
12.3991 -3 -1.7578 0
11.7359 -3 -1.76861 0
11.0695 -3 -1.76689 0
10.3884 -3 -1.76881 0
9.71248 -3 -1.77613 0
9.03625 -3 -1.73452 0
8.35186 -3 -1.73907 0
7.6253 -3 -1.71299 0
6.91418 -3 -1.75518 0
6.20784 -3 -1.80086 0
5.49096 -3 -1.85592 0
4.75203 -3 -1.86654 0
4.07102 -3 -1.87054 0
-31.5952 -7 -1.0568 0
-32.4179 -7 -0.971968 0
24.537 -1.14537 -2 0
23.9229 -1.22222 -2 0
23.2719 -1.23976 -2 0
22.6838 -1.31817 -2 0
22.1148 -1.31104 -2 0
21.4487 -1.43714 -2 0
20.7531 -1.56246 -2 0
20.0824 -1.69302 -2 0
19.4291 -1.79463 -2 0
18.8052 -1.95508 -2 0
18.1529 -2.09684 -2 0
17.5398 -2.27381 -2 0
16.8952 -2.44122 -2 0
16.2288 -2.68669 -2 0
15.5519 -3 -2 0
14.9155 -3 -2 0
3.51005 -3 -1.77521 0
2.81345 -3 -1.76486 0
1.94161 -3 -1.78536 0
-16.4929 -7 -1.71074 0
-17.2123 -7 -1.68741 0
-17.9166 -7 -1.68322 0
-18.6076 -7 -1.6663 0
-19.2893 -7 -1.60623 0
-19.9632 -7 -1.6044 0
-20.6284 -7 -1.58579 0
-21.2854 -7 -1.56533 0
-21.9349 -7 -1.54814 0
-22.5749 -7 -1.47724 0
-23.2028 -7 -1.44917 0
-23.8259 -7 -1.43036 0
-24.4241 -7 -1.33172 0
-25.0153 -7 -1.24514 0
-25.6052 -7 -1.13378 0
-26.2351 -7 -1.07455 0
-26.853 -7 -1.047 0
-27.5134 -7 -1.01613 0
-28.1843 -7 -1.04104 0
-28.8267 -7 -1.04447 0
-29.4074 -7 -0.979099 0
-30.0136 -7 -1.08463 0
-30.7429 -7 -1.08555 0
25 -1.34759 -2 0
24.4191 -1.36729 -2 0
23.7776 -1.41085 -2 0
23.1456 -1.48646 -2 0
22.4703 -1.55649 -2 0
21.8355 -1.57806 -2 0
21.1757 -1.61888 -2 0
20.499 -1.72012 -2 0
19.8423 -1.83135 -2 0
19.1819 -1.93636 -2 0
18.5179 -2.07462 -2 0
17.8569 -2.33721 -2 0
17.2154 -2.55619 -2 0
16.5612 -2.78347 -2 0
15.9432 -3 -2 0
1 -3 -2 0
0.999369 -3.30156 -2 0
-15.4727 -7 -1.71567 0
-15.8662 -7 -1.7431 0
24.7169 -1.55244 -2 0
24.2732 -1.50098 -2 0
23.6157 -1.57604 -2 0
22.9508 -1.64379 -2 0
22.2822 -1.69597 -2 0
21.6332 -1.73992 -2 0
20.9639 -1.81089 -2 0
20.2937 -1.92958 -2 0
19.6363 -2.09943 -2 0
18.954 -2.23485 -2 0
18.27 -2.41304 -2 0
17.5344 -2.5961 -2 0
16.8692 -2.85047 -2 0
16.3133 -3 -2 0
1 -4.62027 -1.54286 0
1 -3.893 -2 0
-14.9864 -7 -1.82211 0
24.5563 -1.51384 -2 0
24.0287 -1.64146 -2 0
23.4213 -1.72449 -2 0
22.7677 -1.77199 -2 0
22.129 -1.8979 -2 0
21.4619 -1.93556 -2 0
20.776 -1.99845 -2 0
20.101 -2.13199 -2 0
19.4287 -2.26165 -2 0
18.7099 -2.47223 -2 0
18.0432 -2.72631 -2 0
17.5035 -2.8778 -2 0
17.0022 -3 -2 0
1 -4.73769 -2 0
-14.4502 -7 -2 0
24.9777 -2 -2 0
24.7315 -1.91549 -2 0
24.334 -1.79756 -2 0
23.8105 -1.85325 -2 0
23.227 -1.90023 -2 0
22.5878 -1.94622 -2 0
21.9364 -2.05374 -2 0
21.2814 -2.11314 -2 0
20.5861 -2.19175 -2 0
19.9218 -2.3523 -2 0
19.2386 -2.50155 -2 0
18.682 -2.70221 -2 0
18.1611 -2.78045 -2 0
17.6542 -3 -2 0
1 -5.37909 -2 0
0.588768 -5.54243 -2 0
-13.671 -7 -1.64436 0
25.8804 -2.09644 -2 0
24.5915 -2.07112 -2 0
24.1519 -2.01844 -2 0
23.5886 -2.06132 -2 0
22.9932 -2.07856 -2 0
22.3553 -2.15221 -2 0
21.7109 -2.21261 -2 0
21.0964 -2.28985 -2 0
20.5448 -2.43183 -2 0
19.9428 -2.56384 -2 0
19.3754 -2.67871 -2 0
18.8144 -2.82106 -2 0
18.2692 -3 -2 0
1 -7.09288 -1.65982 0
1 -6.09347 -2 0
-13.0903 -7 -1.65955 0
25.3221 -2.11666 -2 0
24.9527 -2.19672 -2 0
24.4375 -2.18098 -2 0
23.9216 -2.18552 -2 0
23.3553 -2.20191 -2 0
22.7262 -2.27564 -2 0
22.0613 -2.31783 -2 0
21.3309 -2.41425 -2 0
20.6906 -2.56481 -2 0
20.0621 -2.70063 -2 0
19.4512 -2.82188 -2 0
18.9059 -3 -2 0
1 -6.77319 -2 0
-12.4796 -7 -1.71446 0
26.6909 -2.43755 -2 0
26.3943 -2.08807 -2 0
25.5719 -2.26523 -2 0
24.9287 -2.33522 -2 0
24.3465 -2.33371 -2 0
23.7678 -2.34602 -2 0
23.1652 -2.40365 -2 0
22.5348 -2.43 -2 0
21.8932 -2.44692 -2 0
21.2909 -2.54786 -2 0
20.6646 -2.73026 -2 0
20.089 -2.89889 -2 0
19.5254 -3 -2 0
1 -8.44381 -1.62865 0
1 -7.6757 -1.7184 0
-11.7866 -7 -2 0
26.0514 -2.4478 -2 0
25.4515 -2.48981 -2 0
24.8406 -2.50231 -2 0
24.2442 -2.47788 -2 0
23.647 -2.45369 -2 0
23.0394 -2.53931 -2 0
22.4369 -2.59913 -2 0
21.8558 -2.63368 -2 0
21.2829 -2.68288 -2 0
20.6931 -2.83226 -2 0
20.1196 -3 -2 0
1 -8.17999 -1.83935 0
-11.002 -7 -2 0
26.5402 -2.8322 -2 0
25.9152 -2.83027 -2 0
25.3432 -2.70502 -2 0
24.7449 -2.6677 -2 0
24.1443 -2.60713 -2 0
23.5424 -2.6011 -2 0
22.9478 -2.66703 -2 0
22.3656 -2.76501 -2 0
21.7938 -2.76834 -2 0
21.2114 -2.80924 -2 0
20.6046 -3 -2 0
1 -9.78079 -2 0
1 -9.02209 -1.86024 0
-10.1213 -7 -2 0
26.3879 -2.86933 -2 0
25.8008 -2.86352 -2 0
25.2141 -2.84108 -2 0
24.6152 -2.83849 -2 0
24.0128 -2.78045 -2 0
23.4136 -2.78369 -2 0
22.8223 -2.80555 -2 0
22.2472 -2.8423 -2 0
21.6767 -3 -2 0
21.0948 -3 -2 0
1 -9.52212 -2 0
-8.89992 -7 -1.66848 0
1 -11.1134 -2 0
1 -10.3554 -2 0
-8 -7.99943 -1.62484 0
1 -10.858 -2 0
-8 -9.46249 -1.73219 0
1 -12.453 -2 0
1 -11.6907 -2 0
-8 -10.3261 -1.84898 0
1 -12.1965 -2 0
-8 -11.5987 -2 0
1 -13.8025 -2 0
1 -13.0365 -2 0
-8 -12.4519 -1.6806 0
1 -13.5446 -2 0
-8 -13.2679 -1.63421 0
1 -15.1525 -2 0
1 -14.3847 -2 0
-8 -14.0371 -1.6691 0
1 -14.8941 -2 0
-8 -14.7315 -1.7967 0
1 -16.5025 -2 0
1 -15.7349 -2 0
-8 -15.3103 -2 0
1 -16.2448 -2 0
-8 -16.2787 -2 0
1 -17.8479 -2 0
1 -17.0842 -2 0
-8 -16.9229 -2 0
1 -17.5928 -2 0
-8 -17.6124 -2 0
1 -19.1827 -2 0
1 -18.426 -2 0
-8 -18.2634 -1.68932 0
1 -18.9325 -2 0
-8 -19.2717 -1.66373 0
1 -20.5027 -2 0
1 -19.7543 -2 0
-8 -19.8737 -1.74463 0
1 -20.2567 -2 0
-8 -20.3816 -1.82525 0
1 -21.8135 -2 0
1 -21.0693 -2 0
-8 -21.2337 -2 0
1 -21.5685 -2 0
-8 -21.9198 -1.64545 0
1 -23.1301 -2 0
1 -22.3641 -2 0
-8 -22.671 -1.88567 0
-8 -22.6162 -1.58402 0
1 -22.8442 -2 0
-8 -23.2598 -1.70577 0
1 -24.3576 -2 0
1 -23.7545 -2 0
-8 -23.911 -1.70197 0
0.701619 -24.2112 -2 0
-8 -24.514 -2 0
1 -25.5168 -2 0
1 -24.944 -2 0
-8 -25.5051 -2 0
0.743466 -25.421 -2 0
-8 -26.1897 -2 0
1 -26.761 -2 0
1 -26.1197 -2 0
-8 -27.0784 -1.70756 0
0.754417 -26.6021 -2 0
-8 -27.6047 -1.66434 0
1 -27.3635 -2 0
0.687954 -27.1994 -2 0
-8 -28 -1.6654 0
1 -28 -2 0
0.643878 -27.7609 -2 0
-6.18899 -28 -1.7223 0
-7.38099 -28 -1.71904 0
0.584249 -28 -2 0
0.0645277 -28 -2 0
-0.465938 -28 -2 0
-1.01793 -28 -1.91037 0
-1.61443 -28 -1.82085 0
-2.24928 -28 -1.86037 0
-2.93634 -28 -1.85163 0
-3.66781 -28 -2 0
-4.43508 -28 -2 0
-5.242 -28 -1.80389 0
-0.500979 27.912 -2 0
-0.934042 27.9216 -2 0
-1.429 27.8481 -2 0
-1.99699 27.8567 -2 0
-2.61948 28 -2 0
-3.29251 28 -2 0
-4.02406 28 -2 0
-4.81547 28 -2 0
-5.67352 28 -2 0
-6.65596 27.7832 -2 0
-7.82581 27.8137 -2 0
-0.56486 27.5319 -2 0
-0.990577 27.5255 -2 0
-1.48997 27.4642 -2 0
-2.07012 27.4332 -2 0
-2.69746 27.4551 -2 0
-3.37939 27.4402 -2 0
-4.10596 27.4405 -2 0
-4.88044 27.4473 -2 0
-5.7257 27.4261 -2 0
-6.63968 27.4206 -2 0
-7.50974 27.4036 -2 0
-8.76549 27.5585 -2 0
-0.513923 27.0016 -2 0
-0.985424 27.019 -2 0
-1.50117 26.9806 -2 0
-2.09747 26.9367 -2 0
-2.69536 26.9042 -2 0
-3.35947 26.877 -2 0
-4.06695 26.878 -2 0
-4.82869 26.8955 -2 0
-5.61621 26.9014 -2 0
-6.45868 26.8977 -2 0
-7.34503 26.9225 -2 0
-8.19996 26.9626 -2 0
-9.27947 27.1164 -2 0
-0.459656 26.4601 -2 0
-0.967253 26.4443 -2 0
-1.49371 26.4956 -2 0
-1.97764 26.3831 -2 0
-2.57718 26.3517 -2 0
-3.23021 26.3292 -2 0
-3.9174 26.3303 -2 0
-4.67147 26.3317 -2 0
-5.45378 26.3308 -2 0
-6.26787 26.3345 -2 0
-7.1614 26.364 -2 0
-8.15369 26.4692 -2 0
-9.05519 26.5157 -2 0
-0.562978 25.8395 -2 0
-1.1883 25.9218 -2 0
-1.78748 25.8381 -2 0
-2.39281 25.7774 -2 0
-3.05175 25.7568 -2 0
-3.73038 25.7501 -2 0
-4.49366 25.7365 -2 0
-5.27035 25.7422 -2 0
-6.04558 25.7541 -2 0
-6.89821 25.7862 -2 0
-7.77628 25.8742 -2 0
-8.47266 25.8266 -2 0
-9.18516 25.8291 -2 0
-0.546779 25.2863 -2 0
-1.10598 25.3339 -2 0
-1.59514 25.2189 -2 0
-2.20512 25.1881 -2 0
-2.85978 25.161 -2 0
-3.53491 25.1431 -2 0
-4.2536 25.1323 -2 0
-5.01195 25.1376 -2 0
-5.77209 25.1588 -2 0
-6.55316 25.1817 -2 0
-7.29538 25.1823 -2 0
-8.09337 25.1987 -2 0
-8.77646 25.1532 -2 0
-9.57134 25.1205 -2 0
-0.714718 24.6865 -2 0
-1.32897 24.6353 -2 0
-1.97899 24.5872 -2 0
-2.63038 24.5404 -2 0
-3.30147 24.5235 -2 0
-3.98441 24.5135 -2 0
-4.68248 24.5152 -2 0
-5.42161 24.5321 -2 0
-6.19513 24.5361 -2 0
-6.9332 24.5359 -2 0
-7.66392 24.53 -2 0
-8.41191 24.5188 -2 0
-9.07212 24.447 -2 0
-9.53265 24.3901 -2 0
-0.618273 24.0358 -2 0
-1.19605 24.036 -2 0
-1.7035 23.9424 -2 0
-2.34129 23.9214 -2 0
-3.00488 23.895 -2 0
-3.68709 23.8769 -2 0
-4.36442 23.8739 -2 0
-5.06583 23.8729 -2 0
-5.81432 23.8722 -2 0
-6.51426 23.8716 -2 0
-7.21817 23.8601 -2 0
-7.88802 23.8372 -2 0
-8.54671 23.8096 -2 0
-9.0976 23.7276 -2 0
-9.60897 23.6641 -2 0
-0.783131 23.385 -2 0
-1.40327 23.3411 -2 0
-2.04108 23.2943 -2 0
-2.67979 23.2506 -2 0
-3.36791 23.2324 -2 0
-4.03169 23.2228 -2 0
-4.71475 23.2153 -2 0
-5.40627 23.2095 -2 0
-6.08073 23.2034 -2 0
-6.7304 23.1873 -2 0
-7.40362 23.1684 -2 0
-8.02947 23.1315 -2 0
-8.64231 23.088 -2 0
-9.08847 22.9952 -2 0
-9.66707 22.9965 -2 0
-0.69369 22.7245 -2 0
-1.23335 22.7264 -2 0
-1.71093 22.6298 -2 0
-2.32405 22.6093 -2 0
-2.98293 22.5836 -2 0
-3.64895 22.5623 -2 0
-4.32436 22.55 -2 0
-5.00176 22.5402 -2 0
-5.64993 22.5294 -2 0
-6.29485 22.514 -2 0
-6.91554 22.488 -2 0
-7.5424 22.4551 -2 0
-8.1687 22.3992 -2 0
-8.76601 22.3559 -2 0
-9.33014 22.3028 -2 0
-0.770399 22.0628 -2 0
-1.36372 22.0174 -2 0
-1.97131 21.973 -2 0
-2.57684 21.9233 -2 0
-3.2487 21.9007 -2 0
-3.92508 21.8834 -2 0
-4.59826 21.8696 -2 0
-5.24905 21.8563 -2 0
-5.88941 21.8383 -2 0
-6.45302 21.8124 -2 0
-7.06652 21.7775 -2 0
-7.75254 21.7406 -2 0
-8.35358 21.701 -2 0
-8.84926 21.594 -2 0
-9.29462 21.3602 -2 0
-0.584208 21.3929 -2 0
-1.10691 21.3948 -2 0
-1.56134 21.2961 -2 0
-2.16322 21.2691 -2 0
-2.8717 21.2364 -2 0
-3.55111 21.2141 -2 0
-4.22122 21.1998 -2 0
-4.8839 21.1836 -2 0
-5.51187 21.1653 -2 0
-6.11921 21.1402 -2 0
-6.73387 21.1115 -2 0
-7.35587 21.082 -2 0
-7.91822 21.036 -2 0
-8.4255 20.9412 -2 0
-8.86662 20.7427 -2 0
-9.66687 20.8879 -2 0
-0.564956 20.7255 -2 0
-1.14381 20.6759 -2 0
-1.85868 20.6165 -2 0
-2.54472 20.5637 -2 0
-3.22012 20.5501 -2 0
-3.87661 20.5343 -2 0
-4.53255 20.5137 -2 0
-5.16471 20.4919 -2 0
-5.80249 20.4677 -2 0
-6.40498 20.4434 -2 0
-6.97725 20.4163 -2 0
-7.49414 20.3752 -2 0
-7.97642 20.2957 -2 0
-8.38999 20.1425 -2 0
-9.0182 20.2471 -2 0
-9.47795 20.1771 -2 0
-0.336564 20.0501 -2 0
-0.942221 20.0432 -2 0
-1.5664 19.9185 -2 0
-2.25548 19.8979 -2 0
-2.89508 19.8964 -2 0
-3.53729 19.8755 -2 0
-4.20797 19.8431 -2 0
-4.84059 19.8143 -2 0
-5.48711 19.7906 -2 0
-6.07356 19.7683 -2 0
-6.57705 19.7407 -2 0
-7.08641 19.6966 -2 0
-7.59426 19.6164 -2 0
-8.13708 19.5502 -2 0
-8.73091 19.6459 -2 0
-9.13018 19.5126 -2 0
-9.63932 19.4533 -2 0
-0.653737 19.3686 -2 0
-1.24784 19.2613 -2 0
-1.91299 19.2415 -2 0
-2.5863 19.26 -2 0
-3.23592 19.2187 -2 0
-3.83987 19.1622 -2 0
-4.44686 19.135 -2 0
-5.06267 19.1112 -2 0
-5.64007 19.0888 -2 0
-6.17878 19.0598 -2 0
-6.71373 19.0171 -2 0
-7.25268 18.9746 -2 0
-7.73459 18.9162 -2 0
-8.30914 18.9616 -2 0
-8.78576 18.8823 -2 0
-9.2057 18.7933 -2 0
-9.57886 18.7519 -2 0
-0.517973 18.656 -2 0
-1.10457 18.5733 -2 0
-1.74209 18.5789 -2 0
-2.37226 18.6399 -2 0
-2.92362 18.5244 -2 0
-3.49982 18.4868 -2 0
-4.09959 18.4539 -2 0
-4.65786 18.4307 -2 0
-5.23159 18.4077 -2 0
-5.83041 18.3797 -2 0
-6.35174 18.349 -2 0
-6.8694 18.3169 -2 0
-7.41934 18.2936 -2 0
-7.92664 18.2695 -2 0
-8.38892 18.208 -2 0
-8.86942 18.1558 -2 0
-9.26922 18.0726 -2 0
-9.72191 18.0989 -2 0
-0.268381 17.9175 -2 0
-1.1306 17.9112 -2 0
-1.90014 17.9763 -2 0
-2.5631 17.8834 -2 0
-3.14188 17.8082 -2 0
-3.73068 17.7752 -2 0
-4.29904 17.7503 -2 0
-4.88783 17.727 -2 0
-5.44967 17.7029 -2 0
-5.98687 17.6783 -2 0
-6.52582 17.6537 -2 0
-7.05373 17.6268 -2 0
-7.57587 17.5884 -2 0
-8.08023 17.5399 -2 0
-8.56451 17.4796 -2 0
-9.08997 17.4451 -2 0
-9.58425 17.4078 -2 0
-0.564257 17.267 -2 0
-1.16778 17.2569 -2 0
-1.77815 17.3376 -2 0
-2.23345 17.1811 -2 0
-2.80444 17.1326 -2 0
-3.38677 17.0975 -2 0
-3.97465 17.0717 -2 0
-4.54613 17.0483 -2 0
-5.08692 17.0259 -2 0
-5.6296 17.0036 -2 0
-6.15798 16.98 -2 0
-6.65901 16.952 -2 0
-7.18894 16.9175 -2 0
-7.73697 16.876 -2 0
-8.24527 16.8428 -2 0
-8.75528 16.8254 -2 0
-9.16751 16.7344 -2 0
-9.63071 16.6868 -2 0
-0.629742 16.5637 -2 0
-1.32372 16.6517 -2 0
-1.88894 16.536 -2 0
-2.45011 16.4619 -2 0
-3.04316 16.4265 -2 0
-3.62088 16.3965 -2 0
-4.18593 16.3709 -2 0
-4.72692 16.3484 -2 0
-5.28684 16.3265 -2 0
-5.81211 16.3036 -2 0
-6.34007 16.2781 -2 0
-6.87951 16.2495 -2 0
-7.42167 16.2168 -2 0
-7.91185 16.1985 -2 0
-8.39165 16.1627 -2 0
-8.86513 16.1122 -2 0
-9.30176 16.0185 -2 0
-9.70858 15.9618 -2 0
-0.607483 15.9377 -2 0
-1.12731 15.9825 -2 0
-1.5665 15.8361 -2 0
-2.13347 15.7976 -2 0
-2.71685 15.7565 -2 0
-3.28117 15.7209 -2 0
-3.84615 15.6941 -2 0
-4.41467 15.6703 -2 0
-4.96156 15.6485 -2 0
-5.49031 15.6268 -2 0
-6.06099 15.6038 -2 0
-6.60124 15.5799 -2 0
-7.10997 15.5243 -2 0
-7.61434 15.5831 -2 0
-8.08628 15.5275 -2 0
-8.52108 15.4529 -2 0
-8.95832 15.3962 -2 0
-9.37306 15.3011 -2 0
-9.7019 15.2325 -2 0
-0.743264 15.267 -2 0
-1.27769 15.2014 -2 0
-1.86629 15.143 -2 0
-2.40347 15.0826 -2 0
-2.96346 15.0486 -2 0
-3.51981 15.0186 -2 0
-4.07504 14.993 -2 0
-4.62072 14.9709 -2 0
-5.17511 14.9495 -2 0
-5.75334 14.9278 -2 0
-6.29491 14.9018 -2 0
-6.73496 14.7975 -2 0
-7.34227 14.9985 -2 0
-7.75893 14.8701 -2 0
-8.19083 14.7993 -2 0
-8.60069 14.7332 -2 0
-9.03266 14.6752 -2 0
-9.373 14.5756 -2 0
-9.71044 14.4861 -2 0
-0.605703 14.57 -2 0
-1.1367 14.5615 -2 0
-1.56163 14.4534 -2 0
-2.10082 14.4197 -2 0
-2.65948 14.3791 -2 0
-3.20897 14.3433 -2 0
-3.76364 14.3165 -2 0
-4.29999 14.2933 -2 0
-4.8499 14.272 -2 0
-5.40151 14.2515 -2 0
-5.91934 14.2202 -2 0
-6.3446 14.0658 -2 0
-7.00368 14.3766 -2 0
-7.42817 14.2171 -2 0
-7.85811 14.1346 -2 0
-8.27478 14.076 -2 0
-8.6772 14.012 -2 0
-9.06174 13.946 -2 0
-9.391 13.8369 -2 0
-9.71263 13.763 -2 0
-0.66919 13.8829 -2 0
-1.25429 13.8234 -2 0
-1.80715 13.7669 -2 0
-2.34919 13.7064 -2 0
-2.89673 13.6722 -2 0
-3.43345 13.6423 -2 0
-3.9838 13.6163 -2 0
-4.52414 13.5946 -2 0
-5.0663 13.5726 -2 0
-5.53768 13.5204 -2 0
-5.96175 13.3511 -2 0
-6.67325 13.7319 -2 0
-7.10859 13.5561 -2 0
-7.54646 13.4685 -2 0
-7.9616 13.4105 -2 0
-8.36762 13.3545 -2 0
-8.74528 13.2804 -2 0
-9.09148 13.2073 -2 0
-9.41556 13.0874 -2 0
-9.76075 13.061 -2 0
-0.544749 13.1918 -2 0
-1.09001 13.1853 -2 0
-1.54312 13.0779 -2 0
-2.06831 13.0443 -2 0
-2.61064 13.0038 -2 0
-3.1396 12.968 -2 0
-3.69338 12.9407 -2 0
-4.25015 12.917 -2 0
-4.7675 12.89 -2 0
-5.24583 12.8213 -2 0
-5.69843 12.6464 -2 0
-6.38931 13.0687 -2 0
-6.80118 12.8882 -2 0
-7.25738 12.8009 -2 0
-7.69113 12.7494 -2 0
-8.11016 12.689 -2 0
-8.53226 12.6152 -2 0
-8.88842 12.5178 -2 0
-9.29635 12.4292 -2 0
-9.65589 12.2818 -2 0
-0.70555 12.5064 -2 0
-1.2562 12.4448 -2 0
-1.80346 12.395 -2 0
-2.33813 12.3362 -2 0
-2.86648 12.2976 -2 0
-3.41696 12.2671 -2 0
-3.96395 12.2399 -2 0
-4.48106 12.207 -2 0
-4.98244 12.1241 -2 0
-5.44649 11.9463 -2 0
-6.11646 12.3933 -2 0
-6.5439 12.2093 -2 0
-7.00717 12.1403 -2 0
-7.45212 12.0962 -2 0
-7.8678 12.0297 -2 0
-8.2583 11.9442 -2 0
-8.63094 11.8655 -2 0
-9.02124 11.7874 -2 0
-9.35415 11.6401 -2 0
-9.7393 11.5845 -2 0
-0.571745 11.8186 -2 0
-1.10287 11.7743 -2 0
-1.59364 11.7437 -2 0
-2.07871 11.6709 -2 0
-2.62758 11.6292 -2 0
-3.16516 11.5926 -2 0
-3.70483 11.5637 -2 0
-4.22985 11.5238 -2 0
-4.71515 11.4314 -2 0
-5.18214 11.2517 -2 0
-5.86756 11.7091 -2 0
-6.30023 11.5156 -2 0
-6.76845 11.5043 -2 0
-7.22979 11.4645 -2 0
-7.63589 11.3627 -2 0
-8.0131 11.2799 -2 0
-8.41512 11.2093 -2 0
-8.79333 11.1215 -2 0
-9.17309 11.0329 -2 0
-9.49842 10.9298 -2 0
-9.77862 10.8397 -2 0
-0.651082 11.1075 -2 0
-1.24446 11.1081 -2 0
-1.80354 11.0231 -2 0
-2.33517 10.9607 -2 0
-2.90488 10.9232 -2 0
-3.42986 10.8911 -2 0
-3.93857 10.8449 -2 0
-4.43535 10.7456 -2 0
-4.92142 10.568 -2 0
-5.64221 11.0147 -2 0
-6.05395 10.7908 -2 0
-6.62661 10.9445 -2 0
-7.01372 10.7959 -2 0
-7.42877 10.6926 -2 0
-7.80681 10.6108 -2 0
-8.20638 10.539 -2 0
-8.59716 10.4636 -2 0
-8.95619 10.379 -2 0
-9.2644 10.2975 -2 0
-9.52613 10.1683 -2 0
-9.77982 10.0598 -2 0
-0.548466 10.452 -2 0
-1.08996 10.4512 -2 0
-1.53827 10.3402 -2 0
-2.07277 10.3012 -2 0
-2.62219 10.258 -2 0
-3.14061 10.2226 -2 0
-3.66431 10.172 -2 0
-4.18205 10.0653 -2 0
-4.65563 9.88351 -2 0
-5.35677 10.3308 -2 0
-5.72583 10.0306 -2 0
-6.34609 10.3429 -2 0
-6.77865 10.1403 -2 0
-7.19722 10.0244 -2 0
-7.58729 9.93991 -2 0
-7.9931 9.87189 -2 0
-8.3741 9.80012 -2 0
-8.71987 9.72212 -2 0
-9.01452 9.62817 -2 0
-9.30135 9.52745 -2 0
-9.53892 9.38212 -2 0
-9.78161 9.28551 -2 0
-0.702075 9.77468 -2 0
-1.25389 9.71789 -2 0
-1.80444 9.64882 -2 0
-2.32494 9.59046 -2 0
-2.86603 9.56094 -2 0
-3.39993 9.50142 -2 0
-3.9063 9.38642 -2 0
-4.37832 9.19826 -2 0
-5.06649 9.62747 -2 0
-5.47222 9.32332 -2 0
-6.12583 9.68761 -2 0
-6.55468 9.47232 -2 0
-6.97621 9.34435 -2 0
-7.37593 9.26499 -2 0
-7.79976 9.20309 -2 0
-8.17785 9.13782 -2 0
-8.50964 9.05504 -2 0
-8.81344 8.96184 -2 0
-9.08851 8.84098 -2 0
-9.36552 8.71474 -2 0
-9.61472 8.55754 -2 0
-9.86396 8.51783 -2 0
-0.571468 9.09866 -2 0
-1.09513 9.08528 -2 0
-1.52381 8.95161 -2 0
-2.04648 8.9374 -2 0
-2.62974 8.90669 -2 0
-3.16253 8.82684 -2 0
-3.66166 8.69786 -2 0
-4.14222 8.5181 -2 0
-4.81776 8.93595 -2 0
-5.24621 8.63463 -2 0
-5.89905 9.0163 -2 0
-6.30934 8.78823 -2 0
-6.77445 8.65719 -2 0
-7.18864 8.58944 -2 0
-7.6046 8.53307 -2 0
-7.95988 8.45952 -2 0
-8.31869 8.38069 -2 0
-8.6332 8.28527 -2 0
-8.94567 8.15568 -2 0
-9.24474 7.9955 -2 0
-9.54495 7.85329 -2 0
-9.84044 7.68536 -2 0
-0.705647 8.41074 -2 0
-1.23916 8.29578 -2 0
-1.82444 8.30707 -2 0
-2.41705 8.25623 -2 0
-2.92406 8.13395 -2 0
-3.4295 8.01531 -2 0
-3.92552 7.85537 -2 0
-4.59955 8.25696 -2 0
-5.04636 7.95589 -2 0
-5.69418 8.33411 -2 0
-6.10432 8.08888 -2 0
-6.56171 7.97083 -2 0
-7.02239 7.92375 -2 0
-7.44221 7.85912 -2 0
-7.82131 7.78358 -2 0
-8.1743 7.69736 -2 0
-8.51203 7.62122 -2 0
-8.83694 7.47261 -2 0
-9.12474 7.30424 -2 0
-9.42957 7.18259 -2 0
-9.64676 6.96629 -2 0
-9.84723 6.81359 -2 0
-0.531618 7.67995 -2 0
-1.08391 7.6201 -2 0
-1.70369 7.70661 -2 0
-2.16226 7.55796 -2 0
-2.69204 7.437 -2 0
-3.21249 7.34143 -2 0
-3.74566 7.22477 -2 0
-4.3943 7.58816 -2 0
-4.81687 7.28061 -2 0
-5.47531 7.63828 -2 0
-5.87707 7.35077 -2 0
-6.46615 7.31347 -2 0
-6.92591 7.24727 -2 0
-7.35048 7.17189 -2 0
-7.73397 7.08868 -2 0
-8.08032 7.00388 -2 0
-8.43581 6.97533 -2 0
-8.69718 6.76271 -2 0
-8.98133 6.61105 -2 0
-9.24716 6.43772 -2 0
-9.51627 6.26584 -2 0
-9.73996 6.04433 -2 0
-9.94723 5.91089 -2 0
-0.328048 6.94582 -2 0
-1.271 7.04737 -2 0
-1.92787 6.90422 -2 0
-2.4806 6.7171 -2 0
-3.09889 6.70369 -2 0
-3.62127 6.61168 -2 0
-4.18981 6.89902 -2 0
-4.56602 6.58575 -2 0
-5.18353 6.94443 -2 0
-5.4791 6.64641 -2 0
-5.97323 6.68015 -2 0
-6.45401 6.63036 -2 0
-6.9173 6.56259 -2 0
-7.34002 6.47086 -2 0
-7.75761 6.39998 -2 0
-8.2055 6.33889 -2 0
-8.57201 6.11515 -2 0
-8.89365 5.92249 -2 0
-9.19001 5.74437 -2 0
-9.45475 5.54093 -2 0
-9.69075 5.33965 -2 0
-9.89468 5.13627 -2 0
-9.95424 4.9509 -2 0
-0.570706 6.3493 -2 0
-1.22303 6.40794 -2 0
-1.68733 6.20245 -2 0
-2.09839 6.01801 -2 0
-2.63986 6.07825 -2 0
-3.18809 6.0546 -2 0
-3.83183 6.13988 -2 0
-4.30058 5.9801 -2 0
-4.89601 6.15109 -2 0
-5.42364 6.03665 -2 0
-5.91756 6.01582 -2 0
-6.42985 5.9596 -2 0
-6.89494 5.88774 -2 0
-7.3057 5.77992 -2 0
-7.74894 5.77441 -2 0
-8.16096 5.65796 -2 0
-8.52476 5.41242 -2 0
-8.8672 5.21585 -2 0
-9.19742 5.04101 -2 0
-9.46659 4.79201 -2 0
-9.71662 4.53512 -2 0
-9.9789 4.38153 -2 0
-10.1643 4.05488 -2 0
-10.2456 3.31973 -2 0
-0.93318 5.67825 -2 0
-1.4681 5.47165 -2 0
-2.05692 5.4152 -2 0
-2.62035 5.44335 -2 0
-3.18935 5.48264 -2 0
-3.7419 5.46036 -2 0
-4.3261 5.43831 -2 0
-4.86082 5.47354 -2 0
-5.3933 5.4069 -2 0
-5.90773 5.36905 -2 0
-6.41461 5.30655 -2 0
-6.87063 5.23339 -2 0
-7.3224 5.09441 -2 0
-7.7869 5.22055 -2 0
-8.14241 4.97095 -2 0
-8.49004 4.67193 -2 0
-8.9207 4.54022 -2 0
-9.28903 4.33099 -2 0
-9.60131 4.03438 -2 0
-9.88901 3.74926 -2 0
-10.1194 3.68773 -2 0
-10.3529 3.22448 -2 0
-10.4942 2.69487 -2 0
-10.4878 2.14542 -2 0
-0.878249 4.84862 -2 0
-1.44775 4.81082 -2 0
-2.03238 4.82323 -2 0
-2.60585 4.84025 -2 0
-3.17286 4.83621 -2 0
-3.74964 4.84035 -2 0
-4.30395 4.83511 -2 0
-4.84984 4.82172 -2 0
-5.364 4.77197 -2 0
-5.83804 4.72763 -2 0
-6.32971 4.67016 -2 0
-6.80016 4.60111 -2 0
-7.20888 4.38464 -2 0
-7.64953 4.6509 -2 0
-8.01386 4.37769 -2 0
-10.2833 2.98804 -2 0
-10.6413 2.43355 -2 0
-10.8593 1.93111 -2 0
-11.1502 1 -2 0
-11.662 1 -1.94995 0
-0.893068 4.15463 -2 0
-1.42174 4.19807 -2 0
-2.00482 4.25001 -2 0
-2.57889 4.25258 -2 0
-3.15528 4.24521 -2 0
-3.75047 4.25176 -2 0
-4.31953 4.22843 -2 0
-4.86214 4.1959 -2 0
-5.36508 4.14533 -2 0
-5.83166 4.07427 -2 0
-6.30489 4.02319 -2 0
-6.74725 3.95331 -2 0
-7.17573 3.71705 -2 0
-7.59309 4.01736 -2 0
-11.2943 1.59349 -2 0
-11.8864 1 -2 0
-12.5236 1 -2.03282 0
-13.319 1 -1.9302 0
1.34147 3 -2.00767 0
0.521155 3 -2.15712 0
-0.200759 3 -2 0
-0.864707 3.50145 -2 0
-1.43385 3.63672 -2 0
-2.01195 3.73061 -2 0
-2.5953 3.6665 -2 0
-3.20911 3.70986 -2 0
-3.81435 3.68905 -2 0
-4.37409 3.65634 -2 0
-4.90225 3.60232 -2 0
-5.39474 3.53995 -2 0
-5.86569 3.4551 -2 0
-6.32641 3.38378 -2 0
-6.75963 3.35759 -2 0
-12.8813 1 -2 0
-13.7682 1 -2 0
-14.3385 1 -1.84912 0
-15.2528 1 -1.84368 0
-16.1586 1 -1.81563 0
-17.0191 1 -1.90685 0
-17.8295 1 -1.83217 0
-18.6099 1 -1.82275 0
-19.3615 1 -1.68703 0
-20.0838 1 -1.66781 0
-20.7926 1 -1.65747 0
-21.4882 1 -1.62662 0
-22.1755 1 -1.65929 0
-22.848 1 -1.62221 0
-23.5161 1 -1.57835 0
-24.1707 1 -1.52021 0
-24.8237 1 -1.53863 0
-25.485 1 -1.58516 0
-26.1617 1 -1.53419 0
-26.8548 1 -1.45766 0
-27.5922 1 -1.5572 0
-28.3095 1 -1.67359 0
-29.0061 1 -1.68355 0
-29.6663 1 -1.6341 0
20.9973 1.25809 -2 0
20.4048 1.42991 -2 0
19.7807 1.57567 -2 0
19.1469 1.70658 -2 0
18.5227 1.89593 -2 0
17.8616 2.02288 -2 0
17.2309 2.20919 -2 0
16.6193 2.42096 -2 0
16.0389 2.68702 -2 0
15.3966 3 -2 0
14.8012 3 -1.88577 0
14.0407 3 -1.88302 0
13.3406 3 -1.91777 0
12.6177 3 -1.9304 0
11.8846 3 -1.92094 0
11.153 3 -1.93608 0
10.4332 3 -1.91771 0
9.72254 3 -1.92531 0
9.01381 3 -1.9235 0
8.33056 3 -1.92006 0
7.64407 3 -1.90358 0
6.94036 3 -1.92592 0
6.33015 3 -1.87756 0
5.78186 3 -1.96902 0
5.10205 3 -1.96174 0
4.42006 3 -1.85906 0
3.77888 3 -1.88199 0
3.07911 3 -1.84938 0
2.25203 3 -1.8619 0
-0.842714 3.20765 -2 0
-1.46078 3.2286 -2 0
-1.97931 3.29979 -2 0
-30.2473 1 -1.53123 0
-30.7238 1 -1.66128 0
-31.354 1 -1.56438 0
-31.9912 1 -1.59622 0
24 0.388918 -2 0
23.3487 0.66099 -2 0
22.3887 0.813464 -2 0
21.5832 0.950396 -2 0
-32.5893 1 -1.66247 0
25.278 0 -1.8007 0
24.7788 0 -1.80917 0
24.2658 0 -1.82871 0
24 0 -2 0
20.8398 1.09241 -2 0
20.1794 1.20339 -2 0
19.5451 1.3543 -2 0
18.9556 1.49107 -2 0
18.4378 1.67013 -2 0
-33 1 -1.56673 0
26 0 -1.61543 0
25.6802 0 -1.71978 0
-33 0.0560361 -1.70744 0
-33 -0.682653 -1.44835 0
26 -0.238163 -1.58573 0
26 -0.414243 -1.71964 0
-33 -2.62481 -1.75714 0
26 -0.551161 -1.87767 0
-33 -3.23412 -1.47489 0
26 -0.772898 -1.75041 0
-33 -4.03797 -1.311 0
-33 -3.98569 -1.72678 0
26 -1 -2 0
25.6333 -1 -1.90575 0
-33 -5.075 -1.35569 0
25.3136 -1 -1.91788 0
25.0036 -1 -2 0
25 -1 -2 0
24.2483 -1.09761 -2 0
-33 -6.14716 -1.39499 0
23.8351 -1.12332 -2 0
23.1432 -1.17042 -2 0
22.4546 -1.25074 -2 0
21.8504 -1.26292 -2 0
21.2606 -1.31319 -2 0
20.594 -1.3607 -2 0
19.9102 -1.3944 -2 0
19.2175 -1.48005 -2 0
18.4856 -1.60459 -2 0
-33 -7 -1.46097 0
21.8486 -1.3287 -2 0
21.0611 -1.42668 -2 0
20.3462 -1.49966 -2 0
19.6658 -1.56888 -2 0
19.0242 -1.68138 -2 0
18.4624 -1.8171 -2 0
17.9151 -1.91535 -2 0
17.2809 -2.09866 -2 0
16.6344 -2.31599 -2 0
15.9902 -2.57132 -2 0
15.3888 -2.76837 -2 0
14.8058 -2.89918 -2 0
14.2813 -3 -2 0
13.7459 -3 -1.9544 0
13.1415 -3 -1.95228 0
12.5494 -3 -1.93216 0
11.9151 -3 -1.91951 0
11.2781 -3 -1.88251 0
10.605 -3 -1.8446 0
9.92644 -3 -1.9146 0
9.24014 -3 -1.96557 0
8.53891 -3 -1.94034 0
7.78901 -3 -1.87718 0
7.06871 -3 -1.92234 0
6.36566 -3 -1.97927 0
5.65635 -3 -1.9407 0
4.93513 -3 -1.93681 0
4.21639 -3 -1.9738 0
3.43062 -3 -1.94546 0
2.74706 -3 -1.9809 0
-30.2791 -7 -1.48732 0
-31.0699 -7 -1.47142 0
-31.6979 -7 -1.47772 0
-32.2698 -7 -1.4292 0
2.21269 -3 -1.88856 0
1.59208 -3 -2 0
0.992406 -3.11934 -2 0
0.475409 -3.19845 -2 0
-0.0761776 -3.38619 -2 0
-0.746129 -3.55652 -2 0
-15.9163 -7 -1.84338 0
-16.5665 -7 -1.81401 0
-17.153 -7 -1.81445 0
-17.7925 -7 -1.79351 0
-18.4539 -7 -1.80503 0
-19.1213 -7 -1.76814 0
-19.7895 -7 -1.76837 0
-20.4566 -7 -1.81054 0
-21.1197 -7 -1.80394 0
-21.7637 -7 -1.7559 0
-22.411 -7 -1.72137 0
-23.0528 -7 -1.69068 0
-23.689 -7 -1.64847 0
-24.3128 -7 -1.54118 0
-24.9313 -7 -1.49868 0
-25.549 -7 -1.49327 0
-26.0855 -7 -1.41208 0
-26.665 -7 -1.46243 0
-27.2874 -7 -1.42576 0
-28.003 -7 -1.41549 0
-28.6878 -7 -1.43431 0
-29.4414 -7 -1.42164 0
0.484484 -3.57334 -2 0
-0.141715 -3.81751 -2 0
-0.691227 -4.03702 -2 0
-1.23931 -4.03377 -2 0
-1.83724 -4.128 -2 0
-2.48942 -4.23084 -2 0
-3.10758 -4.31197 -2 0
-3.7261 -4.36907 -2 0
-4.33808 -4.41744 -2 0
-4.94101 -4.49267 -2 0
-5.54862 -4.56541 -2 0
-6.19831 -4.70642 -2 0
-14.0136 -6.63899 -2 0
-14.5364 -6.66017 -2 0
-15.1889 -7 -2 0
0.386462 -4.19944 -2 0
-0.242785 -4.47882 -2 0
-0.88162 -4.60489 -2 0
-1.49114 -4.63213 -2 0
-2.11476 -4.70864 -2 0
-2.72716 -4.80365 -2 0
-3.32036 -4.88095 -2 0
-3.92764 -4.9267 -2 0
-4.52517 -4.96444 -2 0
-5.09012 -5.0046 -2 0
-5.64335 -5.06018 -2 0
-6.13909 -5.19673 -2 0
-6.66234 -5.12073 -2 0
-7.33166 -5.27439 -2 0
-12.837 -6.39784 -2 0
-13.4181 -6.5107 -2 0
-13.9596 -6.83445 -2 0
-14.5779 -7 -2 0
0.254367 -4.97846 -2 0
-0.448405 -5.19031 -2 0
-1.0705 -5.19366 -2 0
-1.71947 -5.23702 -2 0
-2.31651 -5.32644 -2 0
-2.90532 -5.39607 -2 0
-3.48583 -5.45612 -2 0
-4.06596 -5.4934 -2 0
-4.6373 -5.52324 -2 0
-5.17876 -5.55238 -2 0
-5.71334 -5.62123 -2 0
-6.28768 -5.67656 -2 0
-6.84602 -5.55901 -2 0
-7.30596 -5.74457 -2 0
-7.88143 -5.62053 -2 0
-11.4912 -6.2698 -2 0
-12.1204 -6.31883 -2 0
-12.6217 -6.58251 -2 0
-13.3167 -6.72606 -2 0
-13.8804 -7 -2 0
0.488671 -6.26918 -2 0
-0.0132353 -5.73194 -2 0
-0.682023 -5.9139 -2 0
-1.30568 -5.74184 -2 0
-1.88481 -5.86988 -2 0
-2.4628 -5.93948 -2 0
-3.04912 -5.96984 -2 0
-3.62269 -6.01727 -2 0
-4.17745 -6.03921 -2 0
-4.72097 -6.05696 -2 0
-5.2277 -6.09703 -2 0
-5.73996 -6.10812 -2 0
-6.19629 -6.16148 -2 0
-6.70009 -6.06191 -2 0
-7.15852 -6.19919 -2 0
-7.66345 -6.0869 -2 0
-8.18578 -6.01254 -2 0
-8.74898 -6.05564 -2 0
-9.35991 -6.14781 -2 0
-10.0034 -6.23266 -2 0
-10.6965 -6.32275 -2 0
-11.2504 -6.47947 -2 0
-11.9746 -6.59318 -2 0
-12.708 -6.84676 -2 0
-13.2992 -7 -2 0
-0.139882 -6.44937 -2 0
-0.804623 -6.69195 -2 0
-1.36383 -6.36674 -2 0
-1.99045 -6.50982 -2 0
-2.59911 -6.5487 -2 0
-3.18638 -6.58216 -2 0
-3.75634 -6.6089 -2 0
-4.28739 -6.59968 -2 0
-4.81373 -6.62784 -2 0
-5.2933 -6.6891 -2 0
-5.75085 -6.6402 -2 0
-6.30859 -6.59345 -2 0
-6.7801 -6.60447 -2 0
-7.28025 -6.59135 -2 0
-7.78915 -6.49189 -2 0
-8.29498 -6.40952 -2 0
-8.84556 -6.41746 -2 0
-9.42776 -6.43593 -2 0
-10.0416 -6.4751 -2 0
-10.6637 -6.57224 -2 0
-11.3437 -6.69636 -2 0
-12.0626 -6.823 -2 0
-12.6737 -7 -2 0
1 -7.5117 -2 0
0.423839 -6.98188 -2 0
-0.233841 -7.14327 -2 0
-0.896511 -7.34978 -2 0
-1.5444 -7.07876 -2 0
-2.24004 -7.12262 -2 0
-2.85615 -7.1488 -2 0
-3.42538 -7.18044 -2 0
-3.95729 -7.21565 -2 0
-4.43849 -7.14706 -2 0
-4.89704 -7.24051 -2 0
-5.40098 -7.28031 -2 0
-5.89276 -7.0636 -2 0
-6.37737 -7.09859 -2 0
-6.85283 -7.07911 -2 0
-7.32595 -7.02254 -2 0
-7.82251 -6.91914 -2 0
-8.30872 -6.81865 -2 0
-8.82905 -6.70969 -2 0
-9.39974 -6.67891 -2 0
-9.99858 -6.67272 -2 0
-10.71 -6.76181 -2 0
-11.4474 -6.89914 -2 0
-12.0148 -7 -2 0
0.324465 -7.6818 -2 0
-0.325088 -7.82493 -2 0
-0.917982 -7.98434 -2 0
-1.4811 -7.80293 -2 0
-2.05709 -7.74129 -2 0
-2.6535 -7.72739 -2 0
-3.24174 -7.75144 -2 0
-3.79821 -7.81501 -2 0
-4.38349 -7.76548 -2 0
-4.94057 -7.81499 -2 0
-5.43767 -7.90606 -2 0
-5.88597 -7.55636 -2 0
-6.38711 -7.61327 -2 0
-6.86336 -7.55816 -2 0
-7.3408 -7.47576 -2 0
-7.81331 -7.35196 -2 0
-8.24733 -7.15894 -2 0
-8.7498 -7.00423 -2 0
-9.28977 -6.87732 -2 0
-9.85894 -6.82075 -2 0
-10.5305 -6.88413 -2 0
-11.2924 -7.00304 -2 0
1 -8.86869 -2 0
1 -8.27574 -2 0
0.105417 -8.40945 -2 0
-0.625302 -8.55565 -2 0
-1.35251 -8.49278 -2 0
-1.9497 -8.41842 -2 0
-2.51087 -8.38866 -2 0
-3.00794 -8.30612 -2 0
-3.50729 -8.42179 -2 0
-4.03697 -8.4133 -2 0
-4.55538 -8.38262 -2 0
-5.05629 -8.40697 -2 0
-5.55799 -8.5033 -2 0
-5.9502 -8.07291 -2 0
-6.42831 -8.12865 -2 0
-6.90557 -8.10506 -2 0
-7.34555 -8.00466 -2 0
-7.77132 -7.79211 -2 0
-8.15612 -7.44841 -2 0
-8.58486 -7.15998 -2 0
-9.11928 -7.03404 -2 0
-9.64723 -6.95965 -2 0
-10.3286 -6.95529 -2 0
0.468659 -9.01341 -2 0
-0.130891 -9.0951 -2 0
-0.718206 -9.20059 -2 0
-1.27165 -9.10609 -2 0
-1.88576 -9.07403 -2 0
-2.48129 -9.04082 -2 0
-3.07964 -8.97089 -2 0
-3.68725 -9.0354 -2 0
-4.20346 -9.03001 -2 0
-4.70787 -8.99765 -2 0
-5.20117 -8.99097 -2 0
-5.71587 -9.10045 -2 0
-6.06827 -8.65532 -2 0
-6.52173 -8.72074 -2 0
-6.96168 -8.68554 -2 0
-7.39577 -8.56923 -2 0
-7.74848 -8.11995 -2 0
-8.06727 -7.63724 -2 0
-8.47516 -7.38545 -2 0
-8.76566 -7.1279 -2 0
-9.1691 -7 -2 0
0.668796 -10.2025 -2 0
0.788162 -9.61327 -2 0
0.0772541 -9.77676 -2 0
-0.575943 -9.774 -2 0
-1.2021 -9.77461 -2 0
-1.7822 -9.71157 -2 0
-2.37023 -9.69045 -2 0
-2.93306 -9.66089 -2 0
-3.47015 -9.65653 -2 0
-4.02884 -9.66502 -2 0
-4.50123 -9.65309 -2 0
-4.96821 -9.62512 -2 0
-5.41589 -9.56964 -2 0
-5.82571 -9.74716 -2 0
-6.16719 -9.297 -2 0
-6.58471 -9.33227 -2 0
-6.99773 -9.25955 -2 0
-7.29888 -9.2607 -2 0
-7.55842 -8.78975 -2 0
-7.86473 -8.43386 -2 0
-8.12874 -7.99786 -2 0
-8.16845 -7.74202 -2 0
-8 -7 -2 0
0.401673 -10.339 -2 0
-0.133813 -10.5148 -2 0
-0.579395 -10.4179 -2 0
-1.14 -10.4017 -2 0
-1.72375 -10.3765 -2 0
-2.26313 -10.3164 -2 0
-2.8266 -10.3298 -2 0
-3.33427 -10.3518 -2 0
-3.87984 -10.3112 -2 0
-4.40611 -10.3002 -2 0
-4.90431 -10.2698 -2 0
-5.39719 -10.2129 -2 0
-5.87826 -10.3285 -2 0
-6.26852 -10.0284 -2 0
-6.66892 -9.95654 -2 0
-7.04299 -9.90617 -2 0
-7.37942 -9.9654 -2 0
-7.57239 -9.51803 -2 0
-7.83543 -9.12225 -2 0
-8.05037 -8.68023 -2 0
-8 -8.49674 -2 0
0.655858 -11.5376 -2 0
0.613316 -10.9524 -2 0
-0.0053023 -11.1448 -2 0
-0.593441 -11.1134 -2 0
-1.11001 -11.0673 -2 0
-1.67672 -11.0256 -2 0
-2.23461 -10.9934 -2 0
-2.72101 -10.9077 -2 0
-3.24869 -11.0708 -2 0
-3.79618 -10.9646 -2 0
-4.31912 -10.9597 -2 0
-4.80695 -10.9187 -2 0
-5.28216 -10.8762 -2 0
-5.73411 -10.9022 -2 0
-6.18766 -10.8475 -2 0
-6.52614 -10.7034 -2 0
-6.86519 -10.613 -2 0
-7.20047 -10.5709 -2 0
-7.52623 -10.6319 -2 0
-7.71015 -10.3176 -2 0
-7.87804 -9.88891 -2 0
-8 -9.63954 -2 0
0.281109 -11.6852 -2 0
-0.197551 -11.8686 -2 0
-0.633892 -11.7579 -2 0
-1.18442 -11.7439 -2 0
-1.70443 -11.705 -2 0
-2.22944 -11.6136 -2 0
-2.84834 -11.5667 -2 0
-3.42958 -11.8428 -2 0
-3.76602 -11.572 -2 0
-4.23702 -11.658 -2 0
-4.66843 -11.5777 -2 0
-5.18089 -11.5215 -2 0
-5.63158 -11.5584 -2 0
-6.09493 -11.5626 -2 0
-6.51555 -11.5149 -2 0
-6.82021 -11.3877 -2 0
-7.12483 -11.2409 -2 0
-7.49597 -11.2352 -2 0
-7.8443 -11.1991 -2 0
-8 -10.6738 -2 0
0.667917 -12.8828 -2 0
0.601384 -12.294 -2 0
-0.0497629 -12.4882 -2 0
-0.665362 -12.4512 -2 0
-1.21117 -12.3959 -2 0
-1.77208 -12.4016 -2 0
-2.2442 -12.3342 -2 0
-2.66563 -12.1274 -2 0
-3.16559 -12.344 -2 0
-3.6775 -12.5098 -2 0
-4.10613 -12.2528 -2 0
-4.67411 -12.3454 -2 0
-5.04775 -12.1115 -2 0
-5.49623 -12.2062 -2 0
-5.95653 -12.2608 -2 0
-6.39444 -12.2645 -2 0
-6.8579 -12.2124 -2 0
-7.16392 -11.9987 -2 0
-7.42929 -11.8491 -2 0
-7.7631 -11.9259 -2 0
-8 -11.9692 -2 0
0.218731 -13.0293 -2 0
-0.242148 -13.2071 -2 0
-0.701545 -13.0962 -2 0
-1.25732 -13.0673 -2 0
-1.80727 -13.0247 -2 0
-2.42479 -13.0784 -2 0
-2.85869 -12.8102 -2 0
-3.49756 -13.0814 -2 0
-4.08826 -12.9905 -2 0
-4.51404 -12.8706 -2 0
-5.0041 -13.1594 -2 0
-5.25522 -12.745 -2 0
-5.76933 -12.9076 -2 0
-6.23182 -12.9869 -2 0
-6.66636 -12.9841 -2 0
-7.06417 -12.8774 -2 0
-7.35476 -12.6672 -2 0
-7.68186 -12.5657 -2 0
-8 -12.6744 -2 0
0.646811 -14.2315 -2 0
0.602965 -13.6421 -2 0
-0.0886197 -13.833 -2 0
-0.700992 -13.7849 -2 0
-1.23315 -13.7382 -2 0
-1.79599 -13.717 -2 0
-2.29229 -13.6303 -2 0
-2.81275 -13.8873 -2 0
-3.11663 -13.4804 -2 0
-3.74062 -13.8276 -2 0
-4.09995 -13.5281 -2 0
-4.66322 -13.5926 -2 0
-5.28717 -13.8674 -2 0
-5.54184 -13.4366 -2 0
-6.09734 -13.647 -2 0
-6.52961 -13.7527 -2 0
-6.90953 -13.6979 -2 0
-7.19445 -13.5256 -2 0
-7.51095 -13.3969 -2 0
-7.79567 -13.2567 -2 0
-8 -13.3883 -2 0
0.26092 -14.3804 -2 0
-0.2519 -14.5567 -2 0
-0.740376 -14.4356 -2 0
-1.28659 -14.3805 -2 0
-1.87607 -14.3948 -2 0
-2.42786 -14.3523 -2 0
-3.12008 -14.5836 -2 0
-3.44655 -14.2117 -2 0
-4.10535 -14.5286 -2 0
-4.42338 -14.1319 -2 0
-5.01049 -14.3166 -2 0
-5.6093 -14.5685 -2 0
-5.85381 -14.1566 -2 0
-6.42724 -14.4588 -2 0
-6.82936 -14.4858 -2 0
-7.13898 -14.3609 -2 0
-7.45072 -14.242 -2 0
-7.68667 -14.0151 -2 0
-8 -14.0303 -2 0
0.621753 -15.5826 -2 0
0.583117 -14.9931 -2 0
-0.110382 -15.188 -2 0
-0.710046 -15.1338 -2 0
-1.29732 -15.0651 -2 0
-1.79941 -14.9832 -2 0
-2.37661 -15.1517 -2 0
-2.84429 -14.9968 -2 0
-3.48961 -15.3105 -2 0
-3.79672 -14.9262 -2 0
-4.44319 -15.2355 -2 0
-4.74004 -14.8037 -2 0
-5.31087 -15.0182 -2 0
-5.87772 -15.2571 -2 0
-6.16825 -14.9059 -2 0
-6.68176 -15.287 -2 0
-7.0158 -15.1539 -2 0
-7.41689 -15.0573 -2 0
-7.73063 -14.9322 -2 0
-8 -14.6464 -2 0
0.272471 -15.7338 -2 0
-0.268405 -15.9175 -2 0
-0.776813 -15.7892 -2 0
-1.33712 -15.7044 -2 0
-2.01259 -15.6622 -2 0
-2.70592 -15.9372 -2 0
-3.10246 -15.6837 -2 0
-3.79474 -16.0038 -2 0
-4.1416 -15.6662 -2 0
-4.72513 -15.9618 -2 0
-4.99045 -15.4993 -2 0
-5.55409 -15.7061 -2 0
-6.05024 -15.9005 -2 0
-6.44233 -15.7298 -2 0
-6.89875 -15.9918 -2 0
-7.24865 -15.9017 -2 0
-7.60462 -15.7106 -2 0
-8 -15.626 -2 0
0.603544 -16.9328 -2 0
0.539978 -16.3444 -2 0
-0.127127 -16.5406 -2 0
-0.781327 -16.5005 -2 0
-1.33947 -16.4125 -2 0
-1.80882 -16.2614 -2 0
-2.35659 -16.4616 -2 0
-2.95532 -16.6375 -2 0
-3.4382 -16.4498 -2 0
-4.04195 -16.6366 -2 0
-4.52221 -16.4337 -2 0
-5.14912 -16.6745 -2 0
-5.32706 -16.217 -2 0
-5.86918 -16.4235 -2 0
-6.3701 -16.4789 -2 0
-6.81466 -16.5126 -2 0
-7.29312 -16.6635 -2 0
-7.57589 -16.5531 -2 0
-7.7694 -16.3115 -2 0
0.238538 -17.0845 -2 0
-0.320823 -17.2593 -2 0
-0.835184 -17.1455 -2 0
-1.43497 -17.1019 -2 0
-2.02748 -16.983 -2 0
-2.76151 -17.2182 -2 0
-3.39948 -17.2106 -2 0
-3.9664 -17.2022 -2 0
-4.55857 -17.216 -2 0
-4.97129 -17.1335 -2 0
-5.56233 -17.4587 -2 0
-5.73996 -16.977 -2 0
-6.25166 -17.0966 -2 0
-6.76206 -17.133 -2 0
-7.24651 -17.2254 -2 0
-7.6758 -17.4162 -2 0
-7.77266 -17.1167 -2 0
0.593779 -18.2772 -2 0
0.53245 -17.6919 -2 0
-0.153122 -17.8875 -2 0
-0.812334 -17.8375 -2 0
-1.41477 -17.7752 -2 0
-1.9727 -17.7407 -2 0
-2.41806 -17.6398 -2 0
-2.92863 -17.9798 -2 0
-3.37178 -17.8721 -2 0
-3.95318 -17.8849 -2 0
-4.54643 -17.8669 -2 0
-5.18804 -17.8737 -2 0
-5.92034 -18.1514 -2 0
-6.22811 -17.7624 -2 0
-6.71388 -17.7267 -2 0
-7.23734 -17.8014 -2 0
-7.7102 -17.9981 -2 0
-8 -18.0177 -2 0
0.177644 -18.4295 -2 0
-0.356609 -18.6123 -2 0
-0.829328 -18.4978 -2 0
-1.41796 -18.4343 -2 0
-2.02825 -18.4279 -2 0
-2.60697 -18.4428 -2 0
-3.27474 -18.59 -2 0
-3.86771 -18.5426 -2 0
-4.4809 -18.5613 -2 0
-5.07799 -18.5141 -2 0
-5.70275 -18.6238 -2 0
-6.33943 -18.8989 -2 0
-6.60841 -18.5618 -2 0
-6.92041 -18.4144 -2 0
-7.25526 -18.3383 -2 0
-7.72712 -18.5874 -2 0
-8 -18.7231 -2 0
0.5481 -19.6094 -2 0
0.540524 -19.0342 -2 0
-0.189314 -19.2374 -2 0
-0.834983 -19.1963 -2 0
-1.44238 -19.1361 -2 0
-1.97011 -19.038 -2 0
-2.55016 -19.163 -2 0
-3.12916 -19.2013 -2 0
-3.7641 -19.2295 -2 0
-4.3641 -19.1941 -2 0
-5.01904 -19.2809 -2 0
-5.51476 -19.1356 -2 0
-6.20343 -19.4515 -2 0
-6.7754 -19.5893 -2 0
-7.01847 -19.31 -2 0
-7.37552 -19.1367 -2 0
-7.60411 -19.0207 -2 0
-8 -19.292 -2 0
0.142126 -19.7674 -2 0
-0.404649 -19.9593 -2 0
-0.912581 -19.8479 -2 0
-1.5307 -19.7775 -2 0
-2.2332 -19.7333 -2 0
-3.02272 -19.8937 -2 0
-3.65577 -19.8712 -2 0
-4.26784 -19.8996 -2 0
-4.79639 -19.8326 -2 0
-5.37451 -20.1241 -2 0
-5.7681 -19.8042 -2 0
-6.43053 -20.1175 -2 0
-7.06801 -20.2122 -2 0
-7.37705 -20.1019 -2 0
-7.73311 -19.8297 -2 0
-8 -19.7714 -2 0
0.623221 -20.9285 -2 0
0.490759 -20.36 -2 0
-0.22846 -20.5699 -2 0
-0.947089 -20.5492 -2 0
-1.54578 -20.4815 -2 0
-2.0651 -20.342 -2 0
-2.65621 -20.5003 -2 0
-3.18825 -20.5862 -2 0
-3.68442 -20.5157 -2 0
-4.31005 -20.5845 -2 0
-4.91425 -20.5911 -2 0
-5.56957 -20.7968 -2 0
-6.08096 -20.6208 -2 0
-6.79074 -20.7408 -2 0
-7.54335 -20.8478 -2 0
-7.65505 -20.8018 -2 0
-8 -20.5234 -2 0
0.156857 -21.0862 -2 0
-0.432112 -21.2774 -2 0
-0.968221 -21.1934 -2 0
-1.6807 -21.162 -2 0
-2.3168 -21.0633 -2 0
-3.11004 -21.2782 -2 0
-3.64675 -21.1455 -2 0
-4.23403 -21.2438 -2 0
-4.85599 -21.3162 -2 0
-5.45008 -21.4059 -2 0
-6.06988 -21.4017 -2 0
-6.63413 -21.3294 -2 0
-7.31347 -21.4048 -2 0
-8 -21.4464 -2 0
-8 -21.4783 -2 0
0.613145 -22.2184 -2 0
0.569593 -21.6589 -2 0
-0.172115 -21.8701 -2 0
-0.938483 -21.8747 -2 0
-1.60237 -21.8409 -2 0
-2.28275 -21.798 -2 0
-2.84641 -21.7502 -2 0
-3.5247 -22.0814 -2 0
-3.95948 -21.7873 -2 0
-4.67365 -21.9749 -2 0
-5.3734 -22.089 -2 0
-6.0582 -22.1441 -2 0
-6.67834 -22.0148 -2 0
-7.33234 -22.0171 -2 0
-8 -22.0592 -2 0
-8 -22.0849 -1.96642 0
0.146445 -22.3441 -2 0
-0.345372 -22.5355 -2 0
-0.923812 -22.5261 -2 0
-1.56283 -22.4939 -2 0
-2.30961 -22.4851 -2 0
-3.01666 -22.4747 -2 0
-3.81124 -22.7184 -2 0
-4.40002 -22.5522 -2 0
-5.19303 -22.7119 -2 0
-5.9172 -22.8807 -2 0
-6.44462 -22.864 -2 0
-6.84597 -22.6755 -2 0
-7.39776 -22.6465 -2 0
-8 -22.7338 -2 0
0.685108 -23.4846 -2 0
0.557067 -22.9101 -2 0
-0.110908 -23.0785 -2 0
-0.768616 -23.1411 -2 0
-1.54601 -23.206 -2 0
-2.15521 -23.0493 -2 0
-2.91361 -23.2301 -2 0
-3.54258 -23.1376 -2 0
-4.35676 -23.3799 -2 0
-4.93969 -23.2218 -2 0
-5.72423 -23.5633 -2 0
-6.35051 -23.6431 -2 0
-6.79733 -23.5479 -2 0
-7.20538 -23.4375 -2 0
-7.52109 -23.2369 -2 0
-8 -23.3627 -2 0
0.123849 -23.5799 -2 0
-0.544054 -23.783 -2 0
-1.18374 -23.6816 -2 0
-1.89299 -23.9486 -2 0
-2.39699 -23.665 -2 0
-3.18519 -24.0031 -2 0
-3.7611 -23.7714 -2 0
-4.61894 -24.1343 -2 0
-5.20602 -23.931 -2 0
-6.03352 -24.3715 -2 0
-6.58259 -24.3233 -2 0
-7.16026 -24.2641 -2 0
-7.61258 -24.1537 -2 0
-8 -23.8972 -2 0
0.69188 -24.8178 -2 0
0.355197 -24.0824 -2 0
-0.198447 -24.2713 -2 0
-0.815938 -24.4813 -2 0
-1.34283 -24.2895 -2 0
-2.09864 -24.6061 -2 0
-2.67211 -24.3676 -2 0
-3.47193 -24.7127 -2 0
-4.02617 -24.462 -2 0
-4.80694 -24.7941 -2 0
-5.46758 -24.7175 -2 0
-6.29795 -25.0389 -2 0
-6.9595 -25.0961 -2 0
-7.4347 -24.936 -2 0
-8 -24.8501 -2 0
0.202819 -24.7571 -2 0
-0.374536 -24.903 -2 0
-0.969326 -25.0678 -2 0
-1.5516 -24.9784 -2 0
-2.24713 -25.195 -2 0
-2.90639 -25.0832 -2 0
-3.68755 -25.3042 -2 0
-4.41269 -25.2163 -2 0
-5.31733 -25.3937 -2 0
-6.08717 -25.4955 -2 0
-6.90501 -25.6932 -2 0
-7.5361 -25.8887 -2 0
-7.7008 -25.5764 -2 0
0.681218 -26.0002 -2 0
0.369585 -25.3649 -2 0
-0.0933626 -25.4411 -2 0
-0.667982 -25.546 -2 0
-1.29481 -25.606 -2 0
-1.91378 -25.6619 -2 0
-2.63553 -25.7335 -2 0
-3.35519 -25.7622 -2 0
-4.20206 -25.8479 -2 0
-5.05891 -25.9274 -2 0
-5.90803 -26.078 -2 0
-6.76456 -26.2013 -2 0
-7.59911 -26.3667 -2 0
-8 -26.5774 -2 0
0.257678 -25.9911 -2 0
-0.31127 -26.0721 -2 0
-0.904585 -26.1379 -2 0
-1.55062 -26.1949 -2 0
-2.26497 -26.2798 -2 0
-3.03789 -26.2999 -2 0
-3.84795 -26.3632 -2 0
-4.72566 -26.4515 -2 0
-5.62415 -26.5731 -2 0
-6.54075 -26.7146 -2 0
-7.48107 -26.8616 -2 0
-8 -27.07 -2 0
0.453242 -26.5736 -2 0
-0.00728257 -26.6308 -2 0
-0.512321 -26.6925 -2 0
-1.07944 -26.7438 -2 0
-1.66469 -26.7972 -2 0
-2.24778 -26.8618 -2 0
-2.86399 -26.828 -2 0
-3.58318 -26.8621 -2 0
-4.38504 -26.9371 -2 0
-5.25164 -27.036 -2 0
-6.19682 -27.13 -2 0
-7.36622 -27.3438 -2 0
-8 -27.5185 -2 0
0.308945 -27.1794 -2 0
-0.170011 -27.2648 -2 0
-0.691895 -27.2902 -2 0
-1.25534 -27.3648 -2 0
-1.84456 -27.4556 -2 0
-2.50782 -27.4365 -2 0
-3.20643 -27.4349 -2 0
-3.95564 -27.4006 -2 0
-4.77599 -27.4913 -2 0
-5.73987 -27.6201 -2 0
-6.85332 -27.7226 -2 0
-8 -28 -2 0
0.186938 -27.7054 -2 0
-0.311977 -27.7469 -2 0
-0.855368 -28 -2 0
-1.43465 -28 -2 0
-2.04686 -28 -2 0
-2.71971 -28 -2 0
-3.45004 -28 -2 0
-4.19388 -27.8807 -2 0
-4.96318 -28 -2 0
-5.74929 -28 -2 0
-6.64765 -28 -2 0
-8.31854 4.07321 -2 0
-8.65984 4.00173 -2 0
-9.05099 3.84955 -2 0
-9.4715 3.63553 -2 0
-7.95078 3.69695 -2 0
-9.90618 3.29772 -2 0
-10.3515 2.58062 -2 0
-7.11076 3.06581 -2 0
-7.55803 3.34434 -2 0
-8.38026 3.48546 -2 0
-8.77946 3.37118 -2 0
-9.18206 3.20566 -2 0
-9.6197 3.03013 -2 0
-10.014 2.76148 -2 0
-10.8139 2.14689 -2 0
-11.4854 1.50929 -2 0
-2.28607 3.07944 -2 0
-2.7979 3.15987 -2 0
-3.36472 3.1538 -2 0
-3.93318 3.12127 -2 0
-4.47793 3.0661 -2 0
-5.00547 3.01385 -2 0
-5.52285 2.94551 -2 0
-6.027 2.85737 -2 0
-6.54643 2.78122 -2 0
-8.00135 3.05406 -2 0
-8.4632 2.89434 -2 0
-8.90138 2.75554 -2 0
-9.32896 2.57696 -2 0
-9.77764 2.37223 -2 0
-10.2591 2.19799 -2 0
-10.6577 1.99717 -2 0
-11.0922 1.70853 -2 0
-12.1383 1.09616 -2 0
-13.0371 0.897707 -2 0
-13.7398 0.85045 -2 0
-14.6428 1 -2 0
-15.5944 1 -2.02558 0
-16.4504 1 -2.00364 0
-17.2755 1 -1.96795 0
-18.0582 1 -1.93625 0
-18.8178 1 -1.89615 0
-19.5524 1 -1.8608 0
-20.2644 1 -1.8786 0
-20.9705 1 -1.92161 0
-21.6583 1 -1.90067 0
-22.3404 1 -1.82058 0
-23.0162 1 -1.77302 0
-23.6885 1 -1.78895 0
-24.3493 1 -1.77079 0
-25.0131 1 -1.80786 0
-25.6692 1 -1.82697 0
-26.3133 1 -1.77153 0
6.4546 3 -2.0638 0
5.70483 3 -2.08408 0
4.96159 3 -2.04425 0
4.26674 3 -2.02169 0
3.54813 3 -1.98838 0
2.87568 3 -1.96244 0
2.27405 3 -1.98663 0
1.65712 3 -2.03177 0
0.943847 3 -2.03991 0
0.269383 3 -2 0
-0.389665 3.00967 -2 0
-1.03725 2.93962 -2 0
-1.71037 2.79424 -2 0
-7.04044 2.53795 -2 0
-7.55287 2.70119 -2 0
-8.09622 2.41591 -2 0
-8.62305 2.30667 -2 0
-9.09608 2.15711 -2 0
-9.55662 1.98163 -2 0
-10.0413 1.8108 -2 0
-10.5242 1.64743 -2 0
-10.9667 1.43294 -2 0
-11.464 1.24273 -2 0
-11.953 1.08378 -2 0
-12.5258 0.880875 -2 0
-26.9014 1 -1.70613 0
-27.3418 1 -1.83029 0
-27.9642 1 -2 0
-28.6745 1 -2 0
-29.383 1 -2 0
-30.1011 1 -2 0
-30.8403 1 -2 0
-31.4515 1 -2 0
18.0349 1.67436 -2 0
17.4963 1.79406 -2 0
16.8921 2.00048 -2 0
16.2965 2.21693 -2 0
15.6958 2.52213 -2 0
15.07 3 -2 0
14.4158 3 -2 0
13.7224 3 -2 0
13.0424 3 -2 0
12.3193 3 -2 0
11.5963 3 -2 0
10.8564 3 -2 0
10.1302 3 -2 0
9.39611 3 -2 0
8.67452 3 -2 0
8.01057 3 -2.01501 0
7.25603 3 -2.02003 0
-2.32457 2.67156 -2 0
-2.92001 2.64907 -2 0
-3.51004 2.62655 -2 0
-4.08301 2.58257 -2 0
-4.61379 2.53072 -2 0
-5.14858 2.46326 -2 0
-5.67353 2.38659 -2 0
-6.18992 2.30066 -2 0
-6.67741 2.15877 -2 0
-7.19991 2.03838 -2 0
-7.59802 2.14415 -2 0
-32.0217 1 -2 0
-32.3502 1 -2 0
24.4464 0 -2 0
24.1004 0.150999 -2 0
23.7892 0.265946 -2 0
23.2843 0.450474 -2 0
22.6328 0.569916 -2 0
21.93 0.707316 -2 0
21.2519 0.804314 -2 0
20.5516 0.862859 -2 0
19.8881 0.962701 -2 0
19.252 1.10243 -2 0
18.6252 1.2754 -2 0
-33 1 -2 0
26 0 -2 0
25.5167 0 -2 0
24.9694 0 -2 0
18.0716 1.37408 -2 0
-33 -0.152744 -2 0
26 -0.172264 -1.90379 0
24.5648 0.028359 -2 0
-33 -1.06741 -2 0
26 -0.134524 -2 0
-33 -2.01377 -2 0
26 -0.3527 -2 0
26 -0.59656 -2 0
-33 -3.35644 -1.91494 0
26 -0.800844 -2 0
25.5298 -0.873282 -2 0
-33 -4.67678 -2 0
25.6383 -1 -2 0
25.2235 -1 -2 0
24.8414 -1.06568 -2 0
-33 -5.50739 -2 0
24.68 -1.13349 -2 0
24.1987 -1.13143 -2 0
23.551 -1.11909 -2 0
22.8328 -1.14114 -2 0
22.1658 -1.14146 -2 0
21.4925 -1.13389 -2 0
20.8474 -1.1761 -2 0
20.1897 -1.19648 -2 0
19.5216 -1.23065 -2 0
18.8503 -1.3445 -2 0
18.1775 -1.41847 -2 0
17.481 -1.51403 -2 0
-33 -6.34019 -2 0
17.7522 -1.75222 -2 0
17.0551 -1.92668 -2 0
16.4022 -2.13609 -2 0
15.7688 -2.37609 -2 0
15.1598 -2.49535 -2 0
14.5844 -2.72079 -2 0
13.9638 -3 -2 0
13.3549 -3 -2 0
12.7475 -3 -2 0
12.1306 -3 -2 0
11.5084 -3 -2 0
10.8811 -3 -2 0
10.2138 -3 -2 0
9.56308 -3 -2 0
8.8641 -3 -2 0
8.2736 -3 -2.04112 0
-32.4062 -7 -1.83921 0
-33 -7 -2 0
7.85304 -3 -2.05486 0
7.22212 -3 -2.07464 0
6.56162 -3 -2.05907 0
5.86947 -3 -2.00932 0
5.15617 -3 -1.9857 0
4.43868 -3 -1.99195 0
3.69559 -3 -2.02359 0
2.9547 -3 -2.07408 0
2.15654 -3 -2 0
1.47736 -2.90912 -2 0
0.847932 -2.91541 -2 0
0.210783 -2.93653 -2 0
-0.391166 -3.06778 -2 0
-0.983111 -3.13072 -2 0
-1.51648 -3.06516 -2 0
-2.04552 -3.22243 -2 0
-2.64432 -3.282 -2 0
-3.24279 -3.34438 -2 0
-3.83727 -3.39949 -2 0
-4.44207 -3.46836 -2 0
-5.021 -3.56699 -2 0
-5.60778 -3.66613 -2 0
-6.17842 -3.73925 -2 0
-6.75581 -3.75934 -2 0
-7.38487 -3.84546 -2 0
-27.0249 -7 -1.80915 0
-27.6691 -7 -1.75679 0
-28.3435 -7 -1.77166 0
-28.9965 -7 -1.77498 0
-29.6736 -7 -1.7215 0
-30.284 -7 -1.81124 0
-30.9292 -7 -1.77825 0
-31.677 -7 -1.80905 0
-1.50349 -3.57245 -2 0
-2.21311 -3.69319 -2 0
-2.86449 -3.77711 -2 0
-3.4805 -3.86033 -2 0
-4.09437 -3.91539 -2 0
-4.7052 -3.96752 -2 0
-5.30513 -4.06262 -2 0
-5.87708 -4.1653 -2 0
-6.46521 -4.25682 -2 0
-6.98081 -4.19498 -2 0
-7.41662 -4.4233 -2 0
-7.82123 -4.19327 -2 0
-8.35603 -4.31881 -2 0
-8.92003 -4.45132 -2 0
-9.52596 -4.57947 -2 0
-10.1352 -4.71653 -2 0
-10.7367 -4.8854 -2 0
-11.3614 -5.08003 -2 0
-11.9906 -5.27066 -2 0
-12.6277 -5.54571 -2 0
-13.287 -5.79432 -2 0
-13.9939 -6.15841 -2 0
-14.6988 -6.51156 -2 0
-15.3112 -7 -2 0
-15.8432 -7 -2 0
-16.4052 -7 -1.91899 0
-17.0318 -7 -1.91289 0
-17.644 -7 -1.86137 0
-18.2831 -7 -1.91465 0
-18.9374 -7 -1.95564 0
-19.5964 -7 -1.97174 0
-20.2552 -7 -1.94375 0
-20.9035 -7 -1.8748 0
-21.5582 -7 -1.89872 0
-22.2134 -7 -1.94504 0
-22.8665 -7 -1.96423 0
-23.5132 -7 -1.9108 0
-24.1506 -7 -1.80747 0
-24.801 -7 -1.76975 0
-25.4845 -7 -1.81932 0
-26.216 -7 -1.78025 0
-6.89783 -4.73544 -2 0
-7.51781 -4.90044 -2 0
-7.96641 -4.68287 -2 0
-8.48404 -4.82784 -2 0
-9.08682 -4.9293 -2 0
-9.67918 -5.06689 -2 0
-10.2885 -5.16676 -2 0
-10.8957 -5.30999 -2 0
-11.5359 -5.52789 -2 0
-12.1686 -5.71817 -2 0
-12.8869 -6.034 -2 0
-13.5202 -6.22463 -2 0
-8.04135 -5.21771 -2 0
-8.62659 -5.2825 -2 0
-9.16907 -5.44266 -2 0
-9.78328 -5.52189 -2 0
-10.4094 -5.59259 -2 0
-11.0263 -5.73271 -2 0
-11.6771 -5.94278 -2 0
-12.339 -6.07574 -2 0
-8.54252 -5.64591 -2 0
-9.21257 -5.7802 -2 0
-9.8635 -5.87615 -2 0
-10.4942 -5.97779 -2 0
-11.0844 -6.0766 -2 0
-7.90322 1.80185 -2 0
-8.36555 1.81559 -2 0
-8.84331 1.69068 -2 0
-9.31859 1.55601 -2 0
-9.8025 1.3995 -2 0
-10.3156 1.25362 -2 0
-10.8129 1.09037 -2 0
-11.3211 0.924601 -2 0
-11.8346 0.78044 -2 0
-12.358 0.671493 -2 0
-13.0452 0.566167 -2 0
-13.6983 0.638967 -2 0
-14.4516 0.74307 -2 0
-15.2051 1 -2 0
-16.007 1 -2 0
-16.8145 1 -2 0
-17.5695 1 -2 0
-18.3235 1 -2 0
-19.0572 1 -2 0
-19.772 1 -2 0
-20.4799 1 -2 0
-21.1729 1 -2 0
-21.8561 1 -2 0
-22.5381 1 -2 0
-23.2177 1 -2 0
-23.889 1 -2 0
-24.5597 1 -2 0
-25.236 1 -2 0
-25.9296 1 -2 0
-26.6426 1 -2 0
7.6233 3 -2 0
6.93722 3 -2 0
6.21481 3 -2 0
5.45014 3 -2 0
4.72341 3 -2 0
4.01262 3 -2 0
3.31853 3 -2 0
2.65755 3 -2 0
1.97903 3 -2 0
1.32841 3 -2 0
0.668718 3 -2 0
0.0212489 2.78104 -2 0
-0.618961 2.65268 -2 0
-1.25504 2.48538 -2 0
-1.85398 2.34653 -2 0
-2.47213 2.22162 -2 0
-3.06584 2.15512 -2 0
-3.66071 2.12196 -2 0
-4.21906 2.07153 -2 0
-4.76773 2.00297 -2 0
-5.31747 1.93039 -2 0
-5.84945 1.84855 -2 0
-6.38013 1.73858 -2 0
-6.9108 1.61862 -2 0
-7.45589 1.52794 -2 0
-27.3201 1 -2 0
-27.6995 0.438393 -2 0
-28.3545 0.398524 -2 0
-29.0636 0.357027 -2 0
-29.7608 0.375512 -2 0
-30.3843 0.48892 -2 0
-30.9841 0.426501 -2 0
17.6692 1.31388 -2 0
17.1584 1.52657 -2 0
16.5882 1.69297 -2 0
15.9942 1.88869 -2 0
15.4004 2.11792 -2 0
14.7575 2.30314 -2 0
14.0947 2.35416 -2 0
13.4278 2.35945 -2 0
12.7548 2.35412 -2 0
12.0367 2.3555 -2 0
11.3241 2.43162 -2 0
10.5365 2.42354 -2 0
9.75832 2.5303 -2 0
9.00483 2.63305 -2 0
8.24373 3 -2 0
-8.00142 1.31211 -2 0
-8.52052 1.23774 -2 0
-9.03152 1.11269 -2 0
-9.54105 0.982091 -2 0
-10.0621 0.837884 -2 0
-10.5629 0.671277 -2 0
-11.1186 0.547907 -2 0
-11.6581 0.423237 -2 0
-12.1899 0.306688 -2 0
-12.6794 0.276929 -2 0
-26.9304 0.263924 -2 0
-31.6914 0.455905 -2 0
24.2419 0.038469 -2 0
23.81 0.109703 -2 0
23.3508 0.196402 -2 0
22.8012 0.303506 -2 0
22.2189 0.411625 -2 0
21.5763 0.501646 -2 0
20.925 0.514999 -2 0
20.2669 0.575603 -2 0
19.6067 0.710047 -2 0
18.9535 0.826895 -2 0
18.2858 0.906823 -2 0
7.50816 2.57606 -2 0
6.88502 2.59647 -2 0
-30.2923 -0.195641 -2 0
-31.0495 -0.30549 -2 0
-31.7225 -0.302559 -2 0
-32.3894 0.0305996 -2 0
25.6106 -0.0985735 -2 0
25.1498 -0.0313396 -2 0
24.6801 -0.074659 -2 0
17.6079 0.924744 -2 0
16.9873 1.10234 -2 0
16.3645 1.24923 -2 0
15.7506 1.4204 -2 0
15.1378 1.56604 -2 0
14.4973 1.6496 -2 0
13.8493 1.68039 -2 0
13.1845 1.69732 -2 0
12.5049 1.70522 -2 0
11.7962 1.64253 -2 0
11.1566 1.87705 -2 0
-32.0408 -1.00194 -2 0
-32.562 -1.04378 -2 0
25.8051 -0.421408 -2 0
24.1317 -0.159456 -2 0
23.6211 -0.139788 -2 0
23.0828 -0.0664398 -2 0
22.5209 0.0387481 -2 0
21.9298 0.106255 -2 0
21.3019 0.158524 -2 0
20.664 0.216919 -2 0
20.0198 0.271876 -2 0
19.37 0.354788 -2 0
18.7247 0.395358 -2 0
18.0859 0.482756 -2 0
17.4408 0.551993 -2 0
16.8098 0.662362 -2 0
16.1798 0.775433 -2 0
15.5611 0.888375 -2 0
14.9376 0.93629 -2 0
14.3079 0.981777 -2 0
13.67 0.995612 -2 0
13.029 0.994514 -2 0
12.3961 0.978669 -2 0
-32.255 -1.87809 -2 0
-32.6898 -2.04918 -2 0
25.4029 -0.380624 -2 0
24.931 -0.355429 -2 0
24.4639 -0.367961 -2 0
23.9419 -0.381419 -2 0
23.4248 -0.380899 -2 0
22.8793 -0.304841 -2 0
22.3077 -0.247267 -2 0
21.7141 -0.208675 -2 0
21.0815 -0.133128 -2 0
20.4472 -0.0730034 -2 0
19.8131 -0.0448537 -2 0
19.181 -0.0354905 -2 0
18.5471 0.0140298 -2 0
17.9161 0.0932398 -2 0
17.2836 0.146266 -2 0
16.6584 0.20242 -2 0
16.0301 0.245285 -2 0
15.4083 0.275484 -2 0
14.7906 0.304235 -2 0
14.1688 0.321298 -2 0
13.5429 0.306705 -2 0
12.9081 0.28161 -2 0
12.2715 0.217113 -2 0
-32.2851 -2.82059 -2 0
-32.6575 -3.01901 -2 0
-33 -2.95653 -2 0
25.5676 -0.67978 -2 0
25.1847 -0.675903 -2 0
24.7737 -0.696476 -2 0
24.3071 -0.602355 -2 0
23.7851 -0.556336 -2 0
23.2579 -0.562398 -2 0
22.7146 -0.511967 -2 0
22.1381 -0.461074 -2 0
21.5261 -0.452235 -2 0
20.8917 -0.440659 -2 0
20.2555 -0.412811 -2 0
19.6258 -0.373755 -2 0
18.9904 -0.321929 -2 0
18.3774 -0.323119 -2 0
17.7566 -0.314532 -2 0
17.1361 -0.280669 -2 0
16.515 -0.278046 -2 0
15.8964 -0.309946 -2 0
15.2882 -0.343566 -2 0
14.6778 -0.341469 -2 0
14.0553 -0.355035 -2 0
13.4235 -0.378642 -2 0
12.7608 -0.426983 -2 0
12.0709 -0.482206 -2 0
-32.354 -3.77277 -2 0
-32.7642 -3.86689 -2 0
-33 -3.97147 -2 0
25.1228 -0.892837 -2 0
24.6485 -0.891262 -2 0
24.1749 -0.80527 -2 0
23.7051 -0.834539 -2 0
23.1641 -0.827307 -2 0
22.5811 -0.789547 -2 0
21.9673 -0.740004 -2 0
21.3319 -0.702104 -2 0
20.6883 -0.692267 -2 0
20.0485 -0.674433 -2 0
19.4173 -0.683095 -2 0
18.7922 -0.692683 -2 0
18.1761 -0.738779 -2 0
17.5626 -0.765391 -2 0
16.9685 -0.75065 -2 0
16.3521 -0.801765 -2 0
15.7703 -0.893545 -2 0
15.1719 -0.944485 -2 0
14.566 -1.02252 -2 0
13.9258 -1.03301 -2 0
13.2688 -1.05963 -2 0
12.5777 -1.10524 -2 0
11.8404 -1.19738 -2 0
-32.5214 -4.74403 -2 0
-32.8569 -4.79911 -2 0
24.2781 -1.05881 -2 0
23.6663 -1.06174 -2 0
23.0681 -1.04414 -2 0
22.4172 -1.02492 -2 0
21.7592 -0.990417 -2 0
21.1004 -0.923356 -2 0
20.4555 -0.935617 -2 0
19.8068 -0.965939 -2 0
19.1652 -1.02658 -2 0
18.5302 -1.0674 -2 0
17.8973 -1.12446 -2 0
17.2842 -1.21857 -2 0
16.7517 -1.19762 -2 0
16.2293 -1.36476 -2 0
15.6384 -1.45617 -2 0
15.0335 -1.54801 -2 0
14.4161 -1.66333 -2 0
13.775 -1.70042 -2 0
13.1316 -1.73045 -2 0
12.5022 -1.77439 -2 0
11.9426 -1.90288 -2 0
11.3243 -1.81239 -2 0
10.5763 -1.8526 -2 0
-32.1986 -5.62326 -2 0
-32.677 -5.69707 -2 0
16.771 -1.6501 -2 0
16.0882 -1.8797 -2 0
15.4486 -2.01627 -2 0
14.8431 -2.16186 -2 0
14.2184 -2.44677 -2 0
13.5811 -2.5409 -2 0
12.9657 -2.41601 -2 0
12.3641 -2.47957 -2 0
11.723 -2.48594 -2 0
11.1115 -2.44944 -2 0
10.5434 -2.52236 -2 0
9.97552 -2.38379 -2 0
9.32025 -2.39493 -2 0
8.66666 -2.41023 -2 0
7.97621 -2.30635 -2 0
7.30625 -2.42593 -2 0
-30.5076 -6.40033 -2 0
-31.1074 -6.26284 -2 0
-31.7828 -6.44057 -2 0
-32.5043 -7 -2 0
8.12021 -3 -2 0
7.55553 -3 -2 0
6.85225 -3 -2 0
6.13925 -3 -2 0
5.41115 -3 -2 0
4.68889 -3 -2 0
3.96374 -3 -2 0
3.24457 -3 -2 0
2.52236 -3 -2 0
1.84785 -2.70013 -2 0
1.19932 -2.61304 -2 0
0.551484 -2.55695 -2 0
-0.0738088 -2.58086 -2 0
-0.669484 -2.6361 -2 0
-1.24427 -2.6319 -2 0
-1.85312 -2.66875 -2 0
-2.43036 -2.76249 -2 0
-3.01575 -2.83192 -2 0
-3.59422 -2.90684 -2 0
-4.18152 -2.97459 -2 0
-4.76312 -3.05129 -2 0
-5.33575 -3.14004 -2 0
-5.91629 -3.21862 -2 0
-6.48086 -3.27172 -2 0
-7.05511 -3.33731 -2 0
-7.60077 -3.38989 -2 0
-8.10195 -3.34412 -2 0
-8.59914 -3.51378 -2 0
-9.16833 -3.63146 -2 0
-9.75892 -3.74898 -2 0
-10.3668 -3.89799 -2 0
-10.9797 -4.05683 -2 0
-11.6213 -4.23716 -2 0
-12.2941 -4.49229 -2 0
-13.0314 -4.84076 -2 0
-27.9601 -6.71766 -2 0
-28.5395 -7 -2 0
-29.2439 -7 -2 0
-29.9447 -7 -2 0
-30.6947 -7 -2 0
-31.3517 -7 -2 0
-31.9858 -7 -2 0
-8.07425 -3.81233 -2 0
-8.71749 -3.97878 -2 0
-9.32964 -4.10885 -2 0
-9.94839 -4.23866 -2 0
-10.554 -4.38285 -2 0
-11.1796 -4.58476 -2 0
-11.8107 -4.76774 -2 0
-12.4452 -5.01841 -2 0
-13.0055 -5.2829 -2 0
-13.6026 -5.49025 -2 0
-14.2447 -5.82579 -2 0
-14.9046 -6.21068 -2 0
-15.5206 -6.45253 -2 0
-16.168 -7 -2 0
-16.801 -7 -2 0
-17.4387 -7 -2 0
-18.0762 -7 -2 0
-18.7257 -7 -2 0
-19.3791 -7 -2 0
-20.0337 -7 -2 0
-20.685 -7 -2 0
-21.3375 -7 -2 0
-21.9904 -7 -2 0
-22.6393 -7 -2 0
-23.2916 -7 -2 0
-23.938 -7 -2 0
-24.5918 -7 -2 0
-25.2579 -7 -2 0
-25.9322 -7 -2 0
-26.5994 -7 -2 0
-27.2657 -7 -2 0
-27.8143 -7 -2 0
-13.1793 0.0514575 -2 0
-13.6202 0.256423 -2 0
-14.23 0.259037 -2 0
-14.9078 0.347914 -2 0
-15.6137 0.389913 -2 0
-16.3624 0.396776 -2 0
-17.1115 0.400699 -2 0
-17.851 0.402883 -2 0
-18.5757 0.375493 -2 0
-19.2907 0.321289 -2 0
-19.9949 0.376653 -2 0
-20.6924 0.348748 -2 0
-21.3803 0.347042 -2 0
-22.0599 0.335484 -2 0
-22.7397 0.311774 -2 0
-23.4187 0.315591 -2 0
-24.0897 0.304644 -2 0
-24.7629 0.332032 -2 0
-25.4544 0.346225 -2 0
6.45452 2.33795 -2 0
5.85185 2.43734 -2 0
5.17113 2.43213 -2 0
4.47254 2.47322 -2 0
3.77998 2.41589 -2 0
3.09857 2.41411 -2 0
2.41476 2.40478 -2 0
1.74295 2.38306 -2 0
1.08367 2.32628 -2 0
0.444623 2.27026 -2 0
-0.183993 2.15696 -2 0
-0.804258 2.0364 -2 0
-1.41941 1.92399 -2 0
-2.01787 1.81829 -2 0
-2.63072 1.71879 -2 0
-3.22874 1.64521 -2 0
-3.79686 1.59088 -2 0
-4.36412 1.53368 -2 0
-4.92849 1.46036 -2 0
-5.48174 1.38741 -2 0
-6.01956 1.29371 -2 0
-6.56524 1.19183 -2 0
-7.09206 1.08326 -2 0
-7.60827 0.929948 -2 0
-8.16003 0.77906 -2 0
-8.69412 0.669409 -2 0
-9.22983 0.552538 -2 0
-9.75477 0.41583 -2 0
-10.2996 0.275244 -2 0
-10.8372 0.120124 -2 0
-11.4089 -0.0124003 -2 0
-12.0041 -0.11763 -2 0
-12.6291 -0.193962 -2 0
-26.1806 0.286582 -2 0
-26.6522 -0.37861 -2 0
-27.3201 -0.342567 -2 0
-27.9941 -0.34437 -2 0
-28.6895 -0.299365 -2 0
10.6565 1.67904 -2 0
10.0617 1.84713 -2 0
9.3694 1.94417 -2 0
8.64851 2.06571 -2 0
7.93177 2.04739 -2 0
7.13866 1.90989 -2 0
-13.2427 -0.418076 -2 0
-13.8505 -0.290049 -2 0
-14.5281 -0.302856 -2 0
-15.2191 -0.282658 -2 0
-15.9259 -0.269279 -2 0
-16.6399 -0.282786 -2 0
-17.369 -0.277685 -2 0
-18.0816 -0.283954 -2 0
-18.791 -0.304051 -2 0
-19.493 -0.326384 -2 0
-20.1899 -0.351031 -2 0
-20.8791 -0.364585 -2 0
-21.5611 -0.379822 -2 0
-22.2379 -0.390503 -2 0
-22.9121 -0.391559 -2 0
-23.5847 -0.415025 -2 0
-24.2424 -0.41121 -2 0
-24.8885 -0.376599 -2 0
-25.5167 -0.368761 -2 0
-26.0646 -0.49642 -2 0
-29.4519 -0.370726 -2 0
-29.9359 -1.02455 -2 0
-30.5839 -1.01655 -2 0
11.8205 0.860087 -2 0
11.2104 1.05964 -2 0
6.3892 1.75445 -2 0
5.6804 1.78208 -2 0
4.9743 1.774 -2 0
4.27582 1.76761 -2 0
3.58415 1.73237 -2 0
2.90232 1.72505 -2 0
2.22669 1.72038 -2 0
1.56652 1.70537 -2 0
0.922187 1.68233 -2 0
0.288423 1.61562 -2 0
-0.339283 1.52563 -2 0
-0.961371 1.4194 -2 0
-1.57 1.32099 -2 0
-2.16465 1.23034 -2 0
-2.755 1.15942 -2 0
-3.34982 1.07956 -2 0
-3.92338 1.01259 -2 0
-4.49667 0.948167 -2 0
-5.06696 0.878056 -2 0
-5.62291 0.79691 -2 0
-6.16975 0.709417 -2 0
-6.70428 0.609797 -2 0
-7.2322 0.489526 -2 0
-7.76819 0.35169 -2 0
-8.31221 0.208823 -2 0
-8.8491 0.079323 -2 0
-9.40313 -0.0247297 -2 0
-9.95517 -0.154395 -2 0
-10.5176 -0.299623 -2 0
-11.0672 -0.459521 -2 0
-11.6545 -0.58362 -2 0
-12.2545 -0.690898 -2 0
-12.8492 -0.82058 -2 0
-13.5207 -0.90988 -2 0
-14.1501 -0.891498 -2 0
-14.8063 -0.93108 -2 0
-15.485 -0.941651 -2 0
-16.1704 -0.977944 -2 0
-16.8687 -0.999485 -2 0
-17.5672 -1.00712 -2 0
-18.2638 -1.02265 -2 0
-18.9643 -1.045 -2 0
-19.655 -1.06819 -2 0
-20.3415 -1.0874 -2 0
-21.0249 -1.10369 -2 0
-21.7003 -1.12293 -2 0
-22.369 -1.13465 -2 0
-23.0369 -1.14065 -2 0
-23.6977 -1.15323 -2 0
-24.342 -1.15016 -2 0
-24.9715 -1.13496 -2 0
-25.586 -1.18474 -2 0
-26.2359 -1.21861 -2 0
-26.878 -1.14818 -2 0
-27.5253 -1.1325 -2 0
-28.1698 -1.10656 -2 0
-28.8065 -1.08386 -2 0
-29.3575 -1.21079 -2 0
-31.289 -1.15254 -2 0
10.4913 1.04961 -2 0
9.80252 1.17265 -2 0
9.09496 1.24829 -2 0
8.38828 1.26415 -2 0
7.66713 1.24697 -2 0
6.95142 1.16867 -2 0
6.22237 1.10804 -2 0
5.51386 1.10063 -2 0
4.81647 1.08387 -2 0
4.12737 1.06857 -2 0
3.44371 1.04782 -2 0
2.7656 1.04013 -2 0
2.0969 1.03566 -2 0
1.44946 1.02527 -2 0
0.812739 0.993558 -2 0
0.180653 0.943234 -2 0
-0.444433 0.884682 -2 0
-1.0624 0.801997 -2 0
-1.66842 0.717014 -2 0
-2.27351 0.626615 -2 0
-2.86744 0.549118 -2 0
-3.44467 0.476765 -2 0
-4.00782 0.405188 -2 0
-4.59598 0.355134 -2 0
-5.17176 0.290069 -2 0
-5.72464 0.19922 -2 0
-6.26895 0.113211 -2 0
-6.80745 0.00812196 -2 0
-7.35062 -0.10712 -2 0
-7.89708 -0.219065 -2 0
-8.43986 -0.353906 -2 0
-8.98222 -0.489373 -2 0
-9.5428 -0.613649 -2 0
-10.1112 -0.740656 -2 0
-10.6862 -0.867146 -2 0
-11.2625 -1.00389 -2 0
-11.8723 -1.11188 -2 0
-12.4544 -1.26527 -2 0
-13.0612 -1.40838 -2 0
-13.6885 -1.5029 -2 0
-14.3379 -1.54258 -2 0
-14.9977 -1.59427 -2 0
-15.6677 -1.6463 -2 0
-16.3444 -1.69383 -2 0
-17.0292 -1.7228 -2 0
-17.713 -1.74673 -2 0
-18.397 -1.76398 -2 0
-19.083 -1.78374 -2 0
-19.7659 -1.80687 -2 0
-20.4486 -1.82479 -2 0
-21.127 -1.84738 -2 0
-21.7944 -1.87155 -2 0
-22.4581 -1.8884 -2 0
-23.118 -1.8994 -2 0
-23.7715 -1.90883 -2 0
-24.4149 -1.91117 -2 0
-25.0522 -1.93332 -2 0
-25.6967 -1.96311 -2 0
-26.3543 -1.96779 -2 0
-26.9984 -1.93564 -2 0
-27.6349 -1.92208 -2 0
-28.2626 -1.92506 -2 0
-28.8729 -1.97202 -2 0
-29.4972 -1.97007 -2 0
-30.089 -1.87707 -2 0
-30.6747 -1.88426 -2 0
-31.1861 -2.06054 -2 0
-31.7044 -1.89777 -2 0
11.6064 0.211966 -2 0
10.9581 0.301099 -2 0
10.259 0.383299 -2 0
9.56514 0.471936 -2 0
8.86852 0.504418 -2 0
8.17935 0.490058 -2 0
7.48656 0.469611 -2 0
6.78565 0.45144 -2 0
6.08147 0.440731 -2 0
5.38523 0.424308 -2 0
4.70001 0.397051 -2 0
4.02372 0.372587 -2 0
3.34817 0.357099 -2 0
2.67983 0.356136 -2 0
2.02101 0.358566 -2 0
1.37526 0.342686 -2 0
0.733363 0.319049 -2 0
0.103569 0.290367 -2 0
-0.51958 0.25022 -2 0
-1.13451 0.183978 -2 0
-1.74154 0.112178 -2 0
-2.34315 0.0269128 -2 0
-2.94908 -0.0389292 -2 0
-3.51358 -0.118677 -2 0
-4.07545 -0.20284 -2 0
-4.67162 -0.258006 -2 0
-5.24937 -0.315357 -2 0
-5.7975 -0.395379 -2 0
-6.34617 -0.477474 -2 0
-6.89717 -0.573639 -2 0
-7.44068 -0.685673 -2 0
-7.99078 -0.78876 -2 0
-8.54338 -0.909533 -2 0
-9.10757 -1.03462 -2 0
-9.66581 -1.17446 -2 0
-10.2389 -1.29705 -2 0
-10.823 -1.42115 -2 0
-11.4124 -1.54812 -2 0
-12.018 -1.68265 -2 0
-12.6084 -1.8494 -2 0
-13.2213 -1.98465 -2 0
-13.8365 -2.10501 -2 0
-14.4826 -2.18199 -2 0
-15.1384 -2.27085 -2 0
-15.8059 -2.33942 -2 0
-16.4698 -2.39743 -2 0
-17.1398 -2.44598 -2 0
-17.8178 -2.47775 -2 0
-18.4944 -2.49906 -2 0
-19.1711 -2.52085 -2 0
-19.8478 -2.54523 -2 0
-20.5244 -2.5618 -2 0
-21.2 -2.59233 -2 0
-21.8596 -2.62156 -2 0
-22.5195 -2.63714 -2 0
-23.1726 -2.64697 -2 0
-23.8273 -2.66186 -2 0
-24.4747 -2.67357 -2 0
-25.1252 -2.68882 -2 0
-25.7724 -2.70193 -2 0
-26.4253 -2.70728 -2 0
-27.0682 -2.70232 -2 0
-27.7047 -2.7142 -2 0
-28.3353 -2.75977 -2 0
-28.9684 -2.82216 -2 0
-29.582 -2.81336 -2 0
-30.1736 -2.78051 -2 0
-30.7396 -2.84968 -2 0
-31.3203 -2.86333 -2 0
-31.8451 -2.77707 -2 0
11.3907 -0.484787 -2 0
10.6978 -0.400995 -2 0
10.0289 -0.289062 -2 0
9.33985 -0.239657 -2 0
8.68804 -0.257656 -2 0
8.01569 -0.25727 -2 0
7.33087 -0.257437 -2 0
6.64642 -0.239016 -2 0
5.95771 -0.231545 -2 0
5.27421 -0.259338 -2 0
4.6088 -0.302235 -2 0
3.94018 -0.324763 -2 0
3.27242 -0.325888 -2 0
2.60723 -0.318226 -2 0
1.95113 -0.309691 -2 0
1.30557 -0.316196 -2 0
0.667071 -0.321967 -2 0
0.042003 -0.33908 -2 0
-0.584983 -0.379691 -2 0
-1.19911 -0.429602 -2 0
-1.81008 -0.477241 -2 0
-2.41567 -0.545414 -2 0
-3.00742 -0.624662 -2 0
-3.57652 -0.713929 -2 0
-4.14408 -0.810155 -2 0
-4.73198 -0.866314 -2 0
-5.29989 -0.92378 -2 0
-5.85095 -0.997124 -2 0
-6.41378 -1.07371 -2 0
-6.96832 -1.16176 -2 0
-7.51802 -1.24845 -2 0
-8.07334 -1.35116 -2 0
-8.63865 -1.46829 -2 0
-9.21308 -1.56795 -2 0
-9.77017 -1.70924 -2 0
-10.3515 -1.83836 -2 0
-10.9376 -1.98135 -2 0
-11.5368 -2.12566 -2 0
-12.143 -2.26046 -2 0
-12.7347 -2.44761 -2 0
-13.3412 -2.59444 -2 0
-13.9622 -2.72173 -2 0
-14.6024 -2.84328 -2 0
-15.2559 -2.96153 -2 0
-15.9102 -3.04375 -2 0
-16.5688 -3.10616 -2 0
-17.2269 -3.16715 -2 0
-17.902 -3.20397 -2 0
-18.5751 -3.23114 -2 0
-19.2445 -3.25744 -2 0
-19.9202 -3.28025 -2 0
-20.5892 -3.30914 -2 0
-21.2561 -3.34308 -2 0
-21.916 -3.37052 -2 0
-22.5761 -3.38729 -2 0
-23.2322 -3.39513 -2 0
-23.8825 -3.40525 -2 0
-24.5317 -3.42144 -2 0
-25.1852 -3.43172 -2 0
-25.8322 -3.44647 -2 0
-26.4791 -3.45515 -2 0
-27.126 -3.46664 -2 0
-27.7715 -3.5141 -2 0
-28.4143 -3.59228 -2 0
-29.0462 -3.66266 -2 0
-29.6632 -3.67678 -2 0
-30.2742 -3.71137 -2 0
-30.8684 -3.75333 -2 0
-31.4325 -3.71534 -2 0
-31.9254 -3.67957 -2 0
11.0622 -1.16187 -2 0
10.3689 -1.10837 -2 0
9.77039 -0.928851 -2 0
9.18331 -1.01734 -2 0
8.53126 -0.989277 -2 0
7.8448 -0.981618 -2 0
7.1569 -0.980114 -2 0
6.5039 -0.929547 -2 0
5.82378 -0.926365 -2 0
5.18183 -0.979441 -2 0
4.51912 -1.01429 -2 0
3.8473 -1.02085 -2 0
3.17473 -1.01644 -2 0
2.50959 -1.00548 -2 0
1.8543 -0.97905 -2 0
1.21276 -0.960182 -2 0
0.577868 -0.938966 -2 0
-0.0514254 -0.946483 -2 0
-0.6748 -0.980515 -2 0
-1.28313 -1.02839 -2 0
-1.89617 -1.07932 -2 0
-2.49915 -1.14198 -2 0
-3.0878 -1.21508 -2 0
-3.66142 -1.29383 -2 0
-4.23403 -1.38294 -2 0
-4.80744 -1.45394 -2 0
-5.37188 -1.51582 -2 0
-5.94766 -1.57448 -2 0
-6.50327 -1.66569 -2 0
-7.0556 -1.74646 -2 0
-7.61078 -1.8155 -2 0
-8.17044 -1.90313 -2 0
-8.73991 -2.00815 -2 0
-9.30798 -2.12875 -2 0
-9.88803 -2.26741 -2 0
-10.472 -2.40761 -2 0
-11.0621 -2.56278 -2 0
-11.659 -2.71988 -2 0
-12.2643 -2.89112 -2 0
-12.8711 -3.07095 -2 0
-13.477 -3.208 -2 0
-14.1 -3.35335 -2 0
-14.7314 -3.53202 -2 0
-15.3669 -3.6645 -2 0
-16.01 -3.75789 -2 0
-16.6716 -3.83367 -2 0
-17.326 -3.9048 -2 0
-17.9956 -3.94743 -2 0
-18.664 -3.97827 -2 0
-19.3299 -3.99848 -2 0
-19.9997 -4.02656 -2 0
-20.662 -4.05822 -2 0
-21.3277 -4.0901 -2 0
-21.9896 -4.11964 -2 0
-22.646 -4.14305 -2 0
-23.299 -4.1532 -2 0
-23.9495 -4.15741 -2 0
-24.6009 -4.16946 -2 0
-25.2525 -4.19262 -2 0
-25.8997 -4.21777 -2 0
-26.5482 -4.23575 -2 0
-27.2014 -4.24988 -2 0
-27.8638 -4.32961 -2 0
-28.5138 -4.45282 -2 0
-29.1508 -4.52508 -2 0
-29.778 -4.54243 -2 0
-30.4221 -4.60722 -2 0
-31.0299 -4.6359 -2 0
-31.5859 -4.55884 -2 0
-32.0976 -4.62539 -2 0
9.77599 -1.68338 -2 0
9.02591 -1.72332 -2 0
8.32786 -1.68772 -2 0
7.59122 -1.68181 -2 0
6.936 -1.71817 -2 0
6.32503 -1.57816 -2 0
5.751 -1.67812 -2 0
5.08576 -1.69241 -2 0
4.39718 -1.72804 -2 0
3.70741 -1.72282 -2 0
3.02665 -1.70772 -2 0
2.35648 -1.66089 -2 0
1.70483 -1.62494 -2 0
1.06539 -1.59112 -2 0
0.426848 -1.55207 -2 0
-0.195687 -1.55941 -2 0
-0.811975 -1.57131 -2 0
-1.41791 -1.60598 -2 0
-2.03364 -1.65912 -2 0
-2.63191 -1.71928 -2 0
-3.21003 -1.79005 -2 0
-3.78583 -1.86634 -2 0
-4.36393 -1.94635 -2 0
-4.92797 -2.02975 -2 0
-5.49 -2.10468 -2 0
-6.06991 -2.17261 -2 0
-6.63071 -2.24958 -2 0
-7.1797 -2.32859 -2 0
-7.72721 -2.37607 -2 0
-8.29078 -2.45402 -2 0
-8.86413 -2.5698 -2 0
-9.43222 -2.70593 -2 0
-10.0163 -2.84311 -2 0
-10.6104 -2.98709 -2 0
-11.2115 -3.12869 -2 0
-11.8163 -3.31566 -2 0
-12.4319 -3.53399 -2 0
-13.0452 -3.71704 -2 0
-13.6362 -3.84344 -2 0
-14.2612 -4.03456 -2 0
-14.8646 -4.25305 -2 0
-15.4884 -4.39125 -2 0
-16.1339 -4.49277 -2 0
-16.7945 -4.59981 -2 0
-17.4576 -4.66689 -2 0
-18.1202 -4.72135 -2 0
-18.7868 -4.74403 -2 0
-19.446 -4.76446 -2 0
-20.1066 -4.79151 -2 0
-20.7671 -4.81987 -2 0
-21.4319 -4.84806 -2 0
-22.0935 -4.88981 -2 0
-22.7479 -4.92016 -2 0
-23.3994 -4.92201 -2 0
-24.0489 -4.9168 -2 0
-24.697 -4.92884 -2 0
-25.3479 -4.96392 -2 0
-25.9978 -4.98872 -2 0
-26.6509 -5.00041 -2 0
-27.3156 -5.02924 -2 0
-28.0121 -5.17697 -2 0
-28.6581 -5.34378 -2 0
-29.2942 -5.41384 -2 0
-29.938 -5.34728 -2 0
-30.6288 -5.47527 -2 0
-31.2886 -5.47153 -2 0
-31.8191 -5.42493 -2 0
6.44885 -2.3086 -2 0
5.66762 -2.35069 -2 0
4.93116 -2.37684 -2 0
4.21118 -2.39149 -2 0
3.50547 -2.37667 -2 0
2.80909 -2.33853 -2 0
2.13551 -2.26861 -2 0
1.48821 -2.21115 -2 0
0.838829 -2.10596 -2 0
0.208188 -2.10283 -2 0
-0.403799 -2.12684 -2 0
-1.00456 -2.14173 -2 0
-1.61121 -2.15775 -2 0
-2.22098 -2.20728 -2 0
-2.80707 -2.28758 -2 0
-3.38281 -2.36622 -2 0
-3.96405 -2.43295 -2 0
-4.54181 -2.50225 -2 0
-5.09818 -2.60636 -2 0
-5.68256 -2.67777 -2 0
-6.2484 -2.74345 -2 0
-6.80886 -2.81241 -2 0
-7.35527 -2.8711 -2 0
-7.88729 -2.88213 -2 0
-8.46155 -2.99037 -2 0
-9.01083 -3.13545 -2 0
-9.59073 -3.2718 -2 0
-10.1838 -3.38944 -2 0
-10.7815 -3.53536 -2 0
-11.4058 -3.70391 -2 0
-12.0375 -3.91274 -2 0
-12.6766 -4.18512 -2 0
-13.2962 -4.40268 -2 0
-13.8462 -4.46614 -2 0
-14.394 -4.76921 -2 0
-15.0111 -4.99273 -2 0
-15.6545 -5.18051 -2 0
-16.3065 -5.30941 -2 0
-16.9696 -5.41859 -2 0
-17.6328 -5.48504 -2 0
-18.2958 -5.51491 -2 0
-18.9522 -5.52666 -2 0
-19.6083 -5.54377 -2 0
-20.2647 -5.56243 -2 0
-20.9231 -5.57662 -2 0
-21.579 -5.61751 -2 0
-22.24 -5.6784 -2 0
-22.8958 -5.71359 -2 0
-23.5439 -5.69499 -2 0
-24.1899 -5.65902 -2 0
-24.8367 -5.68175 -2 0
-25.4907 -5.73073 -2 0
-26.1429 -5.74595 -2 0
-26.7986 -5.74595 -2 0
-27.4789 -5.77256 -2 0
-28.2046 -6.08934 -2 0
-28.8664 -6.25293 -2 0
-29.4991 -6.21302 -2 0
-30.0471 -6.11572 -2 0
-13.8222 -5.09631 -2 0
-14.5496 -5.46453 -2 0
-15.219 -5.7466 -2 0
-15.8803 -5.96595 -2 0
-16.5436 -6.19456 -2 0
-17.1986 -6.21078 -2 0
-17.8522 -6.24938 -2 0
-18.5044 -6.28889 -2 0
-19.1532 -6.29395 -2 0
-19.8077 -6.3145 -2 0
-20.4649 -6.3003 -2 0
-21.1205 -6.31007 -2 0
-21.7717 -6.35543 -2 0
-22.4284 -6.40915 -2 0
-23.0792 -6.40834 -2 0
-23.7272 -6.35878 -2 0
-24.3759 -6.3111 -2 0
-25.0294 -6.36517 -2 0
-25.6836 -6.48802 -2 0
-26.3249 -6.43616 -2 0
-26.9424 -6.42344 -2 0
-27.5455 -6.38704 -2 0
8.55425 0.92484 -1.20396 0
-24.0953 -0.26816 -1.06556 0
-10.6436 -1.78617 -2.14196 0
24.9874 -0.564412 -0.461304 0
-6.39346 -7.87789 -1.46198 0
13.7715 -0.74072 -1.4257 0
-12.2848 -4.10013 -1.40858 0
-4.32694 -24.3433 -1.54526 0
-5.5451 -5.79478 -1.44383 0
25.2733 -0.544803 -1.41019 0
-26.2018 -4.62462 -0.492485 0
-10.7201 -0.488508 -0.798565 0
-4.88339 20.7078 -1.50106 0
16.2334 -0.179504 -1.12559 0
-3.42439 9.65499 -1.45175 0
11.5289 -1.60232 -1.12279 0
-4.48764 -1.42227 -1.80269 0
25.2884 -0.623631 0.926416 0
-4.12661 0.520741 -2.22878 0
-28.0939 -4.25123 -0.304154 0
-1.51477 -12.3863 -1.54643 0
-6.09039 -14.5933 -1.57198 0
-25.6907 -0.397191 -1.30669 0
-3.66686 12.6931 -1.45826 0
-23.569 -4.24589 -1.0979 0
0.717686 0.617167 -1.05926 0
14.3664 -1.6465 -1.5306 0
-13.7 0.172397 -1.34031 0
-3.44387 11.2583 -1.48063 0
3.31446 0.965648 -1.33467 0
-14.5784 -0.15419 -1.382 0
-6.93462 -1.96072 -1.06738 0
-14.8894 -4.71774 -1.17133 0
-3.93573 -18.9108 -1.5596 0
-25.9152 -1.71219 -0.687046 0
8.45634 1.9884 -1.37874 0
12.717 -2.33307 -1.45287 0
-5.90043 -19.5302 -1.52474 0
-7.14124 -14.4404 -1.51627 0
2.55617 -0.0841276 -2.27073 0
-8.02305 19.7802 -1.43762 0
-1.30098 8.9166 -1.41808 0
-21.2107 -3.82573 -2.08105 0
-3.80866 27.1336 -1.46802 0
14.8326 -1.88514 -1.27594 0
-3.12181 20.2469 -1.48132 0
6.22427 0.619872 -1.60314 0
-14.6598 -6.23295 -1.37003 0
-10.7127 1.05804 -1.74173 0
-2.39887 11.9094 -1.48247 0
-11.4105 1.18551 -1.40916 0
-16.5619 -4.34648 -0.814396 0
-18.1065 -4.34371 -2.08386 0
20.6082 -1.14764 -1.49026 0
-18.2977 -2.02971 -0.731606 0
-6.78136 6.33024 -1.48677 0
13.076 2.04988 -1.36957 0
-7.44966 10.464 -1.41743 0
11.7097 -1.43264 -1.53999 0
-9.46212 1.0361 -1.32958 0
9.70215 -0.329643 -1.79658 0
-10.1465 -2.91131 -1.98894 0
-4.23461 -10.4125 -1.51813 0
-1.71552 25.8671 -1.48161 0
17.4503 -2.2342 -1.74913 0
-21.9398 -6.22744 -1.29094 0
24.8757 -0.405794 -1.47744 0
-19.9829 -3.9175 -1.92215 0
-0.961404 1.01789 -1.70988 0
-8.0977 12.1897 -1.46036 0
16.325 2.04584 -1.10786 0
-28.6185 -1.37628 0.0397951 0
-12.6761 0.141512 -1.14694 0
-8.57217 23.7779 -1.47631 0
-30.532 -1.65007 -0.620627 0
7.7095 -1.12897 -1.3205 0
-1.69241 -0.629195 -0.989165 0
0.741349 -0.924431 -1.97008 0
5.56472 -1.78147 -1.20322 0
-28.8812 0.16533 0.0153707 0
-4.44187 -2.66087 -1.53829 0
17.766 -0.673117 -0.739269 0
-30.9595 -4.37979 -0.924219 0
-3.77902 -2.97715 -1.74739 0
-2.82979 -17.0538 -1.52283 0
-22.6733 -6.39117 -1.50061 0
-30.9257 0.271739 0.449828 0
-32.2184 -1.63055 -1.28767 0
8.20115 -2.28857 -1.48576 0
-16.7465 -2.06647 -1.28215 0
-18.9796 -1.90783 -1.24054 0
22.309 -0.496706 -0.807487 0
-29.2865 0.473063 0.598163 0
-9.19662 -2.88949 -1.35582 0
-12.5579 -6.42714 -1.5145 0
-2.51694 -23.5741 -1.55515 0
-5.8496 -3.10114 -1.76914 0
2.64379 -1.14978 -1.61467 0
-23.3823 -3.37819 -1.80999 0
-30.5252 -3.24849 0.101505 0
-0.253472 -22.6859 -1.40654 0
12.1955 0.817649 -1.75105 0
-7.90435 -0.53086 -1.92436 0
3.46233 1.79583 -1.49343 0
-7.41403 -22.8774 -1.46556 0
-10.3022 -4.48648 -1.04315 0
-11.852 -2.6416 -0.828623 0
-12.2843 -5.09972 -1.42264 0
-4.72904 8.37839 -1.51037 0
5.07013 1.32786 -1.28069 0
-13.8773 -3.31066 -0.879221 0
-9.43846 -1.54581 -0.700177 0
-28.5259 -6.17963 -1.09017 0
-29.3404 -3.50066 -1.12492 0
-5.63634 -3.38244 -0.936372 0
-6.58383 -4.68281 -1.45049 0
-5.50825 -20.422 -1.52173 0
-11.1012 -1.801 -1.46695 0
-15.3548 -6.51666 -1.31206 0
-5.17844 -8.54804 -1.47157 0
24.2834 -0.641109 -1.03913 0
-11.3166 0.307046 -1.80573 0
23.2036 -0.13682 -1.27857 0
-2.22675 -2.42625 -1.0634 0
-6.05537 1.51256 -1.85153 0
-19.1008 -4.9833 -0.866369 0
-14.7904 -4.61376 -1.43186 0
-5.06233 -1.68846 -0.89601 0
-6.55362 -0.783542 -1.90552 0
-7.36948 -5.45436 -1.46681 0
-1.64253 17.0716 -1.36345 0
-9.00581 -2.68644 -1.43325 0
13.8885 2.04501 -1.58122 0
-7.69354 18.3283 -1.40957 0
-5.41837 -0.518776 -1.80153 0
-5.41696 1.18062 -1.71617 0
-1.34956 -24.2103 -1.51107 0
-2.25854 -14.2542 -1.51213 0
-32.3687 0.416274 0.4483 0
-20.3707 -1.29215 -1.72534 0
-3.40441 -25.5677 -1.52408 0
-14.9209 -2.06261 -1.23675 0
19.6797 -0.186321 -1.02887 0
-8.17458 -1.0638 -1.25788 0
-17.2619 -3.05663 -1.94995 0
-2.33708 0.19375 -2.18938 0
22.5009 -0.470456 0.806371 0
-0.129 2.18163 -1.55122 0
15.4605 -1.64904 -1.58891 0
-23.1884 -1.21352 -1.31865 0
-16.0057 -1.02984 -1.74163 0
11.719 -1.22781 -1.88406 0
-32.2108 -3.09782 -0.474837 0
-10.058 2.12283 -1.24512 0
-32.2519 -5.02697 -1.46113 0
1.85222 -2.37492 -1.51542 0
22.1525 0.332669 -1.26435 0
-5.73071 -2.1573 -1.68997 0
20.785 -0.0170788 -1.54685 0
-8.75739 25.2766 -1.48507 0
-21.8962 0.166556 -1.58228 0
-0.713889 -1.00176 -1.84225 0
-8.29159 -2.52219 -2.13058 0
-5.69683 -18.1709 -1.57741 0
-24.9082 -5.85986 0.00640473 0
13.8849 -2.5807 -1.56034 0
17.7476 -0.49753 -1.28976 0
18.321 2.24215 -1.12088 0
-27.7601 -1.17931 -0.665114 0
-20.4091 -0.548114 -1.03397 0
-9.38852 0.413607 -1.84095 0
-4.40189 -2.76057 -1.19025 0
-3.74593 18.7374 -1.47002 0
-7.47208 27.2256 -1.53679 0
-28.4267 0.332883 -0.999113 0
-10.7081 -0.219415 -1.78281 0
18.9739 -0.516999 -0.998206 0
-30.306 0.380122 -1.48035 0
19.0775 -0.493326 0.610498 0
-5.58562 5.78467 -1.4901 0
-7.26481 4.71406 -1.52082 0
-27.4028 0.309341 -0.158999 0
-21.2311 -2.5924 -0.662756 0
19.2188 -0.254062 -1.04221 0
-10.0995 1.73236 -1.4887 0
-2.08396 2.19172 -1.00075 0
24.7862 -0.388774 -0.206935 0
10.6025 1.08051 -1.67067 0
-5.50748 -27.2803 -1.49933 0
-4.98634 25.9009 -1.47541 0
-0.122212 -2.30619 -1.68669 0
-5.07614 -3.8849 -1.62093 0
-9.38018 0.601017 -1.72615 0
-25.6965 -3.01487 -1.0634 0
-18.732 -1.16782 -1.9045 0
0.983314 2.46958 -1.50419 0
-3.25814 -16.1184 -1.51793 0
-3.61379 6.96473 -1.4893 0
15.9948 -1.42937 -1.31912 0
16.926 1.43643 -0.748989 0
-6.68209 3.11277 -1.77335 0
7.92967 -0.341905 -1.90344 0
-31.2385 -4.81699 0.524617 0
-15.1592 0.321794 -1.45245 0
-5.91007 -1.87168 -1.4701 0
-12.7505 -2.29897 -2.5064 0
-6.65758 11.8284 -1.47174 0
-23.578 -5.66931 -1.54349 0
-1.41359 3.27478 -1.47238 0
-5.23062 -4.68426 -1.34318 0
8.68197 -1.67409 -1.37905 0
4.85977 -0.871838 -1.95803 0
-9.05779 -5.99232 -1.47713 0
-3.90697 15.2744 -1.46392 0
0.562819 -1.9775 -1.136 0
-7.76443 -3.6094 -1.84532 0
-30.8403 -1.21046 0.469782 0
5.31091 0.43935 -1.7784 0
-10.6561 -1.76715 -1.65738 0
-0.583419 -9.96412 -1.4833 0
-5.86868 12.2686 -1.50047 0
-3.26193 1.27258 -0.651775 0
19.1081 -0.517078 -0.440318 0
21.0814 0.959121 -0.935294 0
-6.964 -17.3994 -1.48708 0
5.67849 2.43649 -1.38215 0
-32.1322 -5.8847 0.253261 0
-21.0375 -5.90018 -1.26303 0
17.8263 0.211343 -0.736408 0
20.7015 -0.294758 -1.09455 0
-9.24546 -0.866115 -1.92717 0
-6.15424 25.1736 -1.44084 0
-2.26807 -22.0642 -1.55234 0
17.1635 -0.979763 -0.285186 0
-1.03244 -2.24902 -1.70928 0
-19.983 0.400847 -1.26913 0
-1.97493 5.08539 -1.43468 0
1.25798 1.16289 -2.03069 0
-3.13152 -12.3505 -1.54316 0
-8.07746 7.95559 -1.46907 0
-30.0933 -5.92027 -0.0311095 0
-8.78837 7.03212 -1.45973 0
-19.8935 -6.21451 -1.34567 0
-2.52596 -26.9238 -1.48769 0
-16.0141 -6.46258 -1.50044 0
-29.8925 -6.33554 -1.33205 0
5.40511 2.60272 -1.4881 0
-6.66006 0.881608 -1.71741 0
-16.3166 -0.164098 -1.33202 0
-2.38104 -18.3265 -1.56411 0
-21.8439 0.397555 -1.05879 0
24.0051 -0.437496 -1.50662 0
-18.6746 -2.74672 -1.69197 0
13.2787 -1.6008 -1.44245 0
-5.3579 -9.89222 -1.46112 0
-5.36884 10.0386 -1.51212 0
10.1887 -2.3431 -1.47463 0
17.4542 -0.484199 1.9016 0
-6.98673 -2.16577 -1.56963 0
-11.8574 0.889915 -1.54279 0
-12.217 -4.07221 -1.685 0
-9.42525 1.89232 -1.60151 0
6.73029 1.71789 -1.22952 0
-4.19775 -7.90407 -1.51321 0
-21.8258 -0.723924 -1.21822 0
-8.17773 0.783783 -1.61598 0
-4.80189 18.0946 -1.46104 0
-6.91794 -10.1216 -1.54754 0
-6.55671 2.61374 -1.32787 0
15.3926 2.1895 -1.43134 0
-22.9429 -1.45018 -1.66164 0
2.61911 2.5204 -1.61827 0
19.976 -0.533127 1.82323 0
-16.1508 -5.46936 -1.69212 0
-8.93871 3.18759 -1.6026 0
-6.81518 -4.06859 -1.54923 0
-4.22578 -1.33394 -1.60264 0
20.8259 -0.58918 0.417429 0
1.93359 -0.582333 -1.23991 0
-9.05367 15.2314 -1.50832 0
19.0923 1.14479 -1.39908 0
-2.93843 13.7239 -1.52309 0
-12.0913 0.499168 -1.47896 0
-5.45207 -15.5317 -1.50482 0
-2.54264 0.504159 -1.43028 0
-19.5664 -6.18872 -1.47604 0
20.8484 -0.34792 -0.594213 0
-32.3121 -3.19223 0.391529 0
-9.0918 22.8231 -1.43654 0
6.49273 -1.15651 -1.65358 0
9.9194 -0.487645 -1.07347 0
-4.2326 2.46913 -1.78285 0
-8.50423 2.11411 -1.58744 0
-17.8725 -0.333077 -1.41767 0
3.01226 -2.5364 -1.71163 0
-13.3107 -0.143221 -1.79954 0
-2.85665 1.64029 -1.79413 0
3.78627 1.44335 -1.8221 0
2.61157 -2.39381 -1.37042 0
16.7123 1.17032 -1.23867 0
-22.6385 -3.86051 -1.36633 0
-6.1454 2.05994 -1.29838 0
-3.47052 -1.85723 -1.20481 0
7.18881 -1.62041 -1.47474 0
-2.16116 6.58367 -1.46997 0
-4.44038 23.4805 -1.47534 0
-29.1464 -0.793775 -1.45671 0
-8.95884 4.25695 -1.46447 0
-5.25528 2.5144 -1.56357 0
-23.6369 -6.36382 -1.0809 0
25.512 -0.325938 -1.35445 0
17.4225 0.604334 -0.670543 0
-2.03251 3.53887 -1.44069 0
3.61212 -0.576503 -1.66702 0
-1.0876 -1.66132 -1.38193 0
-4.6638 -12.7021 -1.54018 0
-11.0762 -6.19188 -1.45174 0
6.44454 -2.43344 -1.5801 0
-7.24262 -18.8122 -1.48118 0
-3.55056 21.8736 -1.47786 0
-26.7095 -2.13241 -1.41339 0
-17.2401 0.202492 -1.50768 0
-28.3645 -6.29531 0.185968 0
21.5273 -0.935505 -1.38972 0
-13.7203 -6.46366 -1.52017 0
-4.12624 3.75691 -1.391 0
-4.01849 5.97407 -1.47101 0
-26.2447 -5.39362 -1.41297 0
4.47984 -2.28184 -1.59923 0
-5.71433 22.1969 -1.4305 0
-9.1445 -4.43591 -1.61134 0
5.60487 -0.509553 -1.47934 0
-19.8744 -3.79471 -1.40962 0
-1.65267 -3.78346 -1.33237 0
-5.45889 7.13087 -1.50227 0
0.432454 0.349152 -1.81708 0
-4.89513 2.26881 -1.3179 0
-3.76606 -22.5402 -1.55048 0
-0.262187 -3.55978 -1.52974 0
-1.64364 22.7295 -1.37741 0
-12.0857 -0.500463 -1.56245 0
-5.61344 0.862316 -1.40586 0
-17.6513 -6.25348 -1.41295 0
-22.8652 -2.08787 -1.31324 0
-2.71238 -4.59896 -1.40753 0
-17.9755 -6.47731 -1.36232 0
-3.71175 -0.464965 -0.984992 0
-32.0954 -6.49201 -1.19819 0
-11.0215 -6.60283 -1.48716 0
23.8122 -0.490262 0.555061 0
-4.41348 -18.1084 -1.57119 0
-8.72354 -5.15402 -1.46632 0
-31.0035 -1.41843 -1.38582 0
-3.37732 16.7007 -1.45476 0
-19.181 0.378201 -1.50035 0
-11.811 -4.62911 -1.55136 0
-1.68862 2.48563 -1.4882 0
1.37582 -2.37387 -1.46676 0
-7.66837 16.9494 -1.46616 0
2.71071 1.28119 -1.69089 0
-14.5101 -4.59973 -1.60358 0
14.4631 0.109175 -1.1347 0
0.427627 0.805901 -1.39613 0
-1.96584 14.8202 -1.51843 0
-7.89987 21.0234 -1.51747 0
-16.8863 0.303891 -1.41206 0
-21.1525 0.488041 -1.55161 0
-31.4212 -6.53884 -0.139406 0
-8.34459 -4.32047 -1.2594 0
23.7197 -0.493359 1.9558 0
17.9779 -0.642992 -1.15467 0
-8.66657 5.56527 -1.40198 0
-6.08342 -26.4645 -1.5203 0
-0.910813 -0.0539291 -1.35445 0
-7.96253 -6.52697 -1.47031 0
-15.6354 -3.51245 -1.56053 0
-25.9784 -4.91671 0.362608 0
-1.27754 1.38991 -1.26125 0
11.3462 0.512196 -1.26793 0
-7.86163 3.44089 -1.36583 0
-26.8965 0.607264 -1.50481 0
-6.93353 -16.3301 -1.44737 0
-6.77365 7.7399 -1.4966 0
-3.50333 24.2564 -1.45119 0
-2.63593 -1.69208 -1.88924 0
-2.97574 4.43165 -1.3807 0
-9.71467 -0.514332 -1.35837 0
-6.7887 -6.23421 -1.45363 0
-13.1995 -1.63572 -1.50434 0
1.26583 2.18876 -1.4488 0
5.63696 2.32205 -1.66588 0
17.2288 -0.600934 -1.32469 0
3.64524 -2.31561 -1.50731 0
-1.07139 -26.3894 -1.47301 0
-5.08322 -0.605443 -1.36264 0
-9.15955 -2.69104 -1.51281 0
-7.79803 6.2026 -1.47335 0
-23.6366 0.440512 -0.585898 0
-2.78126 3.25786 -1.38258 0
-3.70551 -5.82154 -1.50647 0
-4.53677 -13.9863 -1.55781 0
-32.4249 -0.428197 -0.412497 0
-6.98582 -12.6686 -1.47975 0
-7.05034 13.7971 -1.39301 0
22.7233 0.57449 -1.01696 0
19.1952 0.324277 -1.41225 0
-13.8018 -6.28109 -1.46666 0
-8.31808 15.8383 -1.55455 0
-4.25796 0.905542 -1.39911 0
6.63255 2.31625 -1.39143 0
-26.6776 -6.3383 -0.202585 0
-6.83914 15.3495 -1.50815 0
-5.16849 -11.5179 -1.51592 0
-7.18117 9.06992 -1.51919 0
21.5522 -0.409566 1.67882 0
-12.6252 -1.5109 -0.671724 0
19.6235 -0.686552 -1.58972 0
-5.04734 16.8132 -1.43913 0
4.96491 -1.5484 -1.49163 0
7.86005 0.468076 -1.27955 0
-22.7268 -5.86946 -1.46888 0
-9.29204 17.3407 -1.49841 0
-10.1728 -5.50867 -1.45443 0
20.4763 -0.747194 -1.32613 0
-25.9394 0.323596 -1.00751 0
-14.5349 -1.43857 -1.71299 0
6.59147 -2.19192 -1.52665 0
12.422 -2.3629 -1.31879 0
15.648 -0.839844 -0.969952 0
-7.83095 -3.27667 -1.36807 0
-0.860256 -18.0329 -1.47057 0
-3.02228 -3.18699 -1.38566 0
-24.8063 -3.47013 0.269013 0
-16.7942 -6.21643 -1.41273 0
-27.1811 -6.22751 0.503199 0
-11.6518 -2.99053 -1.64721 0
10.2539 2.19731 -1.37633 0
-27.192 -6.30697 -1.0264 0
-5.85843 19.8745 -1.38085 0
-6.89812 -3.80649 -1.47004 0
9.83608 -2.15105 -1.44521 0
-23.9911 -1.86451 -0.504063 0
-13.8867 -5.35805 -1.57144 0
-1.29889 12.3008 -1.55252 0
-5.53111 3.56201 -1.57984 0
2.42608 2.34437 -1.41497 0
-8.14545 4.57649 -1.46464 0
16.8157 -0.496033 -1.01429 0
1.9873 1.44216 -1.35186 0
-22.7749 0.428734 -1.54502 0
-4.20553 -3.85589 -1.26941 0
-20.914 -6.3682 -1.43343 0
-7.31521 -20.045 -1.51212 0
-4.15413 -15.3291 -1.5502 0
-19.4204 -6.44155 -1.61804 0
-7.71311 -8.63865 -1.50668 0
24.8193 -0.499882 -1.0341 0
-1.48455 -15.3203 -1.48687 0
-9.39194 6.08927 -1.48298 0
-10.2575 -5.27261 -1.33407 0
4.65847 2.21834 -1.49425 0
13.5962 2.39787 -1.39054 0
-4.64576 14.0461 -1.48168 0
-3.41172 -3.9845 -1.43581 0
-29.014 -4.60763 0.377602 0
4.00063 2.51451 -1.32073 0
-26.5541 -0.457452 0.423293 0
-6.40258 18.7199 -1.42659 0
-8.24297 -7.14145 -1.49437 0
-0.515231 -4.57272 -1.52195 0
-24.4447 -6.32067 -1.4 0
-7.00361 0.257729 -1.12077 0
-25.1303 -1.23791 0.438873 0
13.88 -0.813079 -1.69835 0
-1.33848 15.7791 -1.37301 0
24.0937 -0.546077 -1.16821 0
-30.2788 -6.54932 -0.818974 0
22.2905 -0.934 -1.50314 0
23.6188 -0.489843 6.20558 0
-21.3096 -6.34256 -1.42682 0
-11.7965 -0.170843 -1.39192 0
23.6956 -0.483014 8.03408 0
-3.99972 -6.70898 -1.47458 0
-6.32494 -11.0241 -1.53943 0
-4.91387 11.1787 -1.44296 0
23.4809 -0.298754 -0.971227 0
-6.69375 10.6526 -1.58697 0
-8.28551 9.82733 -1.46195 0
-13.0379 -4.34148 -1.36338 0
7.54107 2.41974 -1.53515 0
-1.34701 -6.79127 -1.47943 0
3.87892 -2.09061 -1.48147 0
-9.21835 18.475 -1.49097 0
21.9136 0.0483003 -1.47617 0
-24.7647 0.28566 -0.484938 0
-9.22785 19.7203 -1.52309 0
-7.59538 -10.1352 -1.52894 0
1.84017 -0.494316 -1.65801 0
-0.803666 19.4385 -1.43773 0
-7.7269 -0.389536 -1.64594 0
-22.7577 -6.29579 -1.13012 0
-0.280738 1.84365 -1.58794 0
-4.02646 4.96072 -1.36737 0
-27.9625 -4.4306 -1.22978 0
-30.0001 -5.9163 0.525327 0
-9.78046 3.70884 -1.4816 0
-1.53922 18.442 -1.45225 0
-27.4979 -6.20604 -1.53552 0
-10.2322 1.27235 -1.44583 0
-7.44438 -2.01083 -1.27464 0
10.9505 2.04976 -1.36559 0
19.441 -1.18637 -1.44842 0
13.144 -1.71418 -1.49033 0
0.297101 -2.45 -1.45734 0
-18.1976 -5.0293 -1.57122 0
7.34427 1.97552 -1.58622 0
-2.31334 -3.13016 -1.45979 0
-20.3899 -2.00988 -1.42958 0
-3.60503 2.73476 -1.52122 0
-6.73611 21.612 -1.43893 0
-5.01814 -6.91951 -1.49034 0
22.1428 2.86332 -1.06866 0
-26.4775 -2.68235 0.32837 0
-7.18086 -8.42222 -1.51955 0
-20.3384 0.414229 -1.29926 0
-3.0994 -9.60076 -1.52598 0
16.3208 -2.17903 -1.4882 0
-11.0497 -3.81931 -1.66042 0
-10.6599 0.845794 -1.5256 0
-7.55064 1.87298 -1.58048 0
-9.38545 13.2563 -1.5574 0
-13.2562 -3.77288 -1.50774 0
-5.94955 -21.8032 -1.51914 0
-0.00631439 -18.7006 -1.50365 0
8.37223 -2.34647 -1.33233 0
-18.0134 -3.54902 -1.41572 0
-9.10199 -6.63598 -1.56051 0
-3.57202 -8.63422 -1.52339 0
0.246504 -25.3533 -1.49441 0
-7.59082 1.44638 -0.847834 0
-10.0021 2.40821 -1.47651 0
-18.8964 0.48858 -1.39629 0
-5.38504 -23.6772 -1.54449 0
15.333 1.99285 -1.26731 0
-9.35123 8.64931 -1.44978 0
16.6576 -0.831802 -1.39137 0
-18.0434 -0.731751 -1.50957 0
-32.2729 0.595954 -1.41656 0
-9.40557 11.15 -1.51026 0
10.3229 -2.40709 -1.6734 0
22.176 -0.657695 -0.238571 0
-3.18334 25.4511 -1.48146 0
20.5156 1.02043 -1.5122 0
17.6851 -1.37649 -1.48215 0
23.7918 -0.61736 0.249851 0
-31.7115 0.418427 -0.54594 0
-14.0178 0.49352 -1.41397 0
-2.28955 27.3915 -1.50817 0
25.4439 -0.381308 0.407744 0
-4.49282 -16.9177 -1.54199 0
-7.47938 -11.7573 -1.45654 0
22.2576 -0.54548 -1.14525 0
-15.1951 0.372738 -1.40311 0
-25.8128 -6.46243 -1.32288 0
15.9242 -1.47801 -1.49881 0
-9.52113 3.81154 -1.49454 0
-1.88979 -11.0553 -1.52545 0
-22.3255 0.201529 -1.26683 0
-14.3998 -5.52332 -1.46754 0
-0.780024 -8.04007 -1.47834 0
12.4798 0.399708 -1.48713 0
-14.4624 -3.11071 -1.90118 0
-9.30447 9.85612 -1.49695 0
18.9586 -1.56769 -1.38857 0
-3.20339 -0.344791 -1.43459 0
-5.96077 14.1144 -1.51483 0
-9.50299 -3.82431 -1.52574 0
-7.10651 -25.5504 -1.48693 0
12.8807 0.268085 -1.24989 0
-8.06171 -1.65675 -1.71511 0
-32.4401 -3.37839 -1.57595 0
22.1826 -0.0290773 -0.522041 0
3.97973 1.40059 -1.59413 0
-3.15863 -13.6295 -1.5515 0
9.3587 2.29024 -1.61195 0
-24.1585 -6.40961 -0.486274 0
7.53315 -2.44309 -1.72483 0
17.0239 2.38082 -0.993359 0
-2.17499 -5.76545 -1.43145 0
-6.09247 8.9573 -1.57286 0
-6.35364 17.0444 -1.39049 0
18.12 -1.48773 -1.41726 0
-6.19181 23.7635 -1.46885 0
-9.46635 3.2128 -1.51243 0
0.198164 -0.990682 -1.33267 0
23.5178 -0.171599 -1.45004 0
9.71774 -0.40544 -1.61267 0
-3.1557 -21.0584 -1.54616 0
-0.961083 0.483284 -1.52962 0
-27.5399 0.50997 0.467909 0
-1.23906 -16.6936 -1.52033 0
-9.41498 -4.94701 -1.60728 0
-1.38796 -25.41 -1.50664 0
-1.42608 21.1893 -1.47969 0
-8.44681 0.309656 -1.21133 0
-10.8381 -3.39348 -1.14404 0
-24.9741 0.331675 0.386934 0
1.96024 -2.09326 -1.55414 0
-6.30118 4.92151 -1.46165 0
-26.098 0.374788 0.0584445 0
-0.65823 3.53877 -1.44911 0
-8.8587 2.38294 -1.09867 0
-10.8016 -4.51015 -1.67566 0
-7.63354 -13.821 -1.52604 0
-3.21492 3.04671 -1.52272 0
-28.04 -2.48936 -1.54191 0
-0.459708 2.54411 -1.45563 0
-8.03254 13.3514 -1.49164 0
-0.91084 27.4413 -1.31861 0
-9.00873 11.8697 -1.50857 0
0.119019 -10.6242 -1.51977 0
24.1817 -0.980177 -1.47337 0
-6.02468 -6.98221 -1.50351 0
-8.70927 26.7077 -1.44809 0
21.724 -0.622344 -1.4654 0
18.2237 1.11692 -0.770797 0
15.855 0.189352 -1.37053 0
-9.3236 21.1466 -1.3952 0
-23.5929 0.470335 -0.951891 0
-6.5997 3.857 -1.46483 0
17.9688 1.05888 -1.53038 0
-9.6259 5.0305 -1.51687 0
3.94876 2.59888 -1.34552 0
11.0633 -2.41086 -1.29903 0
-24.3828 -4.51622 -1.37372 0
-1.60221 10.2427 -1.45714 0
-1.9402 -19.6403 -1.54434 0
19.6076 1.25987 -0.729943 0
-3.94205 -20.2285 -1.5707 0
-3.22166 8.1937 -1.44324 0
9.82573 1.44958 -1.47928 0
-5.51071 15.5059 -1.47891 0
-3.52648 -11.2897 -1.547 0
-2.91425 -7.04311 -1.48759 0
-6.43828 -0.822783 -1.30551 0
0.326619 -14.0544 -1.51355 0
-30.3559 -5.56872 -1.60223 0
-5.50616 -16.8336 -1.5461 0
-7.11718 -23.8827 -1.52567 0
-24.9483 -6.33495 -0.775942 0
-11.8115 -5.59016 -1.38955 0
-2.19281 -0.881692 -1.40437 0
-13.6644 -0.979708 -1.40165 0
0.205697 -26.9069 -1.50711 0
0.241615 -24.0381 -1.51571 0
-6.97579 -3.27831 -1.48019 0
-2.14339 -2.2905 -1.5255 0
-9.36927 14.3885 -1.49417 0
23.4789 -1.36204 -1.43706 0
0.624542 -2.79883 -1.61521 0
-24.1943 -2.51427 -1.43577 0
21.9984 -0.45558 -0.43127 0
12.1538 2.35078 -1.39287 0
-18.3614 -6.28478 -1.48246 0
-5.61257 0.119385 -1.4825 0
-15.2565 -1.61876 -1.46575 0
-4.3096 -4.96818 -1.47697 0
-6.21489 -9.11023 -1.48777 0
3.65679 -0.0403159 -1.31287 0
11.8794 2.1953 -1.48162 0
-21.4794 -2.97104 -1.56302 0
-5.06923 4.76531 -1.49262 0
5.42208 -2.48814 -1.35449 0
-0.549915 -13.3551 -1.52249 0
-1.24707 24.0925 -1.83105 0
-15.839 -3.44424 -1.68597 0
-15.603 0.374465 -1.60052 0
22.1971 -0.342213 0.711941 0
-6.68849 -1.78992 -2.11917 0
-7.78164 3.15029 -1.6304 0
23.4661 0.632917 -0.761472 0
22.8255 2.06633 -1.05376 0
11.7595 1.95797 -1.61699 0
-14.8282 -6.48212 -1.67468 0
-0.398486 20.1429 -1.57973 0
23.6368 -0.506365 -0.343381 0
8.8906 -2.45776 -1.66315 0
0.36913 -16.7155 -1.54676 0
-0.770121 -2.74218 -1.45262 0
-6.01583 -13.2357 -1.54042 0
2.17816 2.43309 -1.42609 0
-11.9374 -5.55736 -1.54475 0
2.3482 -1.7423 -1.46202 0
20.5816 -0.53083 0.296075 0
-5.50644 27.336 -1.48224 0
-4.94404 -22.2238 -1.56896 0
-1.44125 7.76295 -1.46462 0
21.0893 2.77997 -1.23358 0
-9.92372 -6.73413 -1.5311 0
-3.82758 -4.80845 -1.48556 0
-7.4816 -16.0376 -1.54679 0
24.2339 -0.677473 -1.09869 0
23.177 2.87556 -1.0264 0
17.6103 -1.34183 -1.50713 0
-6.4067 12.2815 -1.5988 0
9.29046 2.12348 -1.5217 0
-0.178132 -20.0319 -1.53924 0
8.43291 2.44812 -1.6557 0
-13.2993 -5.70514 -1.35002 0
25.6088 -0.534951 8.72846 0
-9.4102 -3.79624 -1.6075 0
-23.9202 -3.90406 -0.959847 0
-0.921923 -3.05062 -1.42682 0
-4.16431 2.12876 -1.42842 0
-4.79048 12.5893 -1.50902 0
25.5195 -0.648295 -0.452648 0
-0.732566 13.4252 -1.73712 0
4.11962 2.49478 -1.64613 0
0.232934 -8.58914 -1.54449 0
0.435079 2.49534 -1.43574 0
0.233389 -15.3904 -1.5079 0
-2.21827 -8.2467 -1.50777 0
-8.54648 10.9903 -1.63998 0
1.21538 1.49992 -1.58446 0
-8.16913 1.96091 -1.59189 0
14.0232 -2.35873 -1.43182 0
-0.958375 2.59189 -1.32111 0
20.6084 0.392881 -1.45103 0
17.6514 1.6303 -1.329 0
-21.5315 -4.4517 -1.57776 0
-0.795913 -21.5785 -1.48173 0
-5.75515 13.1292 -1.40734 0
-9.52901 7.60238 -1.52413 0
-32.4196 -1.3802 0.348659 0
0.220407 -11.7451 -1.48837 0
-1.96664 -9.72224 -1.4633 0
17.1215 -0.806927 0.458335 0
-6.50077 16.0032 -1.60861 0
-0.892727 -27.4505 -1.46293 0
0.787754 -1.4215 -1.54224 0
25.0076 -0.532388 1.75168 0
23.1877 -0.525172 7.2744 0
-0.620713 -26.5226 -1.33124 0
-3.89721 -27.4005 -1.48879 0
25.6408 -0.474228 -0.847523 0
-7.80777 -4.80952 -1.55496 0
-6.1933 20.7483 -1.77134 0
-4.49288 -0.0744272 -1.63962 0
-7.32995 -21.3495 -1.47276 0
22.4743 -2.54497 -1.49648 0
-24.0011 -5.25209 0.275852 0
-8.37104 -0.431065 -1.38909 0
1.63354 -2.26691 -1.48138 0
-0.355744 -5.66235 -1.50617 0
-0.780196 5.90918 -1.49814 0
-5.79213 12.7114 -1.55521 0
-9.98922 3.33625 -1.59006 0
-6.05777 -2.88147 -1.45941 0
-7.18601 2.71609 -1.52729 0
-21.8915 -4.79869 -1.54326 0
-27.5068 -3.62199 0.359799 0
-20.4169 -0.273682 -1.49534 0
-18.7336 0.329434 -1.40687 0
-1.56794 1.50762 -1.53092 0
-18.2099 0.489781 -1.36851 0
-24.009 0.125943 0.0484688 0
-32.4661 -5.01069 -0.429521 0
-23.5239 -6.61164 -0.694508 0
-6.12749 -12.0372 -1.55258 0
-8.19607 -3.75778 -1.38911 0
-6.40548 9.77814 -1.3513 0
-6.48563 10.6867 -1.33789 0
-24.0097 0.311903 -1.16212 0
-30.1252 0.404041 -0.432642 0
-28.9402 -6.47052 -0.709121 0
2.94723 2.32975 -1.56453 0
-7.95501 -7.43809 -1.56758 0
23.3902 -1.77895 -1.49223 0
22.3219 1.31662 -0.937183 0
8.80026 0.847398 -1.5269 0
0.393537 -20.816 -1.57888 0
14.0928 1.88073 -1.4194 0
1.74092 2.45826 -1.48648 0
20.3435 -2.66302 -1.52045 0
22.8071 -0.50897 2.64059 0
20.0358 -2.38949 -1.45754 0
-7.22759 -7.19834 -1.4895 0
22.4377 -0.497946 5.123 0
21.8276 -1.48079 -1.54275 0
-10.2048 -2.42386 -1.5309 0
-7.1556 -7.94462 -1.64779 0
20.1919 2.8031 -1.28906 0
Tetrahedra
25523
3539 3532 3890 8370  0
778 1078 7812 8424  0
7792 6430 6416 7895  0
1232 1424 1233 7925  0
291 308 290 261  0
1100 7731 8251 7744  0
2254 4486 4501 8333  0
8063 1859 8293 8389  0
4961 4973 4960 7825  0
8084 7676 7816 7686  0
5804 5822 5821 7781  0
3620 3949 7970 8104  0
3472 3844 3473 8085  0
6834 6583 8057 8379  0
415 7797 7948 8415  0
3934 4262 4261 8265  0
4964 4965 4977 8270  0
3846 3847 3475 7894  0
1908 1925 1926 8227  0
1223 1415 8179 8362  0
4434 4420 5441 7693  0
7067 7641 7068 7879  0
362 757 756 7917  0
4125 8141 4586 4585  0
360 361 755 7917  0
2116 8384 2084 2115  0
7069 7642 7643 8072  0
385 780 779 8424  0
5599 5600 5664 7860  0
7135 6795 7162 7958  0
6646 6647 8259 7014  0
5032 5031 7725 7940  0
438 494 495 7802  0
4820 2746 2778 2777  0
5945 8120 5967 5944  0
1661 1662 1652 8275  0
8252 3594 8372 3595  0
7931 1883 1866 3276  0
8187 7706 7703 7741  0
7883 1683 1671 8275  0
6634 7862 6633 6997  0
7676 7653 7995 8312  0
7948 1256 1046 1045  0
2601 2602 2566 7767  0
6109 6110 6130 7690  0
4158 7688 4159 3819  0
2050 2020 2049 8139  0
568 935 569 8388  0
7762 7778 8140 8220  0
8412 8028 7686 8174  0
3481 7717 8152 3480  0
3568 3567 3571 8386  0
6069 6070 6089 8054  0
4583 4584 5653 8359  0
28 19 11 6  0
919 7669 1144 1149  0
6194 6176 6195 8252  0
730 7750 683 729  0
8434 6520 5596 5595  0
4574 4532 7722 7921  0
2809 2828 2810 8177  0
6980 6979 6957 7710  0
1847 1846 1862 8010  0
7757 7745 8020 8228  0
3970 4908 3969 3972  0
2447 2448 7908 8285  0
4392 4051 3316 4391  0
2483 3499 3471 7770  0
5437 5458 5457 7893  0
6777 6520 6521 7847  0
7974 1386 8116 8156  0
2389 8061 7687 2390  0
1720 1709 1708 7725  0
2469 2513 2470 8225  0
1659 1670 7841 1669  0
229 200 245 8439  0
7867 8362 7745 7982  0
1694 1682 1693 7883  0
2671 8438 8039 2704  0
7741 7742 7271 7341  0
202 177 163 179  0
2838 8175 2819 2837  0
3796 4129 3795 8207  0
2274 7852 8096 2311  0
159 135 121 122  0
4757 8405 4741 4758  0
5095 5094 8255 8336  0
1384 7941 1197 1191  0
2698 7915 8134 8295  0
1644 1645 1635 8209  0
2212 2213 2179 8283  0
5852 5825 7746 7968  0
7604 7762 8140 7542  0
3492 3491 3863 7892  0
5254 5236 5255 8015  0
1616 1432 8131 8152  0
84 63 52 85  0
7917 8403 427 7882  0
6080 6060 6081 8235  0
7135 7223 7222 7958  0
8195 7657 7665 8216  0
7746 2680 3887 7968  0
7792 3178 7840 3177  0
6814 6815 8256 8376  0
7061 7634 7635 7994  0
467 468 411 7987  0
1144 1342 1344 7669  0
215 186 214 8439  0
7302 7232 7761 7914  0
2204 2171 2170 7707  0
2746 4819 2777 4820  0
5526 5503 5504 8023  0
663 7882 594 8047  0
296 331 326 329  0
3858 3487 3486 8062  0
8325 7672 6057 6078  0
1409 1408 1592 8307  0
2578 2541 2540 8058  0
6721 8360 6722 8302  0
1305 1098 1033 7877  0
1606 2542 2483 7770  0
4551 4552 5627 8076  0
5304 5284 5285 8055  0
8320 7237 8100 7755  0
5684 4606 5687 8199  0
4432 4433 4446 8443  0
6474 6492 6535 7702  0
7753 7839 8222 8321  0
6350 8194 6365 6349  0
3105 3093 7884 7989  0
3102 3090 3089 8382  0
3886 3518 4754 4772  0
6798 6839 6797 7829  0
1418 1226 1417 7912  0
3882 4218 3878 3513  0
738 802 739 8342  0
3549 3907 4242 4237  0
5966 5990 4844 5967  0
6757 6502 8018 8413  0
949 950 7853 7941  0
6975 6976 6988 7696  0
8437 2587 2586 4734  0
2421 1532 2420 8353  0
31 8 32 25  0
2701 2702 2668 8172  0
2867 2868 7714 8064  0
2742 2775 8188 2741  0
1126 1124 1123 8001  0
7954 7779 7588 7823  0
2390 3412 3411 8061  0
3535 3894 8000 8350  0
4378 5396 5374 5395  0
5268 5267 7931 8269  0
3915 4238 3902 4841  0
1604 2539 2540 8094  0
6787 6568 7953 7988  0
7703 7704 7706 7777  0
5905 5881 8142 8221  0
402 7830 827 825  0
3325 3725 4393 8384  0
5131 7697 7824 8158  0
6609 8213 8127 6962  0
2773 2740 2739 8428  0
632 929 633 7924  0
988 692 691 8391  0
7004 7003 6983 7806  0
3343 2149 2181 8283  0
7752 6355 6356 6341  0
3740 4070 4466 3741  0
7185 7116 7993 8060  0
1143 8385 1138 1137  0
8200 4034 4032 4373  0
1043 1253 1042 8008  0
889 869 868 8431  0
5539 5563 5562 8154  0
2982 2966 2965 7848  0
206 179 202 191  0
6621 6618 6985 8355  0
3393 3392 2361 8146  0
6334 6351 6350 8300  0
7326 7256 7257 7795  0
3892 2776 3542 2744  0
7945 7706 7973 8006  0
6729 6735 6728 8074  0
3008 3603 3007 8082  0
208 209 191 220  0
105 128 114 126  0
3867 3497 3470 8009  0
4905 6395 6396 8229  0
5846 5869 5845 8026  0
6793 6794 7134 7820  0
2967 2966 2984 7848  0
6807 6853 6806 7708  0
4235 8435 4816 3896  0
5261 5260 5242 8114  0
7363 7739 7734 8004  0
7713 1223 8179 8362  0
7217 7160 7218 7674  0
17 27 9 26  0
5175 5192 5191 8010  0
7820 7220 7132 7972  0
4117 3783 3784 8314  0
188 161 147 101  0
1419 7759 8094 7912  0
6376 6360 6377 7659  0
2538 1603 1602 7759  0
5642 6549 6548 7921  0
6211 6229 6228 8082  0
3202 1628 3203 8209  0
3761 3762 4095 8414  0
6282 6283 6298 8249  0
8005 5200 7782 8126  0
5039 5053 5038 7957  0
7847 7677 8100 8434  0
4660 4661 7716 8243  0
1211 1402 1403 8168  0
992 7813 695 7886  0
11 45 34 10  0
46 45 11 28  0
3719 8095 3294 4374  0
145 185 169 144  0
3835 8310 3495 2505  0
3656 8190 3170 3653  0
1498 1499 1319 7784  0
7666 2042 7760 8291  0
6823 6746 6747 7724  0
5738 6640 5739 8238  0
7743 8233 7938 8202  0
3511 2613 7976 8058  0
7464 7795 7395 7465  0
1800 7785 7692 1814  0
5337 5338 5357 7680  0
7857 598 7870 542  0
4419 7693 3328 4420  0
3035 8288 3036 8185  0
5538 5537 7978 8154  0
1166 1361 1362 7835  0
7794 7818 7880 7828  0
3089 3631 7752 8382  0
239 222 240 210  0
2714 4792 3524 4791  0
1995 1996 1977 8136  0
4053 3726 3729 4052  0
6642 6641 7009 7730  0
5966 5990 5989 8120  0
6733 5848 7864 8074  0
1236 1427 1428 7937  0
1234 7925 7997 8166  0
7019 6652 6651 8340  0
4053 3326 3729 3726  0
5042 5028 7725 8244  0
4810 8401 4824 2751  0
2269 7977 8154 2306  0
7517 7866 7579 8259  0
6159 6140 7848 8109  0
8273 3835 3818 3461  0
4738 3882 2626 3513  0
7305 7306 7375 8320  0
1868 8005 1852 8126  0
1004 7814 1003 1220  0
7436 7366 7367 7942  0
4774 8405 4758 5830  0
953 975 976 8028  0
5022 5008 5009 8035  0
5812 5795 5813 8121  0
7870 666 598 8087  0
3556 4841 3902 4827  0
8042 7761 7698 7681  0
417 7670 353 7948  0
7103 6773 6774 7923  0
4447 2160 2192 8443  0
6069 6088 6068 8420  0
4442 2156 2155 8173  0
7704 7925 8166 7997  0
3926 4857 6074 8212  0
4364 3284 3281 5253  0
5322 5321 5303 8407  0
4979 4978 4967 7715  0
780 386 8417 8424  0
4166 7727 8186 8338  0
6449 6450 4920 8390  0
20 13 35 11  0
851 871 459 7898  0
7515 7930 7514 7447  0
5761 6701 6702 8106  0
7252 7188 7253 8123  0
779 780 1079 8424  0
52 85 72 71  0
492 8040 491 546  0
4965 7715 8270 4966  0
306 307 289 340  0
5387 5386 5366 8138  0
437 494 7802 8077  0
7058 6694 6693 8220  0
2378 2377 1493 8239  0
3892 2776 2744 4234  0
3862 4202 3863 8426  0
3886 4772 4754 4771  0
4210 3506 3869 4711  0
1469 8117 1470 2395  0
659 590 658 7910  0
1030 1029 1246 8402  0
8155 7845 7662 7979  0
7728 7936 8025 8303  0
128 129 138 153  0
7888 7860 7964 8037  0
1694 1683 1682 7883  0
557 613 614 8322  0
6362 8194 6347 6363  0
2249 7836 2250 8157  0
84 83 71 8361  0
4545 7821 4544 4098  0
2982 2981 7736 7848  0
2130 2162 2131 7956  0
3248 3249 3245 8255  0
2561 2560 2596 8318  0
53 85 72 52  0
7808 7875 7938 8233  0
8366 1975 1976 8136  0
3851 4190 4191 7717  0
43 25 32 26  0
364 7827 365 7844  0
5492 5469 5470 7849  0
5806 6731 6722 8302  0
7664 8090 8171 8398  0
3005 3006 2990 8033  0
7696 4632 5726 4665  0
6689 6688 8007 8302  0
1780 1765 1779 7697  0
5840 5820 5841 7660  0
740 802 346 8375  0
390 331 624 623  0
876 875 897 7868  0
2460 1554 1580 8156  0
7497 7765 7498 8155  0
5221 5239 5238 7865  0
6221 6222 6239 7970  0
2457 1568 2456 8044  0
1054 1055 1265 8181  0
1697 7725 1696 1708  0
1148 1147 1347 7939  0
7754 7776 7899 8316  0
3113 3114 7752 7788  0
1057 757 758 7844  0
6417 6418 6431 7840  0
4291 4292 3981 8390  0
1255 1256 1446 8266  0
5812 5794 5795 8121  0
7807 987 8344 8391  0
5648 4578 4579 8162  0
5511 5510 7956 8406  0
4968 8203 4969 4980  0
8331 8263 8191 7944  0
2080 2111 2112 7891  0
7657 7678 8125 8164  0
7873 6564 6784 8170  0
1764 1750 7697 7971  0
7807 7729 8165 8391  0
762 368 763 7992  0
902 941 903 8125  0
7865 1903 7933 8015  0
7825 4311 4314 3680  0
3020 3021 3004 7876  0
1328 1327 1330 8202  0
1447 1446 1256 8266  0
7683 7668 8316 8330  0
3220 3683 4318 8270  0
2420 1532 1531 8353  0
5757 5758 8085 7994  0
7603 7602 7541 8140  0
2374 2375 2335 7819  0
1033 1034 1467 7877  0
5871 5870 7864 8026  0
4687 5774 7764 8089  0
3565 4251 3561 8120  0
1453 1452 1262 7920  0
8358 4875 3942 3613  0
2415 2416 7838 8108  0
5266 5284 5265 8055  0
6824 7820 8032 7133  0
3671 7895 3982 3672  0
5427 5405 5406 7907  0
7276 7834 8169 7916  0
2417 3439 3440 8108  0
1157 1156 1179 7854  0
6498 6499 6753 7945  0
6744 7702 8132 8180  0
5182 5166 5183 7782  0
5970 5971 5993 7871  0
6758 7916 8018 6759  0
3564 2804 3560 7871  0
8099 1168 1169 1364  0
843 7839 864 865  0
7796 720 7925 8327  0
2465 8440 2508 2509  0
5168 5167 5151 7918  0
8136 5363 7858 8356  0
6803 6550 6804 7921  0
4267 7970 4879 6242  0
2907 2926 2908 8054  0
5956 5955 7906 5978  0
215 243 244 8439  0
1910 8063 1911 1893  0
4410 4411 4424 8354  0
3904 3905 4844 4251  0
4681 7961 8122 8301  0
4234 3892 3542 4231  0
1175 1180 1181 8164  0
7091 6759 7092 7916  0
6140 6159 6158 8109  0
8196 5418 5439 8384  0
8356 8136 8407 7872  0
7660 5864 5840 8172  0
6943 6966 6965 8075  0
6114 4259 4859 4862  0
3510 3502 3509 8121  0
5790 8360 8335 5789  0
3845 4184 4185 8315  0
2527 7748 7843 7927  0
5745 7897 5746 8128  0
7044 6668 7043 7897  0
1051 1052 1262 7920  0
647 648 579 7813  0
2643 2677 2678 7968  0
5410 5409 5389 8065  0
5273 4367 5253 8368  0
1081 1292 8049 8258  0
7735 1405 7748 7843  0
7512 7513 7574 8143  0
3117 3118 3104 7884  0
3102 7884 8382 7747  0
6583 7932 8057 8379  0
7618 7617 7556 8072  0
8085 4209 3868 4182  0
5788 5803 5802 7861  0
6180 6181 6198 7848  0
1964 1947 1963 7858  0
7832 2205 2206 2240  0
4725 3875 4757 4215  0
5319 8366 7680 7675  0
6483 5608 5609 8410  0
8205 2515 2514 2471  0
6727 6717 6718 8253  0
7809 588 656 7786  0
852 797 796 7898  0
5370 5350 5351 8374  0
7971 7664 5084 7697  0
7498 7428 7429 7765  0
2378 2338 2377 8239  0
5876 7746 4789 7968  0
8053 7726 8199 8207  0
1963 1962 1980 7858  0
7892 2504 7974 8156  0
6506 6507 6761 8101  0
1940 1925 8114 8366  0
652 8036 651 698  0
5278 8114 7675 7933  0
2867 2866 7967 8294  0
2083 8384 2115 2084  0
4524 4566 7875 8289  0
7524 7525 7586 7954  0
4798 4799 4813 8401  0
549 7796 7802 8327  0
2864 2846 7890 8294  0
6715 6725 8020 8253  0
6511 8076 8032 6510  0
7947 7857 7992 8040  0
7703 7607 7778 7896  0
6592 5685 6587 7962  0
5739 7730 6640 6641  0
7982 7867 8003 8020  0
1603 1420 1419 8094  0
7633 7632 7607 7778  0
5158 8010 7785 8144  0
5912 5913 7656 8274  0
1543 1542 2433 8068  0
4775 7746 4759 4223  0
3471 2484 7770 8085  0
4571 8380 5640 4570  0
4524 2333 4525 8289  0
6232 6251 6250 7685  0
2929 3587 2946 8109  0
2889 2888 2906 8341  0
6537 5629 5630 8032  0
2609 2573 8111 8343  0
4131 4593 4136 8137  0
1091 1298 1090 8321  0
4594 8056 4595 8137  0
2916 2933 2934 8235  0
1078 778 779 8424  0
5539 5563 8154 8323  0
1019 1018 1235 8166  0
283 335 315 334  0
744 743 349 8415  0
7644 7071 7070 8072  0
4273 4893 3957 4275  0
4286 8024 4913 3974  0
5727 7696 5726 6625  0
2122 2091 2090 8354  0
1612 7894 2488 2489  0
3860 3489 3488 8062  0
3949 4270 7970 8104  0
5938 5959 7656 8319  0
667 666 713 8087  0
5419 8287 5398 7693  0
7930 7515 7514 8259  0
7704 8317 7684 7703  0
7111 6781 6782 8029  0
3842 3867 8009 8311  0
451 8093 450 507  0
4893 4889 4273 6324  0
1101 1308 1307 7744  0
7410 7703 7741 8187  0
4259 8212 4859 3927  0
2152 4439 2153 8354  0
4206 8273 8310 3835  0
6158 6177 6157 8109  0
2609 2644 2645 7968  0
6126 6125 6106 8052  0
4666 4647 5743 7946  0
1996 1997 1979 7907  0
7419 7489 7488 7952  0
2480 1574 8009 8165  0
6298 6297 6281 7884  0
713 666 712 8087  0
6598 6601 6600 7661  0
1887 1888 1871 7865  0
1023 1022 8131 8411  0
8343 7746 2612 7976  0
919 7669 1150 8392  0
5723 6622 8355 6621  0
1728 1739 1740 7971  0
3880 3517 7746 7976  0
5192 5193 5209 8010  0
7806 7739 7804 7734  0
1462 1271 1272 7773  0
6409 8024 6421 6408  0
2325 3745 3744 7934  0
5464 5442 5443 8348  0
1349 1152 1151 7669  0
6124 6145 6123 8052  0
1293 1082 1083 8258  0
4789 5876 5901 5877  0
4218 4739 3878 3513  0
7630 7057 7056 8220  0
4103 4104 4550 8076  0
1990 1989 2008 8287  0
4788 3526 3527 5878  0
1412 1595 1596 8421  0
3438 8367 8108 2415  0
27 10 9 33  0
3051 3065 3066 8288  0
593 537 7882 594  0
6577 6578 6828 8247  0
4294 4295 3984 8395  0
740 346 741 8375  0
1452 1451 1261 7920  0
1237 1238 1021 7937  0
8027 7544 7476 7778  0
1680 1681 1669 7841  0
2083 2084 2054 8196  0
6347 7659 7989 8194  0
422 7787 357 421  0
7745 7683 7754 7814  0
7400 7330 7331 7769  0
1886 1903 1887 7865  0
679 678 725 7719  0
2283 2248 2247 8217  0
3669 3979 3980 8390  0
1299 8088 8314 8321  0
4136 4602 4135 7772  0
8107 4849 4847 6011  0
5235 5236 8015 8126  0
3581 8212 2928 3927  0
6433 8024 6419 6420  0
7825 1641 1632 1633  0
6643 7730 5741 6642  0
2440 7678 1550 7800  0
548 493 547 8077  0
5676 5677 6575 7772  0
7852 8181 7920 8331  0
2072 7907 2044 2043  0
3116 3103 3115 7747  0
5849 5873 5872 7864  0
3353 3347 3352 8406  0
3386 3763 3762 7887  0
8320 7681 8100 7930  0
6905 7433 7363 8232  0
4789 7746 5877 4226  0
4426 4427 4440 8354  0
840 1115 1114 7784  0
4084 8427 3752 4085  0
7728 8029 7873 7837  0
7802 376 440 375  0
7475 7542 7474 7762  0
3282 1901 1884 8015  0
5538 5539 5562 8154  0
4656 4655 5716 7705  0
6219 8002 8211 7815  0
3333 2128 2129 8443  0
8023 5502 5481 7893  0
6126 6148 6147 7673  0
2864 2865 2846 8294  0
2105 7760 7986 8241  0
5489 5511 5488 7956  0
3758 4091 3757 8214  0
3768 8146 3391 3392  0
8168 7728 8036 7886  0
71 63 52 84  0
2459 1579 2458 8156  0
1868 1869 8005 8015  0
1810 1796 7824 7918  0
7768 6268 7685 8290  0
6901 6928 6927 8013  0
3397 3773 3396 7833  0
1828 8242 1829 7785  0
5490 5468 5469 7849  0
885 8248 906 907  0
1487 7938 1486 1511  0
6320 6304 6321 8184  0
6087 8420 6088 8341  0
5513 7888 5512 7956  0
5766 4678 5765 7737  0
7200 7143 7201 8304  0
6400 6412 8045 6413  0
5727 7696 7817 5726  0
5299 5279 5280 7675  0
6248 6230 7901 8082  0
6167 6149 7673 6148  0
1089 1088 1115 7784  0
7686 7676 7662 7845  0
5665 6475 7837 8050  0
7906 2795 2794 7771  0
8174 7723 7686 8412  0
7376 7307 7377 8320  0
8185 4876 4870 4265  0
413 348 412 8153  0
210 222 193 221  0
6672 6671 6653 7775  0
1935 1934 1951 8182  0
3917 4846 4848 8272  0
3502 3501 3508 8121  0
6938 6913 6939 8127  0
6990 7817 6626 7905  0
7828 6894 7880 8057  0
4486 4471 4487 8333  0
1053 1263 1052 7920  0
1917 1933 1934 8309  0
5657 5658 6513 8042  0
7005 7862 7955 8238  0
8128 5776 4689 4690  0
3522 3885 2647 7746  0
899 513 569 7885  0
3040 3054 3055 8290  0
2107 2108 2076 8034  0
1228 1229 1012 8183  0
7711 8263 8191 8376  0
5290 7721 8182 5309  0
8160 1461 1460 8192  0
2314 2276 2313 8331  0
4643 5739 4644 7969  0
1096 1304 1303 8167  0
2872 2891 2892 8135  0
2411 3433 2409 7939  0
2473 7800 8197 8178  0
6520 8434 7847 6519  0
371 372 7947 8077  0
7323 7392 7322 8296  0
8266 2305 1445 7964  0
7882 7827 7654 7870  0
8310 8429 4714 4713  0
1528 2416 2417 7838  0
2862 2863 2844 8218  0
3686 1686 3229 7811  0
976 975 1031 8028  0
8260 2237 2203 2238  0
6984 7004 6983 7806  0
7307 7237 7238 8100  0
2933 2915 2932 7789  0
5223 5240 5222 7865  0
7690 3934 3935 3596  0
5850 8074 6736 7968  0
8156 7751 1177 8116  0
8189 2793 2792 7915  0
7341 7340 7741 8187  0
3700 8336 8150 3256  0
4034 4375 5353 8224  0
608 676 677 7904  0
5351 5332 5352 8200  0
4872 6207 3941 4874  0
363 427 428 7844  0
8046 7993 8296 8316  0
1361 1362 7835 8022  0
2642 2641 2676 7864  0
1316 1495 1494 7851  0
6557 8162 6810 6556  0
7829 5668 8199 8207  0
6142 6160 6141 7848  0
3170 3661 3181 8394  0
4844 8120 5990 5966  0
357 752 7787 7899  0
8024 6435 4910 6421  0
2211 8023 2177 2210  0
6757 6502 6503 8018  0
4567 4526 4568 7819  0
3002 3019 3003 8299  0
4289 4919 4920 8390  0
6724 6725 6732 8003  0
6680 6661 6662 8091  0
7777 7704 7894 8315  0
3131 3130 3144 7659  0
1678 1689 8035 8203  0
2351 3383 3382 8416  0
7696 4632 8377 7817  0
7620 7621 8122 8286  0
6884 6911 6910 7718  0
1872 1888 1873 7865  0
3984 3674 3673 8395  0
8114 5259 7865 7933  0
1796 7824 7918 8090  0
364 7827 7844 429  0
178 218 149 190  0
2907 2925 2926 8054  0
7632 7778 7896 8220  0
6931 6904 7294 8030  0
7349 7419 7995 8312  0
981 1199 982 8070  0
7691 8344 7965 8149  0
1107 7733 830 832  0
3087 7768 3086 8400  0
1964 1980 1981 7858  0
6784 7114 7873 8060  0
5798 5784 5799 8351  0
7461 7462 7529 7856  0
1842 1841 1856 8069  0
6537 6766 6511 8032  0
99 127 101 161  0
7244 7243 7179 8029  0
5727 6625 6626 7817  0
7901 2993 8082 8252  0
6474 6534 6491 7702  0
6376 6360 7659 7747  0
1857 1872 7865 8069  0
8209 3214 8270 1625  0
7680 1957 1974 7675  0
1434 1618 1435 8419  0
5874 5873 5850 7968  0
1811 1810 1824 7918  0
6765 7131 7674 8032  0
7774 7655 8127 7772  0
1862 8010 8059 8073  0
3311 4038 3310 2030  0
5920 8120 5944 5943  0
6364 8194 6379 6363  0
5460 7893 5481 5459  0
7060 7634 7061 7896  0
490 7992 489 8040  0
5839 5818 7660 8051  0
7600 7758 8257 7539  0
2860 2878 2879 7672  0
3215 3680 3678 4311  0
878 458 513 7885  0
4078 7722 3373 4082  0
2017 2016 2045 8422  0
4509 7819 4510 4526  0
933 637 636 7909  0
4784 4799 4783 8435  0
8237 3482 2495 3483  0
8174 7723 8118 7686  0
7086 7085 6753 7945  0
1863 1862 8059 8073  0
1440 7816 1439 1623  0
5118 5119 5134 8090  0
1687 3232 1699 8326  0
4569 4527 4528 7819  0
5167 5166 7824 8005  0
3939 8352 4264 3935  0
2022 2052 2023 8224  0
7978 5540 8154 8323  0
5545 5546 5570 7832  0
7479 7478 7409 8027  0
6032 8107 6033 8148  0
21 59 37 88  0
2215 2248 2249 8157  0
4983 4996 4995 8203  0
5407 5406 5385 7907  0
4789 4775 4226 5877  0
6493 5610 6494 7679  0
4796 4781 4797 8401  0
5740 6642 5741 7730  0
2969 2970 8105 8299  0
1796 1781 7824 8090  0
5876 4789 5901 8000  0
4908 6409 6410 8229  0
5500 5477 5478 8048  0
3798 3419 3799 7655  0
7063 6698 7062 7994  0
8145 6887 6888 6863  0
614 682 683 7750  0
7953 8281 5607 5608  0
6724 5805 6713 7781  0
1809 1824 1810 7918  0
7830 821 400 7924  0
1116 1117 7738 7868  0
3596 8352 3600 3935  0
1695 1707 1696 7811  0
4292 7895 3982 8390  0
4513 3367 4078 8239  0
1913 8269 7931 8055  0
7296 7942 8030 8292  0
2340 3377 1479 7799  0
6186 7935 8033 7876  0
714 713 1010 8087  0
5717 7975 5716 5710  0
6336 6335 8184 7756  0
4714 2547 2583 8429  0
7663 6819 6818 7126  0
4847 8120 4251 3565  0
5782 7775 7985 6672  0
537 8231 7882 8403  0
1886 1903 7865 8015  0
1603 1419 1602 7759  0
7753 7708 8162 8314  0
3748 4076 4079 3743  0
796 795 851 7898  0
2851 2831 2850 8064  0
1577 1576 2502 7974  0
3650 8300 3147 8229  0
1460 2319 1459 8192  0
4887 6308 3954 4889  0
1611 1612 1428 7937  0
3759 4092 3758 7973  0
3236 7940 3240 3690  0
7803 904 8125 8222  0
7914 6770 7099 7761  0
1250 1385 1193 8086  0
7505 7506 6998 7862  0
6325 6309 4888 7752  0
1446 1445 1255 8266  0
2378 7722 1493 1494  0
1529 1350 7838 8206  0
6253 6252 6234 7685  0
5091 7692 8016 8279  0
2169 2202 2203 7831  0
2101 2071 2070 8291  0
7781 8026 5844 8039  0
7913 2318 7926 8192  0
2117 3728 3337 3331  0
222 223 251 239  0
7698 7681 7730 7863  0
6514 5659 6515 8369  0
1684 1673 1672 1683  0
3759 8017 7973 3758  0
5312 8200 5332 5331  0
1971 1972 1954 7701  0
626 315 392 8021  0
2882 2900 2883 7890  0
6999 6998 7506 7862  0
747 748 1047 8365  0
7741 7706 7742 8187  0
6819 7663 7127 7126  0
8031 5569 5570 7832  0
7794 7875 8204 8289  0
5999 6000 6022 7714  0
4582 4581 4121 8236  0
6246 8082 8185 6228  0
1060 1059 760 8160  0
6342 6343 6357 7752  0
3771 3772 4105 8076  0
3092 3105 3093 7884  0
6019 6040 8218 8294  0
1631 1640 1632 8346  0
5936 5958 7771 8319  0
482 8151 425 481  0
773 8198 772 378  0
344 343 636 7909  0
8102 8115 8318 8351  0
6164 6144 7935 8105  0
8190 8045 8305 8394  0
6538 6539 6792 8032  0
1194 1176 979 8116  0
6477 5602 5603 8170  0
4109 4108 3775 7826  0
7163 7290 7289 7958  0
4156 4173 4627 7999  0
1510 1509 1330 7938  0
1471 8097 3374 8117  0
6917 6890 6891 7881  0
5821 7767 7660 5803  0
4212 8311 4726 3871  0
1157 1179 1158 7854  0
3792 4126 4125 8061  0
6632 6996 6633 8201  0
1581 1398 1397 8165  0
5654 6561 6560 8141  0
5926 8221 5903 5927  0
1857 1858 8242 8293  0
7444 7445 8143 8320  0
3489 3860 7974 8062  0
7930 7310 8014 7309  0
3761 3384 7887 8416  0
8117 1469 1468 2393  0
7491 7559 7558 8286  0
6881 7739 6596 8232  0
7671 7816 8028 8086  0
2922 2923 2905 8341  0
3998 3207 7825 8346  0
4647 5742 7946 7980  0
2068 2067 2099 8348  0
4973 7883 4985 7841  0
5419 5441 4420 7693  0
5584 8096 5585 5605  0
598 7857 7870 8087  0
7863 7730 7969 7980  0
6375 6374 6358 7788  0
4034 4375 4373 5353  0
8001 1515 8210 8337  0
991 695 7813 7886  0
3342 2130 2098 8348  0
6675 6676 5785 8102  0
2205 2172 2171 7707  0
3654 3653 3170 8190  0
3678 3215 4311 7825  0
6233 6252 6251 7685  0
4400 2062 8173 8354  0
2608 2607 8074 8111  0
5191 5190 8242 8389  0
4638 4639 4163 8092  0
5888 5910 5887 7915  0
5087 8171 5072 8398  0
2795 7906 2794 2815  0
6471 7805 8245 6472  0
1992 2010 1993 7680  0
7767 7766 7843 7861  0
7543 7762 7604 7542  0
7352 7421 7351 8312  0
7722 4574 7921 8195  0
5192 5176 5193 8010  0
1773 1786 1787 7692  0
6081 6060 6061 7890  0
3644 4278 7756 8300  0
3105 3119 3106 7989  0
5487 5488 7956 8348  0
3723 3325 3725 4393  0
7148 7205 7900 7945  0
5839 5838 5818 8051  0
2025 3319 2054 2055  0
4750 4767 2657 8437  0
8203 1665 1655 1666  0
5603 8050 7977 8170  0
7677 7720 7799 8268  0
6653 8340 6652 7775  0
6964 6942 6965 8213  0
3071 3055 3070 8290  0
358 359 753 7899  0
7030 7029 7593 8081  0
6238 6257 6237 7970  0
8387 8373 2758 8221  0
7032 7048 8081 8228  0
6439 6426 6427 8045  0
1148 1525 1345 7939  0
7494 7495 7562 7979  0
5156 5157 5173 7785  0
7619 7645 7644 8072  0
3958 4276 4275 7756  0
5141 7785 8144 5158  0
7413 7482 7984 7483  0
4933 7695 4943 8209  0
4191 4679 4192 7737  0
3319 2025 2054 8196  0
7667 4162 8092 4637  0
3261 3264 1805 8158  0
8060 7250 7249 8399  0
1955 1956 7675 7701  0
2153 2154 2122 8354  0
7918 5186 8005 8069  0
3741 4499 3744 3746  0
5740 5741 4645 7730  0
7102 7171 7170 7755  0
6611 6612 7975 8213  0
5854 5827 5828 7746  0
273 257 274 8439  0
1877 1876 1893 8063  0
1426 8166 7997 1235  0
3325 2085 3331 3725  0
7789 6121 8105 8235  0
6209 4871 6172 8339  0
1356 1535 1536 7810  0
2868 2850 7714 8064  0
1461 7700 8192 7773  0
155 8133 132 131  0
1571 2476 2477 8044  0
4327 5032 7725 7940  0
5861 8051 5838 8134  0
8387 2758 2788 2787  0
8308 7954 7728 8303  0
1490 1489 1311 8277  0
4673 4672 8106 8315  0
4836 4245 3910 4246  0
2935 2934 2953 8105  0
5100 5086 5101 7664  0
7456 7523 7455 8303  0
123 100 90 102  0
2831 2852 7906 8064  0
6962 6961 6939 8127  0
28 10 5 27  0
479 423 422 7899  0
7297 7942 7298 7367  0
3200 3201 3990 8209  0
2098 2067 3336 8348  0
8244 1695 1694 7811  0
6182 6181 6161 8211  0
6666 5775 6665 7764  0
8297 3924 3582 3923  0
736 735 799 8284  0
5945 8120 5944 8350  0
7747 3104 3117 3103  0
5896 8026 8188 5895  0
1517 1323 1518 8337  0
755 754 7917 8181  0
4398 2030 4397 4383  0
2808 2788 2807 8387  0
2314 2277 2276 8331  0
815 818 816 8329  0
7090 6757 6758 8413  0
5759 6700 5760 8106  0
7654 7822 7827 7844  0
3992 4301 3991 8209  0
7453 7966 8025 8303  0
4504 4488 4489 8333  0
1937 1954 7701 8095  0
2200 8154 2235 7978  0
638 295 330 7909  0
4958 7695 4970 4957  0
5374 5373 5353 4375  0
4368 8271 8182 3715  0
4140 3802 4142 8053  0
6055 6034 6056 8386  0
5809 4742 5808 7976  0
2275 7852 2276 7832  0
5828 5806 5807 7976  0
523 7987 8250 522  0
8252 3595 2945 2962  0
323 635 7909 7924  0
5659 8042 5658 4589  0
4710 5755 4669 7896  0
7543 7762 7542 7475  0
7261 8067 7769 7663  0
7953 6790 8123 8191  0
5073 5072 8171 8398  0
6430 6442 6429 7895  0
2607 2606 8074 8111  0
7863 7941 8070 8324  0
7249 7319 7318 8399  0
5869 5870 5894 8026  0
4451 8157 4466 5532  0
5279 5260 5261 8114  0
3737 3352 3346 8406  0
7733 827 7830 828  0
1990 1973 1972 7701  0
609 7719 678 610  0
1605 1421 1604 8094  0
2898 2880 2897 7672  0
7681 7889 8097 8041  0
2 16 3 8  0
2846 2826 8218 8294  0
6957 6956 6931 7710  0
7790 1519 8053 8385  0
7858 7709 1981 7721  0
7708 6806 6552 8433  0
8067 7769 7663 7758  0
5594 5593 4516 7934  0
1344 1346 1149 7669  0
6533 6743 6532 8180  0
6770 7914 7099 6769  0
6911 6885 8127 7718  0
4540 4541 5616 7973  0
7340 7410 7409 7741  0
6992 7667 7905 7710  0
2922 2923 7673 2939  0
1606 1607 1423 7925  0
6488 6489 6531 7805  0
2176 2145 2144 7893  0
7803 8285 1558 7908  0
3463 3836 3837 8377  0
4080 3746 3745 7934  0
3815 3441 3817 7878  0
8042 7681 8112 8369  0
5530 5508 8157 8283  0
5774 7764 6664 6665  0
7865 5241 8114 8293  0
6611 6612 5708 7975  0
2890 8054 8135 8420  0
8287 4405 4392 3322  0
44 63 51 33  0
5471 5449 5472 7986  0
7396 7466 7465 7795  0
5429 5408 5430 8241  0
4246 4837 3553 4836  0
8157 5530 8283 8408  0
2142 2173 2174 8048  0
7049 7034 7050 8228  0
6581 6580 7808 8145  0
2236 2272 2237 8323  0
5336 5317 5337 7701  0
6365 6381 6364 8229  0
1566 1567 1389 8324  0
7797 7668 7670 7728  0
8197 1364 1365 1546  0
7683 7779 8296 8316  0
7960 1452 7852 7920  0
1204 1395 1396 8165  0
5081 5066 7971 8255  0
2756 3533 3539 8370  0
105 114 91 8361  0
1323 1128 1324 8337  0
8385 1335 1119 7790  0
6036 6014 8272 8386  0
3529 3891 4226 8000  0
5535 5536 5559 7888  0
7260 7195 7663 8038  0
7792 3178 3177 3165  0
3060 3046 3045 7689  0
7588 7024 7587 7823  0
1320 1103 1118 7738  0
4606 7739 8053 4607  0
3712 1935 1934 1918  0
7128 7663 7127 8132  0
8068 2467 2431 2432  0
4373 8200 4370 3717  0
5681 5636 5637 7932  0
5415 5395 8196 8224  0
1781 1780 1794 7824  0
956 957 916 8116  0
6980 6981 6993 7710  0
8281 7953 8096 7852  0
8165 7886 1582 1398  0
1010 714 8087 8183  0
8102 5800 5786 5785  0
8393 141 118 8133  0
6027 6049 6048 8135  0
4132 4137 4604 8199  0
3481 3852 3853 7961  0
1543 1361 7835 8022  0
7321 7390 7320 8046  0
5463 4434 7693 8348  0
1304 7687 1303 8167  0
2160 2193 2161 4060  0
2489 2488 3476 7894  0
4056 2086 4407 3732  0
7079 7130 6823 7724  0
5561 5538 5562 8154  0
8246 7382 7452 8025  0
2603 7781 8003 8397  0
1770 1784 1771 8016  0
2013 7666 7907 8136  0
3200 1626 3201 8209  0
7853 7740 7941 8078  0
1062 1273 1272 7773  0
6529 6487 6530 8263  0
7954 7456 7998 8303  0
1458 7926 7944 7913  0
2429 7705 2466 2430  0
4769 4768 4752 8437  0
252 269 253 282  0
6459 8263 6468 8031  0
2244 2210 2209 8023  0
6392 6406 6391 8024  0
34 63 51 44  0
4849 6033 8107 8148  0
6942 6916 7881 8213  0
1755 1743 1742 8171  0
1894 1911 8059 8063  0
1819 3701 3262 8144  0
4070 7836 8157 3740  0
2734 2766 7656 7771  0
306 339 288 305  0
436 435 492 8077  0
5209 5226 5208 8389  0
5514 5513 7888 5536  0
1289 1290 2358 8049  0
4116 3783 4117 8113  0
1821 7824 1807 7782  0
7150 7742 7151 7208  0
7677 8014 8025 8029  0
3126 3114 3125 7788  0
369 763 7947 764  0
441 497 498 8198  0
6087 6107 6086 8341  0
851 795 850 7898  0
7384 7315 7385 8303  0
2160 2159 2192 8443  0
920 1151 921 8392  0
3748 3756 3368 8262  0
2759 2726 2758 8373  0
7358 7288 7765 8267  0
4433 2160 3339 4060  0
4354 3267 3706 3266  0
4276 3644 4898 7756  0
7792 3155 3154 7659  0
6032 6053 6031 8148  0
6887 6888 6914 8213  0
3045 3030 7689 7815  0
3642 3641 3647 8306  0
2689 2688 2723 8435  0
3304 3303 5355 8095  0
2426 8353 2420 3442  0
5432 8034 5431 8065  0
3760 7973 8416 8414  0
8254 3174 3175 7895  0
852 798 797 7898  0
1436 1435 1619 8237  0
7640 7614 7615 7879  0
6481 5607 7953 8096  0
702 998 999 7809  0
6265 6249 6266 8288  0
1879 1878 1895 8059  0
1260 1049 1050 7960  0
1556 2424 2425 7878  0
6573 6825 6544 8199  0
7090 6758 7091 8413  0
7799 5597 4514 5596  0
1426 8166 1234 7997  0
3390 2358 2359 8049  0
1536 1356 7810 8345  0
4130 3418 4132 8207  0
1306 1307 1483 7731  0
5179 5162 5163 8158  0
1805 1791 3261 8158  0
5322 5342 5341 8136  0
670 716 717 8223  0
4881 3947 4266 8358  0
7693 7666 2009 8287  0
8072 7619 8122 8286  0
6387 6372 7788 8254  0
6893 7828 6920 6919  0
7671 7897 7765 7764  0
6456 6455 6444 8395  0
1769 1770 8171 8090  0
3122 3109 3108 8347  0
8158 3267 3263 3264  0
669 715 716 8183  0
71 8133 84 72  0
2706 2738 8428 8438  0
6101 6080 6102 8235  0
7271 7272 7341 7742  0
7877 3414 2393 2392  0
7841 4970 4958 7695  0
6716 6715 6684 8020  0
4609 4142 4612 7739  0
4296 4927 7840 8395  0
5638 5682 5637 7932  0
135 57 98 77  0
2989 2988 7876 7935  0
3118 3117 7747 7884  0
7821 7916 8018 8413  0
7230 7914 7140 7141  0
1365 1547 1366 8197  0
7288 7289 7765 7958  0
7083 7146 7145 7900  0
8195 4115 3781 4114  0
4894 7752 3956 4891  0
7801 8258 8146 7686  0
6516 6517 6773 7923  0
1990 1991 1973 7680  0
992 1209 993 8036  0
6599 8232 6934 6907  0
448 384 7922 8424  0
8045 3192 8394 3183  0
7757 7658 7745 8257  0
2573 2535 8111 8264  0
8359 7914 7652 8141  0
3487 2499 3486 8062  0
8014 7242 8025 8029  0
7875 4566 8204 8289  0
7523 7456 7954 8303  0
5259 7865 5258 5240  0
5117 5116 5101 7664  0
7106 7174 7105 8100  0
6917 6942 6916 7881  0
1821 7824 7782 1822  0
3475 3846 7894 8315  0
7706 8187 7703 7777  0
1758 1746 1745 8016  0
5283 5303 5302 8407  0
6728 7757 8074 6718  0
3300 1989 1971 7701  0
5029 5015 5016 7725  0
6702 6701 7066 8106  0
1311 1312 1490 8277  0
6022 8294 6021 7714  0
3681 8270 3216 3212  0
6545 6546 8282 8380  0
6680 6712 6679 8091  0
3128 3141 3142 7659  0
3384 2353 3385 7887  0
7012 8259 7576 7013  0
8233 1324 1506 1507  0
2542 3499 2483 7770  0
2521 2520 2558 7985  0
7774 7838 8001 8206  0
7583 7019 7582 7966  0
4571 8380 5641 5640  0
8181 7754 7822 8191  0
7838 7669 8001 8206  0
2437 2472 2473 8205  0
6056 6057 8325 8386  0
7360 7429 7359 7765  0
5177 5160 5161 8073  0
6824 6766 6792 8032  0
5740 6641 6642 7730  0
8360 7684 7699 7658  0
2744 4234 2745 4227  0
7380 7381 7450 8246  0
733 974 8084 8402  0
4760 4216 3881 4221  0
3699 3253 3256 3252  0
8409 6661 7029 7028  0
7752 3629 4888 3630  0
4022 4356 3708 3270  0
231 277 260 276  0
4824 2782 2750 2751  0
7593 7592 7531 8161  0
2716 4808 2717 4794  0
2031 2030 4384 3311  0
3085 3099 3100 8184  0
247 218 203 175  0
7866 7581 7966 8246  0
7916 7801 7995 7834  0
216 246 200 245  0
8131 7694 7859 8411  0
291 322 290 341  0
7153 7916 7154 7211  0
107 106 116 115  0
384 778 383 8424  0
309 261 291 232  0
310 343 292 342  0
2047 2046 8241 8422  0
5903 5880 5881 8221  0
220 209 191 192  0
4227 4234 2745 4819  0
1055 7944 1056 1266  0
210 211 193 194  0
3893 4229 3888 3531  0
99 161 147 160  0
6236 6237 6255 7689  0
1000 1001 704 7910  0
8344 7691 7965 8044  0
3542 4237 3548 2776  0
7741 7703 7793 8317  0
305 8436 287 304  0
282 269 253 301  0
320 289 321 340  0
914 893 8174 8412  0
4740 7716 4214 3507  0
103 57 113 77  0
3926 8148 4256 3922  0
7663 7654 7763 7822  0
3968 3967 4907 4280  0
6234 6233 6217 8002  0
238 239 221 222  0
2747 2746 2778 4820  0
7811 5000 7883 8244  0
7848 2967 8105 8211  0
3552 4835 2779 3551  0
190 189 125 151  0
7279 7280 7349 7995  0
1373 8079 1552 1553  0
1791 1792 7697 8158  0
1942 1925 8366 8383  0
3284 5253 4364 4367  0
239 223 240 222  0
2999 8002 8211 2998  0
7441 7508 7440 7955  0
5566 8281 8260 5567  0
4765 4749 2655 4748  0
4428 4414 4415 8173  0
4524 2333 4508 4525  0
749 7670 7787 8365  0
44 33 34 10  0
4653 4697 4654 4696  0
7726 7734 7739 8004  0
158 135 121 159  0
7156 7653 8101 7157  0
6756 7089 7088 8006  0
209 210 221 239  0
7 8 31 24  0
748 354 749 8365  0
4167 4166 4642 8238  0
4237 2776 3542 4234  0
175 248 203 247  0
617 686 618 8363  0
4401 4414 4413 8173  0
1938 1939 1923 7675  0
1981 7709 2000 1982  0
4726 4707 4708 8311  0
6618 6620 6617 8355  0
2491 2490 7894 8131  0
2650 4778 2682 2683  0
4733 8440 2585 2584  0
1660 7841 1670 7825  0
1615 1616 1432 8131  0
4822 4821 2748 2779  0
3027 3013 7685 8002  0
8394 3190 3191 8390  0
4718 4734 2587 4735  0
6167 7673 7935 6147  0
1811 1826 1812 7918  0
31 41 30 24  0
7841 4960 4959 4972  0
581 649 650 8036  0
7937 1430 1613 1429  0
4563 4596 4562 8056  0
690 8149 8344 8391  0
4823 4836 2780 4837  0
8353 2426 2421 7903  0
162 151 124 125  0
150 128 138 152  0
1357 7810 8345 1536  0
209 179 191 192  0
8049 1292 8146 8258  0
138 128 115 129  0
7768 3074 3087 3073  0
7590 7026 7589 8409  0
3508 3501 3871 8121  0
7704 8327 8317 7796  0
1116 1102 1101 7744  0
230 259 258 275  0
5525 7959 5526 5548  0
7837 8050 6563 8170  0
4653 4697 4696 8440  0
150 138 148 174  0
275 274 258 229  0
329 331 567 623  0
2663 2662 2695 8295  0
5830 8405 5831 5855  0
130 117 8133 116  0
4455 2186 4456 4469  0
147 188 172 187  0
7839 867 8357 8431  0
7261 7260 7663 7769  0
3840 4180 3841 7950  0
2156 4442 2155 2188  0
276 277 260 308  0
3901 4231 4236 3541  0
5188 5205 8069 8242  0
253 301 283 282  0
7717 2491 7894 8131  0
4407 2087 4408 4422  0
1829 1844 8010 8242  0
6272 7768 6290 6289  0
6863 6862 6829 8247  0
8305 4289 3978 3979  0
115 129 116 139  0
8431 7712 8248 7853  0
250 238 220 221  0
5519 5496 7707 7831  0
219 218 178 190  0
3267 3271 3268 7782  0
155 141 8130 8393  0
6173 8372 6134 6154  0
20 65 35 46  0
3001 8211 3000 7815  0
2153 2154 4440 4455  0
306 259 289 307  0
7814 1002 706 1003  0
42 25 32 43  0
787 788 1090 8321  0
8287 3323 3316 3317  0
7837 5664 6523 6524  0
872 8174 8118 512  0
6128 8341 7673 6108  0
270 223 252 224  0
4653 4696 8310 8440  0
394 8436 317 395  0
113 77 136 103  0
234 297 264 263  0
7810 7975 8068 8075  0
342 309 291 292  0
6186 6187 6204 7876  0
743 8008 8153 8415  0
367 431 432 7992  0
3711 4364 4028 4029  0
5858 8240 5857 5834  0
599 668 600 7857  0
8412 1193 8116 8086  0
3905 8120 8350 3904  0
341 308 291 342  0
8240 7985 8121 7996  0
216 188 172 217  0
4005 7725 1698 3233  0
2141 2142 7891 8048  0
7703 7741 7793 8027  0
3426 3427 3802 8053  0
7379 7378 7309 7930  0
381 7812 8176 7791  0
3231 3228 3227 4326  0
6999 7005 7862 7955  0
8180 6533 7805 6532  0
3147 3146 8229 8300  0
6622 7850 8178 8355  0
7625 7626 7651 8159  0
3281 3284 3711 3280  0
6927 6928 6953 8013  0
7728 7775 7842 7886  0
910 888 909 8431  0
2606 2571 2570 8111  0
7708 6554 5648 5647  0
1840 1825 1839 7918  0
3316 8287 5375 4392  0
1374 8079 1375 8164  0
8000 3529 3535 2712  0
309 232 291 292  0
7879 7737 7717 7676  0
261 309 291 308  0
7750 616 684 615  0
8393 158 98 121  0
106 115 92 114  0
8120 5920 5944 8350  0
297 7909 263 344  0
5413 7891 8139 8224  0
7469 7537 7536 8441  0
1833 1848 1849 8073  0
5041 5028 5042 8244  0
2401 2402 2366 8332  0
309 232 310 279  0
8265 6133 6114 6113  0
731 8402 1027 1028  0
7888 5513 5512 5535  0
4702 8225 4660 7716  0
7425 7424 7355 7972  0
1963 1947 1946 8269  0
7845 7494 7425 7424  0
2037 3324 7693 8287  0
8238 7730 5739 7969  0
2701 2733 2734 8172  0
6454 7895 6442 8395  0
4031 4369 4371 4372  0
7690 6111 6110 6131  0
3192 7895 8045 8390  0
2413 7878 1530 3437  0
7441 7371 7372 7983  0
885 8248 886 7839  0
7633 7632 7778 7896  0
6664 7764 8089 8159  0
2699 8172 8134 7915  0
3248 4341 3252 4342  0
2193 4447 4060 2160  0
7855 7802 8017 8317  0
7270 7340 7339 7741  0
2324 7911 7836 2323  0
1242 1243 1026 7859  0
2594 2559 2558 7996  0
7857 8317 7684 8223  0
4993 5006 5005 8326  0
5074 5061 5075 7940  0
2019 2002 7709 8139  0
2410 3432 2412 8367  0
8208 3379 7679 8214  0
1649 1640 1639 8346  0
3435 7804 7939 8418  0
7956 3353 3348 3354  0
23 29 47 46  0
5006 4993 8203 8326  0
940 902 901 8125  0
409 802 408 8375  0
7773 7724 7947 7911  0
46 29 6 23  0
3530 4228 4227 4790  0
2077 2049 2048 8065  0
3090 3627 3089 8382  0
3546 2805 2786 7871  0
3943 8358 3614 8185  0
7869 515 572 571  0
4202 7892 3863 8426  0
1009 7912 1225 1226  0
6254 6235 6236 7689  0
6240 6222 7876 7970  0
5565 5585 5584 8323  0
4132 3418 8053 8207  0
3577 3922 8148 8212  0
6317 6318 6332 8347  0
7437 7862 7504 7942  0
88 110 75 37  0
88 111 75 110  0
3236 4327 7725 7940  0
1534 8276 1533 2422  0
6830 6831 6864 8145  0
6458 6445 6446 7840  0
5816 7996 8351 8051  0
8252 3009 7901 2993  0
76 79 58 8361  0
1962 7872 1961 1978  0
4064 2227 4463 2194  0
3867 7842 3501 3497  0
1357 7835 1164 8345  0
2204 7707 7831 8260  0
5304 5303 5283 8407  0
8415 351 745 7948  0
5037 5023 7957 8035  0
819 7924 7929 8066  0
7100 7169 7168 7761  0
47 66 13 46  0
4093 4094 4540 7973  0
7135 6794 6795 7958  0
3001 3000 3017 7815  0
5192 5208 5191 8010  0
7636 7610 7611 7994  0
6380 8194 6379 6364  0
4363 5272 5271 8182  0
1598 7982 8264 8362  0
5206 5190 5207 8242  0
8023 5527 8110 5504  0
6705 7879 6704 7069  0
7078 7764 6665 6664  0
3272 8059 7931 4355  0
7597 8257 7034 8228  0
3752 8427 3374 3753  0
6067 6066 6045 8064  0
2566 2565 7767 7927  0
1237 1428 1429 7937  0
5594 4516 4517 7934  0
3993 7695 3994 4303  0
7045 7046 6670 7999  0
3476 3847 3848 7894  0
697 651 650 8036  0
8108 7655 7774 7838  0
3438 3814 3439 8108  0
38 37 75 56  0
6422 8229 4908 3972  0
7700 2322 7836 7911  0
7594 7533 7595 7783  0
488 7827 487 542  0
6167 6149 6168 8033  0
2278 7926 2279 8098  0
121 8393 144 120  0
5045 5032 5046 7940  0
7768 6305 8184 8400  0
5025 5026 7957 8244  0
8223 604 672 603  0
4630 8129 7903 4631  0
3719 8095 3298 3295  0
511 565 566 8174  0
409 465 466 8375  0
2292 2255 2291 8333  0
4559 5668 5667 7829  0
2551 4700 4699 4718  0
7040 7041 7078 8159  0
7284 7220 7285 7972  0
8194 6332 6333 8347  0
7726 7804 7939 8385  0
7237 8320 7236 7755  0
7803 1376 1375 1183  0
8158 3266 4352 3263  0
2056 2086 4407 4056  0
20 66 21 87  0
7652 8088 8162 8236  0
5031 5045 7725 7940  0
6551 6804 7921 8433  0
4498 8406 3739 4480  0
744 7948 8415 745  0
1309 2397 1308 7738  0
2140 2141 7891 8048  0
3121 3133 3122 8194  0
7723 893 8174 872  0
4593 4594 4603 8137  0
7520 8246 7519 7452  0
5484 5506 8110 8283  0
6989 6988 6976 7696  0
1554 7892 8156 2460  0
5145 5163 5162 8158  0
8152 7859 1432 8131  0
7668 7786 7809 7928  0
3273 3270 3708 4356  0
7814 7654 7745 7713  0
4486 4487 4502 8333  0
1014 1231 1015 8012  0
2483 1607 1606 7770  0
6459 6463 5571 8031  0
317 316 285 8436  0
383 777 382 7812  0
2404 3425 1520 8210  0
3106 3107 3094 7989  0
5444 5423 8291 8348  0
5524 8098 5547 5546  0
2286 2324 2287 7836  0
3133 3122 8194 8300  0
5722 8178 8243 8355  0
6776 6520 6777 7847  0
3233 1710 3236 4007  0
696 695 992 8036  0
5129 5128 8150 8158  0
2075 2074 2106 8241  0
6498 6499 7945 7973  0
659 591 590 7910  0
6007 7919 6030 6029  0
1915 1898 7931 8309  0
7303 7304 7373 7983  0
7026 7823 8409 6658  0
3529 3887 7968 8000  0
7883 5025 5011 7957  0
6451 7895 8390 6440  0
1432 1616 1433 8152  0
1558 2447 1559 7908  0
6790 8123 6791 7120  0
8305 3967 4906 4909  0
3482 7961 8237 8419  0
1317 1316 1110 7851  0
2237 2272 8260 8323  0
7745 7654 7763 8257  0
7709 5369 8139 8374  0
6864 6831 6865 8145  0
5307 5325 5306 7858  0
8225 7818 8205 8068  0
2515 8205 2514 7716  0
2703 8039 2670 8274  0
6869 7880 6894 8057  0
5206 5207 5224 8389  0
1959 1943 1942 8383  0
8386 3917 3566 3916  0
2027 4394 4380 4379  0
3198 8270 3677 3209  0
3198 8270 3199 3988  0
3303 3304 3299 8095  0
173 189 149 217  0
8369 6770 6514 8042  0
4308 4307 3997 4313  0
7742 7209 8169 8413  0
8064 6067 8341 8420  0
5599 5579 5600 7860  0
1174 939 7678 8125  0
431 367 7827 7992  0
26 33 9 43  0
4103 4550 4549 8280  0
621 565 564 8174  0
6290 6305 6289 8400  0
4125 4126 8042 8061  0
5055 5069 7971 7981  0
2518 7842 8364 3498  0
5968 5991 6013 8272  0
7257 7192 8038 8256  0
7799 7837 7860 8268  0
3406 3405 2384 8314  0
684 7750 615 683  0
53 65 20 54  0
4722 4721 4703 7716  0
7877 7698 8061 8167  0
2743 8188 2742 8350  0
4739 7716 3878 2591  0
7166 7294 7165 8030  0
6303 6288 6304 8184  0
1077 1076 777 7812  0
8167 1097 795 794  0
4525 2333 2334 8289  0
3466 3839 7950 7980  0
8427 3374 3753 8097  0
1193 8412 8116 978  0
2029 4397 4382 4396  0
554 500 499 7791  0
2143 2175 2144 7893  0
8016 1786 1785 1771  0
3363 4076 3739 3743  0
6839 7163 7162 7958  0
7679 7682 8317 8328  0
8400 4892 6324 6323  0
2581 2544 2580 8429  0
5616 6499 6498 7973  0
3482 3481 7961 8419  0
3698 4341 3252 3248  0
4119 4120 4580 8162  0
7949 7681 7889 8097  0
5513 5536 5535 7888  0
1502 1309 1320 7738  0
2822 2801 8107 8120  0
4200 4688 4201 8426  0
7292 7291 7225 8004  0
4200 4201 3861 8426  0
6813 8236 6559 8359  0
1049 750 1050 7787  0
2964 2963 2980 8109  0
3293 1970 3717 8200  0
8243 8068 8225 8163  0
1689 1690 1678 8035  0
713 712 1009 8087  0
7775 7996 7985 8115  0
1273 1274 1464 7911  0
56 111 75 38  0
125 173 124 189  0
5838 5862 5861 8134  0
98 122 121 135  0
1143 8385 1137 7939  0
798 735 7898 8284  0
4458 2188 2189 8333  0
7667 7710 8030 8230  0
6813 7140 7914 6837  0
1701 1712 1713 8035  0
747 1046 7948 8365  0
4884 7970 8104 6276  0
6507 5624 7653 8101  0
3230 8326 3689 3231  0
6312 6328 6327 8382  0
5954 5953 5932 8189  0
3387 3763 3386 7887  0
1366 1170 1365 8099  0
3040 3041 7685 8290  0
7939 1146 1141 1147  0
2547 4714 4715 8310  0
2424 3460 3443 7878  0
5398 5399 5420 7693  0
3038 3053 3039 8288  0
737 1037 8284 8342  0
5616 5615 4540 7973  0
2831 2813 7714 7906  0
650 649 696 8036  0
2291 4502 4503 8333  0
6491 6473 6474 7702  0
1434 1243 1242 7859  0
1863 1848 1847 8073  0
7791 7719 7846 7904  0
5661 7923 8369 8427  0
6798 8199 6544 6825  0
6737 6738 6814 8376  0
5174 7785 8010 8242  0
7797 471 8250 8415  0
7228 7229 7298 8071  0
412 8250 7987 468  0
1795 1810 1796 7824  0
8118 7723 854 8251  0
1263 1264 7920 8181  0
6212 7901 8082 8252  0
5814 5796 5797 7996  0
5818 7861 5800 5801  0
588 587 656 7786  0
5753 6649 6650 8340  0
2065 2064 2095 8349  0
1073 8176 774 1074  0
4960 7841 4973 4972  0
2706 2707 8026 8428  0
1873 1888 1889 7865  0
5383 5384 5405 7907  0
7888 2232 7978 8037  0
3424 3801 4139 8053  0
5091 5090 5076 8016  0
1472 1038 1474 8097  0
939 1173 7678 8080  0
7832 8098 2207 8048  0
4101 3767 3768 8280  0
7882 7754 8151 8231  0
1008 1009 8087 8179  0
3893 4229 3531 8435  0
2066 2065 3321 2036  0
7086 7148 7085 7945  0
2325 7911 7934 2324  0
1154 923 1153 8021  0
2068 7666 7693 8348  0
8363 7801 7750 7676  0
6938 6912 6913 8127  0
4141 7655 4138 7962  0
5948 5947 5926 8370  0
4710 5755 7896 8335  0
8132 6744 6820 6821  0
3023 7901 3038 3024  0
1985 2003 8200 8271  0
2604 2603 8003 8397  0
2430 1539 2423 8276  0
7867 8020 8081 8091  0
1321 7738 1503 1320  0
7837 6781 6780 8029  0
347 742 741 8153  0
6296 7884 6297 6313  0
3277 4359 3709 4026  0
4900 6368 4278 8300  0
4187 4674 8103 8106  0
5015 5016 7725 7811  0
5120 5105 5121 8016  0
528 7670 529 474  0
3025 3010 3024 7901  0
1238 1022 1021 7937  0
7894 3474 8315 7997  0
7184 7185 7249 8060  0
1891 1908 1909 8227  0
4355 8059 7931 5196  0
750 8365 749 7787  0
7216 7215 7653 8312  0
7946 7749 8259 8404  0
8382 6328 7747 7884  0
4355 3707 4358 5214  0
2522 2523 1587 8115  0
846 7839 8357 845  0
111 8393 133 134  0
764 765 1064 7947  0
8044 7749 7807 7691  0
3926 8148 8212 4854  0
2126 2127 2095 8349  0
7740 1383 1190 7941  0
7219 7284 7283 7972  0
4390 3321 4050 8349  0
4327 4324 4007 5017  0
7693 4434 4419 3334  0
1771 1772 1758 8016  0
6153 6131 6132 8265  0
4208 3842 4181 8311  0
1293 1294 2362 8261  0
3322 4391 3316 3724  0
4343 5125 5126 5109  0
6098 6118 7789 6119  0
7808 7743 8137 8233  0
2985 2986 8105 8299  0
5483 5504 5482 8110  0
3318 1989 3304 8287  0
863 884 864 8222  0
3082 3097 3083 8347  0
6505 8219 8018 5622  0
693 692 989 8391  0
6236 6237 7689 7815  0
5533 5534 5557 8406  0
3277 4026 3709 3710  0
7684 8058 7770 7699  0
383 778 777 7812  0
6338 6322 6323 7756  0
6312 6311 6295 8382  0
1896 1895 1913 8059  0
1730 1741 1742 7981  0
5 28 11 10  0
3292 3295 3296 8095  0
7389 7319 8046 8399  0
7712 7803 7908 8285  0
2448 3450 7908 8285  0
5218 8015 8005 5219  0
4020 8150 3263 3702  0
2639 2674 2640 7864  0
349 8153 743 348  0
4731 4732 4748 8429  0
3273 4356 3708 4024  0
1026 1025 1242 7859  0
5387 7709 5408 8138  0
1951 8271 1952 8182  0
8086 7671 8116 8412  0
7740 965 964 7853  0
2998 7848 8002 8211  0
6159 6179 7736 7848  0
1914 1915 7931 8269  0
4563 4597 4596 8056  0
7168 7169 7233 7761  0
7829 7820 7826 7726  0
7489 7556 7488 7952  0
5325 5306 7858 8356  0
3506 3505 2614 2615  0
1332 1334 1511 7938  0
6422 8229 3972 8024  0
7162 7223 7135 7958  0
7220 7820 7132 7133  0
7832 7852 8031 8281  0
7561 7494 7562 7979  0
1417 8264 1416 1600  0
939 940 901 8125  0
2536 7759 8264 8343  0
3994 4304 7695 8346  0
5604 7988 5605 6479  0
414 470 471 8415  0
8087 7654 8179 7912  0
5341 5321 5322 8136  0
7100 6771 7101 7761  0
5603 6478 6477 8170  0
7843 2563 2564 7861  0
7659 8024 6393 6392  0
2241 2276 2277 7832  0
1959 1941 1958 8366  0
7722 7665 7921 7951  0
3420 7655 8337 7772  0
1594 2530 7867 7927  0
4498 4480 4481 8406  0
3614 3618 3615 8358  0
1390 8070 1198 8324  0
5520 5497 5498 7707  0
4731 4730 4714 8429  0
7282 7674 7845 8312  0
1860 1845 1844 8010  0
5421 5441 5420 7693  0
3665 3661 3660 8305  0
3755 7799 3756 4088  0
2868 2869 2851 8064  0
7105 7847 7106 8100  0
6908 6935 7661 7718  0
2028 4396 4381 4395  0
2695 2727 2728 8373  0
7716 8205 8225 8243  0
3429 7804 3431 3806  0
1725 8255 7991 1724  0
1433 1434 1242 7859  0
3171 3654 3170 8394  0
2273 2311 2274 8096  0
794 793 849 8167  0
1456 1455 1265 7944  0
6987 7696 6624 7850  0
8173 2064 2094 2063  0
6973 6951 6974 7850  0
2059 2090 2060 8354  0
6064 6041 6042 8294  0
5337 5338 7680 7701  0
6661 8409 6660 7028  0
2233 8037 2268 8154  0
528 7670 8226 529  0
5591 6473 5573 7836  0
3113 3639 3643 7788  0
2997 3014 2998 8002  0
7830 7810 7929 8345  0
5440 5418 4393 8384  0
8361 55 76 48  0
3145 3132 3131 8194  0
1089 1500 1088 7784  0
2025 3305 2024 8224  0
2525 1589 2524 7843  0
8262 3743 3748 4079  0
5016 5017 5030 7725  0
5492 5491 5469 7849  0
7770 2541 2579 8058  0
4154 4156 4624 8418  0
7087 7150 7945 8006  0
2856 2875 2857 7919  0
1636 1645 7695 8209  0
2383 1297 1298 8314  0
7194 7663 8038 7126  0
2719 2751 2752 8401  0
4928 4298 4929 8270  0
5216 5215 7782 8126  0
4863 4860 3928 8372  0
7762 7543 7476 7475  0
7820 7686 7674 8076  0
750 8365 7787 1049  0
8386 6013 6012 6034  0
2121 2089 2120 8354  0
7731 1100 1307 7744  0
5664 6523 5663 7860  0
3277 4026 3710 4361  0
2238 2237 2273 8260  0
6438 8045 8305 6425  0
4997 8035 7883 5010  0
3388 2356 2357 7902  0
7753 8230 7708 7657  0
1375 1183 1182 8164  0
8115 2558 2521 2559  0
6822 6823 7130 7724  0
4002 8270 3683 3216  0
6724 6725 8003 8020  0
3116 3127 3128 7747  0
4069 4465 3346 4449  0
408 801 8011 8342  0
4483 4468 4484 2218  0
3274 4359 3709 3277  0
7265 8067 7264 8304  0
2743 8188 2710 2742  0
6798 8199 7829 6544  0
3351 4464 4068 4064  0
5868 5869 5893 8026  0
6238 6221 6239 7970  0
7240 7309 7239 8014  0
1827 8242 1842 1843  0
509 508 563 8124  0
3294 4033 3719 4374  0
4376 4374 4377 4043  0
8424 8093 7922 449  0
6365 6364 8194 8229  0
8015 5274 5275 5256  0
4469 2186 4456 2187  0
7909 345 297 264  0
5351 5350 5331 8374  0
43 26 32 9  0
4421 8283 8110 3731  0
1583 8168 1400 8364  0
6584 6585 6835 8057  0
263 7909 264 325  0
2546 2506 2505 8310  0
5315 5335 5334 8095  0
8013 7850 7665 7696  0
2429 2428 2465 8129  0
7121 7190 8123 8256  0
1596 8362 8421 7982  0
4568 7932 5638 5637  0
4449 3735 3346 4069  0
7431 7500 7430 7734  0
344 297 311 263  0
2590 4721 2553 4720  0
4840 8401 4839 4826  0
4532 4082 4083 7722  0
7461 8296 7462 7856  0
6250 6232 7685 7901  0
5559 8037 5560 5579  0
8190 4899 6384 8306  0
5667 5668 6543 7829  0
4655 4654 8129 8440  0
8093 505 449 506  0
1673 1663 1672 8275  0
953 622 621 8174  0
2797 8175 2768 7656  0
2435 2436 8022 8205  0
6810 8162 8292 8334  0
6234 6235 6253 8002  0
7805 7822 7700 7711  0
4832 5945 5946 8350  0
4407 4394 4408 2057  0
7931 1913 8055 8059  0
7549 7703 7994 7548  0
388 8124 8258 8417  0
2630 2631 2595 8051  0
6072 6071 6050 8212  0
4321 4977 3223 3220  0
3721 3315 2035 4046  0
3444 7903 8273 2426  0
3207 1632 7825 8346  0
112 57 98 135  0
2800 2799 2820 8175  0
842 843 787 8321  0
910 889 888 8431  0
3472 7997 3473 2485  0
642 643 8149 8344  0
8109 6116 6117 8297  0
4337 4011 4336 4333  0
7762 7684 7778 8220  0
704 7809 703 1000  0
7708 6554 6807 8334  0
7660 5864 5865 5841  0
30 22 36 12  0
1607 2483 2484 7770  0
689 621 8084 8174  0
4467 4468 4483 2218  0
2744 3530 2745 2713  0
3238 5048 7991 8326  0
4467 2184 4454 2185  0
8030 6856 8292 8334  0
7538 7600 7599 8257  0
2225 4462 4475 4476  0
2152 2186 4454 2185  0
7961 3481 8152 8419  0
6484 6485 6527 8376  0
6203 8299 7876 6221  0
2714 4807 2747 2715  0
2086 3732 4056 3332  0
3326 4394 4056 2056  0
274 245 229 275  0
22 24 30 41  0
5891 5892 7656 8274  0
1055 7944 1266 8181  0
27 44 9 26  0
1430 1614 1431 8131  0
8028 1192 977 8086  0
4467 4452 4453 2184  0
4312 3208 4000 3997  0
4333 8326 3238 3237  0
3209 4308 3677 3997  0
7659 3144 8194 8229  0
250 238 221 222  0
4438 2151 4453 4437  0
7426 7427 7496 8155  0
4030 8368 4031 3716  0
1412 1413 1221 8362  0
7839 8431 7712 8248  0
3732 3332 2086 3338  0
6885 8127 6886 6912  0
7805 7836 8192 8217  0
2056 2057 4407 2086  0
3689 4328 3230 4008  0
684 7750 730 8363  0
181 182 193 211  0
145 8393 185 144  0
7054 8360 7055 6690  0
2087 2086 4407 2057  0
47 23 13 40  0
3227 7715 4323 4990  0
7940 3236 3240 1722  0
7123 7124 7192 8256  0
2153 4455 4454 2186  0
2119 4423 4436 4437  0
7704 8166 7904 7719  0
2299 2263 2264 2300  0
7560 7622 7621 8286  0
2223 2257 4473 8333  0
6953 6976 6975 7696  0
2003 2002 8139 8271  0
3747 2252 4077 3366  0
2153 2186 4454 2152  0
1809 1810 1795 7824  0
5043 7981 5058 5057  0
106 92 83 8361  0
3310 4038 4382 4383  0
4128 4129 4591 8207  0
6854 6879 8230 8334  0
7702 7700 7805 7836  0
4341 8336 4342 4344  0
2297 2261 4494 2298  0
1892 1893 1876 8063  0
4410 4409 4397 2058  0
4385 8354 4384 2031  0
7242 7177 7178 8029  0
3338 2087 4059 2118  0
3306 4035 4049 3307  0
2026 4394 4053 3326  0
2033 8173 2062 2063  0
7088 7151 8006 8413  0
1520 3425 2406 8210  0
4396 4409 4408 2057  0
2326 2288 3372 2289  0
1671 1661 7825 8275  0
5920 5898 8188 5897  0
7483 7777 7551 7550  0
609 7719 677 678  0
2011 2039 2040 7666  0
4488 4487 4472 8333  0
3347 3348 8348 8406  0
7883 5013 5000 5012  0
2722 4783 4799 8435  0
4835 4245 3551 3552  0
2439 8197 1548 2438  0
4760 4791 3524 4792  0
3726 3320 4052 2026  0
7368 7438 7437 7862  0
3646 8190 3647 8306  0
1462 7700 7773 7911  0
1485 7938 1510 1486  0
6819 7663 8180 7127  0
2097 8349 8443 4054  0
7797 7728 7813 8036  0
473 528 474 8226  0
574 518 8011 8149  0
2789 2790 2760 8177  0
1004 1005 708 8047  0
5211 5212 5229 8059  0
83 92 71 8361  0
7746 8343 2645 7968  0
3781 3402 3403 8113  0
7799 7720 7837 8268  0
44 33 43 63  0
4483 2252 4077 3747  0
7156 7653 7157 7214  0
1978 1960 1977 7872  0
1232 1016 1015 7925  0
1225 7912 1417 1226  0
1431 1239 1430 8131  0
1456 1455 7944 8331  0
5426 5447 5446 8291  0
2646 7968 2645 2680  0
1222 7713 1223 1006  0
178 219 149 218  0
217 216 200 172  0
4809 4795 2717 4794  0
7993 8123 8296 8316  0
7918 1797 8090 8119  0
3003 2987 3002 8299  0
699 7732 8036 995  0
1578 1577 2503 7974  0
7206 7149 7207 7945  0
5790 5791 5809 8335  0
4108 7833 7826 4107  0
694 991 695 7813  0
5995 5972 5973 8387  0
2818 2817 7919 8319  0
1870 1886 7865 8015  0
5892 5868 5893 8438  0
3942 3943 4876 4878  0
1386 7974 1385 1577  0
5629 8076 5628 4553  0
7678 7657 8079 8164  0
3026 7901 3025 7685  0
2615 3505 4217 4744  0
7652 7914 6813 8071  0
5649 4580 5650 8162  0
4052 3726 4045 3320  0
5179 5197 4357 7782  0
2588 4719 2552 2551  0
3594 3593 8339 8372  0
2773 8188 8428 8120  0
7676 7694 7750 7859  0
5479 5480 5501 7893  0
213 196 225 8439  0
7720 7728 7729 7813  0
4998 4986 4999 7883  0
2086 3326 4056 2056  0
5753 6650 5754 8340  0
289 290 321 340  0
1979 1980 7858 8423  0
41 60 61 8361  0
1720 1708 1719 7725  0
4119 3786 4120 8088  0
209 239 221 238  0
7882 7654 7814 7713  0
2692 2693 8142 8221  0
5524 5525 5547 8023  0
4628 7903 4629 8273  0
105 104 123 102  0
4253 4847 3565 8107  0
3067 3052 3066 8249  0
4250 3915 3914 3556  0
182 181 165 154  0
7206 7741 7271 7270  0
160 187 147 146  0
6384 6385 6399 8190  0
2485 7925 1608 2484  0
2481 2480 3497 7842  0
4642 5737 5738 8238  0
8138 7709 8422 8423  0
382 7791 446 7922  0
2833 2815 2814 7906  0
4753 4771 2660 4754  0
6495 6494 5611 7679  0
2702 2668 8172 8274  0
7931 1850 3272 1865  0
282 300 313 299  0
7601 7758 8140 8257  0
3621 3625 3622 8432  0
1259 8365 1049 7960  0
2984 2966 2983 7848  0
2672 8438 8026 8039  0
3507 4214 3878 3874  0
8428 5919 8120 8188  0
2041 2042 2013 7666  0
251 223 240 239  0
289 307 260 290  0
2398 7731 1484 2397  0
396 319 8066 8436  0
7677 7930 8014 8100  0
1030 7816 8402 1246  0
4404 4417 4416 8349  0
7711 6815 6739 8376  0
4655 4697 4654 8440  0
292 263 324 343  0
7156 7995 7916 8101  0
122 136 160 159  0
5397 5375 5376 8287  0
2440 2475 3462 7800  0
7528 7779 7589 7527  0
239 269 240 251  0
80 57 112 113  0
190 125 149 178  0
4809 4822 2749 4823  0
6804 6551 6805 8433  0
221 238 220 209  0
202 179 163 191  0
2394 2396 3751 8117  0
3530 4790 2713 4228  0
2544 2543 2580 4728  0
929 930 8345 1163  0
8325 3587 2911 2929  0
4748 4765 2654 2619  0
6930 6929 6903 8230  0
6884 6885 6911 7718  0
508 452 8093 8124  0
2289 4500 2253 2288  0
3912 4247 3553 3911  0
5939 5940 5961 8442  0
3553 4837 2780 4836  0
953 689 8028 8174  0
1286 7887 2355 2354  0
251 239 268 238  0
4248 4838 3912 4247  0
6634 6998 7005 7862  0
2331 4523 4522 7875  0
4765 4748 2655 2619  0
2689 4767 8435 8437  0
5698 6604 5700 7661  0
7801 7916 7821 7834  0
6937 6911 6912 8127  0
8067 7265 7264 7334  0
528 527 584 8226  0
58 60 41 8361  0
8123 6790 6791 8191  0
4794 4795 2683 4779  0
4771 8437 2660 3525  0
4860 8372 4866 4260  0
7706 7741 7900 8317  0
138 129 139 153  0
2622 4751 8437 4734  0
4698 4697 4655 8440  0
206 177 202 179  0
2779 4821 2748 2747  0
5540 5517 5518 7831  0
7745 7867 8020 8081  0
1430 7937 8131 1238  0
1246 1437 7816 8402  0
4234 2776 4833 4237  0
2239 7832 2275 2240  0
7403 7758 7762 7473  0
331 312 332 298  0
3947 3621 3622 8432  0
3486 3485 3857 8301  0
8020 6682 8091 6681  0
30 39 36 22  0
299 298 332 312  0
211 210 240 222  0
4094 4540 7973 8414  0
211 166 194 8130  0
2431 1539 2430 8276  0
5080 5079 5065 8255  0
4023 3279 4025 8309  0
4745 3506 2616 2615  0
5657 4588 5658 8042  0
7935 6186 8033 6166  0
4737 4755 2626 4738  0
4735 4752 4751 8437  0
7657 7784 8125 8216  0
6185 7935 8299 6184  0
4753 4754 2625 4737  0
624 623 920 8392  0
6788 6787 7953 7993  0
6605 6936 6960 8127  0
7517 7516 7930 8259  0
8102 8318 7843 7861  0
319 339 320 8066  0
768 1068 1067 7855  0
4568 4569 5638 7819  0
4876 6208 6244 8185  0
205 278 204 236  0
4765 4766 2655 4749  0
2666 8172 2667 8134  0
2180 2149 8110 8283  0
5181 5198 5180 7782  0
127 151 101 162  0
4519 8056 8430 4561  0
4536 7799 4514 8262  0
3839 3466 3465 7980  0
7676 7834 7952 7995  0
4211 3874 3500 3870  0
4645 4170 7969 7980  0
7757 8074 8003 8111  0
8212 2873 2874 2893  0
8438 2769 2736 2737  0
2736 2704 7656 8438  0
1549 1367 1548 7800  0
6544 5668 5669 8199  0
817 815 8329 818  0
3491 2503 3490 7974  0
8378 2340 2342 1479  0
188 173 217 189  0
4233 3544 3537 5924  0
7775 7842 7985 8340  0
4086 8041 3754 4087  0
7019 6651 7018 8340  0
5850 8074 7968 5849  0
2459 2458 7892 8156  0
4145 7661 4147 8396  0
1005 8362 1222 8047  0
2847 2827 2826 8294  0
6592 5690 5689 7962  0
616 8093 560 8363  0
279 232 310 266  0
2254 4485 2253 4501  0
3513 3882 2626 3518  0
65 8133 53 85  0
4121 4581 4120 8236  0
1948 1932 1931 8269  0
3889 8370 4804 4817  0
680 681 612 8322  0
5170 5171 5187 8069  0
5027 5013 5014 8244  0
8249 3053 3052 8288  0
8041 3375 8427 3754  0
3123 3135 3124 8300  0
404 403 294 7909  0
2441 1551 1550 7678  0
9 26 32 8  0
113 57 135 77  0
8285 3447 2445 3448  0
240 222 194 211  0
5309 5310 7721 8182  0
1188 1380 1381 7740  0
2654 2653 4764 8429  0
4891 7752 3956 3633  0
1374 8079 1373 1553  0
6246 8082 8288 8185  0
2837 2858 2838 8148  0
8262 3365 2302 3370  0
6 23 13 11  0
5078 3245 7991 8255  0
5977 7714 8177 8189  0
2686 4782 2687 4765  0
1844 1858 1859 8242  0
5499 5476 5477 8048  0
184 8393 185 157  0
604 8223 672 8327  0
468 412 411 7987  0
4244 4835 3551 4834  0
1997 1979 7858 8423  0
5879 8221 5878 3527  0
4051 4392 3316 4388  0
7965 517 516 8234  0
3076 3624 3061 8104  0
2074 8422 8241 2046  0
4135 4134 3799 7772  0
8185 3936 3937 3606  0
5329 5328 5310 7721  0
5367 8138 5387 5366  0
4388 4376 3302 4048  0
1747 1748 3243 8016  0
3527 3883 3884 3526  0
7085 7148 7900 7945  0
7800 4176 3836 8377  0
5579 5560 5580 8037  0
4925 6455 4926 8395  0
7713 7814 8047 8362  0
7681 8320 8100 7755  0
897 7723 896 7751  0
5172 5173 5189 8242  0
3248 3244 3697 3245  0
2636 2635 2670 8039  0
8209 3214 1625 1634  0
7365 7296 7366 7942  0
1665 8203 1655 7715  0
1427 1610 1611 7997  0
43 50 8361 33  0
5812 8121 5811 5794  0
5619 7821 8018 8006  0
5617 6500 6499 8006  0
7582 7019 7018 7966  0
3750 2380 2381 8195  0
8276 2421 2427 7903  0
3358 4498 3364 8406  0
2065 2096 2066 8349  0
7141 6837 6838 7914  0
7828 6919 6944 6945  0
2638 2639 7781 8026  0
7167 7098 7099 7914  0
17 26 3 16  0
7751 7854 7892 8156  0
4607 4140 7739 8053  0
970 971 7965 8070  0
1120 877 809 8392  0
3077 3091 7884 8382  0
3265 4348 3701 8144  0
2275 2239 2274 8260  0
1085 1086 1480 8251  0
8045 6428 6427 7895  0
1944 1943 1961 7872  0
2942 8341 2941 7690  0
4417 4418 4431 8443  0
3816 4155 3442 7903  0
7228 7297 7227 8292  0
2000 1999 7709 8423  0
7709 5389 8065 8139  0
3971 3657 3180 8024  0
5795 8240 8121 7996  0
4559 4112 4128 8207  0
1052 7776 7920 1051  0
6197 6216 6196 7736  0
7640 7641 7067 7879  0
2059 2089 2090 8354  0
4387 4390 4402 8349  0
1504 1512 3417 7790  0
5001 4989 5002 7811  0
8121 4726 4725 4741  0
2870 2852 8064 8135  0
2990 2973 2972 8033  0
1352 7774 8206 1532  0
4414 4402 4415 8173  0
5550 7959 8217 8245  0
2669 8039 8274 2670  0
5045 5059 5044 7725  0
4279 6383 4900 8300  0
5571 5570 5547 8098  0
1609 1426 1425 7997  0
2052 7891 2051 2081  0
7846 7706 7694 7821  0
7509 7730 7510 7571  0
1039 1474 8342 8371  0
5683 7932 5682 5638  0
988 989 692 8391  0
6397 8190 4901 4904  0
7694 8103 7777 7894  0
450 8093 449 506  0
6488 6487 6471 8245  0
3617 3613 4266 8358  0
5231 5248 5230 7931  0
5293 5274 5294 8368  0
8121 3875 4725 3508  0
1314 1313 1107 7963  0
8074 8003 6726 8253  0
4304 4935 7695 8346  0
7803 885 884 8222  0
1664 1665 1654 7715  0
8083 5782 5783 6673  0
8209 3214 1643 8270  0
6140 7789 7848 8109  0
6083 6104 7890 8052  0
2760 8177 8189 8373  0
2672 8438 2671 2705  0
4614 5690 5692 7661  0
640 970 971 7965  0
465 519 520 8375  0
1460 1459 1269 7913  0
7662 7076 8159 7979  0
5003 4324 7725 7811  0
4212 8311 3871 4208  0
3411 3790 3789 7687  0
7403 7404 7762 8067  0
6781 7837 6780 6524  0
1230 1421 1422 8012  0
2012 1993 7666 8136  0
1610 1426 1609 7997  0
5776 7764 7897 8426  0
1910 8383 8227 1926  0
7959 2211 8023 8110  0
859 858 879 8216  0
7951 6799 6846 6800  0
6789 6788 7953 7993  0
5534 5511 7956 8406  0
5115 7664 5100 5116  0
2524 7735 7843 1588  0
7838 1348 1349 1528  0
1594 8307 8421 1410  0
6450 6451 4921 8390  0
6112 6133 6132 8265  0
5961 5983 5960 8319  0
5985 8175 7919 5984  0
8406 5486 3346 4465  0
7473 7403 7404 7762  0
3821 7667 4161 8285  0
3975 3973 4284 3663  0
5752 5751 7866 8311  0
7799 7889 8041 8371  0
4856 4255 3924 3923  0
5064 5079 5078 8255  0
2707 2674 8026 8188  0
4373 8224 5353 8200  0
7794 7875 7808 8204  0
572 640 641 7965  0
7888 5534 7956 8406  0
4030 8368 3716 3286  0
5093 8147 4340 5109  0
1272 7911 1273 1463  0
1073 1284 1283 8193  0
3083 3069 3082 8290  0
3467 3468 2476 7950  0
4547 8280 8219 4101  0
3370 7964 2302 8262  0
5798 7996 5815 5797  0
6707 5767 7737 8122  0
5286 5306 8055 8269  0
782 388 8258 8417  0
1084 784 8118 8258  0
7998 8046 8316 8060  0
3082 3096 3097 8347  0
2030 8354 2059 2060  0
2892 2891 8054 8135  0
8021 629 925 924  0
4662 4663 4705 8178  0
3753 3375 3754 8427  0
4652 4651 4630 8273  0
7686 8251 8261 7833  0
800 8234 406 8011  0
639 7965 7869 8070  0
5173 5172 7785 8242  0
5340 5360 7680 8136  0
6782 6781 7837 8029  0
7745 7683 8081 8161  0
8384 7893 5438 8196  0
7181 7873 7936 7112  0
6193 8252 6174 6175  0
4260 8372 3593 3589  0
1219 7814 1002 8307  0
3414 2393 2394 8117  0
3700 8336 4018 4346  0
7630 7631 7057 8220  0
2552 2589 2553 4720  0
2754 2753 2785 8401  0
2147 2179 2148 8110  0
3460 2461 3459 7878  0
7391 8046 7460 7390  0
1449 7943 1258 7960  0
2771 2738 2770 8428  0
8377 4632 4158 7817  0
4472 4487 4471 8333  0
5455 5456 5477 7891  0
1832 1833 1818 8144  0
3435 7804 3433 7939  0
7765 7357 8267 7427  0
1679 1668 1667 7841  0
1253 1252 8008 8378  0
1052 753 1053 7899  0
6956 8230 7710 7905  0
2413 1345 1525 7939  0
7978 5537 8037 8154  0
6945 6946 6968 7828  0
5138 8119 5122 7692  0
8141 5656 8042 4586  0
4171 4204 4648 8019  0
8351 8051 5818 5817  0
4657 4658 4700 8225  0
4429 2125 2156 8173  0
7734 7500 7765 8298  0
5724 5725 4664 8178  0
8177 2808 2827 8387  0
4092 3758 7973 8214  0
3954 4889 3953 4273  0
6178 6195 6177 7736  0
5515 5493 5516 7978  0
7072 6707 7071 8122  0
7097 6765 7131 7674  0
4429 4416 4430 8349  0
707 7814 1004 8047  0
7452 7453 7966 8025  0
5329 5311 5330 8271  0
6924 6925 6950 8278  0
4252 8386 3920 3570  0
5181 5165 5182 7782  0
1192 8028 976 1032  0
3368 3369 3363 8262  0
7846 8017 8193 8198  0
6470 6486 6469 8263  0
3932 8339 4866 4868  0
3122 3123 8347 8300  0
7897 7044 7045 8298  0
6149 6168 8033 8352  0
887 7839 8431 867  0
7079 6747 7080 7724  0
4427 4413 8173 8354  0
2646 8343 7746 2611  0
3919 3920 4851 4853  0
6768 6838 6837 7914  0
7704 7694 7937 7719  0
1864 3269 1849 8073  0
7022 7954 7585 7586  0
5112 5128 5127 8150  0
7517 7578 7516 8259  0
2727 2760 2728 8373  0
2939 2957 2940 7673  0
789 844 7839 8321  0
4364 8126 5253 3281  0
5936 5957 5935 7771  0
6464 7805 6472 8245  0
71 70 51 8361  0
8392 626 392 8021  0
2251 2250 7836 8157  0
8003 7757 8020 8253  0
6022 8294 7714 6043  0
8179 1415 8264 8362  0
4834 4821 2778 4820  0
3938 3604 3941 8352  0
7663 6820 8180 7127  0
1837 1852 1838 8005  0
898 8392 1144 919  0
4608 5685 5689 7962  0
1053 1052 7899 8181  0
7785 1800 1801 1815  0
3625 3621 3951 4269  0
7620 7646 7645 8122  0
303 286 285 8436  0
336 302 335 8436  0
5528 8110 5505 8283  0
6087 8420 6067 6068  0
6238 7815 6237 6220  0
3661 3170 8305 8394  0
7282 7217 7674 8312  0
578 577 646 8391  0
4173 8019 7878 3833  0
2454 2453 3456 8078  0
3953 8400 3957 4273  0
89 111 38 88  0
4890 8306 4274 3637  0
6834 6868 6867 8057  0
135 8393 158 98  0
3934 4261 3931 8265  0
7727 7740 8078 8186  0
15 25 2 8  0
4147 7661 8367 8396  0
686 733 8084 8402  0
6171 6152 4867 7690  0
3042 3056 3057 7685  0
2376 2337 7819 8239  0
110 86 109 8133  0
1600 1599 2535 8264  0
7492 7845 7979 8286  0
6644 7012 7946 8143  0
2439 8197 7800 1548  0
44 45 34 64  0
6314 6298 6315 7884  0
1321 1119 1335 7790  0
7407 7793 8027 7406  0
4833 3907 4242 3549  0
6121 6122 8105 8235  0
7704 7846 7694 7719  0
6431 7792 8395 6417  0
8240 5858 5857 8142  0
7900 6497 7973 8328  0
1730 1718 1729 7981  0
6309 3629 4272 4885  0
8264 7745 8362 7982  0
5532 7836 5556 5555  0
53 64 35 65  0
1497 3402 2381 8195  0
7214 7279 7278 7995  0
7355 7425 7972 8267  0
767 768 1067 7855  0
8276 2427 8129 7903  0
1804 4017 3258 8144  0
6745 6744 6534 7702  0
60 81 82 8361  0
6331 6316 6332 7989  0
5205 5204 5188 8069  0
6429 6416 6430 7895  0
660 592 591 8231  0
6141 6160 6140 7848  0
3750 3373 2379 7722  0
6409 4908 6410 6422  0
6315 6330 7884 7989  0
7812 2355 7887 7902  0
5496 5497 5519 7707  0
7441 7509 7955 7983  0
3762 3761 7887 8414  0
7705 4655 7975 8129  0
3805 7655 3803 8396  0
6014 6013 8272 8386  0
6686 6687 6718 7757  0
1118 1103 1117 7738  0
7420 7419 7350 8312  0
6952 6926 8013 8278  0
3945 4877 3944 4267  0
695 649 648 7813  0
2117 2116 8110 8384  0
4270 7970 4268 3949  0
2379 1494 1495 7722  0
2558 7985 2593 7996  0
4194 4682 4195 8301  0
8106 7894 4187 4186  0
1118 7868 1117 1132  0
6220 6201 6221 7815  0
3934 7690 3935 4262  0
4883 6278 6277 8432  0
8349 4444 8443 4430  0
2533 1597 2532 7982  0
7877 3413 3414 2392  0
2335 2334 2374 7819  0
6302 6287 8184 8290  0
7701 1953 1954 1971  0
7314 7244 7936 8025  0
5171 5154 5155 8119  0
8255 5096 5097 5082  0
7893 5437 5438 8196  0
138 150 148 128  0
3972 8024 4910 6422  0
4566 4524 4525 8289  0
5840 5839 5819 7660  0
6089 8341 6109 6088  0
5317 5299 5318 7675  0
7880 8380 7951 7963  0
7467 7763 8441 7783  0
6597 6859 6598 7661  0
7110 7109 6780 8029  0
30 41 48 39  0
7937 1427 7997 8166  0
379 443 7791 8198  0
6285 6267 6286 8290  0
3750 4083 7722 8195  0
8301 8062 4196 3857  0
4299 8209 8270 3990  0
118 117 95 8133  0
7638 7639 7777 7613  0
2008 1991 1990 8287  0
3384 3760 3383 8416  0
413 469 470 8250  0
8438 2672 2671 8039  0
2901 2920 2902 8052  0
6421 6420 6408 8024  0
7667 7657 7905 8230  0
3826 3451 3825 8186  0
7279 7348 7278 7995  0
3078 3077 3091 7884  0
4158 7688 4634 4159  0
3284 5253 4367 8368  0
2834 2855 8135 2854  0
3253 3699 3256 8336  0
1855 8069 1872 1856  0
7728 7720 7837 7873  0
6727 6726 6717 8253  0
8290 7768 3084 3071  0
412 468 469 8250  0
5930 5929 5906 8373  0
7002 7045 7044 8298  0
7880 7665 7951 8278  0
4764 4781 2685 2653  0
1397 1398 1206 8165  0
1038 1037 738 8342  0
2230 3360 2265 7888  0
7242 7243 8025 8029  0
5470 5447 7760 7849  0
1730 1731 7981 8171  0
13 40 20 66  0
7810 7818 7794 7828  0
4165 4166 8186 8338  0
8008 7720 8153 8415  0
5677 4593 5678 8137  0
6102 6082 6103 8235  0
56 134 98 97  0
2431 2430 2466 7705  0
26 44 9 33  0
908 907 946 8248  0
7706 7900 7945 7973  0
2578 2577 2613 8058  0
3025 3040 7685 7901  0
7620 7621 7646 8122  0
1783 1784 1769 8090  0
916 957 917 8116  0
7519 7520 7581 7966  0
4160 4161 3821 7688  0
2363 2364 3395 8261  0
6723 6722 6691 8360  0
1228 1419 1420 8094  0
7985 7842 7990 8340  0
7726 7868 8385 7751  0
7521 8303 7453 7454  0
5534 5511 5512 7956  0
135 158 121 98  0
7654 7758 7763 8257  0
8430 8333 2291 4503  0
7729 7813 8165 8391  0
4290 8390 4289 4920  0
3075 3060 7689 8104  0
8046 7391 7460 7856  0
7541 7474 7542 7762  0
2016 2015 8422 8423  0
3982 8390 3981 4292  0
8343 8302 7968 7746  0
2074 8422 2045 8241  0
1217 1000 1216 8307  0
3959 4897 3960 4274  0
8162 8030 7708 7753  0
46 29 11 6  0
7752 7788 6355 8306  0
5154 5171 5170 8119  0
1216 1000 7809 8307  0
5426 5446 5425 8291  0
620 689 621 8084  0
4434 3335 7693 8348  0
8136 8366 8407 7872  0
215 214 243 8439  0
297 7909 264 263  0
8080 8125 7657 7678  0
6509 6764 7653 7674  0
1448 1447 1257 8266  0
5820 7861 7660 5819  0
7423 7492 7422 7845  0
3483 2496 2495 8237  0
3031 3017 3016 7815  0
111 75 110 8133  0
1024 1023 1240 8411  0
228 199 200 8439  0
8437 3531 3888 4786  0
1437 1438 1246 7816  0
2140 7707 7891 8034  0
6441 6442 6453 7895  0
1884 1901 1885 8015  0
7025 7024 7588 7823  0
5775 4688 4687 8426  0
1712 1700 8035 1701  0
6041 6020 6042 8294  0
622 8412 914 8174  0
1456 2315 1455 8331  0
5673 5672 4597 7808  0
2761 2790 2791 8189  0
1073 8176 8193 774  0
1467 2391 1305 7877  0
8007 7658 8140 8360  0
878 7885 8080 8216  0
8150 8158 4352 3263  0
4874 3940 3945 8033  0
1268 1057 1058 7913  0
974 1030 975 8028  0
5952 5953 8177 8373  0
5618 6501 6500 8006  0
478 7787 421 7786  0
71 63 84 8361  0
7820 8155 7972 7662  0
7846 7973 8317 7706  0
8434 4533 4087 8427  0
1141 1136 7868 7939  0
2818 2817 2836 7919  0
7732 8036 7668 7928  0
3227 4990 4326 7715  0
8437 2690 3531 8435  0
1863 1879 1880 8059  0
3565 4251 3904 3561  0
3498 7985 7990 8121  0
5622 4546 4547 8219  0
6729 7757 6719 8302  0
2121 2152 2153 8354  0
2951 2950 7848 8105  0
1301 1302 2387 7687  0
7925 1015 8012 8327  0
3391 8146 2360 3392  0
5114 5113 5098 7697  0
520 576 7987 8149  0
6811 6557 6558 8236  0
3442 3816 7903 8353  0
1945 1944 7872 8055  0
3793 3414 2394 8112  0
664 596 595 7870  0
1975 8366 7680 8136  0
357 751 356 7787  0
7433 7734 7502 7432  0
7096 7159 7653 7674  0
7583 8308 7522 7584  0
3137 3138 3125 7788  0
5598 5663 5597 7860  0
6779 7109 7108 8268  0
7103 7104 7172 7755  0
599 668 7857 8087  0
2140 2139 7707 8034  0
5851 5874 5850 7968  0
3757 4091 4090 8214  0
2076 2077 2048 8065  0
3544 7871 8272 3560  0
5404 5427 7760 7907  0
2753 2721 2720 8401  0
1676 1664 1675 7715  0
3567 3568 8272 8386  0
8303 7521 7453 7966  0
6778 7847 7107 6777  0
5800 8102 7861 8351  0
5591 5573 5574 7836  0
942 7803 8125 8164  0
7683 7668 7748 7766  0
5586 8096 8260 8281  0
7812 7694 7846 7791  0
388 452 8124 8417  0
5368 5388 5367 7709  0
5255 5236 5237 8015  0
8015 1919 1902 7933  0
4980 8203 4981 4993  0
587 7928 586 655  0
2973 7935 7673 2972  0
1928 1944 8055 8383  0
4561 4594 4560 8332  0
2453 1565 1564 8078  0
6933 6934 6959 8232  0
1985 1984 2003 8271  0
1898 1899 7931 8309  0
3093 8249 3080 3079  0
2051 8139 7891 8224  0
6288 6303 7768 8184  0
5621 4545 8219 8018  0
3416 2365 3401 8332  0
373 8077 437 7802  0
7257 7258 7327 8038  0
5818 7861 7660 8318  0
8017 7973 8214 8317  0
3731 2149 3343 8283  0
814 8329 1129 7798  0
6241 6242 6260 4879  0
4862 4261 3930 4259  0
6984 6983 6958 7806  0
1114 1115 1088 7784  0
3440 3442 2418 8353  0
524 525 470 8250  0
416 7797 7948 415  0
3616 3944 3612 4267  0
5267 5248 7931 8055  0
5186 5170 5187 8069  0
3592 2944 3931 3588  0
6362 8194 7659 6347  0
5473 5474 7986 8034  0
2138 2170 7707 8034  0
2139 2171 7707 8034  0
7835 1167 7733 8022  0
948 965 949 7853  0
1694 1693 1705 8244  0
6398 4904 6369 8190  0
4877 7876 6242 6224  0
7681 7698 8042 8112  0
5497 5475 7707 8034  0
8211 3001 2985 8299  0
7964 2305 8037 8266  0
6466 6483 5609 8410  0
398 819 817 8066  0
8370 4225 5878 3532  0
2085 3331 3725 8384  0
1445 7964 8008 8266  0
3592 7690 3596 3934  0
5994 5971 5972 7871  0
6260 6241 4879 7970  0
7113 7182 7873 8060  0
947 946 963 8248  0
7810 7794 7835 7874  0
8001 1130 8202 8329  0
6187 6205 7876 8033  0
3392 2360 2361 8146  0
6747 6746 6536 7724  0
1256 1255 1045 8266  0
3925 8212 3927 4258  0
7740 7712 7853 8248  0
4439 2121 8354 2152  0
373 8077 372 437  0
4262 7690 3935 4264  0
870 849 848 8167  0
5046 5032 5047 7940  0
2483 3471 2484 7770  0
1864 8059 1865 1850  0
5583 5584 7977 8323  0
4618 7804 8232 4615  0
1257 1256 1046 8266  0
6206 7876 6224 6205  0
4877 6242 6225 6224  0
4882 7970 4879 4268  0
7929 8202 7798 8313  0
8353 1529 2417 7838  0
4099 3766 4100 8219  0
8364 1584 2520 2519  0
2171 2138 7707 8034  0
8034 7707 5496 7986  0
6225 4874 3945 6206  0
4877 4874 3945 6225  0
5492 5491 7849 7978  0
1621 2497 2498 7816  0
3816 3440 8108 8353  0
7876 4877 6242 4267  0
3945 7876 4877 6225  0
4877 7876 6224 6225  0
752 753 1052 7899  0
3938 2992 3600 3604  0
5757 6698 5758 7994  0
4712 8310 8429 2545  0
390 8392 391 809  0
7657 7800 7696 7665  0
7728 7677 8025 8029  0
6557 8162 6556 5650  0
8109 6137 8297 8372  0
3941 4874 3940 3945  0
4293 7895 4294 3983  0
1106 1312 1105 7874  0
7050 6685 7049 8228  0
6133 8265 6114 4862  0
2907 2890 8420 8054  0
6611 6610 6963 8213  0
6345 6346 7747 7884  0
3112 3099 3111 8184  0
3938 3604 3940 3941  0
4424 4411 4425 8354  0
1228 7912 8094 8183  0
2279 2244 2243 8098  0
2725 3534 2757 8221  0
7109 6779 8029 8268  0
7750 7694 8322 8411  0
6100 6120 6099 7789  0
7772 7661 8127 7718  0
3938 8352 3935 3600  0
532 7780 478 7786  0
5327 5346 5326 7721  0
519 465 8011 8375  0
789 8357 7839 790  0
1764 1752 1751 7697  0
7617 7555 7556 8072  0
5197 5179 5180 7782  0
3010 3011 2995 7901  0
7639 7777 7614 7879  0
3429 8053 3427 8385  0
4209 8085 4669 4182  0
2426 8353 3442 7903  0
2122 2154 2123 8354  0
5648 4579 5649 8162  0
1580 7892 2459 2460  0
5957 5979 5956 7771  0
5307 5308 5326 7721  0
5475 5474 5453 8034  0
3940 3945 3608 3944  0
1219 7814 8307 8421  0
5451 5473 7986 8034  0
2078 2109 7891 8034  0
2137 2138 2107 8034  0
6504 5621 5622 8018  0
2140 2109 2139 8034  0
2109 2077 2108 8034  0
3608 7876 3612 3944  0
5476 5454 7891 8034  0
2108 2107 2139 8034  0
5454 5433 7891 8034  0
3604 3006 3608 3940  0
2672 2673 2638 8026  0
7695 1657 7841 8203  0
7707 2170 7986 8034  0
2137 2106 7986 8034  0
2138 2137 7986 8034  0
6070 6071 6091 8054  0
5474 5496 7986 8034  0
2170 2138 7986 8034  0
8376 6528 6485 6527  0
7380 7310 7311 8014  0
4371 8368 4031 4372  0
2123 2092 2091 8354  0
3440 3816 3442 8353  0
2121 2153 2122 8354  0
2073 2105 2074 8241  0
2416 2417 7838 8108  0
6906 6905 6881 8232  0
6635 6634 7862 8338  0
2633 2668 7660 8172  0
5989 5990 6011 4847  0
8218 8272 6016 7871  0
8026 7781 5844 5845  0
4153 3816 3814 8108  0
3925 3577 3926 3922  0
4566 4565 7875 8204  0
5772 4684 5771 8215  0
5793 5810 5792 8121  0
1497 1496 1318 8195  0
1837 1822 7782 7824  0
6610 6611 7975 8213  0
1655 8203 1666 1656  0
7199 7264 8067 8304  0
8069 1827 8119 8242  0
7356 7426 7425 8267  0
5327 5308 5309 7721  0
4640 4639 5735 8338  0
1933 7721 1949 8182  0
7783 7598 8257 8441  0
3292 3291 8095 8368  0
4415 4429 8173 8349  0
686 732 733 8402  0
8166 7704 7904 7796  0
4857 3926 6074 4854  0
2527 7748 7927 1591  0
7657 7665 7696 8013  0
1051 1262 1261 7920  0
518 519 8011 8149  0
6920 6894 7828 8057  0
520 519 576 8149  0
4849 8107 4847 4253  0
8207 3418 3417 3796  0
6949 6950 6972 8043  0
7835 1357 1164 1360  0
1656 1657 7695 8203  0
7890 2846 8218 8294  0
1852 1851 7782 1836  0
7956 5487 8348 8406  0
2864 2863 2882 7890  0
2307 2308 2270 7977  0
5089 5074 5075 8016  0
7703 7546 7607 7608  0
3832 4172 3833 8019  0
1219 1411 1220 8421  0
2239 2204 2238 8260  0
4844 5967 4832 3905  0
5990 8120 4847 5989  0
3905 8120 4844 5967  0
7681 7949 8112 8427  0
7002 7734 7045 8298  0
625 392 391 8392  0
2201 8154 2235 7831  0
6011 8107 6033 6010  0
6327 6328 7752 8382  0
5437 5416 5438 8196  0
6964 8075 8213 6965  0
6915 6889 6916 8213  0
7729 7691 7987 8149  0
6915 6940 6914 8213  0
6052 6030 8148 8212  0
2602 7767 7781 8397  0
8039 7767 2600 7660  0
1470 1037 8097 8284  0
3439 3814 3440 8108  0
3291 3288 3287 8368  0
5986 8175 8107 5985  0
4153 4623 7903 8108  0
929 1162 1163 8345  0
760 7844 7827 8160  0
523 468 522 8250  0
1161 1162 928 8345  0
7740 7908 8248 963  0
3830 3829 7969 8078  0
4258 3925 4857 3926  0
3214 8209 1643 1634  0
6464 7805 8408 6465  0
7840 4917 6447 6446  0
6962 6940 6963 8213  0
4258 6093 4859 4857  0
8028 8412 7686 7671  0
4258 4259 4859 3927  0
4859 8212 6093 4258  0
5361 5362 5382 8136  0
8330 7786 8316 7780  0
7687 7652 8061 8141  0
5848 5849 7864 8074  0
6913 6939 8127 8213  0
4151 8108 4622 4152  0
6443 6454 6442 8395  0
5876 7746 7968 5852  0
958 7803 8164 959  0
6944 6967 6966 8075  0
7772 7718 8127 8247  0
8109 6116 6137 6117  0
4620 5704 5699 7806  0
5171 8069 8119 8242  0
1058 759 1059 8160  0
7826 4107 7833 8076  0
5843 5866 5842 8039  0
7935 8033 2989 2972  0
1946 1930 1929 8055  0
6964 6612 6611 8213  0
6173 8372 8339 6134  0
3416 3797 8137 8332  0
7247 7183 7248 8060  0
7335 7762 7793 7405  0
2108 2077 2076 8065  0
7113 7114 7182 8060  0
3008 3023 3009 8082  0
8270 4002 3681 3216  0
1255 7948 8266 8008  0
917 895 916 7723  0
810 1120 809 8392  0
5387 7709 5388 5408  0
1929 1945 1946 8055  0
2449 2448 3451 7908  0
7977 7943 8050 8266  0
1255 1445 8008 8266  0
1052 7776 1051 7899  0
8053 7804 3429 3804  0
8026 2707 8188 8428  0
7345 7275 7276 8169  0
6385 6400 8190 8254  0
1912 1930 1913 8055  0
770 771 8017 8198  0
6023 6001 6024 8064  0
8342 800 8284 737  0
5681 5680 5636 8204  0
5907 5883 5884 8295  0
6962 6963 6610 8213  0
7687 7652 8359 8236  0
2877 7672 8386 8325  0
6549 5643 6550 7921  0
7116 7185 7184 8060  0
601 602 545 8040  0
1410 1411 1219 8421  0
3705 4353 3269 8073  0
8252 6193 6174 8339  0
4593 5677 4602 7772  0
3799 3420 3421 7772  0
4090 4517 4080 7934  0
4677 7717 7737 4190  0
1731 1732 7725 8171  0
7903 7774 2421 8353  0
8075 6942 8213 6965  0
3293 1952 1969 8271  0
544 601 545 8040  0
5408 5409 5430 8065  0
1979 1997 7858 7907  0
4135 4602 4601 7772  0
6518 8434 7923 5662  0
8341 8420 6089 8054  0
7084 7147 7146 7900  0
1880 1879 1896 8059  0
2048 2047 2076 8065  0
2985 8105 8211 8299  0
6611 5708 5707 7975  0
5434 8139 7891 5433  0
7925 1231 1422 8012  0
4579 4118 4119 8162  0
2092 2123 2124 8173  0
7897 5745 5746 6669  0
3270 5179 4357 7782  0
7730 7727 8238 7955  0
5513 5490 5514 7849  0
3002 2987 2986 8299  0
3928 4860 3589 8372  0
3190 8394 3191 3181  0
8116 1193 1385 8086  0
4342 8336 3252 8255  0
6875 6876 8013 8433  0
2014 1997 1996 7907  0
7277 7834 7995 7347  0
7665 7880 7951 7963  0
5310 5311 5329 8271  0
6305 6304 7768 8184  0
5326 5307 7721 8269  0
8212 8135 2892 8054  0
6219 6200 7815 8211  0
7742 8006 7150 7151  0
7140 6813 7914 8071  0
7046 7734 7003 7999  0
2042 7666 7760 7907  0
6070 6069 6048 8420  0
1840 7918 8005 8069  0
6450 4921 4920 8390  0
5828 5827 5806 7746  0
7929 821 824 7830  0
185 214 169 8130  0
6658 7026 6659 8409  0
8104 3624 3620 3949  0
1383 1384 1191 7941  0
1422 1231 1230 8012  0
1274 7947 1063 1064  0
3463 3837 3464 8377  0
4411 4410 4398 8354  0
6403 6404 6416 7792  0
8418 7734 7804 7878  0
7235 7236 7305 8320  0
7677 7691 7729 7749  0
1411 1595 1412 8421  0
1249 1032 1031 8028  0
7673 6106 7967 8052  0
8288 6263 8358 6281  0
6675 8083 8102 6674  0
8108 4151 4622 7661  0
6154 6174 6173 8339  0
3421 4135 3799 7772  0
1034 1035 1468 8284  0
7841 1679 8035 8203  0
7407 7476 7406 8027  0
7408 7741 7409 8027  0
6110 8341 7690 6109  0
3016 3030 3031 7815  0
1098 795 796 7898  0
501 556 502 8322  0
1234 7925 1425 7997  0
7244 7936 8025 8029  0
4439 2121 2152 4438  0
6571 6790 6570 8191  0
7697 8336 8255 8150  0
6048 6026 6027 8135  0
7703 8317 7762 7793  0
8191 6737 6572 6791  0
2797 8175 2818 2798  0
5165 5166 5182 7782  0
4147 4617 4149 7661  0
5982 6004 5981 8319  0
4166 7727 8338 8238  0
2192 4446 4461 4447  0
5669 5674 6573 8199  0
2042 2013 7666 7907  0
574 575 518 8149  0
3067 3081 3068 8249  0
1382 8078 1564 1383  0
5059 7725 7940 8171  0
5409 5410 5431 8065  0
1939 1938 1955 7675  0
7737 7676 8072 8122  0
7154 7155 7212 7916  0
5008 4995 8035 8203  0
6010 8107 5989 6011  0
70 50 51 8361  0
2575 2538 2537 8343  0
7717 7694 7894 8103  0
7966 7728 8025 8303  0
3353 3360 3354 8406  0
8224 5371 8139 5392  0
7681 8100 7923 7755  0
6813 7140 7139 8071  0
1517 1126 1128 8001  0
5510 5487 7956 8406  0
689 975 953 8028  0
6430 7792 8395 7895  0
3498 7985 3503 2518  0
6752 7945 6753 7085  0
1488 2373 2372 8289  0
6316 8249 6299 6317  0
7545 7477 7478 8027  0
3191 3671 3192 8390  0
4152 4622 4623 8108  0
5757 8085 7896 7994  0
5238 5239 5257 7865  0
3063 3618 3623 8358  0
8098 2209 2243 2208  0
1768 7664 8090 8171  0
3013 3012 7685 7736  0
4712 4728 2544 8429  0
6184 6163 6164 7935  0
1758 1757 1771 8016  0
7408 7409 7478 8027  0
5782 8083 7996 7985  0
4173 3834 3833 7878  0
7359 7429 7428 7765  0
550 606 607 7796  0
2442 2441 3463 8377  0
7324 7323 8123 8296  0
6043 6022 6044 7714  0
6628 7667 6629 7688  0
5795 8240 5813 8121  0
6600 6601 6603 7661  0
8100 7172 7104 7755  0
7059 7058 7632 8220  0
5792 4726 7990 8121  0
7990 3871 8121 4726  0
1533 1353 1532 7774  0
5486 3347 8348 8406  0
7030 6662 7029 8081  0
1870 1871 1855 7865  0
5956 5934 5935 7771  0
4359 8126 7782 5215  0
1836 1852 1837 7782  0
7501 7734 7569 8298  0
5083 5068 5069 7971  0
2013 2012 7666 8136  0
4188 3849 3848 8103  0
6018 5995 5996 8218  0
5121 5120 8016 8119  0
5293 5273 5274 8368  0
2146 7893 8110 8384  0
8370 4803 3889 3537  0
5557 5534 7888 8406  0
5700 5701 4622 7661  0
5407 5408 8138 5387  0
6604 8127 6935 6605  0
1926 1910 1909 8227  0
2727 2759 2760 8373  0
6197 6198 6217 8002  0
785 1084 784 8118  0
809 877 623 8392  0
1091 1299 1298 8321  0
7635 7634 7609 7994  0
6036 7672 6057 8386  0
5101 8090 7664 8398  0
1113 838 839 8216  0
1496 2380 1495 8195  0
3375 3753 8097 8427  0
6011 8120 5989 4847  0
975 8084 974 8028  0
3291 3287 3290 8368  0
5294 5274 5275 8368  0
5957 7906 5980 5979  0
5482 5461 5483 8110  0
5216 5217 5234 8126  0
1089 1115 787 8321  0
2592 7985 3503 8121  0
1012 1229 8012 8183  0
2592 7985 2593 2557  0
5275 8095 5295 8368  0
1409 1593 1410 8307  0
1224 1415 1416 8179  0
2405 3419 3798 7655  0
5966 5967 5944 5945  0
5794 7990 8121 5793  0
7985 2592 3503 2557  0
8351 7861 5818 8318  0
1531 7838 8353 8206  0
3501 3498 7990 8121  0
6913 6887 8247 6886  0
6753 6499 6754 7945  0
7295 7942 7365 8030  0
3638 7752 3956 4894  0
7890 6064 7967 8294  0
6915 6914 6888 8213  0
3256 8336 3257 3253  0
4920 4921 4290 8390  0
7830 1164 7835 8345  0
947 963 7853 8248  0
3863 4202 4203 8128  0
7669 8001 8206 8392  0
4921 4922 4291 8390  0
8302 8343 7968 8074  0
5772 5771 6711 8215  0
6033 6053 6032 4852  0
3813 3814 3438 8108  0
1324 8233 8337 8202  0
519 575 576 8149  0
8431 7712 7853 7687  0
6138 6137 6117 8109  0
3440 3814 3816 8108  0
2415 3438 2416 8108  0
3439 2417 2416 8108  0
8253 6684 8228 8020  0
1468 8117 7877 8284  0
7001 7897 7044 7043  0
6156 6137 6157 8109  0
3811 4151 3813 8108  0
2154 2153 4440 8354  0
5253 3284 8015 8368  0
7929 7810 8313 8345  0
8410 6467 6484 8031  0
1163 1162 1357 8345  0
3623 3626 8382 8432  0
7875 7794 7808 7938  0
642 574 7965 8149  0
7691 7965 8011 8149  0
7658 8007 8302 8360  0
643 575 574 8149  0
6310 6311 8382 8432  0
7837 7964 8050 8266  0
455 8124 8118 454  0
7075 7074 7648 8215  0
7999 5746 4648 5747  0
7903 6610 7975 8213  0
6709 8215 8122 6710  0
8099 1367 8080 8197  0
6093 8212 6114 6092  0
2932 2950 2933 7789  0
4994 4995 5007 8203  0
5160 5143 4348 8144  0
2456 3457 3465 7980  0
7267 7268 7337 7793  0
6199 8002 6198 8211  0
3570 3567 3566 8386  0
4559 5666 4558 7829  0
7730 5740 5739 7969  0
6109 6130 6129 7690  0
5946 5945 5922 5921  0
5626 4550 4551 8076  0
6499 5616 5617 8006  0
4789 4230 4805 5901  0
5300 8114 5281 8366  0
4645 5740 7730 7969  0
7873 7988 8060 8316  0
6360 6361 7659 7747  0
2983 2982 2998 7848  0
6229 6248 6247 8082  0
1576 2501 2502 7974  0
2574 2537 2536 8343  0
5117 5133 7824 8090  0
723 722 1019 8166  0
7668 7683 7748 8330  0
7861 8351 5818 5800  0
5946 4832 3900 4818  0
5131 5130 7697 8158  0
3187 3188 3177 7840  0
3904 3905 3899 3547  0
7425 7845 7424 7972  0
26 8 16 25  0
1505 2400 3422 8137  0
4230 8000 3895 4805  0
5901 5900 4805 5923  0
1454 1455 2314 8331  0
3445 3446 2443 8079  0
5875 5900 5901 5876  0
573 574 517 7965  0
5484 5505 5483 8110  0
7683 7754 7814 8330  0
7688 7657 7817 7905  0
1130 1128 1127 8001  0
8239 3367 3373 2339  0
3529 8000 3535 3891  0
7712 7753 8030 8162  0
7703 7762 7778 8027  0
1121 8001 1124 7669  0
3900 8350 3905 4832  0
3195 7895 3186 3185  0
8336 1762 3254 8255  0
4818 8000 4805 3895  0
3891 3529 4226 3887  0
3520 8221 8142 5880  0
8404 7842 7729 7866  0
1859 1875 1876 8293  0
6158 6157 6138 8109  0
7659 6376 7747 7792  0
5799 5816 5798 8351  0
2625 8437 2660 4753  0
5798 7996 5816 5815  0
7996 5798 5816 8351  0
4264 7690 8352 6171  0
3501 3502 3498 8121  0
3384 3761 3760 8416  0
3498 3502 3503 8121  0
1337 8210 1338 1340  0
1125 1126 1123 8001  0
3900 8350 3895 3894  0
3438 3439 2416 8108  0
1362 1363 1167 8022  0
7110 7179 7178 8029  0
5911 5912 7771 8172  0
1355 1534 1535 8313  0
3821 3447 3446 8079  0
1377 7803 1184 1376  0
7676 7662 7845 8286  0
4872 6189 6190 8352  0
1420 1229 1228 8094  0
3894 8000 3891 3535  0
4640 5735 5736 8338  0
6189 6169 6190 8352  0
7785 5124 5123 5140  0
4372 4369 5293 8368  0
5734 5735 4639 8338  0
546 8040 491 545  0
1127 1128 1125 8001  0
6952 6951 6926 8278  0
4223 7746 4226 4775  0
2443 1552 7678 8079  0
7742 7706 7777 8187  0
403 7733 7909 829  0
1391 1199 1390 8044  0
3985 4296 3986 8395  0
3511 3876 2613 3517  0
6873 6872 7951 8278  0
1724 1712 1723 7991  0
5916 5940 5939 8442  0
4220 7976 4759 5829  0
669 7857 601 600  0
1670 1682 1671 7883  0
2871 8420 2890 8135  0
3072 3073 3057 7768  0
2800 2771 8175 8428  0
7381 7312 7382 8025  0
6376 6377 6391 7659  0
6150 6151 6170 8352  0
577 8149 7987 576  0
7157 7995 7653 7215  0
7552 7553 7879 7984  0
7885 1110 1109 7851  0
2159 2158 2191 8443  0
5355 3304 7701 8287  0
7364 7942 8030 7365  0
215 187 186 8439  0
1589 7735 1588 7843  0
1704 1705 1693 8244  0
4223 7746 3880 3885  0
699 8036 698 995  0
2540 2539 8058 8094  0
7589 7779 7588 7527  0
7981 1718 1731 1730  0
6635 7862 8238 8338  0
2378 7722 2379 8239  0
5423 5422 7693 8348  0
7684 7703 7896 8085  0
1017 1233 1234 7925  0
6390 6376 6391 7792  0
2601 2566 2565 7767  0
723 7719 677 8166  0
1572 1573 1394 7807  0
2148 2180 2149 8110  0
5932 5933 5954 8189  0
7529 7462 7530 7856  0
3026 7901 7685 3011  0
2612 2613 2577 8058  0
917 918 896 7751  0
8029 7728 7873 7936  0
6060 6039 6061 7890  0
7483 7777 7550 7482  0
4169 3829 4168 7969  0
3127 3126 3140 7747  0
3155 7792 3166 8024  0
8173 2064 8349 2094  0
1492 7963 1313 1314  0
3129 3143 3130 7659  0
7503 7734 7570 7502  0
3197 3666 3188 7840  0
5757 4669 5756 4670  0
451 387 386 8417  0
5636 7932 8204 8289  0
5303 5304 5323 8407  0
2370 1486 2371 7875  0
3041 3056 3042 7685  0
7058 7631 7632 8220  0
6663 7077 7078 8159  0
394 812 393 8021  0
1839 1838 1854 8005  0
7470 7401 7471 7769  0
6216 6232 6215 7685  0
3775 3776 4109 7826  0
6766 6538 6792 8032  0
6362 6363 6379 7659  0
7424 7493 7423 7845  0
4941 4930 4931 8209  0
6392 6391 7659 8024  0
6895 8043 6922 7880  0
3979 3669 3668 8390  0
4514 4079 4536 8262  0
6777 7107 7106 7847  0
8262 5557 5577 7888  0
1253 2343 1252 8378  0
4345 5126 4017 8144  0
5606 6481 6480 7988  0
2356 2355 7812 7902  0
3026 3042 3027 7685  0
4624 5704 4620 8418  0
3472 3843 3844 8085  0
2131 2132 2100 8291  0
6392 6378 6379 7659  0
7305 7375 7374 8320  0
5559 5536 5560 7888  0
7382 8246 7452 7451  0
1020 1236 1237 7937  0
8067 7198 7262 7263  0
4137 4132 8053 8199  0
7388 7318 7319 8399  0
2539 1603 7759 8094  0
6342 6341 6326 7752  0
2125 2157 2126 8349  0
6311 6327 7752 8382  0
1957 8366 1940 7675  0
6289 6305 6304 7768  0
5186 5185 7918 8005  0
6752 7945 7900 6753  0
1055 755 7917 8181  0
1531 7838 8206 1529  0
6216 6233 6232 7685  0
3389 3765 3388 7902  0
8362 1596 1412 1413  0
2241 2206 2240 7832  0
143 142 8393 8130  0
5281 8114 8227 8366  0
3388 3387 2356 7902  0
2398 7731 3400 1484  0
7408 7477 7407 8027  0
7754 7745 7654 7763  0
3027 3042 3043 7685  0
5177 5193 5176 8073  0
7261 7330 7260 7769  0
6109 6129 6128 7690  0
8357 7712 8088 7839  0
2421 8276 2427 2422  0
453 452 509 8124  0
1798 1812 1813 8119  0
7878 3435 7939 8418  0
3769 4102 3768 8280  0
2099 2069 2068 8291  0
2603 2567 2602 8397  0
627 924 628 8021  0
782 1081 781 8417  0
6660 6679 6678 8091  0
6608 5703 5702 8127  0
1931 1930 1946 8269  0
1838 1823 1837 8005  0
7729 7950 7749 7807  0
8358 6279 6296 6280  0
493 492 547 8077  0
7850 6621 8355 6622  0
5423 7666 8291 8348  0
7742 7834 8169 7984  0
7963 1492 1313 8277  0
478 7787 7786 7899  0
8317 7762 7857 7684  0
7749 7946 7950 8404  0
8326 4992 4993 7715  0
3511 3876 3872 7976  0
3462 3866 3836 7800  0
2469 8068 2433 2468  0
6216 8002 6233 7685  0
3041 3055 3056 7685  0
2622 4751 4750 8437  0
6707 6706 7071 7737  0
7772 6589 6593 6575  0
3092 3078 3091 7884  0
1313 1491 1312 8277  0
1911 8055 8063 8227  0
7727 4167 8186 7969  0
656 655 702 7809  0
7909 7733 934 8388  0
7599 7035 7598 8257  0
7553 7879 7984 8381  0
8137 1506 8233 8337  0
1062 1063 1273 7773  0
2473 8178 8197 8205  0
8349 2097 8443 2127  0
4913 7840 6447 6434  0
3235 3239 1699 8326  0
4350 8073 4353 5178  0
6152 6130 6131 7690  0
3336 2067 7693 8348  0
4143 4608 4611 7962  0
6686 6685 7757 8253  0
8223 669 7857 601  0
5961 5962 8175 8442  0
2317 2318 2280 7926  0
3026 3041 3042 7685  0
1911 1912 1895 8055  0
5767 4680 4679 7737  0
4188 4187 4675 8103  0
196 197 225 8439  0
7104 8100 6775 7105  0
8059 5194 5195 8073  0
6303 6320 6319 8184  0
7830 7810 7874 7929  0
7952 7879 8072 8381  0
8260 7832 7852 2275  0
2484 3472 2485 8085  0
7655 3803 4138 3800  0
7903 3816 8108 8353  0
3027 3013 3012 7685  0
3025 3041 3026 7685  0
169 170 197 8439  0
1289 2358 2357 8049  0
7683 7779 7856 8296  0
6388 6389 6403 7792  0
7665 8195 7921 8013  0
2464 2428 2427 8129  0
2538 8058 2539 7759  0
6964 6611 6963 8213  0
6811 6558 6812 8236  0
6827 6577 6828 8247  0
7368 7942 7437 7367  0
834 7733 832 7885  0
7758 7403 7762 8067  0
1384 8078 1565 8324  0
1440 1624 1575 8086  0
4131 4136 3797 8137  0
3993 3203 3204 7695  0
2818 7919 8175 8319  0
1889 7865 8114 8293  0
3301 2007 4034 8224  0
1950 8271 1967 1968  0
4567 4525 7819 8289  0
6924 6950 8043 8278  0
7813 990 7886 8165  0
7040 7077 7651 8159  0
2881 2862 7672 7890  0
2484 3471 3472 8085  0
3012 3011 3026 7685  0
4668 5750 8311 8404  0
6073 6052 6074 8212  0
3545 3560 2804 7871  0
3292 1919 3291 8368  0
4032 3297 1988 8200  0
7029 8409 7028 7592  0
6142 6143 6162 8105  0
5041 5042 7981 8244  0
8127 6910 6935 6936  0
5767 5766 6707 7737  0
4496 7819 2299 2300  0
8435 4815 4816 4800  0
4559 4112 8207 8425  0
6345 6346 6361 7659  0
7883 5013 8244 5000  0
3717 4032 4373 8200  0
8213 7774 7810 8276  0
3129 3130 3118 7659  0
3114 3102 7747 3115  0
2894 3581 3577 8212  0
834 7733 7963 832  0
1421 1420 1604 8094  0
7342 7341 7742 8187  0
7111 7180 7179 8029  0
5424 5425 5445 8291  0
6269 6252 6253 7685  0
5716 5709 5710 7975  0
532 7780 589 533  0
2207 7832 8048 2206  0
2964 2980 7736 8109  0
5786 5801 5800 7861  0
3841 8009 3842 3468  0
6059 6079 6058 7672  0
4368 8271 5292 8182  0
5182 5199 5198 7782  0
7709 2047 8065 8422  0
5431 8034 8241 8065  0
6025 8420 8064 8135  0
6745 7702 7724 8132  0
665 7713 664 711  0
5911 5910 5888 7915  0
5854 7746 5829 4759  0
1748 3243 8016 8279  0
5060 5059 7940 8171  0
7042 7627 7628 7897  0
5326 5345 5325 7858  0
7668 7670 7786 7928  0
4926 6455 6456 8395  0
1661 1652 1651 8275  0
5265 8227 8063 8055  0
420 421 356 7787  0
6609 5705 5703 7903  0
8073 3265 3703 1834  0
789 8357 1092 7839  0
4963 4317 4976 8275  0
4789 7968 7746 4226  0
824 1331 822 7929  0
7686 7723 8118 8251  0
8120 4844 5967 5966  0
7006 7007 6639 8238  0
5857 8240 5833 5834  0
8096 8260 2272 8323  0
6938 6960 6937 8127  0
7093 6760 6761 8101  0
2701 2700 2733 8172  0
7930 7310 7309 7379  0
5618 6500 5617 8006  0
3129 3118 3117 7747  0
7403 7473 7472 7758  0
3291 3290 3295 8368  0
1255 1254 1044 8008  0
353 748 747 8365  0
7382 8246 7381 8025  0
2382 3403 1501 8113  0
1688 8035 1700 1689  0
6494 6495 6749 7679  0
5202 5220 5219 8005  0
6572 6526 8376 8410  0
2663 2664 8240 8295  0
6877 8013 8433 8230  0
3507 2556 2555 7716  0
1436 1619 1620 8237  0
4416 4417 4430 8349  0
96 8393 75 97  0
1937 7701 7933 8095  0
8368 4030 4031 4369  0
717 718 671 8223  0
34 11 35 45  0
1999 2018 7709 8422  0
4981 4970 4982 8203  0
3534 2692 3528 8221  0
5127 4349 4347 8150  0
1785 7692 8016 8119  0
5002 5015 5014 7811  0
1177 1196 1370 8156  0
2096 2095 2127 8349  0
3232 1687 1675 8326  0
399 821 819 7924  0
6568 6481 7953 7988  0
1088 1087 1114 7784  0
1005 8362 8047 1221  0
7720 8266 7948 8008  0
1903 1904 1887 7933  0
2973 2991 2974 8033  0
5854 7746 5877 5853  0
2954 8052 8105 7935  0
5670 4595 5671 8137  0
6690 6689 7054 8007  0
421 477 7786 7787  0
6633 6634 5735 8338  0
2269 2307 2270 8154  0
5736 6634 6635 8338  0
6889 7881 8213 8145  0
4642 7969 4643 4167  0
5362 5342 5363 8136  0
6887 6913 8247 8213  0
2537 2538 7759 8343  0
6941 6940 6915 8213  0
8219 5624 5623 8101  0
578 522 521 7987  0
1043 744 1044 8008  0
4124 3790 8061 8141  0
2913 2930 7789 8325  0
3140 3141 7747 7792  0
5064 5051 5065 7991  0
5885 5860 5861 8134  0
5876 5875 7968 8000  0
3579 3578 8297 8325  0
3885 4223 3522 3887  0
4432 4418 4433 8443  0
7796 676 7904 8166  0
4366 4369 4030 8368  0
3418 7790 8053 8207  0
4360 4025 4027 8309  0
7746 5825 8302 7968  0
4090 4080 3379 7934  0
3072 3085 3086 7768  0
7657 8079 8377 7678  0
554 610 611 7719  0
6627 6990 6991 7905  0
8088 1092 8321 1299  0
6779 6523 6780 8268  0
6238 6239 6258 7970  0
3601 3602 3598 8339  0
1310 7794 7938 7874  0
2355 3387 7887 7902  0
5034 5049 5048 7991  0
3129 3128 7659 7747  0
5191 5208 5207 8389  0
7675 1940 8114 8366  0
2541 2542 1606 7770  0
6646 7946 8259 8404  0
7635 7609 7610 7994  0
7010 7730 7573 8143  0
513 458 457 7885  0
5853 5854 5827 5828  0
7261 8067 7262 7769  0
7267 7337 7336 7793  0
6361 6345 7659 7747  0
1372 1359 7854 7878  0
1563 8078 2452 1564  0
3430 3432 8367 8396  0
7700 7702 7724 7911  0
7771 8189 5955 7915  0
2988 7876 7935 8299  0
5764 4676 5763 8103  0
2444 2445 1557 8079  0
1976 7872 1977 1960  0
3575 3578 3579 8325  0
3190 8305 3665 8390  0
942 8125 904 903  0
7626 8155 7564 7565  0
5542 5543 5566 8260  0
2441 7678 2442 1551  0
2020 2019 2049 8139  0
2850 2830 2829 7714  0
3256 3260 3257 8150  0
7629 7897 7628 8298  0
2795 7906 2815 8319  0
5360 5361 7666 8136  0
6253 6269 7685 7768  0
5988 5987 5964 8120  0
5998 5997 5975 8177  0
5576 4516 5593 7934  0
7708 8030 8334 8230  0
7403 7472 7402 7758  0
1332 1329 1331 7938  0
1479 1251 2341 8378  0
2827 2828 2809 8177  0
7782 3270 3267 3271  0
3837 4158 3819 8377  0
1096 1095 793 8167  0
6172 4868 6173 8339  0
7298 7229 7299 8071  0
7887 1285 1284 2353  0
752 751 357 7787  0
2504 3491 7892 7974  0
600 601 544 8040  0
1113 839 1114 7784  0
7682 8317 7724 7679  0
2635 2636 7660 8039  0
2524 7843 8115 8318  0
7835 1543 8022 8068  0
2270 2307 7977 8154  0
5839 5863 5862 8172  0
3142 3143 3129 7659  0
6633 7862 8338 8201  0
7829 4591 5668 8207  0
2325 1466 2346 7934  0
6411 8045 8190 6412  0
7356 7425 7355 8267  0
7408 7478 7477 8027  0
8115 2558 7985 2521  0
1601 8264 1417 1600  0
3810 7804 3435 8418  0
5836 5815 8051 8240  0
8045 6438 6439 6426  0
5604 7988 7977 5605  0
2284 8217 2248 2283  0
6280 6279 6262 8358  0
1579 1387 1578 8156  0
2671 2670 2704 8039  0
3151 3163 7792 8254  0
6452 4922 6451 8390  0
2245 2210 2244 7959  0
4192 4679 4680 7961  0
7713 7654 7870 7882  0
7671 7816 7686 8028  0
5218 8005 5201 5219  0
7998 8046 8060 8399  0
1108 1314 1107 7963  0
7343 7984 7413 7742  0
1897 1913 1914 7931  0
3820 8377 3819 7688  0
1349 1151 1348 7669  0
2821 2801 2800 8107  0
6278 6261 6279 8358  0
4147 3811 3809 8367  0
3065 6281 8288 8358  0
1731 1744 1732 8171  0
2942 8341 2925 2924  0
8243 8068 8163 7818  0
2664 2663 2697 8295  0
6833 8057 8379 6834  0
7785 1829 8010 8242  0
6989 7817 6626 7696  0
5845 5869 5868 8026  0
1726 1725 1738 7971  0
994 995 698 8036  0
7761 7698 7681 7730  0
2236 2237 7831 8323  0
5282 5281 8227 8366  0
3414 7877 2393 8117  0
3391 3768 3767 8280  0
3669 8305 3668 8390  0
5692 6598 6600 7661  0
7755 7235 7761 8320  0
5244 5226 8063 8389  0
1140 1135 876 7868  0
7726 7790 7868 7738  0
1928 1929 1912 8055  0
535 8231 592 8151  0
6244 6208 6226 8185  0
305 8436 338 287  0
2700 2666 2699 8134  0
6705 7879 7069 7737  0
1596 8362 1412 8421  0
7302 7372 7371 7983  0
6451 7895 6452 8390  0
4933 4934 4944 7695  0
6908 6935 6601 7661  0
3000 2984 2999 8211  0
8149 7807 7729 8344  0
1636 1645 1646 7695  0
4386 8173 2062 2033  0
2062 2061 2092 8354  0
4499 3741 3744 7836  0
3242 3246 1723 7991  0
5248 7931 8055 8059  0
5826 8302 5825 6730  0
7578 7577 7516 8259  0
5122 8119 5137 5121  0
1440 1249 1248 8086  0
1736 1724 7991 8255  0
8015 3288 8368 1901  0
6859 6908 6598 7661  0
6269 6287 6268 7768  0
257 228 274 8439  0
8085 5758 8315 7994  0
786 8118 805 8251  0
3954 8104 4271 3952  0
2147 2116 2115 8384  0
7060 7059 7633 7896  0
3794 2399 8207 8425  0
3445 3464 3819 8377  0
2956 2955 7935 8052  0
2512 2553 2513 8225  0
681 7750 8322 8411  0
3470 2480 2479 8009  0
2452 3454 3455 8078  0
6579 5671 5672 7808  0
7684 7704 8085 7925  0
2420 1531 2418 8353  0
8065 2047 8241 8422  0
4112 4559 4558 8425  0
6769 6513 6770 8042  0
7932 7880 7794 8277  0
6107 7967 7673 6106  0
1792 1777 1791 7697  0
1540 2432 1541 8068  0
3217 3218 3213 8270  0
5180 5198 5197 7782  0
1750 1764 1751 7971  0
7949 7889 8342 8097  0
5613 7679 8328 6495  0
5878 4773 4788 3526  0
5587 5567 5568 8281  0
5136 8090 5135 5120  0
6741 6818 6817 7711  0
3781 3403 3782 8113  0
401 400 323 7924  0
5909 5908 7915 8189  0
6303 6287 6288 7768  0
2389 8061 3411 7687  0
3994 3995 4304 8346  0
4695 4713 4694 8310  0
4413 4427 4426 8354  0
3146 3147 3133 8300  0
5843 5842 5821 8039  0
6412 6413 6425 8045  0
5254 8126 5253 5235  0
8216 861 7784 8125  0
2989 2971 2988 7935  0
3615 3610 3609 8185  0
1591 1590 2526 7843  0
3603 8082 3602 3007  0
4865 4868 6172 8339  0
7661 7655 8108 8367  0
7242 7312 8014 8025  0
1010 1009 7912 8087  0
6547 5640 5641 8380  0
759 7827 7844 365  0
7836 3740 4466 3741  0
1876 1877 1860 8063  0
1276 7947 8208 1275  0
5681 5636 7932 8204  0
7206 7205 7148 7945  0
782 387 388 8417  0
2016 1997 2015 8423  0
8401 2782 3555 4825  0
6188 6205 6187 8033  0
3638 3641 3642 8306  0
700 654 653 7928  0
3252 3248 4342 8255  0
255 272 226 8439  0
3625 7752 3630 3631  0
6646 7013 7014 8259  0
8343 8058 2538 7759  0
7283 7352 7282 7845  0
7691 7863 7869 7965  0
1348 1151 1150 7669  0
5907 5908 8189 8295  0
7775 7668 7728 7954  0
3861 3862 7974 8426  0
1383 1564 1565 8078  0
6103 6104 6124 8052  0
2136 2135 2168 7986  0
5915 5916 5939 8442  0
2976 2975 3600 8352  0
498 497 552 7904  0
4324 4007 5017 7725  0
495 550 496 7802  0
2015 1997 7907 8423  0
2938 2956 7673 8052  0
2726 8142 8221 8373  0
7268 7269 7338 7741  0
449 448 7922 8424  0
349 8153 348 8415  0
4171 7999 4172 8019  0
5613 7679 6495 5612  0
7120 7119 6790 8123  0
779 778 384 8424  0
4413 4412 4400 8354  0
2912 2929 2930 8325  0
3837 4176 4158 8377  0
6239 6259 6258 7970  0
6262 6279 6261 8358  0
4926 4295 4925 8395  0
6604 8127 5701 7661  0
7295 7294 7166 8030  0
6004 6003 7906 8135  0
7921 8013 6850 8278  0
7892 3864 8019 8128  0
6375 6376 6389 7792  0
779 1079 1078 8424  0
2303 2265 2302 7964  0
4400 4399 4385 8354  0
1169 1365 1170 8099  0
4296 4295 4926 8395  0
7206 7207 7271 7945  0
1896 1913 7931 8059  0
6771 7101 7761 8369  0
3957 3636 7756 8400  0
2487 7894 7997 3475  0
7673 6149 8033 8352  0
4173 4172 4649 7999  0
6379 6393 7659 8229  0
7830 402 827 7909  0
1474 7889 8097 8342  0
3342 3348 7956 8348  0
5810 5811 5831 8405  0
7700 7773 7822 8160  0
1855 1871 1872 7865  0
5203 5204 5221 7865  0
3035 3036 3611 8185  0
5204 5222 5221 7865  0
1456 2316 2315 8331  0
7370 7300 7301 8071  0
2325 7911 2324 1465  0
5075 5076 5090 8016  0
7512 7730 8143 7511  0
5257 5239 5258 7865  0
8305 3658 3663 4911  0
8063 5210 8010 5209  0
8127 6913 8213 8247  0
4925 4924 6454 8395  0
7328 7398 7397 7763  0
5284 5264 5265 8055  0
6977 6978 6990 7905  0
861 840 7784 8222  0
986 973 985 8344  0
7800 8099 8197 7665  0
7615 7616 7879 8381  0
5759 7994 8106 8315  0
2456 3457 7980 8324  0
7988 7993 8060 8316  0
6833 6867 6866 8379  0
7855 8017 8214 8317  0
2012 2013 1995 8136  0
3152 3164 3153 7792  0
7545 7703 7778 8027  0
530 586 7786 7928  0
1498 1500 1501 7784  0
2646 2647 2611 7746  0
2018 2047 2048 8065  0
6234 6253 7685 8002  0
2646 2610 2645 7746  0
2020 2002 2019 8139  0
1909 1892 1891 8227  0
1837 1821 1836 7782  0
2113 7893 2081 2112  0
6832 6581 6582 8379  0
1837 1822 1821 7782  0
5854 5853 5827 7746  0
1355 1356 1161 8313  0
1410 1594 1411 8421  0
7660 5864 5841 5840  0
3072 3056 3071 7768  0
3572 7672 8386 2878  0
8086 2501 1624 1575  0
3471 3499 3868 7770  0
7323 7253 8123 8296  0
7650 7077 7076 8159  0
397 817 815 8066  0
6779 6780 7109 8029  0
3508 3514 3509 8405  0
5164 5165 5181 7782  0
2367 2328 2327 8332  0
5112 5113 5128 8150  0
1249 1031 1248 8028  0
3510 8240 2627 2592  0
2686 2721 2687 8401  0
8082 6227 8185 6228  0
5062 5075 7940 8016  0
6226 6245 6244 8185  0
6288 6289 6304 7768  0
5182 5198 5181 7782  0
3211 3999 1633 7825  0
1259 1450 1449 7960  0
3504 7699 3873 7770  0
8184 3110 8300 8347  0
545 490 544 8040  0
6022 8294 6043 6021  0
6270 6287 6269 7768  0
763 1063 7773 7947  0
7677 7681 7691 7749  0
2796 2767 2766 8319  0
2432 2433 1541 8068  0
5694 5692 6600 7661  0
3865 7892 3493 3864  0
2092 2061 2091 8354  0
5198 5215 5197 7782  0
6500 6755 6754 8006  0
743 744 8008 8415  0
6783 6563 6564 8170  0
5220 5203 5221 7865  0
8331 2278 7926 2316  0
8149 7807 8344 8391  0
1743 1731 1730 8171  0
485 486 7827 7870  0
7771 2732 7915 8172  0
4789 7968 8000 5876  0
8432 4886 6310 6277  0
4054 2097 3333 8443  0
3609 3943 3614 8185  0
6506 5624 6507 8101  0
4920 4919 6449 8390  0
2680 3529 3522 3887  0
2611 2576 2575 8343  0
2808 2788 8177 2809  0
1854 1870 1855 8005  0
5075 5090 5089 8016  0
5258 5239 5240 7865  0
2346 3379 3371 7934  0
5105 5106 7692 8016  0
7683 7766 8091 8409  0
4542 8414 5617 4541  0
8275 3219 3222 1663  0
452 387 451 8417  0
8252 6212 6213 6194  0
1466 7911 2325 1465  0
1657 1667 7841 8203  0
6099 6078 7789 8325  0
5240 5223 5241 7865  0
7734 7726 7765 8004  0
4433 4418 4057 8443  0
5603 5582 5583 7977  0
6702 7066 7879 8106  0
1011 714 1010 8183  0
7194 7663 7126 7195  0
5936 5935 5912 7771  0
1187 1380 7740 7908  0
8005 1868 8015 8126  0
5252 4360 4027 8309  0
983 972 7965 8344  0
1177 1178 7854 8156  0
6692 6723 6691 8360  0
3050 3065 8288 8358  0
2441 7800 2440 3462  0
4202 7892 8128 3863  0
834 833 835 7885  0
5351 5371 5370 8374  0
1981 1998 1999 8423  0
1842 1856 1857 8069  0
7379 8014 7310 7380  0
1238 1022 7937 8131  0
8360 7684 7658 8220  0
5290 7721 5309 5289  0
3071 3084 3085 7768  0
1096 1097 1304 8167  0
3836 7800 3463 3462  0
1454 7852 1453 7920  0
1742 1754 1755 8171  0
5056 5057 5070 7981  0
1284 1074 1285 8176  0
2000 1981 1999 8423  0
2730 2729 2762 8189  0
880 879 901 8216  0
4199 4200 3860 7974  0
8108 7661 3811 4151  0
5208 5226 5225 8389  0
611 610 679 7719  0
7871 2786 8370 8387  0
5488 5511 5510 7956  0
2018 2017 2047 8422  0
5440 5439 5418 8384  0
6386 6400 6385 8254  0
4251 3904 3561 8120  0
1696 1707 7725 7811  0
8052 2954 2955 7935  0
427 428 7844 7882  0
4904 6411 6397 8190  0
2147 2148 2116 8110  0
5567 5566 5543 8260  0
7720 7728 7837 8029  0
6399 8045 6400 6412  0
6015 5992 5993 8272  0
7709 1981 7721 1982  0
869 890 870 8167  0
3605 3609 3606 8185  0
5975 5952 5953 8177  0
6852 6851 6805 8433  0
3963 3645 4277 8190  0
650 7797 581 8036  0
4614 5692 5694 7661  0
2877 3576 8325 8386  0
4919 8305 6449 8390  0
465 409 408 8375  0
7805 6487 8245 8263  0
1897 1881 1896 7931  0
3623 3618 3617 8358  0
5679 6582 6581 8379  0
4176 7800 4175 4665  0
3619 3618 3063 8358  0
3836 4176 3837 8377  0
7808 5670 6578 5671  0
7754 7683 8316 8330  0
2662 2663 8240 8295  0
5326 7721 7858 8269  0
7829 4558 4557 5633  0
396 397 815 8066  0
4698 4655 4656 7705  0
379 444 380 7791  0
4631 5706 5707 7975  0
7866 7842 8311 8404  0
6055 6056 6075 8325  0
8195 7753 7708 7657  0
418 474 475 7670  0
1925 1908 8114 8227  0
8271 1950 1949 8182  0
7270 7339 7269 7741  0
7464 7795 7465 8161  0
7076 7075 7649 7979  0
5120 5104 8016 8090  0
5917 5895 5918 8026  0
3043 3057 7689 7768  0
4400 4412 4399 8354  0
5843 5867 5866 8039  0
3387 3763 7887 7902  0
2937 2920 2919 8052  0
2673 2639 2638 8026  0
2302 2265 3365 7888  0
2451 8078 2452 7740  0
8082 6227 6228 6210  0
2060 2061 2031 8354  0
1078 8049 7812 8424  0
6598 6908 6601 7661  0
5205 5189 5206 8242  0
4641 5736 8238 8338  0
1423 1424 1232 7925  0
4644 5740 4645 7969  0
2913 2896 2895 8325  0
2865 2864 7890 8294  0
6944 6966 6943 8075  0
3175 3176 7792 7895  0
6218 6234 6217 8002  0
187 172 171 8439  0
5934 5911 7771 7915  0
3601 3598 3597 8339  0
2996 3013 2997 7736  0
1703 1715 1704 7957  0
4887 8400 3954 6308  0
2126 2158 2127 8443  0
5709 5708 6612 7975  0
8114 1925 8227 8366  0
7882 7822 7844 7754  0
2901 2884 7890 7967  0
419 355 7670 7787  0
3593 3598 3599 8339  0
8048 8098 5524 5546  0
6288 6287 6270 7768  0
2199 2233 2234 7978  0
7529 7591 7590 7856  0
7828 6615 8075 8163  0
5698 5697 6603 7661  0
1106 7733 7874 830  0
2101 2132 2102 8291  0
5810 5831 4758 8405  0
8091 6662 7029 6661  0
4865 3597 3932 8339  0
2937 2919 2936 8052  0
5698 6603 6604 7661  0
4892 4275 4895 7756  0
572 516 515 8234  0
6479 7977 7988 8170  0
2303 2266 2265 7964  0
2606 2570 2605 8003  0
3388 3765 3764 7902  0
7882 7822 7654 7844  0
6215 6216 7685 7736  0
2302 2344 1443 7964  0
6634 6997 6998 7862  0
8302 7976 8343 8360  0
922 626 625 8392  0
5742 6643 7730 5741  0
5983 6004 5982 8319  0
5198 5216 5215 7782  0
5483 5462 5484 8110  0
2132 2133 2102 7849  0
6609 6961 6962 8127  0
3587 8325 8109 2929  0
1493 1492 1314 7963  0
7881 6867 8057 8379  0
4411 4398 4399 8354  0
7906 6025 8064 8135  0
6604 6601 6935 7661  0
6815 7711 6739 6816  0
3154 7659 3141 7792  0
5789 5808 5807 7976  0
4296 4927 4297 7840  0
5780 8340 7990 5754  0
5998 5997 8177 8294  0
7478 7703 7546 8027  0
7625 8155 7564 8159  0
3999 3207 1633 7825  0
6738 6739 6815 8376  0
3603 8252 2977 8339  0
4384 4399 4398 8354  0
4366 4367 4369 8368  0
7867 7767 7927 8397  0
6454 7895 8395 6453  0
3932 4868 4865 8339  0
5553 5531 5554 8408  0
7776 7754 7899 8181  0
499 554 7791 7904  0
7408 7741 8027 7338  0
7680 1957 7675 8366  0
726 679 725 7719  0
3812 7878 3437 3815  0
392 315 393 8021  0
8278 6951 6950 7850  0
6603 6601 6604 7661  0
5960 5983 5982 8319  0
4649 4627 4173 7999  0
3579 3576 3575 8325  0
7814 7867 8307 8421  0
3190 3670 3191 8390  0
5917 5916 8438 8442  0
5205 8069 8242 8293  0
3780 2381 3402 8195  0
1782 1768 1767 8090  0
7989 6346 7747 7659  0
679 610 678 7719  0
7672 2895 2878 2896  0
3658 3659 3968 8305  0
7655 3420 3799 7772  0
2795 2815 2816 8319  0
2834 2835 2816 8319  0
2921 2938 7673 8052  0
6125 6105 6106 8052  0
7747 6375 7788 7792  0
5694 4617 4614 7661  0
5364 5385 7907 8138  0
848 869 8167 8431  0
3933 3598 3593 8339  0
3797 4113 4131 8332  0
5795 8240 7996 5813  0
3593 3599 3594 8339  0
2867 2849 2848 8294  0
4136 4135 3421 7772  0
6784 6564 6565 8170  0
2129 2160 3339 8443  0
3081 3067 3080 8249  0
7597 7033 7783 8228  0
5576 5575 7836 7934  0
2063 2093 2094 8173  0
8377 8079 2443 7678  0
8362 7867 8421 7982  0
4411 4399 4412 8354  0
1652 3215 7825 8275  0
4414 4401 4402 8173  0
6893 6869 6894 8057  0
1996 1995 2014 7907  0
5964 5943 5965 8120  0
7610 7636 7635 7994  0
7091 7092 7154 7916  0
6004 6026 6003 8135  0
7748 1216 1215 7809  0
6565 7873 7988 6785  0
5661 6517 6516 7923  0
4982 4995 4994 8203  0
3421 3420 3422 7772  0
8212 8135 6049 7919  0
4914 8305 3663 4911  0
346 8153 347 741  0
3980 3979 4290 8390  0
4921 6451 4922 8390  0
2094 2093 2125 8173  0
7696 4176 8377 4632  0
4171 4172 3832 8019  0
7610 7549 7611 7994  0
1123 8001 812 1125  0
7661 6600 5697 6603  0
2991 3006 3604 8033  0
2689 4767 4783 8435  0
3671 7895 3192 8390  0
4292 4291 4922 8390  0
880 901 8125 8216  0
6081 6062 6082 7890  0
6068 6047 6069 8420  0
8326 4992 5005 4993  0
7601 8007 7037 8257  0
4441 4440 4427 8354  0
6069 6047 6048 8420  0
2854 2872 2873 8135  0
6025 7906 8064 6024  0
6172 6173 6191 8339  0
2834 8135 8319 7906  0
545 491 490 8040  0
6297 6281 7884 8358  0
2476 3466 7950 8044  0
3190 3665 3669 8390  0
3043 3028 7685 8002  0
3980 3981 3670 8390  0
6174 8252 8339 8372  0
6068 6067 6046 8420  0
8092 4162 3823 4163  0
2884 7890 7967 8294  0
1356 1357 1162 8345  0
6477 6478 6564 8170  0
799 7898 8234 8284  0
5236 5218 8015 8126  0
1634 1626 1625 8209  0
6186 6166 6167 8033  0
7780 7809 588 657  0
7732 7668 7748 7809  0
7709 5369 8374 5368  0
7801 8219 7653 8280  0
7858 7709 7721 8138  0
5174 5190 5173 8242  0
5675 7772 4601 5676  0
3039 3053 3054 8290  0
7672 2896 7789 8325  0
3339 4057 2129 8443  0
599 667 668 8087  0
4411 4412 4425 8354  0
3043 7685 7689 8002  0
385 450 8417 8424  0
5366 5386 5365 8138  0
1315 1109 7851 7963  0
2464 2465 2428 8129  0
5307 5326 5325 7858  0
947 908 946 8248  0
7753 7712 7803 7839  0
3435 3437 3812 8418  0
837 836 858 8216  0
6089 6088 6069 8420  0
6373 6387 6372 7788  0
8388 899 937 569  0
667 713 714 8087  0
2078 8139 8065 7891  0
6048 8054 6070 8420  0
5200 5218 8005 5201  0
2239 2205 2204 8260  0
6513 5658 6514 8042  0
4430 4444 4443 8349  0
1219 7814 1220 1003  0
8092 4165 8186 8338  0
3796 3795 3417 8207  0
4175 4665 7800 8178  0
8068 7828 8075 8163  0
5364 5385 5384 7907  0
2321 1462 7700 8192  0
1453 7852 2313 2312  0
1742 1730 8171 1743  0
8207 3417 3415 3795  0
2673 2674 2639 8026  0
7762 7703 7793 8027  0
1057 7844 7913 7944  0
8138 5345 5364 5365  0
3084 3085 7768 8184  0
5904 5881 5905 8221  0
1123 811 812 8392  0
7750 729 682 683  0
5700 6604 5701 7661  0
6182 6161 8105 8211  0
5995 5973 5996 8387  0
2274 2273 8096 8260  0
4818 8000 5922 5923  0
6726 6725 6716 8253  0
7528 7460 7461 7856  0
7657 8195 7784 8216  0
5132 5117 5133 7824  0
5034 5048 5033 7991  0
5676 4602 5677 7772  0
5059 5073 5072 8171  0
3802 3427 3804 8053  0
7863 7969 7727 8078  0
6585 6584 7932 8057  0
5480 5479 5458 7893  0
7086 7087 7149 7945  0
6879 7165 6904 8030  0
7571 7000 7508 7955  0
5411 5390 5391 8139  0
7949 7898 7698 7877  0
6453 4924 7895 8395  0
6025 6047 6046 8420  0
7148 7149 7206 7945  0
7376 7377 7446 8320  0
7374 7375 7444 8320  0
7666 5404 7760 7907  0
2019 7709 8065 8139  0
3384 3383 2352 8416  0
1240 1023 8131 8411  0
7818 8243 8178 8355  0
1411 1594 1595 8421  0
3814 3813 4152 8108  0
7487 7952 7417 7418  0
6212 8252 6213 7901  0
6549 5642 5643 7921  0
8218 5994 6016 6017  0
1131 1117 1116 7868  0
4446 4433 4447 8443  0
857 808 856 7744  0
1426 8166 1235 1234  0
4291 3980 4290 8390  0
7723 806 854 8251  0
7394 7463 7393 8161  0
7908 7740 8248 7712  0
3176 3164 3163 7792  0
1886 1871 1870 7865  0
7770 2484 7925 8085  0
8260 5520 5542 5543  0
594 595 538 7882  0
6376 6375 7747 7792  0
7777 7638 7613 7612  0
8240 5812 8121 8405  0
1066 1276 7947 8208  0
6277 6294 6310 8432  0
7741 7338 7793 8027  0
7793 7408 7338 7407  0
7776 7787 7899 8316  0
7803 942 8125 904  0
4446 4461 4460 8443  0
1645 1644 7715 8209  0
2758 2788 2759 8373  0
1881 8059 1896 7931  0
5672 6580 6579 7808  0
830 829 832 7733  0
4960 7841 4959 7825  0
4123 7687 3790 8141  0
4120 3787 4121 8088  0
7510 7730 7572 7571  0
1428 1427 1611 7937  0
6606 5704 6619 7806  0
5620 5619 4544 8018  0
3789 3410 3411 7687  0
7606 7544 7545 7778  0
8372 4257 3585 3929  0
8086 1248 7816 8028  0
1919 7933 1936 1920  0
383 7812 7922 8424  0
2693 3521 2692 8142  0
4030 3286 4366 8368  0
1684 1694 1695 7811  0
1285 7887 2354 2353  0
2631 2666 2632 8134  0
6046 6047 6068 8420  0
7364 6931 7294 8030  0
2334 2374 7819 8289  0
6139 6158 6138 8109  0
1509 7938 1485 8233  0
2372 2371 1487 7875  0
2089 2059 4410 8354  0
4533 8434 5661 8427  0
485 540 486 7870  0
554 7719 7791 7904  0
6511 5628 5629 8032  0
7905 6976 6989 6977  0
542 7827 487 7870  0
7407 7793 7406 7337  0
7064 6700 6699 8106  0
7782 4357 3273 5197  0
3371 2325 2346 7934  0
5898 5873 8000 8188  0
2417 8353 8108 3440  0
7053 7054 6689 8007  0
3899 3547 2775 3540  0
8325 6117 6096 8297  0
2287 3744 7836 7934  0
7544 8027 7545 7778  0
7762 7406 8027 7793  0
7779 8046 8296 8316  0
666 7870 598 597  0
7545 7478 7546 8027  0
4932 4301 4302 8209  0
502 556 557 8322  0
5382 5362 5383 8136  0
1155 7751 1177 1156  0
6737 8191 8376 6814  0
2319 1460 2320 8192  0
2510 8440 7705 2509  0
6375 6360 6376 7747  0
998 701 7732 7809  0
7635 7062 7061 7994  0
2793 8189 7771 7915  0
5954 5977 8177 8189  0
7757 6688 6719 8302  0
1889 1888 1905 7865  0
2790 2760 8177 8189  0
3285 3288 1901 8368  0
2791 2790 8177 8189  0
2811 2791 8177 8189  0
4323 7715 3224 4977  0
5321 5341 5340 8136  0
5369 5370 8139 8374  0
2763 8189 2762 2792  0
5953 5954 8177 8189  0
8240 7985 2592 8121  0
7985 3498 3503 8121  0
969 981 970 8070  0
7140 7914 6837 7141  0
7591 7590 7856 8409  0
7985 5794 7990 8121  0
5509 5487 5510 8406  0
7338 7793 7407 7337  0
2761 8373 8189 2728  0
1577 1442 1576 8086  0
7478 7703 7479 7546  0
7407 7477 7476 8027  0
3503 3502 3510 8121  0
3547 8120 3561 3904  0
7465 7532 7464 8161  0
6221 6201 6202 8299  0
5414 8196 5415 5436  0
7051 8257 7757 8228  0
6040 6020 6041 8294  0
706 7814 8231 7910  0
5509 8348 5486 5487  0
3503 3510 2592 8121  0
1470 1469 1036 8284  0
2078 8139 2049 8065  0
494 549 495 7802  0
4575 5644 4574 7921  0
3438 8367 2415 3436  0
8172 7915 5887 8134  0
7001 7043 7629 8298  0
2948 2964 2965 8109  0
8252 6157 6156 6176  0
5742 7946 7980 8143  0
7672 8325 6057 8386  0
4152 4623 4153 8108  0
2946 3587 2945 8109  0
8368 4371 3294 4372  0
6157 8252 6177 6176  0
7951 6799 8282 6846  0
1989 1990 7701 8287  0
5406 7760 7907 8241  0
7530 7531 7592 8161  0
5905 5906 5929 8373  0
6140 6158 6139 8109  0
4152 3813 4151 8108  0
2123 4441 8354 2154  0
7206 7741 7270 7205  0
1453 7852 1452 7920  0
2191 2158 2157 8443  0
2945 2962 2946 8109  0
5071 5058 5072 7981  0
7648 7074 7647 8122  0
7645 7646 7072 8122  0
8155 7820 7765 7671  0
7230 7914 7141 7231  0
6118 6139 6138 8109  0
1469 1035 1036 8284  0
7887 7846 7812 7821  0
1937 1936 1954 8095  0
7741 7408 7409 7339  0
3508 3509 3502 8121  0
1883 3279 7931 8309  0
2930 2929 2947 8109  0
6899 8013 6900 6926  0
7938 8289 1487 7875  0
5271 5290 5289 8182  0
7574 7573 7512 8143  0
8033 3941 6207 4874  0
7907 8138 8422 8423  0
1102 1116 7738 7744  0
7865 5259 5241 5240  0
7780 8231 7754 8330  0
7933 1919 1936 8095  0
2962 2963 8109 8252  0
5832 5857 8142 8405  0
7621 7979 8122 8286  0
5793 7990 5792 5778  0
2046 2074 2075 8241  0
2092 2123 8173 8354  0
2845 2863 7890 8218  0
7678 939 8080 8125  0
1521 3427 1519 8385  0
2963 2980 8109 8252  0
2980 2995 7736 8252  0
7578 7866 7579 7015  0
5482 8023 5504 5503  0
2445 8285 2446 8079  0
6184 6183 6163 8299  0
7733 1168 1167 8388  0
4191 7717 7737 7961  0
4532 5644 5643 7921  0
1946 1945 7858 8055  0
3438 3436 3813 8108  0
6138 6157 6137 8109  0
4575 5645 5644 7921  0
5412 5413 7891 8139  0
415 471 472 7797  0
8247 6829 6579 6578  0
6826 6860 7718 8247  0
2479 2480 1574 8009  0
5911 5935 5934 7771  0
1319 1318 1112 8216  0
1113 1112 838 8216  0
7942 6996 6982 8201  0
5267 5286 5285 8055  0
4196 8062 4197 3857  0
6711 7075 7076 8215  0
8074 5825 6736 7968  0
8358 3623 8382 8432  0
6550 5643 5644 7921  0
6043 6044 7967 8064  0
1928 1912 1911 8055  0
3261 1791 1776 8150  0
2237 2272 2273 8260  0
1776 1791 1777 8150  0
1357 7810 7835 8345  0
8066 8345 929 7924  0
7810 7830 7835 8345  0
2402 2401 8137 8332  0
7891 2078 8034 8065  0
4103 7653 4550 8280  0
7897 7671 7765 7734  0
6117 6118 6138 8109  0
5505 5527 5504 8110  0
6350 6351 6366 8300  0
2947 2929 2946 8109  0
6335 6351 6334 8300  0
2447 3450 2448 8285  0
2157 2126 8349 8443  0
5953 5952 5930 8373  0
7420 7489 7952 8286  0
1255 7948 8008 1045  0
7035 7051 7050 8228  0
5212 5196 5213 8059  0
1929 1930 1912 8055  0
5433 8139 8065 5411  0
491 435 8040 8077  0
2267 7964 8037 2266  0
7271 7742 7207 7272  0
8063 5210 5209 5227  0
1944 1945 1929 8055  0
4294 7895 4924 8395  0
1878 8063 1861 1877  0
4941 4930 8209 8270  0
3846 3847 7894 8315  0
7666 5383 7907 8136  0
3927 4259 2928 3930  0
7948 1256 1045 8266  0
8277 2374 7819 2375  0
3160 3148 3654 8190  0
4365 3713 3289 8182  0
1052 7776 7899 7920  0
1753 1740 7664 7981  0
1282 8416 8193 2351  0
2231 2232 7888 8037  0
5283 5264 5284 8055  0
5383 5404 7666 7907  0
2864 2883 2884 7890  0
7414 7484 7483 7984  0
6374 6375 6389 7792  0
7572 7008 7571 7730  0
7738 2397 2399 1502  0
6850 6849 6803 7921  0
8155 7820 7972 8267  0
6889 7881 6890 6916  0
4540 4541 7973 8414  0
1472 8342 1037 1038  0
800 8342 8284 8011  0
1734 1722 1733 7940  0
6735 6729 6736 8074  0
6197 6198 7736 7848  0
5230 5248 5247 8059  0
6686 7757 7051 6687  0
7814 1221 1004 8047  0
2049 2019 2048 8065  0
5626 4551 5627 8076  0
1850 3705 3269 8073  0
8308 7728 7775 7966  0
7433 6932 7503 8232  0
1221 7814 8362 8047  0
8345 8066 929 928  0
8034 5432 5431 5452  0
4782 2686 2687 8401  0
3043 3044 3028 8002  0
5228 5246 5227 8063  0
7746 5876 5853 5852  0
2206 7707 7832 8048  0
5849 5873 7864 7968  0
1125 1128 1126 8001  0
3450 3451 7908 8092  0
2490 2489 3477 7894  0
4980 8203 4993 7715  0
8359 6767 6560 6813  0
608 7796 607 676  0
3221 4977 3224 7715  0
5248 5266 5247 8055  0
7114 7115 7183 8060  0
5305 5285 5286 8055  0
6971 6972 6985 8043  0
2043 2013 2042 7907  0
5733 6632 5734 8201  0
8005 1822 7824 1823  0
4189 7717 3849 8103  0
1928 1944 1929 8055  0
5364 5363 7858 7907  0
7841 4970 4982 4971  0
909 947 7853 8248  0
516 517 462 8234  0
6032 8107 8148 6009  0
5405 5427 5404 7907  0
7892 3862 3863 8426  0
5405 5385 5406 7907  0
8241 5431 5430 5451  0
5035 5050 5049 7991  0
4980 4993 4992 7715  0
6685 6686 7757 8228  0
604 672 673 8327  0
1664 3225 1675 7715  0
8090 8016 8171 8398  0
1523 2408 2410 8210  0
2408 3428 3430 8210  0
7796 605 549 606  0
5404 5383 5405 7907  0
8225 4660 7716 8243  0
7470 7469 7769 8441  0
8382 6279 6295 6296  0
2043 2015 2014 7907  0
7794 7733 7835 7874  0
2013 2043 2014 7907  0
988 691 987 8391  0
6803 6549 6550 7921  0
5538 8037 5561 5537  0
6804 6550 6551 7921  0
1996 1979 7858 7907  0
5266 5285 5284 8055  0
8270 3679 3681 4315  0
8153 7889 8371 8375  0
5427 5406 7760 7907  0
5247 5266 5265 8055  0
1895 1912 1913 8055  0
627 335 334 8021  0
5644 6551 6550 7921  0
4653 8129 8440 8310  0
6804 6850 6803 7921  0
7972 7425 8155 8267  0
3172 8045 3183 3173  0
7157 7995 7214 7653  0
7207 7149 7150 7945  0
6519 5662 5595 8434  0
1453 1262 1263 7920  0
6237 7815 7970 8104  0
7692 1772 8016 8279  0
1261 1262 1452 7920  0
6996 7862 7504 6997  0
5644 5645 6551 7921  0
4535 4534 8041 8434  0
6549 6802 6548 7921  0
6549 6803 6802 7921  0
6802 6803 6849 7921  0
7667 5730 6629 7688  0
5870 5846 7864 8026  0
1924 1925 1908 8114  0
2014 2015 1997 7907  0
1934 1918 1917 8309  0
7107 7175 7847 8014  0
8434 7799 7677 8041  0
1244 8237 1435 1436  0
6267 6266 6250 8290  0
364 365 759 7844  0
2466 2429 2465 8129  0
8413 7742 7821 8169  0
1902 7933 1920 1903  0
2636 2637 2601 8039  0
7943 1257 1448 1258  0
7251 7321 8046 8296  0
7652 7727 7914 8071  0
6791 8123 8191 7121  0
7726 7744 7731 7738  0
5838 5817 5818 8051  0
45 10 11 28  0
4595 7808 5671 8137  0
4987 7883 5000 4999  0
8195 7753 7657 7784  0
945 7803 906 944  0
44 33 51 34  0
3248 5078 4342 8255  0
8010 1862 8063 1861  0
7345 7276 7346 8169  0
4425 4439 4438 8354  0
1152 8206 1350 1153  0
5257 7933 5275 8015  0
3359 3364 7888 8406  0
3195 3675 3196 8395  0
866 845 844 7839  0
2336 2375 2376 7819  0
7678 2441 2442 8377  0
2802 8428 2772 2801  0
8108 7903 7774 8127  0
7763 7758 7769 8441  0
7813 693 646 647  0
4970 7841 4958 4971  0
921 1151 1152 8392  0
8344 7729 7691 7807  0
6791 8256 8191 6814  0
7776 7943 8316 7988  0
565 8124 511 510  0
3131 3120 3119 8194  0
4082 3373 3750 7722  0
391 392 810 8392  0
7778 7684 7896 8220  0
6362 8194 6363 7659  0
1211 7732 7735 1212  0
4534 4088 4535 8041  0
7664 1765 1752 1766  0
2672 2638 2637 8039  0
6757 8006 6502 8413  0
2688 2689 4783 8435  0
56 112 98 134  0
1383 7740 1190 1382  0
3419 2405 1514 7655  0
8114 5278 7675 5279  0
6167 6187 6186 8033  0
3662 3179 3189 8024  0
6510 8032 6765 7674  0
6407 6408 6420 8024  0
8320 7237 7236 7306  0
2846 2826 2845 8218  0
2671 8438 2704 2705  0
3527 8370 8221 5878  0
7969 7863 7727 7730  0
7784 1501 1499 8113  0
2232 2231 2267 8037  0
6636 5714 5748 7999  0
6824 7674 7132 7131  0
1653 3221 3225 7715  0
6773 7103 7755 7923  0
6513 6514 6770 8042  0
6770 8369 6514 6771  0
2278 2242 2277 8098  0
2636 7767 2600 8039  0
6455 6454 6443 8395  0
2421 7774 2422 1533  0
2616 2580 4745 8429  0
3035 8288 8358 3050  0
7871 5948 5947 5970  0
7131 6766 6824 8032  0
2991 2992 2974 8033  0
5561 5560 5537 8037  0
7895 3984 4294 3983  0
2918 2917 2935 8235  0
8381 7415 7485 7416  0
6363 6347 6348 8194  0
921 625 624 8392  0
6370 4897 6339 8306  0
7264 7199 7200 8304  0
3120 3131 3132 8194  0
2025 2024 8196 8224  0
8063 5228 5210 5227  0
7856 7462 8161 8296  0
7727 7652 7862 8071  0
1095 7687 8167 1303  0
4634 5729 7688 7817  0
3245 3246 7991 8255  0
6098 6099 7789 8325  0
6513 6512 5657 8042  0
6413 6426 6425 8045  0
1349 1528 1529 7838  0
3873 7699 3872 4213  0
6355 7752 6356 7788  0
186 170 214 8439  0
2654 4764 4765 8429  0
2700 2701 2667 8172  0
4432 4445 4431 8443  0
3422 1505 8137 8337  0
3856 3857 3485 8301  0
93 94 116 8133  0
870 871 849 8167  0
7122 6814 6815 8256  0
7287 7356 7286 8267  0
2054 2025 2024 8196  0
6378 6377 6362 7659  0
5617 7973 8006 5616  0
5311 5291 5292 8182  0
5650 4581 5651 8236  0
8388 295 638 7909  0
5127 5144 4349 8150  0
6033 4849 4852 8148  0
2003 8139 8200 8271  0
8139 8200 8271 8374  0
1251 1479 8371 8378  0
5363 5342 5343 8136  0
5128 5145 5144 8150  0
5229 5212 5230 8059  0
8067 7700 7663 8132  0
870 890 891 8167  0
5071 5072 5086 8171  0
3483 3855 3484 8301  0
7999 4171 4172 4649  0
6783 7112 6782 7873  0
3617 4266 3947 8358  0
1996 7872 1977 8136  0
2633 2667 2668 8172  0
5354 5355 3303 8095  0
4372 8095 8368 5313  0
7625 8155 7563 7564  0
2222 2256 2257 8333  0
7624 7563 8159 7979  0
5904 5903 5881 8221  0
7241 7176 7177 8014  0
5292 5291 5272 8182  0
5272 4365 5292 8182  0
8215 6663 7076 6711  0
7265 7793 7266 7335  0
7710 7667 7942 8201  0
1096 794 1097 8167  0
1893 1894 1877 8063  0
8130 225 213 196  0
7520 7521 7582 7966  0
541 487 486 7870  0
7759 7658 8264 8343  0
5787 5801 5786 7861  0
3201 1626 1627 8209  0
5059 5060 5073 8171  0
3483 8301 3854 3855  0
3649 3653 3654 8190  0
6073 6092 6072 8212  0
7890 6064 6063 7967  0
1381 1563 1382 7740  0
6903 6879 6904 8230  0
4565 4598 8204 5634  0
2487 1610 2486 7997  0
8194 3108 3107 8347  0
7786 8330 8316 7668  0
7865 1855 8005 8069  0
2024 2053 2054 8196  0
7836 2249 2285 2284  0
1514 1516 3419 7655  0
5 10 4 18  0
7 22 12 14  0
3110 3124 8184 8300  0
6375 6358 6359 7747  0
2710 2677 2676 8188  0
7774 7772 8127 7743  0
5435 5413 5414 7891  0
1168 8022 1167 1363  0
2015 7907 8422 8423  0
8098 7832 2207 2241  0
1221 1413 1222 8362  0
1751 1739 1738 7971  0
6722 6731 6721 8302  0
5201 5200 5184 8005  0
6356 6355 7788 8306  0
6717 6716 6685 8253  0
934 638 7909 8388  0
8163 8068 7975 8075  0
1304 7687 8167 2390  0
8096 5584 7977 5605  0
721 722 675 8166  0
2675 2676 2641 7864  0
7808 4596 4595 5671  0
7788 7747 3114 7752  0
7898 7877 7949 8284  0
6498 6753 7900 7945  0
7855 1066 7947 8208  0
2540 1605 1604 8094  0
4099 4098 3765 7902  0
7391 7461 7856 8296  0
1916 1917 1899 8309  0
7009 6641 7008 7730  0
6143 6122 6123 8105  0
1983 1982 7709 7721  0
3360 3359 7888 8406  0
5880 5856 5881 8142  0
5554 5532 7836 8157  0
5533 5510 5511 8406  0
6161 7848 8105 8211  0
8015 3288 1902 8368  0
537 8231 593 7882  0
5863 5864 5888 8172  0
5072 5058 5059 8171  0
5840 5863 5839 8172  0
5290 5310 5309 8182  0
3202 3991 3201 8209  0
2781 4838 3554 4824  0
8272 4240 4830 3558  0
2787 2757 2786 8221  0
800 8234 8284 799  0
4930 4300 4931 8209  0
4592 5669 5668 8207  0
5528 5551 5550 8217  0
5370 5369 8139 5390  0
2842 7672 2861 2843  0
8217 2249 2284 2248  0
1471 8097 8117 1470  0
4451 5532 5531 8157  0
8097 7949 8117 8284  0
1950 1933 1949 8182  0
4942 4941 4931 8209  0
5776 8128 4689 8426  0
5554 5531 5532 8157  0
3202 3201 1627 8209  0
7510 7443 7511 7983  0
1951 8271 1950 1968  0
5291 5311 5310 8182  0
7739 6905 6881 6880  0
8249 6316 6315 7989  0
1860 8063 1859 1876  0
5290 5291 5310 8182  0
3959 4896 3645 8306  0
6982 7710 7942 8201  0
3963 3652 3653 8190  0
5134 5135 7918 8090  0
7671 7897 7764 7892  0
3533 3534 3528 8221  0
3992 3991 3202 8209  0
8029 7244 7180 7179  0
6790 6789 7953 8123  0
7795 8296 7683 8161  0
3413 7877 3414 8061  0
2725 2726 2693 8221  0
1363 8099 1364 1168  0
2554 2513 2553 8225  0
64 63 52 34  0
4401 4387 4402 8173  0
4062 4066 4435 8157  0
4801 4784 4785 8435  0
2006 1988 2005 8200  0
7036 7600 7037 8257  0
5 19 11 28  0
800 736 799 8284  0
6884 6883 6845 7718  0
4988 4987 4976 8275  0
1625 1626 3200 8209  0
6737 8191 6814 6791  0
937 8388 569 936  0
7026 7589 7823 7025  0
7968 5874 5875 5851  0
7760 5471 7849 7986  0
5346 5365 5345 8138  0
6417 6405 6418 7792  0
3105 3106 3093 7989  0
6499 7945 7973 8006  0
891 871 870 8167  0
3609 3610 3606 8185  0
2053 2052 2082 8196  0
2275 7852 8260 2274  0
1421 1422 8012 8094  0
3717 3297 4032 8200  0
6019 6020 6040 8294  0
6796 6542 6797 7829  0
4151 4621 4622 7661  0
7530 7592 7856 8161  0
4169 3830 3829 7969  0
8190 4901 4902 3962  0
3647 8190 3148 8306  0
795 794 850 8167  0
389 783 388 8258  0
696 697 650 8036  0
7750 616 560 8363  0
7304 7374 7373 7983  0
2998 2983 7848 8211  0
6979 6956 7710 7905  0
3520 2692 3521 8142  0
6203 8299 6221 6202  0
2756 3534 3533 8221  0
5120 5121 5136 8119  0
5857 8240 8142 5833  0
4347 4349 4346 8150  0
4025 7931 4358 4023  0
2994 3009 3010 7901  0
3198 8270 3209 3210  0
3202 1627 1628 8209  0
7926 7959 8031 8263  0
7803 8248 7712 7908  0
5776 4688 5775 8426  0
7776 7670 7787 8316  0
6379 6393 6392 7659  0
739 802 740 8342  0
6628 7817 6627 7905  0
7592 7591 7856 8409  0
3384 7887 2352 2353  0
5416 5415 5395 8196  0
3461 2462 8273 8310  0
849 850 794 8167  0
5 6 11 19  0
1017 1018 721 8166  0
5998 5976 5999 8177  0
5271 5289 5270 8309  0
2116 2147 8110 8384  0
918 1155 1156 7751  0
5896 8026 5871 8188  0
6189 8033 8352 6207  0
2374 8277 8289 1490  0
1854 1838 1853 8005  0
3600 2975 2992 8352  0
5370 5371 8139 8374  0
7829 4591 4559 5668  0
4148 7804 3810 8418  0
6377 6361 6362 7659  0
5272 5290 5271 8182  0
612 611 680 8322  0
6399 6411 6398 8190  0
7694 7937 7719 8131  0
7700 8263 7822 7805  0
4854 6053 4256 8148  0
3820 4159 4160 7688  0
4300 4301 4931 8209  0
7635 7636 7062 7994  0
2469 8068 2434 2433  0
3645 3963 3649 8190  0
3650 8300 8229 3964  0
4719 8225 2552 4700  0
1645 1636 1635 8209  0
1749 3250 1762 8255  0
2343 2341 1252 8378  0
2101 2100 2132 8291  0
1096 793 794 8167  0
7706 7703 7741 8317  0
6733 5847 6732 7864  0
4582 4121 4122 8359  0
7836 5576 4482 5575  0
5275 7933 8368 8015  0
5954 5977 5976 8177  0
7063 6699 6698 7994  0
6359 6343 6344 7747  0
849 871 850 8167  0
5307 5326 7858 8269  0
7096 7097 7159 7674  0
5736 6638 5737 8238  0
3669 8305 3665 3668  0
7886 1583 8364 1399  0
5527 8217 5528 7959  0
6347 6361 6346 7659  0
676 7796 607 675  0
4656 5717 4657 7705  0
750 751 1050 7787  0
7963 1315 1494 7851  0
3421 3422 3416 8137  0
3263 3264 3260 8150  0
3421 3797 4136 8137  0
3797 3421 3416 8137  0
5567 5544 5568 8260  0
6182 6163 6183 8299  0
5711 5718 5717 8163  0
7144 8304 7201 7143  0
1992 1974 1973 7680  0
8330 7786 7809 7668  0
7969 7863 7980 8078  0
1911 8055 8059 8063  0
1146 1141 1140 7751  0
8301 3483 3854 7961  0
3623 3617 3622 8432  0
5721 5713 6620 8243  0
485 539 7870 7882  0
726 680 679 7719  0
8099 936 1169 8388  0
3115 3127 3116 7747  0
6562 7873 6782 7837  0
3152 3139 7788 7792  0
1017 1234 1018 8166  0
1315 1314 1108 7963  0
3259 3260 3256 8150  0
2992 3604 8033 2991  0
7952 7420 8312 7419  0
4619 5698 4621 7661  0
7839 884 864 885  0
8289 1311 7874 1310  0
3194 3673 3674 8395  0
1006 1007 710 7713  0
3295 8368 3294 8095  0
5048 3241 4333 7991  0
7971 7664 1740 7981  0
1721 1710 7725 7940  0
2944 7690 3592 8265  0
4117 8162 7708 8314  0
3165 3164 3177 7792  0
5729 5728 6627 7817  0
2964 7736 7848 8109  0
1963 1946 7858 8269  0
3631 3630 3634 7752  0
5183 5184 5200 8005  0
3319 2055 3723 8196  0
2520 8115 7985 2521  0
110 8393 111 8133  0
4128 8425 3794 8207  0
4849 4254 4852 8148  0
4854 6052 6053 8148  0
72 73 94 8133  0
4303 4933 4302 7695  0
7753 7657 7784 8125  0
2917 2916 2934 8235  0
1495 7722 8195 2380  0
1421 1229 1420 8094  0
5031 5045 5044 7725  0
6527 6528 6738 8376  0
3772 7833 3773 8076  0
1820 1821 1807 7782  0
6895 6894 6870 7880  0
6716 6715 8020 8253  0
2948 2965 7848 8109  0
7492 7559 7491 8286  0
6890 6917 6916 7881  0
811 392 8021 8392  0
1432 1241 1240 8131  0
7086 7149 7148 7945  0
84 107 93 83  0
2882 2883 2864 7890  0
7716 4661 8178 8243  0
2601 2637 7781 8039  0
517 574 8011 7965  0
7364 7295 7365 8030  0
954 8028 953 976  0
3128 3142 3129 7659  0
3811 4149 4151 7661  0
1284 2352 1283 8193  0
4619 4149 4617 7661  0
7791 774 8193 8176  0
2408 3430 2410 8210  0
66 67 47 40  0
8358 3035 3050 3619  0
674 605 673 8327  0
986 690 973 8344  0
505 504 559 7922  0
6251 6232 6233 7685  0
8126 4359 4362 5215  0
980 1198 981 8070  0
659 660 591 8231  0
7874 1331 7929 7938  0
2629 2630 2594 8240  0
5339 5338 5319 7680  0
5359 5358 5339 7680  0
1079 780 1080 8424  0
5409 5408 5388 8065  0
329 331 326 312  0
4682 8301 4683 4195  0
8358 3035 3615 8185  0
7340 7341 7410 8187  0
4083 4114 4574 8195  0
5339 5358 5338 7680  0
5102 5101 5087 8398  0
1995 2013 2014 7907  0
7168 7914 7167 7099  0
1862 8063 1861 1878  0
1727 1739 1728 7971  0
7869 7898 7949 8234  0
6569 6788 6568 7953  0
4088 7799 4535 8041  0
7974 7671 8062 8089  0
1809 1808 1822 7824  0
8127 6885 6886 8247  0
1207 1399 1208 7886  0
3395 2364 3396 8261  0
3638 3642 3639 8306  0
7129 7128 6821 8132  0
7672 6015 6036 6037  0
6562 7873 7837 6563  0
2356 3387 2355 7902  0
311 297 234 263  0
5679 6581 8204 8379  0
3834 3460 3833 7878  0
2733 2766 2734 7771  0
1907 1890 1889 8293  0
5608 7953 8410 6483  0
7667 7710 7942 8030  0
5340 5360 5359 7680  0
5339 5320 5340 7680  0
7342 7411 7341 8187  0
3631 8432 8382 3625  0
5379 7666 5380 5400  0
7916 7821 8018 8219  0
5764 5765 4677 7737  0
703 656 702 7809  0
5706 4630 5705 7903  0
3787 7687 8088 3788  0
7767 7867 8020 8397  0
4648 4649 4171 7999  0
5089 8398 8171 8016  0
6613 6612 6965 8075  0
6235 6254 6253 8002  0
1515 1124 1126 8001  0
4165 4640 4641 8338  0
5548 5547 5525 8023  0
1129 813 7798 8001  0
4996 4983 7841 8203  0
8212 3925 3927 3581  0
853 455 512 8118  0
3540 3535 2743 3894  0
3577 3925 3926 8212  0
8338 5734 6633 8201  0
3265 8073 4348 8144  0
6932 6933 6958 8232  0
213 242 243 8439  0
6933 6959 6958 8232  0
2932 2914 2931 7789  0
4278 6368 7756 8300  0
3157 3144 3143 7659  0
1472 8342 1038 8097  0
3812 7878 3815 8418  0
6694 7896 8335 8220  0
2631 2596 2595 8051  0
8273 3835 4157 3818  0
1628 1636 7695 8209  0
1295 8251 8261 1084  0
3157 3143 3156 7659  0
1558 1377 7803 7908  0
1681 1692 1693 7883  0
3484 3855 3856 8301  0
8147 4015 4013 4340  0
6902 8013 6928 6901  0
5380 5360 7666 7680  0
5688 4610 6594 7739  0
7479 7480 7547 7703  0
6565 6479 7988 8170  0
5914 5913 5891 8274  0
5860 5836 5837 8051  0
7357 7427 7426 8267  0
2201 2167 7978 7986  0
5371 8224 8139 8200  0
4332 5047 3692 7940  0
6522 6521 5597 8268  0
4123 4124 4584 8141  0
5263 5262 5244 8227  0
4995 4996 8035 8203  0
7130 7199 7198 8132  0
5492 5470 5471 7849  0
6252 6233 6234 7685  0
801 800 8011 8342  0
5087 8171 5086 5072  0
3485 2498 2497 7816  0
5702 5703 7903 8127  0
226 225 197 8439  0
5484 5506 5505 8110  0
7690 4264 8352 3935  0
6252 6268 6251 7685  0
3025 3040 3041 7685  0
7758 7601 7540 7539  0
7954 7775 8083 8308  0
5043 5029 5030 7725  0
7208 7209 7273 7742  0
3666 8024 3189 7840  0
2847 2826 2846 8294  0
4721 8225 4702 2554  0
1147 7751 1158 7939  0
2612 2647 3517 7746  0
6060 8218 6039 7890  0
7816 3485 3484 2497  0
1120 7669 8392 1337  0
3156 3143 3142 7659  0
3153 3164 3165 7792  0
4970 7841 8203 7695  0
1512 3423 3417 7790  0
3570 3920 3575 8386  0
2159 2160 2129 8443  0
1078 7812 1289 1288  0
757 1056 756 7917  0
1563 8078 1564 7740  0
364 759 758 7844  0
7777 7994 7549 8187  0
5537 7888 7978 8037  0
3132 3121 3120 8194  0
3118 3130 3119 7659  0
4114 4575 4574 8195  0
7313 7314 7383 8025  0
2907 2925 8054 8341  0
985 7807 1203 8344  0
6378 6391 6377 7659  0
7946 4667 7950 8404  0
2268 2232 2267 8037  0
7846 7791 7904 8198  0
983 971 982 7965  0
2534 7982 8111 8264  0
1352 1531 1532 8206  0
3409 3787 3408 8088  0
7585 7523 7954 8308  0
4114 4115 4575 8195  0
7881 6889 8213 6916  0
6329 7747 6344 7884  0
5677 5678 7772 8137  0
7836 2287 2251 3740  0
5843 7781 5821 5822  0
7935 7673 2972 2956  0
5571 7959 8098 5548  0
2345 3378 2346 8208  0
6347 6362 6361 7659  0
4031 4369 4372 8368  0
2841 3564 3563 8272  0
5140 5123 7785 5139  0
2123 2091 2122 8354  0
3865 3458 3493 8019  0
997 1214 998 7732  0
8091 5788 7766 7767  0
7820 8155 7662 7671  0
1993 2010 7666 7680  0
1020 1237 1021 7937  0
2010 1992 1991 7680  0
2282 2246 2281 8217  0
2613 2612 7976 8058  0
1107 7733 832 7963  0
2235 2236 7831 8323  0
7862 6634 6633 8338  0
483 482 537 8403  0
2197 7849 7888 7978  0
3140 3139 3153 7792  0
5566 8096 8323 8260  0
6907 6881 6596 8232  0
8114 5259 5278 5260  0
4083 4574 7722 8195  0
1109 834 7885 7963  0
6887 8145 8247 6863  0
1131 876 1135 7868  0
4115 7708 8195 8113  0
587 7928 655 7786  0
7592 7593 8081 8161  0
3027 3012 3026 7685  0
5103 5104 8090 8398  0
3081 3096 3082 8347  0
3115 3126 3127 7747  0
3033 3048 3049 7970  0
6926 6951 6925 8278  0
2352 3383 2351 8416  0
8023 5482 5504 8110  0
7932 4567 4568 7819  0
3117 3103 3116 7747  0
7622 7560 7979 8286  0
8358 3943 3942 4878  0
3468 2477 2476 7950  0
5322 8136 5343 5342  0
1020 7719 1021 724  0
6219 6201 6220 7815  0
6679 6661 6680 8091  0
3382 2350 2351 8416  0
883 884 863 8222  0
130 117 116 140  0
5535 5558 5534 7888  0
4588 4587 4127 8042  0
1497 1318 1319 8195  0
7882 594 8047 8231  0
6013 6014 6034 8386  0
7665 7722 7963 7951  0
2455 1566 2454 8324  0
1793 1792 1806 8158  0
7775 7996 8083 7985  0
7697 1762 8150 8255  0
2382 7784 8113 1501  0
3807 3809 3434 8367  0
4845 4848 6012 8386  0
2149 3337 2148 8110  0
7757 6729 6728 8074  0
5134 5119 5135 8090  0
7847 6778 6521 6777  0
2964 7848 2981 2965  0
1230 1231 1014 8012  0
718 8327 1015 719  0
6424 8045 6412 6425  0
4347 5127 8150 8336  0
858 836 458 7885  0
7260 7329 7259 8038  0
2968 2952 2951 8105  0
3127 3141 3128 7747  0
441 376 440 8198  0
4166 4641 8238 8338  0
1195 1176 1194 8116  0
893 7723 8174 8412  0
5620 4545 5621 8018  0
8063 1891 8227 8293  0
2503 2502 3490 7974  0
781 386 387 8417  0
4432 4431 4418 8443  0
3275 1835 3271 7782  0
3517 7746 3885 3880  0
2129 2128 2159 8443  0
3838 3457 3831 7980  0
2128 2127 2158 8443  0
3996 3998 4306 8346  0
1563 8078 7740 2452  0
2159 2191 2192 8443  0
1081 1080 781 8417  0
4644 4169 4168 7969  0
386 781 780 8417  0
7850 6952 8013 8278  0
8227 1911 1928 1910  0
6566 6565 6479 7988  0
955 979 956 8412  0
1198 1199 981 8070  0
2970 2953 2969 8105  0
3620 3048 3062 7970  0
1552 2443 1553 8079  0
3287 3284 3286 8368  0
3140 3126 3139 7747  0
5047 4329 3692 7940  0
4121 4120 8088 8236  0
1902 7933 1919 1920  0
7338 7268 7741 7793  0
3187 3196 7840 8395  0
3049 3612 3034 7970  0
3064 3619 3063 8358  0
3998 3996 3207 8346  0
1558 7803 1376 8079  0
6112 8054 6111 6090  0
834 831 833 7885  0
6030 6007 6031 8148  0
4168 3829 3828 7969  0
1557 1376 1375 8079  0
4145 3809 3807 8396  0
290 7924 321 341  0
6345 6360 6359 7747  0
6344 6345 6359 7747  0
3830 4169 4170 7969  0
7621 7979 8286 7622  0
4168 4643 4644 7969  0
3203 1629 3204 7695  0
7930 7677 8014 8246  0
1356 1535 7810 8313  0
7722 7665 7963 7851  0
515 514 571 7869  0
7698 7983 7914 7730  0
1055 755 756 7917  0
1781 7664 7824 8090  0
7703 7479 7546 7547  0
570 571 514 7869  0
1821 1820 1835 7782  0
7563 7979 8155 8159  0
3140 3141 3127 7747  0
6751 6750 6496 8328  0
3116 3128 3117 7747  0
6359 6360 6375 7747  0
6345 6346 7659 7747  0
3887 7746 4223 3522  0
616 7750 559 615  0
3663 8305 3664 3659  0
7492 7422 7845 8286  0
1829 1830 1816 7785  0
5791 5755 4710 8335  0
3128 3141 7659 7747  0
3118 3129 7659 7747  0
372 7855 7947 8077  0
451 386 450 8417  0
1277 7855 1066 1067  0
2104 2135 2136 7986  0
7665 7733 7880 7963  0
579 578 7813 7987  0
1836 3275 1851 7782  0
7172 7236 7171 7755  0
6709 6708 7073 8122  0
1919 7933 8368 8095  0
7313 7244 7314 8025  0
2812 2811 7714 8189  0
5666 6542 5633 7829  0
3762 7821 4096 8414  0
3348 2162 3342 7956  0
7975 7774 7903 8213  0
2600 2601 2565 7767  0
6034 6055 6012 8386  0
7779 7954 7588 7526  0
5874 5875 5899 8000  0
3571 3567 3570 8386  0
1283 8416 2352 2351  0
3576 3570 3575 8386  0
3572 8272 2841 8386  0
6036 6035 6014 8386  0
5670 7808 8137 5671  0
2531 2569 7982 8397  0
5357 5338 5358 7680  0
4122 8236 7687 8359  0
6278 6294 6277 8432  0
834 1108 832 7963  0
1974 1956 1973 7680  0
1094 792 1095 8357  0
5194 8059 5193 8073  0
2060 2091 2061 8354  0
1786 8016 1785 7692  0
3472 7997 2485 8085  0
1177 7751 7854 1156  0
7297 7296 7227 8292  0
1384 8078 1383 1565  0
4706 4663 4664 8178  0
6145 8105 6144 6123  0
5690 6597 7661 7962  0
4812 4813 4826 8401  0
4220 5829 4742 7976  0
4898 6368 6354 7756  0
1763 7971 1750 8255  0
3020 3004 3003 7876  0
6591 5687 7739 8199  0
1236 1427 7937 8166  0
3028 3027 7685 8002  0
3533 2756 8221 8370  0
7295 7942 7296 7365  0
2475 2474 3496 7800  0
6180 6160 6161 7848  0
5679 6581 5673 8204  0
99 78 101 127  0
6793 7133 6824 8032  0
1605 2541 1606 7770  0
2944 8054 2927 2926  0
8297 3923 4856 3924  0
5495 5517 5494 7986  0
7728 7966 8025 8246  0
1361 1166 1165 7835  0
3120 3107 7989 8194  0
424 360 7899 7917  0
7652 8030 7942 8292  0
2367 2402 2403 8056  0
7783 7032 8081 8228  0
4796 2685 2719 4780  0
1065 1275 1064 7947  0
6129 6130 6151 7690  0
1002 7814 706 7910  0
2996 3011 3012 7736  0
880 901 902 8125  0
2925 2942 2943 7690  0
1240 1239 1431 8131  0
7177 7109 7178 8029  0
1056 757 7844 7917  0
5835 5815 5836 8240  0
7926 2245 8217 2281  0
3032 7815 3047 7970  0
4133 4605 4138 7962  0
4651 4650 8273 8310  0
4255 8297 3924 3578  0
13 66 20 46  0
6821 7128 6820 8132  0
7031 7594 7595 8081  0
1158 7939 1347 1147  0
1167 8099 7733 8022  0
1769 1782 1783 8090  0
8171 1768 1769 8090  0
2372 1487 1488 8289  0
5651 4581 4582 8236  0
1706 1707 1695 7811  0
4814 4828 3903 4815  0
1618 2495 1619 8419  0
1258 1259 7960 8365  0
7 14 12 1  0
6201 6200 6183 8299  0
7715 3218 1643 1653  0
6119 8109 7789 6139  0
4642 7969 8238 4643  0
1147 7751 1146 1158  0
7816 1030 1247 1246  0
1105 828 1106 7874  0
43 50 32 8361  0
64 63 34 44  0
7854 1554 7878 8156  0
6384 6399 6398 8190  0
7797 7720 7948 8415  0
1359 7854 7878 7939  0
8274 5864 7660 8172  0
616 7750 684 8363  0
7053 7052 7037 8007  0
4955 7715 8209 7695  0
1622 1621 2498 7816  0
134 157 158 8393  0
8220 6693 6692 8335  0
1540 2431 8068 8276  0
8231 7780 7754 8151  0
3897 8272 3558 3559  0
7747 7989 3118 7884  0
2424 1555 2461 7878  0
1910 1893 1892 8227  0
6667 7764 7897 5776  0
4173 4156 3834 7878  0
7874 824 1331 1333  0
6669 7999 7045 6670  0
1623 1439 1622 7816  0
7829 4591 8207 4559  0
2347 3378 2345 8208  0
8170 5604 5603 6478  0
3784 3405 3406 8314  0
3414 2394 8112 8117  0
42 24 31 25  0
1922 8114 7933 1923  0
3677 3198 3988 4298  0
7322 7252 7253 8296  0
2730 2698 2697 8295  0
3931 4261 3930 8265  0
7837 6563 7873 8170  0
2661 2627 3516 8142  0
6476 7837 6475 8050  0
4789 4230 5901 8000  0
6503 6504 6758 8018  0
3213 3214 3210 8270  0
3473 3474 7997 8315  0
1800 1801 1787 7692  0
2507 8129 8440 2508  0
1447 2307 2306 8266  0
5896 8026 5895 5871  0
5846 8003 7781 5824  0
2536 8264 1601 1600  0
6180 6197 7736 7848  0
7166 7226 7295 8030  0
6438 8045 6439 8390  0
4866 6173 4868 8339  0
6712 8020 6713 7767  0
7867 2531 7982 8397  0
2393 2392 1468 7877  0
2144 2145 2113 7893  0
1211 1403 1212 7735  0
1622 2498 2499 7816  0
1062 762 763 7773  0
8272 4830 3897 3558  0
608 7796 676 7904  0
1908 1891 8114 8227  0
4042 4046 4387 3315  0
7743 8337 8137 8233  0
33 43 51 8361  0
6668 6667 7043 7897  0
1873 1890 1874 8293  0
1774 1787 1788 7692  0
7786 655 7809 7928  0
1444 1253 8008 8378  0
8067 7762 8317 7793  0
7189 7190 7254 8123  0
1243 1244 1027 7859  0
2200 8154 2234 2235  0
5559 5558 5535 7888  0
3771 8076 8146 8261  0
5964 5965 5988 8120  0
417 7797 473 7670  0
3498 2481 7842 8364  0
5121 5106 5122 7692  0
5033 5034 7991 8326  0
4941 4952 4940 8270  0
3251 8147 4013 8279  0
3285 1901 3282 8015  0
8336 1762 8255 8150  0
969 639 952 8070  0
7506 7507 6999 7955  0
6328 6344 7747 7884  0
7832 5570 8031 8098  0
2439 1549 1548 7800  0
1795 1781 1794 7824  0
6786 6785 7988 8060  0
4570 4569 7819 8380  0
8417 7686 8258 7801  0
6368 4900 4278 4898  0
7821 7706 8006 8414  0
7130 6822 7724 8132  0
2803 2802 2822 8120  0
1539 7810 8276 1540  0
2784 2752 2783 8401  0
4127 4587 4126 8042  0
2948 2949 7789 7848  0
455 511 512 8118  0
7829 7820 7958 7826  0
1054 1053 754 8181  0
5139 5138 7692 7785  0
4157 7903 4628 8273  0
589 590 533 7780  0
3925 4857 3926 8212  0
6214 6195 6196 7736  0
1710 1720 1721 7725  0
5672 4596 4597 7808  0
958 1183 959 8164  0
5152 5153 5169 7918  0
3481 3482 2494 8419  0
4789 7968 4226 8000  0
509 564 510 8124  0
750 356 751 7787  0
4645 4169 4644 7969  0
6178 6159 6179 7736  0
906 7803 8248 7839  0
7882 7822 7754 7654  0
5024 5025 5038 7957  0
6194 6212 6193 8252  0
5410 5411 8065 8139  0
7708 5648 4578 5647  0
7763 8161 7783 7795  0
2853 2872 2854 8135  0
569 935 936 8388  0
695 991 992 7886  0
7973 3758 8017 8214  0
3390 3767 3766 8280  0
2997 2982 7736 7848  0
2637 2638 7781 8039  0
1142 8385 1136 7939  0
3858 3486 3857 8062  0
7858 7872 8055 1945  0
6410 4908 3970 4905  0
3830 7980 8078 7969  0
7540 7541 7602 8140  0
74 96 95 8133  0
5734 8338 6633 5735  0
3483 3484 8237 8301  0
7830 825 401 823  0
964 947 963 7853  0
7794 7743 7808 7938  0
1649 7841 1659 7825  0
8229 8300 4903 3964  0
7746 4775 4759 5854  0
5573 5555 5574 7836  0
1770 1784 8016 8090  0
7905 7657 8013 8230  0
2210 2244 7959 8023  0
5368 5389 7709 8139  0
934 7733 933 1167  0
7674 7220 7219 7972  0
167 143 168 8130  0
5553 5552 5530 8408  0
6461 6469 6460 7959  0
2863 2862 7890 8218  0
4530 7722 8239 4531  0
6572 8191 8410 8376  0
5301 5302 5320 8366  0
5704 6619 7806 7999  0
5297 5296 7933 8095  0
5362 5363 7907 8136  0
1398 1207 1206 7886  0
8237 1244 1435 7859  0
783 782 388 8258  0
1595 7867 7982 8421  0
1435 1619 8237 8419  0
7951 6799 6800 8282  0
7837 7860 7964 8378  0
8340 7990 5752 8311  0
4687 7764 5775 8426  0
671 670 717 8223  0
11 23 13 46  0
4149 4619 4621 7661  0
64 53 35 52  0
5999 6021 5998 7714  0
2517 2473 2516 8178  0
4097 4543 4096 7821  0
2451 8186 2450 3453  0
6081 6060 7890 8235  0
2371 2331 2370 7875  0
8031 8191 8410 8331  0
583 8036 582 651  0
3655 3650 3159 8229  0
3414 7877 8112 8061  0
4240 4846 3917 8272  0
2815 2834 8319 7906  0
3662 3180 3179 8024  0
7650 7076 7979 8159  0
813 1129 1127 8001  0
3752 8112 8117 8427  0
6496 6497 6751 8328  0
3572 8272 8386 7672  0
2089 4424 2120 8354  0
3279 4023 7931 8309  0
400 7830 7924 401  0
2811 2810 7714 8177  0
6386 6401 6400 8254  0
6141 6140 7789 7848  0
1282 1072 1283 8193  0
2680 7746 3887 3522  0
1972 1956 1955 7701  0
8356 5345 5344 7858  0
2795 7906 8319 7771  0
872 8174 7723 8118  0
5526 5527 5549 7959  0
3992 7695 4302 8209  0
5276 5257 5258 7933  0
7671 7723 8116 8412  0
441 377 376 8198  0
5489 5513 5512 7956  0
4659 5719 5720 8243  0
7687 1302 1095 8357  0
2604 2568 2603 8397  0
6473 7702 7805 7836  0
2163 2164 2131 7956  0
5735 6634 5736 8338  0
1461 7700 1462 8192  0
16 25 2 15  0
4611 7661 4614 8396  0
4529 4530 4571 8239  0
5198 8126 7782 5199  0
5578 5577 7888 8262  0
3144 3130 3143 7659  0
7887 1286 7812 8176  0
6670 5748 5747 7999  0
7730 7511 7510 7572  0
7449 7448 7379 7930  0
527 7797 526 8226  0
5126 5141 8144 5142  0
2599 7767 7660 2600  0
6121 6101 6122 8235  0
6529 7711 8263 6530  0
1868 8015 1884 1869  0
7693 5443 5422 5442  0
3157 3169 3158 8229  0
7786 8316 7670 7668  0
2710 2676 2709 8188  0
7577 7013 7576 8259  0
7767 2566 7927 8397  0
5841 5865 7660 8274  0
2822 2802 2801 8120  0
7510 7509 7442 7983  0
710 1007 711 7713  0
4044 3319 4378 8196  0
5654 8359 8141 6560  0
834 7733 7885 7963  0
8024 4910 6422 6421  0
581 7797 7813 8036  0
7587 7526 7588 7954  0
7320 7390 7389 8046  0
2922 7673 2921 2939  0
7058 7896 6694 8220  0
1388 1580 1554 8156  0
4640 8092 4164 4639  0
5065 5051 5052 7991  0
7655 3430 8367 8396  0
2931 2948 2949 7789  0
1315 1316 1494 7851  0
7886 8165 1582 8364  0
7703 7777 7994 8315  0
7745 8264 8362 7713  0
3176 3177 3164 7792  0
8218 6019 8294 8387  0
2529 2567 2530 8397  0
7654 7882 7814 7754  0
7239 7238 7174 8100  0
5848 6733 6734 8074  0
8210 8001 7838 7669  0
7885 7665 7733 8099  0
1310 1489 1488 8289  0
440 375 439 7802  0
7701 3300 1953 1971  0
7755 7681 7761 8369  0
4286 4913 4283 3974  0
5259 7865 7933 5258  0
108 131 109 8133  0
2937 2956 2938 8052  0
6955 8230 7905 6929  0
7781 2639 7864 8026  0
1927 1944 1928 8383  0
5398 5397 5377 8287  0
6482 6568 6481 7953  0
4917 4913 4286 6447  0
2446 3449 2447 8285  0
6592 6597 5690 7962  0
5195 8059 5196 5212  0
5557 8262 5577 4515  0
1836 1835 3275 7782  0
7658 7654 7857 7912  0
7811 4989 4976 4988  0
5013 5000 7811 8244  0
5513 5490 7849 7956  0
7949 8011 8284 8342  0
8059 1850 1864 8073  0
8344 7729 8149 7691  0
7867 7814 8307 8330  0
5187 5203 5186 8069  0
5782 5796 5781 7996  0
4699 4657 4700 7705  0
3187 7792 3177 3176  0
1720 1721 7725 7940  0
6196 6216 6215 7736  0
5340 5321 8136 8366  0
1711 1712 1700 7991  0
2667 2632 8134 8172  0
6684 6683 7048 8020  0
1534 1355 1354 8313  0
1842 1857 8242 8069  0
1834 1849 3269 8073  0
4659 5720 4660 8243  0
7672 2895 2896 8325  0
492 435 491 8077  0
4763 2617 8429 2652  0
4202 4690 4203 8128  0
2887 2868 2867 8064  0
5127 5111 8150 8336  0
5930 5907 5931 8373  0
4728 4745 2580 8429  0
5374 8196 8224 4378  0
1860 1844 1859 8010  0
7083 6751 7084 7900  0
1322 1321 1335 7790  0
908 947 909 8248  0
5203 5202 5186 8005  0
2840 2822 8107 8120  0
4226 3891 4230 8000  0
3616 7876 4267 3612  0
590 591 7780 7910  0
7949 8011 7889 7691  0
8360 5807 5806 7976  0
3966 4903 3964 8229  0
7949 7877 8112 8117  0
3386 3762 3385 7887  0
5045 5046 5060 7940  0
7550 7549 7482 8187  0
4648 7999 8019 8128  0
3485 7816 3484 8301  0
7818 7794 7733 7835  0
2881 2862 2880 7672  0
7777 7064 7638 7637  0
7777 7834 7694 7706  0
4847 8120 3565 8107  0
3578 6054 8297 8325  0
7017 6650 6649 8340  0
1230 1229 1421 8012  0
2281 7926 8192 8217  0
5981 6003 6002 7906  0
4693 8273 4206 4650  0
6090 6111 6089 8054  0
7930 7749 8143 8320  0
6253 6254 7689 8002  0
4199 8426 4687 4200  0
2678 2711 2712 8000  0
5964 5963 5942 8120  0
7963 7794 8277 7874  0
6869 7880 6870 6894  0
5987 5988 8107 8120  0
1013 1012 8012 8183  0
3662 3971 3180 8024  0
3485 3484 3856 8301  0
6435 8024 6434 6421  0
4907 3651 8305 3968  0
7108 6778 6779 8268  0
3847 4186 7894 8315  0
6849 6850 6874 8278  0
3595 8252 2945 8372  0
1379 1378 1560 7908  0
8062 8215 4196 4197  0
8073 4350 4353 3703  0
911 889 910 7853  0
5069 5070 5084 7981  0
5711 5710 6614 8075  0
2926 2927 2908 8054  0
2909 2927 2928 8054  0
8356 5344 5325 5324  0
5223 5222 5205 8069  0
5013 5027 5026 8244  0
2114 2083 8384 2115  0
7869 460 459 7898  0
7045 7897 7734 7999  0
7886 1209 8036 8168  0
8120 3547 3561 2803  0
7654 7713 7870 8087  0
1996 7872 8136 7858  0
5186 5169 5170 8069  0
6522 5597 5663 8268  0
2930 2929 8109 8325  0
5305 5324 5323 8356  0
3831 3456 3830 8078  0
1841 1826 1825 8069  0
3170 8190 8305 8394  0
7676 7952 8286 8312  0
5844 7781 5823 5845  0
2357 2356 7812 7902  0
4534 5595 5662 8434  0
2727 2694 2726 8373  0
6865 6890 6889 8145  0
7815 6238 6221 6220  0
7190 7255 8123 8256  0
1166 7733 7830 7835  0
7532 7533 7594 8161  0
5954 5955 5977 8189  0
2901 2919 2920 8052  0
2642 2606 7864 8074  0
1074 775 1075 8176  0
6546 7951 6800 8282  0
1309 1103 1320 7738  0
4482 3741 4499 7836  0
6511 6766 6765 8032  0
2348 2347 1279 7855  0
3053 3068 3069 8290  0
3389 8049 2357 2358  0
65 8133 85 86  0
8397 2569 2604 2568  0
3083 8290 3084 3070  0
7189 7188 7120 8123  0
5963 8428 5942 8120  0
3486 3857 8062 8301  0
6025 6003 6026 8135  0
7751 8385 7726 7939  0
1944 7872 8055 8383  0
2975 8033 2992 8352  0
2365 2401 2366 8332  0
7473 7474 7541 7762  0
1585 1586 1402 8168  0
6458 6446 6447 4917  0
1636 1637 1628 7695  0
7757 7658 8007 8302  0
4955 4944 4956 7695  0
4680 4679 7737 7961  0
5926 8221 5927 8370  0
5119 5104 5120 8090  0
2196 2197 2163 7956  0
3820 8377 7688 3445  0
6732 6733 7864 8003  0
6329 7747 7884 6345  0
2579 7770 8058 3504  0
2020 2021 2003 8139  0
1474 7889 8342 8371  0
5453 5452 5432 8034  0
7777 7894 8106 8315  0
8141 5656 5655 8042  0
2951 2933 7789 8105  0
2606 2641 2642 7864  0
8081 7595 7032 7783  0
1195 8116 1386 8156  0
8135 6048 6047 8420  0
4095 4541 4094 8414  0
6342 6357 6356 7752  0
3638 7752 8306 3639  0
760 365 366 7827  0
6726 8003 6733 6732  0
5764 7879 7737 8103  0
4091 4537 8214 8328  0
2905 2888 2904 8341  0
6266 8249 8288 8290  0
7968 2609 8111 8343  0
6851 6852 6876 8433  0
7490 7421 7491 8286  0
1249 1032 8028 8086  0
5243 5225 5226 8389  0
8003 5846 7781 7864  0
3781 3780 3402 8195  0
4083 3750 3780 8195  0
6399 8045 6412 8190  0
720 7796 674 8327  0
8227 5265 8063 5245  0
4117 7708 8113 8314  0
6216 7685 7736 8002  0
1532 7774 2421 1533  0
7669 1123 8001 8392  0
1212 8036 995 1211  0
2081 7893 8196 7891  0
355 420 356 7787  0
2423 2429 2430 8276  0
5226 5227 8063 8389  0
6197 6217 7736 8002  0
5536 8037 5560 7888  0
5258 5259 5277 7933  0
4329 3690 3240 7940  0
4440 4439 4426 8354  0
7165 7294 6904 8030  0
5663 5598 5599 7860  0
3447 8285 2445 8079  0
1068 1278 1067 7855  0
1068 1279 1278 7855  0
1911 8227 1928 8055  0
6530 6531 7711 7805  0
7005 6635 6634 7862  0
617 618 8093 8363  0
3657 3969 3169 8229  0
6848 6873 6872 7951  0
6435 8024 4910 4283  0
540 596 597 7870  0
3634 3633 3639 7752  0
1404 1405 7732 7735  0
7640 7639 7614 7879  0
5525 7959 5548 8023  0
7026 7027 6659 8409  0
513 8388 7885 328  0
2876 2875 2894 8212  0
1119 7738 1133 7790  0
4959 4948 7825 8346  0
829 404 7733 7909  0
6343 7788 6357 7752  0
2085 3325 2084 8384  0
4891 7752 6309 6340  0
8067 7197 7198 8132  0
7459 7779 7527 7526  0
227 198 199 8439  0
930 7830 8345 1164  0
2435 2471 2436 8205  0
3113 3634 3639 7752  0
3630 3633 3634 7752  0
1926 1942 1927 8383  0
3092 3091 3104 7884  0
1685 1695 1684 1696  0
2166 2200 2167 7978  0
7996 5795 5813 5796  0
7131 7160 7097 7674  0
328 568 569 8388  0
6385 6400 6399 8190  0
7876 4877 4267 3944  0
8123 7187 7119 7993  0
1845 1861 1846 8010  0
937 1172 938 8080  0
4884 7970 6276 4882  0
1307 1308 7731 7744  0
484 485 428 7882  0
2520 8115 2521 8168  0
4275 8400 7756 4892  0
7125 7663 8038 7711  0
7852 8031 8281 8410  0
401 7830 7924 7909  0
2019 2001 2018 7709  0
593 661 662 8231  0
8263 7711 8191 7822  0
7066 7639 7640 7879  0
8372 4860 4866 6134  0
4303 4934 4933 7695  0
916 917 7723 8116  0
813 7798 8001 8021  0
6211 6228 6210 8082  0
1659 1658 1669 7841  0
813 395 814 8021  0
7938 7875 1485 8233  0
4630 8129 4652 8273  0
7667 5730 7688 5731  0
8093 559 505 560  0
8153 7720 8250 8415  0
6346 6347 7659 7989  0
7662 8062 8215 8301  0
6418 6432 6431 7840  0
5959 7771 8319 5936  0
4545 5621 8219 4546  0
2806 2786 7871 8387  0
6764 6765 7097 7674  0
2283 2320 2321 8192  0
7282 7217 7218 7674  0
4825 4811 4812 8401  0
6319 6302 8184 8347  0
8326 4330 4009 3234  0
3417 8207 3415 7790  0
996 7928 699 7732  0
6218 6235 6234 8002  0
6874 6873 6849 8278  0
3272 7931 3707 4355  0
7837 7799 7860 8378  0
6844 6845 6883 7718  0
1587 1403 1586 7735  0
7747 6343 6328 7752  0
2208 8098 2207 2242  0
7861 8102 8318 8351  0
373 374 768 7802  0
6530 6488 6531 7805  0
2168 2167 2201 7986  0
7500 7431 7501 7734  0
813 814 1129 7798  0
5847 5871 5870 7864  0
5082 5067 5068 7971  0
1454 1453 1263 7920  0
2555 2515 2514 7716  0
7159 7097 7160 7674  0
7211 7276 7275 8169  0
606 605 674 8327  0
8219 5624 4548 5623  0
8078 2451 8186 7740  0
353 747 7948 8365  0
1856 1872 1857 8069  0
513 8388 569 7885  0
1602 1418 1601 7759  0
4138 7655 4133 7962  0
1902 7933 1903 8015  0
4186 4673 8106 8315  0
2402 2403 8056 8233  0
2520 2557 2558 7985  0
8279 3694 3696 3247  0
8232 5696 6602 5695  0
1158 1358 1347 7854  0
3398 1483 3399 7731  0
6374 6388 6387 7788  0
7801 7750 7922 8093  0
7668 7766 7779 7823  0
6599 8232 5696 6934  0
1443 1444 7964 8378  0
3601 6209 8082 8339  0
1621 2497 7816 8237  0
5527 8023 8110 7959  0
7274 7275 7344 8169  0
363 758 757 7844  0
5776 5745 4690 8128  0
5102 5088 5103 8398  0
3864 3492 3863 7892  0
2783 2752 2751 8401  0
3395 3772 3771 8261  0
8239 4075 2300 4512  0
7695 4946 4958 8346  0
8161 7763 7783 7745  0
5027 5014 5028 8244  0
5617 8006 4542 5618  0
7653 7674 7686 8076  0
1143 1345 1343 7939  0
7270 7269 7205 7741  0
2081 2082 2052 8196  0
3764 7821 4098 4097  0
3682 4319 4317 8275  0
8200 1988 1970 3297  0
2729 2730 7915 8189  0
821 7830 400 823  0
1349 1529 1350 7838  0
2402 8056 8137 8233  0
4933 4302 7695 8209  0
5897 5873 5898 8188  0
5185 5169 5186 7918  0
6021 6042 6020 8294  0
6103 6124 6123 8052  0
7775 7996 8115 8083  0
7414 7415 7984 8169  0
448 504 505 7922  0
6062 6041 6063 7890  0
3984 7895 3673 3983  0
5696 8232 6602 6934  0
7549 7777 7550 7611  0
7708 4115 8195 4575  0
7681 7691 7749 7863  0
7093 7916 7092 8101  0
3948 7970 3949 4268  0
7549 7777 8187 7550  0
6581 6580 5673 7808  0
5306 5324 5305 8356  0
1596 1595 7982 8421  0
1102 1103 1309 7738  0
857 7723 7868 7744  0
7083 6750 6751 7900  0
8408 6473 7805 7836  0
6659 6678 6677 7766  0
3429 3427 1521 8385  0
7798 927 1161 1160  0
1228 7912 1011 1227  0
5205 5222 5204 8069  0
7677 7681 7930 8100  0
4275 4276 4895 7756  0
6704 6705 5764 7737  0
502 445 501 7791  0
8114 5243 8227 8293  0
5897 5920 5919 8188  0
3482 2495 2494 8419  0
584 653 585 7928  0
822 820 819 7929  0
7670 417 353 418  0
5254 8126 8015 5253  0
508 562 563 8093  0
7318 7998 7388 7387  0
8073 5176 5160 8144  0
1834 3269 3703 8073  0
8197 1367 7800 1548  0
4132 8053 8199 8207  0
339 319 338 8066  0
6354 6338 4895 7756  0
1581 1397 1574 8165  0
7465 7466 7783 7795  0
7712 8357 8088 7687  0
6787 6786 7988 7993  0
3251 8147 8279 1775  0
6461 5549 5550 7959  0
363 7917 427 7844  0
1228 1012 1011 8183  0
4676 4188 4675 8103  0
8191 8316 7776 7754  0
7876 3608 3612 3021  0
2564 2565 2527 7767  0
836 1111 7851 8216  0
660 707 661 8231  0
8189 5909 5933 7915  0
6748 6749 7081 7682  0
4312 8270 3679 4313  0
1294 1293 8258 8261  0
3064 7884 3078 3065  0
2539 2577 2540 8058  0
1703 1704 1692 7957  0
5108 5123 5107 7692  0
5330 5311 5312 8271  0
1673 1674 3222 8275  0
7707 2140 7891 8048  0
1793 1779 7697 7824  0
4118 4579 4578 8162  0
7659 3119 7989 8194  0
8084 7676 8363 7816  0
2484 1607 7770 7925  0
6760 6506 6761 8101  0
4082 3750 4083 7722  0
7915 5885 8134 8295  0
5563 5583 7977 8323  0
7422 7421 7352 8312  0
4435 5485 3731 8283  0
7464 7795 7394 7395  0
1252 1251 1041 8371  0
1171 8099 1366 8080  0
7433 7363 7734 7432  0
3007 3611 3022 8082  0
1527 2416 1528 7838  0
7543 7762 7476 7778  0
8299 6203 6185 6202  0
5196 4353 3705 8073  0
8434 7799 5596 7847  0
3838 4178 3839 7980  0
2452 1563 2451 7740  0
1649 7841 1648 1659  0
3240 1735 3692 7940  0
786 8118 8251 785  0
7719 609 677 7904  0
3760 7973 8414 4093  0
4530 7722 4571 8239  0
2055 8384 8196 2084  0
3655 3965 3650 8229  0
437 493 494 8077  0
2384 1299 8088 8314  0
8251 7731 7686 7723  0
6812 6558 6559 8236  0
1990 7680 7701 8287  0
7925 7704 8166 7796  0
6395 6394 6381 8229  0
5926 8221 8370 5903  0
1705 1706 1694 8244  0
5261 5242 5243 8114  0
2620 4748 4732 8429  0
8037 7977 5562 5582  0
2244 7926 8098 2279  0
1469 8117 2395 2393  0
2450 3452 3453 8186  0
7042 6666 7764 7897  0
4727 3877 4742 7976  0
1268 1267 1057 7913  0
2664 8051 8240 8295  0
5782 8083 6672 6673  0
7931 3272 3707 1866  0
5048 8326 4333 5033  0
1484 1483 1307 7731  0
7991 4339 4337 3244  0
5768 6709 5769 8122  0
6150 6169 6149 8352  0
5906 8142 5905 5882  0
2245 7926 8217 7959  0
1832 1847 1848 8073  0
8434 4533 5661 5662  0
7921 6849 7951 8278  0
7792 3155 3166 3154  0
3568 2841 8272 8386  0
1204 1203 1395 7807  0
7351 7350 7281 8312  0
7338 7269 7339 7741  0
8306 7752 4894 6340  0
5108 5124 5123 7692  0
1798 1813 1799 8119  0
7340 7409 7339 7741  0
6317 6301 6318 8347  0
2172 2140 7707 8048  0
7833 3775 7731 3398  0
6293 4884 6275 6276  0
1044 1254 1043 8008  0
8083 5783 6674 6673  0
944 905 943 7803  0
6565 6478 6479 8170  0
8135 2835 2855 2834  0
6032 6031 6008 8148  0
6015 6014 5992 8272  0
1619 8237 2495 2496  0
8159 7662 7764 8089  0
2987 2988 7935 8299  0
7844 7822 7913 7944  0
5269 5270 8269 8309  0
2867 7967 8064 8294  0
2628 2663 2629 8240  0
7738 1133 7790 7868  0
2175 2208 8048 2174  0
8427 4084 3752 8112  0
5629 8076 8032 5628  0
1726 1727 7957 7971  0
3184 3173 3183 7895  0
697 993 994 8036  0
503 557 558 7922  0
1635 1627 1626 8209  0
5289 5271 8182 8309  0
7802 770 376 375  0
1415 1416 8179 8264  0
4727 5809 7699 7976  0
5260 7865 5241 8114  0
1705 1717 1706 8244  0
471 526 472 7797  0
6185 6186 6203 7876  0
7767 6713 7781 8020  0
3987 4297 4285 7840  0
7043 6667 7042 7897  0
8097 3374 3753 3375  0
1797 1796 7918 8090  0
6069 6070 8054 8420  0
7896 7703 7994 8085  0
3044 3029 3028 8002  0
1030 7816 8028 8402  0
900 879 878 8080  0
7661 5690 4611 4614  0
7616 7642 7641 7879  0
541 598 542 7870  0
3138 3151 3152 7788  0
7721 1932 8269 8309  0
4259 8212 3927 8265  0
841 1115 840 7784  0
6576 6577 6827 8247  0
5269 5288 5287 8269  0
1350 7669 7838 8206  0
2896 2913 7789 8325  0
8216 861 860 839  0
2303 1443 1444 7964  0
7848 2964 2981 7736  0
2758 2725 2757 8221  0
1516 7655 3420 3419  0
6055 4851 6012 8386  0
7781 2638 8026 8039  0
5843 7781 5822 5823  0
452 451 508 8093  0
7127 7196 7195 7663  0
4093 4539 4092 7973  0
5170 5169 7918 8069  0
687 974 688 8084  0
7512 7730 7511 7444  0
3728 8384 2117 8110  0
7655 8396 7661 7962  0
7491 7421 7422 8286  0
2947 2964 2948 8109  0
5380 5379 5359 7680  0
7990 8340 5752 5753  0
3462 3496 3866 7800  0
8190 3651 3656 8305  0
5673 6580 5672 7808  0
384 383 448 7922  0
1539 7810 1540 1536  0
8244 1695 1706 1694  0
1272 7911 7773 1273  0
5815 5814 7996 8240  0
1439 1438 1622 7816  0
3766 4100 8219 8280  0
6119 8109 6139 6118  0
4358 5233 5232 7931  0
439 438 495 7802  0
6983 7734 7570 7806  0
8234 7869 7691 7949  0
4664 5725 4665 8178  0
5524 5501 8023 8048  0
7021 6654 6653 8308  0
3644 4278 4898 7756  0
6329 7747 6345 6344  0
5509 8348 8406 5486  0
6860 6845 6826 7718  0
3858 4197 4198 8062  0
6258 8104 6257 7970  0
2464 8129 2508 2465  0
5540 5539 7978 8154  0
2676 2677 2642 7864  0
2821 2839 2840 8107  0
6441 6428 6429 7895  0
712 711 1008 8087  0
5115 7824 5131 7697  0
1243 1027 1026 7859  0
4998 5011 5010 7883  0
6085 6065 6086 7967  0
5282 5264 5283 8227  0
5581 5561 5562 8037  0
1404 7732 1212 7735  0
4495 7819 2298 2299  0
625 391 624 8392  0
7727 7942 8092 7862  0
2866 2847 2865 8294  0
2949 2966 2950 7848  0
662 661 8047 8231  0
4179 4666 7950 7980  0
1934 1933 8182 8309  0
1204 1205 988 8165  0
1605 2540 2541 8094  0
427 7917 362 426  0
6990 7817 6627 6626  0
951 7869 952 913  0
826 825 828 7830  0
6121 6142 7789 8105  0
1502 1320 1503 7738  0
5789 7699 7976 8360  0
6388 7788 7792 8254  0
6440 6439 8045 8390  0
756 755 361 7917  0
2205 2171 2204 7707  0
2529 2530 7927 8397  0
105 92 106 8361  0
6330 6314 6315 7884  0
1586 1587 7735 8115  0
8045 6428 6414 6427  0
5821 5803 5804 7781  0
8303 7998 7728 7936  0
7754 7844 7882 7917  0
8003 2603 2639 7781  0
7757 8074 8343 8302  0
8305 8045 8390 8394  0
8269 5250 8309 7931  0
2701 2702 8172 8274  0
6899 6874 6875 8278  0
424 425 360 7917  0
7038 7054 7053 8007  0
6687 7052 6688 8007  0
7748 7766 7843 7927  0
1949 8271 8182 7721  0
2967 2951 7848 8105  0
4101 4100 3767 8280  0
7018 6650 7017 8340  0
1081 782 8258 8417  0
6496 6750 6495 8328  0
1725 1737 1738 7971  0
1749 7971 1750 1737  0
1589 7735 1405 1588  0
7264 7334 7333 8067  0
2409 1343 7939 8385  0
7884 6297 8358 8382  0
5956 5934 7771 7915  0
3818 7903 3444 3442  0
6330 6346 7884 7989  0
7680 1957 8366 1974  0
6784 6785 7114 8060  0
5994 6016 5993 7871  0
1274 7773 1273 1063  0
7145 7203 7202 7682  0
2455 3457 2456 8324  0
4442 2155 4441 8173  0
1333 1104 1334 7874  0
5086 7664 8171 8398  0
2629 2663 2664 8240  0
6517 6518 6774 7923  0
5130 5129 7697 8158  0
3188 3666 3189 7840  0
5531 5530 8157 8408  0
1376 1557 1558 8079  0
7764 7627 7897 8155  0
6910 8127 6935 7718  0
1785 1784 1798 8119  0
7096 7653 6764 7674  0
7323 7322 7253 8296  0
3220 4318 4321 8270  0
6083 6082 6063 7890  0
2528 2566 2529 7927  0
5600 5580 5601 8050  0
6045 6066 6044 8064  0
4953 7715 4966 8270  0
3520 8405 5855 8142  0
6166 7935 6185 6165  0
3675 3985 3986 8395  0
4430 4443 4429 8349  0
7380 7930 8014 8246  0
6377 6360 6361 7659  0
6686 6685 7050 8228  0
6835 8282 6836 8057  0
1058 1057 7844 7913  0
5900 5901 4805 8000  0
7127 7195 7126 7663  0
3031 3032 3017 7815  0
6470 6471 6487 8245  0
5161 4350 5178 8073  0
7818 7810 7835 8068  0
7749 7730 7863 7980  0
7774 8127 8213 7743  0
1501 7784 1499 1498  0
6419 6432 6418 7840  0
481 425 424 8151  0
5993 5971 5994 7871  0
7911 1462 2322 1463  0
1965 1983 1966 7721  0
4767 2657 8437 2689  0
6893 7828 6919 8057  0
8241 5431 8065 5430  0
110 8393 133 111  0
8354 2031 4385 2032  0
1681 1670 7841 7883  0
2347 1278 7855 8208  0
4948 4960 4959 7825  0
5259 8114 5278 7933  0
7909 343 263 344  0
3425 7655 2405 3800  0
7132 7674 7820 7972  0
5246 5228 8059 8063  0
7726 7829 7958 8004  0
7676 7686 7662 7816  0
7940 1745 8016 8171  0
6610 5707 5706 7975  0
2176 2177 7893 8023  0
7066 7777 7639 7879  0
2754 2785 4814 8401  0
2478 2479 1573 8009  0
7271 7340 7270 7741  0
346 409 410 8375  0
7520 8246 7966 7519  0
7975 7774 8213 8276  0
1685 1673 1684 7811  0
3170 3654 8190 8394  0
6403 6388 7792 8254  0
1938 1955 7675 7701  0
933 636 932 7909  0
720 7796 7925 1017  0
6999 7507 7000 7955  0
8112 4590 8369 8427  0
1966 1967 1949 7721  0
5983 5984 7919 8319  0
7106 6776 6777 7847  0
375 769 374 7802  0
93 116 107 8133  0
5043 5030 5044 7725  0
8012 718 8223 8327  0
6688 7757 6687 8007  0
3178 3177 3188 7840  0
8115 2559 2595 7996  0
5694 5697 4619 7661  0
761 1060 760 8160  0
1864 3269 8073 1850  0
7893 5478 5457 7891  0
3250 3254 1762 8255  0
2672 8438 2705 8026  0
7274 7742 7343 7273  0
2182 2214 8157 8283  0
7613 7612 7551 7777  0
8270 3989 3988 4298  0
8175 2820 2838 2819  0
3577 3926 3922 8212  0
7756 6335 8184 8300  0
7846 7694 7719 7791  0
3006 3608 3940 8033  0
733 974 687 8084  0
2527 2564 7767 7843  0
1186 1379 1187 7908  0
7941 1197 980 8070  0
5937 5936 5912 7771  0
5608 8410 8281 5609  0
4086 4087 4533 8427  0
7947 1274 7911 1275  0
5459 5439 5460 8384  0
7952 7420 8286 8312  0
7926 7944 8263 8331  0
6991 6978 6979 7905  0
5329 7721 5348 5328  0
1781 1767 7664 8090  0
1398 1399 1207 7886  0
1313 1106 1107 7963  0
7837 7964 8008 8378  0
3146 3650 3147 8229  0
7006 7955 7007 8238  0
1371 1555 1372 7854  0
6882 6883 6909 7718  0
501 445 444 7791  0
3229 7725 7811 1698  0
2923 2922 7673 8341  0
2761 2762 2728 8189  0
1825 1840 1841 8069  0
6229 6212 6230 8082  0
5186 5202 5185 8005  0
8392 898 1144 1139  0
6462 5550 5551 8245  0
6691 7055 7056 8360  0
8431 7698 8167 7687  0
5458 5438 5459 7893  0
7327 7397 7396 7795  0
595 596 539 7870  0
6843 6588 6844 7718  0
1570 2457 2476 8044  0
6279 8382 6295 8432  0
1832 1848 1833 8073  0
8354 4385 4384 4399  0
784 803 8118 8258  0
3151 8254 3137 3150  0
666 7870 665 8087  0
990 1206 7886 8165  0
1753 1754 1742 7664  0
2310 7960 1451 8096  0
7994 7777 8106 8315  0
1864 1849 1848 8073  0
7842 7729 7886 8165  0
5440 5461 5460 8384  0
2047 2018 7709 8065  0
185 169 144 8130  0
7397 7327 7763 7795  0
5897 5872 5873 8188  0
4096 4542 4095 8414  0
5166 5183 7782 8005  0
7691 7889 7987 8375  0
2868 2887 2869 8064  0
3821 3820 4160 7688  0
7406 7762 8027 7476  0
3165 3154 3153 7792  0
6380 8194 6364 8229  0
2163 2197 2164 7956  0
1376 7803 1184 1183  0
2408 1522 2406 8210  0
1543 2433 2434 8068  0
1757 1758 1745 8016  0
5900 5899 5875 8000  0
6909 6910 6935 7718  0
7311 7242 7312 8014  0
8130 8439 169 197  0
7730 8238 5739 6640  0
1704 7883 7957 8244  0
908 886 907 8248  0
6071 6070 6049 8054  0
862 883 863 8222  0
7309 7378 7308 7930  0
6996 7942 7862 8201  0
2848 2849 7714 8294  0
7518 7579 7517 8246  0
6456 6444 7840 8395  0
2022 2005 2004 8200  0
2387 3409 3408 8088  0
5172 5171 8119 8242  0
7348 7952 7347 7995  0
7834 7277 7995 7916  0
6619 5704 5714 7999  0
5476 7707 7891 8048  0
547 8223 603 604  0
5194 8059 5195 5211  0
7323 7393 7392 8296  0
4105 4104 3771 8076  0
2743 2711 2710 8000  0
2947 2963 2964 8109  0
2696 2663 2695 8295  0
6637 7806 7004 6619  0
3182 3171 3181 8394  0
2833 2834 7906 8135  0
3341 3347 3342 8348  0
5763 7879 6703 6704  0
3033 7876 3019 7970  0
7815 3029 7689 8002  0
2083 8384 2084 8196  0
6014 6015 6036 8272  0
843 8222 8321 842  0
1757 1770 1771 8016  0
7955 7371 7983 8071  0
7711 6530 7805 8263  0
4813 4799 4814 8401  0
5250 8269 8309 5269  0
5827 5852 5826 7746  0
6647 6646 8259 8404  0
1160 1354 1355 8313  0
7309 7239 8014 8100  0
2923 2940 2941 8341  0
3773 4107 4106 8076  0
1855 1856 1840 8069  0
7262 7197 7663 7261  0
6396 3966 4905 8229  0
7653 5627 5626 6509  0
7930 7309 8014 8100  0
8231 537 536 8403  0
7549 7548 7481 8187  0
975 689 688 8084  0
2533 2571 2534 8111  0
4994 5007 5006 8203  0
7717 7676 7961 8152  0
7659 3155 3156 8024  0
5746 7897 7999 8128  0
2740 2773 2774 8188  0
5114 5115 5130 7697  0
380 445 381 7791  0
5129 5113 5114 7697  0
5168 5184 5167 8005  0
7414 7415 7484 7984  0
1177 8156 1195 1196  0
1796 1783 1782 8090  0
5928 5927 5904 8221  0
7430 7360 7734 7765  0
7664 1765 1766 1780  0
6665 7041 6666 7764  0
5202 5201 5185 8005  0
6459 5548 6460 7959  0
3083 3097 8184 8347  0
1588 1404 1587 7735  0
4044 2025 8196 8224  0
4755 3518 2626 3882  0
7641 7642 7068 7879  0
6438 8045 6425 6426  0
6734 6733 6727 8074  0
5770 6710 6711 8215  0
1844 1845 1829 8010  0
7751 1156 1157 7854  0
7996 8051 8318 8351  0
2870 2852 2851 8064  0
5325 5324 5306 8356  0
7716 8178 8205 8243  0
6287 6268 7768 8290  0
7421 7845 8312 7422  0
1940 1925 1924 8114  0
7343 7984 7344 7413  0
6037 6058 6036 7672  0
4421 8283 5485 8110  0
4303 3994 4304 7695  0
4554 5629 8076 8032  0
4358 4025 5233 8309  0
483 7882 537 538  0
6058 6078 6057 7672  0
986 8391 987 690  0
6523 6779 6522 8268  0
3241 3245 3242 7991  0
7957 1725 7971 7991  0
5149 5133 5150 7824  0
1884 1868 1867 8126  0
4565 4598 4564 7875  0
3105 3118 3119 7989  0
7776 7953 7988 8316  0
6884 6845 6860 7718  0
7334 7404 7403 8067  0
7763 8256 7257 8038  0
1999 1998 2016 8423  0
8135 8212 2873 7919  0
3169 8024 3168 3657  0
7073 7072 7646 8122  0
6458 6446 4917 7840  0
402 325 403 7909  0
7277 7276 7212 7916  0
939 938 1173 8080  0
708 709 662 8047  0
4528 4570 7819 8239  0
7246 7316 7315 7936  0
5252 5251 4360 8309  0
3180 3168 3167 8024  0
3624 8104 3620 3062  0
7764 4687 5775 5774  0
994 698 697 8036  0
8051 8351 5818 8318  0
1374 8079 1553 1375  0
7758 7658 7762 8140  0
8110 8217 5528 5527  0
6335 6334 8184 8300  0
5164 5165 7782 8158  0
5911 5912 5935 7771  0
8132 6745 6822 7724  0
7852 1454 1453 2313  0
7852 1453 1452 2312  0
968 7941 8070 952  0
4220 3876 3880 7976  0
6658 6659 6677 7766  0
972 642 7965 8344  0
5409 5431 5430 8065  0
590 591 534 7780  0
1121 1123 7669 8392  0
3515 3509 3514 8405  0
5937 5912 7656 7771  0
933 7830 7909 932  0
5133 5134 7824 8090  0
2203 8260 2238 2204  0
1498 1088 1500 7784  0
6417 6404 6405 7792  0
7523 7585 7584 8308  0
4618 4620 7806 8418  0
8308 7728 7966 8303  0
4054 4404 8349 8443  0
5858 5834 5835 8240  0
2989 2988 3004 7876  0
2538 1602 2537 7759  0
719 7925 1015 1016  0
381 380 7791 8176  0
1185 1378 1186 7908  0
7260 7196 7261 7663  0
3848 3849 7894 8103  0
7530 7591 7529 7856  0
402 7830 401 7909  0
8017 1071 8193 8198  0
516 7965 8234 572  0
3094 3080 7989 8249  0
5581 8050 7977 5602  0
1417 7759 8179 8264  0
7142 7199 7130 8304  0
5055 8244 5041 7981  0
7686 8412 7723 7671  0
2653 2652 4763 8429  0
330 295 294 7909  0
463 517 8011 8234  0
1792 1793 7697 8158  0
2140 2139 2171 7707  0
795 850 7898 8167  0
5313 5294 8095 8368  0
5468 7956 8291 7849  0
2307 1448 7943 8266  0
7218 7283 7282 7674  0
7678 7800 2441 8377  0
6789 6788 6569 7953  0
8288 3611 3022 3036  0
6222 6221 7876 7970  0
2362 1293 8146 2361  0
5748 5714 4649 7999  0
3723 8384 4393 8196  0
5192 5209 5208 8010  0
6502 5620 6503 8018  0
1202 1394 1203 7807  0
6675 7823 6656 6657  0
6924 6897 6898 8278  0
4689 4690 4202 8128  0
5581 5582 7977 8037  0
3456 2454 8078 8324  0
1179 1371 1358 7854  0
7734 7363 7362 7432  0
1426 1427 1235 7997  0
4917 7840 6447 4286  0
1311 1310 1104 7874  0
5745 5776 7897 8128  0
5635 5680 5679 8204  0
6493 6748 6747 7724  0
770 7855 1069 769  0
1257 1447 1256 8266  0
1359 1358 1372 7854  0
7830 933 7733 1166  0
7549 7481 7482 8187  0
652 653 584 7928  0
5526 5549 5548 7959  0
5664 7837 7860 5665  0
4734 4735 4751 8437  0
1017 7796 7925 8166  0
7694 7750 7859 8411  0
1261 1260 1050 7960  0
5791 4710 4709 8335  0
6503 5621 6504 8018  0
2732 2731 2764 7915  0
7058 7896 7059 6694  0
6865 7881 8379 6866  0
4827 4826 4813 8401  0
1904 1905 1887 7933  0
2870 2869 2889 8064  0
5731 4636 4635 7688  0
8317 8208 8214 7855  0
5496 7707 7831 7986  0
7545 7703 7546 7607  0
2315 2277 2314 8331  0
5404 7666 7760 8291  0
7819 2376 8239 8277  0
5874 5899 5898 8000  0
6231 6249 6230 7901  0
2237 8260 2203 7831  0
7567 7765 8298 7566  0
2142 2143 7891 8048  0
6619 5714 6637 7999  0
7024 6657 6656 7823  0
4611 5689 5690 7962  0
5696 8232 5693 5695  0
2381 2380 1496 8195  0
6314 6297 6298 7884  0
2342 3370 8378 2344  0
806 7744 855 807  0
6820 6819 6743 8180  0
8377 7800 7657 7678  0
2463 8129 2464 2427  0
6626 5728 5727 7817  0
1638 1629 1637 7695  0
7655 4141 8396 7962  0
1716 1705 1704 8244  0
766 1066 1065 7947  0
4121 7687 3788 4122  0
5606 6480 5605 7988  0
6686 6718 6717 8253  0
2531 2568 2569 8397  0
1175 1174 1180 8164  0
6686 6717 6685 8253  0
373 437 438 7802  0
1304 1097 7877 8167  0
7717 7676 7737 7961  0
1110 7885 835 836  0
2535 2534 8111 8264  0
7255 7256 7795 8256  0
8071 7438 7368 7862  0
7083 7082 6750 7682  0
8220 7699 8335 8360  0
5202 5219 5201 8005  0
4429 2156 8349 4443  0
7733 7794 7963 7874  0
1854 1855 1840 8005  0
6637 5714 6636 7999  0
2547 8440 8310 4715  0
6989 7817 7905 6626  0
7810 1540 1537 8068  0
724 723 1020 8166  0
5076 5091 8016 8279  0
5493 5517 7978 7986  0
1980 1981 7858 8423  0
5195 8059 5212 5211  0
4542 4541 4095 8414  0
1746 1734 1735 1747  0
7761 8320 7730 7681  0
431 366 430 7827  0
7951 5642 7722 5641  0
3032 3033 3018 7970  0
1986 1970 1969 8200  0
6460 8263 7959 6469  0
371 766 765 7947  0
827 7733 7830 7909  0
2205 7832 2206 7707  0
7517 7866 8259 8246  0
1638 1630 7695 8346  0
6356 6341 6342 7752  0
8097 1471 3374 1473  0
2279 2316 2317 7926  0
2091 2060 2090 8354  0
4675 5762 5763 8103  0
6342 6327 6343 7752  0
4596 4597 7808 8056  0
7729 7842 8009 8165  0
394 395 813 8021  0
3863 4203 3864 8128  0
648 694 695 7813  0
2268 2267 2305 8037  0
7814 1219 1002 1003  0
5923 5899 5900 8000  0
3148 3649 3654 8190  0
5847 5846 6732 7864  0
6177 6178 7736 8109  0
1620 2497 1621 8237  0
6636 5748 6670 7999  0
7671 7662 8062 8089  0
6751 6497 7900 8328  0
7850 7665 8043 8278  0
7703 7609 7548 7547  0
1701 1702 1690 8035  0
1754 1766 1767 7664  0
2207 7832 2206 2241  0
3860 3488 3859 8062  0
1491 1492 2376 8277  0
5551 5550 8217 8245  0
880 881 860 8125  0
7503 7734 7433 7806  0
3016 3015 7815 8211  0
3091 3090 7884 8382  0
8133 53 72 73  0
3500 2556 3874 7716  0
4564 4598 4597 7875  0
6475 7837 6562 6524  0
6713 6681 6714 8020  0
5684 5674 4604 8199  0
5176 8073 5160 5177  0
4197 4684 4685 8089  0
3079 3065 7884 8249  0
763 369 7947 7992  0
5996 5974 5997 8387  0
7702 6473 7805 6490  0
655 701 702 7809  0
7881 6865 8379 8145  0
2730 2697 2729 8295  0
1034 735 1035 8284  0
1403 1404 1212 7735  0
1370 1388 1554 8156  0
7763 7329 7328 7398  0
7668 7873 7998 8316  0
1885 1869 1884 8015  0
6841 6842 6857 8004  0
6511 8076 5628 8032  0
1782 1767 1781 8090  0
8192 2284 2283 7836  0
912 7869 7941 913  0
2131 2164 7849 7956  0
2732 2699 2731 7915  0
8058 7684 7658 7699  0
8428 5917 8438 8442  0
5477 5476 5455 7891  0
8440 7705 8129 4655  0
5955 5933 5934 7915  0
5061 5062 5075 7940  0
8323 5541 5542 7831  0
1735 1746 1747 7940  0
5495 5496 5518 7831  0
2427 8276 2428 2422  0
7834 7879 7777 7694  0
1060 7773 761 1061  0
8225 7818 8243 8205  0
420 419 7670 7787  0
7938 1328 1509 1330  0
8079 8377 2443 3445  0
3282 3281 8015 8126  0
7058 6693 7057 8220  0
1633 3207 1632 7825  0
1396 1205 1204 8165  0
6786 6785 6566 7988  0
7483 7777 7482 7984  0
8386 4851 4845 4252  0
4662 8243 5722 8178  0
1010 713 1009 8087  0
5641 6548 6547 7951  0
6894 6895 6921 7880  0
6356 6357 6373 7788  0
7810 7828 8075 8068  0
7412 7481 7411 8187  0
2616 4745 4746 8429  0
6841 6842 8004 8199  0
461 405 460 8234  0
8252 3009 2994 7901  0
6605 6960 6607 8127  0
8290 7901 6249 6250  0
7697 1777 1762 1763  0
6886 6913 8127 8247  0
2206 2173 2172 8048  0
7590 7779 8409 7589  0
2828 2829 2810 7714  0
6944 6943 6918 7881  0
7746 5806 7976 8302  0
6263 6246 8288 8185  0
6978 6956 6979 7905  0
7683 7668 7779 8316  0
630 7798 926 8066  0
7557 7618 7556 8072  0
3028 3029 3014 8002  0
1178 1370 7854 8156  0
8426 7671 7892 7974  0
2922 2904 7967 8341  0
4528 4527 4511 7819  0
5211 5228 5210 8059  0
6819 6818 6742 8180  0
2444 1553 2443 8079  0
5318 7680 5319 5338  0
3224 3225 3221 7715  0
7864 5871 8026 8188  0
2163 2131 2162 7956  0
822 1331 1329 7929  0
600 7857 543 599  0
1215 1216 999 7809  0
2668 2702 2669 8274  0
4223 3885 3522 7746  0
5602 6477 8050 8170  0
6060 6059 6038 7672  0
7653 6509 7674 8076  0
5021 5007 8035 8326  0
3099 3084 3098 8184  0
7708 7921 5645 8195  0
541 597 598 7870  0
2942 8341 2924 2941  0
3039 3054 3040 8290  0
5413 5434 5412 7891  0
4984 7883 7841 4985  0
6684 6715 6683 8020  0
7803 7667 8079 8285  0
6680 6662 6681 8091  0
7774 7838 8206 8353  0
7866 7677 7729 7749  0
7886 1583 1400 8364  0
6332 8194 6333 6348  0
5407 5429 5406 8241  0
6039 6040 6061 7890  0
110 74 87 8133  0
4604 4606 5684 8199  0
7860 7964 8037 8050  0
403 7733 829 827  0
2612 2577 2576 8058  0
2332 4524 4523 7875  0
5105 5106 5121 7692  0
7658 8140 8257 8007  0
7609 7703 7634 7608  0
1778 1779 1765 7697  0
6969 6946 6947 7828  0
1095 792 8167 8357  0
7941 1384 1197 8324  0
4139 4140 4607 8053  0
744 7948 745 8008  0
7985 5794 5795 5780  0
7415 7414 7345 8169  0
5860 5836 8051 8295  0
8012 7857 8223 8183  0
4099 7902 3766 8219  0
6473 7805 6490 6465  0
398 7924 321 399  0
8371 1042 8008 8153  0
7872 1976 1977 8136  0
7007 6640 6639 8238  0
5548 5549 6460 7959  0
382 447 383 7922  0
7842 8165 2480 8009  0
5177 5161 5178 8073  0
2305 8266 1445 1446  0
4945 4934 4935 7695  0
5405 5384 5385 7907  0
6707 8072 7071 8122  0
512 872 853 8118  0
2432 1540 2431 8068  0
6936 8127 6911 6937  0
803 454 8118 8124  0
429 364 428 7844  0
1918 1934 8182 8309  0
3145 8194 3144 8229  0
3728 8384 8110 4406  0
6493 5610 7679 7724  0
5727 7696 6625 7817  0
4296 4297 3986 7840  0
4600 5686 4605 7962  0
1291 1081 1292 8049  0
7385 7936 7316 8303  0
6289 6288 6270 7768  0
7741 7203 7900 7793  0
5078 5063 5064 7991  0
2765 2794 2795 7771  0
6610 5706 7903 7975  0
803 389 8124 8258  0
2214 2248 8157 8283  0
3446 3447 2444 8079  0
6892 6868 6893 8057  0
1738 1750 1751 7971  0
2989 2972 2971 7935  0
6469 7959 8245 8263  0
718 717 8012 8223  0
2046 2017 2045 8422  0
4108 7833 3774 7826  0
1106 828 830 7874  0
353 352 417 7948  0
7415 8381 7834 7416  0
6712 8020 7767 8091  0
1966 1949 1948 7721  0
5129 5113 7697 8150  0
5356 5355 7701 8287  0
1382 1563 1564 7740  0
7365 7435 7434 7942  0
5222 5223 7865 8069  0
2893 2894 2874 8212  0
4561 4520 4562 8056  0
8438 2770 2769 2737  0
1754 1767 1768 7664  0
7864 2606 8003 8074  0
3001 8211 7815 8299  0
554 610 7719 7904  0
5852 5825 5826 7746  0
4571 8380 4570 8239  0
110 75 74 8133  0
3568 2841 3563 8272  0
552 497 551 7904  0
3083 3097 3098 8184  0
6694 5755 5791 8335  0
1113 1087 1319 7784  0
4156 3817 3834 7878  0
7537 7538 8257 8441  0
5878 5925 4804 8370  0
6494 7724 6748 6493  0
1595 2530 2531 7867  0
962 8248 963 946  0
7704 7937 7997 8166  0
5606 5586 5607 8096  0
1700 1688 1699 8326  0
7161 7160 7131 7674  0
7698 7877 7898 8167  0
7420 7490 7489 8286  0
7694 7717 8131 8152  0
5220 5203 7865 8005  0
7765 7357 7358 8267  0
555 611 612 8322  0
6183 6184 6202 8299  0
2357 2356 1288 7812  0
6960 6608 6607 8127  0
7665 7885 7733 7963  0
7853 7869 891 8167  0
6080 6100 6079 7672  0
4353 3703 3269 8073  0
7740 7941 965 7853  0
2850 2831 2830 7714  0
4512 4528 7819 8239  0
494 493 548 8077  0
1133 1137 1134 8385  0
3300 3304 7701 8095  0
2775 8188 2741 2774  0
6214 6213 6195 8252  0
2516 2515 2556 7716  0
4599 5669 4592 8199  0
6491 6533 6490 7702  0
1051 7899 7787 752  0
1360 1537 1542 7835  0
8088 3406 2384 8314  0
5776 4689 4688 8426  0
7009 7572 7573 7730  0
1167 8099 1168 7733  0
3820 3819 4159 7688  0
1932 1915 8269 8309  0
7800 8099 8080 8197  0
5251 5233 4360 8309  0
6536 6492 6493 7724  0
7450 7451 7518 8246  0
5002 5003 5015 7811  0
7527 7460 7779 7459  0
2319 2320 2282 8192  0
1700 7991 8035 8326  0
6532 6531 7805 8180  0
5462 4406 8110 8384  0
2168 7831 2201 2202  0
3015 7815 3029 3030  0
7462 7463 7530 8161  0
4322 4324 5003 3686  0
4363 8182 4365 5272  0
1397 1205 1396 8165  0
8102 7996 8115 8351  0
7699 5789 8335 8360  0
104 81 102 105  0
503 447 446 7922  0
1839 7918 1823 8005  0
5199 5200 5217 8126  0
976 1031 1032 8028  0
7506 6999 7862 7955  0
7205 7741 7900 7945  0
7024 7954 7023 7587  0
1190 965 1189 7740  0
7627 7566 7628 7897  0
597 596 665 7870  0
1349 1350 7669 7838  0
7164 7225 7291 8004  0
7657 7696 7817 7905  0
6991 6990 6978 7905  0
8114 5259 5260 7865  0
1051 7776 7920 7960  0
1680 1681 7841 7883  0
3047 3048 3032 7970  0
8366 1959 1942 8383  0
3468 8009 3842 3469  0
7975 7705 8129 8276  0
1390 1568 8044 8324  0
1683 7883 7811 8275  0
8139 2078 2079 7891  0
1136 1135 1141 7868  0
8114 5278 5279 5260  0
6512 8042 5655 5656  0
2371 1486 1487 7875  0
2300 7819 2299 2337  0
4512 4528 4511 7819  0
7083 7145 7682 7900  0
6466 5589 6467 8410  0
349 348 413 8415  0
5525 7959 8023 5526  0
1965 1948 1947 7721  0
2353 2354 3385 7887  0
5818 7660 8051 8318  0
7824 5147 5148 5131  0
8115 2595 8318 7996  0
6149 6169 6168 8352  0
5572 5552 5553 8408  0
1371 1178 1370 7854  0
6822 6745 6746 7724  0
1674 7811 1686 3226  0
8325 6117 8109 6118  0
6994 7667 7710 8201  0
6328 6329 6344 7884  0
5028 5015 5029 7725  0
1708 1707 1719 7725  0
6955 8230 6929 6930  0
1857 1872 1873 7865  0
3188 3187 3197 7840  0
1185 1184 1377 7908  0
4465 5509 4481 8406  0
6595 6843 6859 7718  0
8162 3785 4119 8088  0
1485 7875 8056 8233  0
2950 2932 2949 7789  0
7793 7408 8027 7338  0
7725 5058 7981 8171  0
6492 5610 6493 7724  0
5253 8015 5273 8368  0
3047 7815 8104 7970  0
4613 5691 4616 5693  0
7594 7783 8081 8161  0
886 887 7839 8248  0
5258 5257 7865 7933  0
1392 1393 1201 8044  0
7832 2205 2239 8260  0
7290 7765 7958 8004  0
2910 8212 2892 8054  0
6542 6541 5633 7829  0
496 550 7796 7802  0
8244 5055 5041 5040  0
2630 2664 8051 8240  0
6704 6703 7068 7879  0
1189 1382 1190 7740  0
1589 7735 7843 1405  0
8107 6010 5989 5988  0
5907 5908 5931 8189  0
667 599 598 8087  0
7412 7482 7481 8187  0
8388 8099 937 8080  0
7793 7202 7266 7267  0
4566 4525 4567 8289  0
1708 1709 1697 7725  0
496 550 551 7796  0
2879 2861 2860 7672  0
7883 5013 5012 8244  0
5298 5279 5299 7675  0
1979 1980 1962 7858  0
53 8133 54 73  0
8088 1092 8357 7839  0
7658 7684 7762 8140  0
8058 7658 8343 8360  0
6411 6397 8190 8305  0
2950 2966 2967 7848  0
279 205 236 278  0
7022 8308 6654 7021  0
3300 3296 3299 8095  0
900 8216 8080 901  0
7964 7837 8008 8266  0
555 500 554 7791  0
4099 4098 7902 8219  0
6411 8045 8305 8190  0
119 118 96 8133  0
6745 8132 6822 6821  0
1866 3276 3272 3707  0
2973 7935 2972 8033  0
6078 6079 6099 7672  0
7255 7254 7190 8123  0
7080 6748 7682 7724  0
6059 6037 6038 7672  0
7318 7248 7998 7317  0
6745 7724 6535 6746  0
3131 3130 7659 8194  0
6348 6347 7989 8194  0
2861 8218 2862 2843  0
7909 330 264 294  0
7800 8099 7665 8080  0
8129 4630 4652 4631  0
2830 2813 2812 7714  0
5320 5340 7680 8366  0
7817 6628 7688 7905  0
1686 1685 1697 7811  0
7780 658 657 589  0
5152 5136 5153 8119  0
1508 1328 1509 8233  0
1121 8001 7669 1123  0
4783 2722 2688 8435  0
7949 7877 8117 8284  0
5839 8134 5838 8051  0
771 1070 770 8017  0
4259 3927 2928 8265  0
1572 1393 1571 7807  0
7695 7841 1647 8346  0
5680 7932 6583 8204  0
2356 2355 1287 7812  0
7958 7287 7288 7223  0
734 7877 1034 1033  0
8099 8388 937 936  0
4359 8126 3277 3274  0
6080 6059 6060 7672  0
7762 7758 7541 7473  0
7854 7878 7892 8156  0
7161 7219 7218 7674  0
7587 7023 7586 7954  0
7054 7055 8007 8140  0
7796 497 7904 551  0
2511 7705 2468 2467  0
1336 8385 1335 1339  0
1277 7855 1278 8208  0
1350 1152 1349 7669  0
2339 2378 2379 8239  0
8301 4683 4195 4196  0
3743 8262 3748 3368  0
1193 8116 1385 1194  0
6593 6826 7718 8247  0
8079 7657 8377 7688  0
476 475 530 7670  0
5223 7865 8069 8293  0
2468 8068 2433 2432  0
402 403 827 7909  0
594 593 662 8231  0
1513 2404 1338 8210  0
7590 7027 7026 8409  0
6694 6693 8220 8335  0
2278 8331 7926 8098  0
5086 5085 5071 7981  0
6147 6146 6126 7935  0
1557 2446 1558 8079  0
5418 3723 4393 8196  0
8008 1252 8371 8378  0
6186 6187 7876 8033  0
7810 7774 8202 8313  0
873 895 874 7723  0
2337 2336 2376 7819  0
2378 7722 1494 2379  0
2423 1535 1534 8276  0
5887 5886 5862 8134  0
2007 3305 3301 4034  0
7344 7742 7984 7343  0
1978 1979 1962 7858  0
3033 3049 3034 7970  0
5880 5902 5879 8221  0
6893 7828 8057 6920  0
4862 4864 6133 8265  0
621 8084 564 620  0
1366 1547 1548 8197  0
4643 4168 4167 7969  0
7884 6315 7989 8249  0
6895 8043 6896 6922  0
4529 4571 4570 8239  0
6838 6768 6769 7914  0
7406 7475 7405 7762  0
6395 6381 6396 8229  0
7858 1996 7907 8136  0
5417 5418 4389 5396  0
8217 7836 2249 8157  0
6951 8278 6950 6925  0
6617 6970 6618 8355  0
4151 4149 4621 7661  0
6921 6895 6922 7880  0
8280 4103 8076 8146  0
3114 7747 3126 3115  0
2827 2826 8294 8387  0
1734 1746 1735 7940  0
5910 5933 5909 7915  0
826 823 825 7830  0
494 548 7802 8077  0
7751 8156 1177 7854  0
1858 1859 8242 8293  0
450 8093 8424 449  0
5577 7860 5598 8262  0
5834 5814 5835 8240  0
3887 4226 7968 8000  0
5986 8175 5985 5962  0
1475 1473 1472 8097  0
3173 3183 7895 8045  0
7335 7762 8067 7793  0
1466 1275 1276 8208  0
5163 5146 5164 8158  0
6504 5622 6505 8018  0
4310 7825 4309 3999  0
1825 1826 7918 8069  0
2083 2114 8384 8196  0
2061 2032 4400 2062  0
6389 6376 6390 7792  0
6205 6206 7876 8033  0
2609 2608 2644 7968  0
4108 7833 4107 3774  0
3349 8283 2182 8157  0
8039 7767 7660 7781  0
7791 502 7922 8322  0
7187 8123 7119 7188  0
754 7899 7917 8181  0
813 8001 812 8021  0
7405 7474 7404 7762  0
5389 5388 7709 8065  0
31 41 24 8361  0
2791 2790 2811 8177  0
8249 3082 8290 8347  0
4938 4937 4309 7825  0
8165 1582 1581 1398  0
2698 2730 7915 8295  0
3012 7901 7736 3011  0
948 909 947 7853  0
2758 2726 8221 8373  0
5351 5331 5332 8200  0
5960 7656 8175 8319  0
7111 7110 6781 8029  0
2456 1567 2455 8324  0
706 8231 659 7910  0
7738 7726 8207 8425  0
6117 8325 8109 8297  0
8057 6870 6836 6869  0
6179 6180 7736 7848  0
1820 3268 7782 8158  0
6084 6064 6065 7967  0
3196 3187 3186 8395  0
1871 1888 1872 7865  0
1793 1807 7824 8158  0
7970 4882 4879 6260  0
6546 7951 6547 6800  0
7723 854 855 873  0
4100 4101 8219 8280  0
1698 3229 1697 7811  0
7630 7605 7631 7778  0
1747 3243 7940 8016  0
1275 7911 7947 8208  0
2052 7891 2081 8224  0
7462 7392 7393 8296  0
8042 7698 8141 8061  0
7425 7426 7495 8155  0
7553 7486 7554 8381  0
3999 3211 4310 7825  0
7441 7509 7508 7955  0
1828 7785 8119 8242  0
4558 4559 7829 8425  0
6048 8054 6049 6070  0
6641 6640 7008 7730  0
2474 2475 2439 7800  0
5576 7836 4482 4499  0
5174 5158 5175 7785  0
5929 5952 5951 8373  0
1444 1443 1253 8378  0
6498 6752 6497 7900  0
5454 5475 5453 8034  0
5101 5116 5100 7664  0
1136 1133 1132 7868  0
538 539 484 7882  0
7426 7427 8155 8267  0
7433 7806 8232 7503  0
1327 8202 1325 8329  0
6301 6317 8249 8347  0
7791 7846 8193 8198  0
5804 5803 7767 7781  0
7464 7532 7531 8161  0
4417 4431 8349 8443  0
7689 3029 3045 3044  0
3486 2498 3485 7816  0
6697 5757 7896 7994  0
5262 5261 5243 8114  0
1780 1781 1767 7664  0
1326 8233 1324 8202  0
2348 2347 7855 8214  0
499 498 553 7904  0
2376 2377 2337 8239  0
1530 1359 7878 7939  0
7353 7354 7845 7972  0
5772 6711 8089 8215  0
2322 2323 7836 7911  0
1217 1216 1408 8307  0
105 123 90 8361  0
7705 8068 8163 8225  0
6222 6223 6240 7876  0
1132 1117 1131 7868  0
3511 3872 3504 8058  0
1531 7774 8353 1532  0
4317 3682 3219 3680  0
1740 1728 7971 7981  0
1276 1277 2345 8208  0
1876 1875 8063 8293  0
5207 5225 5224 8389  0
3396 2364 7833 8261  0
4350 3265 4348 3701  0
2874 2894 2875 8212  0
6494 7724 6493 7679  0
2165 2164 2198 7849  0
1679 1678 8035 8203  0
7889 7681 7691 7677  0
2349 1280 1281 8017  0
1118 1119 1321 7790  0
3456 7980 3457 8078  0
1585 1401 1584 8168  0
6776 6519 6520 7847  0
2244 7959 8023 8098  0
7175 8014 7239 8100  0
8254 3173 3172 3161  0
7834 7346 7415 7416  0
2970 8105 2954 2953  0
6795 6796 7162 7958  0
1462 1272 1463 7773  0
7894 3474 3475 8315  0
3156 3168 3157 8024  0
7226 7296 7295 8030  0
2445 2446 1557 8079  0
5161 5160 4348 8144  0
4557 7829 5633 7826  0
4197 4684 8089 8215  0
774 7791 380 8176  0
1923 1940 1924 8114  0
1780 7824 1779 1794  0
1778 1765 1764 7697  0
2166 2135 7849 7978  0
2460 3458 7892 2459  0
2951 2952 2933 8105  0
2867 2868 2849 7714  0
2078 2077 8034 8065  0
2481 1581 7842 8364  0
8002 6216 6233 6217  0
2349 2350 3381 8017  0
2366 2402 2367 8332  0
5040 5026 7957 5039  0
6430 7792 6416 6417  0
7194 7195 7259 8038  0
3874 4724 3500 7716  0
6891 6867 6892 7881  0
3859 3487 3858 8062  0
7793 7203 7900 7682  0
2339 2338 2378 8239  0
650 7797 8036 582  0
7698 7712 7727 7652  0
3098 3084 3083 8184  0
7589 7025 7588 7823  0
7816 7671 7686 7662  0
3111 3099 3098 8184  0
5242 5243 8114 8293  0
3496 3866 7800 8178  0
5546 7832 8048 8098  0
3533 3532 3539 8370  0
6842 7739 8004 8199  0
6380 6393 6379 8229  0
1560 2448 2449 7908  0
1085 785 786 8251  0
1418 1417 1601 7759  0
2834 2815 2833 7906  0
7815 7689 6235 8002  0
7826 7820 8032 8076  0
602 601 670 8223  0
5954 5976 5953 8177  0
5935 5957 5956 7771  0
942 941 958 8164  0
2410 7655 8367 8210  0
4110 3777 4111 8425  0
4131 4594 8137 8332  0
7684 7925 8012 8223  0
7775 8102 7823 8083  0
2829 2830 2811 7714  0
7674 7283 7845 7972  0
6531 7711 7805 8180  0
3461 3444 3818 8273  0
1330 1327 7938 8202  0
635 324 323 7909  0
6170 6190 6169 8352  0
378 443 379 8198  0
1594 8307 7927 8421  0
1887 1905 7865 7933  0
3145 3146 8194 8229  0
7766 7767 7867 8091  0
5336 5356 5355 7701  0
6269 6268 6252 7685  0
4513 4530 4529 8239  0
2274 2238 2273 8260  0
5790 8360 5789 6692  0
4884 6293 6275 8104  0
5603 8050 8170 5602  0
7796 8327 8317 7802  0
2391 2390 7877 8061  0
3412 3791 3790 8061  0
273 256 257 8439  0
7802 376 8198 440  0
3348 3342 3347 8348  0
3118 3105 7884 7989  0
4613 5691 6596 8232  0
7287 7286 7222 8267  0
4110 4557 7826 8425  0
6968 6616 6615 7828  0
7827 485 7870 7882  0
1201 7807 8044 1393  0
8105 6182 8211 8299  0
826 1104 1333 7874  0
7059 7632 7896 8220  0
5522 5544 5521 7707  0
4166 4165 4641 8338  0
6233 6234 7685 8002  0
2379 3373 2339 8239  0
2377 8277 1493 8239  0
4613 7739 6596 4610  0
2534 1598 7982 8264  0
5769 6710 5770 8215  0
5353 5373 5372 8224  0
2476 1571 1570 8044  0
7319 7320 8046 8399  0
6337 6321 6322 7756  0
6375 6374 7788 7792  0
2826 8218 8294 8387  0
3005 2989 8033 2990  0
6409 6394 6395 8229  0
583 8036 8226 582  0
3960 3646 3641 8306  0
8203 7695 1655 7715  0
6602 6959 6934 8232  0
7032 7033 7048 8228  0
6365 6382 6381 8229  0
8006 7742 7150 7945  0
2873 8212 2874 7919  0
3229 1686 1697 7811  0
8244 1718 1729 1717  0
6408 6393 6394 8229  0
6764 7097 7096 7674  0
3957 3101 3636 8400  0
7747 7989 7659 3118  0
2043 2044 2015 7907  0
3596 3935 7690 8352  0
5884 5908 5907 8295  0
473 7670 474 417  0
1077 778 1078 7812  0
7749 7863 8044 7980  0
5070 5085 5084 7981  0
5862 5887 8134 8172  0
6476 7837 8050 6563  0
4539 5615 5614 7973  0
2398 3778 3777 8425  0
7911 2346 7934 8208  0
6824 7674 7131 8032  0
5297 5277 5278 7933  0
1106 7733 7963 7874  0
1161 928 8066 8345  0
5175 5176 5192 8010  0
2794 2765 2764 7771  0
6396 6381 6382 8229  0
7217 7159 7160 7674  0
5374 5395 5394 8224  0
7699 7658 8058 8360  0
6394 6409 6408 8229  0
5807 5789 7976 8360  0
3157 3168 3169 8229  0
6438 6437 8305 8390  0
5521 5543 5520 7707  0
1821 7824 1822 1807  0
7145 7203 7682 7900  0
8146 7686 8258 8261  0
773 8198 8193 772  0
7873 6564 8170 6783  0
2579 3511 3504 8058  0
6572 8191 6571 8410  0
2306 2305 1446 8266  0
6957 6931 7364 7710  0
4984 7883 4985 4997  0
5283 5284 5304 8407  0
8076 6509 6510 5627  0
1276 1066 7947 1065  0
5667 5666 4559 7829  0
8272 3544 3898 5969  0
7422 7352 7353 7845  0
930 633 929 7924  0
6768 6512 6769 7914  0
4937 3998 7825 8346  0
1457 7926 1458 2317  0
652 8036 8226 651  0
6856 7136 8030 8292  0
2786 3546 7871 8370  0
6473 5591 7702 7836  0
675 606 674 7796  0
4099 4545 4098 8219  0
7168 7914 7099 7761  0
1479 7799 8371 8378  0
471 525 7797 8250  0
5498 5476 5499 7707  0
7726 7829 8207 8425  0
7861 5819 5802 5801  0
6459 8263 6460 6468  0
5150 5166 5149 7824  0
6463 6484 6467 8031  0
2768 8175 2769 7656  0
1922 8114 1923 1906  0
7759 1418 1419 1602  0
4198 4199 8062 8089  0
6946 6945 6920 7828  0
7822 7773 7827 8160  0
7944 1455 8181 8331  0
8229 3964 3965 3650  0
4950 4961 4949 7825  0
6744 8132 6820 8180  0
5545 5569 5568 7832  0
3501 7842 8311 7990  0
4348 8073 4350 5161  0
7587 7525 7526 7954  0
6067 6087 6086 8341  0
7702 7700 7836 7911  0
7806 5704 7999 8418  0
522 468 7987 8250  0
937 1171 1172 8080  0
2276 7852 2313 8331  0
2857 2837 2836 7919  0
7698 7681 7949 8112  0
5751 7866 8311 8404  0
930 8345 1163 1164  0
6378 6362 6379 7659  0
4586 4125 8042 8061  0
6179 6159 6180 7848  0
4322 5002 4989 7811  0
4999 5011 4998 7883  0
7652 7712 7942 8162  0
1073 1072 773 8193  0
966 965 1190 7941  0
2607 2642 2643 8074  0
659 591 7910 8231  0
5545 5544 5522 7832  0
6553 6807 6806 7708  0
8442 5938 5960 5939  0
5848 5871 5847 7864  0
5295 5314 5313 8095  0
81 123 105 8361  0
5522 5521 5499 7707  0
2205 2206 2172 7707  0
1406 1589 1590 7843  0
7370 7301 7371 8071  0
7814 707 1004 1003  0
7917 427 7844 7882  0
1535 1536 7810 8276  0
27 10 45 28  0
7616 7879 8072 7642  0
8288 3035 8358 8185  0
986 8391 8344 987  0
3158 3144 3157 8229  0
4310 4311 4938 7825  0
807 1101 1100 7744  0
1382 8078 7740 1564  0
5319 5320 5339 7680  0
948 964 965 7853  0
1808 1794 1793 7824  0
7 14 1 15  0
1800 7785 1814 1815  0
7719 724 677 678  0
3944 3612 4267 7876  0
6200 6182 6183 8211  0
8440 4699 4717 2550  0
4158 8377 7688 3819  0
7347 7278 7348 7995  0
1418 7759 1419 7912  0
1482 7731 1306 1483  0
7308 7238 7239 8100  0
25 24 31 8  0
4609 4610 5688 7739  0
4573 7921 7722 5643  0
6396 4903 3966 8229  0
5664 7837 5665 6524  0
6812 7652 6813 7139  0
7726 7878 7939 7804  0
1933 7721 8182 1932  0
7199 7263 7198 8067  0
6750 7083 7682 7900  0
7689 7815 6235 6236  0
5348 5368 7709 8374  0
1811 1824 1825 7918  0
4177 3838 3831 7980  0
1405 1214 1213 7732  0
7723 7726 7820 7671  0
5850 5825 5851 7968  0
327 328 7885 8388  0
475 529 530 7670  0
5894 5895 5917 8026  0
7726 7826 8425 7731  0
55 8361 76 58  0
5428 5450 7760 8241  0
7380 7449 7379 7930  0
3638 3637 3641 8306  0
5358 5359 5379 7680  0
7996 5783 5798 8351  0
3197 3187 3196 7840  0
5541 8323 5542 5565  0
2538 8058 2576 2539  0
3393 3770 3769 8146  0
4712 4729 4728 8429  0
2515 8205 2516 2472  0
2170 2203 2204 7707  0
2956 2955 2972 7935  0
5591 6474 6473 7702  0
5478 5477 7891 8048  0
5771 4684 4683 8215  0
48 39 55 30  0
1179 1156 1178 7854  0
502 7922 557 503  0
7006 6635 7005 8238  0
5540 5517 7831 7978  0
505 8093 449 7922  0
864 8222 842 863  0
7814 1219 1220 8421  0
5948 5971 5970 7871  0
3474 3845 3846 8315  0
6048 8135 6047 6026  0
1563 1381 1562 7740  0
7818 7828 8068 8163  0
1728 7971 7981 8244  0
5145 5146 5163 8158  0
7851 1109 7885 7963  0
1193 8412 977 8086  0
8368 3716 3718 4031  0
1608 1425 1424 7925  0
6927 6900 6901 8013  0
4145 4147 3809 8396  0
7310 7309 7240 8014  0
6924 6898 6925 8278  0
1474 1039 1476 8371  0
476 531 477 7786  0
7005 7000 7006 7955  0
5016 5003 7725 7811  0
7563 7496 7564 8155  0
7863 7869 7965 8070  0
5928 8373 5929 5951  0
1358 1359 1347 7854  0
6504 8101 6505 6759  0
2844 2824 2843 8218  0
6619 7004 6984 7806  0
1026 729 1025 7859  0
2351 2350 1282 8017  0
8274 5864 5890 5865  0
3355 8157 3740 4070  0
963 1187 1188 7740  0
3829 3828 7969 8078  0
7709 8065 8241 8422  0
6342 6326 6327 7752  0
5993 5992 7871 8272  0
7911 8317 7724 7947  0
7737 7676 7879 8072  0
1606 1422 1605 8094  0
7657 7688 7817 8377  0
7382 7312 7313 8025  0
7662 7816 8062 8301  0
7953 5608 5607 6482  0
3680 7825 3215 8275  0
3060 3059 3075 7689  0
950 966 967 7941  0
935 638 934 8388  0
883 882 904 8222  0
958 7803 942 8164  0
5972 8387 5950 5973  0
7869 460 7898 8234  0
7562 7563 7624 7979  0
5380 5359 5360 7680  0
8273 4206 4174 3835  0
4679 4192 7737 7961  0
5950 5951 5973 8387  0
8155 7845 7425 7972  0
5198 8126 5199 5216  0
1815 1816 1801 7785  0
1201 7807 8344 8044  0
8139 2021 8200 8224  0
7460 7391 7461 7856  0
7912 8264 7658 8179  0
5548 5547 8023 8098  0
8110 8217 5527 7959  0
5356 5357 5377 8287  0
7889 7691 8011 8375  0
4305 3996 4306 8346  0
2766 2767 7656 8319  0
5949 8387 7871 8370  0
6156 6136 6137 8372  0
6201 6221 7815 8299  0
6371 6385 6384 8306  0
7290 7291 7360 8004  0
1575 2501 1576 8086  0
2754 8435 2722 4799  0
927 7798 1161 8066  0
6593 6845 6589 7718  0
422 7787 7899 357  0
4783 4767 4768 8435  0
2690 8437 3531 2691  0
3325 2085 3725 8384  0
8081 7592 8161 8409  0
2641 8003 2605 7864  0
6939 6913 6914 8213  0
791 847 792 8357  0
1774 3251 1775 1761  0
5508 5531 5530 8157  0
155 131 130 8133  0
107 130 131 8133  0
1248 1440 7816 1439  0
3281 3284 3285 8015  0
3336 2067 3330 7693  0
8173 2034 2033 4386  0
423 480 424 7899  0
1505 1506 8137 8337  0
4931 4301 4932 8209  0
3790 3411 3412 8061  0
7719 8411 1022 726  0
3155 7659 3142 3141  0
5587 5568 5588 8281  0
5872 5871 5848 7864  0
8200 5331 8271 8374  0
2069 2101 2070 8291  0
357 358 752 7899  0
6291 6273 8104 8400  0
5427 5448 5426 7760  0
3916 3917 4848 8386  0
3190 8305 3661 3665  0
2973 2974 7673 8033  0
744 7948 8008 8415  0
5290 7721 5289 8182  0
5336 5316 5317 7701  0
7363 7433 7734 8232  0
8150 4019 3700 3259  0
1084 8261 8118 8251  0
7713 8179 8264 8362  0
5603 5583 5604 7977  0
3792 8112 4126 8061  0
6617 6620 5713 8355  0
3145 3144 3158 8229  0
7686 7653 8076 8146  0
8129 7903 4631 7975  0
6004 6005 6027 7919  0
8373 2789 2788 2759  0
922 625 921 8392  0
6779 6780 8029 8268  0
7669 919 1144 8392  0
6653 8083 7775 8308  0
4232 3896 4816 8435  0
8158 4354 3266 3267  0
3175 8254 3163 3162  0
1755 1754 1768 7664  0
4451 5531 5508 8157  0
7086 6754 7087 7945  0
5970 5991 5969 8272  0
1793 1806 1807 8158  0
4594 8056 8137 8332  0
2205 7832 7707 8260  0
4363 4027 3712 8182  0
6316 8249 6315 6299  0
5160 5161 8073 8144  0
3243 5062 4332 7940  0
2640 8003 2639 7864  0
5361 5360 5341 8136  0
4104 4105 4551 8076  0
559 8093 505 7922  0
5140 5141 7785 8147  0
7806 7739 8232 7804  0
95 94 73 8133  0
5864 8274 7660 5865  0
7076 7075 7979 8215  0
4256 4852 4254 8148  0
7888 3354 8406 7956  0
1337 1121 7669 8392  0
2477 7807 7950 8009  0
7396 7763 7466 7795  0
7815 3015 8002 8211  0
1932 1948 7721 8269  0
6941 6963 6940 8213  0
1021 7719 725 724  0
1572 1394 1393 7807  0
7286 7355 7972 8267  0
5356 5336 5337 7701  0
8439 8130 169 214  0
3764 7821 3763 7902  0
583 527 526 8226  0
8315 4183 3844 4184  0
3124 3135 7756 8300  0
5908 7915 8189 8295  0
5690 7661 4611 7962  0
3594 3591 3590 8372  0
3691 8326 3234 4330  0
826 1105 1104 7874  0
6708 6707 7072 8122  0
7265 7201 7266 8304  0
3705 8059 8073 1850  0
1807 1808 1793 7824  0
1308 2397 1484 7731  0
1370 1554 7854 8156  0
1312 7874 7963 8277  0
5592 6492 5591 7702  0
7626 7041 7040 8159  0
8073 8010 1832 1847  0
6352 6336 6353 7756  0
2251 2216 2250 8157  0
2877 7672 8325 2878  0
986 985 1203 8344  0
4118 3784 3785 8314  0
972 973 642 8344  0
7582 7521 7583 7966  0
7770 7684 7925 8094  0
6882 6843 6844 7718  0
7731 7820 7826 7833  0
5485 4435 3731 4421  0
7742 7834 7706 7821  0
5123 5122 5107 7692  0
1973 1956 1972 7701  0
3873 4213 4209 7699  0
7965 642 8149 8344  0
4285 4917 4286 7840  0
1800 7785 1801 7692  0
2106 2107 2075 8034  0
2467 8068 2431 7705  0
1455 1265 7944 8181  0
7704 7694 7777 7894  0
637 933 934 7909  0
1657 1656 1667 8203  0
6284 6283 6266 8288  0
6108 6127 6107 8341  0
5433 5434 5454 7891  0
8188 7968 8000 2677  0
4164 3824 4163 8092  0
5809 4727 7699 8335  0
3166 7792 3178 8024  0
7388 8046 8399 7389  0
4186 4187 3847 7894  0
5101 8090 5117 7664  0
459 7869 871 892  0
7458 7779 7459 7526  0
3399 3776 3775 7731  0
7020 7584 7021 8308  0
7774 7743 7810 8202  0
6441 6453 6452 7895  0
1312 1311 7874 8277  0
3875 8121 4725 4741  0
7222 7221 7820 8267  0
1323 1324 1506 8337  0
4781 4780 2685 8401  0
5810 4741 8121 8405  0
984 972 983 8344  0
4378 5374 4044 8224  0
7815 3032 3047 3031  0
4916 6457 6458 7840  0
7033 7049 7048 8228  0
8299 6163 7935 8105  0
1753 1766 1754 7664  0
768 7802 769 7855  0
2899 2916 2917 8235  0
4797 4781 4782 8401  0
6741 6740 6530 7711  0
4102 3769 4103 8280  0
5164 5148 5165 8158  0
1938 1937 1955 7701  0
7689 6256 8104 6237  0
7836 7702 7911 7934  0
5180 5164 7782 8158  0
3866 4175 3836 7800  0
7290 7360 7765 8004  0
4588 8112 8042 4127  0
5518 5541 5540 7831  0
5069 5084 7971 7981  0
4100 4547 4546 8219  0
694 648 647 7813  0
1430 7937 1238 1429  0
5175 5174 7785 8010  0
6145 6164 6144 7935  0
5781 7775 7985 6671  0
3154 3141 3140 7792  0
3028 3014 3013 8002  0
4143 4141 7962 8396  0
7882 7870 663 595  0
465 408 8011 8375  0
6167 6168 6187 8033  0
3365 8262 7888 3364  0
7788 3140 3139 7747  0
869 7853 8431 890  0
2925 7690 8054 8341  0
1334 1104 1310 7874  0
7910 7814 8231 8330  0
7516 7449 7517 7930  0
3396 2364 1481 7833  0
435 371 370 7947  0
5336 5335 5316 7701  0
2182 8157 2216 3349  0
665 7713 8087 7870  0
806 7744 807 8251  0
7405 7475 7474 7762  0
3429 7804 3806 3804  0
5794 7990 5793 5779  0
1044 7948 745 1045  0
7855 770 1069 8017  0
1171 8099 8080 1170  0
7774 7903 2421 8276  0
5717 8163 7975 5710  0
6153 7690 8265 4867  0
7773 1274 7947 1063  0
4903 8300 6382 6383  0
7198 7199 8067 8132  0
1749 1763 1750 8255  0
2732 2764 7771 7915  0
6497 5615 7973 8328  0
6897 6896 7880 8043  0
6147 6126 7673 7935  0
1785 1800 1786 7692  0
558 614 615 7750  0
8146 3768 3391 8280  0
7948 1256 8266 1046  0
6718 6686 7757 8253  0
2172 2140 2171 7707  0
676 7796 675 8166  0
4683 5770 5771 8215  0
6917 6918 6943 7881  0
396 7798 8066 814  0
2461 3459 7878 8019  0
7953 6787 7988 7993  0
6087 8420 8341 6067  0
7673 2956 7935 8052  0
3031 3030 3046 7815  0
8254 3173 3174 7895  0
5254 5235 5236 8015  0
2473 2516 8178 8205  0
1791 1806 1792 8158  0
2523 7735 1587 8115  0
602 670 671 8223  0
7916 7154 7211 7212  0
5489 5512 5511 7956  0
7200 7201 7265 8304  0
6730 6721 6731 8302  0
5042 5057 5056 7981  0
624 809 623 8392  0
5104 8016 8090 8398  0
5928 8387 5950 8221  0
2009 2010 1991 7680  0
4548 7653 5624 8219  0
5089 5103 5088 8398  0
7967 2922 7673 2921  0
4506 8430 4522 4505  0
2647 2646 3522 7746  0
7687 4123 3790 3789  0
5563 5583 5582 7977  0
6336 8184 6321 7756  0
8384 3728 2117 3331  0
7078 7764 6664 8159  0
6581 6831 6580 8145  0
5053 5052 5038 7957  0
4131 4560 4594 8332  0
2112 2144 2113 7893  0
2103 2073 2072 7760  0
3335 4434 3340 8348  0
7400 7401 7470 7769  0
483 426 482 8403  0
1333 1334 1331 7874  0
443 442 499 8198  0
1546 1364 8022 8197  0
7745 7757 7982 8264  0
1352 7774 1532 1353  0
1057 1056 7844 7944  0
6983 7734 7003 7570  0
1806 1791 1805 8158  0
3391 3390 8049 8280  0
3378 8214 2348 3380  0
1034 7898 7877 734  0
1248 1030 1247 8028  0
5814 5797 5815 7996  0
650 7797 582 581  0
2990 2972 2989 8033  0
3094 3107 3095 7989  0
748 353 354 8365  0
5243 8063 8293 8389  0
6865 7881 6890 8145  0
5894 5870 5895 8026  0
2833 2854 2834 8135  0
7997 2488 1611 7937  0
4482 7836 4466 3741  0
4524 4566 4565 7875  0
5146 5145 5129 8158  0
1024 727 1023 8411  0
7135 7222 7134 7958  0
5281 5282 5301 8366  0
3648 3961 3135 8300  0
171 172 199 8439  0
7711 8038 7822 7663  0
3169 8024 3657 8229  0
8316 7899 7786 7787  0
6237 7689 7815 8104  0
4183 8315 3844 8085  0
5112 7697 5097 5113  0
3287 3288 3285 8368  0
2887 2867 7967 8064  0
3622 3617 3947 8432  0
7858 7872 8136 8356  0
3293 1969 8200 8271  0
1558 2447 7908 8285  0
4534 4087 4088 8041  0
7834 7347 7952 7995  0
1725 8255 1737 7971  0
123 8361 102 90  0
7271 7341 7340 7741  0
4088 4087 3755 8041  0
3117 3128 3129 7747  0
7757 7745 8228 8257  0
1128 8202 8001 1130  0
6011 8120 4847 8107  0
435 371 7947 8077  0
5419 5398 5420 7693  0
8039 2669 7660 2635  0
7125 7663 7126 8038  0
2310 7960 1450 1451  0
5141 5125 5126 8147  0
6162 6144 6163 8105  0
5814 7996 5813 5796  0
7729 7691 7889 7987  0
3284 8126 5253 8015  0
7704 7925 7997 8085  0
8147 4343 4340 5109  0
6440 6439 6427 8045  0
6086 6066 6067 8064  0
5648 7708 4578 8162  0
53 85 52 64  0
6987 7696 6988 6624  0
1982 1964 1981 7721  0
291 7924 342 323  0
2596 2597 2561 8318  0
537 7882 594 538  0
6547 5641 7951 8380  0
7367 7298 7368 7942  0
7304 7374 7983 8320  0
1885 1903 1886 8015  0
2520 7985 8168 8364  0
7696 4176 4665 8377  0
1988 3301 8200 8224  0
1222 1414 1223 8362  0
2547 2507 2506 8310  0
2741 2709 2708 8188  0
7657 7696 8377 7817  0
8065 8138 8241 5408  0
5581 5580 5561 8037  0
2669 8039 2670 2635  0
1248 7816 1247 1439  0
3864 4204 8019 8128  0
4183 3843 4182 8085  0
7672 2895 8325 2878  0
5330 5329 8271 8374  0
4690 5745 4691 8128  0
3109 3097 3096 8347  0
7076 7662 8159 8089  0
7879 7069 7737 8072  0
8391 987 690 691  0
6115 6094 8297 8372  0
7670 354 353 8365  0
6206 6205 6188 8033  0
3015 3030 3016 7815  0
7770 2541 8058 8094  0
7544 8027 7477 7545  0
1663 1673 3222 8275  0
989 7813 990 693  0
3180 3657 3168 8024  0
1479 8041 1477 8371  0
7895 3195 3186 8395  0
6013 4848 8272 8386  0
114 104 123 105  0
7708 7753 8030 8230  0
786 8118 785 805  0
84 8133 85 72  0
7719 7694 8131 8411  0
3193 3184 3183 7895  0
6161 6181 7848 8211  0
1348 7838 1526 1527  0
420 476 7786 7787  0
5351 5331 8200 8374  0
2344 2341 2343 8378  0
3148 8190 8254 8306  0
5301 5319 5300 8366  0
583 8036 651 8226  0
6431 6443 6430 8395  0
6075 6096 8297 8325  0
7734 7361 7362 8004  0
4079 4515 4536 8262  0
7726 7744 7738 7723  0
894 915 916 8412  0
5237 5220 5238 8015  0
7730 7749 7863 7681  0
1390 8070 8044 1199  0
899 8388 937 8080  0
6044 6043 7714 8064  0
815 7798 8066 8329  0
7736 6177 8109 8252  0
5634 5679 5673 8204  0
6841 6840 6825 8004  0
5338 7675 7680 7701  0
1400 1401 1209 8168  0
2309 1450 2310 8096  0
2470 2513 2514 8225  0
921 624 920 8392  0
1578 7974 2504 8156  0
1999 8422 2016 2017  0
4499 3744 3746 7934  0
1149 1346 1150 7669  0
1831 1830 8010 8144  0
6207 8033 6206 6188  0
6842 6841 6825 8199  0
1809 1823 1824 7918  0
4201 3862 3861 8426  0
7153 7916 7211 8413  0
4365 3715 4368 8182  0
5073 5060 5074 8171  0
894 893 915 8412  0
1902 3288 1919 8368  0
8320 7730 7444 7983  0
5318 7680 7675 5319  0
418 475 419 7670  0
4147 7661 3811 8367  0
5508 4435 8157 8283  0
110 109 133 8133  0
6019 6018 5996 8218  0
4389 5396 4378 8196  0
7704 7703 8085 8315  0
4632 5726 5727 7817  0
861 882 862 8222  0
3791 3412 3413 8061  0
225 242 213 8439  0
5178 8073 5196 5195  0
3136 8254 3148 3149  0
7704 7694 7706 7777  0
4254 3922 4256 8148  0
7674 7653 7845 8312  0
1523 7838 8210 1524  0
2038 7666 2009 7693  0
6509 6510 6764 7674  0
1345 2413 2411 7939  0
7619 7620 7645 8122  0
7489 7490 7557 8286  0
3000 3016 7815 8211  0
5996 5973 5974 8387  0
3627 3077 3063 8382  0
7061 7062 6697 7994  0
8362 1596 1597 7982  0
1950 1951 1934 8182  0
722 676 675 8166  0
3534 2756 2757 8221  0
8373 5928 8387 5951  0
2436 2437 8197 8205  0
5210 5209 5193 8010  0
1756 1744 1743 8171  0
4226 4230 4789 8000  0
653 654 585 7928  0
7832 7707 5522 8048  0
730 729 1026 7859  0
6316 6317 6332 7989  0
748 749 1048 8365  0
1882 7931 1865 1881  0
5646 4577 5647 7708  0
965 7941 949 7853  0
473 527 528 8226  0
7055 7039 7056 8140  0
3397 1481 1482 7833  0
7251 7186 7187 7993  0
8055 5246 8059 8063  0
3635 3634 3113 7752  0
1137 1133 1136 8385  0
7715 4965 4977 4978  0
7089 6756 6757 8413  0
4344 4347 4018 8336  0
726 680 7719 8411  0
319 397 396 8066  0
7627 7042 7764 7897  0
373 767 372 7855  0
7696 6975 6987 6988  0
7772 4133 3799 7655  0
3205 1631 3206 8346  0
6419 6418 6406 8024  0
212 241 213 8130  0
1258 1048 1259 8365  0
7776 7852 7920 7960  0
7893 5482 8110 8384  0
7065 7064 7777 8106  0
1955 1937 1954 7701  0
7796 7846 7704 7904  0
168 195 167 8130  0
4125 4124 3791 8061  0
2123 4441 2154 8173  0
549 7796 606 550  0
7801 7694 7812 7922  0
6994 6993 6981 7710  0
905 904 7803 8222  0
5347 8138 7721 7709  0
5897 5919 5896 8188  0
7675 1923 7933 8114  0
3483 3484 2496 8237  0
3291 1919 3288 8368  0
6870 6871 6895 7880  0
5334 5333 5314 8095  0
8072 7555 7952 8381  0
8175 2797 2768 2798  0
3607 3611 3007 8082  0
2598 7660 7861 8318  0
4935 4304 4305 8346  0
4658 7705 8225 4657  0
7872 1976 8136 8366  0
5720 5713 5721 8243  0
1798 1799 1785 8119  0
1534 7774 8313 1533  0
2980 7736 8109 8252  0
6114 4259 4862 8265  0
3508 3509 8121 8405  0
2995 2994 7901 8252  0
348 742 347 8153  0
6431 8395 6444 6443  0
7583 7019 7966 8308  0
8358 6245 6263 8185  0
4680 4681 4193 7961  0
3155 3166 3167 8024  0
3478 2490 3477 7894  0
1306 1480 8251 7833  0
7766 7867 7683 8091  0
2165 2166 7849 7978  0
3106 3094 3093 7989  0
5460 7893 5459 8384  0
547 8327 8223 604  0
7938 1327 1329 7929  0
3112 3111 7756 8184  0
3398 3775 3774 7833  0
3103 3090 3102 8382  0
7893 2114 8196 8384  0
5901 5875 5876 8000  0
6846 7951 6847 6871  0
1755 1756 1743 8171  0
5074 5088 5073 8171  0
2351 2350 8017 8416  0
1958 1941 1957 8366  0
7810 7743 7938 8202  0
8068 8205 8022 7818  0
7938 1509 1485 1510  0
728 681 727 8411  0
3491 3490 3862 7974  0
1517 1128 1323 8337  0
3111 3124 3640 7756  0
6406 7792 8024 6405  0
6391 7792 7659 8024  0
7767 2527 7843 7927  0
6772 7755 7101 8369  0
1330 1329 1332 7938  0
2276 2277 7832 8331  0
7617 7555 8072 8381  0
1826 7918 8069 8119  0
5873 7968 8188 7864  0
6095 6115 6094 8297  0
1482 1481 1480 7833  0
6436 6423 6424 8305  0
8146 3394 2362 3393  0
3968 3659 3660 8305  0
8217 2212 2247 2246  0
465 408 464 8011  0
1940 1941 1925 8366  0
6424 6423 6411 8305  0
3289 8271 3715 8182  0
8437 4785 4786 4769  0
2636 7767 8039 2601  0
4229 3531 4786 3888  0
876 857 875 7868  0
3397 3774 3773 7833  0
529 7786 530 7670  0
6076 6077 6097 8325  0
216 187 215 8439  0
1211 7735 8036 8168  0
979 1176 957 8116  0
2895 2877 3580 8325  0
414 471 415 8415  0
1457 1456 1266 7944  0
2240 2275 2276 7832  0
504 447 503 7922  0
2477 2476 7950 8044  0
4543 4542 4096 8414  0
7748 7867 7766 7927  0
2240 2276 2241 7832  0
6406 7792 6391 8024  0
6097 6118 6117 8325  0
3089 3626 3631 8382  0
8377 4158 7688 7817  0
1179 1178 1371 7854  0
2723 2688 2722 8435  0
290 7924 322 321  0
8111 2573 8264 8343  0
2923 2924 2905 8341  0
6272 7768 7689 6290  0
3432 3805 3807 8396  0
4267 7970 6242 7876  0
2455 1567 1566 8324  0
6609 8213 6962 6610  0
7829 7820 7726 7958  0
8100 7681 7923 8434  0
548 604 605 8327  0
8352 3596 3600 2976  0
911 912 890 7853  0
3374 2396 1471 8117  0
3781 3782 4115 8113  0
7889 7681 7677 8041  0
8380 7880 7951 8282  0
6675 7823 6657 8102  0
7579 7580 7866 8246  0
5568 5544 5545 7832  0
6217 6216 7736 8002  0
5466 5444 8291 8348  0
3778 4112 4111 8425  0
4946 7695 4957 4945  0
6331 6346 6330 7989  0
7822 7827 7844 8160  0
6135 6136 6154 8372  0
5570 5569 5545 7832  0
2458 2504 7892 8156  0
5566 8096 5585 8323  0
4802 4785 4786 8435  0
1387 1579 1388 8156  0
1691 1703 7957 8035  0
1749 7971 8255 1750  0
1198 1389 1390 8324  0
7976 7746 8302 8343  0
8380 7932 7880 8282  0
8139 2051 2079 2050  0
4305 4306 4936 8346  0
6511 5629 6537 8032  0
1099 1085 786 8251  0
2351 1282 1283 8193  0
3343 2182 3349 4062  0
6347 6331 6332 7989  0
1482 3398 3397 7833  0
8157 4451 4466 4070  0
2458 3492 2459 7892  0
3120 3107 3106 7989  0
3434 3432 3807 8367  0
4869 6190 6170 8352  0
2945 8252 8109 8372  0
1377 1558 1559 7908  0
1389 1568 1390 8324  0
2504 3492 2458 7892  0
4576 4577 5646 7708  0
6602 5699 6606 7806  0
1797 8090 1798 1783  0
740 7889 8371 8342  0
641 642 573 7965  0
5410 5411 5432 8065  0
5695 5693 4616 8232  0
6585 7932 8282 8057  0
521 522 467 7987  0
3740 2251 7836 8157  0
3369 2342 3370 8262  0
7604 7630 7603 8140  0
2823 8218 2843 2824  0
7879 7834 7984 8381  0
7748 1216 7809 8307  0
1505 1506 2401 8137  0
8162 6557 6810 8292  0
798 735 734 7898  0
2813 2831 2832 7906  0
7684 4710 7896 8335  0
3492 3493 2459 7892  0
2466 2509 7705 8129  0
3194 3184 3193 7895  0
2235 2201 2200 7978  0
7970 4884 4270 4882  0
6470 6469 8245 8263  0
7765 7897 7566 8155  0
186 171 170 8439  0
6336 8184 6320 6321  0
1759 1748 1747 8279  0
1788 1802 1789 8147  0
6930 6904 6931 8230  0
7170 7234 7169 7761  0
4765 4764 4748 8429  0
5911 5934 5910 7915  0
5388 8138 5367 7709  0
8270 3988 3198 4298  0
3873 3868 3499 7770  0
6289 6305 7768 8400  0
8074 7757 8003 8253  0
5949 7871 5972 5971  0
7542 7603 7541 8140  0
740 7889 8375 8371  0
5352 8224 5353 5372  0
8427 8041 7681 8097  0
7720 7729 7889 7987  0
5349 5369 5368 8374  0
7759 7658 8058 8094  0
5024 5010 7957 8035  0
2672 2637 2671 8039  0
2923 7673 2940 8341  0
979 978 8116 8412  0
4034 8200 4032 3301  0
7665 7818 8099 8197  0
7873 7936 7998 8060  0
5860 8240 5859 5836  0
3185 3186 3175 7895  0
2004 8139 2021 8200  0
1830 7785 8010 8144  0
1767 1768 7664 8090  0
4232 4802 3893 8435  0
8195 7722 7665 7921  0
7750 684 730 683  0
2250 2216 2215 8157  0
7038 7602 7039 8140  0
968 7941 952 967  0
2629 2664 2630 8240  0
5715 5716 4655 7975  0
5327 5326 5308 7721  0
6350 8194 8300 6365  0
1784 1785 8016 8119  0
1986 1970 1987 1969  0
2004 1986 1985 8200  0
7998 7668 8316 7779  0
4034 3305 4375 8224  0
360 754 7899 7917  0
1850 3705 3272 3269  0
6453 4923 6452 7895  0
6992 6993 6629 7710  0
4360 5252 4027 4363  0
7601 7602 7038 8140  0
7724 8317 8304 8067  0
1703 1702 7957 8035  0
936 8099 1169 1170  0
6746 6823 6822 7724  0
3848 3847 4187 7894  0
346 8153 8375 347  0
1578 7974 1386 1577  0
1767 1766 1780 7664  0
8158 3263 8150 3264  0
2518 7842 3498 7985  0
682 728 729 8411  0
1486 7938 1510 1511  0
3728 3725 3331 4406  0
2754 4814 4799 8401  0
3325 2085 2084 2055  0
8212 8135 8054 6049  0
1970 3293 3717 3297  0
5734 6632 6633 8201  0
8343 2612 8058 7976  0
1576 2501 7974 8086  0
462 517 463 8234  0
5036 5023 5037 8035  0
5715 5709 5716 7975  0
1561 2449 7740 7908  0
6583 6834 6833 8379  0
7731 8251 7686 7833  0
5981 5980 5958 7906  0
843 7839 865 844  0
729 7750 682 8411  0
4650 4628 4629 8273  0
7992 490 434 8040  0
6631 7667 5732 6630  0
7172 7237 7755 8100  0
5835 5836 5859 8240  0
3429 2407 3431 8385  0
425 8403 8151 482  0
7926 7913 8192 8263  0
6111 7690 8054 8265  0
8082 6193 8252 8339  0
1012 716 715 8183  0
2993 3603 3008 8082  0
2321 7700 7836 8192  0
7386 7385 7316 8303  0
4562 4596 4595 8056  0
559 558 7750 7922  0
4769 8435 4785 4768  0
8221 3527 5879 3528  0
5655 4585 4586 8141  0
3649 3646 3645 8190  0
5433 5432 5411 8065  0
7658 8302 8343 8360  0
64 85 52 63  0
1370 1178 1177 8156  0
1340 1342 1337 7669  0
6957 6979 6956 7710  0
7322 7392 7391 8296  0
413 348 8153 8415  0
3057 3058 7689 7768  0
1128 8202 8337 8001  0
7630 7056 7039 8140  0
3160 3148 8190 8254  0
7039 7602 7603 8140  0
980 968 7941 8070  0
95 96 118 8133  0
3365 8262 3364 3370  0
1455 1454 8181 8331  0
3424 3418 3423 8053  0
2806 2825 2807 8387  0
2606 8003 8074 8111  0
3060 3046 7689 8104  0
7631 7606 7632 7778  0
5565 5584 5564 8323  0
3856 4196 3857 8301  0
3289 1952 1951 1935  0
3550 4834 2777 4833  0
3391 8049 8146 8280  0
806 7723 7744 8251  0
4567 5637 5636 7932  0
2572 2571 2607 8111  0
1950 8271 1949 1967  0
8265 8212 3927 8054  0
6207 8033 4874 6206  0
400 7830 401 823  0
631 339 338 8066  0
6332 6318 6333 8347  0
7793 7682 7900 8317  0
8330 7786 7780 7809  0
6512 8141 7914 6561  0
1225 7912 8179 1417  0
2504 3491 3492 7892  0
8167 871 7869 891  0
2761 2760 2790 8189  0
6590 6545 6546 8282  0
7748 7683 7867 8330  0
7892 7726 7671 7734  0
3135 3644 3640 7756  0
7648 7074 8122 8215  0
2393 2396 2394 8117  0
5825 7746 8302 5826  0
1950 1934 1933 8182  0
4032 3297 3301 1988  0
716 1012 1013 8183  0
8022 1364 8099 8197  0
5145 5162 5144 8158  0
2824 2806 7871 8218  0
1026 1027 730 7859  0
8339 3933 3597 3932  0
7998 8303 7728 7954  0
771 376 377 8198  0
4888 8432 7752 3951  0
8386 3916 4845 4848  0
7780 591 8151 8231  0
3713 3715 4365 3289  0
1100 807 7744 8251  0
1364 8197 1365 8099  0
4389 5418 3723 4393  0
405 461 462 8234  0
958 7803 959 942  0
3085 3084 3099 8184  0
4421 4406 3728 5462  0
4044 3319 3723 4378  0
1700 1712 8035 7991  0
3261 1791 8150 8158  0
5502 5480 5481 7893  0
3355 2216 2251 8157  0
4571 7722 8380 8239  0
1335 8385 1119 1134  0
7345 7414 7344 8169  0
4406 8384 4393 3725  0
1807 7782 7824 8158  0
5904 5905 5928 8221  0
852 460 405 7898  0
3191 8394 3192 3182  0
7943 1449 1258 1448  0
2055 3319 3723 3325  0
668 7857 8087 8183  0
4034 3305 4044 4375  0
2436 1545 8022 8197  0
5331 5351 5332 5352  0
4572 5642 5641 7722  0
1228 8012 1229 8183  0
1367 8197 1366 1548  0
2025 3305 4044 3319  0
5374 4378 4044 4375  0
8163 5717 4657 5718  0
7800 7818 7665 8197  0
2437 1546 2436 8197  0
771 770 376 8198  0
8099 1367 1366 8080  0
1547 2438 1548 8197  0
442 443 378 8198  0
2438 1547 2437 8197  0
7683 7814 7867 8330  0
5733 5732 6631 8201  0
3427 3426 1519 8053  0
7760 2044 7907 8241  0
951 913 912 7941  0
465 520 466 8375  0
6632 5733 6631 8201  0
1324 1130 1326 8202  0
3717 4370 3715 3293  0
3289 3293 3715 1952  0
7850 8013 7665 8278  0
4368 8271 4370 5312  0
1984 7709 8271 1983  0
8094 7857 7912 7658  0
1228 8012 8094 1229  0
5352 8224 8200 5353  0
3305 4044 4375 8224  0
7410 7480 7703 8187  0
7690 2926 8054 8265  0
3173 8254 3172 8045  0
5223 5241 7865 8293  0
3731 2149 3337 3343  0
6414 6413 6401 8045  0
5099 5085 5100 7664  0
3054 3069 3070 8290  0
1034 1468 7877 8284  0
7883 7825 1671 1670  0
2609 2608 7968 8111  0
7824 5147 5131 8158  0
5246 5247 8055 8059  0
6407 6393 6408 8024  0
4435 5508 4066 4451  0
1805 3264 3268 8158  0
4578 4577 4117 7708  0
7968 2608 8074 8111  0
3728 4421 3337 3731  0
3731 8283 4062 4435  0
4704 4703 4661 7716  0
3349 8157 3355 4066  0
1207 991 990 7886  0
2571 7982 2533 2570  0
3343 8283 2182 4062  0
3990 3201 3991 8209  0
5147 5164 5146 8158  0
7894 7704 7997 8315  0
5180 5179 5163 8158  0
7782 5165 7824 8158  0
5129 5145 5128 8158  0
7697 1793 7824 8158  0
3416 3422 2400 8137  0
6422 8229 8024 6409  0
7792 6391 7659 6376  0
6606 6984 6959 7806  0
1805 3268 1820 8158  0
4354 8158 5179 3267  0
1468 8117 2393 7877  0
4100 4101 4547 8219  0
8352 6171 6151 6170  0
2572 2607 2608 8111  0
3478 3849 7717 7894  0
7129 7197 7128 8132  0
7839 864 8222 8321  0
1672 1661 1671 8275  0
7455 7523 7522 8303  0
5918 5917 8026 8428  0
737 1036 736 8284  0
4116 7708 4115 8113  0
1082 1081 782 8258  0
4084 4590 4589 8112  0
5462 5485 5484 4421  0
2205 7832 2239 2240  0
3085 3100 3086 8184  0
5145 5144 8150 8158  0
7690 6111 6131 8265  0
2846 2845 7890 8218  0
1036 1035 736 8284  0
6910 8127 7718 6911  0
5840 5839 7660 8172  0
3751 3752 4084 8112  0
6303 6304 6320 8184  0
3289 3713 3712 1935  0
5311 5310 8182 8271  0
5365 5386 5364 8138  0
1242 1241 1433 7859  0
7694 7704 7937 7894  0
7727 8092 8186 8338  0
8310 2547 8429 2546  0
715 668 714 8183  0
3100 3099 3112 8184  0
5723 8355 5722 6621  0
3169 8024 8229 3168  0
7558 7619 7557 8286  0
3279 1883 4023 3276  0
7644 7618 7619 8072  0
7862 8201 8092 8338  0
3265 1819 3701 3262  0
5000 7811 7883 8275  0
5272 5291 5290 8182  0
6836 6846 6870 8282  0
7193 8256 7124 8038  0
6061 6062 6081 7890  0
7665 7921 7951 8278  0
3707 7931 4023 4358  0
5682 6585 6584 7932  0
2897 8235 7672 7789  0
4887 8400 6308 8104  0
3862 7974 7892 3491  0
4319 7811 4322 4989  0
5196 5213 4355 5214  0
8112 3414 3792 3793  0
6992 6979 6980 7710  0
5196 4353 4355 3705  0
1834 8073 1819 1833  0
3705 4353 3703 3269  0
1627 1636 1628 8209  0
7676 8072 8122 8286  0
3179 3167 3166 8024  0
7921 7665 8013 8278  0
1128 8202 1130 8337  0
4405 5419 4420 7693  0
7852 7776 8181 8191  0
2478 3469 3470 8009  0
4405 4419 4058 4420  0
4188 4676 4189 8103  0
6388 6387 7788 8254  0
4090 4537 7679 8214  0
728 727 1024 8411  0
6464 7805 8245 8408  0
2642 7864 7968 8074  0
3705 3707 4355 3272  0
3265 8073 3703 4350  0
7517 7930 8246 8259  0
4434 5441 5463 7693  0
8013 6875 6899 6900  0
4548 4101 4102 8280  0
2102 2132 7849 8291  0
1918 3712 4027 8309  0
4652 8129 4653 8310  0
3330 2038 2037 7693  0
6319 6320 6334 8184  0
5733 7667 5732 8201  0
1850 3705 4355 3272  0
2389 8061 2390 3411  0
1530 1525 1359 7939  0
8316 7786 7670 7787  0
6201 6183 6202 8299  0
5733 5734 8092 8201  0
2413 7878 7939 1530  0
3433 3431 2409 7939  0
3560 3559 3563 8272  0
3713 4363 4027 3712  0
3712 1918 4027 3283  0
7597 7034 7033 8228  0
4358 4025 4360 5233  0
2197 2198 7849 7978  0
6045 6024 6046 8064  0
7847 7107 8014 8268  0
3475 3847 3476 7894  0
7818 8022 8197 8205  0
7800 7850 7818 8178  0
1840 1856 1841 8069  0
7456 7386 7998 8303  0
6850 8013 6875 8278  0
7858 1981 8138 8423  0
7626 7764 8155 7627  0
7079 7143 7142 8304  0
7621 7559 7560 8286  0
845 790 7839 8357  0
2847 2846 2865 8294  0
6701 6700 7065 8106  0
2149 3731 8110 8283  0
8146 3391 2360 8049  0
588 7780 657 589  0
8080 7657 8216 7665  0
3488 7974 8062 3489  0
3758 3381 8017 8214  0
6699 6700 5759 8106  0
5012 7883 5025 5011  0
6915 6916 6941 8213  0
5269 5251 5270 8309  0
3435 2413 7878 7939  0
667 598 666 8087  0
7453 7384 7454 8303  0
7231 7914 7301 8071  0
2821 2840 2822 8107  0
532 7780 588 589  0
6531 6741 7711 8180  0
7741 7793 7900 8317  0
2500 1623 2499 8062  0
3575 6054 3578 8325  0
5233 4358 5232 5214  0
3837 3819 3464 8377  0
7809 588 657 656  0
4156 4154 3817 7878  0
3189 3179 3178 8024  0
6898 6874 6899 8278  0
7701 5297 7933 8095  0
6981 6957 7434 7710  0
8112 4126 8061 8042  0
3414 8112 3792 8061  0
1878 8063 1877 1894  0
7116 6786 7993 8060  0
5062 5047 4332 7940  0
8090 1798 1784 8119  0
5203 7865 8005 8069  0
2239 7832 8260 2275  0
771 1071 8017 8198  0
1071 1070 771 8017  0
7332 7333 7402 8067  0
8015 5273 8368 5255  0
7877 7698 7949 8112  0
7895 4922 4923 6452  0
5233 5252 5251 4360  0
5147 5130 5131 8158  0
6785 7873 7988 8060  0
6366 6382 6365 8300  0
2847 2866 2848 8294  0
8152 7859 8237 8419  0
7676 7694 7859 8152  0
7931 1882 1865 1866  0
4245 4835 3909 4244  0
5986 5963 5987 8107  0
2278 2315 2316 8331  0
5272 4363 5271 5252  0
1082 1293 1292 8258  0
546 8223 8077 8040  0
7005 6635 7862 8238  0
1457 7926 7944 1458  0
1526 2414 2415 8367  0
6004 6003 5981 7906  0
3560 3564 7871 8272  0
5809 4727 4742 7976  0
3088 3632 3953 8400  0
1807 1806 1820 8158  0
4481 4480 4073 8406  0
5047 5032 4329 7940  0
1866 1850 1865 3272  0
2501 1624 2500 8062  0
5147 5148 5164 8158  0
5400 7666 5422 7693  0
1400 1209 7886 8168  0
7864 5849 7968 8074  0
1864 3269 1850 1849  0
7247 7182 7183 8060  0
8317 7802 7846 7796  0
7454 7455 7522 8303  0
7756 3100 8184 8400  0
735 798 799 8284  0
7773 8317 7724 8067  0
5978 8189 7906 7714  0
6719 6688 6720 8302  0
7699 3504 3872 8058  0
7686 7662 7820 7845  0
5834 5813 5814 8240  0
4430 8443 4431 4444  0
1948 1965 1966 7721  0
214 170 169 8439  0
6268 6251 7685 8290  0
111 8393 134 97  0
3084 8290 3071 3070  0
3418 3424 4132 8053  0
2820 2839 2821 8107  0
1202 985 984 8344  0
4137 3424 4139 8053  0
5762 4674 5761 8106  0
1733 1721 1720 7940  0
2578 2540 2577 8058  0
6525 6570 6483 8410  0
1248 7816 8028 1247  0
6785 6784 7873 8060  0
930 7830 931 7924  0
2515 2472 2471 8205  0
1159 1354 1160 8313  0
2665 2666 2631 8134  0
2418 1531 1529 8353  0
5045 5031 5032 7940  0
1769 1756 1755 8171  0
7116 7115 6786 8060  0
6871 6872 7880 7951  0
668 7857 669 600  0
6025 6002 6003 7906  0
5418 5417 4389 8196  0
486 429 485 7827  0
7034 8257 7598 7035  0
13 40 21 20  0
5097 7971 5082 7697  0
6271 6254 6255 7689  0
7553 7554 7615 8381  0
4878 4876 6244 8185  0
7531 7463 7464 8161  0
4568 7932 7819 5638  0
1918 8309 1900 1917  0
4128 4591 4559 8207  0
8178 7818 8197 8205  0
2578 2579 2541 8058  0
1883 7931 1866 1882  0
1445 2305 2304 7964  0
7282 7281 7217 8312  0
2099 2130 8291 8348  0
7670 7797 7873 7948  0
5637 5682 5681 7932  0
1920 1936 1937 7933  0
7665 7880 8043 8278  0
1728 1727 7971 8244  0
6000 6001 6023 7714  0
3801 3802 4140 8053  0
7064 6699 7994 8106  0
3040 7685 7901 8290  0
7880 6846 6870 6871  0
584 652 7928 8226  0
4532 4573 4531 7722  0
715 714 1011 8183  0
4692 8310 4693 4712  0
4695 4652 4653 8310  0
7597 7598 7783 8441  0
2462 2463 8273 8310  0
6286 6301 6285 8290  0
1882 7931 1899 1883  0
86 108 109 8133  0
1757 1744 1756 8171  0
601 7857 8040 600  0
2024 3305 2007 8224  0
1497 1499 3402 8195  0
1012 715 1011 8183  0
6302 6303 6319 8184  0
7760 2102 7849 8291  0
4554 8076 7826 8032  0
714 668 8087 8183  0
5373 5353 4375 8224  0
7765 7497 7427 8155  0
6795 6540 6541 7958  0
3925 3577 3581 8212  0
1743 1744 1731 8171  0
7486 7417 7487 8381  0
583 651 652 8226  0
5681 5682 6584 7932  0
6850 6849 7921 8278  0
6925 6899 6926 8278  0
2198 2232 2233 7978  0
6268 7768 7685 6269  0
4127 3751 4084 8112  0
5647 6553 5646 7708  0
2570 7982 8003 8111  0
8217 8110 2211 7959  0
7807 1201 1202 1393  0
1201 984 983 8344  0
2533 2534 7982 8111  0
5227 5209 8063 8389  0
3877 7699 7976 4727  0
2278 2277 2315 8331  0
7982 7757 8003 8111  0
2404 7655 1514 2405  0
5179 5180 7782 8158  0
734 8284 7898 735  0
7129 6821 6822 8132  0
6631 6995 6632 8201  0
1636 1646 1637 7695  0
3122 3133 3134 8300  0
4593 4603 5678 8137  0
6391 6392 7659 6378  0
3477 2489 3476 7894  0
2055 8384 2084 3325  0
3111 3098 3110 8184  0
7630 7604 7778 8140  0
5391 5392 5412 8139  0
3337 2149 2148 2117  0
4589 4127 4084 8112  0
1814 1828 7785 8119  0
440 497 441 8198  0
4154 3815 7878 8418  0
6586 6842 6574 8199  0
8215 6663 8089 7076  0
2530 2568 2531 8397  0
7811 4319 4322 3684  0
2572 2534 2571 8111  0
2535 2534 2572 8111  0
2573 2535 2572 8111  0
187 216 172 8439  0
2607 2571 2606 8111  0
3793 2394 3751 8112  0
4044 2025 3319 8196  0
8261 1481 1295 2364  0
1259 1260 1450 7960  0
5743 6644 6645 7946  0
4536 7860 5598 5597  0
7708 4115 4575 4576  0
1953 3292 3296 8095  0
8254 6416 7895 7792  0
7241 7240 7176 8014  0
4070 7836 3740 4466  0
7549 7703 8187 7994  0
2488 3475 3476 7894  0
8418 4627 4624 7999  0
8045 6401 6400 6413  0
8020 7982 7745 7757  0
5975 5974 5952 8177  0
882 881 903 8125  0
6276 6275 7970 8104  0
796 851 852 7898  0
1306 1482 1480 7833  0
495 549 550 7802  0
379 774 773 8193  0
118 141 117 8133  0
8317 7846 7704 7796  0
7745 7783 8081 8228  0
1519 3427 8053 8385  0
7332 7758 7402 7769  0
8263 8191 8031 8331  0
7792 3166 3178 3165  0
1749 7971 1737 8255  0
3183 3192 3193 7895  0
2491 2490 3478 7894  0
3156 3157 7659 8024  0
6418 6419 7840 8024  0
5273 5255 5274 8368  0
1260 1451 1450 7960  0
2482 1583 1582 8364  0
8285 7803 1558 8079  0
6789 7119 7993 8123  0
6433 8024 7840 6419  0
1261 1050 1051 7960  0
1802 7785 1801 1816  0
5547 5570 5546 8098  0
3477 3476 3848 7894  0
7003 7004 7999 7806  0
7766 7767 7843 7927  0
3849 3478 3477 7894  0
2490 1613 2489 7894  0
7657 8433 7708 8195  0
4702 4701 4659 8225  0
941 902 940 8125  0
464 408 407 8011  0
3466 3467 2476 7950  0
4322 3684 3226 7811  0
443 499 7791 8198  0
6685 6684 7049 8228  0
7750 557 7922 558  0
1801 7692 7785 8147  0
6995 6994 6982 8201  0
4982 4994 4981 8203  0
4884 6275 6276 8104  0
682 681 728 8411  0
1052 1053 7920 8181  0
1166 7830 932 1165  0
1148 1143 1142 7939  0
8191 7953 8316 8123  0
5715 5708 5709 7975  0
6406 6392 6407 8024  0
6894 6921 6920 7828  0
1864 8059 8073 1863  0
3536 3896 3893 8435  0
3056 3071 7768 8290  0
6729 6736 8074 8302  0
8157 2182 2216 2215  0
8024 6434 6433 7840  0
1742 1753 7664 7981  0
5269 5250 5251 8309  0
6842 6825 6574 8199  0
5808 5829 5828 7976  0
7751 7854 7878 7892  0
5446 5468 5467 8291  0
3204 1630 3205 8346  0
7985 7775 8115 8168  0
1910 8063 1893 8227  0
1153 1350 1351 8206  0
3175 3186 3176 7895  0
2685 2686 4781 8401  0
7974 3862 7892 8426  0
8118 803 8124 8258  0
8287 5355 3303 5375  0
3841 4180 4181 7950  0
5118 5119 8090 8398  0
1098 796 734 7898  0
4373 5353 5332 8200  0
7792 3155 7659 8024  0
7712 7908 8092 8285  0
3531 4229 4786 8435  0
4107 3773 7833 8076  0
5084 5085 7664 7981  0
7825 4314 4962 8275  0
6919 7828 6944 7881  0
5085 5086 7664 7981  0
5279 5280 7675 8114  0
6030 7919 8212 6029  0
3864 3493 3492 7892  0
4572 4531 4573 7722  0
2512 2511 2552 8225  0
3379 7679 8214 4090  0
1025 729 728 8411  0
5508 4066 4451 8157  0
3375 8041 8427 8097  0
4657 4700 7705 8225  0
7739 4606 8053 8199  0
6573 5674 6574 8199  0
2530 2567 2568 8397  0
4883 4881 6278 8432  0
6328 8382 7747 7752  0
2969 2952 2968 8105  0
8394 3191 3192 8390  0
4070 4451 4066 8157  0
6633 6996 6997 8201  0
1365 1366 8099 8197  0
1680 1691 1692 7883  0
3193 3673 3194 7895  0
7894 1613 7937 8131  0
4824 2782 2751 8401  0
6544 5669 6573 8199  0
5783 5784 5798 8351  0
1547 1546 2437 8197  0
442 498 499 8198  0
2529 2566 2567 8397  0
6403 8254 6415 6402  0
8000 4230 3895 3891  0
1060 7773 8160 761  0
168 144 169 8130  0
3751 3752 8112 8117  0
2754 4799 2722 8401  0
7836 2249 2250 2285  0
6728 7757 6718 6719  0
8121 5812 5811 8405  0
799 798 7898 8284  0
6745 6744 7702 8132  0
3045 3059 3060 7689  0
1987 2005 1988 8200  0
6591 6842 6586 8199  0
6574 6825 6573 8199  0
1677 1689 1678 8203  0
8188 2773 8428 2740  0
6031 6053 6052 8148  0
1330 1332 1510 7938  0
5482 5460 7893 5481  0
2085 3331 2116 2117  0
987 1203 7807 8344  0
7711 7700 7663 7822  0
4867 4262 7690 8265  0
1123 1121 811 8392  0
1678 1666 1677 8203  0
5391 5390 5370 8139  0
7247 7998 7316 7936  0
2544 2545 4712 8429  0
3793 3751 4127 8112  0
2572 2608 2573 8111  0
2571 7982 2570 8111  0
1545 1546 8022 8197  0
2438 7800 2473 2474  0
4633 7688 7817 4634  0
8133 155 132 8393  0
770 7802 376 8198  0
1080 1081 1291 8049  0
6586 6574 5674 8199  0
4157 7903 3818 4155  0
3849 3477 3848 7894  0
6631 6994 6995 8201  0
8123 7795 7683 7754  0
1546 1545 2436 8197  0
7952 7879 7676 8072  0
3483 7961 8237 3482  0
3305 2025 2024 2007  0
2437 2473 2438 8197  0
7800 2438 2473 8197  0
1351 1531 1352 8206  0
7850 7800 7818 7665  0
5668 5669 8199 8207  0
1678 1679 1667 8203  0
2470 8068 8225 8205  0
7828 7810 8075 7881  0
2470 8068 8205 2434  0
8225 4702 4660 4659  0
7818 8022 8099 8197  0
4700 2552 2511 8225  0
1298 1299 2384 8314  0
6996 7862 6997 8201  0
2007 1988 2006 3301  0
6191 8082 8339 6192  0
3937 8339 6209 3601  0
6728 8253 8074 6727  0
8413 7834 8169 7821  0
6632 6995 6996 8201  0
7054 7039 7055 8140  0
8225 4702 2554 7716  0
7831 2237 8260 8323  0
5026 5040 7957 8244  0
6154 6155 6174 8372  0
655 654 701 7928  0
6996 7942 6982 7504  0
3868 4182 3843 8085  0
4769 8435 4768 8437  0
8201 7862 8092 7942  0
1952 3293 1969 1970  0
227 226 198 8439  0
6631 7667 8201 5732  0
5733 7667 4637 5732  0
5952 8387 8373 8177  0
5669 4592 8199 8207  0
5008 5007 4995 8203  0
6994 7667 8201 6630  0
4658 8163 5719 8225  0
7667 8092 5733 4637  0
6982 6994 7710 8201  0
7220 7820 7133 7221  0
7494 7845 7493 7424  0
6993 6994 7667 7710  0
7290 7359 7289 7765  0
8225 4720 2552 2553  0
1677 1688 1689 8203  0
7814 7910 8307 8330  0
4983 4995 4982 8203  0
7038 7054 8007 8140  0
7758 7540 7473 7472  0
8139 5371 8200 8374  0
1292 1293 2361 8258  0
5528 7959 8217 5550  0
7750 7694 7801 7922  0
5579 5600 7860 8037  0
2739 2740 8188 8428  0
3401 3779 3797 8332  0
7738 2399 3415 1502  0
2399 3415 3794 8207  0
3794 3795 4128 8207  0
5006 4993 4994 8203  0
1988 8200 1970 1987  0
3796 3418 4130 8207  0
7764 4687 8089 8426  0
4592 4129 4130 8207  0
4128 3795 4129 8207  0
4199 4200 7974 8426  0
4981 4994 4993 8203  0
4200 4687 4688 8426  0
6505 8219 8101 8018  0
1969 8271 1951 1968  0
7652 8071 7942 7862  0
6529 6486 6487 8263  0
4573 5642 4572 7722  0
6957 7364 7434 7710  0
464 407 463 8011  0
7961 3481 7717 8152  0
6560 6561 6767 8141  0
716 1013 8012 8183  0
102 81 100 8361  0
740 741 1040 8371  0
4624 4150 4154 8418  0
7733 7665 7818 8099  0
7399 7763 8441 7398  0
4481 5533 4498 8406  0
502 446 7791 7922  0
6757 8006 8413 6756  0
6994 6993 7667 6630  0
7758 7762 7541 8140  0
513 8388 328 569  0
4334 3243 3694 8279  0
6582 6583 6833 8379  0
5738 7969 8238 5739  0
8411 7719 1022 8131  0
2984 2967 7848 8211  0
3561 2840 3565 8120  0
7036 8007 7037 7052  0
6993 7667 6629 7710  0
7849 5514 7888 7978  0
7981 5043 5058 7725  0
7809 7748 8307 8330  0
3516 3521 2661 8142  0
7706 7741 7742 7945  0
2814 2813 2832 7906  0
6629 7667 6630 5731  0
7024 6656 7023 7823  0
875 7751 7868 7723  0
8239 7819 8277 8380  0
5734 5733 8092 4638  0
1934 3712 1918 8182  0
6364 6363 6349 8194  0
7900 6498 7945 7973  0
8379 7743 8145 7808  0
7726 7829 8004 8199  0
7820 7221 7972 8267  0
4742 3877 4220 7976  0
5052 5065 7991 8255  0
581 580 7813 8250  0
6199 6181 6182 8211  0
3545 3546 3539 8370  0
1186 962 961 7908  0
2793 2813 2814 7906  0
1729 1728 1741 7981  0
996 7928 700 699  0
2166 2199 2200 7978  0
8428 5919 8188 5918  0
5389 5410 8065 8139  0
8066 340 7924 632  0
7911 2324 7836 7934  0
1341 1343 2409 8385  0
7889 7720 7987 8153  0
1143 1137 1142 7939  0
5642 7951 7722 7921  0
8096 5566 5585 5586  0
2646 7968 7746 2645  0
7194 7258 7193 8038  0
3750 2379 2380 7722  0
6267 6285 6266 8290  0
3862 3490 3861 7974  0
3962 3652 3963 8190  0
2267 7964 2266 2304  0
7795 7324 8123 8296  0
2401 2400 8137 8332  0
3623 3063 8358 8382  0
5280 5279 5261 8114  0
4785 4784 4768 8435  0
3228 3232 1675 8326  0
2786 8387 8221 8370  0
7686 7671 7723 7820  0
985 7807 1202 1203  0
8201 6994 6630 6631  0
7912 1228 1011 8183  0
7912 1010 8087 8183  0
7857 7912 8087 8183  0
1975 8366 1958 7680  0
5540 5541 5564 8323  0
2514 8205 2471 2470  0
4126 8112 4127 8042  0
2944 8054 8265 2927  0
950 911 949 7853  0
4767 4750 2657 2656  0
6982 6994 6981 7710  0
1015 1231 7925 8012  0
7683 7763 7745 7754  0
7917 7882 8151 8403  0
2797 2796 2817 8319  0
8398 5089 8171 5088  0
4081 8332 2326 4518  0
470 469 524 8250  0
3319 3723 4378 8196  0
5914 5891 7656 8274  0
3769 3768 8146 8280  0
7820 6793 6539 8032  0
7409 7703 7479 8027  0
4532 5643 4573 7722  0
2481 3498 2482 8364  0
6154 6174 8339 8372  0
2400 2365 3416 8332  0
7563 7624 8159 7625  0
1776 3257 3261 8150  0
2049 2019 8065 8139  0
1100 1086 1099 8251  0
3272 7931 1865 1866  0
7417 7834 8381 7416  0
598 599 7857 8087  0
8420 6025 8064 6046  0
865 866 844 7839  0
6050 6071 6049 8212  0
3119 3118 7659 7989  0
4167 4166 7727 8186  0
1013 1014 717 8012  0
2584 2583 2620 8429  0
7903 4628 4629 4626  0
2813 2812 7714 7906  0
7775 7842 7886 8364  0
2232 2197 7888 7978  0
4861 6135 4863 8372  0
1243 1435 1244 7859  0
7128 7663 7196 7127  0
2814 2832 2833 7906  0
7926 2316 1457 7944  0
2788 2787 2807 8387  0
6123 6144 6143 8105  0
5996 6019 8218 8387  0
7728 7866 7677 7729  0
6468 6463 6459 8031  0
6002 5979 5980 7906  0
3395 3394 2363 8261  0
4123 7687 8141 4122  0
7250 8060 7249 7185  0
6367 6352 6368 8300  0
7729 7720 7813 7987  0
3380 8017 2349 3381  0
3760 3761 8414 8416  0
1433 1241 1432 7859  0
5675 7962 6588 5686  0
7262 7769 8067 7332  0
7667 7712 8092 8285  0
2319 7913 1459 8192  0
1505 1518 1323 8337  0
4539 5614 4538 8328  0
184 156 183 8130  0
8370 5924 7871 5947  0
814 8436 7798 8021  0
5323 5322 5303 8407  0
2199 2234 2200 7978  0
8257 7783 7745 8228  0
4996 5009 5008 8035  0
7232 7233 7302 7761  0
576 577 520 7987  0
927 7798 8066 926  0
2832 2853 2833 7906  0
7799 8434 4535 8041  0
814 815 7798 8066  0
1559 2448 1560 7908  0
1377 1558 7803 1376  0
1951 3289 1935 8182  0
6001 5979 6002 7906  0
1054 755 1055 8181  0
1612 7894 7937 2488  0
7233 7232 7168 7761  0
3941 4872 3939 8352  0
7552 7777 7614 7613  0
8409 7029 8091 8081  0
5647 4577 4578 7708  0
613 7750 682 614  0
8261 1481 2364 7833  0
1131 857 876 7868  0
7100 6770 6771 7761  0
2666 8172 2700 2667  0
7304 7303 7234 7761  0
7999 8418 7734 7806  0
7784 1501 1296 1500  0
6430 6442 7895 8395  0
6980 6993 6992 7710  0
7787 478 422 7899  0
5881 5882 5905 8142  0
6613 5710 5709 7975  0
8306 4890 4897 6339  0
4185 3846 3845 8315  0
4783 4768 4784 8435  0
7798 1129 8001 8329  0
5036 5037 7991 8035  0
7883 8035 1680 1691  0
8135 8319 7906 6004  0
1876 1875 1892 8063  0
7739 4616 4613 8232  0
6981 6980 6957 7710  0
6982 6981 7434 7710  0
5432 5433 8034 8065  0
6683 6715 6714 8020  0
147 187 172 171  0
7665 7885 8080 8099  0
5680 7932 8204 5681  0
5021 5008 5022 8035  0
1776 1777 1762 8150  0
7256 7192 7257 8256  0
8012 7684 7857 8094  0
466 521 467 7987  0
522 468 467 7987  0
8392 919 623 920  0
3700 8150 3259 3256  0
7601 7758 7540 8140  0
5257 5256 5238 8015  0
1701 1689 1700 8035  0
5037 7957 7991 8035  0
4959 7841 8346 7825  0
7604 7762 7778 8140  0
1997 7858 7907 8423  0
804 455 853 8118  0
3022 3023 3008 8082  0
7999 7892 7878 8019  0
4170 3830 7980 3831  0
2814 2815 2794 7906  0
8251 1295 8261 7833  0
6931 6956 6930 7710  0
5655 5654 4585 8141  0
7039 7603 7630 8140  0
340 8066 339 632  0
3484 2497 2496 8237  0
5833 8142 5857 8405  0
6752 6751 6497 7900  0
8035 5035 5036 5022  0
7883 1691 7957 8035  0
1869 1886 1870 8015  0
4884 7970 4270 8104  0
5683 5639 6545 8380  0
2473 2472 2516 8205  0
795 1098 7877 7898  0
4655 5715 7975 8129  0
2509 8440 7705 8129  0
1084 1294 8258 8261  0
6653 8340 6671 6652  0
7729 7720 7889 7677  0
3517 3880 3876 7976  0
4566 5636 5635 8204  0
8116 1195 1386 1194  0
1807 1822 1808 7824  0
7888 5537 5514 5536  0
1703 1691 1702 8035  0
4080 4516 3746 7934  0
1814 1828 1815 7785  0
3719 8095 4374 3298  0
3243 4332 3692 7940  0
7187 7252 7993 8123  0
2646 8343 2610 7746  0
18 19 5 28  0
6993 7667 6630 6629  0
6529 7711 6530 6740  0
4191 3852 7717 7961  0
5657 4587 4588 8042  0
7349 7952 7419 7418  0
5805 5824 5823 7781  0
4953 4941 8209 8270  0
6192 6191 6174 8339  0
2697 2698 8134 8295  0
7408 7741 7338 7339  0
7801 7653 7686 8146  0
7943 7873 7988 8170  0
8236 6813 6812 7652  0
5647 6554 6553 7708  0
874 895 896 7723  0
2234 2270 2235 8154  0
7922 7791 7694 7812  0
460 405 7898 8234  0
1360 1357 1537 7835  0
1952 3289 1951 8182  0
1492 1491 1313 8277  0
5459 5481 5480 7893  0
6566 6785 6565 7988  0
7943 7670 7948 8365  0
1505 3422 1518 8337  0
7503 6958 6983 7806  0
8396 7655 7661 8367  0
1524 2414 1526 8367  0
6786 7115 6785 8060  0
7103 7104 7755 7923  0
3301 4032 1988 8200  0
6077 6078 6098 8325  0
7012 7013 6645 7946  0
964 963 7740 7853  0
6615 5711 8075 8163  0
6875 6850 6851 8433  0
637 345 344 7909  0
5711 5710 8075 8163  0
542 599 543 7857  0
6095 4858 4856 8297  0
6094 4858 6095 8297  0
5931 5907 8189 8373  0
7947 767 1066 7855  0
7766 6679 5788 8091  0
7318 7998 7387 7317  0
3378 8208 3379 2346  0
759 1058 7844 8160  0
7781 7767 8020 8397  0
680 726 727 8411  0
466 520 521 7987  0
1604 1420 1603 8094  0
6792 6539 6793 8032  0
1449 1258 1259 7960  0
2255 2220 2254 8333  0
8038 7711 7822 8256  0
85 84 72 71  0
7698 7712 7853 7727  0
5460 8110 5482 8384  0
6619 6984 6606 7806  0
6852 6805 6806 8433  0
3188 8024 3189 3178  0
814 8329 7798 815  0
6897 6873 6898 8278  0
5150 5167 5166 7824  0
1791 7697 8150 8158  0
8078 1384 7941 8324  0
7252 7321 7251 8296  0
6399 8045 8190 6400  0
4592 5668 4591 8207  0
5102 5087 5088 8398  0
6416 6404 6417 7792  0
4609 4613 4610 7739  0
263 7909 325 324  0
5559 8037 7888 5560  0
7750 681 613 682  0
3185 3174 3184 7895  0
6665 5775 5774 7764  0
6449 6448 6437 8305  0
4244 4834 3551 3550  0
3535 2711 2743 8000  0
4365 4368 5292 8182  0
5900 4805 5923 8000  0
6752 7945 7085 7900  0
84 8133 107 108  0
2967 2968 8105 8211  0
7827 488 431 7992  0
5124 7785 7692 8147  0
3430 3432 2410 8367  0
5532 7836 4466 5556  0
1657 1646 1656 7695  0
1037 1036 737 8284  0
5889 5912 5911 8172  0
4620 5704 7806 8418  0
1578 2504 2458 8156  0
4145 4611 4614 8396  0
2429 2428 8129 8276  0
5293 4369 5273 8368  0
8034 5431 8241 5451  0
8100 7104 6775 7923  0
1227 1226 1418 7912  0
5313 5293 5294 8368  0
571 7965 640 572  0
1651 1652 7825 8275  0
7784 1499 8195 8113  0
7227 7138 7228 8292  0
7734 7503 7570 7806  0
1580 7892 8156 2459  0
5347 5346 5327 7721  0
8088 7712 8162 7753  0
8031 5570 5571 8098  0
82 61 60 8361  0
5337 5317 5318 7701  0
5734 4639 8092 8338  0
7658 7684 8140 8220  0
6953 7905 8013 6954  0
1158 1179 1358 7854  0
7712 7698 7687 7652  0
8105 8052 6145 7935  0
1535 1534 8276 8313  0
7619 7618 7557 8072  0
86 110 87 8133  0
4652 4651 8273 8310  0
7834 7417 8381 7952  0
7818 7810 8068 7828  0
3573 3577 3922 8148  0
5153 5137 5154 8119  0
295 404 7909 8388  0
2387 1301 7687 8088  0
5135 5151 5134 7918  0
5738 7969 4643 8238  0
116 94 117 8133  0
6931 7364 7710 8030  0
1049 1260 1259 7960  0
3202 3203 3992 8209  0
4183 3844 3843 8085  0
6512 8042 6769 7914  0
663 7713 664 7870  0
7050 7757 7051 6686  0
5413 5412 5392 8139  0
6509 8076 6510 7674  0
2504 2503 3491 7974  0
1505 1323 1506 8337  0
751 752 1051 7787  0
7805 7836 8217 8408  0
1308 1484 1307 7731  0
8262 4497 3364 3363  0
7794 7733 7963 7880  0
4145 7661 8396 4614  0
6310 6325 4888 7752  0
1927 1942 1943 8383  0
1293 1083 1294 8258  0
8085 3868 3471 3843  0
7713 8047 1222 8362  0
44 33 26 43  0
2342 1479 2341 8378  0
1601 8264 7759 1417  0
7842 7775 7985 8364  0
2941 2959 2960 7690  0
8191 8316 7754 8123  0
2388 2389 3410 7687  0
1324 8233 1506 8337  0
4161 4636 7667 7688  0
7839 887 8431 8248  0
3 17 4 9  0
4982 7841 4983 8203  0
2524 2562 7843 8318  0
5126 4343 4017 8147  0
949 966 950 7941  0
2075 2106 8034 8241  0
4633 7688 4634 4158  0
2201 8154 7978 2235  0
6515 5659 5660 8369  0
2269 8037 2268 2306  0
8321 789 1092 7839  0
2049 2079 2050 8139  0
4272 7752 3629 6309  0
893 7723 894 872  0
3186 7792 7895 8395  0
1663 1662 1672 8275  0
8012 716 8183 8223  0
1721 1722 3236 7940  0
7847 7105 6775 8100  0
3418 8207 3417 7790  0
5885 5861 5886 8134  0
2900 2901 7890 8052  0
5991 5968 4843 8272  0
71 8133 72 93  0
2512 2552 2553 8225  0
4160 4636 4161 7688  0
2479 2478 3470 8009  0
6747 6536 6493 7724  0
5001 5014 5013 7811  0
256 228 257 8439  0
4816 4800 4801 8435  0
7671 7662 7764 8155  0
2972 7673 2973 2956  0
6628 7817 7688 5729  0
2697 2665 2664 8295  0
7722 2378 1493 8239  0
539 595 7870 7882  0
7178 7109 7110 8029  0
7844 1058 7913 8160  0
5579 5580 5600 8037  0
8041 8427 7681 8434  0
5885 5860 8134 8295  0
6835 6869 6868 8057  0
3788 3409 3410 7687  0
2212 8217 2211 2246  0
1292 2360 1291 8049  0
1284 7887 2352 8193  0
3608 3006 3005 8033  0
8073 3265 4348 4350  0
2123 2154 2155 8173  0
354 419 355 7670  0
3614 3615 8185 8358  0
1725 1714 1713 7957  0
6290 7768 8400 6289  0
1719 1732 1720 7725  0
8316 7943 7873 7988  0
5300 5319 7675 8366  0
1269 1460 7913 8160  0
1954 1936 1953 8095  0
3938 3941 3939 8352  0
951 7869 7941 952  0
5634 5635 5679 8204  0
2603 2602 2638 7781  0
389 453 454 8124  0
5280 5300 7675 8114  0
3457 8078 8324 3456  0
8036 7670 7668 7928  0
6818 7663 7126 7711  0
5645 8195 4575 7708  0
213 214 184 8130  0
7131 6765 6766 8032  0
6876 6852 6877 8433  0
2412 2414 1524 8367  0
3122 3134 3123 8300  0
5645 7708 4575 4576  0
3531 3536 3893 8435  0
6878 6854 6879 8230  0
8221 5949 5950 5927  0
7133 7820 6793 7134  0
2675 2641 2640 7864  0
5526 5504 5527 8023  0
7136 7226 7166 8030  0
8031 5589 8281 8410  0
5275 5256 5257 8015  0
1339 1341 1521 8385  0
7863 7691 7869 7949  0
6383 6366 6367 8300  0
2895 3580 2912 8325  0
3786 3407 3408 8088  0
1729 1717 1716 8244  0
8435 4814 2754 2755  0
1324 1128 1130 8337  0
7698 7863 7869 7949  0
7921 8013 8195 8433  0
4425 4412 4426 8354  0
4799 4784 4800 8435  0
7694 8131 7859 8152  0
6373 6358 6374 7788  0
5645 7708 4576 5646  0
784 783 803 8258  0
4425 4438 4424 8354  0
1159 7798 8206 8313  0
6182 6200 6199 8211  0
7804 3810 3435 3433  0
3172 8254 3161 3160  0
352 747 746 7948  0
7924 635 342 323  0
2187 4456 4470 8333  0
1976 1959 1958 8366  0
6955 8230 6930 7905  0
2324 2287 7836 7934  0
3207 3206 1632 8346  0
4232 4816 4801 8435  0
5315 7701 5335 8095  0
6473 8408 6465 5572  0
7944 7913 8263 7822  0
4611 4608 5689 7962  0
1889 1873 7865 8293  0
183 8130 155 182  0
6696 6697 5756 7896  0
27 10 44 45  0
2997 2998 2982 7848  0
3358 3352 3737 8406  0
6552 7708 5646 6553  0
4084 4590 8112 8427  0
6645 6644 7012 7946  0
1458 7944 1267 7913  0
7087 6755 7088 8006  0
5658 5659 6514 8369  0
7674 7132 7820 8032  0
2999 3016 3000 8211  0
5460 5482 7893 8384  0
2362 8146 3393 2361  0
1645 1655 1656 7695  0
3943 8358 3942 3614  0
3631 3626 3625 8382  0
5340 5320 5321 8366  0
2332 2371 2372 7875  0
593 7882 8231 594  0
3049 3948 3616 7970  0
7872 1959 8366 8383  0
6029 6050 7919 8212  0
6737 8191 6572 8376  0
8406 4498 3739 3358  0
4532 5643 7722 7921  0
5824 5845 5823 7781  0
5892 5867 5868 8438  0
7243 7242 7178 8029  0
5783 8083 8102 7996  0
5459 5438 5439 8384  0
4664 4665 4175 8178  0
1490 2374 1489 8289  0
1545 1544 2435 8022  0
5815 5816 5836 8051  0
7982 7757 8111 8264  0
8220 7658 8360 8140  0
8373 5905 5928 5929  0
5614 6497 6496 8328  0
2724 3536 3531 8435  0
4607 4140 4609 7739  0
853 872 854 8118  0
2120 4424 4438 8354  0
7973 4092 8214 8328  0
2177 2176 2210 8023  0
7655 7661 8108 8127  0
7872 1996 1977 1978  0
6982 6996 6995 8201  0
7139 7652 8071 8292  0
7694 7937 8131 7894  0
1405 1404 1588 7735  0
2845 2844 2863 8218  0
726 1022 1023 8411  0
5035 5049 5034 7991  0
3322 8287 3316 4392  0
1957 1940 1939 7675  0
6900 6875 6876 8013  0
4762 4763 2616 8429  0
3192 3183 3182 8394  0
1710 3236 7725 7940  0
2272 2236 2271 8323  0
6430 6443 6442 8395  0
5842 5841 7660 8274  0
1344 1523 1346 7669  0
3062 3048 3047 7970  0
4326 8326 4328 3230  0
1904 1922 1905 7933  0
3486 2499 2498 7816  0
6217 6198 6218 8002  0
1585 2521 1586 8168  0
1201 7807 1202 8344  0
2565 2527 7767 7927  0
7671 8062 7816 8086  0
6098 6078 6099 8325  0
7197 7663 7261 7196  0
3124 3110 8184 3111  0
3474 3846 3475 8315  0
7784 7753 8222 8321  0
2563 8318 7843 2562  0
6468 6484 6463 8031  0
168 196 195 8130  0
5068 5054 5055 7971  0
7348 7349 7952 7995  0
6703 6702 7067 7879  0
2341 1251 1252 8378  0
4801 4802 4232 8435  0
7784 1297 8314 8321  0
5762 7879 6703 8103  0
4631 5707 5715 7975  0
6441 6440 6428 7895  0
1517 1518 1515 8337  0
7911 2346 1466 7934  0
5033 5019 5020 8326  0
1401 1402 1210 8168  0
4144 4615 4612 7804  0
7342 7272 7273 7742  0
7549 7703 7548 8187  0
1543 2434 1544 8022  0
5752 7990 5777 8311  0
1154 1159 925 7798  0
3046 3030 3045 7815  0
3631 3635 3089 7752  0
3281 3285 3282 8015  0
7277 7834 7347 7346  0
6418 6417 7792 7840  0
7869 459 871 7898  0
5028 5014 7811 8244  0
8031 7852 8331 8410  0
7800 8377 7657 7696  0
3420 1516 1518 8337  0
7915 8172 5887 5888  0
7888 3354 2196 2230  0
1206 1205 1397 8165  0
4912 4909 6423 8305  0
141 155 8133 8393  0
6118 6098 7789 8325  0
7930 7516 7515 8259  0
350 349 414 8415  0
6198 6197 7736 8002  0
8317 7925 8223 8327  0
184 8393 157 156  0
1150 1346 1348 7669  0
1524 7838 1346 7669  0
1568 1567 2456 8324  0
3942 8358 3613 3614  0
646 692 693 8391  0
4116 7708 4117 4577  0
4086 8041 4087 8427  0
7611 7612 7637 7777  0
8119 5138 5122 5137  0
1717 1705 1716 8244  0
7769 7399 7469 7400  0
4946 7695 4958 4957  0
5320 5319 5301 8366  0
6355 7752 6340 6341  0
6897 6896 6872 7880  0
8077 373 7855 7802  0
7426 7496 7495 8155  0
1515 7655 8337 1516  0
6423 6397 6411 8305  0
6057 6056 6035 8386  0
1267 1457 1266 7944  0
4959 4958 4947 8346  0
4712 8310 4694 4713  0
3407 2386 3408 8088  0
7733 828 7830 7874  0
1812 1797 7918 8119  0
3651 3968 3656 8305  0
7704 7703 7706 8317  0
6996 7942 7504 7862  0
2198 2165 7849 7978  0
8295 5858 5883 5859  0
6429 6442 6441 7895  0
2574 2536 2573 8343  0
6438 6437 6425 8305  0
8144 4345 4348 3701  0
5149 5165 5148 7824  0
1920 1937 1921 7933  0
7862 7437 7504 7505  0
1403 1402 1586 8168  0
3774 3775 7826 7833  0
8348 3346 4450 3340  0
1240 1241 1024 8411  0
6075 6095 6054 8297  0
6094 4855 4858 8297  0
5941 8442 5962 5940  0
2837 8175 7919 8107  0
1201 983 1200 8044  0
2322 2285 2284 7836  0
1480 1481 1295 7833  0
7667 7688 8079 8285  0
5529 5552 5551 8408  0
7719 680 611 8322  0
5074 7940 8016 8171  0
6824 7674 8032 7132  0
7103 6774 7104 7923  0
4186 3847 3846 8315  0
2944 7690 2943 3592  0
2574 2610 2575 8343  0
6078 6077 6057 8325  0
4673 4186 4185 8315  0
5478 7893 5479 8048  0
1209 1210 8036 8168  0
3713 3712 1935 8182  0
2536 2537 7759 8343  0
3571 2877 3572 8386  0
6248 6265 6247 8288  0
3396 1481 3397 7833  0
6195 6177 7736 8252  0
3921 8107 4253 3918  0
1537 7810 8068 7835  0
6564 6478 6565 8170  0
7075 7648 7649 7979  0
1776 1762 3254 8150  0
6734 5849 5848 8074  0
8003 7781 8020 8397  0
5491 5514 7849 7978  0
6563 6477 6564 8170  0
4672 4184 4671 8315  0
5516 5539 5538 7978  0
5492 5471 5493 7978  0
7217 7159 7653 7216  0
7844 1056 7917 7944  0
3296 3300 1953 8095  0
3797 4131 8137 8332  0
4672 4671 5759 8315  0
1337 1120 1121 8392  0
3996 3995 3206 8346  0
1409 1592 1593 7927  0
7988 7953 7993 8316  0
6519 7847 7923 8434  0
3660 3656 3968 8305  0
5357 5337 7680 7701  0
5919 5943 8120 8188  0
8085 5757 5756 4670  0
6729 7757 6728 6719  0
3394 8146 2362 8261  0
5207 5206 8242 8389  0
7956 5468 8291 5467  0
7820 7133 6793 8032  0
6423 6436 4912 8305  0
3651 8190 3656 3652  0
5759 4671 5758 8315  0
6098 6118 6097 8325  0
977 954 976 8412  0
7545 7703 8027 7546  0
8214 3378 2348 2347  0
2931 8109 7789 2930  0
7731 1482 3398 1483  0
1591 1592 7748 7927  0
1518 1516 1515 8337  0
7065 7777 7638 7639  0
4935 7695 4946 4945  0
6448 6436 6437 8305  0
3656 8190 3653 3652  0
3665 3660 3664 8305  0
3772 7833 8076 8261  0
4184 4183 4671 8315  0
5591 5592 7702 7836  0
2922 2905 2904 8341  0
8090 1797 1798 8119  0
1482 7731 3398 7833  0
2906 2888 2905 8341  0
7417 7834 7347 7952  0
7818 7794 7880 7733  0
1261 1451 1260 7960  0
1295 8251 1480 7833  0
4378 4044 8196 8224  0
1069 1279 1068 7855  0
5537 7888 5514 7978  0
6897 6923 6896 8043  0
5101 8090 8398 5117  0
7833 7820 8076 7686  0
2602 2566 7767 8397  0
7193 8256 8038 7192  0
6477 6476 8050 8170  0
3920 4851 4853 8386  0
2876 3577 8148 8212  0
7738 7868 7723 7744  0
1403 1587 1404 7735  0
5318 5317 7675 7701  0
5587 5588 5608 8281  0
3086 7768 8184 8400  0
1046 1045 746 7948  0
799 405 406 8234  0
5699 4618 4620 7806  0
6606 6959 6602 7806  0
2527 2565 2528 7927  0
632 339 631 8066  0
2724 3531 2690 8435  0
2906 2925 2907 8341  0
652 8036 699 7928  0
2528 2529 1593 7927  0
7736 2995 7901 8252  0
5152 5153 7918 8119  0
6541 7826 7829 7958  0
5088 5073 8171 8398  0
8083 6653 7775 6672  0
8341 2942 2925 7690  0
5418 8196 5439 5417  0
2340 8378 7799 1479  0
6282 6283 8249 8288  0
516 7965 572 573  0
5636 4567 7932 8289  0
2215 2182 2214 8157  0
2527 2528 1592 7927  0
585 654 586 7928  0
7333 7263 7264 8067  0
1593 8307 1594 1410  0
893 7723 8412 894  0
2718 4810 4796 4795  0
7675 1956 7680 7701  0
3893 4802 4229 8435  0
5224 5225 8293 8389  0
1785 1799 7692 8119  0
8385 1143 1343 7939  0
906 8248 945 907  0
5206 5224 5223 8293  0
7332 7758 7769 8067  0
2724 2690 2689 8435  0
1518 3422 3420 8337  0
7933 5257 5275 5276  0
954 8028 8412 953  0
3994 3204 3205 8346  0
5170 5171 8069 8119  0
7731 1306 8251 7833  0
4802 4786 4229 8435  0
7731 7686 7820 7833  0
1221 1412 8362 8421  0
1826 1812 7918 8119  0
5061 5060 5046 7940  0
7931 1882 1899 1898  0
5440 4406 5462 8384  0
6192 8082 6193 6211  0
5529 5551 8217 8408  0
3995 3996 4305 8346  0
3995 3205 3206 8346  0
1024 1241 1025 8411  0
2477 1572 7807 8009  0
5678 7772 8137 8247  0
8212 8054 6113 6092  0
584 585 528 8226  0
6935 8127 6936 6605  0
3644 4276 3958 7756  0
6437 6449 8305 8390  0
4465 4481 4073 8406  0
6086 7967 8064 8341  0
6682 8020 8091 8081  0
5538 8037 5537 8154  0
7820 7765 7958 8267  0
2528 2565 2566 7927  0
2137 2136 2169 7986  0
5860 8051 8134 8295  0
3207 3996 3206 8346  0
2627 3516 8142 8405  0
5450 5428 5429 8241  0
622 8412 8174 954  0
4584 4124 4585 8141  0
6660 6659 7027 8409  0
7725 1697 1696 7811  0
2722 2755 2723 8435  0
3255 1789 1790 8147  0
3268 3271 1835 7782  0
1524 2410 2412 8367  0
5606 6481 7988 8096  0
6760 6759 6505 8101  0
1973 1990 7680 7701  0
4548 7653 8219 8280  0
1747 3243 1735 7940  0
856 808 807 7744  0
7153 7916 7091 7154  0
7101 7102 7170 7755  0
4125 8141 4124 8061  0
3893 3896 4232 8435  0
5317 5298 7675 7701  0
2891 2890 2908 8054  0
8443 4460 2190 2191  0
6772 6773 7102 7755  0
635 7830 7909 7924  0
7662 8159 8155 7979  0
7209 7152 7210 8413  0
1954 1972 1955 7701  0
5297 5298 5316 7701  0
7344 7984 8169 7414  0
7806 6602 5695 8232  0
8200 4373 4370 5332  0
1211 1403 7735 8168  0
5462 5461 5440 8384  0
728 1024 1025 8411  0
5274 8015 5275 8368  0
4252 3570 3566 8386  0
7658 7759 7912 8094  0
5084 5085 5099 7664  0
6880 6857 6858 7739  0
1361 1360 1542 7835  0
2723 2755 3536 8435  0
7862 7727 8238 8338  0
5016 5015 5003 7811  0
5650 6556 5649 8162  0
6785 7115 7114 8060  0
1536 1535 1539 8276  0
6419 6433 6432 7840  0
1084 1294 1083 8258  0
7830 7810 7835 7874  0
3744 7836 3740 2287  0
3038 3023 3037 8288  0
2975 2976 7690 8352  0
2596 2595 8051 8318  0
7849 2131 7956 8291  0
2830 2831 2813 7714  0
7748 7735 7668 7732  0
3353 3348 3347 8406  0
6802 6849 6848 7951  0
3917 3562 4240 8272  0
2287 7836 2251 2286  0
847 8167 8431 848  0
1274 7773 7911 1273  0
2250 2215 2249 8157  0
4932 4302 4933 8209  0
5549 6461 6460 7959  0
6932 7806 7503 8232  0
5147 5146 5130 8158  0
6970 6948 6971 8043  0
7248 7318 7998 8399  0
2507 8129 2508 2464  0
5880 5855 5856 8142  0
7804 7878 7939 8418  0
7804 4618 8232 7806  0
519 8011 8149 8375  0
3773 4106 3772 8076  0
8428 5919 5942 8120  0
6343 6327 6328 7752  0
8011 408 8342 8375  0
1107 7733 1106 830  0
5532 5554 7836 5555  0
8388 295 328 568  0
5589 5609 8281 8410  0
2633 2632 2667 8172  0
4300 3990 3991 8209  0
1578 2458 1579 8156  0
7549 7610 7548 7994  0
107 131 108 8133  0
555 501 7791 8322  0
3904 3905 3547 8350  0
5687 4606 7739 8199  0
7923 7681 8369 8427  0
6992 7667 7710 6629  0
1540 7810 8276 8068  0
730 731 684 8363  0
1328 7938 1509 8233  0
5165 5166 7782 7824  0
6472 6489 6488 7805  0
5962 5941 5963 8175  0
2467 8068 2468 2432  0
2192 4446 4447 8443  0
7964 1444 8008 8378  0
7875 8289 2333 4524  0
2532 2569 2570 7982  0
7812 1075 1286 1076  0
3917 3567 8272 8386  0
4140 4142 4609 7739  0
1773 1761 8279 1774  0
6199 8002 8211 6218  0
8126 4364 4362 3280  0
948 947 964 7853  0
7908 3450 8092 8285  0
6441 6452 6440 7895  0
1555 1372 7854 7878  0
7078 7764 7041 6665  0
7822 7844 7917 7944  0
8317 7682 7724 8304  0
5817 5799 5800 8351  0
6606 5699 5704 7806  0
7672 2881 7890 8235  0
3488 7974 3489 2501  0
7751 1158 7939 7854  0
472 527 473 8226  0
7705 2550 2551 4699  0
5716 5717 4656 7705  0
7776 7670 7943 7960  0
6011 8120 8107 5989  0
830 828 7733 7874  0
6667 7764 6666 7897  0
2371 2332 2331 7875  0
5522 5545 7832 8048  0
3203 1628 7695 8209  0
7616 7617 8072 8381  0
5337 5357 5356 7701  0
854 7723 872 873  0
5873 5872 7864 8188  0
5554 5555 5573 7836  0
1056 1057 1267 7944  0
7660 5803 7767 7861  0
2454 1565 8078 8324  0
8022 2436 8197 8205  0
5607 6481 5606 8096  0
453 389 388 8124  0
6781 6524 6562 7837  0
7670 7797 473 8226  0
7697 5129 8150 8158  0
1451 7852 1452 2311  0
1264 1454 7920 8181  0
8218 6060 7672 7890  0
3594 3590 3593 8372  0
1328 1326 8202 8233  0
8325 3587 8109 8297  0
327 7733 7885 831  0
404 829 7733 831  0
7808 4598 4597 5673  0
427 483 7882 8403  0
4642 4166 4641 8238  0
2918 2936 2919 8052  0
6972 6950 7850 8043  0
7685 6250 7901 8290  0
2248 2214 2215 2249  0
5316 5298 5317 7701  0
4187 3848 7894 8103  0
4522 4523 4564 7875  0
4564 4523 4565 7875  0
7883 5025 7957 8244  0
8105 2970 2954 7935  0
7880 6897 8043 8278  0
7733 7830 7835 7874  0
7263 7199 7264 8067  0
3264 3261 8150 8158  0
5844 5868 5867 8039  0
2131 2130 7956 8291  0
5066 5052 7971 8255  0
1342 8210 1340 1522  0
8014 7108 7107 7176  0
5128 5145 8150 8158  0
4568 4526 4527 7819  0
7419 7952 7995 8312  0
6520 8434 6519 5595  0
6203 6222 6221 7876  0
5787 7766 5788 7861  0
4523 4524 4565 7875  0
6032 6008 6009 8148  0
8356 8269 8055 5306  0
4682 4681 8122 8301  0
7803 1185 961 7908  0
6914 6913 6887 8213  0
1390 1568 1569 8044  0
5211 5229 5228 8059  0
6207 6189 4872 8352  0
6533 7805 6490 7702  0
3364 4498 7888 8406  0
1643 7715 1644 8209  0
960 944 943 7803  0
3121 3132 3133 8194  0
1801 1788 1787 7692  0
897 896 918 7751  0
7265 7793 7335 8304  0
3174 8254 3175 3162  0
7745 7683 7867 8081  0
6406 7792 6405 6391  0
46 28 11 29  0
486 487 7827 7870  0
7175 7176 7240 8014  0
1445 2304 1444 7964  0
7850 8043 7818 8355  0
7882 8047 7814 8231  0
4194 3854 7961 8301  0
3111 3640 3112 7756  0
6337 6322 6338 7756  0
5869 5894 5893 8026  0
3381 8214 3757 3380  0
6440 6427 6428 7895  0
5846 5870 5869 8026  0
3035 8358 3615 3619  0
6836 6590 6799 8282  0
5234 5217 5235 8126  0
5377 5376 5356 8287  0
1478 1479 1476 8371  0
5784 6675 5785 8102  0
7741 7706 7900 7945  0
5247 5248 8055 8059  0
2899 2898 2916 8235  0
3171 3170 3181 8394  0
7795 7464 7394 8161  0
7720 7677 8029 8268  0
294 403 325 7909  0
6967 7828 6945 6968  0
6721 8360 6690 6722  0
6593 7772 8247 7718  0
486 540 541 7870  0
4523 2331 2332 7875  0
7857 8040 8077 8223  0
6688 7052 7053 8007  0
6815 6816 7123 8256  0
389 388 8124 8258  0
7692 1773 1772 8279  0
6699 5759 7994 8106  0
3713 4363 3712 8182  0
6964 6963 6941 8213  0
7555 7554 7487 8381  0
4954 7715 4966 8209  0
894 895 873 7723  0
4651 4629 4630 8273  0
1108 1107 832 7963  0
3945 6225 6206 7876  0
1581 2481 7842 2480  0
355 419 420 7787  0
6560 6559 5653 8359  0
6368 6352 6353 7756  0
6119 6120 6140 7789  0
8010 5176 8073 8144  0
701 7732 7809 7928  0
4257 8372 4861 3929  0
3958 3640 3644 7756  0
664 595 663 7870  0
6245 6246 6263 8185  0
5218 5217 5200 8126  0
3841 3468 3467 7950  0
5888 5889 5911 8172  0
6194 6175 6176 8252  0
3243 5062 8016 4334  0
1215 998 7732 7809  0
7381 8014 8025 8246  0
6836 6585 6590 8282  0
6060 8218 7672 6038  0
7756 4898 4895 6354  0
1460 7913 8160 8192  0
7650 7625 7651 8159  0
5166 7782 7824 8005  0
3391 3767 3390 8280  0
3146 3133 3132 8194  0
1254 1253 1043 8008  0
476 7670 7786 7787  0
3119 3130 3131 8194  0
6215 6232 6231 7901  0
6947 6948 6970 8043  0
6352 6335 6336 7756  0
7866 7930 7677 7749  0
8141 4125 4586 8061  0
5138 5122 5123 7692  0
2429 7705 8129 2466  0
7968 5873 8188 8000  0
382 383 7812 7922  0
3037 3036 3051 8288  0
1786 8016 7692 1772  0
97 119 8393 120  0
3615 3609 3614 8185  0
8217 2245 2211 2246  0
2360 8146 1292 2361  0
2510 2466 2509 7705  0
5680 8379 6583 6582  0
8045 3654 8394 8190  0
7334 7762 7404 8067  0
7334 7403 7333 8067  0
7382 8246 7451 7381  0
7075 6710 7074 8215  0
6631 7667 6630 8201  0
5486 5464 5487 8348  0
2881 2863 2862 7890  0
1280 1279 1069 8017  0
5131 5116 5132 7824  0
4566 5636 8204 8289  0
8295 8373 5883 8142  0
7952 7676 7995 8312  0
6713 6712 7767 7781  0
5452 5474 5473 8034  0
6691 7056 6692 8360  0
27 18 5 28  0
7278 7213 7214 7995  0
5663 5599 5664 7860  0
40 66 21 20  0
3039 7901 8288 8290  0
5186 5203 8005 8069  0
3987 3676 3986 7840  0
5151 5150 7824 7918  0
4220 3877 3876 7976  0
7715 1643 1644 1654  0
4137 4606 4604 8199  0
2732 2733 2700 8172  0
3771 4104 3770 8076  0
7136 7166 6856 8030  0
2042 7907 2072 2043  0
1958 1974 1975 7680  0
4199 4198 4686 8089  0
6874 6850 6875 8278  0
1956 1974 7675 7680  0
7347 7416 7346 7834  0
8125 941 942 8164  0
3152 3139 3138 7788  0
5363 5344 7858 8356  0
8045 3160 8190 8254  0
4081 8332 4518 4113  0
496 439 495 7802  0
5045 5059 7725 7940  0
3798 3800 2405 7655  0
110 8393 8133 133  0
7932 7819 8277 8289  0
2281 2319 2282 8192  0
6082 6062 6063 7890  0
2985 2984 3000 8211  0
2303 2302 1443 7964  0
5974 5973 5951 8387  0
1315 1493 1314 7963  0
2838 7919 8148 8107  0
4962 4974 7825 8275  0
7050 7757 8228 7051  0
4846 5968 6013 8272  0
6431 7792 7840 8395  0
8327 547 548 604  0
5661 5662 6517 7923  0
7681 8112 8369 8427  0
1704 1693 7883 8244  0
6775 6518 6519 7923  0
1290 1080 1291 8049  0
5012 4999 5000 7883  0
4116 3782 3783 8113  0
1975 1992 1993 7680  0
6907 6596 5691 8232  0
6356 6371 6355 8306  0
5501 5524 5523 8048  0
2124 2155 2156 8173  0
837 1111 836 8216  0
6849 6873 7951 8278  0
6228 6246 6227 8185  0
3584 3586 3587 8297  0
5138 5123 5139 7692  0
7630 7056 8140 8220  0
6336 6321 6337 7756  0
7314 7384 7383 8025  0
2784 2753 2752 8401  0
3640 3958 3636 7756  0
4616 7739 4613 4612  0
8275 1663 1652 3219  0
7756 3958 3957 4275  0
5235 5217 5218 8126  0
3072 3086 3073 7768  0
5119 5103 5104 8090  0
1414 1415 1223 8362  0
8401 4827 4840 3556  0
1051 1050 7787 7960  0
1095 792 793 8167  0
3272 8059 4355 1850  0
7058 7896 8220 7059  0
6354 6353 6337 7756  0
4987 7883 8275 5000  0
6264 6247 6265 8288  0
934 7733 1167 8388  0
3012 7901 7685 7736  0
5863 5887 5862 8172  0
7698 7687 8061 8167  0
4069 8406 3737 3346  0
74 73 54 8133  0
2666 8172 8134 2700  0
2740 2707 2739 8188  0
2787 2806 2807 8387  0
740 7889 8342 8375  0
141 8393 118 142  0
5604 7988 6479 7977  0
62 83 84 8361  0
1041 741 8153 8371  0
86 85 108 8133  0
2692 2725 2693 8221  0
2824 2825 2806 8218  0
5874 5898 5873 8000  0
8212 4259 4859 6114  0
2708 2674 2707 8188  0
1235 1427 1236 8166  0
1062 1272 1061 7773  0
1543 2434 8022 8068  0
1165 1164 1360 7835  0
7734 7726 7739 7804  0
7601 7540 7602 8140  0
3799 4133 3798 7655  0
7929 7810 7938 8202  0
2857 2875 2876 8148  0
3154 3140 3153 7792  0
2711 7968 8000 2678  0
5141 5140 7785 5157  0
6168 6188 8033 8352  0
6031 6052 6030 8148  0
5502 8023 5481 5503  0
5984 5962 5985 8175  0
6279 8382 8358 6296  0
3992 4302 4301 8209  0
7813 579 7987 8250  0
4253 4254 4849 8148  0
1656 1666 1667 8203  0
5330 5331 5350 8374  0
4256 6053 4852 8148  0
3349 4066 4062 8157  0
7883 4987 4986 4999  0
5903 5902 5880 8221  0
2459 1580 1579 8156  0
3586 3591 2945 8372  0
3591 3595 2945 8372  0
3431 2409 7939 8385  0
4605 4141 4138 7962  0
3723 4389 4378 8196  0
1110 7885 836 7851  0
1303 1095 1096 8167  0
2054 2053 2083 8196  0
139 153 163 152  0
3991 4301 4300 8209  0
2758 2757 2787 8221  0
1319 1112 1113 8216  0
1966 1984 1967 8271  0
6337 6338 6354 7756  0
1409 1592 7927 8307  0
7949 8011 8234 8284  0
5904 5927 5903 8221  0
4902 6369 4904 8190  0
924 627 923 8021  0
862 882 883 8222  0
7730 8320 7444 8143  0
7668 7873 8316 7670  0
723 7719 724 677  0
1913 1895 8055 8059  0
24 25 15 8  0
899 8388 7885 569  0
1336 1521 1519 8385  0
3941 8033 6207 8352  0
1799 1800 1785 7692  0
5991 4843 5969 8272  0
7848 6198 8002 8211  0
3430 3428 3803 7655  0
1136 7868 7939 8385  0
6015 7871 5993 6016  0
4070 4066 3355 8157  0
3939 4872 4869 8352  0
935 934 1168 8388  0
8246 8025 7677 8014  0
7380 7449 7930 8246  0
7624 7650 7979 8159  0
5059 5058 7725 8171  0
6492 7724 6535 7702  0
1235 1018 1234 8166  0
4253 3921 4254 8148  0
7655 8108 7774 8127  0
3921 8107 3569 8148  0
7137 7226 7136 8292  0
3803 3428 3800 7655  0
117 155 130 8133  0
1410 1218 1409 8307  0
216 187 172 188  0
7699 3877 3872 4213  0
6245 6226 6227 8185  0
4429 4442 4428 8173  0
2456 7863 8044 8324  0
5071 5085 5070 7981  0
3185 3175 3174 7895  0
6227 6246 6245 8185  0
2265 2266 7888 7964  0
2322 2321 7700 7836  0
3071 3056 3055 8290  0
2576 2577 2539 8058  0
4656 4699 4698 7705  0
1973 1991 1992 7680  0
7901 3023 3038 8288  0
3052 3037 3051 8288  0
5339 5340 5359 7680  0
4329 3690 3692 3240  0
5819 7861 5818 5801  0
6830 6864 6863 8145  0
6253 6271 6270 7768  0
5218 5200 8005 8126  0
5182 5183 5199 7782  0
2732 2700 7915 8172  0
7764 8128 7897 8426  0
3640 3636 3112 7756  0
7063 7062 7636 7994  0
7366 7296 7297 7942  0
2172 2173 2140 8048  0
6922 6923 6948 8043  0
2876 3573 2858 8148  0
1974 8366 7680 1958  0
1879 1895 1896 8059  0
3042 3057 3043 7685  0
5578 5579 7860 7888  0
7632 7631 7778 8220  0
2017 2018 1999 8422  0
2800 2820 2821 8107  0
5257 5238 7865 8015  0
2412 3432 3434 8367  0
3114 3102 3635 7752  0
4123 7687 4122 3789  0
6346 7989 7747 7884  0
1255 1044 1045 8008  0
7666 2010 2009 7680  0
1804 8147 8144 3258  0
6294 8382 6295 6311  0
1491 2375 1490 8277  0
3921 3922 4254 8148  0
2451 8078 8186 3454  0
6200 6201 7815 8299  0
7976 4220 4759 3880  0
2042 2071 7760 8291  0
4701 4658 4659 8225  0
7726 7744 7723 7731  0
5699 5695 4618 7806  0
7508 7509 7571 7955  0
945 8248 962 946  0
2881 7890 2899 2882  0
669 8223 7857 8183  0
2852 2853 7906 8135  0
102 104 123 126  0
729 1025 7859 8411  0
2045 2044 2074 8241  0
7892 7726 7751 7671  0
7881 6866 6867 8379  0
571 7965 7869 640  0
7768 6272 6271 6289  0
3184 3194 3185 7895  0
3195 7895 3185 3194  0
5984 5961 8175 8319  0
699 995 996 7732  0
5448 5449 5470 7760  0
6977 6990 6989 7905  0
1938 1937 7701 7933  0
2707 2674 2673 8026  0
4953 4952 4941 8270  0
3033 7876 7970 3034  0
8123 7953 8316 7993  0
87 54 21 20  0
3591 3585 3590 8372  0
2151 2183 4067 2150  0
3498 2518 2482 8364  0
7796 496 7802 8198  0
6942 6917 6943 7881  0
7548 7703 7547 7480  0
1002 1218 1219 8307  0
2425 2424 3443 7878  0
3441 3443 3817 7878  0
3238 5048 8326 4333  0
2612 2611 2647 7746  0
1622 2499 1623 7816  0
6699 5758 6698 7994  0
5557 8262 3364 7888  0
6604 8127 6605 5701  0
3828 3454 3453 8186  0
6699 7063 7064 7994  0
7879 5763 5764 6704  0
3675 3986 7840 8395  0
2595 2596 2560 8318  0
7178 7179 7243 8029  0
6795 6794 6540 7958  0
1265 1264 1054 8181  0
2541 7770 2579 2542  0
7354 7423 7353 7845  0
6613 6614 5710 8075  0
1210 1402 1211 8168  0
27 33 44 10  0
8202 7929 7798 8329  0
552 608 609 7904  0
5210 8063 8010 8059  0
1114 839 840 7784  0
2467 2510 2511 7705  0
4427 4413 4414 8173  0
616 8093 617 560  0
1773 1761 1774 1760  0
4103 3770 4104 8146  0
6666 7042 6667 7897  0
2897 2896 2914 7789  0
67 59 21 88  0
1413 1597 1414 8362  0
7947 434 8040 7992  0
135 77 98 122  0
5498 5499 5521 7707  0
5086 5101 7664 8398  0
3220 4964 4977 8270  0
5527 5550 5549 7959  0
4969 4968 4956 7695  0
3459 2461 2460 8019  0
2137 2169 2170 7986  0
6419 6406 6407 8024  0
6380 6381 6394 8229  0
7919 5984 8175 8319  0
4943 4944 4955 7695  0
5117 5116 7664 7824  0
6567 6787 6786 7988  0
761 760 7827 8160  0
2997 2982 2981 7736  0
6615 7828 6967 6968  0
3204 1629 1630 7695  0
5874 5873 7968 8000  0
5999 5977 6000 7714  0
1794 1779 1793 7824  0
2592 2627 2628 8240  0
405 798 852 7898  0
7705 7975 8068 8276  0
3095 3108 3096 8347  0
5742 6644 5743 7946  0
1811 1825 1826 7918  0
1592 2528 1593 7927  0
7693 8287 4405 5419  0
3018 3033 3019 7970  0
4304 4934 4303 7695  0
7363 7362 7293 8004  0
4154 3815 3817 7878  0
6462 6464 6471 8245  0
6476 7837 6563 6562  0
1305 1097 1098 7877  0
7730 7509 7510 7983  0
2836 2817 2835 7919  0
3151 3163 3152 7792  0
7743 7794 7810 7938  0
3039 3040 7901 8290  0
4547 8280 4548 8219  0
2267 7964 2305 8037  0
6956 8230 7905 6930  0
1405 7748 1406 7732  0
2671 2636 2670 8039  0
5252 4027 4363 8309  0
2823 8218 2824 7871  0
7966 7452 8025 8246  0
917 896 7723 7751  0
7781 5846 8026 7864  0
5097 5083 5098 7697  0
5884 5883 5859 8295  0
7669 1522 1523 8210  0
5577 5558 5578 7888  0
1513 1122 1124 8210  0
6583 6584 6834 8057  0
7214 7916 7995 7213  0
1594 1593 2529 7927  0
2514 8225 2554 7716  0
4207 4706 4664 8178  0
3294 4371 3718 4033  0
4327 5032 5031 7725  0
5072 5071 7981 8171  0
961 8248 962 945  0
6602 7806 5695 5699  0
3158 3169 3655 8229  0
8140 7658 8257 7758  0
7457 7458 7954 7998  0
2374 8277 1490 2375  0
4120 4581 4580 8162  0
1110 836 1111 7851  0
7808 6581 8145 8379  0
1553 2444 1557 8079  0
5629 4554 8076 4553  0
1862 8063 1878 8059  0
2907 2908 2890 8054  0
4632 5727 5728 7817  0
7279 7215 7280 7995  0
5675 6589 6588 7718  0
1074 8193 1284 1073  0
6669 6668 7044 7897  0
7819 4509 4525 4526  0
7867 7982 8003 8397  0
7327 7326 7257 7795  0
7700 7663 8132 8180  0
6815 7711 6816 8256  0
15 24 7 14  0
7794 7743 7810 7881  0
7671 7723 7726 7751  0
7898 7949 7698 7869  0
7810 7828 7794 7881  0
47 40 13 66  0
7772 3422 8137 8337  0
6040 6018 6019 8218  0
2203 2170 2169 7831  0
5788 6679 6712 8091  0
859 880 860 8216  0
3420 7655 3799 3419  0
7376 7306 7307 8320  0
7932 5683 8282 8380  0
6778 7847 6521 8268  0
1936 1937 7933 8095  0
53 8133 72 85  0
4820 4807 2747 4806  0
3079 3065 3078 7884  0
2256 2293 2257 8333  0
166 167 194 8130  0
7412 7342 7742 8187  0
6380 6394 6393 8229  0
2232 7978 8037 8154  0
8178 3870 3866 4207  0
7487 7554 7486 8381  0
4619 5697 5698 7661  0
1730 1742 8171 7981  0
3008 3009 2993 8082  0
46 23 13 47  0
3467 3466 3840 7950  0
5569 5588 5568 8281  0
3472 3471 3843 8085  0
7828 6615 6967 8075  0
2377 2338 2337 8239  0
5026 5027 5040 8244  0
2771 2770 8175 8428  0
6626 6627 5728 7817  0
8067 7197 7663 7262  0
5126 4017 8144 8147  0
3146 8194 8229 8300  0
6775 7847 8100 7923  0
6576 7772 8247 6575  0
7866 7728 7966 8340  0
2909 2928 2910 8054  0
1523 2410 1524 8210  0
5839 8134 5862 5838  0
3943 4876 4878 8185  0
4714 4695 4696 8310  0
4199 7974 8089 8426  0
6219 6220 6236 7815  0
7924 7929 8066 8345  0
4914 4911 4912 4915  0
821 7929 7924 7830  0
266 311 234 310  0
7444 7511 7443 7983  0
1652 1651 3215 1642  0
1591 2527 1592 7927  0
2859 2858 3573 8148  0
7730 7007 7571 7955  0
6 29 11 28  0
5241 5242 5260 8114  0
4426 4412 4413 8354  0
5224 5225 5242 8293  0
2917 2934 2935 8235  0
6103 6082 6104 8235  0
1171 8099 1170 1366  0
8147 3255 3258 1790  0
6616 6615 7828 8163  0
361 426 362 7917  0
1100 7731 1306 8251  0
4570 7819 8239 8380  0
6597 7718 7962 6595  0
5436 7893 7891 8196  0
844 845 789 7839  0
7741 7203 7204 7900  0
7413 7742 7984 8187  0
7799 3756 2340 3377  0
7903 4157 3818 8273  0
6304 6305 6321 8184  0
3752 2396 3374 8117  0
3015 2998 3014 8002  0
7713 665 664 7870  0
6591 6858 6842 7739  0
997 701 700 7732  0
4579 4580 5649 8162  0
490 7992 434 433  0
5711 5717 5710 8163  0
5436 7893 5457 7891  0
2786 2805 2806 7871  0
6091 8212 6092 8054  0
477 532 478 7786  0
8085 5756 7896 4669  0
2501 3489 2502 7974  0
526 471 525 7797  0
7703 7994 8085 8315  0
7749 7866 8259 8404  0
1869 1870 8005 8015  0
6325 6326 6341 7752  0
6749 6748 7679 7682  0
1851 1868 1852 8126  0
1853 1870 1854 8005  0
772 377 378 8198  0
1624 1623 8062 8086  0
2111 2143 2112 7891  0
8440 4733 4717 4716  0
6591 6586 5687 8199  0
1213 997 996 7732  0
4691 5745 5746 8128  0
8404 4181 4180 7950  0
2981 2980 2996 7736  0
5800 5799 5785 8351  0
3460 2424 2461 7878  0
5600 7860 8037 8050  0
7694 7719 7791 8322  0
8006 5617 4542 8414  0
7814 7754 8231 8330  0
6334 8194 6350 6349  0
3765 4098 3764 7902  0
7466 7763 7783 7795  0
5132 5133 5149 7824  0
7731 2398 3400 8425  0
2171 2138 2170 7707  0
6040 7890 8218 8294  0
7684 7770 7925 8085  0
2979 2978 2994 8252  0
3203 1628 1629 7695  0
7694 7676 7801 7834  0
2460 2461 1555 7878  0
3107 3108 3095 8347  0
1965 1947 1964 7721  0
1875 1891 1892 8063  0
2633 8051 8172 7660  0
5806 5827 5826 7746  0
6303 6302 6287 8184  0
4156 7878 7999 8418  0
5501 5479 7893 8048  0
5024 5038 5037 7957  0
3839 4179 7950 7980  0
3573 3569 2859 8148  0
485 539 540 7870  0
2711 7968 2678 2677  0
7586 7525 7587 7954  0
5407 5406 7907 8241  0
1752 1764 1765 7697  0
5361 5382 7666 8136  0
1216 7748 1215 1407  0
2996 2997 2981 7736  0
3166 7792 3154 3165  0
7824 1780 1779 7697  0
1657 1647 1646 7695  0
1598 1597 2533 7982  0
7480 7410 7703 7479  0
6395 6410 6409 8229  0
3969 8024 8229 3657  0
5706 4631 7903 7975  0
6318 6319 6333 8347  0
3145 3159 3146 8229  0
4606 5687 7739 5688  0
4825 4812 4826 8401  0
6909 6883 6910 7718  0
3235 3234 3238 8326  0
3159 3650 3146 8229  0
5156 5172 5155 7785  0
2858 7919 2837 2857  0
6310 6311 7752 8382  0
3484 7816 8237 8301  0
4905 6410 6395 8229  0
3044 3043 7689 8002  0
8091 6713 8020 6681  0
7447 7448 7515 7930  0
3178 7792 7840 8024  0
8051 5836 8240 8295  0
3192 8045 8394 8390  0
5098 5083 5084 7697  0
7610 7703 7609 7548  0
6405 6418 7792 8024  0
655 701 7809 7928  0
5568 5544 7832 8260  0
3158 3655 3159 8229  0
3156 3167 3168 8024  0
7997 7704 8085 8315  0
6008 5986 6009 8107  0
6162 6161 6142 8105  0
1990 1991 7680 8287  0
4510 4527 4526 7819  0
5588 5609 5608 8281  0
4632 4633 4158 7817  0
6405 6391 7792 6390  0
7739 7726 8004 8199  0
6661 8409 7029 8091  0
5722 5721 6620 8243  0
7839 884 885 8222  0
5001 5000 4988 7811  0
4573 7921 5642 7722  0
6924 6950 6949 8043  0
2734 2733 7771 8172  0
5866 5891 5890 8274  0
6380 6364 6381 8229  0
6122 6103 6123 8235  0
4903 6396 6382 8229  0
8007 6690 8302 8360  0
3860 4199 7974 8062  0
7326 7395 7325 7795  0
1837 8005 7824 7782  0
5967 5966 5944 8120  0
7274 7210 7275 8169  0
7175 7106 7847 8100  0
7869 8234 7691 7965  0
1617 2494 1618 8419  0
8146 2360 1292 8049  0
5098 5113 5097 7697  0
8107 8428 5963 8120  0
806 786 805 8251  0
1922 8114 1906 7933  0
3095 3094 7989 8249  0
6265 6283 6282 8288  0
5085 5086 5100 7664  0
87 74 54 8133  0
4571 7722 4572 5641  0
5363 5364 5384 7907  0
4631 7903 4630 5706  0
7410 7703 7479 7409  0
3762 7821 3763 4096  0
7892 2460 7878 8019  0
1788 1775 1774 8147  0
1503 1321 1504 7790  0
8028 953 8174 8412  0
5566 8281 5567 5586  0
7867 7748 7766 7683  0
1702 1714 1703 7957  0
7580 7581 7866 8246  0
6989 7817 7696 7905  0
2897 2879 2896 7672  0
6079 6078 6058 7672  0
7057 7631 7058 8220  0
8103 7694 7777 7879  0
6563 6476 6477 8170  0
3744 4499 7836 7934  0
5840 5864 5863 8172  0
866 886 887 7839  0
7626 7764 7041 8159  0
3945 3608 3944 7876  0
5718 5712 5719 8163  0
8413 7834 7821 7916  0
6070 6090 6089 8054  0
123 105 90 114  0
1789 1775 3255 1790  0
7707 8034 5496 5497  0
3486 2499 7816 8062  0
998 701 997 7732  0
996 7928 7732 700  0
7343 7413 7412 7742  0
8102 7775 7735 8115  0
639 7965 640 7869  0
7420 7421 8286 8312  0
6089 8341 8054 7690  0
848 849 793 8167  0
1249 1250 1192 8086  0
8257 7597 7034 7598  0
1038 1474 8097 8342  0
1681 1682 1670 7883  0
8107 3921 4253 8148  0
7894 3474 7997 3475  0
4642 5738 4643 8238  0
6764 6510 6765 7674  0
6779 6778 6522 8268  0
2805 2823 2824 7871  0
8347 8184 6334 8300  0
884 7803 8222 905  0
1976 1994 1977 8136  0
7931 5196 8059 5213  0
419 476 420 7670  0
3037 3023 3022 8288  0
720 674 673 8327  0
6935 6908 6909 7718  0
3307 2026 4049 3320  0
2077 2108 8034 8065  0
105 126 114 104  0
4662 8243 4661 5722  0
4848 3917 8272 8386  0
5800 8102 5786 7861  0
4428 4442 4441 8173  0
1845 1830 1829 8010  0
2868 2850 2849 7714  0
6051 6030 6052 8212  0
6589 7772 6593 7718  0
6080 6079 6059 7672  0
5167 5184 5183 8005  0
7698 7652 7727 7914  0
3231 3235 3232 8326  0
7713 663 7882 7870  0
738 1037 737 8342  0
2861 2879 2880 7672  0
1554 1555 7854 7878  0
8250 412 7987 8153  0
5188 5204 5187 8069  0
8045 3172 3183 8394  0
1308 2397 7731 7738  0
8037 2231 2266 7888  0
1971 1989 1990 7701  0
7749 7730 8143 8320  0
7366 7435 7365 7942  0
1543 1361 1542 7835  0
3102 7747 3115 3103  0
5047 4329 4332 3692  0
7570 7734 7569 7502  0
1105 1312 1311 7874  0
5460 8110 8384 5461  0
4563 4564 4597 7875  0
694 693 990 7813  0
5622 4547 5623 8219  0
2762 2763 2730 7915  0
5572 5553 5554 8408  0
7698 7853 7941 8078  0
7963 7794 7880 8277  0
3032 3018 7815 7970  0
5161 5160 5143 4348  0
7717 4189 3849 3850  0
6179 6196 6178 7736  0
443 444 379 7791  0
7324 7255 7325 7795  0
8045 6415 8254 6414  0
5882 5857 5858 8142  0
7516 7930 7515 7448  0
7324 7394 7393 8296  0
2318 2281 2280 7926  0
734 7877 1098 7898  0
3437 3435 7878 8418  0
7671 7974 8116 8156  0
8167 7869 7898 7698  0
8303 7316 7998 7936  0
1963 1980 1964 7858  0
7341 7741 7742 8187  0
700 701 654 7928  0
7977 7943 7988 8170  0
1459 1458 1268 7913  0
5999 5976 7714 8177  0
5457 5478 5456 7891  0
8014 7175 7239 7240  0
1311 1104 1105 7874  0
1819 1833 8073 8144  0
1466 1465 1275 7911  0
8212 2910 2892 2893  0
6628 7817 5729 6627  0
4102 4101 3768 8280  0
5604 8170 7977 6479  0
7326 7325 7256 7795  0
7054 8360 8007 7055  0
4629 7903 4630 8273  0
8311 4707 4212 4726  0
478 533 479 7780  0
7652 8292 6812 8236  0
7447 7378 7448 7930  0
4636 5731 7667 7688  0
6541 6542 6796 7829  0
3635 3102 3089 7752  0
7875 7938 1485 1486  0
6122 6123 8105 8235  0
2699 2698 2731 7915  0
8354 4400 2032 4385  0
2898 2897 2915 7789  0
6745 6821 6744 8132  0
6140 6120 6141 7789  0
6525 6526 6572 8410  0
7749 7729 7866 8404  0
7110 6780 6781 8029  0
3584 3587 2911 8297  0
8326 5021 5034 7991  0
5874 7968 5875 8000  0
2486 3473 3474 7997  0
7667 7657 7688 7905  0
1760 1759 1748 1747  0
4962 4961 4950 7825  0
5848 5849 5872 7864  0
6735 5849 6734 8074  0
6594 6858 6591 7739  0
7873 7668 7728 7670  0
5209 5208 8010 8389  0
4202 4689 8128 8426  0
7713 664 711 710  0
7683 8081 8161 8409  0
2712 7968 2679 2678  0
5581 5562 5582 8037  0
4948 4937 7825 8346  0
501 500 555 7791  0
1061 1272 1271 7773  0
5030 5017 5031 7725  0
1187 1380 1188 7740  0
7958 7287 7222 8267  0
3635 3113 3114 7752  0
2979 2995 2980 8252  0
5106 5091 7692 8016  0
6325 6310 6311 7752  0
6748 7080 6747 7724  0
1708 1696 1707 7725  0
5315 7701 5316 5335  0
1771 1784 1785 8016  0
1740 1752 1753 7664  0
7228 7298 7297 8292  0
7808 7794 8204 8379  0
717 716 8012 8223  0
1212 996 995 7732  0
6446 6433 6434 7840  0
677 7719 7904 8166  0
399 400 821 7924  0
2712 7968 3529 2679  0
5807 6722 6723 8360  0
4142 3802 3804 8053  0
2704 2736 2737 8438  0
5327 5309 5328 7721  0
1310 1334 7874 7938  0
4091 4538 4537 8328  0
7084 6751 6752 7900  0
8249 6281 7884 6298  0
4314 7825 3680 8275  0
8258 8049 7801 8146  0
8064 2870 8135 8420  0
5578 5559 5579 7888  0
7666 2068 8291 8348  0
3423 3418 3417 7790  0
7686 8084 8093 8124  0
4623 7903 8108 8127  0
2304 2266 2303 7964  0
2677 2642 7864 7968  0
3610 3615 3035 8185  0
5096 7697 8255 5097  0
7865 8293 1857 8069  0
3568 3563 3562 8272  0
7741 7204 7268 7269  0
4439 2121 4438 8354  0
7657 7753 7803 8125  0
1009 712 1008 8087  0
5906 5907 5930 8373  0
1336 1322 1335 7790  0
5208 5191 8010 8389  0
7691 7863 7965 8044  0
6613 6966 6614 8075  0
3053 3069 3054 8290  0
7561 7622 7560 7979  0
7975 7774 8276 7903  0
3033 7876 3034 3019  0
7653 7096 6764 6763  0
1463 1273 1464 7911  0
1479 8041 8371 7799  0
710 1006 7713 8047  0
2901 2883 2900 7890  0
1920 1921 1904 7933  0
1903 1885 1902 8015  0
6801 6548 6802 7951  0
499 500 443 7791  0
4373 8224 8200 4034  0
555 556 501 8322  0
2897 2880 2879 7672  0
8276 7705 2429 2430  0
7787 7670 7960 8365  0
1752 1766 1753 7664  0
5888 5911 7915 8172  0
4638 5734 4639 8092  0
7746 3517 3885 2647  0
2763 8189 2792 7915  0
2049 2077 2078 8065  0
5132 5148 5131 7824  0
5411 5410 5390 8139  0
3253 3254 8255 8336  0
2849 2828 2848 7714  0
5678 6577 6576 8247  0
5784 5783 8102 8351  0
6102 6080 6081 8235  0
5772 6711 6663 8089  0
3246 1736 7991 8255  0
3544 8370 3545 3538  0
6682 8091 6662 8081  0
4660 4703 4702 7716  0
2868 2851 2850 8064  0
5343 5363 8136 8356  0
8037 7977 8050 8266  0
7706 7821 7846 8414  0
1434 8419 1617 1618  0
4935 4934 4304 7695  0
6203 6204 6222 7876  0
3172 3171 3182 8394  0
6978 6977 6955 7905  0
1715 8244 1704 7957  0
6626 7696 7817 6625  0
1380 1561 1562 7740  0
7958 7287 7223 7222  0
7324 7393 7323 8296  0
5969 3544 5924 7871  0
6846 7880 6870 8282  0
3242 3238 3241 7991  0
3941 8033 3604 3940  0
1523 1522 2408 8210  0
3951 7752 3630 3625  0
5119 5103 8090 8398  0
2006 1988 8200 8224  0
2636 2600 7660 8039  0
6189 6188 6169 8352  0
2894 3577 2876 8212  0
5254 8126 5235 8015  0
5220 5202 5203 8005  0
4199 7974 8062 8089  0
5244 5226 5227 8063  0
7755 6773 7923 8369  0
5486 5463 5464 8348  0
7926 2244 8098 7959  0
1110 7885 1109 835  0
1907 1889 8114 8293  0
4945 4944 4934 7695  0
3586 2945 8297 8372  0
5177 5178 5194 8073  0
6888 6863 6864 8145  0
5573 6473 8408 7836  0
7925 8317 8223 7684  0
4160 4159 4635 7688  0
4201 4688 4689 8426  0
4525 4526 4567 7819  0
5016 5030 5029 7725  0
3565 2840 8107 8120  0
1212 1213 996 7732  0
8085 3868 7699 7770  0
3482 8237 2495 8419  0
4413 4400 8173 8354  0
4957 4969 4956 7695  0
1656 1646 1645 7695  0
901 8080 8125 8216  0
2286 2323 2324 7836  0
806 1099 786 8251  0
2581 2617 2618 8429  0
4864 6153 6133 8265  0
1061 762 1062 7773  0
5763 4676 4675 8103  0
7383 7452 7382 8025  0
1217 1408 1409 8307  0
4289 8305 3978 4919  0
1276 2345 1466 8208  0
5352 8224 5372 8200  0
7668 7748 7766 7843  0
7303 7373 7372 7983  0
2550 7705 8440 4699  0
1268 8160 7913 1058  0
3608 3005 7876 8033  0
1795 1796 1781 7824  0
7736 6159 7848 8109  0
1084 1083 784 8258  0
7108 7109 7177 8029  0
8194 3108 3121 3107  0
4303 4302 3993 7695  0
8147 1774 7692 8279  0
6798 8199 8004 7829  0
1719 1707 1718 7725  0
817 7929 820 818  0
2532 1597 1596 7982  0
6102 6081 6082 8235  0
7187 7188 7252 8123  0
5752 5777 5751 8311  0
7733 7818 8022 8099  0
1777 7697 1762 8150  0
7827 7882 7654 7844  0
7986 5451 8034 8241  0
7017 7966 7866 7581  0
2146 2145 2177 7893  0
7752 4272 3629 3633  0
7522 7966 8303 8308  0
7152 7089 7090 8413  0
2879 2878 2896 7672  0
1541 7835 1537 8068  0
7933 5296 5295 8095  0
6343 7747 6328 6344  0
1839 1823 1838 8005  0
1698 1697 1709 7725  0
1005 1006 709 8047  0
8435 3543 4814 2755  0
696 7813 8036 649  0
1574 1397 1396 8165  0
1943 1944 1927 8383  0
5674 5669 4599 8199  0
7763 7399 7769 7329  0
8230 6931 8030 6904  0
2124 2156 2125 8173  0
263 343 311 344  0
4842 4841 3902 4238  0
6207 4872 3941 8352  0
175 219 178 207  0
8045 3654 3160 8394  0
291 7924 323 322  0
6258 8104 6275 6257  0
4755 3882 2626 4738  0
8407 8366 8227 8383  0
4769 8435 8437 4785  0
547 8327 548 8077  0
7952 7557 8072 8286  0
266 205 279 232  0
7136 7226 8030 8292  0
340 7924 632 633  0
308 309 291 342  0
295 8388 328 327  0
5402 5382 5403 7666  0
2585 8440 2549 2548  0
4271 4270 3952 8104  0
178 175 149 219  0
2104 2136 2105 7986  0
1884 3282 8015 8126  0
5388 8138 5387 5367  0
305 339 319 338  0
482 8151 536 8403  0
6274 6293 6292 8104  0
205 261 204 278  0
231 247 230 203  0
2390 1304 7877 8167  0
291 7924 341 342  0
56 77 98 57  0
205 232 309 279  0
205 261 309 232  0
278 205 309 279  0
278 261 309 205  0
3913 4248 3554 3912  0
4820 4833 2777 4834  0
200 246 229 245  0
2652 4780 2684 2685  0
4588 8112 4127 4589  0
1959 8366 1942 1941  0
201 246 230 229  0
256 303 255 272  0
7832 2277 8098 8331  0
232 261 204 205  0
309 343 310 342  0
1027 731 730 8363  0
2465 8440 8129 2508  0
1733 1732 1745 7940  0
2687 4782 2688 4766  0
172 173 200 217  0
5861 8051 8134 5860  0
38 88 75 37  0
2586 4734 2587 4718  0
614 613 7750 8322  0
251 269 268 239  0
4780 4781 4796 8401  0
3196 3675 7840 8395  0
2715 4792 3524 2714  0
7763 8257 7783 7745  0
124 188 172 147  0
271 302 284 301  0
4696 4653 8310 4695  0
314 334 626 333  0
152 180 163 179  0
224 225 253 270  0
190 189 149 125  0
2717 4809 2718 4795  0
979 978 1194 8116  0
115 138 114 128  0
2714 4791 3524 3523  0
8110 8217 2212 8283  0
148 126 114 128  0
4764 2653 2685 4780  0
456 329 326 312  0
4155 4625 4157 4628  0
291 341 290 308  0
2741 2742 2709 8188  0
1023 1022 1239 8131  0
2651 2615 2650 4761  0
4736 4752 4735 8437  0
5782 7775 8083 7985  0
4239 4829 3903 4828  0
53 65 35 20  0
4899 8190 6369 4896  0
761 366 367 7827  0
3914 4840 3555 4839  0
7711 7700 7805 8180  0
6533 8180 7805 7702  0
1298 1299 8314 8321  0
630 7798 8066 629  0
1732 1720 7725 7940  0
232 205 234 266  0
5042 5029 5043 7725  0
340 307 289 290  0
3102 3089 7752 8382  0
153 181 164 180  0
139 152 163 138  0
6836 7880 8057 8282  0
977 8028 8412 976  0
733 686 8084 687  0
4791 4760 3524 4221  0
3747 3361 4074 4483  0
180 192 210 181  0
2135 7760 7849 7986  0
3512 2648 2649 4743  0
180 192 165 164  0
191 179 163 180  0
5803 5788 7767 7861  0
2253 2219 4484 4485  0
3552 4836 2780 2779  0
3172 8254 3160 8045  0
2369 7875 8056 1485  0
2368 2328 2367 8430  0
8430 4506 2294 4505  0
4820 4819 2777 4833  0
242 8130 241 225  0
210 180 209 192  0
2063 2062 2093 8173  0
1022 7719 7937 8131  0
222 239 221 210  0
3881 4760 3524 2681  0
4059 2086 4407 2087  0
4711 4728 2580 2543  0
224 8130 195 196  0
7007 7730 7571 7008  0
240 223 252 270  0
1201 1200 1392 8044  0
2253 4485 4484 4500  0
7977 2270 8154 8323  0
8130 240 223 194  0
284 301 283 254  0
179 192 209 180  0
2681 4776 2649 2648  0
2749 4808 2716 2748  0
3913 4838 3554 4248  0
2749 4808 2717 2716  0
3913 4839 3555 3554  0
5563 7977 8154 8323  0
6969 6616 6968 7828  0
2703 2702 2735 8274  0
242 8130 225 213  0
2297 7819 2335 2298  0
3556 8401 3555 4840  0
303 285 255 271  0
245 244 274 8439  0
2782 4839 3555 4825  0
3495 3494 2544 4692  0
2093 2092 2124 8173  0
153 152 138 128  0
276 259 230 275  0
7899 7754 7917 8181  0
162 161 101 127  0
2208 2209 2175 8023  0
7655 7838 8001 8337  0
273 244 272 8439  0
4692 3494 2544 2543  0
7332 7758 8067 7402  0
4562 8430 4563 8056  0
305 274 257 258  0
278 261 308 309  0
3257 3260 3261 8150  0
345 7909 297 344  0
292 342 323 291  0
275 259 307 276  0
7656 2734 7771 8274  0
6294 8382 6311 8432  0
3751 2396 3752 8117  0
308 277 260 204  0
932 636 635 7909  0
2188 2221 2222 8333  0
2690 2657 2689 8437  0
275 259 306 307  0
2320 1460 1461 8192  0
3024 3010 3009 7901  0
4766 4767 2656 4750  0
565 8124 510 564  0
7536 7468 7469 8441  0
2650 4777 2682 4778  0
1102 1117 1103 7738  0
2655 4782 2687 4766  0
1673 1684 7811 8275  0
323 292 324 343  0
182 166 141 165  0
7926 7805 8245 8263  0
6307 6291 6308 8400  0
280 251 281 268  0
247 248 203 277  0
160 146 147 99  0
2637 2636 2671 8039  0
223 8130 195 241  0
4776 4760 2648 2681  0
1946 1930 8055 8269  0
7598 7597 7536 8441  0
217 246 200 216  0
314 333 626 392  0
286 273 287 305  0
307 308 290 341  0
298 265 293 267  0
4733 4749 2621 4750  0
2583 4715 2584 2547  0
8310 3835 3495 4206  0
2631 8318 2632 2596  0
2547 4715 2584 2548  0
301 269 253 270  0
7469 7468 7399 8441  0
7859 8152 1432 1433  0
7791 7922 7694 8322  0
7779 7460 7528 7856  0
1042 742 743 8153  0
7731 3400 3776 8425  0
5115 7664 5099 5100  0
1568 2456 8044 8324  0
2717 4795 2683 4794  0
3551 4834 2778 3550  0
5524 5502 5525 8023  0
1332 1331 1334 7938  0
209 192 221 210  0
252 269 281 268  0
333 300 314 334  0
809 877 567 623  0
306 275 258 259  0
4733 2585 2621 2584  0
340 307 290 341  0
5668 6544 7829 8199  0
6552 7708 5645 5646  0
341 340 321 290  0
6787 6567 6568 7988  0
2192 4446 8443 4461  0
2713 4228 3523 3530  0
5069 5084 5083 7971  0
1182 1181 1375 8164  0
4217 2615 2614 3505  0
290 7924 341 322  0
8437 3525 3888 2691  0
2659 2658 2691 8437  0
318 319 396 8436  0
286 317 285 8436  0
4767 4766 2688 4783  0
164 180 163 152  0
5220 5219 8005 8015  0
7810 1356 8313 8345  0
5715 4631 7975 8129  0
7467 7535 7783 8441  0
2622 2657 4750 2621  0
3424 4137 4132 8053  0
3465 2456 7980 8044  0
5809 5789 7699 7976  0
1231 1232 1015 7925  0
7739 6881 6596 6594  0
3283 3279 1900 8309  0
7999 7734 7003 7806  0
2266 7888 7964 8037  0
159 146 160 122  0
3012 7901 3011 7685  0
84 85 52 71  0
262 235 220 208  0
425 8403 482 426  0
146 186 160 187  0
4951 4939 4940 8270  0
6296 7884 8382 6297  0
159 186 160 146  0
4235 4829 3903 4239  0
8275 3219 3215 3680  0
54 20 37 21  0
1745 1732 8171 7940  0
7859 1027 8363 8402  0
5533 5511 5534 8406  0
8236 5652 6559 8359  0
151 189 162 190  0
364 363 428 7844  0
4793 4777 2682 2681  0
1037 8097 8284 8342  0
38 111 75 88  0
2698 2699 2665 8134  0
7399 7763 7398 7329  0
2655 4765 2687 4782  0
97 111 75 56  0
4668 4180 4667 8404  0
4342 5078 5094 8255  0
37 110 75 74  0
7462 7463 8161 8296  0
767 766 372 7947  0
5289 5309 5308 7721  0
310 232 234 266  0
1734 3240 1722 7940  0
7919 6007 6030 8148  0
112 57 135 113  0
7017 6649 7866 8340  0
115 106 92 93  0
630 338 337 8436  0
749 1049 1048 8365  0
922 921 1152 8392  0
5577 7860 5578 5598  0
135 77 136 113  0
7055 8007 8140 8360  0
4120 4119 8088 8162  0
135 122 136 77  0
114 105 91 92  0
93 8133 72 94  0
188 187 147 161  0
135 122 159 136  0
78 122 99 77  0
101 161 147 99  0
2931 2914 2913 7789  0
4743 4761 2650 2614  0
2780 4822 2748 2779  0
792 8167 847 848  0
164 153 163 139  0
129 154 139 153  0
126 128 148 150  0
4792 2715 3524 2681  0
2744 4234 4227 3892  0
3542 4231 3541 3548  0
1275 1466 7911 8208  0
4809 4823 2749 2750  0
191 180 164 192  0
1430 1239 1238 8131  0
1090 1297 1089 8321  0
201 247 230 246  0
104 128 105 126  0
107 106 92 83  0
138 153 139 152  0
107 130 116 106  0
6617 7828 6969 8355  0
1301 7687 8088 8357  0
7 24 30 22  0
5885 5886 7915 8134  0
107 83 92 93  0
71 63 51 52  0
685 616 684 8363  0
1222 1413 1414 8362  0
617 685 686 8363  0
4835 4822 2779 4821  0
4052 3306 4045 4049  0
135 8393 98 134  0
731 685 684 8363  0
2747 4821 2778 2779  0
8243 7818 8178 8205  0
1066 767 1067 7855  0
139 130 116 140  0
37 87 74 54  0
43 33 51 63  0
190 218 149 189  0
5857 5832 5833 8405  0
1005 8362 1221 1222  0
7892 8128 7999 7897  0
3548 3906 4242 4237  0
6628 7667 6992 6629  0
2016 2015 2045 8422  0
4234 4231 3542 4237  0
2012 1994 1993 8136  0
81 79 102 100  0
191 180 163 164  0
1899 1900 1883 8309  0
12 22 36 14  0
114 148 123 126  0
6006 6005 5984 7919  0
4835 4834 2778 3551  0
58 60 39 41  0
130 154 139 129  0
7828 6616 8163 8355  0
4345 3262 3701 8144  0
1414 1598 1415 8362  0
38 59 37 21  0
5832 5831 5811 8405  0
383 778 7812 8424  0
1415 1598 8264 8362  0
41 39 30 22  0
25 42 32 31  0
65 8133 54 53  0
562 618 8084 8093  0
685 617 616 8363  0
1113 839 7784 8216  0
115 106 116 130  0
5922 4818 5946 8350  0
2747 4820 2778 4821  0
193 181 166 182  0
5308 5289 7721 8269  0
80 57 56 112  0
3549 2776 3548 4237  0
7713 7745 7814 8362  0
1053 1054 1264 8181  0
253 254 283 301  0
1430 1613 1614 8131  0
88 59 38 89  0
7671 7764 7765 8155  0
4766 2655 2688 2687  0
56 57 98 112  0
2652 4779 2684 4780  0
4684 5772 8089 8215  0
5421 5399 5400 7693  0
7699 8085 7770 7684  0
4162 7667 4161 4637  0
16 8 2 25  0
7 22 30 12  0
9 33 32 43  0
7672 2841 2842 2860  0
16 26 3 8  0
7210 7211 8169 8413  0
3320 3306 4052 4049  0
46 66 20 65  0
2643 8074 2608 2607  0
52 63 51 34  0
1620 7816 1437 8237  0
4518 2327 4519 8332  0
3284 3285 8015 8368  0
686 687 618 8084  0
7505 7438 7506 7862  0
4927 6456 7840 8395  0
4662 5722 5723 8178  0
3320 3306 4049 3307  0
8291 5403 5404 7666  0
4519 8056 8332 8430  0
8384 2116 2084 2085  0
8217 8110 2212 2211  0
1487 2372 7875 8289  0
4308 8270 4298 4928  0
46 65 35 45  0
5501 5523 5500 8048  0
46 11 35 13  0
103 77 78 57  0
7501 7568 7500 8298  0
2777 2746 2745 4819  0
4234 2776 2745 4819  0
2174 2173 2207 8048  0
6213 6214 7901 8252  0
7345 7834 7415 8169  0
616 7750 560 559  0
7 15 1 2  0
10 45 34 44  0
106 129 115 105  0
17 27 4 9  0
1469 1468 1035 8284  0
1449 1450 2309 7960  0
6279 6278 8358 8432  0
4027 4025 3283 8309  0
3788 3409 7687 8088  0
46 13 35 20  0
8362 7867 7745 7814  0
1941 1942 1925 8366  0
4042 2034 4386 2033  0
9 26 3 17  0
6193 8082 8252 6212  0
27 10 5 18  0
2015 2044 2045 8422  0
138 129 115 139  0
140 153 139 154  0
2705 2706 8026 8438  0
17 18 4 27  0
8059 5195 5196 8073  0
4313 4312 3997 3208  0
7670 7943 7873 8316  0
868 888 889 8431  0
6655 7023 6656 8083  0
354 7670 353 418  0
8070 1390 8044 8324  0
4248 4838 3554 3912  0
6880 8004 7293 6857  0
8306 4890 3955 3637  0
139 129 116 130  0
2699 8172 7915 2700  0
21 88 37 87  0
38 88 37 59  0
2699 2698 7915 8134  0
116 115 93 107  0
115 106 93 107  0
162 188 124 101  0
211 222 194 210  0
26 25 32 8  0
7894 1612 1613 2489  0
23 46 11 6  0
4922 7895 4292 8390  0
1582 1581 2482 8364  0
262 208 220 238  0
5837 5817 5838 8051  0
40 59 21 67  0
203 247 230 201  0
162 188 101 161  0
4312 3679 4000 3208  0
4548 4102 4549 8280  0
8051 5861 5838 5837  0
6895 8043 7880 6896  0
5052 5037 7957 7991  0
7344 7742 8169 7984  0
86 65 54 87  0
412 411 7987 8153  0
6660 7766 6659 8409  0
152 177 174 150  0
4016 8336 3252 4344  0
4324 5003 3686 7811  0
9 8 3 26  0
84 71 92 93  0
7233 7234 7303 7761  0
2507 8129 2464 8310  0
40 67 21 66  0
8133 65 54 86  0
140 154 139 130  0
8203 1665 1676 7715  0
1414 1597 1598 8362  0
1025 1241 1242 7859  0
189 173 124 188  0
87 66 21 67  0
2931 8109 2930 2948  0
141 154 140 155  0
4396 2057 4408 4395  0
148 128 114 138  0
93 106 92 107  0
7694 7717 7894 8131  0
2665 2631 8051 8134  0
4382 2029 4381 3309  0
5883 5907 5906 8373  0
102 81 123 105  0
3999 3207 3211 1633  0
64 65 53 85  0
27 18 4 10  0
19 29 6 28  0
7 15 2 8  0
8242 1828 1829 1843  0
7618 7643 7617 8072  0
87 65 20 66  0
1005 7713 1222 1006  0
160 146 99 122  0
152 150 174 138  0
245 228 8439 274  0
2632 2666 2667 8134  0
311 343 234 310  0
135 134 98 112  0
7321 7391 8046 8296  0
115 130 116 129  0
21 87 37 54  0
130 129 115 106  0
5779 7985 7990 5780  0
34 45 35 64  0
7819 2298 2299 2336  0
6199 6198 6181 8211  0
912 7869 913 891  0
160 122 99 136  0
536 8231 8151 592  0
84 83 92 71  0
114 126 123 104  0
371 372 766 7947  0
115 128 114 129  0
3955 8306 3638 4894  0
2547 8440 4715 2548  0
54 65 20 87  0
533 590 534 7780  0
4427 4428 4441 8173  0
115 129 114 105  0
78 136 99 122  0
4530 7722 4531 4572  0
7723 916 8116 8412  0
105 129 114 128  0
950 951 912 7941  0
45 65 35 64  0
46 45 35 11  0
8133 84 85 108  0
732 685 731 8363  0
9 27 4 10  0
3899 3900 3894 8350  0
5302 5321 5320 8366  0
7866 6647 8259 8404  0
6084 6083 6064 7967  0
5545 5522 5523 8048  0
7379 8014 7380 7930  0
2170 2169 7831 7986  0
3136 3642 3647 8306  0
88 87 21 67  0
5282 5302 5301 8366  0
5524 5546 5523 8048  0
31 24 30 7  0
1533 8276 7774 2422  0
1454 1263 1264 7920  0
110 87 37 88  0
27 33 9 44  0
38 57 56 80  0
1234 1017 7925 8166  0
2073 2044 7760 8241  0
7130 8067 7199 8132  0
114 105 92 106  0
30 39 55 36  0
115 105 114 106  0
3962 8190 4277 4902  0
4059 3732 4407 2086  0
15 8 7 24  0
52 34 35 64  0
174 138 163 152  0
2308 2270 7977 8323  0
1598 1597 7982 8362  0
1238 1239 1022 8131  0
37 110 74 87  0
93 83 92 84  0
24 22 7 14  0
3060 3061 3046 8104  0
1022 7719 726 725  0
98 8393 121 120  0
217 189 149 218  0
2442 3464 3445 8377  0
5886 5887 7915 8134  0
7855 1277 1066 8208  0
134 111 56 112  0
97 111 56 134  0
89 111 56 38  0
89 112 56 111  0
4974 4973 4961 7825  0
80 89 56 38  0
80 112 56 89  0
7913 7944 8263 7926  0
7156 7093 7916 7155  0
7470 7758 7471 7538  0
7754 7899 7917 8151  0
1164 1165 7830 7835  0
103 137 78 136  0
136 77 78 103  0
136 122 78 77  0
5306 5305 8055 8356  0
847 8167 8357 8431  0
7151 7089 7152 8413  0
231 276 230 247  0
4653 4654 8129 4631  0
160 161 147 187  0
136 137 99 160  0
78 137 99 136  0
137 161 99 160  0
127 137 99 78  0
127 161 99 137  0
7653 6762 7094 7095  0
7970 4270 4268 4882  0
449 384 448 8424  0
159 146 145 186  0
159 186 145 185  0
159 122 145 146  0
121 122 145 159  0
121 159 145 158  0
185 158 145 159  0
5758 8085 8315 4671  0
5488 5467 5489 7956  0
4362 4361 4359 4026  0
7537 7598 7536 8441  0
7537 8257 7598 8441  0
149 173 124 125  0
6892 6919 7881 8057  0
311 263 234 343  0
4078 7722 4082 4531  0
256 285 255 303  0
2507 8440 2548 2508  0
932 7830 931 1165  0
305 273 257 274  0
7470 7537 7469 8441  0
277 249 204 278  0
308 278 204 261  0
277 278 204 308  0
310 309 292 232  0
342 309 292 310  0
234 232 292 263  0
310 232 292 234  0
234 263 292 343  0
234 343 292 310  0
343 342 323 292  0
217 188 172 173  0
7829 4559 8207 8425  0
1817 1818 1803 8144  0
4475 2258 4474 2224  0
4433 2160 4060 4447  0
330 7909 264 345  0
2034 8173 2033 2063  0
204 236 176 205  0
203 176 231 277  0
8232 6599 5691 6907  0
798 8234 7898 405  0
343 7909 263 324  0
658 657 704 7910  0
231 259 230 276  0
218 219 149 175  0
147 101 124 188  0
204 249 176 278  0
236 278 176 249  0
204 278 176 236  0
249 248 176 207  0
277 249 176 204  0
276 246 230 247  0
1975 8366 1976 1958  0
6724 5824 7781 8003  0
275 246 230 276  0
201 246 200 217  0
306 259 258 288  0
219 207 175 248  0
247 218 175 248  0
219 248 175 218  0
124 173 172 188  0
201 246 229 200  0
189 173 149 125  0
7524 7456 7457 7954  0
2765 2732 2764 7771  0
151 189 125 162  0
101 151 124 162  0
125 151 124 101  0
7329 7763 7328 8038  0
2584 8440 2548 4715  0
276 247 231 277  0
2547 8440 2507 8310  0
8129 4652 4653 4631  0
146 187 171 186  0
147 187 171 146  0
1051 7776 7960 7787  0
4698 4716 4697 8440  0
2490 1613 7894 8131  0
7831 5540 7978 8323  0
7700 8067 7663 7773  0
254 271 253 270  0
7535 7468 7536 8441  0
4715 4697 4716 8440  0
2491 1614 2490 8131  0
220 235 233 208  0
180 152 164 153  0
162 189 124 188  0
125 189 124 162  0
274 275 258 306  0
145 185 170 169  0
145 186 170 185  0
171 186 170 146  0
145 146 170 186  0
8440 2510 2550 2509  0
8440 2586 2550 4717  0
185 214 170 169  0
185 186 170 214  0
8440 7705 4655 4698  0
258 288 287 305  0
2509 2508 2549 8440  0
4654 4653 8129 8440  0
8439 8130 214 213  0
105 90 114 8361  0
7398 7399 7468 8441  0
220 262 233 235  0
209 238 220 208  0
258 305 287 257  0
262 238 220 250  0
229 246 230 275  0
164 154 165 181  0
7467 7763 7398 8441  0
201 217 200 173  0
175 207 203 248  0
176 207 203 175  0
176 248 203 207  0
176 249 203 248  0
277 249 203 176  0
277 248 203 249  0
247 246 201 217  0
275 245 229 246  0
242 8130 213 241  0
4433 2160 4447 8443  0
203 247 201 218  0
149 217 201 173  0
149 218 201 217  0
247 217 201 218  0
203 218 201 175  0
149 175 201 218  0
203 175 201 149  0
2625 8437 4753 2624  0
203 277 231 247  0
250 265 262 237  0
7399 7763 7769 8441  0
2128 2158 2159 8443  0
314 300 313 282  0
2549 2508 2548 8440  0
301 270 253 271  0
204 176 231 203  0
204 277 231 176  0
256 303 286 285  0
4492 2295 4491 2259  0
296 298 293 280  0
4444 4459 4458 2189  0
307 308 260 290  0
2690 2689 8435 8437  0
224 8130 241 195  0
301 271 253 254  0
5187 5171 5188 8069  0
281 282 313 299  0
240 8130 211 194  0
140 154 165 164  0
7749 8044 7807 7950  0
273 305 286 304  0
252 270 253 269  0
314 333 313 300  0
2308 2271 8096 2309  0
894 916 7723 8412  0
240 8130 241 211  0
4177 4178 3838 7980  0
282 269 281 252  0
304 303 286 273  0
265 237 250 267  0
299 298 281 280  0
280 298 281 312  0
4469 2219 4484 4468  0
237 238 250 267  0
238 222 250 239  0
251 239 250 222  0
238 239 250 251  0
206 208 233 235  0
268 251 250 267  0
268 238 250 251  0
267 238 250 268  0
2491 1615 1614 8131  0
313 332 391 390  0
3535 2743 3894 8350  0
2789 8373 2788 8177  0
225 242 224 241  0
270 242 224 225  0
270 241 224 242  0
240 241 224 270  0
240 223 224 241  0
270 223 224 240  0
287 8436 286 304  0
4696 4715 8310 8440  0
230 275 258 229  0
306 305 258 274  0
4696 4697 4715 8440  0
298 312 326 331  0
2660 8437 2624 2659  0
251 269 252 268  0
250 237 262 238  0
237 235 262 208  0
237 208 262 238  0
221 209 220 192  0
208 220 191 233  0
240 223 194 222  0
5713 6620 8243 8355  0
193 182 166 211  0
206 179 233 208  0
191 233 202 206  0
1430 7937 1613 8131  0
8118 805 854 853  0
211 8130 241 212  0
224 223 195 241  0
210 181 193 211  0
210 192 193 181  0
194 222 193 210  0
166 193 165 181  0
193 192 165 181  0
164 152 163 153  0
221 192 193 210  0
164 181 165 180  0
267 251 280 268  0
139 140 164 153  0
202 174 163 177  0
152 177 163 174  0
179 177 163 152  0
206 179 191 233  0
208 179 191 209  0
233 179 191 208  0
179 180 191 192  0
2490 1614 1613 8131  0
193 211 166 194  0
4042 3315 4387 2034  0
154 153 164 140  0
154 181 164 153  0
955 914 954 8412  0
1328 7938 8233 8202  0
1023 1239 1240 8131  0
1431 1615 1432 8131  0
8124 565 511 8174  0
1431 1614 1615 8131  0
2308 7977 8096 8323  0
1240 1431 1432 8131  0
666 7870 597 665  0
180 181 165 192  0
166 181 165 182  0
955 978 979 8412  0
257 305 287 273  0
2186 2154 2153 4455  0
315 334 314 283  0
140 141 165 154  0
182 154 165 141  0
390 312 313 332  0
5519 5541 5518 7831  0
316 335 284 302  0
298 267 280 299  0
8437 2660 3525 2659  0
4735 2624 4736 8437  0
296 265 293 298  0
298 267 293 280  0
258 274 257 229  0
665 596 664 7870  0
252 224 253 270  0
273 256 286 257  0
280 268 281 299  0
329 312 456 331  0
298 331 326 296  0
7467 7468 7535 8441  0
319 305 288 339  0
4787 8437 3888 4786  0
286 305 287 304  0
257 273 287 286  0
319 339 288 320  0
319 305 287 288  0
2658 2622 2657 8437  0
4768 4767 4751 8437  0
4751 4767 4750 8437  0
271 301 284 254  0
204 261 260 308  0
1584 1401 1400 8168  0
319 338 287 305  0
290 308 260 261  0
231 204 260 277  0
289 306 288 259  0
7398 7468 7467 8441  0
298 296 326 280  0
3734 3732 4059 3338  0
256 273 286 303  0
303 271 255 272  0
289 259 260 307  0
231 276 260 259  0
307 259 260 276  0
288 305 258 306  0
307 276 260 308  0
771 377 772 8198  0
7386 7387 7456 7998  0
340 306 288 289  0
340 339 288 306  0
320 339 288 340  0
320 340 288 289  0
228 229 257 274  0
273 303 256 272  0
3274 3275 7782 8126  0
250 251 280 267  0
240 269 252 251  0
254 270 253 225  0
267 268 280 299  0
270 269 252 240  0
250 265 293 262  0
271 272 254 255  0
271 242 254 272  0
270 242 254 271  0
225 242 254 270  0
226 242 254 225  0
4438 2152 4453 2151  0
226 272 254 242  0
255 272 254 226  0
7883 4974 4973 4985  0
267 250 293 280  0
267 265 293 250  0
5390 5389 5369 8139  0
313 333 391 332  0
280 312 326 298  0
303 302 284 271  0
303 285 284 302  0
271 285 284 303  0
255 271 284 254  0
255 285 284 271  0
2290 8430 4502 4519  0
251 223 252 240  0
4423 2089 4424 2120  0
1813 1828 1814 8119  0
332 331 390 312  0
332 299 313 333  0
313 314 391 333  0
6581 6831 8145 8379  0
301 300 282 269  0
252 268 281 251  0
8045 3654 8190 3160  0
426 8151 8403 7917  0
299 300 313 333  0
7661 4147 3811 4149  0
456 312 390 331  0
4749 4766 2656 4750  0
8356 8269 7858 8055  0
301 300 283 282  0
301 334 283 300  0
335 334 283 301  0
284 335 283 302  0
301 302 283 335  0
284 302 283 301  0
299 312 281 298  0
3013 2997 7736 8002  0
314 333 392 391  0
8257 7051 7757 8007  0
282 300 281 269  0
268 269 281 300  0
282 299 281 300  0
268 300 281 299  0
332 312 313 299  0
567 877 898 623  0
281 299 313 312  0
5788 6712 7767 8091  0
283 284 315 335  0
316 335 315 284  0
280 296 326 293  0
283 334 314 300  0
283 300 314 282  0
1726 1715 1714 7957  0
817 8329 8066 7929  0
2059 2058 4397 2029  0
390 623 567 331  0
1686 3686 3226 7811  0
4203 4691 4204 8128  0
3366 3749 4077 3747  0
390 8392 809 624  0
3967 8305 3968 4907  0
2209 2176 2175 8023  0
2298 2297 4509 4494  0
4198 3859 3858 8062  0
2564 7767 7843 7861  0
5502 5503 5525 8023  0
2811 2790 2810 8177  0
3138 3137 3151 7788  0
632 928 929 8066  0
8394 8305 3190 8390  0
7039 7054 7038 8140  0
4468 2186 4454 4455  0
8142 2662 8240 8295  0
4297 4927 4916 7840  0
5263 5264 5282 8227  0
6554 7708 5648 8334  0
98 8393 120 97  0
7515 7516 7577 8259  0
4645 5741 4646 7980  0
3723 8384 3325 4393  0
7758 7857 8067 7658  0
5127 5110 5111 8336  0
2189 2222 4459 8333  0
8184 8347 6334 6319  0
7130 8067 8304 7199  0
7708 4116 4115 4576  0
7005 6998 6999 7862  0
6434 8024 6433 6420  0
2587 8437 2586 2623  0
937 8099 936 1170  0
6249 6266 8288 8290  0
7595 7594 7783 8081  0
2690 2658 2657 8437  0
6505 6506 6760 8101  0
3304 1989 3300 7701  0
5998 5975 5976 8177  0
4193 3853 4192 7961  0
889 910 7853 8431  0
4803 8370 5924 3537  0
7724 7773 7700 7911  0
4669 4670 4182 8085  0
2992 3938 3600 8352  0
6932 7806 8232 6958  0
1515 1126 1517 8001  0
5807 6723 5789 8360  0
7326 7396 7395 7795  0
846 847 8357 8431  0
7700 7773 8160 8192  0
635 931 932 7909  0
492 493 436 8077  0
3544 8370 7871 3545  0
7739 4142 7804 8053  0
6954 6955 6977 7905  0
8067 7658 7762 7758  0
7177 7242 7241 8014  0
341 7924 340 633  0
6235 6219 7815 8002  0
7432 7431 7362 7734  0
1576 1442 1441 8086  0
4969 4970 4981 8203  0
461 515 516 8234  0
7181 7182 7246 7936  0
5528 8110 5527 5505  0
2643 2642 7968 8074  0
2087 2088 4408 4422  0
5671 4596 5672 7808  0
1337 8210 1340 7669  0
5922 5921 5899 8350  0
1302 7687 1095 1303  0
7300 7231 7301 8071  0
7237 7307 7306 8320  0
1795 1808 1809 7824  0
7989 6332 8194 8347  0
2064 8173 2034 2063  0
8216 861 8125 860  0
2032 4385 3313 4040  0
7812 381 776 382  0
3313 2033 3314 4041  0
5957 7906 5979 7771  0
6970 6969 7828 8355  0
6471 6464 6472 8245  0
4710 8085 4669 4209  0
7144 8304 7682 7201  0
7822 7763 8038 8256  0
6879 8030 8230 8334  0
2225 2191 4461 2192  0
5233 5251 7931 8309  0
872 8174 512 893  0
546 8223 547 8077  0
2290 2328 4519 2327  0
7789 2948 7848 8109  0
6617 5713 6616 8355  0
1095 7687 8357 8167  0
7781 5843 5821 8039  0
848 847 869 8431  0
1308 1102 7738 7744  0
7349 7348 7952 7418  0
2766 2767 2734 7656  0
2219 4485 2254 2220  0
2031 4039 4384 3312  0
846 791 790 8357  0
7701 1953 8095 1954  0
2253 2218 4484 2219  0
2289 4500 4518 4501  0
4037 4038 4382 3310  0
6554 7708 6807 6553  0
7828 8163 8243 8355  0
4395 2057 4408 4394  0
7938 8289 1310 1511  0
2151 4452 2183 2184  0
8333 8430 2291 2292  0
4041 2032 3313 2033  0
2018 2001 2000 7709  0
8163 5713 8243 8355  0
6970 7828 8043 8355  0
2059 2030 4397 4398  0
4059 2087 4407 4422  0
2029 4383 4397 2030  0
2088 2058 2057 4409  0
2675 2674 2708 8188  0
1087 1088 1498 7784  0
3338 3732 4059 2086  0
2086 2057 2087 2056  0
2183 3350 4067 2150  0
1293 8146 8258 8261  0
3372 8332 3779 2326  0
5066 5052 5053 7971  0
7942 7727 7712 7652  0
4067 3738 3736 3350  0
4063 2119 4436 2150  0
7641 7615 7616 7879  0
3651 4907 6397 4280  0
3742 3361 4074 3747  0
1216 1000 999 7809  0
2288 4500 2253 2252  0
868 847 846 8431  0
1053 1263 7920 8181  0
6854 7708 8230 6853  0
7022 7954 8308 7585  0
2715 4807 4793 4792  0
5614 4539 7973 8328  0
4081 2288 4077 4500  0
7694 7719 8322 8411  0
2183 4452 3738 4071  0
4748 4747 4731 8429  0
3892 3530 4227 2744  0
3326 3726 4053 2026  0
6165 6146 6147 7935  0
1981 7858 7721 1964  0
5036 5050 5035 7991  0
6483 6466 6525 8410  0
4628 4625 4626 7903  0
8096 7776 7852 7953  0
3712 1918 8182 8309  0
8036 7732 7668 7735  0
6724 5824 5805 7781  0
7465 7395 7396 7795  0
7703 7633 7634 7608  0
6895 6871 6896 7880  0
1684 1683 7811 8275  0
3844 3473 8085 8315  0
7723 8118 854 872  0
8030 6879 6855 8334  0
2290 4501 2253 2289  0
5617 7973 5616 8414  0
6743 6819 6742 8180  0
5665 7837 7860 8050  0
629 7798 925 926  0
5795 7996 7985 5796  0
1180 1174 7678 8164  0
6653 6654 8083 8308  0
6528 8376 6485 8263  0
8417 7686 7801 8093  0
7703 7609 7634 7994  0
3058 3059 3044 7689  0
2767 2797 2768 7656  0
1076 1075 776 8176  0
5937 5913 5914 7656  0
5000 4988 7811 8275  0
5065 5064 7991 8255  0
3604 2992 8033 8352  0
8205 8068 8022 2434  0
7256 7325 7255 7795  0
5002 5014 5001 7811  0
5955 5933 7915 8189  0
6760 7092 6759 8101  0
2254 2219 2253 4485  0
4469 4485 4484 2219  0
7245 7181 7246 7936  0
5298 7675 7701 7933  0
4666 4667 4179 7950  0
7899 1052 7920 8181  0
5389 5388 5368 7709  0
3292 1936 1919 8095  0
3945 7876 8033 3608  0
6580 6579 7808 8145  0
7214 7215 7279 7995  0
5762 7879 8106 6702  0
4683 4684 4196 8215  0
8220 6692 8360 8335  0
4463 4064 4464 2227  0
1186 961 1185 7908  0
5744 5749 7946 8404  0
4494 2297 4509 4493  0
7872 1962 1945 7858  0
2255 2292 2256 8333  0
7876 3945 8033 6206  0
7325 7395 7394 7795  0
631 928 632 8066  0
2191 2225 4461 2224  0
2261 2260 4493 4477  0
4493 2297 4508 2296  0
2804 3546 3545 7871  0
959 1183 1184 7803  0
7954 8308 7728 7775  0
899 878 7885 8080  0
5155 8242 5172 8119  0
7668 7823 7775 7735  0
5381 5382 5402 7666  0
2109 2140 7891 8034  0
2290 2289 4518 4501  0
4491 2259 4475 4476  0
6675 8083 6674 6656  0
6588 6589 6844 7718  0
2222 2189 4459 2223  0
6678 5787 6677 7766  0
1307 1100 1101 7744  0
4500 4501 2253 4485  0
2289 4501 2253 4500  0
2294 8430 4505 2293  0
4685 4686 4198 8089  0
6684 8228 7048 7049  0
2254 4501 2253 2290  0
4442 2155 4457 4456  0
4523 2332 4506 4507  0
2298 2262 4494 4495  0
5054 5067 5053 7971  0
7876 6206 6224 6225  0
840 839 861 7784  0
5110 5094 5095 8336  0
8336 3700 3699 3256  0
3043 3058 3044 7689  0
5597 7799 7860 8268  0
7694 7812 7846 7821  0
8084 563 8093 8124  0
2333 4507 4508 2296  0
4364 4367 4366 4029  0
2735 2702 2734 8274  0
5265 5246 8055 8063  0
4507 2295 4491 4492  0
4495 4496 4072 4479  0
7821 4544 4098 4097  0
1268 8160 1269 7913  0
431 430 487 7827  0
5381 5402 5401 7666  0
4356 4359 4024 3273  0
535 7780 8151 534  0
1378 1379 1186 7908  0
428 427 484 7882  0
4479 4495 4494 2262  0
7932 6583 6584 5681  0
2296 2295 2333 4507  0
7283 7219 7674 7218  0
2264 2300 3362 4496  0
4797 4798 4812 8401  0
3792 8112 3793 4126  0
8010 8073 1832 8144  0
4969 4980 8203 4981  0
1318 1317 1111 7851  0
7819 2297 2334 4509  0
6537 5630 6538 8032  0
2294 2293 4505 2257  0
4491 4506 4490 2295  0
5166 5165 5149 7824  0
2804 2805 3546 7871  0
7522 7583 7521 7966  0
4507 2295 2333 2332  0
5382 5381 5361 7666  0
7066 7065 7777 8106  0
5799 5817 5816 8351  0
2225 4461 4462 2192  0
69 49 50 8361  0
7778 7630 8140 8220  0
7325 7394 7324 7795  0
7134 7222 7221 7820  0
5403 5425 5424 7666  0
3304 1989 7701 8287  0
7004 7003 7999 7046  0
1367 8197 7800 8080  0
3303 8287 3317 3304  0
8090 1798 1783 1784  0
1315 7963 1494 1493  0
1524 7838 8210 8367  0
7664 7971 5084 7981  0
4478 2228 4068 4479  0
3268 3267 7782 8158  0
3714 8368 3284 4366  0
444 445 380 7791  0
4513 4078 4530 8239  0
5407 7907 8138 8241  0
5865 5866 5890 8274  0
4111 4557 4110 8425  0
4494 2297 4493 2261  0
6501 6755 6500 8006  0
7007 7730 7008 6640  0
5355 5354 5334 8095  0
6256 6237 6257 8104  0
7548 8187 7703 7480  0
563 562 8084 8093  0
7457 7458 7525 7954  0
7460 7779 7528 7527  0
7860 7888 7964 8262  0
5108 5124 7692 8147  0
7968 2712 3529 8000  0
7788 6343 6358 7747  0
8127 6935 7718 7661  0
3398 3774 3397 7833  0
3921 8107 3918 3569  0
4591 4129 4592 8207  0
7393 7394 8161 8296  0
3820 8377 3445 3819  0
2594 2593 2629 8240  0
4029 4367 4366 3284  0
2296 2295 4492 2259  0
8074 5825 8302 6736  0
379 773 378 8193  0
4170 4169 4645 7969  0
3606 3610 3607 8185  0
6836 6799 6846 8282  0
1914 1930 1931 8269  0
7081 7143 7080 7682  0
2811 2810 2829 7714  0
7742 7777 7984 8187  0
1202 984 1201 8344  0
7494 7845 7979 7493  0
1165 931 1164 7830  0
5206 5189 5190 8242  0
4479 2263 4072 4495  0
2262 2263 3357 4479  0
7832 5568 8260 8281  0
4344 4347 4346 4018  0
5207 5208 5225 8389  0
1996 1995 7907 8136  0
5361 5341 5342 8136  0
5911 7771 7915 8172  0
2233 8037 2232 2268  0
4615 7739 7804 8232  0
5683 8282 6545 6585  0
1002 705 1001 7910  0
6688 7757 8007 8302  0
264 330 295 294  0
1047 1258 1257 8365  0
69 70 91 8361  0
6960 6936 6937 8127  0
5098 5099 5114 7697  0
3018 7815 7970 8299  0
638 295 568 330  0
7523 7522 8303 8308  0
6652 6653 7775 8308  0
6877 6852 6853 8433  0
7912 8264 8179 7759  0
2397 7738 2399 8425  0
343 342 635 323  0
7909 323 401 324  0
7584 7020 7583 8308  0
7019 7020 6652 8308  0
7105 7847 6776 7106  0
2444 2443 3446 8079  0
758 1058 1057 7844  0
659 658 705 7910  0
7729 7813 7886 8165  0
7191 7190 7122 8256  0
1812 1826 1813 8119  0
6254 6271 6253 7689  0
2581 2545 2544 8429  0
1173 1172 1368 8080  0
1454 7852 8331 2313  0
6939 6940 6962 8213  0
6279 8382 8432 8358  0
6882 6859 6843 7718  0
4083 4574 4532 7722  0
3684 1674 3226 7811  0
7430 7360 7361 7734  0
8185 4265 4870 3605  0
7879 7777 8103 8106  0
2072 2071 2103 7760  0
5041 5040 5027 8244  0
2335 2375 2336 7819  0
7869 515 460 8234  0
1554 1555 1371 7854  0
2832 2852 2853 7906  0
5769 4682 8122 8215  0
7034 7035 7050 8228  0
8001 1123 812 8392  0
539 485 484 7882  0
2906 8420 2907 2889  0
7936 7314 8025 8303  0
2310 1451 2311 8096  0
4677 5764 7737 8103  0
3075 3059 3074 7689  0
8014 7108 8029 8268  0
3771 3772 8076 8261  0
5858 8295 8240 5859  0
1185 7803 1184 7908  0
2308 2307 7943 7977  0
7662 8062 8089 8215  0
1187 963 962 7908  0
6844 6589 6845 7718  0
1208 991 1207 7886  0
7677 8014 8029 8268  0
6122 6143 6121 8105  0
1189 1188 1381 7740  0
7136 6856 6810 8292  0
7883 1683 7811 1694  0
4762 2616 4746 8429  0
6637 7806 7999 7004  0
7440 7371 7441 7955  0
5172 5189 5188 8242  0
1265 1055 1266 8181  0
6817 6816 6740 7711  0
1373 7678 8079 8164  0
7677 7720 7728 7729  0
7779 7668 7954 7998  0
7924 341 340 321  0
7694 7676 7750 7801  0
1540 7810 1537 1536  0
3154 7659 3155 3141  0
7066 7777 7879 8106  0
1831 1830 1846 8010  0
4666 7946 7950 7980  0
7700 8263 7913 7822  0
184 214 185 8130  0
1152 1151 7669 8392  0
8358 6244 6243 6261  0
2491 8152 7717 2492  0
5354 5333 5334 8095  0
5225 5243 8293 8389  0
5382 5383 5403 7666  0
2538 2539 1603 7759  0
7655 7838 8108 8367  0
4176 7800 3836 4175  0
4117 8162 4118 4578  0
7293 7225 6857 8004  0
7977 2306 8037 8154  0
930 7830 1164 931  0
7824 1823 7918 8005  0
7720 7677 7799 7889  0
7666 1993 7680 8136  0
7552 7484 7485 7984  0
5112 5127 5111 8150  0
3151 3162 3163 8254  0
841 842 787 8321  0
3601 3602 8082 3607  0
7102 6773 7103 7755  0
5627 5628 6510 8076  0
5584 5605 5604 7977  0
6127 6108 7673 8341  0
7561 7493 7494 7979  0
4377 4388 3302 5354  0
7649 7648 7623 7979  0
6622 6985 6986 7850  0
2903 2922 2904 7967  0
5263 5245 5264 8227  0
6424 8045 6411 6412  0
2519 2518 2557 7985  0
7874 1312 7963 1106  0
5862 5886 5861 8134  0
7808 4598 7875 4597  0
7081 6749 7082 7682  0
4195 3855 4194 8301  0
1153 8001 8206 8021  0
6379 7659 8194 8229  0
5433 8139 7891 8065  0
4118 4117 3784 8314  0
2307 7943 7977 8266  0
7761 7304 7983 8320  0
3305 2025 4044 8224  0
100 90 102 8361  0
5323 5324 5343 8356  0
5617 8414 5616 4541  0
5318 5300 5319 7675  0
5369 5350 5370 8374  0
2533 2532 2570 7982  0
4103 7653 8076 4550  0
7750 7676 7859 8363  0
2275 7852 2274 2312  0
3631 8432 7752 8382  0
6832 6865 8145 8379  0
6823 6747 7079 7724  0
964 1188 1189 7740  0
1204 8391 987 7807  0
2245 8217 2211 7959  0
3298 4376 3302 4377  0
774 7791 8193 379  0
7709 5369 5368 8139  0
4567 7932 4568 5637  0
7974 1578 2504 2503  0
2482 1581 2481 8364  0
7735 7728 8036 7775  0
1674 1673 1685 7811  0
7050 7757 6686 8228  0
1041 742 1042 8153  0
3110 3123 3124 8300  0
3180 3167 3179 8024  0
8213 8075 7810 7881  0
4392 4051 4391 4388  0
7096 7095 6763 7653  0
5099 5084 7664 7697  0
1813 1826 1827 8119  0
436 493 437 8077  0
3302 4376 3720 4048  0
7690 2926 2943 2925  0
3841 3467 3840 7950  0
2822 2840 3561 8120  0
7094 7095 7157 7653  0
662 661 708 8047  0
7799 3377 3755 3756  0
6828 6861 6827 8247  0
2286 2285 2323 7836  0
7943 7948 8266 8365  0
7766 6660 6678 8091  0
3200 3199 1625 8270  0
1757 1745 8171 8016  0
1046 1257 8266 8365  0
7048 8081 6683 7047  0
5418 4389 3723 8196  0
2022 8139 2021 2051  0
2445 2444 3447 8079  0
1375 7803 1183 8164  0
4029 3284 3711 4364  0
6283 6299 6298 8249  0
3251 3247 1761 8279  0
1285 7887 1286 2354  0
7083 7084 7146 7900  0
169 197 196 8130  0
5805 6712 6713 7781  0
6320 6335 6334 8184  0
1843 1828 1827 8242  0
7305 7236 7306 8320  0
5005 5004 7715 8326  0
744 1043 743 8008  0
6091 6090 6070 8054  0
3270 3266 3706 3267  0
4024 4359 3709 3273  0
7954 7022 8308 8083  0
7746 4223 3880 4759  0
5648 5649 6555 8162  0
924 7798 8021 1154  0
5993 5992 5970 7871  0
8432 4269 4880 3621  0
4120 3786 3787 8088  0
7156 7916 7213 7155  0
7428 7427 7358 7765  0
5403 5383 5404 7666  0
806 1100 1099 8251  0
7964 7860 8262 8378  0
7673 2975 7690 8352  0
5093 5108 5092 8279  0
1948 1949 1932 7721  0
7816 3486 8062 8301  0
2774 2773 8120 8188  0
1863 1864 1848 8073  0
5348 5347 5328 7721  0
4464 2228 4068 4478  0
8005 1822 1823 1837  0
2837 2819 2818 7919  0
5625 6508 6507 7653  0
6266 6283 6265 8288  0
5367 8138 5366 5347  0
8212 8135 2873 2892  0
6950 7850 8043 8278  0
1683 7883 1671 1682  0
5071 5057 5058 7981  0
706 707 660 8231  0
8289 7938 1487 1511  0
2491 8152 8131 7717  0
1251 1478 1041 8371  0
7751 1141 7868 7939  0
2623 2658 2659 8437  0
7705 2551 4700 4699  0
3280 4364 3711 3281  0
2729 2728 2762 8189  0
6546 6800 6799 8282  0
454 453 510 8124  0
6663 5773 5772 8089  0
4448 4447 4060 2193  0
4635 4159 4634 7688  0
4064 2195 3351 4464  0
2264 4496 4072 2263  0
3121 3107 3120 8194  0
1745 1746 7940 8016  0
2791 2812 2792 8189  0
7825 4310 4309 4938  0
942 7803 959 943  0
5251 5250 7931 8309  0
2494 2495 1618 8419  0
4026 4362 3277 4359  0
5616 6499 7973 8006  0
6839 7164 7163 8004  0
7195 7196 7260 7663  0
1363 8099 8022 1364  0
7684 7762 8140 8220  0
8370 5925 5924 5947  0
7060 7061 6696 7896  0
2019 2002 2001 7709  0
3640 3124 3135 7756  0
3280 8126 3281 3277  0
4709 4710 7699 8335  0
1507 1508 2403 8233  0
7730 4645 7969 7980  0
2072 2042 2071 7760  0
7434 6982 7710 7942  0
2662 2627 8142 8240  0
2045 2044 8241 8422  0
402 7830 825 401  0
2793 8189 7906 7771  0
7698 7712 7687 7853  0
1155 957 1176 8116  0
8431 7839 7712 8357  0
7877 734 1098 1033  0
2071 2102 2103 7760  0
5447 5426 5448 7760  0
3790 4124 4123 8141  0
2425 3443 3441 7878  0
3362 2300 4075 4496  0
6900 6876 6901 8013  0
5426 5404 7760 8291  0
4028 3280 3710 4361  0
1643 1644 1634 8209  0
6358 6343 6359 7747  0
6711 6710 7075 8215  0
5785 6676 5786 8102  0
7698 7877 8061 8112  0
5404 5427 5426 7760  0
5346 5326 7721 7858  0
3711 4029 3714 3284  0
5142 5158 5141 8144  0
4107 4553 4106 8076  0
2073 2104 2105 7760  0
1405 1213 1404 7732  0
1609 7925 1608 7997  0
4090 3379 3757 8214  0
2201 8154 7831 7978  0
6000 5977 5978 7714  0
6577 5670 6578 8247  0
874 7723 855 873  0
4513 4529 4512 8239  0
1618 1619 1435 8419  0
4448 2193 2161 2194  0
885 886 865 7839  0
4324 5016 5003 7725  0
1376 7803 1375 8079  0
4530 4078 4531 8239  0
8366 5319 7680 5320  0
5299 5300 5318 7675  0
3246 3249 3250 8255  0
7158 7159 7216 7653  0
6773 6516 7923 8369  0
5998 6021 6020 8294  0
1800 1787 1786 7692  0
6334 8194 8347 8300  0
6863 6887 6862 8247  0
8158 8150 4352 5144  0
7791 555 7719 554  0
6572 6571 6525 8410  0
2910 2892 2909 8054  0
7150 7087 7088 8006  0
4342 8336 5094 4344  0
2382 3404 8113 8314  0
5115 7824 5116 5131  0
4058 4419 3328 4420  0
2082 7893 2081 2113  0
7104 7755 7923 8100  0
3591 3594 3595 8372  0
5043 7981 5057 5042  0
4953 4965 4952 8270  0
7276 7834 7277 7346  0
3079 3078 3092 7884  0
7175 7239 7174 8100  0
720 7925 1016 1017  0
1293 2362 8146 8261  0
2862 2844 2843 8218  0
2810 2828 7714 8177  0
3340 4449 3346 4450  0
4529 4528 4512 8239  0
6230 6212 6213 7901  0
3823 8092 4163 3824  0
5528 5505 5506 8283  0
6750 7082 6749 7682  0
2389 2388 1303 7687  0
7735 1586 8115 8168  0
8419 1434 1617 8152  0
3100 3636 3101 8400  0
8302 6689 6690 8007  0
7148 7147 7085 7900  0
2872 2892 2873 8135  0
6428 8045 6415 7895  0
7735 7766 7668 7823  0
3395 3771 3394 8261  0
1357 7810 1536 7835  0
6660 7766 6678 6659  0
5474 5475 5497 8034  0
2961 2943 2942 7690  0
5736 6635 8238 8338  0
5604 8170 6479 6478  0
1639 1630 1638 8346  0
2467 8068 7705 2468  0
1138 8385 1343 1341  0
1127 1125 813 8001  0
1153 1154 8021 8206  0
2837 8175 2819 7919  0
5556 4482 5575 7836  0
5129 5130 5146 8158  0
5069 5068 5055 7971  0
3400 7731 3776 3399  0
5265 8227 8055 5264  0
7374 7444 7983 8320  0
7901 6248 8082 8288  0
3457 8078 7980 8324  0
5750 5751 8311 8404  0
3730 4419 3334 3328  0
2583 4732 4731 8429  0
4695 4694 4652 8310  0
8257 7537 7598 7599  0
3160 3149 3148 8254  0
6214 6195 7736 8252  0
6772 6773 7755 8369  0
7277 7213 7995 7916  0
7366 7436 7435 7942  0
379 7791 8193 8198  0
7858 1946 8055 8269  0
756 361 362 7917  0
3025 3011 3010 7901  0
5096 8150 5112 8336  0
7884 3064 8382 8358  0
5661 5662 7923 8434  0
2270 2235 8154 8323  0
240 8130 223 241  0
2048 2019 7709 8065  0
2271 2308 8096 8323  0
2247 2246 2282 8217  0
5750 4707 4668 8311  0
2798 2799 2769 8175  0
2522 2560 2523 8115  0
5856 5857 5882 8142  0
3651 6397 8190 4901  0
8035 1680 1679 7841  0
536 8151 481 535  0
3087 3101 3632 8400  0
4404 4417 8349 8443  0
5591 6492 6474 7702  0
7693 5443 5442 8348  0
7815 3015 3029 8002  0
7421 7845 7422 8286  0
1528 2417 1529 7838  0
5234 5235 5253 8126  0
6231 6230 6213 7901  0
4533 4085 4086 8427  0
6905 7739 8232 7363  0
2628 2593 2592 8240  0
3134 3133 3147 8300  0
3527 5879 3528 4788  0
6049 6027 7919 8135  0
2662 2628 2627 8240  0
225 8130 241 224  0
1153 8001 8021 8392  0
5357 5356 7701 8287  0
1772 1759 8016 8279  0
6305 6306 6322 8400  0
6258 6259 6276 7970  0
4465 5486 3346 4449  0
3867 3871 3501 8311  0
5546 5570 7832 8098  0
7900 7973 8317 8328  0
3088 3075 3074 8400  0
7790 7726 8053 8207  0
7872 8055 8383 8407  0
4486 4485 4470 8333  0
2456 7863 8324 7980  0
2618 2653 2654 8429  0
7800 3463 3462 2441  0
4434 4061 3733 4065  0
2428 2423 2422 8276  0
746 1045 745 7948  0
4502 4501 4486 8333  0
4730 4729 4713 8429  0
1607 2484 1608 7925  0
568 638 935 8388  0
1647 1648 1638 8346  0
4457 4470 4456 8333  0
3222 4319 3682 8275  0
6480 6566 6479 7988  0
8147 5093 4340 8279  0
917 7751 1155 918  0
2902 2884 2901 7967  0
7700 7702 7805 8180  0
5193 5210 8010 8059  0
3648 3135 3134 8300  0
5959 5937 7656 8319  0
1384 8078 7941 1383  0
1007 7713 1223 8179  0
8039 7767 7781 2601  0
3363 3358 4497 3364  0
4126 8112 3793 4127  0
8195 7753 7784 8113  0
745 744 350 8415  0
4748 4764 4747 8429  0
6805 6851 6804 8433  0
3743 4076 4497 3363  0
1008 7713 711 1007  0
5297 5278 5298 7933  0
8219 7653 5624 8101  0
7973 8214 8317 8328  0
7853 7869 7698 7941  0
7125 7124 7711 8038  0
5972 5995 5994 7871  0
2235 2270 2271 8323  0
7257 7763 8038 7327  0
962 8248 7908 963  0
6014 6035 6034 8386  0
809 391 810 8392  0
4497 3739 4498 3358  0
989 7813 8165 990  0
4495 7819 4511 4510  0
7494 8155 7845 7425  0
5515 5514 5491 7978  0
2283 2282 8192 8217  0
6424 6437 6436 8305  0
1909 1908 1926 8227  0
3578 3924 3583 8297  0
492 8040 8077 491  0
5490 5468 7956 5489  0
3134 3147 3648 8300  0
7983 7301 7914 8071  0
4471 4470 4457 8333  0
774 7791 379 380  0
5564 5584 5583 8323  0
5305 5304 8055 8356  0
4153 4155 3816 7903  0
6975 6974 6952 7850  0
5230 5213 7931 8059  0
6484 6468 6485 8031  0
1549 1550 7678 7800  0
7497 7564 7496 8155  0
6975 6952 7696 7850  0
7150 7742 7208 7945  0
7623 7622 7561 7979  0
6323 6322 6306 8400  0
7676 8084 8363 8093  0
3420 3422 7772 8337  0
6460 8263 6469 6468  0
5414 7891 8196 5436  0
982 983 7965 8044  0
1425 1426 1234 7997  0
5938 5960 5959 8319  0
5984 5983 5961 8319  0
7698 8042 8141 7914  0
4936 4937 4947 8346  0
4257 8372 3585 8297  0
1417 7759 7912 8179  0
7478 7703 8027 7479  0
5540 5563 5539 8323  0
4286 3977 4285 7840  0
4208 4181 4707 8311  0
2978 2962 3595 8252  0
2877 2878 3572 8386  0
7327 7258 7328 8038  0
5514 5515 5537 7978  0
4208 3871 3867 8311  0
1569 1570 1391 8044  0
7802 768 769 374  0
2639 2674 7864 8026  0
1348 7838 1527 1528  0
2344 1443 7964 8378  0
2383 1298 2384 8314  0
1248 1031 1030 8028  0
3867 3842 4208 8311  0
7386 7316 7317 7998  0
4625 4623 5702 7903  0
5434 8139 5412 7891  0
2375 8277 2376 7819  0
4707 4181 4668 8311  0
5788 7766 7767 7861  0
8391 644 690 8149  0
5959 7771 5936 5937  0
5564 5583 5563 8323  0
5564 5541 5565 8323  0
3571 3572 3568 8386  0
5775 7764 5776 8426  0
2382 1296 2383 8314  0
1250 1249 1441 8086  0
7655 1516 3420 8337  0
2341 2344 2342 8378  0
2074 8422 2046 2045  0
1389 1567 1568 8324  0
828 1105 826 7874  0
3627 3626 3089 8382  0
3582 3585 3583 8297  0
7388 7998 8046 7458  0
3576 2877 3571 8386  0
6351 6352 6367 8300  0
6367 6366 6351 8300  0
4009 8326 4328 4331  0
2695 2728 8295 8373  0
954 977 955 8412  0
4458 4471 4457 8333  0
896 895 917 7723  0
6323 6306 6307 8400  0
4763 2617 2652 2616  0
8391 1204 987 988  0
7314 7315 7384 8303  0
1538 1372 1556 7878  0
4648 5748 4649 7999  0
4750 2657 2656 2621  0
3404 2382 2383 8314  0
6485 6484 8031 8263  0
30 31 48 8361  0
4306 4937 4936 8346  0
1649 1639 1648 8346  0
5081 8255 5095 5080  0
2290 2291 2254 8333  0
4947 4958 4946 8346  0
2322 1463 2323 7911  0
1013 1230 1014 8012  0
6327 6326 6311 7752  0
2573 2536 8264 8343  0
1608 1424 1607 7925  0
1747 1748 8016 8279  0
82 81 105 8361  0
4947 4948 4959 8346  0
2616 2617 2580 8429  0
843 7839 844 8321  0
6153 7690 4867 6152  0
145 8393 144 121  0
8171 1757 1770 1756  0
2563 8318 2598 7861  0
2308 2271 2270 8323  0
4729 4712 4713 8429  0
5593 7679 5594 5610  0
3205 1630 1631 8346  0
2546 2582 2583 8429  0
7167 7232 7231 7914  0
3003 3019 7876 8299  0
5509 4465 5486 8406  0
1538 2425 2419 7878  0
8237 1619 2495 8419  0
7439 7506 7438 7862  0
1702 1691 1690 8035  0
4126 4586 4125 8042  0
3352 3347 3346 8406  0
3623 3626 3627 8382  0
60 79 81 8361  0
2578 3511 2579 8058  0
5095 5096 8255 5081  0
4935 4305 4936 8346  0
4729 4746 4745 8429  0
3206 1631 1632 8346  0
7956 5466 8291 8348  0
3088 3628 3075 8400  0
3631 3634 3635 7752  0
8366 7872 8383 8407  0
5142 5159 5158 8144  0
955 915 914 8412  0
55 58 39 8361  0
6516 6772 6515 8369  0
6752 7085 7084 7900  0
6682 6714 6681 8020  0
7708 7921 8195 8433  0
1144 1344 1149 7669  0
6471 6470 6462 8245  0
1881 8059 1880 1896  0
7170 7235 7234 7761  0
7653 7676 7845 8312  0
3124 8184 7756 3111  0
7772 7962 7661 7718  0
3122 3108 3121 8347  0
1042 743 8008 8153  0
7873 7182 7936 8060  0
7434 7435 6982 7942  0
1462 2321 1461 8192  0
8248 7803 961 7908  0
1769 1784 1770 8090  0
6259 6241 6260 7970  0
5763 7879 5764 8103  0
538 595 539 7882  0
784 804 785 8118  0
8427 3752 3374 8117  0
5185 5168 5169 7918  0
959 1183 7803 8164  0
7721 5346 7858 8138  0
6295 6294 6279 8432  0
6487 6488 7805 8245  0
5657 6512 5656 8042  0
2945 8109 8297 8372  0
7834 7415 8169 7984  0
3673 3672 3983 7895  0
2827 2828 8177 8294  0
1759 1747 8016 8279  0
7457 7387 7388 7998  0
1327 7929 7938 8202  0
3823 3448 3822 8285  0
1880 1881 1865 7931  0
6578 7808 6579 8247  0
2856 2855 2874 7919  0
434 370 369 7992  0
2505 2506 2462 8310  0
5086 7664 7981 8171  0
1444 1253 1254 8008  0
7876 3019 7970 8299  0
7688 3821 8079 8285  0
4339 3245 3697 3244  0
5942 5941 5918 8428  0
1849 1834 1833 8073  0
4968 8203 4980 7715  0
5485 5484 4421 8110  0
4658 8163 5718 5719  0
1327 7929 8202 8329  0
4691 5746 4648 8128  0
6065 6066 6086 7967  0
2166 2167 2135 7978  0
6467 6526 6466 8410  0
7982 8020 7745 7867  0
4429 2125 8349 2156  0
6464 5572 6465 8408  0
7593 7029 7592 8081  0
2817 2816 2835 8319  0
5612 5611 5594 7679  0
1648 7841 1647 1658  0
8435 3543 3536 3896  0
3572 7672 2878 2860  0
1261 1051 7920 7960  0
155 183 156 8393  0
5487 5488 5510 7956  0
5308 5307 5288 8269  0
1472 1470 1037 8097  0
7888 2197 2196 7956  0
7977 8037 5562 8154  0
2319 7913 2318 1459  0
572 641 573 7965  0
8048 2175 7893 8023  0
1914 1915 1898 7931  0
1898 1882 1897 7931  0
1229 1421 8012 8094  0
3429 8053 3804 3427  0
1296 1297 2383 8314  0
7766 6679 6678 5788  0
4418 4417 4054 8443  0
355 356 750 7787  0
7878 7751 7939 7854  0
2165 2199 2166 7978  0
7560 7492 7493 7979  0
76 100 79 8361  0
8035 1688 8326 8203  0
5615 5616 6498 7973  0
1391 1390 1569 8044  0
6165 6164 6146 7935  0
79 60 58 8361  0
7364 7942 7365 7434  0
5604 8170 5603 7977  0
4940 4952 4951 8270  0
7712 7667 7803 8285  0
7798 7929 8066 8329  0
7500 7567 7499 8298  0
7041 7042 6666 7764  0
5556 5574 5555 7836  0
3409 2387 7687 8088  0
1569 1568 2457 8044  0
7852 8191 8331 8410  0
5569 8031 5570 5590  0
2442 2443 1552 7678  0
2047 2046 2075 8241  0
7765 7764 7897 8155  0
7052 7757 6687 7051  0
2198 2197 2232 7978  0
2979 2980 2963 8252  0
8076 7686 8146 8261  0
7004 6637 6636 7999  0
5604 5583 5584 7977  0
8361 123 102 81  0
2921 2902 2920 7967  0
5780 5781 5795 7985  0
2557 2518 3503 7985  0
7754 7763 7822 8256  0
3363 3358 3739 4076  0
6658 7766 7823 8409  0
4720 8225 4702 2553  0
3187 7792 7840 3177  0
3727 4405 3328 3323  0
2167 2135 7978 7986  0
7169 7101 7170 7761  0
7725 4007 4005 4324  0
7485 7553 7552 7984  0
3479 8152 3480 2492  0
640 639 970 8070  0
3064 7884 3065 8358  0
2254 4486 4485 4501  0
5353 5352 5332 8200  0
7081 7144 7143 7682  0
5592 5593 5610 7934  0
5268 5249 5250 7931  0
5250 5232 5233 7931  0
4964 4952 4965 8270  0
7767 2599 7660 7861  0
3359 3364 3365 7888  0
7683 7867 8081 8091  0
6838 7098 7141 7914  0
8150 3702 4019 3259  0
7663 6820 8132 8180  0
7698 7983 7761 7914  0
535 8231 8151 591  0
4534 5662 4533 8434  0
1099 1086 1085 8251  0
2317 2280 2279 7926  0
7665 8195 8216 7851  0
1367 1172 1171 8080  0
6959 6602 7806 8232  0
1574 1395 1573 7807  0
8347 3097 3110 3109  0
2437 2473 8197 8205  0
2583 2619 2620 8429  0
6307 6324 6323 8400  0
5533 5557 4498 8406  0
8216 7665 7885 8080  0
1419 1228 7912 8094  0
6459 7959 8031 8098  0
5633 6541 5632 7829  0
3483 7961 3482 3854  0
6327 6311 6312 8382  0
3352 3358 3359 8406  0
1513 7655 1515 1516  0
3090 3091 3077 8382  0
6853 6806 7708 8433  0
3822 4161 4162 8285  0
2873 2855 2854 8135  0
3617 3614 3613 8358  0
6312 6313 6328 8382  0
2580 2617 2581 8429  0
351 352 746 7948  0
6281 6297 6280 8358  0
1017 721 7796 8166  0
8010 5193 8059 8073  0
3389 2358 3390 8049  0
7692 5108 8147 8279  0
3717 4370 3293 8200  0
5566 5585 5565 8323  0
4946 4935 4936 8346  0
68 100 76 8361  0
1736 1749 1737 8255  0
2271 8096 2309 2272  0
4064 4448 3345 2194  0
2944 3592 3931 8265  0
1631 1639 1640 8346  0
1648 1639 1638 8346  0
6806 7708 6552 6553  0
6975 7696 6987 7850  0
6307 6306 6291 8400  0
7126 7194 7125 8038  0
800 8234 799 406  0
3623 3627 3063 8382  0
2545 2582 2546 8429  0
6272 6273 6290 8400  0
4470 4471 4486 8333  0
6290 6306 6305 8400  0
3077 7884 3064 8382  0
2652 2653 2617 8429  0
6290 6273 6291 8400  0
4746 4763 4762 8429  0
1780 7664 7697 7824  0
5206 5223 5205 8293  0
4764 4763 4747 8429  0
1768 8171 1769 1755  0
6849 6802 7921 7951  0
2732 2700 2699 7915  0
7439 7370 7955 8071  0
6597 7718 6595 6859  0
6875 8013 6899 8278  0
4728 4729 4745 8429  0
7679 7911 8317 7724  0
7859 1435 8237 8419  0
6859 6882 6908 7718  0
6142 6141 7789 7848  0
978 1193 1194 8116  0
956 979 8116 8412  0
7903 8108 7774 8353  0
6788 6787 6568 7953  0
7169 7234 7233 7761  0
2959 2975 2976 7690  0
6875 6851 6876 8433  0
2633 8051 2632 8172  0
6853 7708 8230 8433  0
4635 5730 5731 7688  0
2388 3409 2387 7687  0
5443 5422 5423 8348  0
3093 3094 3080 7989  0
3358 3364 3359 8406  0
2583 2547 2546 8429  0
938 1172 1173 8080  0
3183 3192 7895 8045  0
7235 8320 7304 7761  0
4634 5729 5730 7688  0
961 7803 945 944  0
8136 8356 8407 5343  0
4605 4133 4600 7962  0
3250 3249 3254 8255  0
8381 7415 7834 7984  0
5542 8260 8323 7831  0
2388 2387 1302 7687  0
8082 6192 6193 8339  0
1265 1266 7944 8181  0
1434 1435 1243 7859  0
8374 5329 7721 5348  0
7663 7763 7769 8038  0
6459 8263 8031 7959  0
8030 7712 7942 7667  0
6399 6412 6411 8190  0
8251 7686 8261 8118  0
6525 8191 8410 6571  0
7177 7242 8014 8029  0
6248 6247 8082 8288  0
3376 1475 1477 8097  0
8065 8138 7709 8241  0
5758 8085 4671 4670  0
6784 7113 6783 7873  0
7319 7250 7320 8399  0
7189 7253 7188 8123  0
2114 2113 7893 8196  0
2944 3931 3588 8265  0
6683 6714 6682 8020  0
6004 6005 7919 8319  0
4642 7969 4167 8238  0
5439 5438 8196 8384  0
7743 8379 8145 7881  0
5385 5386 5407 8138  0
1507 2403 2402 8233  0
759 7827 365 760  0
8067 7197 7262 7198  0
4171 4648 7999 8019  0
8017 3759 7973 8416  0
677 676 723 8166  0
1443 2343 1253 8378  0
6074 6093 6073 8212  0
7803 961 960 944  0
892 913 570 7869  0
2265 2266 2230 7888  0
3755 4087 3754 8041  0
7836 8157 8217 8408  0
5575 5592 7836 7934  0
1562 2450 2451 7740  0
7354 7424 7423 7845  0
2875 8148 7919 8212  0
1903 1887 7865 7933  0
1878 8063 1894 8059  0
6716 6725 6715 8253  0
1534 7774 8276 8313  0
8277 2375 2376 1491  0
5926 5947 5925 8370  0
3277 4361 3710 3280  0
6685 6716 6684 8253  0
3651 6397 4901 4280  0
7108 7177 8014 8029  0
2309 2310 2272 8096  0
7776 8096 7988 7953  0
8162 3785 8088 8314  0
1384 1389 1197 8324  0
5128 5144 5127 8150  0
393 316 394 8021  0
3382 3383 3759 8416  0
3728 8384 4406 3331  0
2581 2582 2545 8429  0
3632 3088 3087 8400  0
8068 8163 7975 7705  0
5238 5220 7865 8015  0
5630 7826 6539 8032  0
3233 1710 4007 7725  0
4262 4264 4867 7690  0
3459 2460 3458 8019  0
1569 2457 1570 8044  0
5576 5592 5575 7934  0
1061 761 762 7773  0
2304 2303 1444 7964  0
392 393 811 8021  0
8173 2064 4387 8349  0
1667 1679 7841 8203  0
2379 1495 2380 7722  0
7793 7201 7202 8304  0
3399 3775 3398 7731  0
3371 3379 4080 7934  0
6204 6205 6223 7876  0
1938 1922 1921 7933  0
7808 7743 8145 8247  0
7638 7777 7637 7612  0
2775 3899 3540 8350  0
3298 4377 3302 3303  0
272 244 243 8439  0
6761 7094 7093 8101  0
1215 7732 7748 7809  0
2862 7672 7890 8218  0
852 851 459 7898  0
2309 7943 8096 2308  0
4589 8042 8112 8369  0
8044 7863 8070 8324  0
5554 5573 5572 8408  0
5553 5530 5531 8408  0
274 244 273 8439  0
7772 7661 7655 8127  0
5185 5184 5168 8005  0
7534 7595 7533 7783  0
2160 4447 2192 2193  0
7124 7711 8038 8256  0
2550 7705 2510 8440  0
4024 4026 3709 4359  0
3273 7782 4359 3274  0
3284 4029 3714 4366  0
1852 7782 8005 1837  0
7419 7349 7350 8312  0
7422 7352 7845 8312  0
7882 7754 7917 8151  0
7993 7251 8046 8296  0
8392 8206 1152 1153  0
3082 3083 8290 8347  0
7782 3273 4359 5197  0
5078 4339 3248 4342  0
543 542 7857 7992  0
8117 7949 8427 8112  0
1465 2324 1464 7911  0
1851 1852 7782 8126  0
1388 1195 1387 8156  0
6562 7873 6563 6782  0
75 96 74 8133  0
6905 7739 7363 6880  0
8405 3520 3521 8142  0
7877 3414 8112 8117  0
6064 6043 7967 8294  0
4354 8158 5162 5179  0
1100 7731 1307 1306  0
1616 2493 1617 8152  0
7739 6880 6881 6858  0
3480 3481 2493 8152  0
5571 7959 5548 6459  0
1497 1319 1499 8195  0
2130 7956 8291 8348  0
6609 5703 6608 8127  0
4529 4570 4528 8239  0
6257 6237 7970 8104  0
639 7869 952 8070  0
7190 7121 7122 8256  0
758 759 1058 7844  0
3371 3745 2325 7934  0
5551 5552 6464 8408  0
4966 8209 4953 4954  0
7036 7051 7035 8257  0
1405 7735 7748 7732  0
6956 8230 6930 7710  0
7821 3763 4096 4097  0
8383 1910 1928 1927  0
7863 7965 8044 8070  0
7683 7795 7763 7754  0
6119 8109 6118 7789  0
4013 3251 3255 1775  0
2038 7666 7693 2068  0
7184 7115 7116 8060  0
61 83 62 8361  0
2064 2035 4387 8349  0
6024 6001 7906 8064  0
3336 3330 3329 7693  0
2035 2064 2065 8349  0
3081 3082 8249 8347  0
1914 1913 8269 7931  0
6064 7890 6041 8294  0
7819 7932 8277 8380  0
8215 8062 4196 8301  0
1329 1327 820 7929  0
7714 2831 7906 8064  0
6263 8288 8358 8185  0
3066 3052 3051 8288  0
2197 7888 2196 2231  0
2930 2947 2948 8109  0
5304 5305 5323 8356  0
420 477 421 7787  0
3340 3341 3335 8348  0
757 362 7844 7917  0
2696 2728 2729 8295  0
1173 1368 7678 8080  0
6971 6948 6949 8043  0
5782 5781 6672 7985  0
6648 6647 7015 7866  0
4961 4960 4949 7825  0
4604 5674 4599 8199  0
8318 2633 2598 7660  0
2337 2299 2336 7819  0
2743 8188 8000 2710  0
4163 4639 4164 8092  0
2319 2281 7926 8192  0
2857 2836 2856 7919  0
1650 1660 1661 7825  0
7606 7605 7544 7778  0
1040 741 1041 8371  0
6110 8341 6109 6089  0
8194 3145 3144 3131  0
2160 4433 3339 8443  0
394 8436 316 317  0
7314 7384 8025 8303  0
2291 2290 4502 8333  0
5897 5896 5872 8188  0
7466 7533 7465 7783  0
5932 5953 5931 8189  0
2710 2709 2742 8188  0
7466 7763 7467 7783  0
3863 3864 7892 8128  0
5964 8107 5963 8120  0
7702 6492 7724 7934  0
6106 6105 6085 7967  0
1090 1298 1297 8321  0
4651 4694 4693 8310  0
2154 4440 4441 8354  0
7941 7863 8078 8324  0
969 968 981 8070  0
349 8153 8415 743  0
1450 2309 7960 8096  0
773 1072 772 8193  0
2271 8096 2272 8323  0
7681 7755 7923 8369  0
7606 7607 7632 7778  0
2523 7735 2524 1588  0
5121 5105 7692 8016  0
7600 7758 7539 7601  0
764 1063 763 7947  0
2524 2523 2561 8115  0
7746 8343 2612 2611  0
3104 3091 3103 7884  0
459 892 514 7869  0
1714 1725 1726 7957  0
7435 7436 7504 7942  0
2850 2831 7714 8064  0
3335 3336 3329 7693  0
1797 1810 1811 7918  0
8235 2915 2916 7789  0
7909 345 638 637  0
6163 8299 7935 6184  0
3157 3144 7659 8229  0
992 7813 7886 8036  0
7304 7305 7374 8320  0
661 707 8047 8231  0
6754 6755 7087 8006  0
663 7713 710 664  0
1047 1046 747 8365  0
3125 3113 3643 7788  0
4358 5232 5214 7931  0
7657 7667 7688 8079  0
6846 7880 8282 7951  0
7711 8191 8256 8376  0
531 587 588 7786  0
4651 4693 4650 8310  0
7768 8290 3084 8184  0
5670 7743 8137 7808  0
7376 7446 7445 8320  0
5441 5419 5420 7693  0
4405 4420 3328 7693  0
5410 5432 5431 8065  0
6024 6025 6046 8064  0
5196 7931 4355 5213  0
7837 7873 7943 8170  0
4152 4153 3814 8108  0
2369 7875 1485 2370  0
8184 6322 6305 6321  0
804 805 785 8118  0
5630 4554 7826 8032  0
7773 761 7827 8160  0
7735 2523 2524 8115  0
7016 7579 7580 7866  0
1014 1015 718 8012  0
6527 6738 6737 8376  0
351 415 416 7948  0
7151 7742 8006 8413  0
2834 2815 8319 2816  0
2632 8051 8134 8172  0
3245 5078 3248 8255  0
6023 6022 7714 8064  0
1727 1716 7957 8244  0
4562 4595 4561 8056  0
2522 2559 2560 8115  0
5346 5345 7858 8138  0
917 957 1155 8116  0
5383 5362 7907 8136  0
957 956 979 8116  0
7841 1648 1647 8346  0
7691 7949 8011 8234  0
7869 7853 7698 8167  0
4674 4187 4186 8106  0
6040 6041 7890 8294  0
6728 8253 6718 8074  0
7685 3013 7736 8002  0
6492 5610 7724 7934  0
2220 2187 4470 8333  0
2851 2852 2831 8064  0
6022 6023 6044 8064  0
41 31 30 8361  0
800 406 407 8011  0
7248 7183 7184 8060  0
574 517 8011 518  0
7757 8111 8264 8343  0
1013 1012 1229 8012  0
7825 1633 1642 1641  0
7679 7911 7934 8208  0
3074 3075 7689 8400  0
7936 7247 7998 8060  0
1661 1651 7825 8275  0
6101 6121 7789 8235  0
4047 2035 2036 8349  0
5571 6459 8031 8098  0
2053 2052 8196 8224  0
6401 6414 8045 8254  0
4192 4191 7737 7961  0
8304 7724 7080 7682  0
2137 2107 2106 8034  0
7666 5400 5422 5401  0
8263 6459 6460 7959  0
3323 3328 3329 7693  0
3686 4322 3684 3226  0
8074 2643 2608 7968  0
8074 5850 6736 6735  0
6660 7766 8409 8091  0
2431 1540 1539 8276  0
7774 7798 8001 8202  0
985 7807 8344 1202  0
7953 6789 7993 8123  0
582 7797 8036 8226  0
8078 7853 7727 7698  0
7529 7590 7528 7856  0
3957 3632 3101 8400  0
7299 7230 7300 8071  0
6284 6266 8249 8288  0
7879 7616 8072 8381  0
789 845 790 7839  0
4403 4402 4390 8349  0
5634 7808 4598 8204  0
7931 3707 4023 3276  0
2037 2038 2009 7693  0
7902 3766 8219 8280  0
6009 6008 8107 8148  0
1899 1883 7931 8309  0
3631 8432 3625 7752  0
4005 7725 3229 1698  0
2429 2423 2428 8276  0
5687 6594 6591 7739  0
2314 1455 2315 8331  0
1008 7713 1007 8179  0
3095 3096 3081 8347  0
7518 7580 7579 8246  0
7850 5724 6622 8178  0
8198 1071 772 771  0
5858 5883 5882 8142  0
5296 5276 5277 7933  0
7832 8260 7852 8281  0
1715 8244 7957 1716  0
3236 7725 4007 1710  0
6526 6484 8376 8410  0
4163 4162 4638 8092  0
4989 7811 4976 4319  0
5495 5494 5473 7986  0
335 315 334 8021  0
6461 8245 6469 7959  0
6125 6126 7935 8052  0
476 420 7670 7787  0
4017 3262 1804 3258  0
2516 7716 8178 8205  0
7207 7742 7945 7208  0
6490 6489 6465 7805  0
527 7797 472 526  0
4949 4938 4950 7825  0
356 421 357 7787  0
7896 6694 8335 5755  0
7948 7720 8008 8415  0
3238 3242 3239 7991  0
7869 913 891 892  0
6200 6201 6219 7815  0
8308 7583 7522 7966  0
2730 2729 7915 8295  0
4405 3328 3323 7693  0
1017 721 720 7796  0
675 674 721 7796  0
7686 7653 7676 7845  0
5955 5956 7906 7771  0
7764 8128 8426 7892  0
833 831 327 7885  0
7799 6521 7847 8268  0
1371 1372 1358 7854  0
2125 2126 2094 8349  0
5782 8083 5783 7996  0
4138 7655 3800 3798  0
1774 3251 8279 1775  0
5999 5976 5977 7714  0
998 1214 1215 7732  0
7916 8018 8101 8219  0
7449 7517 7930 8246  0
7444 7375 7445 8320  0
610 554 553 7904  0
6517 6774 6773 7923  0
3103 3091 3090 7884  0
3876 3877 3872 7976  0
7846 7973 8414 8416  0
7187 7186 7118 7993  0
327 7733 831 404  0
7820 7135 6794 7134  0
1454 7920 8181 8331  0
4093 4540 4539 7973  0
7578 7866 7015 8259  0
3490 2502 3489 7974  0
1822 1823 1809 7824  0
6587 5686 6588 7962  0
4351 4352 3263 3704  0
4400 4385 4386 2033  0
6393 6408 8024 8229  0
7599 7036 7035 8257  0
7116 6787 7117 7993  0
5893 5894 5916 8438  0
6741 6531 6742 8180  0
3411 3790 7687 8061  0
4328 4009 4008 3689  0
7899 424 7917 8151  0
2594 2595 2559 7996  0
6125 6145 6124 8052  0
2661 3521 2693 8142  0
2938 2921 2920 8052  0
2404 7655 8210 1514  0
5948 7871 5947 8370  0
8134 2664 2665 8295  0
6780 7837 8268 6524  0
5087 5073 5088 8398  0
8000 5898 8188 8350  0
2314 2313 1454 8331  0
6944 6918 6919 7881  0
2910 3581 2893 8212  0
863 841 862 8222  0
4109 4110 4556 7826  0
7224 7288 7223 7958  0
2918 2919 2900 8052  0
1706 1707 7811 8244  0
5773 4685 5772 8089  0
3015 3016 2999 8211  0
6759 7092 7916 8101  0
1524 7838 8367 1526  0
2277 2241 7832 8098  0
7747 3104 3103 7884  0
6540 6794 7820 7958  0
7952 7557 7556 8072  0
7283 7353 7352 7845  0
1907 1906 1924 8114  0
6083 6105 6104 8052  0
3239 1723 1711 7991  0
8127 7774 8213 7903  0
632 929 7924 8066  0
4539 4540 5615 7973  0
6706 8072 7737 7070  0
5150 5151 5167 7918  0
3698 4016 3252 4341  0
1945 1962 1963 7858  0
1018 1019 722 8166  0
5915 5893 5916 8438  0
5297 5298 7701 7933  0
8227 8407 8383 8055  0
6317 7989 8249 8347  0
3774 3775 4108 7826  0
6328 6313 7884 8382  0
6427 6426 6414 8045  0
2842 2823 3564 7871  0
1204 8391 7807 8165  0
2990 3006 2991 8033  0
4292 7895 4923 3982  0
7765 7726 7958 8004  0
1786 8016 1772 1771  0
6798 6543 6544 7829  0
5185 5201 5184 8005  0
7962 6588 6595 7718  0
5665 5600 5601 8050  0
7687 7652 7698 8061  0
5371 5392 5391 8139  0
7034 8257 7035 8228  0
1676 8203 7715 8326  0
1316 1317 1495 7851  0
8058 7684 7770 8094  0
6304 6288 7768 8184  0
3730 4061 3334 4419  0
7597 8257 8228 7783  0
1278 2345 1277 8208  0
5398 5399 7693 8287  0
3851 3479 3850 7717  0
2335 2336 2298 7819  0
5742 5743 4647 7946  0
7716 4211 8178 4705  0
1892 1893 8063 8227  0
8096 7776 7943 7960  0
2563 8318 2562 2598  0
3820 3446 3445 7688  0
2384 3405 2383 8314  0
7797 7873 7720 7728  0
7674 7820 8076 8032  0
7289 7224 7163 7958  0
8205 2514 8225 2470  0
8270 3198 3677 4298  0
6763 7095 6762 7653  0
7802 7846 7796 8198  0
7225 6841 6857 8004  0
4331 8326 4328 5018  0
5900 5875 5901 8000  0
7681 7749 7930 8320  0
7713 1008 8087 8179  0
466 520 7987 8375  0
6872 6873 6897 8278  0
7678 1373 8079 1552  0
2232 2233 7978 8154  0
5666 5633 4558 7829  0
5204 5222 7865 8069  0
6029 6030 6051 8212  0
7644 7643 7618 8072  0
4723 4704 4705 7716  0
2923 7673 2939 2940  0
6219 6199 6200 8211  0
3693 4333 3241 3238  0
7625 8155 8159 7563  0
548 605 549 8327  0
511 512 8118 8174  0
7773 763 7947 7992  0
7667 5730 5731 6629  0
3244 4337 3241 4336  0
4002 4003 3683 4318  0
4440 2154 4441 4455  0
3677 8270 4298 4308  0
4313 4307 3997 4312  0
2002 7709 8139 8271  0
5292 8271 5311 8182  0
5955 7906 5978 8189  0
3230 8326 4328 3689  0
3691 8326 3237 3234  0
7827 7857 542 7992  0
1225 1224 1416 8179  0
7118 6788 6789 7993  0
7463 7393 8161 8296  0
2965 2966 2949 7848  0
7999 7892 7897 7734  0
1008 1224 1225 8179  0
7716 4724 4214 3874  0
1514 7655 1513 1516  0
1327 7938 1329 1330  0
3942 3943 4265 4876  0
2035 4046 4047 3721  0
2590 7716 2591 2554  0
2120 2151 4437 2119  0
7726 7878 7892 7751  0
5300 7675 8114 8366  0
7353 7284 7354 7972  0
7220 7820 7221 7972  0
7855 8317 8077 7802  0
8155 7494 7979 7495  0
4177 4170 4646 7980  0
6535 6534 6474 7702  0
1968 1986 1969 8271  0
7121 6814 7122 8256  0
7754 7822 8191 8256  0
6985 6971 8043 8355  0
4354 5162 4351 4352  0
7754 7780 7899 8151  0
7124 6816 7711 8256  0
7193 8256 7192 7124  0
3465 3457 3838 7980  0
1286 1076 1287 7812  0
1741 1740 1753 7981  0
2121 4438 8354 2120  0
7185 7116 7117 7993  0
488 543 489 7992  0
564 563 8084 8124  0
7186 7185 7117 7993  0
368 367 432 7992  0
455 8124 511 8118  0
7344 7984 7414 7413  0
6163 6182 8105 8299  0
6788 7117 6787 7993  0
1257 7943 8266 8365  0
2874 2875 7919 8212  0
5249 5248 5231 7931  0
7821 4098 8219 7902  0
3759 4093 4092 7973  0
7511 7730 7510 7983  0
1940 1923 7675 8114  0
8024 3662 3666 3189  0
6849 6873 6848 7951  0
6038 6016 6017 8218  0
7204 7741 7900 7205  0
1460 1269 1270 8160  0
7503 7734 7502 7433  0
6167 7673 6147 6148  0
6541 7826 5632 7829  0
6794 6540 7820 6539  0
2130 3342 7956 8348  0
2826 2825 2845 8218  0
2245 2211 2210 7959  0
1554 7892 7878 8156  0
3285 1901 8015 8368  0
6540 7820 7826 7958  0
7162 7163 7224 7958  0
1855 1870 7865 8005  0
5794 7985 7990 5779  0
7286 7355 7285 7972  0
5383 5362 5384 7907  0
8096 7776 7960 7852  0
6528 7711 8263 6529  0
4622 8127 5701 4623  0
8365 1259 1049 1048  0
7677 7847 8014 8268  0
645 8149 576 644  0
6497 6498 7900 7973  0
2278 2279 2243 8098  0
4600 7772 5675 7962  0
4122 7687 8141 8359  0
32 42 43 8361  0
6313 6329 6328 7884  0
7820 7135 7134 7958  0
7343 7412 7342 7742  0
7627 7566 7897 8155  0
8024 6435 4913 4283  0
432 431 488 7992  0
3104 3118 3105 7884  0
1925 1926 8227 8383  0
7653 6761 6507 8101  0
7119 7118 6789 7993  0
3268 3264 3267 8158  0
7893 8384 5438 5459  0
1403 1586 7735 8168  0
1537 7810 7835 1536  0
2838 7919 8107 2837  0
7899 8316 7786 7780  0
6595 6592 6587 7962  0
6595 6597 6592 7962  0
5994 8218 6016 7871  0
7962 5675 6588 7718  0
3275 1851 7782 8126  0
8335 4727 4709 5791  0
2887 2904 2888 8064  0
8372 4866 8339 6134  0
5695 4618 7806 8232  0
3070 3055 3054 8290  0
417 7797 416 473  0
5185 5168 7918 8005  0
369 7947 370 764  0
8380 7951 6546 8282  0
6800 6547 6801 7951  0
5485 5484 8110 8283  0
6633 7862 8201 6997  0
7118 7117 6788 7993  0
1009 7912 8087 8179  0
3365 2265 3360 7888  0
2594 2558 2593 7996  0
7274 7742 7344 7343  0
8208 8317 8214 7679  0
2828 2848 7714 8294  0
434 369 433 7992  0
582 526 7797 8226  0
3689 4009 3691 3234  0
8056 4594 4561 8332  0
3930 4862 4259 8265  0
5752 8340 7866 6649  0
133 157 134 8393  0
7942 7727 8092 7712  0
4721 4702 4703 7716  0
5052 7957 7971 7991  0
6795 6541 6796 7958  0
7302 7303 7372 7983  0
4703 4660 4661 7716  0
1711 1723 1712 7991  0
1733 1720 1732 7940  0
5797 5796 5782 7996  0
7116 6786 6787 7993  0
454 803 389 8124  0
8434 7799 4535 5596  0
8237 8363 8402 7859  0
2766 7656 7771 8319  0
4189 4190 7717 8103  0
7805 7926 8192 8263  0
7670 8036 8226 7928  0
4704 4722 4703 7716  0
7838 2415 8108 8367  0
7119 7187 7118 7993  0
7162 7224 7223 7958  0
6540 7826 6541 7958  0
7751 917 1155 8116  0
5797 5782 5783 7996  0
5833 8240 5813 5834  0
1221 1005 1004 8047  0
5243 5262 8114 8227  0
3434 3436 2414 8367  0
8012 7857 8183 8094  0
6149 6167 7673 8033  0
7311 7310 7241 8014  0
6131 6111 6132 8265  0
5641 7722 7951 8380  0
3380 3757 3378 8214  0
1513 1124 1515 8210  0
2554 2591 2555 7716  0
8015 5274 5255 8368  0
4330 3234 3691 4009  0
6517 5662 6518 7923  0
4173 4172 7999 8019  0
2691 2658 2690 8437  0
5340 5341 5360 8136  0
580 649 581 7813  0
1153 1351 1154 8206  0
54 86 87 8133  0
7753 7712 7839 8088  0
3500 8178 2516 7716  0
3643 3642 3136 8306  0
1228 8012 8183 8094  0
1586 2521 8115 8168  0
579 648 580 7813  0
5064 5078 7991 8255  0
2871 2852 2870 8135  0
5379 5358 7680 8287  0
7771 5958 7906 8319  0
7662 7671 7764 8089  0
6683 8081 6682 7047  0
8054 6112 6111 8265  0
1010 1226 1227 7912  0
5895 5896 5918 8188  0
1663 1673 1674 3222  0
4183 4670 4671 8085  0
8354 2030 2031 2060  0
1018 722 721 8166  0
2789 2810 2790 8177  0
4739 7716 4722 3878  0
3723 2055 3325 8196  0
3146 3145 8194 3132  0
6543 6797 6542 7829  0
7915 2729 8189 8295  0
6971 6949 6972 8043  0
6044 6066 6065 7967  0
1110 1111 1317 7851  0
6742 6532 6743 8180  0
7104 6774 6775 7923  0
2871 8420 8135 2870  0
4181 3842 7950 8009  0
4546 4545 4099 8219  0
7286 7356 7355 8267  0
4606 7739 4607 5688  0
1016 1233 1017 7925  0
2871 2891 2872 8135  0
4104 3770 8076 8146  0
2640 2641 2605 7864  0
1577 1385 1442 8086  0
5667 6542 5666 7829  0
3872 3511 7976 8058  0
4970 7841 4982 8203  0
4874 3945 6206 8033  0
1768 1755 7664 8171  0
5538 8037 8154 5561  0
7733 327 7885 8388  0
6988 6625 6624 7696  0
6922 6921 7880 8043  0
7781 5844 5843 8039  0
7735 7728 7668 8036  0
3497 2480 3470 8009  0
579 522 578 7987  0
4109 4555 4108 7826  0
8395 3187 7792 7840  0
8059 5194 5193 5210  0
2207 2173 2206 8048  0
4620 4150 4624 8418  0
4109 3776 4110 7826  0
6637 7806 6619 7999  0
900 8216 879 8080  0
535 7780 591 8151  0
704 7809 1000 7910  0
4665 5725 5726 7696  0
2842 7672 2860 2861  0
7862 7439 7955 8071  0
6942 6964 6941 8213  0
7693 5443 8348 5422  0
7670 7943 7948 7873  0
5355 5335 7701 8095  0
1571 1393 1392 8044  0
7371 7301 7983 8071  0
7694 7821 7801 7812  0
4770 4786 4769 8437  0
7074 6710 8122 8215  0
383 447 448 7922  0
1740 1739 1751 7971  0
5581 5582 5602 7977  0
3771 3394 8146 3770  0
1279 2348 7855 8017  0
5842 7660 8039 8274  0
4335 4334 4332 3694  0
5688 6594 5687 7739  0
2436 2471 2472 8205  0
3821 3446 7688 8079  0
1830 1816 7785 8144  0
6049 6028 6050 7919  0
2283 2282 2320 8192  0
6005 5983 7919 8319  0
7134 7222 7820 7958  0
3298 4377 3299 8095  0
1215 7748 1406 1407  0
1660 1670 1671 7825  0
2403 1508 1485 8233  0
4397 2029 4382 4383  0
2793 2794 7906 2814  0
7292 7225 7293 8004  0
430 486 487 7827  0
7316 8303 7998 7386  0
8033 7935 2989 7876  0
2431 2430 7705 8276  0
8088 7753 8162 8314  0
1998 1997 2016 8423  0
1638 1630 1629 7695  0
7623 7561 7562 7979  0
5602 5601 5581 8050  0
2035 4046 4387 4047  0
6050 6051 6072 8212  0
900 8216 901 879  0
5726 5725 6624 7696  0
1840 1825 7918 8069  0
4721 8225 2554 2553  0
7517 7866 8246 7579  0
7912 8264 7759 7658  0
8431 7687 8167 8357  0
583 652 584 8226  0
940 941 8125 8164  0
4705 4724 4723 7716  0
2491 8152 1615 8131  0
1223 1415 1224 8179  0
4662 4705 4704 7716  0
2555 2556 2515 7716  0
878 879 858 8216  0
2873 2892 2893 8212  0
6128 8341 7690 7673  0
3224 3687 3223 3227  0
8327 8077 8317 7802  0
6113 8054 6091 6092  0
2406 1522 1340 8210  0
8270 3997 4313 4308  0
3293 3715 1952 8271  0
3224 4323 3223 3687  0
7715 3218 8270 1643  0
4955 4954 7715 4967  0
3428 7655 3425 3800  0
7879 5762 8106 8103  0
3564 2841 2842 8272  0
4312 3679 3208 4313  0
1340 1520 2406 8210  0
3997 8270 3208 3209  0
1966 1983 1984 8271  0
1461 7700 7773 1462  0
7743 8127 8213 8247  0
8011 7691 8149 8375  0
4622 8127 7661 5701  0
2404 1520 1338 8210  0
3310 4383 4382 2029  0
1523 7838 7669 8210  0
3311 2030 4384 4383  0
3314 4042 4386 2033  0
937 938 899 8080  0
1494 1495 7722 7851  0
7686 8028 8084 8174  0
6975 6952 6953 7696  0
4853 8386 8325 3575  0
2404 7655 3425 8210  0
7690 6111 8054 6110  0
7860 7837 7964 8050  0
3032 3048 3033 7970  0
6218 6199 6219 8211  0
6074 6052 4854 8212  0
6199 8002 6218 6198  0
5593 7679 7934 5594  0
5916 5915 8438 8442  0
3997 8270 3209 4308  0
8024 3974 3971 4283  0
3997 8270 4313 3208  0
734 8284 735 1034  0
1984 2002 2003 8271  0
3372 8332 2326 4081  0
1174 940 8125 8164  0
548 549 7802 8327  0
2554 2555 2514 7716  0
4384 2030 4398 4383  0
8271 4368 5292 5312  0
4211 8178 4705 4706  0
7925 8012 8223 8327  0
3310 2029 4382 4037  0
3227 4323 3224 3687  0
5922 8000 5899 5923  0
763 368 369 7992  0
7968 3529 2679 2680  0
5997 8177 8294 8387  0
3689 8326 3234 3231  0
2591 4721 4722 7716  0
4020 8150 3702 4349  0
4320 4003 4318 4321  0
4460 4459 4445 2190  0
4312 3679 4315 4001  0
4404 4418 4417 4054  0
3900 5946 4818 8350  0
4312 8270 4315 3679  0
8270 4312 4316 4313  0
4312 8270 4316 4315  0
3562 3917 3567 8272  0
3208 8270 3679 3212  0
2516 2556 3500 7716  0
4661 4662 4704 7716  0
4722 4704 4723 7716  0
7851 1112 8216 1111  0
1921 1922 1904 7933  0
719 7925 1016 8327  0
3220 4320 3223 4321  0
6622 5723 8355 8178  0
6976 8013 7905 7696  0
433 368 432 7992  0
7959 7926 8031 8098  0
7251 7250 7186 7993  0
7577 7014 7013 8259  0
8336 1762 8150 3254  0
433 369 368 7992  0
3327 2066 4050 3321  0
606 674 7796 8327  0
6869 7880 8057 6870  0
7121 8123 8191 8256  0
7157 7094 7653 8101  0
6835 8282 8057 6585  0
3244 4012 4339 4336  0
7822 7711 8191 8256  0
3693 4333 3238 3237  0
5968 5991 4843 5969  0
4330 8326 4009 4331  0
4333 4010 3693 4011  0
4009 4328 4330 4331  0
5004 3228 3231 4326  0
3689 8326 4009 3234  0
4339 7991 5063 5078  0
4339 7991 4337 5063  0
6464 5552 5572 8408  0
4326 4323 4006 4325  0
6589 7772 5676 6575  0
3878 7716 4740 3507  0
3230 3234 3231 3689  0
5243 8063 8227 8293  0
5899 5898 8000 8350  0
416 7797 415 472  0
548 7802 8077 8327  0
8327 718 1015 8012  0
4323 4321 3223 4320  0
1641 7825 1632 1640  0
7796 605 8327 549  0
5096 7697 8336 8255  0
3687 4323 3223 4004  0
6015 7871 6016 8272  0
3775 7833 7731 7826  0
7615 7641 7640 7879  0
3224 4977 3223 4323  0
6859 6908 7661 7718  0
762 367 7827 761  0
4336 3695 3241 3244  0
3231 4326 3227 3230  0
7349 7952 7995 7419  0
762 7827 7773 761  0
4012 4336 3244 3695  0
7924 291 341 322  0
5078 3245 3248 4339  0
816 1129 815 8329  0
7210 7153 7211 8413  0
3244 4336 4339 4337  0
7827 7857 7773 7654  0
4333 4010 3237 3693  0
3691 8326 4330 3237  0
3691 4010 3237 4330  0
4330 8326 4331 3237  0
367 368 762 7992  0
3237 3693 3241 3238  0
4333 4331 3237 4330  0
4330 4010 3237 4333  0
8248 906 945 7803  0
7857 7773 7947 7992  0
7774 7743 8202 8337  0
5814 5815 5835 8240  0
5642 7951 6548 5641  0
4337 5048 3241 4333  0
4336 4337 3241 4011  0
3693 3695 3241 4011  0
4336 4011 3241 3695  0
3693 4011 3241 4333  0
4337 4333 3241 4011  0
4008 4325 3230 3688  0
4326 8326 3231 5004  0
3997 4307 4000 4312  0
3564 3560 3563 8272  0
4328 4325 3230 4008  0
4328 4326 3230 4325  0
1606 1605 7770 8094  0
4259 2928 3930 8265  0
7797 416 473 472  0
1984 7709 2002 8271  0
3289 8271 1952 3715  0
5650 8162 4581 8236  0
3688 4006 3227 3687  0
3230 4326 3227 4325  0
3230 4325 3227 3688  0
4990 4323 3227 4326  0
4325 4006 3227 3688  0
4325 4326 3227 4006  0
3687 4006 3227 4323  0
4326 4323 3227 4006  0
1124 1122 7669 8210  0
8272 3898 3897 4843  0
8270 4002 3683 4318  0
7709 1983 7721 8271  0
7655 3428 3425 8210  0
4004 4320 3223 3685  0
1968 1985 1986 8271  0
5331 5312 8200 8271  0
4001 3679 4000 4312  0
7691 7987 8149 8375  0
1966 1967 7721 8271  0
2404 1513 1514 8210  0
3718 8368 4031 4371  0
3677 8270 4308 3209  0
347 411 8153 8375  0
6030 7919 8148 8212  0
3430 3428 7655 8210  0
1139 7669 1342 1144  0
4548 7653 8280 5624  0
5734 8092 8201 8338  0
467 466 7987 8375  0
4693 8273 4650 8310  0
3308 3309 4036 2028  0
2034 3315 3314 4042  0
4702 4721 2554 7716  0
4323 4320 3223 4004  0
2031 4039 3312 3311  0
6620 6618 6621 8355  0
3687 4323 4004 4006  0
505 449 448 7922  0
4977 3221 3224 3220  0
5012 5026 5025 8244  0
7678 1174 8125 8164  0
4315 3679 3681 4001  0
4315 4001 3681 4002  0
3216 4002 3681 3683  0
4002 8270 3681 4315  0
3212 3216 3681 3679  0
5292 8271 5312 5311  0
3679 8270 3681 3212  0
741 8153 8371 8375  0
3870 2517 3500 8178  0
802 740 8342 8375  0
4975 4963 4976 8275  0
1983 1966 7721 8271  0
3224 3220 3223 4977  0
3989 8270 3988 3199  0
804 803 454 8118  0
1292 2361 8146 8258  0
3220 3685 3223 4320  0
1968 1967 1985 8271  0
7838 1524 1346 1526  0
3428 2408 2406 8210  0
1342 8210 1522 7669  0
7655 2404 3425 2405  0
7655 1514 1513 8210  0
8368 3286 3290 3716  0
3562 3567 3568 8272  0
5289 8182 8269 8309  0
7846 7887 8176 8193  0
8271 1951 1950 8182  0
1984 7709 1983 2002  0
7696 4176 4632 4665  0
8210 1124 8001 7669  0
5312 5331 5330 8271  0
7889 8011 8342 8375  0
1969 1986 8200 8271  0
408 802 8342 8375  0
740 741 8371 8375  0
2805 2824 2806 7871  0
5310 5329 7721 8271  0
8271 1969 1951 1952  0
1520 1340 1338 8210  0
8036 7670 7797 7668  0
2406 3425 3428 8210  0
7669 1524 1523 1346  0
1124 8210 8001 1515  0
1513 7655 8210 1515  0
5310 7721 8182 8271  0
2807 2826 2808 8387  0
1984 1985 1967 8271  0
3685 4003 3220 3683  0
4370 8271 8200 5312  0
4318 4003 3220 4321  0
3683 4003 3220 4318  0
3685 4320 3220 4003  0
4321 4003 3220 4320  0
5992 5991 5970 8272  0
8271 3715 4370 3293  0
4321 4323 3223 4977  0
7128 7663 8132 7196  0
2407 1341 2409 8385  0
1055 7944 8181 1056  0
5600 5665 7860 8050  0
1338 1122 1513 8210  0
3229 7725 4324 7811  0
5591 5575 5592 7836  0
6302 6301 8290 8347  0
773 8198 378 8193  0
3122 8194 8300 8347  0
8194 6334 8347 6333  0
1487 7938 7875 1486  0
7837 6476 6475 6562  0
2047 2075 8065 8241  0
5788 5804 5803 7767  0
5836 5816 5837 8051  0
1663 8275 1652 1662  0
8171 5089 8016 5074  0
1523 7838 1524 7669  0
3992 7695 3993 4302  0
8368 3295 3294 3290  0
7930 7307 8100 8320  0
448 447 504 7922  0
2631 8318 8051 2632  0
676 677 7904 8166  0
1311 1489 1310 8289  0
3785 3406 8088 8314  0
3107 7989 8194 8347  0
7401 7758 7769 7402  0
830 827 829 7733  0
8234 800 8284 8011  0
4556 4557 5632 7826  0
2864 2884 2865 7890  0
3095 3081 8249 8347  0
4444 2190 4445 4459  0
5665 5601 6475 8050  0
5631 6540 6539 7826  0
2499 3487 2500 8062  0
1531 7774 8206 8353  0
1035 735 736 8284  0
3945 3940 3608 8033  0
7777 7894 8103 8106  0
1686 1698 3229 1697  0
8347 3123 3110 8300  0
346 8153 741 8375  0
4108 4554 4107 7826  0
2579 7770 3504 2542  0
7916 7653 8101 7995  0
992 991 1208 7886  0
2517 2474 2473 8178  0
1506 2402 8233 1507  0
6791 8256 6814 7121  0
8123 7754 8191 8256  0
1377 7803 7908 1184  0
7910 7809 8307 8330  0
8092 7727 7862 8338  0
762 763 7773 7992  0
7795 7754 8123 8256  0
535 480 534 8151  0
1907 1908 1891 8114  0
2230 2266 2231 7888  0
7265 7793 8304 7266  0
2999 2983 2998 8211  0
7851 1112 1111 1318  0
6092 6071 6072 8212  0
6051 6050 6029 8212  0
7776 7852 8181 7920  0
4700 4658 4701 8225  0
6480 6479 5605 7988  0
8343 2645 7968 2609  0
8245 6461 6469 6470  0
3426 3801 3424 8053  0
4070 7836 4466 8157  0
1207 990 1206 7886  0
1110 1316 1109 7851  0
1109 1316 1315 7851  0
7801 7995 7834 7676  0
1052 1263 1262 7920  0
8075 8213 7810 7975  0
7241 7242 7311 8014  0
3107 3095 7989 8347  0
7989 3095 8249 8347  0
826 7874 824 7830  0
555 7719 611 8322  0
6187 6168 6188 8033  0
8236 6813 7652 8359  0
3774 7833 4107 3773  0
1662 1661 1672 8275  0
4306 3998 4309 4937  0
2605 2569 2604 8003  0
4190 4189 4677 8103  0
3219 8275 3215 1652  0
3868 7699 7770 3873  0
3083 8184 8290 8347  0
3776 3775 7731 7826  0
1647 1638 7695 8346  0
7821 3762 3763 7887  0
4555 5631 5630 7826  0
2512 2468 2511 8225  0
7970 6242 7876 6241  0
497 7796 8198 496  0
4311 7825 4314 4950  0
5017 4324 5016 5003  0
7732 1404 1212 1213  0
3678 3999 3211 4310  0
8244 1695 7811 1706  0
1722 1721 3236 1710  0
4005 1698 3229 3233  0
1720 1709 1710 1721  0
3255 8147 3258 4015  0
2618 2619 2582 8429  0
8147 1790 1804 1803  0
2000 2001 1982 7709  0
7674 7653 7686 7845  0
6273 7689 8104 8400  0
603 602 671 8223  0
4317 8275 4314 3680  0
7724 7130 8132 8304  0
7677 7681 7749 7930  0
1288 1289 2357 7812  0
885 7803 906 7839  0
7592 7856 8161 8409  0
7450 7449 7380 8246  0
1571 2477 1572 7807  0
3247 1760 1748 1761  0
3690 4007 3236 4327  0
7557 7619 8072 8286  0
1686 3686 3229 3226  0
1735 3240 3692 3243  0
5175 5176 8010 8144  0
626 922 923 8021  0
3340 3347 3341 8348  0
3766 7902 3390 8280  0
8288 3611 3036 8185  0
3219 8275 3222 3682  0
1662 1661 1652 1651  0
4007 7725 4005 3233  0
784 1083 783 8258  0
1710 7725 1698 1709  0
5782 5781 7985 7996  0
5434 8139 5433 5412  0
4673 4185 4672 8315  0
2354 3386 3385 7887  0
5771 5770 6711 8215  0
2431 7705 8068 8276  0
1662 1673 1663 1672  0
7283 7282 7674 7845  0
6281 8249 7884 3065  0
2422 2423 1534 8276  0
6006 5985 6007 7919  0
4005 3686 3229 4324  0
4345 5142 5126 8144  0
1641 7825 1651 1642  0
1583 8168 1584 1400  0
4308 8270 4928 4313  0
2804 2823 2805 7871  0
4319 3684 3222 3682  0
8085 4710 7699 4209  0
2612 8343 8058 2576  0
3678 1642 3211 3215  0
4200 3861 7974 8426  0
1633 7825 1642 3211  0
2578 2613 3511 8058  0
2990 2991 2973 8033  0
4555 5630 4554 7826  0
4556 4555 4109 7826  0
649 581 7813 8036  0
4556 5632 5631 7826  0
8252 6157 8109 6156  0
4584 4585 5654 8141  0
4116 7708 4577 4576  0
7705 8276 2429 8129  0
3324 3323 7693 8287  0
3222 3684 1674 3226  0
1288 2356 1287 7812  0
5465 5466 5487 8348  0
3501 7842 7990 3498  0
7947 7857 8040 8077  0
3998 3999 4309 7825  0
5079 5080 5094 8255  0
1703 1714 1715 7957  0
5657 5656 4587 8042  0
1948 1947 7721 8269  0
4311 4950 4938 7825  0
7569 7568 7501 8298  0
5024 5037 5023 7957  0
7863 7749 8044 7691  0
8221 2786 2756 2757  0
3999 3998 3207 7825  0
8296 7461 7462 7392  0
2695 8373 2694 2727  0
8107 3569 2859 2839  0
4334 3243 4332 3694  0
1748 1747 3243 1735  0
8205 2515 2516 7716  0
8084 7676 7686 8093  0
3052 3053 3038 8288  0
5032 4327 4329 3690  0
5062 3243 4332 4334  0
8049 7801 8146 8280  0
5390 5410 5389 8139  0
3694 8279 3696 4338  0
1721 1734 1722 1733  0
2900 2918 8052 8235  0
1281 2350 2349 8017  0
3240 1734 1722 1735  0
8287 7693 4405 3323  0
1375 1553 1557 8079  0
4335 8279 4334 3694  0
5420 5399 5421 7693  0
3761 3384 3385 7887  0
1076 1077 1287 7812  0
5976 5977 7714 8177  0
6706 8072 7071 7737  0
1406 1214 1405 7732  0
5142 4345 5126 5143  0
966 1191 967 7941  0
5419 8287 5397 5398  0
3243 3247 3694 1748  0
6815 7711 8256 8376  0
4345 5126 4343 4017  0
1458 7944 1457 1267  0
3694 3243 4332 3692  0
1867 3282 1884 8126  0
3431 3433 7804 7939  0
407 801 800 8011  0
7863 7698 7869 7941  0
5770 4683 4682 8215  0
7753 8195 7708 8113  0
7853 950 912 7941  0
8141 7698 7914 7652  0
2438 2474 2439 7800  0
7941 965 949 966  0
184 8393 156 8130  0
7801 7686 7676 8093  0
7329 7260 7769 8038  0
5270 5251 5252 8309  0
1895 1911 8055 8059  0
6702 5762 5761 8106  0
824 823 826 7830  0
720 7925 8327 1016  0
3155 3167 3156 8024  0
7341 7272 7342 7742  0
4110 4557 4556 7826  0
4554 4108 4555 7826  0
7707 7832 5522 5544  0
6017 5995 6018 8218  0
7975 7810 8068 8276  0
7724 8304 7080 7079  0
4963 4314 4962 4950  0
3055 3056 7685 8290  0
5632 6540 5631 7826  0
8108 7774 8353 7838  0
3331 2116 2117 8384  0
2004 8139 2003 2021  0
2427 8276 8129 2428  0
1531 7774 1532 8206  0
5080 5066 5081 8255  0
1479 8041 7799 3377  0
4556 5631 4555 7826  0
7872 1943 1959 8383  0
7662 7820 7845 7972  0
6775 7847 6519 6776  0
1312 7963 1313 8277  0
515 7869 460 514  0
419 475 476 7670  0
7660 8274 2668 2669  0
734 797 798 7898  0
2397 7731 7738 8425  0
6774 6518 6775 7923  0
2196 2162 3354 7956  0
8393 184 185 8130  0
6568 6567 6481 7988  0
2153 4439 4440 8354  0
7332 7263 7333 8067  0
7880 8380 7963 8277  0
7901 8290 6249 8288  0
7826 6540 6541 5632  0
2413 3435 7878 3437  0
2933 2950 2951 7789  0
6741 6742 6818 8180  0
1287 1077 1288 7812  0
1211 7732 8036 7735  0
5003 4322 5002 4989  0
7852 2275 2276 2313  0
6384 6398 6369 8190  0
7557 7952 7556 7489  0
557 556 613 8322  0
1288 1077 1078 7812  0
382 777 776 7812  0
907 945 946 8248  0
778 1077 777 7812  0
7878 7726 7939 7751  0
5496 5519 5518 7831  0
8152 7676 8237 7859  0
2178 2212 2179 8110  0
7804 8053 3429 8385  0
997 1213 1214 7732  0
4953 7715 8270 8209  0
7742 7271 7207 7945  0
824 7874 1331 7929  0
3019 7876 3034 3020  0
998 1215 999 7809  0
1129 816 1130 8329  0
7742 7834 7821 8169  0
5058 5072 7981 8171  0
6122 6102 6103 8235  0
5032 4327 5031 5017  0
7875 7808 8056 8233  0
3692 1735 3243 7940  0
648 649 580 7813  0
5495 5496 7831 7986  0
644 8391 690 691  0
4955 7715 7695 4968  0
588 532 531 7786  0
6744 6533 7702 8180  0
4403 4416 4415 8349  0
3831 4170 4177 7980  0
2319 2281 2318 7926  0
7435 7504 6982 7942  0
5569 8031 8281 7832  0
861 8216 7784 839  0
7704 7719 7937 8166  0
7180 7111 7112 7936  0
1190 1383 1191 7941  0
966 1190 1191 7941  0
1395 1204 7807 8165  0
2933 2952 2934 8105  0
912 7853 891 890  0
5882 5883 5906 8142  0
4416 4403 4404 8349  0
502 446 445 7791  0
1359 1347 7854 7939  0
5711 6615 5712 8163  0
3758 4092 4091 8214  0
4875 8358 4878 6243  0
7930 7310 7379 8014  0
6839 6798 8004 7829  0
7340 7410 7741 8187  0
2995 3011 2996 7736  0
8162 3785 4118 4119  0
498 552 553 7904  0
7703 7704 7777 8315  0
1579 1580 1388 8156  0
5451 5472 5450 7986  0
5806 8360 7976 8302  0
6523 5663 7860 8268  0
4955 4943 7695 8209  0
7371 7301 7302 7983  0
363 7917 362 427  0
7626 8155 7565 7627  0
2018 2047 7709 8422  0
8413 7706 7821 7742  0
7821 3764 4098 7902  0
7289 7288 7224 7958  0
7354 7355 7424 7972  0
7517 7579 7578 8259  0
5571 7959 6459 8098  0
8042 7698 8061 8112  0
6839 6796 7829 7958  0
7677 7799 7847 8268  0
7726 7820 7826 7731  0
3335 3328 3334 7693  0
6796 6541 7829 7958  0
2531 1595 7867 7982  0
5075 5074 7940 8016  0
7765 7726 7820 7958  0
5478 7893 8048 7891  0
1807 1820 7782 8158  0
980 967 1191 7941  0
8021 922 1153 8392  0
950 967 951 7941  0
7728 7729 7842 7866  0
1471 2395 1470 8117  0
950 7853 912 911  0
951 967 952 7941  0
6626 7905 6989 6990  0
7970 3948 3949 3620  0
912 7869 7853 7941  0
2101 2069 2100 8291  0
2095 2094 2126 8349  0
3643 3137 3125 7788  0
7814 706 707 1003  0
4338 3696 4340 5093  0
6283 6284 8249 8288  0
7911 7679 8317 8208  0
7666 2038 2009 2039  0
5447 5426 7760 8291  0
7941 7740 965 1190  0
6715 6725 6724 8020  0
3759 3758 3382 8017  0
8049 1081 8258 8417  0
6143 6144 6162 8105  0
5942 5943 5964 8120  0
2066 3327 4050 8349  0
2349 2348 1280 8017  0
2067 2068 2038 7693  0
3330 3324 3329 7693  0
2348 1279 1280 8017  0
7385 7936 7315 7316  0
1070 1071 1281 8017  0
6264 6265 6282 8288  0
6753 6754 7086 7945  0
4123 8359 4122 8141  0
3329 3324 3323 7693  0
464 519 465 8011  0
4393 5418 8196 8384  0
5248 5267 5266 8055  0
3666 3977 3974 7840  0
8358 4881 4875 4266  0
2066 2096 3327 8349  0
4618 5695 4615 8232  0
770 7855 7802 8017  0
5421 5442 5441 7693  0
480 424 7899 8151  0
2004 8139 8200 2003  0
2132 2131 7849 8291  0
3023 7901 8082 8288  0
8134 2664 8295 8051  0
6319 6334 6333 8347  0
5442 5421 5422 7693  0
3330 2067 2038 7693  0
3584 8325 8297 2911  0
7296 7297 7942 8292  0
2933 2916 7789 8235  0
2367 2402 8056 8332  0
1293 8146 2361 8258  0
7860 5578 7888 8262  0
518 464 463 8011  0
105 91 92 8361  0
7466 7534 7533 7783  0
4954 7715 4967 4966  0
3137 3643 3136 7788  0
3329 3328 3335 7693  0
3714 8368 3286 3284  0
8309 1918 1900 3283  0
421 477 478 7786  0
1660 1671 1661 7825  0
8305 4919 6449 6448  0
8192 2284 2321 2283  0
3482 3853 3854 7961  0
6358 6373 6357 7788  0
2147 2146 8110 8384  0
7785 5141 8144 8147  0
2037 3324 3330 7693  0
3766 3767 4100 8280  0
7315 7314 7936 8303  0
7727 7983 7955 7730  0
1406 1215 1214 7732  0
821 7929 824 822  0
8217 5551 8245 8408  0
3723 8384 8196 3325  0
5749 4667 5744 7946  0
5141 7785 5158 5157  0
1324 1130 8202 8337  0
6739 6528 8263 8376  0
727 726 1023 8411  0
587 7928 7786 586  0
1775 1789 3255 8147  0
4599 8207 4592 4130  0
2208 8023 8048 8098  0
3572 8272 7672 2841  0
2445 8285 3448 2446  0
8254 3151 3137 7788  0
2934 2933 8105 8235  0
407 406 463 8011  0
5846 5845 5824 7781  0
5131 5130 5115 7697  0
5389 5409 5388 8065  0
4089 3756 3748 8262  0
531 532 477 7786  0
7333 7403 7402 8067  0
3114 3113 3125 7788  0
7672 6036 6057 6058  0
7929 819 821 7924  0
923 1154 924 8021  0
5114 5099 5115 7697  0
3390 7801 8049 8280  0
6648 6647 7866 8404  0
530 476 7670 7786  0
2068 2099 8291 8348  0
7501 7432 7502 7734  0
1282 1281 1071 8017  0
7809 7780 588 7786  0
869 7853 8167 8431  0
6050 6028 6029 7919  0
7192 7193 7257 8038  0
504 558 559 7922  0
8239 2301 2339 2338  0
7753 7803 8125 8222  0
6866 6891 6890 7881  0
7918 1839 1823 1824  0
3382 3381 2350 8017  0
6730 6729 6720 8302  0
1070 1069 770 8017  0
770 7855 769 7802  0
5487 5466 5488 8348  0
3825 3824 4164 8092  0
423 359 358 7899  0
1659 1660 1649 7825  0
7867 7767 8020 8091  0
2106 2105 7986 8241  0
6758 7916 6759 7091  0
2796 2816 2817 8319  0
2885 2902 2903 7967  0
6802 6548 7921 7951  0
8093 450 8424 8417  0
5035 8035 7991 5021  0
6714 6724 6713 8020  0
5437 5415 5416 8196  0
7368 7862 7942 8071  0
7914 7230 7140 8071  0
7734 7363 8004 7362  0
6006 5984 5985 7919  0
1069 1279 7855 8017  0
7799 8434 7677 7847  0
7777 7483 7551 7984  0
3473 2486 2485 7997  0
5773 6664 5774 8089  0
6029 6028 6006 7919  0
7711 6739 8263 8376  0
4002 8270 4315 4318  0
6318 6301 6302 8347  0
2712 7968 2678 8000  0
1047 1048 1258 8365  0
1933 1917 1916 8309  0
1635 1626 1634 8209  0
643 8149 690 644  0
2874 2855 2873 7919  0
5537 5515 5538 7978  0
7706 7973 8006 8414  0
5124 7785 5123 7692  0
6532 6489 6490 7805  0
5330 5350 5349 8374  0
7973 7846 8317 8017  0
1034 7898 734 8284  0
7726 7739 7804 8053  0
7645 7071 7644 8072  0
362 363 757 7844  0
5159 5142 5143 8144  0
6082 6081 7890 8235  0
5070 5057 5071 7981  0
2478 7807 1573 1572  0
3787 7687 4121 8088  0
6662 8091 7029 8081  0
3208 8270 3212 3209  0
2545 8310 8429 2546  0
6005 6028 6027 7919  0
5421 5400 5422 7693  0
6249 6248 7901 8288  0
7697 1762 8255 1763  0
2410 7655 3430 8367  0
7825 1641 1651 1650  0
8135 2835 2834 7919  0
2856 2836 2835 7919  0
2856 2874 2875 7919  0
7887 1284 2352 2353  0
555 7719 554 611  0
1995 1994 2012 8136  0
6833 8057 6834 6867  0
643 574 642 8149  0
1977 1994 1995 8136  0
7534 7466 7467 7783  0
5544 7707 7832 8260  0
1640 1650 1641 7825  0
6939 6962 8127 8213  0
7709 8139 8271 8374  0
4759 3880 7746 7976  0
1162 929 928 8345  0
5361 5342 5362 8136  0
5984 6005 5983 7919  0
1651 3215 1642 7825  0
1660 7841 7825 1659  0
760 7844 759 7827  0
6942 6941 6916 8213  0
6484 8031 8376 8410  0
6525 6466 6526 8410  0
1649 1660 1650 7825  0
1661 1651 1650 7825  0
1642 3678 3211 7825  0
6348 6347 6332 7989  0
7846 7887 7812 8176  0
5464 5443 5465 8348  0
1151 1150 7669 8392  0
3238 5048 4333 7991  0
7825 4311 3680 3215  0
2485 1609 1608 7997  0
7674 7220 7132 7219  0
6880 8004 6857 7739  0
4181 4668 8311 8404  0
1496 7851 8195 1495  0
5082 5083 5097 7697  0
1660 7841 1659 1670  0
4974 7883 4973 7825  0
3119 3120 3106 7989  0
6882 6844 6883 7718  0
7857 7827 542 7870  0
3497 3498 2481 7842  0
1209 7886 992 1208  0
1640 1649 1650 7825  0
8420 6087 6088 6068  0
5605 5606 7988 8096  0
5104 5105 5120 8016  0
6680 6681 6712 8091  0
627 334 626 8021  0
3375 3376 8041 8097  0
7742 7706 7945 8006  0
7996 5814 5813 8240  0
1995 2013 7907 8136  0
6572 6527 6737 8376  0
555 7791 7719 8322  0
5566 8096 8260 5586  0
7720 7797 8250 8415  0
5961 5960 5939 8442  0
4620 4148 4150 8418  0
5227 5246 5245 8063  0
7782 1852 8005 8126  0
7595 8081 7032 7031  0
7381 7380 8014 8246  0
3195 7895 3194 8395  0
788 789 1091 8321  0
1643 7715 1653 1654  0
8269 5250 7931 5268  0
7759 1419 8094 1603  0
501 502 7791 8322  0
1924 1906 1923 8114  0
1089 1296 1500 7784  0
5280 5262 5281 8114  0
7230 7914 7231 8071  0
8413 7706 7742 8006  0
8300 3650 3648 3964  0
4734 2622 2586 8437  0
5098 5084 5099 7697  0
7979 7563 8155 7495  0
1746 1747 7940 8016  0
470 414 8250 8415  0
3871 7990 8311 4726  0
1746 1758 1759 8016  0
1747 1746 1759 8016  0
1986 1985 8200 8271  0
1758 1772 1759 8016  0
2587 8437 4735 4734  0
3312 2032 4040 2031  0
4364 4367 4029 3284  0
7311 7381 8014 8025  0
4908 6410 3970 8229  0
7596 7033 7032 7783  0
1014 718 717 8012  0
4194 3855 3854 8301  0
6047 8135 8420 6025  0
6964 8075 6612 8213  0
7721 5289 8182 8269  0
913 952 570 7869  0
51 43 63 8361  0
3405 3783 3404 8314  0
1174 940 939 8125  0
4543 4096 7821 8414  0
8019 4173 7878 7999  0
2906 8420 8341 2907  0
4542 4543 5618 8006  0
7675 5278 7933 5298  0
6756 6755 6501 8006  0
1883 4023 3276 7931  0
1581 7842 8165 2480  0
6001 7714 7906 8064  0
6104 6082 8052 8235  0
6063 6083 7890 7967  0
570 639 571 7869  0
6109 6128 8341 7690  0
7653 7215 7995 8312  0
7216 7217 7281 8312  0
5544 5543 7707 8260  0
6648 6649 5752 7866  0
5860 5885 5884 8295  0
7703 7545 7778 7607  0
8017 3380 2348 8214  0
1565 1566 1384 8324  0
6889 6888 8145 8213  0
8317 7773 7857 8067  0
6756 7089 8006 8413  0
1866 3276 3707 7931  0
7069 7643 7070 8072  0
3079 3066 3065 8249  0
7282 7351 7281 8312  0
8074 7757 8343 8111  0
7911 1466 2325 7934  0
8067 7724 8132 8304  0
7998 7388 8046 8399  0
6110 6111 8054 6089  0
754 359 360 7899  0
6771 6772 7101 8369  0
7255 7795 8123 8256  0
5658 6514 8042 8369  0
4942 4954 4953 8209  0
5090 5091 5105 8016  0
1175 941 940 8164  0
4517 4090 7679 7934  0
5610 7679 5594 5611  0
699 700 653 7928  0
6146 6125 6126 7935  0
5576 4499 4516 7934  0
7776 7852 7953 8191  0
7016 6649 6648 7866  0
739 740 1039 8342  0
6745 6534 6535 7702  0
8049 1079 1289 1290  0
7867 1594 7927 8421  0
571 639 640 7869  0
7580 7017 7016 7866  0
4335 8279 3694 4338  0
1280 1069 1070 8017  0
7772 6575 5678 5677  0
3564 2842 7871 8272  0
2551 7705 2511 2510  0
6015 7672 6036 8272  0
6663 8159 6664 8089  0
4499 3746 4516 7934  0
8105 2954 2953 2935  0
6185 6184 6165 7935  0
4133 7772 3799 4134  0
3426 3802 3801 8053  0
2325 2287 2324 7934  0
7866 7930 7749 8259  0
3784 3406 3785 8314  0
2904 2888 8064 8341  0
351 8415 745 350  0
6578 7808 5671 6579  0
3270 4354 3706 4022  0
7656 5960 8175 8442  0
7911 8317 7947 8208  0
315 316 393 8021  0
6523 7837 8268 7860  0
7099 7098 6769 7914  0
7682 7900 8317 8328  0
3538 3545 3539 8370  0
3756 7799 4089 4088  0
5105 5091 5106 8016  0
2903 2904 2886 7967  0
4334 5076 5062 8016  0
7727 7863 7698 7730  0
1898 1897 1914 7931  0
2007 3305 4034 8224  0
7393 7463 7462 8296  0
7410 7411 7480 8187  0
5863 5888 5887 8172  0
8114 5300 5281 5280  0
5794 7985 5779 5780  0
5610 7679 7724 7934  0
7679 4517 5594 5612  0
7702 7724 7911 7934  0
7076 7662 8215 7979  0
3559 3558 3562 8272  0
6455 6443 6444 8395  0
7653 8076 8146 8280  0
627 626 923 8021  0
924 7798 925 8021  0
8098 2208 2207 8048  0
5413 5414 7891 8224  0
6063 6064 6083 7967  0
5684 6586 5674 8199  0
2243 2208 2242 8098  0
939 901 8080 8125  0
2620 2619 4748 8429  0
5204 5203 5187 8069  0
8074 7968 8111 8343  0
8218 8272 7672 6016  0
8011 7949 7889 8342  0
8282 6545 6585 6590  0
5811 5812 5833 8405  0
767 7947 1066 766  0
7249 7248 7184 8060  0
8150 3702 3259 3260  0
798 8234 405 799  0
712 665 711 8087  0
8063 1860 1859 8389  0
8125 8080 7657 8216  0
7798 7774 8001 8206  0
1020 7719 8166 7937  0
5915 5938 7656 8442  0
4618 4148 4620 8418  0
1877 1861 1860 8063  0
2500 3488 2501 8062  0
7808 4597 7875 8056  0
6735 6734 6728 8074  0
5265 5245 5246 8063  0
8098 2209 2208 8023  0
6582 6833 6832 8379  0
3792 3413 3414 8061  0
7033 7032 7783 8228  0
6060 7672 7890 8235  0
407 408 801 8011  0
6103 6104 8052 8235  0
2935 2934 8105 8235  0
2646 8343 2611 2610  0
2500 1624 1623 8062  0
2763 8189 7915 2762  0
2633 8318 2597 2632  0
4016 8336 4344 3699  0
518 519 464 8011  0
6123 6103 8052 8235  0
2606 2642 2607 8074  0
3450 3824 8092 8285  0
2899 2917 2918 8235  0
1231 7925 1422 1423  0
655 656 587 7786  0
2052 2081 8196 8224  0
6097 6077 6098 8325  0
7105 7173 7104 8100  0
586 587 530 7786  0
7774 8213 7810 7743  0
968 980 7941 967  0
4153 4623 4625 7903  0
3821 3446 3820 7688  0
5719 4659 8225 8243  0
131 132 109 8133  0
6123 8052 8105 8235  0
7033 7034 7049 8228  0
7718 6885 8127 8247  0
7702 7700 8132 8180  0
7852 7832 8031 8331  0
6066 6086 7967 8064  0
5324 5344 5343 8356  0
1177 1155 1176 8116  0
3707 4358 5214 7931  0
4255 8297 3578 4856  0
7229 7140 7230 8071  0
1859 1876 8063 8293  0
640 970 7965 8070  0
6116 6096 6117 8297  0
2933 7789 8105 8235  0
981 968 980 8070  0
7069 7879 6704 7068  0
7139 7140 7229 8071  0
3090 3103 7884 8382  0
531 476 530 7786  0
530 587 531 7786  0
6301 6300 6285 8249  0
7430 7429 7360 7765  0
5593 7679 5610 7934  0
7957 5055 8244 5040  0
3987 3977 3676 7840  0
887 7839 867 866  0
1577 1576 7974 8086  0
4141 4143 3805 8396  0
1472 8342 8097 1037  0
3119 3120 7989 8194  0
7369 7300 7370 8071  0
7016 7017 6649 7866  0
7015 7016 6648 7866  0
4951 4952 4964 8270  0
7017 7580 7581 7866  0
1277 7855 1067 1278  0
7324 7323 7254 8123  0
7841 1649 1648 8346  0
6178 6158 7736 8109  0
6628 7667 7688 7905  0
7991 4339 3244 3245  0
7016 7015 7579 7866  0
4142 3804 7804 8053  0
7670 7776 7943 8316  0
5260 7865 5259 5241  0
1625 3210 3214 8270  0
2328 8056 8332 2367  0
3785 8162 4118 8314  0
2403 1485 2369 8056  0
1915 7931 8269 8309  0
7695 3993 3994 3204  0
634 931 635 7924  0
6044 6066 7967 8064  0
6023 6024 6045 8064  0
323 400 322 7924  0
2074 2105 2106 8241  0
5422 7666 5401 5423  0
4589 4590 5659 8369  0
888 8248 8431 887  0
7728 7670 7797 7873  0
1456 1457 2316 7944  0
2904 2887 7967 8064  0
8297 4861 8372 6094  0
6514 6515 6771 8369  0
871 8167 7869 7898  0
4606 8053 4139 4607  0
4503 4487 4488 8333  0
8138 5347 7721 5346  0
7801 7812 8049 8424  0
5360 7666 7680 8136  0
8251 1295 1480 1085  0
6022 6044 7714 8064  0
6001 6023 7714 8064  0
2523 7735 1588 1587  0
4549 4102 4103 8280  0
4345 3262 4017 3701  0
7742 7741 7271 7945  0
811 393 812 8021  0
4345 8144 4348 5143  0
6832 6865 6831 8145  0
7749 7930 8143 8259  0
3938 2992 3604 8352  0
8428 2802 2773 8120  0
1918 4027 3283 8309  0
1153 8001 8392 8206  0
7801 7653 8146 8280  0
5125 5124 5109 8147  0
7013 6646 7946 8259  0
6830 6863 6829 8145  0
3126 3125 3139 7788  0
6032 6033 4852 8148  0
3255 4013 1775 8147  0
1373 1180 7678 8164  0
3390 7801 7902 8049  0
8248 885 886 907  0
3334 4434 3335 7693  0
2125 2156 2157 8349  0
39 58 41 8361  0
4343 5125 5109 8147  0
5075 5062 5076 8016  0
4343 8147 4340 4015  0
5985 7919 8107 8148  0
7902 3766 3390 3389  0
4017 8147 4015 3258  0
5624 4548 4549 8280  0
4015 8147 4013 3255  0
6281 6282 8249 8288  0
5917 5941 5940 8442  0
1790 8147 1804 3258  0
1789 1788 1775 1774  0
7067 6702 7066 7879  0
6889 7881 8145 6890  0
6504 8101 8018 6505  0
2838 2859 8107 8148  0
417 7797 7670 7948  0
3065 6281 8249 8288  0
2095 2096 2065 8349  0
4549 4550 7653 8280  0
3392 3769 3768 8146  0
5985 6007 7919 8148  0
2858 7919 8148 2837  0
6008 5985 8107 8148  0
8274 5889 5864 8172  0
7256 7257 7795 8256  0
7541 7758 8140 7540  0
7842 8404 7729 8009  0
8033 3941 3604 8352  0
2667 2701 2668 8172  0
6961 6960 6938 8127  0
4866 6134 6173 8339  0
7032 7595 7596 7783  0
1011 7912 1010 1227  0
7538 7539 7600 8257  0
2164 2197 7849 7956  0
3370 3364 3369 8262  0
7465 7533 7532 8161  0
245 215 244 8439  0
3065 3050 3064 8358  0
6809 6856 6855 8334  0
6174 6155 8252 8372  0
2848 2827 2847 8294  0
2928 3588 3930 8265  0
7153 7152 7090 8413  0
3714 4030 3286 4366  0
8362 7867 7814 8421  0
6908 6882 6909 7718  0
4299 4930 4929 8270  0
4354 4022 4357 4356  0
2374 8277 7819 8289  0
5961 5940 5962 8442  0
7221 7285 7220 7972  0
1907 1924 1908 8114  0
2463 8129 2427 8273  0
6021 6043 6042 8294  0
5661 5660 4590 8369  0
7903 3818 3444 8273  0
7903 6609 8213 8127  0
5317 5298 5299 7675  0
7762 8317 7857 8067  0
4195 4196 3856 8301  0
1325 818 1327 8329  0
3704 4352 3263 4020  0
8229 4908 3972 3969  0
3275 3278 1867 8126  0
5102 8090 5118 5117  0
4019 8150 4346 4349  0
6816 7124 7123 8256  0
670 8183 716 8223  0
6647 7866 8259 7015  0
7596 7595 7534 7783  0
557 7750 8322 614  0
7764 7626 7041 7627  0
2190 8443 4444 4445  0
6620 5722 8243 8355  0
4334 4338 5077 8279  0
8000 3894 3891 3895  0
535 8231 591 592  0
6836 7880 8282 6870  0
1129 1127 8001 8329  0
5910 5934 5933 7915  0
1868 8005 1853 1852  0
1615 2492 1616 8152  0
3281 4364 3711 3284  0
4357 4022 3270 4356  0
7108 7109 8029 8268  0
5371 5351 8200 8374  0
8202 1327 1325 1328  0
7799 4536 7860 8262  0
6880 8004 7363 7293  0
6156 8109 8252 8372  0
1632 1640 7825 8346  0
953 954 8174 8412  0
1436 7816 1437 8402  0
2031 2032 4040 4385  0
8046 7993 8060 8399  0
7538 8441 7758 8257  0
4400 8354 2032 2061  0
3708 3270 3706 4022  0
2195 4064 3345 2194  0
2032 2033 4041 4385  0
3704 4351 3266 3263  0
1599 1600 1416 8264  0
3702 8150 4019 4349  0
3266 8158 3267 3263  0
6958 6959 7806 8232  0
8336 3700 8150 4346  0
5749 4667 7946 8404  0
3702 3260 3263 3259  0
2945 8252 2962 8109  0
4339 3244 3697 4012  0
535 7780 534 591  0
4026 4361 3277 4362  0
3266 8158 4352 5162  0
4016 4344 3252 4341  0
4020 4349 3702 4019  0
4351 4352 3704 4020  0
4060 2160 3339 2161  0
4496 2263 2264 2299  0
8256 7763 7257 7795  0
4019 8150 3700 4346  0
4018 4344 3699 4016  0
3270 3267 3706 4354  0
7696 8377 4665 7800  0
6284 6300 6299 8249  0
4616 7739 4612 4615  0
5703 6609 7903 8127  0
7800 3836 3463 8377  0
3314 2033 4386 4041  0
2035 3721 4047 2036  0
6932 7806 6958 7503  0
6136 6115 8297 8372  0
2493 2492 3480 8152  0
6046 6067 8064 8420  0
3704 4020 3263 3702  0
1433 1616 1617 8152  0
7772 7743 7774 8337  0
6047 8135 6025 6026  0
412 347 411 8153  0
1434 1433 1617 8152  0
481 480 535 8151  0
1616 2492 2493 8152  0
8001 7774 8202 8337  0
7460 7779 7459 8046  0
4341 8336 4344 3252  0
3700 8336 3699 4018  0
7497 7765 7427 7428  0
8232 6599 5696 5693  0
4352 8158 5144 5162  0
7626 7764 8159 8155  0
7712 7727 7740 7853  0
8150 4020 3263 4352  0
8156 7751 7671 7892  0
7697 5096 5112 5097  0
4020 8150 4349 4352  0
4351 4352 3266 3263  0
4351 5162 3266 4352  0
4354 5162 3266 4351  0
4354 8158 3266 5162  0
4357 4354 3270 4022  0
3270 8158 7782 3267  0
2076 2075 8034 8065  0
5179 3267 3270 4354  0
5179 4354 3270 4357  0
5916 5917 5940 8442  0
3273 7782 3274 3270  0
4356 4357 3273 3270  0
4356 4359 3273 4357  0
4125 8141 4585 4124  0
4357 7782 3273 3270  0
4357 4359 3273 5197  0
4359 8126 4362 3277  0
5751 5752 7866 6648  0
3280 4364 4028 3711  0
4400 2061 2062 8354  0
2229 3357 4068 4479  0
7252 7251 7993 8296  0
3280 4361 4028 4364  0
4361 8126 3280 3277  0
4361 8126 3277 4362  0
4364 4362 3280 4361  0
3280 8126 4364 3281  0
4364 8126 5234 5253  0
4364 8126 4362 5234  0
3706 4354 4021 4022  0
4433 4447 4060 4448  0
4060 4057 3339 4433  0
3277 3273 3709 3274  0
3274 3273 3709 4359  0
6516 5661 7923 8369  0
7725 3236 4007 4327  0
1685 1695 7811 1684  0
4478 4479 4068 4464  0
1193 8412 978 977  0
5003 4322 3686 7811  0
8225 7818 8068 8243  0
3704 4351 4021 3266  0
3706 3266 4021 4354  0
4351 4354 4021 3266  0
3248 3245 3697 4339  0
1906 1907 1889 8114  0
7172 7173 7237 8100  0
7597 7033 7596 7783  0
5275 8095 8368 7933  0
3697 4012 4014 4339  0
3248 3698 4014 3697  0
3248 4341 4014 3698  0
4342 4339 4014 4341  0
4342 4341 4014 3248  0
3248 4339 4014 4342  0
3697 4339 4014 3248  0
7076 6663 8089 8159  0
1255 7948 1045 8266  0
2632 2597 2596 8318  0
1444 8008 1445 7964  0
3157 7659 8024 8229  0
7467 7535 7534 7783  0
5663 6523 6522 8268  0
6230 6212 7901 8082  0
6938 6939 6961 8127  0
8381 7415 7984 7485  0
737 736 800 8284  0
4666 4647 7946 7980  0
8015 5218 8005 8126  0
8008 1444 1445 1254  0
7535 7596 7534 7783  0
2233 8037 8154 2232  0
7536 7597 7535 7783  0
7357 7356 7287 8267  0
2993 3009 7901 8082  0
7597 7596 7535 7783  0
6292 4887 6308 8104  0
3169 3969 3655 8229  0
3992 7695 8209 3203  0
1050 1049 7787 7960  0
6512 8042 8141 5655  0
4612 7804 4142 4144  0
2761 8373 2760 8189  0
5032 4327 3690 7940  0
8102 7775 8115 8083  0
8093 7686 8124 8258  0
7427 7765 8155 8267  0
6712 5804 7767 7781  0
7006 7005 7955 8238  0
8442 5941 5962 8175  0
874 896 875 7723  0
5480 5458 5459 7893  0
8159 7662 8155 7764  0
6053 6032 4852 8148  0
7739 4613 6596 8232  0
534 480 7780 8151  0
7780 480 7899 8151  0
2456 7863 7980 8044  0
8155 7626 7564 8159  0
3485 3486 7816 8301  0
6418 6405 6406 8024  0
3068 8290 3082 3069  0
7734 7726 7804 7878  0
6317 6332 7989 8347  0
8283 3343 2182 2181  0
873 872 894 7723  0
6238 7815 6221 7970  0
8387 2786 8221 2787  0
5191 5190 5174 8242  0
91 90 69 8361  0
7533 7465 7783 8161  0
4764 2653 4763 8429  0
5702 6607 6608 8127  0
7840 4917 4916 4285  0
5450 5449 5428 7760  0
7625 7564 7626 8159  0
7283 7284 7353 7972  0
2114 2145 2146 7893  0
1839 1854 1840 8005  0
2001 2002 1983 7709  0
5691 4616 5693 8232  0
2568 2567 2603 8397  0
3702 8150 3263 3260  0
6293 4884 4271 8104  0
7565 7498 7566 8155  0
8082 6209 6191 8339  0
7670 529 7928 8226  0
975 1030 1031 8028  0
7887 3384 2352 8416  0
8032 6510 6765 6511  0
182 166 211 8130  0
431 367 366 7827  0
2774 3547 2775 8350  0
7565 7497 7498 8155  0
7219 7283 7674 7972  0
7671 7723 7751 8116  0
7552 7553 7614 7879  0
4646 5742 4647 7980  0
6586 5684 5687 8199  0
7633 7703 7896 7607  0
6145 6125 6146 7935  0
6027 6026 6004 8135  0
634 633 930 7924  0
5476 5499 7707 8048  0
7685 6215 7736 7901  0
1541 7835 1542 1537  0
2114 2146 8384 7893  0
4861 6094 6135 8372  0
7301 7983 7914 7302  0
7723 7731 7744 8251  0
1060 7773 1061 8160  0
1387 1386 1578 8156  0
8156 1177 1195 8116  0
7565 7566 7627 8155  0
1461 1271 7773 8160  0
543 600 544 8040  0
3323 4405 3322 3727  0
436 372 371 8077  0
7775 7886 8168 8364  0
4536 7860 8262 5598  0
5506 5505 8110 8283  0
6930 6956 6955 7905  0
1631 1630 1639 8346  0
7668 7728 7954 7998  0
1474 1477 8097 8371  0
2573 2609 2574 8343  0
3303 8287 3316 3317  0
4377 4376 3302 4388  0
4929 4939 4928 8270  0
3926 8148 3922 8212  0
6454 7895 6453 6442  0
5781 5796 5795 7985  0
4377 3298 3299 3303  0
8369 6770 7761 6771  0
5860 5884 5859 8295  0
7882 429 7827 485  0
6840 7164 6839 8004  0
6283 6284 6299 8249  0
3074 7768 3087 8400  0
7960 1452 1451 7852  0
3772 3396 7833 8261  0
1484 3399 1483 7731  0
3724 4391 3316 4051  0
7061 6697 7896 7994  0
829 403 404 7909  0
1451 7852 2311 8096  0
8042 5658 4589 4588  0
2309 7943 7960 8096  0
2269 7977 2306 2307  0
5065 5052 5066 8255  0
5265 5246 5247 8055  0
6115 6096 6116 8297  0
2506 2546 2547 8310  0
2618 2617 2653 8429  0
6018 6040 6039 8218  0
4590 4589 8112 8369  0
4374 4033 3719 4043  0
4048 4388 3722 3302  0
3057 3073 3058 7768  0
1092 8088 8357 1300  0
4627 5714 5704 7999  0
937 1170 1171 8080  0
7000 7507 7508 7955  0
2306 2268 2305 8037  0
6073 6093 6092 8212  0
4192 3852 4191 7961  0
2926 7690 8054 2925  0
7810 7874 7929 7938  0
7215 7280 7995 8312  0
3173 8254 3174 3161  0
8210 1337 1122 7669  0
4434 4061 3334 3733  0
4420 4405 3328 4058  0
2987 2988 2970 7935  0
982 970 981 8070  0
2065 3321 2036 8349  0
5486 4450 4449 4465  0
2003 2004 1985 8200  0
2557 2520 2519 7985  0
4537 7679 8214 8328  0
3346 8348 5486 3347  0
993 1210 994 8036  0
1839 1840 7918 8005  0
6884 6910 6883 7718  0
8302 5806 5826 7746  0
3517 2612 7746 7976  0
7959 7926 8245 8263  0
6308 3954 4889 8400  0
8287 4405 3322 3323  0
5486 8406 3346 3347  0
6296 6312 6295 8382  0
5521 5544 5543 7707  0
5730 5729 6628 7688  0
5486 4450 3346 4449  0
4731 4747 4730 8429  0
1423 1607 1424 7925  0
4450 3735 4449 4065  0
6857 6842 6858 7739  0
7245 7314 7244 7936  0
3087 7768 3073 3086  0
977 978 955 8412  0
6596 7739 6594 4610  0
6498 6753 6752 7900  0
8114 1905 1889 1906  0
3322 4392 3316 4391  0
5571 6463 5590 8031  0
6528 7711 6739 8263  0
3322 8287 3323 3316  0
7772 6589 5675 7718  0
4058 3727 3328 3730  0
4391 4055 3322 4405  0
8225 4660 8243 4659  0
3253 3254 3249 8255  0
3328 3323 3322 3727  0
8080 7657 7665 7678  0
4405 4055 3727 4058  0
197 198 226 8439  0
1736 1737 1724 8255  0
6312 6296 6313 8382  0
3303 5354 3302 4388  0
7793 8067 8304 8317  0
4073 8406 4069 4465  0
8095 3719 3294 3295  0
5354 4388 3303 5375  0
3727 4058 3328 4405  0
6772 6516 6773 8369  0
4434 3733 3334 3335  0
6515 6772 6771 8369  0
3727 4405 3322 4055  0
4746 4729 4730 8429  0
2706 2739 2707 8428  0
3730 4419 3328 4058  0
6089 6069 8054 8420  0
8173 2064 2034 4387  0
3346 8348 4450 5486  0
3370 7964 8262 8378  0
7824 5147 8158 5148  0
4747 4763 4746 8429  0
3086 3101 3087 8400  0
2487 7894 3475 2488  0
1718 8244 7981 7725  0
663 7713 7882 8047  0
2967 2985 2968 8211  0
7524 7585 7523 7954  0
3380 8017 3381 8214  0
6645 7013 6646 7946  0
2519 1584 1583 8364  0
8252 6155 6156 8372  0
7129 7198 7197 8132  0
7028 7591 7592 8409  0
3733 3735 3340 4065  0
4450 4065 3340 3735  0
3340 3735 3346 4449  0
4449 4450 3340 3735  0
4434 3733 3335 3340  0
4450 8348 4434 5463  0
4402 4415 8173 8349  0
4434 4065 3340 4450  0
3733 4065 3340 4434  0
7803 7657 8125 8164  0
4388 4392 3316 5375  0
4388 5375 3316 3303  0
4434 4419 3334 4061  0
1549 2439 2440 7800  0
4419 7693 3334 3328  0
7858 5364 7907 8138  0
4590 5661 8369 8427  0
4434 7693 4419 4420  0
439 375 374 7802  0
8095 4374 4372 3294  0
5545 5546 7832 8048  0
3335 3733 3334 3340  0
4055 4391 3322 3724  0
4430 8443 8349 4431  0
7723 917 7751 8116  0
3591 3586 3585 8372  0
7943 2309 7960 1449  0
4391 4405 3322 4392  0
5660 6516 6515 8369  0
3298 3294 3719 3295  0
4377 5354 3302 3303  0
4371 8368 3294 3290  0
3035 8288 3050 3036  0
1310 7794 8289 7938  0
4405 8287 4392 5397  0
226 242 225 8439  0
7960 7852 1451 8096  0
4405 8287 5397 5419  0
7026 7779 7589 8409  0
6932 7433 6905 8232  0
1282 8416 2351 8017  0
3303 5354 3299 4377  0
5786 7766 5787 7861  0
4377 4374 3298 4043  0
4377 4043 3298 4376  0
5925 5902 5926 8370  0
5460 5439 5440 8384  0
4377 8095 4374 5333  0
3286 8368 3290 3287  0
5948 7871 5949 5971  0
7763 7467 7398 7397  0
1197 7941 8324 8070  0
7977 5605 7988 8096  0
7733 7885 8099 8388  0
3718 8368 4371 3290  0
1224 1007 1223 8179  0
4374 4371 3294 4033  0
4374 4372 3294 4371  0
3298 4376 3720 3302  0
3720 3298 3719 4043  0
3716 8368 3718 3290  0
4374 8095 4372 5313  0
3291 3292 3295 3296  0
3290 4371 3718 3294  0
4048 4051 3722 4388  0
3316 4388 3722 4051  0
3316 4051 3722 3724  0
4374 4043 3719 3298  0
1947 1948 1931 8269  0
1915 1914 1931 8269  0
5077 5092 5091 8279  0
3302 3303 3722 3316  0
3316 3303 3722 4388  0
3302 4388 3722 3303  0
4043 4376 3720 3298  0
3822 3447 3821 8285  0
6563 6783 6782 7873  0
4497 8262 3743 3363  0
4069 8406 3346 4465  0
6470 6487 6486 8263  0
3086 3100 3101 8400  0
3050 3619 3064 8358  0
5304 8055 8356 8407  0
1428 1612 1429 7937  0
5071 5086 7981 8171  0
5306 5307 7858 8269  0
6783 7113 7112 7873  0
4141 4608 4143 7962  0
2520 2519 7985 8364  0
749 7670 8365 354  0
4538 7973 4092 4539  0
7381 7311 7312 8025  0
7783 7465 7795 8161  0
2522 1587 1586 8115  0
5931 5908 5932 8189  0
2488 7997 1611 2487  0
698 651 697 8036  0
7869 912 7853 891  0
5680 7932 5681 6583  0
8157 3349 3355 2216  0
924 7798 1154 925  0
2893 3581 2894 8212  0
4173 4156 7878 7999  0
2524 7735 8115 7843  0
2817 2835 7919 8319  0
7974 2501 8062 8086  0
524 580 581 8250  0
4338 3696 5093 8279  0
2390 7877 8061 8167  0
7181 7873 7112 7113  0
2594 2595 7996 8051  0
583 526 582 8226  0
7873 7797 7720 7948  0
517 7965 8011 8234  0
7012 8259 7013 7946  0
7261 8067 7663 7262  0
1891 1892 8063 8227  0
351 415 7948 8415  0
7489 7557 7952 8286  0
2494 8152 3481 8419  0
1461 1271 1462 7773  0
6525 8191 6571 6570  0
3043 3057 3058 7689  0
5096 5095 8255 8336  0
75 8393 111 97  0
4605 5685 4608 7962  0
1913 1897 1896 7931  0
7686 8118 8124 8258  0
4956 4944 4945 7695  0
4214 7716 3874 3507  0
8168 7728 7775 8036  0
7996 8083 8102 8115  0
8003 2640 2639 2604  0
860 880 8125 8216  0
7670 353 7948 8365  0
609 7719 610 7904  0
6491 6534 6533 7702  0
661 592 660 8231  0
1638 1637 1647 7695  0
4957 4970 4969 7695  0
6921 6946 6920 7828  0
1595 1594 2530 7867  0
3022 3036 3037 8288  0
1919 3292 8095 8368  0
7780 478 7786 7899  0
8219 7653 8101 7916  0
7815 6221 7970 8299  0
3081 3082 3068 8249  0
8359 8141 6767 7914  0
6481 7953 7988 8096  0
1905 1922 1906 7933  0
829 831 832 7733  0
5533 5509 5510 8406  0
927 1161 928 8066  0
7683 7795 8161 7763  0
2457 3465 3466 8044  0
8030 6855 6856 8334  0
1289 2357 7812 8049  0
7284 7219 7220 7972  0
5948 5927 5949 8370  0
2070 2042 7666 8291  0
960 943 959 7803  0
7696 4665 8178 7800  0
723 676 722 8166  0
7724 7679 7911 7934  0
5530 5529 8283 8408  0
3501 7842 3498 3497  0
5967 4832 3905 8350  0
6098 6099 6119 7789  0
2167 2200 2201 7978  0
5730 6628 6629 7688  0
5846 7781 8026 5845  0
155 140 130 154  0
6969 6947 6970 7828  0
4690 4691 4203 8128  0
3450 3451 2448 7908  0
5074 5060 5061 7940  0
1185 1377 1378 7908  0
6499 6500 6754 8006  0
5579 7860 7888 8037  0
5044 5058 5043 7725  0
7108 8014 7107 8268  0
3678 1642 3215 7825  0
6531 6741 6530 7711  0
8126 4359 7782 3274  0
6921 6947 7828 8043  0
5606 5585 5586 8096  0
536 8151 535 592  0
2968 2951 2967 8105  0
3247 3694 1748 8279  0
5910 5886 5887 7915  0
5736 6635 6638 8238  0
7777 7703 7994 8187  0
5908 5885 5909 7915  0
5856 5832 5857 8142  0
4189 4676 4677 8103  0
7173 7174 7238 8100  0
842 8222 8321 841  0
1187 962 1186 7908  0
7856 7779 8046 8296  0
7078 7077 7040 8159  0
7255 7191 7256 8256  0
8040 546 602 545  0
6972 6950 6973 7850  0
2764 2731 2763 7915  0
1596 8362 1597 1413  0
7168 7232 7167 7761  0
1295 2363 1294 8261  0
1295 1294 1084 8261  0
7616 7615 7554 8381  0
6778 7847 8268 7107  0
2988 3003 7876 8299  0
3438 8367 3436 8108  0
6154 6134 6135 8372  0
7421 7490 7420 8286  0
1257 7943 8365 1258  0
7943 2308 7977 8096  0
2310 7960 8096 1450  0
2362 1294 2363 8261  0
4007 4327 5017 7725  0
1718 1731 1719 7725  0
1419 1227 1418 7912  0
1731 1732 1719 7725  0
8260 7852 8096 2274  0
509 563 564 8124  0
878 858 7885 8216  0
768 769 1068 7855  0
7093 7092 6760 8101  0
5688 4607 4609 7739  0
4699 8440 4698 7705  0
2838 7919 2837 8148  0
5994 5995 6017 8218  0
7653 6761 6762 6507  0
7879 7834 7777 7984  0
4561 8430 4520 8056  0
6951 6952 7850 8278  0
1864 8059 1863 1880  0
8015 1919 7933 8368  0
3772 3395 3396 8261  0
6490 6473 6491 7702  0
7512 7730 7444 8143  0
1623 7816 8062 8086  0
7677 7799 7889 8041  0
3020 3034 3021 7876  0
1862 1879 1863 8059  0
6819 7663 6818 8180  0
1197 7941 980 1191  0
8392 877 1139 1120  0
3066 3065 8249 8288  0
3005 3021 3608 7876  0
3954 3952 3628 8104  0
3038 7901 3039 3024  0
6707 8072 8122 7737  0
8082 6246 8288 6247  0
6002 5980 5981 7906  0
3022 3023 8082 8288  0
3052 3066 8249 8288  0
1508 1509 1485 8233  0
7879 7069 7642 7068  0
5107 5122 5106 7692  0
5828 5829 7746 7976  0
2130 2100 2099 8291  0
6663 6664 5773 8089  0
1552 1373 1551 7678  0
1605 1422 1421 8094  0
4103 4104 8076 8146  0
117 155 141 140  0
5712 6616 5713 8163  0
972 642 641 7965  0
7943 7977 7988 8096  0
5375 5354 5355 3303  0
5355 8287 3303 3304  0
8042 6512 6769 6513  0
6222 6204 6223 7876  0
3289 3713 1935 8182  0
850 871 7898 8167  0
6246 6263 8288 6264  0
7517 7449 7450 8246  0
390 8392 624 391  0
7654 8179 8264 7713  0
2359 3391 3390 8049  0
7377 7308 7378 7930  0
6462 5551 6464 8245  0
5621 8219 4546 5622  0
5521 5520 5498 7707  0
4443 4444 2156 8349  0
5011 5010 7883 7957  0
7683 7668 7766 7779  0
2773 2739 2772 8428  0
6675 8083 6656 8102  0
5844 8026 5868 8039  0
7942 7298 8071 8292  0
1517 1515 8001 8337  0
7137 6810 6811 8292  0
773 774 1073 8193  0
1684 1683 1694 7811  0
3790 7687 8061 8141  0
3327 4404 4050 8349  0
7337 7793 7406 7336  0
2835 2855 2856 7919  0
8098 8048 5524 8023  0
812 394 813 8021  0
2752 2720 2719 8401  0
2792 2793 2763 7915  0
1707 7725 7811 8244  0
2889 2870 8064 8420  0
3150 3137 3149 8254  0
5491 5492 5515 7978  0
8024 7659 6393 8229  0
7485 7486 7553 8381  0
7696 7665 7800 7850  0
4094 4541 4540 8414  0
6986 6985 6973 7850  0
1264 1263 1053 8181  0
5885 5886 5909 7915  0
7907 2042 2072 7760  0
8221 5878 8370 5902  0
4927 6456 6457 7840  0
360 755 754 7917  0
7780 7910 8231 8330  0
8173 4400 4386 2062  0
1427 1235 7997 8166  0
2793 8189 2792 2812  0
8417 7686 8093 8258  0
7088 7089 7151 8413  0
1208 1400 1209 7886  0
3764 7821 4097 3763  0
7726 7739 8053 8199  0
7391 7856 8046 8296  0
7700 7913 8160 7822  0
7370 7371 7955 8071  0
2066 4050 3321 8349  0
6688 7757 6719 6687  0
1594 2529 2530 7927  0
8056 2402 8137 8332  0
7329 7328 7259 8038  0
7524 7523 7456 7954  0
4314 4963 4962 8275  0
2674 7864 8026 8188  0
5041 5056 5055 7981  0
7685 3056 7768 8290  0
7647 7622 7648 7979  0
2783 3556 2784 8401  0
7828 7818 7880 8043  0
7551 7483 7484 7984  0
8255 5096 5082 5081  0
8221 5949 5927 8370  0
1780 1781 7664 7824  0
7485 7484 7415 7984  0
2675 2676 7864 8188  0
8356 8269 5306 7858  0
7100 7101 7169 7761  0
7304 7234 7235 7761  0
7233 7303 7302 7761  0
2214 2248 2215 8157  0
7320 7250 8046 8399  0
853 805 804 8118  0
1109 1108 834 7963  0
8114 1905 1906 7933  0
3510 3509 3516 8405  0
4387 4402 8173 8349  0
7758 8441 7470 7769  0
2068 2069 7666 8291  0
7250 7251 7320 8046  0
7888 2302 7964 8262  0
6973 6950 6951 7850  0
7139 7652 6813 8071  0
2001 1983 1982 7709  0
2289 8332 2327 4518  0
5667 6543 6542 7829  0
7654 7658 7758 8257  0
4976 4319 7811 8275  0
8349 4390 4404 4050  0
1874 1858 1857 8293  0
6019 5997 6020 8294  0
1874 1857 1873 8293  0
8292 7652 6812 7139  0
3699 3253 3252 8336  0
5717 7975 7705 5716  0
3251 8147 1775 4013  0
5587 5586 5567 8281  0
1692 1704 7883 7957  0
559 8093 7922 7750  0
7719 7704 7846 7904  0
6290 7689 6272 8400  0
7670 7943 7960 8365  0
5023 5024 7957 8035  0
4343 5125 8147 5126  0
1147 7751 7939 1146  0
549 7796 550 7802  0
7842 3867 3501 8311  0
7298 7942 8071 7368  0
2382 8314 7784 1296  0
7581 7580 7519 8246  0
7658 7757 7745 8264  0
7137 7227 7226 8292  0
7138 7139 7228 8292  0
1875 1859 1874 8293  0
2125 2094 8173 8349  0
3868 7699 3873 4209  0
1890 1891 1875 8293  0
6812 7138 6811 8292  0
2443 8377 2442 3445  0
7519 7451 7452 8246  0
4429 4415 4416 8349  0
8162 7652 8236 8292  0
2036 3321 4047 8349  0
7729 7728 7842 7886  0
3823 3449 3448 8285  0
4341 8336 3252 4342  0
4335 8279 4338 4334  0
7244 7180 7245 7936  0
696 993 697 8036  0
7749 7950 7980 8044  0
7924 398 819 399  0
2563 7843 2564 2526  0
7170 7101 7755 7761  0
5492 5493 5515 7978  0
1691 1692 7883 7957  0
488 542 543 7992  0
7652 8030 8292 8162  0
7298 7228 8071 8292  0
8071 7652 7942 8292  0
7118 7186 7117 7993  0
6617 7828 8355 6616  0
629 7798 8066 8436  0
618 8084 8093 8363  0
4262 3934 7690 8265  0
7674 7220 7972 7132  0
1367 1549 7678 7800  0
7729 7950 7807 8009  0
6214 7736 7901 8252  0
5011 5024 5010 7957  0
6167 7935 8033 6166  0
6987 6986 6974 7850  0
7826 5630 6539 5631  0
904 942 943 7803  0
7691 7677 7729 7889  0
646 7813 647 578  0
1197 1198 8070 8324  0
1885 1901 1902 8015  0
2382 7784 1501 1296  0
2081 7893 7891 2112  0
7637 7611 7777 7994  0
3456 7980 3831 3457  0
1599 2534 2535 8264  0
640 971 641 7965  0
2599 2564 2563 7861  0
1383 7740 8078 7941  0
6952 6974 6951 7850  0
2242 2241 2277 8098  0
5039 5025 5026 7957  0
1716 1715 1727 7957  0
1692 1691 1703 7957  0
1210 993 1209 8036  0
6471 7805 6488 8245  0
1770 8171 8090 8016  0
5618 4543 5619 8006  0
1047 748 1048 8365  0
6335 6336 8184 6320  0
7168 7099 7100 7761  0
425 8403 426 8151  0
6987 6624 6623 7850  0
5783 7996 5798 5797  0
7657 7696 7905 8013  0
7560 7559 7492 8286  0
5108 5092 7692 5107  0
6622 6986 6623 7850  0
6975 6987 6974 7850  0
8393 144 143 8130  0
7700 7805 7836 8192  0
2363 3394 2362 8261  0
8262 5557 4497 4515  0
7024 7954 7823 7023  0
7495 7496 7563 8155  0
7193 7258 7257 8038  0
1819 3265 3701 8144  0
5481 8023 7893 5482  0
7657 7800 7665 7678  0
5561 5580 5560 8037  0
7964 2267 2305 2304  0
1461 2321 2320 8192  0
6985 6972 6973 7850  0
6117 8325 6096 6097  0
4573 7921 5643 5642  0
2707 2673 2706 8026  0
1386 7974 8116 1385  0
7250 7993 8046 8399  0
5102 5103 5118 8398  0
7151 7152 7209 8413  0
1905 8114 7865 7933  0
1678 1690 1679 8035  0
5580 8050 5581 5601  0
6506 6505 5623 8101  0
7950 3466 7980 8044  0
6973 6974 6986 7850  0
7916 7214 7156 7213  0
243 214 213 8439  0
5743 4667 4666 7946  0
3002 2986 3001 8299  0
1471 2396 2395 8117  0
6036 6057 6035 8386  0
4752 4736 4753 8437  0
7168 7914 7761 7167  0
5962 5963 8107 8175  0
3285 3284 3287 8368  0
200 199 172 8439  0
1370 1196 1388 8156  0
7249 7248 8060 8399  0
7495 7563 7562 7979  0
7624 7623 7562 7979  0
8015 5273 5255 5254  0
5198 8126 5216 7782  0
6444 6445 6456 7840  0
4916 4927 6457 7840  0
2920 2921 7967 8052  0
5539 5538 7978 8154  0
7757 7658 8302 8343  0
3790 3791 4124 8061  0
4889 3954 3953 8400  0
6034 6035 6056 8386  0
2599 2563 2598 7861  0
7654 8087 8179 7713  0
1440 1623 1624 8086  0
4198 4199 3859 8062  0
2269 7977 2307 8154  0
1384 1566 1389 8324  0
8102 7775 7823 7735  0
6566 6567 6786 7988  0
5757 5756 6697 7896  0
7766 5787 5788 6678  0
8293 7865 1857 1873  0
6757 8006 6756 6502  0
5630 6539 6538 8032  0
4922 7895 8390 6452  0
3974 3977 4286 7840  0
4497 3358 4498 3364  0
7894 7704 7937 7997  0
3807 4143 4145 8396  0
3571 3570 3576 8386  0
4130 4129 3796 8207  0
3456 2453 3455 8078  0
5548 5571 5547 8098  0
6523 7837 6524 8268  0
2243 2242 2278 8098  0
1953 1936 3292 8095  0
2234 2233 2269 8154  0
7658 7759 8058 8343  0
6303 6287 7768 8184  0
4497 5557 4498 4515  0
4554 5630 5629 8032  0
2447 3449 3450 8285  0
7673 8033 2975 8352  0
2018 2048 7709 8065  0
1005 7713 8047 1222  0
6897 6924 8043 8278  0
5918 5941 5917 8428  0
7664 5116 7697 7824  0
492 8040 546 8077  0
1011 7912 8183 1010  0
7942 8092 7667 7712  0
6778 6521 6522 8268  0
7631 7630 7778 8220  0
6048 8054 8135 6049  0
2573 2608 2609 8111  0
8015 3288 1901 1902  0
5517 5539 5516 7978  0
8015 5274 5256 5255  0
4558 4557 4111 8425  0
2415 2416 1527 7838  0
7656 8175 8438 8442  0
5293 5313 4372 8368  0
8370 3537 3544 5924  0
5429 5428 5406 8241  0
243 242 272 8439  0
7916 8413 6758 8018  0
5155 8242 7785 5172  0
256 273 272 8439  0
1423 1422 1606 7925  0
4267 7970 7876 3616  0
4932 4943 4942 8209  0
7773 8317 7947 7724  0
1092 8321 1299 1091  0
1266 1456 1265 7944  0
4095 3762 4096 8414  0
6445 6432 6433 7840  0
6278 6243 6261 8358  0
5136 8090 5120 8119  0
5149 5148 5132 7824  0
226 227 255 8439  0
255 227 256 8439  0
4132 4604 4599 8199  0
1527 1526 2415 7838  0
6140 6139 7789 8109  0
2662 2663 2628 8240  0
3821 3447 8079 8285  0
7250 8060 7185 7993  0
430 365 429 7827  0
4611 7661 8396 7962  0
4297 3987 3986 7840  0
4285 3977 3987 7840  0
7671 8426 8089 7974  0
3759 7973 3760 4093  0
415 351 350 8415  0
197 170 198 8439  0
5275 5295 5294 8368  0
3572 2841 3568 8386  0
2599 7767 2564 7861  0
7657 8433 8195 8013  0
7664 5117 7824 8090  0
4073 4480 3739 8406  0
3759 3383 3760 8416  0
5309 5310 5328 7721  0
7950 4181 8009 8404  0
5807 5808 5828 7976  0
3098 8347 3110 8184  0
2235 7831 8154 8323  0
7711 6529 6739 6740  0
5992 6014 5991 8272  0
6487 6470 8245 8263  0
3363 4076 4497 3358  0
6223 6205 6224 7876  0
6291 6306 6290 8400  0
1059 1269 1058 8160  0
6529 6528 6486 8263  0
5661 6516 5660 8369  0
3692 4329 3240 7940  0
5453 5474 5452 8034  0
2886 2887 2867 7967  0
5209 8010 8063 8389  0
7250 7185 7186 7993  0
7436 7437 7504 7942  0
2077 2109 2078 8034  0
3404 3782 3403 8113  0
1711 8326 1700 1699  0
3174 8254 3162 3161  0
6357 6356 7752 7788  0
7911 2346 8208 1466  0
6481 6567 6480 7988  0
6292 6291 8104 8400  0
5453 5433 5454 8034  0
4552 5628 5627 8076  0
7798 8001 8021 8206  0
5173 5190 5189 8242  0
2146 2147 2115 8384  0
3986 4296 7840 8395  0
930 931 634 7924  0
4574 5644 4532 7921  0
7953 6570 8191 8410  0
5507 5506 5485 8283  0
8200 5312 5332 4370  0
5702 4626 4625 7903  0
2440 1550 1549 7800  0
415 350 414 8415  0
2844 2825 2824 8218  0
3217 3216 3220 8270  0
7818 7665 7880 8043  0
8141 5656 4586 5655  0
5522 5499 5500 8048  0
7388 7458 7457 7998  0
3875 4212 4725 3871  0
6300 6301 6317 8249  0
1764 1763 1778 7697  0
4726 7990 5777 5792  0
7621 7979 7622 8122  0
453 388 452 8124  0
5562 7977 8154 5563  0
1342 8210 7669 1340  0
4677 7717 8103 7737  0
5243 5244 8063 8389  0
1596 1595 2531 7982  0
1490 1489 8277 8289  0
5829 4759 7746 7976  0
2207 8098 2241 2242  0
5592 6492 7702 7934  0
6230 6248 6229 8082  0
5054 5039 5040 7957  0
3036 8288 3050 3051  0
951 7869 913 7941  0
2462 2506 2463 8310  0
527 7797 8226 472  0
8300 8229 4903 6382  0
8041 4087 8427 8434  0
5315 5314 5296 8095  0
2328 4519 2327 8332  0
2278 7926 2316 2279  0
707 7814 8047 8231  0
7746 5854 5877 4775  0
4958 7841 4959 4971  0
7450 7381 7451 8246  0
6661 8409 8091 6660  0
5378 5377 5357 8287  0
6865 7881 6866 6890  0
199 198 171 8439  0
3760 3761 4094 8414  0
7694 7676 7834 7879  0
5354 3299 4377 8095  0
5789 5809 7699 8335  0
4348 8073 5161 8144  0
4044 5374 4375 8224  0
6043 6044 6065 7967  0
6846 7880 7951 6871  0
6140 6160 6159 7848  0
2677 2710 8000 8188  0
8260 8096 2272 2273  0
6386 6372 6387 8254  0
5588 5589 5609 8281  0
2089 4410 4424 8354  0
7788 6343 6357 6358  0
7369 7370 7439 8071  0
2135 2104 7760 7986  0
6065 6064 6043 7967  0
7182 7114 7183 8060  0
6676 7766 6677 8102  0
5249 5231 5232 7931  0
7222 7820 7958 8267  0
2794 2793 7906 7771  0
2661 2693 2694 8142  0
145 8393 121 158  0
7667 7657 7803 8079  0
5881 5880 8142 8221  0
5704 4624 4627 7999  0
4378 5396 5395 8196  0
6242 7876 6241 6224  0
7389 7388 7319 8399  0
2114 2082 2113 8196  0
3319 2054 2055 8196  0
3522 2646 2680 7746  0
3578 6054 4856 8297  0
5590 6467 5589 8031  0
5112 7697 5113 8150  0
1577 2502 2503 7974  0
3022 3008 3007 8082  0
3520 8221 5879 3528  0
707 1004 708 8047  0
5228 8063 5210 8059  0
6985 6972 7850 8043  0
3346 8348 3347 3340  0
7462 7530 7856 8161  0
3374 8097 1473 3375  0
5652 8236 6559 6558  0
6762 6508 6763 7653  0
8107 6011 6033 4849  0
3064 3063 8382 8358  0
7536 7597 7783 8441  0
2514 8205 8225 7716  0
5244 5243 5226 8389  0
6106 6085 6107 7967  0
5702 5703 4626 7903  0
8260 7852 8281 8096  0
1315 1108 1109 7963  0
3394 3771 8146 8261  0
7768 3074 3073 7689  0
3304 5355 7701 8095  0
3218 3214 3213 8270  0
5633 7826 7829 5632  0
7893 5436 5437 8196  0
8054 6048 8135 8420  0
3179 3166 3178 8024  0
5194 5193 5177 8073  0
7259 7328 7258 8038  0
7720 8008 8371 8378  0
5807 8360 5806 6722  0
7754 7822 7844 7917  0
3063 3064 8382 3077  0
5781 7775 6671 6672  0
1075 775 776 8176  0
41 48 39 8361  0
2009 1991 2008 8287  0
8129 2463 8310 8273  0
7081 7082 7144 7682  0
5349 5350 5369 8374  0
4942 4931 4932 8209  0
7493 7561 7560 7979  0
4333 3241 3238 7991  0
132 133 8133 8393  0
8294 6043 8064 7714  0
1460 1459 7913 8192  0
3172 3160 3171 8394  0
3821 7667 7688 4161  0
432 488 489 7992  0
6085 6086 6107 7967  0
4879 3616 4268 7970  0
2005 2006 8200 8224  0
6767 6813 7914 6837  0
6676 7823 6657 6658  0
6473 8408 7805 6465  0
463 406 462 8234  0
7942 7368 7437 7862  0
4665 7696 8178 5725  0
3824 3449 3823 8285  0
1165 1166 7830 7835  0
5230 5213 5231 7931  0
3262 4345 4017 8144  0
7745 7754 7654 7814  0
3576 3575 8325 8386  0
3381 3382 3758 8017  0
3088 3074 3087 8400  0
3483 7961 8301 8237  0
2022 2005 8200 8224  0
7736 2998 7848 8002  0
75 8393 8133 111  0
1373 1180 1369 7678  0
865 864 885 7839  0
6154 6136 6155 8372  0
6322 8184 7756 6321  0
6254 6235 7689 8002  0
7724 6492 6535 6536  0
4181 8404 4180 4668  0
8188 7968 2677 7864  0
7046 7734 7999 7045  0
3673 3194 7895 8395  0
2899 7890 8235 2900  0
6485 6486 6528 8263  0
1933 7721 1932 1949  0
7757 7982 8003 8020  0
2875 2876 8148 8212  0
1124 1122 1121 7669  0
7878 7726 7892 7734  0
2069 2070 7666 8291  0
5878 5902 5925 8370  0
4599 4132 8207 4130  0
2968 2985 8105 8211  0
1344 1342 1522 7669  0
7196 7128 7197 8132  0
5529 8217 5528 8283  0
5957 7906 7771 5980  0
1803 1802 8144 8147  0
2983 2984 7848 8211  0
6181 6198 7848 8211  0
5168 5167 7918 8005  0
5262 5281 8114 8227  0
1935 3712 1934 8182  0
7384 7383 8025 8303  0
7975 7810 8276 8213  0
1987 1986 2004 8200  0
3214 3218 1643 8270  0
7695 1645 7715 8209  0
865 886 866 7839  0
1020 7719 724 8166  0
7745 7683 7814 7867  0
7751 1157 1158 7854  0
2985 2967 2984 8211  0
417 474 418 7670  0
3134 3135 3123 8300  0
7700 7711 7663 8180  0
1580 7892 2460 8156  0
1337 8210 1122 1338  0
8065 8138 5408 7709  0
4306 3998 4937 8346  0
7685 6253 7689 8002  0
7239 7309 7308 8100  0
3810 4150 4148 8418  0
7308 7309 7930 8100  0
7669 1139 1342 1337  0
2999 8002 3015 8211  0
3182 3181 3191 8394  0
200 229 228 8439  0
7163 7290 7958 8004  0
7437 7436 7367 7942  0
1348 7838 1349 7669  0
867 845 866 7839  0
142 143 8393 119  0
2948 2965 2949 7848  0
6173 8372 6154 8339  0
8343 7746 2645 2610  0
1233 1424 1425 7925  0
496 440 7802 8198  0
1233 1016 1232 7925  0
2235 2271 2236 8323  0
6244 6245 6261 8358  0
5959 5958 5936 8319  0
2220 2221 2187 8333  0
7952 7879 7834 7676  0
2575 2537 2574 8343  0
2075 8034 8065 8241  0
8055 7872 8356 8407  0
4948 4947 4937 8346  0
2254 2291 2255 8333  0
4947 4946 4936 8346  0
7837 7720 8378 8008  0
7757 6685 8228 8253  0
4079 4076 4497 3743  0
5615 5614 7973 8328  0
4602 8137 4136 4593  0
166 141 142 8130  0
7679 6495 7682 8328  0
3224 3227 3228 7715  0
2232 2197 2231 7888  0
1674 1673 7811 8275  0
6338 6323 4892 7756  0
7327 7328 7763 8038  0
7555 7952 7487 7488  0
8366 8136 8407 5321  0
2582 2619 2583 8429  0
6976 7905 6989 7696  0
2619 2618 2654 8429  0
8261 1084 8118 8258  0
4480 4076 4073 3739  0
6528 7711 6529 6739  0
7145 7146 7203 7900  0
143 144 168 8130  0
3739 8406 3737 4073  0
1008 1007 1224 8179  0
4977 4978 4990 7715  0
7070 7737 7069 8072  0
8085 7925 2485 2484  0
6456 6445 6457 7840  0
7524 7457 7525 7954  0
6639 6638 7006 8238  0
3387 3386 2355 7887  0
4515 5577 4536 8262  0
6329 6330 6345 7884  0
5609 5589 6466 8410  0
2789 2760 2759 8373  0
2560 2561 8115 8318  0
5354 3303 3299 8095  0
4667 4666 7946 7950  0
1681 1693 1682 7883  0
630 631 338 8066  0
8239 7819 2300 2337  0
5913 5889 5890 8274  0
8418 7734 7806 7804  0
3743 8262 3368 3363  0
885 8248 7839 906  0
7822 7805 8263 7711  0
2168 7831 7986 2201  0
1749 1762 1763 8255  0
6992 6979 7710 7905  0
8440 2547 2507 2548  0
7664 1742 7981 8171  0
4480 3739 4498 4497  0
8262 4497 3743 4079  0
3739 3358 4497 4076  0
4498 8262 4497 3364  0
2835 2834 7919 8319  0
5530 5552 5529 8408  0
4079 4515 4514 4536  0
3739 4076 4497 4480  0
7799 7720 8371 8378  0
2440 2439 2475 7800  0
5282 8407 5302 8366  0
5343 5323 8356 8407  0
5284 5283 8055 8407  0
5321 5322 8136 8407  0
5347 8138 5366 5346  0
5323 5343 5322 8407  0
8227 8407 8055 5283  0
4480 4465 4481 4073  0
5323 5304 8356 8407  0
6331 6330 6316 7989  0
8136 5322 5343 8407  0
7923 7681 8427 8434  0
5304 5284 8055 8407  0
2302 2344 7964 8378  0
2436 2472 2437 8205  0
5661 7923 8427 8434  0
7793 7266 7335 7336  0
4322 5003 5002 7811  0
806 7723 855 7744  0
452 8093 8124 8417  0
6567 6566 6480 7988  0
2391 3412 2390 8061  0
8252 3594 3595 2977  0
8041 7681 7677 8434  0
2970 2971 2954 7935  0
7112 7111 6782 7873  0
5806 5828 7746 7976  0
2269 8037 8154 2268  0
2994 3010 2995 7901  0
4025 7931 4023 8309  0
5861 8051 5860 5837  0
483 427 426 8403  0
3380 8017 2348 2349  0
4955 4956 4968 7695  0
2439 8197 2438 7800  0
6798 6825 6840 8004  0
2343 1443 2344 8378  0
8152 8237 7961 8419  0
3717 1970 3297 8200  0
2143 2112 7891 7893  0
6593 6826 6845 7718  0
6258 6276 6275 7970  0
6947 6970 7828 8043  0
7047 6662 7030 8081  0
5245 5244 8227 5263  0
1601 2536 2537 7759  0
3079 3080 3066 8249  0
5224 5242 5241 8293  0
8431 7698 7853 8167  0
7775 7735 8115 8168  0
481 424 480 8151  0
8155 7494 7845 7979  0
1283 1072 1073 8193  0
7145 7082 7083 7682  0
2163 2162 2196 7956  0
7503 6983 7570 7806  0
8159 6663 6664 7078  0
1205 989 988 8165  0
1140 897 1145 7751  0
4666 4178 4647 7980  0
5878 4773 4225 4804  0
373 8077 7855 372  0
1955 1956 1939 7675  0
2630 2595 2594 8051  0
4387 2035 4047 8349  0
7157 7158 7215 7653  0
1939 1956 1957 7675  0
2819 2818 7919 8175  0
5093 5092 5077 8279  0
3490 3489 3861 7974  0
1774 8147 7692 1788  0
5485 5508 5507 8283  0
4259 8212 8265 6114  0
3756 7799 2340 8262  0
5270 5289 5288 8269  0
6313 6297 6314 7884  0
1993 1994 1975 8136  0
1021 7719 1022 725  0
4654 5715 4655 8129  0
4075 4496 4072 3362  0
3367 8239 3373 4078  0
4517 4516 4080 7934  0
5918 8026 8188 8428  0
7948 1046 8266 8365  0
5444 5423 5424 8291  0
8097 7949 8284 8342  0
6495 6749 7679 7682  0
1746 1734 1733 7940  0
3407 3406 2385 8088  0
494 438 437 7802  0
1157 7751 1158 1146  0
8233 7743 8337 8202  0
7890 6064 6041 6063  0
4641 5736 5737 8238  0
7324 7254 7795 8123  0
1574 1396 1395 8165  0
1206 1398 7886 8165  0
6959 6984 6958 7806  0
7204 7147 7205 7900  0
7371 7441 7955 7983  0
846 847 791 8357  0
1881 8059 7931 1880  0
7195 7260 7259 8038  0
5167 5183 5166 8005  0
3781 3402 8113 8195  0
6518 8434 5662 6519  0
2067 2098 2099 8348  0
4660 5720 5721 8243  0
444 500 501 7791  0
5575 5574 5556 7836  0
3354 2162 3348 7956  0
4316 4939 4951 8270  0
3351 2228 4068 4464  0
7824 5134 7918 8090  0
4677 7717 4190 8103  0
7657 7803 8079 8164  0
7818 7810 7794 7835  0
1271 1060 1061 8160  0
1071 1282 8017 8193  0
919 8392 623 898  0
3931 3592 3934 8265  0
7042 7628 7043 7897  0
1545 1364 1363 8022  0
5216 5199 5217 8126  0
3473 3844 3845 8315  0
6420 6419 6407 8024  0
7728 7720 7797 7813  0
8042 4586 8061 8141  0
2767 2797 7656 8319  0
7873 6565 6784 6785  0
5391 5412 5411 8139  0
1975 1974 1992 7680  0
2237 2203 2202 7831  0
6228 6229 6247 8082  0
7307 7308 7377 7930  0
7790 7726 7868 8385  0
754 1053 7899 8181  0
5592 7702 7836 7934  0
680 681 8322 8411  0
6829 8247 6579 8145  0
6291 6273 6292 8104  0
6828 6578 6829 8247  0
6284 8290 6285 8249  0
5678 5670 6577 8247  0
7144 8304 7143 7682  0
1161 1356 1162 8345  0
6471 7805 6472 6488  0
7252 7251 7187 7993  0
6712 8020 8091 6713  0
4552 4105 4106 8076  0
7789 2930 8109 8325  0
6992 6991 6979 7905  0
3937 8339 4871 6209  0
2740 2708 2707 8188  0
5963 8428 8175 5941  0
5176 5193 8010 8073  0
8435 4235 4816 4815  0
7405 7406 7762 7793  0
3544 8272 3898 3559  0
5466 5467 7956 8291  0
6886 6885 6861 8247  0
6024 6002 6025 7906  0
1625 3199 3210 8270  0
5155 5138 7785 8119  0
2047 2017 2046 8422  0
8420 8341 6089 6088  0
5374 5373 4375 8224  0
3053 8249 3052 3067  0
4318 4316 4951 8270  0
4964 4321 4318 8270  0
5378 5379 5399 8287  0
5519 5497 5520 7707  0
647 693 694 7813  0
537 8231 536 593  0
4189 3849 4188 8103  0
2359 2360 3391 8049  0
3212 3216 3217 8270  0
5265 8227 5264 5245  0
6461 5550 6462 8245  0
3369 3364 3363 8262  0
5427 5428 5448 7760  0
3191 3670 3671 8390  0
5001 5013 5000 7811  0
7891 5414 8196 8224  0
3842 3470 3469 8009  0
3359 3360 3353 8406  0
6576 7772 6575 5678  0
514 892 570 7869  0
1388 1196 1195 8156  0
5090 5105 5104 8016  0
3324 2037 3318 8287  0
3754 3375 3376 8041  0
8401 3556 3557 4827  0
7662 7676 8122 8286  0
7158 7095 7096 7653  0
3100 3112 3636 7756  0
5964 8107 5987 5963  0
1160 926 1159 7798  0
8071 7438 7369 7368  0
7621 7620 7559 8286  0
7715 4955 4967 4968  0
5028 5014 5015 7811  0
4315 4316 4318 8270  0
2250 2285 2286 7836  0
5680 8379 8204 6583  0
5719 5713 5720 8243  0
6581 7808 8204 8379  0
8182 7721 8269 8309  0
4967 4978 4966 7715  0
1306 1086 1100 8251  0
4680 4193 4192 7961  0
7780 7809 7910 8330  0
2276 7852 8331 7832  0
8382 7747 7752 3102  0
643 642 973 8344  0
7858 7709 8138 1981  0
7836 5532 4466 8157  0
1630 3204 7695 8346  0
3443 3460 3834 7878  0
3830 3456 3455 8078  0
7723 857 856 7744  0
7208 7273 7272 7742  0
5267 5286 8055 8269  0
1855 1840 8005 8069  0
5138 5154 5137 8119  0
2527 2526 2564 7843  0
488 7827 431 487  0
1565 2454 1566 8324  0
8147 4017 4015 4343  0
4499 5576 7836 7934  0
6218 6219 6235 8002  0
2476 2457 3466 8044  0
658 7780 590 589  0
1727 7957 7971 8244  0
3220 4964 4321 4977  0
7884 3077 3064 3078  0
3240 1734 1735 7940  0
5872 5896 5871 8188  0
6638 6639 5737 8238  0
6028 6049 6027 7919  0
4536 5577 5598 8262  0
3141 7659 7747 7792  0
5430 5451 5450 8241  0
4929 4940 4939 8270  0
3584 3578 3583 8297  0
3209 3212 3213 8270  0
4328 5004 5018 8326  0
7874 7794 8277 8289  0
1140 1145 1146 7751  0
4090 4091 4537 8214  0
5114 5130 5129 7697  0
3370 2342 8378 8262  0
3080 3067 3066 8249  0
7159 7217 7653 7674  0
1853 1838 1852 8005  0
2325 3744 2287 7934  0
2095 2064 2094 8349  0
5605 5585 5606 8096  0
6050 6049 7919 8212  0
7194 7663 7195 8038  0
5997 5974 5975 8177  0
4998 5010 4997 7883  0
6836 7880 6870 8057  0
5909 8189 5933 5932  0
5446 5447 5468 8291  0
6763 6509 6764 7653  0
5377 5397 5376 8287  0
2081 7891 8196 8224  0
3584 8325 2911 3579  0
3584 3583 3586 8297  0
3586 3583 3585 8297  0
6116 6136 6115 8297  0
2130 2131 2100 8291  0
5356 5376 5355 8287  0
4013 3696 3251 8279  0
1774 3251 1761 8279  0
2037 2009 2008 8287  0
4013 4340 3696 8279  0
5781 5796 7985 7996  0
3370 7964 8378 2302  0
7731 7726 7738 8425  0
7404 7474 7473 7762  0
4531 4082 4532 7722  0
5529 5506 5507 8283  0
1182 958 1175 8164  0
5738 7969 5739 4643  0
5651 6557 5650 8236  0
5507 5530 5529 8283  0
5018 5005 5019 8326  0
2067 2068 7693 8348  0
2859 2839 2838 8107  0
6296 7884 6313 8382  0
7158 7096 7159 7653  0
5445 5446 5467 8291  0
6758 6757 8018 8413  0
7476 7544 7543 7778  0
977 8028 8086 8412  0
2286 2251 2250 7836  0
6302 6286 6287 8290  0
5670 7808 6578 8247  0
3815 3437 3441 7878  0
2213 8217 2212 2247  0
5485 5506 5484 8283  0
2289 8332 2326 2327  0
7823 6676 7766 6658  0
2373 1489 2374 8289  0
4647 4178 4646 7980  0
4646 5741 5742 7980  0
5926 5902 5903 8370  0
4377 5333 5354 8095  0
7857 7654 7870 8087  0
7662 7671 7686 7820  0
7345 7834 8169 7346  0
4402 4403 4415 8349  0
5153 5136 5137 8119  0
4270 4271 4884 8104  0
335 316 315 8021  0
7500 7568 7567 8298  0
3068 3053 3067 8249  0
2384 1299 2385 8088  0
986 8391 690 8344  0
2386 1301 2387 8088  0
8233 1326 1324 1507  0
7106 7175 7174 8100  0
7000 7005 6999 7955  0
8283 3731 4062 3343  0
2825 2806 8218 8387  0
8036 582 651 650  0
1458 7926 2318 2317  0
3465 2457 2456 8044  0
7758 7857 7654 8067  0
5469 5447 5470 7849  0
5303 5321 5302 8407  0
7114 7113 6784 7873  0
4497 8262 4515 4079  0
3682 4317 3219 8275  0
117 155 8133 141  0
4179 4180 3840 7950  0
7903 7975 8129 8276  0
5741 4645 7730 7980  0
6816 6739 6740 7711  0
7735 7766 8102 7843  0
7708 6552 5645 8433  0
7509 7730 7571 7955  0
7360 7291 7361 8004  0
1793 1792 7697 1779  0
7254 7255 7795 8123  0
429 7882 7827 7844  0
983 7965 8044 8344  0
2262 2263 4479 4495  0
4374 5313 5333 8095  0
8095 8368 3294 4372  0
7062 6698 6697 7994  0
411 347 346 8375  0
7366 7297 7367 7942  0
671 718 672 8223  0
5821 7767 7781 7660  0
4527 4569 4568 7819  0
7312 7242 7243 8025  0
6017 6018 6039 8218  0
6914 6940 6939 8213  0
4120 4581 8162 8236  0
4400 2033 4386 2062  0
7976 7699 8058 8360  0
5928 8373 8387 8221  0
6825 6841 8004 8199  0
1993 2010 2011 7666  0
2998 2997 7736 7848  0
2680 3529 3887 7968  0
6931 8230 8030 7710  0
6692 7056 7057 8220  0
8297 6137 6136 8372  0
908 887 886 8248  0
6718 7757 8074 8253  0
2227 2226 4463 2194  0
7772 5675 7962 7718  0
5792 5810 4741 8121  0
8305 8394 3190 3661  0
3003 3019 3020 7876  0
430 429 486 7827  0
8185 4265 3943 4876  0
6334 8194 6349 6333  0
1698 1697 7725 7811  0
3362 4496 4072 2264  0
6504 8101 6759 8018  0
585 529 528 8226  0
5158 8010 5175 7785  0
7111 7179 7110 8029  0
1833 1832 8073 8144  0
5619 7821 8006 4543  0
1299 1300 2385 8088  0
2385 1300 2386 8088  0
7788 3151 7792 8254  0
4178 4179 3839 7980  0
1846 1861 1862 8010  0
515 7869 572 8234  0
2733 2732 7771 8172  0
7051 7052 8007 8257  0
2593 7985 8240 7996  0
1962 7872 1945 1961  0
7725 5028 7811 8244  0
903 881 902 8125  0
3812 7878 8418 3437  0
3046 3061 3047 8104  0
7156 7094 7157 8101  0
2603 8003 2639 2604  0
6767 8359 7914 6813  0
8235 6100 7789 6101  0
2260 2259 4476 2225  0
4509 2297 4508 4493  0
8252 6157 6177 8109  0
6646 5744 6645 7946  0
6613 5709 6612 7975  0
6978 6955 6956 7905  0
3018 3002 3001 8299  0
2133 2164 2165 7849  0
1331 1329 7929 7938  0
7886 1583 1399 1400  0
2623 2622 2658 8437  0
7125 7124 6817 7711  0
6000 5978 6001 7714  0
7807 7729 8009 8165  0
7237 8320 8100 7307  0
5568 5567 8260 8281  0
3769 3770 4103 8146  0
1277 1276 1066 8208  0
2927 2928 8054 8265  0
4386 8173 4387 4401  0
3457 2455 3456 8324  0
2193 2226 4462 2225  0
6337 6353 6336 7756  0
1392 1391 1570 8044  0
7439 7507 7506 7955  0
2346 3379 7934 8208  0
4064 2194 2195 2227  0
1393 1394 1202 7807  0
8418 4627 7999 4156  0
4201 4689 4202 8426  0
2418 2417 3440 8353  0
6389 6404 6403 7792  0
1560 1378 1559 7908  0
4092 4538 4091 8328  0
3969 8024 3657 3972  0
4640 8092 4639 8338  0
7361 7734 7362 7431  0
5449 7986 5450 5472  0
1300 1301 8088 8357  0
7528 7779 7856 7589  0
3254 3257 1776 8150  0
4156 4154 7878 8418  0
6817 7124 6816 7711  0
4569 5638 7819 8380  0
6741 6817 6740 7711  0
7700 7913 8192 8160  0
1046 1047 1257 8365  0
2766 2733 2765 7771  0
6022 6021 5999 7714  0
670 8183 669 716  0
8320 7761 7730 7983  0
6932 6905 6906 8232  0
5843 5844 5867 8039  0
7330 7399 7329 7769  0
4975 4976 4987 8275  0
4502 2254 4501 8333  0
511 8118 8124 8174  0
7694 7879 7717 7676  0
2402 1506 8233 8137  0
4469 2187 4456 4470  0
4509 7819 2298 4510  0
586 654 655 7928  0
7401 7758 7402 7471  0
5153 5154 5170 8119  0
2941 7673 7690 8341  0
1860 1861 1845 8010  0
1469 8117 1468 8284  0
5898 5920 8188 8350  0
3327 8349 4054 4404  0
4041 2033 4386 4385  0
3392 3393 3769 8146  0
7396 7763 7795 7397  0
5578 5558 5559 7888  0
7774 7810 8276 8313  0
3984 7895 8395 3673  0
5528 7959 5550 5527  0
4509 4494 4510 2298  0
4448 2193 4462 4447  0
6390 6404 6389 7792  0
7801 7902 8219 8280  0
6555 5648 8162 8334  0
2245 7926 2280 2281  0
5815 7996 8051 8240  0
1258 7943 8365 7960  0
4491 2295 4490 2258  0
4476 2259 4475 2225  0
5223 5224 5241 8293  0
325 264 294 7909  0
5620 5621 6503 8018  0
2692 3534 2725 8221  0
1000 703 999 7809  0
8145 7743 8213 8247  0
7763 7466 7467 7397  0
2012 2041 2013 7666  0
5401 5400 5380 7666  0
3478 3849 3850 7717  0
6676 7823 8102 6657  0
4492 2296 4508 4507  0
1752 1751 7697 7971  0
1078 8049 1289 7812  0
5172 5171 5155 8119  0
7686 7723 7731 7820  0
7926 8031 8098 8331  0
851 850 871 7898  0
6238 7815 7970 6237  0
1378 1377 1559 7908  0
5678 4603 5670 8137  0
5402 5403 5424 7666  0
7235 7170 7755 7761  0
7772 4600 5675 4601  0
3832 3458 3865 8019  0
1889 1890 1873 8293  0
5401 5380 5381 7666  0
2188 2187 4457 2155  0
3865 4171 3832 8019  0
6808 6555 6809 8334  0
3034 3612 7876 7970  0
4400 8173 4386 4401  0
1541 2433 1542 8068  0
7926 2316 7944 8331  0
2225 4461 4475 4462  0
2011 2040 2041 7666  0
4337 3244 3241 7991  0
7753 8113 7708 8314  0
4179 4178 4666 7980  0
1451 1261 7920 7960  0
2229 4479 4068 2228  0
5352 5372 5371 8200  0
2449 2450 1561 7740  0
6922 6948 6947 8043  0
1116 1101 808 7744  0
3422 3421 7772 8137  0
1859 8010 8242 8389  0
8045 6415 7895 8254  0
4479 2262 2229 3357  0
7099 6770 7100 7761  0
2730 2731 2698 7915  0
6122 6101 6102 8235  0
7810 1535 8276 8313  0
2041 2040 2070 7666  0
2069 2040 2068 7666  0
4253 4849 8107 8148  0
4041 4042 4386 3314  0
1804 8147 1803 8144  0
1264 1455 1454 8181  0
2377 8277 2376 1492  0
6082 7890 8052 8235  0
6812 6811 8236 8292  0
5380 5360 5381 7666  0
5960 5961 8175 8442  0
438 374 373 7802  0
986 1203 987 8344  0
3499 3504 3873 7770  0
5715 4654 4631 8129  0
2394 3751 8112 8117  0
1582 1583 1399 8364  0
5746 7999 4648 8128  0
4636 5732 4637 7667  0
4545 7821 8219 8018  0
5920 8120 8188 8350  0
7686 8084 8124 8174  0
2032 2033 4400 2062  0
8049 1080 8417 8424  0
4461 2224 4474 4460  0
2298 2261 4494 2262  0
2229 2228 4068 3351  0
366 365 430 7827  0
2259 4476 4491 4492  0
4060 2193 2161 4448  0
7528 7590 7589 7856  0
2299 2300 2264 4496  0
5619 6502 8006 8018  0
6688 7053 6689 8007  0
4479 2262 4478 2228  0
7322 7391 7321 8296  0
4494 2261 4478 2262  0
4495 2263 4496 2299  0
4060 4448 3345 4064  0
4448 4060 3345 2161  0
2161 2194 3345 4448  0
1859 8242 8293 8389  0
4225 8370 4804 3890  0
7700 8067 7724 8132  0
8163 4657 4658 5718  0
1917 1900 1899 8309  0
869 7853 890 8167  0
5844 7781 5843 5823  0
3604 3006 3940 8033  0
2022 2004 2021 8200  0
2195 2228 3351 2227  0
2264 2263 4072 3357  0
1459 2318 1458 7913  0
785 1084 8118 8251  0
2195 2227 3351 4464  0
4464 2227 3351 2228  0
4814 8435 4799 4800  0
2537 1602 1601 7759  0
7581 7519 7966 8246  0
7107 7175 7106 7847  0
4495 2263 4072 4496  0
7773 1461 8160 8192  0
4897 3960 4274 8306  0
6361 6360 6345 7747  0
3842 3867 3470 8009  0
603 8223 546 602  0
7601 8007 8257 8140  0
4367 4366 3284 8368  0
984 973 972 8344  0
416 352 351 7948  0
7714 2811 8177 8189  0
2399 7738 8207 8425  0
2235 2236 2201 7831  0
2222 2189 2188 8333  0
2480 3497 7842 8009  0
8420 8341 2907 8054  0
2082 7893 8196 2081  0
7171 7235 7170 7755  0
6169 6188 6168 8352  0
1300 1301 2386 8088  0
5710 7975 8075 8163  0
3298 3299 3295 8095  0
7838 7774 8001 8337  0
7360 7361 7734 8004  0
5248 5230 7931 8059  0
2134 2135 2104 7760  0
3866 4175 7800 8178  0
2811 2830 2812 7714  0
8427 3374 8097 8117  0
7578 7015 7014 8259  0
8056 7808 8137 8233  0
1832 8010 8144 1831  0
3760 4093 8414 4094  0
2518 7842 7985 8364  0
381 7812 776 8176  0
7672 2841 8272 2842  0
3458 2460 7892 8019  0
6910 8127 6911 6936  0
6544 6543 5668 7829  0
2858 7919 2857 8148  0
669 668 715 8183  0
2148 2117 2116 8110  0
3357 2263 4072 4479  0
5835 5859 5858 8240  0
2227 2261 4478 4477  0
2605 2570 2569 8003  0
371 765 370 7947  0
3353 3352 3359 8406  0
594 662 8047 8231  0
2178 2179 2147 8110  0
5597 6521 5596 8268  0
578 647 579 7813  0
6531 6532 6742 8180  0
8163 5717 7975 7705  0
2593 2594 7996 8240  0
5551 5529 8217 5528  0
8052 2935 8105 8235  0
7134 7221 7133 7820  0
8005 1822 1837 7824  0
7908 1561 1380 7740  0
2521 2559 2522 8115  0
7819 4496 4512 2300  0
2594 2630 8051 8240  0
2377 8277 8239 2376  0
7779 7668 7823 7954  0
7105 7847 6775 6776  0
7996 2594 8051 8240  0
4496 7819 4495 2299  0
4496 7819 4512 4511  0
4494 2262 4478 4479  0
4064 2194 4463 4448  0
2245 7926 2244 2280  0
4477 2226 4463 2227  0
4525 2334 4508 4509  0
2194 2226 4463 2193  0
7846 7704 7694 7706  0
2225 2192 4462 2193  0
2333 2332 4524 4507  0
2192 4461 4462 4447  0
4524 4507 4508 2333  0
2296 2260 4493 2297  0
5169 5186 7918 8069  0
2194 2193 4463 4448  0
2261 2228 4478 2262  0
4513 3367 4075 4078  0
2227 4477 4464 4463  0
2193 2192 4462 4447  0
4478 2261 4493 4477  0
4493 2296 4508 4492  0
2298 2262 4495 2299  0
7253 7252 8123 8296  0
2262 2263 4495 2299  0
8084 564 8124 8174  0
6284 8290 6266 6285  0
4476 4477 4492 2260  0
6540 7820 6539 7826  0
2333 7875 4524 2332  0
4478 4494 4493 2261  0
2261 2297 4493 2260  0
4494 4495 4510 2298  0
4512 4496 4075 2300  0
2260 2226 4477 2261  0
2296 2259 4492 2260  0
8249 3053 8288 8290  0
4509 7819 4525 2334  0
4478 2227 4464 2228  0
4478 4477 4464 2227  0
1554 7892 2460 7878  0
2261 2226 4477 2227  0
2195 2227 4464 4064  0
4462 2193 4463 2226  0
4448 2193 4463 4462  0
4477 2260 4476 2226  0
4463 4448 4464 4064  0
2227 2228 4478 2261  0
4507 2295 4492 2296  0
7886 1400 8168 8364  0
4476 2260 4492 2259  0
2226 2225 4476 4462  0
2226 2260 4476 2225  0
2226 4462 4476 4463  0
4463 4477 4476 2226  0
4493 2296 4492 2260  0
4493 2260 4492 4477  0
1996 1979 1978 7858  0
7014 7015 6647 8259  0
3270 8158 5179 7782  0
5400 7666 7693 8287  0
3053 3039 8288 8290  0
6807 6554 6808 8334  0
4525 2333 4508 2334  0
2296 2334 4508 2333  0
2297 2334 4508 2296  0
4558 7829 4557 8425  0
2301 8239 2339 3367  0
7819 4495 2298 4510  0
5597 5596 7799 8268  0
2021 2022 8200 8224  0
6824 7820 7133 7132  0
3763 7821 7887 7902  0
4509 2334 4508 2297  0
3504 7699 3872 3873  0
2189 2190 4459 2223  0
2071 2102 7760 8291  0
5453 5432 5433 8034  0
6150 7673 7690 8352  0
8290 3068 3082 8249  0
7726 7671 7765 7820  0
1751 1752 1740 7971  0
3068 3053 8249 8290  0
8290 3083 3084 8184  0
8239 3367 4075 4513  0
2262 2263 2229 3357  0
4479 2228 2229 2262  0
8277 7722 8380 7963  0
8239 2300 2301 2338  0
3367 8239 4075 2301  0
3362 2301 4075 2300  0
4075 8239 2300 2301  0
4072 4479 4068 3357  0
4524 2332 4523 4507  0
6325 6341 6340 7752  0
4550 5626 7653 8076  0
1463 1462 7773 7911  0
2294 2295 4506 2332  0
2257 2258 4490 2294  0
2109 2108 2139 8034  0
702 701 998 7809  0
4491 2258 4475 2259  0
403 7733 827 7909  0
6555 5649 6556 8162  0
4819 2776 4833 4234  0
1649 7841 7825 8346  0
888 8248 887 909  0
3004 3021 3005 7876  0
8141 8359 6767 6560  0
657 656 703 7809  0
4514 7799 5596 4535  0
6893 6868 6869 8057  0
4460 2224 4474 2223  0
3016 3017 3000 7815  0
8287 3303 3316 5375  0
1083 1082 783 8258  0
7876 2989 3005 3004  0
2220 4485 4469 2219  0
4475 2224 4474 4461  0
1074 774 775 8176  0
5450 5451 7986 8241  0
2179 2180 8110 8283  0
6892 6867 6868 8057  0
6834 6584 6835 8057  0
8417 780 1080 781  0
4854 6052 8148 8212  0
6272 6255 6273 7689  0
3196 3186 3195 8395  0
3003 3004 2988 7876  0
3976 8305 3663 4915  0
4491 2258 4490 4475  0
5691 4613 4616 8232  0
2638 2672 8026 8039  0
2258 2259 4491 2295  0
655 656 7786 7809  0
2224 4461 4475 2225  0
2332 2295 4506 4507  0
890 889 7853 8431  0
1074 8193 8176 1284  0
6834 6835 6868 8057  0
7456 7455 7386 8303  0
1738 1737 1750 7971  0
7952 7348 7347 7417  0
868 869 847 8431  0
4506 2295 4491 4507  0
6204 6203 6186 7876  0
2223 2224 4474 2258  0
2222 4473 4459 8333  0
2225 2259 4475 2224  0
5921 5898 5899 8350  0
7667 7657 7753 7803  0
2331 4523 4506 4522  0
4506 8430 2331 4522  0
8432 4888 7752 6310  0
2332 2331 4506 2294  0
4523 2331 4506 2332  0
3755 7799 4088 8041  0
2212 2179 8110 8283  0
8118 7686 8124 8174  0
3168 3157 8024 8229  0
4470 4485 4469 2220  0
2257 2294 4490 4489  0
2224 2259 4475 2258  0
4483 4500 4077 4484  0
2282 2281 8192 8217  0
927 631 630 8066  0
7692 1814 7785 8119  0
2257 2294 4489 4505  0
2293 2257 4489 4505  0
6556 6555 8162 8334  0
4344 5110 4347 8336  0
7295 7942 8030 7296  0
6807 6808 6854 8334  0
7853 909 8248 8431  0
216 200 172 8439  0
4344 5094 5110 8336  0
2186 2220 4469 2219  0
7670 749 7787 355  0
2224 2190 4460 2191  0
2224 2191 4460 4461  0
8350 3900 3905 3899  0
621 689 953 8174  0
2223 2190 4460 2224  0
4459 2190 4460 2223  0
4460 2223 4473 4459  0
2547 8310 8429 4714  0
4490 2258 4474 4475  0
6744 6743 6533 8180  0
4460 2223 4474 4473  0
7650 7624 7625 8159  0
867 888 868 8431  0
8334 6556 6810 8162  0
6836 6869 6835 8057  0
4506 2294 4490 2295  0
2258 2295 4490 2294  0
4505 2294 4490 4506  0
4489 2294 4490 4505  0
2223 2257 4474 4473  0
4490 2257 4474 2258  0
2223 2258 4474 2257  0
4490 4489 4474 2257  0
4473 2257 4474 4489  0
4081 2289 3372 2288  0
2327 2290 4518 4519  0
4437 2120 4424 4438  0
1222 7713 8362 1223  0
2327 2289 4518 2290  0
1390 8070 1199 1198  0
7445 7446 8143 8320  0
791 1094 1093 8357  0
8430 2290 4502 2291  0
2575 2576 2538 8343  0
6808 6855 6854 8334  0
7752 8432 6310 8382  0
6809 6555 6556 8334  0
888 8248 909 8431  0
5110 5095 5111 8336  0
3562 3558 4240 8272  0
7777 7639 7614 7613  0
4456 4455 4441 2154  0
2254 2290 4502 4501  0
6854 7708 6807 8334  0
2290 4519 4502 4518  0
4518 4501 4502 2290  0
4505 8333 4489 2293  0
4473 2257 4489 8333  0
6856 6810 8292 8334  0
867 846 8357 8431  0
5648 7708 8162 8334  0
4344 4018 3699 8336  0
6467 5589 8031 8410  0
5791 4727 5809 8335  0
4347 5110 5127 8336  0
5096 5112 5111 8336  0
6855 8030 6856 7166  0
2155 4442 4457 2188  0
2220 2187 4469 4470  0
2220 2186 4469 2187  0
2462 2426 3444 8273  0
323 7909 401 7924  0
455 8124 454 511  0
4410 2089 4423 2088  0
6855 6879 6854 8334  0
6554 5648 6555 8334  0
6855 6808 6809 8334  0
6809 6810 6856 8334  0
4485 2254 2220 8333  0
8076 4554 7826 4107  0
6879 8030 6855 7165  0
2219 2218 4484 4468  0
2185 2218 4467 2217  0
4437 4452 4436 4067  0
4468 2218 4467 2185  0
2217 2184 4467 2185  0
927 7798 926 1160  0
5945 8120 8350 5967  0
3603 8252 8082 2993  0
806 7723 854 855  0
3622 3626 3623 8432  0
889 890 869 8431  0
2290 8430 2328 2291  0
4502 8430 4503 4519  0
6835 8282 6585 6836  0
5229 5246 5228 8059  0
8043 6896 6922 6923  0
6919 7828 7881 8057  0
6867 6892 7881 8057  0
4211 7716 8178 3500  0
4074 4483 4077 3747  0
3520 8221 3528 2692  0
2293 8430 8333 2292  0
2290 2254 4502 8333  0
1829 1816 1815 7785  0
2120 2119 4423 2088  0
2218 2185 4468 2219  0
2026 4394 4379 4053  0
4067 2151 4437 4452  0
2219 2186 4468 4469  0
2219 2185 4468 2186  0
4469 2186 4468 4455  0
4437 2151 4453 4452  0
4821 4807 2748 2747  0
4036 3309 4381 2028  0
2252 3361 4483 2218  0
3372 4081 3749 3779  0
3372 2326 3779 3401  0
2222 4473 2223 4459  0
1101 1102 1308 7744  0
5150 5134 5151 7824  0
4457 2188 4458 8333  0
2253 4500 4484 2252  0
2252 2218 4484 2253  0
4483 2218 4484 2252  0
4484 4500 4077 2252  0
2288 4081 3749 3372  0
4470 4485 2220 8333  0
2187 2188 4457 8333  0
4457 4456 2187 8333  0
4505 8333 4504 4489  0
6952 6953 7696 8013  0
4640 8092 4165 4164  0
6721 6720 6689 8302  0
6186 7935 6185 6166  0
1297 1296 1089 7784  0
4661 4660 5721 8243  0
3749 2288 4077 4081  0
5892 5914 5891 7656  0
7887 1285 1286 8176  0
4246 3552 3553 3911  0
1519 3423 7790 8053  0
5374 8196 4378 5395  0
7880 7794 7828 8057  0
4459 4472 4458 8333  0
2326 2289 3372 4081  0
7828 7794 7881 8057  0
8278 6872 7880 6897  0
827 7830 828 825  0
1419 1228 1227 7912  0
1759 1760 1748 8279  0
5385 5407 7907 8138  0
7746 5854 5829 5828  0
2056 4394 4407 2057  0
7687 1304 1303 2389  0
4049 2026 4052 3320  0
3738 2183 4067 4452  0
2828 7714 8177 8294  0
5367 8138 5347 7709  0
7907 7858 8138 8423  0
7709 1999 8422 8423  0
2365 2400 3416 3401  0
4459 4458 2189 8333  0
3356 2183 4071 2184  0
3385 3762 3761 7887  0
6730 6720 6721 8302  0
2056 2027 2026 4394  0
991 7813 990 7886  0
7898 7949 8234 8284  0
2614 2648 2649 3512  0
2705 2706 2672 8026  0
3320 3306 4045 4052  0
6468 6485 8031 8263  0
3416 3401 3779 3797  0
5138 7692 7785 8119  0
2601 2602 7767 7781  0
8050 5580 5581 8037  0
3973 3659 3658 3663  0
582 525 581 7797  0
4452 4071 4067 3738  0
3413 3412 2391 8061  0
3546 3545 7871 8370  0
2390 1305 2391 7877  0
4719 8225 4700 4701  0
4744 3506 4210 4711  0
1491 1490 1312 8277  0
2254 4486 8333 4485  0
6400 8045 8190 8254  0
7689 3046 7815 8104  0
4467 2184 4071 4452  0
4063 3734 4059 2118  0
3009 3023 3024 7901  0
6967 6614 6966 8075  0
1076 776 7812 8176  0
5171 5188 8069 8242  0
1488 1489 2373 8289  0
7334 7762 8067 7335  0
606 675 607 7796  0
3058 3073 3074 7689  0
2289 4500 4081 4518  0
2289 2288 4081 4500  0
8333 4505 8430 2293  0
3779 8332 4081 4113  0
2326 2289 4081 4518  0
3742 4467 4074 2217  0
3356 2217 4071 3742  0
4484 2252 4077 4483  0
4422 2088 4408 4409  0
2074 2044 2073 8241  0
2151 4452 4067 2183  0
2119 2150 3344 2118  0
3742 2217 4071 4467  0
5371 5391 5370 8139  0
3742 4467 4071 4074  0
2217 2183 3356 2184  0
1284 7887 8193 8176  0
2252 3361 3747 4483  0
3366 3361 3747 2252  0
3356 2183 3738 4071  0
4037 3309 4381 4036  0
3742 2217 4074 3361  0
4467 2218 4074 2217  0
4483 2218 4074 4467  0
3356 3350 3738 2183  0
7973 7846 8017 8416  0
3361 2218 4074 4483  0
3361 2217 4074 2218  0
2252 4500 4077 2288  0
3366 2252 4077 2288  0
3366 2288 4077 3749  0
4452 2184 4071 2183  0
2217 2184 4071 4467  0
3356 2184 4071 2217  0
4056 4394 4407 2056  0
3308 4035 4380 4036  0
3455 3454 3829 8078  0
2185 4468 4454 4467  0
2026 3726 4053 4052  0
1056 1055 7917 8181  0
3338 2118 4059 3734  0
6501 5618 5619 8006  0
3738 3350 4067 2183  0
2056 4394 2026 3326  0
4056 3732 4407 4059  0
3320 3326 2026 3726  0
3308 4035 3307 2027  0
2086 3332 4056 3326  0
4056 3332 3729 3326  0
4395 4036 4380 4381  0
4053 4056 3729 3326  0
3548 4231 4236 4237  0
4056 3732 3729 3332  0
4037 2029 4382 3309  0
6971 6970 8043 8355  0
6969 6970 6617 8355  0
4056 3326 4053 4394  0
5111 5112 8150 8336  0
3338 2086 4059 2087  0
4237 3907 4242 3548  0
4067 3350 3736 2150  0
3344 2150 3736 3350  0
4037 3309 3310 2029  0
5052 5051 5037 7991  0
3736 3734 4063 3344  0
2118 3344 4063 3734  0
2118 2119 4063 3344  0
3736 3344 4063 2150  0
2119 2150 4063 3344  0
8043 7850 7818 7665  0
4038 4383 3311 4039  0
4038 2030 3311 4383  0
7850 8355 7818 8178  0
7850 6621 6985 8355  0
4390 8349 4404 4403  0
2030 4383 3310 2029  0
4038 4383 3310 2030  0
3321 4390 4050 4047  0
5962 5984 5961 8175  0
2157 2190 4444 2189  0
3321 2036 4047 3721  0
2096 2066 3327 2097  0
2743 3540 3894 8350  0
2775 8188 2774 8350  0
2058 2057 4396 2028  0
2097 8349 3327 2096  0
2097 8349 2096 2127  0
8120 2774 8188 8350  0
5922 8000 8350 5899  0
5922 5946 5921 8350  0
4042 2033 3314 2034  0
4041 4040 3313 4385  0
3312 2032 3313 4040  0
4041 4385 3313 2032  0
2035 2034 4387 3315  0
4881 3947 8358 8432  0
8188 2743 8000 8350  0
8000 4818 5922 8350  0
2155 4442 4441 4456  0
4387 2034 4386 4042  0
2032 4385 4400 2033  0
3894 3895 8000 8350  0
3547 3899 2775 8350  0
2035 3315 4387 4046  0
7152 7153 7210 8413  0
8357 7712 8431 7687  0
5617 7973 8414 8006  0
2800 2771 2770 8175  0
4459 2189 4444 2190  0
4732 2583 2584 8429  0
5329 8374 7721 8271  0
200 216 245 8439  0
8173 4386 4387 2034  0
2035 2064 4387 2034  0
566 622 914 8174  0
566 565 622 8174  0
2768 8175 2798 2769  0
2186 2154 4456 2187  0
8413 7916 6758 7091  0
4455 2154 4456 2186  0
3895 4818 8000 8350  0
4456 2155 4457 2187  0
414 413 8250 8415  0
3904 3547 8120 8350  0
954 622 953 8174  0
7151 7209 7742 8413  0
7091 7153 7090 8413  0
511 566 512 8174  0
2743 3535 8000 8350  0
2156 2157 4444 2189  0
5946 5945 5921 8350  0
4054 3327 4404 4050  0
3540 2742 2775 8350  0
5921 5945 5944 8350  0
8350 3900 3895 4818  0
512 566 893 8174  0
6970 6971 6618 8355  0
8006 7821 8018 8413  0
4460 8443 2190 4445  0
3311 4383 4384 4039  0
3547 2774 8120 8350  0
5921 5920 5898 8350  0
3905 3899 3547 8350  0
4832 5967 5945 8350  0
3540 3899 3894 8350  0
8169 7211 7916 8413  0
7090 7089 6757 8413  0
7274 7742 7209 8169  0
8030 8230 7753 7667  0
4456 2154 4441 2187  0
2155 2187 4441 2154  0
4456 2187 4441 2155  0
5789 5790 5809 8335  0
6808 6554 6555 8334  0
42 32 31 8361  0
5111 5095 5096 8336  0
7156 7995 7214 7916  0
2188 2156 4458 2189  0
8162 8030 8292 8334  0
8438 2769 8175 7656  0
8168 7728 7886 7775  0
7708 6854 6807 6853  0
4458 2156 4443 2189  0
4444 2189 4443 2156  0
4458 2189 4443 4444  0
4442 2188 4443 4457  0
4442 2156 4443 2188  0
4458 2188 4443 2156  0
4457 2188 4443 4458  0
8426 7671 8089 7764  0
4832 5946 3900 8350  0
2818 2819 2798 8175  0
566 914 893 8174  0
8084 621 564 8174  0
565 621 622 8174  0
2820 2799 2819 8175  0
1073 8176 1074 8193  0
6278 4881 8358 8432  0
4765 4748 2654 8429  0
2126 2127 8349 8443  0
7681 7730 7749 8320  0
2819 2799 2798 8175  0
7209 7210 8169 8413  0
4039 2031 4384 3311  0
1093 1094 1301 8357  0
790 791 1093 8357  0
8028 689 8084 8174  0
1300 1093 1301 8357  0
2184 2152 4453 4454  0
4410 2058 4397 2059  0
1302 1094 1095 8357  0
791 792 1094 8357  0
846 790 845 8357  0
1301 1094 1302 8357  0
2152 4439 4454 2153  0
2028 2029 4381 4396  0
445 446 381 7791  0
2031 3312 4384 4040  0
4467 2184 4453 4454  0
3312 4039 4384 4040  0
4040 4385 4384 2031  0
5853 5852 5827 7746  0
5570 8031 5571 5590  0
4440 4455 4454 2153  0
4438 2151 4437 2120  0
4398 4410 4397 2059  0
4395 4036 4381 2028  0
4824 2782 4825 4838  0
2059 2089 4410 2058  0
4410 2088 4423 4409  0
2088 2089 4423 2120  0
4437 4423 4424 2120  0
4049 4035 4379 3307  0
2058 2089 4410 2088  0
2088 4409 4410 2058  0
2119 4423 4422 4436  0
2120 2119 4437 4423  0
2030 8354 4398 2059  0
7850 6621 6622 6985  0
2058 4409 4396 2057  0
6616 5713 8163 8355  0
2185 2184 4454 2152  0
2153 4439 4454 4440  0
2030 8354 2031 4398  0
4384 2031 4398 2030  0
2029 2030 4397 2059  0
3947 3617 8358 8432  0
4397 4409 4396 2058  0
2029 2058 4396 2028  0
4397 2058 4396 2029  0
1301 1302 7687 8357  0
4468 2185 4454 2186  0
8163 5719 8225 8243  0
4410 2089 4424 4423  0
6621 5722 6620 8355  0
7818 7828 8243 8355  0
2152 2151 4438 2120  0
4242 4833 4243 3907  0
4436 4063 4422 2119  0
7850 6985 8043 8355  0
846 7839 867 8357  0
762 7827 7992 7773  0
6617 7828 6616 6969  0
1092 8357 1093 1300  0
4439 2152 4453 4438  0
4454 2152 4453 4439  0
2151 2184 4453 4452  0
2152 2184 4453 2151  0
769 375 770 7802  0
2151 2119 4436 4437  0
2151 2150 4436 2119  0
4067 2151 4436 4437  0
4067 2150 4436 2151  0
3736 4067 4436 4063  0
3736 2150 4436 4067  0
4063 2150 4436 3736  0
4382 3309 4381 4037  0
4396 2029 4381 4382  0
4423 2088 4422 4409  0
4063 2118 4422 2119  0
4059 2118 4422 4063  0
2088 2119 4422 2087  0
4423 2119 4422 2088  0
2087 2118 4422 4059  0
2087 2119 4422 2118  0
2027 4394 4379 2026  0
7691 8344 7807 8044  0
3307 2026 4379 4049  0
4053 4052 4379 2026  0
4049 2026 4379 4052  0
4395 4394 4380 2027  0
4407 2057 4408 2087  0
3308 4036 4380 4395  0
3307 4035 4379 2027  0
3307 2027 4379 2026  0
2027 4035 4380 3308  0
4379 4035 4380 2027  0
5915 5914 5892 7656  0
2057 2028 4395 4396  0
6354 6368 6353 7756  0
2028 3308 4395 4036  0
2028 2027 4395 3308  0
2028 2057 4395 2027  0
2056 2027 4395 2057  0
4394 2027 4395 2056  0
2056 2057 4395 4394  0
2028 3309 4381 2029  0
4395 2027 4380 3308  0
2057 2088 4408 2087  0
2057 4409 4408 2088  0
7947 434 7992 370  0
4123 8359 8141 4583  0
5240 5239 5222 7865  0
4770 4769 4752 8437  0
5744 4667 5743 7946  0
2793 2764 2763 7915  0
2714 4806 2747 4807  0
8260 5542 8323 5566  0
7067 7066 7640 7879  0
453 509 510 8124  0
8161 7763 7745 7683  0
937 8099 1170 8080  0
856 7723 7744 855  0
7984 7706 7834 7777  0
490 7992 433 489  0
5676 4601 4602 7772  0
916 956 8116 8412  0
7658 7757 8007 8257  0
857 1116 808 7744  0
1174 1175 940 8164  0
3071 3085 3072 7768  0
7610 7703 7994 7609  0
7498 7429 7499 7765  0
2449 1561 1560 7908  0
4844 8120 3904 4251  0
899 8388 8080 7885  0
3495 2543 2544 3494  0
5808 4742 5829 7976  0
7731 1308 7738 7744  0
2970 2988 2971 7935  0
1844 1859 8010 8242  0
5655 6561 5654 8141  0
7665 7678 7800 8080  0
5550 6461 7959 8245  0
414 349 413 8415  0
1379 1380 1187 7908  0
2693 2726 2694 8142  0
1319 1087 1498 7784  0
2024 2053 8196 8224  0
6618 6971 6985 8355  0
1063 1062 763 7773  0
5804 6712 5805 7781  0
8317 7855 8077 7947  0
7932 8380 7880 8277  0
5794 5811 5793 8121  0
1326 1328 1508 8233  0
5938 5959 5937 7656  0
319 320 397 8066  0
8356 5345 5325 5344  0
8352 3938 3935 3939  0
1458 7926 7913 2318  0
796 797 734 7898  0
3176 3163 3175 7792  0
871 7869 891 892  0
7930 7377 7446 7447  0
2786 2806 2787 8387  0
3152 3163 3164 7792  0
932 7830 7909 931  0
6520 8434 5596 7847  0
5348 5368 5367 7709  0
8372 3929 3589 3928  0
5513 5489 5490 7956  0
5089 8171 5088 5074  0
8437 4771 2660 4753  0
2846 2845 2864 7890  0
510 511 454 8124  0
3402 1499 1501 8113  0
525 471 470 8250  0
5776 7897 8128 8426  0
1297 1298 8314 8321  0
6802 6848 6801 7951  0
6013 5991 6014 8272  0
6363 6379 7659 8194  0
764 370 765 7947  0
2191 4461 2192 8443  0
7541 7758 7540 7473  0
4417 4404 4054 8443  0
199 228 227 8439  0
3494 4692 3495 4206  0
2764 2793 2794 7771  0
5520 8260 5542 7831  0
225 8130 224 196  0
7809 704 657 7910  0
2055 8384 3325 8196  0
2704 2703 2736 7656  0
4094 3761 4095 8414  0
7700 8067 7773 7724  0
3469 2477 3468 8009  0
1598 2533 2534 7982  0
2811 2812 2791 8189  0
1679 1680 1668 7841  0
7203 7741 7204 7268  0
1044 7948 1045 8008  0
1501 3403 3402 8113  0
245 228 229 8439  0
1034 7898 8284 7877  0
3052 3038 3037 8288  0
2601 2637 2602 7781  0
5035 8035 5021 5022  0
7207 7742 7208 7272  0
6592 5689 5685 7962  0
1828 1829 1815 7785  0
4790 4228 4791 4806  0
5590 6463 6467 8031  0
2735 2768 2736 7656  0
4498 5557 7888 8406  0
4148 7804 8418 4618  0
5992 5970 7871 8272  0
4427 4414 4428 8173  0
3102 7884 3103 8382  0
2648 4216 3512 3881  0
8093 451 450 8417  0
2736 2768 2769 7656  0
2571 7982 8111 2533  0
7582 7018 7581 7966  0
4258 6093 4857 8212  0
7681 7691 7863 7949  0
5915 5938 5914 7656  0
4839 4838 4825 2782  0
6887 8145 6888 8213  0
7820 7833 8076 7826  0
3828 3829 3454 8078  0
7703 7410 7741 7409  0
7825 7883 1671 8275  0
2169 2136 2168 7986  0
7396 7763 7397 7466  0
1127 1130 8001 8329  0
4767 4768 8435 8437  0
882 904 8125 903  0
2047 2075 2076 8065  0
4988 4976 7811 8275  0
7228 8071 7139 7229  0
8333 8430 4504 4503  0
81 79 100 8361  0
6600 7661 5697 5694  0
8257 7763 7783 8441  0
2736 2703 2735 7656  0
2099 2098 2130 8348  0
7656 5937 7771 8319  0
7670 7776 7787 7960  0
7578 7866 8259 7579  0
4346 8336 4347 8150  0
6871 6847 6872 7951  0
7064 7777 8106 7994  0
7344 7275 7345 8169  0
6084 6065 6085 7967  0
2145 2176 2177 7893  0
1039 1038 739 8342  0
8428 8107 2801 8120  0
3549 4237 4242 4833  0
628 336 335 8436  0
7026 7779 8409 7823  0
7738 7726 7790 8207  0
3146 3133 8194 8300  0
343 635 636 7909  0
6161 6162 6182 8105  0
3241 3244 3245 7991  0
3841 8009 7950 3842  0
3830 4170 7980 7969  0
2905 2924 2906 8341  0
2602 2567 2566 8397  0
7404 7762 7335 7405  0
3455 3829 3830 8078  0
8405 4758 5830 5831  0
1742 1741 1753 7981  0
315 314 626 392  0
553 554 499 7904  0
2625 4754 2660 3518  0
3342 2162 2130 7956  0
5367 5347 5348 7709  0
2048 2019 2018 7709  0
1237 1236 1428 7937  0
8104 3954 4271 4887  0
622 8412 954 914  0
4227 4790 2745 3530  0
7446 7930 8143 8320  0
7952 7487 7417 8381  0
6818 7663 7711 8180  0
3077 3627 3090 8382  0
7764 5774 6664 8089  0
6061 6040 6062 7890  0
4744 2615 4745 4762  0
1648 7841 1658 1659  0
8067 7658 7857 7762  0
5118 5103 5119 8398  0
8320 7235 7304 7305  0
5529 8217 8283 8408  0
4807 4808 2748 2715  0
4779 2651 2684 2683  0
7590 7591 7027 8409  0
7061 6697 6696 7896  0
3431 3433 3808 7804  0
3770 3771 8076 8146  0
3160 3172 8045 8394  0
7054 8360 6690 8007  0
2369 2330 2329 8430  0
327 7733 404 8388  0
457 328 513 7885  0
7022 7954 7023 8083  0
1119 7738 7790 1118  0
3666 3676 3977 7840  0
7345 7834 7346 7415  0
3376 1477 8041 8097  0
5936 5958 5957 7771  0
6609 6608 6961 8127  0
1670 7825 7841 7883  0
3221 3218 3217 8270  0
5104 5089 8016 8398  0
5173 5157 5174 7785  0
5960 5938 7656 8319  0
6301 6286 6302 8290  0
1247 7816 1246 1438  0
2330 7875 2370 2331  0
2638 2602 2637 7781  0
7798 1161 8345 8313  0
5337 5318 5338 7701  0
185 8393 158 157  0
6535 6536 6746 7724  0
2525 2526 1590 7843  0
6374 6388 7788 7792  0
2465 8440 2509 8129  0
1534 7774 1533 8276  0
8069 1855 1872 7865  0
429 7882 7844 428  0
315 334 626 314  0
3835 8310 2505 3461  0
5914 5938 5937 7656  0
2767 2768 2735 7656  0
5811 5810 8121 8405  0
904 943 905 7803  0
4640 5736 4641 8338  0
378 379 8193 8198  0
5759 5758 7994 8315  0
8275 4317 4314 4963  0
5913 5912 5889 8274  0
6862 6861 6828 8247  0
2478 7807 8009 1573  0
462 461 516 8234  0
547 8327 8077 8223  0
5804 5805 5822 7781  0
1590 1589 2525 7843  0
5277 5259 5278 7933  0
8231 706 659 660  0
6231 6213 6214 7901  0
8157 2248 8217 8283  0
1868 8015 8126 1884  0
1185 7803 961 960  0
6504 6759 6758 8018  0
5917 8026 8428 8438  0
1434 1435 7859 8419  0
7518 7519 7580 8246  0
2569 2570 7982 8003  0
1362 1361 1543 8022  0
5932 5908 5909 8189  0
1281 1282 2350 8017  0
1168 8099 1169 8388  0
7236 7172 7237 7755  0
2979 2962 2978 8252  0
6330 6315 6316 7989  0
3261 3260 3264 8150  0
4653 4697 8440 4654  0
7676 7952 8072 8286  0
6330 6329 6314 7884  0
1920 1904 1903 7933  0
5956 5955 5934 7915  0
8035 7883 1680 7841  0
4125 3791 3792 8061  0
7939 1146 7751 1141  0
3745 3746 3744 7934  0
2297 7819 2334 2335  0
7726 7723 7820 7731  0
7692 1774 1773 8279  0
8428 8107 8175 2800  0
5793 5811 5810 8121  0
7164 7290 7163 8004  0
897 918 1145 7751  0
7225 7164 6840 8004  0
7779 7458 7459 8046  0
5624 4549 7653 8280  0
416 417 352 7948  0
1042 8371 8008 1252  0
7871 3544 8272 5969  0
2003 2002 2020 8139  0
893 914 915 8412  0
8400 3954 3628 8104  0
5732 5731 6630 7667  0
6258 6257 6238 7970  0
1867 3278 3282 8126  0
517 7965 516 573  0
7931 5267 8055 8269  0
5683 7932 5638 8380  0
2070 2040 2069 7666  0
2105 2136 2106 7986  0
5378 5399 5398 8287  0
789 8357 790 1092  0
341 7924 633 634  0
42 41 61 8361  0
5777 7990 5753 5778  0
2793 2812 2813 7906  0
1008 7713 8087 711  0
1154 1159 7798 8206  0
7485 7553 7984 8381  0
4190 3850 4189 7717  0
7783 7745 8081 8161  0
187 171 186 8439  0
3881 2681 3524 2648  0
8179 7654 7658 7912  0
8291 5403 5425 5404  0
4562 8430 8056 4520  0
521 520 577 7987  0
7274 7742 7273 7209  0
4772 3518 4754 4222  0
528 7670 474 8226  0
7863 7980 8078 8324  0
1353 1159 8206 8313  0
1923 1938 7675 7933  0
1862 8010 8063 8059  0
641 971 972 7965  0
7453 7383 7384 8303  0
3841 8009 3468 7950  0
7551 7612 7550 7777  0
6043 8294 8064 7967  0
5892 7656 8274 8438  0
4211 7716 3500 4724  0
4211 8178 3870 3500  0
5203 5204 7865 8069  0
508 451 507 8093  0
630 7798 629 926  0
4271 4887 6293 8104  0
4702 4720 2553 4721  0
571 7965 572 7869  0
8443 2190 4444 2157  0
5731 5732 4636 7667  0
1210 1211 8036 8168  0
4896 8190 4277 3645  0
955 956 915 8412  0
5093 8147 5109 5108  0
6272 7768 6271 7689  0
6525 8191 6570 8410  0
2820 8175 2838 8107  0
1075 1286 1285 8176  0
5954 5933 5955 8189  0
1118 7868 1133 7738  0
1825 1824 1839 7918  0
6754 7087 7945 8006  0
7252 7993 8123 8296  0
1993 1975 7680 8136  0
2399 3794 3778 8425  0
4637 4638 4162 8092  0
5334 5335 5355 8095  0
814 8329 815 1129  0
4887 8400 8104 3954  0
1570 1571 1392 8044  0
4739 4756 4738 3513  0
7431 7430 7361 7734  0
170 171 198 8439  0
8021 7798 629 8436  0
5788 5802 5787 7861  0
6302 6319 6318 8347  0
6623 7696 6624 5725  0
3365 8262 2302 7888  0
2849 2850 2829 7714  0
7876 3945 4877 3944  0
4724 7716 4214 4723  0
5508 5530 5507 8283  0
5780 7985 8340 6671  0
7107 6778 7108 8268  0
96 8393 119 8133  0
7924 7830 7929 8345  0
1757 8171 1770 8016  0
6281 3065 7884 8358  0
1020 723 1019 8166  0
7263 7332 7262 8067  0
2488 7894 7937 7997  0
7454 7384 7385 8303  0
7884 8249 3093 3079  0
1774 7692 1773 1787  0
2595 7996 8051 8318  0
2791 2762 2761 8189  0
7322 7321 7252 8296  0
833 327 457 7885  0
7189 7121 7190 8123  0
4867 4864 4262 8265  0
7750 560 8093 8363  0
2949 2932 2931 7789  0
2726 2759 2727 8373  0
7886 7842 8165 8364  0
7499 7429 7430 7765  0
576 575 644 8149  0
1020 1019 1236 8166  0
561 617 618 8093  0
404 294 295 7909  0
6244 4878 8185 8358  0
4337 5048 5063 7991  0
8270 3208 3679 4313  0
1477 1476 1479 8371  0
1512 1336 1519 7790  0
3860 4200 3861 7974  0
2669 2702 2703 8274  0
5762 7879 6702 6703  0
6676 7823 7766 8102  0
2011 2012 1993 7666  0
3495 4206 3835 3494  0
3923 8297 4856 4858  0
350 744 349 8415  0
3026 7901 3011 3025  0
4115 8195 3781 8113  0
5122 8119 5121 7692  0
4190 3851 3850 7717  0
8088 4120 8162 8236  0
3565 2840 3918 8107  0
5783 7996 8102 8351  0
5384 5362 5363 7907  0
983 982 1200 8044  0
1265 1455 1264 8181  0
7645 7072 7071 8122  0
3925 4258 4857 8212  0
731 732 8363 8402  0
7093 7156 7916 8101  0
7261 7769 7262 7331  0
8192 7700 8263 7913  0
6284 6285 6300 8249  0
6793 6824 6792 8032  0
7653 6761 7094 6762  0
8215 6663 6711 8089  0
7674 7820 7845 7686  0
5287 5288 5307 8269  0
7713 663 710 8047  0
6533 6534 6744 7702  0
8265 8054 3927 2928  0
8010 5191 8242 8389  0
2782 4824 4825 8401  0
3936 4871 4873 3937  0
4732 8440 2584 4715  0
2400 2401 2365 8332  0
467 410 466 8375  0
8436 287 319 338  0
4763 2617 2616 8429  0
4658 7705 4657 8163  0
1462 7911 2322 7700  0
582 526 525 7797  0
168 169 196 8130  0
4721 4720 2590 4737  0
4667 4180 7950 8404  0
7715 1643 8270 8209  0
8305 4918 3667 3978  0
6877 6853 8230 8433  0
2744 2776 2745 4234  0
226 272 242 8439  0
4977 3221 3220 8270  0
2713 4790 2745 2746  0
4901 8190 4902 4904  0
4242 3906 4241 4237  0
2785 4827 3557 4828  0
4506 8430 2294 2331  0
7600 7758 7601 8257  0
3909 4835 3551 4244  0
3556 4840 3914 4250  0
2622 2585 2621 4733  0
541 540 597 7870  0
4717 8440 2585 4733  0
7292 7362 7361 8004  0
6365 6364 6349 8194  0
4791 4221 3524 3523  0
4823 4822 2780 4836  0
7776 8096 7943 7988  0
8202 1130 1325 8329  0
3550 3908 4244 4834  0
4234 4237 4833 4819  0
4819 4806 4820 4790  0
4135 4601 4134 7772  0
3542 3892 3541 4231  0
2777 4819 2745 2776  0
3523 2713 3524 2714  0
2620 4749 2655 2656  0
4221 4228 3523 4791  0
2681 4777 4776 4792  0
4792 2681 4793 2715  0
2746 4806 2747 2714  0
1448 1449 2308 7943  0
4806 4791 2714 2713  0
2715 4808 4793 4807  0
4777 2681 4793 4792  0
2779 4836 2780 4822  0
4792 4760 4776 2681  0
4834 3908 4244 4243  0
3512 4743 2649 2614  0
4210 4711 3869 4205  0
4782 2687 2688 2722  0
4794 4808 2717 4809  0
2777 4834 2778 4820  0
1245 1246 1029 8402  0
429 7882 428 485  0
2626 3513 2590 4738  0
3911 4247 3553 4837  0
732 1028 1029 8402  0
8127 6604 6935 7661  0
1646 1647 1637 7695  0
4504 4521 4520 8430  0
106 83 82 8361  0
4728 4692 2544 2543  0
7762 7543 7604 7778  0
3551 4245 3910 3552  0
4239 4842 3902 4238  0
5158 8010 8144 5175  0
3943 3942 3613 3614  0
8028 7816 8084 8402  0
1030 7816 1247 8028  0
4821 4807 2747 4820  0
2651 4778 2650 2683  0
4764 2653 4780 4763  0
7476 7762 8027 7778  0
8058 7684 8094 7658  0
8393 185 144 8130  0
8349 2097 3327 4054  0
4734 4733 2622 4750  0
4840 4839 3914 4249  0
4735 4719 2587 4718  0
4839 8401 4825 4826  0
2656 4766 2688 4767  0
2584 4749 2621 4732  0
4441 4427 8173 8354  0
3882 3886 4222 3518  0
8307 1593 1594 7927  0
4720 8225 2552 4701  0
7727 7712 7740 8186  0
4733 4734 2622 2586  0
5941 5917 8428 8442  0
3543 4814 2785 3903  0
4244 3550 3551 3909  0
3543 2754 2785 4814  0
2906 8420 2889 8341  0
8020 7745 8081 8228  0
4911 4281 4906 3658  0
7032 7048 7047 8081  0
4288 4919 4289 3978  0
4205 4711 3869 2543  0
4839 4838 3913 4248  0
4842 4829 4239 4828  0
4755 4222 4754 3518  0
7816 8363 8084 8402  0
2754 8435 2755 2722  0
3956 7752 3639 3633  0
2741 2708 2740 8188  0
4763 4779 2652 4780  0
2648 4216 3881 4760  0
4249 4839 3913 4248  0
3531 8437 8435 4786  0
1526 2415 7838 8367  0
3605 8185 4265 3609  0
4809 4808 2749 4822  0
4815 4829 4235 4816  0
8093 8424 7922 7801  0
5919 8428 5942 5918  0
319 338 8066 8436  0
3909 4245 3910 3551  0
8288 3611 8082 3022  0
4821 4808 2748 4807  0
4772 4222 4754 4755  0
3587 2945 8109 8297  0
5733 8092 4638 4637  0
2781 4837 3554 4838  0
4815 4828 3903 4829  0
4235 4815 3903 4829  0
6192 8082 6211 6210  0
6340 6309 4891 4894  0
4827 4841 3902 4828  0
4828 4841 3902 4842  0
4250 4238 3915 4841  0
338 630 8066 8436  0
4580 4579 4119 8162  0
4828 4842 3902 4239  0
3915 4841 3902 3556  0
132 156 157 8393  0
4216 4760 2648 4776  0
4250 4840 3914 4249  0
3552 4246 3910 3911  0
4762 4779 2652 4763  0
4837 4247 3912 4838  0
3912 4837 3553 4247  0
4824 2782 3554 2781  0
3903 4814 2785 4828  0
8131 1241 7859 1432  0
4246 4836 3553 3552  0
2704 8039 8274 8438  0
2316 1456 7944 8331  0
4827 8401 4840 4826  0
3219 4317 3680 8275  0
2648 4760 3881 2681  0
3967 8305 3658 3968  0
4600 7772 4134 4601  0
3911 4837 3553 4246  0
4721 8225 2553 4702  0
4824 4838 3554 2782  0
5501 5502 5524 8023  0
1244 1027 7859 8402  0
456 877 567 390  0
4840 4841 3556 4827  0
2550 4718 2587 2551  0
3553 4837 3554 2781  0
4250 4841 3556 4840  0
3915 4841 3556 4250  0
2713 4791 3523 4228  0
4234 4819 4227 4790  0
1244 7859 8237 8402  0
2331 2293 2330 8430  0
2620 4748 2655 4749  0
4792 2681 3524 4760  0
2329 2328 2368 8430  0
4806 4228 2713 4790  0
3881 4221 3524 4760  0
3523 4221 3524 3881  0
4833 2776 3549 4237  0
2776 3892 3542 4234  0
4791 4228 2713 4806  0
4505 4521 4504 8430  0
2170 2203 7707 7831  0
4744 4762 4745 4761  0
2175 2176 7893 8023  0
483 538 484 7882  0
5118 5134 5133 8090  0
7793 7408 7407 8027  0
503 446 502 7922  0
4441 2155 2154 8173  0
2823 8218 2842 2843  0
3549 4237 3548 3907  0
4820 4806 2747 2746  0
4297 4916 4285 7840  0
4234 4237 4236 4231  0
6298 6315 7884 8249  0
2777 3550 2778 4834  0
4822 4808 2748 4821  0
2749 4809 2717 4808  0
4809 4823 2750 4810  0
3548 3907 4242 3906  0
8175 5941 8428 8442  0
4744 3506 4745 2615  0
3542 4231 3548 4237  0
1244 1436 1245 8402  0
4504 4520 4503 8430  0
3552 4245 3910 4836  0
4244 3550 3909 3908  0
4814 8435 2754 4799  0
4833 2776 2777 3549  0
4833 4819 2777 2776  0
4246 4247 3911 4837  0
3909 4245 3551 4835  0
7836 2283 8192 8217  0
7307 7238 7308 8100  0
3549 3907 4243 4833  0
3908 3907 4243 3549  0
4834 3908 4243 3550  0
3550 4833 4243 4834  0
3549 4833 4243 3550  0
3550 3908 4243 3549  0
4646 4178 4177 7980  0
5454 5476 5475 8034  0
4241 3901 4236 3906  0
4284 3973 4282 4911  0
4914 8305 4915 3663  0
4237 3906 4236 3548  0
4241 3906 4236 4237  0
3541 4231 4236 3548  0
3901 3548 4236 3906  0
3541 3548 4236 3901  0
3563 3559 3562 8272  0
577 8149 8391 7987  0
7773 7654 7857 8067  0
972 971 983 7965  0
8345 7798 8313 7929  0
401 324 402 7909  0
4281 4911 4282 3973  0
2358 1290 2359 8049  0
5749 5744 6646 8404  0
4245 4836 3552 4835  0
4836 4246 3910 3552  0
3658 8305 3663 3659  0
7354 7424 7845 7972  0
3553 4837 2781 4823  0
3975 3663 4284 3976  0
4793 2681 2716 2715  0
3646 3645 8190 8306  0
2780 4823 2749 4822  0
3552 4836 2779 4835  0
2780 4823 2781 2749  0
4227 4819 2745 4790  0
4824 4823 2781 4837  0
628 627 8021 8436  0
4823 4837 2780 3553  0
303 304 286 8436  0
4772 3518 4222 3886  0
6094 4861 6135 4863  0
4753 4754 2660 2625  0
6655 6656 6674 8083  0
629 8066 630 8436  0
337 338 304 8436  0
4224 4772 3886 4771  0
1471 8097 1470 1473  0
4719 4700 2552 2551  0
4754 3518 4737 4755  0
2871 2890 2891 8135  0
1704 1693 1692 7883  0
318 395 317 8436  0
629 628 8021 8436  0
4787 4786 3888 4229  0
4724 3874 3500 4211  0
4801 4785 4802 8435  0
4787 8437 4786 4770  0
8036 652 699 698  0
2689 2656 2688 4767  0
4771 8437 4787 4770  0
4787 8437 3525 3888  0
3886 4224 3525 3888  0
3886 4771 3525 4224  0
2103 2104 2073 7760  0
4766 2656 2688 2655  0
4224 4787 3525 3888  0
4224 4771 3525 4787  0
7221 7286 7285 7972  0
4943 4955 4954 8209  0
4756 4218 3513 4739  0
3882 4218 3513 4756  0
7871 5948 5949 8370  0
369 7947 7992 370  0
5044 5059 5058 7725  0
2865 2884 2885 8294  0
1116 1117 1102 7738  0
4273 4893 6324 8400  0
7654 7754 7763 7822  0
3882 4756 4755 4222  0
4222 3518 4755 3882  0
2625 3518 2626 4737  0
2753 2720 2752 8401  0
7197 8067 7663 8132  0
4699 8440 4717 4698  0
3001 8211 2985 3000  0
6028 6005 6006 7919  0
2291 2328 2329 8430  0
4717 8440 4716 4698  0
2586 4718 2587 2550  0
2580 3506 2616 4745  0
5958 5981 7906 8319  0
3531 8437 3888 2691  0
2587 2624 2588 4735  0
2453 2452 3455 8078  0
7662 7979 8122 8215  0
1759 1773 1760 8279  0
5894 5893 8026 8438  0
4218 4739 4740 3878  0
5470 5447 5448 7760  0
4737 3518 2626 4755  0
4771 8437 4770 4753  0
5475 5476 5498 7707  0
4706 4705 4211 4724  0
1502 2397 1309 7738  0
6285 6301 8249 8290  0
5844 8026 5845 5868  0
1201 983 8044 8344  0
2309 7943 2308 1449  0
4444 8349 8443 2157  0
4722 4739 4738 4721  0
1020 1236 7937 8166  0
7791 7846 8176 8193  0
2664 2665 2630 8051  0
8212 8265 6113 8054  0
777 1076 776 7812  0
7774 7798 8202 8313  0
5234 4362 5215 8126  0
6274 6292 6273 8104  0
5985 5986 6008 8107  0
6325 6311 6326 7752  0
6182 6183 8211 8299  0
7716 4740 4214 4723  0
3507 7716 3874 2556  0
4756 3882 4738 3513  0
4755 3882 4738 4756  0
7951 6800 6846 6847  0
3878 4739 4740 4722  0
4211 7716 4724 4705  0
4740 7716 4722 4723  0
3878 7716 4722 4740  0
3507 4214 4740 3878  0
1133 8385 7868 1136  0
1718 8244 1729 7981  0
2849 2829 2828 7714  0
8423 7709 1981 8138  0
1464 1274 1465 7911  0
8041 1479 1477 3377  0
135 8393 134 158  0
3257 8336 8150 3254  0
6000 6023 6022 7714  0
2038 7666 2068 2039  0
5042 5056 5041 7981  0
7262 7769 7332 7331  0
8356 5345 7858 5325  0
1651 1652 3215 7825  0
5344 5364 5363 7858  0
1319 7784 8195 8216  0
7024 7025 6657 7823  0
382 7812 7791 7922  0
776 775 381 8176  0
4974 7883 4986 4985  0
1857 1842 8242 1858  0
4706 4207 4211 3870  0
2580 2544 4728 8429  0
474 7670 529 475  0
5295 5313 5294 8095  0
2466 2465 2509 8129  0
7421 7420 7351 8312  0
4753 4736 2625 2624  0
143 8393 119 120  0
7690 2926 8265 2943  0
2589 4719 2552 2588  0
963 1187 7740 7908  0
1865 1880 7931 8059  0
5262 5280 5261 8114  0
142 119 8393 118  0
7461 7391 7392 8296  0
2589 4736 2588 2625  0
7872 7858 8055 8356  0
4730 4747 4746 8429  0
1842 1858 1843 8242  0
6667 7764 5776 6666  0
377 441 442 8198  0
7182 7247 7936 8060  0
969 952 968 8070  0
2478 2477 3469 8009  0
1846 1847 1831 8010  0
6767 6561 7914 8141  0
6496 5613 5614 8328  0
4735 2624 2588 4736  0
4270 3949 3952 8104  0
7724 6745 6535 7702  0
6292 6293 4887 8104  0
6580 6830 6579 8145  0
1846 1830 1845 8010  0
7684 7857 7658 7762  0
2072 7907 7760 2044  0
3144 3131 7659 8194  0
7428 7358 7359 7765  0
6333 6349 6348 8194  0
6009 5987 6010 8107  0
4425 4426 4439 8354  0
5191 5174 5175 8010  0
1562 1561 2450 7740  0
7821 4545 8219 4098  0
8074 6726 6733 6727  0
5295 7933 5275 5276  0
5282 8407 5283 5302  0
1619 2496 1620 8237  0
3151 3152 7788 7792  0
4557 7829 7826 8425  0
7852 7953 8191 8410  0
5892 5915 7656 8438  0
2665 2631 2630 8051  0
2547 4714 2583 4715  0
8264 2536 1601 7759  0
4859 8212 4258 3927  0
7701 5297 5315 5316  0
3966 8229 3970 4905  0
1484 3400 3399 7731  0
7621 7622 7647 8122  0
1209 1401 1210 8168  0
3446 3445 7688 8079  0
1728 8244 1729 1716  0
5498 5497 5475 7707  0
2710 2711 2677 8000  0
3130 3119 7659 8194  0
6660 6661 6679 8091  0
7341 7411 7410 8187  0
2551 4700 4718 4719  0
2704 2737 2705 8438  0
4522 4564 4563 8430  0
4217 3505 2614 3512  0
2191 4460 4461 8443  0
1267 1057 7913 7944  0
553 609 610 7904  0
4754 3886 2660 3518  0
2656 4750 2621 4749  0
8437 4785 8435 4786  0
2620 4749 2584 4732  0
3947 3946 3621 8432  0
4883 4880 3946 8432  0
5912 7656 7771 8274  0
195 194 167 8130  0
4732 8440 4715 4716  0
4712 8310 4693 4694  0
812 8001 8392 8021  0
142 143 167 8130  0
5938 8442 5960 7656  0
4718 2551 2550 4699  0
5802 5801 5787 7861  0
3377 7799 3755 8041  0
7847 6775 6519 7923  0
1709 1720 1710 7725  0
7587 7588 7823 7954  0
3876 2613 3517 7976  0
3927 8054 8212 2928  0
5978 5979 6001 7906  0
1405 7748 7843 1406  0
7892 3862 3491 3863  0
2654 4748 2619 8429  0
6628 6627 6991 7905  0
2968 2985 2986 8105  0
5155 8242 8119 7785  0
384 383 7922 8424  0
182 211 212 8130  0
4761 2615 4744 4762  0
999 703 702 7809  0
1947 1963 7858 8269  0
2639 7781 7864 8003  0
392 333 625 391  0
1064 765 1065 7947  0
8035 4996 4997 7841  0
7604 7605 7630 7778  0
910 948 949 7853  0
819 7929 821 822  0
6817 6818 7125 7711  0
1311 8289 7874 8277  0
295 8388 638 568  0
2390 7687 8167 8061  0
5227 5226 5209 8389  0
3783 4117 8113 8314  0
6786 7988 7993 8060  0
8015 1919 8368 1902  0
529 585 7928 8226  0
2898 2899 2881 8235  0
5895 5918 8026 8188  0
7709 8423 1981 2000  0
1956 1973 7680 7701  0
1458 1267 1268 7913  0
8390 3982 3981 3671  0
3473 3845 3474 8315  0
1042 8371 1041 8153  0
491 435 434 8040  0
4872 6190 4869 8352  0
5921 5944 5920 8350  0
572 7869 7965 8234  0
5937 5912 5913 7656  0
7883 4974 4986 8275  0
6398 6411 4904 8190  0
5049 5063 5048 7991  0
680 7719 611 679  0
6198 7736 7848 8002  0
7836 4482 4466 5556  0
5591 5574 5575 7836  0
7421 7845 8286 8312  0
7847 7677 8014 8100  0
5866 5842 8039 8274  0
2615 3505 4744 3506  0
4744 3505 4210 3506  0
7866 7728 7677 8246  0
4210 4744 4217 3505  0
4744 3506 4711 4745  0
4510 4511 4527 7819  0
3835 8273 4157 4174  0
7379 7448 7378 7930  0
1318 1496 7851 8195  0
8372 3928 4861 3929  0
2628 2629 2593 8240  0
7681 7755 7761 8320  0
4206 8273 4174 4650  0
5664 5600 5665 7860  0
798 8234 799 7898  0
2968 2986 2969 8105  0
2330 7875 2331 8430  0
5554 5531 8157 8408  0
1285 7887 1284 8176  0
6839 7163 7958 8004  0
4210 3505 3869 3506  0
456 331 567 329  0
4743 4761 4217 4744  0
3550 4833 2777 3549  0
4776 2648 3512 4743  0
4776 4216 3512 2648  0
4743 4216 3512 4776  0
4206 4692 3495 4693  0
2435 1544 2434 8022  0
4711 4728 2543 4205  0
1773 1761 1760 8279  0
4205 4728 2543 4692  0
4205 4692 2543 3494  0
1545 2435 2436 8022  0
3626 3622 3625 8432  0
7912 1009 1225 8179  0
2545 8310 2546 2505  0
1160 1161 7798 8313  0
3161 3149 3160 8254  0
3946 4880 3621 8432  0
2722 4783 2688 4782  0
7771 2734 8172 8274  0
4692 8310 3495 4693  0
1778 1777 1792 7697  0
6322 8184 6305 8400  0
2586 8440 2549 2585  0
4085 3753 4086 8427  0
8363 686 732 685  0
5760 4672 5759 8106  0
5330 5349 5329 8374  0
3970 6410 4905 8229  0
7634 7703 7994 7896  0
6204 6187 6205 7876  0
7857 668 669 8183  0
3879 8405 3519 3514  0
7796 551 608 607  0
7542 7604 7603 8140  0
5561 5562 8037 8154  0
4635 4634 5730 7688  0
7955 7006 7007 7000  0
5846 8003 6732 7864  0
925 1159 926 7798  0
5542 5541 5519 7831  0
7532 7594 7593 8161  0
5096 8150 7697 5112  0
7235 7171 7236 7755  0
7838 7655 8210 8367  0
6144 6164 6163 8105  0
4537 7679 5613 5612  0
8218 2823 2842 7871  0
2889 8064 8341 8420  0
7727 7730 8238 7969  0
6623 6986 6987 7850  0
2769 8438 2736 7656  0
550 607 551 7796  0
1778 1792 1779 7697  0
8020 7781 6724 6713  0
6104 6082 6083 7890  0
7733 7909 934 933  0
7739 7363 7734 8232  0
6251 6250 7685 8290  0
6158 6159 7736 8109  0
8194 6365 8229 8300  0
3439 2417 3440 2416  0
6580 6831 6830 8145  0
7166 7165 6855 8030  0
4996 5008 4995 8035  0
5659 8042 4589 8369  0
1488 1511 1310 8289  0
7753 7784 8314 8321  0
4085 4533 4590 8427  0
4155 3816 3442 3818  0
7551 7484 7552 7984  0
7652 7687 7712 8088  0
7821 7801 7812 7902  0
7886 1209 992 8036  0
8031 7832 8098 8331  0
5318 7680 5338 7675  0
6250 6249 6231 7901  0
808 1101 807 7744  0
3034 3612 3021 7876  0
5623 5624 6506 8101  0
609 608 677 7904  0
6954 8013 6929 7905  0
2551 7705 4700 2511  0
6730 6736 6729 8302  0
2703 2735 7656 8274  0
2703 8438 2704 8274  0
5912 7771 8172 8274  0
133 109 132 8133  0
6135 6115 6136 8372  0
5061 5047 5062 7940  0
1274 7773 7947 7911  0
5578 5599 5598 7860  0
7723 856 875 874  0
1667 1666 1678 8203  0
971 982 7965 8070  0
7667 6628 6992 7905  0
7471 7758 7472 7539  0
1440 7816 1623 8086  0
5155 5139 5156 7785  0
7232 7167 7761 7914  0
5856 5882 5881 8142  0
4718 4699 2550 4717  0
5344 8138 7858 5345  0
7142 7143 7200 8304  0
3272 8059 1850 7931  0
7038 7053 7037 8007  0
4835 4836 2779 4822  0
4111 3777 3778 8425  0
2201 2236 2202 7831  0
1189 1381 1382 7740  0
7236 7235 7755 8320  0
320 321 398 8066  0
3174 3173 3184 7895  0
7076 7649 7650 7979  0
3025 3024 3039 7901  0
4674 4673 5761 8106  0
8189 5977 5978 5955  0
1778 1763 1777 7697  0
5307 5308 7721 8269  0
2802 8428 2773 2772  0
2467 2466 2510 7705  0
517 518 463 8011  0
1894 1895 1878 8059  0
877 8392 1139 898  0
5001 4988 4989 7811  0
1272 7911 1463 7773  0
5156 5140 5157 7785  0
8149 643 690 8344  0
1808 1795 1794 7824  0
1463 1464 2323 7911  0
5523 5522 5500 8048  0
5096 8150 8336 7697  0
7733 933 1167 1166  0
2203 2204 7707 7831  0
381 775 380 8176  0
7375 7306 7376 8320  0
7812 1075 8176 1286  0
255 256 272 8439  0
491 434 490 8040  0
5746 7897 6669 7999  0
6720 6729 6719 8302  0
2735 2734 2767 7656  0
3867 7842 8009 8311  0
8081 7683 8091 8409  0
6245 6244 8185 8358  0
390 331 567 456  0
5956 7906 5979 5978  0
2321 1462 2322 7700  0
2068 2040 2039 7666  0
8029 7112 7873 7111  0
6255 6254 6236 7689  0
7857 7684 7658 8094  0
4261 4862 3930 8265  0
4671 4183 8085 8315  0
8031 8191 8376 8410  0
7150 7149 7087 7945  0
2423 1539 1535 8276  0
8142 2726 8221 2693  0
5087 5072 5073 8398  0
6873 6874 6898 8278  0
8191 6791 6572 6571  0
3126 3139 7747 7788  0
3028 3013 3027 8002  0
815 817 8329 8066  0
2845 2825 2844 8218  0
4645 4646 4170 7980  0
5424 5445 5444 8291  0
6502 5619 5620 8018  0
3495 8310 2545 2505  0
5155 5138 5139 7785  0
4708 5750 5751 8311  0
8026 5868 8039 8438  0
5227 5245 5244 8063  0
5635 4565 4566 8204  0
7829 6839 7958 8004  0
7710 7364 7942 8030  0
5738 5737 6639 8238  0
7869 7863 7941 8070  0
6428 6415 6429 7895  0
5115 7824 7697 5116  0
1116 7738 7744 7868  0
1345 2411 1343 7939  0
5931 8373 5953 5930  0
5603 5602 5582 7977  0
3805 4143 3807 8396  0
1368 1172 1367 8080  0
3684 4319 3222 7811  0
2685 2720 2686 8401  0
815 814 396 8066  0
7850 5724 5725 6623  0
6143 6142 6121 8105  0
3755 3376 3377 8041  0
2586 2585 2622 4733  0
3371 4080 3745 7934  0
7516 7448 7449 7930  0
7987 7889 8153 8375  0
7665 7851 7885 7963  0
4115 3782 4116 8113  0
8413 7706 8006 7821  0
3871 7990 3501 8311  0
948 910 909 7853  0
620 564 563 8084  0
733 1029 974 8402  0
3510 8240 2592 8121  0
8186 2451 3454 3453  0
7445 7375 7376 8320  0
909 887 908 8248  0
4521 4505 4522 8430  0
5488 5466 7956 8348  0
2734 2701 8172 8274  0
4749 2620 2621 2656  0
6171 8352 6151 7690  0
7895 3671 3982 8390  0
413 8153 8250 8415  0
166 182 141 8130  0
7720 7837 8378 7799  0
7671 7897 7892 7734  0
8217 8157 8283 8408  0
8296 7795 7683 8123  0
8088 7753 8314 8321  0
6054 6075 8297 8325  0
8439 8130 196 197  0
3186 7792 3176 7895  0
7838 1346 7669 1348  0
7637 7636 7611 7994  0
7734 7433 7806 8232  0
4418 3333 8443 4054  0
6388 6374 6389 7792  0
7681 7949 7889 7691  0
2329 2292 2291 8430  0
2898 2881 7672 8235  0
2142 2175 2143 8048  0
3839 3840 3466 7950  0
460 7869 459 514  0
4733 8440 4732 4716  0
2587 8437 2624 4735  0
2606 2570 8003 8111  0
982 971 970 8070  0
3278 3274 3277 8126  0
6811 6557 8236 8292  0
2310 2311 2273 8096  0
2326 3779 3401 8332  0
7030 7594 7031 8081  0
4534 4087 8041 8434  0
7732 7668 7809 7928  0
6416 8254 6403 7792  0
8308 7022 6654 8083  0
2011 2010 2039 7666  0
5841 5842 5865 8274  0
3554 4839 3555 2782  0
8116 1177 1195 1176  0
3238 3239 3235 8326  0
2733 2732 2765 7771  0
2589 4720 2552 4719  0
3094 3081 8249 3095  0
6431 7792 6417 7840  0
8369 6770 8042 7761  0
8031 7926 8263 8331  0
2321 2322 2284 7836  0
2142 2174 2175 8048  0
5244 5243 8063 8227  0
7821 7694 7801 7834  0
2398 7731 2397 8425  0
3364 4498 5557 7888  0
534 480 479 7780  0
857 7723 856 875  0
4192 3853 3852 7961  0
5430 5408 8065 8241  0
2403 1485 8056 8233  0
7965 982 8044 8070  0
5848 5847 6733 7864  0
2711 7968 2677 8000  0
5958 5980 7771 7906  0
789 8321 1092 1091  0
970 639 969 8070  0
8132 6820 7127 7128  0
7377 7307 7930 8320  0
6001 6002 6024 7906  0
212 183 182 8130  0
3867 7842 3497 8009  0
2269 2270 2234 8154  0
2620 2619 2655 4748  0
4652 8129 8310 8273  0
3495 4692 2545 4712  0
1573 1574 7807 8009  0
2832 2831 2852 7906  0
7535 7536 7783 8441  0
7758 7763 8257 8441  0
2550 8440 2509 2549  0
155 117 130 140  0
2734 2702 2701 8274  0
4730 4713 4714 8429  0
2652 2651 2684 4779  0
5115 7664 5116 7697  0
184 183 212 8130  0
7656 2797 8175 8319  0
2526 2525 2563 7843  0
552 609 553 7904  0
2622 4733 2621 4750  0
141 182 155 8130  0
184 212 213 8130  0
8130 183 155 8393  0
2669 8039 7660 8274  0
4361 8126 4362 3280  0
7984 7706 7742 7834  0
4692 8310 4712 3495  0
8430 4503 4519 4520  0
4731 4715 2583 4714  0
2705 2738 2706 8438  0
7839 843 864 8321  0
7312 7311 8014 8025  0
2582 2581 2618 8429  0
3495 8310 4206 4693  0
4796 2685 4780 8401  0
2530 2531 7867 8397  0
6520 5596 6521 7847  0
4762 2616 2652 2651  0
533 534 479 7780  0
6648 5751 6647 8404  0
3479 8152 7717 3480  0
8440 4733 4732 2584  0
2735 2734 7656 8274  0
2703 2670 2669 8274  0
2703 8039 2704 2670  0
6311 6310 6294 8432  0
5812 8240 5833 8405  0
7990 4726 5777 8311  0
3509 3510 8121 8405  0
7730 7010 7573 7009  0
7769 7763 7329 8038  0
5752 7990 5753 5777  0
4429 2125 8173 8349  0
2689 4767 2688 4783  0
5891 5913 5890 8274  0
3515 3516 3509 8405  0
4673 4672 5760 8106  0
3525 3518 2660 3886  0
8148 2875 7919 2857  0
2328 8056 8430 8332  0
1754 1742 7664 8171  0
3875 8121 4741 8405  0
396 395 318 8436  0
1410 1219 8307 8421  0
7818 7835 8022 8068  0
396 814 395 8436  0
4732 4749 2621 4733  0
4748 4749 2620 4732  0
7877 795 7898 8167  0
6804 6851 6850 8433  0
2583 4732 2584 4715  0
7875 2369 8430 2370  0
4764 4781 2686 2654  0
5889 8274 5864 5890  0
2292 2329 2330 8430  0
8199 6798 8004 6825  0
8310 3495 2545 4712  0
2737 2738 2705 8438  0
4563 4521 4522 8430  0
7704 8327 7925 8317  0
8274 7660 2668 8172  0
5867 5866 8039 8274  0
5889 5912 8172 8274  0
5868 5867 8039 8438  0
4764 2653 2686 4781  0
2292 2330 2293 8430  0
2586 8440 2585 4717  0
4563 4564 7875 8430  0
4732 4733 2621 2584  0
8310 4712 8429 4713  0
2545 3495 2544 4692  0
4718 4719 2587 2551  0
8430 4562 4563 4521  0
2703 8039 8274 2704  0
4732 4715 2583 4731  0
4564 4522 7875 8430  0
2505 3835 3461 3495  0
132 155 156 8393  0
6112 6132 6111 8265  0
2369 2368 8056 8430  0
7880 7932 8057 8282  0
4522 2331 7875 8430  0
8438 2738 2770 2737  0
2615 4762 2616 4745  0
6552 6551 5645 8433  0
6294 8382 8432 6295  0
4502 8430 2291 4503  0
5893 5868 8026 8438  0
2550 4717 2586 4718  0
4734 4718 2586 4717  0
4733 4734 2586 4717  0
4717 2585 2586 4733  0
2586 8440 2550 2549  0
8437 2587 2624 2623  0
2703 8438 7656 2704  0
2620 4749 2621 2584  0
3543 8435 3536 2755  0
3556 4840 3555 3914  0
4563 7875 8056 8430  0
3018 3017 7815 8299  0
335 627 628 8436  0
628 629 8021 924  0
7175 7847 8014 8100  0
4745 4762 2616 4746  0
2749 4823 2781 2750  0
4505 8333 8430 4504  0
2328 4519 8332 8430  0
332 331 624 390  0
2368 2367 8056 8430  0
2369 2329 2368 8430  0
2545 4692 2544 4712  0
4728 4712 2544 4692  0
4562 8430 4520 4521  0
2328 8056 2367 8430  0
5525 5503 5526 8023  0
391 333 625 332  0
391 332 625 624  0
4743 4217 2614 3512  0
4853 6054 3575 8325  0
626 333 625 392  0
4743 4761 2614 4217  0
7798 8021 629 925  0
4744 2615 2614 4217  0
4744 4761 2614 2615  0
4217 4761 2614 4744  0
4745 4728 2580 4711  0
4711 3506 2580 4745  0
3869 3506 2580 4711  0
2543 3506 2580 3869  0
3869 4711 2580 2543  0
2750 4809 2718 2717  0
2748 4808 2716 2715  0
2651 4761 2650 4778  0
4793 2681 2682 2716  0
2750 4824 2781 2782  0
2780 3553 2781 4823  0
4780 4781 2685 4764  0
2779 4821 2778 4835  0
2746 4790 2745 4819  0
2713 4791 2714 3523  0
4792 4791 2714 4806  0
3530 2744 2745 4227  0
4792 4806 2714 4807  0
4792 4807 2714 2715  0
2713 3530 2745 4790  0
4837 4838 2781 4824  0
2751 4810 2750 4824  0
686 8363 732 8402  0
2714 2713 2746 4806  0
4790 4819 2746 4820  0
2750 4823 2781 4824  0
4778 4761 2650 4777  0
2749 4822 2748 2780  0
4824 4810 2750 4823  0
4835 3551 2778 2779  0
2713 4790 2746 4806  0
4820 4806 2746 4790  0
3553 4836 2780 3552  0
2749 4808 2748 4822  0
4807 2715 2748 2747  0
2751 4810 2718 2750  0
4793 4778 2682 4777  0
2650 2614 2649 4743  0
2648 4776 2649 4743  0
2651 4778 2683 4779  0
4779 4778 2683 4794  0
2715 4808 2716 4793  0
4519 8056 4561 8332  0
4765 4781 2686 4782  0
4794 4793 2716 4808  0
2717 4794 2682 2716  0
4835 4821 2778 4834  0
2683 4794 2682 2717  0
2716 4794 2682 4793  0
2614 4761 2650 2615  0
1245 1029 1028 8402  0
2686 2653 2685 4781  0
974 1030 8028 8402  0
2749 2750 2717 4809  0
2616 2615 2651 4762  0
4779 4762 2651 4778  0
2369 2370 2330 8430  0
2652 4780 2685 2653  0
4810 4809 2718 2750  0
2683 2717 2718 4795  0
4810 4795 2718 4809  0
4762 2615 2651 4761  0
4762 4761 2651 4778  0
2654 4781 2686 4765  0
2654 2653 2686 4764  0
4778 4794 2682 2683  0
4778 4793 2682 4794  0
4743 4761 2649 2650  0
4743 4776 2649 4761  0
2650 4777 2649 2682  0
2681 4777 2649 4776  0
2682 4777 2649 2681  0
4777 4761 2649 4776  0
2650 4761 2649 4777  0
2718 4795 2684 2683  0
4764 4781 2654 4765  0
3870 8178 3866 3496  0
1436 1244 8237 8402  0
4779 4795 2684 4780  0
396 7798 8436 8066  0
2297 7819 2298 4509  0
8438 8274 5867 8039  0
1599 1415 1598 8264  0
8436 287 286 318  0
3914 4839 3555 4249  0
1581 7842 8364 8165  0
4249 3913 3555 3914  0
6647 5750 6646 8404  0
3954 8400 3628 3953  0
4249 4839 3555 3913  0
2656 4749 2655 4766  0
2654 4765 2655 2619  0
8402 731 1027 8363  0
5831 5832 5855 8405  0
4762 4763 2652 2616  0
3515 3521 3516 8405  0
303 285 302 8436  0
1028 1027 1244 8402  0
4780 2653 2652 4763  0
2559 8115 2595 2560  0
6647 5751 5750 8404  0
4766 4765 2655 4782  0
304 336 337 8436  0
4765 2654 2687 2686  0
2655 2654 2687 4765  0
2651 4779 2652 4762  0
1245 1437 1246 8402  0
1436 7816 8402 8237  0
2683 4795 2684 4779  0
4272 7752 4891 3633  0
4783 4798 2722 4799  0
286 318 317 8436  0
2718 4796 2684 4795  0
2719 4796 2684 2718  0
974 8028 8084 8402  0
4795 4796 2684 4780  0
3903 4828 3557 4239  0
5751 7866 8404 6648  0
395 814 8021 8436  0
5988 6010 5987 8107  0
3903 3896 3543 4235  0
4827 3556 3557 3902  0
5750 5749 6646 8404  0
1029 1030 974 8402  0
4538 7973 8328 4092  0
4782 4798 2722 4783  0
2785 3903 3557 3543  0
732 731 1028 8402  0
284 316 302 8436  0
316 335 302 8436  0
2782 8401 3555 2783  0
8405 3875 4757 4741  0
4766 4782 2688 4783  0
629 337 336 8436  0
6885 6911 8127 6912  0
7651 7077 7650 8159  0
630 337 629 8436  0
285 284 302 8436  0
4767 2657 2689 2656  0
284 285 316 8436  0
2657 2622 4750 8437  0
303 336 304 8436  0
629 336 628 8436  0
302 336 303 8436  0
2659 2691 3525 8437  0
2622 4751 4734 4750  0
2586 2622 2623 8437  0
4235 8435 3896 3543  0
4235 4815 3543 3903  0
3956 3637 3638 3955  0
4239 4828 3557 3902  0
2755 2754 3543 4814  0
4828 4827 3557 3902  0
2785 4828 3557 3903  0
4239 3902 3557 3903  0
396 7798 814 8436  0
8435 4814 4815 4800  0
3903 4815 3543 4814  0
4814 8435 4815 3543  0
4235 8435 3543 4815  0
4828 4814 2785 4827  0
1436 7816 8237 1437  0
4814 8401 4827 4813  0
7752 8306 4894 3638  0
3553 3912 3554 4837  0
4838 4837 3554 3912  0
4839 4838 3554 3913  0
4839 2782 3554 4838  0
704 7809 657 703  0
5749 4668 4667 8404  0
3875 8405 3514 3508  0
8405 4741 4758 5810  0
3516 2627 3510 8405  0
2837 2818 2836 7919  0
5028 5015 7725 7811  0
1245 1436 1437 8402  0
8142 5833 8240 8405  0
7735 7728 7775 7668  0
3556 8401 3557 2784  0
3557 8401 4827 2785  0
732 1029 733 8402  0
8363 686 8084 8402  0
5750 4668 5749 8404  0
1245 1028 1244 8402  0
686 8363 8084 618  0
95 117 94 8133  0
7810 7794 7874 7938  0
1545 1546 1364 8022  0
5800 8102 8351 5785  0
7663 7654 7773 8067  0
6469 6485 6468 8263  0
809 390 624 623  0
3183 3172 3182 8394  0
1913 8269 8055 1930  0
6397 3651 8190 8305  0
391 332 624 390  0
7879 7694 7717 8103  0
390 877 567 809  0
809 623 567 390  0
98 8393 97 134  0
156 183 8130 8393  0
1711 8326 7991 1700  0
3728 4421 5462 8110  0
7733 7818 7835 8022  0
4153 4625 4155 7903  0
8002 6219 8211 6218  0
497 7796 496 551  0
7857 8223 601 8040  0
1362 1167 1166 8022  0
8010 1860 8063 8389  0
628 925 629 924  0
7634 7061 7896 7994  0
1362 1166 7835 8022  0
1154 7798 8021 8206  0
3160 3654 3171 8394  0
141 142 8130 8393  0
8393 96 75 8133  0
2938 2920 2937 8052  0
2965 2964 7848 8109  0
3805 7655 8396 3430  0
7835 1167 1166 7733  0
5165 5148 7824 8158  0
7157 7995 7215 7214  0
2244 7926 2279 2280  0
6445 6433 6446 7840  0
857 1116 7744 7868  0
1283 8416 8193 2352  0
8013 6954 6929 6928  0
6180 6161 6181 7848  0
7801 7995 7676 7653  0
3247 1760 1761 8279  0
749 355 750 7787  0
1387 1195 1386 8156  0
2208 2175 8048 8023  0
8127 4622 8108 4623  0
2982 2965 2981 7848  0
2640 8003 2605 2604  0
7654 7827 7857 7870  0
2419 3437 1530 7878  0
5167 7824 7918 8005  0
7249 7318 7248 8399  0
96 8393 97 119  0
2480 1581 1574 8165  0
5534 5512 7888 7956  0
8354 2031 4398 4384  0
1996 7872 7858 1978  0
3275 1867 1851 8126  0
894 916 895 7723  0
1949 8271 7721 1967  0
6146 6164 6145 7935  0
7174 7173 7105 8100  0
8432 3946 4881 3947  0
1685 1695 1696 7811  0
6482 6569 6568 7953  0
4587 4586 4126 8042  0
1367 1171 1366 8080  0
3585 3586 8297 8372  0
324 343 635 323  0
8190 3651 3962 3652  0
6386 6387 6401 8254  0
7826 7726 8425 7829  0
1362 1544 1363 8022  0
1119 8385 1133 1134  0
4197 3858 3857 8062  0
5491 5490 5469 7849  0
2599 2598 7660 7861  0
2052 7891 8224 2051  0
7101 7755 7761 8369  0
3626 3625 8382 8432  0
1395 1394 1573 7807  0
8099 1367 8197 1366  0
7802 770 8017 8198  0
7879 7552 7777 7614  0
7380 7311 7381 8014  0
7842 8009 8311 8404  0
7260 7663 7769 8038  0
6142 6161 6160 7848  0
7217 7653 7674 8312  0
1692 1681 1680 7883  0
2800 2801 2771 8428  0
5129 5128 5113 8150  0
4389 5417 5396 8196  0
8135 2834 8319 7919  0
4918 8305 4915 6448  0
2209 8098 2244 8023  0
340 8066 7924 321  0
5520 5519 7707 7831  0
6331 6347 6346 7989  0
1603 2539 1604 8094  0
2175 2176 2144 7893  0
7947 1274 1275 1064  0
6055 4853 4851 8386  0
6375 6358 7747 7788  0
2599 7767 2600 2564  0
6180 6198 6197 7848  0
7654 7663 7758 8067  0
1999 2018 2000 7709  0
4358 5233 7931 8309  0
7830 930 8345 7924  0
7402 7403 7758 8067  0
922 8021 1153 923  0
7667 4162 8285 8092  0
8318 8102 7843 8115  0
7722 8195 7665 7851  0
1423 1232 1231 7925  0
8242 5206 8293 8389  0
4752 4768 4751 8437  0
2946 2962 2963 8109  0
6953 6928 6954 8013  0
1529 8353 2417 2418  0
8339 4865 4871 6172  0
7794 7932 8204 8379  0
3196 3675 3676 7840  0
340 8066 321 320  0
7835 1167 8022 1166  0
7926 2245 2244 7959  0
8115 2595 2560 8318  0
499 498 7904 8198  0
2210 2176 2209 8023  0
5502 7893 5501 5480  0
7208 7151 7209 7742  0
2401 1506 2402 8137  0
689 975 8028 8084  0
8441 7538 7758 7470  0
8217 2213 2248 2247  0
2206 2172 7707 8048  0
130 107 116 8133  0
8214 7679 8317 8328  0
1385 1577 7974 8086  0
659 705 706 7910  0
7998 7247 7316 7317  0
635 7924 342 634  0
704 1001 705 7910  0
7020 7021 6653 8308  0
657 7780 7809 7910  0
345 7909 638 330  0
1454 7852 7920 8331  0
7671 8028 8412 8086  0
7299 7229 7230 8071  0
3270 8158 3267 5179  0
5508 4435 4066 8157  0
7583 7020 7019 8308  0
342 7924 341 634  0
627 335 8021 8436  0
5424 5423 5402 7666  0
658 7780 657 7910  0
1203 1394 1395 7807  0
7689 6256 6273 8104  0
7599 7600 7036 8257  0
6200 7815 8211 8299  0
7431 7432 7501 7734  0
7021 7585 7022 8308  0
7890 2900 8052 8235  0
6186 7935 7876 6185  0
1074 1075 1285 8176  0
963 7740 7853 8248  0
2970 7935 8105 8299  0
1297 1296 7784 8314  0
7874 826 824 1333  0
4948 4938 4949 7825  0
7289 7358 7288 7765  0
4176 7800 4665 8377  0
3354 7888 2196 7956  0
646 645 692 8391  0
3404 3783 3782 8113  0
5471 5492 7849 7978  0
8363 7801 7676 8093  0
7959 7926 8217 8245  0
704 705 658 7910  0
6653 6652 7020 8308  0
3527 8221 3533 3528  0
484 427 483 7882  0
1109 834 835 7885  0
2903 2886 2885 7967  0
3195 3194 3674 8395  0
1763 7971 7697 1750  0
1148 1345 1143 7939  0
4132 4599 8207 8199  0
5134 5150 5133 7824  0
6663 7076 7077 8159  0
1760 3247 1748 8279  0
3459 3832 3833 8019  0
635 7830 7924 931  0
7382 7313 7383 8025  0
7102 7103 7171 7755  0
2022 8139 8224 2021  0
5916 5894 5917 8438  0
2795 2766 7771 8319  0
2674 2675 7864 8188  0
7837 7720 8029 8268  0
2986 2969 8105 8299  0
635 7830 931 7909  0
6583 7932 6584 8057  0
2237 2202 2236 7831  0
5520 5542 5519 7831  0
6274 6257 6275 8104  0
8094 1606 7925 7770  0
5783 6674 5784 8102  0
2591 7716 3507 2555  0
3045 3044 3059 7689  0
6857 6842 7739 8004  0
8223 546 547 603  0
933 7830 7733 7909  0
5847 5870 5846 7864  0
2589 4719 2588 4736  0
4213 4709 4209 7699  0
5590 5589 5569 8031  0
5888 5864 5889 8172  0
3058 3074 3059 7689  0
3806 3808 4146 7804  0
8185 6209 6208 6226  0
1605 2541 7770 8094  0
1851 1867 1868 8126  0
7974 1578 1386 8156  0
5381 5360 5361 7666  0
670 8183 8223 669  0
182 141 155 154  0
7438 8071 7439 7862  0
3963 3653 3649 8190  0
4594 4595 4603 8137  0
761 760 366 7827  0
8305 3667 3663 3664  0
5702 4623 5701 8127  0
5925 8370 5924 4817  0
7678 1367 7800 8080  0
578 521 577 7987  0
5046 5047 5061 7940  0
828 827 830 7733  0
643 973 690 8344  0
6232 6215 7685 7901  0
3678 4311 4310 7825  0
2626 4738 2590 4737  0
6155 6174 8252 6175  0
2102 2134 2103 7760  0
2552 4700 2511 2551  0
5249 5232 5250 7931  0
2589 2626 2590 4737  0
2699 2666 2665 8134  0
764 1064 1063 7947  0
960 959 1184 7803  0
751 1051 1050 7787  0
6891 6892 6918 7881  0
2698 2665 2697 8134  0
3075 3628 3076 8104  0
3937 8185 6209 4873  0
6221 7876 7970 8299  0
6167 7935 6166 6147  0
990 989 1206 8165  0
8184 6302 8290 8347  0
5920 8120 5943 8188  0
5313 5314 5333 8095  0
7748 7735 7843 7668  0
5975 5953 5976 8177  0
5956 7906 7771 5979  0
3473 7997 8085 8315  0
6275 6293 6274 8104  0
1640 1649 7825 8346  0
7998 7318 7388 8399  0
6467 8410 6484 6526  0
2512 2513 2469 8225  0
5776 6667 5745 7897  0
1965 1964 1982 7721  0
7793 7201 7266 7202  0
5602 6476 5601 8050  0
4720 8225 4701 4702  0
2399 2398 2397 8425  0
2072 2073 2044 7760  0
1775 1774 8147 8279  0
7666 5379 7680 8287  0
381 7812 7791 382  0
506 505 560 8093  0
5133 5117 5118 8090  0
6761 7653 7094 8101  0
7648 7622 7623 7979  0
6049 6071 8054 8212  0
5910 5909 5886 7915  0
6505 8219 5623 8101  0
8370 3889 4804 3890  0
2211 2210 7959 8023  0
4659 4658 5719 8225  0
2766 2765 2795 7771  0
3416 3401 3797 8332  0
652 699 653 7928  0
7689 6256 6237 6255  0
3076 3060 3075 8104  0
617 561 560 8093  0
6893 6894 6920 8057  0
5764 7879 6704 7737  0
8003 8074 6726 6733  0
8092 7942 7667 8201  0
5566 8281 5586 8260  0
5892 5893 5915 8438  0
3378 3757 3379 8214  0
287 8436 319 318  0
2770 8438 8175 8428  0
3888 3531 2691 3525  0
2703 8438 8274 7656  0
8436 394 316 8021  0
335 316 8021 8436  0
4737 4736 2589 2625  0
4736 4720 2589 4719  0
394 8436 395 8021  0
4057 3339 4433 8443  0
7755 6772 7101 7102  0
5276 5258 5277 7933  0
6913 6912 6886 8127  0
6588 7962 6595 6587  0
7894 8106 4187 8103  0
910 909 7853 8431  0
7298 7299 7368 8071  0
2090 2089 2121 8354  0
4188 3848 4187 8103  0
6440 6427 7895 8045  0
4974 4961 4962 7825  0
7526 7525 7458 7954  0
8437 4771 4787 3525  0
1773 7692 1772 1786  0
4975 4962 4963 8275  0
2897 8235 2898 7672  0
1356 1161 8313 8345  0
3845 3844 4184 8315  0
1482 7731 7833 1306  0
1574 1573 2479 8009  0
8291 5403 7666 5425  0
8386 4853 8325 6055  0
4657 4699 4656 7705  0
6007 5985 6008 8148  0
2889 2869 2888 8064  0
5966 5989 5965 8120  0
4196 4684 4197 8215  0
2583 4731 4714 8429  0
3196 3676 3197 7840  0
4737 4754 2625 3518  0
2175 8048 7893 2143  0
3404 3403 2382 8113  0
1910 8063 8227 1911  0
5917 5894 8026 8438  0
4737 2625 2589 2626  0
2625 4736 2588 2624  0
4721 4737 2590 4738  0
4753 4737 2625 4736  0
4719 8225 4701 2552  0
6668 6669 5745 7897  0
3479 2491 3478 7717  0
1910 8383 1928 8227  0
6724 6714 6715 8020  0
8026 2706 8428 8438  0
2625 8437 2624 2660  0
4737 4720 2589 4736  0
1204 8391 8165 988  0
4735 4719 2588 2587  0
2590 4720 2553 2589  0
1870 7865 8005 8015  0
4735 4736 2588 4719  0
4719 2551 2588 2587  0
6894 6921 7828 7880  0
3694 3243 1748 8279  0
1718 7981 1731 7725  0
3886 4771 2660 3525  0
4754 4771 2660 3886  0
6495 6750 7682 8328  0
6151 6150 7690 8352  0
7068 6703 7067 7879  0
2589 4737 2590 4720  0
5428 5449 5448 7760  0
1870 1853 1869 8005  0
3479 2492 2491 7717  0
2627 8142 8240 8405  0
4721 4739 2591 4722  0
3878 4739 2591 3513  0
3878 3513 2591 3507  0
2591 7716 3878 3507  0
4739 7716 2591 4722  0
4738 4721 2591 2590  0
2590 3513 2591 4738  0
4738 3513 2591 4739  0
4738 4739 2591 4721  0
4155 4625 4628 7903  0
2318 2319 7926 8192  0
3479 3478 3850 7717  0
2970 2987 7935 8299  0
5104 5103 5089 8398  0
8401 4840 4839 3555  0
7545 7607 7606 7778  0
4719 4720 2552 4701  0
2719 2720 2685 8401  0
7700 8192 8263 7805  0
4110 3776 3777 8425  0
2554 4721 2553 2590  0
4636 4637 4161 7667  0
3299 3296 3295 8095  0
4862 4261 4864 8265  0
6543 6798 6797 7829  0
877 898 623 8392  0
1308 1102 1309 7738  0
1270 1271 1461 8160  0
2453 2454 1565 8078  0
3931 3930 3588 8265  0
6137 8297 6136 6116  0
3062 3620 7970 8104  0
652 8036 7928 8226  0
7006 6638 6635 8238  0
2590 7716 2554 4721  0
1480 1306 8251 1086  0
7544 8027 7476 7477  0
585 584 7928 8226  0
4605 5686 5685 7962  0
1620 2496 2497 8237  0
473 7670 8226 474  0
7818 7828 8163 8243  0
7276 7834 7346 8169  0
6658 6659 7766 8409  0
7820 7674 7845 7972  0
7887 7846 8414 8416  0
8036 7670 8226 7797  0
2506 2507 2463 8310  0
875 7751 897 7868  0
4599 8207 8199 4592  0
8071 7228 7139 8292  0
6458 6457 6445 7840  0
4598 4565 8204 7875  0
7287 7958 7288 8267  0
6450 6438 6439 8390  0
7885 8080 8099 8388  0
2886 2904 2887 7967  0
5821 5842 7660 8039  0
5132 5116 5117 7824  0
1221 7814 1220 8421  0
7973 3759 3760 8416  0
4191 3852 3851 7717  0
3852 3480 3851 7717  0
5243 5242 5225 8293  0
4363 5271 5252 8309  0
7663 7700 7773 7822  0
4544 7821 4543 4097  0
3851 3480 3479 7717  0
7156 7093 7094 8101  0
1128 1517 8001 8337  0
5082 5081 7971 8255  0
7248 7998 7317 7247  0
4204 3864 4203 8128  0
2447 2448 1559 7908  0
2340 2342 3369 8262  0
7206 7741 7205 7945  0
911 890 889 7853  0
5520 8260 7707 5543  0
7932 7794 8204 8289  0
4346 8336 4018 4347  0
2853 2854 2833 8135  0
5670 4603 4595 8137  0
2070 2042 2041 7666  0
5402 5423 5401 7666  0
7138 7137 6811 8292  0
7942 7297 7298 8292  0
2011 2041 2012 7666  0
348 743 742 8153  0
1417 1225 1416 8179  0
1292 1081 1082 8258  0
6235 6219 6236 7815  0
7722 4530 4571 4572  0
1253 1252 1042 8008  0
507 562 508 8093  0
3468 2477 7950 8009  0
4974 7883 7825 8275  0
4895 6338 4892 7756  0
3795 3794 3415 8207  0
7833 7686 8076 8261  0
4650 4629 4651 8273  0
6717 6726 6716 8253  0
6750 6751 7900 8328  0
5540 5539 8154 8323  0
7303 7302 7761 7983  0
1282 8416 8017 8193  0
6675 7823 8102 6656  0
7663 6820 7127 8132  0
2882 2863 2881 7890  0
1465 1274 1275 7911  0
5725 7850 6623 7696  0
3865 7892 8019 3493  0
7801 7812 7902 8049  0
7456 7387 7457 7998  0
3504 7699 7770 8058  0
3484 7816 2497 8237  0
4664 4663 5724 8178  0
5427 5406 5428 7760  0
2898 2881 2880 7672  0
5486 4450 5463 8348  0
4103 3769 8146 8280  0
2584 2620 4732 8429  0
552 551 608 7904  0
3870 3496 2517 8178  0
2233 2268 2269 8154  0
2478 7807 1572 8009  0
8306 3637 3960 4274  0
5789 5809 5808 7976  0
7949 7681 8097 8427  0
479 480 423 7899  0
747 352 353 7948  0
1137 1138 1134 8385  0
2081 2051 2080 7891  0
4099 4100 4546 8219  0
2233 2234 7978 8154  0
7675 1938 7701 7933  0
5800 5818 5817 8351  0
4089 7799 4535 4088  0
3349 8283 8157 4062  0
7761 8042 7698 7914  0
1269 1459 1268 7913  0
6782 6781 6562 7837  0
6926 8013 6900 6927  0
5965 5989 5988 8120  0
3952 3949 3624 8104  0
3299 3304 3300 8095  0
7218 7160 7161 7674  0
5562 7977 5563 5582  0
6938 6937 6912 8127  0
8281 8410 7953 7852  0
5702 5701 6607 8127  0
5966 5965 5944 8120  0
3546 2756 3539 8370  0
7287 7288 7357 8267  0
1373 1374 1180 8164  0
6819 6820 7127 8180  0
5344 8138 5345 5364  0
2803 3547 2774 8120  0
6009 6010 6033 8107  0
7766 5786 5787 6677  0
1464 2324 2323 7911  0
6416 8254 6415 6403  0
7761 7302 7914 7983  0
1169 8099 1364 1365  0
7979 7662 8122 8286  0
2103 2134 2104 7760  0
987 1203 1204 7807  0
4401 4413 4400 8173  0
1145 918 1156 7751  0
6274 6273 6256 8104  0
2631 2632 8051 8134  0
5216 5234 5215 8126  0
2803 2774 2773 8120  0
5977 8189 5978 7714  0
7976 8058 8343 8360  0
8426 4199 4687 8089  0
3242 3245 3246 7991  0
2828 2827 2848 8294  0
2561 2524 8115 8318  0
144 8393 143 120  0
858 836 7885 8216  0
817 7929 819 820  0
5785 5784 8102 8351  0
6607 5701 6605 8127  0
784 803 804 8118  0
7481 7480 7411 8187  0
3924 8297 3582 3583  0
7617 7643 7642 8072  0
4183 4182 4670 8085  0
6469 6486 6485 8263  0
7158 7157 7095 7653  0
5218 5236 5235 8126  0
1947 1964 7721 7858  0
7537 7538 7599 8257  0
3213 3212 3217 8270  0
2050 2021 2020 8139  0
2707 2739 8188 8428  0
6484 8031 8263 8376  0
5625 5624 4549 7653  0
8339 4263 3937 4871  0
4324 5017 5016 7725  0
7569 7734 7002 8298  0
4824 4811 4825 8401  0
6920 6945 6919 7828  0
2385 2386 3407 8088  0
4260 8339 4866 3933  0
7985 2558 2593 2557  0
5988 5989 8107 8120  0
804 454 455 8118  0
3825 3450 3824 8092  0
8052 2954 2935 2936  0
618 562 561 8093  0
6006 6007 6029 7919  0
7377 7378 7447 7930  0
8277 2377 1493 1492  0
8413 7834 7916 8169  0
3070 3069 3083 8290  0
2482 2518 2519 8364  0
7719 680 8322 8411  0
6313 6314 6329 7884  0
7156 7995 7653 7214  0
440 496 497 8198  0
380 775 774 8176  0
4865 8339 4871 4263  0
6826 6827 6860 8247  0
3872 7699 8058 7976  0
4553 5628 4552 8076  0
2972 2955 2971 7935  0
6749 6495 6750 7682  0
6833 8057 6867 8379  0
406 405 462 8234  0
6282 6298 6281 8249  0
1672 1671 1683 8275  0
2463 2507 2464 8310  0
1620 7816 8237 1621  0
8206 8392 1152 7669  0
6150 6170 6169 8352  0
7707 5476 7891 8034  0
2641 8003 2606 2605  0
7994 7777 7549 7611  0
2760 2789 8177 8373  0
8337 7743 8137 7772  0
8035 1688 1700 8326  0
7741 7203 7793 7268  0
5949 8387 5950 5972  0
3752 3753 4085 8427  0
3284 8126 8015 3281  0
6512 8141 6561 5655  0
7317 7387 7386 7998  0
8370 3890 3537 3889  0
1436 1620 1437 8237  0
5268 5286 5267 8269  0
1059 759 760 8160  0
1665 8203 1676 1677  0
3213 3210 3209 8270  0
747 1046 746 7948  0
5505 5504 5483 8110  0
4930 4941 4940 8270  0
1173 1368 1369 7678  0
6576 7772 5678 8247  0
476 477 420 7786  0
1818 1833 1819 8144  0
3535 2712 2711 8000  0
7590 7779 7589 7856  0
6356 6372 6371 8306  0
7492 7491 7422 8286  0
8400 4275 4893 4892  0
5998 6020 5997 8294  0
6290 7768 7689 8400  0
7917 7822 7944 8181  0
3519 4774 3884 5830  0
7401 7331 7332 7769  0
3785 3407 3786 8088  0
3043 3028 3027 7685  0
3667 3668 3664 8305  0
5461 5462 8110 8384  0
1797 1796 1810 7918  0
7026 7779 7823 7589  0
6657 6676 6675 8102  0
8177 2808 2809 2827  0
1165 1360 1361 7835  0
7679 4537 5613 8328  0
3715 4365 3289 8182  0
6256 6257 6274 8104  0
7130 8304 7079 7142  0
7226 7296 8030 8292  0
3200 3989 3199 8270  0
7695 4933 4943 4944  0
2808 2826 2827 8387  0
5268 5287 5286 8269  0
2849 2867 7714 8294  0
591 7780 7910 8231  0
1583 8168 8364 1584  0
1139 7669 1144 8392  0
7443 7373 7374 7983  0
5850 8074 5849 6735  0
7800 3463 2441 8377  0
4148 7804 4618 4146  0
7359 7358 7289 7765  0
2838 8175 2837 8107  0
7244 7313 7243 8025  0
1688 8203 1676 8326  0
6826 6593 6576 8247  0
5093 5077 4338 8279  0
5136 8090 8119 5135  0
949 911 910 7853  0
5786 6676 6677 8102  0
1168 7733 8099 8388  0
4327 5031 5017 7725  0
2880 2862 2861 7672  0
7741 7206 7271 7945  0
6697 6698 5757 7994  0
5308 5288 5289 8269  0
7590 7779 7856 8409  0
3161 3162 3150 8254  0
2214 2182 2181 8283  0
5447 7760 7849 8291  0
3278 3277 3281 8126  0
3047 3061 3062 8104  0
5867 5892 5891 8274  0
2519 2518 7985 8364  0
5944 5965 5943 8120  0
7007 7000 7571 7955  0
3076 3628 3624 8104  0
3624 3628 3952 8104  0
837 838 1112 8216  0
5283 5264 8055 8227  0
2949 2950 7789 7848  0
8074 5825 7968 8302  0
2207 2208 2174 8048  0
3038 7901 8288 3039  0
6976 8013 7696 6953  0
3578 4255 3574 3924  0
3062 3061 3624 8104  0
1809 1810 7824 7918  0
3603 8252 2993 2977  0
5094 5080 5095 8255  0
7324 7254 7255 7795  0
5634 7808 8204 5673  0
7509 7730 7955 7983  0
6215 6214 7736 7901  0
7743 8379 7794 7808  0
4538 7973 4539 8328  0
6054 4853 6075 8325  0
1576 1441 1575 8086  0
7553 7615 7614 7879  0
954 8028 976 8412  0
3943 8358 8185 4878  0
2675 2640 2674 7864  0
4551 4105 4552 8076  0
8175 8428 8438 8442  0
706 7814 707 8231  0
7594 7533 7783 8161  0
2521 2522 1586 8115  0
6892 6919 6918 7881  0
5041 5027 5028 8244  0
5021 8326 5034 5020  0
1773 1759 1772 8279  0
2532 1596 2531 7982  0
3368 2340 3369 8262  0
7676 7662 8301 7816  0
4514 7799 4089 8262  0
4089 4079 4514 8262  0
1286 7887 7812 2355  0
934 638 637 7909  0
8041 7889 8097 8371  0
3396 3772 7833 3773  0
8067 7265 7335 8304  0
4342 8336 8255 5094  0
3262 4017 1804 8144  0
3806 3431 3808 7804  0
8325 3587 8297 2911  0
5969 3544 4831 5924  0
5056 5069 5055 7981  0
620 619 688 8084  0
7025 6658 6657 7823  0
7493 7492 7423 7845  0
1539 7810 1536 8276  0
5770 4682 5769 8215  0
852 459 460 7898  0
5484 5462 4421 8110  0
6196 6179 6197 7736  0
5406 5428 7760 8241  0
6250 6266 6249 8290  0
4596 7808 4595 8056  0
2451 1563 1562 7740  0
1545 1363 1544 8022  0
965 7740 964 1189  0
3252 3253 3248 8255  0
6214 6215 6231 7901  0
2901 2900 2919 8052  0
7671 7974 8062 8086  0
1728 1716 1727 8244  0
5482 8023 7893 8110  0
3527 4788 3884 3883  0
6476 6563 8050 8170  0
1883 3279 4023 7931  0
7742 7274 7344 8169  0
1862 1863 1847 8073  0
3696 4340 5093 8279  0
7520 8246 7452 7966  0
7799 4514 4089 4535  0
6299 6300 6317 8249  0
5270 5288 5269 8269  0
2386 2387 3408 8088  0
5425 5424 7666 8291  0
2923 2941 2924 8341  0
1736 3246 3250 8255  0
5577 7860 8262 5578  0
3065 3051 3050 8288  0
6264 6282 6281 8288  0
7721 8374 5348 7709  0
3579 3578 3584 8297  0
581 525 524 8250  0
5077 5076 4334 8279  0
4435 5508 5485 8283  0
2886 2866 2885 7967  0
1696 1697 1685 7811  0
8000 4818 4805 5923  0
551 7796 608 7904  0
1318 1319 8195 8216  0
8244 1728 1729 7981  0
6576 6593 6575 8247  0
6250 6251 6267 8290  0
6037 6016 6038 7672  0
746 745 351 7948  0
4538 5614 5613 8328  0
843 8222 842 864  0
4710 8085 7699 7684  0
7820 6539 7826 8032  0
7715 3218 3221 8270  0
1592 1408 7748 8307  0
3349 8283 4062 2182  0
5055 7957 5054 5040  0
1828 1813 1827 8119  0
1271 1270 1060 8160  0
7080 8304 7682 7143  0
5250 5233 5251 7931  0
5816 5817 8051 8351  0
4632 8377 4158 4176  0
3274 3275 3271 7782  0
5045 5060 5059 7940  0
2661 2694 2662 8142  0
7193 7124 7125 8038  0
4672 4185 4184 8315  0
818 7929 1327 8329  0
1009 1008 1225 8179  0
5777 4708 5751 8311  0
8059 4355 3705 5196  0
8300 3961 3964 3648  0
7129 7130 7198 8132  0
5615 6497 5614 8328  0
2927 2944 3588 8265  0
7661 8108 3811 8367  0
5397 4392 5375 8287  0
6193 6212 6211 8082  0
7857 8077 8317 8223  0
7726 7829 8199 8207  0
2105 2073 7760 8241  0
7130 8067 8132 8304  0
245 228 274 229  0
7394 7464 7463 8161  0
5091 7692 5092 5106  0
2342 7799 8262 2340  0
1665 8203 1677 1666  0
3293 1969 1970 8200  0
5542 8323 5566 5565  0
7300 7230 7231 8071  0
3458 7892 3493 8019  0
4937 4938 4948 7825  0
1679 1690 1691 8035  0
1173 1174 939 7678  0
5924 5947 5969 7871  0
6791 8123 7121 7120  0
5832 5811 5812 5833  0
2355 3386 2354 7887  0
5102 8090 8398 5118  0
7171 7103 7172 7755  0
3859 3488 3487 8062  0
2289 8332 4518 2326  0
5659 8042 8369 5658  0
6230 6249 6248 7901  0
3794 4112 3778 8425  0
2141 2109 2140 7891  0
857 7723 875 7868  0
6291 6292 6308 8400  0
6797 6839 6796 7829  0
2695 2662 8142 8295  0
1056 7917 7944 8181  0
8162 4117 7708 4578  0
2661 2662 2627 8142  0
487 541 542 7870  0
4145 7661 4614 4147  0
7750 7694 7922 8322  0
7845 7662 7979 8286  0
7362 7292 7293 8004  0
7798 8001 8202 8329  0
1235 1236 1019 8166  0
7751 1155 1177 8116  0
2470 2471 2435 8205  0
7728 7873 7936 7998  0
2841 7672 3572 2860  0
1310 1511 1334 7938  0
2918 2900 2899 8235  0
3331 2085 2116 8384  0
756 1056 1055 7917  0
5102 8090 5117 8398  0
3415 7738 7790 8207  0
7120 7121 7189 8123  0
5663 5597 7860 8268  0
398 7924 8066 321  0
8144 1802 7785 8147  0
1304 7687 2390 2389  0
7965 7691 8011 8234  0
8318 2563 7843 7861  0
4606 8053 4137 4139  0
6930 6903 6904 8230  0
7849 2197 7888 7956  0
3778 2398 2399 8425  0
2470 8068 2469 8225  0
5850 6736 5825 7968  0
386 385 450 8417  0
3390 7801 8280 7902  0
1130 8202 1325 1326  0
8261 8118 7686 8258  0
3876 3511 2613 7976  0
7222 7286 7221 8267  0
5364 5386 5385 8138  0
4966 4965 4953 8270  0
3413 7877 2391 2392  0
4429 2156 4443 8173  0
5540 5539 5517 7978  0
2078 8139 2079 2049  0
7819 4496 4495 4511  0
2369 7875 8430 8056  0
1551 1373 1369 7678  0
7442 7509 7441 7983  0
5830 5879 3528 3520  0
1154 1351 1352 8206  0
5093 8147 5108 8279  0
7720 8008 8153 8371  0
7689 3029 3030 3045  0
3529 4226 3887 8000  0
1740 1741 1728 7981  0
7895 4923 4924 6453  0
1010 1009 1226 7912  0
1167 8099 8022 1168  0
1998 1980 1979 8423  0
1141 1147 1142 7939  0
6590 6546 6799 8282  0
3354 7888 3360 2230  0
3173 8254 8045 7895  0
7075 7648 7979 8215  0
558 615 559 7750  0
1429 1612 1613 7937  0
3228 3227 4326 7715  0
3590 3585 3929 8372  0
7565 7564 7497 8155  0
4921 4291 4290 8390  0
2870 2889 2890 8420  0
2080 2051 2079 7891  0
6503 6758 6757 8018  0
5372 5392 5371 8224  0
4268 3616 3948 7970  0
8270 3198 3199 3210  0
8343 2645 2609 2610  0
4296 4926 4927 8395  0
4812 4798 4813 8401  0
423 424 359 7899  0
2453 1564 2452 8078  0
7890 2901 7967 8052  0
3413 7877 8061 2391  0
2550 7705 2551 2510  0
7192 7191 7123 8256  0
7982 2569 8003 8397  0
6450 6449 6438 8390  0
5346 5366 5365 8138  0
3289 8271 8182 1952  0
7801 7916 7995 7653  0
2306 7977 8037 8266  0
1322 1512 1504 7790  0
2541 2540 8058 8094  0
7820 8155 7765 8267  0
1718 8244 1707 1717  0
7892 7999 7878 7734  0
3785 3786 4119 8088  0
4204 4648 8019 8128  0
7725 1710 1698 3233  0
5206 5205 8242 8293  0
5959 7771 5937 8319  0
7985 7775 8168 8364  0
5331 5330 8271 8374  0
1312 7963 1106 1313  0
386 385 8417 8424  0
4207 4664 4175 8178  0
7782 3274 3270 3271  0
577 578 7987 8391  0
6943 8075 6942 7881  0
8165 1582 8364 1581  0
5673 6581 7808 8204  0
2730 2762 7915 8189  0
5064 5050 5051 7991  0
346 802 409 8375  0
6922 6947 6921 8043  0
3243 4334 8016 8279  0
7880 7818 7733 7665  0
7197 7663 7196 8132  0
5004 4991 4992 7715  0
399 321 322 7924  0
2133 2134 2102 7849  0
8120 4844 5990 4251  0
7695 8203 1655 1656  0
6782 7837 7873 8029  0
5194 8059 5211 5210  0
7683 7856 8161 8296  0
4968 8203 7695 4969  0
8274 8438 5867 5892  0
7802 7846 8198 8017  0
5231 5214 5232 7931  0
5855 5880 3520 8142  0
1702 1713 1714 7957  0
7868 1118 1117 7738  0
3098 8347 3097 3110  0
6107 6127 7673 8341  0
3192 3672 3193 7895  0
8431 7698 7687 7853  0
1211 995 994 8036  0
5479 5501 5478 8048  0
2642 2677 2643 7968  0
7836 3744 3740 3741  0
7011 7012 6644 8143  0
6483 6570 7953 8410  0
4128 8425 8207 4112  0
3049 3620 3948 7970  0
7389 7319 7320 8046  0
3672 3673 3193 7895  0
5327 5328 5347 7721  0
2600 2565 2564 7767  0
5117 5101 5102 8398  0
7859 730 7750 8363  0
6414 6426 6413 8045  0
500 444 443 7791  0
5724 5723 6622 8178  0
7788 3140 7747 7792  0
1044 7948 8008 745  0
2143 2144 2112 7893  0
4953 7715 8209 4966  0
1932 7721 8182 8309  0
1271 1061 7773 8160  0
5493 5517 5516 7978  0
2199 2165 2198 7978  0
7726 7671 7734 7765  0
2044 2015 7907 8422  0
6822 7130 7129 8132  0
1477 1474 1476 8371  0
5616 8414 7973 4541  0
4323 7715 4977 4990  0
7610 7703 7548 7994  0
3228 8326 5004 3231  0
4980 4992 4979 7715  0
3821 7667 8285 7688  0
5004 3228 4326 7715  0
2191 2157 2190 8443  0
6462 6470 6461 8245  0
4459 4473 4472 8333  0
7821 8219 7801 7902  0
5536 8037 5537 5560  0
3822 3448 3447 8285  0
389 803 783 8258  0
1664 1653 3225 7715  0
5478 5477 5456 7891  0
2106 7986 8034 8241  0
1981 1980 1998 8423  0
1252 1251 8371 8378  0
1979 1997 1998 8423  0
8386 4252 3920 4851  0
5022 5009 5023 8035  0
2411 2413 3435 7939  0
5924 5969 4843 4831  0
8217 8110 5528 8283  0
5852 5876 5875 7968  0
7797 7668 7728 8036  0
8049 3389 2357 7902  0
7780 7754 8316 8330  0
1290 1291 2359 8049  0
1365 1546 1547 8197  0
5961 5960 8175 8319  0
4967 4968 4979 7715  0
7439 7506 7862 7955  0
7730 7007 8238 6640  0
7815 3029 3030 7689  0
2051 8139 2079 7891  0
8235 7672 6100 6080  0
7812 2357 7902 8049  0
6073 6051 6052 8212  0
6240 6259 6239 7970  0
4958 7841 7695 8346  0
2764 2793 7771 7915  0
7720 8266 7837 7948  0
5281 5262 5263 8227  0
8422 1999 2016 8423  0
5772 4685 4684 8089  0
2148 2179 2180 8110  0
5004 5005 5018 8326  0
5022 5023 5036 8035  0
3292 3291 3295 8095  0
8326 3228 5004 7715  0
6597 7718 6859 7661  0
2147 2146 2178 8110  0
4661 4662 7716 8178  0
8387 5952 8373 5951  0
3666 8024 7840 3974  0
3578 6054 3574 4255  0
3919 4850 3574 4853  0
4233 5924 3537 4803  0
3582 4257 3929 3585  0
2052 2053 2023 8224  0
5474 5497 5496 8034  0
8135 8319 6004 7919  0
7093 7916 7155 7092  0
3487 3488 2500 8062  0
5287 5268 5269 8269  0
3456 7980 8078 3831  0
8167 792 847 8357  0
7883 5012 5025 8244  0
1943 1960 1961 7872  0
3625 3621 4269 8432  0
1115 1089 7784 8321  0
5536 8037 7888 5537  0
4373 8224 4034 5353  0
5584 8096 8323 5585  0
4788 4774 3884 3883  0
4418 3333 4057 8443  0
4543 7821 8006 8414  0
8077 7857 8317 7947  0
7873 6564 6783 6784  0
3668 3665 3664 8305  0
7979 7648 8122 8215  0
6076 6056 6077 8325  0
4817 8370 4804 5925  0
1881 1897 1882 7931  0
4889 3953 4273 8400  0
2157 2158 2126 8443  0
5724 4663 5723 8178  0
6676 7766 6658 6677  0
1610 1427 1426 7997  0
1655 1645 1644 7715  0
3593 3590 3589 8372  0
612 681 613 8322  0
3354 7888 8406 3360  0
3833 3460 3459 8019  0
1422 7925 8012 8094  0
1943 7872 1959 1960  0
7804 4148 3810 3808  0
6150 6149 7673 8352  0
3602 3599 3598 8339  0
7011 6644 6643 8143  0
906 905 944 7803  0
6572 6526 6527 8376  0
2796 2797 2767 8319  0
7831 5517 5495 7986  0
658 7780 7910 590  0
2129 4057 3333 8443  0
3527 8370 3532 3533  0
7846 7821 7887 8414  0
6279 6294 6278 8432  0
673 605 604 8327  0
1654 1665 1655 7715  0
1694 7811 7883 8244  0
5074 5060 7940 8171  0
4893 4273 3957 8400  0
2255 2221 2220 8333  0
4662 4705 7716 8178  0
8219 6505 5623 5622  0
5496 5473 5474 7986  0
2367 2403 2368 8056  0
5725 7850 7696 8178  0
3643 3639 3642 8306  0
4488 4472 4473 8333  0
1595 1594 7867 8421  0
4432 4446 4445 8443  0
885 7803 884 906  0
8178 3500 2516 2517  0
7668 7873 7728 7998  0
2818 2797 2817 8319  0
6832 6831 6581 8379  0
848 793 792 8167  0
8405 4774 3879 3519  0
6039 6038 6017 8218  0
5200 5199 7782 8126  0
4992 4991 4979 7715  0
5762 6703 5763 8103  0
4850 4255 6054 4856  0
885 7803 7839 8222  0
7729 7950 8009 7749  0
1654 1653 1664 7715  0
8208 3378 3379 8214  0
2097 2128 3333 8443  0
8418 4627 4156 4624  0
2345 2346 1466 8208  0
1266 1056 1267 7944  0
4900 6367 6368 8300  0
4340 4013 8147 8279  0
4304 3995 4305 8346  0
7993 8046 8060 8316  0
4674 5762 8103 8106  0
810 1121 1120 8392  0
2936 2955 2937 8052  0
3810 7804 3808 3433  0
3980 4291 3981 8390  0
1804 1819 3262 8144  0
3812 3810 3435 8418  0
4460 4445 4446 8443  0
4431 4445 4444 8443  0
3762 7821 8414 7887  0
3981 3671 3670 8390  0
3460 3833 7878 8019  0
6316 8249 6317 7989  0
1816 1830 1831 8144  0
5237 5256 5255 8015  0
6126 6106 7673 8052  0
5141 5140 5125 8147  0
6383 6382 6366 8300  0
4418 3333 4054 4057  0
6438 6449 6437 8390  0
856 807 855 7744  0
7849 5471 7978 7986  0
8208 8317 7947 7855  0
6599 8232 5691 5693  0
3580 3576 3579 8325  0
769 1069 1068 7855  0
4295 4296 3985 8395  0
6171 4264 4869 8352  0
8400 6324 6308 6307  0
5517 7831 7978 7986  0
2640 8003 7864 2605  0
4869 6170 6171 8352  0
6104 6105 6124 8052  0
2955 2956 2937 8052  0
8244 1718 1707 7725  0
8175 5985 7919 8107  0
6096 6076 6097 8325  0
6436 6448 4915 8305  0
7853 8078 7727 7740  0
2911 2929 2912 8325  0
6019 5996 5997 8387  0
2975 8033 2974 2992  0
5489 5467 5468 7956  0
8029 7112 7111 7936  0
1816 1831 1817 8144  0
2487 1611 1610 7997  0
1713 1712 7991 8035  0
5517 7831 5495 5518  0
2168 2202 2169 7986  0
6189 8033 6207 6188  0
2485 2486 1609 7997  0
7986 5449 5450 7760  0
7737 4680 7961 8122  0
4519 4560 4518 8332  0
8426 7671 7764 7892  0
3636 3100 7756 8400  0
223 8130 194 195  0
2135 7849 7978 7986  0
6263 8288 6264 6281  0
4085 4590 4084 8427  0
5399 5400 7693 8287  0
3170 3656 3661 8305  0
6451 7895 6440 6452  0
7753 7712 8030 7667  0
1789 1803 1790 8147  0
2899 7890 2900 2882  0
7073 6708 7072 8122  0
4912 6436 4915 8305  0
4900 6383 6367 8300  0
3582 3923 4855 8297  0
3616 7876 3612 7970  0
811 810 392 8392  0
7865 5220 8005 8015  0
3474 3475 2487 7997  0
2995 2996 2980 7736  0
5174 5157 5158 7785  0
5009 5010 5023 8035  0
3190 3669 3670 8390  0
6179 6180 6197 7736  0
1405 1589 1406 7843  0
334 315 626 8021  0
6134 4860 4863 8372  0
891 890 7853 8167  0
1369 1174 1173 7678  0
3603 2977 3599 8339  0
8033 7673 2975 2974  0
2911 3580 3579 8325  0
2562 2524 2561 8318  0
1321 7738 1320 1118  0
2035 2065 2036 8349  0
6440 6451 6439 8390  0
5449 5471 7760 7986  0
295 327 404 8388  0
4927 4926 6456 8395  0
6135 6134 4863 8372  0
4154 4150 3812 8418  0
8045 6438 8305 8390  0
6075 6076 6096 8325  0
6077 6056 6057 8325  0
2895 2878 2877 8325  0
2435 2434 2470 8205  0
2816 2796 2795 8319  0
7746 4223 4226 3887  0
3619 3615 3618 8358  0
7044 7897 7045 6669  0
1120 7669 1139 8392  0
6191 8082 6192 6210  0
8177 5953 8189 8373  0
6349 6363 6348 8194  0
4662 5723 4663 8178  0
1090 788 1091 8321  0
5471 5493 7978 7986  0
1249 1192 1032 8086  0
2978 2977 2993 8252  0
4907 3651 6397 8305  0
1120 7669 1337 1139  0
1702 1701 1713 8035  0
2913 2912 2930 8325  0
2517 3496 2474 8178  0
6423 4909 6397 8305  0
4472 4471 4458 8333  0
4154 3812 3815 8418  0
3776 4110 7826 8425  0
7838 1346 1348 1526  0
7707 2170 7831 7986  0
2597 2598 2562 8318  0
2913 2895 2912 8325  0
2912 3580 2911 8325  0
6173 6174 6191 8339  0
3603 3599 3602 8339  0
2796 2766 2795 8319  0
6352 6351 6335 8300  0
3594 3599 2977 8339  0
4047 4390 4387 8349  0
8394 3190 3661 3181  0
6172 6191 6209 8339  0
3602 3601 8082 8339  0
4295 3985 3984 8395  0
7891 2143 7893 8048  0
6450 6439 6451 8390  0
5302 5321 8366 8407  0
6135 6094 6115 8372  0
6056 6076 6075 8325  0
3984 3985 3674 8395  0
1319 1113 7784 8216  0
2097 2127 2128 8443  0
1777 1791 7697 8150  0
3714 8368 4366 3286  0
7826 5633 4557 5632  0
7417 7486 7416 8381  0
3875 8121 8405 3508  0
4294 4925 4295 8395  0
6832 6833 6866 8379  0
2825 2826 2807 8387  0
1427 1611 7937 7997  0
3669 3980 3670 8390  0
5683 8282 8380 6545  0
7584 7585 7021 8308  0
7831 2201 7978 7986  0
450 385 449 8424  0
4319 3222 7811 8275  0
4971 7841 4959 4972  0
5273 4369 4367 8368  0
2562 2561 2597 8318  0
3580 2877 3576 8325  0
3660 3659 3664 8305  0
6453 6454 4924 8395  0
3995 3994 3205 8346  0
6209 8082 6191 6210  0
4855 3923 4858 8297  0
3961 4278 3644 8300  0
3135 3961 3644 8300  0
6424 8045 6425 8305  0
4488 4504 4503 8333  0
3348 7956 8348 8406  0
1590 7748 1591 1407  0
3187 8395 7792 3186  0
7839 884 8222 864  0
6915 6888 6889 8213  0
3557 8401 2785 2784  0
7956 3353 3354 8406  0
3601 8185 6209 3937  0
8271 4368 4370 3715  0
3257 8336 3254 3253  0
7521 8303 7522 7966  0
3085 3086 7768 8184  0
1971 1990 1972 7701  0
1041 741 742 8153  0
7763 7663 7822 8038  0
1991 2009 7680 8287  0
1925 1942 1926 8383  0
6847 6848 6872 7951  0
7558 7490 7491 8286  0
8121 2627 8405 3510  0
585 586 529 7928  0
473 7797 472 8226  0
3846 4185 4186 8315  0
5611 6494 5610 7679  0
6323 4892 7756 8400  0
8221 3520 5879 5880  0
3779 4113 3797 8332  0
7874 824 7830 7929  0
5960 5982 5959 8319  0
3660 3661 3656 8305  0
7726 7790 8053 8385  0
7714 2867 8064 8294  0
3139 3125 3138 7788  0
4741 8121 4726 5792  0
2855 2873 7919 8135  0
671 672 603 8223  0
2157 2156 4444 8349  0
6800 6801 6847 7951  0
1359 1372 1538 7878  0
5707 5708 5715 7975  0
7784 7753 8125 8222  0
1551 1369 1550 7678  0
6866 6865 6832 8379  0
8095 4377 4374 3298  0
7141 7167 7231 7914  0
6696 5756 5755 7896  0
7530 7463 7531 8161  0
5139 5140 5156 7785  0
8068 2470 2469 2434  0
7064 7065 7777 7638  0
2442 1552 1551 7678  0
1800 1799 1814 7692  0
2861 8218 7672 2862  0
3400 2398 3777 8425  0
2473 7800 8178 2474  0
4888 8432 3951 4886  0
7203 7793 7202 7682  0
7804 4612 4142 7739  0
7788 6343 7747 7752  0
7631 7605 7606 7778  0
6881 7739 6858 6594  0
542 598 599 7857  0
2884 2865 7890 8294  0
3341 3336 3335 8348  0
7671 7892 7974 8156  0
7880 7932 7794 8057  0
5903 5902 8221 8370  0
2477 8044 7807 1571  0
7442 7443 7510 7983  0
7385 7936 8303 7315  0
5267 5248 5249 7931  0
5613 6496 6495 8328  0
4275 8400 3957 7756  0
7758 7857 7658 7654  0
1960 1978 1961 7872  0
4225 8370 3890 3532  0
2106 2136 2137 7986  0
5825 8302 6736 6730  0
7041 7627 7042 7764  0
1406 7748 1590 1407  0
2772 2739 2738 8428  0
2347 1278 1279 7855  0
6708 5767 6707 8122  0
7544 7605 7543 7778  0
1687 1699 1688 8326  0
4675 4674 5762 8103  0
860 839 838 8216  0
8044 2477 7807 7950  0
813 814 7798 8021  0
4774 8405 5830 3519  0
5092 5108 7692 8279  0
7692 5091 5092 8279  0
1477 8041 8097 8371  0
7969 7727 8078 8186  0
822 1329 820 7929  0
6031 6007 6008 8148  0
3813 8367 8108 3436  0
5358 5357 7680 8287  0
859 838 837 8216  0
3804 4144 4142 7804  0
8030 7712 8162 7942  0
4197 4685 4198 8089  0
2419 1359 1538 7878  0
6547 6546 5640 8380  0
884 7803 905 906  0
4215 3879 3875 3514  0
8249 7884 3093 7989  0
5964 8107 8120 5987  0
6744 6820 6743 8180  0
1399 1400 1208 7886  0
1726 1727 1715 7957  0
5378 5358 5379 8287  0
1241 1240 8131 8411  0
2566 2529 7927 8397  0
1042 8371 1252 1041  0
6005 6004 5983 8319  0
4488 4473 4489 8333  0
3877 7699 4727 4213  0
2188 2187 2221 8333  0
2326 3401 2365 8332  0
5958 5982 5981 8319  0
4909 4907 6397 8305  0
4774 3879 3519 4219  0
3614 3617 3618 8358  0
5466 5467 5488 7956  0
644 691 645 8391  0
6425 6437 6424 8305  0
920 1150 1151 8392  0
4788 5878 3527 5879  0
5959 5982 5958 8319  0
2366 2326 2365 8332  0
3883 3526 3527 4788  0
2326 2366 2327 8332  0
3519 4219 3884 4774  0
7416 7486 7485 8381  0
4725 4741 4757 3875  0
4498 8262 3364 5557  0
5683 7932 8282 6585  0
1112 1111 837 8216  0
5781 7775 6672 7985  0
1161 7798 8345 8066  0
1574 1395 7807 8165  0
848 869 870 8167  0
6270 6269 6253 7768  0
7730 8143 7511 7573  0
7575 7514 7576 8143  0
4481 5509 5533 8406  0
5176 5159 5160 8144  0
7574 7513 7575 8143  0
7259 7258 7194 8038  0
7946 7749 7950 7980  0
7455 7454 7385 8303  0
4725 8121 3508 3871  0
7985 5794 8121 5795  0
3875 3871 4725 3508  0
3879 4219 4757 4215  0
4774 8405 4757 4758  0
4774 4219 4757 3879  0
7680 5357 7701 8287  0
7888 7849 5513 5514  0
2641 8003 7864 2606  0
3875 8405 4757 3514  0
3514 4215 4757 3875  0
3514 3879 4757 4215  0
4757 8405 3879 3514  0
7929 817 819 8066  0
4106 4553 4552 8076  0
7002 7734 7003 7045  0
5947 5970 5969 7871  0
3481 7717 3480 3852  0
1198 1197 1389 8324  0
7250 8060 7993 8399  0
8062 4197 8089 8215  0
7929 818 1327 820  0
7530 7592 7591 7856  0
2104 2105 7760 7986  0
5742 7730 8143 7980  0
994 1210 1211 8036  0
1610 1609 2486 7997  0
2482 2519 1583 8364  0
7645 7071 8072 8122  0
2802 8428 2801 8120  0
5471 5472 5494 7986  0
2434 2435 8022 8205  0
2526 2527 1591 7843  0
4726 8121 4725 3871  0
7728 7729 7813 7886  0
721 675 7796 8166  0
5634 7808 5673 4598  0
6924 6923 6897 8043  0
7748 1406 1590 7843  0
8242 1827 1842 8069  0
3029 3015 3014 8002  0
6609 7903 8213 6610  0
7280 7350 7995 8312  0
1713 1725 7957 7991  0
7676 7737 7961 8122  0
7552 7879 7777 7984  0
7648 7647 7979 8122  0
2487 2486 3474 7997  0
4707 8311 4212 4208  0
3376 3375 1475 8097  0
6954 6977 6976 7905  0
4725 4212 4726 3871  0
2169 2202 7831 7986  0
1689 1701 1690 8035  0
2009 7666 7680 8287  0
7665 8216 7885 7851  0
7647 7622 7979 8122  0
2558 8115 7985 7996  0
7593 7594 8081 8161  0
5372 5371 8200 8224  0
8406 3739 3737 3358  0
7074 6709 7073 8122  0
8264 7654 7745 7658  0
626 922 8021 8392  0
7304 7303 7761 7983  0
8265 8212 6113 6114  0
8049 1078 1079 8424  0
5398 5377 5378 8287  0
2999 8002 2998 3015  0
5569 5589 5588 8281  0
717 716 1013 8012  0
7455 7385 7386 8303  0
6271 6289 6270 7768  0
2996 3012 3013 7736  0
1575 1441 1440 8086  0
5473 5494 5472 7986  0
1337 1121 1122 7669  0
7971 5052 7991 8255  0
2964 2980 2981 7736  0
2876 2858 2857 8148  0
1248 1249 8028 8086  0
4889 4273 6324 8400  0
2901 2902 7967 8052  0
2168 7831 2202 7986  0
8261 1481 7833 1295  0
4533 8434 4087 4534  0
757 1057 1056 7844  0
5908 5885 7915 8295  0
828 826 7830 7874  0
6356 6373 6372 7788  0
8162 6557 8292 8236  0
518 575 519 8149  0
3265 1819 8073 8144  0
5435 5434 5413 7891  0
7841 4958 4959 8346  0
5451 5473 5472 7986  0
1590 7748 7843 1591  0
7619 7645 8072 8122  0
5357 5358 5378 8287  0
5517 5493 5494 7986  0
7727 7862 7955 8071  0
8390 4290 4289 3979  0
4641 5737 4642 8238  0
2316 7926 1457 2317  0
2590 7716 4721 2591  0
5473 5496 5495 7986  0
4131 4594 4593 8137  0
7820 7135 7958 6794  0
7668 7748 7809 8330  0
1440 1441 1249 8086  0
7925 1234 1425 1233  0
6126 7673 7935 8052  0
7155 7213 7212 7916  0
1989 3318 2008 8287  0
8109 6116 8297 6137  0
859 879 880 8216  0
5767 4680 7737 8122  0
3433 2411 3435 7939  0
2141 2173 2142 8048  0
3031 3046 3047 7815  0
7010 7573 7574 8143  0
1192 8028 1032 8086  0
4680 4681 7961 8122  0
4533 5661 4590 8427  0
768 373 7802 7855  0
5639 6546 6545 8380  0
5044 5030 5031 7725  0
8190 3962 4277 3963  0
1132 1135 1136 7868  0
7682 6750 7900 8328  0
7653 5627 8076 5626  0
4798 2721 8401 4782  0
5639 4570 5640 8380  0
7147 7204 7146 7900  0
1609 7925 1425 1608  0
719 7925 8327 1015  0
2485 7925 7997 1608  0
1620 7816 1621 1437  0
6104 6082 7890 8052  0
3450 3449 3824 8285  0
3628 3088 3953 8400  0
7010 7730 6643 6642  0
5450 5429 5430 8241  0
2838 2858 2859 8148  0
227 228 256 8439  0
6811 6810 6557 8292  0
7354 7284 7285 7972  0
3459 3458 3832 8019  0
1248 8086 7816 1440  0
7212 7276 7211 7916  0
8053 4606 4137 8199  0
3890 3526 4225 3532  0
5070 5069 5056 7981  0
5175 5159 5176 8144  0
6387 6373 6374 7788  0
7733 1107 1106 7963  0
7575 7012 7011 8143  0
384 385 779 8424  0
3753 3754 4086 8427  0
2022 2051 2052 8224  0
846 7839 845 867  0
7850 5724 6623 6622  0
3686 3229 4324 7811  0
2563 2525 2562 7843  0
5012 5011 4999 7883  0
4086 8041 8427 3754  0
780 385 386 8424  0
1079 8049 1080 1290  0
1522 7669 1523 1344  0
418 419 354 7670  0
3075 3628 8104 8400  0
3772 4106 4105 8076  0
5683 7932 6585 5682  0
385 384 449 8424  0
8400 3953 3957 3632  0
2168 2135 2167 7986  0
5090 5104 5089 8016  0
6733 7864 8003 8074  0
780 8417 1080 8424  0
452 508 509 8124  0
8264 1417 1416 8179  0
1326 1325 1328 8202  0
2864 2845 2863 7890  0
2081 2080 2112 7891  0
3321 4390 4047 8349  0
1676 1665 1664 7715  0
7970 6260 6276 4882  0
6563 6783 7873 8170  0
4982 7841 4971 4983  0
7925 8085 2485 7997  0
1806 1805 1820 8158  0
8227 8407 5282 8366  0
5349 5368 5348 8374  0
7654 7773 7822 7663  0
5563 5540 5564 8323  0
3019 3018 7970 8299  0
7935 6185 8299 7876  0
1217 1001 1000 8307  0
6380 8194 8229 6379  0
1606 8094 7925 1422  0
3301 4034 8200 8224  0
3436 3809 3811 8367  0
2141 2142 2111 7891  0
166 142 167 8130  0
2842 8218 7871 8272  0
3387 3764 3763 7902  0
7727 7983 7730 7914  0
7857 600 543 8040  0
7926 7805 8217 8245  0
7176 7108 7177 8014  0
2542 3504 3499 7770  0
7943 7977 8050 8170  0
7550 7612 7611 7777  0
7107 7176 7175 8014  0
4633 5728 5729 7817  0
4972 4984 4983 7841  0
1470 1472 1473 8097  0
1731 7725 7981 8171  0
2469 8068 2468 8225  0
8359 4584 5654 8141  0
6738 6528 6739 8376  0
8148 3926 4256 4854  0
119 118 8133 8393  0
5023 5010 5024 8035  0
801 737 800 8342  0
6709 5768 6708 8122  0
8212 6093 6114 4859  0
964 963 1188 7740  0
6636 7046 7004 7999  0
2696 2697 2663 8295  0
915 956 916 8412  0
7780 532 588 7786  0
1556 1372 1555 7878  0
4569 5639 5638 8380  0
1468 2392 1467 7877  0
3102 3114 7747 7752  0
8009 7749 8404 7729  0
2950 7789 7848 8105  0
3786 3408 3787 8088  0
3990 3200 8209 8270  0
2676 2677 7864 8188  0
7805 6464 6472 6465  0
4975 4974 4962 8275  0
1933 1932 8182 8309  0
373 768 767 7855  0
3137 3136 3149 8254  0
5388 5408 7709 8065  0
3686 4322 3226 7811  0
133 132 157 8393  0
3639 3113 7752 7788  0
3195 3674 3675 8395  0
2098 3336 3341 8348  0
7696 6625 6989 6988  0
4632 5728 4633 7817  0
1788 1789 1775 8147  0
4204 4691 4648 8128  0
6741 6818 7711 8180  0
6688 6689 6720 8302  0
3979 3668 8305 8390  0
1634 1644 1635 8209  0
7738 1503 3415 7790  0
2525 2524 2562 7843  0
7383 7453 8025 8303  0
3545 3544 3560 7871  0
3868 8085 3471 7770  0
1970 1986 1987 8200  0
992 7813 8036 695  0
563 508 8093 8124  0
1371 1370 1554 7854  0
3009 3023 7901 8082  0
1212 8036 7732 995  0
7456 7457 7954 7998  0
6392 6393 6407 8024  0
1530 1359 2419 7878  0
3152 3153 3139 7792  0
7283 7353 7845 7972  0
7664 1765 1780 7697  0
6494 7724 7679 6748  0
6949 6923 6924 8043  0
3341 3342 2098 8348  0
1736 3250 1749 8255  0
7703 7409 7741 8027  0
7764 8128 7892 7897  0
7377 7930 7446 8320  0
1628 1637 1629 7695  0
7644 7070 7643 8072  0
1831 1832 1817 8144  0
7952 7555 7487 8381  0
8428 8107 5963 8175  0
3617 3623 8358 8432  0
7660 5839 8051 8172  0
7796 720 674 721  0
4957 4956 4945 7695  0
7954 7523 8303 8308  0
2770 8438 2769 8175  0
7315 7314 7245 7936  0
4090 4537 4517 7679  0
841 7784 8222 8321  0
5142 4345 5143 8144  0
4705 4663 4706 8178  0
8385 7751 7868 7939  0
7301 7232 7302 7914  0
8107 8428 2801 2800  0
5913 5914 7656 8274  0
6184 6164 6165 7935  0
399 322 400 7924  0
452 451 8093 8417  0
2938 2957 2939 7673  0
883 905 884 8222  0
1369 1180 1174 7678  0
4089 3748 4079 8262  0
4853 6055 6075 8325  0
8114 1905 7865 1889  0
2400 1505 2401 8137  0
6556 8334 6810 6809  0
4211 8178 4706 3870  0
3390 7902 3389 8049  0
1645 1655 7695 7715  0
1027 730 7859 8363  0
498 497 7904 8198  0
2487 7894 2488 7997  0
5355 5335 5336 7701  0
1932 1933 1916 8309  0
7719 1020 1021 7937  0
1433 1434 7859 8152  0
6147 6166 6165 7935  0
7290 7360 7359 7765  0
3124 8184 8300 7756  0
6713 8091 6712 6681  0
8179 7654 8264 7658  0
3436 3434 3809 8367  0
7048 8020 8081 8228  0
4586 4587 5656 8042  0
3274 3278 3275 8126  0
6769 7098 6838 7914  0
982 1199 8044 8070  0
6976 8013 6953 7905  0
5784 5785 5799 8351  0
5231 5213 5214 7931  0
4162 8092 3823 8285  0
3200 1625 8209 8270  0
5826 8302 6730 6731  0
4549 4550 5625 7653  0
4193 4194 3854 7961  0
6105 6083 6084 7967  0
5615 6498 6497 7973  0
1336 1519 7790 8385  0
1452 7852 2312 2311  0
7655 7774 7838 8337  0
8209 4299 4930 4300  0
2446 3448 3449 8285  0
7869 639 952 570  0
787 843 788 8321  0
6768 6837 6767 7914  0
2426 8353 2421 2420  0
2822 3561 2803 8120  0
6060 6080 7672 8235  0
5851 5852 5875 7968  0
6921 7828 7880 8043  0
7894 4186 8106 8315  0
7730 7010 6643 8143  0
8406 4073 4069 3737  0
4537 5612 4517 7679  0
4139 3801 4140 8053  0
5948 5926 5927 8370  0
2902 2921 2903 7967  0
1635 1636 1627 8209  0
7765 7288 7958 8267  0
7842 7728 7866 8340  0
3047 3062 7970 8104  0
1472 1474 1475 8097  0
2887 2888 2869 8064  0
2512 2469 2468 8225  0
5758 5757 8085 4670  0
8152 2494 1617 8419  0
5213 4355 5214 7931  0
1801 1788 7692 8147  0
507 561 562 8093  0
1429 1238 1237 7937  0
7027 7591 7028 8409  0
2903 2921 2922 7967  0
4398 4410 2059 8354  0
3049 3616 3612 7970  0
7221 7286 7972 8267  0
7609 7703 7608 7547  0
8269 5250 5268 5269  0
6749 6748 6494 7679  0
7828 6967 6944 8075  0
525 581 7797 8250  0
5509 8348 5487 8406  0
841 1115 7784 8321  0
1037 1470 1036 8284  0
412 469 413 8250  0
7943 7837 7948 7873  0
7708 4116 4117 8113  0
2870 2851 2869 8064  0
411 410 467 8375  0
7959 5548 8023 8098  0
2108 2076 8034 8065  0
8167 1098 7877 795  0
1827 1841 1842 8069  0
2885 2884 2902 7967  0
1827 1828 8119 8242  0
6085 6105 6084 7967  0
7637 7063 7636 7994  0
7586 7585 7524 7954  0
5872 5871 7864 8188  0
4370 8271 3293 8200  0
7357 7288 7358 8267  0
2867 2866 2886 7967  0
8115 7996 8318 8351  0
5884 5885 5908 8295  0
5860 8240 5836 8295  0
6240 6241 6259 7970  0
7637 7064 7063 7994  0
6106 6105 7967 8052  0
696 7813 695 8036  0
7763 7754 7795 8256  0
5786 7766 8102 6677  0
7849 7888 5513 7956  0
2009 2037 7693 8287  0
668 667 714 8087  0
4257 8372 8297 4861  0
2876 3577 3573 8148  0
5821 7767 5803 7781  0
2139 2138 2171 8034  0
7802 8317 7846 8017  0
4278 6368 4898 7756  0
5038 5025 5039 7957  0
8217 2284 7836 2283  0
6953 6952 6927 8013  0
6926 6927 6952 8013  0
5363 8136 7858 7907  0
2934 2952 2953 8105  0
6748 7081 7080 7682  0
5538 5515 5516 7978  0
7207 7150 7208 7945  0
5724 7850 5725 8178  0
7141 7098 7167 7914  0
8092 7667 5733 8201  0
402 324 325 7909  0
6495 5611 5612 7679  0
4928 4939 4313 8270  0
5379 7666 5400 8287  0
4326 4990 5004 7715  0
6668 5745 6667 7897  0
529 586 530 7928  0
812 811 8021 8392  0
5424 5423 7666 8291  0
4675 4187 4674 8103  0
5021 5007 5008 8035  0
2958 2974 2975 7673  0
2901 2884 2883 7890  0
4162 3823 3822 8285  0
6896 6871 6872 7880  0
7896 7059 6694 6695  0
1385 7974 8116 8086  0
5007 5006 8203 8326  0
6078 7672 7789 8325  0
7684 7703 7762 7778  0
1216 7748 1408 8307  0
4547 8280 4101 4548  0
7797 581 7813 8250  0
5584 8096 7977 8323  0
7766 6679 8091 6678  0
5267 5249 5268 7931  0
5407 5386 5387 8138  0
1065 765 766 7947  0
2955 2954 2971 7935  0
1092 8088 1300 1299  0
7260 7329 7769 7330  0
3791 3413 3792 8061  0
2494 8152 1617 2493  0
3890 8370 3537 3538  0
5123 7785 5139 7692  0
1143 8385 1343 1138  0
3224 3228 3225 7715  0
7725 1732 7940 8171  0
2139 2107 2138 8034  0
5950 5927 5928 8221  0
5043 7981 5042 7725  0
7766 7779 7823 8409  0
6533 7805 6532 6490  0
1230 1013 1229 8012  0
2273 2272 2310 8096  0
7746 4226 4775 5877  0
7791 499 7904 8198  0
8047 7882 7814 7713  0
5408 5429 5407 8241  0
1894 1893 1911 8063  0
5778 5792 5777 7990  0
446 447 382 7922  0
6767 6561 6768 7914  0
2231 8037 2266 2267  0
2230 2231 2196 7888  0
6340 6309 6325 7752  0
2769 2799 2770 8175  0
919 7669 1149 1150  0
7812 1075 1076 8176  0
8300 4278 4279 3961  0
43 62 63 8361  0
7202 7201 7682 8304  0
5752 8340 6649 5753  0
61 62 42 8361  0
6271 6255 6272 7689  0
1060 1270 1059 8160  0
1141 1135 1140 7868  0
583 584 527 8226  0
8046 7998 8316 7779  0
7779 7683 7856 8409  0
7342 7273 7343 7742  0
7493 7492 7845 7979  0
1589 1588 2524 7843  0
7706 7900 7973 8317  0
6091 6113 6112 8265  0
1367 1549 1368 7678  0
7720 7837 7873 7948  0
6725 8003 8020 8253  0
6709 8215 5769 8122  0
7726 7868 7723 7738  0
7172 8100 7104 7173  0
3787 7687 3788 4121  0
616 8093 8363 617  0
3725 3331 4406 8384  0
5593 5592 5576 7934  0
6239 6222 6240 7970  0
7216 7280 7215 8312  0
4025 7931 8309 4358  0
2364 2363 1295 8261  0
3359 3365 3360 7888  0
614 683 615 7750  0
1609 7925 7997 1425  0
1368 1549 1550 7678  0
2399 7738 3415 8207  0
4812 4811 4797 8401  0
4171 3865 4204 8019  0
5286 5287 5306 8269  0
8326 4326 3231 3230  0
2801 2822 8107 2821  0
6861 6862 6886 8247  0
821 7830 823 824  0
2395 2396 2393 8117  0
7737 7070 7069 6705  0
2902 2920 7967 8052  0
7588 7779 7526 7527  0
6670 5746 6669 7999  0
1693 1694 7883 8244  0
5296 7933 5295 5276  0
7353 7423 7422 7845  0
5878 3526 3527 3532  0
3813 8367 3436 3811  0
7657 8195 7665 8013  0
1844 1843 1858 8242  0
2347 2345 1278 8208  0
5586 5607 8096 8281  0
3046 3045 7689 7815  0
7698 7681 7863 7949  0
4866 3933 3932 4260  0
477 420 7786 7787  0
460 515 461 8234  0
8015 5253 5273 5254  0
7202 7144 7145 7682  0
2099 2100 2069 8291  0
8428 5963 5942 5941  0
6015 7871 8272 5993  0
3220 3221 3217 8270  0
5036 5051 5050 7991  0
8129 2507 8440 8310  0
816 818 1325 8329  0
6473 5573 8408 5572  0
1049 7787 7960 8365  0
878 899 900 8080  0
5188 5189 5205 8242  0
6106 6127 6126 7673  0
4623 5702 7903 8127  0
7721 1947 7858 8269  0
5188 5171 5172 8242  0
4881 6278 8358 6243  0
3251 3696 3247 8279  0
3926 6074 4854 8212  0
7413 7412 7742 8187  0
6886 6862 6887 8247  0
7750 729 7859 8411  0
3370 8378 2344 2302  0
6287 6286 6268 8290  0
5270 5289 8269 8309  0
2931 8109 2948 7789  0
3839 3465 3838 7980  0
549 494 548 7802  0
6240 7876 6241 7970  0
7342 7412 7411 8187  0
8067 7265 7334 7335  0
2695 2728 2696 8295  0
6732 5824 6724 8003  0
7815 3047 8104 3046  0
7145 7144 7082 7682  0
4830 8272 4843 5968  0
5236 5218 5219 8015  0
8074 6726 6727 8253  0
6892 6893 6919 8057  0
7257 7763 7327 7795  0
6086 6107 7967 8341  0
5425 5446 5445 8291  0
6842 6591 7739 8199  0
5652 6558 5651 8236  0
8001 813 812 1125  0
1268 8160 1058 1269  0
7764 5775 5776 6666  0
4191 4678 4679 7737  0
6508 6509 6763 7653  0
6183 6200 8211 8299  0
7657 8433 8013 7708  0
1392 1200 1391 8044  0
4025 4360 5233 8309  0
8177 2809 2788 2789  0
7734 7569 7002 7003  0
7558 7557 7490 8286  0
1381 1380 1562 7740  0
1907 1891 1890 8293  0
767 372 7855 7947  0
4864 4867 6153 8265  0
3865 7892 3864 8019  0
2706 2673 2672 8026  0
4536 7799 5597 4514  0
1886 1869 1885 8015  0
7664 5115 5099 7697  0
837 858 859 8216  0
1287 2355 1286 7812  0
1477 1475 1474 8097  0
7248 7998 7247 8060  0
2374 2334 2373 8289  0
7628 7567 7629 8298  0
6538 6766 6537 8032  0
6258 8104 7970 6275  0
6818 7126 7125 7711  0
760 7844 8160 759  0
2871 2872 2853 8135  0
2770 2799 2800 8175  0
6969 6968 6946 7828  0
6402 6388 6403 8254  0
7690 6153 6131 6152  0
6113 6133 6112 8265  0
8077 8327 8317 8223  0
7654 7857 7912 8087  0
6518 8434 6519 7923  0
4715 4714 4696 8310  0
637 344 636 7909  0
4930 4940 4929 8270  0
4942 4943 4954 8209  0
2065 2066 3321 8349  0
5400 5399 5379 8287  0
2997 2998 7736 8002  0
6829 6862 6828 8247  0
5501 7893 8023 8048  0
7566 7567 7628 8298  0
1080 1081 8049 8417  0
3481 7961 7717 3852  0
5236 5219 5237 8015  0
5980 5957 5958 7771  0
6013 8386 6012 4848  0
7963 7722 1493 8239  0
5257 7865 7933 8015  0
5601 6476 6475 8050  0
6133 6153 6132 8265  0
6401 6387 6402 8254  0
1826 1841 1827 8069  0
6115 6095 6096 8297  0
7857 543 7992 8040  0
7528 7461 7529 7856  0
360 425 361 7917  0
7667 4162 4161 8285  0
6414 6401 6402 8254  0
2885 2884 7967 8294  0
5506 5529 5528 8283  0
3317 3318 3304 8287  0
1303 2388 1302 7687  0
8345 7798 7929 8066  0
2467 2431 2466 7705  0
3784 3783 3405 8314  0
8157 3355 3740 2251  0
2070 2071 2042 8291  0
5458 5479 5457 7893  0
5347 5348 7709 7721  0
1354 1533 1534 8313  0
8155 7845 7972 7662  0
2866 2885 7967 8294  0
6126 6127 6148 7673  0
4845 8386 4252 3566  0
3859 4199 3860 8062  0
8133 93 84 107  0
5986 8175 5962 8107  0
939 901 900 8080  0
6287 7768 8184 8290  0
6298 6299 6315 8249  0
3041 3040 3055 8290  0
6352 6335 7756 8300  0
4960 7841 7825 4973  0
5970 5969 7871 8272  0
5626 6509 6508 7653  0
5408 5407 8138 8241  0
378 377 442 8198  0
6429 6415 6416 7895  0
7698 7727 7730 7914  0
7666 5423 7693 8348  0
544 490 489 8040  0
506 507 450 8093  0
7764 7078 7041 8159  0
7774 1353 8206 8313  0
2561 2523 2560 8115  0
6059 6058 6037 7672  0
4355 3707 5214 7931  0
718 672 8223 8327  0
2852 7906 8064 8135  0
7696 5726 6625 6624  0
3558 3917 3562 4240  0
6955 6954 6929 7905  0
2181 2180 2214 8283  0
817 8329 7929 818  0
1375 7803 8164 8079  0
7798 7774 8206 8313  0
8142 5905 8221 8373  0
440 439 496 7802  0
1675 1676 7715 8326  0
2983 2966 2982 7848  0
6054 6095 4856 8297  0
3861 3489 3860 7974  0
7728 7866 7966 8246  0
559 8093 7750 560  0
7227 7137 7138 8292  0
2032 8354 2031 2061  0
7781 8020 6724 8003  0
5431 8034 5452 5451  0
3825 3451 3450 8092  0
2477 2478 1572 8009  0
4517 7679 5594 7934  0
2062 2092 8173 8354  0
5470 5449 5471 7760  0
8212 3581 2928 2910  0
1676 1687 1688 8326  0
1418 1417 7759 7912  0
5763 7879 8103 6703  0
1363 8099 1168 8022  0
1982 1983 1965 7721  0
1938 1921 1937 7933  0
980 1197 1198 8070  0
7489 7420 7952 7419  0
7694 7676 7717 8152  0
536 8231 8403 8151  0
5392 5413 8139 8224  0
7085 7147 7084 7900  0
5764 4677 4676 8103  0
593 592 661 8231  0
4528 4570 4569 7819  0
5194 5178 5195 8073  0
4714 4713 4695 8310  0
6390 6405 6404 7792  0
7851 1318 8195 8216  0
4421 3337 3731 8110  0
3918 2840 3569 8107  0
6128 7690 6150 7673  0
2333 2373 2334 8289  0
2944 8054 2926 8265  0
8314 2382 7784 8113  0
2499 1623 7816 8062  0
3676 3675 3986 7840  0
3076 3061 3060 8104  0
7734 7501 7569 7502  0
3573 3922 3921 8148  0
8380 4571 5641 7722  0
1612 7894 1613 7937  0
6242 7970 4879 6241  0
8301 7676 8237 7961  0
3411 3410 2389 7687  0
8373 8295 5883 5907  0
4525 2334 7819 8289  0
6015 7672 6016 6037  0
7629 7897 8298 7043  0
2177 2211 2178 8110  0
1489 1311 8277 8289  0
5153 5170 5169 7918  0
8059 1864 1865 1880  0
8092 4640 4165 8338  0
5768 4681 4680 8122  0
2927 3588 2928 8265  0
3920 4252 3570 3566  0
4298 4299 4929 8270  0
3929 8372 3589 3590  0
5064 5065 5079 8255  0
2928 2910 8054 8212  0
3410 3409 2388 7687  0
2951 2950 2967 7848  0
6215 6214 6196 7736  0
6217 6216 6197 7736  0
2114 2113 2145 7893  0
2861 8218 2843 7672  0
7929 7810 8202 8313  0
1915 1916 1899 8309  0
6402 6387 6388 8254  0
7123 7122 6815 8256  0
2440 7678 2441 1550  0
646 7813 578 8391  0
6414 6402 6415 8254  0
6109 6108 6088 8341  0
5955 5956 7771 7915  0
7821 5619 4544 4543  0
3281 3282 3278 8126  0
3496 3462 2475 7800  0
2631 8318 2596 8051  0
3817 3443 3834 7878  0
560 561 506 8093  0
4864 4261 4262 8265  0
3200 4299 3990 3989  0
7396 7326 7327 7795  0
1607 1606 7770 7925  0
7450 7518 7517 8246  0
6682 6662 7047 8081  0
5619 7821 4544 8018  0
5784 6674 6675 8102  0
1745 1746 1733 7940  0
1040 1476 1039 8371  0
6016 6038 7672 8218  0
7655 8001 8210 8337  0
7916 7153 7091 8413  0
6192 6174 6193 8339  0
6465 6489 6472 7805  0
5297 7701 5315 8095  0
5078 5079 5094 8255  0
1843 1844 1829 8242  0
7689 3029 3044 8002  0
7692 5092 5106 5107  0
4951 4964 4318 8270  0
2839 3569 2840 8107  0
1071 1072 1282 8193  0
3823 8092 3824 8285  0
8395 6431 6444 7840  0
7254 7253 7189 8123  0
7394 7795 8296 7324  0
8352 3939 4264 4869  0
5344 8138 5364 7858  0
3565 3918 4253 8107  0
1159 1353 1354 8313  0
2010 7666 2009 2039  0
2643 2678 2644 7968  0
4633 5729 4634 7817  0
744 745 1044 8008  0
7860 7799 8262 8378  0
2866 2865 2885 8294  0
4078 7722 4531 8239  0
6860 6885 6884 7718  0
5299 5280 5300 7675  0
8134 2664 8051 2665  0
4122 8236 4121 7687  0
3788 3410 3789 7687  0
6805 6551 6552 8433  0
7803 8248 961 945  0
5338 5318 7675 7701  0
7803 8248 7839 7712  0
2918 2935 8052 8235  0
557 7750 614 558  0
7497 7765 7428 7498  0
8075 6942 7881 8213  0
5713 5719 8163 8243  0
1164 1163 1357 8345  0
1475 3375 1473 8097  0
7604 7543 7605 7778  0
6990 7817 7905 6627  0
6091 8212 8054 6071  0
7215 7158 7216 7653  0
5626 6508 5625 7653  0
781 387 782 8417  0
4894 4891 3956 3955  0
4226 7746 3887 7968  0
7714 5998 8177 8294  0
7555 8072 7952 7556  0
1940 1923 1939 7675  0
2786 8221 2756 8370  0
4122 3788 3789 7687  0
3150 3162 3151 8254  0
2926 2943 2944 8265  0
425 426 361 7917  0
4672 5759 8106 8315  0
3253 3249 3248 8255  0
7334 7762 7335 7404  0
5738 6639 6640 8238  0
6829 6579 6830 8145  0
5773 4686 4685 8089  0
2446 1558 8079 8285  0
7699 7684 8220 8335  0
645 8149 644 8391  0
6043 6064 6042 8294  0
6917 6891 6918 7881  0
4092 4091 8214 8328  0
374 438 439 7802  0
1533 1353 7774 8313  0
3323 3324 3317 8287  0
2248 2214 2213 8283  0
4299 8209 4930 8270  0
4710 8085 7896 4669  0
5326 5346 5345 7858  0
4299 4298 3989 8270  0
5306 5287 5307 8269  0
7876 6240 6241 6223  0
5091 5076 5077 8279  0
3788 3787 3409 8088  0
856 7723 855 874  0
7551 7777 7552 7613  0
2944 7690 8265 2943  0
3324 3318 3317 8287  0
2213 8217 8283 2212  0
3200 4299 3989 8270  0
2181 2149 2180 8283  0
4123 8359 4583 4122  0
4853 3920 3575 3919  0
2943 3592 7690 2961  0
4319 4976 4317 8275  0
2180 2213 2214 8283  0
5355 5376 5375 8287  0
6248 6249 6265 8288  0
4431 4430 4417 8349  0
1721 3236 1710 7940  0
2180 2179 2213 8283  0
2866 2867 2848 8294  0
6728 8253 6727 6718  0
6477 6476 5602 8050  0
1157 7751 1146 1145  0
5013 5026 5012 8244  0
1957 1956 1974 7675  0
7834 7276 7277 7916  0
5625 4550 5626 7653  0
7425 7426 8155 8267  0
5846 8003 5824 6732  0
2494 8152 2493 3481  0
1156 7751 1157 1145  0
7538 7758 7539 8257  0
7795 7394 8296 8161  0
7675 5278 5298 5279  0
6507 5624 5625 7653  0
2102 2071 2101 8291  0
1160 1355 1161 8313  0
2945 3587 3586 8297  0
5379 7666 7680 5380  0
6015 7672 8272 6016  0
6075 6096 6095 8297  0
5033 5020 5034 8326  0
4260 8339 8372 4866  0
5021 5020 5007 8326  0
3228 1675 7715 8326  0
3584 8325 3579 8297  0
8373 8387 2758 2788  0
3537 8370 3544 3538  0
5150 5167 7824 7918  0
6507 6508 6762 7653  0
8152 2491 1615 2492  0
3756 2340 3368 8262  0
3246 3245 3249 8255  0
6861 6885 6860 8247  0
2213 8217 2248 8283  0
4313 4939 4316 8270  0
3216 3683 3220 8270  0
6153 7690 6131 8265  0
5466 5444 5445 8291  0
6112 8054 6090 6091  0
71 8133 93 84  0
8115 2558 2559 7996  0
7202 7201 7144 7682  0
7582 7581 7520 7966  0
95 73 74 8133  0
3810 3812 4150 8418  0
6023 6045 6044 8064  0
665 7713 711 8087  0
1910 1892 1909 8227  0
2274 2239 2238 8260  0
2791 2792 2762 8189  0
2323 2285 2322 7836  0
7212 7213 7277 7916  0
4710 7684 7699 8335  0
1765 7664 1752 7697  0
6286 6267 6268 8290  0
3868 8085 7699 4209  0
7019 7966 8308 8340  0
1220 1412 1221 8421  0
2729 2697 2696 8295  0
1750 1763 1764 7697  0
1496 1497 2381 8195  0
8235 2915 7789 2898  0
1142 8385 1137 1136  0
7792 6418 7840 8024  0
6475 5665 7837 6524  0
6095 4858 6054 4856  0
2997 3013 3014 8002  0
5200 8005 7782 5183  0
8081 7048 6683 8020  0
7401 7758 7471 7769  0
415 471 7797 8415  0
2718 2751 2719 8401  0
2468 8068 7705 8225  0
7593 7594 7030 8081  0
1368 1550 1369 7678  0
5263 5282 5281 8227  0
8182 4363 4365 3713  0
7348 7952 7418 7417  0
5883 5906 8142 8373  0
5670 7743 7808 8247  0
6148 6127 6128 7673  0
1321 7738 1118 7790  0
6019 5997 8294 8387  0
6149 6148 6128 7673  0
5456 5436 5457 7891  0
1675 1687 1676 8326  0
8373 2695 2694 8142  0
2726 2694 8142 8373  0
4853 6055 6054 6075  0
7017 7018 7966 7581  0
435 7947 8040 8077  0
2177 2146 7893 8110  0
2938 2939 2921 7673  0
1334 1331 7874 7938  0
7812 7846 8176 7791  0
7444 7445 7512 8143  0
7800 7818 8197 8178  0
5483 5461 5462 8110  0
1862 1878 1879 8059  0
7746 5876 4789 5877  0
2111 2142 2143 7891  0
1038 1039 1474 8342  0
1341 2407 1521 8385  0
8013 7921 6850 8433  0
5998 5999 7714 8177  0
6593 7772 6575 8247  0
8237 8152 7961 7676  0
2956 2973 2957 7673  0
2957 2958 2940 7673  0
3231 3234 3235 8326  0
2412 3434 2414 8367  0
2410 1524 8210 8367  0
422 423 358 7899  0
2530 7867 7927 8397  0
3646 3647 3641 8306  0
5271 4363 8182 8309  0
398 817 397 8066  0
7315 7245 7246 7936  0
4545 7821 8018 4544  0
4548 5623 4547 8219  0
7863 7698 7941 8078  0
4602 8137 4593 7772  0
727 681 680 8411  0
6127 6108 6128 7673  0
7767 7766 7867 7927  0
7513 7446 7514 8143  0
7520 7452 7453 7966  0
1185 7803 960 1184  0
8326 3239 1711 7991  0
4993 7715 8203 8326  0
1079 8049 8424 1080  0
1040 1039 740 8371  0
3883 3526 4788 4773  0
7010 7574 7011 8143  0
397 320 398 8066  0
5551 6464 8245 8408  0
4996 7841 8035 8203  0
4970 4969 7695 8203  0
6262 6261 6245 8358  0
5241 5242 8114 8293  0
4157 7903 4155 4628  0
6431 6417 8395 6430  0
2569 8397 2604 8003  0
4181 3842 8009 8311  0
4987 7883 4986 8275  0
2958 2959 2940 7673  0
2890 2907 8420 2889  0
7446 7930 7514 8143  0
7803 7753 7839 8222  0
3898 3544 3537 4233  0
4538 5613 4537 8328  0
4275 8400 4893 3957  0
4630 8129 8273 7903  0
1945 1944 1961 7872  0
626 8392 392 625  0
4503 4502 4487 8333  0
7446 7513 7445 8143  0
7573 7511 7512 8143  0
5878 3526 4225 4773  0
3527 8370 5878 3532  0
6280 6263 6281 8358  0
6643 6644 5742 8143  0
6643 5742 7730 8143  0
7823 6656 8083 8102  0
4204 3865 3864 8019  0
3459 3460 7878 8019  0
7513 7514 7575 8143  0
1832 8010 1831 1847  0
8225 2514 2554 2513  0
1212 8036 1211 7732  0
1818 1819 1804 8144  0
7092 7155 7154 7916  0
8143 8259 7012 7946  0
3866 4207 4175 8178  0
2330 7875 8430 2370  0
4025 3279 3283 8309  0
842 8222 841 863  0
1092 8088 8321 7839  0
1089 787 1090 8321  0
8190 4902 4896 4277  0
4289 8305 4919 8390  0
1409 1218 1217 8307  0
7010 7730 6642 7009  0
1832 1818 1817 8144  0
788 843 844 8321  0
7010 7011 6643 8143  0
7445 7513 7512 8143  0
5175 5158 5159 8144  0
2023 2006 2005 8224  0
1788 1801 1802 8147  0
1802 8144 7785 1816  0
1802 1803 1789 8147  0
5141 5126 8144 8147  0
1089 1297 7784 8321  0
5742 7730 7980 5741  0
7616 7555 7617 8381  0
7713 1007 1223 1006  0
5014 5013 7811 8244  0
5124 7785 8147 5140  0
5108 5109 5124 8147  0
5742 6644 7946 8143  0
3528 4788 3884 3527  0
841 840 862 8222  0
4693 8273 8310 4206  0
5392 5393 5413 8224  0
2023 2005 2022 8224  0
5394 5373 5374 8224  0
5372 5393 5392 8224  0
3421 4136 7772 8137  0
2256 2221 2255 8333  0
613 556 612 8322  0
1351 1529 1531 8206  0
6284 8290 8249 6266  0
7695 3992 3993 3203  0
6277 4880 4883 8432  0
7796 7846 7904 8198  0
5414 5393 5394 8224  0
406 463 8011 8234  0
5055 7957 7971 5054  0
7011 7574 7575 8143  0
1816 1817 1802 8144  0
7576 7012 7575 8143  0
7800 7696 7850 8178  0
2773 2802 2803 8120  0
5097 7971 7697 8255  0
840 861 862 8222  0
670 601 669 8223  0
5723 8355 8178 5722  0
4122 8236 8359 4121  0
4595 7808 8137 8056  0
4602 8137 7772 4136  0
7836 5554 8157 8408  0
2984 2983 2999 8211  0
497 7796 7904 8198  0
2006 2024 2007 8224  0
5394 5395 5415 8224  0
5373 5393 5372 8224  0
2023 2053 2024 8224  0
1988 2006 3301 8224  0
5394 5415 5414 8224  0
5394 5393 5373 8224  0
2051 8139 2021 2050  0
2023 2024 2006 8224  0
5414 5413 5393 8224  0
2006 2007 3301 8224  0
2022 8139 2051 8224  0
7417 7834 7416 7347  0
8203 4968 7695 7715  0
4979 4968 4980 7715  0
1382 8078 1383 7740  0
6728 6734 6727 8074  0
7773 7654 7822 7827  0
1715 8244 1716 1704  0
860 881 861 8125  0
4103 7653 8280 8076  0
7743 8379 7881 7794  0
5080 5065 5066 8255  0
2474 3496 7800 8178  0
933 7830 932 1166  0
1000 1001 7910 8307  0
723 7719 8166 724  0
2699 8172 2700 8134  0
5783 8083 6674 8102  0
5456 5435 5436 7891  0
4299 8209 3990 4300  0
4848 4846 6013 8272  0
3221 4977 7715 8270  0
3218 7715 3221 1653  0
1675 3225 3228 7715  0
4979 4991 4978 7715  0
1654 1655 1644 7715  0
5634 4565 5635 8204  0
4992 5005 5004 7715  0
411 7987 8153 8375  0
5850 5873 5849 7968  0
2645 2679 2680 7968  0
2643 2644 2608 7968  0
5635 5636 5680 8204  0
5010 7883 7957 8035  0
6074 4857 6093 8212  0
4990 4978 4991 7715  0
5004 4990 4991 7715  0
5294 5295 8095 8368  0
5679 5680 6582 8204  0
7796 605 606 8327  0
2222 2221 2256 8333  0
2079 2110 2080 7891  0
7715 3227 4323 3224  0
720 719 1016 8327  0
6707 8072 7737 7071  0
411 467 7987 8375  0
6072 6051 6073 8212  0
673 719 720 8327  0
2426 2427 2421 7903  0
6021 5998 7714 8294  0
1071 8198 772 8193  0
2257 2293 4489 8333  0
4593 5677 7772 8137  0
927 928 631 8066  0
7801 7916 7653 8219  0
4597 4563 7875 8056  0
2410 7655 8210 3430  0
4706 4207 3870 8178  0
5569 5568 7832 8281  0
7653 7801 7686 7676  0
7953 8281 8096 5607  0
2645 2644 2679 7968  0
7181 7873 7113 7936  0
7553 7615 7879 8381  0
5455 5434 5435 7891  0
7902 4099 3766 3765  0
3252 3253 8255 8336  0
1078 8049 1079 1289  0
2956 2957 2938 7673  0
5455 5476 5454 7891  0
2109 2110 2078 7891  0
1647 7841 1657 1658  0
5621 8219 5622 8018  0
5587 5607 5586 8281  0
6841 7225 6840 8004  0
6527 6526 6484 8376  0
1352 1353 1159 8206  0
5164 5180 5163 8158  0
1182 1175 1181 8164  0
7867 7748 8307 7927  0
1356 1536 1357 8345  0
2922 7967 7673 8341  0
1343 2411 2409 7939  0
3404 3783 8113 8314  0
8035 4997 7883 7841  0
5455 5454 5434 7891  0
673 672 719 8327  0
2941 2940 7673 8341  0
5478 7893 5457 5479  0
6707 5766 6706 7737  0
5451 5452 5473 8034  0
6189 8033 6188 8352  0
2973 2974 2957 7673  0
5387 7709 8138 5388  0
4662 8243 8178 4661  0
2075 2107 2076 8034  0
630 926 927 8066  0
5475 5476 7707 8034  0
6106 6107 6127 7673  0
489 543 544 8040  0
2110 2111 2080 7891  0
5435 5414 5436 7891  0
2110 2079 2078 7891  0
2141 2110 2109 7891  0
5435 5456 5455 7891  0
63 71 51 8361  0
2277 2278 8098 8331  0
7774 8276 2421 2422  0
7957 1713 7991 8035  0
1291 2360 2359 8049  0
3426 3424 3423 8053  0
6615 6614 6967 8075  0
941 8125 942 903  0
7702 7700 7724 8132  0
1615 1616 8131 8152  0
2111 2110 2141 7891  0
1168 934 1167 8388  0
2726 2725 2758 8221  0
6964 8075 6965 6612  0
3841 4181 3842 7950  0
8277 1493 7963 1492  0
5825 5852 5851 7968  0
1859 1860 8010 8389  0
663 7882 595 594  0
7307 7308 7930 8100  0
1543 1544 1362 8022  0
7903 2427 8129 8273  0
5876 7746 5853 5877  0
4201 4202 3862 8426  0
2678 2679 2644 7968  0
7871 5995 8218 8387  0
5943 5919 5920 8188  0
4850 4255 3574 6054  0
3898 8272 3897 3559  0
4843 5969 3898 4831  0
3961 8300 3964 4279  0
6866 7881 6867 6891  0
7569 7002 7568 8298  0
1962 7872 1978 7858  0
4918 8305 3667 4915  0
7990 7842 8311 8340  0
3916 4240 4846 3917  0
5997 5974 8177 8387  0
7967 6107 7673 8341  0
4853 6055 4851 6012  0
5995 5996 8218 8387  0
3917 8386 3566 3567  0
5974 5952 8177 8387  0
5639 5640 6546 8380  0
2463 2427 2426 8273  0
3916 3917 4846 4848  0
3444 7903 2426 3442  0
5968 4848 4846 6013  0
4628 4650 4174 8273  0
7735 7843 8102 8115  0
4830 8272 3897 4843  0
7932 6583 8204 8379  0
7889 7720 8153 8371  0
4570 5639 4569 8380  0
4202 7892 8426 8128  0
5878 3532 4225 3526  0
7922 502 557 8322  0
2801 2772 2771 8428  0
3400 3777 3776 8425  0
7799 7720 7889 8371  0
5925 4817 5878 4804  0
6308 6292 8104 8400  0
4831 5924 4233 4803  0
7794 7881 8057 8379  0
3898 8272 5969 4843  0
4831 5969 3898 3544  0
3528 5879 3884 4788  0
4846 8272 4830 5968  0
3519 8405 3520 3515  0
2738 8438 2770 8428  0
4141 7655 3803 4138  0
4233 4831 3898 3544  0
3559 3897 3898 3558  0
2463 8129 8310 2464  0
846 867 868 8431  0
904 882 8125 8222  0
4804 3889 4225 3890  0
8221 5879 5878 5902  0
3519 3879 3884 4219  0
5830 4774 3884 4788  0
4774 4219 3884 3883  0
3897 4831 3898 4233  0
4831 3897 3898 4843  0
3520 5830 3519 3528  0
5830 8405 3520 3519  0
4798 2721 2722 8401  0
8370 3527 8221 3533  0
3514 8405 3519 3515  0
7946 7749 7980 8143  0
7487 7952 7418 7488  0
1504 1321 1322 7790  0
3204 3994 7695 8346  0
2738 2739 2706 8428  0
4518 4560 4113 8332  0
2611 2612 2576 8343  0
4561 8430 4519 4520  0
2574 2609 2610 8343  0
6262 6263 6280 8358  0
2610 2611 2575 8343  0
7749 7730 7980 8143  0
788 844 789 8321  0
5879 5855 3520 5830  0
7839 7753 8088 8321  0
787 1115 841 8321  0
5880 5855 3520 5879  0
1357 7835 1536 1537  0
2772 2738 2771 8428  0
8382 6280 6296 6297  0
6853 6852 6806 8433  0
8252 6155 6175 6156  0
5680 8379 6582 8204  0
7001 7897 8298 7044  0
1040 1478 1476 8371  0
6953 7905 6954 6976  0
3919 3920 4252 4851  0
887 888 867 8431  0
5830 4788 3884 5879  0
840 841 7784 8222  0
905 883 904 8222  0
4225 8370 5878 4804  0
8357 790 1092 1093  0
8203 1688 1676 1677  0
2292 2293 2256 8333  0
8405 4774 4757 3879  0
7750 681 8322 613  0
882 861 8125 8222  0
5830 3528 3884 3519  0
5830 5879 3884 3528  0
3461 2462 3444 8273  0
4831 3544 4233 5924  0
3877 7699 3872 7976  0
1241 8131 7859 8411  0
4803 8370 3889 4817  0
4803 8370 4817 5924  0
1474 7889 8371 8097  0
2368 2403 2369 8056  0
5777 4726 4708 8311  0
1041 1478 1040 8371  0
2222 2257 2223 8333  0
1976 1960 1959 7872  0
861 7784 8125 8222  0
7805 8217 8245 8408  0
740 1039 8342 8371  0
7721 8374 7709 8271  0
7903 4629 4630 5705  0
4975 4987 4986 8275  0
8175 2797 2818 8319  0
1368 1367 7678 8080  0
3516 3521 8142 8405  0
4314 7825 4962 4950  0
4986 4974 4975 8275  0
5855 5856 8142 8405  0
4987 4988 5000 8275  0
4339 7991 5078 3245  0
4851 8386 4845 6012  0
7991 5021 8035 8326  0
3510 8240 8121 2627  0
2826 2825 8218 8387  0
3916 8386 4845 3566  0
2806 7871 8218 8387  0
8387 5949 7871 5972  0
2274 7852 2311 2312  0
2426 2462 2463 8273  0
5832 5811 5833 8405  0
7693 5463 5442 5441  0
5750 4708 4707 8311  0
2426 2427 7903 8273  0
7291 7292 7361 8004  0
5795 7996 8121 7985  0
7037 7600 7601 8257  0
2788 2808 8177 8387  0
8035 1688 8203 1689  0
5006 5019 5005 8326  0
8326 4333 4331 3237  0
8177 2827 8294 8387  0
6768 6561 6512 7914  0
8387 8221 5949 5950  0
7998 7873 8060 8316  0
8326 3689 4009 4328  0
5018 5033 4331 8326  0
4326 8326 5004 4328  0
5972 5995 7871 8387  0
8221 8387 5949 8370  0
3575 3920 3574 3919  0
3818 7903 3442 4155  0
6054 4255 3578 4856  0
4255 8297 4856 3924  0
8035 5007 8203 8326  0
3919 4853 3574 3575  0
5928 8387 5951 5950  0
1121 8001 1123 1124  0
7501 7500 7734 8298  0
8387 2758 2787 8221  0
2788 8177 8373 8387  0
6684 6716 8020 8253  0
7649 7623 7624 7979  0
3575 6054 3574 3578  0
4853 6054 3574 3575  0
4853 4850 3574 6054  0
7566 7765 8155 7498  0
2989 7876 3005 8033  0
2491 3478 7717 7894  0
7080 8304 7143 7079  0
2123 4441 8173 8354  0
6726 6725 8003 6732  0
7125 7663 7711 7126  0
4810 2751 2718 8401  0
6142 6161 7848 8105  0
7914 7231 7301 7232  0
5645 8195 7921 4575  0
7882 483 537 8403  0
6091 8212 6071 6092  0
5055 7957 8244 7971  0
1147 1148 1142 7939  0
8052 8105 6145 6123  0
2290 8430 4519 2328  0
2942 2960 2961 7690  0
8079 1374 1373 8164  0
4588 8112 4589 8042  0
488 7827 542 7992  0
5262 5243 5244 8227  0
7799 6521 8268 5596  0
730 7859 7750 729  0
8052 2954 8105 2935  0
6113 8212 6092 6114  0
4913 8024 7840 6434  0
1725 1726 7957 7971  0
8030 8162 7708 8334  0
7737 7879 7717 8103  0
7813 991 990 694  0
1751 1764 7697 7971  0
3017 3001 7815 8299  0
6128 6150 6149 7673  0
8272 4846 4830 4240  0
2646 7968 2680 7746  0
7120 7188 7119 8123  0
8076 4554 4107 4553  0
4421 8283 3731 5485  0
6203 8299 6185 7876  0
6055 6056 8325 8386  0
7440 7507 7439 7955  0
5007 5008 8035 8203  0
2300 8239 2337 2338  0
4954 4955 7715 8209  0
4133 7772 4600 7962  0
2891 2909 2892 8054  0
8067 7335 7793 8304  0
644 575 643 8149  0
7453 7521 7520 7966  0
7738 1321 1503 7790  0
8277 7722 7963 8239  0
7652 8030 8162 7942  0
3236 3690 4327 7940  0
7731 3776 7826 8425  0
1702 1713 7957 8035  0
5066 5067 5081 7971  0
8073 1834 1819 3265  0
4681 4682 4194 8301  0
433 432 489 7992  0
1913 1914 8269 1930  0
7246 7247 7316 7936  0
7943 8050 7837 8170  0
6489 6532 6531 7805  0
7243 7244 8025 8029  0
1359 1525 1347 7939  0
1621 1622 1438 7816  0
5037 5038 5052 7957  0
5083 5084 7697 7971  0
801 408 802 8342  0
4166 4167 7727 8238  0
1722 1721 1733 7940  0
3284 8126 3281 5253  0
1525 1148 1347 7939  0
1136 1141 1142 7939  0
7518 7451 7519 8246  0
2392 2391 1467 7877  0
7730 7444 7983 7511  0
2413 1525 1530 7939  0
2520 8115 8168 7985  0
5135 5119 5120 8090  0
7951 8380 6546 6547  0
5068 5083 5082 7971  0
8416 8193 7887 7846  0
6224 7876 6241 6223  0
5082 5083 7697 7971  0
1875 1891 8063 8293  0
4605 4608 4141 7962  0
8218 2842 2843 7672  0
7241 7310 7240 8014  0
7191 7122 7123 8256  0
1130 816 1325 8329  0
8001 8210 7838 7655  0
1437 1621 1438 7816  0
5054 5053 7957 7971  0
2044 7907 8241 8422  0
7576 7514 7515 8259  0
7705 2511 2468 8225  0
902 881 880 8125  0
666 665 712 8087  0
6682 8091 6681 6662  0
2294 8430 2293 2331  0
5082 5081 5067 7971  0
7261 7331 7330 7769  0
6128 6109 8341 6108  0
1206 989 1205 8165  0
5190 5207 8242 8389  0
739 1038 738 8342  0
6151 6150 6129 7690  0
6155 6136 6156 8372  0
6646 5744 7946 8404  0
6260 7970 6276 6259  0
367 762 7827 7992  0
2008 3318 2037 8287  0
8366 1957 1940 1941  0
1726 1739 1727 7971  0
6557 8162 5650 8236  0
8185 4870 3936 3605  0
7971 7664 1752 1740  0
4121 7687 8236 8088  0
3754 3376 3755 8041  0
2888 2889 8064 8341  0
8366 1974 1957 1958  0
3813 8367 3811 8108  0
2569 2532 2531 7982  0
7774 1532 2421 8353  0
3934 3592 7690 8265  0
7680 5340 8136 8366  0
8162 5650 4581 4580  0
5654 8359 6560 5653  0
3828 4167 7969 8186  0
1723 1736 1724 7991  0
4550 4104 4551 8076  0
8009 4181 8311 8404  0
1255 1445 1254 8008  0
6530 6487 6488 7805  0
4609 4612 4613 7739  0
5692 6597 6598 7661  0
6582 5679 8204 8379  0
5464 5463 5442 8348  0
6793 7820 6539 6794  0
5275 8095 7933 5295  0
3041 3055 7685 8290  0
1858 1874 1859 8293  0
2950 2951 7789 8105  0
6292 6307 6291 6308  0
5053 5052 7957 7971  0
785 1085 1084 8251  0
5915 7656 8438 8442  0
523 579 580 8250  0
7470 8441 7538 7537  0
7758 7472 7539 7540  0
5587 5608 5607 8281  0
7330 7400 7399 7769  0
6628 6991 6992 7905  0
5304 5285 5305 8055  0
2269 8037 2306 8154  0
1541 1537 1540 8068  0
3596 2961 2976 7690  0
5526 5527 7959 8023  0
6706 8072 7070 7071  0
7684 7704 7703 8085  0
738 737 801 8342  0
7663 7758 7763 7654  0
3451 7908 8092 8186  0
3705 8059 5196 8073  0
32 50 49 8361  0
997 700 996 7732  0
6921 6947 6946 7828  0
8339 3932 4866 3933  0
6780 7837 8029 8268  0
6652 7019 8308 8340  0
7671 7974 8086 8116  0
4560 4519 4561 8332  0
3291 3295 8095 8368  0
7139 7138 6812 8292  0
7323 7253 7254 8123  0
5580 5600 8037 8050  0
1541 7835 8068 1542  0
1114 1087 1113 7784  0
6032 8107 6009 6033  0
7566 7499 7765 7498  0
7019 7018 7966 8340  0
6209 4871 4873 6172  0
7734 7765 7897 8298  0
1850 7931 8059 1865  0
7706 7694 7821 7834  0
503 558 504 7922  0
1862 1847 8010 8073  0
5766 4679 4678 7737  0
1784 8016 8090 8119  0
5839 8134 8051 8172  0
5767 4679 5766 7737  0
7962 7772 7661 7655  0
3238 3234 3237 8326  0
2134 2135 7760 7849  0
4942 4953 4941 8209  0
3941 8033 3940 4874  0
2121 2122 2090 8354  0
5296 5277 5297 7933  0
4131 4113 4560 8332  0
2987 2970 2969 8299  0
7819 5638 7932 8380  0
7001 7568 7002 8298  0
6569 6482 6483 7953  0
7718 6597 7962 7661  0
6706 5765 6705 7737  0
1328 7938 8202 1330  0
2958 2957 2974 7673  0
3002 3018 3019 8299  0
2941 2940 2959 7673  0
382 7791 381 446  0
2908 2927 2909 8054  0
2178 2146 2177 8110  0
7567 7765 7499 8298  0
1494 7963 7722 1493  0
6589 7772 5675 5676  0
2200 8154 7978 2234  0
1336 1339 1521 8385  0
6332 6348 7989 8194  0
7906 8189 2812 7714  0
2178 2211 2212 8110  0
8218 2842 7672 8272  0
3003 2988 2987 8299  0
3123 3122 8347 3109  0
7500 7734 7765 7430  0
3001 3017 3018 8299  0
7026 7823 6658 7025  0
3001 2986 2985 8299  0
2987 2969 2986 8299  0
618 619 562 8084  0
2449 7740 7908 8186  0
6208 4878 4876 6244  0
6244 8358 6243 4878  0
3669 8305 8390 3665  0
6721 8360 8302 6690  0
4582 8236 5652 5651  0
4615 4146 4618 7804  0
7664 7971 1752 7697  0
3072 3057 3056 7768  0
4973 7883 7841 7825  0
3093 8249 7989 3080  0
3828 3453 3827 8186  0
42 24 41 8361  0
6813 6559 6560 8359  0
8013 6877 8433 6876  0
3937 3936 3605 3606  0
4881 6243 4883 6278  0
1178 1156 1177 7854  0
7747 7788 3114 3126  0
1283 8416 2351 8193  0
6655 6673 6654 8083  0
4121 4582 8236 8359  0
7823 7668 7775 7954  0
6693 6694 5791 8335  0
3946 8432 4881 4883  0
1142 8385 7939 1137  0
1725 8255 1724 1737  0
7727 4167 7969 8238  0
3589 3593 4260 3933  0
3828 7969 8078 8186  0
4871 3937 3936 4263  0
7728 7775 7966 8340  0
7965 574 8011 8149  0
457 836 835 7885  0
7775 7728 7842 8340  0
4167 3827 4166 8186  0
8073 5178 5196 4353  0
8194 6334 6350 8300  0
4263 3937 3597 3601  0
48 49 68 8361  0
6655 6654 7022 8083  0
6655 6674 6673 8083  0
3955 4894 3638 3956  0
7897 7765 7566 8298  0
6101 6120 6100 7789  0
6653 8340 7775 6671  0
8149 577 645 576  0
8142 2695 8295 8373  0
3928 8372 4861 4863  0
5905 8373 5928 8221  0
7879 7952 7834 8381  0
4861 3929 3928 4257  0
3520 8405 3521 3515  0
4860 8372 4260 3589  0
4263 8339 3937 3601  0
2761 8373 2728 2760  0
8142 5906 5905 8373  0
5753 5754 7990 8340  0
7566 7628 7897 8298  0
6209 3937 4873 4871  0
49 31 32 8361  0
6671 6651 6652 8340  0
4855 8297 4861 4257  0
4855 8297 4257 3582  0
7046 7734 7045 7003  0
7567 7765 7566 7499  0
8374 5329 5348 5349  0
4257 8297 3585 3582  0
7500 7765 7499 7430  0
6689 8302 6690 6721  0
7629 7897 7043 7628  0
7567 7568 7629 8298  0
8432 4269 3951 4886  0
8373 5931 5953 8189  0
8189 5907 8295 8373  0
5858 8295 5883 8142  0
2728 8189 8295 8373  0
6683 8081 8020 6682  0
6671 7775 7985 8340  0
3933 8339 3597 3598  0
6134 4866 6173 4868  0
7842 7866 8311 8340  0
6088 6108 6087 8341  0
5754 6650 6651 8340  0
6108 6107 6087 8341  0
7018 6651 6650 8340  0
8340 5752 7866 8311  0
4796 2685 8401 2719  0
6899 8013 6926 8278  0
5780 8340 5754 6671  0
7966 7775 8308 8340  0
6652 7775 8340 8308  0
7018 7017 7966 8340  0
7017 7966 8340 7866  0
4865 8339 4263 3597  0
6209 8185 6208 4873  0
3826 3827 3452 8186  0
7482 7413 7984 8187  0
562 619 563 8084  0
4363 4027 8182 8309  0
1925 8227 8366 8383  0
8360 7684 8220 7699  0
7482 7777 8187 7984  0
5035 8035 5036 7991  0
3936 8185 3605 3606  0
4888 8432 4886 6310  0
5645 6551 7921 8433  0
2449 3452 2450 8186  0
6691 6690 7055 8360  0
7022 7023 6655 8083  0
1116 857 1131 7868  0
523 7987 522 579  0
5573 5554 7836 8408  0
6877 8013 6901 6876  0
878 858 458 7885  0
8185 3601 3606 3937  0
6692 8220 8360 7056  0
3936 8185 3937 4873  0
5006 5020 5019 8326  0
7727 7863 8078 7698  0
3454 3828 8078 8186  0
2449 3451 3452 8186  0
6501 5619 6502 8006  0
7925 7684 8012 8094  0
3849 7717 7894 8103  0
8189 2793 7906 2812  0
8185 3601 8082 3607  0
3601 8185 3606 3607  0
5858 8295 8142 8240  0
7942 7727 7652 7862  0
4880 8432 4886 4269  0
4265 8185 3943 3609  0
5414 8196 8224 5415  0
3950 4888 3951 4886  0
7908 7712 8092 8186  0
4870 8185 3936 4873  0
5955 7906 8189 7771  0
4870 8185 4873 6208  0
7056 8140 8220 8360  0
3597 4263 3601 8339  0
442 441 498 8198  0
4876 8185 4870 6208  0
8383 1928 8227 8055  0
3826 4165 4166 8186  0
7740 7712 7908 8186  0
4166 3827 3826 8186  0
7722 4078 3373 8239  0
2449 2450 7740 8186  0
7056 7055 8140 8360  0
4265 3943 3605 3609  0
2319 7913 8192 2318  0
3826 8092 4165 8186  0
4122 4583 4582 8359  0
5789 6723 6692 8360  0
3451 2449 7908 8186  0
5653 6559 5652 8359  0
43 42 62 8361  0
5652 4583 5653 8359  0
8236 6813 6559 6812  0
4875 8358 3942 4878  0
3950 4886 3951 4269  0
8382 6280 8358 6296  0
8237 8363 7859 7676  0
5642 7951 7921 6548  0
6804 6850 7921 8433  0
4875 8358 4266 3613  0
4881 8358 4875 6243  0
3947 4881 4266 3946  0
8236 4582 5652 8359  0
4583 8141 4123 4584  0
5652 4582 4583 8359  0
3613 3617 4266 3947  0
7514 7576 8143 8259  0
8432 4880 4886 6277  0
7708 8013 8230 8433  0
4886 6277 4888 6310  0
3968 3967 4280 3651  0
6850 8013 8433 6875  0
4896 4277 3959 3645  0
3973 4911 3658 4281  0
7035 7051 8228 8257  0
2932 2915 2914 7789  0
8277 7722 8239 8380  0
4885 7752 4888 6309  0
7822 7944 8181 8191  0
7712 8088 8162 7652  0
4899 6370 4897 6339  0
8138 7709 8241 8422  0
8130 8439 196 213  0
663 709 710 8047  0
1168 1169 935 8388  0
6372 6356 7788 8306  0
4888 4885 3950 3629  0
7162 6796 6839 7958  0
7932 7794 8057 8379  0
7658 7757 8264 8343  0
7036 7052 7051 8257  0
4284 3976 4914 4287  0
4894 7752 4891 6340  0
4686 4687 4199 8089  0
4269 8432 3951 3625  0
4890 8306 3955 4894  0
7712 7667 7753 7803  0
4284 3975 4282 3973  0
2140 2173 2141 8048  0
7748 1216 1408 1407  0
7749 7807 7691 7729  0
1002 1001 1218 8307  0
7852 8181 8331 8191  0
7748 7867 8307 8330  0
3956 4891 4272 3955  0
3109 3096 3108 8347  0
5675 5686 4600 7962  0
5064 5063 5050 7991  0
4890 8306 4897 4274  0
7752 3638 3956 3639  0
6309 4885 4272 4891  0
3960 8306 3645 3646  0
3637 8306 3960 3641  0
7944 8181 8191 8331  0
4897 4896 3959 4899  0
1002 7814 7910 8307  0
7907 8138 8241 8422  0
1001 1002 7910 8307  0
7809 1000 7910 8307  0
1593 1409 7927 8307  0
3633 4891 4272 3956  0
3956 3629 4272 3633  0
4885 7752 6309 3629  0
4272 7752 6309 4891  0
7074 7073 7647 8122  0
1916 1915 1932 8309  0
3951 7752 4888 3630  0
7750 681 682 8411  0
7052 7757 7051 8007  0
3629 7752 3633 3630  0
4885 7752 3629 4888  0
3950 4888 3630 3951  0
3950 3629 3630 4888  0
3951 3629 3630 3950  0
577 645 646 8391  0
5438 5416 5417 8196  0
8098 2209 2244 2243  0
7893 5502 5501 8023  0
2204 2205 7707 8260  0
4289 8305 8390 3979  0
8407 8227 5282 5283  0
3951 8432 7752 3625  0
2400 3416 8137 8332  0
6660 7027 7028 8409  0
3335 3336 7693 8348  0
3807 3809 8367 8396  0
1494 7963 7851 7722  0
6196 6195 6178 7736  0
706 705 1002 7910  0
7797 417 416 7948  0
6530 6487 7805 8263  0
4710 4209 4709 7699  0
7076 7662 8089 8215  0
6100 6099 6079 7789  0
3856 3855 4195 8301  0
6040 6041 6062 7890  0
410 411 346 8375  0
3809 4147 8367 8396  0
1152 8206 7669 1350  0
4973 4972 7841 4984  0
4145 4143 4611 8396  0
5443 5423 5444 8348  0
426 8151 7917 425  0
7243 7313 7312 8025  0
3093 3079 3092 7884  0
989 988 8165 8391  0
3971 4910 4283 3972  0
4917 7840 4916 6458  0
7572 7009 7008 7730  0
7867 8003 8020 8397  0
7895 3982 4293 4923  0
5717 8163 4657 7705  0
3805 3432 3430 8396  0
3569 8107 2859 8148  0
1738 1739 1726 7971  0
4910 8024 3971 4283  0
4996 8035 4997 5009  0
7725 4005 3229 4324  0
3135 3644 7756 8300  0
5769 4681 5768 8122  0
6729 7757 8302 8074  0
7987 520 8149 8375  0
7488 7418 7419 7952  0
1479 1478 1251 8371  0
2603 2602 7781 8397  0
8085 4710 7896 7684  0
1829 1830 7785 8010  0
5774 4686 5773 8089  0
7203 7793 7268 7267  0
5087 5101 5086 8398  0
7521 8303 7454 7522  0
7828 6944 7881 8075  0
4292 4923 4293 3982  0
693 7813 646 8391  0
3544 8272 3559 3560  0
6595 6588 6843 7718  0
4996 4984 4997 7841  0
7673 6167 7935 8033  0
6961 6608 6960 8127  0
8123 7683 8296 8316  0
6878 6902 6877 8230  0
4983 4984 4996 7841  0
6345 6330 6346 7884  0
4984 7883 4997 7841  0
8024 3972 4910 3971  0
6447 7840 6446 6434  0
5033 5018 5019 8326  0
7336 7406 7405 7793  0
7657 7708 8013 8230  0
6118 7789 8109 8325  0
8221 3520 8142 2692  0
1732 1745 8171 1744  0
3982 7895 3983 3672  0
4709 4213 4727 7699  0
8085 5756 4669 4670  0
4334 5076 8016 8279  0
7682 7793 8304 8317  0
7661 4614 4147 4617  0
5978 6001 7714 7906  0
8007 7601 7037 7038  0
4284 4911 4914 3663  0
709 1006 710 8047  0
7251 7250 7993 8046  0
7930 7446 7514 7447  0
6370 6339 6355 8306  0
7007 7730 8238 7955  0
7001 7897 7043 8298  0
7813 7729 7987 8391  0
4922 7895 4923 4292  0
7760 5450 7986 8241  0
7987 7729 8149 8391  0
7840 4913 6447 4286  0
3984 7895 4294 8395  0
3432 3807 8367 8396  0
5757 8085 5756 7896  0
7684 7703 7778 7896  0
3805 7655 3430 3803  0
3803 4141 3805 8396  0
7895 3982 3983 4293  0
7895 4293 4294 4924  0
1250 1442 1385 8086  0
4923 7895 4924 4293  0
8062 7671 7816 7662  0
4287 4915 4914 4918  0
8254 3136 3148 8306  0
7268 7338 7337 7793  0
6384 6385 8190 8306  0
8393 145 185 158  0
7654 7745 7658 8257  0
2573 2536 2535 8264  0
7354 7285 7355 7972  0
7363 7739 8004 6880  0
3978 8305 3979 3668  0
4635 4636 4160 7688  0
4915 8305 4911 4912  0
900 899 938 8080  0
4282 4911 4914 4284  0
5603 8050 5602 7977  0
8363 7801 8093 7750  0
2222 4473 8333 2223  0
7059 7632 7633 7896  0
1860 1861 8010 8063  0
6695 7059 7060 7896  0
348 347 412 8153  0
1441 1442 1250 8086  0
3645 4896 8190 8306  0
7995 7156 7653 8101  0
8045 6424 6411 8305  0
6371 6370 6355 8306  0
539 596 540 7870  0
7752 3639 7788 8306  0
8045 6428 6415 6414  0
577 8149 645 8391  0
4902 8190 4896 6369  0
2729 2728 8189 8295  0
4284 3663 4914 3976  0
3667 3978 4287 3976  0
7146 7204 7203 7900  0
7476 7762 7475 7406  0
3658 4281 4906 3967  0
4901 6397 4907 4280  0
8306 3960 3645 3959  0
7754 8181 7822 7917  0
4911 3663 4284 3973  0
3973 3663 3658 4911  0
6256 7689 6273 6255  0
772 1072 1071 8193  0
7985 7842 3498 7990  0
7546 7547 7608 7703  0
5523 5546 5545 8048  0
7213 7277 7995 7278  0
3976 8305 3667 3663  0
6983 7734 7806 7003  0
3651 4280 4901 3962  0
3647 8190 3649 3148  0
7776 7754 8181 8191  0
3651 8190 3962 4901  0
1217 1218 1001 8307  0
4907 3651 3968 4280  0
3639 3643 7788 8306  0
7500 7765 8298 7499  0
7601 8007 8140 7038  0
2536 1600 2535 8264  0
3967 4906 4909 4907  0
3967 8305 4907 4909  0
8305 4911 4906 3658  0
8190 6385 8254 8306  0
4894 6355 6339 8306  0
4117 8162 8314 4118  0
2443 8377 7678 2442  0
5270 5252 5271 8309  0
3959 4897 4899 8306  0
8254 6372 6385 6386  0
4897 3959 3960 8306  0
6355 7752 8306 6340  0
3379 7679 4090 7934  0
6571 6791 6790 8191  0
7470 7758 7769 7471  0
565 8124 564 8174  0
1598 2534 1599 8264  0
7036 8007 7052 8257  0
3643 3136 7788 8306  0
3684 3222 1674 7811  0
4016 8336 3699 3252  0
2930 2931 2913 7789  0
6322 6323 7756 8400  0
6273 6272 7689 8400  0
811 1121 810 8392  0
691 692 645 8391  0
919 1150 920 8392  0
1152 1153 922 8392  0
4633 7688 4158 7817  0
7576 7515 7577 8259  0
3555 8401 4825 4839  0
3136 8254 7788 8306  0
8254 3136 7788 3137  0
6372 7788 8254 8306  0
4899 8190 4896 8306  0
7773 8317 7857 7947  0
7813 989 8165 8391  0
8305 4919 4918 3978  0
8306 4894 4890 6339  0
3976 3667 4918 4287  0
4915 3976 4914 3663  0
4915 4287 4914 3976  0
3667 3978 4918 4287  0
3976 4287 4918 4915  0
4288 3978 4918 4919  0
3406 8088 2384 2385  0
7753 8113 8314 7784  0
4287 3978 4918 4288  0
4915 3667 4918 3976  0
4919 8305 4918 6448  0
3955 8306 3637 3638  0
4909 4906 4912 4911  0
4965 7715 4966 4978  0
3976 8305 4915 3667  0
1959 7872 8366 1976  0
1051 7899 752 1052  0
7388 8046 7389 7458  0
4914 8305 4911 4915  0
4594 8056 4561 4595  0
4896 3959 4899 8306  0
7953 8191 8316 7776  0
8305 4906 4912 4909  0
8305 3967 3658 4906  0
8190 3646 3647 3649  0
4911 8305 4906 4912  0
5754 5780 5779 7990  0
7788 3140 7792 3139  0
7321 7391 7390 8046  0
1192 8028 977 976  0
6384 4899 6370 8306  0
2093 2062 2092 8173  0
4128 8425 4112 3794  0
7523 7584 7522 8308  0
8301 7676 7961 8122  0
2148 3337 2117 8110  0
1599 1416 1415 8264  0
1612 1611 2488 7937  0
5524 8098 8023 5547  0
6079 6099 7672 7789  0
3098 8347 8184 3097  0
2662 2694 2695 8142  0
4913 8024 4283 3974  0
8035 4997 5009 5010  0
5463 7693 5442 8348  0
1219 1218 1410 8307  0
478 7787 422 421  0
573 642 574 7965  0
6501 6502 6756 8006  0
1592 7748 7927 8307  0
7812 7801 7922 8424  0
1158 7939 7854 1347  0
6340 4894 6355 6339  0
8418 7999 7734 7878  0
3372 8332 4081 3779  0
4027 3712 8182 8309  0
6579 7808 8145 8247  0
8134 5839 5862 8172  0
4796 4811 4810 8401  0
2599 2598 2634 7660  0
529 7786 7928 530  0
7350 7349 7995 8312  0
982 1199 1200 8044  0
5229 5247 5246 8059  0
5035 5034 5021 7991  0
4567 7819 7932 8289  0
5066 5053 5067 7971  0
3186 7792 3187 3176  0
6309 6310 6325 4888  0
1584 8364 2520 8168  0
1796 1782 1781 8090  0
7319 7249 7250 8399  0
2348 7855 8017 8214  0
5156 5173 5172 7785  0
1944 1943 7872 8383  0
1910 8383 1926 1927  0
7695 4935 4946 8346  0
1592 1408 1591 7748  0
7089 7088 8006 8413  0
8252 3009 2993 2994  0
3197 3676 3666 7840  0
1796 1797 1783 8090  0
6693 5791 5790 8335  0
7255 7190 7191 8256  0
6865 6889 6864 8145  0
6431 6432 6444 7840  0
6952 7696 7850 8013  0
6597 5692 5690 7661  0
2877 7672 2878 8386  0
3035 3611 3610 8185  0
2367 2327 2366 8332  0
457 327 328 7885  0
7607 7633 7778 7896  0
5199 5183 5200 7782  0
7069 7879 7642 8072  0
6211 6212 6229 8082  0
935 1169 936 8388  0
1699 3232 3235 8326  0
8229 3965 3969 3655  0
7336 7405 7335 7793  0
1510 1332 1511 7938  0
7238 7237 7173 8100  0
404 7733 7909 8388  0
2633 8051 8318 2632  0
1582 7886 8364 1399  0
4333 8326 4331 5033  0
5761 4673 5760 8106  0
7822 7844 7913 8160  0
7459 7390 7460 8046  0
878 513 899 7885  0
3921 3569 3573 8148  0
1869 1868 8005 1853  0
1891 1907 8114 8293  0
8139 5369 5368 5389  0
6708 5768 5767 8122  0
3231 3232 3228 8326  0
7970 4267 4879 3616  0
6902 8013 6929 6928  0
6435 8024 4913 6434  0
4622 8127 8108 7661  0
7142 7200 7199 8304  0
1668 1657 1667 7841  0
7971 5055 7981 8244  0
6615 6616 5712 8163  0
2451 8078 3454 2452  0
6791 8256 7121 8191  0
835 833 457 7885  0
5048 8326 5033 7991  0
1582 7886 1399 1398  0
1335 8385 1134 1339  0
7148 7205 7147 7900  0
958 941 1175 8164  0
1585 1402 1401 8168  0
7816 1247 1439 1438  0
5806 8302 5826 6731  0
662 663 594 8047  0
6872 8278 7880 7951  0
1005 7713 1006 8047  0
6121 6120 6101 7789  0
3239 3238 7991 8326  0
4960 4948 4949 7825  0
5707 6610 6611 7975  0
2639 2603 2638 7781  0
2121 4438 2120 2152  0
3969 3657 3169 3655  0
7633 7634 7060 7896  0
7765 7357 7427 7358  0
7875 7794 7938 8289  0
7954 7022 7023 7586  0
1741 1730 1729 7981  0
7916 7801 7821 8219  0
1574 7807 8009 8165  0
5237 5238 5256 8015  0
4998 4985 4986 7883  0
750 8365 1049 749  0
4628 4174 4157 8273  0
6110 8341 6089 7690  0
5042 7725 7981 8244  0
6301 8249 8290 8347  0
6499 6754 7945 8006  0
8029 7112 7936 7873  0
5820 7861 5803 7660  0
6435 4913 4283 4910  0
6027 6004 7919 8135  0
2281 2246 2245 8217  0
2960 2976 2961 7690  0
5790 8360 6692 8335  0
7677 7681 8100 8434  0
4536 7799 7860 5597  0
8016 5120 8090 8119  0
1658 1668 1669 7841  0
5416 5396 5417 8196  0
8229 3966 3970 3965  0
2124 2123 2155 8173  0
1221 7814 8421 8362  0
3662 8024 3666 3974  0
4908 3970 3969 8229  0
5592 5610 6492 7934  0
3871 7990 8121 3501  0
1725 1713 1724 7991  0
6610 5706 6609 7903  0
2599 2634 2635 7660  0
3657 3972 3971 3969  0
7373 7442 7372 7983  0
8401 4814 4827 2785  0
1374 1181 1180 8164  0
1355 1535 1356 8313  0
7426 7356 7357 8267  0
3104 3105 3092 7884  0
7720 8266 8008 7837  0
6693 8220 6692 7057  0
5778 5753 5754 7990  0
8120 4847 4251 5990  0
520 519 8149 8375  0
7074 6710 6709 8122  0
6759 7916 8018 8101  0
3607 3611 8082 8185  0
6210 6227 6226 8185  0
5477 5476 7891 8048  0
7443 7442 7373 7983  0
6434 4913 6435 6447  0
6576 6827 6826 8247  0
3905 8120 5967 8350  0
3200 4299 8270 3990  0
8025 8246 7677 7728  0
4286 8024 7840 4913  0
6421 6435 4910 6422  0
6899 6925 6898 8278  0
754 755 1054 8181  0
3145 3158 3159 8229  0
6083 7890 7967 8052  0
6878 6879 6903 8230  0
7443 7374 7444 7983  0
1515 7655 8210 8337  0
3972 8024 3657 3971  0
6944 6943 7881 8075  0
4903 6396 3966 4905  0
4801 4800 4784 8435  0
7828 7818 8043 8355  0
7453 7452 7383 8025  0
4435 4062 8157 8283  0
5143 5160 5159 8144  0
961 8248 7908 962  0
6324 8400 6308 4889  0
4781 2686 4782 8401  0
6966 6613 6965 8075  0
3761 7887 8414 8416  0
3958 7756 3957 3636  0
1887 1871 1886 7865  0
3998 4309 4937 7825  0
4898 7756 4895 4276  0
7685 3043 7689 7768  0
1182 1183 958 8164  0
3954 3952 3953 3628  0
4892 8400 6324 4893  0
2454 3456 2455 8324  0
5812 8240 8121 5813  0
6967 7828 6944 6945  0
4798 2721 4782 2722  0
3394 8146 3770 3393  0
4798 2722 4799 8401  0
7662 7676 8301 8122  0
3650 8300 3648 3147  0
7868 7726 7723 7751  0
5230 5247 5229 8059  0
6210 6209 8082 8185  0
4893 4892 4275 4895  0
1141 1140 7751 7868  0
7619 7620 8122 8286  0
6124 6105 6125 8052  0
8122 7662 8215 8301  0
3049 3048 3620 7970  0
1673 1672 1683 8275  0
6904 6879 8030 8230  0
8120 3905 4844 3904  0
8229 6422 4908 6409  0
6693 5790 6692 8335  0
8082 6227 6210 8185  0
2756 3546 2786 8370  0
6253 7685 7689 7768  0
4278 4276 3644 4898  0
5238 5220 5221 7865  0
4644 5739 5740 7969  0
3379 8208 7679 7934  0
4770 4752 4753 8437  0
3056 3057 7685 7768  0
6623 7696 7850 6624  0
7789 6142 7848 8105  0
6163 6164 7935 8105  0
6929 8013 8230 7905  0
3122 3121 8194 8347  0
7855 2347 8208 8214  0
4167 4168 3828 7969  0
6612 6613 7975 8075  0
5520 8260 7831 7707  0
5711 6614 6615 8075  0
1905 1888 1887 7865  0
6271 6253 7689 7768  0
3964 8229 3965 3966  0
1802 1817 1803 8144  0
6930 6931 7710 8230  0
5942 5919 5943 8120  0
2960 2942 2941 7690  0
2380 3750 7722 8195  0
2721 4782 2722 2687  0
3750 2381 3780 8195  0
7753 8230 7657 7667  0
2721 2753 2754 8401  0
8401 4810 4824 4811  0
2719 4796 2718 8401  0
2720 2721 2686 8401  0
5049 5050 5063 7991  0
1680 1669 1668 7841  0
6902 6903 6929 8230  0
2633 8318 2598 2597  0
2584 8440 2585 2548  0
4903 4279 3966 3964  0
4278 8300 4279 4900  0
4682 8122 8215 8301  0
4681 4194 7961 8301  0
4903 8300 4279 3964  0
8013 6902 6929 8230  0
4498 8262 5557 4497  0
7676 8301 8237 7816  0
8301 4683 4196 8215  0
6824 7820 7132 8032  0
8301 4682 4683 8215  0
6709 8215 6710 5769  0
4141 7655 8396 3803  0
1669 1681 1670 7841  0
6903 6902 6878 8230  0
7264 7200 7265 8304  0
7350 7351 7420 8312  0
5670 5678 8137 8247  0
5205 5223 8069 8293  0
4114 4083 3780 8195  0
4910 4908 3972 6422  0
5444 5466 5465 8348  0
8035 1680 1691 1679  0
8024 6409 6421 6422  0
41 30 48 8361  0
6887 8145 8213 8247  0
8277 1493 8239 7963  0
4615 7739 4612 7804  0
7754 7683 8123 8316  0
8084 975 974 688  0
6409 8024 6408 8229  0
4616 4615 5695 8232  0
536 593 8231 592  0
6145 8105 7935 6144  0
3971 3657 3662 3180  0
4114 3780 3781 8195  0
696 7813 649 695  0
6907 6934 6933 8232  0
3155 7659 3156 3142  0
6906 6881 6907 8232  0
2689 2723 2724 8435  0
2723 3536 2724 8435  0
3965 8229 3969 3970  0
2275 7852 2312 2313  0
6878 6877 6853 8230  0
6877 6902 8013 8230  0
1499 7784 8195 1319  0
7710 7667 7905 8230  0
4727 8335 4709 7699  0
7642 7616 7617 8072  0
5395 5396 5416 8196  0
3188 8024 7840 3189  0
3974 8024 3971 3662  0
7511 7730 7573 7572  0
7192 7256 7191 8256  0
529 7786 7670 7928  0
4971 4972 4983 7841  0
7620 7619 7558 8286  0
7963 8380 7951 7722  0
6220 6237 6236 7815  0
1804 1803 1818 8144  0
4542 4543 8006 8414  0
3402 1499 8113 8195  0
6860 6827 6861 8247  0
6863 6829 8145 8247  0
7743 7772 8127 8247  0
6246 8288 6247 6264  0
5841 5820 5821 7660  0
5048 4337 3241 7991  0
5374 8196 5395 8224  0
7772 7743 8137 8247  0
1496 7851 1495 1317  0
3611 8288 8082 8185  0
5465 5443 5444 8348  0
8289 7875 2333 2372  0
5436 7893 5437 5457  0
7183 7115 7184 8060  0
8384 4406 4393 5440  0
2853 2833 7906 8135  0
5437 7893 5438 5458  0
7360 7734 7765 8004  0
6370 4899 4897 8306  0
6696 5755 6695 7896  0
6322 8184 8400 7756  0
7813 7728 7886 8036  0
5820 7861 5819 5802  0
1070 1281 1280 8017  0
7504 7505 6997 7862  0
4534 4535 5595 8434  0
8233 7743 7938 7808  0
305 8436 304 338  0
6902 6877 8013 6901  0
7867 7927 8307 8421  0
4230 4805 5901 8000  0
6905 7739 6881 8232  0
6145 6125 7935 8052  0
724 725 678 7719  0
3830 7980 3831 8078  0
7766 7683 7779 8409  0
8385 1133 7868 7790  0
8339 4260 8372 3593  0
6860 6885 7718 8247  0
4616 7739 4615 8232  0
2954 8052 2955 2936  0
3058 3073 7689 7768  0
3057 3043 7685 7768  0
4535 5596 5595 8434  0
6933 6906 6907 8232  0
6933 6932 6906 8232  0
6853 6854 6878 8230  0
5939 5938 5915 8442  0
7804 7726 8053 8385  0
7923 7847 8100 8434  0
4574 4575 7921 8195  0
2083 2082 2114 8196  0
2853 2852 2871 8135  0
2635 2636 2600 7660  0
5839 5818 5819 7660  0
6105 6083 7967 8052  0
7722 1495 8195 7851  0
5608 7953 6483 6482  0
743 1043 1042 8008  0
1763 7971 8255 7697  0
5468 5447 7849 8291  0
1899 1898 1915 8309  0
7720 7797 7813 8250  0
4583 8141 4584 8359  0
882 861 881 8125  0
5821 7660 7781 8039  0
7983 7727 7955 8071  0
7794 7932 8277 8289  0
6687 6719 6718 7757  0
5068 5067 5054 7971  0
5740 7730 5739 6641  0
5221 5222 5239 7865  0
4797 4782 4798 8401  0
1496 1318 7851 1317  0
1339 1138 1341 8385  0
1521 2407 3429 8385  0
8075 6943 6942 6965  0
4925 6454 6455 8395  0
7164 7291 7290 8004  0
1118 7868 1132 1133  0
1140 897 7751 7868  0
8237 7816 8363 7676  0
6831 6832 8145 8379  0
6798 6839 8004 6840  0
5670 7743 8247 8137  0
68 69 90 8361  0
2306 2307 7977 8266  0
7352 7282 7845 8312  0
1434 7859 8152 8419  0
3826 8092 8186 3825  0
5439 5438 5417 8196  0
5559 8037 5579 7888  0
2946 2963 2947 8109  0
7804 3429 3431 8385  0
6722 6690 6691 8360  0
1487 1511 1488 8289  0
2659 2624 2623 8437  0
7350 7280 7281 8312  0
7217 7653 8312 7216  0
6246 8082 6228 6247  0
7845 7676 8286 8312  0
2082 7893 2113 8196  0
5437 5436 5415 8196  0
758 363 364 7844  0
7282 7352 7351 8312  0
2084 2055 2054 8196  0
2053 2082 2083 8196  0
8141 7698 7652 8061  0
3239 8326 1711 1699  0
49 48 31 8361  0
5793 5778 5779 7990  0
1354 1353 1533 8313  0
5036 5037 5051 7991  0
5567 5543 5544 8260  0
7985 5780 8340 7990  0
806 805 854 8251  0
672 718 719 8327  0
7673 7967 2921 8052  0
5754 5779 5778 7990  0
1770 1769 8171 1756  0
4406 3728 5462 8110  0
4661 5721 5722 8243  0
5860 8240 8295 5859  0
1821 1835 1836 7782  0
7029 8409 7592 8081  0
4428 4415 4429 8173  0
523 469 468 8250  0
5821 5820 5803 7660  0
7861 5820 5803 5802  0
7211 7275 7210 8169  0
5840 5819 5820 7660  0
6003 6025 7906 8135  0
5821 5842 5841 7660  0
5557 5558 5577 7888  0
6140 6139 6119 7789  0
1723 3246 1736 7991  0
6997 7505 6998 7862  0
2004 2005 1987 8200  0
91 70 92 8361  0
2634 2598 2633 7660  0
6806 6805 6552 8433  0
2600 2599 2635 7660  0
7805 7926 8217 8192  0
5494 5493 5471 7986  0
4965 7715 4977 8270  0
7985 2593 8240 2592  0
6684 8253 8228 6685  0
6151 6152 6171 7690  0
4694 4651 4652 8310  0
8255 1725 7991 7971  0
3632 3628 3088 3953  0
4780 2719 4796 2684  0
2783 2751 2782 8401  0
1561 1379 1560 7908  0
7244 8029 7180 7936  0
3632 3957 3101 3636  0
2721 4782 2687 8401  0
7720 7987 8153 8250  0
8401 3556 3555 2783  0
8259 8143 7012 7576  0
6110 6131 6130 7690  0
879 878 8080 8216  0
424 425 7917 8151  0
1140 876 897 7868  0
4797 4811 4796 8401  0
2721 2754 2722 8401  0
2785 2753 2784 8401  0
6485 6484 8263 8376  0
5816 7996 8051 5815  0
7936 7728 8025 8029  0
5212 5213 5230 8059  0
7964 8037 8050 8266  0
6156 6137 8109 8372  0
7065 7066 7777 7639  0
782 783 1082 8258  0
6524 6780 6523 8268  0
4867 4264 6171 7690  0
1932 1915 1931 8269  0
7837 7943 7948 8266  0
8310 3835 8273 3461  0
7655 4138 4133 3798  0
5305 5286 5306 8055  0
5856 5832 8142 8405  0
8377 8079 7688 3445  0
7862 7727 7955 8238  0
7180 7111 7936 8029  0
1531 7838 1529 8353  0
2501 8086 1624 8062  0
6046 6067 6045 8064  0
8228 6684 7048 8020  0
7364 7710 7942 7434  0
7776 7899 7920 8181  0
2342 7799 8378 8262  0
1827 1826 8069 8119  0
5136 5152 5135 8119  0
340 8066 320 339  0
5764 6705 5765 7737  0
1194 1385 1386 8116  0
5135 7918 8090 8119  0
6209 3601 8082 8185  0
6151 6130 6152 7690  0
4780 2685 2719 2684  0
801 802 738 8342  0
2959 2941 7673 7690  0
5466 5445 5467 8291  0
2976 2960 2959 7690  0
7674 6510 8032 8076  0
1447 1448 2307 8266  0
1447 2306 1446 8266  0
43 50 33 32  0
806 807 1100 8251  0
8050 7943 7837 8266  0
4810 2718 4796 8401  0
8192 2284 7836 2321  0
6815 6814 6738 8376  0
3816 7903 8108 4153  0
5930 5952 5929 8373  0
5487 5464 5465 8348  0
6162 6163 6182 8105  0
7652 7687 8359 8141  0
805 8118 854 8251  0
2975 2959 7673 7690  0
4626 5705 4629 7903  0
3488 7974 2501 8062  0
7114 7113 7873 8060  0
8300 4903 4279 6383  0
6368 6352 7756 8300  0
2953 2952 2969 8105  0
6365 6382 8229 8300  0
8339 8252 3594 8372  0
2420 2418 3442 8353  0
5267 5285 5266 8055  0
5855 5832 5856 8405  0
8191 8263 8031 8376  0
7690 6128 6150 6129  0
7772 4133 4600 4134  0
7690 3592 3596 2961  0
7799 3756 4089 8262  0
7758 7402 7471 7472  0
8042 6512 8141 7914  0
1391 1200 1199 8044  0
6569 6570 6789 7953  0
3607 3610 3611 8185  0
7399 7769 7469 8441  0
5659 4590 5660 8369  0
7331 7401 7400 7769  0
7469 7400 7470 7769  0
7761 7681 8042 8369  0
7538 7758 7471 7539  0
5206 5224 8293 8389  0
8193 8416 7887 2352  0
7758 7663 7763 7769  0
7822 7944 8191 8263  0
6193 6175 6194 8252  0
7692 5121 8016 8119  0
7332 7402 7401 7769  0
5766 5765 6706 7737  0
5426 5425 5404 8291  0
2372 2373 2333 8289  0
506 561 507 8093  0
1477 3377 3376 8041  0
900 938 939 8080  0
437 372 436 8077  0
3389 3388 2357 7902  0
3839 4179 3840 7950  0
8252 8339 3594 2977  0
1895 1894 1911 8059  0
546 547 492 8077  0
7804 4148 3808 4146  0
5837 5816 5817 8051  0
930 929 8345 7924  0
2995 2979 2994 8252  0
5097 7971 8255 5082  0
3466 3465 7980 8044  0
4682 4681 5769 8122  0
6268 6267 6251 8290  0
7720 7813 7987 8250  0
5412 8139 5433 5411  0
7811 1674 1686 1685  0
7646 7621 7647 8122  0
5557 5534 5558 7888  0
6177 6195 6176 8252  0
7985 6671 5780 5781  0
749 7670 354 355  0
2307 1448 2308 7943  0
523 7987 579 8250  0
3382 3759 8017 8416  0
524 469 523 8250  0
7514 7930 8259 8143  0
6372 8254 6385 8306  0
2979 2963 2962 8252  0
2350 3382 8017 8416  0
580 524 523 8250  0
4678 4190 4677 7737  0
6194 6195 6213 8252  0
2994 2978 2993 8252  0
2978 3595 2977 8252  0
7732 699 8036 7928  0
2906 2924 2925 8341  0
5786 7766 7861 8102  0
412 413 8153 8250  0
8058 8343 2538 2576  0
5865 5842 5866 8274  0
3822 3821 4161 8285  0
6067 6086 8064 8341  0
5754 6651 6671 8340  0
3405 3404 2383 8314  0
7960 1452 7920 1451  0
2669 2634 2668 7660  0
2451 8186 7740 2450  0
5788 6712 5804 7767  0
3081 3094 8249 3080  0
1723 3239 3242 7991  0
7647 7073 7646 8122  0
5168 5151 5152 7918  0
7047 7031 7032 8081  0
7967 2904 8064 8341  0
8252 3603 8082 8339  0
2743 2742 3540 8350  0
7369 7299 7300 8071  0
4567 5636 4566 8289  0
831 832 7733 7885  0
1461 8160 1460 1270  0
1724 1713 1712 7991  0
7047 7030 7031 8081  0
6158 6159 6178 7736  0
7441 7372 7442 7983  0
8117 1469 1470 8284  0
3602 8082 3607 3007  0
2612 3517 2613 7976  0
5703 5705 4626 7903  0
5867 5891 5866 8274  0
5706 5705 6609 7903  0
6112 8054 6091 8265  0
2460 2461 7878 8019  0
5155 5154 5138 8119  0
7804 3431 7939 8385  0
2871 8420 2870 2890  0
8410 8281 7953 5608  0
8031 5569 8281 5589  0
8121 2627 8240 8405  0
8297 4855 4861 6094  0
1181 1374 1375 8164  0
5011 5025 5024 7957  0
7672 6036 8272 8386  0
6570 6569 6483 7953  0
69 50 70 8361  0
1802 7785 8147 1801  0
5812 8240 5813 5833  0
8149 7807 8391 7729  0
8020 7757 8228 8253  0
5153 5170 7918 8119  0
5136 5121 5137 8119  0
6705 7879 7737 6704  0
8405 5830 3520 5855  0
5042 5028 5029 7725  0
7014 7577 7578 8259  0
1923 1922 1938 7933  0
4355 8059 3705 1850  0
5759 5758 6699 7994  0
1812 1798 1797 8119  0
7866 7930 8259 8246  0
1799 1813 1814 8119  0
7946 7749 8143 8259  0
7918 5170 8069 8119  0
5135 5152 7918 8119  0
6748 7679 7682 7724  0
1799 1814 7692 8119  0
7328 7397 7327 7763  0
3671 7895 3672 3192  0
7751 8156 7671 8116  0
2342 7799 2340 8378  0
2347 3378 8208 8214  0
7629 7568 7001 8298  0
4133 7772 7962 7655  0
6705 7070 6706 7737  0
371 435 436 8077  0
7801 8049 8417 8424  0
6626 7696 6625 6989  0
6060 8218 6038 6039  0
5244 5245 8227 8063  0
6790 7119 6789 8123  0
5433 7891 8034 8065  0
897 7723 7751 875  0
2146 2114 8384 2115  0
4329 5032 3690 7940  0
4678 4677 5765 7737  0
1717 1707 1706 8244  0
1485 1486 2370 7875  0
5087 8171 8398 5086  0
4190 4191 7717 7737  0
2102 2134 7760 7849  0
5174 5173 7785 8242  0
5490 5491 5514 7849  0
6613 5710 7975 8075  0
3728 2117 3337 8110  0
1558 2446 2447 8285  0
7897 7045 7734 8298  0
8050 5581 7977 8037  0
7413 7482 7412 8187  0
3458 7892 2459 3493  0
69 68 49 8361  0
1745 1757 8171 1744  0
39 48 55 8361  0
6725 6726 8003 8253  0
8049 8258 7801 8417  0
7088 6755 6756 8006  0
6113 8054 8265 6091  0
832 831 834 7885  0
3764 3387 3388 7902  0
6401 8045 6400 8254  0
3149 3161 3150 8254  0
3415 1503 1504 7790  0
1352 7774 1353 8206  0
2149 3731 3337 8110  0
4286 8024 3974 7840  0
8347 3123 3109 3110  0
6350 6366 6365 8300  0
2164 2197 2198 7849  0
2409 3431 2407 8385  0
4933 4943 4932 8209  0
1503 7738 3415 1502  0
7999 6669 7045 7897  0
6039 6040 7890 8218  0
3415 1504 3417 7790  0
1119 8385 7790 1133  0
6770 7914 6769 8042  0
1351 1350 1529 8206  0
5481 8023 5482 5503  0
6184 6185 6202 8299  0
7002 7044 7001 8298  0
2177 7893 8023 8110  0
2665 2697 8134 8295  0
1154 1352 1159 8206  0
8385 1336 1335 7790  0
1470 8097 8117 8284  0
5382 5383 7666 8136  0
7245 7180 7181 7936  0
2958 2975 2959 7673  0
5714 4627 4649 7999  0
7620 7558 7559 8286  0
6587 5685 5686 7962  0
1512 1519 3423 7790  0
7542 7541 7762 8140  0
7743 7881 8145 8213  0
2305 2306 8037 8266  0
7975 6612 8075 8213  0
1519 3426 3423 8053  0
8382 6280 6297 8358  0
1134 1138 1339 8385  0
5995 5994 7871 8218  0
4421 3728 3337 8110  0
4191 4190 4678 7737  0
1257 7943 1448 8266  0
1119 7738 1118 1133  0
480 479 7780 7899  0
452 388 387 8417  0
6670 5747 5746 7999  0
7720 7677 7728 8029  0
6009 5986 5987 8107  0
8082 3603 3602 8339  0
8304 7130 7079 7724  0
2527 7748 1591 7843  0
1276 7947 1275 1065  0
7841 7695 1647 1657  0
2908 2909 2891 8054  0
7570 7734 7003 7569  0
1507 1326 1508 8233  0
2505 2462 3461 8310  0
6656 7023 7823 8083  0
6089 6110 7690 8054  0
1585 2520 2521 8168  0
7064 7777 7994 7637  0
5191 5174 8010 8242  0
1512 1322 1336 7790  0
1975 1994 1976 8136  0
7743 7810 7881 8213  0
1220 1411 1412 8421  0
3437 2419 3441 7878  0
1393 1571 7807 8044  0
7990 5793 5792 8121  0
3539 3890 3538 8370  0
4140 4142 7739 8053  0
3920 4853 3575 8386  0
7508 7507 7440 7955  0
7181 7180 7112 7936  0
5352 5371 5351 8200  0
3423 3418 7790 8053  0
4655 5716 7705 7975  0
6565 7873 6784 8170  0
5962 5963 5986 8107  0
7440 7439 7370 7955  0
6670 7046 6636 7999  0
8135 2835 7919 2855  0
4648 5747 5748 7999  0
4075 8239 4513 4512  0
7483 7413 7414 7984  0
5718 5711 5712 8163  0
7895 8390 6440 8045  0
7132 7219 7161 7674  0
1555 1554 2460 7878  0
3969 8024 3972 8229  0
5664 7837 6523 7860  0
1127 1129 1130 8329  0
7836 8217 2249 2284  0
7161 7131 7132 7674  0
2973 7935 8033 7673  0
7851 1112 1318 8216  0
7735 7775 8036 8168  0
7113 7936 7182 7181  0
1584 2520 1585 8168  0
245 216 215 8439  0
754 1053 753 7899  0
753 752 358 7899  0
5895 5870 5871 8026  0
5468 5490 7956 7849  0
1304 1097 1305 7877  0
3785 3406 3407 8088  0
2838 2839 2820 8107  0
2730 2763 2731 7915  0
3102 7884 7747 3103  0
1823 1809 7824 7918  0
8051 2633 8318 7660  0
479 478 7780 7899  0
1538 1556 2425 7878  0
8353 2417 8108 7838  0
4673 4674 4186 8106  0
1755 1754 7664 8171  0
1467 1305 1033 7877  0
4700 2511 7705 8225  0
4093 4094 7973 8414  0
8167 1098 1097 7877  0
7779 7589 7588 7823  0
7727 7983 7914 8071  0
6949 6948 6923 8043  0
753 359 754 7899  0
424 360 359 7899  0
1812 1797 1811 7918  0
1467 1034 1468 7877  0
6570 6790 6789 7953  0
1304 1305 2390 7877  0
7775 7823 7954 8083  0
7066 6701 7065 8106  0
6482 6481 5607 7953  0
2419 2425 3441 7878  0
5951 5952 5974 8387  0
8317 7704 7684 7925  0
3481 3482 7961 3853  0
8167 1098 795 1097  0
5152 5169 5168 7918  0
1769 1768 1782 8090  0
3479 8152 2492 7717  0
7227 7296 7226 8292  0
1556 1555 2424 7878  0
7210 7274 7209 8169  0
2156 4442 4443 8173  0
7649 7624 7650 7979  0
6810 7137 7136 8292  0
5469 5468 5447 7849  0
7793 7201 8304 7266  0
7655 7774 8337 7772  0
7719 1021 1022 7937  0
7440 7370 7371 7955  0
7777 7551 7552 7984  0
3373 2379 7722 8239  0
7246 7182 7247 7936  0
2131 2164 2132 7849  0
536 537 482 8403  0
7111 6782 7873 8029  0
7653 5627 6509 8076  0
2134 2166 2135 7849  0
2132 2164 2133 7849  0
3222 1674 7811 8275  0
7113 7936 7873 7182  0
1270 1269 1059 8160  0
2133 2166 2134 7849  0
3175 8254 7792 3163  0
7202 7793 8304 7682  0
7481 7548 7480 8187  0
8155 7494 7495 7425  0
7857 7827 7773 7992  0
5578 5579 5599 7860  0
4197 4198 8062 8089  0
5152 5151 5135 7918  0
580 579 7813 8250  0
82 105 106 8361  0
8191 6814 8256 8376  0
3453 3452 3827 8186  0
7248 7998 8060 8399  0
3389 3766 3765 7902  0
3833 4172 4173 8019  0
7846 8317 7704 7706  0
7821 7812 7887 7902  0
4899 8190 6384 6369  0
61 82 83 8361  0
2774 2741 2740 8188  0
2976 3596 7690 8352  0
5782 7775 6672 8083  0
7024 7954 7587 7823  0
7823 7023 7954 8083  0
7482 7777 7550 8187  0
2675 2708 2709 8188  0
2709 2676 2675 8188  0
5918 5896 5919 8188  0
7914 7652 6813 8359  0
5806 8360 8302 6722  0
6672 6654 6673 8083  0
618 687 619 8084  0
5334 5314 5315 8095  0
687 688 619 8084  0
8151 7882 8231 8403  0
688 689 620 8084  0
3826 3452 3451 8186  0
3826 8092 3825 4165  0
7684 7896 8220 8335  0
8093 8424 7801 8417  0
7560 7492 7979 8286  0
114 90 91 8361  0
3827 4167 3828 8186  0
3017 3032 3018 7815  0
1132 1131 1135 7868  0
4359 7782 5197 5215  0
2203 8260 2204 7831  0
3825 3451 8092 8186  0
6156 6176 6175 8252  0
413 470 414 8250  0
2302 2265 7888 7964  0
6430 7792 6417 8395  0
836 7851 7885 8216  0
4584 8359 5654 5653  0
5006 5007 5020 8326  0
6099 6120 6119 7789  0
1084 1085 1295 8251  0
24 42 31 8361  0
7814 7754 7882 8231  0
6180 6159 6160 7848  0
3472 7997 8085 3473  0
7555 7952 7488 7556  0
8017 7846 8193 8416  0
5134 5151 7824 7918  0
543 489 7992 8040  0
1025 1241 7859 8411  0
8092 3825 4165 4164  0
7712 7727 8092 8186  0
92 70 71 8361  0
84 63 62 8361  0
76 48 68 8361  0
90 100 68 8361  0
5237 5219 5220 8015  0
479 422 478 7899  0
8326 4992 7715 5005  0
1051 7899 7776 7787  0
7065 6700 7064 8106  0
2914 2915 2897 7789  0
7698 7983 7730 7761  0
3853 4193 3854 7961  0
6099 6078 7672 7789  0
2897 8235 7789 2898  0
1891 8114 8227 8293  0
7278 7347 7277 7995  0
7652 7687 8088 8236  0
8009 7749 7950 8404  0
6864 6889 6888 8145  0
6141 6120 6121 7789  0
601 602 8040 8223  0
7194 7193 7125 8038  0
5207 5190 5191 8389  0
7816 8237 8363 8402  0
4352 8150 4349 5144  0
6209 6210 6226 8185  0
5471 5470 7760 7849  0
546 8223 8040 602  0
457 458 836 7885  0
989 7813 693 8391  0
8217 2249 2248 8157  0
5534 5512 5535 7888  0
2233 2199 2198 7978  0
578 7813 7987 8391  0
5181 5180 5164 7782  0
6245 8358 6263 6262  0
7748 1215 1406 7732  0
4985 4984 4973 7841  0
2635 2634 2669 7660  0
7651 7626 7040 8159  0
5124 5125 5140 8147  0
4260 8339 3933 3593  0
7708 7921 8433 5645  0
3806 4146 4144 7804  0
8348 4450 4434 3340  0
8214 3381 3757 3758  0
5719 5712 5713 8163  0
8023 2211 2177 8110  0
2137 2170 2138 7986  0
7706 7846 7973 8414  0
1875 1874 1890 8293  0
8235 6100 6101 6080  0
8024 6434 6421 6420  0
7364 7294 7295 8030  0
5774 4687 4686 8089  0
5295 5296 5314 8095  0
3188 8024 3178 7840  0
4146 4615 4144 7804  0
3804 3806 4144 7804  0
4611 4143 7962 8396  0
5620 4544 4545 8018  0
6801 6848 6847 7951  0
3211 3678 4310 7825  0
8336 3256 3257 8150  0
555 612 556 8322  0
6502 8006 8018 8413  0
2415 2414 3436 8367  0
7052 7757 8007 6687  0
6432 6445 6444 7840  0
4753 4736 2624 8437  0
8194 3108 8347 3121  0
363 7917 7844 362  0
364 7827 429 365  0
7956 3353 8406 3348  0
5704 4624 7999 8418  0
7593 7531 7532 8161  0
5823 5822 5805 7781  0
1561 7908 1380 1379  0
6701 5760 6700 8106  0
2775 2742 8188 8350  0
5819 7861 7660 5818  0
4443 4442 4429 8173  0
2891 2890 8054 8135  0
7930 7866 7677 8246  0
843 8222 864 8321  0
5541 5540 7831 8323  0
5281 5300 8366 5301  0
897 7723 875 896  0
2804 3564 2823 7871  0
5683 5638 5639 8380  0
7819 8239 2300 4512  0
3675 3674 3985 8395  0
3268 1835 1820 7782  0
3100 3112 7756 8184  0
5062 3243 8016 7940  0
7289 7290 7765 7958  0
7890 2881 2899 8235  0
2125 2093 2124 8173  0
2668 2634 2633 7660  0
434 7947 435 370  0
7947 434 435 8040  0
4193 4681 4194 7961  0
7747 3104 7884 3117  0
1408 1407 1591 7748  0
701 700 7732 7928  0
7949 8117 8427 8097  0
2636 7767 2601 2600  0
7831 7978 8154 8323  0
4621 5698 5700 7661  0
4997 7883 4985 4998  0
6416 8254 7895 6415  0
1684 1673 1683 8275  0
4619 4617 5694 7661  0
5700 4622 4621 7661  0
6177 6158 6178 8109  0
7616 7554 7555 8381  0
7857 8094 7912 8183  0
1947 1931 1946 8269  0
5499 5522 7707 8048  0
7804 4618 7806 8418  0
7336 7266 7267 7793  0
8128 7892 7999 8019  0
2800 2820 8107 8175  0
4294 4924 4925 8395  0
471 470 8250 8415  0
7780 7754 7899 8316  0
51 50 33 8361  0
8190 3656 3170 8305  0
3300 7701 1953 8095  0
1542 1543 7835 8068  0
7437 7438 7505 7862  0
6511 8076 6510 5628  0
8370 3544 7871 5924  0
7780 532 478 533  0
2809 2810 2789 8177  0
5315 5296 5297 8095  0
7211 8169 7916 7276  0
343 324 635 7909  0
6558 6557 5651 8236  0
1668 1658 1657 7841  0
6570 6790 7953 8191  0
7800 7678 2441 2440  0
398 7924 819 8066  0
5767 5768 4680 8122  0
639 7965 8070 640  0
5981 6004 7906 8319  0
8124 8093 8258 8417  0
952 7869 7941 8070  0
5460 8110 5461 5482  0
7496 7427 7497 8155  0
2995 3011 7736 7901  0
8317 7703 7762 7684  0
3220 4964 8270 4321  0
6770 7914 8042 7761  0
1946 1945 1963 7858  0
7793 7203 7202 7267  0
557 7750 7922 8322  0
2916 2915 2933 7789  0
6100 6079 7672 7789  0
6701 5761 5760 8106  0
7204 7741 7205 7269  0
5054 5053 5039 7957  0
7349 7280 7350 7995  0
6121 6142 6141 7789  0
2914 2896 2913 7789  0
7799 6521 5596 7847  0
8235 2915 2898 2916  0
708 1005 709 8047  0
8254 3175 7792 7895  0
4112 4558 4111 8425  0
7633 7703 7607 7608  0
4658 7705 8163 8225  0
7672 8235 6100 7789  0
8069 1857 8242 8293  0
3978 8305 3668 3667  0
985 973 984 8344  0
7808 4598 8204 7875  0
1310 7794 7874 8289  0
8028 7686 8084 7816  0
8403 7917 427 426  0
6231 6232 6250 7901  0
7389 7390 7459 8046  0
466 410 409 8375  0
7458 7779 7526 7954  0
662 709 663 8047  0
2283 2247 2282 8217  0
6653 6654 6672 8083  0
8151 482 536 481  0
7633 7703 7634 7896  0
6645 5744 5743 7946  0
5500 5499 5477 8048  0
5756 4669 5755 7896  0
3025 3039 3040 7901  0
1159 1160 7798 8313  0
7735 7766 7843 7668  0
4180 4179 4667 7950  0
7984 7706 7777 7742  0
7151 7150 7088 8006  0
6565 7873 8170 7988  0
620 563 619 8084  0
6384 6370 6371 8306  0
7766 7735 8102 7823  0
7060 6696 6695 7896  0
7696 4632 7817 5726  0
7806 7739 7734 8232  0
7779 7998 7458 8046  0
2935 2936 2918 8052  0
7998 7779 7458 7954  0
7689 3075 8104 8400  0
2896 2897 7672 7789  0
7368 7299 7369 8071  0
357 422 358 7899  0
860 838 859 8216  0
7766 7843 7861 8102  0
7856 7683 8161 8409  0
6801 6547 6548 7951  0
5343 5344 5363 8356  0
696 992 993 8036  0
2166 2133 2165 7849  0
2333 7875 2332 2372  0
5422 7666 5423 7693  0
7281 7280 7216 8312  0
3463 3464 2442 8377  0
7768 3074 7689 8400  0
8264 7654 7713 7745  0
8071 7438 7439 7369  0
5478 5501 5500 8048  0
2539 7759 8058 8094  0
7321 7320 7251 8046  0
7460 7779 8046 7856  0
6694 6695 5755 7896  0
1193 1192 1250 8086  0
7036 8007 8257 7037  0
7684 8012 7857 8223  0
977 1192 1193 8086  0
7349 7348 7279 7995  0
4017 3258 8144 8147  0
3100 3086 8184 8400  0
1221 7814 1004 1220  0
1900 3279 1883 8309  0
661 707 708 8047  0
7459 7458 7389 8046  0
7597 8257 7783 7598  0
6854 7708 8334 8230  0
6385 6371 6372 8306  0
3136 3647 3148 8306  0
4894 6340 6355 8306  0
7704 8327 7796 7925  0
End
