MeshVersionFormatted 1
Dimension
3
Vertices
8443
9.90547 4.62108 2.66034 0
9.82236 4.62595 2.66322 0
9.73501 4.63315 2.66181 0
9.64306 4.64194 2.6528 0
9.54798 4.6496 2.62911 0
9.4547 4.62725 2.60353 0
9.88339 4.68248 2.60267 0
9.79502 4.69111 2.60584 0
9.70229 4.69637 2.59926 0
9.60316 4.69828 2.58139 0
9.49137 4.68918 2.54861 0
9.97074 4.64569 2.60868 0
9.38709 4.65076 2.52483 0
9.95191 4.5549 2.62958 0
9.86221 4.53889 2.64485 0
9.77394 4.54348 2.6554 0
9.68512 4.55081 2.65918 0
9.59607 4.56037 2.65659 0
9.51025 4.56689 2.64101 0
9.39739 4.6983 2.45838 0
9.2959 4.6443 2.44494 0
9.96085 4.52512 2.55424 0
9.39157 4.57532 2.56978 0
9.88627 4.49678 2.5675 0
9.80197 4.48738 2.58339 0
9.71639 4.48818 2.59389 0
9.62855 4.49149 2.5989 0
9.54296 4.49462 2.59432 0
9.45472 4.51632 2.58956 0
9.94713 4.68068 2.5299 0
9.86176 4.71067 2.52468 0
9.77464 4.72245 2.52594 0
9.68347 4.72695 2.51732 0
9.58832 4.72633 2.50217 0
9.49665 4.72243 2.47531 0
10 4.59938 2.54597 0
9.29856 4.69625 2.37042 0
9.19899 4.62482 2.36291 0
9.97372 4.53143 2.4742 0
9.31898 4.57538 2.4983 0
9.90345 4.48522 2.47402 0
9.82104 4.46558 2.49314 0
9.73581 4.45979 2.50587 0
9.64927 4.46079 2.51755 0
9.55753 4.46258 2.51669 0
9.47322 4.46931 2.51275 0
9.38188 4.50574 2.51897 0
9.93112 4.69277 2.44445 0
9.8501 4.72336 2.44242 0
9.76393 4.73642 2.44019 0
9.67491 4.74079 2.42939 0
9.58678 4.74146 2.41267 0
9.49233 4.73646 2.39542 0
9.39936 4.72606 2.37947 0
9.99296 4.62728 2.46475 0
9.20251 4.6935 2.28103 0
9.10288 4.62005 2.2689 0
9.98364 4.55243 2.40383 0
9.24299 4.5532 2.42092 0
9.91785 4.49015 2.38036 0
9.83414 4.45983 2.39809 0
9.74853 4.44923 2.41231 0
9.66316 4.4473 2.42571 0
9.57781 4.4489 2.44188 0
9.48887 4.44847 2.41873 0
9.40165 4.46412 2.44794 0
9.31386 4.49446 2.44112 0
9.91511 4.69675 2.35523 0
9.83937 4.72688 2.35707 0
9.75344 4.74054 2.3498 0
9.67057 4.74432 2.3343 0
9.58244 4.74535 2.32186 0
9.491 4.74391 2.3081 0
9.39518 4.73731 2.29847 0
9.30346 4.72595 2.28631 0
9.97978 4.63841 2.37565 0
9.10554 4.68704 2.19501 0
9.00765 4.6216 2.17047 0
9.97513 4.55091 2.32246 0
9.14156 4.54657 2.3162 0
9.90941 4.4927 2.28184 0
9.83459 4.46057 2.30339 0
9.74986 4.44705 2.31792 0
9.66272 4.44336 2.33335 0
9.57279 4.44344 2.35753 0
9.47941 4.44263 2.31929 0
9.39072 4.45076 2.36758 0
9.29709 4.465 2.35421 0
9.21133 4.49766 2.34416 0
9.89947 4.69059 2.26105 0
9.827 4.72456 2.27221 0
9.75378 4.73558 2.25078 0
9.66965 4.74374 2.24078 0
9.58067 4.74665 2.22957 0
9.488 4.74637 2.21907 0
9.39434 4.74411 2.20916 0
9.29657 4.73706 2.20216 0
9.20309 4.72648 2.18503 0
9.03492 4.69914 2.10006 0
9.95814 4.63708 2.28627 0
8.93757 4.65562 2.06788 0
9.95211 4.56307 2.23282 0
9.04193 4.54399 2.21411 0
9.90685 4.50568 2.18435 0
9.83324 4.46519 2.20156 0
9.74819 4.44761 2.22119 0
9.66014 4.44269 2.23753 0
9.56995 4.44194 2.26627 0
9.47461 4.44164 2.22061 0
9.38425 4.44422 2.27588 0
9.29066 4.449 2.26043 0
9.19907 4.46283 2.25034 0
9.11073 4.49407 2.23878 0
9.84998 4.70063 2.17814 0
9.76111 4.72952 2.16037 0
9.66982 4.74263 2.14769 0
9.5773 4.74711 2.13668 0
9.48445 4.74776 2.12645 0
9.39141 4.74651 2.11819 0
9.3019 4.74449 2.11019 0
9.21776 4.7401 2.09377 0
9.12876 4.7284 2.10105 0
9.92735 4.63022 2.18489 0
8.91591 4.70064 1.96443 0
8.84568 4.63658 1.978 0
9.91553 4.55217 2.12135 0
8.93942 4.54842 2.10922 0
9.84092 4.48019 2.09597 0
9.74998 4.45093 2.12128 0
9.65617 4.44326 2.13837 0
9.56513 4.44175 2.1676 0
9.46507 4.44189 2.12171 0
9.37679 4.44226 2.17584 0
9.28237 4.44366 2.16491 0
9.18313 4.44925 2.15448 0
9.09417 4.46105 2.13911 0
9.00866 4.49306 2.13304 0
9.83506 4.70024 2.07959 0
9.75066 4.72961 2.06332 0
9.66114 4.74296 2.05183 0
9.56979 4.74741 2.04099 0
9.47809 4.74827 2.03105 0
9.38715 4.74786 2.0223 0
9.2964 4.74678 2.01237 0
9.20091 4.74472 2.00465 0
9.10516 4.7377 2.00541 0
9.00918 4.72302 2.00012 0
9.90135 4.64155 2.09726 0
8.82872 4.6886 1.87471 0
9.89853 4.54735 2.03469 0
8.87386 4.57421 2.04063 0
9.8309 4.48602 1.9891 0
9.74878 4.45538 2.02107 0
9.65591 4.44428 2.03954 0
9.55575 4.44182 2.06225 0
9.44343 4.44185 2.03299 0
9.35651 4.44198 2.06668 0
9.26049 4.44258 2.07754 0
9.17507 4.44321 2.04838 0
9.08601 4.44674 2.03584 0
8.99791 4.45991 2.03407 0
8.91216 4.48712 2.01702 0
9.82489 4.70062 1.97893 0
9.74145 4.73055 1.96541 0
9.6525 4.74342 1.95485 0
9.56199 4.74733 1.94318 0
9.47241 4.74824 1.93284 0
9.3816 4.74831 1.92467 0
9.28868 4.74793 1.91718 0
9.19405 4.74675 1.91185 0
9.10027 4.74445 1.90907 0
9.00898 4.73825 1.89918 0
8.9198 4.72767 1.87225 0
9.89131 4.64028 2.00207 0
8.74411 4.64604 1.82388 0
8.6697 4.62814 1.74225 0
9.8895 4.55333 1.93965 0
8.77769 4.60029 1.90526 0
9.82421 4.49133 1.88435 0
9.74459 4.45877 1.91628 0
9.65871 4.44587 1.93517 0
9.57092 4.44244 1.95515 0
9.48594 4.44188 1.96692 0
9.37284 4.44188 1.94332 0
9.2746 4.44197 1.98284 0
9.17431 4.44185 1.94213 0
9.07889 4.44254 1.92957 0
8.98559 4.4479 1.92957 0
8.89728 4.46473 1.92267 0
8.82705 4.52288 1.95707 0
9.81292 4.70088 1.87588 0
9.73239 4.73022 1.86803 0
9.64323 4.74298 1.85668 0
9.5576 4.74628 1.84215 0
9.46864 4.7479 1.83397 0
9.37732 4.74836 1.82668 0
9.28394 4.74835 1.82043 0
9.1893 4.74797 1.81537 0
9.09404 4.74666 1.80932 0
8.99618 4.74328 1.79634 0
8.88697 4.72905 1.78322 0
9.88027 4.64325 1.90143 0
8.77745 4.70094 1.75658 0
8.68443 4.69643 1.65983 0
8.57946 4.62683 1.64307 0
9.88128 4.55771 1.84072 0
8.71294 4.55677 1.81395 0
9.81465 4.49666 1.78134 0
9.73712 4.46064 1.8118 0
9.65082 4.44648 1.83162 0
9.56027 4.44244 1.8522 0
9.46481 4.44181 1.87928 0
9.36257 4.44188 1.82852 0
9.26509 4.44187 1.87707 0
9.15157 4.4419 1.82446 0
9.0398 4.44245 1.82672 0
8.94134 4.44673 1.82693 0
8.84821 4.46611 1.84542 0
8.77912 4.51408 1.86728 0
9.79722 4.69478 1.76823 0
9.72022 4.72748 1.77566 0
9.64516 4.73737 1.75197 0
9.55826 4.74472 1.74317 0
9.46732 4.74758 1.73492 0
9.37429 4.74836 1.72771 0
9.27983 4.74838 1.72189 0
9.18412 4.74838 1.7167 0
9.08678 4.74766 1.71001 0
8.98607 4.74493 1.70209 0
8.88633 4.73802 1.69145 0
8.79199 4.72772 1.66951 0
8.58592 4.69518 1.56004 0
9.85859 4.64327 1.79699 0
8.47575 4.6252 1.53759 0
9.85846 4.56887 1.74329 0
8.61866 4.54902 1.6983 0
9.8133 4.5154 1.67615 0
9.73545 4.4656 1.70552 0
9.6465 4.44739 1.72636 0
9.55512 4.44253 1.74604 0
9.4604 4.44176 1.77697 0
9.35977 4.44188 1.71893 0
9.25837 4.44187 1.76867 0
9.16151 4.44186 1.70555 0
9.06133 4.44187 1.72552 0
8.95983 4.44243 1.72701 0
8.86293 4.44791 1.74043 0
8.77307 4.47388 1.77239 0
8.68782 4.50055 1.73303 0
9.74775 4.702 1.6756 0
9.65401 4.73097 1.65692 0
9.55915 4.74352 1.64477 0
9.46474 4.74752 1.63477 0
9.37039 4.74839 1.62697 0
9.27555 4.74836 1.62161 0
9.17951 4.74841 1.61703 0
9.08217 4.74815 1.61187 0
8.98486 4.74693 1.6054 0
8.88792 4.74476 1.5946 0
8.78636 4.73828 1.58315 0
8.6914 4.72725 1.56818 0
9.82754 4.62865 1.67911 0
8.48839 4.69674 1.46539 0
8.3692 4.64013 1.42681 0
9.80562 4.54495 1.58698 0
8.51631 4.55565 1.59323 0
9.73563 4.47609 1.60095 0
9.64579 4.45008 1.62186 0
9.55076 4.443 1.63789 0
9.45737 4.44171 1.66743 0
9.35873 4.44179 1.61101 0
9.2611 4.44194 1.65594 0
9.16248 4.44157 1.59596 0
9.06347 4.44177 1.6203 0
8.96344 4.44183 1.62821 0
8.86218 4.44305 1.6352 0
8.77053 4.45248 1.66837 0
8.67784 4.46344 1.6326 0
8.58791 4.49993 1.62378 0
9.73248 4.70093 1.57153 0
9.64375 4.73117 1.55619 0
9.55122 4.74392 1.54286 0
9.45809 4.74775 1.53153 0
9.3649 4.74848 1.52336 0
9.27063 4.74849 1.51956 0
9.17447 4.74875 1.51621 0
9.07723 4.74935 1.5115 0
8.97965 4.74975 1.50532 0
8.88066 4.74911 1.49763 0
8.78145 4.74738 1.4868 0
8.68008 4.74092 1.47795 0
8.58713 4.73051 1.46328 0
9.80012 4.63832 1.58215 0
8.35105 4.70946 1.34186 0
8.25478 4.65594 1.31812 0
9.7944 4.55463 1.48923 0
8.40263 4.55354 1.47759 0
9.73556 4.48805 1.49908 0
9.64878 4.45546 1.51722 0
9.55398 4.44422 1.53304 0
9.45181 4.44179 1.54835 0
9.34976 4.44102 1.51227 0
9.25817 4.44114 1.54418 0
9.16598 4.43934 1.49098 0
9.06638 4.44003 1.5149 0
8.96699 4.44042 1.52637 0
8.86351 4.44071 1.53419 0
8.75468 4.44382 1.54934 0
8.64454 4.45028 1.52891 0
8.55662 4.47211 1.53274 0
8.47443 4.49992 1.50899 0
9.71917 4.70423 1.46842 0
9.63283 4.73366 1.45342 0
9.54122 4.74565 1.43779 0
9.45048 4.74928 1.42426 0
9.35767 4.7503 1.41661 0
9.26323 4.75084 1.41631 0
9.16505 4.75248 1.41371 0
9.0653 4.75472 1.40857 0
8.96622 4.7566 1.40331 0
8.86452 4.75754 1.3971 0
8.761 4.75786 1.38758 0
8.65886 4.7576 1.37583 0
8.55305 4.7498 1.37076 0
8.44876 4.73005 1.36869 0
9.78655 4.64401 1.47923 0
8.1998 4.73541 1.23293 0
8.14298 4.63259 1.24611 0
9.78771 4.56508 1.38963 0
8.27947 4.56552 1.36351 0
9.73707 4.49735 1.39114 0
9.65669 4.46021 1.4109 0
9.56638 4.44519 1.42563 0
9.47285 4.44116 1.4383 0
9.37819 4.4394 1.4287 0
9.26841 4.43779 1.42777 0
9.17616 4.43354 1.3949 0
9.08037 4.4337 1.40737 0
8.98307 4.43462 1.41985 0
8.88193 4.4355 1.42938 0
8.77682 4.43603 1.43805 0
8.67138 4.43628 1.43311 0
8.55606 4.44362 1.4295 0
8.44518 4.46027 1.40878 0
8.34899 4.505 1.39538 0
5.7399 4.95302 1.14791 0
5.61778 4.96927 1.1456 0
5.50591 4.97723 1.14523 0
5.39796 4.98004 1.14562 0
5.29246 4.98032 1.14593 0
5.18796 4.97932 1.14654 0
5.08425 4.97852 1.14695 0
4.98114 4.97812 1.14718 0
4.87845 4.97795 1.14727 0
4.776 4.97788 1.14731 0
4.67371 4.97785 1.14732 0
4.57149 4.97784 1.14733 0
4.4693 4.97783 1.14733 0
4.36714 4.97783 1.14733 0
4.26498 4.97783 1.14733 0
4.16281 4.97783 1.14733 0
4.06064 4.97783 1.14733 0
3.95846 4.97785 1.14732 0
3.85626 4.97789 1.14731 0
3.75406 4.97796 1.14726 0
3.65189 4.97813 1.14717 0
3.54991 4.97847 1.14699 0
3.44838 4.97891 1.14673 0
3.34774 4.97893 1.14667 0
3.24831 4.9771 1.14753 0
3.14995 4.97129 1.15052 0
3.05084 4.96304 1.15478 0
2.94956 4.95692 1.15773 0
2.84736 4.95488 1.15856 0
2.74552 4.95557 1.15815 0
2.64385 4.95691 1.15746 0
2.54241 4.95829 1.15674 0
2.44099 4.95923 1.15624 0
2.33946 4.95973 1.15597 0
2.23774 4.95995 1.15585 0
2.13589 4.96006 1.1558 0
2.03393 4.9602 1.15572 0
1.93189 4.96044 1.15559 0
1.82971 4.96086 1.15537 0
1.72732 4.96143 1.15503 0
1.62475 4.96184 1.15447 0
1.52252 4.96128 1.15329 0
1.42279 4.95842 1.15116 0
1.33481 4.94034 1.1545 0
9.7064 4.71087 1.36454 0
9.6176 4.74001 1.34937 0
9.53136 4.75098 1.32611 0
9.44045 4.75596 1.31384 0
9.3448 4.75916 1.30654 0
9.24961 4.76015 1.31445 0
9.14385 4.76548 1.31042 0
9.04527 4.77115 1.30235 0
8.94076 4.7734 1.30178 0
8.83461 4.77634 1.29606 0
8.72781 4.78171 1.28464 0
8.62194 4.78609 1.27584 0
8.51737 4.78434 1.2732 0
8.41392 4.77628 1.26746 0
8.30537 4.75845 1.25685 0
6.26941 4.83265 1.17445 0
6.15191 4.84739 1.17698 0
6.04025 4.85653 1.17767 0
5.92983 4.86596 1.17808 0
5.82445 4.86659 1.18294 0
5.73234 4.84432 1.19607 0
5.64295 4.86516 1.19155 0
5.54094 4.87152 1.19204 0
5.43727 4.8744 1.19202 0
5.33358 4.87488 1.19208 0
5.23025 4.87425 1.19226 0
5.12713 4.87336 1.19255 0
5.02428 4.87278 1.19273 0
4.92166 4.87248 1.19283 0
4.81924 4.87236 1.19287 0
4.71694 4.87231 1.19288 0
4.61471 4.87229 1.19289 0
4.51253 4.87228 1.19289 0
4.41035 4.87228 1.19289 0
4.30819 4.87228 1.19289 0
4.20603 4.87228 1.19289 0
4.10387 4.87228 1.19289 0
4.00171 4.87229 1.19289 0
3.89954 4.87231 1.19288 0
3.79738 4.87235 1.19287 0
3.69523 4.87243 1.19285 0
3.59318 4.87257 1.1928 0
3.49135 4.87274 1.19275 0
3.38997 4.87268 1.19276 0
3.28925 4.87167 1.19307 0
3.18918 4.86852 1.19407 0
3.08898 4.86338 1.19568 0
2.98766 4.85856 1.19711 0
2.88526 4.856 1.19785 0
2.78265 4.85571 1.19793 0
2.68036 4.85656 1.19768 0
2.57833 4.85759 1.19737 0
2.47649 4.85845 1.19712 0
2.37472 4.859 1.19695 0
2.27292 4.85929 1.19687 0
2.17108 4.85944 1.19682 0
2.06925 4.85957 1.19678 0
1.96745 4.85979 1.19672 0
1.86569 4.86024 1.19659 0
1.76386 4.86099 1.19635 0
1.66188 4.86185 1.19604 0
1.55978 4.86207 1.19539 0
1.45771 4.86031 1.19394 0
1.35624 4.85143 1.18974 0
1.24866 4.86134 1.17093 0
1.1545 4.83516 1.16054 0
9.77163 4.65773 1.37457 0
8.08989 4.74834 1.17318 0
7.9995 4.72028 1.15358 0
6.46191 4.75435 1.17089 0
6.35311 4.74758 1.18903 0
6.25818 4.72807 1.20347 0
6.1689 4.74564 1.20338 0
6.06799 4.75206 1.20491 0
5.96457 4.75816 1.20552 0
5.8624 4.76003 1.2083 0
5.76383 4.74978 1.21452 0
5.661 4.75066 1.21691 0
5.56325 4.76029 1.21617 0
5.46307 4.76337 1.21618 0
5.36172 4.76413 1.21624 0
5.25977 4.76368 1.21629 0
5.15752 4.7629 1.2164 0
5.05512 4.76224 1.21649 0
4.95272 4.76186 1.21655 0
4.85038 4.76168 1.21657 0
4.7481 4.76161 1.21659 0
4.64587 4.76158 1.21659 0
4.54369 4.76157 1.21659 0
4.44151 4.76157 1.21659 0
4.33935 4.76157 1.21659 0
4.23719 4.76157 1.21659 0
4.13504 4.76157 1.21659 0
4.03288 4.76157 1.21659 0
3.93073 4.76158 1.21659 0
3.82857 4.76161 1.21659 0
3.72641 4.76164 1.21658 0
3.62429 4.7617 1.21657 0
3.52226 4.76175 1.21656 0
3.42042 4.76166 1.21657 0
3.31893 4.76108 1.21666 0
3.2178 4.75943 1.2169 0
3.11676 4.75658 1.21729 0
3.01524 4.75356 1.21769 0
2.91302 4.75162 1.21794 0
2.81039 4.75112 1.218 0
2.7078 4.75157 1.21794 0
2.60547 4.75233 1.21784 0
2.50335 4.75301 1.21776 0
2.40136 4.75348 1.21769 0
2.29944 4.75376 1.21766 0
2.19755 4.7539 1.21764 0
2.09574 4.75398 1.21763 0
1.99408 4.75411 1.21761 0
1.89259 4.75444 1.21757 0
1.79126 4.75524 1.21747 0
1.68983 4.75653 1.21729 0
1.58815 4.75764 1.21708 0
1.4864 4.75745 1.21633 0
1.38434 4.7539 1.21315 0
1.27996 4.75511 1.20186 0
1.18201 4.74437 1.18558 0
1.08109 4.74121 1.16366 0
8.04605 4.61738 1.19482 0
6.39679 4.64918 1.19626 0
6.29252 4.63795 1.21148 0
6.18662 4.63683 1.21761 0
6.08762 4.64521 1.21824 0
5.98721 4.65024 1.21903 0
5.88608 4.65308 1.22036 0
5.78541 4.64909 1.22219 0
5.68329 4.64608 1.22367 0
5.5811 4.6488 1.22429 0
5.48109 4.65232 1.2244 0
5.38069 4.6531 1.22441 0
5.27972 4.65271 1.22443 0
5.17822 4.65191 1.22446 0
5.07636 4.65122 1.22448 0
4.97425 4.65078 1.2245 0
4.87206 4.65058 1.22451 0
4.76984 4.65048 1.22451 0
4.66764 4.65045 1.22451 0
4.56546 4.65043 1.22451 0
4.46329 4.65043 1.22451 0
4.36113 4.65043 1.22451 0
4.25897 4.65043 1.22451 0
4.15682 4.65043 1.22451 0
4.05466 4.65045 1.22451 0
3.95251 4.65046 1.22451 0
3.85035 4.65048 1.22451 0
3.74819 4.65051 1.22451 0
3.64603 4.65054 1.22451 0
3.54388 4.65055 1.22451 0
3.44181 4.65046 1.22451 0
3.3399 4.65009 1.22452 0
3.2382 4.6492 1.22456 0
3.13663 4.64774 1.22461 0
3.0349 4.6462 1.22465 0
2.93277 4.64527 1.22468 0
2.83029 4.64522 1.22469 0
2.7277 4.64576 1.22467 0
2.62522 4.64646 1.22465 0
2.52292 4.64705 1.22462 0
2.42076 4.64745 1.22461 0
2.3187 4.64769 1.22461 0
2.2167 4.6478 1.2246 0
2.11481 4.64782 1.2246 0
2.0131 4.64783 1.2246 0
1.91169 4.64794 1.2246 0
1.81067 4.64847 1.22458 0
1.71 4.65 1.22453 0
1.60903 4.65212 1.22439 0
1.50794 4.65298 1.22401 0
1.40747 4.65207 1.22201 0
1.30481 4.6521 1.21515 0
1.20341 4.64599 1.20069 0
1.1037 4.63874 1.17951 0
9.7853 4.59301 1.30027 0
8.19815 4.53158 1.28013 0
8.10157 4.4971 1.20448 0
6.42712 4.54844 1.1917 0
6.32069 4.54444 1.20827 0
6.2142 4.53798 1.21554 0
6.10874 4.53842 1.21846 0
6.0073 4.5427 1.22009 0
5.90573 4.54697 1.22186 0
5.80345 4.54751 1.22341 0
5.70151 4.54378 1.22424 0
5.59914 4.54271 1.22454 0
5.4976 4.54324 1.22463 0
5.39695 4.54344 1.22464 0
5.29625 4.54269 1.22461 0
5.19522 4.54162 1.22457 0
5.09382 4.54074 1.22454 0
4.99206 4.54022 1.22453 0
4.89007 4.53996 1.22452 0
4.78796 4.53986 1.22452 0
4.6858 4.53982 1.22451 0
4.58364 4.53981 1.22451 0
4.48148 4.53981 1.22451 0
4.37932 4.53981 1.22451 0
4.27716 4.53982 1.22451 0
4.17501 4.53983 1.22451 0
4.07286 4.53984 1.22452 0
3.97071 4.53986 1.22452 0
3.86855 4.5399 1.22452 0
3.76639 4.53994 1.22452 0
3.6642 4.53998 1.22452 0
3.562 4.54001 1.22452 0
3.4598 4.53995 1.22452 0
3.35765 4.53967 1.22451 0
3.25564 4.53906 1.22449 0
3.15381 4.53819 1.22445 0
3.05198 4.53754 1.22443 0
2.9499 4.53758 1.22443 0
2.84747 4.53837 1.22446 0
2.74483 4.53952 1.22451 0
2.64219 4.54056 1.22454 0
2.5397 4.54129 1.22456 0
2.43737 4.54173 1.22458 0
2.33516 4.54197 1.22458 0
2.23301 4.54206 1.22459 0
2.13092 4.54205 1.22459 0
2.02895 4.54197 1.22459 0
1.92725 4.54189 1.22458 0
1.82604 4.54203 1.22459 0
1.72559 4.54296 1.22458 0
1.62599 4.54619 1.22446 0
1.52537 4.54905 1.22375 0
1.42608 4.54736 1.22169 0
1.32962 4.54912 1.21744 0
1.22801 4.54766 1.20511 0
1.12966 4.53599 1.1847 0
9.7466 4.51124 1.27741 0
9.66995 4.46231 1.30103 0
9.58068 4.44214 1.31795 0
9.48858 4.43604 1.32849 0
9.39892 4.43403 1.33128 0
9.3016 4.43041 1.32672 0
9.21008 4.42226 1.30471 0
9.10993 4.41817 1.3012 0
9.00986 4.41873 1.31063 0
8.9101 4.42052 1.32244 0
8.80718 4.42173 1.33132 0
8.70426 4.41977 1.32978 0
8.60097 4.41687 1.32377 0
8.49646 4.41705 1.31497 0
8.38893 4.4292 1.30567 0
8.28614 4.46233 1.29424 0
6.34746 4.45165 1.19315 0
6.24212 4.44131 1.20145 0
6.13572 4.43798 1.2051 0
6.03013 4.43649 1.20723 0
5.92834 4.44082 1.21183 0
5.82356 4.44691 1.21672 0
5.72148 4.44234 1.21773 0
5.61938 4.43909 1.21795 0
5.51784 4.43667 1.21769 0
5.41694 4.43486 1.21745 0
5.3163 4.43314 1.21722 0
5.21561 4.43131 1.21696 0
5.11464 4.42992 1.21677 0
5.01327 4.42915 1.21666 0
4.91155 4.42881 1.21661 0
4.8096 4.4287 1.2166 0
4.70753 4.42867 1.21659 0
4.6054 4.42867 1.21659 0
4.50325 4.42867 1.21659 0
4.40109 4.42868 1.21659 0
4.29894 4.42869 1.21659 0
4.19678 4.42871 1.2166 0
4.09464 4.42873 1.2166 0
3.99249 4.42877 1.2166 0
3.89034 4.42883 1.21661 0
3.78818 4.4289 1.21662 0
3.686 4.42899 1.21664 0
3.58376 4.42907 1.21665 0
3.48147 4.42909 1.21665 0
3.37912 4.4289 1.21662 0
3.27681 4.42834 1.21655 0
3.1747 4.42751 1.21643 0
3.0728 4.42704 1.21635 0
2.97081 4.4277 1.21644 0
2.86839 4.42952 1.2167 0
2.76555 4.43177 1.21702 0
2.66254 4.43366 1.21729 0
2.55967 4.4349 1.21745 0
2.45703 4.43557 1.21754 0
2.3546 4.4359 1.21758 0
2.25227 4.43603 1.2176 0
2.14996 4.43603 1.2176 0
2.04764 4.43594 1.21759 0
1.94534 4.43578 1.21757 0
1.84322 4.43566 1.21757 0
1.74166 4.436 1.21746 0
1.64148 4.43771 1.21728 0
1.544 4.44508 1.21756 0
1.4428 4.44568 1.21439 0
1.34815 4.43707 1.20543 0
1.2609 4.45327 1.19986 0
5.84822 4.35074 1.19651 0
5.74743 4.34258 1.19811 0
5.64609 4.33799 1.19839 0
5.54554 4.33288 1.19738 0
5.44549 4.32856 1.19611 0
5.3452 4.32532 1.19517 0
5.24496 4.32219 1.19422 0
5.14458 4.31979 1.19347 0
5.04371 4.31852 1.19307 0
4.94234 4.31803 1.19291 0
4.8406 4.3179 1.19288 0
4.73863 4.31789 1.19288 0
4.63654 4.31792 1.19288 0
4.53441 4.31794 1.19289 0
4.43225 4.31796 1.1929 0
4.3301 4.31799 1.1929 0
4.22795 4.31802 1.19291 0
4.12581 4.31805 1.19293 0
4.02366 4.31812 1.19295 0
3.92152 4.31821 1.19298 0
3.81937 4.31834 1.19302 0
3.71718 4.3185 1.19307 0
3.61493 4.31867 1.19312 0
3.51258 4.31881 1.19317 0
3.41008 4.31879 1.19316 0
3.30741 4.31835 1.19302 0
3.20474 4.31731 1.19269 0
3.10239 4.31632 1.19236 0
3.00031 4.31679 1.19248 0
2.89793 4.31941 1.19329 0
2.79481 4.32316 1.19447 0
2.69119 4.32649 1.19551 0
2.58761 4.32866 1.19618 0
2.48439 4.32982 1.19654 0
2.38155 4.33036 1.19669 0
2.27896 4.33058 1.19676 0
2.17646 4.33064 1.19678 0
2.0739 4.33061 1.19677 0
1.97111 4.33051 1.19674 0
1.86796 4.3304 1.19672 0
1.76436 4.33054 1.19663 0
1.66058 4.33155 1.1963 0
1.55847 4.33474 1.19487 0
1.46791 4.35181 1.19702 0
6.40292 5.01603 1.06382 0
6.29425 5.02192 1.07292 0
6.18716 5.02913 1.07507 0
6.07949 5.03691 1.07374 0
5.97337 5.04463 1.07301 0
5.87978 5.06297 1.06305 0
5.78439 5.04667 1.0805 0
5.67485 5.05347 1.08076 0
5.56335 5.06751 1.07799 0
5.45206 5.07381 1.07921 0
5.34462 5.07696 1.07995 0
5.23834 5.07622 1.08164 0
5.13342 5.07529 1.0825 0
5.02957 5.07478 1.08286 0
4.92644 5.07458 1.08301 0
4.82376 5.07451 1.08306 0
4.72133 5.07449 1.08308 0
4.61905 5.07448 1.08309 0
4.51684 5.07447 1.08309 0
4.41466 5.07446 1.0831 0
4.31249 5.07445 1.08311 0
4.21033 5.07444 1.08311 0
4.10815 5.07445 1.08311 0
4.00596 5.07446 1.0831 0
3.90373 5.07448 1.08308 0
3.80146 5.07454 1.08304 0
3.69913 5.07469 1.08294 0
3.59682 5.07503 1.08268 0
3.49477 5.07573 1.08216 0
3.39352 5.07665 1.08135 0
3.29389 5.07655 1.08083 0
3.19635 5.07275 1.0826 0
3.10081 5.06215 1.08971 0
3.00282 5.05056 1.09757 0
2.90204 5.04496 1.1006 0
2.80173 5.04483 1.09968 0
2.70098 5.04593 1.09835 0
2.60043 5.04787 1.09675 0
2.49975 5.0493 1.09559 0
2.39881 5.05011 1.09493 0
2.29746 5.0504 1.0947 0
2.19577 5.05047 1.09463 0
2.09381 5.05052 1.0946 0
1.99165 5.0506 1.09452 0
1.88923 5.05079 1.09438 0
1.78638 5.05106 1.09414 0
1.68274 5.05134 1.09382 0
1.57767 5.05107 1.09307 0
1.46977 5.04911 1.09143 0
1.35553 5.04072 1.09039 0
1.23996 5.04812 1.07202 0
1.13766 5.03808 1.06379 0
1.04291 5.02936 1.05701 0
7.38504 4.92601 1.05584 0
7.27148 4.93787 1.05735 0
7.16488 4.94352 1.05804 0
7.06067 4.94505 1.05816 0
6.9579 4.94534 1.05809 0
6.85663 4.94606 1.05868 0
6.75752 4.94863 1.06079 0
6.66215 4.95693 1.06346 0
6.56628 4.95474 1.07842 0
6.47668 4.94202 1.10234 0
6.39921 4.93601 1.12046 0
6.31878 4.93255 1.12908 0
6.22025 4.93654 1.13424 0
6.11185 4.94715 1.13497 0
5.99808 4.956 1.13408 0
5.87413 4.96933 1.13066 0
1.26126 4.97059 1.12603 0
1.16384 4.94051 1.12273 0
1.05293 4.94512 1.10068 0
0.937458 4.96703 1.06751 0
0.828877 4.9644 1.04891 0
0.73543 4.94026 1.04496 0
9.68644 4.72578 1.27177 0
9.60901 4.7522 1.23351 0
9.52183 4.76806 1.21255 0
9.42244 4.77729 1.20345 0
9.31869 4.78527 1.19408 0
9.21804 4.78073 1.22662 0
9.12128 4.79725 1.19672 0
9.15759 4.84485 1.08793 0
9.01014 4.80036 1.20364 0
9.06301 4.84238 1.10555 0
8.90165 4.80416 1.20269 0
8.95952 4.84588 1.10928 0
8.79285 4.81099 1.19667 0
8.85371 4.85194 1.10802 0
8.68193 4.82592 1.18287 0
8.74501 4.86387 1.1045 0
8.57721 4.83595 1.17594 0
8.62898 4.8965 1.07973 0
8.47114 4.83596 1.17713 0
8.51782 4.9005 1.08652 0
8.3654 4.83192 1.17597 0
8.41008 4.90109 1.08897 0
8.26262 4.82402 1.16922 0
8.30448 4.90012 1.08769 0
8.16612 4.81505 1.15444 0
8.2 4.89634 1.08346 0
8.0937 4.86994 1.0907 0
7.9919 4.83532 1.09434 0
7.87777 4.84519 1.07301 0
7.77146 4.84186 1.0713 0
7.66579 4.83597 1.07906 0
7.55821 4.8353 1.08517 0
7.45774 4.83757 1.08952 0
7.36829 4.82538 1.0986 0
7.28361 4.84338 1.09565 0
7.18579 4.84713 1.09703 0
7.08491 4.84874 1.0973 0
6.98303 4.84899 1.09748 0
6.88121 4.8495 1.09877 0
6.7804 4.85141 1.10232 0
6.68329 4.85573 1.10972 0
6.59857 4.87149 1.1154 0
6.50607 4.85245 1.13586 0
6.39493 4.8472 1.15495 0
1.06602 4.84822 1.13624 0
0.964336 4.86056 1.11303 0
0.862533 4.86503 1.09509 0
0.763241 4.85267 1.08375 0
0.662241 4.84686 1.06389 0
7.90925 4.73826 1.12165 0
7.80776 4.74084 1.10735 0
7.70402 4.73861 1.10482 0
7.59908 4.73743 1.10657 0
7.49545 4.73735 1.10985 0
7.39636 4.73214 1.11472 0
7.29577 4.73607 1.11659 0
7.20012 4.74464 1.11612 0
7.10163 4.74687 1.11625 0
7.00125 4.74752 1.11642 0
6.89946 4.74806 1.11787 0
6.79626 4.75039 1.12257 0
6.69042 4.75591 1.13276 0
6.5798 4.76692 1.14671 0
0.983662 4.7532 1.13952 0
0.883329 4.76011 1.12104 0
0.783313 4.75542 1.10764 0
0.683829 4.74801 1.08929 0
0.584096 4.74781 1.0653 0
9.7533 4.6728 1.25566 0
7.94073 4.61967 1.15504 0
7.83791 4.63103 1.13081 0
7.7334 4.63412 1.11977 0
7.62801 4.63577 1.11796 0
7.52272 4.63724 1.11915 0
7.41917 4.63541 1.1207 0
7.3163 4.63561 1.12188 0
7.21473 4.63982 1.12244 0
7.11522 4.6437 1.12254 0
7.01517 4.64489 1.12258 0
6.91441 4.64535 1.12358 0
6.81307 4.64682 1.12777 0
6.71118 4.65223 1.13847 0
6.60667 4.66038 1.15545 0
6.50305 4.65882 1.17608 0
1.00429 4.6448 1.15519 0
0.903531 4.65518 1.13501 0
0.801484 4.65567 1.11897 0
0.702402 4.64641 1.10245 0
0.604864 4.64482 1.08081 0
9.77776 4.58683 1.20222 0
7.98424 4.50618 1.16148 0
7.87095 4.51736 1.13435 0
7.76214 4.52504 1.12098 0
7.65441 4.53073 1.11796 0
7.54657 4.53593 1.11917 0
7.43989 4.53752 1.12094 0
7.33537 4.53634 1.12186 0
7.23185 4.53793 1.12224 0
7.12953 4.54063 1.1224 0
7.02808 4.54239 1.12245 0
6.92672 4.54291 1.12283 0
6.8257 4.54327 1.12551 0
6.72605 4.54573 1.13415 0
6.62851 4.55553 1.15012 0
6.52654 4.5572 1.1716 0
1.02744 4.53496 1.16124 0
0.929934 4.54937 1.14163 0
0.824708 4.55806 1.12412 0
0.724901 4.54563 1.10685 0
0.626769 4.53614 1.08503 0
9.75124 4.5045 1.1591 0
9.68575 4.45508 1.18917 0
9.60054 4.4304 1.20973 0
9.50631 4.42166 1.2228 0
9.41362 4.41607 1.22327 0
9.33055 4.41491 1.23404 0
9.24725 4.39957 1.20381 0
9.15034 4.39084 1.19677 0
9.04652 4.38935 1.2041 0
8.94431 4.39079 1.21324 0
8.84575 4.39495 1.22772 0
8.74336 4.39299 1.23007 0
8.64598 4.38284 1.21974 0
8.54553 4.37524 1.21371 0
8.44142 4.37315 1.2092 0
8.33272 4.38383 1.20524 0
8.21826 4.41345 1.19922 0
8.12519 4.39245 1.1496 0
8.02009 4.39557 1.12348 0
7.90457 4.40952 1.10936 0
7.79381 4.4159 1.09991 0
7.68308 4.42297 1.10029 0
7.57312 4.43297 1.10722 0
7.46249 4.43947 1.11335 0
7.35654 4.43677 1.1148 0
7.25185 4.43674 1.11548 0
7.14794 4.43841 1.11575 0
7.04464 4.44001 1.11595 0
6.94147 4.44086 1.11608 0
6.83828 4.44102 1.11738 0
6.73605 4.44095 1.12244 0
6.63852 4.44442 1.13492 0
6.55136 4.46229 1.15554 0
6.45583 4.44136 1.17126 0
1.17114 4.43255 1.18077 0
1.06486 4.43174 1.15876 0
0.950363 4.43144 1.1361 0
0.859653 4.46653 1.12366 0
0.761346 4.44822 1.10452 0
7.48836 4.34529 1.09161 0
7.38225 4.33788 1.09377 0
7.27719 4.33641 1.09512 0
7.17245 4.33737 1.09613 0
7.0681 4.33877 1.09662 0
6.96367 4.3399 1.09693 0
6.85843 4.34064 1.09747 0
6.75157 4.34079 1.10019 0
6.64282 4.33996 1.10891 0
6.53638 4.35276 1.12976 0
6.43483 4.33413 1.14604 0
6.36173 4.36381 1.1704 0
6.27066 4.34591 1.17374 0
6.16819 4.3413 1.17785 0
6.06294 4.33843 1.18064 0
5.95469 4.33242 1.18393 0
1.3722 4.33148 1.18158 0
1.2576 4.34167 1.17078 0
1.13019 4.33118 1.14789 0
1.01109 4.33558 1.12818 0
0.90937 4.32689 1.10389 0
0.831983 4.3685 1.10109 0
6.44783 4.25528 1.10718 0
6.33155 4.26172 1.1292 0
6.21521 4.25121 1.13473 0
6.10829 4.24569 1.1374 0
6.00875 4.2409 1.13991 0
5.92183 4.22342 1.13664 0
5.86172 4.26404 1.1644 0
5.77781 4.24706 1.15885 0
5.68093 4.24295 1.1602 0
5.58269 4.23571 1.15795 0
5.48529 4.22862 1.15455 0
5.38599 4.22408 1.15273 0
5.28625 4.21931 1.15065 0
5.1866 4.21526 1.14869 0
5.08631 4.21314 1.14767 0
4.98532 4.21234 1.14729 0
4.88377 4.21218 1.14721 0
4.78188 4.21222 1.14724 0
4.67981 4.2123 1.14728 0
4.57766 4.21235 1.14731 0
4.4755 4.2124 1.14733 0
4.37334 4.21244 1.14736 0
4.27118 4.21249 1.14738 0
4.16904 4.21256 1.14742 0
4.0669 4.21265 1.14747 0
3.96477 4.21278 1.14754 0
3.86263 4.21298 1.14764 0
3.76047 4.21322 1.14777 0
3.65823 4.21351 1.14793 0
3.55585 4.21381 1.14809 0
3.45326 4.21402 1.1482 0
3.35031 4.21391 1.14815 0
3.24694 4.21303 1.14768 0
3.14339 4.21119 1.14662 0
3.04045 4.21032 1.1458 0
2.93782 4.21277 1.14668 0
2.83439 4.21801 1.14929 0
2.72989 4.22333 1.15211 0
2.62523 4.2269 1.15404 0
2.52107 4.22882 1.15507 0
2.41755 4.22969 1.15554 0
2.31456 4.23004 1.15573 0
2.21184 4.23017 1.1558 0
2.10917 4.23021 1.15582 0
2.00627 4.23022 1.15583 0
1.90281 4.23028 1.15585 0
1.79824 4.23055 1.156 0
1.69152 4.23179 1.1559 0
1.5804 4.23562 1.15493 0
1.45943 4.24654 1.15328 0
1.32821 4.22928 1.13111 0
1.21579 4.24096 1.12503 0
1.13117 4.23842 1.1145 0
6.46261 5.07997 0.985178 0
6.36391 5.08848 0.992063 0
6.26117 5.09547 0.996685 0
6.15365 5.10478 0.994897 0
6.0468 5.11307 0.993194 0
5.94025 5.12349 0.989647 0
5.83141 5.12961 0.991316 0
5.73002 5.12743 1.00432 0
5.61693 5.14613 0.995389 0
5.4978 5.15547 1.00101 0
5.38919 5.1656 1.00129 0
5.28105 5.1658 1.0061 0
5.17483 5.16513 1.0082 0
5.07016 5.16461 1.00885 0
4.96654 5.16439 1.00903 0
4.86356 5.16434 1.00907 0
4.76097 5.16434 1.00907 0
4.65859 5.16435 1.00907 0
4.55635 5.16434 1.00907 0
4.45415 5.16432 1.0091 0
4.35197 5.16429 1.00911 0
4.24979 5.16428 1.00913 0
4.14761 5.16428 1.00913 0
4.04542 5.16429 1.00911 0
3.94318 5.16431 1.0091 0
3.84087 5.16435 1.00907 0
3.73842 5.16444 1.009 0
3.63578 5.16467 1.0088 0
3.53299 5.16531 1.00825 0
3.43041 5.16667 1.007 0
3.32908 5.16809 1.00459 0
3.23052 5.1666 1.00277 0
3.13544 5.15774 1.00616 0
3.04518 5.1386 1.02076 0
2.94834 5.12559 1.02971 0
2.85228 5.12388 1.02743 0
2.7534 5.12297 1.02545 0
2.65455 5.12464 1.02174 0
2.55508 5.12629 1.01922 0
2.45521 5.12747 1.01772 0
2.35451 5.12783 1.01728 0
2.25314 5.12786 1.01724 0
2.15132 5.1278 1.01731 0
2.04918 5.12777 1.01735 0
1.94676 5.12779 1.01733 0
1.84395 5.12784 1.01727 0
1.74048 5.1279 1.01721 0
1.63587 5.12772 1.0172 0
1.52937 5.12662 1.01706 0
1.42018 5.12317 1.01666 0
1.31059 5.12253 1.00967 0
1.19636 5.12394 0.994693 0
1.08236 5.11574 0.98855 0
0.973546 5.12275 0.964885 0
7.66067 4.99322 0.986694 0
7.5605 5.00217 0.993839 0
7.45338 5.01775 0.98619 0
7.34191 5.01317 0.998456 0
7.23674 5.02429 0.995859 0
7.13238 5.02762 0.995304 0
7.02882 5.02853 0.99492 0
6.92593 5.02886 0.99458 0
6.82355 5.02977 0.994529 0
6.72121 5.03321 0.995101 0
6.61646 5.03713 1.00187 0
6.5168 5.02774 1.02974 0
0.97203 5.0577 1.02191 0
0.871092 5.06333 0.990054 0
0.750223 5.03744 0.984431 0
0.638695 5.0343 0.964976 0
0.538266 5.02111 0.951228 0
8.64486 4.98307 0.973207 0
8.54895 4.97283 0.998342 0
8.44433 4.97476 1.00436 0
8.33904 4.97595 1.0052 0
8.23374 4.97606 1.00375 0
8.12787 4.96715 1.00731 0
8.02548 4.94879 1.01469 0
7.92473 4.93946 1.01378 0
7.81903 4.94166 1.01064 0
7.72021 4.92954 1.02628 0
7.61007 4.92093 1.04479 0
7.49873 4.92862 1.04511 0
0.64881 4.94813 1.02039 0
0.549321 4.94194 0.999174 0
0.444168 4.95653 0.961072 0
0.348367 4.92996 0.945412 0
9.69578 4.73273 1.16888 0
9.61185 4.77894 1.1164 0
9.65274 4.80645 1.01627 0
9.50347 4.80174 1.10691 0
9.56533 4.83443 1.00987 0
9.39897 4.81985 1.09503 0
9.46433 4.8569 1.00618 0
9.30893 4.83783 1.07842 0
9.35498 4.89241 0.984725 0
9.22923 4.81603 1.12958 0
9.23503 4.88969 1.01171 0
0.566321 4.84872 1.03789 0
0.465745 4.85529 1.01002 0
0.369355 4.84769 0.985806 0
0.271444 4.84114 0.94638 0
0.484663 4.75378 1.03824 0
0.386033 4.75284 1.01324 0
0.289785 4.74793 0.980646 0
0.203375 4.74644 0.925301 0
9.76322 4.67178 1.13875 0
0.505069 4.65193 1.05448 0
0.404125 4.6556 1.02883 0
0.306819 4.65099 0.999134 0
0.216268 4.6479 0.952009 0
9.78632 4.58394 1.09879 0
0.532094 4.54782 1.06211 0
0.428837 4.55975 1.03746 0
0.330789 4.55313 1.00871 0
0.238699 4.54916 0.966424 0
9.77144 4.50199 1.0563 0
9.71191 4.44211 1.07185 0
9.63051 4.40979 1.09641 0
9.5371 4.39845 1.12087 0
9.43355 4.38889 1.12588 0
9.32733 4.37561 1.12274 0
0.662512 4.43216 1.081 0
0.554712 4.42899 1.05526 0
0.465417 4.46805 1.03908 0
0.36944 4.45781 1.01193 0
9.20999 4.34781 1.09303 0
9.09273 4.34555 1.10275 0
8.98387 4.34538 1.11052 0
8.88049 4.34654 1.12045 0
8.79066 4.35499 1.14134 0
8.70373 4.33706 1.12352 0
8.60467 4.32332 1.11773 0
8.50369 4.31271 1.1141 0
8.40091 4.31101 1.11323 0
8.29752 4.31947 1.11332 0
8.20233 4.31918 1.09775 0
8.10449 4.30894 1.07435 0
8.01684 4.29566 1.05457 0
7.92791 4.31115 1.0576 0
7.82462 4.31027 1.05115 0
7.71974 4.31828 1.05865 0
7.60173 4.32794 1.07495 0
0.730909 4.3343 1.07003 0
0.62019 4.32571 1.04502 0
0.515841 4.32805 1.02211 0
0.438578 4.37398 1.01375 0
7.65743 4.23761 1.01769 0
7.56124 4.23258 1.03119 0
7.49507 4.26181 1.05747 0
7.40777 4.24379 1.05011 0
7.30753 4.24107 1.05247 0
7.20319 4.2417 1.05533 0
7.09841 4.2428 1.05679 0
6.99376 4.24399 1.05752 0
6.88873 4.24517 1.0582 0
6.78229 4.24615 1.06005 0
6.67275 4.24608 1.06537 0
6.55728 4.24046 1.07571 0
1.04631 4.24394 1.10178 0
0.9398 4.24079 1.0776 0
0.822581 4.25202 1.05533 0
0.709921 4.22688 1.01998 0
0.621191 4.23806 1.01243 0
6.45647 4.17739 1.05438 0
6.35843 4.17506 1.06878 0
6.25423 4.17173 1.07951 0
6.14735 4.16321 1.08033 0
6.04469 4.15614 1.07875 0
5.94302 4.14925 1.07932 0
5.83559 4.16342 1.09756 0
5.73267 4.16057 1.10265 0
5.6309 4.15159 1.10068 0
5.53758 4.13946 1.09297 0
5.43989 4.13433 1.09161 0
5.33999 4.12796 1.08907 0
5.24108 4.12097 1.08535 0
5.14124 4.11715 1.08351 0
5.04046 4.11561 1.08288 0
4.93887 4.11535 1.08278 0
4.83687 4.11543 1.08285 0
4.73468 4.11556 1.08295 0
4.63245 4.11567 1.08303 0
4.53023 4.11575 1.08309 0
4.42803 4.11582 1.08313 0
4.32587 4.11589 1.08319 0
4.22372 4.11599 1.08326 0
4.1216 4.11612 1.08336 0
4.01949 4.11631 1.0835 0
3.91739 4.11657 1.08369 0
3.81527 4.11691 1.08394 0
3.71308 4.11734 1.08426 0
3.61075 4.11782 1.08461 0
3.50816 4.11826 1.08494 0
3.40512 4.11857 1.08516 0
3.3013 4.11829 1.08497 0
3.19648 4.11674 1.08367 0
3.09102 4.11381 1.08035 0
2.98693 4.11443 1.07848 0
2.88287 4.12095 1.08128 0
2.77696 4.12932 1.08657 0
2.67077 4.13488 1.09063 0
2.56529 4.13781 1.09302 0
2.46082 4.13912 1.09411 0
2.35724 4.13962 1.09452 0
2.25423 4.1398 1.09467 0
2.15149 4.13988 1.09473 0
2.04872 4.13995 1.09479 0
1.94563 4.14009 1.0949 0
1.84188 4.14043 1.0952 0
1.73703 4.14143 1.09567 0
1.63055 4.14399 1.09617 0
1.52258 4.14979 1.09574 0
1.4183 4.14886 1.09017 0
1.32571 4.12989 1.07098 0
1.23222 4.14644 1.07091 0
1.12435 4.15738 1.06308 0
1.00606 4.16291 1.04634 0
5.63447 5.22717 0.894349 0
5.54123 5.22051 0.923609 0
5.42733 5.25087 0.913137 0
5.31852 5.2517 0.925436 0
5.21208 5.25188 0.930353 0
5.10729 5.25172 0.931874 0
5.00353 5.25156 0.932146 0
4.90041 5.25155 0.932152 0
4.79769 5.2516 0.932112 0
4.69525 5.25165 0.932067 0
4.59297 5.25167 0.932056 0
4.49076 5.25163 0.932084 0
4.38857 5.25156 0.932146 0
4.28637 5.25151 0.932191 0
4.18417 5.25151 0.932191 0
4.08197 5.25154 0.932163 0
3.97976 5.25158 0.932135 0
3.87746 5.2516 0.932118 0
3.775 5.25165 0.932067 0
3.67228 5.25175 0.931988 0
3.56905 5.25207 0.93171 0
3.46511 5.25328 0.930737 0
3.36092 5.25547 0.927637 0
3.25809 5.2568 0.921335 0
3.15962 5.2495 0.917205 0
3.06626 5.22961 0.924752 0
2.988 5.19875 0.951528 0
2.90329 5.19648 0.945067 0
2.80737 5.1892 0.944428 0
2.71145 5.18864 0.93704 0
2.61312 5.18843 0.931597 0
2.5147 5.18907 0.927603 0
2.41472 5.18919 0.926591 0
2.3136 5.18914 0.926613 0
2.21179 5.189 0.926873 0
2.1096 5.18888 0.927105 0
2.00719 5.1888 0.927241 0
1.90454 5.18876 0.927326 0
1.8015 5.1887 0.927433 0
1.69783 5.18857 0.927705 0
1.59318 5.18815 0.928214 0
1.48725 5.18705 0.928786 0
1.38032 5.18619 0.926681 0
1.27006 5.18578 0.918891 0
1.15316 5.18686 0.900867 0
7.47701 5.1009 0.883697 0
7.39378 5.07717 0.924079 0
7.3034 5.08734 0.913562 0
7.20247 5.09038 0.912232 0
7.09927 5.0915 0.911621 0
6.9956 5.09177 0.91122 0
6.89152 5.09187 0.911044 0
6.7861 5.0925 0.911401 0
6.67694 5.09421 0.914761 0
6.56204 5.09835 0.925267 0
0.911129 5.15563 0.90223 0
0.803911 5.12929 0.90653 0
0.696332 5.11554 0.898988 0
0.583706 5.0998 0.892171 0
8.68163 5.06622 0.888918 0
8.57616 5.05853 0.909653 0
8.47479 5.0551 0.922766 0
8.371 5.05632 0.925776 0
8.26625 5.0578 0.924865 0
8.16092 5.05647 0.923502 0
8.05882 5.04694 0.92693 0
7.95806 5.03422 0.932576 0
7.85411 5.02804 0.934703 0
7.74771 5.0261 0.940434 0
0.473688 5.05881 0.89642 0
0.369022 5.01794 0.88919 0
0.2801 5.01069 0.841827 0
9.37767 4.97352 0.876851 0
9.27489 4.96332 0.916639 0
9.1209 4.90043 1.0087 0
9.16944 4.96802 0.927269 0
9.01458 4.90032 1.01867 0
9.06415 4.96744 0.935133 0
8.90923 4.906 1.0201 0
8.95674 4.96937 0.94096 0
8.80889 4.91605 1.01937 0
8.85395 4.98558 0.937362 0
8.71148 4.92554 1.0238 0
8.75108 4.99367 0.943642 0
0.268961 4.93295 0.897257 0
0.199607 4.9345 0.820635 0
9.72326 4.74601 1.06001 0
9.71951 4.80435 0.95275 0
0.19343 4.84329 0.875499 0
9.78706 4.73038 0.963233 0
0.142061 4.74483 0.848435 0
9.79015 4.66141 1.03338 0
0.146355 4.64598 0.879046 0
9.80603 4.56469 0.993596 0
0.159423 4.5483 0.898434 0
9.77216 4.46029 0.965066 0
0.276728 4.44833 0.972652 0
9.68016 4.38636 0.981308 0
9.5755 4.36202 1.01241 0
9.48536 4.35802 1.03771 0
9.39667 4.33528 1.02373 0
9.30406 4.31392 1.01369 0
9.2202 4.28533 0.989822 0
9.12869 4.28849 1.00773 0
9.02419 4.28683 1.01574 0
8.91396 4.28813 1.0262 0
8.7958 4.29084 1.04401 0
0.341493 4.35565 0.97306 0
0.240515 4.35206 0.920899 0
8.68011 4.26801 1.03345 0
8.57454 4.24803 1.02632 0
8.47357 4.23654 1.02397 0
8.37196 4.23655 1.02549 0
8.27337 4.23667 1.02176 0
8.17561 4.2309 1.01029 0
8.07735 4.22005 0.99531 0
7.97306 4.21706 0.988459 0
7.87001 4.21794 0.986926 0
7.75989 4.20848 0.98227 0
0.531528 4.24088 0.988827 0
0.426709 4.26408 0.965287 0
0.32873 4.26626 0.928554 0
7.65782 4.15213 0.943449 0
7.57005 4.16681 0.972313 0
7.4649 4.16928 0.982168 0
7.3521 4.16096 0.981851 0
7.24145 4.15996 0.989591 0
7.13387 4.16018 0.992832 0
7.02831 4.16093 0.99415 0
6.92384 4.16192 0.99514 0
6.81975 4.16303 0.996707 0
6.71563 4.16348 1.00031 0
6.61162 4.1609 1.0076 0
6.51112 4.13729 1.00136 0
0.890983 4.15925 1.01567 0
0.79624 4.14498 0.983928 0
0.701463 4.1342 0.95817 0
0.602313 4.16191 0.956682 0
6.39264 4.10296 0.987803 0
6.28945 4.10118 1.00588 0
6.18462 4.09519 1.01044 0
6.08506 4.08466 1.00291 0
5.98277 4.08122 1.00414 0
5.87631 4.08554 1.01598 0
5.77454 4.08487 1.0249 0
5.68425 4.08729 1.0373 0
5.59969 4.06241 1.0148 0
5.50629 4.05693 1.01608 0
5.40447 4.04973 1.01805 0
5.30656 4.03706 1.01181 0
5.20655 4.02955 1.00923 0
5.10546 4.02613 1.00838 0
5.00322 4.02534 1.00855 0
4.90062 4.02541 1.00866 0
4.79801 4.02558 1.00881 0
4.69551 4.02574 1.00894 0
4.59312 4.02585 1.00905 0
4.49085 4.02596 1.00913 0
4.38866 4.02606 1.00922 0
4.28652 4.0262 1.00934 0
4.18442 4.02639 1.0095 0
4.08236 4.02665 1.00972 0
3.98034 4.027 1.01002 0
3.87832 4.02747 1.01042 0
3.77628 4.02807 1.01093 0
3.67412 4.02878 1.01153 0
3.57169 4.0295 1.01214 0
3.4688 4.03014 1.01268 0
3.36511 4.03061 1.01309 0
3.25986 4.03019 1.01256 0
3.15234 4.02808 1.00902 0
3.04288 4.02433 0.9991 0
2.93698 4.03132 0.9963 0
2.82816 4.04612 1.00363 0
2.7197 4.05537 1.00995 0
2.61259 4.05989 1.0142 0
2.507 4.06168 1.01641 0
2.40272 4.06236 1.01723 0
2.29933 4.06256 1.01748 0
2.19646 4.06264 1.01757 0
2.09379 4.06271 1.01765 0
1.99109 4.06282 1.0178 0
1.88815 4.06308 1.01811 0
1.78482 4.06364 1.01874 0
1.68108 4.06499 1.0196 0
1.57741 4.06715 1.02046 0
1.47571 4.06726 1.01831 0
1.37704 4.06018 1.00772 0
1.27192 4.06102 0.999621 0
1.16627 4.0685 0.992249 0
1.0588 4.08866 0.997279 0
0.956252 4.09431 0.980584 0
5.43652 5.35546 0.814802 0
5.34786 5.34016 0.844684 0
5.24733 5.34076 0.854397 0
5.14505 5.34101 0.857611 0
5.04241 5.34099 0.858363 0
4.93973 5.34099 0.858425 0
4.83713 5.3411 0.858352 0
4.73471 5.34126 0.858233 0
4.63245 5.34136 0.85816 0
4.53028 5.34133 0.858177 0
4.42811 5.34118 0.85829 0
4.32588 5.34101 0.85842 0
4.22359 5.34095 0.858459 0
4.12133 5.34103 0.858403 0
4.01913 5.34115 0.858318 0
3.9169 5.3412 0.858273 0
3.81453 5.34123 0.85825 0
3.71191 5.34132 0.858182 0
3.60892 5.34129 0.858194 0
3.50479 5.34166 0.858086 0
3.39877 5.34359 0.85601 0
3.29108 5.34653 0.848497 0
3.18315 5.34429 0.831881 0
3.07949 5.31868 0.829087 0
6.4507 5.12526 0.902609 0
6.34144 5.13978 0.899899 0
6.2352 5.14893 0.908425 0
6.12009 5.16478 0.899441 0
6.14819 5.20519 0.792653 0
6.00321 5.17217 0.903842 0
6.05593 5.20928 0.809133 0
5.89141 5.18268 0.901325 0
5.94971 5.21962 0.808601 0
5.7866 5.19625 0.90158 0
5.83859 5.23988 0.805529 0
5.701 5.1942 0.923049 0
5.72189 5.27077 0.809365 0
1.0339 5.17589 0.900114 0
1.07725 5.2226 0.810236 0
0.97078 5.21233 0.813042 0
0.861 5.19828 0.813733 0
0.748074 5.18774 0.805173 0
9.00484 5.13398 0.810876 0
8.89076 5.15015 0.808483 0
8.7975 5.17153 0.801835 0
8.70773 5.15549 0.819939 0
8.60826 5.14926 0.834359 0
8.50795 5.14478 0.84629 0
8.40622 5.14347 0.851903 0
8.30224 5.14491 0.851959 0
8.19651 5.14579 0.848457 0
8.09054 5.14419 0.840497 0
7.99286 5.12773 0.84388 0
7.88954 5.10948 0.850171 0
7.78827 5.1044 0.848146 0
7.63688 5.05902 0.920096 0
7.69554 5.10107 0.854267 0
7.54177 5.0692 0.925295 0
7.59526 5.11972 0.830784 0
0.516123 5.1382 0.813919 0
0.421035 5.09982 0.825206 0
0.337844 5.08272 0.786956 0
9.40639 5.04851 0.791403 0
9.30223 5.04594 0.833233 0
9.19928 5.05113 0.849674 0
9.0981 5.05365 0.856553 0
9.00452 5.03789 0.873168 0
8.90992 5.05832 0.866085 0
8.79708 5.07645 0.865401 0
0.239158 5.03021 0.757748 0
9.63448 4.86326 0.911044 0
9.66824 4.8997 0.809139 0
9.5354 4.89641 0.909183 0
9.58453 4.93284 0.812369 0
9.44359 4.91873 0.916345 0
9.4884 4.97696 0.815475 0
0.15991 4.94188 0.735192 0
9.7874 4.78935 0.88377 0
0.137134 4.83472 0.779936 0
9.82665 4.64598 0.928955 0
9.83066 4.54981 0.90051 0
9.81961 4.46513 0.862623 0
0.191138 4.45363 0.916028 0
9.75696 4.39085 0.884619 0
9.68346 4.33503 0.88157 0
9.59686 4.32159 0.91811 0
9.48607 4.30353 0.939489 0
0.16107 4.37537 0.85567 0
9.38271 4.26545 0.923654 0
9.28637 4.2331 0.913562 0
9.1805 4.21596 0.915791 0
9.07527 4.21459 0.926325 0
8.96877 4.21724 0.937628 0
8.85734 4.22111 0.953604 0
8.75163 4.21328 0.96024 0
0.237285 4.2651 0.885196 0
8.91077 4.14585 0.874685 0
8.80888 4.13885 0.882084 0
8.71134 4.13268 0.891566 0
8.64466 4.18356 0.949706 0
8.549 4.15913 0.939998 0
8.44622 4.15439 0.942765 0
8.34485 4.15326 0.942895 0
8.245 4.15025 0.938477 0
8.14499 4.1437 0.930387 0
8.04147 4.13919 0.923785 0
7.93578 4.13481 0.916447 0
7.83407 4.12755 0.907095 0
7.74022 4.10821 0.884415 0
7.63882 4.09092 0.862804 0
7.53197 4.11096 0.895119 0
0.485738 4.1678 0.920322 0
0.388545 4.1701 0.88381 0
0.298096 4.19439 0.87047 0
7.40019 4.10166 0.892584 0
7.28013 4.10019 0.904793 0
7.16888 4.09839 0.909121 0
7.06202 4.09814 0.910575 0
6.95746 4.0986 0.911463 0
6.85438 4.09927 0.912713 0
6.753 4.0995 0.914886 0
6.6546 4.09756 0.91867 0
6.56219 4.08993 0.922828 0
6.46473 4.07248 0.91923 0
6.37974 4.04685 0.893795 0
6.29704 4.04456 0.912374 0
6.21524 4.04485 0.932525 0
6.12591 4.02976 0.912119 0
6.02599 4.02478 0.913845 0
5.91849 4.02459 0.927733 0
5.80994 4.02544 0.942188 0
5.6921 4.01793 0.94806 0
1.07392 4.02726 0.9293 0
0.98154 4.03186 0.909585 0
0.869712 4.06452 0.921216 0
0.756124 4.06099 0.894762 0
0.641507 4.08053 0.889631 0
0.546837 4.10031 0.878701 0
5.57753 3.98082 0.922387 0
5.47598 3.98611 0.945379 0
5.38228 3.9634 0.934347 0
5.27956 3.94888 0.93123 0
5.17697 3.94022 0.930483 0
5.07264 3.93835 0.931275 0
4.96845 3.93804 0.931631 0
4.86485 3.93817 0.931722 0
4.76178 3.93834 0.931863 0
4.65908 3.93849 0.931999 0
4.55665 3.93862 0.932106 0
4.45442 3.93877 0.932231 0
4.3523 3.93897 0.932401 0
4.25027 3.93925 0.932638 0
4.14832 3.93962 0.932961 0
4.04644 3.94011 0.933374 0
3.94462 3.94075 0.933922 0
3.84285 3.94157 0.934618 0
3.74104 3.94258 0.93549 0
3.63904 3.94371 0.936451 0
3.53663 3.94474 0.937334 0
3.43358 3.94562 0.938098 0
3.32944 3.94656 0.938793 0
3.22258 3.94676 0.937 0
3.11135 3.94621 0.927637 0
2.99357 3.94278 0.899916 0
2.87715 3.97223 0.909155 0
2.76589 3.99007 0.915966 0
2.65723 3.99787 0.92181 0
2.55064 4.00053 0.92538 0
2.4457 4.00125 0.926924 0
2.34192 4.00149 0.92736 0
2.23887 4.00155 0.927467 0
2.13621 4.00158 0.927535 0
2.03373 4.00165 0.927654 0
1.93128 4.00178 0.927909 0
1.8288 4.00206 0.928412 0
1.72635 4.00256 0.929233 0
1.62421 4.00337 0.930121 0
1.52313 4.00343 0.929504 0
1.42357 4.00081 0.924277 0
1.32295 3.99945 0.917895 0
1.22439 4.00176 0.913053 0
1.13841 3.99743 0.895854 0
7.04819 9.07865 0.656872 0
6.95526 9.0869 0.662263 0
6.86028 9.09077 0.663553 0
6.7635 9.0927 0.663406 0
6.66534 9.09366 0.662846 0
6.56629 9.09394 0.66245 0
6.46675 9.09253 0.661024 0
6.3671 9.08809 0.654004 0
6.27191 9.07398 0.63465 0
6.97478 8.99698 0.689039 0
6.87935 9.00271 0.694946 0
6.78205 9.00531 0.696128 0
6.6835 9.0065 0.696055 0
6.58402 9.00699 0.695913 0
6.48392 9.00653 0.695664 0
6.38303 9.00477 0.693017 0
6.28163 9.00011 0.680983 0
6.18309 8.99849 0.640562 0
6.98952 8.90273 0.696892 0
6.89381 8.90952 0.706617 0
6.79613 8.91271 0.709576 0
6.69731 8.91394 0.710056 0
6.5976 8.91453 0.709955 0
6.49728 8.91451 0.70996 0
6.3962 8.91414 0.709298 0
6.29342 8.91368 0.704682 0
6.18958 8.9162 0.685651 0
6.0925 8.91365 0.642995 0
7.00225 8.8067 0.69279 0
6.90548 8.81524 0.70772 0
6.80699 8.81912 0.713202 0
6.70792 8.81995 0.714396 0
6.60809 8.82048 0.714328 0
6.50794 8.82052 0.714328 0
6.40754 8.82056 0.714356 0
6.30615 8.82225 0.713338 0
6.20138 8.82571 0.707166 0
6.09849 8.82626 0.687382 0
6.00296 8.82174 0.646146 0
6.91545 8.7204 0.703375 0
6.81683 8.72569 0.712325 0
6.7181 8.72509 0.71508 0
6.6183 8.7253 0.715171 0
6.51808 8.72509 0.715171 0
6.41806 8.72492 0.715171 0
6.31836 8.72633 0.715233 0
6.21817 8.73333 0.714158 0
6.11198 8.73345 0.708071 0
6.01284 8.72583 0.691846 0
5.91675 8.72624 0.651152 0
6.92592 8.62258 0.693 0
6.82928 8.63272 0.708687 0
6.73252 8.62878 0.714011 0
6.63341 8.62839 0.715069 0
6.53327 8.62783 0.715131 0
6.43223 8.62736 0.715137 0
6.33182 8.62791 0.715131 0
6.23268 8.63272 0.715233 0
6.1383 8.64766 0.714486 0
6.03888 8.62012 0.711912 0
5.93263 8.62698 0.695421 0
5.8356 8.62936 0.656651 0
6.84563 8.54053 0.701531 0
6.75684 8.53046 0.71017 0
6.65887 8.52963 0.714339 0
6.55944 8.52815 0.715063 0
6.45762 8.52856 0.715137 0
6.35332 8.52823 0.715137 0
6.2487 8.53224 0.715125 0
6.13964 8.54725 0.715318 0
6.03439 8.51735 0.714882 0
5.94644 8.51939 0.712065 0
5.84849 8.52837 0.69507 0
5.75455 8.52901 0.657081 0
6.81415 8.43623 0.69662 0
6.70228 8.43277 0.711188 0
6.59915 8.42696 0.714933 0
6.49631 8.42779 0.715188 0
6.39145 8.43043 0.715137 0
6.28235 8.42879 0.715137 0
6.18072 8.43724 0.715137 0
6.08502 8.44781 0.715069 0
5.98282 8.40512 0.714961 0
5.87317 8.42072 0.710249 0
5.7698 8.42797 0.692722 0
5.67559 8.42692 0.652075 0
6.7357 8.34245 0.702425 0
6.64131 8.32593 0.710741 0
6.53988 8.3252 0.71465 0
6.43622 8.33015 0.715097 0
6.32794 8.3379 0.715131 0
6.20545 8.32716 0.715137 0
6.09292 8.35387 0.715125 0
5.99489 8.29156 0.715148 0
5.89079 8.31519 0.714628 0
5.78584 8.32471 0.709106 0
5.68373 8.32889 0.689198 0
5.58952 8.32902 0.645591 0
6.7009 8.23131 0.69649 0
6.58694 8.22279 0.711154 0
6.48063 8.22635 0.714978 0
6.37861 8.23693 0.715278 0
6.27953 8.25424 0.71512 0
6.19475 8.20672 0.715137 0
6.10165 8.2534 0.715137 0
6.00195 8.18589 0.715131 0
5.89873 8.21023 0.715154 0
5.79659 8.22221 0.714135 0
5.69374 8.22836 0.707731 0
5.59216 8.23206 0.68625 0
5.4981 8.23061 0.641648 0
6.60865 8.12257 0.701904 0
6.50534 8.12376 0.712076 0
6.40172 8.13457 0.715046 0
6.29759 8.15701 0.715171 0
6.20447 8.09991 0.715131 0
6.10231 8.14544 0.715137 0
6.00556 8.08254 0.715137 0
5.90431 8.10862 0.715137 0
5.80338 8.11975 0.715154 0
5.70305 8.12771 0.713858 0
5.60125 8.13217 0.707035 0
5.49922 8.13506 0.685328 0
5.40604 8.12821 0.644454 0
6.5136 8.02178 0.707154 0
6.41237 8.03312 0.713802 0
6.3088 8.05766 0.715182 0
6.21096 7.99654 0.715125 0
6.10933 8.04219 0.715137 0
6.01486 7.98407 0.715137 0
5.90866 8.0092 0.715137 0
5.81358 8.01741 0.715137 0
5.71113 8.02665 0.715154 0
5.61666 8.02971 0.714186 0
5.51188 8.0392 0.707086 0
5.41147 8.02837 0.690047 0
5.31962 8.02175 0.654383 0
6.51291 7.91815 0.700858 0
6.41466 7.9312 0.711629 0
6.31328 7.95669 0.714978 0
6.21264 7.8937 0.715103 0
6.11302 7.93892 0.715137 0
6.01473 7.88174 0.715137 0
5.92445 7.92343 0.715137 0
5.82218 7.9045 0.715137 0
5.73087 7.93642 0.71512 0
5.62912 7.9145 0.715289 0
5.53953 7.94787 0.714452 0
5.43999 7.93142 0.711301 0
5.33284 7.91115 0.698595 0
5.23387 7.92074 0.658337 0
6.51062 7.81304 0.692773 0
6.41366 7.82797 0.708704 0
6.31355 7.85454 0.714407 0
6.2113 7.79139 0.715069 0
6.11139 7.83644 0.715137 0
6.00639 7.78392 0.715137 0
5.90595 7.83175 0.715137 0
5.79938 7.79006 0.715137 0
5.70886 7.83707 0.715137 0
5.59927 7.79847 0.715137 0
5.51526 7.84819 0.715041 0
5.40999 7.81997 0.714169 0
5.31825 7.79458 0.710871 0
5.23361 7.81561 0.693973 0
5.1441 7.82095 0.652968 0
6.4116 7.72354 0.70415 0
6.31221 7.75159 0.713077 0
6.20963 7.68941 0.714927 0
6.10779 7.73588 0.715137 0
6.00456 7.68439 0.715137 0
5.90191 7.73475 0.715137 0
5.80135 7.68759 0.715137 0
5.68894 7.72421 0.715137 0
5.58436 7.70215 0.715137 0
5.47878 7.73367 0.715041 0
5.36515 7.7016 0.714684 0
5.2561 7.69797 0.710407 0
5.15514 7.71598 0.691008 0
5.06316 7.72299 0.642893 0
6.40924 7.61729 0.695732 0
6.31092 7.64751 0.710905 0
6.20887 7.5869 0.714113 0
6.10682 7.63471 0.715165 0
6.00467 7.58319 0.715137 0
5.90314 7.63406 0.715137 0
5.80554 7.58152 0.715137 0
5.71285 7.62998 0.715137 0
5.61186 7.60321 0.715137 0
5.50995 7.63573 0.715131 0
5.41095 7.61132 0.715165 0
5.2946 7.58889 0.715159 0
5.17735 7.60779 0.709717 0
5.07087 7.62238 0.686296 0
4.9764 7.62968 0.63091 0
6.30927 7.54134 0.706696 0
6.20815 7.48396 0.711895 0
6.10648 7.53297 0.715188 0
6.00406 7.48144 0.715114 0
5.90357 7.53124 0.715137 0
5.79987 7.48038 0.715137 0
5.70035 7.53189 0.715137 0
5.59495 7.49014 0.715137 0
5.49726 7.53875 0.715137 0
5.3807 7.49263 0.715137 0
5.27424 7.48481 0.715131 0
5.18243 7.50633 0.714118 0
5.08049 7.51916 0.706939 0
4.97815 7.53478 0.679365 0
4.88541 7.54446 0.615624 0
6.30582 7.43049 0.697955 0
6.20503 7.38219 0.708795 0
6.10501 7.43146 0.714848 0
6.00089 7.38036 0.715091 0
5.90071 7.43002 0.715137 0
5.79751 7.37946 0.715137 0
5.69508 7.43128 0.715137 0
5.59114 7.38396 0.715137 0
5.4871 7.43582 0.715137 0
5.38881 7.37511 0.715137 0
5.28862 7.39201 0.715137 0
5.18409 7.40138 0.715131 0
5.08582 7.4158 0.71357 0
4.98452 7.43295 0.70419 0
4.88296 7.45484 0.670715 0
4.78828 7.37667 0.662586 0
6.1898 7.28786 0.70578 0
6.09812 7.33127 0.713609 0
5.99919 7.27752 0.714984 0
5.89921 7.32825 0.715137 0
5.79746 7.27796 0.715137 0
5.69452 7.32973 0.715137 0
5.59325 7.2794 0.715137 0
5.4906 7.32902 0.715137 0
5.39177 7.26714 0.715137 0
5.29198 7.29203 0.715137 0
5.19077 7.30359 0.715137 0
5.0902 7.31262 0.715097 0
4.9919 7.32861 0.713128 0
4.88865 7.35552 0.700456 0
4.79443 7.28004 0.697888 0
4.69979 7.28495 0.663214 0
6.20291 7.20003 0.695319 0
6.09768 7.22732 0.711352 0
5.99995 7.17406 0.714141 0
5.89919 7.22547 0.715176 0
5.79855 7.17604 0.715137 0
5.69611 7.22766 0.715137 0
5.59597 7.17654 0.715137 0
5.49336 7.22481 0.715137 0
5.39441 7.16463 0.715137 0
5.29438 7.19056 0.715137 0
5.19779 7.20628 0.715137 0
5.09445 7.2145 0.715137 0
4.99909 7.2198 0.715131 0
4.90149 7.25443 0.712076 0
4.81585 7.19117 0.712116 0
4.71303 7.17731 0.702068 0
4.614 7.19082 0.665437 0
6.10228 7.12612 0.706028 0
6.00119 7.07061 0.711409 0
5.90027 7.12151 0.71525 0
5.79986 7.07458 0.715103 0
5.69789 7.12576 0.715137 0
5.59804 7.07421 0.715137 0
5.49761 7.12304 0.715137 0
5.40173 7.06677 0.715137 0
5.29584 7.09267 0.715137 0
5.2013 7.1008 0.715137 0
5.11022 7.12844 0.715137 0
5.00905 7.10561 0.715154 0
4.91054 7.1465 0.714877 0
4.80854 7.09784 0.715058 0
4.71681 7.07166 0.71327 0
4.61992 7.0802 0.701842 0
4.52321 7.10146 0.659333 0
6.09851 7.01735 0.695687 0
5.99481 6.96584 0.707256 0
5.89931 7.01482 0.714469 0
5.79739 6.97537 0.715063 0
5.69807 7.02466 0.715137 0
5.59642 6.97225 0.715137 0
5.49938 7.02059 0.715137 0
5.40127 6.9652 0.715137 0
5.30948 7.00741 0.715137 0
5.20347 6.99281 0.715137 0
5.09877 7.0328 0.715137 0
4.99232 6.98738 0.715137 0
4.90183 7.04049 0.715069 0
4.79703 6.99012 0.715318 0
4.6956 6.97402 0.715148 0
4.60325 6.97291 0.710775 0
4.51885 6.99919 0.692807 0
4.43258 7.00852 0.647735 0
5.98347 6.86701 0.70019 0
5.88374 6.90108 0.712455 0
5.78234 6.88292 0.714995 0
5.69172 6.92512 0.715154 0
5.59374 6.86954 0.715137 0
5.49674 6.91801 0.715137 0
5.3926 6.86688 0.715137 0
5.29269 6.91744 0.715137 0
5.18855 6.87949 0.715137 0
5.0919 6.93138 0.715137 0
4.98269 6.87935 0.715137 0
4.88223 6.92994 0.715137 0
4.76396 6.876 0.71512 0
4.64581 6.87579 0.714582 0
4.53746 6.88723 0.708625 0
4.44077 6.90381 0.686539 0
4.3528 6.90614 0.637564 0
5.8934 6.78982 0.706379 0
5.79719 6.79681 0.713281 0
5.69117 6.82272 0.71525 0
5.5934 6.76764 0.71512 0
5.49278 6.81687 0.715137 0
5.39017 6.76649 0.715137 0
5.28808 6.8186 0.715137 0
5.18513 6.77245 0.715137 0
5.08389 6.82581 0.715137 0
4.97937 6.77389 0.715137 0
4.87357 6.82531 0.715137 0
4.77496 6.76215 0.715137 0
4.67137 6.78054 0.715148 0
4.56386 6.78573 0.714407 0
4.46054 6.79703 0.70785 0
4.36166 6.80748 0.684582 0
4.27066 6.80347 0.63861 0
5.89784 6.68828 0.696258 0
5.79906 6.69868 0.710237 0
5.69729 6.72521 0.714916 0
5.59548 6.66709 0.71508 0
5.49238 6.71544 0.715137 0
5.39018 6.66501 0.715137 0
5.28738 6.71707 0.715137 0
5.18538 6.66778 0.715137 0
5.08291 6.72081 0.715137 0
4.98258 6.66824 0.715137 0
4.87928 6.71827 0.715137 0
4.78272 6.6555 0.715137 0
4.68029 6.67903 0.715137 0
4.57954 6.68567 0.715171 0
4.47881 6.69153 0.71426 0
4.38169 6.70456 0.70798 0
4.28228 6.70976 0.686788 0
4.19069 6.69467 0.651548 0
5.79923 6.59791 0.705027 0
5.69823 6.62494 0.713462 0
5.59578 6.56556 0.714922 0
5.49309 6.6139 0.715137 0
5.39054 6.56301 0.715137 0
5.28791 6.61463 0.715137 0
5.18616 6.5639 0.715137 0
5.08436 6.61598 0.715137 0
4.98452 6.56267 0.715137 0
4.88499 6.61267 0.715137 0
4.79132 6.5522 0.715137 0
4.68977 6.57944 0.715137 0
4.59108 6.58381 0.715131 0
4.49146 6.58827 0.715216 0
4.39375 6.59425 0.714441 0
4.30741 6.61501 0.709332 0
4.21586 6.59788 0.697995 0
4.1131 6.58031 0.665737 0
5.7967 6.49487 0.696168 0
5.69777 6.52288 0.711046 0
5.59525 6.46325 0.71413 0
5.49302 6.51184 0.715176 0
5.39025 6.46072 0.715137 0
5.28815 6.51193 0.715137 0
5.18626 6.46044 0.715137 0
5.0851 6.51164 0.715137 0
4.98493 6.45784 0.715137 0
4.88603 6.50611 0.715137 0
4.78696 6.4447 0.715137 0
4.70493 6.48381 0.715137 0
4.61211 6.47957 0.715137 0
4.51182 6.48543 0.715114 0
4.40484 6.49122 0.715346 0
4.2936 6.50394 0.71422 0
4.18449 6.48823 0.707811 0
4.09135 6.47147 0.691546 0
4.01271 6.48687 0.650643 0
5.69642 6.4192 0.706764 0
5.59424 6.36042 0.711974 0
5.49241 6.40944 0.715199 0
5.38973 6.3583 0.71512 0
5.28773 6.40912 0.715137 0
5.18536 6.35704 0.715137 0
5.085 6.4076 0.715137 0
4.98473 6.35327 0.715137 0
4.88529 6.40187 0.715137 0
4.78248 6.34871 0.715137 0
4.67218 6.38094 0.715137 0
4.55354 6.37961 0.715137 0
4.44568 6.38997 0.715137 0
4.33038 6.3954 0.714967 0
4.22868 6.38523 0.714096 0
4.12401 6.37681 0.70901 0
4.02002 6.3799 0.689249 0
3.93148 6.3865 0.641501 0
9.86708 6.20113 0.663055 0
9.78127 6.20623 0.671366 0
9.69626 6.20869 0.674879 0
9.60497 6.21395 0.672927 0
9.51112 6.21655 0.67157 0
9.41549 6.21884 0.67028 0
9.31972 6.22039 0.669261 0
9.22573 6.2203 0.668786 0
9.13461 6.21639 0.668554 0
9.04412 6.21162 0.665143 0
8.95362 6.20199 0.647187 0
5.69398 6.31428 0.698368 0
5.59281 6.25702 0.708648 0
5.49166 6.30673 0.714854 0
5.38881 6.25575 0.715086 0
5.2871 6.30633 0.715137 0
5.18472 6.25406 0.715137 0
5.08274 6.30313 0.715137 0
4.97888 6.24621 0.715137 0
4.88681 6.29752 0.715137 0
4.79851 6.25082 0.715137 0
4.70003 6.27252 0.715137 0
4.59505 6.28212 0.715137 0
4.47858 6.27852 0.715137 0
4.37515 6.30876 0.715125 0
4.26589 6.27437 0.715137 0
4.15464 6.27825 0.714509 0
4.04568 6.27896 0.708874 0
3.94104 6.28452 0.686935 0
3.84832 6.28505 0.638899 0
9.80004 6.12736 0.688395 0
9.71534 6.12123 0.698883 0
9.62491 6.12912 0.699822 0
9.53207 6.1316 0.699404 0
9.43638 6.13406 0.698815 0
9.33917 6.13567 0.698453 0
9.2434 6.13441 0.698697 0
9.15063 6.13148 0.699127 0
9.06021 6.12885 0.697882 0
8.96942 6.1316 0.689509 0
8.87606 6.14431 0.646332 0
5.59 6.15331 0.703166 0
5.48999 6.20359 0.713326 0
5.38737 6.15247 0.714961 0
5.28631 6.20295 0.715137 0
5.18404 6.15024 0.715137 0
5.08272 6.19994 0.715137 0
4.98246 6.14459 0.715137 0
4.87156 6.18035 0.715137 0
4.74953 6.16367 0.715137 0
4.64607 6.17766 0.715137 0
4.53921 6.18162 0.715137 0
4.44835 6.16849 0.715137 0
4.36386 6.21435 0.715137 0
4.26992 6.15434 0.715137 0
4.17008 6.17736 0.715154 0
4.06555 6.17848 0.714322 0
3.96005 6.18157 0.708478 0
3.85691 6.18605 0.687093 0
3.76172 6.18284 0.642163 0
9.81536 6.05146 0.686448 0
9.73493 6.03104 0.703584 0
9.64047 6.03928 0.710158 0
9.54872 6.04112 0.711216 0
9.45374 6.04396 0.710905 0
9.35496 6.04719 0.710611 0
9.25653 6.04473 0.710843 0
9.15938 6.0413 0.711165 0
9.06688 6.03853 0.711041 0
8.97647 6.04448 0.708167 0
8.8863 6.07215 0.690912 0
8.79766 6.07123 0.651294 0
5.58578 6.05019 0.694012 0
5.48741 6.09909 0.710922 0
5.38413 6.04825 0.714254 0
5.28483 6.09785 0.715176 0
5.18196 6.04525 0.715131 0
5.08175 6.09388 0.715137 0
4.97994 6.03506 0.715137 0
4.89459 6.08002 0.715137 0
4.79681 6.07239 0.715137 0
4.6803 6.06298 0.715137 0
4.58094 6.09221 0.715137 0
4.47408 6.06373 0.715137 0
4.36787 6.1011 0.715137 0
4.2774 6.04312 0.715137 0
4.17821 6.07326 0.715131 0
4.07984 6.07626 0.715205 0
3.97861 6.07778 0.714458 0
3.87585 6.08131 0.709287 0
3.77374 6.08453 0.690872 0
3.67612 6.07988 0.651152 0
9.74824 5.94034 0.691698 0
9.6558 5.95124 0.709479 0
9.55987 5.94708 0.714124 0
9.47113 5.94878 0.714577 0
9.37289 5.95702 0.714396 0
9.27397 5.95295 0.714503 0
9.17176 5.95036 0.71456 0
9.06894 5.94553 0.714763 0
8.97317 5.95225 0.714096 0
8.87722 5.99084 0.705904 0
8.7866 5.97777 0.692077 0
8.69761 5.9645 0.659729 0
5.48015 5.99256 0.707002 0
5.37824 5.94353 0.712506 0
5.28064 5.98905 0.715216 0
5.17562 5.94007 0.715125 0
5.07808 5.98471 0.715137 0
4.96984 5.93559 0.715148 0
4.86151 5.97219 0.715137 0
4.74648 5.96806 0.715137 0
4.64539 5.95511 0.715137 0
4.56309 5.99425 0.715137 0
4.46148 5.94465 0.715137 0
4.37115 5.98947 0.715137 0
4.26869 5.93282 0.715142 0
4.18956 5.97342 0.715137 0
4.09809 5.9707 0.71512 0
4.00042 5.97206 0.715306 0
3.8998 5.97433 0.715103 0
3.7982 5.97759 0.71181 0
3.6968 5.98022 0.697899 0
3.59776 5.97957 0.663519 0
9.67658 5.8603 0.696586 0
9.58311 5.86166 0.711154 0
9.47704 5.84192 0.714707 0
9.39524 5.86499 0.715131 0
9.30186 5.85747 0.715205 0
9.19914 5.85693 0.715205 0
9.09054 5.85498 0.715193 0
8.97253 5.85016 0.715369 0
8.87514 5.89282 0.713326 0
8.77594 5.88161 0.707884 0
8.67985 5.87135 0.692564 0
8.59406 5.86386 0.658083 0
5.47335 5.87649 0.699358 0
5.36983 5.84829 0.711114 0
5.26946 5.87221 0.714882 0
5.16479 5.84354 0.715414 0
5.06557 5.86892 0.715165 0
4.96443 5.8381 0.715431 0
4.86934 5.86048 0.715222 0
4.77028 5.86661 0.715176 0
4.66472 5.86052 0.715216 0
4.55261 5.87217 0.715142 0
4.44762 5.84373 0.715363 0
4.35086 5.86745 0.715176 0
4.24197 5.8392 0.715414 0
4.14616 5.86778 0.715171 0
4.03504 5.86523 0.715182 0
3.92991 5.86653 0.71512 0
3.82719 5.86851 0.714792 0
3.72632 5.87072 0.712285 0
3.6286 5.87257 0.703353 0
3.54156 5.88209 0.678986 0
3.46029 5.83245 0.665958 0
9.62846 5.76678 0.696026 0
9.53839 5.77083 0.711046 0
9.45346 5.72642 0.713377 0
9.35741 5.76307 0.715244 0
9.24155 5.76076 0.715125 0
9.13289 5.76013 0.715137 0
9.02775 5.75822 0.715137 0
8.92843 5.75077 0.71508 0
8.84414 5.78473 0.714599 0
8.75018 5.78521 0.712268 0
8.65999 5.76862 0.707471 0
8.57193 5.77114 0.689832 0
8.48542 5.76129 0.652884 0
5.39616 5.75991 0.706402 0
5.29207 5.75971 0.714464 0
5.19502 5.7544 0.716862 0
5.08883 5.75532 0.717015 0
4.99131 5.75029 0.717258 0
4.88535 5.7504 0.717247 0
4.78577 5.75829 0.716885 0
4.68533 5.75839 0.716879 0
4.58093 5.76126 0.716755 0
4.47958 5.7534 0.717105 0
4.37171 5.75348 0.7171 0
4.27256 5.75059 0.717236 0
4.16408 5.75274 0.717134 0
4.06346 5.76016 0.7168 0
3.95911 5.75926 0.71684 0
3.85541 5.75982 0.716823 0
3.75246 5.76107 0.7168 0
3.64968 5.76283 0.715442 0
3.54558 5.767 0.707912 0
3.45032 5.73089 0.700462 0
3.36924 5.74588 0.659672 0
9.563 5.67507 0.696021 0
9.4596 5.62588 0.70811 0
9.36143 5.64827 0.71465 0
9.26359 5.66446 0.715159 0
9.15881 5.66317 0.715154 0
9.05428 5.66037 0.715176 0
8.94999 5.65663 0.715205 0
8.84238 5.66901 0.715091 0
8.73886 5.68106 0.714492 0
8.63037 5.6648 0.712404 0
8.54326 5.67802 0.702906 0
8.46091 5.657 0.691138 0
8.37686 5.64847 0.656991 0
5.40923 5.65867 0.705932 0
5.31328 5.65444 0.718786 0
5.21501 5.65024 0.724104 0
5.11454 5.64963 0.725094 0
5.01315 5.64696 0.725558 0
4.91102 5.64651 0.725631 0
4.80794 5.64842 0.725343 0
4.70681 5.65046 0.725043 0
4.60493 5.65179 0.72485 0
4.50324 5.64942 0.725201 0
4.3999 5.64807 0.725393 0
4.29664 5.646 0.725705 0
4.1934 5.64698 0.725558 0
4.08961 5.64909 0.725241 0
3.98771 5.65095 0.724969 0
3.88485 5.65073 0.725003 0
3.78205 5.6511 0.724941 0
3.67955 5.65209 0.724964 0
3.57752 5.6539 0.724262 0
3.47944 5.64213 0.723153 0
3.37548 5.6395 0.709847 0
3.28626 5.64702 0.668509 0
9.46125 5.53409 0.698284 0
9.36869 5.53387 0.711505 0
9.27083 5.55976 0.715142 0
9.17227 5.56494 0.715544 0
9.07189 5.56154 0.716076 0
8.97008 5.55838 0.716506 0
8.86456 5.56367 0.716455 0
8.75891 5.57054 0.716234 0
8.65415 5.56738 0.716246 0
8.54085 5.56821 0.713807 0
8.43135 5.55205 0.707431 0
8.33528 5.54763 0.686771 0
8.26441 5.5548 0.637365 0
5.4325 5.55365 0.717083 0
5.33959 5.54746 0.73548 0
5.24403 5.54295 0.74516 0
5.14504 5.54183 0.748379 0
5.04457 5.54079 0.749103 0
4.94278 5.54002 0.749381 0
4.84045 5.54051 0.749222 0
4.73824 5.54133 0.748956 0
4.63637 5.54227 0.748651 0
4.53463 5.54184 0.748792 0
4.43234 5.54101 0.749058 0
4.32981 5.53997 0.749403 0
4.2269 5.53968 0.749494 0
4.12415 5.54055 0.749211 0
4.0217 5.54138 0.748939 0
3.91957 5.54178 0.748809 0
3.81712 5.54175 0.74882 0
3.7146 5.54206 0.748696 0
3.61218 5.54278 0.748634 0
3.51056 5.53945 0.749726 0
3.40609 5.53781 0.747723 0
3.30082 5.54081 0.731339 0
3.20403 5.54073 0.690957 0
9.43879 5.43408 0.692881 0
9.3503 5.42513 0.712059 0
9.26968 5.4545 0.716178 0
9.17854 5.46392 0.717456 0
9.08405 5.46111 0.718876 0
8.98811 5.45574 0.72067 0
8.88699 5.45956 0.721388 0
8.78323 5.46427 0.721592 0
8.68013 5.46279 0.722282 0
8.57601 5.45998 0.723091 0
8.47166 5.45257 0.723493 0
8.36356 5.44624 0.719487 0
8.25435 5.45258 0.695953 0
8.15298 5.43312 0.656136 0
5.47383 5.45312 0.742026 0
5.38062 5.44455 0.768627 0
5.28731 5.43769 0.786244 0
5.18872 5.43727 0.792393 0
5.08816 5.43701 0.794181 0
4.98654 5.43672 0.794549 0
4.88431 5.43673 0.794549 0
4.78199 5.43705 0.794385 0
4.67979 5.43744 0.79417 0
4.57778 5.43754 0.794119 0
4.47569 5.43728 0.794254 0
4.37346 5.43682 0.794509 0
4.27104 5.4365 0.794684 0
4.16855 5.4366 0.794622 0
4.06624 5.43697 0.794424 0
3.96404 5.4372 0.794294 0
3.8618 5.43728 0.794254 0
3.75934 5.43733 0.794232 0
3.65667 5.43755 0.794073 0
3.55376 5.4369 0.794622 0
3.4488 5.43677 0.794622 0
3.34057 5.4395 0.789457 0
3.22936 5.44036 0.769057 0
3.11266 5.42945 0.728624 0
9.37423 5.32568 0.706866 0
9.27855 5.33897 0.722559 0
9.19291 5.35832 0.724075 0
9.0999 5.36035 0.726655 0
9.01028 5.34793 0.732974 0
8.91423 5.35298 0.735056 0
8.81239 5.36002 0.73552 0
8.70999 5.3589 0.737862 0
8.60939 5.35273 0.741607 0
8.50827 5.347 0.745081 0
8.4048 5.3427 0.746897 0
8.29789 5.34441 0.742728 0
8.19264 5.34247 0.728403 0
8.08868 5.33076 0.697803 0
5.73344 5.35189 0.69864 0
5.60227 5.28968 0.829511 0
5.64062 5.35531 0.750608 0
5.50289 5.29183 0.853379 0
5.53577 5.36701 0.777209 0
2.97036 5.27061 0.853679 0
2.99172 5.34951 0.754121 0
2.87138 5.24833 0.86182 0
2.78108 5.2432 0.848904 0
2.68144 5.23643 0.83983 0
2.58461 5.23362 0.829539 0
2.48448 5.23118 0.826473 0
2.38267 5.23023 0.826032 0
2.28016 5.22999 0.826433 0
2.17745 5.22985 0.826875 0
2.07474 5.22976 0.827191 0
1.97205 5.2297 0.827389 0
1.86929 5.22964 0.827582 0
1.76635 5.22955 0.827876 0
1.66314 5.2294 0.828413 0
1.55976 5.22913 0.829143 0
1.45673 5.22882 0.829024 0
1.35449 5.22868 0.82645 0
1.25505 5.22817 0.819695 0
1.16883 5.23252 0.797643 0
9.37142 5.21959 0.724256 0
9.29227 5.23481 0.740187 0
9.20504 5.24144 0.748136 0
9.12642 5.26568 0.744747 0
9.04582 5.23957 0.758738 0
8.95054 5.24112 0.763428 0
8.85187 5.25716 0.761453 0
8.74868 5.25996 0.764508 0
8.6511 5.25008 0.774929 0
8.55182 5.24406 0.783177 0
8.45096 5.24003 0.788874 0
8.3473 5.23994 0.790153 0
8.24146 5.24113 0.786504 0
8.13253 5.23906 0.774539 0
8.01791 5.23498 0.747135 0
7.92608 5.18802 0.768785 0
7.82549 5.17608 0.754404 0
7.50045 5.13561 0.79465 0
7.39041 5.12821 0.820278 0
7.28138 5.12971 0.816556 0
7.17514 5.13066 0.815277 0
7.07022 5.13089 0.814655 0
6.96564 5.1309 0.814609 0
6.86049 5.13074 0.815418 0
6.75376 5.13075 0.818004 0
6.64562 5.13213 0.823192 0
6.54001 5.14043 0.820363 0
6.42953 5.15678 0.80704 0
6.31975 5.17466 0.794939 0
6.3332 5.19228 0.685153 0
6.22212 5.18385 0.823774 0
6.23644 5.20733 0.70867 0
0.630118 5.16468 0.812669 0
0.661364 5.21456 0.717643 0
0.552449 5.19027 0.723374 0
9.42157 5.13597 0.721252 0
9.3319 5.13055 0.769973 0
9.23385 5.1388 0.786889 0
9.12507 5.15218 0.791748 0
9.72896 4.85001 0.851195 0
9.74368 4.88044 0.742281 0
9.83243 4.72395 0.854754 0
0.10715 4.7292 0.767891 0
9.85436 4.64277 0.826756 0
0.105334 4.63753 0.791443 0
9.8595 4.55946 0.802135 0
0.110103 4.54472 0.809071 0
9.85284 4.47899 0.770154 0
0.125429 4.45325 0.826433 0
9.80669 4.39601 0.778482 0
9.73633 4.32971 0.787279 0
9.63583 4.27798 0.807606 0
9.5427 4.26367 0.84904 0
9.45347 4.22039 0.837425 0
0.169109 4.29277 0.829403 0
9.35577 4.17251 0.83204 0
9.24812 4.1448 0.840458 0
9.13584 4.13587 0.848938 0
9.02343 4.13079 0.854035 0
0.290334 4.14152 0.799872 0
0.213547 4.20276 0.807498 0
9.31278 4.06414 0.770562 0
9.19764 4.05113 0.786057 0
9.09198 4.04538 0.791494 0
9.00348 4.02781 0.785887 0
8.93794 4.06719 0.814989 0
8.84748 4.05149 0.815911 0
8.74298 4.05114 0.829013 0
8.62902 4.07614 0.862414 0
8.51934 4.07031 0.86724 0
8.41399 4.06773 0.868761 0
8.31179 4.06573 0.86746 0
8.21087 4.06228 0.863093 0
8.10931 4.05973 0.857713 0
8.0068 4.06101 0.852864 0
7.90302 4.05247 0.832249 0
7.80951 4.04325 0.804709 0
7.6991 4.04433 0.777848 0
7.57813 4.05923 0.791182 0
7.47317 4.06638 0.805348 0
7.37799 4.05892 0.793247 0
7.29117 4.06179 0.810729 0
7.19075 4.05987 0.813252 0
7.08778 4.05924 0.813863 0
6.9846 4.05924 0.814383 0
6.88174 4.05957 0.815498 0
6.77977 4.05984 0.816935 0
6.68004 4.05817 0.818785 0
6.58555 4.05262 0.819486 0
6.50269 4.04694 0.834042 0
6.41548 4.02563 0.809399 0
6.30881 4.01145 0.810689 0
6.19942 4.00305 0.826852 0
0.66215 4.0259 0.820612 0
0.564375 4.03731 0.792455 0
0.459986 4.08778 0.820289 0
0.368931 4.10445 0.799403 0
9.31934 3.94279 0.722644 0
9.22681 3.95454 0.742603 0
9.12404 3.94861 0.748113 0
9.02011 3.94048 0.750552 0
8.90852 3.95941 0.765538 0
8.79452 3.95819 0.774425 0
8.68283 3.97036 0.790555 0
8.57929 3.97906 0.802559 0
8.47412 3.9779 0.804913 0
8.37057 3.97611 0.803872 0
8.26923 3.9749 0.800574 0
8.1678 3.97449 0.794435 0
8.06768 3.97904 0.786147 0
7.97161 3.99063 0.778227 0
6.07469 3.98196 0.809535 0
5.96305 3.97846 0.832266 0
5.85481 3.97308 0.848921 0
5.75959 3.97031 0.867494 0
5.67335 3.94132 0.848616 0
5.5813 3.90138 0.828877 0
5.47966 3.90598 0.861101 0
2.90526 3.90716 0.807572 0
2.80081 3.93782 0.813501 0
2.69377 3.95402 0.819452 0
2.5871 3.95927 0.824204 0
2.48181 3.96036 0.826592 0
2.37772 3.96053 0.827378 0
2.27447 3.96057 0.827531 0
2.17174 3.96059 0.827559 0
2.06932 3.9606 0.827621 0
1.96708 3.96065 0.827774 0
1.86498 3.96075 0.828102 0
1.76305 3.96092 0.828668 0
1.6614 3.96117 0.829415 0
1.56021 3.96125 0.829528 0
1.45943 3.96058 0.827248 0
1.35783 3.95988 0.823175 0
1.25494 3.96044 0.818756 0
1.15153 3.96289 0.8107 0
1.04136 3.97899 0.826354 0
0.926613 3.99308 0.826116 0
0.826337 4.00253 0.822682 0
0.737212 3.99859 0.798056 0
9.33853 3.8299 0.701554 0
9.24146 3.84291 0.718842 0
9.14499 3.84631 0.724766 0
9.04469 3.84326 0.727232 0
8.93904 3.85131 0.733285 0
8.83498 3.85884 0.74008 0
8.72771 3.86603 0.746688 0
8.62373 3.87491 0.753403 0
8.522 3.88092 0.757091 0
8.41846 3.88135 0.755937 0
8.3156 3.8797 0.750223 0
8.21526 3.88434 0.741047 0
8.10985 3.89351 0.72433 0
5.4334 3.82081 0.797983 0
5.35871 3.87529 0.857701 0
5.25194 3.85431 0.854001 0
5.14243 3.84992 0.857203 0
5.03496 3.84882 0.858007 0
4.92955 3.84856 0.85795 0
4.82556 3.84859 0.85795 0
4.72234 3.84878 0.858092 0
4.61968 3.84892 0.858194 0
4.51737 3.84909 0.858318 0
4.4153 3.84936 0.858522 0
4.3134 3.84977 0.858821 0
4.21162 3.85032 0.859234 0
4.10997 3.85103 0.859761 0
4.00847 3.85192 0.860428 0
3.90711 3.85305 0.861265 0
3.80585 3.85444 0.862318 0
3.70456 3.85613 0.863591 0
3.60297 3.8578 0.86488 0
3.50096 3.8591 0.865899 0
3.39867 3.86039 0.866498 0
3.2961 3.86351 0.866617 0
3.19134 3.86617 0.861062 0
3.08686 3.86997 0.843779 0
2.99661 3.85903 0.788043 0
9.50355 3.70009 0.64317 0
9.42308 3.69793 0.688519 0
9.34076 3.72302 0.702459 0
9.2494 3.73471 0.712331 0
9.15547 3.74056 0.716166 0
9.05958 3.74186 0.717688 0
8.95987 3.74656 0.719516 0
8.8591 3.75353 0.722101 0
8.75784 3.7612 0.724822 0
8.65645 3.76925 0.727102 0
8.55585 3.77658 0.727905 0
8.45641 3.78343 0.726446 0
8.35256 3.78409 0.716868 0
8.25053 3.78387 0.696496 0
5.32723 3.76274 0.784049 0
5.20714 3.75679 0.792404 0
5.09471 3.75434 0.794571 0
4.98679 3.75305 0.794345 0
4.88171 3.75243 0.793972 0
4.77779 3.75266 0.794096 0
4.67475 3.7528 0.79417 0
4.57232 3.75294 0.794249 0
4.47031 3.75323 0.794407 0
4.36859 3.75378 0.794701 0
4.26708 3.75459 0.795148 0
4.16576 3.75564 0.795725 0
4.06466 3.75691 0.796427 0
3.96383 3.75844 0.797281 0
3.86327 3.76034 0.798345 0
3.76284 3.76263 0.799646 0
3.66238 3.76535 0.801213 0
3.56138 3.7677 0.802378 0
3.46013 3.76948 0.802135 0
3.35975 3.77211 0.800274 0
3.26171 3.7805 0.79813 0
3.16298 3.78641 0.782436 0
3.07835 3.79528 0.755106 0
9.4441 3.60162 0.694572 0
9.34651 3.61367 0.708699 0
9.25464 3.62866 0.712727 0
9.16164 3.63639 0.714735 0
9.06727 3.6403 0.715284 0
8.97088 3.64467 0.715601 0
8.87291 3.65061 0.716308 0
8.77447 3.65791 0.716862 0
8.67544 3.66548 0.716449 0
8.5776 3.67431 0.714916 0
8.47857 3.68053 0.70858 0
8.38707 3.69221 0.697842 0
5.35642 3.64432 0.72941 0
5.25146 3.65387 0.745149 0
5.1412 3.65267 0.749284 0
5.03231 3.65039 0.749437 0
4.92683 3.64776 0.748588 0
4.82215 3.64822 0.748736 0
4.71859 3.64841 0.748798 0
4.61588 3.64849 0.748826 0
4.51381 3.64869 0.748888 0
4.41225 3.64922 0.749058 0
4.31107 3.65026 0.749397 0
4.21016 3.65178 0.749895 0
4.10951 3.6536 0.750495 0
4.00924 3.65566 0.751185 0
3.90942 3.65806 0.752 0
3.81003 3.66108 0.753035 0
3.71072 3.66461 0.754127 0
3.61137 3.66917 0.754959 0
3.51033 3.67259 0.753748 0
3.40884 3.67517 0.748679 0
3.30871 3.68217 0.738196 0
3.21549 3.70498 0.729195 0
9.61342 3.47032 0.665805 0
9.52578 3.47863 0.694753 0
9.44129 3.50177 0.704354 0
9.3521 3.51421 0.711205 0
9.25901 3.52475 0.714068 0
9.1662 3.53428 0.714995 0
9.07218 3.54038 0.715148 0
8.97664 3.54548 0.715159 0
8.88012 3.55144 0.714843 0
8.78238 3.55811 0.713802 0
8.68512 3.56674 0.711872 0
8.5854 3.57443 0.705542 0
8.49114 3.58785 0.694601 0
5.38268 3.52847 0.704637 0
5.27892 3.53633 0.718028 0
5.17727 3.54525 0.724353 0
5.06624 3.54571 0.725903 0
4.96138 3.53784 0.72476 0
4.85542 3.53939 0.724992 0
4.75092 3.5398 0.725048 0
4.64758 3.53992 0.725065 0
4.54509 3.54 0.725077 0
4.44333 3.54027 0.725116 0
4.3423 3.54119 0.725246 0
4.2418 3.54306 0.725524 0
4.1416 3.54568 0.72592 0
4.04176 3.54842 0.726338 0
3.94262 3.55131 0.726796 0
3.8441 3.55473 0.727255 0
3.7464 3.55931 0.727407 0
3.64869 3.56432 0.72657 0
3.5516 3.57217 0.724551 0
3.44973 3.57646 0.715329 0
3.3461 3.58355 0.69524 0
9.68832 3.38437 0.658705 0
9.61066 3.37687 0.693893 0
9.52959 3.38907 0.705044 0
9.4409 3.40166 0.710939 0
9.35325 3.41491 0.713157 0
9.26297 3.4249 0.714673 0
9.17041 3.43429 0.715131 0
9.07633 3.4424 0.71512 0
8.98095 3.4492 0.714746 0
8.88404 3.45518 0.713575 0
8.7874 3.46285 0.711482 0
8.68795 3.47006 0.704987 0
8.59374 3.48349 0.69395 0
5.41366 3.41594 0.69662 0
5.3107 3.42384 0.708755 0
5.20001 3.423 0.714701 0
5.10187 3.45158 0.71766 0
4.99201 3.42601 0.71663 0
4.88145 3.43113 0.716845 0
4.77523 3.43189 0.716879 0
4.67082 3.43228 0.716896 0
4.56743 3.43246 0.716907 0
4.46478 3.43268 0.716913 0
4.36279 3.43297 0.71693 0
4.26215 3.4345 0.716998 0
4.16217 3.43798 0.717156 0
4.06244 3.44215 0.717377 0
3.96353 3.44535 0.71749 0
3.86565 3.4494 0.717219 0
3.76839 3.45394 0.716048 0
3.67357 3.46052 0.713762 0
3.57869 3.46581 0.706922 0
3.49235 3.47929 0.697294 0
9.63947 3.29061 0.697062 0
9.54345 3.29431 0.709774 0
9.45098 3.30571 0.713044 0
9.3592 3.31622 0.714492 0
9.26805 3.32649 0.715041 0
9.17537 3.33649 0.715125 0
9.08102 3.34682 0.714735 0
8.98441 3.3555 0.713581 0
8.88798 3.36322 0.71151 0
8.78849 3.36933 0.704931 0
8.69458 3.38151 0.69369 0
5.55801 3.29797 0.67669 0
5.45741 3.30513 0.696015 0
5.35744 3.31267 0.706221 0
5.25836 3.31389 0.712246 0
5.16954 3.31373 0.714401 0
5.07964 3.34609 0.715369 0
4.98198 3.31507 0.71512 0
4.89192 3.32541 0.715182 0
4.79309 3.32553 0.715188 0
4.69092 3.32651 0.715193 0
4.5878 3.32715 0.715199 0
4.48445 3.32774 0.715205 0
4.38091 3.32841 0.71521 0
4.27691 3.32812 0.71521 0
4.17597 3.33161 0.715256 0
4.07484 3.33904 0.715306 0
3.97567 3.34285 0.71491 0
3.87736 3.34672 0.713626 0
3.78044 3.35333 0.711194 0
3.68279 3.35832 0.703749 0
3.5925 3.37014 0.692219 0
9.79861 3.19905 0.662886 0
9.72251 3.19458 0.692083 0
9.64271 3.20481 0.702725 0
9.55447 3.20754 0.709983 0
9.46087 3.21351 0.712885 0
9.36759 3.22147 0.71392 0
9.27478 3.22996 0.714192 0
9.18163 3.24075 0.714254 0
9.08578 3.25317 0.713524 0
8.98895 3.26636 0.71172 0
8.88862 3.27359 0.7054 0
8.79453 3.28422 0.694244 0
5.50293 3.19888 0.6952 0
5.40142 3.20276 0.707171 0
5.29872 3.20731 0.712212 0
5.18994 3.2016 0.714622 0
5.10198 3.23816 0.715069 0
5.01203 3.22499 0.715137 0
4.91108 3.21635 0.715137 0
4.81483 3.21763 0.715137 0
4.7147 3.22059 0.715137 0
4.61298 3.22237 0.715137 0
4.51061 3.22371 0.715137 0
4.40762 3.22516 0.715137 0
4.30273 3.22694 0.715165 0
4.19141 3.22382 0.715148 0
4.08543 3.23933 0.714786 0
3.98337 3.24346 0.713485 0
3.88562 3.24712 0.710967 0
3.78611 3.25402 0.703822 0
3.69237 3.26565 0.691523 0
9.87385 3.13121 0.646921 0
9.81173 3.10946 0.684157 0
9.73502 3.10906 0.69649 0
9.64921 3.11447 0.703517 0
9.56221 3.12049 0.70634 0
9.47073 3.12513 0.708365 0
9.37635 3.13053 0.709242 0
9.28134 3.1368 0.709519 0
9.18726 3.14633 0.710017 0
9.09232 3.16277 0.710351 0
8.99024 3.18013 0.705915 0
8.8947 3.19338 0.695981 0
5.65446 3.10062 0.676113 0
5.55221 3.09905 0.696179 0
5.44662 3.0943 0.707205 0
5.34582 3.09785 0.712664 0
5.24643 3.10383 0.714611 0
5.15174 3.10051 0.715199 0
5.06602 3.13472 0.715142 0
4.94902 3.12095 0.715137 0
4.84645 3.10831 0.715137 0
4.74362 3.11405 0.715137 0
4.64186 3.11745 0.715137 0
4.54106 3.11952 0.715137 0
4.44128 3.12137 0.715137 0
4.34304 3.1234 0.715114 0
4.24815 3.1255 0.714956 0
4.16127 3.11931 0.714243 0
4.08299 3.1447 0.713468 0
3.98578 3.15051 0.711103 0
3.88905 3.14633 0.703364 0
3.7959 3.16137 0.692219 0
9.83417 3.02959 0.677651 0
9.753 3.02163 0.686092 0
9.66752 3.02803 0.689984 0
9.57843 3.03317 0.69236 0
9.48651 3.03832 0.694108 0
9.39105 3.04306 0.695342 0
9.29243 3.04852 0.695862 0
9.19159 3.05596 0.695263 0
9.09418 3.0724 0.696434 0
8.99817 3.10391 0.696083 0
5.60023 2.99752 0.695596 0
5.49404 2.99452 0.70802 0
5.3802 2.985 0.713185 0
5.27391 2.99985 0.714826 0
5.17387 3.00307 0.715182 0
5.07506 3.02095 0.715131 0
4.98582 3.04346 0.715137 0
4.8803 3.00108 0.715137 0
4.77078 3.00873 0.715137 0
4.66641 3.01369 0.715137 0
4.56487 3.01655 0.715137 0
4.46488 3.01894 0.715137 0
4.36598 3.02145 0.715137 0
4.26809 3.02402 0.714656 0
4.17284 3.02434 0.712925 0
4.08109 3.03681 0.710305 0
3.999 3.06327 0.706057 0
3.90262 3.04981 0.692338 0
5.7488 2.89284 0.678325 0
5.65142 2.89536 0.696558 0
5.55003 2.89348 0.706962 0
5.44832 2.88812 0.712738 0
5.35697 2.87519 0.714639 0
5.27256 2.89976 0.715137 0
5.17753 2.90536 0.715142 0
5.07807 2.92001 0.715137 0
4.97683 2.9463 0.715137 0
4.87943 2.88359 0.715137 0
4.78197 2.90626 0.715137 0
4.68012 2.91228 0.715137 0
4.5793 2.91583 0.715137 0
4.47933 2.91907 0.715154 0
4.37961 2.92254 0.71512 0
4.27962 2.92694 0.714215 0
4.17726 2.9317 0.711069 0
4.074 2.94076 0.703149 0
3.97806 2.96868 0.693017 0
5.70082 2.79085 0.696009 0
5.59985 2.79111 0.707692 0
5.49487 2.78861 0.712648 0
5.38344 2.77583 0.714854 0
5.27651 2.79217 0.715182 0
5.17963 2.80486 0.715137 0
5.08098 2.8191 0.715137 0
4.98012 2.84473 0.715137 0
4.88164 2.77617 0.715137 0
4.78236 2.80092 0.715137 0
4.68435 2.81217 0.715137 0
4.58593 2.81659 0.715154 0
4.48796 2.82087 0.715131 0
4.3895 2.82565 0.714724 0
4.29062 2.83008 0.713191 0
4.19176 2.838 0.709457 0
4.08459 2.84819 0.696451 0
3.97167 2.86677 0.668458 0
5.85091 2.68672 0.67854 0
5.75237 2.68769 0.696994 0
5.65187 2.68783 0.707041 0
5.55068 2.68743 0.71267 0
5.45031 2.68333 0.714678 0
5.35751 2.67279 0.715216 0
5.27318 2.69496 0.715148 0
5.17879 2.70299 0.715137 0
5.08227 2.71735 0.715137 0
4.98259 2.74255 0.715137 0
4.88362 2.67339 0.715137 0
4.78336 2.69818 0.715137 0
4.68514 2.71152 0.715148 0
4.58813 2.71781 0.71512 0
4.49207 2.72265 0.714707 0
4.39747 2.73006 0.713541 0
4.29991 2.73588 0.711063 0
4.20573 2.73557 0.703336 0
4.12021 2.75234 0.692841 0
5.80318 2.58514 0.696077 0
5.70224 2.58504 0.707743 0
5.59969 2.58467 0.712551 0
5.49549 2.5843 0.714667 0
5.38483 2.57607 0.715182 0
5.27741 2.59009 0.715137 0
5.18066 2.60141 0.715137 0
5.08358 2.61446 0.715137 0
4.98461 2.64006 0.715137 0
4.88567 2.57323 0.715137 0
4.7847 2.59811 0.715137 0
4.686 2.61173 0.71508 0
4.58916 2.61934 0.714628 0
4.4925 2.62498 0.713298 0
4.39894 2.63165 0.710899 0
4.31151 2.64758 0.70544 0
4.21756 2.63925 0.691348 0
5.95329 2.48254 0.678472 0
5.85478 2.48301 0.696982 0
5.75392 2.48268 0.707086 0
5.65214 2.48219 0.71271 0
5.55049 2.48097 0.71469 0
5.45328 2.48219 0.715216 0
5.36131 2.47813 0.715137 0
5.2767 2.4941 0.715137 0
5.18172 2.49989 0.715137 0
5.08546 2.51149 0.715137 0
4.98683 2.53712 0.715137 0
4.88836 2.47511 0.715137 0
4.78687 2.50033 0.715159 0
4.68731 2.51374 0.714792 0
4.5896 2.52114 0.713275 0
4.49344 2.52909 0.71056 0
4.39282 2.53677 0.702838 0
4.2954 2.55506 0.690652 0
5.90549 2.38081 0.696055 0
5.80444 2.38056 0.707748 0
5.70158 2.38008 0.712563 0
5.59698 2.38023 0.714673 0
5.48667 2.37623 0.715182 0
5.38139 2.38486 0.715137 0
5.28009 2.39203 0.715137 0
5.1844 2.39987 0.715137 0
5.08764 2.4085 0.715137 0
4.98978 2.43357 0.715137 0
4.89238 2.37917 0.715137 0
4.79098 2.40401 0.715103 0
4.69172 2.41726 0.714282 0
4.59164 2.42532 0.711358 0
4.49236 2.43113 0.703737 0
4.40068 2.44657 0.692236 0
6.05552 2.27831 0.678449 0
5.95706 2.27873 0.69696 0
5.8563 2.2784 0.707064 0
5.75464 2.27799 0.712693 0
5.65313 2.2768 0.714684 0
5.55617 2.27866 0.715216 0
5.46564 2.27631 0.715137 0
5.38118 2.29065 0.715137 0
5.28612 2.29491 0.715137 0
5.18834 2.29995 0.715137 0
5.09073 2.30658 0.715137 0
4.99331 2.32898 0.715159 0
4.89769 2.28572 0.715046 0
4.7976 2.30893 0.714639 0
4.70041 2.32001 0.713292 0
4.60395 2.32997 0.709875 0
4.49901 2.3389 0.696535 0
4.38962 2.35006 0.666156 0
6.00774 2.17656 0.696038 0
5.90672 2.17622 0.707737 0
5.80408 2.17591 0.712551 0
5.69972 2.17629 0.714667 0
5.58966 2.17236 0.715176 0
5.48475 2.18182 0.715137 0
5.38456 2.18941 0.715137 0
5.28951 2.19682 0.715137 0
5.19269 2.20124 0.715137 0
5.09458 2.20593 0.715154 0
4.99726 2.224 0.715176 0
4.90314 2.19368 0.714537 0
4.8081 2.21455 0.713445 0
4.71217 2.22477 0.711352 0
4.62116 2.22606 0.704959 0
4.53531 2.24453 0.695031 0
6.1577 2.07399 0.678438 0
6.05927 2.07442 0.696954 0
5.95851 2.07417 0.707058 0
5.85681 2.07361 0.712698 0
5.75569 2.07293 0.714673 0
5.659 2.07516 0.71521 0
5.56886 2.07256 0.715137 0
5.48473 2.08736 0.715137 0
5.3901 2.0923 0.715137 0
5.29314 2.09789 0.715137 0
5.19619 2.10289 0.715154 0
5.09828 2.10705 0.715125 0
4.99755 2.11713 0.714735 0
4.90075 2.10585 0.71301 0
4.81201 2.11615 0.710752 0
4.72785 2.136 0.706238 0
4.63622 2.12657 0.693611 0
6.10989 1.97225 0.696038 0
6.00868 1.97171 0.707765 0
5.90613 1.97174 0.712551 0
5.80167 1.97231 0.714667 0
5.69202 1.96944 0.715176 0
5.58768 1.97833 0.715137 0
5.48823 1.98599 0.715137 0
5.39391 1.99417 0.715137 0
5.29735 1.99988 0.715154 0
5.19967 2.00509 0.715125 0
5.10202 2.00943 0.71469 0
5.00387 2.01457 0.713383 0
4.90597 2.01948 0.710718 0
4.80431 2.02346 0.702289 0
4.70962 2.04233 0.690963 0
6.25984 1.86968 0.678443 0
6.1614 1.87012 0.696954 0
6.06043 1.86987 0.707075 0
5.95784 1.86767 0.712766 0
5.85858 1.86914 0.714662 0
5.76158 1.87323 0.715205 0
5.6725 1.87032 0.715137 0
5.58816 1.88404 0.715137 0
5.49386 1.88875 0.715137 0
5.39802 1.89467 0.715148 0
5.30228 1.90186 0.71512 0
5.20386 1.90874 0.714701 0
5.10528 1.91272 0.713355 0
5.0087 1.91677 0.710786 0
4.90889 1.92372 0.703398 0
4.81383 1.935 0.690409 0
6.21203 1.76798 0.696038 0
6.11057 1.76759 0.707777 0
6.00627 1.76776 0.712614 0
5.89488 1.76193 0.714803 0
5.78937 1.77285 0.715176 0
5.68878 1.77612 0.715137 0
5.59088 1.78385 0.715137 0
5.49665 1.79106 0.715142 0
5.40121 1.79596 0.71508 0
5.30639 1.80216 0.71465 0
5.21171 1.81335 0.713507 0
5.10993 1.82019 0.711007 0
5.01194 1.81707 0.703098 0
4.91804 1.83233 0.691659 0
6.36203 1.66541 0.678432 0
6.26364 1.6659 0.696937 0
6.16286 1.66573 0.707047 0
6.06077 1.66397 0.712727 0
5.96302 1.66553 0.714628 0
5.87136 1.66079 0.715193 0
5.78809 1.67753 0.715148 0
5.69428 1.68154 0.715137 0
5.59708 1.68703 0.715137 0
5.4998 1.69306 0.715165 0
5.40251 1.69843 0.714797 0
5.30598 1.70348 0.71336 0
5.21349 1.71232 0.710996 0
5.12627 1.73375 0.70626 0
5.02714 1.72117 0.692411 0
6.31425 1.56379 0.696021 0
6.21297 1.56348 0.707748 0
6.10904 1.56383 0.712585 0
5.99843 1.55854 0.71478 0
5.894 1.56746 0.715171 0
5.79268 1.57516 0.715137 0
5.69818 1.58437 0.715137 0
5.60232 1.5899 0.715148 0
5.50498 1.59558 0.715131 0
5.40632 1.60194 0.714311 0
5.30461 1.6084 0.711431 0
5.20181 1.6163 0.703992 0
5.10492 1.64159 0.693814 0
6.4643 1.46116 0.678398 0
6.36594 1.46186 0.696898 0
6.26527 1.46171 0.707013 0
6.16358 1.46006 0.712693 0
6.06638 1.46188 0.714605 0
5.97532 1.45768 0.715182 0
5.89234 1.4743 0.715142 0
5.79896 1.47937 0.715137 0
5.70296 1.48574 0.715148 0
5.60761 1.49199 0.715114 0
5.51192 1.49791 0.714712 0
5.41483 1.50404 0.713259 0
5.31653 1.51329 0.709711 0
5.21007 1.52243 0.697056 0
5.09702 1.53973 0.66938 0
6.41666 1.35987 0.695953 0
6.31533 1.35987 0.707703 0
6.21156 1.36012 0.712563 0
6.10158 1.35497 0.714763 0
5.99764 1.36418 0.715165 0
5.89684 1.37244 0.715131 0
5.80277 1.38236 0.715142 0
5.70755 1.38839 0.715097 0
5.61213 1.39439 0.714662 0
5.51696 1.39988 0.713377 0
5.42375 1.40663 0.711007 0
5.32987 1.41188 0.703952 0
5.24474 1.42581 0.693333 0
6.56639 1.25579 0.678528 0
6.46859 1.25762 0.696818 0
6.36797 1.2587 0.706917 0
6.2661 1.25724 0.712659 0
6.16932 1.25851 0.714582 0
6.0789 1.2543 0.715176 0
5.99622 1.27082 0.715142 0
5.90317 1.27656 0.715137 0
5.80717 1.28394 0.715075 0
5.71172 1.29143 0.714616 0
5.61536 1.29751 0.713287 0
5.51995 1.30432 0.710775 0
5.42354 1.30927 0.703251 0
5.3349 1.32035 0.691591 0
6.51837 1.15374 0.696151 0
6.41805 1.15692 0.707596 0
6.31377 1.15925 0.712495 0
6.20352 1.153 0.714758 0
6.10038 1.16093 0.715159 0
6.00043 1.16901 0.715125 0
5.90692 1.17902 0.715052 0
5.81217 1.18661 0.714565 0
5.71588 1.19414 0.713191 0
5.62007 1.20217 0.710707 0
5.52181 1.20827 0.703324 0
5.4287 1.21946 0.690805 0
6.66659 1.04982 0.679156 0
6.56639 1.04867 0.697791 0
6.4668 1.05203 0.707273 0
6.3666 1.05866 0.712631 0
6.26996 1.0604 0.714565 0
6.18066 1.05278 0.715171 0
6.09809 1.06853 0.715131 0
6.00531 1.07324 0.715012 0
5.91047 1.08024 0.714464 0
5.81557 1.08846 0.713021 0
5.72073 1.0981 0.710481 0
5.62312 1.10552 0.703307 0
5.53058 1.11773 0.691829 0
6.61609 0.948977 0.696835 0
6.50429 0.94449 0.709112 0
6.39841 0.957649 0.713027 0
6.2976 0.961344 0.714775 0
6.19956 0.960959 0.715165 0
6.10085 0.968449 0.715114 0
6.00681 0.977399 0.714656 0
5.91189 0.982406 0.713032 0
5.81814 0.990897 0.710187 0
5.72133 1.00046 0.702917 0
5.63031 1.01447 0.691896 0
6.77371 0.842002 0.678743 0
6.67301 0.844163 0.697186 0
6.57288 0.851003 0.70682 0
6.48207 0.842251 0.712302 0
6.39944 0.861237 0.714096 0
6.30646 0.865276 0.715035 0
6.21002 0.868122 0.715137 0
6.11126 0.873796 0.715063 0
6.01221 0.881275 0.714101 0
5.91261 0.887176 0.710905 0
5.81453 0.891442 0.702951 0
5.72477 0.9086 0.691953 0
6.71368 0.735169 0.698516 0
6.60589 0.750478 0.708784 0
6.50483 0.750586 0.712936 0
6.4045 0.758195 0.714712 0
6.3113 0.768576 0.715131 0
6.21657 0.773515 0.715075 0
6.12045 0.779313 0.714611 0
6.02254 0.785565 0.712993 0
5.92362 0.793598 0.708874 0
5.81736 0.79792 0.694357 0
5.7077 0.809778 0.664193 0
6.88679 0.646564 0.679054 0
6.7859 0.634746 0.697842 0
6.69129 0.635074 0.706509 0
6.60676 0.654575 0.711063 0
6.5129 0.658083 0.713847 0
6.41543 0.663338 0.714984 0
6.3179 0.670925 0.715063 0
6.2229 0.678183 0.714616 0
6.12774 0.683795 0.713304 0
6.03393 0.69042 0.71086 0
5.93897 0.694544 0.703188 0
5.85166 0.705497 0.690522 0
6.96175 0.553869 0.675151 0
6.8648 0.544636 0.696535 0
6.77967 0.52784 0.706357 0
6.69586 0.543352 0.710826 0
6.60359 0.553581 0.713083 0
6.5135 0.563611 0.714565 0
6.41974 0.569585 0.715041 0
6.32416 0.576595 0.714605 0
6.22799 0.583197 0.713275 0
6.13346 0.590302 0.710933 0
6.03754 0.595032 0.703918 0
5.94783 0.604525 0.692077 0
6.91594 0.454074 0.695308 0
6.81111 0.435133 0.708704 0
6.70823 0.443704 0.71267 0
6.61273 0.455992 0.714316 0
6.51793 0.465943 0.714893 0
6.42401 0.475391 0.714594 0
6.32849 0.48322 0.713298 0
6.23349 0.491033 0.710956 0
6.13656 0.496787 0.704173 0
6.04526 0.506896 0.692898 0
7.06466 0.367777 0.673222 0
6.97161 0.363093 0.695002 0
6.87874 0.353956 0.705089 0
6.79015 0.338919 0.710368 0
6.7084 0.353515 0.712744 0
6.61668 0.360202 0.713853 0
6.52381 0.370147 0.71392 0
6.42871 0.380789 0.713027 0
6.33367 0.392109 0.710973 0
6.2362 0.399413 0.704377 0
6.14398 0.410348 0.69352 0
7.00298 0.269651 0.69128 0
6.91009 0.262675 0.70243 0
6.81524 0.253324 0.705372 0
6.71614 0.256124 0.707369 0
6.62278 0.265855 0.708721 0
6.52849 0.274256 0.708942 0
6.43477 0.288082 0.708636 0
6.33591 0.30175 0.703534 0
6.24308 0.31496 0.693684 0
7.02302 0.178624 0.677747 0
6.93215 0.172854 0.68728 0
6.83693 0.167677 0.690278 0
6.73705 0.168028 0.6915 0
6.63596 0.173188 0.692875 0
6.53622 0.181826 0.693865 0
6.43639 0.194714 0.69266 0
6.34322 0.219595 0.689933 0
7.20221 9.13608 0.594421 0
7.11307 9.14753 0.605634 0
7.02359 9.15556 0.604734 0
6.9317 9.15934 0.603942 0
6.83714 9.16093 0.602703 0
6.74014 9.16188 0.601509 0
6.64099 9.16247 0.600423 0
6.53943 9.16164 0.598952 0
6.43385 9.15625 0.59463 0
6.32081 9.13799 0.579044 0
7.29969 9.04711 0.595886 0
7.22805 9.06658 0.615902 0
7.1392 9.06588 0.642191 0
6.20361 9.07018 0.578229 0
7.2344 8.97193 0.627476 0
7.15645 8.97799 0.654253 0
7.06765 8.98749 0.676571 0
6.10402 8.98658 0.5766 0
7.24543 8.88333 0.61593 0
7.16726 8.88061 0.650711 0
7.08169 8.89267 0.67803 0
6.01194 8.89914 0.575027 0
7.18691 8.78411 0.628483 0
7.09597 8.79395 0.667813 0
5.92157 8.8046 0.579389 0
7.17778 8.6881 0.609995 0
7.09806 8.6958 0.650977 0
7.01015 8.70886 0.682901 0
5.83479 8.71092 0.583632 0
7.09904 8.59207 0.627686 0
7.01362 8.60544 0.667938 0
5.75453 8.61764 0.595445 0
7.08356 8.49147 0.607806 0
7.0048 8.5015 0.650225 0
6.92208 8.51488 0.6816 0
5.674 8.51838 0.596729 0
6.99865 8.39432 0.628223 0
6.90894 8.41055 0.670155 0
5.60035 8.4189 0.583276 0
6.9823 8.29086 0.607348 0
6.90089 8.30313 0.650694 0
6.81409 8.31935 0.683077 0
5.51319 8.3189 0.577505 0
6.89534 8.19355 0.627284 0
6.80204 8.21175 0.669267 0
5.42013 8.21559 0.574716 0
6.87937 8.08859 0.605832 0
6.79666 8.10249 0.648867 0
6.70516 8.11828 0.681923 0
5.32779 8.1113 0.578948 0
6.79448 7.99033 0.625168 0
6.70411 8.00733 0.664741 0
6.61055 8.0166 0.691161 0
5.24195 8.01162 0.59261 0
6.7781 7.8844 0.605645 0
6.69661 7.89763 0.648301 0
6.60723 7.90977 0.680316 0
5.15422 7.91229 0.594483 0
6.69362 7.7851 0.6266 0
6.60422 7.80123 0.667146 0
5.07226 7.81731 0.580521 0
6.67725 7.67819 0.606833 0
6.59612 7.69253 0.650954 0
6.50673 7.70657 0.683439 0
4.99567 7.71463 0.565484 0
6.59264 7.58084 0.628087 0
6.50334 7.59762 0.67002 0
4.90824 7.61729 0.541067 0
6.57317 7.47575 0.609916 0
6.49262 7.48847 0.652657 0
6.40422 7.50868 0.685538 0
4.79468 7.46205 0.599473 0
6.48686 7.37665 0.630396 0
6.39665 7.39602 0.672384 0
4.70568 7.37347 0.59282 0
6.47025 7.27097 0.610273 0
6.3868 7.28645 0.654564 0
6.29176 7.30989 0.688728 0
4.62175 7.2829 0.599196 0
6.38595 7.17276 0.629355 0
6.29655 7.19342 0.671502 0
4.53546 7.19022 0.597159 0
6.3694 7.06645 0.607896 0
6.28768 7.08118 0.651639 0
6.19878 7.09675 0.684169 0
4.45211 7.09884 0.582574 0
6.2828 6.96868 0.626894 0
6.19075 6.98626 0.668277 0
6.26551 6.8634 0.605543 0
6.18063 6.87813 0.648872 0
6.08689 6.90237 0.683591 0
4.28292 6.88741 0.565699 0
6.18028 6.76555 0.622606 0
6.08537 6.78698 0.663197 0
5.99192 6.77697 0.687829 0
4.19644 6.7799 0.573664 0
6.16375 6.65977 0.601707 0
6.08184 6.67356 0.642876 0
5.9927 6.68155 0.674342 0
4.1133 6.67627 0.595779 0
6.07839 6.5612 0.620026 0
5.98817 6.57573 0.656691 0
5.89566 6.58511 0.685441 0
4.02809 6.5787 0.598019 0
6.06154 6.45544 0.600978 0
5.97982 6.46768 0.641405 0
5.89099 6.48002 0.673476 0
3.94233 6.4813 0.579876 0
9.90921 6.28759 0.588056 0
9.84794 6.26839 0.627522 0
9.76123 6.27539 0.621429 0
9.67095 6.27811 0.620863 0
9.57778 6.28107 0.616303 0
9.48307 6.28293 0.612988 0
9.38714 6.28445 0.609752 0
9.2907 6.28501 0.606352 0
9.19453 6.28352 0.603207 0
9.09946 6.27533 0.60319 0
5.9761 6.35619 0.619686 0
5.8861 6.37254 0.656436 0
5.79375 6.3897 0.686126 0
3.86179 6.37189 0.567888 0
9.93999 6.21231 0.640166 0
8.90939 6.1999 0.570717 0
5.95904 6.25023 0.600932 0
5.87752 6.26343 0.641495 0
5.78884 6.28272 0.674483 0
3.77279 6.26464 0.568527 0
9.88773 6.12341 0.666784 0
8.82538 6.13169 0.57466 0
5.87323 6.15034 0.619647 0
5.78323 6.17321 0.6575 0
5.69061 6.20718 0.688745 0
3.67955 6.1573 0.578094 0
9.89152 6.04255 0.646061 0
8.72711 6.03701 0.603823 0
5.85668 6.04221 0.599688 0
5.77298 6.06075 0.642774 0
5.68531 6.09684 0.677448 0
3.5873 6.05334 0.589086 0
9.82205 5.97075 0.661703 0
8.62769 5.93943 0.60543 0
5.77118 5.94608 0.620473 0
5.67215 5.97725 0.662116 0
5.5693 5.95368 0.688315 0
3.49795 5.94593 0.610663 0
9.76073 5.86442 0.655463 0
8.52583 5.83908 0.602358 0
5.75451 5.83095 0.602545 0
5.67416 5.86504 0.645438 0
5.58124 5.86636 0.675948 0
3.3977 5.8461 0.59928 0
9.71532 5.7774 0.657098 0
8.41814 5.73024 0.604751 0
5.66924 5.75406 0.632811 0
5.58324 5.76528 0.663678 0
5.49078 5.76962 0.689577 0
3.30882 5.74906 0.590053 0
9.65873 5.68773 0.642548 0
8.31597 5.63143 0.596463 0
5.67425 5.64481 0.624693 0
5.59001 5.65814 0.65905 0
5.50124 5.66277 0.686126 0
9.5503 5.57867 0.672481 0
8.20008 5.5127 0.600864 0
5.69285 5.53755 0.626662 0
5.61199 5.54923 0.663548 0
5.52395 5.55512 0.69227 0
9.52405 5.47706 0.657794 0
8.0817 5.4041 0.596723 0
5.74187 5.4323 0.622979 0
5.66062 5.44267 0.678641 0
5.57089 5.45173 0.713688 0
3.00338 5.41111 0.666908 0
9.4606 5.34687 0.657709 0
8.00058 5.32178 0.630814 0
6.12763 5.22713 0.701576 0
6.0215 5.23943 0.710226 0
5.91493 5.25953 0.708687 0
5.815 5.29692 0.705191 0
2.87282 5.30167 0.762093 0
2.9076 5.3609 0.65397 0
2.76477 5.2773 0.756871 0
2.67283 5.26793 0.732833 0
2.56947 5.25734 0.724782 0
2.46414 5.25239 0.722118 0
2.35918 5.25086 0.721795 0
2.25498 5.25068 0.722169 0
2.15144 5.25062 0.722548 0
2.04838 5.25059 0.722808 0
1.9456 5.25056 0.723006 0
1.84298 5.25053 0.723244 0
1.74046 5.25048 0.723611 0
1.63823 5.25041 0.724115 0
1.53664 5.25039 0.724369 0
1.43615 5.25036 0.723379 0
1.33732 5.25042 0.719674 0
1.2411 5.25134 0.708495 0
1.13922 5.24968 0.702736 0
1.03942 5.24353 0.709841 0
0.938488 5.23805 0.712382 0
0.840667 5.2326 0.712636 0
0.753069 5.23158 0.69825 0
9.43938 5.24429 0.672837 0
7.70588 5.15611 0.754167 0
7.5889 5.15726 0.724002 0
7.46919 5.15322 0.710882 0
7.36179 5.14986 0.716155 0
7.25498 5.14959 0.713841 0
7.14969 5.14972 0.71254 0
7.04527 5.14976 0.712133 0
6.94105 5.14967 0.712885 0
6.83654 5.14946 0.715301 0
6.73192 5.1496 0.719351 0
6.62848 5.15208 0.721733 0
6.52462 5.15937 0.717388 0
6.42278 5.17345 0.705514 0
0.432078 5.14957 0.726021 0
9.4746 5.15437 0.638859 0
0.310055 5.10865 0.689249 0
0.24331 5.09087 0.593397 0
9.6561 4.93747 0.712348 0
9.56655 4.99221 0.708704 0
9.53529 5.05828 0.603535 0
9.48794 5.05724 0.712761 0
0.201938 5.03308 0.669906 0
0.16374 5.01603 0.566785 0
9.80572 4.81138 0.787234 0
0.131872 4.94314 0.64567 0
0.109435 4.84497 0.682732 0
9.85061 4.73587 0.751106 0
0.0941718 4.74643 0.687834 0
9.87037 4.64806 0.724732 0
0.0866872 4.64017 0.696394 0
9.87381 4.55471 0.6992 0
0.0878413 4.54263 0.711946 0
9.84956 4.44902 0.684712 0
0.0949978 4.44714 0.72898 0
9.79047 4.35219 0.676978 0
0.117763 4.35107 0.755988 0
9.70407 4.27967 0.704461 0
9.62341 4.23553 0.724856 0
9.53999 4.20353 0.751247 0
0.153172 4.24267 0.739497 0
9.43771 4.1259 0.747061 0
0.210628 4.15567 0.718412 0
9.3926 4.02553 0.716647 0
7.6083 4.02936 0.691155 0
7.5047 4.04074 0.700648 0
7.40429 4.04147 0.700179 0
7.30171 4.04066 0.703664 0
7.2047 4.04082 0.710515 0
7.10535 4.04047 0.711007 0
7.00441 4.04034 0.711301 0
6.90224 4.04052 0.712806 0
6.79923 4.04072 0.714922 0
6.69579 4.03975 0.716726 0
6.59167 4.03527 0.718803 0
6.48398 4.0242 0.727407 0
6.36337 4.00471 0.7159 0
0.470876 4.03023 0.716483 0
0.381745 4.05933 0.716251 0
0.289536 4.09672 0.711097 0
9.40943 3.92324 0.675858 0
7.89364 3.97031 0.719012 0
7.79008 3.99234 0.69924 0
7.69919 4.00672 0.67183 0
6.25104 3.98475 0.718848 0
6.14881 3.9681 0.718593 0
6.0545 3.94817 0.702566 0
5.9696 3.93979 0.730989 0
5.87954 3.9329 0.760955 0
5.77616 3.91051 0.76904 0
2.82539 3.89301 0.705587 0
2.72173 3.92299 0.712331 0
2.6153 3.93614 0.718197 0
2.50951 3.93935 0.721501 0
2.40499 3.93966 0.722735 0
2.30144 3.93967 0.723 0
2.19854 3.93968 0.723012 0
2.09604 3.93968 0.723017 0
1.99383 3.93968 0.723074 0
1.89186 3.9397 0.723232 0
1.79015 3.93975 0.723555 0
1.68875 3.93982 0.724081 0
1.58769 3.93989 0.724607 0
1.48668 3.93985 0.724302 0
1.38502 3.93969 0.72278 0
1.28228 3.94 0.720132 0
1.17857 3.94121 0.716189 0
1.0713 3.94704 0.721626 0
0.966254 3.95469 0.727351 0
0.860479 3.95998 0.724788 0
0.75742 3.96526 0.712919 0
0.648267 3.98359 0.716891 0
0.553756 3.99545 0.690748 0
9.49199 3.7988 0.576883 0
9.4331 3.80541 0.660498 0
8.00605 3.91482 0.705089 0
5.66616 3.86242 0.760514 0
5.54473 3.81542 0.764655 0
2.92188 3.84593 0.696801 0
8.15507 3.80903 0.676859 0
5.64992 3.77557 0.696122 0
5.5512 3.7099 0.700134 0
5.44446 3.73039 0.741641 0
3.01555 3.78211 0.683263 0
9.62002 3.54948 0.613463 0
9.53505 3.57314 0.668922 0
8.29021 3.68781 0.664515 0
5.65195 3.6744 0.648363 0
5.56463 3.60019 0.668288 0
5.46275 3.62306 0.701423 0
3.12493 3.70967 0.683343 0
9.69071 3.46013 0.587847 0
8.3881 3.59386 0.663219 0
5.66043 3.56591 0.625513 0
5.58331 3.49255 0.655656 0
5.48469 3.51251 0.683637 0
3.23218 3.61404 0.664164 0
8.49017 3.49202 0.663174 0
5.67406 3.44317 0.624812 0
5.60105 3.38975 0.655871 0
5.51087 3.40367 0.679094 0
3.40494 3.47708 0.6705 0
9.80496 3.27707 0.610058 0
9.72845 3.28468 0.66817 0
8.59112 3.38974 0.662563 0
5.8195 3.30089 0.558146 0
5.74396 3.29699 0.615941 0
5.66285 3.31699 0.643345 0
3.49631 3.37536 0.661732 0
9.8617 3.1965 0.597136 0
8.69051 3.29058 0.662625 0
5.78401 3.20997 0.616807 0
5.69611 3.20313 0.650858 0
5.60522 3.2047 0.67463 0
3.59197 3.27103 0.658773 0
8.7892 3.19794 0.664871 0
5.92189 3.08376 0.564262 0
5.84377 3.07619 0.620823 0
5.7572 3.10584 0.645738 0
3.69468 3.1679 0.661958 0
9.96133 3.01296 0.622385 0
9.90648 3.05153 0.655978 0
8.889 3.11461 0.669375 0
5.88876 2.98443 0.620948 0
5.79403 2.99116 0.65328 0
5.70123 3.00022 0.675852 0
3.79451 3.06277 0.662394 0
9.8806 2.96237 0.650423 0
9.78906 2.94679 0.651147 0
9.69653 2.94852 0.655028 0
9.60535 2.95282 0.658343 0
9.51227 2.95696 0.661047 0
9.41654 2.96109 0.663768 0
9.31705 2.96616 0.665901 0
9.212 2.97475 0.66671 0
9.097 2.99012 0.662801 0
8.98742 3.03483 0.667926 0
6.02372 2.88022 0.564154 0
5.93881 2.88228 0.621525 0
5.84467 2.8885 0.65225 0
3.87513 2.95118 0.654247 0
5.98839 2.78495 0.621016 0
5.89527 2.78631 0.653647 0
5.79919 2.78923 0.6776 0
3.86594 2.85034 0.593929 0
6.12545 2.67612 0.564584 0
6.03994 2.67981 0.621565 0
5.94687 2.68533 0.652058 0
4.03333 2.75466 0.664877 0
6.09019 2.58133 0.621021 0
5.99747 2.58273 0.653517 0
5.90178 2.58475 0.677521 0
4.11561 2.65074 0.658982 0
6.22753 2.4718 0.564675 0
6.14196 2.47573 0.621576 0
6.04903 2.48139 0.651995 0
4.19389 2.54505 0.648799 0
6.1923 2.37709 0.621027 0
6.09963 2.37858 0.653495 0
6.00403 2.38056 0.677482 0
4.29829 2.45272 0.661211 0
6.32968 2.26748 0.564692 0
6.2441 2.27143 0.621576 0
6.1512 2.27713 0.651984 0
6.29445 2.17278 0.621027 0
6.20179 2.17427 0.653489 0
6.10624 2.17628 0.67747 0
4.44941 2.24353 0.665901 0
6.43185 2.06317 0.56468 0
6.34626 2.06712 0.621576 0
6.25336 2.07282 0.651984 0
4.53818 2.14243 0.668724 0
6.39661 1.96847 0.621027 0
6.30395 1.96996 0.653489 0
6.2084 1.97196 0.67747 0
4.60988 2.03166 0.649104 0
6.53401 1.85886 0.564669 0
6.44842 1.86282 0.621576 0
6.35551 1.86851 0.651984 0
4.70999 1.94012 0.654813 0
6.49878 1.76415 0.621021 0
6.4061 1.76566 0.653489 0
6.31055 1.76768 0.677465 0
4.81544 1.83897 0.660306 0
6.63616 1.6545 0.564703 0
6.55059 1.65847 0.621576 0
6.45769 1.66421 0.651973 0
4.91753 1.73442 0.661986 0
6.60094 1.55975 0.621044 0
6.5083 1.56131 0.653478 0
6.41276 1.56345 0.677448 0
4.9997 1.62322 0.654683 0
6.73826 1.45015 0.564799 0
6.6527 1.45398 0.621644 0
6.5599 1.45973 0.651984 0
4.99069 1.52196 0.594749 0
6.70283 1.35521 0.621236 0
6.61037 1.3565 0.653585 0
6.51508 1.35895 0.677431 0
5.15792 1.42761 0.665607 0
6.84012 1.24637 0.564827 0
6.75425 1.24984 0.621904 0
6.66153 1.25445 0.65229 0
5.23951 1.32421 0.659757 0
6.80369 1.15214 0.621587 0
6.71152 1.15139 0.654015 0
6.61605 1.1523 0.677968 0
5.32833 1.22401 0.657302 0
6.94159 1.04307 0.565025 0
6.85328 1.0498 0.622391 0
6.76193 1.0495 0.652934 0
5.42972 1.12308 0.662014 0
6.90089 0.959788 0.621412 0
6.8126 0.946793 0.654535 0
6.71752 0.946238 0.678347 0
5.52955 1.02091 0.663949 0
7.0483 0.841097 0.56145 0
6.96736 0.833194 0.621689 0
6.87827 0.854245 0.648228 0
5.62328 0.916747 0.66391 0
7.0142 0.74972 0.62234 0
6.92014 0.745805 0.655141 0
6.8231 0.744758 0.678664 0
5.60284 0.816312 0.607484 0
7.13274 0.636805 0.582665 0
7.06217 0.658609 0.625078 0
6.98101 0.650066 0.653144 0
5.76278 0.698561 0.654858 0
7.06252 0.561274 0.641988 0
5.85223 0.605017 0.659135 0
7.24214 0.417788 0.578682 0
7.18646 0.465072 0.610018 0
7.10433 0.462916 0.645518 0
7.0142 0.462611 0.673346 0
5.94708 0.509419 0.662852 0
7.1585 0.37043 0.640087 0
6.0442 0.414857 0.665386 0
7.30774 0.277763 0.571758 0
7.25017 0.243582 0.616156 0
7.17363 0.27593 0.643555 0
7.09202 0.276174 0.670568 0
6.14183 0.321472 0.666948 0
7.26899 0.158445 0.602596 0
7.18669 0.180293 0.640375 0
7.10782 0.183405 0.661675 0
6.23822 0.230214 0.665686 0
7.20248 0.0978151 0.607665 0
7.12692 0.0926896 0.630498 0
7.04291 0.092435 0.644086 0
6.95332 0.0886842 0.651978 0
6.85906 0.0862289 0.655005 0
6.76051 0.086591 0.656453 0
6.65887 0.089612 0.658343 0
6.55477 0.0962141 0.660527 0
6.44662 0.110776 0.661013 0
6.32998 0.142474 0.654558 0
7.25245 9.14611 0.524015 0
6.13619 9.04524 0.509459 0
7.31322 8.96591 0.588034 0
6.04532 8.95546 0.490371 0
7.31848 8.89165 0.560539 0
5.95199 8.85536 0.495989 0
7.27186 8.8108 0.575735 0
5.86508 8.75745 0.494297 0
7.25169 8.72657 0.561472 0
5.77802 8.66365 0.497924 0
7.18123 8.61473 0.576097 0
7.15921 8.53119 0.555968 0
7.0825 8.41559 0.574383 0
5.55535 8.39491 0.499434 0
7.06006 8.33154 0.554667 0
5.46233 8.28792 0.495666 0
6.98114 8.2136 0.573545 0
5.36367 8.17635 0.492877 0
6.95843 8.12879 0.554316 0
5.26949 8.0647 0.497432 0
6.87955 8.01043 0.572086 0
6.85669 7.92489 0.553586 0
6.7776 7.80569 0.572861 0
6.75443 7.71961 0.553699 0
4.95987 7.68567 0.477405 0
6.67804 7.59987 0.568946 0
4.8222 7.52617 0.517266 0
6.65261 7.51674 0.555204 0
4.73804 7.42858 0.504288 0
6.5699 7.39552 0.577975 0
4.65062 7.33364 0.502218 0
6.54875 7.31114 0.557377 0
6.47013 7.19269 0.575474 0
6.44728 7.10702 0.555889 0
6.36873 6.98844 0.573155 0
4.36927 6.99593 0.571933 0
4.32827 6.96055 0.490977 0
6.34572 6.90319 0.553897 0
4.23429 6.84014 0.483322 0
6.26664 6.78504 0.571011 0
4.13927 6.72944 0.497912 0
6.24394 6.69929 0.55203 0
6.16449 6.58075 0.569704 0
6.14183 6.4948 0.551165 0
9.00197 6.25264 0.590132 0
6.06228 6.37642 0.569647 0
3.81339 6.33 0.484731 0
6.03962 6.29049 0.551267 0
3.71346 6.21233 0.496328 0
9.94864 6.13771 0.609322 0
5.95943 6.17081 0.569817 0
3.61918 6.10509 0.500215 0
9.92447 6.07568 0.573568 0
5.93687 6.08392 0.549898 0
3.52429 6.00441 0.510364 0
9.8665 5.99051 0.581505 0
5.85985 5.96105 0.563158 0
9.81403 5.9085 0.595292 0
5.83301 5.87448 0.552624 0
9.76205 5.82177 0.576357 0
5.74676 5.72435 0.585245 0
9.70663 5.73519 0.574117 0
5.74763 5.62193 0.567311 0
3.22202 5.64644 0.596571 0
3.17912 5.62263 0.504577 0
9.61807 5.61431 0.605062 0
5.75577 5.52033 0.569574 0
3.13872 5.54818 0.616892 0
3.06133 5.47462 0.62428 0
3.07547 5.52047 0.526759 0
9.5652 5.52038 0.584554 0
5.78063 5.44385 0.522584 0
9.50703 5.40786 0.59179 0
7.90402 5.24963 0.66279 0
6.30101 5.20267 0.589561 0
6.19763 5.22188 0.598505 0
6.09377 5.24067 0.606375 0
5.98911 5.26015 0.60913 0
5.89482 5.29537 0.600949 0
5.81379 5.35795 0.590223 0
2.78953 5.31023 0.654213 0
2.67005 5.28099 0.630068 0
2.55673 5.26445 0.621163 0
2.44732 5.25899 0.618312 0
2.34077 5.25778 0.617757 0
2.23602 5.25771 0.617882 0
2.13236 5.25771 0.618091 0
2.02936 5.2577 0.618261 0
1.92676 5.2577 0.618419 0
1.82445 5.25769 0.618623 0
1.7225 5.25768 0.618894 0
1.62108 5.25767 0.61907 0
1.52043 5.25769 0.618645 0
1.42057 5.25771 0.616671 0
1.32122 5.25766 0.611353 0
1.21946 5.25718 0.605651 0
1.1164 5.25587 0.603642 0
1.01559 5.25365 0.605407 0
0.916566 5.25156 0.605119 0
0.81943 5.25043 0.600672 0
0.716268 5.2442 0.604847 0
0.613859 5.22698 0.618204 0
9.46659 5.28126 0.583276 0
7.78236 5.21067 0.653008 0
7.66926 5.18324 0.639198 0
7.55554 5.16672 0.620229 0
7.44411 5.15777 0.611834 0
7.33743 5.15491 0.611308 0
7.2321 5.15445 0.609147 0
7.1279 5.15444 0.607908 0
7.02439 5.15444 0.607959 0
6.9213 5.15446 0.609916 0
6.81856 5.1545 0.613939 0
6.71625 5.15517 0.618295 0
6.61381 5.15867 0.620337 0
6.51024 5.16797 0.614046 0
6.40734 5.18335 0.594913 0
0.50938 5.20159 0.627522 0
0.409964 5.17069 0.624269 0
0.325477 5.14295 0.59355 0
9.4687 5.16695 0.549586 0
9.73521 4.90325 0.639634 0
9.63813 4.97058 0.606765 0
9.81126 4.8265 0.684061 0
0.108524 4.92505 0.562451 0
0.089431 4.83855 0.590291 0
9.85573 4.74299 0.649891 0
0.07974 4.74538 0.598641 0
9.87568 4.64749 0.626701 0
0.0768604 4.64702 0.607042 0
9.87541 4.54155 0.608151 0
0.0779466 4.54692 0.615607 0
9.85014 4.43786 0.597691 0
0.0824555 4.4522 0.625717 0
9.80148 4.34982 0.57161 0
0.0926161 4.36282 0.646259 0
9.72032 4.27745 0.605294 0
9.62106 4.213 0.635425 0
0.115907 4.28254 0.669069 0
9.52884 4.14165 0.6581 0
0.152476 4.19419 0.638921 0
9.46393 4.03769 0.647 0
7.63978 4.01049 0.579203 0
7.53416 4.02684 0.596599 0
7.42883 4.03479 0.60121 0
7.32415 4.0364 0.603043 0
7.22104 4.03603 0.605198 0
7.12081 4.03578 0.60612 0
7.02056 4.03551 0.605922 0
6.91908 4.03499 0.60801 0
6.81601 4.03459 0.611766 0
6.71233 4.03406 0.614476 0
6.60916 4.03106 0.615726 0
6.50625 4.0224 0.620235 0
6.40472 4.00742 0.624676 0
0.394146 4.0277 0.61795 0
0.302689 4.06764 0.619873 0
0.219549 4.1217 0.618974 0
9.46005 3.91826 0.59644 0
7.85025 3.94698 0.601294 0
7.74777 3.98323 0.579451 0
6.29262 3.98633 0.619539 0
6.18787 3.9655 0.611585 0
6.08204 3.94288 0.608875 0
5.97317 3.91616 0.621689 0
5.86731 3.88569 0.664815 0
2.74445 3.89781 0.602941 0
2.63789 3.92215 0.6115 0
2.53085 3.93075 0.616111 0
2.42534 3.93247 0.617887 0
2.32117 3.93253 0.618317 0
2.21788 3.93253 0.61834 0
2.11516 3.93253 0.6183 0
2.01281 3.93253 0.618283 0
1.91078 3.93253 0.618306 0
1.80909 3.93254 0.618413 0
1.70783 3.93254 0.618679 0
1.60707 3.93256 0.619166 0
1.50665 3.93259 0.620031 0
1.40551 3.93268 0.620807 0
1.30336 3.93297 0.620331 0
1.20063 3.93382 0.617735 0
1.09664 3.9355 0.618498 0
0.992996 3.93763 0.621785 0
0.890887 3.94024 0.622939 0
0.787115 3.94437 0.617571 0
0.681221 3.95508 0.613667 0
0.58241 3.97174 0.599394 0
0.481568 3.99723 0.601968 0
7.95029 3.89758 0.614448 0
5.75809 3.83473 0.68164 0
2.84565 3.85436 0.593131 0
9.56873 3.64254 0.606307 0
8.06097 3.83021 0.629117 0
5.73921 3.74751 0.616343 0
3.04354 3.72031 0.594794 0
2.94192 3.79553 0.590478 0
8.17287 3.72428 0.610374 0
5.73443 3.64787 0.57346 0
3.13631 3.63639 0.589985 0
3.06843 3.67953 0.494365 0
8.27809 3.61476 0.595535 0
5.73098 3.51736 0.580651 0
3.21664 3.54177 0.571458 0
9.75299 3.36459 0.600497 0
8.38581 3.50866 0.598273 0
5.8049 3.39052 0.485438 0
5.75229 3.39523 0.58211 0
3.3061 3.50255 0.634011 0
8.489 3.4049 0.597351 0
3.39383 3.39382 0.612337 0
8.58945 3.30321 0.595122 0
5.91169 3.16263 0.494065 0
5.852 3.17172 0.583813 0
3.48707 3.28165 0.595162 0
9.92599 3.10813 0.589827 0
8.68748 3.20626 0.595015 0
3.59331 3.1739 0.602635 0
3.52579 3.18589 0.520084 0
8.78428 3.11811 0.603009 0
6.01448 2.95689 0.487107 0
5.96436 2.97177 0.571893 0
3.69071 3.07191 0.606567 0
3.61374 3.09246 0.522505 0
9.97219 2.95054 0.588933 0
8.98205 2.97502 0.617633 0
8.88719 3.04367 0.622125 0
3.78112 2.96509 0.601854 0
3.70159 2.99747 0.532083 0
9.89794 2.91099 0.604649 0
9.81747 2.89987 0.587078 0
9.72778 2.89809 0.588865 0
9.63683 2.89849 0.59127 0
9.54431 2.89989 0.595071 0
9.44958 2.90131 0.599196 0
9.35298 2.9034 0.603382 0
9.25461 2.90759 0.607749 0
9.15579 2.91733 0.611166 0
9.06267 2.92908 0.605837 0
6.11667 2.75255 0.488108 0
6.06547 2.76803 0.572714 0
3.94826 2.77439 0.623234 0
6.21886 2.54817 0.488391 0
6.16743 2.56379 0.572889 0
4.01578 2.66966 0.60595 0
4.09368 2.56022 0.582122 0
6.32103 2.34383 0.488465 0
6.26957 2.35947 0.572917 0
4.19846 2.45385 0.597685 0
4.13265 2.46858 0.512825 0
4.2906 2.35018 0.607896 0
6.4232 2.1395 0.488453 0
6.37173 2.15515 0.572917 0
4.36702 2.2442 0.608242 0
4.44544 2.15253 0.621395 0
6.52534 1.93521 0.488414 0
6.47389 1.95084 0.572912 0
4.50965 2.06041 0.59837 0
4.5996 1.94865 0.577251 0
6.6275 1.73089 0.488459 0
6.57605 1.74652 0.572917 0
4.71188 1.84465 0.596491 0
4.64725 1.85769 0.506364 0
4.81317 1.74371 0.605288 0
4.73828 1.7627 0.519512 0
6.72968 1.52654 0.488521 0
6.67819 1.54214 0.572963 0
4.90503 1.63687 0.601871 0
4.82587 1.66862 0.531658 0
6.83176 1.32239 0.488476 0
6.78018 1.33798 0.573064 0
5.07272 1.44652 0.623946 0
5.14032 1.34176 0.606923 0
6.93343 1.11908 0.488267 0
6.88199 1.13497 0.572759 0
5.22014 1.23291 0.586382 0
5.32712 1.12932 0.60358 0
5.25593 1.14306 0.51906 0
7.03651 0.91398 0.492244 0
6.9749 0.923009 0.586178 0
5.42667 1.02464 0.611212 0
5.51888 0.921544 0.611472 0
7.14439 0.700309 0.501239 0
7.09005 0.736442 0.572838 0
5.67365 0.706181 0.596299 0
7.23131 0.5136 0.52664 0
7.15767 0.547787 0.596763 0
5.75506 0.604502 0.590715 0
5.84776 0.509968 0.600898 0
5.77498 0.529096 0.510913 0
7.3096 0.348355 0.52053 0
7.24397 0.338466 0.600236 0
5.94187 0.416798 0.609175 0
5.86426 0.435167 0.525537 0
6.03694 0.325619 0.615211 0
5.95493 0.341312 0.540365 0
7.33517 0.193458 0.57139 0
6.12805 0.237489 0.616846 0
7.34096 0.114448 0.545145 0
7.26549 0.0760231 0.560041 0
6.21176 0.156402 0.612632 0
7.17324 0.0311492 0.556975 0
7.07702 0.0289033 0.575582 0
6.98222 0.0246094 0.586427 0
6.88615 0.0230762 0.590789 0
6.78801 0.0232855 0.593227 0
6.68786 0.0247055 0.595711 0
6.58602 0.0279528 0.599065 0
6.48258 0.0365067 0.603518 0
6.37837 0.0571899 0.606013 0
6.28099 0.0857537 0.597312 0
7.16952 9.18041 0.526714 0
7.08846 9.18661 0.522363 0
7.00018 9.18932 0.519523 0
6.90759 9.19006 0.51743 0
6.81187 9.19017 0.515614 0
6.71385 9.1902 0.513957 0
6.61414 9.18979 0.512457 0
6.51337 9.18682 0.510766 0
6.41343 9.17753 0.507405 0
7.3116 9.09608 0.540376 0
6.32286 9.15879 0.490965 0
6.23369 9.12242 0.511841 0
7.3639 9.01416 0.52939 0
7.35675 8.93497 0.495949 0
7.31193 8.8448 0.487333 0
7.28073 8.77211 0.482321 0
7.23129 8.66073 0.506138 0
5.70224 8.58305 0.518709 0
7.19161 8.58901 0.478966 0
5.63797 8.49665 0.50202 0
7.13331 8.46423 0.501414 0
7.09227 8.39265 0.474995 0
7.03299 8.26364 0.499926 0
6.99113 8.19071 0.474197 0
6.93137 8.06043 0.498784 0
5.1901 7.97711 0.518499 0
6.88909 7.98697 0.473275 0
5.12048 7.89109 0.498778 0
6.82931 7.85633 0.498886 0
5.04183 7.7905 0.490077 0
6.78739 7.78331 0.474327 0
6.72604 7.65016 0.496945 0
6.67959 7.57599 0.462939 0
6.62198 7.44153 0.510104 0
6.58226 7.37158 0.47698 0
4.57249 7.25276 0.519093 0
6.52222 7.24183 0.503366 0
4.5043 7.16974 0.499298 0
6.48042 7.16795 0.476929 0
4.4192 7.06945 0.493392 0
6.4205 7.03863 0.499887 0
6.37838 6.96564 0.473473 0
6.31863 6.83502 0.498065 0
6.27618 6.76166 0.471968 0
4.06104 6.64315 0.518969 0
6.2164 6.63072 0.496215 0
3.9905 6.55625 0.500911 0
9.82321 6.28729 0.542962 0
9.72979 6.29162 0.540484 0
9.63795 6.29199 0.535177 0
9.54498 6.2907 0.529435 0
9.45016 6.28909 0.525045 0
9.35327 6.28701 0.520813 0
9.25463 6.2828 0.516389 0
9.15566 6.27306 0.512944 0
6.1738 6.55719 0.471108 0
3.90674 6.44891 0.493409 0
9.97402 6.23429 0.574745 0
9.06252 6.26126 0.518234 0
8.98189 6.21531 0.506404 0
6.11417 6.42632 0.495797 0
9.90956 6.25576 0.513691 0
8.88702 6.1466 0.501856 0
6.07167 6.35291 0.471125 0
9.94984 6.17451 0.534425 0
9.90132 6.13662 0.502263 0
8.78409 6.07206 0.52096 0
6.01218 6.22229 0.496176 0
9.86856 6.05742 0.520191 0
8.68712 5.9838 0.529107 0
5.97007 6.14951 0.471606 0
9.81351 5.96922 0.514217 0
8.58855 5.88668 0.529707 0
5.90777 6.01411 0.491706 0
3.44159 5.91826 0.529814 0
9.76598 5.89052 0.50878 0
8.48662 5.78472 0.52961 0
5.85991 5.93694 0.459963 0
3.36874 5.83066 0.503932 0
9.69972 5.79991 0.509459 0
8.38429 5.68185 0.528615 0
5.8006 5.78121 0.516599 0
3.27821 5.72957 0.503027 0
9.63959 5.69227 0.522477 0
8.27854 5.57504 0.526567 0
5.77271 5.69018 0.489166 0
9.57711 5.60075 0.512757 0
8.16999 5.46655 0.518845 0
5.76034 5.56184 0.484374 0
9.50751 5.49417 0.515365 0
8.05666 5.36247 0.506919 0
5.74012 5.44703 0.429074 0
2.97589 5.43032 0.548676 0
9.45031 5.38613 0.51252 0
7.94521 5.29333 0.531342 0
7.84674 5.24349 0.54652 0
6.2567 5.20289 0.488872 0
6.14845 5.22013 0.49174 0
6.05512 5.24091 0.513544 0
5.96734 5.26069 0.49518 0
5.87685 5.30378 0.486258 0
5.80077 5.36222 0.457864 0
2.86709 5.35773 0.545853 0
2.7595 5.3062 0.537095 0
2.6482 5.27588 0.523478 0
2.53773 5.26208 0.517266 0
2.42983 5.25844 0.514952 0
2.32419 5.25798 0.514375 0
2.22003 5.25799 0.514381 0
2.11677 5.25799 0.514494 0
2.01406 5.25799 0.514596 0
1.91172 5.25799 0.514703 0
1.8097 5.258 0.514817 0
1.70804 5.258 0.514862 0
1.6068 5.25799 0.514607 0
1.50593 5.25796 0.513544 0
1.40508 5.25788 0.510879 0
1.30314 5.25769 0.507281 0
1.19969 5.25679 0.504741 0
1.09521 5.25455 0.501018 0
0.992776 5.25181 0.497647 0
0.892064 5.24951 0.494891 0
0.789112 5.24676 0.497375 0
0.685481 5.24058 0.508243 0
0.581992 5.22393 0.515444 0
9.42002 5.27577 0.498478 0
7.73907 5.20435 0.541649 0
7.63516 5.17491 0.525656 0
7.52729 5.15717 0.514421 0
7.41961 5.15052 0.508588 0
7.31404 5.14882 0.505997 0
7.20963 5.1485 0.503508 0
7.10626 5.14836 0.502348 0
7.00371 5.14849 0.503078 0
6.902 5.14911 0.506659 0
6.80079 5.15051 0.512491 0
6.69917 5.15342 0.517719 0
6.59646 5.15906 0.520842 0
6.48955 5.16994 0.511298 0
6.37646 5.18334 0.487492 0
0.48713 5.20193 0.525085 0
0.393342 5.17388 0.51558 0
0.303866 5.13268 0.496351 0
9.41451 5.16884 0.460619 0
0.224635 5.07933 0.491039 0
9.7368 4.90462 0.539313 0
9.66367 4.95484 0.504701 0
9.57992 5.00986 0.511241 0
9.49439 5.08191 0.49002 0
0.161353 5.01488 0.463126 0
9.80894 4.83374 0.581754 0
0.115828 4.94396 0.479735 0
0.0795533 4.84526 0.492821 0
9.85389 4.74637 0.552953 0
0.0660889 4.75451 0.502467 0
9.87668 4.64103 0.537005 0
0.0620552 4.65347 0.516633 0
9.87511 4.5353 0.516401 0
0.0665415 4.55027 0.525741 0
9.85445 4.44204 0.508265 0
0.075695 4.45037 0.528688 0
9.8074 4.35546 0.476183 0
0.089001 4.35499 0.542396 0
9.73318 4.28649 0.503066 0
9.64777 4.23064 0.52083 0
9.56874 4.17299 0.537423 0
0.111574 4.26618 0.57217 0
9.5118 4.10556 0.564329 0
0.164849 4.1783 0.534849 0
9.47203 4.03469 0.536586 0
7.68733 4.01175 0.473473 0
7.5668 4.02742 0.49264 0
7.45636 4.03741 0.501669 0
7.34893 4.04096 0.503841 0
7.24329 4.04169 0.503728 0
7.13974 4.0418 0.501856 0
7.03827 4.04133 0.499576 0
6.93683 4.03936 0.501262 0
6.83295 4.03669 0.507598 0
6.72735 4.03486 0.513091 0
6.62321 4.033 0.51343 0
6.52024 4.02788 0.51489 0
6.42041 4.01629 0.517425 0
0.402728 4.02155 0.505782 0
0.322196 4.05228 0.528173 0
0.239678 4.10567 0.517623 0
9.44335 3.96078 0.506002 0
7.91419 3.9277 0.495961 0
7.80737 3.97614 0.48425 0
6.32909 3.99831 0.530419 0
6.22737 3.98232 0.505041 0
6.11296 3.95776 0.511558 0
6.00465 3.92989 0.512163 0
5.90166 3.88321 0.53684 0
2.76757 3.88169 0.490665 0
2.6586 3.91256 0.505041 0
2.54977 3.92735 0.511688 0
2.44279 3.93165 0.514115 0
2.33765 3.93223 0.514681 0
2.23375 3.93224 0.514681 0
2.13063 3.93224 0.514602 0
2.02801 3.93224 0.514534 0
1.92573 3.93224 0.514477 0
1.8238 3.93225 0.514432 0
1.72234 3.93225 0.514432 0
1.6216 3.93224 0.514624 0
1.52175 3.93226 0.515337 0
1.42258 3.93239 0.518041 0
1.32143 3.93301 0.52044 0
1.21981 3.93424 0.51911 0
1.11794 3.93582 0.516661 0
1.01516 3.93752 0.517781 0
0.914201 3.93915 0.516989 0
0.815984 3.94081 0.517628 0
0.711341 3.94848 0.513464 0
0.61094 3.9652 0.498942 0
0.50456 3.9891 0.497132 0
9.5326 3.70503 0.52715 0
9.44657 3.86639 0.504334 0
8.00289 3.86267 0.513974 0
5.82149 3.82175 0.573986 0
2.87411 3.83265 0.478242 0
9.59444 3.60674 0.525028 0
8.08313 3.78379 0.540999 0
5.78285 3.7526 0.504339 0
2.97893 3.75752 0.498359 0
8.20234 3.67392 0.525073 0
5.76296 3.58295 0.512955 0
9.72293 3.39854 0.513815 0
9.64233 3.52144 0.528111 0
8.31564 3.55901 0.529322 0
5.77348 3.48088 0.502591 0
3.1511 3.59428 0.483628 0
9.78861 3.31587 0.524621 0
8.42221 3.45342 0.525797 0
3.29934 3.44463 0.548263 0
8.52645 3.35001 0.522997 0
5.86874 3.24359 0.515586 0
3.37963 3.34926 0.530736 0
9.88548 3.14809 0.52969 0
9.83009 3.2311 0.523421 0
8.62793 3.25039 0.518782 0
3.4461 3.26817 0.506183 0
9.95265 3.05155 0.547227 0
8.72717 3.15313 0.52005 0
5.97108 3.04152 0.506302 0
9.88614 3.07405 0.492583 0
8.82544 3.05848 0.549207 0
9.94678 2.98817 0.512158 0
9.86821 2.99551 0.47952 0
9.00201 2.93754 0.533836 0
8.90945 2.9903 0.553196 0
6.07312 2.83732 0.506744 0
9.91354 2.91634 0.528066 0
9.83876 2.92029 0.509442 0
9.75497 2.91421 0.506014 0
9.66754 2.91085 0.505952 0
9.57632 2.90885 0.508045 0
9.48225 2.90703 0.511292 0
9.38669 2.90565 0.514324 0
9.29054 2.90513 0.517645 0
9.19449 2.90662 0.520819 0
9.09948 2.91483 0.520796 0
3.78455 2.89223 0.520355 0
6.17519 2.63304 0.507202 0
3.92246 2.73365 0.546611 0
3.99365 2.63368 0.520293 0
6.27734 2.42871 0.507304 0
4.05541 2.55528 0.470701 0
6.3795 2.22438 0.507321 0
4.22028 2.36624 0.530815 0
4.3044 2.25732 0.534091 0
6.48165 2.02008 0.507298 0
4.40158 2.14213 0.53774 0
4.49048 2.03124 0.511592 0
6.58381 1.81576 0.507292 0
4.56363 1.94714 0.468472 0
6.68598 1.61142 0.507349 0
6.7881 1.40717 0.507371 0
4.90999 1.56257 0.5216 0
5.0472 1.40471 0.54734 0
6.88993 1.20358 0.50693 0
5.1183 1.30481 0.521436 0
5.17914 1.22706 0.472675 0
6.99348 0.993319 0.516078 0
5.34622 1.04357 0.540229 0
7.09905 0.791115 0.5006 0
5.43316 0.938528 0.539845 0
5.5174 0.840322 0.533339 0
7.18922 0.606465 0.512967 0
5.60172 0.738162 0.520293 0
5.68313 0.630464 0.493307 0
7.27762 0.427739 0.505674 0
7.35827 0.255722 0.507004 0
7.36332 0.174557 0.476613 0
6.04163 0.251768 0.546085 0
7.31661 0.0959709 0.469462 0
6.20758 0.092882 0.532094 0
6.12495 0.167983 0.543488 0
7.25812 0.042396 0.48705 0
7.17662 0.00897252 0.474695 0
7.09163 0.00459375 0.489591 0
7.00265 0.00277209 0.498009 0
6.91044 0.000820312 0.503044 0
6.81491 0.00014709 0.50615 0
6.71685 0 0.508775 0
6.617 0.000390355 0.511807 0
6.51581 0.00313416 0.516072 0
6.41362 0.0131759 0.522482 0
6.30939 0.036156 0.524287 0
7.1746 9.15467 0.450402 0
7.07662 9.16599 0.438663 0
6.97997 9.16829 0.433057 0
6.88319 9.16784 0.42994 0
6.7856 9.16653 0.427632 0
6.68704 9.16534 0.425612 0
6.58788 9.16334 0.42379 0
6.48856 9.15848 0.421573 0
6.39038 9.14444 0.415485 0
7.34395 9.06947 0.461598 0
7.26989 9.11088 0.447053 0
6.28654 9.12233 0.412334 0
6.1978 9.08313 0.4364 0
6.12997 9.01943 0.417188 0
7.33386 8.9891 0.433227 0
7.27379 9.02605 0.398592 0
6.07054 8.94781 0.399141 0
7.30322 8.90175 0.430358 0
7.25308 8.93593 0.384766 0
6.00042 8.86724 0.415021 0
7.24279 8.83121 0.404301 0
5.92747 8.77125 0.413664 0
7.23758 8.71867 0.440892 0
7.18536 8.75117 0.386073 0
5.83864 8.67019 0.417601 0
7.16098 8.64957 0.406207 0
5.73484 8.56371 0.428678 0
7.14381 8.53157 0.437594 0
7.08812 8.56824 0.381609 0
5.63826 8.45033 0.420956 0
7.06162 8.4615 0.401738 0
5.54293 8.34548 0.420384 0
7.04433 8.33532 0.435292 0
6.98888 8.37366 0.380432 0
5.45618 8.23847 0.408668 0
6.961 8.26195 0.401167 0
5.43067 8.12976 0.363562 0
5.37333 8.16488 0.413183 0
6.94287 8.1333 0.434494 0
6.88741 8.17196 0.380082 0
5.32219 8.06976 0.412962 0
6.85895 8.05893 0.400714 0
5.21952 7.95777 0.430647 0
6.84081 7.92951 0.434222 0
6.78534 7.96854 0.379878 0
5.12905 7.84342 0.416328 0
6.75732 7.85582 0.400725 0
5.04211 7.74138 0.408233 0
6.7402 7.72725 0.434918 0
6.68409 7.76905 0.378979 0
4.96456 7.64755 0.399294 0
6.65669 7.66297 0.397195 0
4.88354 7.56901 0.434539 0
6.63159 7.49691 0.445124 0
6.59823 7.56163 0.389677 0
4.80504 7.45545 0.422495 0
6.55502 7.4408 0.40477 0
4.71414 7.34632 0.421425 0
6.53528 7.3126 0.438771 0
6.48534 7.35262 0.384353 0
4.60794 7.23592 0.429453 0
6.45282 7.23815 0.404074 0
4.50932 7.12141 0.418461 0
6.43229 7.11085 0.435518 0
6.37701 7.15071 0.380184 0
4.41297 7.01535 0.415123 0
6.348 7.03801 0.400397 0
4.32306 6.91333 0.413092 0
6.32988 6.90838 0.433707 0
6.27406 6.94764 0.379431 0
4.25883 6.81471 0.398089 0
6.24548 6.83414 0.399939 0
4.18781 6.72892 0.414518 0
6.22723 6.70444 0.432683 0
6.17136 6.74346 0.379131 0
4.09109 6.62293 0.428853 0
6.14273 6.62994 0.399503 0
3.99725 6.50931 0.418778 0
6.12473 6.50012 0.432214 0
6.0694 6.53939 0.379177 0
3.90796 6.40632 0.412792 0
9.86077 6.21407 0.480109 0
9.78339 6.24048 0.480369 0
9.69377 6.24144 0.471974 0
9.60519 6.23747 0.46613 0
9.51335 6.23351 0.462854 0
9.41734 6.22968 0.460387 0
9.31731 6.22464 0.458238 0
9.21184 6.216 0.457406 0
9.09669 6.20047 0.461253 0
6.04065 6.42544 0.399633 0
3.83927 6.31711 0.398666 0
8.98706 6.15566 0.456116 0
6.02279 6.29616 0.432254 0
5.96679 6.33555 0.378803 0
3.76274 6.22899 0.417431 0
9.82434 6.13632 0.468393 0
9.75339 6.16773 0.44888 0
9.66849 6.15895 0.436904 0
9.58226 6.15545 0.432553 0
9.48932 6.15296 0.430307 0
9.39211 6.14849 0.428791 0
9.29223 6.1428 0.428226 0
9.19107 6.13504 0.428752 0
9.09362 6.1184 0.427558 0
8.99762 6.08669 0.427892 0
8.88861 6.07576 0.45464 0
5.9388 6.22284 0.399237 0
3.68277 6.12445 0.41837 0
9.80506 6.04772 0.472896 0
9.73837 6.08067 0.441396 0
9.65741 6.0672 0.428005 0
9.56839 6.07083 0.419785 0
9.4728 6.06806 0.41639 0
9.37535 6.06178 0.41488 0
9.28033 6.0544 0.414393 0
9.18658 6.04485 0.413884 0
9.09178 6.02826 0.413533 0
8.98976 6.01054 0.417974 0
8.89423 5.99705 0.427943 0
8.78878 5.99235 0.459126 0
5.92176 6.09399 0.432287 0
5.86523 6.13558 0.377904 0
3.58728 6.01905 0.425233 0
9.73361 5.98156 0.45662 0
9.64465 5.97913 0.429323 0
9.55373 5.98677 0.416577 0
9.45564 5.98078 0.412357 0
9.36504 5.96895 0.410524 0
9.27427 5.96121 0.409783 0
9.1815 5.95101 0.40959 0
9.08544 5.93815 0.410303 0
8.98846 5.92433 0.412113 0
8.88809 5.91679 0.418467 0
8.79397 5.90612 0.429679 0
8.68989 5.89985 0.461558 0
5.83784 6.02726 0.396471 0
3.47712 5.90901 0.437334 0
9.69032 5.88592 0.4614 0
9.61016 5.88664 0.432361 0
9.52679 5.90411 0.418806 0
9.44647 5.88197 0.413528 0
9.36114 5.87364 0.410869 0
9.2701 5.86666 0.409177 0
9.17589 5.85649 0.408696 0
9.08062 5.84475 0.409075 0
8.98368 5.83504 0.41023 0
8.88733 5.82704 0.412306 0
8.78793 5.82111 0.418948 0
8.69391 5.80931 0.430375 0
8.59003 5.80144 0.462215 0
5.81582 5.84902 0.452241 0
5.78212 5.91755 0.393048 0
3.3782 5.78822 0.4163 0
9.62468 5.78567 0.466028 0
9.5402 5.80898 0.430822 0
9.45554 5.78607 0.420814 0
9.36164 5.78082 0.412928 0
9.2651 5.7716 0.409822 0
9.17003 5.75953 0.408827 0
9.07504 5.7489 0.408708 0
8.98001 5.74085 0.409053 0
8.88361 5.73506 0.410218 0
8.78725 5.72801 0.412351 0
8.68781 5.72158 0.418998 0
8.59353 5.70911 0.430409 0
8.48941 5.70054 0.46209 0
5.74577 5.78965 0.411514 0
3.27206 5.68715 0.422738 0
9.54878 5.70223 0.455963 0
9.44994 5.69337 0.428192 0
9.35049 5.68671 0.415044 0
9.25662 5.67241 0.411282 0
9.16337 5.65943 0.409545 0
9.07076 5.64968 0.408855 0
8.97654 5.64422 0.408662 0
8.88087 5.63929 0.408991 0
8.78345 5.63377 0.410094 0
8.68622 5.62654 0.41213 0
8.58629 5.62018 0.418778 0
8.49175 5.60744 0.430273 0
8.38814 5.5995 0.462102 0
5.73183 5.65633 0.423858 0
5.67681 5.71655 0.378588 0
3.19828 5.59504 0.395153 0
9.5 5.59345 0.463493 0
9.41951 5.59944 0.432921 0
9.33872 5.58429 0.421872 0
9.24919 5.57012 0.414337 0
9.16087 5.55548 0.411259 0
9.06857 5.54889 0.409189 0
8.97366 5.54559 0.408476 0
8.87634 5.54159 0.408159 0
8.77802 5.53604 0.40782 0
8.67912 5.5307 0.408204 0
8.58106 5.52402 0.409958 0
8.48063 5.5177 0.416781 0
8.38737 5.5045 0.427999 0
8.28902 5.50474 0.461264 0
5.71101 5.54666 0.413115 0
5.65284 5.60976 0.373355 0
3.11847 5.54684 0.444292 0
9.42445 5.4941 0.460636 0
9.33621 5.48902 0.432282 0
9.25465 5.46273 0.421358 0
9.16194 5.45179 0.411989 0
9.06572 5.44686 0.407837 0
8.96747 5.44578 0.406105 0
8.86661 5.44136 0.40425 0
8.76576 5.43594 0.401896 0
8.66552 5.43151 0.400408 0
8.56351 5.42747 0.400697 0
8.46125 5.41924 0.40236 0
8.35454 5.41429 0.410733 0
8.24952 5.41142 0.430664 0
8.15236 5.38497 0.451924 0
5.72595 5.34509 0.360298 0
5.65693 5.47646 0.369384 0
3.03843 5.45973 0.427796 0
2.93857 5.38624 0.439857 0
9.36001 5.38481 0.45391 0
9.25795 5.35829 0.421793 0
9.15645 5.34626 0.405449 0
9.05535 5.34355 0.399334 0
8.95287 5.34597 0.396748 0
8.84717 5.33871 0.391023 0
8.74485 5.33378 0.385654 0
8.64028 5.33314 0.383403 0
8.53573 5.32996 0.381824 0
8.42841 5.3245 0.38024 0
8.32205 5.32046 0.381377 0
8.21919 5.31292 0.387793 0
8.11073 5.30348 0.405749 0
8.00549 5.28183 0.431128 0
7.89639 5.22374 0.420854 0
6.05726 5.21215 0.402722 0
5.93666 5.23677 0.389105 0
5.82746 5.28011 0.377881 0
5.63651 5.3767 0.330999 0
2.83703 5.3265 0.433645 0
2.73418 5.28396 0.424661 0
2.62568 5.26129 0.417607 0
2.51741 5.25363 0.413443 0
2.41116 5.25196 0.411695 0
2.30654 5.25188 0.411208 0
2.203 5.25188 0.411186 0
2.10011 5.25189 0.411242 0
1.99764 5.2519 0.411293 0
1.89546 5.2519 0.411327 0
1.7935 5.2519 0.411299 0
1.69175 5.25187 0.411106 0
1.5901 5.2518 0.410484 0
1.48832 5.25162 0.409047 0
1.38587 5.25129 0.406796 0
1.28232 5.25036 0.404997 0
1.17724 5.24806 0.404476 0
1.06903 5.24 0.395323 0
0.965077 5.23162 0.388398 0
0.860886 5.22783 0.389693 0
0.756922 5.22585 0.397478 0
0.655542 5.22113 0.413579 0
0.550328 5.20023 0.407078 0
9.3393 5.26896 0.439139 0
9.24033 5.24728 0.400233 0
9.13851 5.23904 0.381909 0
9.03287 5.24233 0.376484 0
8.92881 5.25018 0.374051 0
8.8193 5.2324 0.360988 0
8.70982 5.23669 0.357005 0
8.60442 5.23625 0.353679 0
8.49888 5.23622 0.350799 0
8.38978 5.22963 0.342749 0
8.28531 5.22415 0.336458 0
8.17969 5.22363 0.338268 0
8.07596 5.2195 0.346822 0
7.97835 5.2067 0.357628 0
7.80279 5.2034 0.446448 0
7.71217 5.16711 0.427128 0
7.60762 5.14497 0.417799 0
7.49999 5.1332 0.410224 0
7.39303 5.12917 0.405002 0
7.28746 5.12779 0.401093 0
7.1832 5.12694 0.398129 0
7.08022 5.12693 0.397184 0
6.97833 5.12816 0.398734 0
6.87806 5.13178 0.404431 0
6.77848 5.13699 0.412515 0
6.67853 5.14372 0.418433 0
6.58075 5.15318 0.425369 0
6.48232 5.16151 0.413426 0
6.4026 5.16371 0.381524 0
6.30708 5.17567 0.392149 0
6.18991 5.18617 0.384619 0
0.461089 5.18445 0.428797 0
0.378085 5.15092 0.409392 0
9.42044 5.07334 0.395475 0
9.32655 5.16398 0.400324 0
9.21937 5.13492 0.352389 0
9.1054 5.14122 0.340418 0
9.00102 5.14505 0.33574 0
8.91317 5.16356 0.340758 0
0.289655 5.10487 0.395549 0
9.71519 4.90187 0.429804 0
9.6197 4.95414 0.412741 0
9.5265 5.01017 0.415174 0
9.32239 5.0774 0.348961 0
0.211969 5.04545 0.388771 0
9.79901 4.83227 0.471244 0
0.139193 4.954 0.375403 0
0.0902004 4.8758 0.408719 0
9.85515 4.73327 0.466763 0
0.0597527 4.77943 0.395832 0
0.0669431 4.77658 0.287856 0
9.87635 4.62491 0.44789 0
0.0438612 4.67991 0.425606 0
0.0321166 4.69389 0.321483 0
9.86969 4.5314 0.414286 0
0.0465145 4.56437 0.440955 0
0.0226689 4.60089 0.370006 0
9.85117 4.43914 0.425844 0
0.0612971 4.45791 0.437345 0
9.81007 4.36882 0.381875 0
0.0899628 4.35217 0.442946 0
9.74028 4.30423 0.407045 0
9.65206 4.25749 0.415887 0
9.56677 4.209 0.420413 0
0.123901 4.25633 0.469213 0
9.49297 4.13438 0.450849 0
9.40581 4.13042 0.3734 0
0.194227 4.16682 0.431643 0
9.42368 4.05157 0.445214 0
9.33604 4.04474 0.388375 0
9.23574 4.04118 0.355936 0
9.12526 4.03363 0.34022 0
7.77582 4.03111 0.380874 0
7.67367 4.04657 0.375567 0
7.58237 4.04916 0.396499 0
7.47973 4.0557 0.40391 0
7.37558 4.0592 0.406615 0
7.27054 4.06063 0.405726 0
7.16565 4.06157 0.401828 0
7.06198 4.06236 0.395419 0
6.9596 4.05981 0.392635 0
6.85593 4.05115 0.401234 0
6.74644 4.04286 0.413087 0
6.64002 4.04076 0.412328 0
6.53441 4.03828 0.411882 0
6.42757 4.0308 0.414229 0
6.3175 4.01593 0.423089 0
6.21717 4.00616 0.395034 0
0.421714 4.02885 0.406128 0
0.300279 4.08203 0.428146 0
9.38162 3.95181 0.443794 0
9.29878 3.94381 0.405964 0
9.21012 3.93981 0.386061 0
9.12812 3.92193 0.382028 0
9.04385 3.94867 0.366804 0
8.94469 3.95183 0.360049 0
8.83942 3.94546 0.358906 0
8.73522 3.94099 0.358991 0
8.63331 3.93628 0.359874 0
8.53463 3.92661 0.362946 0
8.43087 3.92532 0.360869 0
8.33103 3.93611 0.352174 0
8.22612 3.94061 0.350239 0
8.1165 3.94309 0.363427 0
8.00244 3.94659 0.399667 0
7.88968 3.9923 0.396352 0
6.13566 3.98229 0.422206 0
6.03563 3.96774 0.404205 0
5.92236 3.92243 0.424786 0
2.78964 3.89274 0.375635 0
2.67783 3.91555 0.39939 0
2.5683 3.93089 0.408255 0
2.46079 3.93681 0.411191 0
2.35515 3.93819 0.41174 0
2.25083 3.9383 0.411599 0
2.14738 3.93832 0.411418 0
2.04447 3.93834 0.411293 0
1.94189 3.93835 0.411197 0
1.83954 3.93836 0.411084 0
1.73747 3.93838 0.410942 0
1.63592 3.93837 0.410852 0
1.53542 3.9385 0.411089 0
1.43676 3.9387 0.412447 0
1.34089 3.93836 0.419717 0
1.24001 3.94056 0.421109 0
1.1425 3.9456 0.41531 0
1.03898 3.94889 0.416752 0
0.935077 3.95257 0.415129 0
0.836107 3.95872 0.409257 0
0.746954 3.96016 0.420752 0
0.654524 3.97878 0.396301 0
0.545717 3.99706 0.396375 0
9.45653 3.76885 0.477987 0
9.3736 3.84867 0.44298 0
9.28637 3.83748 0.413788 0
9.19759 3.82725 0.403294 0
9.10132 3.82873 0.397619 0
9.00808 3.84304 0.390689 0
8.90892 3.84365 0.387487 0
8.8068 3.8388 0.387114 0
8.70476 3.83403 0.387498 0
8.60279 3.82761 0.388636 0
8.49814 3.82454 0.388624 0
8.39106 3.82582 0.387945 0
8.2869 3.83537 0.388817 0
8.18037 3.84394 0.402445 0
8.08035 3.85383 0.43928 0
5.82808 3.85378 0.439863 0
5.76502 3.88148 0.351388 0
2.953 3.80599 0.402275 0
2.8891 3.85975 0.361192 0
9.52764 3.61522 0.464415 0
9.37089 3.7442 0.429414 0
9.27988 3.72892 0.412187 0
9.18283 3.72541 0.40696 0
9.08436 3.73 0.404883 0
8.98613 3.73754 0.402818 0
8.88468 3.7362 0.401857 0
8.78177 3.73027 0.402038 0
8.67879 3.72561 0.402468 0
8.57254 3.72096 0.402869 0
8.46365 3.72355 0.403707 0
8.34846 3.72217 0.412696 0
8.23999 3.74196 0.430941 0
8.14721 3.75497 0.477523 0
5.74765 3.67548 0.45886 0
5.72822 3.78386 0.396697 0
3.03035 3.75004 0.395113 0
9.45653 3.66771 0.445469 0
9.37135 3.63444 0.417216 0
9.27225 3.62714 0.40972 0
9.17135 3.6265 0.408221 0
9.07026 3.63052 0.407661 0
8.9687 3.63495 0.40718 0
8.86411 3.63008 0.407214 0
8.75951 3.62096 0.407503 0
8.65497 3.61999 0.407644 0
8.54177 3.61545 0.410529 0
8.43478 3.6273 0.418257 0
8.351 3.61782 0.442601 0
8.27127 3.64234 0.471001 0
5.68133 3.67027 0.388845 0
3.11496 3.67137 0.394621 0
9.64705 3.45146 0.474519 0
9.56977 3.52386 0.456071 0
9.4672 3.54392 0.424067 0
9.36256 3.53254 0.410784 0
9.25853 3.52795 0.4086 0
9.15526 3.52836 0.408623 0
9.05235 3.53151 0.408595 0
8.94936 3.53582 0.408561 0
8.84281 3.52292 0.408679 0
8.73998 3.50886 0.409279 0
8.63191 3.52286 0.411474 0
8.54508 3.50858 0.421267 0
8.46273 3.52661 0.434528 0
8.38274 3.5279 0.474367 0
5.73349 3.56951 0.429527 0
5.66435 3.55265 0.372818 0
3.23463 3.50909 0.466673 0
9.72137 3.31665 0.46295 0
9.54797 3.43275 0.425069 0
9.44159 3.439 0.411135 0
9.33666 3.43185 0.408425 0
9.23291 3.42937 0.408623 0
9.12943 3.43044 0.408651 0
9.0265 3.43299 0.408646 0
8.92825 3.44086 0.408696 0
8.84453 3.40594 0.409172 0
8.75061 3.4048 0.411497 0
8.66072 3.42055 0.416368 0
8.57279 3.41697 0.434432 0
8.48671 3.42609 0.472375 0
5.83229 3.30917 0.441894 0
5.74256 3.46421 0.412057 0
3.31766 3.4214 0.450176 0
9.64772 3.36607 0.443234 0
9.5844 3.32541 0.418789 0
9.49761 3.3381 0.411582 0
9.40255 3.3362 0.408928 0
9.30212 3.33258 0.408589 0
9.19829 3.33256 0.408578 0
9.08991 3.33527 0.408589 0
8.97236 3.34053 0.408408 0
8.87515 3.29758 0.410445 0
8.77611 3.30866 0.415864 0
8.68003 3.31844 0.431303 0
8.59431 3.32542 0.466305 0
5.75579 3.36096 0.390073 0
3.4004 3.33306 0.433674 0
9.82051 3.15401 0.470469 0
9.76253 3.23555 0.460981 0
9.66591 3.25059 0.426964 0
9.56859 3.23741 0.412713 0
9.4735 3.24008 0.409443 0
9.37539 3.23803 0.409279 0
9.27441 3.23718 0.409285 0
9.17164 3.23956 0.409228 0
9.06885 3.24478 0.409019 0
8.97314 3.2382 0.409681 0
8.87723 3.19945 0.417867 0
8.78662 3.21248 0.431688 0
8.6977 3.22556 0.464133 0
5.93442 3.09865 0.437866 0
5.85714 3.21932 0.423128 0
3.49085 3.23917 0.425991 0
9.73305 3.1566 0.434516 0
9.64451 3.15499 0.418031 0
9.54946 3.14706 0.413635 0
9.45368 3.1462 0.412838 0
9.35553 3.14479 0.413013 0
9.25655 3.14534 0.412951 0
9.15932 3.14879 0.412634 0
9.06685 3.15177 0.412736 0
8.97645 3.14582 0.415604 0
8.8863 3.11809 0.43287 0
8.79767 3.11896 0.472517 0
5.85833 3.14211 0.38794 0
3.57795 3.14903 0.42603 0
9.80375 3.07272 0.451551 0
9.71646 3.06782 0.433006 0
9.62631 3.0632 0.425578 0
9.53209 3.05789 0.424763 0
9.43617 3.05613 0.424956 0
9.33922 3.05504 0.42521 0
9.24331 3.05565 0.425125 0
9.15057 3.05867 0.424673 0
9.06019 3.06137 0.4259 0
8.96942 3.05862 0.434279 0
8.87608 3.04588 0.477484 0
6.03695 2.89251 0.436525 0
5.9573 3.01017 0.417595 0
3.66571 3.04441 0.436259 0
9.78309 2.98764 0.459991 0
9.69542 2.9812 0.452801 0
9.60467 2.97688 0.451296 0
9.51056 2.97326 0.452473 0
9.41509 2.97122 0.453593 0
9.31956 2.96985 0.454515 0
9.22562 2.96977 0.455098 0
9.13457 2.97374 0.45529 0
9.04412 2.97854 0.458696 0
8.95364 2.98818 0.476652 0
5.9585 2.9335 0.384517 0
3.73615 2.95018 0.456133 0
6.1394 2.68819 0.437124 0
6.06021 2.80482 0.417986 0
3.85068 2.80308 0.483628 0
6.0616 2.7286 0.385032 0
3.92871 2.71507 0.446799 0
6.24166 2.48382 0.437283 0
6.16274 2.60038 0.418433 0
4.00092 2.64022 0.41858 0
6.16414 2.52408 0.385264 0
4.12124 2.51239 0.406196 0
6.34386 2.27948 0.437328 0
6.26501 2.39601 0.418551 0
4.1882 2.40906 0.441701 0
6.26646 2.31968 0.38536 0
4.25874 2.30599 0.448999 0
6.446 2.07515 0.437266 0
6.36721 2.19166 0.41858 0
4.34291 2.2058 0.44974 0
6.36859 2.11533 0.38532 0
4.42699 2.11439 0.438822 0
6.54813 1.87087 0.43726 0
6.46931 1.98737 0.418523 0
4.51225 2.0357 0.406971 0
6.47064 1.91104 0.385241 0
4.63853 1.90214 0.40434 0
6.65033 1.66654 0.437339 0
6.57146 1.78308 0.418523 0
4.7144 1.8111 0.42056 0
6.57291 1.70675 0.385343 0
4.79491 1.71251 0.432463 0
6.75249 1.46224 0.437351 0
6.67368 1.57873 0.418597 0
4.862 1.61861 0.459143 0
6.67508 1.50244 0.385366 0
4.97636 1.47258 0.484674 0
6.85438 1.25831 0.437226 0
6.77579 1.37451 0.418585 0
5.05418 1.38501 0.44664 0
6.77694 1.29837 0.385213 0
5.12646 1.3109 0.417997 0
6.95907 1.05296 0.441565 0
6.87735 1.17066 0.418054 0
5.24385 1.18641 0.407904 0
6.8803 1.0943 0.386293 0
5.30675 1.08621 0.451036 0
7.06122 0.844491 0.43614 0
6.98185 0.967731 0.422297 0
5.43074 0.976862 0.387708 0
5.37737 0.984742 0.462005 0
6.98429 0.892477 0.389009 0
5.46392 0.891261 0.440055 0
7.14753 0.650915 0.423671 0
7.08978 0.745913 0.418059 0
5.54848 0.797575 0.440485 0
7.06327 0.675982 0.369129 0
5.63243 0.711397 0.418003 0
7.24299 0.469699 0.43244 0
7.19419 0.557807 0.434596 0
5.75677 0.575554 0.412113 0
7.16738 0.484991 0.37645 0
5.83636 0.482411 0.42495 0
7.318 0.297406 0.443992 0
7.27179 0.378882 0.426523 0
5.91328 0.381502 0.453621 0
7.24944 0.304477 0.385541 0
5.991 0.288937 0.459635 0
7.31467 0.216823 0.417024 0
7.24042 0.221484 0.374034 0
6.06624 0.201684 0.460642 0
7.29224 0.128348 0.410331 0
7.21636 0.140715 0.380082 0
6.24566 0.0641597 0.449282 0
6.14922 0.123822 0.454498 0
7.21397 0.0616818 0.411423 0
7.11803 0.0436802 0.404821 0
7.02619 0.0351942 0.410688 0
6.93411 0.0312567 0.415768 0
6.84021 0.0288863 0.41944 0
6.744 0.0271382 0.422002 0
6.64613 0.0259332 0.424062 0
6.54775 0.0258653 0.426127 0
6.44943 0.0281169 0.429419 0
6.35117 0.0358957 0.437922 0
7.211 9.09185 0.393982 0
7.12977 9.10146 0.3814 0
7.04352 9.10615 0.372439 0
6.95166 9.10651 0.368184 0
6.85652 9.10409 0.365446 0
6.75959 9.10109 0.363511 0
6.66188 9.09826 0.361673 0
6.56314 9.09449 0.360411 0
6.46302 9.08617 0.35911 0
6.35779 9.06965 0.359908 0
6.24428 9.04121 0.362595 0
7.19223 9.01198 0.361294 0
7.11174 9.01854 0.344899 0
7.02427 9.0256 0.335977 0
6.9307 9.02473 0.331757 0
6.83462 9.02016 0.329494 0
6.73921 9.01512 0.327983 0
6.64292 9.01148 0.327027 0
6.54618 9.00675 0.326546 0
6.44886 8.99893 0.326716 0
6.35207 8.9867 0.326309 0
6.26406 8.96335 0.325319 0
6.16566 8.95718 0.347479 0
7.17927 8.92041 0.355523 0
7.09522 8.93129 0.331106 0
7.00657 8.93989 0.320097 0
6.91084 8.93626 0.316029 0
6.8194 8.92719 0.313484 0
6.72594 8.92253 0.312528 0
6.63179 8.91837 0.312166 0
6.5375 8.91336 0.311962 0
6.44389 8.90575 0.311656 0
6.35229 8.89191 0.311125 0
6.25709 8.87906 0.314315 0
6.16973 8.86684 0.323548 0
6.08108 8.86668 0.352598 0
7.15701 8.83676 0.353866 0
7.07026 8.84022 0.328425 0
6.98391 8.85474 0.317483 0
6.90304 8.83913 0.311504 0
6.81215 8.83336 0.308811 0
6.71941 8.8281 0.307674 0
6.62544 8.82342 0.30743 0
6.53122 8.81752 0.307289 0
6.43683 8.80853 0.307232 0
6.33993 8.79746 0.307996 0
6.24069 8.78542 0.310961 0
6.13439 8.77874 0.323735 0
6.02428 8.76971 0.353323 0
7.10406 8.74327 0.353373 0
7.00483 8.76033 0.324544 0
6.90463 8.74893 0.312578 0
6.81022 8.73904 0.30885 0
6.71509 8.73334 0.306995 0
6.61979 8.72744 0.30648 0
6.52441 8.72055 0.306423 0
6.42769 8.71239 0.306423 0
6.32918 8.70345 0.307181 0
6.22814 8.69639 0.30988 0
6.12851 8.69208 0.316923 0
6.03717 8.67852 0.328006 0
5.93543 8.67328 0.358386 0
7.06741 8.65894 0.352542 0
6.98139 8.66783 0.327169 0
6.89826 8.64985 0.317314 0
6.80501 8.64449 0.310276 0
6.70932 8.63757 0.30756 0
6.6141 8.63051 0.306604 0
6.51802 8.62374 0.306497 0
6.42097 8.6166 0.306457 0
6.32305 8.61005 0.306785 0
6.22559 8.60477 0.3082 0
6.12986 8.5978 0.310723 0
6.03109 8.59086 0.317857 0
5.93802 8.57949 0.330122 0
5.837 8.57355 0.363376 0
6.99767 8.56621 0.346607 0
6.89836 8.55905 0.323401 0
6.799 8.55024 0.312018 0
6.70478 8.54029 0.308607 0
6.60934 8.53356 0.306916 0
6.5131 8.5268 0.306486 0
6.4165 8.52047 0.306486 0
6.31975 8.51491 0.306536 0
6.22325 8.5094 0.306978 0
6.12608 8.50361 0.30829 0
6.02964 8.49621 0.310768 0
5.93136 8.49054 0.318292 0
5.83932 8.47899 0.330603 0
5.74015 8.47165 0.36376 0
6.96765 8.4669 0.351405 0
6.8781 8.46608 0.326654 0
6.79467 8.44993 0.316833 0
6.70116 8.44396 0.310084 0
6.60495 8.43647 0.307481 0
6.50914 8.42934 0.30657 0
6.41283 8.42346 0.306491 0
6.31632 8.41806 0.306474 0
6.21959 8.41287 0.30652 0
6.1229 8.40717 0.306949 0
6.02587 8.40151 0.308256 0
5.93021 8.39469 0.310712 0
5.83322 8.3887 0.317868 0
5.74269 8.37645 0.329466 0
5.64599 8.36762 0.360157 0
6.89736 8.36684 0.34633 0
6.79625 8.35796 0.32318 0
6.69604 8.34852 0.311854 0
6.60129 8.33827 0.308517 0
6.50549 8.33171 0.306882 0
6.40914 8.32568 0.306474 0
6.31268 8.32027 0.306491 0
6.21605 8.31517 0.306474 0
6.11929 8.31003 0.306508 0
6.02291 8.30455 0.30691 0
5.92669 8.29905 0.308166 0
5.83224 8.29176 0.310378 0
5.73729 8.28479 0.317184 0
5.64971 8.27123 0.328549 0
5.559 8.27135 0.3604 0
6.86579 8.26554 0.351037 0
6.77567 8.264 0.326348 0
6.6919 8.24728 0.316646 0
6.59803 8.24122 0.309993 0
6.50156 8.23394 0.307442 0
6.40557 8.22727 0.306553 0
6.30913 8.2219 0.306491 0
6.21241 8.21691 0.306491 0
6.11562 8.21196 0.306474 0
6.01879 8.20693 0.306497 0
5.92226 8.2012 0.306882 0
5.82531 8.19478 0.308217 0
5.72855 8.1857 0.311504 0
5.62741 8.17881 0.322451 0
5.52722 8.17091 0.343937 0
6.79522 8.16414 0.346059 0
6.69356 8.1547 0.323005 0
6.59309 8.14526 0.311753 0
6.4981 8.1351 0.308466 0
6.40212 8.12881 0.306859 0
6.30557 8.12327 0.306469 0
6.20878 8.11831 0.306491 0
6.11158 8.11357 0.306491 0
6.01414 8.10861 0.306474 0
5.91627 8.10326 0.306474 0
5.8178 8.0969 0.307249 0
5.71733 8.09046 0.309846 0
5.61615 8.08404 0.316386 0
5.51552 8.06811 0.327531 0
5.40794 8.03395 0.348497 0
6.76337 8.06212 0.350788 0
6.67301 8.06042 0.326173 0
6.5891 8.04374 0.316522 0
6.49496 8.03742 0.309931 0
6.3984 8.0303 0.307419 0
6.30223 8.02452 0.306542 0
6.2052 8.01991 0.306486 0
6.10758 8.01517 0.306491 0
6.00961 8.0103 0.306491 0
5.91133 8.00525 0.306452 0
5.8124 8.00009 0.306802 0
5.71309 7.99487 0.308217 0
5.61392 7.98741 0.310621 0
5.51355 7.97318 0.316923 0
5.4155 7.94402 0.326484 0
5.30976 7.96504 0.36909 0
6.69285 7.96052 0.345866 0
6.59073 7.95113 0.32283 0
6.48998 7.94053 0.311696 0
6.39521 7.93072 0.308443 0
6.29914 7.92654 0.306836 0
6.20166 7.9221 0.306463 0
6.10363 7.91697 0.306491 0
6.00574 7.91186 0.306491 0
5.90803 7.90715 0.306486 0
5.81031 7.90275 0.306536 0
5.71316 7.89792 0.307012 0
5.61728 7.89114 0.308194 0
5.52441 7.87917 0.310089 0
5.43649 7.85656 0.314706 0
5.33685 7.87164 0.329053 0
5.22978 7.86131 0.362567 0
6.66042 7.85917 0.350268 0
6.56991 7.85686 0.325907 0
6.48575 7.83695 0.316556 0
6.39223 7.83225 0.30992 0
6.29552 7.83005 0.307368 0
6.19694 7.82518 0.306514 0
6.09895 7.81858 0.306486 0
6.00242 7.81278 0.306491 0
5.9056 7.80836 0.306491 0
5.80882 7.80415 0.306474 0
5.71255 7.79933 0.306503 0
5.61721 7.79219 0.306893 0
5.52152 7.78004 0.307945 0
5.41603 7.77008 0.310276 0
5.31917 7.78387 0.319486 0
5.23449 7.76434 0.32851 0
5.13953 7.75565 0.355342 0
6.58857 7.75709 0.345057 0
6.48534 7.73934 0.32279 0
6.38558 7.7348 0.311566 0
6.28738 7.73589 0.308132 0
6.18856 7.72823 0.306723 0
6.09492 7.71851 0.306452 0
5.99947 7.71324 0.306491 0
5.90319 7.70879 0.306491 0
5.80651 7.70462 0.306491 0
5.70986 7.69969 0.306469 0
5.61307 7.69286 0.306474 0
5.51497 7.68624 0.306825 0
5.42303 7.67744 0.307855 0
5.32835 7.68393 0.310276 0
5.23157 7.67229 0.315922 0
5.14412 7.65931 0.324849 0
5.0521 7.65327 0.349227 0
6.55664 7.65045 0.350375 0
6.45768 7.63679 0.325426 0
6.36018 7.63631 0.314338 0
6.26938 7.64407 0.308754 0
6.18641 7.62602 0.307238 0
6.09253 7.61919 0.306503 0
5.99717 7.61325 0.306486 0
5.90066 7.6089 0.306491 0
5.8037 7.60473 0.306491 0
5.70646 7.60008 0.306491 0
5.60883 7.59505 0.306469 0
5.51217 7.59 0.306469 0
5.41586 7.58638 0.306831 0
5.32149 7.58275 0.307956 0
5.22875 7.57376 0.309688 0
5.13498 7.5662 0.315 0
5.04648 7.55417 0.325749 0
4.95831 7.55811 0.358097 0
6.50811 7.54017 0.354793 0
6.40469 7.53805 0.326558 0
6.29489 7.54641 0.311843 0
6.18826 7.53139 0.308217 0
6.09154 7.51923 0.306791 0
5.99498 7.51342 0.306457 0
5.89822 7.50893 0.306491 0
5.80094 7.50487 0.306491 0
5.7033 7.50078 0.306491 0
5.60567 7.49672 0.306491 0
5.50841 7.49282 0.306469 0
5.41165 7.48874 0.306469 0
5.31521 7.48309 0.306814 0
5.21741 7.47603 0.308024 0
5.11773 7.4674 0.311272 0
5.01069 7.46265 0.324844 0
4.90015 7.45754 0.358522 0
6.45793 7.44325 0.352163 0
6.36 7.44067 0.325505 0
6.26785 7.45162 0.314276 0
6.18335 7.42766 0.309569 0
6.08881 7.41962 0.307334 0
5.99304 7.41364 0.30652 0
5.89598 7.40919 0.306486 0
5.79831 7.40513 0.306491 0
5.7004 7.40132 0.306491 0
5.60241 7.39768 0.306491 0
5.50442 7.39399 0.306491 0
5.40634 7.38978 0.306469 0
5.30756 7.38476 0.306446 0
5.20759 7.37889 0.307181 0
5.10552 7.37435 0.309976 0
5.00476 7.37222 0.317687 0
4.91331 7.35934 0.329624 0
4.81159 7.35297 0.361322 0
6.39855 7.33847 0.35158 0
6.29195 7.35041 0.323084 0
6.18654 7.33238 0.311769 0
6.0891 7.32061 0.308403 0
5.99139 7.3147 0.306814 0
5.89351 7.30968 0.306457 0
5.79563 7.30537 0.306491 0
5.69751 7.30164 0.306491 0
5.59916 7.29817 0.306491 0
5.50058 7.29469 0.306491 0
5.40164 7.29094 0.306491 0
5.30226 7.28685 0.30644 0
5.20246 7.28236 0.306746 0
5.10372 7.28013 0.308217 0
5.00671 7.27542 0.310977 0
4.90673 7.26868 0.318637 0
4.81331 7.25578 0.331242 0
4.71188 7.24822 0.364943 0
6.35533 7.24536 0.350901 0
6.26645 7.25125 0.325681 0
6.18116 7.22893 0.316431 0
6.08548 7.22251 0.309829 0
5.98774 7.21582 0.307351 0
5.89056 7.21001 0.30652 0
5.79286 7.20562 0.30648 0
5.69473 7.20183 0.306491 0
5.59624 7.19843 0.306491 0
5.49743 7.19521 0.306491 0
5.39836 7.19197 0.306491 0
5.29918 7.18868 0.30648 0
5.19701 7.18083 0.306514 0
5.09946 7.19001 0.307074 0
5.00104 7.18257 0.308511 0
4.90438 7.17247 0.311119 0
4.8059 7.16521 0.318886 0
4.71341 7.1524 0.331361 0
4.61337 7.14329 0.364122 0
6.28388 7.14562 0.345351 0
6.18148 7.13508 0.322632 0
6.08036 7.12575 0.311532 0
5.98468 7.11626 0.308336 0
5.88782 7.11074 0.306797 0
5.79019 7.10593 0.306452 0
5.69218 7.10191 0.306491 0
5.59372 7.09853 0.306491 0
5.49488 7.09548 0.306491 0
5.39554 7.0926 0.306491 0
5.29485 7.08911 0.306491 0
5.19334 7.07422 0.306463 0
5.09339 7.10434 0.30661 0
4.99567 7.08638 0.307068 0
4.89974 7.07701 0.30842 0
4.8043 7.06854 0.310972 0
4.70699 7.0615 0.318292 0
4.61548 7.04821 0.329782 0
4.51683 7.03646 0.35885 0
6.25214 7.04217 0.350352 0
6.16122 7.04033 0.325811 0
6.07684 7.02376 0.316244 0
5.98221 7.01826 0.309767 0
5.88481 7.01181 0.307334 0
5.78765 7.00619 0.306514 0
5.6898 7.00202 0.30648 0
5.59141 6.99851 0.306491 0
5.49251 6.9955 0.306491 0
5.39288 6.99282 0.306491 0
5.29252 6.98867 0.306491 0
5.19419 6.96656 0.306491 0
5.0946 7.01302 0.306491 0
4.99386 6.99059 0.306548 0
4.89691 6.97974 0.306972 0
4.80095 6.97263 0.308268 0
4.70645 6.96482 0.310542 0
4.61078 6.95689 0.316946 0
4.52082 6.94262 0.327174 0
4.42477 6.9334 0.354782 0
6.18128 6.93998 0.345453 0
6.07893 6.93063 0.322575 0
5.97782 6.92161 0.311498 0
5.88209 6.91224 0.308319 0
5.78515 6.90684 0.306785 0
5.68738 6.90219 0.306452 0
5.58913 6.89839 0.306491 0
5.4902 6.89535 0.306491 0
5.39085 6.89258 0.306491 0
5.292 6.88542 0.306491 0
5.19238 6.86117 0.306491 0
5.09253 6.91818 0.306491 0
4.99175 6.89356 0.30648 0
4.8943 6.88214 0.306514 0
4.79877 6.87533 0.30691 0
4.70364 6.86901 0.308081 0
4.61017 6.86022 0.310078 0
4.51623 6.85177 0.316001 0
4.43043 6.8361 0.325619 0
4.34321 6.83419 0.352791 0
6.14941 6.83749 0.350205 0
6.05862 6.83605 0.325726 0
5.97428 6.8196 0.316194 0
5.87967 6.81417 0.309739 0
5.78224 6.80782 0.307323 0
5.68496 6.80231 0.306508 0
5.58685 6.79831 0.30648 0
5.48814 6.79506 0.306491 0
5.38945 6.79161 0.306491 0
5.2907 6.78226 0.306491 0
5.19056 6.75728 0.306491 0
5.09064 6.82051 0.306491 0
4.98972 6.79531 0.306491 0
4.89184 6.78405 0.306474 0
4.79512 6.77849 0.306497 0
4.69833 6.77191 0.306876 0
4.60051 6.76364 0.308205 0
4.50233 6.75218 0.311396 0
4.39678 6.74229 0.323327 0
4.2871 6.72457 0.349939 0
6.0786 6.73567 0.345289 0
5.97628 6.72579 0.322524 0
5.87552 6.71782 0.31147 0
5.77897 6.70878 0.308279 0
5.68252 6.70284 0.30678 0
5.58458 6.69829 0.306446 0
5.48639 6.69462 0.306491 0
5.38814 6.69028 0.306491 0
5.28918 6.67903 0.306491 0
5.18836 6.65377 0.306491 0
5.08863 6.72107 0.306491 0
4.98741 6.69541 0.306491 0
4.88892 6.68692 0.306491 0
4.7902 6.683 0.306474 0
4.68975 6.67589 0.306486 0
4.59098 6.66652 0.307266 0
4.49067 6.65851 0.309897 0
4.39102 6.65056 0.316669 0
4.29748 6.63282 0.327831 0
4.19403 6.6295 0.360875 0
6.04647 6.63324 0.3499 0
5.95238 6.62614 0.325449 0
5.86494 6.6211 0.315243 0
5.77663 6.61 0.309688 0
5.6797 6.60369 0.307317 0
5.58243 6.59819 0.306503 0
5.48471 6.59412 0.30648 0
5.38658 6.58872 0.306491 0
5.28701 6.57586 0.306491 0
5.18478 6.55036 0.306491 0
5.08574 6.61996 0.306491 0
4.98349 6.59309 0.306491 0
4.88521 6.59331 0.306491 0
4.78008 6.59016 0.306491 0
4.68225 6.57822 0.306463 0
4.58524 6.56987 0.306814 0
4.4885 6.56334 0.308183 0
4.39257 6.55441 0.3107 0
4.29332 6.54642 0.317998 0
4.20168 6.53581 0.330167 0
4.10133 6.52959 0.362895 0
5.98139 6.52731 0.347614 0
5.87765 6.52661 0.322699 0
5.77334 6.51337 0.31147 0
5.67715 6.50382 0.308296 0
5.58031 6.49835 0.30678 0
5.4829 6.49365 0.306452 0
5.38486 6.4872 0.306491 0
5.28486 6.47322 0.306491 0
5.18225 6.44782 0.306491 0
5.07956 6.51705 0.306491 0
4.97176 6.48625 0.306491 0
4.86673 6.5112 0.306491 0
4.77389 6.4918 0.306491 0
4.67919 6.47943 0.306486 0
4.58367 6.47192 0.306536 0
4.48784 6.46583 0.306961 0
4.39098 6.45967 0.308262 0
4.29517 6.45236 0.310695 0
4.19811 6.44725 0.317885 0
4.10826 6.43556 0.328849 0
4.01095 6.42573 0.356576 0
5.94439 6.42917 0.349889 0
5.85391 6.42844 0.325539 0
5.76948 6.41139 0.316114 0
5.67479 6.40522 0.309716 0
5.5778 6.39865 0.307328 0
5.48118 6.39326 0.306514 0
5.38325 6.386 0.30648 0
5.28343 6.37095 0.306491 0
5.18194 6.34507 0.306491 0
5.07825 6.4145 0.306491 0
4.98064 6.37206 0.306491 0
4.87896 6.42154 0.306491 0
4.77861 6.39479 0.306491 0
4.6802 6.3804 0.306491 0
4.58321 6.37284 0.306474 0
4.48655 6.36802 0.306497 0
4.39011 6.36316 0.306887 0
4.29376 6.3583 0.308137 0
4.19981 6.35197 0.31035 0
4.10579 6.34523 0.31629 0
4.01926 6.33149 0.325104 0
3.92752 6.32407 0.349085 0
5.87391 6.32768 0.345063 0
5.77138 6.31825 0.322349 0
5.67044 6.30728 0.311481 0
5.57568 6.29812 0.308341 0
5.47949 6.29364 0.306797 0
5.3815 6.28488 0.306457 0
5.28224 6.26816 0.306491 0
5.18231 6.24089 0.306491 0
5.08147 6.30827 0.306491 0
4.98075 6.2648 0.306491 0
4.87994 6.32345 0.306491 0
4.77842 6.29487 0.306491 0
4.67925 6.27949 0.306491 0
4.58175 6.27283 0.306491 0
4.48465 6.26953 0.306469 0
4.38748 6.2663 0.306486 0
4.29133 6.26198 0.306876 0
4.19624 6.2569 0.308047 0
4.10347 6.24814 0.309886 0
4.0103 6.23909 0.315209 0
3.92382 6.22527 0.32537 0
3.83877 6.22689 0.35476 0
5.84146 6.22597 0.349425 0
5.75095 6.22323 0.325494 0
5.66691 6.20248 0.31638 0
5.57404 6.1996 0.309823 0
5.47691 6.19495 0.307345 0
5.37837 6.18289 0.306525 0
5.28095 6.16388 0.306491 0
5.18129 6.13713 0.306491 0
5.08106 6.20313 0.306491 0
4.97862 6.15979 0.306491 0
4.87837 6.22191 0.306491 0
4.77663 6.19184 0.306491 0
4.67728 6.17659 0.306491 0
4.57894 6.17224 0.306491 0
4.47974 6.17082 0.306491 0
4.38122 6.16832 0.306469 0
4.28374 6.16478 0.306497 0
4.18727 6.1604 0.306904 0
4.08928 6.15203 0.308228 0
3.99081 6.13991 0.31156 0
3.88693 6.13194 0.324589 0
3.77844 6.12304 0.355506 0
5.77018 6.12227 0.344791 0
5.66859 6.10379 0.32296 0
5.57028 6.10455 0.311555 0
5.46972 6.09619 0.308188 0
5.3758 6.07731 0.306853 0
5.27969 6.05912 0.306486 0
5.18007 6.0351 0.306497 0
5.07906 6.09899 0.306491 0
4.97561 6.055 0.306491 0
4.87537 6.11759 0.306491 0
4.77333 6.08438 0.306491 0
4.6729 6.07214 0.306491 0
4.56892 6.07214 0.306491 0
4.46694 6.07085 0.306491 0
4.36731 6.06886 0.306491 0
4.26941 6.06625 0.30648 0
4.1725 6.06601 0.306536 0
4.07322 6.05595 0.307425 0
3.97722 6.04438 0.310112 0
3.87957 6.03979 0.317319 0
3.78831 6.02568 0.32877 0
3.68654 6.0226 0.360926 0
5.74134 6.01182 0.351846 0
5.64509 6.00149 0.326445 0
5.55206 6.01339 0.314774 0
5.46928 5.98975 0.309823 0
5.3747 5.9704 0.307538 0
5.27887 5.95487 0.306616 0
5.17623 5.93681 0.306491 0
5.07727 5.99534 0.306491 0
4.979 5.94979 0.306491 0
4.87252 6.00974 0.306491 0
4.76871 5.97016 0.306491 0
4.65236 5.97188 0.306491 0
4.54499 5.9708 0.306491 0
4.44196 5.96877 0.306491 0
4.34208 5.96743 0.306491 0
4.24425 5.9665 0.306474 0
4.15266 5.97403 0.30652 0
4.06987 5.95409 0.30652 0
3.97499 5.94785 0.307238 0
3.8793 5.94066 0.309026 0
3.77981 5.93486 0.316177 0
3.68621 5.9245 0.329262 0
3.58554 5.92428 0.366425 0
5.69314 5.90045 0.356411 0
5.58092 5.91369 0.324295 0
5.47304 5.89007 0.31212 0
5.37377 5.85919 0.30876 0
5.26608 5.85538 0.306831 0
5.16827 5.8407 0.306457 0
5.07799 5.88716 0.306491 0
4.99249 5.8395 0.306486 0
4.88849 5.90065 0.306486 0
4.81355 5.85783 0.306497 0
4.71795 5.86914 0.306491 0
4.61512 5.86904 0.306491 0
4.51108 5.86779 0.306491 0
4.40625 5.86538 0.306491 0
4.29988 5.86761 0.306582 0
4.18313 5.8747 0.306174 0
4.07307 5.85823 0.303917 0
3.97111 5.84785 0.301298 0
3.87105 5.84245 0.300449 0
3.77144 5.83642 0.302435 0
3.67191 5.83311 0.311753 0
3.58299 5.82857 0.327406 0
3.48921 5.8325 0.367698 0
5.6495 5.81012 0.353334 0
5.56171 5.81618 0.326931 0
5.48418 5.78246 0.318145 0
5.41028 5.7516 0.312522 0
5.32157 5.75874 0.308398 0
5.22125 5.75242 0.306701 0
5.10671 5.76591 0.306491 0
5.01214 5.7422 0.306305 0
4.90651 5.77394 0.306514 0
4.7978 5.76188 0.30644 0
4.6933 5.7658 0.306463 0
4.58855 5.76609 0.306469 0
4.48312 5.76521 0.306463 0
4.3762 5.76253 0.306265 0
4.27114 5.77529 0.305292 0
4.16057 5.77493 0.302067 0
4.05789 5.75379 0.294322 0
3.95777 5.74549 0.287675 0
3.85322 5.74327 0.285305 0
3.74891 5.73749 0.286357 0
3.64848 5.73189 0.292031 0
3.55012 5.74162 0.309348 0
3.45042 5.73605 0.334772 0
3.36014 5.6961 0.356146 0
5.58498 5.70642 0.342064 0
5.49631 5.67025 0.324402 0
5.39743 5.65607 0.312386 0
5.29758 5.65641 0.307583 0
5.1926 5.65809 0.305767 0
5.09299 5.65508 0.305122 0
4.98453 5.65545 0.304862 0
4.88327 5.66482 0.305133 0
4.77755 5.66162 0.305032 0
4.67309 5.66331 0.305088 0
4.56806 5.66386 0.305083 0
4.46131 5.66329 0.304477 0
4.35073 5.65733 0.301354 0
4.24326 5.6926 0.299963 0
4.14718 5.67053 0.288863 0
4.04603 5.64475 0.27352 0
3.93201 5.64831 0.26689 0
3.82285 5.64437 0.264242 0
3.71498 5.63469 0.266194 0
3.61135 5.63169 0.273119 0
3.52451 5.65475 0.288835 0
3.44749 5.6271 0.295867 0
3.36808 5.60863 0.308426 0
3.28257 5.61336 0.347665 0
5.57605 5.57988 0.343445 0
5.48099 5.56378 0.320618 0
5.38113 5.55704 0.308449 0
5.27836 5.55583 0.303419 0
5.1762 5.55345 0.300879 0
5.07222 5.55359 0.299646 0
4.96753 5.55623 0.29934 0
4.86411 5.55977 0.299629 0
4.75983 5.55929 0.299578 0
4.65629 5.56051 0.299652 0
4.55311 5.56163 0.299041 0
4.45059 5.56203 0.296693 0
4.35286 5.54057 0.286843 0
4.25657 5.60024 0.287913 0
4.16248 5.5719 0.270629 0
3.53284 5.54199 0.259586 0
3.42027 5.51921 0.267009 0
3.32475 5.52851 0.289463 0
3.23657 5.51452 0.314157 0
3.14169 5.49873 0.358244 0
5.5629 5.47007 0.329584 0
5.46604 5.45781 0.307911 0
5.36451 5.4572 0.297688 0
5.25932 5.45104 0.290362 0
5.15609 5.44882 0.285797 0
5.0503 5.4519 0.284637 0
4.94555 5.45397 0.284445 0
4.84205 5.45535 0.284677 0
4.73909 5.4556 0.284682 0
4.6375 5.4567 0.284337 0
4.53792 5.45812 0.282629 0
4.44158 5.45811 0.277147 0
4.34366 5.43207 0.25953 0
4.25678 5.49669 0.265034 0
3.31994 5.43393 0.254404 0
3.19593 5.42076 0.275466 0
3.09427 5.42392 0.321036 0
3.00795 5.38316 0.338076 0
5.86863 5.20074 0.296517 0
5.75489 5.2352 0.29202 0
5.64215 5.267 0.278278 0
5.54855 5.35844 0.297174 0
5.44713 5.35445 0.281152 0
5.34423 5.35985 0.274488 0
5.23567 5.34206 0.260871 0
5.12524 5.34872 0.258065 0
5.01946 5.35052 0.256605 0
4.91558 5.35144 0.256503 0
4.81272 5.35187 0.256633 0
4.71074 5.35214 0.256373 0
4.61052 5.35297 0.255066 0
4.51388 5.35383 0.251553 0
4.42487 5.36086 0.247689 0
3.10456 5.33835 0.248176 0
2.99292 5.3105 0.262138 0
2.91097 5.32397 0.334557 0
2.81618 5.27714 0.322117 0
2.70924 5.25043 0.318445 0
2.60077 5.23749 0.313948 0
2.49374 5.23377 0.310802 0
2.38847 5.23312 0.309433 0
2.2845 5.23304 0.309065 0
2.18135 5.23303 0.309026 0
2.07869 5.23303 0.309037 0
1.97635 5.23303 0.309037 0
1.87416 5.23301 0.308992 0
1.77206 5.23297 0.30885 0
1.66993 5.23287 0.308494 0
1.5676 5.23263 0.307696 0
1.46476 5.23216 0.306321 0
1.36113 5.23096 0.304766 0
1.25667 5.2288 0.304958 0
1.15015 5.22353 0.308765 0
1.03729 5.20063 0.287392 0
0.92719 5.1875 0.286227 0
0.820567 5.18457 0.29275 0
0.720862 5.18492 0.302582 0
8.84975 5.12321 0.315079 0
8.76222 5.13967 0.317455 0
8.66397 5.14117 0.313761 0
8.56269 5.14262 0.311062 0
8.45927 5.14869 0.307385 0
8.34767 5.13264 0.288416 0
8.23876 5.13411 0.281265 0
8.13109 5.1372 0.281367 0
8.02423 5.13552 0.285446 0
7.91358 5.1422 0.309648 0
7.80661 5.1431 0.339835 0
7.69028 5.11409 0.326908 0
7.57836 5.09812 0.31883 0
7.46876 5.09054 0.311441 0
7.36135 5.08722 0.306118 0
7.25487 5.08504 0.300913 0
7.15 5.08403 0.297451 0
7.04639 5.0855 0.29693 0
6.94375 5.0897 0.298905 0
6.8452 5.09968 0.30704 0
6.74616 5.1131 0.316471 0
6.64553 5.12361 0.320946 0
6.55861 5.13579 0.332854 0
6.48069 5.13102 0.300732 0
6.38421 5.13532 0.291397 0
6.28737 5.14542 0.295997 0
6.198 5.14645 0.282233 0
6.10206 5.1629 0.302175 0
5.98723 5.17109 0.293089 0
5.52751 5.25725 0.250388 0
5.42227 5.25494 0.238456 0
5.33311 5.27169 0.241217 0
0.634469 5.18981 0.32619 0
0.562281 5.16175 0.297847 0
0.469569 5.15003 0.324018 0
0.370724 5.11423 0.314802 0
9.25968 5.02424 0.291692 0
9.15597 5.04539 0.290328 0
9.04748 5.05014 0.284275 0
8.93661 5.05634 0.282125 0
0.276768 5.05746 0.29624 0
9.65244 4.88748 0.327638 0
9.56022 4.935 0.328176 0
9.46663 4.99298 0.34263 0
9.3749 4.99206 0.300738 0
8.82611 5.04058 0.267088 0
8.72399 5.04618 0.265012 0
8.62366 5.04776 0.262477 0
8.52722 5.05128 0.259462 0
8.44181 5.06771 0.26233 0
0.195924 4.99723 0.311294 0
9.81891 4.78827 0.380002 0
9.74369 4.84968 0.356621 0
0.151628 4.91506 0.270929 0
0.0997443 4.8569 0.318541 0
9.86181 4.70103 0.384766 0
9.86226 4.61801 0.34736 0
0.0272457 4.65548 0.235209 0
9.84194 4.54482 0.299793 0
0 4.5832 0.295205 0
9.84687 4.46608 0.339671 0
0.0321336 4.48809 0.351212 0
0.00541406 4.49356 0.259315 0
9.80774 4.39594 0.298758 0
9.73442 4.33685 0.313885 0
0.0783313 4.37629 0.351671 0
9.66074 4.29724 0.327429 0
9.57381 4.27493 0.310463 0
9.47701 4.21073 0.336413 0
9.37205 4.19607 0.297162 0
0.140058 4.26217 0.362572 0
9.29894 4.1315 0.321602 0
9.19754 4.13609 0.29387 0
9.0943 4.13691 0.280213 0
9.00277 4.15842 0.261153 0
8.91104 4.14259 0.267031 0
8.80707 4.13898 0.266556 0
8.69977 4.13627 0.266358 0
8.58928 4.13169 0.265917 0
8.4719 4.1191 0.267659 0
0.230151 4.16047 0.3394 0
9.00163 4.05657 0.317212 0
8.88212 4.04685 0.317416 0
8.77156 4.04257 0.316952 0
8.66529 4.03931 0.317008 0
8.56344 4.03428 0.317234 0
8.47467 4.01541 0.324397 0
8.38539 4.03362 0.309094 0
8.28219 4.03857 0.299601 0
8.17539 4.03802 0.296585 0
8.06798 4.03487 0.307181 0
7.96621 4.04464 0.315362 0
7.86649 4.06779 0.307408 0
7.78139 4.09307 0.286453 0
7.69582 4.09407 0.294005 0
7.59929 4.09711 0.300319 0
7.50395 4.09616 0.31044 0
7.40448 4.09749 0.313184 0
7.30376 4.09766 0.313042 0
7.20025 4.09869 0.309054 0
7.09603 4.10181 0.300461 0
6.99159 4.10345 0.289089 0
6.88491 4.09046 0.291318 0
6.77189 4.06495 0.318298 0
6.66413 4.06013 0.313563 0
6.55892 4.0595 0.309982 0
6.45279 4.05661 0.31134 0
6.34506 4.04906 0.316001 0
6.23813 4.0407 0.309275 0
6.12209 4.02166 0.317563 0
6.02172 4.01447 0.297988 0
0.615245 4.02963 0.293626 0
0.498812 4.03842 0.309789 0
0.409183 4.05511 0.318253 0
0.328436 4.09072 0.333335 0
5.94481 3.97584 0.332175 0
5.85108 3.95153 0.321698 0
5.75149 3.95993 0.272236 0
5.65896 3.96903 0.244238 0
5.56523 3.9476 0.244051 0
5.45172 3.93259 0.237517 0
2.87653 3.91712 0.273911 0
2.77389 3.93684 0.276066 0
2.68324 3.94163 0.29856 0
2.58285 3.95042 0.306921 0
2.47948 3.95518 0.309744 0
2.37558 3.95674 0.310112 0
2.27193 3.95699 0.309744 0
2.16867 3.95709 0.30941 0
2.06576 3.95716 0.309201 0
1.96306 3.95719 0.309077 0
1.86043 3.95722 0.308975 0
1.75776 3.95726 0.30885 0
1.655 3.95729 0.308715 0
1.55231 3.95742 0.308765 0
1.45035 3.95785 0.309529 0
1.35151 3.95937 0.31203 0
1.2659 3.95661 0.329075 0
1.17452 3.96788 0.310989 0
1.07602 3.97025 0.319073 0
0.964664 3.97671 0.321059 0
0.857973 3.99124 0.312052 0
0.742309 4.00314 0.31418 0
5.66256 3.87416 0.309382 0
5.55343 3.85177 0.292133 0
5.46337 3.82722 0.284818 0
5.37105 3.84803 0.265883 0
5.26824 3.85054 0.257731 0
5.16098 3.84454 0.256288 0
5.05503 3.84102 0.25622 0
4.94968 3.83935 0.256356 0
4.84393 3.83827 0.256684 0
4.73647 3.83631 0.256695 0
4.62495 3.83124 0.255819 0
4.5044 3.81716 0.253725 0
3.17732 3.80445 0.261306 0
3.09433 3.86007 0.252079 0
2.99404 3.85533 0.29736 0
5.62745 3.7658 0.344774 0
5.52972 3.7381 0.319311 0
5.42908 3.73309 0.301213 0
5.33151 3.74482 0.28918 0
5.22916 3.7448 0.284711 0
5.12653 3.73992 0.284269 0
5.02345 3.73745 0.284207 0
4.91984 3.7362 0.284422 0
4.8158 3.73508 0.284518 0
4.71148 3.73284 0.284348 0
4.6085 3.72765 0.283076 0
4.51663 3.70539 0.284365 0
4.41884 3.72835 0.270861 0
4.29482 3.71369 0.260441 0
3.36243 3.69956 0.267145 0
3.27163 3.74166 0.267914 0
3.189 3.69514 0.317993 0
3.09152 3.76796 0.317591 0
5.5963 3.64646 0.345498 0
5.50068 3.62599 0.320012 0
5.40509 3.63461 0.306627 0
5.30227 3.64311 0.300483 0
5.2035 3.63717 0.299414 0
5.10367 3.63436 0.299284 0
5.00217 3.63309 0.299374 0
4.90021 3.63197 0.299493 0
4.79853 3.63053 0.299476 0
4.69753 3.62676 0.299448 0
4.59771 3.61695 0.299437 0
4.48902 3.60791 0.296563 0
4.38429 3.63583 0.285372 0
4.29789 3.59621 0.284699 0
4.19202 3.63557 0.266211 0
3.56769 3.59755 0.268259 0
3.47234 3.64595 0.266415 0
3.39296 3.60099 0.291375 0
3.28887 3.62007 0.312765 0
3.20287 3.59281 0.382622 0
5.66656 3.44171 0.35541 0
5.57748 3.53105 0.33441 0
5.47733 3.51116 0.313371 0
5.37844 3.54836 0.306706 0
5.286 3.53561 0.304998 0
5.18976 3.53099 0.304964 0
5.08988 3.53122 0.304941 0
4.98856 3.52978 0.304992 0
4.88835 3.52885 0.305026 0
4.78918 3.52666 0.305049 0
4.69147 3.51973 0.305066 0
4.59654 3.51655 0.304443 0
4.50901 3.50496 0.303391 0
4.41002 3.52625 0.2999 0
4.32217 3.49472 0.298158 0
4.22682 3.51727 0.290266 0
4.12829 3.53749 0.278889 0
4.02347 3.5393 0.270873 0
3.91347 3.53127 0.267908 0
3.80294 3.52739 0.269068 0
3.68965 3.53024 0.273486 0
3.5974 3.50256 0.286589 0
3.48909 3.5278 0.294385 0
3.3785 3.51587 0.32288 0
3.2895 3.51113 0.373463 0
5.57594 3.42012 0.324374 0
5.48039 3.38787 0.309739 0
5.38337 3.44679 0.307108 0
5.28288 3.42984 0.306423 0
5.17886 3.42931 0.306429 0
5.07629 3.42998 0.306429 0
4.97557 3.42664 0.306452 0
4.87888 3.42821 0.30644 0
4.7807 3.42333 0.306469 0
4.68683 3.41151 0.306503 0
4.59469 3.41594 0.30622 0
4.48832 3.41879 0.305331 0
4.3954 3.41199 0.304279 0
4.29298 3.40434 0.302752 0
4.19522 3.41894 0.298164 0
4.0966 3.42957 0.292071 0
3.99348 3.43071 0.288224 0
3.88664 3.42735 0.287658 0
3.7792 3.4247 0.289451 0
3.67789 3.41289 0.29637 0
3.57213 3.41915 0.305654 0
3.46812 3.42913 0.323695 0
3.37827 3.42014 0.369966 0
5.77701 3.24579 0.367596 0
5.678 3.33144 0.341284 0
5.58693 3.31016 0.31642 0
5.49129 3.28193 0.308098 0
5.37556 3.33088 0.306412 0
5.25972 3.32905 0.306491 0
5.15173 3.32904 0.306491 0
5.04942 3.32672 0.306491 0
4.95301 3.32089 0.306491 0
4.86179 3.33214 0.306491 0
4.77605 3.31384 0.306491 0
4.67419 3.30152 0.306497 0
4.57077 3.33487 0.30644 0
4.47655 3.31872 0.306367 0
4.37838 3.31022 0.305942 0
4.2774 3.30759 0.304924 0
4.17845 3.31597 0.303187 0
4.07822 3.3235 0.30119 0
3.97449 3.32601 0.299951 0
3.86798 3.32371 0.300308 0
3.76169 3.31524 0.303606 0
3.65257 3.30474 0.31483 0
3.55051 3.33864 0.327146 0
3.4674 3.32945 0.367364 0
5.6898 3.22221 0.329443 0
5.59946 3.20285 0.312075 0
5.51385 3.18131 0.307227 0
5.4142 3.21317 0.306604 0
5.31433 3.22646 0.306497 0
5.2105 3.23077 0.306491 0
5.10411 3.22859 0.306491 0
5.00287 3.21834 0.306491 0
4.88974 3.22551 0.306491 0
4.7815 3.2125 0.306491 0
4.67891 3.18809 0.306491 0
4.5776 3.24381 0.306491 0
4.47337 3.22129 0.306486 0
4.37052 3.2103 0.306435 0
4.26849 3.20649 0.306186 0
4.16799 3.21221 0.305694 0
4.06613 3.22101 0.305179 0
3.96008 3.22462 0.304975 0
3.85319 3.21922 0.306599 0
3.74891 3.20736 0.315322 0
3.65416 3.19348 0.341171 0
3.56268 3.24478 0.357922 0
5.87649 3.03526 0.364558 0
5.7805 3.12885 0.342681 0
5.68919 3.11057 0.316805 0
5.58754 3.09026 0.308109 0
5.46751 3.10265 0.306271 0
5.36223 3.11654 0.306497 0
5.2611 3.12302 0.306491 0
5.16756 3.13764 0.306491 0
5.08033 3.11857 0.306491 0
4.97893 3.1178 0.306491 0
4.8779 3.11826 0.306491 0
4.7759 3.10839 0.306491 0
4.67122 3.08338 0.306491 0
4.57291 3.14658 0.306491 0
4.46748 3.12149 0.306491 0
4.36387 3.10838 0.306491 0
4.25965 3.10109 0.306514 0
4.15715 3.10945 0.306508 0
4.04969 3.12367 0.306446 0
3.9406 3.12483 0.307374 0
3.8346 3.11263 0.315266 0
3.73793 3.09438 0.343581 0
3.65355 3.11211 0.380031 0
5.78805 3.01523 0.328034 0
5.69711 3.00451 0.3119 0
5.60915 2.98976 0.307215 0
5.51328 3.00584 0.30657 0
5.40771 3.01206 0.306497 0
5.30023 3.01811 0.306491 0
5.18497 3.02963 0.306491 0
5.0737 3.01789 0.306491 0
4.96814 3.01582 0.306491 0
4.86636 3.01401 0.306491 0
4.76511 3.00859 0.306491 0
4.66047 2.98148 0.306491 0
4.56525 3.04474 0.306491 0
4.462 3.01767 0.306491 0
4.35606 3.0042 0.306491 0
4.24352 2.98998 0.306497 0
4.12582 3.01551 0.30661 0
4.01848 3.03059 0.307402 0
3.91198 3.02354 0.31423 0
3.82187 2.99869 0.33871 0
3.74767 2.99571 0.38325 0
5.9793 2.82939 0.364479 0
5.8783 2.92102 0.340407 0
5.78366 2.89745 0.314938 0
5.67498 2.90004 0.307719 0
5.56651 2.90122 0.306271 0
5.46341 2.91177 0.306497 0
5.35732 2.91554 0.306491 0
5.25137 2.91952 0.306491 0
5.14938 2.91864 0.306491 0
5.04421 2.9145 0.306491 0
4.94128 2.91224 0.306491 0
4.84122 2.91006 0.306491 0
4.74733 2.91273 0.306491 0
4.6627 2.87466 0.306491 0
4.56273 2.93554 0.306491 0
4.46327 2.91189 0.306491 0
4.35841 2.90225 0.306497 0
4.26258 2.87011 0.306604 0
4.16282 2.9071 0.306548 0
4.06321 2.92405 0.307515 0
3.97169 2.94069 0.312166 0
3.88534 2.90721 0.336317 0
3.8065 2.88716 0.402009 0
5.8937 2.81012 0.328872 0
5.81585 2.78421 0.31276 0
5.72252 2.80048 0.307883 0
5.62098 2.80406 0.306616 0
5.51709 2.80826 0.306497 0
5.41565 2.8176 0.306491 0
5.31054 2.81515 0.306491 0
5.21278 2.81025 0.306491 0
5.10792 2.81369 0.306491 0
5.00265 2.81127 0.306491 0
4.89477 2.80996 0.306491 0
4.78086 2.81094 0.306491 0
4.67975 2.78271 0.306491 0
4.56879 2.81684 0.306491 0
4.46085 2.80879 0.306491 0
4.35951 2.79549 0.306548 0
4.26085 2.76169 0.307345 0
4.17082 2.79874 0.307934 0
4.07342 2.82074 0.311634 0
3.97666 2.83883 0.323955 0
3.89484 2.80164 0.381468 0
6.08244 2.6246 0.364897 0
5.9824 2.71558 0.340916 0
5.89042 2.68744 0.315209 0
5.77709 2.69353 0.307668 0
5.67333 2.70188 0.306305 0
5.57076 2.70826 0.306491 0
5.46659 2.71302 0.306491 0
5.3704 2.72573 0.306491 0
5.28071 2.699 0.306491 0
5.16706 2.71242 0.306491 0
5.06377 2.7104 0.306491 0
4.95804 2.71158 0.306491 0
4.85028 2.71104 0.306491 0
4.74861 2.69831 0.306491 0
4.63911 2.69644 0.306491 0
4.54123 2.70571 0.306491 0
4.44267 2.7032 0.306531 0
4.3443 2.69073 0.306949 0
4.25031 2.66303 0.311011 0
4.16702 2.68615 0.316431 0
4.08558 2.72245 0.323769 0
3.99447 2.72939 0.354935 0
5.99786 2.60382 0.329149 0
5.91917 2.577 0.312726 0
5.82411 2.59485 0.307832 0
5.72027 2.59779 0.306593 0
5.61818 2.60408 0.306491 0
5.51423 2.61777 0.306491 0
5.3948 2.62399 0.306491 0
5.30121 2.58009 0.306491 0
5.21361 2.61992 0.306491 0
5.11925 2.60395 0.306491 0
5.02148 2.61214 0.306491 0
4.9139 2.61517 0.306491 0
4.81351 2.60219 0.306491 0
4.71072 2.59365 0.306491 0
4.60808 2.59105 0.306497 0
4.50849 2.59716 0.306395 0
4.40639 2.60328 0.306469 0
4.29966 2.58788 0.310236 0
4.18748 2.57481 0.332238 0
4.08101 2.61873 0.361882 0
6.18494 2.42005 0.365033 0
6.0853 2.51045 0.341046 0
5.99303 2.48217 0.315209 0
5.87831 2.48893 0.307623 0
5.77223 2.49803 0.306288 0
5.66491 2.49762 0.306491 0
5.56542 2.50783 0.306491 0
5.47007 2.53881 0.306491 0
5.38953 2.50497 0.306491 0
5.30202 2.4784 0.306491 0
5.19914 2.51506 0.306491 0
5.08036 2.49713 0.306491 0
4.98025 2.52842 0.306491 0
4.88516 2.50832 0.306491 0
4.78502 2.49344 0.306491 0
4.68032 2.48502 0.306491 0
4.56873 2.48332 0.306593 0
4.45657 2.50109 0.307334 0
4.3647 2.51091 0.310615 0
4.27436 2.48921 0.328419 0
4.19708 2.47308 0.367698 0
6.1006 2.39913 0.329256 0
6.02185 2.37328 0.312816 0
5.92591 2.39091 0.307826 0
5.82111 2.39585 0.306593 0
5.71491 2.40279 0.306491 0
5.59709 2.39486 0.306491 0
5.48528 2.43512 0.306491 0
5.38185 2.39274 0.306491 0
5.25577 2.40463 0.306491 0
5.15911 2.42018 0.306491 0
5.07626 2.37386 0.306491 0
4.9811 2.43244 0.306491 0
4.87561 2.40254 0.306491 0
4.77028 2.3839 0.306497 0
4.66354 2.37671 0.306587 0
4.56116 2.38526 0.307068 0
4.46732 2.40776 0.309105 0
4.35946 2.41066 0.321279 0
4.26486 2.38567 0.368959 0
6.2872 2.21564 0.365061 0
6.18785 2.30596 0.341154 0
6.09592 2.27815 0.315339 0
5.98178 2.28663 0.307713 0
5.87467 2.29464 0.306293 0
5.77143 2.29812 0.306491 0
5.67456 2.31133 0.306491 0
5.59151 2.27268 0.306491 0
5.49356 2.33356 0.306491 0
5.39648 2.28039 0.306491 0
5.30119 2.32418 0.306491 0
5.18776 2.31217 0.306491 0
5.07993 2.26769 0.306491 0
4.97394 2.32769 0.306491 0
4.86765 2.29211 0.306497 0
4.76225 2.2703 0.306616 0
4.66622 2.27332 0.307006 0
4.57876 2.2929 0.308013 0
4.48173 2.30477 0.313721 0
4.39884 2.31927 0.327899 0
4.32467 2.294 0.372094 0
6.20295 2.19461 0.329279 0
6.12442 2.169 0.312861 0
6.02906 2.18811 0.307894 0
5.92495 2.1973 0.306621 0
5.81508 2.19585 0.306491 0
5.70487 2.20274 0.306491 0
5.59303 2.16796 0.306491 0
5.49298 2.22333 0.306491 0
5.39102 2.17487 0.306491 0
5.28797 2.23305 0.306491 0
5.18378 2.20311 0.306491 0
5.07958 2.16313 0.306491 0
4.97139 2.22092 0.306491 0
4.86588 2.17233 0.306582 0
4.76517 2.16375 0.307187 0
4.67414 2.17782 0.308805 0
4.58228 2.1905 0.314112 0
4.49641 2.21842 0.323718 0
4.40676 2.21148 0.362714 0
6.38917 2.01128 0.364937 0
6.28988 2.10149 0.34108 0
6.19774 2.07338 0.315254 0
6.08381 2.08308 0.307725 0
5.9768 2.09425 0.306305 0
5.87769 2.10735 0.306497 0
5.78417 2.08263 0.306491 0
5.68234 2.10604 0.306491 0
5.59069 2.05898 0.306491 0
5.49233 2.11611 0.306491 0
5.39309 2.06894 0.306491 0
5.28853 2.13224 0.306491 0
5.1874 2.0987 0.306491 0
5.08798 2.06141 0.306486 0
4.97967 2.11034 0.306491 0
4.89408 2.05174 0.30678 0
4.79062 2.06792 0.308319 0
4.68286 2.07833 0.315249 0
4.58438 2.09241 0.331819 0
4.48949 2.12873 0.356621 0
6.30446 1.99008 0.329075 0
6.22496 1.96371 0.312629 0
6.12902 1.98407 0.307815 0
6.02213 1.99803 0.306604 0
5.90216 2.0052 0.306491 0
5.8029 1.96464 0.306491 0
5.69822 2.0032 0.306491 0
5.60041 1.95544 0.306491 0
5.4946 2.00556 0.306491 0
5.39644 1.96115 0.306491 0
5.29421 2.0289 0.306491 0
5.19784 1.99687 0.306491 0
5.10802 1.96676 0.306497 0
5.005 1.98986 0.306372 0
4.91238 1.94939 0.307877 0
4.81163 1.9603 0.312952 0
4.70338 1.98512 0.327186 0
4.60316 1.9945 0.363783 0
6.49133 1.80705 0.364965 0
6.3917 1.89718 0.340956 0
6.29894 1.86915 0.315119 0
6.1837 1.87695 0.3076 0
6.07882 1.89153 0.30631 0
5.98177 1.91528 0.306503 0
5.90118 1.88613 0.306491 0
5.81289 1.86043 0.306491 0
5.71038 1.88883 0.306491 0
5.6077 1.86146 0.306491 0
5.4998 1.89129 0.306491 0
5.38705 1.8555 0.306491 0
5.29395 1.92246 0.306491 0
5.19628 1.89092 0.306491 0
5.08988 1.88134 0.306497 0
4.99046 1.87488 0.307651 0
4.88274 1.85114 0.318564 0
4.78757 1.86537 0.337539 0
4.71483 1.89901 0.353 0
6.40671 1.78606 0.329137 0
6.32724 1.76099 0.312731 0
6.22983 1.7796 0.307764 0
6.12049 1.78795 0.306565 0
6.00581 1.8073 0.306486 0
5.89417 1.77349 0.306491 0
5.77693 1.77559 0.306491 0
5.67386 1.77741 0.306491 0
5.56234 1.77566 0.306491 0
5.46765 1.7879 0.306491 0
5.38082 1.7397 0.306491 0
5.2873 1.81019 0.306491 0
5.18337 1.79169 0.306486 0
5.07491 1.78523 0.307379 0
4.96999 1.77062 0.315136 0
4.87844 1.74175 0.344441 0
4.79875 1.78408 0.365361 0
6.59367 1.60275 0.365073 0
6.49425 1.69306 0.341137 0
6.40225 1.66555 0.315345 0
6.28825 1.67521 0.307741 0
6.18101 1.6864 0.306305 0
6.07751 1.69346 0.306497 0
5.99081 1.70972 0.306491 0
5.92811 1.6601 0.306491 0
5.83795 1.67712 0.306491 0
5.73372 1.67604 0.306491 0
5.62366 1.6793 0.306491 0
5.501 1.67865 0.306491 0
5.38831 1.63763 0.306497 0
5.27211 1.6945 0.306514 0
5.15597 1.69894 0.307091 0
5.04565 1.68726 0.313653 0
4.95564 1.65783 0.338557 0
4.87822 1.65446 0.385671 0
6.50941 1.5818 0.329296 0
6.43116 1.55607 0.312895 0
6.33654 1.57555 0.307939 0
6.23443 1.58714 0.30665 0
6.12826 1.5902 0.306491 0
6.02434 1.59008 0.306491 0
5.91774 1.56996 0.306491 0
5.81228 1.57818 0.306491 0
5.70265 1.57639 0.306491 0
5.59561 1.58385 0.306491 0
5.48695 1.56807 0.306497 0
5.39223 1.52781 0.30665 0
5.29392 1.5771 0.306491 0
5.19762 1.59846 0.306938 0
5.10394 1.60923 0.311419 0
5.01532 1.57242 0.33566 0
4.93414 1.55236 0.403758 0
6.69562 1.39851 0.364977 0
6.59639 1.48867 0.34112 0
6.50441 1.46037 0.315283 0
6.39118 1.46972 0.307753 0
6.28581 1.48143 0.306321 0
6.19102 1.49814 0.306497 0
6.10233 1.48148 0.306491 0
6.0041 1.47795 0.306491 0
5.89412 1.47568 0.306491 0
5.7873 1.48226 0.306491 0
5.67787 1.47056 0.306491 0
5.57103 1.49264 0.306497 0
5.48198 1.44655 0.306593 0
5.38298 1.42663 0.307543 0
5.2963 1.46753 0.308007 0
5.20104 1.49278 0.311119 0
5.10635 1.50957 0.322626 0
5.0223 1.4698 0.380936 0
6.61087 1.37716 0.329058 0
6.53135 1.35053 0.312601 0
6.43557 1.3704 0.307804 0
6.32871 1.38436 0.306599 0
6.2084 1.39433 0.306491 0
6.09634 1.37317 0.306491 0
5.97617 1.37948 0.306491 0
5.86861 1.37735 0.306491 0
5.77297 1.38845 0.306491 0
5.70048 1.34656 0.306486 0
5.60159 1.39428 0.306497 0
5.52302 1.3488 0.306401 0
5.41757 1.33537 0.308137 0
5.30572 1.3517 0.315486 0
5.21677 1.39152 0.32296 0
5.12223 1.40002 0.353424 0
6.79751 1.19487 0.365016 0
6.69781 1.28463 0.340893 0
6.60473 1.25579 0.314989 0
6.49006 1.26292 0.307583 0
6.38534 1.27722 0.306316 0
6.28878 1.30153 0.306503 0
6.20691 1.28068 0.306491 0
6.12812 1.27016 0.306491 0
6.03064 1.283 0.306491 0
5.92883 1.2755 0.306491 0
5.82041 1.2768 0.306491 0
5.72922 1.2478 0.306503 0
5.62355 1.2746 0.306372 0
5.51805 1.25778 0.30743 0
5.42024 1.24251 0.312975 0
5.31777 1.24938 0.330761 0
5.20861 1.2902 0.360779 0
6.71226 1.17406 0.329013 0
6.63222 1.14728 0.312522 0
6.53537 1.16423 0.307696 0
6.42648 1.17307 0.306559 0
6.3105 1.1934 0.306491 0
6.19866 1.16589 0.306491 0
6.09683 1.18868 0.306491 0
6.00471 1.17686 0.306491 0
5.90655 1.16889 0.306491 0
5.8086 1.15801 0.306497 0
5.70203 1.15984 0.306531 0
5.59877 1.17137 0.307328 0
5.49664 1.16098 0.313014 0
5.39782 1.15517 0.332962 0
5.31742 1.15063 0.370911 0
6.90227 0.993194 0.367307 0
6.80073 1.0831 0.341697 0
6.70771 1.0543 0.315317 0
6.59438 1.05874 0.307662 0
6.48635 1.06904 0.306288 0
6.37986 1.0805 0.306497 0
6.28482 1.09233 0.306491 0
6.2034 1.04705 0.306491 0
6.10368 1.09407 0.306491 0
6.00125 1.07038 0.306491 0
5.89316 1.057 0.306503 0
5.78165 1.0513 0.306672 0
5.6633 1.07124 0.307917 0
5.55785 1.07167 0.31457 0
5.4615 1.06577 0.335564 0
5.37411 1.06217 0.382543 0
6.81806 0.976714 0.330993 0
6.73968 0.950566 0.313569 0
6.6459 0.956829 0.307928 0
6.5443 0.967555 0.30665 0
6.43071 0.974361 0.306491 0
6.32081 0.982994 0.306491 0
6.21374 0.952959 0.306491 0
6.1065 0.982196 0.306491 0
5.98809 0.964014 0.306497 0
5.88163 0.943116 0.306661 0
5.78539 0.947313 0.307238 0
5.69651 0.975385 0.30876 0
5.59584 0.980188 0.317461 0
5.50664 0.967714 0.34478 0
7.00122 0.791358 0.366176 0
6.90664 0.884794 0.344271 0
6.81705 0.862782 0.317472 0
6.71731 0.858035 0.308732 0
6.60433 0.854748 0.306384 0
6.49717 0.886503 0.306497 0
6.39576 0.864971 0.306491 0
6.29094 0.88648 0.306491 0
6.18407 0.858454 0.306491 0
6.07572 0.88734 0.306497 0
5.98146 0.842381 0.306627 0
5.88421 0.834105 0.307385 0
5.79574 0.849261 0.309359 0
5.70602 0.865593 0.314807 0
5.62413 0.894745 0.324985 0
5.53933 0.876585 0.364971 0
6.90298 0.77993 0.327355 0
6.8027 0.753748 0.310055 0
6.69603 0.775297 0.306723 0
6.60891 0.739327 0.306457 0
6.50716 0.791788 0.306491 0
6.41411 0.74813 0.306491 0
6.30371 0.793213 0.306491 0
6.21159 0.747191 0.306491 0
6.09973 0.783692 0.306497 0
6.01524 0.725659 0.306785 0
5.90988 0.736872 0.308726 0
5.80269 0.747406 0.316838 0
5.70675 0.763258 0.334082 0
5.61711 0.79985 0.35829 0
7.11244 0.579248 0.36948 0
6.98373 0.698872 0.337974 0
6.9057 0.671677 0.316335 0
6.81832 0.642468 0.308409 0
6.71789 0.67859 0.306633 0
6.62666 0.634526 0.306486 0
6.51984 0.682115 0.306491 0
6.42838 0.637976 0.306491 0
6.32581 0.688095 0.306491 0
6.24104 0.64795 0.306503 0
6.13429 0.668815 0.306338 0
6.04009 0.632291 0.307227 0
5.93301 0.630498 0.313404 0
5.82121 0.65354 0.330088 0
5.7192 0.665177 0.371946 0
7.01405 0.591552 0.332272 0
6.92397 0.571056 0.313037 0
6.83562 0.547918 0.307396 0
6.73627 0.567763 0.306599 0
6.64218 0.54028 0.306491 0
6.53891 0.568018 0.306491 0
6.44097 0.544336 0.306491 0
6.33514 0.572306 0.306497 0
6.22165 0.562791 0.30644 0
6.12154 0.558746 0.307074 0
6.01503 0.541717 0.314208 0
5.91877 0.522742 0.338976 0
5.8405 0.566083 0.354273 0
7.19403 0.396573 0.369282 0
7.08779 0.494744 0.339688 0
7.00826 0.484488 0.318609 0
6.91708 0.468206 0.309241 0
6.81625 0.462758 0.306491 0
6.72033 0.459296 0.30648 0
6.61498 0.456258 0.306497 0
6.51494 0.462633 0.306469 0
6.4049 0.462718 0.306469 0
6.30374 0.472454 0.306412 0
6.20041 0.466978 0.307051 0
6.09853 0.460008 0.312595 0
6.00185 0.44513 0.335038 0
5.91592 0.437962 0.380608 0
7.10013 0.398293 0.332402 0
7.0031 0.38433 0.31354 0
6.90379 0.374464 0.308177 0
6.80314 0.369067 0.307232 0
6.69729 0.360394 0.307589 0
6.58491 0.365995 0.307402 0
6.479 0.369678 0.307289 0
6.37507 0.370651 0.307323 0
6.2757 0.375833 0.307702 0
6.17339 0.372212 0.312607 0
6.07351 0.361973 0.332413 0
5.9859 0.35489 0.382113 0
7.16982 0.308194 0.346613 0
7.08145 0.29839 0.32408 0
6.98909 0.287664 0.314174 0
6.89483 0.28105 0.311628 0
6.8026 0.278001 0.311407 0
6.72074 0.264191 0.312861 0
6.6317 0.271829 0.312035 0
6.53554 0.273102 0.311911 0
6.43757 0.275042 0.311628 0
6.33839 0.274884 0.311877 0
6.24233 0.283585 0.313597 0
6.13843 0.278957 0.32916 0
6.0501 0.267422 0.377468 0
7.1546 0.215799 0.345261 0
7.06666 0.201853 0.33097 0
6.97505 0.193084 0.325375 0
6.88259 0.187495 0.324827 0
6.79127 0.180356 0.326479 0
6.69472 0.175864 0.32774 0
6.59886 0.178336 0.327039 0
6.50158 0.179728 0.326716 0
6.40304 0.181736 0.326501 0
6.30114 0.179563 0.330195 0
6.20564 0.203511 0.332849 0
6.12093 0.187201 0.378571 0
7.13617 0.122085 0.362816 0
7.04737 0.110719 0.355653 0
6.95622 0.10328 0.355676 0
6.86368 0.0981829 0.357871 0
6.76847 0.0944207 0.360111 0
6.67137 0.0921918 0.361526 0
6.57448 0.0922879 0.361605 0
6.47856 0.0933798 0.361741 0
6.38531 0.0964178 0.3632 0
6.29754 0.0935439 0.374153 0
6.20834 0.122656 0.373644 0
4.0857 5.53925 0.250659 0
3.99474 5.54935 0.244425 0
3.89309 5.54967 0.240572 0
3.78388 5.54469 0.240606 0
4.16852 5.46022 0.240023 0
3.66394 5.53095 0.243112 0
3.57761 5.44474 0.227091 0
4.34523 5.32346 0.222735 0
4.25395 5.38487 0.230581 0
4.07132 5.44424 0.222961 0
3.97248 5.44964 0.217049 0
3.87023 5.45074 0.215306 0
3.7685 5.44724 0.216704 0
3.67763 5.43013 0.216172 0
3.45715 5.42921 0.233206 0
3.35944 5.34437 0.211018 0
5.27079 5.23017 0.215097 0
5.18211 5.24738 0.217784 0
5.0827 5.25013 0.215346 0
4.98067 5.25121 0.214633 0
4.87794 5.25159 0.214684 0
4.77491 5.25175 0.214656 0
4.67142 5.25212 0.213915 0
4.56651 5.25327 0.211431 0
4.45656 5.2582 0.206939 0
4.15754 5.35284 0.206243 0
4.05395 5.34662 0.192881 0
3.94983 5.35069 0.189481 0
3.84787 5.35019 0.188496 0
3.74906 5.34273 0.188004 0
3.64603 5.34096 0.191014 0
3.54808 5.34498 0.197955 0
3.45639 5.3282 0.197797 0
3.23545 5.33133 0.216664 0
3.13656 5.24858 0.17833 0
3.02682 5.24629 0.191127 0
2.90488 5.24532 0.224833 0
2.79016 5.21875 0.223872 0
2.67944 5.20301 0.220115 0
2.57114 5.19658 0.215906 0
2.46499 5.19443 0.213507 0
2.36043 5.19391 0.212534 0
2.25693 5.19376 0.21228 0
2.15408 5.19373 0.212218 0
2.05157 5.19372 0.212195 0
1.94924 5.1937 0.212161 0
1.84695 5.19366 0.212082 0
1.74458 5.19355 0.211906 0
1.64196 5.19333 0.211516 0
1.53895 5.19285 0.210752 0
1.43549 5.19143 0.209723 0
1.33234 5.18814 0.208874 0
1.23291 5.18449 0.211612 0
6.57649 5.08849 0.231656 0
6.46895 5.08488 0.209253 0
6.36295 5.09035 0.204558 0
6.26365 5.09391 0.200756 0
6.16171 5.09965 0.202312 0
6.06716 5.11023 0.208818 0
5.98061 5.10564 0.193605 0
5.8952 5.12657 0.211244 0
5.79352 5.14348 0.214826 0
5.68906 5.16161 0.21245 0
5.58461 5.16656 0.201735 0
5.47464 5.16149 0.188598 0
5.36142 5.16354 0.183167 0
4.35237 5.23217 0.186069 0
4.24907 5.27682 0.191365 0
4.13623 5.24728 0.168136 0
4.02402 5.25031 0.161126 0
3.91932 5.25099 0.158275 0
3.81783 5.24808 0.157166 0
3.71602 5.24531 0.157313 0
3.61574 5.2451 0.159033 0
3.51899 5.24135 0.160295 0
3.41718 5.2417 0.163434 0
3.31963 5.24997 0.170614 0
3.22624 5.23072 0.162535 0
1.14283 5.1866 0.225071 0
1.07537 5.15521 0.197056 0
0.979673 5.12727 0.188943 0
0.86978 5.12278 0.200292 0
0.76125 5.12081 0.208269 0
0.652765 5.12736 0.22644 0
0.54041 5.10774 0.223068 0
0.447511 5.08476 0.225456 0
8.37515 5.03995 0.23543 0
8.28585 5.03845 0.225212 0
8.18188 5.04851 0.224013 0
8.07671 5.05114 0.223436 0
7.96869 5.0566 0.230106 0
7.86299 5.06213 0.243259 0
7.75967 5.0563 0.247842 0
7.65081 5.04113 0.239718 0
7.54129 5.03097 0.232312 0
7.43244 5.02421 0.224839 0
7.32535 5.02234 0.219431 0
7.21629 5.01937 0.21155 0
7.10954 5.02043 0.207477 0
7.00174 5.02588 0.208167 0
6.89651 5.03335 0.208082 0
6.80008 5.05581 0.221292 0
6.69126 5.07858 0.233489 0
5.24984 5.14653 0.167066 0
5.14592 5.15253 0.165284 0
5.04264 5.1542 0.164243 0
4.93948 5.15484 0.164079 0
4.83618 5.15507 0.164215 0
4.73254 5.15539 0.164176 0
4.62839 5.15629 0.163531 0
4.52383 5.15861 0.161771 0
4.42302 5.15306 0.153664 0
4.31901 5.15009 0.144935 0
4.23554 5.18424 0.153602 0
0.361017 5.06264 0.233574 0
0.309778 5.00184 0.200145 0
9.47984 4.9266 0.271472 0
9.39592 4.90737 0.226355 0
9.30003 4.9335 0.230841 0
9.19857 4.94762 0.229235 0
9.09739 4.95676 0.227713 0
8.99293 4.96027 0.225795 0
8.88957 4.95741 0.219957 0
8.78244 4.95222 0.213236 0
8.67836 4.95345 0.211244 0
8.57466 4.95511 0.208563 0
8.4706 4.96474 0.205864 0
0.227656 4.97906 0.225003 0
9.77133 4.79417 0.288382 0
9.68293 4.81397 0.252554 0
9.57857 4.85187 0.242767 0
8.38019 4.9631 0.193656 0
0.202798 4.89103 0.190844 0
9.83163 4.71481 0.301122 0
9.49366 4.8546 0.210017 0
0.133083 4.81528 0.210006 0
9.76625 4.7246 0.229286 0
0.079508 4.72248 0.205406 0
9.8169 4.63202 0.25402 0
9.77743 4.54612 0.214735 0
0.0136568 4.57044 0.198306 0
9.79975 4.46726 0.244131 0
9.70356 4.45703 0.198153 0
0.0586721 4.41788 0.259626 0
9.73077 4.39085 0.243208 0
9.64023 4.36114 0.24232 0
9.54519 4.36084 0.209315 0
0.120444 4.33142 0.264039 0
9.48679 4.28843 0.2511 0
9.39042 4.27018 0.239458 0
9.27344 4.2319 0.243429 0
9.15916 4.23093 0.228386 0
9.05475 4.24001 0.215114 0
8.94774 4.24268 0.209853 0
8.84587 4.23555 0.212483 0
8.74133 4.23248 0.213094 0
8.63445 4.22886 0.213219 0
8.52521 4.22163 0.212014 0
8.41678 4.22038 0.204784 0
8.30351 4.22654 0.191653 0
0.18328 4.25098 0.26224 0
8.35276 4.12974 0.249856 0
8.23848 4.13541 0.237902 0
8.1301 4.13294 0.235316 0
8.0246 4.12898 0.238004 0
7.9242 4.1379 0.235198 0
7.82833 4.15657 0.222729 0
7.72852 4.16666 0.217264 0
7.63222 4.16527 0.221654 0
7.53554 4.16135 0.226864 0
7.43789 4.15755 0.230598 0
7.33939 4.15749 0.228567 0
7.24312 4.15497 0.227328 0
7.14076 4.15843 0.219272 0
7.04159 4.16698 0.203601 0
6.9349 4.16745 0.187914 0
6.84553 4.13864 0.198414 0
0.309218 4.14619 0.250037 0
0.237002 4.18948 0.244911 0
6.78194 4.09819 0.236352 0
6.68762 4.09991 0.222531 0
6.58884 4.10194 0.213886 0
6.48495 4.09963 0.213185 0
6.3781 4.09475 0.216687 0
6.27075 4.09008 0.217547 0
6.15978 4.0807 0.220969 0
6.04911 4.07059 0.217982 0
5.9295 4.04229 0.232465 0
5.82225 4.0366 0.216031 0
5.71814 4.04669 0.191257 0
5.61112 4.04584 0.182307 0
5.50934 4.03359 0.182398 0
5.40979 4.0337 0.176028 0
5.32106 4.05584 0.158569 0
5.23278 4.03944 0.165403 0
5.13168 4.03644 0.164713 0
5.02816 4.03515 0.164509 0
4.92407 4.03449 0.164577 0
4.81959 4.03375 0.164979 0
4.71454 4.03199 0.165431 0
4.60907 4.02879 0.165743 0
4.50464 4.02722 0.16292 0
4.40129 4.03458 0.153138 0
4.28728 4.03191 0.14498 0
1.11821 4.01687 0.214995 0
1.01741 4.0061 0.242926 0
0.912142 4.0336 0.224273 0
0.810004 4.05489 0.217954 0
0.705983 4.07037 0.214379 0
0.613152 4.09103 0.198838 0
0.517436 4.08782 0.222876 0
0.410756 4.10429 0.240063 0
5.32436 3.95346 0.215256 0
5.20516 3.94424 0.215459 0
5.09481 3.94063 0.214865 0
4.988 3.93891 0.214724 0
4.88221 3.938 0.215024 0
4.77603 3.93664 0.215414 0
4.66845 3.93344 0.215736 0
4.55931 3.92625 0.214531 0
4.45338 3.92537 0.208897 0
4.3598 3.94774 0.191863 0
4.28132 3.90816 0.199381 0
4.20878 3.96982 0.164922 0
4.11323 3.95901 0.16086 0
4.01228 3.94724 0.159016 0
3.90885 3.94073 0.158377 0
3.80671 3.93632 0.15862 0
3.70395 3.93529 0.159124 0
3.6002 3.93288 0.161273 0
3.49745 3.93064 0.164787 0
3.39451 3.91911 0.174913 0
3.28866 3.92586 0.179993 0
3.17637 3.92438 0.1921 0
3.06491 3.94135 0.199409 0
2.96821 3.95178 0.208122 0
2.8826 3.98536 0.1853 0
2.79454 3.98782 0.193656 0
2.69658 3.99237 0.200643 0
2.60046 3.99297 0.209909 0
2.5011 3.99486 0.212993 0
2.39983 3.99573 0.213434 0
2.29764 3.99601 0.213072 0
2.19513 3.99623 0.212704 0
2.09257 3.99636 0.212466 0
1.99001 3.99644 0.212336 0
1.88741 3.99647 0.212274 0
1.78461 3.99648 0.212252 0
1.68136 3.99647 0.212268 0
1.57727 3.99641 0.212455 0
1.47156 3.9967 0.213536 0
1.36259 3.99798 0.217179 0
1.24649 3.99943 0.227741 0
4.37316 3.83091 0.236369 0
4.2621 3.80647 0.231158 0
4.18066 3.86678 0.201457 0
4.08574 3.8531 0.195828 0
3.98147 3.84592 0.19068 0
3.88127 3.83607 0.190109 0
3.77909 3.83362 0.189933 0
3.67601 3.83417 0.191093 0
3.57107 3.82924 0.197265 0
3.46875 3.83091 0.205169 0
3.35438 3.81831 0.221976 0
3.25384 3.84505 0.22364 0
4.1644 3.74806 0.235073 0
4.05839 3.75875 0.221394 0
3.96381 3.7381 0.219844 0
3.85964 3.73231 0.217535 0
3.7549 3.73142 0.21779 0
3.6512 3.73523 0.221428 0
3.54512 3.72127 0.234349 0
3.44134 3.74574 0.238643 0
4.06952 3.65198 0.248996 0
3.9485 3.63569 0.244481 0
3.83706 3.63002 0.243084 0
3.73236 3.62984 0.245364 0
3.63743 3.64081 0.248521 0
4.17212 5.1351 0.125366 0
4.08342 5.15166 0.126187 0
3.98432 5.1522 0.122193 0
3.88379 5.15145 0.120495 0
3.78261 5.14974 0.119715 0
3.68156 5.14847 0.11963 0
3.58179 5.14691 0.119833 0
3.48155 5.14677 0.12062 0
3.38237 5.14987 0.121746 0
3.28674 5.15391 0.120761 0
3.17838 5.14303 0.112847 0
3.07154 5.16203 0.125791 0
2.96358 5.16359 0.135612 0
2.85866 5.15772 0.141665 0
2.75106 5.14491 0.138186 0
2.64365 5.13679 0.13392 0
2.53743 5.13278 0.130939 0
2.43256 5.13124 0.129423 0
2.3288 5.13071 0.128885 0
2.22576 5.13055 0.128721 0
2.12314 5.13049 0.128665 0
2.02072 5.13046 0.128636 0
1.91835 5.13043 0.128602 0
1.81588 5.13037 0.128546 0
1.71312 5.13025 0.128421 0
1.60983 5.12994 0.128121 0
1.50561 5.12893 0.127646 0
1.39988 5.12568 0.12746 0
1.29192 5.11755 0.128421 0
1.18208 5.11621 0.137841 0
6.74498 5.01589 0.158501 0
6.6456 5.02923 0.157291 0
6.54138 5.01921 0.136392 0
6.4311 5.02378 0.129813 0
6.32672 5.02535 0.125276 0
6.22435 5.02813 0.124489 0
6.12474 5.03242 0.126096 0
6.02962 5.0334 0.123465 0
5.92991 5.03956 0.125412 0
5.8343 5.05453 0.135493 0
5.73463 5.06535 0.13934 0
5.6336 5.07102 0.137965 0
5.53002 5.0703 0.132506 0
5.42288 5.06827 0.127228 0
5.31749 5.06302 0.11989 0
5.2092 5.05731 0.112739 0
5.10452 5.05874 0.111381 0
5.00076 5.05941 0.110918 0
4.89731 5.05968 0.111019 0
4.7938 5.05996 0.111166 0
4.69005 5.06049 0.111285 0
4.58605 5.06151 0.110997 0
4.48238 5.06019 0.108462 0
4.37515 5.05965 0.104694 0
4.26408 5.06605 0.101696 0
1.07811 5.09785 0.132223 0
1.01897 5.03689 0.0993143 0
0.916656 5.04621 0.120744 0
0.80743 5.04066 0.129179 0
0.700286 5.04168 0.13835 0
0.605509 5.05484 0.156244 0
0.511705 5.02312 0.146214 0
8.31466 4.9336 0.168651 0
8.2299 4.95241 0.172118 0
8.13231 4.95751 0.170614 0
8.02929 4.96211 0.171553 0
7.92545 4.96709 0.17532 0
7.82306 4.96831 0.178438 0
7.71961 4.96234 0.176814 0
7.61285 4.95271 0.171609 0
7.50468 4.94458 0.165352 0
7.39618 4.93727 0.155497 0
7.28993 4.94339 0.148844 0
7.17397 4.93649 0.13323 0
7.05851 4.94694 0.133575 0
6.94735 4.95273 0.132325 0
6.83594 4.96174 0.129847 0
4.15638 5.04805 0.0871454 0
4.05434 5.05354 0.0841866 0
3.95229 5.05375 0.0821953 0
3.85042 5.05301 0.081341 0
3.74868 5.05189 0.0808884 0
3.6474 5.05076 0.0804754 0
3.54644 5.05024 0.0802435 0
3.44651 5.05118 0.0797626 0
3.34966 5.05366 0.0778787 0
3.25922 5.06912 0.0794911 0
1.13734 5.03053 0.079938 0
0.403345 4.99507 0.153183 0
9.4264 4.82228 0.168515 0
9.3379 4.83865 0.169465 0
9.24521 4.85127 0.171474 0
9.14806 4.85824 0.171909 0
9.04873 4.86244 0.172124 0
8.94761 4.86233 0.170387 0
8.8442 4.85961 0.167468 0
8.73865 4.85726 0.164871 0
8.6329 4.8579 0.163474 0
8.52529 4.8614 0.161132 0
8.41567 4.86383 0.152974 0
6.72885 4.94357 0.0980584 0
6.63815 4.96195 0.0951449 0
0.613175 4.95893 0.0915921 0
0.492142 4.93163 0.0912753 0
0.38906 4.90729 0.0987995 0
0.294085 4.9194 0.14519 0
9.69285 4.73248 0.18827 0
9.6089 4.7606 0.180983 0
9.51533 4.76382 0.160628 0
8.3058 4.84696 0.136047 0
8.20211 4.85567 0.132681 0
8.09835 4.86031 0.132053 0
7.99483 4.86395 0.132613 0
7.89242 4.86608 0.133496 0
7.79035 4.86474 0.133405 0
7.68686 4.85957 0.131748 0
7.58125 4.85279 0.128093 0
7.47413 4.84605 0.119528 0
7.36534 4.8344 0.102788 0
7.26869 4.86418 0.0984318 0
0.323463 4.82797 0.0860592 0
0.221637 4.81768 0.133026 0
9.74411 4.63563 0.186505 0
9.40798 4.74158 0.134588 0
9.30632 4.7483 0.130458 0
9.20803 4.75392 0.130854 0
9.11003 4.75734 0.131335 0
9.01078 4.75926 0.131538 0
8.90934 4.75882 0.130882 0
8.80573 4.75724 0.12992 0
8.70074 4.75627 0.129332 0
8.59528 4.75741 0.128461 0
8.49012 4.75887 0.125819 0
8.38616 4.75486 0.11929 0
8.27913 4.7501 0.112813 0
8.17507 4.75499 0.111359 0
8.0715 4.75801 0.111053 0
7.96892 4.75929 0.111178 0
7.8674 4.75916 0.111172 0
7.76593 4.75726 0.110957 0
7.66375 4.75363 0.109464 0
7.56162 4.74875 0.104553 0
7.46254 4.74207 0.0925312 0
0.260803 4.73377 0.0806904 0
0.158773 4.71887 0.132087 0
9.65821 4.65355 0.15092 0
9.56845 4.66561 0.135069 0
9.4775 4.65799 0.123177 0
9.3749 4.64875 0.114052 0
9.27504 4.64754 0.111704 0
9.17818 4.64746 0.111144 0
9.08025 4.64966 0.111319 0
8.98018 4.6514 0.111478 0
8.87784 4.65151 0.111472 0
8.77405 4.65073 0.111393 0
8.66982 4.65034 0.111268 0
8.56613 4.65059 0.110538 0
8.46337 4.64951 0.108768 0
8.36005 4.64736 0.106578 0
8.25632 4.64842 0.104859 0
8.15338 4.65254 0.104038 0
8.05072 4.65338 0.103744 0
7.94947 4.65241 0.103642 0
7.84925 4.65163 0.103631 0
7.74867 4.65071 0.103297 0
7.6475 4.64822 0.100746 0
7.54661 4.6429 0.09222 0
7.44761 4.63094 0.076125 0
0.233512 4.63577 0.073053 0
0.153777 4.61291 0.103224 0
0.081573 4.62049 0.151769 0
9.69472 4.54483 0.164639 0
9.61749 4.56418 0.137614 0
9.5372 4.55258 0.127499 0
9.44654 4.55657 0.116456 0
9.34606 4.54825 0.112253 0
9.25134 4.53832 0.112377 0
9.15442 4.53798 0.11193 0
9.05505 4.54089 0.111319 0
8.953 4.54321 0.111065 0
8.84937 4.54345 0.111053 0
8.74545 4.54251 0.111132 0
8.6421 4.54146 0.111172 0
8.53964 4.54045 0.110895 0
8.43778 4.53952 0.109769 0
8.33614 4.5403 0.107778 0
8.23529 4.54625 0.105588 0
8.13342 4.54957 0.104191 0
8.03239 4.54699 0.103614 0
7.93379 4.54469 0.103461 0
7.83457 4.54559 0.103359 0
7.73391 4.54621 0.102375 0
7.63153 4.54406 0.0982508 0
7.52772 4.53667 0.087417 0
7.42079 4.52584 0.0703488 0
0.213768 4.52579 0.0788574 0
0.128795 4.51237 0.121847 0
0.0611613 4.49655 0.176146 0
9.6084 4.457 0.168809 0
9.50776 4.44954 0.148363 0
9.4171 4.46336 0.130843 0
9.32966 4.43779 0.135521 0
9.23137 4.4296 0.134707 0
9.13099 4.43071 0.132178 0
9.02788 4.43535 0.129496 0
8.92308 4.43744 0.128512 0
8.81838 4.43652 0.128721 0
8.71468 4.43439 0.129219 0
8.61147 4.43216 0.129259 0
8.50922 4.43026 0.127901 0
8.40797 4.43017 0.124801 0
8.30791 4.43364 0.119556 0
8.21091 4.44556 0.112575 0
8.11048 4.44451 0.11038 0
8.01536 4.43656 0.110957 0
7.91805 4.43764 0.110414 0
7.8186 4.44151 0.109656 0
7.7164 4.44386 0.107846 0
7.61134 4.44173 0.102969 0
7.50268 4.4341 0.0928367 0
7.38836 4.4175 0.0814542 0
0.195127 4.42024 0.115127 0
0.118843 4.40844 0.177193 0
9.4283 4.3648 0.178421 0
9.31287 4.33599 0.180548 0
9.2054 4.32578 0.17725 0
9.09905 4.33105 0.168922 0
8.99244 4.33607 0.164079 0
8.8861 4.33578 0.163355 0
8.78216 4.33218 0.164549 0
8.67782 4.32928 0.164979 0
8.57306 4.3253 0.164577 0
8.46944 4.3226 0.1609 0
8.36674 4.32329 0.152256 0
8.26614 4.32909 0.142457 0
8.17874 4.34985 0.130322 0
8.09329 4.32996 0.134384 0
7.99667 4.32828 0.132789 0
7.89806 4.33363 0.130565 0
7.79758 4.34111 0.128099 0
7.69489 4.34483 0.125649 0
7.59218 4.34289 0.122023 0
7.49317 4.33575 0.116235 0
7.40648 4.31518 0.115896 0
7.31081 4.32724 0.103274 0
7.19594 4.32276 0.0960444 0
0.271071 4.33421 0.116513 0
0.188355 4.32421 0.177838 0
8.18574 4.23845 0.175694 0
8.07292 4.226 0.176882 0
7.96869 4.2271 0.17467 0
7.86883 4.23775 0.168713 0
7.7678 4.24815 0.163553 0
7.66617 4.25094 0.16193 0
7.56792 4.2468 0.162195 0
7.47306 4.23635 0.16426 0
7.37375 4.23258 0.162065 0
7.27864 4.23723 0.152934 0
7.19122 4.22431 0.156402 0
7.10436 4.24736 0.134746 0
7.00493 4.2512 0.121836 0
6.90548 4.25797 0.101453 0
6.80148 4.27682 0.0744787 0
6.70104 4.24807 0.085765 0
0.572731 4.22559 0.0887804 0
0.480035 4.24682 0.0940474 0
0.372529 4.26278 0.114493 0
0.271088 4.24416 0.174868 0
6.82297 4.2014 0.127771 0
6.738 4.15949 0.153342 0
6.63285 4.17104 0.134786 0
6.52566 4.16931 0.130215 0
6.41633 4.1613 0.131459 0
6.30791 4.15662 0.133519 0
6.19914 4.15108 0.136296 0
6.09042 4.14475 0.138548 0
5.97987 4.13173 0.144601 0
5.87552 4.12359 0.1436 0
5.77238 4.12783 0.132845 0
5.66654 4.13328 0.12441 0
5.562 4.1317 0.122193 0
5.46257 4.12923 0.120054 0
5.36673 4.13844 0.111172 0
5.26534 4.14044 0.107636 0
5.1679 4.13291 0.110606 0
5.0674 4.13092 0.111082 0
4.96537 4.13012 0.111229 0
4.86254 4.12963 0.1115 0
4.75925 4.12877 0.111913 0
4.65585 4.12721 0.112292 0
4.55312 4.12616 0.111466 0
4.45131 4.12856 0.107608 0
4.34764 4.12937 0.101673 0
4.24845 4.13625 0.0923954 0
4.15902 4.16147 0.0761872 0
4.07048 4.14473 0.0809676 0
3.97101 4.13952 0.0811204 0
3.86904 4.13641 0.0817936 0
3.76582 4.1346 0.0822914 0
3.66119 4.13292 0.0828232 0
3.55421 4.13021 0.0830778 0
3.44269 4.12431 0.083587 0
3.32161 4.11201 0.0870889 0
0.973037 4.12951 0.10608 0
0.882333 4.11976 0.135097 0
0.771365 4.13696 0.135844 0
0.662433 4.15811 0.12802 0
0.5488 4.15538 0.143475 0
0.449474 4.16803 0.157585 0
0.356977 4.18318 0.176605 0
4.16392 4.06132 0.120246 0
4.04968 4.04799 0.120501 0
3.94284 4.04085 0.120524 0
3.83829 4.03721 0.120937 0
3.73456 4.03533 0.121559 0
3.63011 4.03353 0.122147 0
3.52538 4.0311 0.12325 0
3.42194 4.02528 0.125983 0
3.33174 4.00883 0.134916 0
3.23446 4.02599 0.128863 0
3.1312 4.02884 0.131131 0
3.02593 4.03338 0.131844 0
2.92902 4.04852 0.123878 0
2.82687 4.06094 0.117587 0
2.7276 4.06126 0.121638 0
2.62762 4.06062 0.125474 0
2.52838 4.05936 0.128597 0
2.42808 4.0591 0.129315 0
2.32687 4.05916 0.129242 0
2.22505 4.05936 0.129044 0
2.12292 4.05952 0.128885 0
2.02064 4.05961 0.128795 0
1.91826 4.05963 0.128772 0
1.8157 4.05959 0.128812 0
1.71281 4.05948 0.128925 0
1.60934 4.05923 0.129179 0
1.50494 4.05891 0.129966 0
1.39917 4.05872 0.13224 0
1.29188 4.05952 0.138208 0
1.18591 4.06523 0.138661 0
1.081 4.08421 0.126696 0
0.995582 4.05922 0.168271 0
3.19123 5.02558 0.0554984 0
3.11098 5.07114 0.0736301 0
3.01979 5.06717 0.0714973 0
2.92072 5.06837 0.0740883 0
2.81859 5.06379 0.0737376 0
2.71396 5.05656 0.070643 0
2.60886 5.05149 0.0680067 0
2.50429 5.04878 0.0664792 0
2.40053 5.04762 0.0658173 0
2.29744 5.04719 0.065574 0
2.19478 5.04704 0.0654892 0
2.09234 5.04698 0.0654552 0
1.98998 5.04696 0.0654383 0
1.88756 5.04695 0.0654383 0
1.78494 5.04695 0.0654326 0
1.68193 5.0469 0.06541 0
1.57824 5.04662 0.0652799 0
1.47324 5.04517 0.0654609 0
1.36568 5.04048 0.0668583 0
6.57548 4.92665 0.0650196 0
6.48799 4.94217 0.0697718 0
6.38893 4.94254 0.0662133 0
6.28751 4.94321 0.0646858 0
6.18644 4.94471 0.0647424 0
6.08677 4.94566 0.0643577 0
5.98601 4.94854 0.0647933 0
5.88541 4.95605 0.0683461 0
5.78679 4.96614 0.0736584 0
5.6872 4.97196 0.0758987 0
5.58621 4.97339 0.0753838 0
5.48324 4.97205 0.0733698 0
5.37951 4.96853 0.0702074 0
5.27476 4.96436 0.0665471 0
5.16928 4.96163 0.0637467 0
5.06523 4.96172 0.0631075 0
4.96175 4.96185 0.0630735 0
4.85845 4.96205 0.0631584 0
4.75512 4.96243 0.0633168 0
4.65168 4.96304 0.0635374 0
4.54821 4.96306 0.0632319 0
4.44359 4.96288 0.0620948 0
4.33776 4.96416 0.0605786 0
4.2346 4.96048 0.0553569 0
4.12836 4.95376 0.0487605 0
4.02508 4.9549 0.0469841 0
3.92232 4.95465 0.0460902 0
3.81985 4.95386 0.0457904 0
3.7175 4.95289 0.0454962 0
3.615 4.95211 0.0452529 0
3.512 4.95201 0.044789 0
3.40769 4.9532 0.043171 0
3.29911 4.96031 0.0405064 0
1.25292 5.02775 0.0680406 0
1.18004 4.94044 0.0347586 0
1.07627 4.94635 0.044987 0
0.970293 4.951 0.0574897 0
0.862957 4.95382 0.0678483 0
7.19532 4.83388 0.0714237 0
7.10654 4.85481 0.0743655 0
7.00397 4.86125 0.0730021 0
6.89736 4.86611 0.0715199 0
6.79162 4.86246 0.0614272 0
6.67534 4.85953 0.04725 0
3.20176 4.93259 0.0269741 0
3.09855 4.96446 0.0315566 0
2.99274 4.96533 0.0308041 0
2.88978 4.96503 0.0306005 0
2.78682 4.96124 0.0295029 0
2.68313 4.95654 0.0280547 0
2.57933 4.95329 0.0270703 0
2.47591 4.95157 0.0265611 0
2.37294 4.95083 0.0263405 0
2.27034 4.95054 0.0262556 0
2.16795 4.95043 0.0262217 0
2.06565 4.95039 0.026216 0
1.96335 4.9504 0.026216 0
1.86099 4.95045 0.0262274 0
1.7586 4.95054 0.0262556 0
1.65621 4.95061 0.0262613 0
1.55411 4.95033 0.0263179 0
1.45307 4.94893 0.0266177 0
1.35547 4.94507 0.027885 0
1.27054 4.92657 0.0247847 0
0.74434 4.94445 0.0723628 0
0.663989 4.8586 0.0411061 0
0.559113 4.85215 0.0476403 0
7.37427 4.72437 0.072476 0
7.28072 4.75064 0.0598941 0
6.56552 4.84263 0.031285 0
6.46181 4.84815 0.0283885 0
6.35849 4.84826 0.0267761 0
6.25602 4.84817 0.02625 0
6.15445 4.84819 0.0261708 0
6.05279 4.84916 0.0262556 0
5.95106 4.85258 0.0270816 0
5.85031 4.8588 0.0289316 0
5.75051 4.86511 0.030889 0
5.65018 4.86822 0.0317942 0
5.54885 4.86855 0.0318168 0
5.44662 4.86687 0.0310813 0
5.34351 4.86415 0.0297462 0
5.23967 4.86152 0.0284337 0
5.13574 4.85997 0.0277379 0
5.03241 4.85972 0.0276247 0
4.92936 4.85973 0.0276191 0
4.8264 4.85992 0.02767 0
4.72344 4.86035 0.0277831 0
4.62049 4.86074 0.0278963 0
4.51728 4.86097 0.0279246 0
4.41378 4.86131 0.0275908 0
4.31097 4.86005 0.0261934 0
4.20748 4.85668 0.0237325 0
4.10314 4.85365 0.0215035 0
3.99994 4.85363 0.0208642 0
3.89708 4.85313 0.0207115 0
3.79432 4.85236 0.0205587 0
3.69143 4.85161 0.0204229 0
3.58814 4.85123 0.0202872 0
3.48427 4.85166 0.0197667 0
3.38004 4.85422 0.0185504 0
3.27953 4.84937 0.0140075 0
3.17065 4.8474 0.00952128 0
3.07018 4.85867 0.00940247 0
2.96793 4.85929 0.0088028 0
2.86582 4.85806 0.00858782 0
2.76328 4.85514 0.00819746 0
2.66037 4.85225 0.00781842 0
2.55746 4.85039 0.00757516 0
2.45476 4.84944 0.00745635 0
2.3523 4.84902 0.00740544 0
2.25 4.84885 0.00738847 0
2.14777 4.84879 0.00737715 0
2.04557 4.84877 0.00737715 0
1.94341 4.84881 0.00738281 0
1.84135 4.84889 0.00738847 0
1.73957 4.84899 0.00740544 0
1.63838 4.84896 0.00738281 0
1.53831 4.84829 0.00744504 0
1.44005 4.84593 0.00753556 0
1.34432 4.83713 0.00695285 0
1.24317 4.83371 0.0088424 0
1.14391 4.8436 0.015122 0
1.04258 4.84944 0.0208586 0
0.941452 4.85371 0.0257295 0
0.842743 4.8547 0.0301196 0
0.755479 4.83775 0.0278623 0
0.444219 4.82514 0.0531845 0
7.17334 4.74385 0.0390808 0
7.07028 4.7581 0.0332934 0
6.96504 4.76441 0.0312907 0
6.86016 4.76492 0.0286883 0
6.75351 4.76271 0.0236929 0
6.64796 4.75552 0.0160894 0
6.54048 4.74859 0.0100304 0
6.43646 4.74944 0.00841244 0
6.33341 4.74837 0.00763173 0
6.23127 4.74719 0.0074507 0
6.12946 4.7467 0.00738847 0
6.02757 4.74753 0.0074903 0
5.92595 4.75021 0.00781277 0
5.82501 4.75429 0.0083389 0
5.72439 4.75787 0.00883108 0
5.62338 4.75959 0.00906869 0
5.5218 4.75963 0.00907435 0
5.4196 4.75853 0.0089216 0
5.31682 4.75698 0.00868965 0
5.21369 4.75557 0.00848033 0
5.11061 4.75474 0.00836718 0
5.00777 4.75446 0.00832758 0
4.90509 4.7544 0.00832192 0
4.80248 4.75456 0.0083389 0
4.69991 4.75489 0.00838415 0
4.59735 4.75526 0.00842941 0
4.4948 4.75561 0.00847467 0
4.39247 4.7554 0.0082993 0
4.28998 4.75421 0.00768265 0
4.18692 4.75245 0.00696417 0
4.08361 4.7513 0.00663038 0
3.98066 4.75109 0.00658513 0
3.87782 4.75048 0.00652855 0
3.77498 4.74973 0.00646066 0
3.67199 4.74918 0.00640975 0
3.56878 4.74908 0.00634186 0
3.46557 4.74975 0.00588362 0
3.36343 4.74908 0.00468426 0
3.25959 4.74774 0.00307193 0
3.15595 4.74884 0.00182166 0
3.05429 4.75323 0.00151616 0
2.95229 4.7533 0.00148222 0
2.85022 4.75195 0.00142565 0
2.74798 4.75006 0.0013521 0
2.64561 4.74853 0.00128987 0
2.54325 4.74761 0.00125593 0
2.44097 4.74715 0.00123895 0
2.33875 4.74693 0.0012333 0
2.23659 4.74682 0.00122764 0
2.13446 4.74677 0.00122764 0
2.03238 4.74677 0.00122764 0
1.93042 4.7468 0.00122764 0
1.82872 4.74684 0.00122764 0
1.72749 4.74681 0.00122764 0
1.62694 4.74643 0.00121067 0
1.52718 4.74505 0.00119935 0
1.4279 4.74099 0.00126724 0
1.32647 4.73675 0.0017368 0
1.22428 4.7379 0.00292484 0
1.12394 4.74441 0.00485964 0
1.024 4.74853 0.00682273 0
0.925578 4.74996 0.00811826 0
0.829952 4.74381 0.008073 0
0.730134 4.74329 0.010517 0
0.635114 4.75202 0.0168475 0
0.539115 4.74532 0.0216506 0
0.452116 4.72218 0.0242982 0
0.362176 4.73817 0.045813 0
7.34466 4.62947 0.0547629 0
7.24619 4.63968 0.0351603 0
7.14161 4.64669 0.0190652 0
7.0373 4.65748 0.0125423 0
6.93307 4.66072 0.0101888 0
6.83029 4.66005 0.00881977 0
6.72731 4.65712 0.0066813 0
6.62348 4.65332 0.00425997 0
6.51912 4.65047 0.00229122 0
6.41615 4.64908 0.00145393 0
6.31419 4.64651 0.00128987 0
6.21298 4.64455 0.0012333 0
6.11155 4.64377 0.00121067 0
6.00986 4.64401 0.00121632 0
5.90829 4.64543 0.00126158 0
5.80704 4.64767 0.00132947 0
5.70586 4.64971 0.00139736 0
5.60441 4.65083 0.00143696 0
5.50258 4.65108 0.00144828 0
5.40037 4.65082 0.00143696 0
5.29784 4.65032 0.00141999 0
5.19511 4.64969 0.00139736 0
5.09242 4.64914 0.00138039 0
4.98989 4.64876 0.00136907 0
4.88749 4.64859 0.00136342 0
4.78518 4.64866 0.00136342 0
4.68292 4.64888 0.00136907 0
4.58074 4.64919 0.00138039 0
4.47869 4.6494 0.0013917 0
4.37668 4.64931 0.00138604 0
4.2745 4.64912 0.00136907 0
4.17195 4.64909 0.00136342 0
4.06912 4.6491 0.00135776 0
3.96629 4.64876 0.0013521 0
3.86353 4.64789 0.00132947 0
3.76088 4.64704 0.00130684 0
3.65826 4.64653 0.00129553 0
3.55566 4.64641 0.00126724 0
3.45337 4.64607 0.00105792 0
3.35094 4.64538 0.000582704 0
3.24848 4.64561 0.000158405 0
3.14617 4.64759 3.39439e-05 0
3.0442 4.64942 4.52586e-05 0
2.94222 4.64892 3.96013e-05 0
2.84041 4.64783 3.39439e-05 0
2.73861 4.64697 2.82866e-05 0
2.63664 4.64645 2.26293e-05 0
2.53454 4.64611 2.26293e-05 0
2.43241 4.64589 2.26293e-05 0
2.33027 4.64574 2.26293e-05 0
2.22816 4.64564 1.6972e-05 0
2.1261 4.64559 1.6972e-05 0
2.02413 4.64557 1.6972e-05 0
1.92234 4.64556 1.6972e-05 0
1.82082 4.6455 1.6972e-05 0
1.71967 4.64525 1.6972e-05 0
1.61886 4.64449 1.13146e-05 0
1.51814 4.64254 0 0
1.41662 4.63974 3.96013e-05 0
1.31435 4.63827 0.000299838 0
1.21265 4.6404 0.000746767 0
1.11211 4.64448 0.00112581 0
1.01203 4.64587 0.00129553 0
0.912821 4.64297 0.00142565 0
0.812884 4.63965 0.00198006 0
0.714282 4.64173 0.00335479 0
0.618102 4.64393 0.00551023 0
0.522816 4.63391 0.0084973 0
0.422217 4.63105 0.019761 0
0.326852 4.63982 0.0416945 0
7.31561 4.52435 0.0503219 0
7.21064 4.53351 0.0311549 0
7.10943 4.54819 0.0157613 0
7.00572 4.55512 0.00911395 0
6.90727 4.55388 0.00809563 0
6.80659 4.5547 0.00679445 0
6.7044 4.55288 0.00509159 0
6.60259 4.55285 0.00333216 0
6.50033 4.55127 0.00201966 0
6.39871 4.54733 0.00144262 0
6.29898 4.54313 0.00135776 0
6.19843 4.54117 0.00137473 0
6.09697 4.53991 0.00141999 0
5.99506 4.53915 0.00144828 0
5.89326 4.5393 0.00144262 0
5.79176 4.54046 0.00140302 0
5.69027 4.54199 0.0013521 0
5.58853 4.54317 0.0013125 0
5.48655 4.54395 0.00128421 0
5.38439 4.54456 0.00126724 0
5.282 4.54482 0.00126158 0
5.17943 4.5445 0.0012729 0
5.07692 4.54382 0.00128987 0
4.97463 4.54322 0.0013125 0
4.87252 4.54291 0.00131816 0
4.77044 4.54287 0.00132381 0
4.66841 4.54297 0.00131816 0
4.5665 4.54319 0.0013125 0
4.46472 4.54348 0.00130118 0
4.36301 4.54399 0.00128421 0
4.26129 4.54539 0.00124461 0
4.15915 4.54707 0.00119935 0
4.05644 4.5476 0.00119935 0
3.95363 4.54672 0.00122198 0
3.85117 4.5453 0.00125593 0
3.74902 4.54421 0.00127856 0
3.64689 4.54356 0.00129553 0
3.54475 4.54292 0.0013125 0
3.4426 4.54185 0.00133513 0
3.34068 4.54114 0.00125593 0
3.23925 4.54311 0.000876885 0
3.13756 4.5458 0.000373383 0
3.03561 4.5462 7.35452e-05 0
2.93415 4.5452 1.13146e-05 0
2.83317 4.54487 1.6972e-05 0
2.73181 4.5452 1.6972e-05 0
2.62999 4.54539 1.6972e-05 0
2.52788 4.54534 1.6972e-05 0
2.42571 4.54515 1.6972e-05 0
2.32357 4.54497 1.6972e-05 0
2.2215 4.54485 1.6972e-05 0
2.11949 4.54478 1.6972e-05 0
2.01759 4.54473 1.6972e-05 0
1.91583 4.54465 1.6972e-05 0
1.81424 4.54448 2.26293e-05 0
1.71281 4.54405 2.26293e-05 0
1.61141 4.54309 2.82866e-05 0
1.50972 4.54148 3.96013e-05 0
1.40761 4.53988 4.52586e-05 0
1.30546 4.53974 3.96013e-05 0
1.20382 4.54185 2.82866e-05 0
1.10254 4.54418 2.26293e-05 0
1.00087 4.54232 0.000164062 0
0.89926 4.53769 0.000746767 0
0.798718 4.53548 0.00160668 0
0.699856 4.53814 0.00261934 0
0.600678 4.53621 0.00511422 0
0.499768 4.53247 0.0113373 0
0.400488 4.53698 0.0243548 0
0.303708 4.54019 0.0469105 0
7.26862 4.42299 0.0619364 0
7.16273 4.42978 0.04583 0
7.07173 4.45616 0.0282018 0
6.98298 4.44537 0.0267648 0
6.88469 4.45087 0.0209434 0
6.78155 4.45222 0.0174246 0
6.67869 4.44977 0.0143413 0
6.58129 4.45388 0.00956654 0
6.48004 4.45076 0.00755819 0
6.38374 4.44193 0.0081126 0
6.28424 4.43889 0.0081126 0
6.18268 4.43673 0.00824272 0
6.08003 4.43444 0.00857085 0
5.97733 4.43227 0.00887068 0
5.87526 4.43143 0.00897252 0
5.77367 4.43247 0.00880845 0
5.67193 4.4344 0.00854822 0
5.56986 4.43597 0.0083389 0
5.46789 4.43744 0.00812958 0
5.36595 4.43898 0.00792591 0
5.26362 4.4397 0.00784105 0
5.16108 4.43914 0.00792025 0
5.05885 4.43797 0.00806169 0
4.95696 4.43711 0.00816352 0
4.85507 4.43674 0.00820878 0
4.75313 4.43658 0.00823141 0
4.65125 4.43652 0.00823706 0
4.54957 4.43677 0.00820312 0
4.4481 4.43741 0.00810695 0
4.3469 4.43897 0.00779579 0
4.24596 4.44276 0.00700377 0
4.14409 4.44606 0.00618346 0
4.04125 4.44615 0.00591756 0
3.93877 4.44403 0.00610991 0
3.83714 4.44184 0.0063362 0
3.73547 4.44059 0.00644935 0
3.6335 4.4396 0.00654552 0
3.53122 4.43818 0.00664736 0
3.42892 4.43602 0.00646632 0
3.32743 4.43534 0.00547629 0
3.22739 4.44037 0.00363766 0
3.12607 4.4434 0.00218373 0
3.02485 4.44181 0.00155576 0
2.92546 4.44086 0.00136342 0
2.82525 4.44248 0.00125593 0
2.72389 4.44392 0.00121067 0
2.62176 4.44446 0.0011937 0
2.51939 4.44435 0.0011937 0
2.41714 4.44403 0.00120501 0
2.31503 4.44377 0.00121632 0
2.21303 4.44362 0.00122198 0
2.11109 4.44355 0.00122198 0
2.00919 4.44347 0.00122764 0
1.90736 4.44335 0.0012333 0
1.80558 4.44311 0.00123895 0
1.70382 4.44261 0.00125593 0
1.60195 4.44172 0.00128987 0
1.49985 4.44056 0.00133513 0
1.39756 4.43972 0.00136342 0
1.29532 4.44017 0.00134644 0
1.19324 4.44226 0.00128987 0
1.09055 4.44358 0.00171983 0
0.9861 4.4381 0.00356411 0
0.882956 4.43136 0.00636449 0
0.782148 4.43043 0.00882543 0
0.681889 4.4358 0.0103642 0
0.577652 4.43262 0.0166382 0
0.476584 4.43313 0.0265215 0
0.377394 4.44443 0.0408459 0
0.280009 4.43827 0.0696417 0
7.07329 4.3486 0.0700207 0
6.95967 4.34681 0.0589663 0
6.85433 4.35577 0.0449305 0
6.74382 4.35331 0.0387866 0
6.64569 4.3441 0.0368066 0
6.55443 4.36137 0.0257804 0
6.46833 4.3427 0.0290617 0
6.36837 4.33839 0.028066 0
6.26492 4.33535 0.0283375 0
6.16043 4.33231 0.0291239 0
6.0558 4.32818 0.0304421 0
5.95223 4.32428 0.0316018 0
5.8501 4.32325 0.0316358 0
5.74833 4.32547 0.0306514 0
5.64587 4.32827 0.0297066 0
5.54344 4.32994 0.029073 0
5.44209 4.33217 0.0280151 0
5.34063 4.33475 0.0267931 0
5.23824 4.33533 0.0263744 0
5.13606 4.3337 0.0267761 0
5.0346 4.33188 0.0272626 0
4.93299 4.33111 0.0274663 0
4.83112 4.33071 0.0275681 0
4.72914 4.33034 0.0276643 0
4.62731 4.33011 0.0277152 0
4.5259 4.33059 0.0275116 0
4.42481 4.33177 0.0267422 0
4.32437 4.33474 0.0248639 0
4.2249 4.34221 0.0216336 0
4.12301 4.34639 0.0195347 0
4.02034 4.34423 0.0194329 0
3.91977 4.33999 0.020157 0
3.81876 4.33783 0.0205644 0
3.71698 4.33645 0.0208303 0
3.61436 4.33493 0.0210792 0
3.51103 4.33229 0.0210396 0
3.40767 4.32823 0.0204852 0
3.30655 4.3277 0.0175434 0
3.20939 4.33885 0.0112864 0
3.10835 4.33922 0.00877451 0
3.01236 4.33399 0.008882 0
2.91392 4.33689 0.008073 0
2.81321 4.34062 0.00746201 0
2.71087 4.34267 0.00723572 0
2.60806 4.34298 0.00719612 0
2.5056 4.34246 0.00725835 0
2.40348 4.34195 0.00732058 0
2.30156 4.34165 0.00735452 0
2.19968 4.34152 0.00737149 0
2.09776 4.34146 0.00737715 0
1.99582 4.34139 0.00738847 0
1.89387 4.34126 0.00739978 0
1.7919 4.34099 0.00743372 0
1.68985 4.34051 0.00749596 0
1.58765 4.33977 0.00758647 0
1.48523 4.33891 0.00769396 0
1.38262 4.3384 0.00776751 0
1.28 4.33923 0.00771093 0
1.17718 4.34206 0.0079542 0
1.07244 4.3437 0.00976454 0
0.963901 4.33177 0.0181713 0
0.860745 4.3233 0.0272626 0
0.759055 4.3274 0.0307645 0
0.657132 4.34054 0.0318111 0
0.547787 4.32945 0.0457451 0
0.441158 4.34071 0.0575067 0
0.348915 4.35667 0.0723006 0
6.57262 4.25965 0.0689628 0
6.45512 4.24706 0.0686629 0
6.34442 4.24132 0.0686516 0
6.23623 4.23714 0.0701508 0
6.1291 4.23269 0.0722553 0
6.02227 4.22562 0.0754517 0
5.91811 4.21989 0.0772677 0
5.81604 4.22019 0.0750218 0
5.71306 4.22464 0.0710277 0
5.60917 4.22724 0.0687139 0
5.5072 4.22754 0.0673561 0
5.40785 4.23132 0.0641484 0
5.30668 4.23499 0.0612688 0
5.2046 4.23359 0.0612066 0
5.10422 4.22998 0.0624738 0
5.00305 4.22867 0.0629377 0
4.90122 4.22811 0.0631867 0
4.79895 4.2276 0.063396 0
4.69658 4.22686 0.0636675 0
4.59458 4.22636 0.0636619 0
4.49332 4.22728 0.0622928 0
4.39217 4.22882 0.0596621 0
4.2927 4.2333 0.0544857 0
4.19643 4.24669 0.0457225 0
4.09392 4.24855 0.0428486 0
3.99629 4.24023 0.0449927 0
3.89635 4.23682 0.045796 0
3.79483 4.23486 0.046226 0
3.6919 4.23336 0.0466729 0
3.58749 4.23115 0.0469501 0
3.48139 4.22684 0.0470916 0
3.37416 4.21917 0.0462543 0
3.27166 4.22022 0.0413777 0
3.18154 4.24381 0.0292144 0
3.0947 4.22669 0.0325522 0
2.99674 4.2291 0.0297915 0
2.89593 4.23567 0.0271665 0
2.79304 4.24074 0.0257069 0
2.68942 4.24234 0.0254749 0
2.58674 4.2416 0.0257295 0
2.48474 4.24061 0.0259897 0
2.38311 4.24 0.0261708 0
2.28144 4.23979 0.0262274 0
2.17963 4.23976 0.0262387 0
2.07769 4.23975 0.0262387 0
1.97567 4.2397 0.02625 0
1.87357 4.23958 0.0262896 0
1.77138 4.23933 0.0263631 0
1.66904 4.2389 0.0264876 0
1.56643 4.23827 0.0266799 0
1.46352 4.23752 0.0269289 0
1.36038 4.23705 0.0272966 0
1.25741 4.23851 0.0274607 0
1.15426 4.24372 0.027223 0
1.04762 4.24892 0.0320148 0
0.935026 4.22219 0.0577896 0
0.829319 4.22021 0.0717066 0
0.728884 4.23273 0.0718763 0
0.641948 4.25651 0.0636675 0
3.1919 4.13266 0.0729738 0
3.07599 4.12556 0.0735452 0
2.97037 4.13238 0.0686912 0
2.86696 4.14187 0.063611 0
2.76248 4.1466 0.0621401 0
2.66015 4.14591 0.0635148 0
2.55871 4.14446 0.0647594 0
2.45781 4.14328 0.0654496 0
2.35664 4.14295 0.065625 0
2.25508 4.14296 0.0656193 0
2.15322 4.14305 0.0655684 0
2.05116 4.1431 0.0655401 0
1.94899 4.1431 0.0655401 0
1.84669 4.14301 0.065591 0
1.74422 4.14281 0.0657042 0
1.64143 4.14245 0.0659078 0
1.5382 4.14187 0.0662756 0
1.4345 4.14121 0.0671977 0
1.33076 4.14069 0.0688949 0
1.22902 4.14344 0.0697322 0
1.13149 4.15304 0.0671185 0
1.03751 4.16696 0.0654609 0
6.87485 4.76473 0.43067 0
1.57853 4.98061 0.253625 0
3.71516 4.54435 0.703105 0
9.65457 4.73676 0.685684 0
4.477 3.17215 0.511712 0
7.65686 4.48316 0.631986 0
3.4547 4.15424 0.542923 0
6.26576 0.713595 0.511273 0
4.62947 3.57529 0.502525 0
9.7107 4.4766 0.386021 0
1.24516 4.35131 0.389896 0
3.6461 4.84333 0.233576 0
6.06828 7.94457 0.529536 0
8.05292 4.58908 0.622487 0
5.3849 6.30773 0.499586 0
7.34177 4.32241 0.425056 0
4.8037 4.40734 0.680495 0
9.657 4.56915 1.00744 0
4.8856 4.79597 0.976429 0
0.937952 4.40633 0.64604 0
5.71925 2.49958 0.508717 0
4.96262 2.15538 0.531801 0
1.32829 4.93478 0.152155 0
5.57019 6.76165 0.501589 0
1.68531 4.40144 0.531964 0
5.72047 4.72653 0.418144 0
7.76927 4.24989 0.853452 0
2.99842 5.19751 0.408502 0
5.5166 6.54877 0.499557 0
6.12017 4.79277 0.453098 0
2.97376 4.99652 0.153928 0
4.37189 4.36649 0.443489 0
3.0362 4.19767 0.529528 0
5.83206 1.52357 0.528277 0
1.26005 4.76563 0.730421 0
6.85246 4.98629 0.71939 0
7.52868 4.13969 0.469776 0
5.54514 1.43476 0.517963 0
4.68181 2.16607 0.507623 0
5.98426 4.57262 0.862442 0
5.4685 7.80371 0.513516 0
5.699 6.19726 0.492921 0
2.09637 4.46295 0.747754 0
6.68431 8.9789 0.495697 0
7.86707 4.25564 0.339465 0
6.29609 7.8818 0.508062 0
6.53498 4.71467 0.660499 0
3.07674 3.902 0.483909 0
3.56692 5.17425 0.54629 0
5.73824 6.64538 0.508361 0
3.40181 5.25843 0.285801 0
2.74745 4.37564 0.219797 0
2.545 4.37907 0.720031 0
8.82011 3.99197 0.569086 0
2.46015 4.74391 0.399878 0
4.5369 5.8277 0.499436 0
7.53507 4.94031 0.396055 0
4.65669 6.44598 0.534673 0
7.37019 4.38087 0.177092 0
3.85842 5.07278 0.216864 0
7.03799 4.54561 0.702215 0
3.81527 4.30888 0.973743 0
5.04934 2.79534 0.513504 0
6.91453 8.75023 0.506639 0
8.32737 3.83973 0.555559 0
1.96099 4.04732 0.631514 0
9.56328 4.6756 0.231217 0
2.29755 4.45126 1.06437 0
5.461 4.85435 0.736158 0
4.64789 6.70082 0.50796 0
8.04613 5.12325 0.548218 0
0.853621 4.73477 0.952617 0
3.22477 5.09338 0.275401 0
5.8345 8.38274 0.504285 0
0.564388 4.764 0.548381 0
6.75641 4.38491 0.489221 0
5.29788 4.49528 0.487002 0
5.69992 4.38985 0.752447 0
6.43929 4.31264 0.271706 0
0.837012 5.06478 0.73604 0
4.81259 4.20173 1.02604 0
8.38026 4.63506 0.979005 0
0.478564 4.4677 0.233764 0
4.92965 4.08871 0.784115 0
5.8645 1.79834 0.493477 0
1.81923 4.04073 0.344691 0
0.541354 4.96928 0.838853 0
0.216875 4.74807 0.311891 0
6.82155 4.23968 0.909265 0
2.69196 4.69824 0.110135 0
2.35459 4.72839 0.122953 0
9.10553 4.73983 0.533226 0
0.769429 4.94559 0.963454 0
3.97379 4.24221 0.511445 0
3.4004 3.58155 0.502897 0
6.48142 0.809133 0.528574 0
4.56282 4.12331 0.854738 0
6.00233 4.33699 0.490434 0
1.86062 4.52122 1.08742 0
0.567061 4.5473 0.904036 0
6.75118 0.926429 0.477987 0
7.38116 4.74454 0.698175 0
4.19092 4.70417 0.694827 0
6.13832 4.85992 0.12525 0
5.6025 0.94699 0.485938 0
3.77894 3.95049 0.368115 0
3.4977 4.45367 0.192076 0
3.4617 3.98442 0.859878 0
5.06163 6.11861 0.511052 0
6.37213 4.7855 0.140701 0
3.1649 4.4352 0.18275 0
3.91185 4.56043 0.23191 0
0.880695 4.1761 0.317619 0
0.751476 4.55975 0.134624 0
4.60705 4.04584 0.412972 0
4.43393 3.79545 0.54986 0
5.7042 1.30302 0.507254 0
3.61518 4.5842 0.0813699 0
2.97586 3.94324 0.728668 0
4.75744 3.08259 0.493028 0
9.50115 4.86625 0.478117 0
3.48172 5.05658 0.800499 0
9.25125 4.44246 0.767767 0
5.20272 4.147 0.463263 0
4.5504 5.03386 0.683133 0
2.36064 4.31177 0.240499 0
3.03028 4.27144 0.116534 0
4.70373 4.38335 0.22332 0
4.43844 4.60823 1.07626 0
4.2906 3.64864 0.44871 0
6.26319 7.41226 0.508904 0
3.99519 4.32218 0.116841 0
7.56458 4.91158 0.899906 0
5.37357 7.59137 0.481981 0
4.64469 4.63041 1.09582 0
4.66 4.93777 1.0305 0
6.71418 0.69027 0.512914 0
5.72592 2.21752 0.515054 0
0.348568 4.96189 0.782921 0
2.23621 4.80781 1.08122 0
6.49908 0.496465 0.522099 0
2.97237 4.67813 0.119697 0
8.67268 4.7926 0.580456 0
4.13882 4.60391 0.116262 0
2.67531 4.54524 1.06858 0
5.19254 4.69684 1.01429 0
9.1663 4.5523 1.10047 0
5.68566 5.16715 0.534866 0
7.97076 4.13165 0.704905 0
1.75884 4.84357 0.726252 0
2.8265 4.83069 1.07621 0
7.33052 4.42143 0.95719 0
0.19454 4.59362 0.556392 0
3.68808 5.32344 0.343544 0
0.230503 4.39998 0.266607 0
5.8669 4.18347 0.937876 0
9.02281 4.97191 0.404119 0
4.5834 4.33448 1.07269 0
8.86634 4.46465 0.755824 0
5.96601 8.59208 0.515361 0
2.00012 5.02564 0.919429 0
5.45634 4.44417 1.06956 0
4.13427 4.31076 0.918612 0
5.43378 1.63488 0.536245 0
1.38706 4.17783 0.857185 0
7.71792 4.15403 0.360887 0
8.35407 4.3135 0.600769 0
8.4374 5.28578 0.542287 0
1.00452 4.84981 0.303964 0
2.14017 4.9906 0.47267 0
3.88086 4.96996 0.622594 0
4.82567 4.15268 0.264018 0
6.07125 7.65567 0.512578 0
6.27667 8.9282 0.512327 0
0.909515 5.12807 0.426272 0
3.67288 4.8635 1.04833 0
8.54104 4.42242 0.320955 0
0.622182 5.05584 0.306835 0
8.64548 4.62401 1.1009 0
4.75751 5.72413 0.501381 0
4.3568 5.597 0.523456 0
1.05881 5.13742 0.702994 0
2.02076 4.64814 0.241592 0
8.62181 4.375 0.905032 0
3.37786 5.50668 0.512727 0
5.30115 5.08933 0.417981 0
9.54859 4.43471 0.837064 0
7.14804 4.75786 1.00563 0
6.31934 0.219815 0.502065 0
6.47058 8.73947 0.522975 0
5.56441 4.0512 0.644526 0
4.70505 3.95391 0.775954 0
3.90173 4.97075 0.996505 0
1.32633 4.5931 0.146026 0
2.42214 4.85771 0.790864 0
5.78515 5.0093 0.23184 0
5.71483 1.93795 0.532101 0
5.18473 5.89572 0.516312 0
8.05609 4.30449 0.27739 0
8.01425 4.94784 0.849427 0
4.44708 5.32429 0.618639 0
6.77396 4.52319 0.978933 0
0.455013 4.37305 0.928191 0
2.90089 5.0534 0.959202 0
4.55531 4.37573 0.106427 0
3.36139 4.54338 0.910558 0
4.92675 6.64014 0.528893 0
1.79397 4.2263 0.996571 0
5.4509 5.30088 0.38121 0
4.68627 3.78077 0.463384 0
6.90836 4.35527 0.18548 0
6.32878 4.41233 0.741108 0
3.96565 3.5315 0.498087 0
5.74292 7.14347 0.500153 0
5.67062 4.21516 0.275173 0
4.22564 4.0506 0.685032 0
0.535838 4.78213 0.951589 0
6.39144 4.59795 1.06751 0
3.7154 4.56127 1.12309 0
5.69914 2.87006 0.492082 0
5.13524 6.70188 0.617177 0
5.06975 4.92084 0.332672 0
8.61063 4.86043 0.898629 0
8.88777 5.18026 0.587719 0
5.06493 1.74585 0.493894 0
6.45754 5.02801 0.865027 0
0.305849 4.28388 0.707986 0
2.06636 4.19506 0.219297 0
8.34287 4.70869 0.342488 0
8.81791 4.59148 0.260204 0
3.96075 4.67314 1.07347 0
6.27743 8.60333 0.498774 0
6.40795 1.0391 0.524029 0
8.10366 4.71034 1.04917 0
5.40097 4.18554 0.944709 0
2.22377 5.15406 0.740418 0
5.40809 5.60745 0.501554 0
5.81107 4.85218 0.804904 0
5.39706 2.50404 0.518478 0
4.31792 6.09891 0.499311 0
0.635132 4.17095 0.645585 0
4.0545 5.99517 0.488662 0
2.28076 4.05728 0.697749 0
6.69117 0.230514 0.520172 0
2.85351 4.07891 0.228502 0
0.670672 4.20287 0.250397 0
6.4108 4.86551 1.05008 0
4.42599 4.91924 1.02666 0
2.72267 4.97553 0.163822 0
6.05703 1.60683 0.530315 0
1.94636 5.16348 0.660958 0
9.31322 4.17057 0.521802 0
2.47372 4.60249 1.11866 0
7.61603 4.36089 0.223191 0
4.77171 2.86202 0.514135 0
5.0491 6.37149 0.51643 0
7.11762 4.23011 0.908911 0
8.4572 4.59015 1.26795 0
4.36244 4.36853 1.1091 0
3.28374 5.2609 0.740748 0
3.47301 4.18701 0.967157 0
3.84325 5.23457 0.777037 0
6.61538 4.83978 0.200091 0
4.93392 3.20258 0.510653 0
1.92378 4.90349 0.161718 0
4.1344 4.94984 1.02635 0
5.84916 7.55917 0.510475 0
4.40074 2.77115 0.518024 0
4.45856 5.22631 0.84411 0
7.90936 4.98315 0.335651 0
1.92557 4.77299 1.10392 0
6.02871 5.01606 0.233117 0
8.77776 4.58759 1.25609 0
2.85302 4.1893 0.936333 0
3.93483 5.42935 0.647423 0
4.39115 3.96045 0.796904 0
4.85373 4.45362 1.12489 0
8.90401 4.74321 1.03243 0
5.8889 4.49402 0.125039 0
4.75446 7.14201 0.517466 0
8.55185 5.01661 0.367655 0
5.78002 6.91441 0.520816 0
3.1047 5.37156 0.521325 0
5.20908 2.02286 0.486832 0
5.16795 4.74309 0.0989353 0
2.34823 4.16578 0.972995 0
8.88903 4.9334 0.81579 0
0.274091 4.56618 0.847007 0
5.64071 8.24588 0.507925 0
6.56483 4.39202 1.02412 0
7.09523 4.51712 0.181209 0
4.92118 5.1703 0.661588 0
4.05421 5.21749 0.807467 0
2.50513 4.9416 0.128206 0
6.05997 4.10394 0.327891 0
3.17942 4.99809 0.93741 0
5.13479 4.98061 0.962296 0
6.18204 4.84616 0.816088 0
6.00234 4.04599 0.618007 0
8.15524 4.87988 0.282694 0
1.8062 4.48113 0.0970671 0
4.53563 5.12757 0.29537 0
4.98727 4.31233 0.175109 0
6.68364 4.35969 0.127212 0
5.42407 5.84026 0.49864 0
6.3773 8.36158 0.497728 0
0.791544 4.88561 0.147863 0
3.93624 5.60245 0.444204 0
4.71347 5.18339 0.81706 0
1.67354 4.02566 0.584875 0
9.75392 4.7384 0.431346 0
8.27662 4.93557 0.814171 0
5.35415 5.36478 0.685066 0
6.13609 4.47198 1.10225 0
5.39499 4.31186 0.145466 0
5.11549 2.4445 0.513156 0
3.62353 3.53147 0.521141 0
6.56925 4.11985 0.489318 0
5.17184 1.54008 0.502022 0
6.35299 8.12291 0.518795 0
1.16897 4.71766 0.0894966 0
2.57317 5.13668 0.442728 0
0.896536 4.07885 0.72136 0
8.95225 4.17745 0.386118 0
3.22459 3.71792 0.480009 0
4.97727 5.37965 0.439968 0
5.06163 5.73958 0.511823 0
1.24103 4.2888 0.115078 0
6.27675 4.09798 0.552692 0
6.069 8.16187 0.479837 0
3.98345 3.93342 0.762878 0
6.4478 4.509 0.0771225 0
2.2318 4.47394 0.0898744 0
5.30291 3.87506 0.555018 0
4.84276 5.93181 0.514206 0
5.65134 4.66541 1.0903 0
4.7865 5.12903 0.299588 0
6.20253 0.980997 0.523657 0
5.53825 3.87488 0.418134 0
6.69852 8.26275 0.497077 0
3.43434 4.85755 1.10268 0
4.62448 4.87832 0.134741 0
2.59277 4.14749 0.188452 0
1.76647 4.72096 0.110493 0
5.13203 3.76406 0.478396 0
2.57643 4.06825 0.851463 0
4.95076 4.59237 0.162008 0
0.356809 4.18844 0.369853 0
3.60641 3.33465 0.505644 0
9.39563 4.72972 0.989768 0
5.67239 1.64334 0.510867 0
4.04341 3.73619 0.524108 0
0.488134 4.79063 0.140549 0
5.96259 7.35495 0.498636 0
2.31084 5.08409 0.243536 0
3.52563 4.04575 0.204016 0
5.357 5.13381 0.896241 0
5.80917 4.02829 0.733706 0
5.22669 7.38957 0.521026 0
6.00853 4.7602 1.08372 0
3.10371 4.2362 1.03505 0
7.79856 4.61483 0.250316 0
5.66227 4.73491 0.0999461 0
6.03484 7.07781 0.509299 0
5.61953 7.98539 0.510573 0
2.64918 5.10312 0.840164 0
2.02583 5.14423 0.305189 0
0.440206 4.09157 0.598406 0
4.11455 3.92597 0.334262 0
9.37465 4.57872 1.24959 0
8.40167 4.24457 0.919119 0
4.03431 5.78131 0.487338 0
6.20797 0.429938 0.517246 0
5.43561 4.60481 0.0997873 0
4.16211 3.39816 0.474269 0
2.88146 4.4716 0.0684881 0
1.21755 4.32586 1.04048 0
5.40089 4.87955 0.175524 0
7.30265 4.67639 0.17538 0
4.19602 5.41362 0.36445 0
1.14295 5.08644 0.22265 0
4.94263 1.90025 0.508945 0
4.61482 6.03971 0.516894 0
6.56007 8.48947 0.497399 0
5.12887 4.34627 1.0409 0
5.20563 5.49425 0.509712 0
3.84234 4.78092 0.110713 0
4.39567 3.48666 0.538117 0
3.27609 4.68276 1.14594 0
5.8771 5.141 0.587036 0
6.46 5.04066 0.366905 0
8.2538 4.46682 0.22162 0
6.14322 4.16184 0.89771 0
6.8875 0.32966 0.468151 0
4.71058 4.59458 0.0976267 0
3.98251 4.3322 1.10411 0
4.28383 5.83908 0.50642 0
1.68504 5.12176 0.852802 0
5.19729 5.27525 0.35394 0
4.97333 3.56113 0.502901 0
5.25048 2.25437 0.530601 0
0.202436 4.88908 0.559496 0
4.56908 2.41582 0.50004 0
5.02722 6.92841 0.492248 0
9.12687 5.17036 0.55756 0
8.56643 4.76407 0.23174 0
3.21659 3.85723 0.700732 0
4.99311 7.22827 0.509409 0
4.87035 4.85277 0.125487 0
6.59756 5.05487 0.63771 0
1.15817 4.03762 0.66264 0
5.22681 7.15498 0.529649 0
4.92111 2.61684 0.51135 0
4.6215 6.2401 0.504793 0
9.01855 4.58254 1.23884 0
3.33819 4.7148 0.223759 0
8.67127 4.17526 0.726507 0
5.68489 7.36997 0.509636 0
6.33846 4.32471 1.06543 0
6.78263 4.65902 0.128593 0
1.79944 4.22555 0.13228 0
4.9626 7.44764 0.514734 0
3.7861 3.69523 0.416623 0
8.78629 4.322 0.297495 0
1.29017 5.15474 0.446938 0
3.05767 4.7494 1.10596 0
6.58599 4.17334 0.762131 0
7.46603 4.17327 0.795788 0
7.95438 4.42196 0.992076 0
4.20879 4.14645 0.204692 0
6.29622 1.64572 0.482795 0
5.06754 4.04213 0.293217 0
1.39446 4.50572 1.11066 0
2.74587 4.01386 0.543514 0
1.05625 4.18417 0.950493 0
3.55743 4.37468 1.09488 0
7.10485 5.02152 0.709491 0
1.08984 4.06941 0.389167 0
5.8492 7.81993 0.513883 0
4.37682 4.00932 0.279927 0
7.07969 4.17764 0.499023 0
1.59694 4.70564 1.0795 0
3.20558 4.06733 0.87823 0
5.95594 6.7043 0.49557 0
4.6977 5.37318 0.552863 0
6.00852 5.10267 0.780153 0
4.1456 5.6097 0.540496 0
8.17931 4.36197 0.946679 0
5.91444 4.81394 0.13031 0
1.78016 5.06339 0.184745 0
4.86583 3.93268 0.370391 0
2.10406 4.03382 0.445371 0
5.29641 1.35996 0.495903 0
5.46349 2.05556 0.524519 0
2.32727 4.05033 0.30552 0
4.08169 2.88054 0.509014 0
9.59518 4.32193 0.630642 0
5.966 2.05603 0.500694 0
3.76297 5.91916 0.509945 0
3.78667 3.78877 0.703498 0
6.32291 5.07371 0.562963 0
7.563 5.0703 0.668645 0
5.50804 6.96204 0.501833 0
5.00032 3.89314 0.696593 0
0.788257 4.37332 0.984501 0
6.22811 5.12191 0.750668 0
1.14904 4.87753 1.03931 0
5.6373 7.64949 0.494155 0
3.92933 3.03021 0.483296 0
5.48455 3.71479 0.502576 0
1.52845 4.11865 0.240615 0
4.3559 4.81556 0.162695 0
1.33555 4.78878 1.10972 0
7.6215 4.55401 1.00453 0
6.20072 7.22069 0.505264 0
9.40068 4.44428 0.313259 0
0.61312 4.05233 0.443018 0
9.07022 3.99761 0.585686 0
9.42651 4.60471 1.92972 0
2.09872 4.14079 0.952347 0
3.44259 4.94141 0.143534 0
9.49876 4.60229 2.21414 0
4.93515 3.40804 0.524086 0
4.62415 2.66716 0.545993 0
5.23112 6.53892 0.493354 0
9.33054 5.04107 0.537447 0
4.8268 6.46908 0.426853 0
4.41919 6.36508 0.492728 0
3.31709 4.2026 0.166654 0
6.7307 5.03808 0.417132 0
5.39824 3.3752 0.489783 0
6.1863 4.27943 0.165675 0
5.11291 7.61289 0.51166 0
9.00568 4.76939 0.225954 0
1.47399 5.14448 0.693967 0
5.24437 7.79466 0.504153 0
4.14481 2.69561 0.50376 0
5.865 4.51538 1.10833 0
6.54706 7.76703 0.509884 0
4.2237 4.71525 1.11959 0
1.86365 4.07897 0.824754 0
5.55844 4.94407 1.03902 0
5.03136 5.57899 0.536355 0
0.970033 4.42522 0.1327 0
0.646715 4.21068 0.87382 0
3.43707 5.70569 0.52779 0
6.36941 7.6164 0.489844 0
1.04409 4.1943 0.153883 0
3.70323 5.14728 0.900535 0
4.2765 4.39656 0.133591 0
7.22542 4.94726 0.402725 0
8.62736 4.14435 0.382509 0
7.5529 4.32219 0.983341 0
5.61784 4.15604 0.970654 0
2.54824 4.29833 1.07683 0
6.6896 4.86266 0.984118 0
5.18472 4.04141 0.891302 0
2.14395 4.7204 0.0884281 0
5.03683 5.18477 0.276151 0
5.85819 8.07314 0.525205 0
4.74954 3.3705 0.506906 0
9.17696 6.02184 0.562422 0
1.15198 4.60339 1.08235 0
4.29232 3.02604 0.544872 0
2.21025 5.05137 0.980236 0
5.21577 2.92883 0.516478 0
8.12828 4.01589 0.499775 0
3.66359 4.17727 0.970334 0
3.61855 5.09601 0.182591 0
4.25356 5.13698 0.860669 0
4.44744 6.86039 0.499796 0
3.29632 4.31806 1.09939 0
5.76227 1.10099 0.510711 0
6.49614 1.54105 0.489921 0
6.85549 4.13657 0.636808 0
2.51403 4.49813 0.089121 0
3.91515 3.30971 0.529049 0
5.07612 3.08493 0.518671 0
7.06395 0.495999 0.497391 0
4.24512 5.07538 0.370192 0
3.69407 5.36015 0.707851 0
2.39815 5.06973 0.951909 0
6.05107 0.824465 0.517434 0
7.79405 5.02057 0.662047 0
3.98542 6.2346 0.506647 0
8.17087 4.1939 0.844937 0
2.53891 4.88091 1.09422 0
0.323489 4.98352 0.330443 0
4.2275 6.56752 0.532102 0
7.1575 4.23807 0.25501 0
9.1172 4.78733 0.890116 0
6.67953 8.68132 0.489184 0
8.77737 5.04634 0.360089 0
8.35332 4.04982 0.734334 0
9.36512 4.41778 0.993504 0
0.431244 5.08724 0.533392 0
3.00982 5.18978 0.797761 0
6.90641 9.04165 0.508212 0
9.70674 4.70942 0.869282 0
5.54842 1.81971 0.527059 0
4.32051 2.51586 0.495747 0
9.07659 4.45157 0.273954 0
2.82858 5.21362 0.648524 0
1.30931 4.04506 0.331998 0
7.82019 4.74811 0.973462 0
3.70838 5.60688 0.546795 0
5.53684 2.70373 0.516899 0
1.85424 5.1264 0.427865 0
3.10655 4.08536 0.236204 0
5.54184 3.17168 0.505278 0
7.40965 4.69579 1.03849 0
3.09897 4.47022 1.0778 0
4.13001 6.3906 0.501256 0
8.56288 3.95248 0.587351 0
5.0386 4.61203 1.156 0
5.27232 6.97313 0.519849 0
3.91305 4.09513 0.18535 0
5.97577 0.5747 0.503772 0
7.54217 4.64238 0.214285 0
4.17193 4.49321 1.10765 0
0.166973 4.57072 0.219921 0
9.10103 5.00407 0.764146 0
6.19718 4.73688 1.1063 0
5.50081 2.31095 0.508274 0
6.99403 4.98407 0.331985 0
1.5957 4.07674 0.840054 0
6.73385 4.15625 0.322796 0
8.18989 5.25375 0.588087 0
5.23667 3.55385 0.508168 0
4.84113 6.21484 0.517133 0
5.47376 7.40338 0.48709 0
8.41945 4.07899 0.425064 0
6.15797 8.3916 0.509665 0
3.79242 5.47608 0.31073 0
5.60981 4.42027 0.12071 0
9.27916 4.79535 0.253697 0
7.03235 4.53193 1.02654 0
6.17344 1.19964 0.512969 0
5.42712 4.7177 1.13505 0
1.0201 5.00423 0.949137 0
6.12278 1.84884 0.496252 0
3.92572 3.8435 0.259952 0
6.78979 0.492355 0.511961 0
6.58315 8.02743 0.50842 0
4.07504 4.88746 0.163466 0
3.68206 4.24937 0.190845 0
1.39129 5.01528 0.962135 0
5.89141 4.23695 0.171994 0
4.57743 5.60327 0.539219 0
1.25281 5.13462 0.782099 0
5.6251 5.40132 0.533038 0
3.9591 5.29356 0.360214 0
3.70406 4.01058 0.82065 0
4.48038 2.24487 0.489111 0
5.10963 5.25185 0.779234 0
0.959452 4.67662 0.0715073 0
5.56417 5.05046 0.261084 0
4.77207 6.8672 0.491035 0
7.13376 8.97563 0.50154 0
4.41906 6.66208 0.526675 0
5.88222 2.76724 0.488136 0
9.32579 4.00078 0.56245 0
4.54423 3.34678 0.485206 0
6.09831 8.77965 0.517169 0
8.99946 4.19528 0.746445 0
8.42347 5.06693 0.721848 0
8.02239 4.64183 0.198285 0
5.38623 8.00279 0.518896 0
1.66247 5.17648 0.547043 0
4.4793 5.4405 0.39552 0
8.364 4.90286 0.24725 0
3.62214 5.808 0.50715 0
6.20634 5.00333 0.976433 0
7.26238 4.13733 0.680083 0
1.53462 4.39332 0.100642 0
5.75059 6.39649 0.491915 0
6.25106 1.4073 0.520026 0
8.65719 5.14123 0.657915 0
5.95822 1.32736 0.525494 0
5.32902 6.0865 0.506004 0
7.07207 4.79753 0.148488 0
5.48122 7.17738 0.529176 0
5.24186 2.66435 0.519838 0
5.136 3.34686 0.526267 0
4.46057 4.58875 0.108685 0
6.1799 2.24414 0.486624 0
0.592231 4.31912 0.117258 0
5.33541 1.83162 0.529902 0
5.80065 0.802677 0.509336 0
1.4457 4.03078 0.577048 0
3.52503 3.81178 0.319889 0
5.21481 4.4782 0.0973966 0
3.14692 4.83982 0.102327 0
7.14156 0.255893 0.491235 0
6.96225 0.706044 0.488287 0
4.36401 4.1375 0.975292 0
5.21722 4.20541 0.16708 0
4.57305 7.02196 0.525316 0
9.23745 3.85406 0.558326 0
5.72298 3.92728 0.459609 0
1.56184 4.66443 0.0858146 0
9.06779 4.39331 0.963391 0
7.3625 5.05256 0.711178 0
2.50345 4.03539 0.520183 0
4.61889 4.76501 0.536864 0
2.90743 4.77823 0.588532 0
4.85228 3.7269 0.639994 0
4.53997 2.96265 0.503417 0
6.15656 4.58461 0.106028 0
7.31622 4.91069 0.970976 0
2.10392 4.57775 1.13722 0
4.8289 5.55728 0.483631 0
6.40999 4.1489 0.89142 0
5.97609 2.3516 0.495202 0
6.86032 8.47385 0.51577 0
2.88968 4.46516 1.11367 0
2.78072 5.17074 0.355621 0
9.12347 4.78643 1.05608 0
4.41158 4.41105 0.840464 0
4.2184 5.36317 0.671116 0
9.32278 5.23668 0.596622 0
9.13402 5.5952 0.553981 0
7.35549 4.87865 0.202661 0
3.04756 3.92537 0.314011 0
6.61959 7.87252 0.4494 0
9.38364 4.86583 0.797894 0
6.93817 4.15998 0.363978 0
6.39754 1.8414 0.485003 0
5.44564 4.08608 0.275855 0
4.86137 2.35243 0.528707 0
5.94766 4.98979 0.990426 0
3.50945 3.80677 0.666395 0
5.941 4.31434 1.09431 0
8.85205 4.42551 1.06651 0
6.48282 9.02226 0.517909 0
5.98686 1.03507 0.536951 0
5.59647 6.02231 0.492071 0
8.99253 6.03336 0.562986 0
3.72768 3.17068 0.50657 0
4.93783 3.7519 0.37825 0
4.75911 1.9393 0.477927 0
9.39272 4.25973 0.786684 0
9.39737 6.03293 0.565304 0
8.32792 4.22131 0.29315 0
5.01999 6.70553 0.385264 0
6.96465 4.90304 0.966828 0
6.57538 1.33749 0.486752 0
6.85981 5.02086 0.35919 0
3.28696 3.92721 0.319102 0
9.84085 4.59791 2.37588 0
3.94161 4.10596 0.923675 0
1.65644 4.45033 1.08773 0
5.4218 3.99577 0.83607 0
4.9019 5.08395 0.967727 0
5.36195 6.74731 0.514155 0
9.76506 4.47162 0.684533 0
6.12328 6.87182 0.497292 0
6.24299 5.03308 0.27398 0
5.72232 3.08234 0.472675 0
5.70545 5.09404 0.88311 0
6.27711 2.04195 0.481736 0
5.30782 3.1445 0.504516 0
4.44086 6.53339 0.372442 0
5.78334 4.8324 1.08813 0
4.12373 5.17423 0.212178 0
7.73456 4.09652 0.611275 0
5.5224 5.25408 0.74029 0
8.79281 4.85665 0.26987 0
8.31272 5.06432 0.383591 0
1.97927 4.39574 0.0684022 0
6.59844 1.10339 0.510196 0
5.22174 6.82804 0.636372 0
3.8306 6.10882 0.505408 0
0.25935 4.77309 0.796682 0
5.99592 2.59515 0.49463 0
5.43441 2.91029 0.508993 0
8.21476 4.50044 1.14224 0
5.34992 7.25064 0.401778 0
6.95231 0.126206 0.504628 0
5.69841 4.37692 1.11453 0
9.59884 4.58972 1.17488 0
9.39351 4.58605 2.08764 0
6.96571 0.302283 0.636391 0
6.51528 0.144078 0.505422 0
9.82168 4.59332 0.568365 0
4.21181 3.81472 0.703191 0
5.86773 7.94769 0.362834 0
4.81739 4.67757 0.0577509 0
5.47531 1.16918 0.493451 0
9.16475 3.16847 0.561399 0
1.51796 4.27632 1.08047 0
4.11372 4.72236 1.16093 0
5.86066 4.07109 0.403965 0
5.52601 3.54176 0.487393 0
5.61804 5.74455 0.499284 0
5.17741 6.76705 0.394838 0
3.57238 5.58883 0.344409 0
4.52887 4.18101 0.191097 0
4.33042 5.27026 0.295595 0
2.03511 4.33774 1.10275 0
1.00429 4.484 1.05118 0
2.1337 4.96163 0.134306 0
2.37379 5.15641 0.501846 0
5.34262 4.91459 1.07458 0
2.4609 5.1735 0.716038 0
1.57738 4.94853 1.05849 0
0.169525 4.38531 0.549674 0
1.72485 4.03575 0.849977 0
4.73018 2.52259 0.447476 0
4.15085 4.07669 0.939562 0
4.82875 6.33796 0.640369 0
4.8704 6.47226 0.647227 0
1.76143 4.96813 1.0516 0
0.659195 5.1443 0.573895 0
0.81807 4.033 0.473825 0
6.09276 5.12388 0.524584 0
4.12384 3.16612 0.564804 0
9.27341 3.58637 0.565921 0
9.07713 5.33698 0.5746 0
6.89679 4.71009 1.0342 0
6.74148 1.21385 0.466907 0
7.72231 4.89477 0.249674 0
5.91627 5.08607 0.355225 0
8.82274 3.26706 0.546926 0
9.22632 4.57608 1.37323 0
8.76099 3.46592 0.560893 0
4.29958 3.2746 0.514515 0
9.18406 4.61259 1.77496 0
9.0078 3.84138 0.535134 0
3.7833 4.4226 0.08031 0
4.30657 3.12662 0.374104 0
8.82058 5.90935 0.560539 0
Tetrahedra
25523
3539 3532 3890 8370  0
778 1078 7812 8424  0
7792 6430 6416 7895  0
1232 1424 1233 7925  0
291 308 290 261  0
1100 7731 8251 7744  0
2254 4486 4501 8333  0
8063 1859 8293 8389  0
4961 4973 4960 7825  0
8084 7676 7816 7686  0
5804 5822 5821 7781  0
3620 3949 7970 8104  0
3472 3844 3473 8085  0
6834 6583 8057 8379  0
415 7797 7948 8415  0
3934 4262 4261 8265  0
4964 4965 4977 8270  0
3846 3847 3475 7894  0
1908 1925 1926 8227  0
1223 1415 8179 8362  0
4434 4420 5441 7693  0
7067 7641 7068 7879  0
362 757 756 7917  0
4125 8141 4586 4585  0
360 361 755 7917  0
2116 8384 2084 2115  0
7069 7642 7643 8072  0
385 780 779 8424  0
5599 5600 5664 7860  0
7135 6795 7162 7958  0
6646 6647 8259 7014  0
5032 5031 7725 7940  0
438 494 495 7802  0
4820 2746 2778 2777  0
5945 8120 5967 5944  0
1661 1662 1652 8275  0
8252 3594 8372 3595  0
7931 1883 1866 3276  0
8187 7706 7703 7741  0
7883 1683 1671 8275  0
6634 7862 6633 6997  0
7676 7653 7995 8312  0
7948 1256 1046 1045  0
2601 2602 2566 7767  0
6109 6110 6130 7690  0
4158 7688 4159 3819  0
2050 2020 2049 8139  0
568 935 569 8388  0
7762 7778 8140 8220  0
8412 8028 7686 8174  0
3481 7717 8152 3480  0
3568 3567 3571 8386  0
6069 6070 6089 8054  0
4583 4584 5653 8359  0
28 19 11 6  0
919 7669 1144 1149  0
6194 6176 6195 8252  0
730 7750 683 729  0
8434 6520 5596 5595  0
4574 4532 7722 7921  0
2809 2828 2810 8177  0
6980 6979 6957 7710  0
1847 1846 1862 8010  0
7757 7745 8020 8228  0
3970 4908 3969 3972  0
2447 2448 7908 8285  0
4392 4051 3316 4391  0
2483 3499 3471 7770  0
5437 5458 5457 7893  0
6777 6520 6521 7847  0
7974 1386 8116 8156  0
2389 8061 7687 2390  0
1720 1709 1708 7725  0
2469 2513 2470 8225  0
1659 1670 7841 1669  0
229 200 245 8439  0
7867 8362 7745 7982  0
1694 1682 1693 7883  0
2671 8438 8039 2704  0
7741 7742 7271 7341  0
202 177 163 179  0
2838 8175 2819 2837  0
3796 4129 3795 8207  0
2274 7852 8096 2311  0
159 135 121 122  0
4757 8405 4741 4758  0
5095 5094 8255 8336  0
1384 7941 1197 1191  0
2698 7915 8134 8295  0
1644 1645 1635 8209  0
2212 2213 2179 8283  0
5852 5825 7746 7968  0
7604 7762 8140 7542  0
3492 3491 3863 7892  0
5254 5236 5255 8015  0
1616 1432 8131 8152  0
84 63 52 85  0
7917 8403 427 7882  0
6080 6060 6081 8235  0
7135 7223 7222 7958  0
8195 7657 7665 8216  0
7746 2680 3887 7968  0
7792 3178 7840 3177  0
6814 6815 8256 8376  0
7061 7634 7635 7994  0
467 468 411 7987  0
1144 1342 1344 7669  0
215 186 214 8439  0
7302 7232 7761 7914  0
2204 2171 2170 7707  0
2746 4819 2777 4820  0
5526 5503 5504 8023  0
663 7882 594 8047  0
296 331 326 329  0
3858 3487 3486 8062  0
8325 7672 6057 6078  0
1409 1408 1592 8307  0
2578 2541 2540 8058  0
6721 8360 6722 8302  0
1305 1098 1033 7877  0
1606 2542 2483 7770  0
4551 4552 5627 8076  0
5304 5284 5285 8055  0
8320 7237 8100 7755  0
5684 4606 5687 8199  0
4432 4433 4446 8443  0
6474 6492 6535 7702  0
7753 7839 8222 8321  0
6350 8194 6365 6349  0
3105 3093 7884 7989  0
3102 3090 3089 8382  0
3886 3518 4754 4772  0
6798 6839 6797 7829  0
1418 1226 1417 7912  0
3882 4218 3878 3513  0
738 802 739 8342  0
3549 3907 4242 4237  0
5966 5990 4844 5967  0
6757 6502 8018 8413  0
949 950 7853 7941  0
6975 6976 6988 7696  0
8437 2587 2586 4734  0
2421 1532 2420 8353  0
31 8 32 25  0
2701 2702 2668 8172  0
2867 2868 7714 8064  0
2742 2775 8188 2741  0
1126 1124 1123 8001  0
7954 7779 7588 7823  0
2390 3412 3411 8061  0
3535 3894 8000 8350  0
4378 5396 5374 5395  0
5268 5267 7931 8269  0
3915 4238 3902 4841  0
1604 2539 2540 8094  0
6787 6568 7953 7988  0
7703 7704 7706 7777  0
5905 5881 8142 8221  0
402 7830 827 825  0
3325 3725 4393 8384  0
5131 7697 7824 8158  0
6609 8213 8127 6962  0
2773 2740 2739 8428  0
632 929 633 7924  0
988 692 691 8391  0
7004 7003 6983 7806  0
3343 2149 2181 8283  0
7752 6355 6356 6341  0
3740 4070 4466 3741  0
7185 7116 7993 8060  0
1143 8385 1138 1137  0
8200 4034 4032 4373  0
1043 1253 1042 8008  0
889 869 868 8431  0
5539 5563 5562 8154  0
2982 2966 2965 7848  0
206 179 202 191  0
6621 6618 6985 8355  0
3393 3392 2361 8146  0
6334 6351 6350 8300  0
7326 7256 7257 7795  0
3892 2776 3542 2744  0
7945 7706 7973 8006  0
6729 6735 6728 8074  0
3008 3603 3007 8082  0
208 209 191 220  0
105 128 114 126  0
3867 3497 3470 8009  0
4905 6395 6396 8229  0
5846 5869 5845 8026  0
6793 6794 7134 7820  0
2967 2966 2984 7848  0
6807 6853 6806 7708  0
4235 8435 4816 3896  0
5261 5260 5242 8114  0
7363 7739 7734 8004  0
7713 1223 8179 8362  0
7217 7160 7218 7674  0
17 27 9 26  0
5175 5192 5191 8010  0
7820 7220 7132 7972  0
4117 3783 3784 8314  0
188 161 147 101  0
1419 7759 8094 7912  0
6376 6360 6377 7659  0
2538 1603 1602 7759  0
5642 6549 6548 7921  0
6211 6229 6228 8082  0
3202 1628 3203 8209  0
3761 3762 4095 8414  0
6282 6283 6298 8249  0
8005 5200 7782 8126  0
5039 5053 5038 7957  0
7847 7677 8100 8434  0
4660 4661 7716 8243  0
1211 1402 1403 8168  0
992 7813 695 7886  0
11 45 34 10  0
46 45 11 28  0
3719 8095 3294 4374  0
145 185 169 144  0
3835 8310 3495 2505  0
3656 8190 3170 3653  0
1498 1499 1319 7784  0
7666 2042 7760 8291  0
6823 6746 6747 7724  0
5738 6640 5739 8238  0
7743 8233 7938 8202  0
3511 2613 7976 8058  0
7464 7795 7395 7465  0
1800 7785 7692 1814  0
5337 5338 5357 7680  0
7857 598 7870 542  0
4419 7693 3328 4420  0
3035 8288 3036 8185  0
5538 5537 7978 8154  0
1166 1361 1362 7835  0
7794 7818 7880 7828  0
3089 3631 7752 8382  0
239 222 240 210  0
2714 4792 3524 4791  0
1995 1996 1977 8136  0
4053 3726 3729 4052  0
6642 6641 7009 7730  0
5966 5990 5989 8120  0
6733 5848 7864 8074  0
1236 1427 1428 7937  0
1234 7925 7997 8166  0
7019 6652 6651 8340  0
4053 3326 3729 3726  0
5042 5028 7725 8244  0
4810 8401 4824 2751  0
2269 7977 8154 2306  0
7517 7866 7579 8259  0
6159 6140 7848 8109  0
8273 3835 3818 3461  0
4738 3882 2626 3513  0
7305 7306 7375 8320  0
1868 8005 1852 8126  0
1004 7814 1003 1220  0
7436 7366 7367 7942  0
4774 8405 4758 5830  0
953 975 976 8028  0
5022 5008 5009 8035  0
5812 5795 5813 8121  0
7870 666 598 8087  0
3556 4841 3902 4827  0
8042 7761 7698 7681  0
417 7670 353 7948  0
7103 6773 6774 7923  0
4447 2160 2192 8443  0
6069 6088 6068 8420  0
4442 2156 2155 8173  0
7704 7925 8166 7997  0
3926 4857 6074 8212  0
4364 3284 3281 5253  0
5322 5321 5303 8407  0
4979 4978 4967 7715  0
780 386 8417 8424  0
4166 7727 8186 8338  0
6449 6450 4920 8390  0
20 13 35 11  0
851 871 459 7898  0
7515 7930 7514 7447  0
5761 6701 6702 8106  0
7252 7188 7253 8123  0
779 780 1079 8424  0
52 85 72 71  0
492 8040 491 546  0
4965 7715 8270 4966  0
306 307 289 340  0
5387 5386 5366 8138  0
437 494 7802 8077  0
7058 6694 6693 8220  0
2378 2377 1493 8239  0
3892 2776 2744 4234  0
3862 4202 3863 8426  0
3886 4772 4754 4771  0
4210 3506 3869 4711  0
1469 8117 1470 2395  0
659 590 658 7910  0
1030 1029 1246 8402  0
8155 7845 7662 7979  0
7728 7936 8025 8303  0
128 129 138 153  0
7888 7860 7964 8037  0
1694 1683 1682 7883  0
557 613 614 8322  0
6362 8194 6347 6363  0
2249 7836 2250 8157  0
84 83 71 8361  0
4545 7821 4544 4098  0
2982 2981 7736 7848  0
2130 2162 2131 7956  0
3248 3249 3245 8255  0
2561 2560 2596 8318  0
53 85 72 52  0
7808 7875 7938 8233  0
8366 1975 1976 8136  0
3851 4190 4191 7717  0
43 25 32 26  0
364 7827 365 7844  0
5492 5469 5470 7849  0
5806 6731 6722 8302  0
7664 8090 8171 8398  0
3005 3006 2990 8033  0
7696 4632 5726 4665  0
6689 6688 8007 8302  0
1780 1765 1779 7697  0
5840 5820 5841 7660  0
740 802 346 8375  0
390 331 624 623  0
876 875 897 7868  0
2460 1554 1580 8156  0
7497 7765 7498 8155  0
5221 5239 5238 7865  0
6221 6222 6239 7970  0
2457 1568 2456 8044  0
1054 1055 1265 8181  0
1697 7725 1696 1708  0
1148 1147 1347 7939  0
7754 7776 7899 8316  0
3113 3114 7752 7788  0
1057 757 758 7844  0
6417 6418 6431 7840  0
4291 4292 3981 8390  0
1255 1256 1446 8266  0
5812 5794 5795 8121  0
7807 987 8344 8391  0
5648 4578 4579 8162  0
5511 5510 7956 8406  0
4968 8203 4969 4980  0
8331 8263 8191 7944  0
2080 2111 2112 7891  0
7657 7678 8125 8164  0
7873 6564 6784 8170  0
1764 1750 7697 7971  0
7807 7729 8165 8391  0
762 368 763 7992  0
902 941 903 8125  0
7865 1903 7933 8015  0
7825 4311 4314 3680  0
3020 3021 3004 7876  0
1328 1327 1330 8202  0
1447 1446 1256 8266  0
7683 7668 8316 8330  0
3220 3683 4318 8270  0
2420 1532 1531 8353  0
5757 5758 8085 7994  0
7603 7602 7541 8140  0
2374 2375 2335 7819  0
1033 1034 1467 7877  0
5871 5870 7864 8026  0
4687 5774 7764 8089  0
3565 4251 3561 8120  0
1453 1452 1262 7920  0
8358 4875 3942 3613  0
2415 2416 7838 8108  0
5266 5284 5265 8055  0
6824 7820 8032 7133  0
3671 7895 3982 3672  0
5427 5405 5406 7907  0
7276 7834 8169 7916  0
2417 3439 3440 8108  0
1157 1156 1179 7854  0
6498 6499 6753 7945  0
6744 7702 8132 8180  0
5182 5166 5183 7782  0
5970 5971 5993 7871  0
6758 7916 8018 6759  0
3564 2804 3560 7871  0
8099 1168 1169 1364  0
843 7839 864 865  0
7796 720 7925 8327  0
2465 8440 2508 2509  0
5168 5167 5151 7918  0
8136 5363 7858 8356  0
6803 6550 6804 7921  0
4267 7970 4879 6242  0
2907 2926 2908 8054  0
5956 5955 7906 5978  0
215 243 244 8439  0
1910 8063 1911 1893  0
4410 4411 4424 8354  0
3904 3905 4844 4251  0
4681 7961 8122 8301  0
4234 3892 3542 4231  0
1175 1180 1181 8164  0
7091 6759 7092 7916  0
6140 6159 6158 8109  0
8196 5418 5439 8384  0
8356 8136 8407 7872  0
7660 5864 5840 8172  0
6943 6966 6965 8075  0
6114 4259 4859 4862  0
3510 3502 3509 8121  0
5790 8360 8335 5789  0
3845 4184 4185 8315  0
2527 7748 7843 7927  0
5745 7897 5746 8128  0
7044 6668 7043 7897  0
1051 1052 1262 7920  0
647 648 579 7813  0
2643 2677 2678 7968  0
5410 5409 5389 8065  0
5273 4367 5253 8368  0
1081 1292 8049 8258  0
7735 1405 7748 7843  0
7512 7513 7574 8143  0
3117 3118 3104 7884  0
3102 7884 8382 7747  0
6583 7932 8057 8379  0
7618 7617 7556 8072  0
8085 4209 3868 4182  0
5788 5803 5802 7861  0
6180 6181 6198 7848  0
1964 1947 1963 7858  0
7832 2205 2206 2240  0
4725 3875 4757 4215  0
5319 8366 7680 7675  0
6483 5608 5609 8410  0
8205 2515 2514 2471  0
6727 6717 6718 8253  0
7809 588 656 7786  0
852 797 796 7898  0
5370 5350 5351 8374  0
7971 7664 5084 7697  0
7498 7428 7429 7765  0
2378 2338 2377 8239  0
5876 7746 4789 7968  0
8053 7726 8199 8207  0
1963 1962 1980 7858  0
7892 2504 7974 8156  0
6506 6507 6761 8101  0
1940 1925 8114 8366  0
652 8036 651 698  0
5278 8114 7675 7933  0
2867 2866 7967 8294  0
2083 8384 2115 2084  0
4524 4566 7875 8289  0
7524 7525 7586 7954  0
4798 4799 4813 8401  0
549 7796 7802 8327  0
2864 2846 7890 8294  0
6715 6725 8020 8253  0
6511 8076 8032 6510  0
7947 7857 7992 8040  0
7703 7607 7778 7896  0
6592 5685 6587 7962  0
5739 7730 6640 6641  0
7982 7867 8003 8020  0
1603 1420 1419 8094  0
7633 7632 7607 7778  0
5158 8010 7785 8144  0
5912 5913 7656 8274  0
1543 1542 2433 8068  0
4775 7746 4759 4223  0
3471 2484 7770 8085  0
4571 8380 5640 4570  0
4524 2333 4525 8289  0
6232 6251 6250 7685  0
2929 3587 2946 8109  0
2889 2888 2906 8341  0
6537 5629 5630 8032  0
2609 2573 8111 8343  0
4131 4593 4136 8137  0
1091 1298 1090 8321  0
4594 8056 4595 8137  0
2916 2933 2934 8235  0
1078 778 779 8424  0
5539 5563 8154 8323  0
1019 1018 1235 8166  0
283 335 315 334  0
744 743 349 8415  0
7644 7071 7070 8072  0
4273 4893 3957 4275  0
4286 8024 4913 3974  0
5727 7696 5726 6625  0
2122 2091 2090 8354  0
1612 7894 2488 2489  0
3860 3489 3488 8062  0
3949 4270 7970 8104  0
5938 5959 7656 8319  0
667 666 713 8087  0
5419 8287 5398 7693  0
7930 7515 7514 8259  0
7704 8317 7684 7703  0
7111 6781 6782 8029  0
3842 3867 8009 8311  0
451 8093 450 507  0
4893 4889 4273 6324  0
1101 1308 1307 7744  0
7410 7703 7741 8187  0
4259 8212 4859 3927  0
2152 4439 2153 8354  0
4206 8273 8310 3835  0
6158 6177 6157 8109  0
2609 2644 2645 7968  0
6126 6125 6106 8052  0
4666 4647 5743 7946  0
1996 1997 1979 7907  0
7419 7489 7488 7952  0
2480 1574 8009 8165  0
6298 6297 6281 7884  0
713 666 712 8087  0
6598 6601 6600 7661  0
1887 1888 1871 7865  0
1023 1022 8131 8411  0
8343 7746 2612 7976  0
919 7669 1150 8392  0
5723 6622 8355 6621  0
1728 1739 1740 7971  0
3880 3517 7746 7976  0
5192 5193 5209 8010  0
7806 7739 7804 7734  0
1462 1271 1272 7773  0
6409 8024 6421 6408  0
2325 3745 3744 7934  0
5464 5442 5443 8348  0
1349 1152 1151 7669  0
6124 6145 6123 8052  0
1293 1082 1083 8258  0
4789 5876 5901 5877  0
4218 4739 3878 3513  0
7630 7057 7056 8220  0
4103 4104 4550 8076  0
1990 1989 2008 8287  0
4788 3526 3527 5878  0
1412 1595 1596 8421  0
3438 8367 8108 2415  0
27 10 9 33  0
3051 3065 3066 8288  0
593 537 7882 594  0
6577 6578 6828 8247  0
4294 4295 3984 8395  0
740 346 741 8375  0
1452 1451 1261 7920  0
1237 1238 1021 7937  0
8027 7544 7476 7778  0
1680 1681 1669 7841  0
2083 2084 2054 8196  0
6347 7659 7989 8194  0
422 7787 357 421  0
7745 7683 7754 7814  0
7400 7330 7331 7769  0
1886 1903 1887 7865  0
679 678 725 7719  0
2283 2248 2247 8217  0
3669 3979 3980 8390  0
1299 8088 8314 8321  0
4136 4602 4135 7772  0
8107 4849 4847 6011  0
5235 5236 8015 8126  0
3581 8212 2928 3927  0
6433 8024 6419 6420  0
7825 1641 1632 1633  0
6643 7730 5741 6642  0
2440 7678 1550 7800  0
548 493 547 8077  0
5676 5677 6575 7772  0
7852 8181 7920 8331  0
2072 7907 2044 2043  0
3116 3103 3115 7747  0
5849 5873 5872 7864  0
3353 3347 3352 8406  0
3386 3763 3762 7887  0
8320 7681 8100 7930  0
6905 7433 7363 8232  0
4789 7746 5877 4226  0
4426 4427 4440 8354  0
840 1115 1114 7784  0
4084 8427 3752 4085  0
7728 8029 7873 7837  0
7802 376 440 375  0
7475 7542 7474 7762  0
3282 1901 1884 8015  0
5538 5539 5562 8154  0
4656 4655 5716 7705  0
6219 8002 8211 7815  0
3333 2128 2129 8443  0
8023 5502 5481 7893  0
6126 6148 6147 7673  0
2864 2865 2846 8294  0
2105 7760 7986 8241  0
5489 5511 5488 7956  0
3758 4091 3757 8214  0
3768 8146 3391 3392  0
8168 7728 8036 7886  0
71 63 52 84  0
2459 1579 2458 8156  0
1868 1869 8005 8015  0
1810 1796 7824 7918  0
7768 6268 7685 8290  0
6901 6928 6927 8013  0
3397 3773 3396 7833  0
1828 8242 1829 7785  0
5490 5468 5469 7849  0
885 8248 906 907  0
1487 7938 1486 1511  0
6320 6304 6321 8184  0
6087 8420 6088 8341  0
5513 7888 5512 7956  0
5766 4678 5765 7737  0
7200 7143 7201 8304  0
6400 6412 8045 6413  0
5727 7696 7817 5726  0
5299 5279 5280 7675  0
6248 6230 7901 8082  0
6167 6149 7673 6148  0
1089 1088 1115 7784  0
7686 7676 7662 7845  0
5665 6475 7837 8050  0
7906 2795 2794 7771  0
8174 7723 7686 8412  0
7376 7307 7377 8320  0
8185 4876 4870 4265  0
413 348 412 8153  0
210 222 193 221  0
6672 6671 6653 7775  0
1935 1934 1951 8182  0
3917 4846 4848 8272  0
3502 3501 3508 8121  0
6938 6913 6939 8127  0
6990 7817 6626 7905  0
7828 6894 7880 8057  0
4486 4471 4487 8333  0
1053 1263 1052 7920  0
1917 1933 1934 8309  0
5657 5658 6513 8042  0
7005 7862 7955 8238  0
8128 5776 4689 4690  0
3522 3885 2647 7746  0
899 513 569 7885  0
3040 3054 3055 8290  0
2107 2108 2076 8034  0
1228 1229 1012 8183  0
7711 8263 8191 8376  0
5290 7721 8182 5309  0
8160 1461 1460 8192  0
2314 2276 2313 8331  0
4643 5739 4644 7969  0
1096 1304 1303 8167  0
2872 2891 2892 8135  0
2411 3433 2409 7939  0
2473 7800 8197 8178  0
6520 8434 7847 6519  0
371 372 7947 8077  0
7323 7392 7322 8296  0
8266 2305 1445 7964  0
7882 7827 7654 7870  0
8310 8429 4714 4713  0
1528 2416 2417 7838  0
2862 2863 2844 8218  0
3686 1686 3229 7811  0
976 975 1031 8028  0
8260 2237 2203 2238  0
6984 7004 6983 7806  0
7307 7237 7238 8100  0
2933 2915 2932 7789  0
5223 5240 5222 7865  0
7690 3934 3935 3596  0
5850 8074 6736 7968  0
8156 7751 1177 8116  0
8189 2793 2792 7915  0
7341 7340 7741 8187  0
3700 8336 8150 3256  0
4034 4375 5353 8224  0
608 676 677 7904  0
5351 5332 5352 8200  0
4872 6207 3941 4874  0
363 427 428 7844  0
8046 7993 8296 8316  0
1361 1362 7835 8022  0
2642 2641 2676 7864  0
1316 1495 1494 7851  0
6557 8162 6810 6556  0
7829 5668 8199 8207  0
6142 6160 6141 7848  0
3170 3661 3181 8394  0
4844 8120 5990 5966  0
357 752 7787 7899  0
8024 6435 4910 6421  0
2211 8023 2177 2210  0
6757 6502 6503 8018  0
4567 4526 4568 7819  0
3002 3019 3003 8299  0
4289 4919 4920 8390  0
6724 6725 6732 8003  0
6680 6661 6662 8091  0
7777 7704 7894 8315  0
3131 3130 3144 7659  0
1678 1689 8035 8203  0
2351 3383 3382 8416  0
7696 4632 8377 7817  0
7620 7621 8122 8286  0
6884 6911 6910 7718  0
1872 1888 1873 7865  0
3984 3674 3673 8395  0
8114 5259 7865 7933  0
1796 7824 7918 8090  0
364 7827 7844 429  0
178 218 149 190  0
2907 2925 2926 8054  0
7632 7778 7896 8220  0
6931 6904 7294 8030  0
7349 7419 7995 8312  0
981 1199 982 8070  0
7691 8344 7965 8149  0
1107 7733 830 832  0
3087 7768 3086 8400  0
1964 1980 1981 7858  0
6784 7114 7873 8060  0
5798 5784 5799 8351  0
7461 7462 7529 7856  0
1842 1841 1856 8069  0
6537 6766 6511 8032  0
99 127 101 161  0
7244 7243 7179 8029  0
5727 6625 6626 7817  0
7901 2993 8082 8252  0
6474 6534 6491 7702  0
6376 6360 7659 7747  0
1857 1872 7865 8069  0
8209 3214 8270 1625  0
7680 1957 1974 7675  0
1434 1618 1435 8419  0
5874 5873 5850 7968  0
1811 1810 1824 7918  0
6765 7131 7674 8032  0
7774 7655 8127 7772  0
1862 8010 8059 8073  0
3311 4038 3310 2030  0
5920 8120 5944 5943  0
6364 8194 6379 6363  0
5460 7893 5481 5459  0
7060 7634 7061 7896  0
490 7992 489 8040  0
5839 5818 7660 8051  0
7600 7758 8257 7539  0
2860 2878 2879 7672  0
3215 3680 3678 4311  0
878 458 513 7885  0
4078 7722 3373 4082  0
2017 2016 2045 8422  0
4509 7819 4510 4526  0
933 637 636 7909  0
4784 4799 4783 8435  0
8237 3482 2495 3483  0
8174 7723 8118 7686  0
7086 7085 6753 7945  0
1863 1862 8059 8073  0
1440 7816 1439 1623  0
5118 5119 5134 8090  0
1687 3232 1699 8326  0
4569 4527 4528 7819  0
5167 5166 7824 8005  0
3939 8352 4264 3935  0
2022 2052 2023 8224  0
7978 5540 8154 8323  0
5545 5546 5570 7832  0
7479 7478 7409 8027  0
6032 8107 6033 8148  0
21 59 37 88  0
2215 2248 2249 8157  0
4983 4996 4995 8203  0
5407 5406 5385 7907  0
4789 4775 4226 5877  0
6493 5610 6494 7679  0
4796 4781 4797 8401  0
5740 6642 5741 7730  0
2969 2970 8105 8299  0
1796 1781 7824 8090  0
5876 4789 5901 8000  0
4908 6409 6410 8229  0
5500 5477 5478 8048  0
3798 3419 3799 7655  0
7063 6698 7062 7994  0
8145 6887 6888 6863  0
614 682 683 7750  0
7953 8281 5607 5608  0
6724 5805 6713 7781  0
1809 1824 1810 7918  0
7830 821 400 7924  0
1116 1117 7738 7868  0
3596 8352 3600 3935  0
1695 1707 1696 7811  0
4292 7895 3982 8390  0
4513 3367 4078 8239  0
1913 8269 7931 8055  0
7296 7942 8030 8292  0
2340 3377 1479 7799  0
6186 7935 8033 7876  0
714 713 1010 8087  0
5717 7975 5716 5710  0
6336 6335 8184 7756  0
4714 2547 2583 8429  0
7663 6819 6818 7126  0
4847 8120 4251 3565  0
5782 7775 7985 6672  0
537 8231 7882 8403  0
1886 1903 7865 8015  0
1603 1419 1602 7759  0
7753 7708 8162 8314  0
3748 4076 4079 3743  0
796 795 851 7898  0
2851 2831 2850 8064  0
1577 1576 2502 7974  0
3650 8300 3147 8229  0
1460 2319 1459 8192  0
4887 6308 3954 4889  0
1611 1612 1428 7937  0
3759 4092 3758 7973  0
3236 7940 3240 3690  0
7803 904 8125 8222  0
7914 6770 7099 7761  0
1250 1385 1193 8086  0
7505 7506 6998 7862  0
6325 6309 4888 7752  0
1446 1445 1255 8266  0
2378 7722 1493 1494  0
1529 1350 7838 8206  0
6253 6252 6234 7685  0
5091 7692 8016 8279  0
2169 2202 2203 7831  0
2101 2071 2070 8291  0
7781 8026 5844 8039  0
7913 2318 7926 8192  0
2117 3728 3337 3331  0
222 223 251 239  0
7698 7681 7730 7863  0
6514 5659 6515 8369  0
1684 1673 1672 1683  0
3759 8017 7973 3758  0
5312 8200 5332 5331  0
1971 1972 1954 7701  0
626 315 392 8021  0
2882 2900 2883 7890  0
6999 6998 7506 7862  0
747 748 1047 8365  0
7741 7706 7742 8187  0
6819 7663 7127 7126  0
8031 5569 5570 7832  0
7794 7875 8204 8289  0
5999 6000 6022 7714  0
4582 4581 4121 8236  0
6246 8082 8185 6228  0
1060 1059 760 8160  0
6342 6343 6357 7752  0
3771 3772 4105 8076  0
3092 3105 3093 7884  0
6019 6040 8218 8294  0
1631 1640 1632 8346  0
5936 5958 7771 8319  0
482 8151 425 481  0
773 8198 772 378  0
344 343 636 7909  0
8102 8115 8318 8351  0
6164 6144 7935 8105  0
8190 8045 8305 8394  0
6538 6539 6792 8032  0
1194 1176 979 8116  0
6477 5602 5603 8170  0
4109 4108 3775 7826  0
7163 7290 7289 7958  0
4156 4173 4627 7999  0
1510 1509 1330 7938  0
1471 8097 3374 8117  0
6917 6890 6891 7881  0
5821 7767 7660 5803  0
4212 8311 4726 3871  0
1157 1179 1158 7854  0
3792 4126 4125 8061  0
6632 6996 6633 8201  0
1581 1398 1397 8165  0
5654 6561 6560 8141  0
5926 8221 5903 5927  0
1857 1858 8242 8293  0
7444 7445 8143 8320  0
3489 3860 7974 8062  0
7930 7310 8014 7309  0
3761 3384 7887 8416  0
8117 1469 1468 2393  0
7491 7559 7558 8286  0
6881 7739 6596 8232  0
7671 7816 8028 8086  0
2922 2923 2905 8341  0
3998 3207 7825 8346  0
4647 5742 7946 7980  0
2068 2067 2099 8348  0
4973 7883 4985 7841  0
5419 5441 4420 7693  0
5584 8096 5585 5605  0
598 7857 7870 8087  0
7863 7730 7969 7980  0
6375 6374 6358 7788  0
4034 4375 4373 5353  0
8001 1515 8210 8337  0
991 695 7813 7886  0
3342 2130 2098 8348  0
6675 6676 5785 8102  0
2205 2172 2171 7707  0
3654 3653 3170 8190  0
3678 3215 4311 7825  0
6233 6252 6251 7685  0
4400 2062 8173 8354  0
2608 2607 8074 8111  0
5191 5190 8242 8389  0
4638 4639 4163 8092  0
5888 5910 5887 7915  0
5087 8171 5072 8398  0
2795 7906 2794 2815  0
6471 7805 8245 6472  0
1992 2010 1993 7680  0
7767 7766 7843 7861  0
7543 7762 7604 7542  0
7352 7421 7351 8312  0
7722 4574 7921 8195  0
5192 5176 5193 8010  0
1773 1786 1787 7692  0
6081 6060 6061 7890  0
3644 4278 7756 8300  0
3105 3119 3106 7989  0
5487 5488 7956 8348  0
3723 3325 3725 4393  0
7148 7205 7900 7945  0
5839 5838 5818 8051  0
2025 3319 2054 2055  0
4750 4767 2657 8437  0
8203 1665 1655 1666  0
5603 8050 7977 8170  0
7677 7720 7799 8268  0
6653 8340 6652 7775  0
6964 6942 6965 8213  0
3071 3055 3070 8290  0
358 359 753 7899  0
7030 7029 7593 8081  0
6238 6257 6237 7970  0
8387 8373 2758 8221  0
7032 7048 8081 8228  0
6439 6426 6427 8045  0
1148 1525 1345 7939  0
7494 7495 7562 7979  0
5156 5157 5173 7785  0
7619 7645 7644 8072  0
3958 4276 4275 7756  0
5141 7785 8144 5158  0
7413 7482 7984 7483  0
4933 7695 4943 8209  0
4191 4679 4192 7737  0
3319 2025 2054 8196  0
7667 4162 8092 4637  0
3261 3264 1805 8158  0
8060 7250 7249 8399  0
1955 1956 7675 7701  0
2153 2154 2122 8354  0
7918 5186 8005 8069  0
3741 4499 3744 3746  0
5740 5741 4645 7730  0
7102 7171 7170 7755  0
6611 6612 7975 8213  0
5854 5827 5828 7746  0
273 257 274 8439  0
1877 1876 1893 8063  0
1426 8166 7997 1235  0
3325 2085 3331 3725  0
7789 6121 8105 8235  0
6209 4871 6172 8339  0
1356 1535 1536 7810  0
2868 2850 7714 8064  0
1461 7700 8192 7773  0
155 8133 132 131  0
1571 2476 2477 8044  0
4327 5032 7725 7940  0
5861 8051 5838 8134  0
8387 2758 2788 2787  0
8308 7954 7728 8303  0
1490 1489 1311 8277  0
4673 4672 8106 8315  0
4836 4245 3910 4246  0
2935 2934 2953 8105  0
5100 5086 5101 7664  0
7456 7523 7455 8303  0
123 100 90 102  0
2831 2852 7906 8064  0
6962 6961 6939 8127  0
28 10 5 27  0
479 423 422 7899  0
7297 7942 7298 7367  0
3200 3201 3990 8209  0
2098 2067 3336 8348  0
8244 1695 1694 7811  0
6182 6181 6161 8211  0
6666 5775 6665 7764  0
8297 3924 3582 3923  0
736 735 799 8284  0
5945 8120 5944 8350  0
7747 3104 3117 3103  0
5896 8026 8188 5895  0
1517 1323 1518 8337  0
755 754 7917 8181  0
4398 2030 4397 4383  0
2808 2788 2807 8387  0
2314 2277 2276 8331  0
815 818 816 8329  0
7090 6757 6758 8413  0
5759 6700 5760 8106  0
7654 7822 7827 7844  0
3992 4301 3991 8209  0
7453 7966 8025 8303  0
4504 4488 4489 8333  0
1937 1954 7701 8095  0
2200 8154 2235 7978  0
638 295 330 7909  0
4958 7695 4970 4957  0
5374 5373 5353 4375  0
4368 8271 8182 3715  0
4140 3802 4142 8053  0
6055 6034 6056 8386  0
5809 4742 5808 7976  0
2275 7852 2276 7832  0
5828 5806 5807 7976  0
523 7987 8250 522  0
8252 3595 2945 2962  0
323 635 7909 7924  0
5659 8042 5658 4589  0
4710 5755 4669 7896  0
7543 7762 7542 7475  0
7261 8067 7769 7663  0
7953 6790 8123 8191  0
5073 5072 8171 8398  0
6430 6442 6429 7895  0
2607 2606 8074 8111  0
7863 7941 8070 8324  0
7249 7319 7318 8399  0
5869 5870 5894 8026  0
4451 8157 4466 5532  0
5279 5260 5261 8114  0
3737 3352 3346 8406  0
7733 827 7830 828  0
1990 1973 1972 7701  0
609 7719 678 610  0
1605 1421 1604 8094  0
2898 2880 2897 7672  0
7681 7889 8097 8041  0
2 16 3 8  0
2846 2826 8218 8294  0
6957 6956 6931 7710  0
7790 1519 8053 8385  0
7858 7709 1981 7721  0
7708 6806 6552 8433  0
8067 7769 7663 7758  0
5594 5593 4516 7934  0
1344 1346 1149 7669  0
6533 6743 6532 8180  0
6770 7914 7099 6769  0
6911 6885 8127 7718  0
4540 4541 5616 7973  0
7340 7410 7409 7741  0
6992 7667 7905 7710  0
2922 2923 7673 2939  0
1606 1607 1423 7925  0
6488 6489 6531 7805  0
2176 2145 2144 7893  0
7803 8285 1558 7908  0
3463 3836 3837 8377  0
4080 3746 3745 7934  0
3815 3441 3817 7878  0
8042 7681 8112 8369  0
5530 5508 8157 8283  0
5774 7764 6664 6665  0
7865 5241 8114 8293  0
6611 6612 5708 7975  0
2890 8054 8135 8420  0
8287 4405 4392 3322  0
44 63 51 33  0
5471 5449 5472 7986  0
7396 7466 7465 7795  0
5429 5408 5430 8241  0
4246 4837 3553 4836  0
8157 5530 8283 8408  0
2142 2173 2174 8048  0
7049 7034 7050 8228  0
6581 6580 7808 8145  0
2236 2272 2237 8323  0
5336 5317 5337 7701  0
6365 6381 6364 8229  0
1566 1567 1389 8324  0
7797 7668 7670 7728  0
8197 1364 1365 1546  0
7683 7779 8296 8316  0
7960 1452 7852 7920  0
1204 1395 1396 8165  0
5081 5066 7971 8255  0
2756 3533 3539 8370  0
105 114 91 8361  0
1323 1128 1324 8337  0
8385 1335 1119 7790  0
6036 6014 8272 8386  0
3529 3891 4226 8000  0
5535 5536 5559 7888  0
7260 7195 7663 8038  0
7792 3178 3177 3165  0
3060 3046 3045 7689  0
7588 7024 7587 7823  0
1320 1103 1118 7738  0
4606 7739 8053 4607  0
3712 1935 1934 1918  0
7128 7663 7127 8132  0
8068 2467 2431 2432  0
4373 8200 4370 3717  0
5681 5636 5637 7932  0
5415 5395 8196 8224  0
1781 1780 1794 7824  0
956 957 916 8116  0
6980 6981 6993 7710  0
8281 7953 8096 7852  0
8165 7886 1582 1398  0
1010 714 8087 8183  0
8102 5800 5786 5785  0
8393 141 118 8133  0
6027 6049 6048 8135  0
4132 4137 4604 8199  0
3481 3852 3853 7961  0
1543 1361 7835 8022  0
7321 7390 7320 8046  0
5463 4434 7693 8348  0
1304 7687 1303 8167  0
2160 2193 2161 4060  0
2489 2488 3476 7894  0
4056 2086 4407 3732  0
7079 7130 6823 7724  0
5561 5538 5562 8154  0
8246 7382 7452 8025  0
2603 7781 8003 8397  0
1770 1784 1771 8016  0
2013 7666 7907 8136  0
3200 1626 3201 8209  0
7853 7740 7941 8078  0
1062 1273 1272 7773  0
6529 6487 6530 8263  0
7954 7456 7998 8303  0
1458 7926 7944 7913  0
2429 7705 2466 2430  0
4769 4768 4752 8437  0
252 269 253 282  0
6459 8263 6468 8031  0
2244 2210 2209 8023  0
6392 6406 6391 8024  0
34 63 51 44  0
4849 6033 8107 8148  0
6942 6916 7881 8213  0
1755 1743 1742 8171  0
1894 1911 8059 8063  0
1819 3701 3262 8144  0
4070 7836 8157 3740  0
2734 2766 7656 7771  0
306 339 288 305  0
436 435 492 8077  0
5209 5226 5208 8389  0
5514 5513 7888 5536  0
1289 1290 2358 8049  0
4116 3783 4117 8113  0
1821 7824 1807 7782  0
7150 7742 7151 7208  0
7677 8014 8025 8029  0
3126 3114 3125 7788  0
369 763 7947 764  0
441 497 498 8198  0
6087 6107 6086 8341  0
851 795 850 7898  0
7384 7315 7385 8303  0
2160 2159 2192 8443  0
920 1151 921 8392  0
3748 3756 3368 8262  0
2759 2726 2758 8373  0
7358 7288 7765 8267  0
4433 2160 3339 4060  0
4354 3267 3706 3266  0
4276 3644 4898 7756  0
7792 3155 3154 7659  0
6032 6053 6031 8148  0
6887 6888 6914 8213  0
3045 3030 7689 7815  0
3642 3641 3647 8306  0
2689 2688 2723 8435  0
3304 3303 5355 8095  0
2426 8353 2420 3442  0
5432 8034 5431 8065  0
3760 7973 8416 8414  0
8254 3174 3175 7895  0
852 798 797 7898  0
1436 1435 1619 8237  0
7640 7614 7615 7879  0
6481 5607 7953 8096  0
702 998 999 7809  0
6265 6249 6266 8288  0
1879 1878 1895 8059  0
1260 1049 1050 7960  0
1556 2424 2425 7878  0
6573 6825 6544 8199  0
7090 6758 7091 8413  0
7799 5597 4514 5596  0
1426 8166 1234 7997  0
3390 2358 2359 8049  0
1536 1356 7810 8345  0
4130 3418 4132 8207  0
1306 1307 1483 7731  0
5179 5162 5163 8158  0
1805 1791 3261 8158  0
5322 5342 5341 8136  0
670 716 717 8223  0
4881 3947 4266 8358  0
7693 7666 2009 8287  0
8072 7619 8122 8286  0
6387 6372 7788 8254  0
6893 7828 6920 6919  0
7671 7897 7765 7764  0
6456 6455 6444 8395  0
1769 1770 8171 8090  0
3122 3109 3108 8347  0
8158 3267 3263 3264  0
669 715 716 8183  0
71 8133 84 72  0
2706 2738 8428 8438  0
6101 6080 6102 8235  0
7271 7272 7341 7742  0
7877 3414 2393 2392  0
7841 4970 4958 7695  0
6716 6715 6684 8020  0
4609 4142 4612 7739  0
4296 4927 7840 8395  0
5638 5682 5637 7932  0
135 57 98 77  0
2989 2988 7876 7935  0
3118 3117 7747 7884  0
7821 7916 8018 8413  0
7230 7914 7140 7141  0
1365 1547 1366 8197  0
7288 7289 7765 7958  0
7083 7146 7145 7900  0
8195 4115 3781 4114  0
4894 7752 3956 4891  0
7801 8258 8146 7686  0
6516 6517 6773 7923  0
1990 1991 1973 7680  0
992 1209 993 8036  0
6599 8232 6934 6907  0
448 384 7922 8424  0
8045 3192 8394 3183  0
7757 7658 7745 8257  0
2573 2535 8111 8264  0
8359 7914 7652 8141  0
3487 2499 3486 8062  0
8014 7242 8025 8029  0
7875 4566 8204 8289  0
7523 7456 7954 8303  0
5259 7865 5258 5240  0
5117 5116 5101 7664  0
7106 7174 7105 8100  0
6917 6942 6916 7881  0
1821 7824 7782 1822  0
3475 3846 7894 8315  0
7706 8187 7703 7777  0
1758 1746 1745 8016  0
5283 5303 5302 8407  0
6728 7757 8074 6718  0
3300 1989 1971 7701  0
5029 5015 5016 7725  0
6702 6701 7066 8106  0
1311 1312 1490 8277  0
6022 8294 6021 7714  0
3681 8270 3216 3212  0
6545 6546 8282 8380  0
6680 6712 6679 8091  0
3128 3141 3142 7659  0
3384 2353 3385 7887  0
7012 8259 7576 7013  0
8233 1324 1506 1507  0
2542 3499 2483 7770  0
2521 2520 2558 7985  0
7774 7838 8001 8206  0
7583 7019 7582 7966  0
4571 8380 5641 5640  0
8181 7754 7822 8191  0
7838 7669 8001 8206  0
2437 2472 2473 8205  0
6056 6057 8325 8386  0
7360 7429 7359 7765  0
5177 5160 5161 8073  0
6824 6766 6792 8032  0
5740 6641 6642 7730  0
8360 7684 7699 7658  0
2744 4234 2745 4227  0
7380 7381 7450 8246  0
733 974 8084 8402  0
4760 4216 3881 4221  0
3699 3253 3256 3252  0
8409 6661 7029 7028  0
7752 3629 4888 3630  0
4022 4356 3708 3270  0
231 277 260 276  0
4824 2782 2750 2751  0
7593 7592 7531 8161  0
2716 4808 2717 4794  0
2031 2030 4384 3311  0
3085 3099 3100 8184  0
247 218 203 175  0
7866 7581 7966 8246  0
7916 7801 7995 7834  0
216 246 200 245  0
8131 7694 7859 8411  0
291 322 290 341  0
7153 7916 7154 7211  0
107 106 116 115  0
384 778 383 8424  0
309 261 291 232  0
310 343 292 342  0
2047 2046 8241 8422  0
5903 5880 5881 8221  0
220 209 191 192  0
4227 4234 2745 4819  0
1055 7944 1056 1266  0
210 211 193 194  0
3893 4229 3888 3531  0
99 161 147 160  0
6236 6237 6255 7689  0
1000 1001 704 7910  0
8344 7691 7965 8044  0
3542 4237 3548 2776  0
7741 7703 7793 8317  0
305 8436 287 304  0
282 269 253 301  0
320 289 321 340  0
914 893 8174 8412  0
4740 7716 4214 3507  0
103 57 113 77  0
3926 8148 4256 3922  0
7663 7654 7763 7822  0
3968 3967 4907 4280  0
6234 6233 6217 8002  0
238 239 221 222  0
2747 2746 2778 4820  0
7811 5000 7883 8244  0
7848 2967 8105 8211  0
3552 4835 2779 3551  0
190 189 125 151  0
7279 7280 7349 7995  0
1373 8079 1552 1553  0
1791 1792 7697 8158  0
1942 1925 8366 8383  0
3284 5253 4364 4367  0
239 223 240 222  0
2999 8002 8211 2998  0
7441 7508 7440 7955  0
5566 8281 8260 5567  0
4765 4749 2655 4748  0
4428 4414 4415 8173  0
4524 2333 4508 4525  0
749 7670 7787 8365  0
44 33 34 10  0
4653 4697 4654 4696  0
7726 7734 7739 8004  0
158 135 121 159  0
7156 7653 8101 7157  0
6756 7089 7088 8006  0
209 210 221 239  0
7 8 31 24  0
748 354 749 8365  0
4167 4166 4642 8238  0
4237 2776 3542 4234  0
175 248 203 247  0
617 686 618 8363  0
4401 4414 4413 8173  0
1938 1939 1923 7675  0
1981 7709 2000 1982  0
4726 4707 4708 8311  0
6618 6620 6617 8355  0
2491 2490 7894 8131  0
2650 4778 2682 2683  0
4733 8440 2585 2584  0
1660 7841 1670 7825  0
1615 1616 1432 8131  0
4822 4821 2748 2779  0
3027 3013 7685 8002  0
8394 3190 3191 8390  0
4718 4734 2587 4735  0
6167 7673 7935 6147  0
1811 1826 1812 7918  0
31 41 30 24  0
7841 4960 4959 4972  0
581 649 650 8036  0
7937 1430 1613 1429  0
4563 4596 4562 8056  0
690 8149 8344 8391  0
4823 4836 2780 4837  0
8353 2426 2421 7903  0
162 151 124 125  0
150 128 138 152  0
1357 7810 8345 1536  0
209 179 191 192  0
8049 1292 8146 8258  0
138 128 115 129  0
7768 3074 3087 3073  0
7590 7026 7589 8409  0
3508 3501 3871 8121  0
7704 8327 8317 7796  0
1116 1102 1101 7744  0
230 259 258 275  0
5525 7959 5526 5548  0
7837 8050 6563 8170  0
4653 4697 4696 8440  0
150 138 148 174  0
275 274 258 229  0
329 331 567 623  0
2663 2662 2695 8295  0
5830 8405 5831 5855  0
130 117 8133 116  0
4455 2186 4456 4469  0
147 188 172 187  0
7839 867 8357 8431  0
7261 7260 7663 7769  0
3840 4180 3841 7950  0
2156 4442 2155 2188  0
276 277 260 308  0
3901 4231 4236 3541  0
5188 5205 8069 8242  0
253 301 283 282  0
7717 2491 7894 8131  0
4407 2087 4408 4422  0
1829 1844 8010 8242  0
6272 7768 6290 6289  0
6863 6862 6829 8247  0
8305 4289 3978 3979  0
115 129 116 139  0
8431 7712 8248 7853  0
250 238 220 221  0
5519 5496 7707 7831  0
219 218 178 190  0
3267 3271 3268 7782  0
155 141 8130 8393  0
6173 8372 6134 6154  0
20 65 35 46  0
3001 8211 3000 7815  0
2153 2154 4440 4455  0
306 259 289 307  0
7814 1002 706 1003  0
42 25 32 43  0
787 788 1090 8321  0
8287 3323 3316 3317  0
7837 5664 6523 6524  0
872 8174 8118 512  0
6128 8341 7673 6108  0
270 223 252 224  0
4653 4696 8310 8440  0
394 8436 317 395  0
113 77 136 103  0
234 297 264 263  0
7810 7975 8068 8075  0
342 309 291 292  0
6186 6187 6204 7876  0
743 8008 8153 8415  0
367 431 432 7992  0
3711 4364 4028 4029  0
5858 8240 5857 5834  0
599 668 600 7857  0
8412 1193 8116 8086  0
3905 8120 8350 3904  0
341 308 291 342  0
8240 7985 8121 7996  0
216 188 172 217  0
4005 7725 1698 3233  0
2141 2142 7891 8048  0
7703 7741 7793 8027  0
3426 3427 3802 8053  0
7379 7378 7309 7930  0
381 7812 8176 7791  0
3231 3228 3227 4326  0
6999 7005 7862 7955  0
8180 6533 7805 6532  0
3147 3146 8229 8300  0
6622 7850 8178 8355  0
7625 7626 7651 8159  0
3281 3284 3711 3280  0
6927 6928 6953 8013  0
7728 7775 7842 7886  0
910 888 909 8431  0
2606 2571 2570 8111  0
7708 6554 5648 5647  0
1840 1825 1839 7918  0
3316 8287 5375 4392  0
1374 8079 1375 8164  0
8000 3529 3535 2712  0
309 232 291 292  0
7879 7737 7717 7676  0
261 309 291 308  0
7750 616 684 615  0
8393 158 98 121  0
106 115 92 114  0
8120 5920 5944 8350  0
297 7909 263 344  0
5413 7891 8139 8224  0
7469 7537 7536 8441  0
1833 1848 1849 8073  0
5041 5028 5042 8244  0
2401 2402 2366 8332  0
309 232 310 279  0
8265 6133 6114 6113  0
731 8402 1027 1028  0
7888 5513 5512 5535  0
4702 8225 4660 7716  0
7425 7424 7355 7972  0
1963 1947 1946 8269  0
7845 7494 7425 7424  0
2037 3324 7693 8287  0
8238 7730 5739 7969  0
2701 2733 2734 8172  0
6454 7895 6442 8395  0
4031 4369 4371 4372  0
7690 6111 6110 6131  0
3192 7895 8045 8390  0
2413 7878 1530 3437  0
7441 7371 7372 7983  0
885 8248 886 7839  0
7633 7632 7778 7896  0
6664 7764 8089 8159  0
2699 8172 8134 7915  0
3248 4341 3252 4342  0
2193 4447 4060 2160  0
7855 7802 8017 8317  0
7270 7340 7339 7741  0
2324 7911 7836 2323  0
1242 1243 1026 7859  0
2594 2559 2558 7996  0
7857 8317 7684 8223  0
4993 5006 5005 8326  0
5074 5061 5075 7940  0
2019 2002 7709 8139  0
2410 3432 2412 8367  0
8208 3379 7679 8214  0
1649 1640 1639 8346  0
3435 7804 7939 8418  0
7956 3353 3348 3354  0
23 29 47 46  0
5006 4993 8203 8326  0
940 902 901 8125  0
409 802 408 8375  0
7773 7724 7947 7911  0
46 29 6 23  0
3530 4228 4227 4790  0
2077 2049 2048 8065  0
3090 3627 3089 8382  0
3546 2805 2786 7871  0
3943 8358 3614 8185  0
7869 515 572 571  0
4202 7892 3863 8426  0
1009 7912 1225 1226  0
6254 6235 6236 7689  0
6240 6222 7876 7970  0
5565 5585 5584 8323  0
4132 3418 8053 8207  0
3577 3922 8148 8212  0
6317 6318 6332 8347  0
7437 7862 7504 7942  0
88 110 75 37  0
88 111 75 110  0
3236 4327 7725 7940  0
1534 8276 1533 2422  0
6830 6831 6864 8145  0
6458 6445 6446 7840  0
5816 7996 8351 8051  0
8252 3009 7901 2993  0
76 79 58 8361  0
1962 7872 1961 1978  0
4064 2227 4463 2194  0
3867 7842 3501 3497  0
1357 7835 1164 8345  0
2204 7707 7831 8260  0
5304 5303 5283 8407  0
8415 351 745 7948  0
5037 5023 7957 8035  0
819 7924 7929 8066  0
7100 7169 7168 7761  0
47 66 13 46  0
4093 4094 4540 7973  0
7135 6794 6795 7958  0
3001 3000 3017 7815  0
5192 5208 5191 8010  0
7636 7610 7611 7994  0
6380 8194 6379 6364  0
4363 5272 5271 8182  0
1598 7982 8264 8362  0
5206 5190 5207 8242  0
8023 5527 8110 5504  0
6705 7879 6704 7069  0
7078 7764 6665 6664  0
3272 8059 7931 4355  0
7597 8257 7034 8228  0
3752 8427 3374 3753  0
6067 6066 6045 8064  0
2566 2565 7767 7927  0
1237 1428 1429 7937  0
5594 4516 4517 7934  0
3993 7695 3994 4303  0
7045 7046 6670 7999  0
3476 3847 3848 7894  0
697 651 650 8036  0
8108 7655 7774 7838  0
3438 3814 3439 8108  0
38 37 75 56  0
6422 8229 4908 3972  0
7700 2322 7836 7911  0
7594 7533 7595 7783  0
488 7827 487 542  0
6167 6149 6168 8033  0
2278 7926 2279 8098  0
121 8393 144 120  0
5045 5032 5046 7940  0
7768 6305 8184 8400  0
5025 5026 7957 8244  0
8223 604 672 603  0
4630 8129 7903 4631  0
3719 8095 3298 3295  0
511 565 566 8174  0
409 465 466 8375  0
2292 2255 2291 8333  0
4559 5668 5667 7829  0
2551 4700 4699 4718  0
7040 7041 7078 8159  0
7284 7220 7285 7972  0
8194 6332 6333 8347  0
7726 7804 7939 8385  0
7237 8320 7236 7755  0
7803 1376 1375 1183  0
8158 3266 4352 3263  0
2056 2086 4407 4056  0
20 66 21 87  0
7652 8088 8162 8236  0
5031 5045 7725 7940  0
6551 6804 7921 8433  0
4498 8406 3739 4480  0
744 7948 8415 745  0
1309 2397 1308 7738  0
2140 2141 7891 8048  0
3121 3133 3122 8194  0
7723 893 8174 872  0
4593 4594 4603 8137  0
7520 8246 7519 7452  0
5484 5506 8110 8283  0
6989 6988 6976 7696  0
1554 7892 8156 2460  0
5145 5163 5162 8158  0
8152 7859 1432 8131  0
7668 7786 7809 7928  0
3273 3270 3708 4356  0
7814 7654 7745 7713  0
4486 4487 4502 8333  0
1014 1231 1015 8012  0
2483 1607 1606 7770  0
6459 6463 5571 8031  0
317 316 285 8436  0
383 777 382 7812  0
2404 3425 1520 8210  0
3106 3107 3094 7989  0
5444 5423 8291 8348  0
5524 8098 5547 5546  0
2286 2324 2287 7836  0
3133 3122 8194 8300  0
5722 8178 8243 8355  0
6776 6520 6777 7847  0
3233 1710 3236 4007  0
696 695 992 8036  0
5129 5128 8150 8158  0
2075 2074 2106 8241  0
6498 6499 7945 7973  0
659 591 590 7910  0
6007 7919 6030 6029  0
1915 1898 7931 8309  0
7303 7304 7373 7983  0
7026 7823 8409 6658  0
3529 3887 7968 8000  0
7883 5025 5011 7957  0
6451 7895 8390 6440  0
1432 1616 1433 8152  0
1558 2447 1559 7908  0
6790 8123 6791 7120  0
8305 3967 4906 4909  0
3482 7961 8237 8419  0
1317 1316 1110 7851  0
2237 2272 8260 8323  0
7745 7654 7763 8257  0
7709 5369 8139 8374  0
6864 6831 6865 8145  0
5307 5325 5306 7858  0
8225 7818 8205 8068  0
2515 8205 2514 7716  0
2703 8039 2670 8274  0
6869 7880 6894 8057  0
5206 5207 5224 8389  0
1959 1943 1942 8383  0
8386 3917 3566 3916  0
2027 4394 4380 4379  0
3198 8270 3677 3209  0
3198 8270 3199 3988  0
3303 3304 3299 8095  0
173 189 149 217  0
8369 6770 6514 8042  0
4308 4307 3997 4313  0
7742 7209 8169 8413  0
8064 6067 8341 8420  0
5599 5579 5600 7860  0
1174 939 7678 8125  0
431 367 7827 7992  0
26 33 9 43  0
4103 4550 4549 8280  0
621 565 564 8174  0
6290 6305 6289 8400  0
4125 4126 8042 8061  0
5055 5069 7971 7981  0
2518 7842 8364 3498  0
5968 5991 6013 8272  0
7257 7192 8038 8256  0
7799 7837 7860 8268  0
3406 3405 2384 8314  0
684 7750 615 683  0
53 65 20 54  0
4722 4721 4703 7716  0
7877 7698 8061 8167  0
2743 8188 2742 8350  0
4739 7716 3878 2591  0
7166 7294 7165 8030  0
6303 6288 6304 8184  0
1077 1076 777 7812  0
8167 1097 795 794  0
4525 2333 2334 8289  0
3466 3839 7950 7980  0
8427 3374 3753 8097  0
1193 8412 8116 978  0
2029 4397 4382 4396  0
554 500 499 7791  0
2143 2175 2144 7893  0
8016 1786 1785 1771  0
3363 4076 3739 3743  0
6839 7163 7162 7958  0
7679 7682 8317 8328  0
8400 4892 6324 6323  0
2581 2544 2580 8429  0
5616 6499 6498 7973  0
3482 3481 7961 8419  0
3698 4341 3252 3248  0
4119 4120 4580 8162  0
7949 7681 7889 8097  0
5513 5536 5535 7888  0
1502 1309 1320 7738  0
2822 2801 8107 8120  0
4200 4688 4201 8426  0
7292 7291 7225 8004  0
4200 4201 3861 8426  0
6813 8236 6559 8359  0
1049 750 1050 7787  0
2964 2963 2980 8109  0
3293 1970 3717 8200  0
8243 8068 8225 8163  0
1689 1690 1678 8035  0
713 712 1009 8087  0
7775 7996 7985 8115  0
1273 1274 1464 7911  0
56 111 75 38  0
125 173 124 189  0
5838 5862 5861 8134  0
98 122 121 135  0
1143 8385 1137 7939  0
798 735 7898 8284  0
4458 2188 2189 8333  0
7667 7710 8030 8230  0
6813 7140 7914 6837  0
1701 1712 1713 8035  0
747 1046 7948 8365  0
4884 7970 8104 6276  0
6507 5624 7653 8101  0
3230 8326 3689 3231  0
6312 6328 6327 8382  0
5954 5953 5932 8189  0
3387 3763 3386 7887  0
1366 1170 1365 8099  0
3040 3041 7685 8290  0
7939 1146 1141 1147  0
2547 4714 4715 8310  0
2424 3460 3443 7878  0
5398 5399 5420 7693  0
3038 3053 3039 8288  0
737 1037 8284 8342  0
5616 5615 4540 7973  0
2831 2813 7714 7906  0
650 649 696 8036  0
2291 4502 4503 8333  0
6491 6473 6474 7702  0
1434 1243 1242 7859  0
1863 1848 1847 8073  0
7791 7719 7846 7904  0
5661 7923 8369 8427  0
6798 8199 6544 6825  0
6737 6738 6814 8376  0
5174 7785 8010 8242  0
7797 471 8250 8415  0
7228 7229 7298 8071  0
412 8250 7987 468  0
1795 1810 1796 7824  0
8118 7723 854 8251  0
1263 1264 7920 8181  0
6212 7901 8082 8252  0
5814 5796 5797 7996  0
5818 7861 5800 5801  0
588 587 656 7786  0
5753 6649 6650 8340  0
2065 2064 2095 8349  0
1073 8176 774 1074  0
4960 7841 4973 4972  0
2706 2707 8026 8428  0
1873 1888 1889 7865  0
5383 5384 5405 7907  0
7888 2232 7978 8037  0
3424 3801 4139 8053  0
5091 5090 5076 8016  0
1472 1038 1474 8097  0
939 1173 7678 8080  0
7832 8098 2207 8048  0
4101 3767 3768 8280  0
7882 7754 8151 8231  0
1008 1009 8087 8179  0
3893 4229 3531 8435  0
2066 2065 3321 2036  0
7086 7148 7085 7945  0
2325 7911 7934 2324  0
1154 923 1153 8021  0
2068 7666 7693 8348  0
8363 7801 7750 7676  0
6938 6912 6913 8127  0
4141 7655 4138 7962  0
5948 5947 5926 8370  0
4710 5755 7896 8335  0
8132 6744 6820 6821  0
3023 7901 3038 3024  0
1985 2003 8200 8271  0
2604 2603 8003 8397  0
2430 1539 2423 8276  0
7867 8020 8081 8091  0
1321 7738 1503 1320  0
7837 6781 6780 8029  0
347 742 741 8153  0
6296 7884 6297 6313  0
3277 4359 3709 4026  0
4900 6368 4278 8300  0
4187 4674 8103 8106  0
5015 5016 7725 7811  0
5120 5105 5121 8016  0
528 7670 529 474  0
3025 3010 3024 7901  0
1238 1022 1021 7937  0
7894 3474 8315 7997  0
7184 7185 7249 8060  0
1891 1908 1909 8227  0
4355 8059 7931 5196  0
750 8365 749 7787  0
7216 7215 7653 8312  0
7946 7749 8259 8404  0
8382 6328 7747 7884  0
4355 3707 4358 5214  0
2522 2523 1587 8115  0
846 7839 8357 845  0
111 8393 133 134  0
764 765 1064 7947  0
8044 7749 7807 7691  0
3926 8148 8212 4854  0
2126 2127 2095 8349  0
7740 1383 1190 7941  0
7219 7284 7283 7972  0
4390 3321 4050 8349  0
4327 4324 4007 5017  0
7693 4434 4419 3334  0
1771 1772 1758 8016  0
6153 6131 6132 8265  0
4208 3842 4181 8311  0
1293 1294 2362 8261  0
3322 4391 3316 3724  0
4343 5125 5126 5109  0
6098 6118 7789 6119  0
7808 7743 8137 8233  0
2985 2986 8105 8299  0
5483 5504 5482 8110  0
3318 1989 3304 8287  0
863 884 864 8222  0
3082 3097 3083 8347  0
6505 8219 8018 5622  0
693 692 989 8391  0
6236 6237 7689 7815  0
5533 5534 5557 8406  0
3277 4026 3709 3710  0
7684 8058 7770 7699  0
383 778 777 7812  0
6338 6322 6323 7756  0
6312 6311 6295 8382  0
1896 1895 1913 8059  0
1730 1741 1742 7981  0
5 28 11 10  0
3292 3295 3296 8095  0
7389 7319 8046 8399  0
7712 7803 7908 8285  0
2448 3450 7908 8285  0
5218 8015 8005 5219  0
4020 8150 3263 3702  0
2639 2674 2640 7864  0
349 8153 743 348  0
4731 4732 4748 8429  0
3273 4356 3708 4024  0
1026 1025 1242 7859  0
5387 7709 5408 8138  0
1951 8271 1952 8182  0
8086 7671 8116 8412  0
7740 965 964 7853  0
2998 7848 8002 8211  0
6159 6179 7736 7848  0
1914 1915 7931 8269  0
4563 4597 4596 8056  0
7168 7169 7233 7761  0
7829 7820 7826 7726  0
7489 7556 7488 7952  0
5325 5306 7858 8356  0
3506 3505 2614 2615  0
1332 1334 1511 7938  0
6422 8229 3972 8024  0
7162 7223 7135 7958  0
7220 7820 7132 7133  0
7832 7852 8031 8281  0
7561 7494 7562 7979  0
1417 8264 1416 1600  0
939 940 901 8125  0
2536 7759 8264 8343  0
3994 4304 7695 8346  0
5604 7988 5605 6479  0
414 470 471 8415  0
8087 7654 8179 7912  0
5341 5321 5322 8136  0
7100 6771 7101 7761  0
5603 6478 6477 8170  0
7843 2563 2564 7861  0
7659 8024 6393 6392  0
2241 2276 2277 7832  0
1959 1941 1958 8366  0
7722 7665 7921 7951  0
3420 7655 8337 7772  0
1594 2530 7867 7927  0
4498 4480 4481 8406  0
3614 3618 3615 8358  0
1390 8070 1198 8324  0
5520 5497 5498 7707  0
4731 4730 4714 8429  0
7282 7674 7845 8312  0
1860 1845 1844 8010  0
5421 5441 5420 7693  0
3665 3661 3660 8305  0
3755 7799 3756 4088  0
2868 2869 2851 8064  0
7105 7847 7106 8100  0
6908 6935 7661 7718  0
2028 4396 4381 4395  0
2695 2727 2728 8373  0
7716 8205 8225 8243  0
3429 7804 3431 3806  0
1725 8255 7991 1724  0
1433 1434 1242 7859  0
3171 3654 3170 8394  0
2273 2311 2274 8096  0
794 793 849 8167  0
1456 1455 1265 7944  0
6987 7696 6624 7850  0
8173 2064 2094 2063  0
6973 6951 6974 7850  0
2059 2090 2060 8354  0
6064 6041 6042 8294  0
5337 5338 7680 7701  0
6661 8409 6660 7028  0
2233 8037 2268 8154  0
528 7670 8226 529  0
5591 6473 5573 7836  0
3113 3639 3643 7788  0
2997 3014 2998 8002  0
7830 7810 7929 8345  0
5440 5418 4393 8384  0
8361 55 76 48  0
3145 3132 3131 8194  0
1089 1500 1088 7784  0
2025 3305 2024 8224  0
2525 1589 2524 7843  0
8262 3743 3748 4079  0
5016 5017 5030 7725  0
5492 5491 5469 7849  0
7770 2541 2579 8058  0
4154 4156 4624 8418  0
7087 7150 7945 8006  0
2856 2875 2857 7919  0
1636 1645 7695 8209  0
2383 1297 1298 8314  0
7194 7663 8038 7126  0
2719 2751 2752 8401  0
4928 4298 4929 8270  0
5216 5215 7782 8126  0
4863 4860 3928 8372  0
7762 7543 7476 7475  0
7820 7686 7674 8076  0
750 8365 7787 1049  0
8386 6013 6012 6034  0
2121 2089 2120 8354  0
7731 1100 1307 7744  0
5664 6523 5663 7860  0
3277 4026 3710 4361  0
2238 2237 2273 8260  0
6438 8045 8305 6425  0
4997 8035 7883 5010  0
3388 2356 2357 7902  0
7753 8230 7708 7657  0
1375 1183 1182 8164  0
8115 2558 2521 2559  0
6822 6823 7130 7724  0
4002 8270 3683 3216  0
6724 6725 8003 8020  0
3116 3127 3128 7747  0
4069 4465 3346 4449  0
408 801 8011 8342  0
4483 4468 4484 2218  0
3274 4359 3709 3277  0
7265 8067 7264 8304  0
2743 8188 2710 2742  0
6798 8199 7829 6544  0
3351 4464 4068 4064  0
5868 5869 5893 8026  0
6238 6221 6239 7970  0
7240 7309 7239 8014  0
1827 8242 1842 1843  0
509 508 563 8124  0
3294 4033 3719 4374  0
4376 4374 4377 4043  0
8424 8093 7922 449  0
6365 6364 8194 8229  0
8015 5274 5275 5256  0
4469 2186 4456 2187  0
7909 345 297 264  0
5351 5350 5331 8374  0
43 26 32 9  0
4421 8283 8110 3731  0
1583 8168 1400 8364  0
6584 6585 6835 8057  0
263 7909 264 325  0
2546 2506 2505 8310  0
5315 5335 5334 8095  0
8013 7850 7665 7696  0
2429 2428 2465 8129  0
7121 7190 8123 8256  0
1596 8362 8421 7982  0
4568 7932 5638 5637  0
4449 3735 3346 4069  0
7431 7500 7430 7734  0
344 297 311 263  0
2590 4721 2553 4720  0
4840 8401 4839 4826  0
4532 4082 4083 7722  0
7461 8296 7462 7856  0
6250 6232 7685 7901  0
5559 8037 5560 5579  0
8190 4899 6384 8306  0
5667 5668 6543 7829  0
4655 4654 8129 8440  0
8093 505 449 506  0
1673 1663 1672 8275  0
953 622 621 8174  0
2797 8175 2768 7656  0
2435 2436 8022 8205  0
6810 8162 8292 8334  0
6234 6235 6253 8002  0
7805 7822 7700 7711  0
4832 5945 5946 8350  0
4407 4394 4408 2057  0
7931 1913 8055 8059  0
7549 7703 7994 7548  0
388 8124 8258 8417  0
2630 2631 2595 8051  0
6072 6071 6050 8212  0
4321 4977 3223 3220  0
3721 3315 2035 4046  0
3444 7903 8273 2426  0
3207 1632 7825 8346  0
112 57 98 135  0
2800 2799 2820 8175  0
842 843 787 8321  0
910 889 888 8431  0
3472 7997 3473 2485  0
642 643 8149 8344  0
8109 6116 6117 8297  0
4337 4011 4336 4333  0
7762 7684 7778 8220  0
704 7809 703 1000  0
7708 6554 6807 8334  0
7660 5864 5865 5841  0
30 22 36 12  0
1607 2483 2484 7770  0
689 621 8084 8174  0
4467 4468 4483 2218  0
2744 3530 2745 2713  0
3238 5048 7991 8326  0
4467 2184 4454 2185  0
8030 6856 8292 8334  0
7538 7600 7599 8257  0
2225 4462 4475 4476  0
2152 2186 4454 2185  0
7961 3481 8152 8419  0
6484 6485 6527 8376  0
6203 8299 7876 6221  0
2714 4807 2747 2715  0
2086 3732 4056 3332  0
3326 4394 4056 2056  0
274 245 229 275  0
22 24 30 41  0
5891 5892 7656 8274  0
1055 7944 1266 8181  0
27 44 9 26  0
1430 1614 1431 8131  0
8028 1192 977 8086  0
4467 4452 4453 2184  0
4312 3208 4000 3997  0
4333 8326 3238 3237  0
3209 4308 3677 3997  0
7659 3144 8194 8229  0
250 238 221 222  0
4438 2151 4453 4437  0
7426 7427 7496 8155  0
4030 8368 4031 3716  0
1412 1413 1221 8362  0
7839 8431 7712 8248  0
3732 3332 2086 3338  0
6885 8127 6886 6912  0
7805 7836 8192 8217  0
2056 2057 4407 2086  0
3689 4328 3230 4008  0
684 7750 730 8363  0
181 182 193 211  0
145 8393 185 144  0
7054 8360 7055 6690  0
2087 2086 4407 2057  0
47 23 13 40  0
3227 7715 4323 4990  0
7940 3236 3240 1722  0
7123 7124 7192 8256  0
2153 4455 4454 2186  0
2119 4423 4436 4437  0
7704 8166 7904 7719  0
2299 2263 2264 2300  0
7560 7622 7621 8286  0
2223 2257 4473 8333  0
6953 6976 6975 7696  0
2003 2002 8139 8271  0
3747 2252 4077 3366  0
2153 2186 4454 2152  0
1809 1810 1795 7824  0
5043 7981 5058 5057  0
106 92 83 8361  0
3310 4038 4382 4383  0
4128 4129 4591 8207  0
6854 6879 8230 8334  0
7702 7700 7805 7836  0
4341 8336 4342 4344  0
2297 2261 4494 2298  0
1892 1893 1876 8063  0
4410 4409 4397 2058  0
4385 8354 4384 2031  0
7242 7177 7178 8029  0
3338 2087 4059 2118  0
3306 4035 4049 3307  0
2026 4394 4053 3326  0
2033 8173 2062 2063  0
7088 7151 8006 8413  0
1520 3425 2406 8210  0
4396 4409 4408 2057  0
2326 2288 3372 2289  0
1671 1661 7825 8275  0
5920 5898 8188 5897  0
7483 7777 7551 7550  0
609 7719 677 678  0
2011 2039 2040 7666  0
4488 4487 4472 8333  0
3347 3348 8348 8406  0
7883 5013 5000 5012  0
2722 4783 4799 8435  0
4835 4245 3551 3552  0
2439 8197 1548 2438  0
4760 4791 3524 4792  0
3726 3320 4052 2026  0
7368 7438 7437 7862  0
3646 8190 3647 8306  0
1462 7700 7773 7911  0
1485 7938 1510 1486  0
6819 7663 8180 7127  0
2097 8349 8443 4054  0
7797 7728 7813 8036  0
473 528 474 8226  0
574 518 8011 8149  0
2789 2790 2760 8177  0
1004 1005 708 8047  0
5211 5212 5229 8059  0
83 92 71 8361  0
7746 8343 2645 7968  0
3781 3402 3403 8113  0
7799 7720 7837 8268  0
44 33 43 63  0
4483 2252 4077 3747  0
7156 7653 7157 7214  0
1978 1960 1977 7872  0
1232 1016 1015 7925  0
1225 7912 1417 1226  0
1431 1239 1430 8131  0
1456 1455 7944 8331  0
5426 5447 5446 8291  0
2646 7968 2645 2680  0
1222 7713 1223 1006  0
178 219 149 218  0
217 216 200 172  0
4809 4795 2717 4794  0
7993 8123 8296 8316  0
7918 1797 8090 8119  0
3003 2987 3002 8299  0
699 7732 8036 995  0
1578 1577 2503 7974  0
7206 7149 7207 7945  0
5790 5791 5809 8335  0
4108 7833 7826 4107  0
694 991 695 7813  0
5995 5972 5973 8387  0
2818 2817 7919 8319  0
1870 1886 7865 8015  0
5892 5868 5893 8438  0
3942 3943 4876 4878  0
1386 7974 1385 1577  0
5629 8076 5628 4553  0
7678 7657 8079 8164  0
3026 7901 3025 7685  0
2615 3505 4217 4744  0
7652 7914 6813 8071  0
5649 4580 5650 8162  0
4052 3726 4045 3320  0
5179 5197 4357 7782  0
2588 4719 2552 2551  0
3594 3593 8339 8372  0
2773 8188 8428 8120  0
7676 7694 7750 7859  0
5479 5480 5501 7893  0
213 196 225 8439  0
7720 7728 7729 7813  0
4998 4986 4999 7883  0
2086 3326 4056 2056  0
5753 6650 5754 8340  0
289 290 321 340  0
1979 1980 7858 8423  0
41 60 61 8361  0
1720 1708 1719 7725  0
4119 3786 4120 8088  0
209 239 221 238  0
7882 7654 7814 7713  0
2692 2693 8142 8221  0
5524 5525 5547 8023  0
4628 7903 4629 8273  0
105 104 123 102  0
4253 4847 3565 8107  0
3067 3052 3066 8249  0
4250 3915 3914 3556  0
182 181 165 154  0
7206 7741 7271 7270  0
160 187 147 146  0
6384 6385 6399 8190  0
2485 7925 1608 2484  0
2481 2480 3497 7842  0
4642 5737 5738 8238  0
8138 7709 8422 8423  0
382 7791 446 7922  0
2833 2815 2814 7906  0
4753 4771 2660 4754  0
6495 6494 5611 7679  0
2702 2668 8172 8274  0
7931 1850 3272 1865  0
282 300 313 299  0
7601 7758 8140 8257  0
3621 3625 3622 8432  0
1259 8365 1049 7960  0
2984 2966 2983 7848  0
2672 8438 8026 8039  0
3507 4214 3878 3874  0
8428 5919 8120 8188  0
2041 2042 2013 7666  0
251 223 240 239  0
289 307 260 290  0
2398 7731 1484 2397  0
396 319 8066 8436  0
7677 7930 8014 8100  0
1030 7816 8402 1246  0
4404 4417 4416 8349  0
7711 6815 6739 8376  0
4655 4697 4654 8440  0
292 263 324 343  0
7156 7995 7916 8101  0
122 136 160 159  0
5397 5375 5376 8287  0
2440 2475 3462 7800  0
7528 7779 7589 7527  0
239 269 240 251  0
80 57 112 113  0
190 125 149 178  0
4809 4822 2749 4823  0
6804 6551 6805 8433  0
221 238 220 209  0
202 179 163 191  0
2394 2396 3751 8117  0
3530 4790 2713 4228  0
2544 2543 2580 4728  0
929 930 8345 1163  0
8325 3587 2911 2929  0
4748 4765 2654 2619  0
6930 6929 6903 8230  0
6884 6885 6911 7718  0
508 452 8093 8124  0
2289 4500 2253 2288  0
3912 4247 3553 3911  0
5939 5940 5961 8442  0
3553 4837 2780 4836  0
953 689 8028 8174  0
1286 7887 2355 2354  0
251 239 268 238  0
4248 4838 3912 4247  0
6634 6998 7005 7862  0
2331 4523 4522 7875  0
4765 4748 2655 2619  0
2689 4767 8435 8437  0
5698 6604 5700 7661  0
7801 7916 7821 7834  0
6937 6911 6912 8127  0
8067 7265 7264 7334  0
528 527 584 8226  0
58 60 41 8361  0
8123 6790 6791 8191  0
4794 4795 2683 4779  0
4771 8437 2660 3525  0
4860 8372 4866 4260  0
7706 7741 7900 8317  0
138 129 139 153  0
2622 4751 8437 4734  0
4698 4697 4655 8440  0
206 177 202 179  0
2779 4821 2748 2747  0
5540 5517 5518 7831  0
7745 7867 8020 8081  0
1430 7937 8131 1238  0
1246 1437 7816 8402  0
4234 2776 4833 4237  0
2239 7832 2275 2240  0
7403 7758 7762 7473  0
331 312 332 298  0
3947 3621 3622 8432  0
3486 3485 3857 8301  0
8020 6682 8091 6681  0
30 39 36 22  0
299 298 332 312  0
211 210 240 222  0
4094 4540 7973 8414  0
211 166 194 8130  0
2431 1539 2430 8276  0
5080 5079 5065 8255  0
4023 3279 4025 8309  0
4745 3506 2616 2615  0
5657 4588 5658 8042  0
7935 6186 8033 6166  0
4737 4755 2626 4738  0
4735 4752 4751 8437  0
7657 7784 8125 8216  0
6185 7935 8299 6184  0
4753 4754 2625 4737  0
624 623 920 8392  0
6788 6787 7953 7993  0
6605 6936 6960 8127  0
7517 7516 7930 8259  0
8102 8318 7843 7861  0
319 339 320 8066  0
768 1068 1067 7855  0
4568 4569 5638 7819  0
4876 6208 6244 8185  0
205 278 204 236  0
4765 4766 2655 4749  0
2666 8172 2667 8134  0
2180 2149 8110 8283  0
5181 5198 5180 7782  0
127 151 101 162  0
4519 8056 8430 4561  0
4536 7799 4514 8262  0
3839 3466 3465 7980  0
7676 7834 7952 7995  0
4211 3874 3500 3870  0
4645 4170 7969 7980  0
7757 8074 8003 8111  0
8212 2873 2874 2893  0
8438 2769 2736 2737  0
2736 2704 7656 8438  0
1549 1367 1548 7800  0
6544 5668 5669 8199  0
817 815 8329 818  0
3491 2503 3490 7974  0
8378 2340 2342 1479  0
188 173 217 189  0
4233 3544 3537 5924  0
7775 7842 7985 8340  0
4086 8041 3754 4087  0
7019 6651 7018 8340  0
5850 8074 7968 5849  0
2459 2458 7892 8156  0
4145 7661 4147 8396  0
1005 8362 1222 8047  0
2847 2827 2826 8294  0
6592 5690 5689 7962  0
616 8093 560 8363  0
279 232 310 266  0
2254 4485 2253 4501  0
3513 3882 2626 3518  0
65 8133 53 85  0
4121 4581 4120 8236  0
1948 1932 1931 8269  0
3889 8370 4804 4817  0
680 681 612 8322  0
5170 5171 5187 8069  0
5027 5013 5014 8244  0
8249 3053 3052 8288  0
8041 3375 8427 3754  0
3123 3135 3124 8300  0
404 403 294 7909  0
2441 1551 1550 7678  0
9 26 32 8  0
113 57 135 77  0
8285 3447 2445 3448  0
240 222 194 211  0
5309 5310 7721 8182  0
1188 1380 1381 7740  0
2654 2653 4764 8429  0
4891 7752 3956 3633  0
1374 8079 1373 1553  0
6246 8082 8288 8185  0
2837 2858 2838 8148  0
8262 3365 2302 3370  0
6 23 13 11  0
5078 3245 7991 8255  0
5977 7714 8177 8189  0
2686 4782 2687 4765  0
1844 1858 1859 8242  0
5499 5476 5477 8048  0
184 8393 185 157  0
604 8223 672 8327  0
468 412 411 7987  0
4244 4835 3551 4834  0
1997 1979 7858 8423  0
5879 8221 5878 3527  0
4051 4392 3316 4388  0
7965 517 516 8234  0
3076 3624 3061 8104  0
2074 8422 8241 2046  0
4135 4134 3799 7772  0
8185 3936 3937 3606  0
5329 5328 5310 7721  0
5367 8138 5387 5366  0
4388 4376 3302 4048  0
1747 1748 3243 8016  0
3527 3883 3884 3526  0
7085 7148 7900 7945  0
7800 4176 3836 8377  0
5579 5560 5580 8037  0
4925 6455 4926 8395  0
7713 7814 8047 8362  0
7681 8320 8100 7755  0
897 7723 896 7751  0
5172 5173 5189 8242  0
3248 3244 3697 3245  0
2636 2635 2670 8039  0
8209 3214 1625 1634  0
7365 7296 7366 7942  0
1665 8203 1655 7715  0
1427 1610 1611 7997  0
43 50 8361 33  0
5812 8121 5811 5794  0
5619 7821 8018 8006  0
5617 6500 6499 8006  0
7582 7019 7018 7966  0
3750 2380 2381 8195  0
8276 2421 2427 7903  0
3358 4498 3364 8406  0
2065 2096 2066 8349  0
7141 6837 6838 7914  0
7828 6919 6944 6945  0
2638 2639 7781 8026  0
7167 7098 7099 7914  0
17 26 3 16  0
7751 7854 7892 8156  0
4607 4140 7739 8053  0
970 971 7965 8070  0
1120 877 809 8392  0
3077 3091 7884 8382  0
3265 4348 3701 8144  0
2275 2239 2274 8260  0
1085 1086 1480 8251  0
8045 6428 6427 7895  0
1944 1943 1961 7872  0
2942 8341 2941 7690  0
4417 4418 4431 8443  0
3816 4155 3442 7903  0
7228 7297 7227 8292  0
2000 1999 7709 8423  0
7709 5389 8065 8139  0
3971 3657 3180 8024  0
5795 8240 8121 7996  0
4559 4112 4128 8207  0
1052 7776 7920 1051  0
6197 6216 6196 7736  0
7640 7641 7067 7879  0
2059 2089 2090 8354  0
4387 4390 4402 8349  0
1504 1512 3417 7790  0
5001 4989 5002 7811  0
8121 4726 4725 4741  0
2870 2852 8064 8135  0
2990 2973 2972 8033  0
1352 7774 8206 1532  0
4414 4402 4415 8173  0
5550 7959 8217 8245  0
2669 8039 8274 2670  0
5045 5059 5044 7725  0
4279 6383 4900 8300  0
5571 5570 5547 8098  0
1609 1426 1425 7997  0
2052 7891 2051 2081  0
7846 7706 7694 7821  0
7509 7730 7510 7571  0
1039 1474 8342 8371  0
5683 7932 5682 5638  0
988 989 692 8391  0
6397 8190 4901 4904  0
7694 8103 7777 7894  0
450 8093 449 506  0
6488 6487 6471 8245  0
3617 3613 4266 8358  0
5231 5248 5230 7931  0
5293 5274 5294 8368  0
8121 3875 4725 3508  0
1314 1313 1107 7963  0
8074 8003 6726 8253  0
4304 4935 7695 8346  0
7803 885 884 8222  0
1664 1665 1654 7715  0
8083 5782 5783 6673  0
8209 3214 1643 8270  0
6140 7789 7848 8109  0
6083 6104 7890 8052  0
2760 8177 8189 8373  0
2672 8438 2671 2705  0
4614 5690 5692 7661  0
640 970 971 7965  0
465 519 520 8375  0
1460 1459 1269 7913  0
7662 7076 8159 7979  0
5003 4324 7725 7811  0
4212 8311 3871 4208  0
3411 3790 3789 7687  0
7403 7404 7762 8067  0
6781 7837 6780 6524  0
1230 1421 1422 8012  0
2012 1993 7666 8136  0
1610 1426 1609 7997  0
5776 7764 7897 8426  0
1910 8383 8227 1926  0
7959 2211 8023 8110  0
859 858 879 8216  0
7951 6799 6846 6800  0
6789 6788 7953 7993  0
5534 5511 7956 8406  0
5115 7664 5100 5116  0
2524 7735 7843 1588  0
7838 1348 1349 1528  0
1594 8307 8421 1410  0
6450 6451 4921 8390  0
6112 6133 6132 8265  0
5961 5983 5960 8319  0
5985 8175 7919 5984  0
8406 5486 3346 4465  0
7473 7403 7404 7762  0
3821 7667 4161 8285  0
3975 3973 4284 3663  0
5752 5751 7866 8311  0
7799 7889 8041 8371  0
4856 4255 3924 3923  0
5064 5079 5078 8255  0
2707 2674 8026 8188  0
4373 8224 5353 8200  0
7794 7875 7808 8204  0
572 640 641 7965  0
7888 5534 7956 8406  0
4030 8368 3716 3286  0
5093 8147 4340 5109  0
1272 7911 1273 1463  0
1073 1284 1283 8193  0
3083 3069 3082 8290  0
3467 3468 2476 7950  0
4547 8280 8219 4101  0
3370 7964 2302 8262  0
5798 7996 5815 5797  0
6707 5767 7737 8122  0
5286 5306 8055 8269  0
782 388 8258 8417  0
1084 784 8118 8258  0
7998 8046 8316 8060  0
3082 3096 3097 8347  0
2030 8354 2059 2060  0
2892 2891 8054 8135  0
8021 629 925 924  0
4662 4663 4705 8178  0
3753 3375 3754 8427  0
4652 4651 4630 8273  0
7686 8251 8261 7833  0
800 8234 406 8011  0
639 7965 7869 8070  0
5173 5172 7785 8242  0
5340 5360 7680 8136  0
6782 6781 7837 8029  0
7745 7683 8081 8161  0
8384 7893 5438 8196  0
7181 7873 7936 7112  0
6193 8252 6174 6175  0
4260 8372 3593 3589  0
1219 7814 1002 8307  0
3414 2393 2394 8117  0
3700 8336 4018 4346  0
7630 7631 7057 8220  0
2552 2589 2553 4720  0
2754 2753 2785 8401  0
2147 2179 2148 8110  0
3460 2461 3459 7878  0
7391 8046 7460 7390  0
1449 7943 1258 7960  0
2771 2738 2770 8428  0
8377 4632 4158 7817  0
4472 4487 4471 8333  0
5455 5456 5477 7891  0
1832 1833 1818 8144  0
3435 7804 3433 7939  0
7765 7357 8267 7427  0
1679 1668 1667 7841  0
1253 1252 8008 8378  0
1052 753 1053 7899  0
6956 8230 7710 7905  0
2413 1345 1525 7939  0
7978 5537 8037 8154  0
6945 6946 6968 7828  0
5138 8119 5122 7692  0
8141 5656 8042 4586  0
4171 4204 4648 8019  0
8351 8051 5818 5817  0
4657 4658 4700 8225  0
4429 2125 2156 8173  0
7734 7500 7765 8298  0
5724 5725 4664 8178  0
8177 2808 2827 8387  0
4092 3758 7973 8214  0
3954 4889 3953 4273  0
6178 6195 6177 7736  0
5515 5493 5516 7978  0
7072 6707 7071 8122  0
7097 6765 7131 7674  0
4429 4416 4430 8349  0
707 7814 1004 8047  0
7452 7453 7966 8025  0
5329 5311 5330 8271  0
6924 6925 6950 8278  0
4252 8386 3920 3570  0
5181 5165 5182 7782  0
1192 8028 976 1032  0
3368 3369 3363 8262  0
7846 8017 8193 8198  0
6470 6486 6469 8263  0
3932 8339 4866 4868  0
3122 3123 8347 8300  0
7897 7044 7045 8298  0
6149 6168 8033 8352  0
887 7839 8431 867  0
7079 6747 7080 7724  0
4427 4413 8173 8354  0
2646 8343 7746 2611  0
3919 3920 4851 4853  0
6768 6838 6837 7914  0
7704 7694 7937 7719  0
1864 3269 1849 8073  0
7022 7954 7585 7586  0
5112 5128 5127 8150  0
7517 7578 7516 8259  0
2727 2760 2728 8373  0
2939 2957 2940 7673  0
789 844 7839 8321  0
4364 8126 5253 3281  0
5936 5957 5935 7771  0
6464 7805 6472 8245  0
71 70 51 8361  0
8392 626 392 8021  0
2251 2250 7836 8157  0
8003 7757 8020 8253  0
6022 8294 7714 6043  0
8179 1415 8264 8362  0
4834 4821 2778 4820  0
3938 3604 3941 8352  0
7663 6820 8180 7127  0
1837 1852 1838 8005  0
898 8392 1144 919  0
4608 5685 5689 7962  0
1053 1052 7899 8181  0
7785 1800 1801 1815  0
3625 3621 3951 4269  0
7620 7646 7645 8122  0
303 286 285 8436  0
336 302 335 8436  0
5528 8110 5505 8283  0
6087 8420 6067 6068  0
6238 7815 6237 6220  0
3661 3170 8305 8394  0
7282 7217 7674 8312  0
578 577 646 8391  0
4173 8019 7878 3833  0
2454 2453 3456 8078  0
3953 8400 3957 4273  0
89 111 38 88  0
4890 8306 4274 3637  0
6834 6868 6867 8057  0
135 8393 158 98  0
3934 4261 3931 8265  0
7727 7740 8078 8186  0
15 25 2 8  0
4147 7661 8367 8396  0
686 733 8084 8402  0
6171 6152 4867 7690  0
3042 3056 3057 7685  0
2376 2337 7819 8239  0
110 86 109 8133  0
1600 1599 2535 8264  0
7492 7845 7979 8286  0
6644 7012 7946 8143  0
2439 8197 7800 1548  0
44 45 34 64  0
6314 6298 6315 7884  0
1321 1119 1335 7790  0
7407 7793 8027 7406  0
4833 3907 4242 3549  0
6121 6122 8105 8235  0
7704 7846 7694 7719  0
6431 7792 8395 6417  0
8240 5858 5857 8142  0
7900 6497 7973 8328  0
1730 1718 1729 7981  0
6309 3629 4272 4885  0
8264 7745 8362 7982  0
5532 7836 5556 5555  0
53 64 35 65  0
1497 3402 2381 8195  0
7214 7279 7278 7995  0
7355 7425 7972 8267  0
767 768 1067 7855  0
8276 2427 8129 7903  0
1804 4017 3258 8144  0
6745 6744 6534 7702  0
60 81 82 8361  0
6331 6316 6332 7989  0
5205 5204 5188 8069  0
6429 6416 6430 7895  0
660 592 591 8231  0
6141 6160 6140 7848  0
3750 3373 2379 7722  0
6409 4908 6410 6422  0
6315 6330 7884 7989  0
7812 2355 7887 7902  0
5496 5497 5519 7707  0
7441 7509 7955 7983  0
3762 3761 7887 8414  0
7705 4655 7975 8129  0
3805 7655 3803 8396  0
6014 6013 8272 8386  0
6686 6687 6718 7757  0
1118 1103 1117 7738  0
7420 7419 7350 8312  0
6952 6926 8013 8278  0
3945 4877 3944 4267  0
695 649 648 7813  0
2117 2116 8110 8384  0
4270 7970 4268 3949  0
2379 1494 1495 7722  0
2558 7985 2593 7996  0
4194 4682 4195 8301  0
8106 7894 4187 4186  0
1118 7868 1117 1132  0
6220 6201 6221 7815  0
3934 7690 3935 4262  0
4883 6278 6277 8432  0
8349 4444 8443 4430  0
2533 1597 2532 7982  0
7877 3413 3414 2392  0
2335 2334 2374 7819  0
6302 6287 8184 8290  0
7701 1953 1954 1971  0
7314 7244 7936 8025  0
5171 5154 5155 8119  0
8255 5096 5097 5082  0
7893 5437 5438 8196  0
138 150 148 128  0
3972 8024 4910 6422  0
4566 4524 4525 8289  0
5840 5839 5819 7660  0
6089 8341 6109 6088  0
5317 5299 5318 7675  0
7880 8380 7951 7963  0
7467 7763 8441 7783  0
6597 6859 6598 7661  0
7110 7109 6780 8029  0
30 41 48 39  0
7937 1427 7997 8166  0
379 443 7791 8198  0
6285 6267 6286 8290  0
3750 4083 7722 8195  0
8301 8062 4196 3857  0
4299 8209 8270 3990  0
118 117 95 8133  0
7638 7639 7777 7613  0
2008 1991 1990 8287  0
3384 3760 3383 8416  0
413 469 470 8250  0
8438 2672 2671 8039  0
2901 2920 2902 8052  0
6421 6420 6408 8024  0
7667 7657 7905 8230  0
3826 3451 3825 8186  0
7279 7348 7278 7995  0
3078 3077 3091 7884  0
4158 7688 4634 4159  0
3284 5253 4367 8368  0
2834 2855 8135 2854  0
3253 3699 3256 8336  0
1855 8069 1872 1856  0
7728 7720 7837 7873  0
6727 6726 6717 8253  0
8290 7768 3084 3071  0
412 468 469 8250  0
5930 5929 5906 8373  0
7002 7045 7044 8298  0
7880 7665 7951 8278  0
4764 4781 2685 2653  0
1397 1398 1206 8165  0
1038 1037 738 8342  0
2230 3360 2265 7888  0
7242 7243 8025 8029  0
5470 5447 7760 7849  0
1730 1731 7981 8171  0
13 40 20 66  0
7810 7818 7794 7828  0
4165 4166 8186 8338  0
8008 7720 8153 8415  0
5677 4593 5678 8137  0
6102 6082 6103 8235  0
56 134 98 97  0
2431 2430 2466 7705  0
26 44 9 33  0
908 907 946 8248  0
7706 7900 7945 7973  0
2578 2577 2613 8058  0
3025 3040 7685 7901  0
7620 7621 7646 8122  0
1783 1784 1769 8090  0
916 957 917 8116  0
7519 7520 7581 7966  0
4160 4161 3821 7688  0
2363 2364 3395 8261  0
6723 6722 6691 8360  0
1228 1419 1420 8094  0
7985 7842 7990 8340  0
7726 7868 8385 7751  0
7521 8303 7453 7454  0
5534 5511 5512 7956  0
135 158 121 98  0
7654 7758 7763 8257  0
8430 8333 2291 4503  0
7729 7813 8165 8391  0
4290 8390 4289 4920  0
3075 3060 7689 8104  0
8046 7391 7460 7856  0
7541 7474 7542 7762  0
2016 2015 8422 8423  0
3982 8390 3981 4292  0
8343 8302 7968 7746  0
2074 8422 2045 8241  0
1217 1000 1216 8307  0
3959 4897 3960 4274  0
8162 8030 7708 7753  0
46 29 11 6  0
7752 7788 6355 8306  0
5154 5171 5170 8119  0
1216 1000 7809 8307  0
5426 5446 5425 8291  0
620 689 621 8084  0
4434 3335 7693 8348  0
8136 8366 8407 7872  0
215 214 243 8439  0
297 7909 264 263  0
8080 8125 7657 7678  0
6509 6764 7653 7674  0
1448 1447 1257 8266  0
5820 7861 7660 5819  0
7423 7492 7422 7845  0
3483 2496 2495 8237  0
3031 3017 3016 7815  0
111 75 110 8133  0
1024 1023 1240 8411  0
228 199 200 8439  0
8437 3531 3888 4786  0
1437 1438 1246 7816  0
2140 7707 7891 8034  0
6441 6442 6453 7895  0
1884 1901 1885 8015  0
7025 7024 7588 7823  0
5775 4688 4687 8426  0
1712 1700 8035 1701  0
6041 6020 6042 8294  0
622 8412 914 8174  0
1456 2315 1455 8331  0
5673 5672 4597 7808  0
2761 2790 2791 8189  0
1073 8176 8193 774  0
1467 2391 1305 7877  0
8007 7658 8140 8360  0
878 7885 8080 8216  0
8150 8158 4352 3263  0
4874 3940 3945 8033  0
1268 1057 1058 7913  0
974 1030 975 8028  0
5952 5953 8177 8373  0
5618 6501 6500 8006  0
478 7787 421 7786  0
71 63 84 8361  0
7820 8155 7972 7662  0
7846 7973 8317 7706  0
8434 4533 4087 8427  0
1141 1136 7868 7939  0
2818 2817 2836 7919  0
7732 8036 7668 7928  0
3227 4990 4326 7715  0
8437 2690 3531 8435  0
1863 1879 1880 8059  0
3565 4251 3904 3561  0
3498 7985 7990 8121  0
5622 4546 4547 8219  0
6729 7757 6719 8302  0
2121 2152 2153 8354  0
2951 2950 7848 8105  0
1301 1302 2387 7687  0
7925 1015 8012 8327  0
3391 8146 2360 3392  0
5114 5113 5098 7697  0
520 576 7987 8149  0
6811 6557 6558 8236  0
3442 3816 7903 8353  0
1945 1944 7872 8055  0
3793 3414 2394 8112  0
664 596 595 7870  0
1975 8366 7680 8136  0
357 751 356 7787  0
7433 7734 7502 7432  0
7096 7159 7653 7674  0
7583 8308 7522 7584  0
3137 3138 3125 7788  0
5598 5663 5597 7860  0
6779 7109 7108 8268  0
7103 7104 7172 7755  0
599 668 7857 8087  0
2140 2139 7707 8034  0
5851 5874 5850 7968  0
3757 4091 4090 8214  0
2076 2077 2048 8065  0
3544 7871 8272 3560  0
5404 5427 7760 7907  0
2753 2721 2720 8401  0
1676 1664 1675 7715  0
3567 3568 8272 8386  0
8303 7521 7453 7966  0
6778 7847 7107 6777  0
5800 8102 7861 8351  0
5591 5573 5574 7836  0
942 7803 8125 8164  0
7683 7668 7748 7766  0
5586 8096 8260 8281  0
7812 7694 7846 7791  0
388 452 8124 8417  0
5368 5388 5367 7709  0
5255 5236 5237 8015  0
8015 1919 1902 7933  0
4980 8203 4981 4993  0
587 7928 586 655  0
2973 7935 7673 2972  0
1928 1944 8055 8383  0
4561 4594 4560 8332  0
2453 1565 1564 8078  0
6933 6934 6959 8232  0
1985 1984 2003 8271  0
1898 1899 7931 8309  0
3093 8249 3080 3079  0
2051 8139 7891 8224  0
6288 6303 7768 8184  0
5621 4545 8219 8018  0
3416 2365 3401 8332  0
373 8077 437 7802  0
7257 7258 7327 8038  0
5818 7861 7660 8318  0
8017 7973 8214 8317  0
3731 2149 3343 8283  0
814 8329 1129 7798  0
6241 6242 6260 4879  0
4862 4261 3930 4259  0
6984 6983 6958 7806  0
1114 1115 1088 7784  0
3440 3442 2418 8353  0
524 525 470 8250  0
416 7797 7948 415  0
3616 3944 3612 4267  0
5267 5248 7931 8055  0
5186 5170 5187 8069  0
3592 2944 3931 3588  0
6362 8194 7659 6347  0
5473 5474 7986 8034  0
2138 2170 7707 8034  0
2139 2171 7707 8034  0
7835 1167 7733 8022  0
948 965 949 7853  0
1694 1693 1705 8244  0
6398 4904 6369 8190  0
4877 7876 6242 6224  0
7681 7698 8042 8112  0
5497 5475 7707 8034  0
8211 3001 2985 8299  0
7964 2305 8037 8266  0
6466 6483 5609 8410  0
398 819 817 8066  0
8370 4225 5878 3532  0
2085 3331 3725 8384  0
1445 7964 8008 8266  0
3592 7690 3596 3934  0
5994 5971 5972 7871  0
6260 6241 4879 7970  0
7113 7182 7873 8060  0
947 946 963 8248  0
7810 7794 7835 7874  0
8001 1130 8202 8329  0
6187 6205 7876 8033  0
3392 2360 2361 8146  0
6747 6746 6536 7724  0
1256 1255 1045 8266  0
3925 8212 3927 4258  0
7740 7712 7853 8248  0
4439 2121 8354 2152  0
373 8077 372 437  0
4262 7690 3935 4264  0
870 849 848 8167  0
5046 5032 5047 7940  0
2483 3471 2484 7770  0
1864 8059 1865 1850  0
5583 5584 7977 8323  0
4618 7804 8232 4615  0
1257 1256 1046 8266  0
6206 7876 6224 6205  0
4877 6242 6225 6224  0
4882 7970 4879 4268  0
7929 8202 7798 8313  0
8353 1529 2417 7838  0
4099 3766 4100 8219  0
8364 1584 2520 2519  0
2171 2138 7707 8034  0
8034 7707 5496 7986  0
6225 4874 3945 6206  0
4877 4874 3945 6225  0
5492 5491 7849 7978  0
1621 2497 2498 7816  0
3816 3440 8108 8353  0
7876 4877 6242 4267  0
3945 7876 4877 6225  0
4877 7876 6224 6225  0
752 753 1052 7899  0
3938 2992 3600 3604  0
5757 6698 5758 7994  0
4712 8310 8429 2545  0
390 8392 391 809  0
7657 7800 7696 7665  0
7728 7677 8025 8029  0
6557 8162 6556 5650  0
8109 6137 8297 8372  0
3941 4874 3940 3945  0
4293 7895 4294 3983  0
1106 1312 1105 7874  0
7050 6685 7049 8228  0
6133 8265 6114 4862  0
2907 2890 8420 8054  0
6611 6610 6963 8213  0
6345 6346 7747 7884  0
3112 3099 3111 8184  0
3938 3604 3940 3941  0
4424 4411 4425 8354  0
1228 7912 8094 8183  0
2279 2244 2243 8098  0
2725 3534 2757 8221  0
7109 6779 8029 8268  0
7750 7694 8322 8411  0
6100 6120 6099 7789  0
7772 7661 8127 7718  0
3938 8352 3935 3600  0
532 7780 478 7786  0
5327 5346 5326 7721  0
519 465 8011 8375  0
789 8357 7839 790  0
1764 1752 1751 7697  0
7617 7555 7556 8072  0
5197 5179 5180 7782  0
3010 3011 2995 7901  0
7639 7777 7614 7879  0
3429 8053 3427 8385  0
4209 8085 4669 4182  0
2426 8353 3442 7903  0
2122 2154 2123 8354  0
5648 4579 5649 8162  0
1580 7892 2459 2460  0
5957 5979 5956 7771  0
5307 5308 5326 7721  0
5475 5474 5453 8034  0
3940 3945 3608 3944  0
1219 7814 8307 8421  0
5451 5473 7986 8034  0
2078 2109 7891 8034  0
2137 2138 2107 8034  0
6504 5621 5622 8018  0
2140 2109 2139 8034  0
2109 2077 2108 8034  0
3608 7876 3612 3944  0
5476 5454 7891 8034  0
2108 2107 2139 8034  0
5454 5433 7891 8034  0
3604 3006 3608 3940  0
2672 2673 2638 8026  0
7695 1657 7841 8203  0
7707 2170 7986 8034  0
2137 2106 7986 8034  0
2138 2137 7986 8034  0
6070 6071 6091 8054  0
5474 5496 7986 8034  0
2170 2138 7986 8034  0
8376 6528 6485 6527  0
7380 7310 7311 8014  0
4371 8368 4031 4372  0
2123 2092 2091 8354  0
3440 3816 3442 8353  0
2121 2153 2122 8354  0
2073 2105 2074 8241  0
2416 2417 7838 8108  0
6906 6905 6881 8232  0
6635 6634 7862 8338  0
2633 2668 7660 8172  0
5989 5990 6011 4847  0
8218 8272 6016 7871  0
8026 7781 5844 5845  0
4153 3816 3814 8108  0
3925 3577 3926 3922  0
4566 4565 7875 8204  0
5772 4684 5771 8215  0
5793 5810 5792 8121  0
1497 1496 1318 8195  0
1837 1822 7782 7824  0
6610 6611 7975 8213  0
1655 8203 1666 1656  0
7199 7264 8067 8304  0
8069 1827 8119 8242  0
7356 7426 7425 8267  0
5327 5308 5309 7721  0
4640 4639 5735 8338  0
1933 7721 1949 8182  0
7783 7598 8257 8441  0
3292 3291 8095 8368  0
4415 4429 8173 8349  0
686 732 733 8402  0
8166 7704 7904 7796  0
4857 3926 6074 4854  0
2527 7748 7927 1591  0
7657 7665 7696 8013  0
1051 1262 1261 7920  0
518 519 8011 8149  0
6920 6894 7828 8057  0
520 519 576 8149  0
4849 8107 4847 4253  0
8207 3418 3417 3796  0
6949 6950 6972 8043  0
7835 1357 1164 1360  0
1656 1657 7695 8203  0
7890 2846 8218 8294  0
1852 1851 7782 1836  0
7956 5487 8348 8406  0
2864 2863 2882 7890  0
2307 2308 2270 7977  0
5089 5074 5075 8016  0
7703 7546 7607 7608  0
3832 4172 3833 8019  0
1219 1411 1220 8421  0
2239 2204 2238 8260  0
4844 5967 4832 3905  0
5990 8120 4847 5989  0
3905 8120 4844 5967  0
7681 7949 8112 8427  0
7002 7734 7045 8298  0
625 392 391 8392  0
2201 8154 2235 7831  0
6011 8107 6033 6010  0
6327 6328 7752 8382  0
5437 5416 5438 8196  0
6964 8075 8213 6965  0
6915 6889 6916 8213  0
7729 7691 7987 8149  0
6915 6940 6914 8213  0
6052 6030 8148 8212  0
2602 7767 7781 8397  0
8039 7767 2600 7660  0
1470 1037 8097 8284  0
3439 3814 3440 8108  0
3291 3288 3287 8368  0
5986 8175 8107 5985  0
4153 4623 7903 8108  0
929 1162 1163 8345  0
760 7844 7827 8160  0
523 468 522 8250  0
1161 1162 928 8345  0
7740 7908 8248 963  0
3830 3829 7969 8078  0
4258 3925 4857 3926  0
3214 8209 1643 1634  0
6464 7805 8408 6465  0
7840 4917 6447 6446  0
6962 6940 6963 8213  0
4258 6093 4859 4857  0
8028 8412 7686 7671  0
4258 4259 4859 3927  0
4859 8212 6093 4258  0
5361 5362 5382 8136  0
8330 7786 8316 7780  0
7687 7652 8061 8141  0
5848 5849 7864 8074  0
6913 6939 8127 8213  0
4151 8108 4622 4152  0
6443 6454 6442 8395  0
5876 7746 7968 5852  0
958 7803 8164 959  0
6944 6967 6966 8075  0
7772 7718 8127 8247  0
8109 6116 6137 6117  0
4620 5704 5699 7806  0
5171 8069 8119 8242  0
1058 759 1059 8160  0
7826 4107 7833 8076  0
5843 5866 5842 8039  0
7935 8033 2989 2972  0
1946 1930 1929 8055  0
6964 6612 6611 8213  0
6173 8372 8339 6134  0
3416 3797 8137 8332  0
7247 7183 7248 8060  0
7335 7762 7793 7405  0
2108 2077 2076 8065  0
7113 7114 7182 8060  0
3008 3023 3009 8082  0
8270 4002 3681 3216  0
1255 7948 8266 8008  0
917 895 916 7723  0
810 1120 809 8392  0
5387 7709 5388 5408  0
1929 1945 1946 8055  0
2449 2448 3451 7908  0
7977 7943 8050 8266  0
1255 1445 8008 8266  0
1052 7776 1051 7899  0
8053 7804 3429 3804  0
8026 2707 8188 8428  0
7345 7275 7276 8169  0
6385 6400 8190 8254  0
1912 1930 1913 8055  0
770 771 8017 8198  0
6023 6001 6024 8064  0
8342 800 8284 737  0
5681 5680 5636 8204  0
5907 5883 5884 8295  0
6962 6963 6610 8213  0
7687 7652 8359 8236  0
2877 7672 8386 8325  0
6549 5643 6550 7921  0
7116 7185 7184 8060  0
601 602 545 8040  0
1410 1411 1219 8421  0
3705 4353 3269 8073  0
8252 6193 6174 8339  0
4593 5677 4602 7772  0
3799 3420 3421 7772  0
4090 4517 4080 7934  0
4677 7717 7737 4190  0
1731 1732 7725 8171  0
7903 7774 2421 8353  0
8075 6942 8213 6965  0
3293 1952 1969 8271  0
544 601 545 8040  0
5408 5409 5430 8065  0
1979 1997 7858 7907  0
4135 4602 4601 7772  0
6518 8434 7923 5662  0
8341 8420 6089 8054  0
7084 7147 7146 7900  0
1880 1879 1896 8059  0
2048 2047 2076 8065  0
2985 8105 8211 8299  0
6611 5708 5707 7975  0
5434 8139 7891 5433  0
7925 1231 1422 8012  0
4579 4118 4119 8162  0
2092 2123 2124 8173  0
7897 5745 5746 6669  0
3270 5179 4357 7782  0
7730 7727 8238 7955  0
5513 5490 5514 7849  0
3002 2987 2986 8299  0
3928 4860 3589 8372  0
3190 8394 3191 3181  0
8116 1193 1385 8086  0
4342 8336 3252 8255  0
6875 6876 8013 8433  0
2014 1997 1996 7907  0
7277 7834 7995 7347  0
7665 7880 7951 7963  0
5310 5311 5329 8271  0
6305 6304 7768 8184  0
5326 5307 7721 8269  0
8212 8135 2892 8054  0
6219 6200 7815 8211  0
7742 8006 7150 7151  0
7140 6813 7914 8071  0
7046 7734 7003 7999  0
2042 7666 7760 7907  0
6070 6069 6048 8420  0
1840 7918 8005 8069  0
6450 4921 4920 8390  0
5828 5827 5806 7746  0
7929 821 824 7830  0
185 214 169 8130  0
6658 7026 6659 8409  0
8104 3624 3620 3949  0
1383 1384 1191 7941  0
1422 1231 1230 8012  0
1274 7947 1063 1064  0
3463 3837 3464 8377  0
4411 4410 4398 8354  0
6403 6404 6416 7792  0
8418 7734 7804 7878  0
7235 7236 7305 8320  0
7677 7691 7729 7749  0
1411 1595 1412 8421  0
1249 1032 1031 8028  0
7673 6106 7967 8052  0
8288 6263 8358 6281  0
6675 8083 8102 6674  0
8108 4151 4622 7661  0
6154 6174 6173 8339  0
3421 4135 3799 7772  0
1034 1035 1468 8284  0
7841 1679 8035 8203  0
7407 7476 7406 8027  0
7408 7741 7409 8027  0
6110 8341 7690 6109  0
3016 3030 3031 7815  0
1098 795 796 7898  0
501 556 502 8322  0
1234 7925 1425 7997  0
7244 7936 8025 8029  0
4439 2121 2152 4438  0
6571 6790 6570 8191  0
7697 8336 8255 8150  0
6048 6026 6027 8135  0
7703 8317 7762 7793  0
8191 6737 6572 6791  0
2797 8175 2818 2798  0
5165 5166 5182 7782  0
4147 4617 4149 7661  0
5982 6004 5981 8319  0
4166 7727 8338 8238  0
2192 4446 4461 4447  0
5669 5674 6573 8199  0
2042 2013 7666 7907  0
574 575 518 8149  0
3067 3081 3068 8249  0
1382 8078 1564 1383  0
5059 7725 7940 8171  0
5409 5410 5431 8065  0
1939 1938 1955 7675  0
7737 7676 8072 8122  0
7154 7155 7212 7916  0
5008 4995 8035 8203  0
6010 8107 5989 6011  0
70 50 51 8361  0
2575 2538 2537 8343  0
7717 7694 7894 8103  0
7966 7728 8025 8303  0
3353 3360 3354 8406  0
8224 5371 8139 5392  0
7681 8100 7923 7755  0
6813 7140 7139 8071  0
1517 1126 1128 8001  0
5510 5487 7956 8406  0
689 975 953 8028  0
6430 7792 8395 7895  0
3498 7985 3503 2518  0
6752 7945 6753 7085  0
1488 2373 2372 8289  0
6316 8249 6299 6317  0
7545 7477 7478 8027  0
3191 3671 3192 8390  0
4152 4622 4623 8108  0
5757 8085 7896 7994  0
5238 5239 5257 7865  0
3063 3618 3623 8358  0
8098 2209 2243 2208  0
1768 7664 8090 8171  0
3013 3012 7685 7736  0
4712 4728 2544 8429  0
6184 6163 6164 7935  0
1758 1757 1771 8016  0
7408 7409 7478 8027  0
5782 8083 7996 7985  0
4173 3834 3833 7878  0
7359 7429 7428 7765  0
550 606 607 7796  0
2442 2441 3463 8377  0
7324 7323 8123 8296  0
6043 6022 6044 7714  0
6628 7667 6629 7688  0
5795 8240 5813 8121  0
6600 6601 6603 7661  0
8100 7172 7104 7755  0
7059 7058 7632 8220  0
5792 4726 7990 8121  0
7990 3871 8121 4726  0
1533 1353 1532 7774  0
5486 3347 8348 8406  0
7030 6662 7029 8081  0
1870 1871 1855 7865  0
5956 5934 5935 7771  0
4359 8126 7782 5215  0
1836 1852 1837 7782  0
7501 7734 7569 8298  0
5083 5068 5069 7971  0
2013 2012 7666 8136  0
4188 3849 3848 8103  0
6018 5995 5996 8218  0
5121 5120 8016 8119  0
5293 5273 5274 8368  0
2146 7893 8110 8384  0
8370 4803 3889 3537  0
5557 5534 7888 8406  0
5700 5701 4622 7661  0
5407 5408 8138 5387  0
6604 8127 6935 6605  0
1926 1910 1909 8227  0
2727 2759 2760 8373  0
6197 6198 6217 8002  0
785 1084 784 8118  0
809 877 623 8392  0
1091 1299 1298 8321  0
7635 7634 7609 7994  0
6036 7672 6057 8386  0
5101 8090 7664 8398  0
1113 838 839 8216  0
1496 2380 1495 8195  0
3375 3753 8097 8427  0
6011 8120 5989 4847  0
975 8084 974 8028  0
3291 3287 3290 8368  0
5294 5274 5275 8368  0
5957 7906 5980 5979  0
5482 5461 5483 8110  0
5216 5217 5234 8126  0
1089 1115 787 8321  0
2592 7985 3503 8121  0
1012 1229 8012 8183  0
2592 7985 2593 2557  0
5275 8095 5295 8368  0
1409 1593 1410 8307  0
1224 1415 1416 8179  0
2405 3419 3798 7655  0
5966 5967 5944 5945  0
5794 7990 8121 5793  0
7985 2592 3503 2557  0
8351 7861 5818 8318  0
1531 7838 8353 8206  0
3501 3498 7990 8121  0
6913 6887 8247 6886  0
6753 6499 6754 7945  0
7295 7942 7365 8030  0
3638 7752 3956 4894  0
7890 6064 7967 8294  0
6915 6914 6888 8213  0
3256 8336 3257 3253  0
4920 4921 4290 8390  0
7830 1164 7835 8345  0
947 963 7853 8248  0
3863 4202 4203 8128  0
7669 8001 8206 8392  0
4921 4922 4291 8390  0
8302 8343 7968 8074  0
5772 5771 6711 8215  0
6033 6053 6032 4852  0
3813 3814 3438 8108  0
1324 8233 8337 8202  0
519 575 576 8149  0
8431 7712 7853 7687  0
6138 6137 6117 8109  0
3440 3814 3816 8108  0
2415 3438 2416 8108  0
3439 2417 2416 8108  0
8253 6684 8228 8020  0
1468 8117 7877 8284  0
7001 7897 7044 7043  0
6156 6137 6157 8109  0
3811 4151 3813 8108  0
2154 2153 4440 8354  0
5253 3284 8015 8368  0
7929 7810 8313 8345  0
8410 6467 6484 8031  0
1163 1162 1357 8345  0
3623 3626 8382 8432  0
7875 7794 7808 7938  0
642 574 7965 8149  0
7691 7965 8011 8149  0
7658 8007 8302 8360  0
643 575 574 8149  0
6310 6311 8382 8432  0
7837 7964 8050 8266  0
455 8124 8118 454  0
7075 7074 7648 8215  0
7999 5746 4648 5747  0
7903 6610 7975 8213  0
6709 8215 8122 6710  0
8099 1367 8080 8197  0
6093 8212 6114 6092  0
2932 2950 2933 7789  0
4994 4995 5007 8203  0
5160 5143 4348 8144  0
2456 3457 3465 7980  0
7267 7268 7337 7793  0
6199 8002 6198 8211  0
3570 3567 3566 8386  0
4559 5666 4558 7829  0
7730 5740 5739 7969  0
6109 6130 6129 7690  0
5946 5945 5922 5921  0
5626 4550 4551 8076  0
6499 5616 5617 8006  0
4789 4230 4805 5901  0
5300 8114 5281 8366  0
4645 5740 7730 7969  0
7873 7988 8060 8316  0
6360 6361 7659 7747  0
2983 2982 2998 7848  0
6229 6248 6247 8082  0
1576 2501 2502 7974  0
2574 2537 2536 8343  0
5117 5133 7824 8090  0
723 722 1019 8166  0
7668 7683 7748 8330  0
7861 8351 5818 5800  0
5946 4832 3900 4818  0
5131 5130 7697 8158  0
3187 3188 3177 7840  0
3904 3905 3899 3547  0
7425 7845 7424 7972  0
26 8 16 25  0
1505 2400 3422 8137  0
4230 8000 3895 4805  0
5901 5900 4805 5923  0
1454 1455 2314 8331  0
3445 3446 2443 8079  0
5875 5900 5901 5876  0
573 574 517 7965  0
5484 5505 5483 8110  0
7683 7754 7814 8330  0
7688 7657 7817 7905  0
1130 1128 1127 8001  0
8239 3367 3373 2339  0
3529 8000 3535 3891  0
7712 7753 8030 8162  0
7703 7762 7778 8027  0
1121 8001 1124 7669  0
3900 8350 3905 4832  0
3195 7895 3186 3185  0
8336 1762 3254 8255  0
4818 8000 4805 3895  0
3891 3529 4226 3887  0
3520 8221 8142 5880  0
8404 7842 7729 7866  0
1859 1875 1876 8293  0
6158 6157 6138 8109  0
7659 6376 7747 7792  0
5799 5816 5798 8351  0
2625 8437 2660 4753  0
5798 7996 5816 5815  0
7996 5798 5816 8351  0
4264 7690 8352 6171  0
3501 3502 3498 8121  0
3384 3761 3760 8416  0
3498 3502 3503 8121  0
1337 8210 1338 1340  0
1125 1126 1123 8001  0
3900 8350 3895 3894  0
3438 3439 2416 8108  0
1362 1363 1167 8022  0
7110 7179 7178 8029  0
5911 5912 7771 8172  0
1355 1534 1535 8313  0
3821 3447 3446 8079  0
1377 7803 1184 1376  0
7676 7662 7845 8286  0
4872 6189 6190 8352  0
1420 1229 1228 8094  0
3894 8000 3891 3535  0
4640 5735 5736 8338  0
6189 6169 6190 8352  0
7785 5124 5123 5140  0
4372 4369 5293 8368  0
5734 5735 4639 8338  0
546 8040 491 545  0
1127 1128 1125 8001  0
6952 6951 6926 8278  0
4223 7746 4226 4775  0
2443 1552 7678 8079  0
7742 7706 7777 8187  0
403 7733 7909 829  0
1391 1199 1390 8044  0
3985 4296 3986 8395  0
3511 3876 2613 3517  0
6873 6872 7951 8278  0
1724 1712 1723 7991  0
5916 5940 5939 8442  0
4220 7976 4759 5829  0
669 7857 601 600  0
1670 1682 1671 7883  0
2871 8420 2890 8135  0
3072 3073 3057 7768  0
2800 2771 8175 8428  0
7381 7312 7382 8025  0
6376 6377 6391 7659  0
6150 6151 6170 8352  0
577 8149 7987 576  0
7157 7995 7653 7215  0
7552 7553 7879 7984  0
7885 1110 1109 7851  0
2159 2158 2191 8443  0
5355 3304 7701 8287  0
7364 7942 8030 7365  0
215 187 186 8439  0
1589 7735 1588 7843  0
1704 1705 1693 8244  0
4223 7746 3880 3885  0
699 8036 698 995  0
2540 2539 8058 8094  0
7589 7779 7588 7527  0
7981 1718 1731 1730  0
6635 7862 8238 8338  0
2378 7722 2379 8239  0
5423 5422 7693 8348  0
7684 7703 7896 8085  0
1017 1233 1234 7925  0
6390 6376 6391 7792  0
2601 2566 2565 7767  0
723 7719 677 8166  0
1572 1573 1394 7807  0
2148 2180 2149 8110  0
5932 5933 5954 8189  0
7529 7462 7530 7856  0
3026 7901 7685 3011  0
2612 2613 2577 8058  0
917 918 896 7751  0
8029 7728 7873 7936  0
6060 6039 6061 7890  0
7483 7777 7550 7482  0
4169 3829 4168 7969  0
3127 3126 3140 7747  0
3155 7792 3166 8024  0
8173 2064 8349 2094  0
1492 7963 1313 1314  0
3129 3143 3130 7659  0
7503 7734 7570 7502  0
3197 3666 3188 7840  0
5757 4669 5756 4670  0
451 387 386 8417  0
5636 7932 8204 8289  0
5303 5304 5323 8407  0
2370 1486 2371 7875  0
3041 3056 3042 7685  0
7058 7631 7632 8220  0
6663 7077 7078 8159  0
394 812 393 8021  0
1839 1838 1854 8005  0
7470 7401 7471 7769  0
6216 6232 6215 7685  0
3775 3776 4109 7826  0
6766 6538 6792 8032  0
6362 6363 6379 7659  0
7424 7493 7423 7845  0
4941 4930 4931 8209  0
6392 6391 7659 8024  0
6895 8043 6922 7880  0
3979 3669 3668 8390  0
4514 4079 4536 8262  0
6777 7107 7106 7847  0
8262 5557 5577 7888  0
1253 2343 1252 8378  0
4345 5126 4017 8144  0
5606 6481 6480 7988  0
2356 2355 7812 7902  0
3026 3042 3027 7685  0
4624 5704 4620 8418  0
3472 3843 3844 8085  0
2131 2132 2100 8291  0
6392 6378 6379 7659  0
7305 7375 7374 8320  0
5559 5536 5560 7888  0
7382 8246 7452 7451  0
1020 1236 1237 7937  0
8067 7198 7262 7263  0
4137 4132 8053 8199  0
7388 7318 7319 8399  0
2539 1603 7759 8094  0
6342 6341 6326 7752  0
2125 2157 2126 8349  0
6311 6327 7752 8382  0
1957 8366 1940 7675  0
6289 6305 6304 7768  0
5186 5185 7918 8005  0
6752 7945 7900 6753  0
1055 755 7917 8181  0
1531 7838 8206 1529  0
6216 6233 6232 7685  0
3389 3765 3388 7902  0
8362 1596 1412 1413  0
2241 2206 2240 7832  0
143 142 8393 8130  0
5281 8114 8227 8366  0
3388 3387 2356 7902  0
2398 7731 3400 1484  0
7408 7477 7407 8027  0
7754 7745 7654 7763  0
3027 3042 3043 7685  0
5177 5193 5176 8073  0
7261 7330 7260 7769  0
6109 6129 6128 7690  0
8357 7712 8088 7839  0
2421 8276 2427 2422  0
453 452 509 8124  0
1798 1812 1813 8119  0
7878 3435 7939 8418  0
3769 4102 3768 8280  0
2099 2069 2068 8291  0
2603 2567 2602 8397  0
627 924 628 8021  0
782 1081 781 8417  0
6660 6679 6678 8091  0
6608 5703 5702 8127  0
1931 1930 1946 8269  0
1838 1823 1837 8005  0
7729 7950 7749 7807  0
8358 6279 6296 6280  0
493 492 547 8077  0
7850 6621 8355 6622  0
5423 7666 8291 8348  0
7742 7834 8169 7984  0
7963 1492 1313 8277  0
478 7787 7786 7899  0
8317 7762 7857 7684  0
7749 7946 7950 8404  0
8326 4992 4993 7715  0
3511 3876 3872 7976  0
3462 3866 3836 7800  0
2469 8068 2433 2468  0
6216 8002 6233 7685  0
3041 3055 3056 7685  0
2622 4751 4750 8437  0
6707 6706 7071 7737  0
7772 6589 6593 6575  0
3092 3078 3091 7884  0
1313 1491 1312 8277  0
1911 8055 8063 8227  0
7727 4167 8186 7969  0
656 655 702 7809  0
7909 7733 934 8388  0
7599 7035 7598 8257  0
7553 7879 7984 8381  0
8137 1506 8233 8337  0
1062 1063 1273 7773  0
2473 8178 8197 8205  0
8349 2097 8443 2127  0
4913 7840 6447 6434  0
3235 3239 1699 8326  0
4350 8073 4353 5178  0
6152 6130 6131 7690  0
3336 2067 7693 8348  0
4143 4608 4611 7962  0
6686 6685 7757 8253  0
8223 669 7857 601  0
5961 5962 8175 8442  0
2317 2318 2280 7926  0
3026 3041 3042 7685  0
1911 1912 1895 8055  0
5767 4680 4679 7737  0
4188 4187 4675 8103  0
196 197 225 8439  0
7104 8100 6775 7105  0
8059 5194 5195 8073  0
6303 6320 6319 8184  0
7830 7810 7874 7929  0
7952 7879 8072 8381  0
8260 7832 7852 2275  0
2484 3472 2485 8085  0
7655 3803 4138 3800  0
7903 3816 8108 8353  0
3027 3013 3012 7685  0
3025 3041 3026 7685  0
169 170 197 8439  0
1289 2358 2357 8049  0
7683 7779 7856 8296  0
6388 6389 6403 7792  0
7665 8195 7921 8013  0
2464 2428 2427 8129  0
2538 8058 2539 7759  0
6964 6611 6963 8213  0
6811 6558 6812 8236  0
6827 6577 6828 8247  0
7368 7942 7437 7367  0
834 7733 832 7885  0
7758 7403 7762 8067  0
1384 8078 1565 8324  0
1440 1624 1575 8086  0
4131 4136 3797 8137  0
3993 3203 3204 7695  0
2818 7919 8175 8319  0
1889 7865 8114 8293  0
3301 2007 4034 8224  0
1950 8271 1967 1968  0
4567 4525 7819 8289  0
6924 6950 8043 8278  0
7813 990 7886 8165  0
7040 7077 7651 8159  0
2881 2862 7672 7890  0
2484 3471 3472 8085  0
3012 3011 3026 7685  0
4668 5750 8311 8404  0
6073 6052 6074 8212  0
3545 3560 2804 7871  0
3292 1919 3291 8368  0
4032 3297 1988 8200  0
7029 8409 7028 7592  0
6142 6143 6162 8105  0
5041 5042 7981 8244  0
8127 6910 6935 6936  0
5767 5766 6707 7737  0
4496 7819 2299 2300  0
8435 4815 4816 4800  0
4559 4112 8207 8425  0
6345 6346 6361 7659  0
7883 5013 8244 5000  0
3717 4032 4373 8200  0
8213 7774 7810 8276  0
3129 3130 3118 7659  0
3114 3102 7747 3115  0
2894 3581 3577 8212  0
834 7733 7963 832  0
1421 1420 1604 8094  0
7342 7341 7742 8187  0
7111 7180 7179 8029  0
5424 5425 5445 8291  0
6269 6252 6253 7685  0
5716 5709 5710 7975  0
532 7780 589 533  0
2207 7832 8048 2206  0
2964 2980 7736 8109  0
5786 5801 5800 7861  0
3841 8009 3842 3468  0
6059 6079 6058 7672  0
4368 8271 5292 8182  0
5182 5199 5198 7782  0
7709 2047 8065 8422  0
5431 8034 8241 8065  0
6025 8420 8064 8135  0
6745 7702 7724 8132  0
665 7713 664 711  0
5911 5910 5888 7915  0
5854 7746 5829 4759  0
1748 3243 8016 8279  0
5060 5059 7940 8171  0
7042 7627 7628 7897  0
5326 5345 5325 7858  0
7668 7670 7786 7928  0
4926 6455 6456 8395  0
1661 1652 1651 8275  0
5265 8227 8063 8055  0
420 421 356 7787  0
6609 5705 5703 7903  0
8073 3265 3703 1834  0
789 8357 1092 7839  0
4963 4317 4976 8275  0
4789 7968 7746 4226  0
824 1331 822 7929  0
7686 7723 8118 8251  0
8120 4844 5967 5966  0
7006 7007 6639 8238  0
5857 8240 5833 5834  0
8096 8260 2272 8323  0
6938 6960 6937 8127  0
7093 6760 6761 8101  0
2701 2700 2733 8172  0
7930 7310 7309 7379  0
5618 6500 5617 8006  0
3129 3118 3117 7747  0
7403 7473 7472 7758  0
3291 3290 3295 8368  0
1255 1254 1044 8008  0
353 748 747 8365  0
7382 8246 7381 8025  0
2382 3403 1501 8113  0
1688 8035 1700 1689  0
6494 6495 6749 7679  0
5202 5220 5219 8005  0
6572 6526 8376 8410  0
2663 2664 8240 8295  0
6877 8013 8433 8230  0
3507 2556 2555 7716  0
1436 1619 1620 8237  0
4416 4417 4430 8349  0
96 8393 75 97  0
1937 7701 7933 8095  0
8368 4030 4031 4369  0
717 718 671 8223  0
34 11 35 45  0
1999 2018 7709 8422  0
4981 4970 4982 8203  0
3534 2692 3528 8221  0
5127 4349 4347 8150  0
1785 7692 8016 8119  0
5002 5015 5014 7811  0
1177 1196 1370 8156  0
2096 2095 2127 8349  0
3232 1687 1675 8326  0
399 821 819 7924  0
6568 6481 7953 7988  0
1088 1087 1114 7784  0
1005 8362 8047 1221  0
7720 8266 7948 8008  0
1903 1904 1887 7933  0
2973 2991 2974 8033  0
5854 7746 5877 5853  0
2954 8052 8105 7935  0
5670 4595 5671 8137  0
6690 6689 7054 8007  0
421 477 7786 7787  0
6633 6634 5735 8338  0
2269 2307 2270 8154  0
5736 6634 6635 8338  0
6889 7881 8213 8145  0
4642 7969 4643 4167  0
5362 5342 5363 8136  0
6887 6913 8247 8213  0
2537 2538 7759 8343  0
6941 6940 6915 8213  0
8219 5624 5623 8101  0
578 522 521 7987  0
1043 744 1044 8008  0
4124 3790 8061 8141  0
2913 2930 7789 8325  0
3140 3141 7747 7792  0
5064 5051 5065 7991  0
5885 5860 5861 8134  0
5876 5875 7968 8000  0
3579 3578 8297 8325  0
3885 4223 3522 3887  0
4432 4418 4433 8443  0
7796 676 7904 8166  0
4366 4369 4030 8368  0
3418 7790 8053 8207  0
4360 4025 4027 8309  0
7746 5825 8302 7968  0
4090 4080 3379 7934  0
3072 3085 3086 7768  0
7657 8079 8377 7678  0
554 610 611 7719  0
6627 6990 6991 7905  0
8088 1092 8321 1299  0
6779 6523 6780 8268  0
6238 6239 6258 7970  0
3601 3602 3598 8339  0
1310 7794 7938 7874  0
2355 3387 7887 7902  0
5034 5049 5048 7991  0
3129 3128 7659 7747  0
5191 5208 5207 8389  0
7675 1940 8114 8366  0
2541 2542 1606 7770  0
6646 7946 8259 8404  0
7635 7609 7610 7994  0
7010 7730 7573 8143  0
513 458 457 7885  0
5853 5854 5827 5828  0
7261 8067 7262 7769  0
7267 7337 7336 7793  0
6361 6345 7659 7747  0
1372 1359 7854 7878  0
1563 8078 2452 1564  0
3430 3432 8367 8396  0
7700 7702 7724 7911  0
7771 8189 5955 7915  0
2988 7876 7935 8299  0
5764 4676 5763 8103  0
2444 2445 1557 8079  0
1976 7872 1977 1960  0
3575 3578 3579 8325  0
3190 8305 3665 8390  0
942 8125 904 903  0
7626 8155 7564 7565  0
5542 5543 5566 8260  0
2441 7678 2442 1551  0
2020 2019 2049 8139  0
2850 2830 2829 7714  0
3256 3260 3257 8150  0
7629 7897 7628 8298  0
2795 7906 2815 8319  0
5360 5361 7666 8136  0
6253 6269 7685 7768  0
5988 5987 5964 8120  0
5998 5997 5975 8177  0
5576 4516 5593 7934  0
7708 8030 8334 8230  0
7403 7472 7402 7758  0
1332 1329 1331 7938  0
1479 1251 2341 8378  0
2827 2828 2809 8177  0
7782 3270 3267 3271  0
3837 4158 3819 8377  0
1096 1095 793 8167  0
6172 4868 6173 8339  0
7298 7229 7299 8071  0
7887 1285 1284 2353  0
752 751 357 7787  0
2504 3491 7892 7974  0
600 601 544 8040  0
1113 839 1114 7784  0
7682 8317 7724 7679  0
2635 2636 7660 8039  0
2524 7843 8115 8318  0
7835 1543 8022 8068  0
2270 2307 7977 8154  0
5839 5863 5862 8172  0
3142 3143 3129 7659  0
6633 7862 8338 8201  0
7829 4591 5668 8207  0
2325 1466 2346 7934  0
6411 8045 8190 6412  0
7356 7425 7355 8267  0
7408 7478 7477 8027  0
8115 2558 7985 2521  0
1601 8264 1417 1600  0
3810 7804 3435 8418  0
5836 5815 8051 8240  0
8045 6438 6439 6426  0
5604 7988 7977 5605  0
2284 8217 2248 2283  0
6280 6279 6262 8358  0
1579 1387 1578 8156  0
2671 2670 2704 8039  0
3151 3163 7792 8254  0
6452 4922 6451 8390  0
2245 2210 2244 7959  0
4192 4679 4680 7961  0
7713 7654 7870 7882  0
7671 7816 7686 8028  0
5218 8005 5201 5219  0
7998 8046 8060 8399  0
1108 1314 1107 7963  0
7343 7984 7413 7742  0
1897 1913 1914 7931  0
3820 8377 3819 7688  0
1349 1151 1348 7669  0
2821 2801 2800 8107  0
6278 6261 6279 8358  0
4147 3811 3809 8367  0
3065 6281 8288 8358  0
1731 1744 1732 8171  0
2942 8341 2925 2924  0
8243 8068 8163 7818  0
2664 2663 2697 8295  0
6833 8057 8379 6834  0
7785 1829 8010 8242  0
6989 7817 6626 7696  0
5845 5869 5868 8026  0
1726 1725 1738 7971  0
994 995 698 8036  0
7761 7698 7681 7730  0
2236 2237 7831 8323  0
5282 5281 8227 8366  0
3414 7877 2393 8117  0
3391 3768 3767 8280  0
3669 8305 3668 8390  0
5692 6598 6600 7661  0
7755 7235 7761 8320  0
5244 5226 8063 8389  0
1140 1135 876 7868  0
7726 7790 7868 7738  0
1928 1929 1912 8055  0
535 8231 592 8151  0
6244 6208 6226 8185  0
305 8436 338 287  0
2700 2666 2699 8134  0
6705 7879 7069 7737  0
1596 8362 1412 8421  0
7302 7372 7371 7983  0
6451 7895 6452 8390  0
4933 4934 4944 7695  0
6908 6935 6601 7661  0
3000 2984 2999 8211  0
8149 7807 7729 8344  0
1636 1645 1646 7695  0
4386 8173 2062 2033  0
2062 2061 2092 8354  0
4499 3741 3744 7836  0
3242 3246 1723 7991  0
5248 7931 8055 8059  0
5826 8302 5825 6730  0
7578 7577 7516 8259  0
5122 8119 5137 5121  0
1440 1249 1248 8086  0
1736 1724 7991 8255  0
8015 3288 8368 1901  0
6859 6908 6598 7661  0
6269 6287 6268 7768  0
257 228 274 8439  0
8085 5758 8315 7994  0
786 8118 805 8251  0
3954 8104 4271 3952  0
2147 2116 2115 8384  0
7060 7059 7633 7896  0
3794 2399 8207 8425  0
3445 3464 3819 8377  0
2956 2955 7935 8052  0
2512 2553 2513 8225  0
681 7750 8322 8411  0
3470 2480 2479 8009  0
2452 3454 3455 8078  0
6579 5671 5672 7808  0
7684 7704 8085 7925  0
2420 1531 2418 8353  0
8065 2047 8241 8422  0
4112 4559 4558 8425  0
6769 6513 6770 8042  0
7932 7880 7794 8277  0
6107 7967 7673 6106  0
1792 1777 1791 7697  0
1540 2432 1541 8068  0
3217 3218 3213 8270  0
5180 5198 5197 7782  0
1750 1764 1751 7971  0
7949 7889 8342 8097  0
5613 7679 8328 6495  0
5878 4773 4788 3526  0
5587 5567 5568 8281  0
5136 8090 5135 5120  0
6741 6818 6817 7711  0
3781 3403 3782 8113  0
401 400 323 7924  0
5909 5908 7915 8189  0
6303 6287 6288 7768  0
2389 8061 3411 7687  0
3994 3995 4304 8346  0
4695 4713 4694 8310  0
4413 4427 4426 8354  0
3146 3147 3133 8300  0
5843 5842 5821 8039  0
6412 6413 6425 8045  0
5254 8126 5253 5235  0
8216 861 7784 8125  0
2989 2971 2988 7935  0
3615 3610 3609 8185  0
1591 1590 2526 7843  0
3603 8082 3602 3007  0
4865 4868 6172 8339  0
7661 7655 8108 8367  0
7242 7312 8014 8025  0
1010 1009 7912 8087  0
6547 5640 5641 8380  0
759 7827 7844 365  0
7836 3740 4466 3741  0
1876 1877 1860 8063  0
1276 7947 8208 1275  0
5681 5636 7932 8204  0
7206 7205 7148 7945  0
782 387 388 8417  0
2016 1997 2015 8423  0
8401 2782 3555 4825  0
6188 6205 6187 8033  0
3638 3641 3642 8306  0
700 654 653 7928  0
3252 3248 4342 8255  0
255 272 226 8439  0
3625 7752 3630 3631  0
6646 7013 7014 8259  0
8343 8058 2538 7759  0
7283 7352 7282 7845  0
7691 7863 7869 7965  0
1348 1151 1150 7669  0
5907 5908 8189 8295  0
7775 7668 7728 7954  0
3861 3862 7974 8426  0
1383 1564 1565 8078  0
6103 6104 6124 8052  0
2136 2135 2168 7986  0
5915 5916 5939 8442  0
2976 2975 3600 8352  0
498 497 552 7904  0
4324 4007 5017 7725  0
495 550 496 7802  0
2015 1997 7907 8423  0
2938 2956 7673 8052  0
2726 8142 8221 8373  0
7268 7269 7338 7741  0
449 448 7922 8424  0
349 8153 348 8415  0
4171 7999 4172 8019  0
5613 7679 6495 5612  0
7120 7119 6790 8123  0
779 778 384 8424  0
4413 4412 4400 8354  0
2912 2929 2930 8325  0
3837 4176 4158 8377  0
6239 6259 6258 7970  0
6262 6279 6261 8358  0
4926 4295 4925 8395  0
6604 8127 5701 7661  0
7295 7294 7166 8030  0
6004 6003 7906 8135  0
7921 8013 6850 8278  0
7892 3864 8019 8128  0
6375 6376 6389 7792  0
779 1079 1078 8424  0
2303 2265 2302 7964  0
4400 4399 4385 8354  0
1169 1365 1170 8099  0
4296 4295 4926 8395  0
7206 7207 7271 7945  0
1896 1913 7931 8059  0
6771 7101 7761 8369  0
3957 3636 7756 8400  0
2487 7894 7997 3475  0
7673 6149 8033 8352  0
4173 4172 4649 7999  0
6379 6393 7659 8229  0
7830 402 827 7909  0
1474 7889 8097 8342  0
3342 3348 7956 8348  0
5810 5811 5831 8405  0
7700 7773 7822 8160  0
1855 1871 1872 7865  0
5203 5204 5221 7865  0
3035 3036 3611 8185  0
5204 5222 5221 7865  0
1456 2316 2315 8331  0
7370 7300 7301 8071  0
2325 7911 2324 1465  0
5075 5076 5090 8016  0
7512 7730 8143 7511  0
5257 5239 5258 7865  0
8305 3658 3663 4911  0
8063 5210 8010 5209  0
8127 6913 8213 8247  0
4925 4924 6454 8395  0
7328 7398 7397 7763  0
5284 5264 5265 8055  0
6977 6978 6990 7905  0
861 840 7784 8222  0
986 973 985 8344  0
7800 8099 8197 7665  0
7615 7616 7879 8381  0
5759 7994 8106 8315  0
2456 3457 7980 8324  0
7988 7993 8060 8316  0
6833 6867 6866 8379  0
7855 8017 8214 8317  0
2012 2013 1995 8136  0
3152 3164 3153 7792  0
7545 7703 7778 8027  0
530 586 7786 7928  0
1498 1500 1501 7784  0
2646 2647 2611 7746  0
2018 2047 2048 8065  0
6234 6253 7685 8002  0
2646 2610 2645 7746  0
2020 2002 2019 8139  0
1909 1892 1891 8227  0
1837 1821 1836 7782  0
2113 7893 2081 2112  0
6832 6581 6582 8379  0
1837 1822 1821 7782  0
5854 5853 5827 7746  0
1355 1356 1161 8313  0
1410 1594 1411 8421  0
7660 5864 5841 5840  0
3072 3056 3071 7768  0
3572 7672 8386 2878  0
8086 2501 1624 1575  0
3471 3499 3868 7770  0
7323 7253 8123 8296  0
7650 7077 7076 8159  0
397 817 815 8066  0
6779 6780 7109 8029  0
3508 3514 3509 8405  0
5164 5165 5181 7782  0
2367 2328 2327 8332  0
5112 5113 5128 8150  0
1249 1031 1248 8028  0
3510 8240 2627 2592  0
2686 2721 2687 8401  0
8082 6227 8185 6228  0
5062 5075 7940 8016  0
6226 6245 6244 8185  0
6288 6289 6304 7768  0
5182 5198 5181 7782  0
3211 3999 1633 7825  0
1259 1450 1449 7960  0
3504 7699 3873 7770  0
8184 3110 8300 8347  0
545 490 544 8040  0
6022 8294 6043 6021  0
6270 6287 6269 7768  0
763 1063 7773 7947  0
7677 7681 7691 7749  0
2796 2767 2766 8319  0
2432 2433 1541 8068  0
5694 5692 6600 7661  0
3865 7892 3493 3864  0
2092 2061 2091 8354  0
5198 5215 5197 7782  0
6500 6755 6754 8006  0
743 744 8008 8415  0
6783 6563 6564 8170  0
5220 5203 5221 7865  0
8331 2278 7926 2316  0
8149 7807 8344 8391  0
1743 1731 1730 8171  0
485 486 7827 7870  0
7771 2732 7915 8172  0
4789 7968 8000 5876  0
8432 4886 6310 6277  0
4054 2097 3333 8443  0
3609 3943 3614 8185  0
6506 5624 6507 8101  0
4920 4919 6449 8390  0
2680 3529 3522 3887  0
2611 2576 2575 8343  0
2808 2788 8177 2809  0
1854 1870 1855 8005  0
5075 5090 5089 8016  0
5258 5239 5240 7865  0
2346 3379 3371 7934  0
5105 5106 7692 8016  0
7683 7766 8091 8409  0
4542 8414 5617 4541  0
8275 3219 3222 1663  0
452 387 451 8417  0
8252 6212 6213 6194  0
1466 7911 2325 1465  0
1657 1667 7841 8203  0
6099 6078 7789 8325  0
5240 5223 5241 7865  0
7734 7726 7765 8004  0
4433 4418 4057 8443  0
5603 5582 5583 7977  0
6702 7066 7879 8106  0
1011 714 1010 8183  0
7194 7663 7126 7195  0
5936 5935 5912 7771  0
1187 1380 7740 7908  0
8005 1868 8015 8126  0
5252 4360 4027 8309  0
983 972 7965 8344  0
1177 1178 7854 8156  0
6692 6723 6691 8360  0
3050 3065 8288 8358  0
2441 7800 2440 3462  0
4202 7892 8128 3863  0
834 833 835 7885  0
5351 5371 5370 8374  0
1981 1998 1999 8423  0
1842 1856 1857 8069  0
7379 8014 7310 7380  0
1238 1022 7937 8131  0
8360 7684 7658 8220  0
5290 7721 5309 5289  0
3071 3084 3085 7768  0
1096 1097 1304 8167  0
3836 7800 3463 3462  0
1454 7852 1453 7920  0
1742 1754 1755 8171  0
5056 5057 5070 7981  0
1284 1074 1285 8176  0
2000 1981 1999 8423  0
2730 2729 2762 8189  0
880 879 901 8216  0
4199 4200 3860 7974  0
8108 7661 3811 4151  0
5208 5226 5225 8389  0
611 610 679 7719  0
7871 2786 8370 8387  0
5488 5511 5510 7956  0
2018 2017 2047 8422  0
5440 5439 5418 8384  0
6386 6400 6385 8254  0
4251 3904 3561 8120  0
1696 1707 7725 7811  0
8052 2954 2955 7935  0
427 428 7844 7882  0
4904 6411 6397 8190  0
2147 2148 2116 8110  0
5567 5566 5543 8260  0
7720 7728 7837 8029  0
6399 8045 6400 6412  0
6015 5992 5993 8272  0
7709 1981 7721 1982  0
869 890 870 8167  0
3605 3609 3606 8185  0
5975 5952 5953 8177  0
6852 6851 6805 8433  0
3963 3645 4277 8190  0
650 7797 581 8036  0
4614 5692 5694 7661  0
2877 3576 8325 8386  0
4919 8305 6449 8390  0
465 409 408 8375  0
7805 6487 8245 8263  0
1897 1881 1896 7931  0
3623 3618 3617 8358  0
5679 6582 6581 8379  0
4176 7800 4175 4665  0
3619 3618 3063 8358  0
3836 4176 3837 8377  0
7808 5670 6578 5671  0
7754 7683 8316 8330  0
2662 2663 8240 8295  0
5326 7721 7858 8269  0
7829 4558 4557 5633  0
396 397 815 8066  0
4698 4655 4656 7705  0
379 444 380 7791  0
4631 5706 5707 7975  0
7866 7842 8311 8404  0
6055 6056 6075 8325  0
8195 7753 7708 7657  0
418 474 475 7670  0
1925 1908 8114 8227  0
8271 1950 1949 8182  0
7270 7339 7269 7741  0
7464 7795 7465 8161  0
7076 7075 7649 7979  0
5120 5104 8016 8090  0
5917 5895 5918 8026  0
3043 3057 7689 7768  0
4400 4412 4399 8354  0
5843 5867 5866 8039  0
3387 3763 7887 7902  0
2937 2920 2919 8052  0
2673 2639 2638 8026  0
2302 2265 3365 7888  0
2451 8078 2452 7740  0
8082 6227 6228 6210  0
2060 2061 2031 8354  0
1078 8049 7812 8424  0
6598 6908 6601 7661  0
5205 5189 5206 8242  0
4641 5736 8238 8338  0
1423 1424 1232 7925  0
4644 5740 4645 7969  0
2913 2896 2895 8325  0
2865 2864 7890 8294  0
6944 6966 6943 8075  0
3175 3176 7792 7895  0
6218 6234 6217 8002  0
187 172 171 8439  0
5934 5911 7771 7915  0
3601 3598 3597 8339  0
2996 3013 2997 7736  0
1703 1715 1704 7957  0
4887 8400 3954 6308  0
2126 2158 2127 8443  0
5709 5708 6612 7975  0
8114 1925 8227 8366  0
7882 7822 7844 7754  0
2901 2884 7890 7967  0
419 355 7670 7787  0
3593 3598 3599 8339  0
8048 8098 5524 5546  0
6288 6287 6270 7768  0
2199 2233 2234 7978  0
7529 7591 7590 7856  0
7828 6615 8075 8163  0
5698 5697 6603 7661  0
1106 7733 7874 830  0
2101 2132 2102 8291  0
5810 5831 4758 8405  0
8091 6662 7029 6661  0
4865 3597 3932 8339  0
2937 2919 2936 8052  0
5698 6603 6604 7661  0
4892 4275 4895 7756  0
572 516 515 8234  0
6479 7977 7988 8170  0
2303 2266 2265 7964  0
2606 2570 2605 8003  0
3388 3765 3764 7902  0
7882 7822 7654 7844  0
6215 6216 7685 7736  0
2302 2344 1443 7964  0
6634 6997 6998 7862  0
8302 7976 8343 8360  0
922 626 625 8392  0
5742 6643 7730 5741  0
5983 6004 5982 8319  0
5198 5216 5215 7782  0
5483 5462 5484 8110  0
2132 2133 2102 7849  0
6609 6961 6962 8127  0
3587 8325 8109 2929  0
1493 1492 1314 7963  0
7881 6867 8057 8379  0
4411 4398 4399 8354  0
7906 6025 8064 8135  0
6604 6601 6935 7661  0
6815 7711 6739 6816  0
3154 7659 3141 7792  0
5789 5808 5807 7976  0
4296 4927 4297 7840  0
5780 8340 7990 5754  0
5998 5997 8177 8294  0
7478 7703 7546 8027  0
7625 8155 7564 8159  0
3999 3207 1633 7825  0
6738 6739 6815 8376  0
3603 8252 2977 8339  0
4384 4399 4398 8354  0
4366 4367 4369 8368  0
7867 7767 7927 8397  0
6454 7895 8395 6453  0
3932 4868 4865 8339  0
5553 5531 5554 8408  0
7776 7754 7899 8181  0
499 554 7791 7904  0
7408 7741 8027 7338  0
7680 1957 7675 8366  0
726 679 725 7719  0
3812 7878 3437 3815  0
392 315 393 8021  0
8278 6951 6950 7850  0
6603 6601 6604 7661  0
5960 5983 5982 8319  0
4649 4627 4173 7999  0
3579 3576 3575 8325  0
7814 7867 8307 8421  0
3190 3670 3191 8390  0
5917 5916 8438 8442  0
5205 8069 8242 8293  0
3780 2381 3402 8195  0
1782 1768 1767 8090  0
7989 6346 7747 7659  0
679 610 678 7719  0
7672 2895 2878 2896  0
3658 3659 3968 8305  0
7655 3420 3799 7772  0
2795 2815 2816 8319  0
2834 2835 2816 8319  0
2921 2938 7673 8052  0
6125 6105 6106 8052  0
7747 6375 7788 7792  0
5694 4617 4614 7661  0
5364 5385 7907 8138  0
848 869 8167 8431  0
3933 3598 3593 8339  0
3797 4113 4131 8332  0
5795 8240 7996 5813  0
3593 3599 3594 8339  0
2867 2849 2848 8294  0
4136 4135 3421 7772  0
6784 6564 6565 8170  0
2129 2160 3339 8443  0
3081 3067 3080 8249  0
7597 7033 7783 8228  0
5576 5575 7836 7934  0
2063 2093 2094 8173  0
8377 8079 2443 7678  0
8362 7867 8421 7982  0
4411 4399 4412 8354  0
1652 3215 7825 8275  0
4414 4401 4402 8173  0
6893 6869 6894 8057  0
1996 1995 2014 7907  0
5964 5943 5965 8120  0
7610 7636 7635 7994  0
7091 7092 7154 7916  0
6004 6026 6003 8135  0
7748 1216 1215 7809  0
6565 7873 7988 6785  0
5661 6517 6516 7923  0
4982 4995 4994 8203  0
3421 3420 3422 7772  0
8212 8135 6049 7919  0
4914 8305 3663 4911  0
346 8153 347 741  0
3980 3979 4290 8390  0
4921 6451 4922 8390  0
2094 2093 2125 8173  0
7696 4176 8377 4632  0
4171 4172 3832 8019  0
7610 7549 7611 7994  0
1123 8001 812 1125  0
7661 6600 5697 6603  0
2991 3006 3604 8033  0
2689 4767 4783 8435  0
3671 7895 3192 8390  0
4292 4291 4922 8390  0
880 901 8125 8216  0
6081 6062 6082 7890  0
6068 6047 6069 8420  0
8326 4992 5005 4993  0
7601 8007 7037 8257  0
4441 4440 4427 8354  0
6069 6047 6048 8420  0
2854 2872 2873 8135  0
6025 7906 8064 6024  0
6172 6173 6191 8339  0
2834 8135 8319 7906  0
545 491 490 8040  0
6297 6281 7884 8358  0
2476 3466 7950 8044  0
3190 3665 3669 8390  0
3043 3028 7685 8002  0
3980 3981 3670 8390  0
6174 8252 8339 8372  0
6068 6067 6046 8420  0
8092 4162 3823 4163  0
2884 7890 7967 8294  0
1356 1357 1162 8345  0
6477 6478 6564 8170  0
799 7898 8234 8284  0
5236 5218 8015 8126  0
1634 1626 1625 8209  0
6186 6166 6167 8033  0
7780 7809 588 657  0
7732 7668 7748 7809  0
7709 5369 8374 5368  0
7801 8219 7653 8280  0
7858 7709 7721 8138  0
5174 5190 5173 8242  0
5675 7772 4601 5676  0
3039 3053 3054 8290  0
7672 2896 7789 8325  0
3339 4057 2129 8443  0
599 667 668 8087  0
4411 4412 4425 8354  0
3043 7685 7689 8002  0
385 450 8417 8424  0
5366 5386 5365 8138  0
1315 1109 7851 7963  0
2464 2465 2428 8129  0
5307 5326 5325 7858  0
947 908 946 8248  0
7753 7712 7803 7839  0
3435 3437 3812 8418  0
837 836 858 8216  0
6089 6088 6069 8420  0
6373 6387 6372 7788  0
8388 899 937 569  0
667 713 714 8087  0
2078 8139 8065 7891  0
6048 8054 6070 8420  0
5200 5218 8005 5201  0
2239 2205 2204 8260  0
6513 5658 6514 8042  0
4430 4444 4443 8349  0
1219 7814 1220 1003  0
8092 4165 8186 8338  0
3796 3795 3417 8207  0
4175 4665 7800 8178  0
8068 7828 8075 8163  0
5364 5385 5384 7907  0
2321 1462 7700 8192  0
1453 7852 2313 2312  0
1742 1730 8171 1743  0
8207 3417 3415 3795  0
2673 2674 2639 8026  0
7762 7703 7793 8027  0
1057 7844 7913 7944  0
8138 5345 5364 5365  0
3084 3085 7768 8184  0
5904 5881 5905 8221  0
1123 811 812 8392  0
7750 729 682 683  0
5700 6604 5701 7661  0
6182 6161 8105 8211  0
5995 5973 5996 8387  0
2274 2273 8096 8260  0
4818 8000 5922 5923  0
6726 6725 6716 8253  0
7528 7460 7461 7856  0
7657 8195 7784 8216  0
5132 5117 5133 7824  0
5034 5048 5033 7991  0
5676 4602 5677 7772  0
5059 5073 5072 8171  0
3802 3427 3804 8053  0
7863 7969 7727 8078  0
6585 6584 7932 8057  0
5480 5479 5458 7893  0
7086 7087 7149 7945  0
6879 7165 6904 8030  0
7571 7000 7508 7955  0
5411 5390 5391 8139  0
7949 7898 7698 7877  0
6453 4924 7895 8395  0
6025 6047 6046 8420  0
7148 7149 7206 7945  0
7376 7377 7446 8320  0
7374 7375 7444 8320  0
7666 5404 7760 7907  0
2019 7709 8065 8139  0
3384 3383 2352 8416  0
1240 1023 8131 8411  0
7818 8243 8178 8355  0
1411 1594 1595 8421  0
3814 3813 4152 8108  0
7487 7952 7417 7418  0
6212 8252 6213 7901  0
6549 5642 5643 7921  0
8218 5994 6016 6017  0
1131 1117 1116 7868  0
4446 4433 4447 8443  0
857 808 856 7744  0
1426 8166 1235 1234  0
4291 3980 4290 8390  0
7723 806 854 8251  0
7394 7463 7393 8161  0
7908 7740 8248 7712  0
3176 3164 3163 7792  0
1886 1871 1870 7865  0
7770 2484 7925 8085  0
8260 5520 5542 5543  0
594 595 538 7882  0
6376 6375 7747 7792  0
7777 7638 7613 7612  0
8240 5812 8121 8405  0
1066 1276 7947 8208  0
6277 6294 6310 8432  0
7741 7338 7793 8027  0
7793 7408 7338 7407  0
7776 7787 7899 8316  0
7803 942 8125 904  0
4446 4461 4460 8443  0
1645 1644 7715 8209  0
2758 2788 2759 8373  0
1881 8059 1896 7931  0
5672 6580 6579 7808  0
830 829 832 7733  0
4960 7841 4959 7825  0
4123 7687 3790 8141  0
4120 3787 4121 8088  0
7510 7730 7572 7571  0
1428 1427 1611 7937  0
6606 5704 6619 7806  0
5620 5619 4544 8018  0
3789 3410 3411 7687  0
7606 7544 7545 7778  0
8372 4257 3585 3929  0
8086 1248 7816 8028  0
1919 7933 1936 1920  0
383 7812 7922 8424  0
2693 3521 2692 8142  0
4030 3286 4366 8368  0
1684 1694 1695 7811  0
1285 7887 2354 2353  0
2631 2666 2632 8134  0
6046 6047 6068 8420  0
7364 6931 7294 8030  0
2334 2374 7819 8289  0
6139 6158 6138 8109  0
1509 7938 1485 8233  0
2372 2371 1487 7875  0
2089 2059 4410 8354  0
4533 8434 5661 8427  0
485 540 486 7870  0
554 7719 7791 7904  0
6511 5628 5629 8032  0
7905 6976 6989 6977  0
542 7827 487 7870  0
7407 7793 7406 7337  0
7064 6700 6699 8106  0
7782 4357 3273 5197  0
3371 2325 2346 7934  0
5898 5873 8000 8188  0
2417 8353 8108 3440  0
7053 7054 6689 8007  0
3899 3547 2775 3540  0
8325 6117 6096 8297  0
2287 3744 7836 7934  0
7544 8027 7545 7778  0
7762 7406 8027 7793  0
7779 8046 8296 8316  0
666 7870 598 597  0
7545 7478 7546 8027  0
4932 4301 4302 8209  0
502 556 557 8322  0
5382 5362 5383 8136  0
1155 7751 1177 1156  0
6737 8191 8376 6814  0
2319 1460 2320 8192  0
2510 8440 7705 2509  0
6375 6360 6376 7747  0
998 701 7732 7809  0
7635 7062 7061 7994  0
2793 8189 7771 7915  0
5954 5977 8177 8189  0
7757 6688 6719 8302  0
1889 1888 1905 7865  0
2790 2760 8177 8189  0
3285 3288 1901 8368  0
2791 2790 8177 8189  0
2811 2791 8177 8189  0
4323 7715 3224 4977  0
5321 5341 5340 8136  0
5369 5370 8139 8374  0
2763 8189 2762 2792  0
5953 5954 8177 8189  0
8240 7985 2592 8121  0
7985 3498 3503 8121  0
969 981 970 8070  0
7140 7914 6837 7141  0
7591 7590 7856 8409  0
7985 5794 7990 8121  0
5509 5487 5510 8406  0
7338 7793 7407 7337  0
2761 8373 8189 2728  0
1577 1442 1576 8086  0
7478 7703 7479 7546  0
7407 7477 7476 8027  0
3503 3502 3510 8121  0
3547 8120 3561 3904  0
7465 7532 7464 8161  0
6221 6201 6202 8299  0
5414 8196 5415 5436  0
7051 8257 7757 8228  0
6040 6020 6041 8294  0
706 7814 8231 7910  0
5509 8348 5486 5487  0
3503 3510 2592 8121  0
1470 1469 1036 8284  0
2078 8139 2049 8065  0
494 549 495 7802  0
4575 5644 4574 7921  0
3438 8367 2415 3436  0
8172 7915 5887 8134  0
7001 7043 7629 8298  0
2948 2964 2965 8109  0
8252 6157 6156 6176  0
5742 7946 7980 8143  0
7672 8325 6057 8386  0
4152 4623 4153 8108  0
2946 3587 2945 8109  0
8368 4371 3294 4372  0
6157 8252 6177 6176  0
7951 6799 8282 6846  0
1989 1990 7701 8287  0
5406 7760 7907 8241  0
7530 7531 7592 8161  0
5905 5906 5929 8373  0
6140 6158 6139 8109  0
4152 3813 4151 8108  0
2123 4441 8354 2154  0
7206 7741 7270 7205  0
1453 7852 1452 7920  0
2191 2158 2157 8443  0
2945 2962 2946 8109  0
5071 5058 5072 7981  0
7648 7074 7647 8122  0
7645 7646 7072 8122  0
8155 7820 7765 7671  0
7230 7914 7141 7231  0
6118 6139 6138 8109  0
1469 1035 1036 8284  0
7887 7846 7812 7821  0
1937 1936 1954 8095  0
7741 7408 7409 7339  0
3508 3509 3502 8121  0
1883 3279 7931 8309  0
2930 2929 2947 8109  0
6899 8013 6900 6926  0
7938 8289 1487 7875  0
5271 5290 5289 8182  0
7574 7573 7512 8143  0
8033 3941 6207 4874  0
7907 8138 8422 8423  0
1102 1116 7738 7744  0
7865 5259 5241 5240  0
7780 8231 7754 8330  0
7933 1919 1936 8095  0
2962 2963 8109 8252  0
5832 5857 8142 8405  0
7621 7979 8122 8286  0
5793 7990 5792 5778  0
2046 2074 2075 8241  0
2092 2123 8173 8354  0
2845 2863 7890 8218  0
7678 939 8080 8125  0
1521 3427 1519 8385  0
2963 2980 8109 8252  0
2980 2995 7736 8252  0
7578 7866 7579 7015  0
5482 8023 5504 5503  0
2445 8285 2446 8079  0
6184 6183 6163 8299  0
7733 1168 1167 8388  0
4191 7717 7737 7961  0
4532 5644 5643 7921  0
1946 1945 7858 8055  0
3438 3436 3813 8108  0
6138 6157 6137 8109  0
4575 5645 5644 7921  0
5412 5413 7891 8139  0
415 471 472 7797  0
8247 6829 6579 6578  0
6826 6860 7718 8247  0
2479 2480 1574 8009  0
5911 5935 5934 7771  0
1319 1318 1112 8216  0
1113 1112 838 8216  0
7942 6996 6982 8201  0
5267 5286 5285 8055  0
4196 8062 4197 3857  0
6711 7075 7076 8215  0
8074 5825 6736 7968  0
8358 3623 8382 8432  0
6550 5643 5644 7921  0
6043 6044 7967 8064  0
1928 1912 1911 8055  0
3261 1791 1776 8150  0
2237 2272 2273 8260  0
1776 1791 1777 8150  0
1357 7810 7835 8345  0
8066 8345 929 7924  0
7810 7830 7835 8345  0
2402 2401 8137 8332  0
7891 2078 8034 8065  0
4103 7653 4550 8280  0
7897 7671 7765 7734  0
6117 6118 6138 8109  0
5505 5527 5504 8110  0
6350 6351 6366 8300  0
2947 2929 2946 8109  0
6335 6351 6334 8300  0
2447 3450 2448 8285  0
2157 2126 8349 8443  0
5953 5952 5930 8373  0
7420 7489 7952 8286  0
1255 7948 8008 1045  0
7035 7051 7050 8228  0
5212 5196 5213 8059  0
1929 1930 1912 8055  0
5433 8139 8065 5411  0
491 435 8040 8077  0
2267 7964 8037 2266  0
7271 7742 7207 7272  0
8063 5210 5209 5227  0
1944 1945 1929 8055  0
4294 7895 4924 8395  0
1878 8063 1861 1877  0
4941 4930 8209 8270  0
3846 3847 7894 8315  0
7666 5383 7907 8136  0
3927 4259 2928 3930  0
7948 1256 1045 8266  0
8277 2374 7819 2375  0
3160 3148 3654 8190  0
4365 3713 3289 8182  0
1052 7776 7899 7920  0
1753 1740 7664 7981  0
1282 8416 8193 2351  0
2231 2232 7888 8037  0
5283 5264 5284 8055  0
5383 5404 7666 7907  0
2864 2883 2884 7890  0
7414 7484 7483 7984  0
6374 6375 6389 7792  0
7572 7008 7571 7730  0
7738 2397 2399 1502  0
6850 6849 6803 7921  0
8155 7820 7972 8267  0
6889 7881 6890 6916  0
4540 4541 7973 8414  0
1472 8342 1037 1038  0
800 8342 8284 8011  0
1734 1722 1733 7940  0
6735 6729 6736 8074  0
6197 6198 7736 7848  0
5230 5248 5247 8059  0
6686 7757 7051 6687  0
7814 1221 1004 8047  0
2049 2019 2048 8065  0
5626 4551 5627 8076  0
1850 3705 3269 8073  0
8308 7728 7775 7966  0
7433 6932 7503 8232  0
1221 7814 8362 8047  0
8345 8066 929 928  0
8034 5432 5431 5452  0
4782 2686 2687 8401  0
3043 3044 3028 8002  0
5228 5246 5227 8063  0
7746 5876 5853 5852  0
2206 7707 7832 8048  0
5849 5873 7864 7968  0
1125 1128 1126 8001  0
3450 3451 7908 8092  0
2490 2489 3477 7894  0
4980 8203 4993 7715  0
8359 6767 6560 6813  0
608 7796 607 676  0
3221 4977 3224 7715  0
5248 5266 5247 8055  0
7114 7115 7183 8060  0
5305 5285 5286 8055  0
6971 6972 6985 8043  0
2043 2013 2042 7907  0
5733 6632 5734 8201  0
8005 1822 7824 1823  0
4189 7717 3849 8103  0
1928 1944 1929 8055  0
5364 5363 7858 7907  0
7841 4970 4982 4971  0
909 947 7853 8248  0
516 517 462 8234  0
6032 8107 8148 6009  0
5405 5427 5404 7907  0
7892 3862 3863 8426  0
5405 5385 5406 7907  0
8241 5431 5430 5451  0
5035 5050 5049 7991  0
4980 4993 4992 7715  0
6685 6686 7757 8228  0
604 672 673 8327  0
1664 3225 1675 7715  0
8090 8016 8171 8398  0
1523 2408 2410 8210  0
2408 3428 3430 8210  0
7796 605 549 606  0
5404 5383 5405 7907  0
8225 4660 7716 8243  0
7470 7469 7769 8441  0
8382 6279 6295 6296  0
2043 2015 2014 7907  0
7794 7733 7835 7874  0
2013 2043 2014 7907  0
988 691 987 8391  0
6803 6549 6550 7921  0
5538 8037 5561 5537  0
6804 6550 6551 7921  0
1996 1979 7858 7907  0
5266 5285 5284 8055  0
8270 3679 3681 4315  0
8153 7889 8371 8375  0
5427 5406 7760 7907  0
5247 5266 5265 8055  0
1895 1912 1913 8055  0
627 335 334 8021  0
5644 6551 6550 7921  0
4653 8129 8440 8310  0
6804 6850 6803 7921  0
7972 7425 8155 8267  0
3172 8045 3183 3173  0
7157 7995 7214 7653  0
7207 7149 7150 7945  0
6519 5662 5595 8434  0
1453 1262 1263 7920  0
6237 7815 7970 8104  0
7692 1772 8016 8279  0
1261 1262 1452 7920  0
6996 7862 7504 6997  0
5644 5645 6551 7921  0
4535 4534 8041 8434  0
6549 6802 6548 7921  0
6549 6803 6802 7921  0
6802 6803 6849 7921  0
7667 5730 6629 7688  0
5870 5846 7864 8026  0
1924 1925 1908 8114  0
2014 2015 1997 7907  0
1934 1918 1917 8309  0
7107 7175 7847 8014  0
8434 7799 7677 8041  0
1244 8237 1435 1436  0
6267 6266 6250 8290  0
364 365 759 7844  0
2466 2429 2465 8129  0
8413 7742 7821 8169  0
1902 7933 1920 1903  0
2636 2637 2601 8039  0
7943 1257 1448 1258  0
7251 7321 8046 8296  0
7652 7727 7914 8071  0
6791 8123 8191 7121  0
7726 7744 7731 7738  0
5838 5817 5818 8051  0
45 10 11 28  0
4595 7808 5671 8137  0
4987 7883 5000 4999  0
8195 7753 7657 7784  0
945 7803 906 944  0
44 33 51 34  0
3248 5078 4342 8255  0
8010 1862 8063 1861  0
7345 7276 7346 8169  0
4425 4439 4438 8354  0
1152 8206 1350 1153  0
5257 7933 5275 8015  0
3359 3364 7888 8406  0
3195 3675 3196 8395  0
866 845 844 7839  0
2336 2375 2376 7819  0
7678 2441 2442 8377  0
2802 8428 2772 2801  0
8108 7903 7774 8127  0
7763 7758 7769 8441  0
7813 693 646 647  0
4970 7841 4958 4971  0
921 1151 1152 8392  0
8344 7729 7691 7807  0
6791 8256 8191 6814  0
7776 7943 8316 7988  0
565 8124 511 510  0
3131 3120 3119 8194  0
4082 3373 3750 7722  0
391 392 810 8392  0
7778 7684 7896 8220  0
6362 8194 6363 7659  0
1211 7732 7735 1212  0
4534 4088 4535 8041  0
7664 1765 1752 1766  0
2672 2638 2637 8039  0
6757 8006 6502 8413  0
2688 2689 4783 8435  0
56 112 98 134  0
1383 7740 1190 1382  0
3419 2405 1514 7655  0
8114 5278 7675 5279  0
6167 6187 6186 8033  0
3662 3179 3189 8024  0
6510 8032 6765 7674  0
6407 6408 6420 8024  0
8320 7237 7236 7306  0
2846 2826 2845 8218  0
2671 8438 2704 2705  0
3527 8370 8221 5878  0
7969 7863 7727 7730  0
7784 1501 1499 8113  0
2232 2231 2267 8037  0
6636 5714 5748 7999  0
6824 7674 7132 7131  0
1653 3221 3225 7715  0
6773 7103 7755 7923  0
6513 6514 6770 8042  0
6770 8369 6514 6771  0
2278 2242 2277 8098  0
2636 7767 2600 8039  0
6455 6454 6443 8395  0
2421 7774 2422 1533  0
2616 2580 4745 8429  0
3035 8288 8358 3050  0
7871 5948 5947 5970  0
7131 6766 6824 8032  0
2991 2992 2974 8033  0
5561 5560 5537 8037  0
7895 3984 4294 3983  0
2918 2917 2935 8235  0
8381 7415 7485 7416  0
6363 6347 6348 8194  0
921 625 624 8392  0
6370 4897 6339 8306  0
7264 7199 7200 8304  0
3120 3131 3132 8194  0
2025 2024 8196 8224  0
8063 5228 5210 5227  0
7856 7462 8161 8296  0
7727 7652 7862 8071  0
1095 7687 8167 1303  0
4634 5729 7688 7817  0
3245 3246 7991 8255  0
6098 6099 7789 8325  0
6513 6512 5657 8042  0
6413 6426 6425 8045  0
1349 1528 1529 7838  0
3873 7699 3872 4213  0
6355 7752 6356 7788  0
186 170 214 8439  0
2654 4764 4765 8429  0
2700 2701 2667 8172  0
4432 4445 4431 8443  0
3422 1505 8137 8337  0
3856 3857 3485 8301  0
93 94 116 8133  0
870 871 849 8167  0
7122 6814 6815 8256  0
7287 7356 7286 8267  0
2054 2025 2024 8196  0
6378 6377 6362 7659  0
5617 7973 8006 5616  0
5311 5291 5292 8182  0
5650 4581 5651 8236  0
8388 295 638 7909  0
5127 5144 4349 8150  0
6033 4849 4852 8148  0
2003 8139 8200 8271  0
8139 8200 8271 8374  0
1251 1479 8371 8378  0
5363 5342 5343 8136  0
5128 5145 5144 8150  0
5229 5212 5230 8059  0
8067 7700 7663 8132  0
870 890 891 8167  0
5071 5072 5086 8171  0
3483 3855 3484 8301  0
7999 4171 4172 4649  0
6783 7112 6782 7873  0
3617 4266 3947 8358  0
1996 7872 1977 8136  0
2633 2667 2668 8172  0
5354 5355 3303 8095  0
4372 8095 8368 5313  0
7625 8155 7563 7564  0
2222 2256 2257 8333  0
7624 7563 8159 7979  0
5904 5903 5881 8221  0
7241 7176 7177 8014  0
5292 5291 5272 8182  0
5272 4365 5292 8182  0
8215 6663 7076 6711  0
7265 7793 7266 7335  0
7710 7667 7942 8201  0
1096 794 1097 8167  0
1893 1894 1877 8063  0
8130 225 213 196  0
7520 7521 7582 7966  0
541 487 486 7870  0
7759 7658 8264 8343  0
5787 5801 5786 7861  0
3201 1626 1627 8209  0
5059 5060 5073 8171  0
3483 8301 3854 3855  0
3649 3653 3654 8190  0
6073 6092 6072 8212  0
7890 6064 6063 7967  0
1381 1563 1382 7740  0
6903 6879 6904 8230  0
4565 4598 8204 5634  0
2487 1610 2486 7997  0
8194 3108 3107 8347  0
7786 8330 8316 7668  0
7865 1855 8005 8069  0
2024 2053 2054 8196  0
7836 2249 2285 2284  0
1514 1516 3419 7655  0
5 10 4 18  0
7 22 12 14  0
3110 3124 8184 8300  0
6375 6358 6359 7747  0
2710 2677 2676 8188  0
7774 7772 8127 7743  0
5435 5413 5414 7891  0
1168 8022 1167 1363  0
2015 7907 8422 8423  0
8098 7832 2207 2241  0
1221 1413 1222 8362  0
1751 1739 1738 7971  0
6722 6731 6721 8302  0
5201 5200 5184 8005  0
6356 6355 7788 8306  0
6717 6716 6685 8253  0
934 638 7909 8388  0
8163 8068 7975 8075  0
1304 7687 8167 2390  0
8096 5584 7977 5605  0
721 722 675 8166  0
2675 2676 2641 7864  0
7808 4596 4595 5671  0
7788 7747 3114 7752  0
7898 7877 7949 8284  0
6498 6753 7900 7945  0
7855 1066 7947 8208  0
2540 1605 1604 8094  0
4099 4098 3765 7902  0
7391 7461 7856 8296  0
1916 1917 1899 8309  0
7009 6641 7008 7730  0
6143 6122 6123 8105  0
1983 1982 7709 7721  0
3360 3359 7888 8406  0
5880 5856 5881 8142  0
5554 5532 7836 8157  0
5533 5510 5511 8406  0
6161 7848 8105 8211  0
8015 3288 1902 8368  0
537 8231 593 7882  0
5863 5864 5888 8172  0
5072 5058 5059 8171  0
5840 5863 5839 8172  0
5290 5310 5309 8182  0
3202 3991 3201 8209  0
2781 4838 3554 4824  0
8272 4240 4830 3558  0
2787 2757 2786 8221  0
800 8234 8284 799  0
4930 4300 4931 8209  0
4592 5669 5668 8207  0
5528 5551 5550 8217  0
5370 5369 8139 5390  0
2842 7672 2861 2843  0
8217 2249 2284 2248  0
1471 8097 8117 1470  0
4451 5532 5531 8157  0
8097 7949 8117 8284  0
1950 1933 1949 8182  0
4942 4941 4931 8209  0
5776 8128 4689 8426  0
5554 5531 5532 8157  0
3202 3201 1627 8209  0
7510 7443 7511 7983  0
1951 8271 1950 1968  0
5291 5311 5310 8182  0
7739 6905 6881 6880  0
8249 6316 6315 7989  0
1860 8063 1859 1876  0
5290 5291 5310 8182  0
3959 4896 3645 8306  0
6982 7710 7942 8201  0
3963 3652 3653 8190  0
5134 5135 7918 8090  0
7671 7897 7764 7892  0
3533 3534 3528 8221  0
3992 3991 3202 8209  0
8029 7244 7180 7179  0
6790 6789 7953 8123  0
7795 8296 7683 8161  0
3413 7877 3414 8061  0
2725 2726 2693 8221  0
1363 8099 1364 1168  0
2554 2513 2553 8225  0
64 63 52 34  0
4401 4387 4402 8173  0
4062 4066 4435 8157  0
4801 4784 4785 8435  0
2006 1988 2005 8200  0
7036 7600 7037 8257  0
5 19 11 28  0
800 736 799 8284  0
6884 6883 6845 7718  0
4988 4987 4976 8275  0
1625 1626 3200 8209  0
6737 8191 6814 6791  0
937 8388 569 936  0
7026 7589 7823 7025  0
7968 5874 5875 5851  0
7760 5471 7849 7986  0
5346 5365 5345 8138  0
6417 6405 6418 7792  0
3105 3106 3093 7989  0
6499 7945 7973 8006  0
891 871 870 8167  0
3609 3610 3606 8185  0
2053 2052 2082 8196  0
2275 7852 8260 2274  0
1421 1422 8012 8094  0
3717 3297 4032 8200  0
6019 6020 6040 8294  0
6796 6542 6797 7829  0
4151 4621 4622 7661  0
7530 7592 7856 8161  0
4169 3830 3829 7969  0
8190 4901 4902 3962  0
3647 8190 3148 8306  0
795 794 850 8167  0
389 783 388 8258  0
696 697 650 8036  0
7750 616 560 8363  0
7304 7374 7373 7983  0
2998 2983 7848 8211  0
6979 6956 7710 7905  0
3520 2692 3521 8142  0
6203 8299 6221 6202  0
2756 3534 3533 8221  0
5120 5121 5136 8119  0
5857 8240 8142 5833  0
4347 4349 4346 8150  0
4025 7931 4358 4023  0
2994 3009 3010 7901  0
3198 8270 3209 3210  0
3202 1627 1628 8209  0
7926 7959 8031 8263  0
7803 8248 7712 7908  0
5776 4688 5775 8426  0
7776 7670 7787 8316  0
6379 6393 6392 7659  0
739 802 740 8342  0
6628 7817 6627 7905  0
7592 7591 7856 8409  0
3384 7887 2352 2353  0
5416 5415 5395 8196  0
3461 2462 8273 8310  0
849 850 794 8167  0
5 6 11 19  0
1017 1018 721 8166  0
5998 5976 5999 8177  0
5271 5289 5270 8309  0
2116 2147 8110 8384  0
918 1155 1156 7751  0
5896 8026 5871 8188  0
6189 8033 8352 6207  0
2374 8277 8289 1490  0
1854 1838 1853 8005  0
3600 2975 2992 8352  0
5370 5371 8139 8374  0
7829 4591 4559 5668  0
4148 7804 3810 8418  0
6377 6361 6362 7659  0
5272 5290 5271 8182  0
612 611 680 8322  0
6399 6411 6398 8190  0
7694 7937 7719 8131  0
7700 8263 7822 7805  0
4854 6053 4256 8148  0
3820 4159 4160 7688  0
4300 4301 4931 8209  0
7635 7636 7062 7994  0
2469 8068 2434 2433  0
3645 3963 3649 8190  0
3650 8300 8229 3964  0
4719 8225 2552 4700  0
1645 1636 1635 8209  0
1749 3250 1762 8255  0
2343 2341 1252 8378  0
2101 2100 2132 8291  0
1096 793 794 8167  0
7706 7703 7741 8317  0
6733 5847 6732 7864  0
4582 4121 4122 8359  0
7836 5576 4482 5575  0
5275 7933 8368 8015  0
5954 5977 5976 8177  0
7063 6699 6698 7994  0
6359 6343 6344 7747  0
849 871 850 8167  0
5307 5326 7858 8269  0
7096 7097 7159 7674  0
5736 6638 5737 8238  0
3669 8305 3665 3668  0
7886 1583 8364 1399  0
5527 8217 5528 7959  0
6347 6361 6346 7659  0
676 7796 607 675  0
4656 5717 4657 7705  0
750 751 1050 7787  0
7963 1315 1494 7851  0
3421 3422 3416 8137  0
3263 3264 3260 8150  0
3421 3797 4136 8137  0
3797 3421 3416 8137  0
5567 5544 5568 8260  0
6182 6163 6183 8299  0
5711 5718 5717 8163  0
7144 8304 7201 7143  0
1992 1974 1973 7680  0
8330 7786 7809 7668  0
7969 7863 7980 8078  0
1911 8055 8059 8063  0
1146 1141 1140 7751  0
8301 3483 3854 7961  0
3623 3617 3622 8432  0
5721 5713 6620 8243  0
485 539 7870 7882  0
726 680 679 7719  0
8099 936 1169 8388  0
3115 3127 3116 7747  0
6562 7873 6782 7837  0
3152 3139 7788 7792  0
1017 1234 1018 8166  0
1315 1314 1108 7963  0
3259 3260 3256 8150  0
2992 3604 8033 2991  0
7952 7420 8312 7419  0
4619 5698 4621 7661  0
7839 884 864 885  0
8289 1311 7874 1310  0
3194 3673 3674 8395  0
1006 1007 710 7713  0
3295 8368 3294 8095  0
5048 3241 4333 7991  0
7971 7664 1740 7981  0
1721 1710 7725 7940  0
2944 7690 3592 8265  0
4117 8162 7708 8314  0
3165 3164 3177 7792  0
5729 5728 6627 7817  0
2964 7736 7848 8109  0
1963 1946 7858 8269  0
3631 3630 3634 7752  0
5183 5184 5200 8005  0
3319 2055 3723 8196  0
2520 8115 7985 2521  0
110 8393 111 8133  0
4128 8425 3794 8207  0
4849 4254 4852 8148  0
4854 6052 6053 8148  0
72 73 94 8133  0
4303 4933 4302 7695  0
7753 7657 7784 8125  0
2917 2916 2934 8235  0
1495 7722 8195 2380  0
1421 1229 1420 8094  0
5031 5045 5044 7725  0
6527 6528 6738 8376  0
3772 7833 3773 8076  0
1820 1821 1807 7782  0
6895 6894 6870 7880  0
6716 6715 8020 8253  0
2948 2965 7848 8109  0
7492 7559 7491 8286  0
6890 6917 6916 7881  0
811 392 8021 8392  0
1432 1241 1240 8131  0
7086 7149 7148 7945  0
84 107 93 83  0
2882 2883 2864 7890  0
7716 4661 8178 8243  0
2601 2637 7781 8039  0
517 574 8011 7965  0
7364 7295 7365 8030  0
954 8028 953 976  0
3128 3142 3129 7659  0
3811 4149 4151 7661  0
1284 2352 1283 8193  0
4619 4149 4617 7661  0
7791 774 8193 8176  0
2408 3430 2410 8210  0
66 67 47 40  0
8358 3035 3050 3619  0
674 605 673 8327  0
986 690 973 8344  0
505 504 559 7922  0
6251 6232 6233 7685  0
8126 4359 4362 5215  0
980 1198 981 8070  0
659 660 591 8231  0
7874 1331 7929 7938  0
2629 2630 2594 8240  0
5339 5338 5319 7680  0
5359 5358 5339 7680  0
1079 780 1080 8424  0
5409 5408 5388 8065  0
329 331 326 312  0
4682 8301 4683 4195  0
8358 3035 3615 8185  0
7340 7341 7410 8187  0
4083 4114 4574 8195  0
5339 5358 5338 7680  0
5102 5101 5087 8398  0
1995 2013 2014 7907  0
7168 7914 7167 7099  0
1862 8063 1861 1878  0
1727 1739 1728 7971  0
7869 7898 7949 8234  0
6569 6788 6568 7953  0
4088 7799 4535 8041  0
7974 7671 8062 8089  0
1809 1808 1822 7824  0
8127 6885 6886 8247  0
1207 1399 1208 7886  0
3395 2364 3396 8261  0
3638 3642 3639 8306  0
7129 7128 6821 8132  0
7672 6015 6036 6037  0
6562 7873 7837 6563  0
2356 3387 2355 7902  0
311 297 234 263  0
5679 6581 8204 8379  0
3834 3460 3833 7878  0
2733 2766 2734 7771  0
1907 1890 1889 8293  0
5608 7953 8410 6483  0
7667 7710 7942 8030  0
5340 5360 5359 7680  0
5339 5320 5340 7680  0
7342 7411 7341 8187  0
3631 8432 8382 3625  0
5379 7666 5380 5400  0
7916 7821 8018 8219  0
5764 5765 4677 7737  0
703 656 702 7809  0
5706 4630 5705 7903  0
3787 7687 8088 3788  0
7767 7867 8020 8397  0
4648 4649 4171 7999  0
5089 8398 8171 8016  0
6613 6612 6965 8075  0
6235 6254 6253 8002  0
1515 1124 1126 8001  0
4165 4640 4641 8338  0
5548 5547 5525 8023  0
1129 813 7798 8001  0
4996 4983 7841 8203  0
8212 3925 3927 3581  0
853 455 512 8118  0
3540 3535 2743 3894  0
3577 3925 3926 8212  0
8338 5734 6633 8201  0
3265 8073 4348 8144  0
6932 6933 6958 8232  0
213 242 243 8439  0
6933 6959 6958 8232  0
2932 2914 2931 7789  0
4278 6368 7756 8300  0
3157 3144 3143 7659  0
1472 8342 1038 8097  0
3812 7878 3815 8418  0
6694 7896 8335 8220  0
2631 2596 2595 8051  0
8273 3835 4157 3818  0
1628 1636 7695 8209  0
1295 8251 8261 1084  0
3157 3143 3156 7659  0
1558 1377 7803 7908  0
1681 1692 1693 7883  0
3484 3855 3856 8301  0
8147 4015 4013 4340  0
6902 8013 6928 6901  0
5380 5360 7666 7680  0
5688 4610 6594 7739  0
7479 7480 7547 7703  0
6565 6479 7988 8170  0
5914 5913 5891 8274  0
5860 5836 5837 8051  0
7357 7427 7426 8267  0
2201 2167 7978 7986  0
5371 8224 8139 8200  0
4332 5047 3692 7940  0
6522 6521 5597 8268  0
4123 4124 4584 8141  0
5263 5262 5244 8227  0
4995 4996 8035 8203  0
7130 7199 7198 8132  0
5492 5470 5471 7849  0
6252 6233 6234 7685  0
801 800 8011 8342  0
5087 8171 5086 5072  0
3485 2498 2497 7816  0
5702 5703 7903 8127  0
226 225 197 8439  0
5484 5506 5505 8110  0
7690 4264 8352 3935  0
6252 6268 6251 7685  0
3025 3040 3041 7685  0
7758 7601 7540 7539  0
7954 7775 8083 8308  0
5043 5029 5030 7725  0
7208 7209 7273 7742  0
3666 8024 3189 7840  0
2847 2826 2846 8294  0
4721 8225 4702 2554  0
1147 7751 1158 7939  0
2612 2647 3517 7746  0
6060 8218 6039 7890  0
7816 3485 3484 2497  0
1120 7669 8392 1337  0
3156 3143 3142 7659  0
3153 3164 3165 7792  0
4970 7841 8203 7695  0
1512 3423 3417 7790  0
3570 3920 3575 8386  0
2159 2160 2129 8443  0
1078 7812 1289 1288  0
757 1056 756 7917  0
1563 8078 1564 7740  0
364 759 758 7844  0
7777 7994 7549 8187  0
5537 7888 7978 8037  0
3132 3121 3120 8194  0
3118 3130 3119 7659  0
4114 4575 4574 8195  0
7313 7314 7383 8025  0
2907 2925 8054 8341  0
985 7807 1203 8344  0
6378 6391 6377 7659  0
7946 4667 7950 8404  0
2268 2232 2267 8037  0
7846 7791 7904 8198  0
983 971 982 7965  0
2534 7982 8111 8264  0
1352 1531 1532 8206  0
3409 3787 3408 8088  0
7585 7523 7954 8308  0
4114 4115 4575 8195  0
7881 6889 8213 6916  0
6329 7747 6344 7884  0
5677 5678 7772 8137  0
7836 2287 2251 3740  0
5843 7781 5821 5822  0
7935 7673 2972 2956  0
5571 7959 8098 5548  0
2345 3378 2346 8208  0
6347 6362 6361 7659  0
4031 4369 4372 8368  0
2841 3564 3563 8272  0
5140 5123 7785 5139  0
2123 2091 2122 8354  0
3865 3458 3493 8019  0
997 1214 998 7732  0
8091 5788 7766 7767  0
7820 8155 7662 7671  0
1993 2010 7666 7680  0
1020 1237 1021 7937  0
2010 1992 1991 7680  0
2282 2246 2281 8217  0
2613 2612 7976 8058  0
1107 7733 832 7963  0
2235 2236 7831 8323  0
7862 6634 6633 8338  0
483 482 537 8403  0
2197 7849 7888 7978  0
3140 3139 3153 7792  0
5566 8096 8323 8260  0
6907 6881 6596 8232  0
8114 5259 5278 5260  0
4083 4574 7722 8195  0
1109 834 7885 7963  0
6887 8145 8247 6863  0
1131 876 1135 7868  0
4115 7708 8195 8113  0
587 7928 655 7786  0
7592 7593 8081 8161  0
3027 3012 3026 7685  0
5103 5104 8090 8398  0
3081 3096 3082 8347  0
3115 3126 3127 7747  0
3033 3048 3049 7970  0
6926 6951 6925 8278  0
2352 3383 2351 8416  0
8023 5482 5504 8110  0
7932 4567 4568 7819  0
3117 3103 3116 7747  0
7622 7560 7979 8286  0
8358 3943 3942 4878  0
3468 2477 2476 7950  0
5322 8136 5343 5342  0
1020 7719 1021 724  0
6219 6201 6220 7815  0
6679 6661 6680 8091  0
3382 2350 2351 8416  0
883 884 863 8222  0
130 117 116 140  0
5535 5558 5534 7888  0
4588 4587 4127 8042  0
1497 1318 1319 8195  0
7882 594 8047 8231  0
6013 6014 6034 8386  0
7665 7722 7963 7951  0
2455 1566 2454 8324  0
1793 1792 1806 8158  0
7775 7996 8083 7985  0
7697 1762 8150 8255  0
2382 7784 8113 1501  0
3807 3809 3434 8367  0
4845 4848 6012 8386  0
2149 3337 2148 8110  0
7757 6729 6728 8074  0
5134 5119 5135 8090  0
7847 6778 6521 6777  0
2964 7848 2981 2965  0
1230 1231 1014 8012  0
718 8327 1015 719  0
6424 8045 6412 6425  0
4347 5127 8150 8336  0
858 836 458 7885  0
7260 7329 7259 8038  0
2968 2952 2951 8105  0
3127 3141 3128 7747  0
441 376 440 8198  0
4166 4641 8238 8338  0
1195 1176 1194 8116  0
893 7723 8174 8412  0
5620 4545 5621 8018  0
8063 1891 8227 8293  0
2503 2502 3490 7974  0
781 386 387 8417  0
4432 4431 4418 8443  0
3275 1835 3271 7782  0
3517 7746 3885 3880  0
2129 2128 2159 8443  0
3838 3457 3831 7980  0
2128 2127 2158 8443  0
3996 3998 4306 8346  0
1563 8078 7740 2452  0
2159 2191 2192 8443  0
1081 1080 781 8417  0
4644 4169 4168 7969  0
386 781 780 8417  0
7850 6952 8013 8278  0
8227 1911 1928 1910  0
6566 6565 6479 7988  0
955 979 956 8412  0
1198 1199 981 8070  0
2970 2953 2969 8105  0
3620 3048 3062 7970  0
1552 2443 1553 8079  0
3287 3284 3286 8368  0
3140 3126 3139 7747  0
5047 4329 3692 7940  0
4121 4120 8088 8236  0
1902 7933 1919 1920  0
7338 7268 7741 7793  0
3187 3196 7840 8395  0
3049 3612 3034 7970  0
3064 3619 3063 8358  0
3998 3996 3207 8346  0
1558 7803 1376 8079  0
6112 8054 6111 6090  0
834 831 833 7885  0
6030 6007 6031 8148  0
4168 3829 3828 7969  0
1557 1376 1375 8079  0
4145 3809 3807 8396  0
290 7924 321 341  0
6345 6360 6359 7747  0
6344 6345 6359 7747  0
3830 4169 4170 7969  0
7621 7979 8286 7622  0
4168 4643 4644 7969  0
3203 1629 3204 7695  0
7930 7677 8014 8246  0
1356 1535 7810 8313  0
7722 7665 7963 7851  0
515 514 571 7869  0
7698 7983 7914 7730  0
1055 755 756 7917  0
1781 7664 7824 8090  0
7703 7479 7546 7547  0
570 571 514 7869  0
1821 1820 1835 7782  0
7563 7979 8155 8159  0
3140 3141 3127 7747  0
6751 6750 6496 8328  0
3116 3128 3117 7747  0
6359 6360 6375 7747  0
6345 6346 7659 7747  0
3887 7746 4223 3522  0
616 7750 559 615  0
3663 8305 3664 3659  0
7492 7422 7845 8286  0
1829 1830 1816 7785  0
5791 5755 4710 8335  0
3128 3141 7659 7747  0
3118 3129 7659 7747  0
372 7855 7947 8077  0
451 386 450 8417  0
1277 7855 1066 1067  0
2104 2135 2136 7986  0
7665 7733 7880 7963  0
579 578 7813 7987  0
1836 3275 1851 7782  0
7172 7236 7171 7755  0
6709 6708 7073 8122  0
1919 7933 8368 8095  0
7313 7244 7314 8025  0
2812 2811 7714 8189  0
5666 6542 5633 7829  0
3762 7821 4096 8414  0
3348 2162 3342 7956  0
7975 7774 7903 8213  0
2600 2601 2565 7767  0
6034 6055 6012 8386  0
7779 7954 7588 7526  0
5874 5875 5899 8000  0
3571 3567 3570 8386  0
1283 8416 2352 2351  0
3576 3570 3575 8386  0
3572 8272 2841 8386  0
6036 6035 6014 8386  0
5670 7808 8137 5671  0
2531 2569 7982 8397  0
5357 5338 5358 7680  0
4122 8236 7687 8359  0
6278 6294 6277 8432  0
834 1108 832 7963  0
1974 1956 1973 7680  0
1094 792 1095 8357  0
5194 8059 5193 8073  0
2060 2091 2061 8354  0
1786 8016 1785 7692  0
3472 7997 2485 8085  0
1177 7751 7854 1156  0
7297 7296 7227 8292  0
1384 8078 1383 1565  0
4706 4663 4664 8178  0
6145 8105 6144 6123  0
5690 6597 7661 7962  0
4812 4813 4826 8401  0
4220 5829 4742 7976  0
4898 6368 6354 7756  0
1763 7971 1750 8255  0
3020 3004 3003 7876  0
6591 5687 7739 8199  0
1236 1427 7937 8166  0
3028 3027 7685 8002  0
3533 2756 8221 8370  0
7295 7942 7296 7365  0
2475 2474 3496 7800  0
6180 6160 6161 7848  0
5679 6581 5673 8204  0
99 78 101 127  0
6793 7133 6824 8032  0
1605 2541 1606 7770  0
2944 8054 2927 2926  0
8297 3923 4856 3924  0
5495 5517 5494 7986  0
7728 7966 8025 8246  0
1361 1166 1165 7835  0
3120 3107 7989 8194  0
424 360 7899 7917  0
7652 8030 7942 8292  0
2367 2402 2403 8056  0
7783 7032 8081 8228  0
4796 2685 2719 4780  0
1065 1275 1064 7947  0
6129 6130 6151 7690  0
1002 7814 706 7910  0
2996 3011 3012 7736  0
880 901 902 8125  0
2925 2942 2943 7690  0
1240 1239 1431 8131  0
7177 7109 7178 8029  0
1056 757 7844 7917  0
5835 5815 5836 8240  0
7926 2245 8217 2281  0
3032 7815 3047 7970  0
4133 4605 4138 7962  0
4651 4650 8273 8310  0
4255 8297 3924 3578  0
13 66 20 46  0
6821 7128 6820 8132  0
7031 7594 7595 8081  0
1158 7939 1347 1147  0
1167 8099 7733 8022  0
1769 1782 1783 8090  0
8171 1768 1769 8090  0
2372 1487 1488 8289  0
5651 4581 4582 8236  0
1706 1707 1695 7811  0
4814 4828 3903 4815  0
1618 2495 1619 8419  0
1258 1259 7960 8365  0
7 14 12 1  0
6201 6200 6183 8299  0
7715 3218 1643 1653  0
6119 8109 7789 6139  0
4642 7969 8238 4643  0
1147 7751 1146 1158  0
7816 1030 1247 1246  0
1105 828 1106 7874  0
43 50 32 8361  0
64 63 34 44  0
7854 1554 7878 8156  0
6384 6399 6398 8190  0
7797 7720 7948 8415  0
1359 7854 7878 7939  0
8274 5864 7660 8172  0
616 7750 684 8363  0
7053 7052 7037 8007  0
4955 7715 8209 7695  0
1622 1621 2498 7816  0
134 157 158 8393  0
8220 6693 6692 8335  0
1540 2431 8068 8276  0
8231 7780 7754 8151  0
3897 8272 3558 3559  0
7747 7989 3118 7884  0
2424 1555 2461 7878  0
1910 1893 1892 8227  0
6667 7764 7897 5776  0
4173 4156 3834 7878  0
7874 824 1331 1333  0
6669 7999 7045 6670  0
1623 1439 1622 7816  0
7829 4591 8207 4559  0
2347 3378 2345 8208  0
8170 5604 5603 6478  0
3784 3405 3406 8314  0
3414 2394 8112 8117  0
42 24 31 25  0
1922 8114 7933 1923  0
3677 3198 3988 4298  0
7322 7252 7253 8296  0
2730 2698 2697 8295  0
3931 4261 3930 8265  0
7837 6563 7873 8170  0
2661 2627 3516 8142  0
6476 7837 6475 8050  0
4789 4230 5901 8000  0
6503 6504 6758 8018  0
3213 3214 3210 8270  0
3473 3474 7997 8315  0
1800 1801 1787 7692  0
2507 8129 8440 2508  0
1447 2307 2306 8266  0
5896 8026 5895 5871  0
5846 8003 7781 5824  0
2536 8264 1601 1600  0
6180 6197 7736 7848  0
7166 7226 7295 8030  0
6438 8045 6439 8390  0
4866 6173 4868 8339  0
6712 8020 6713 7767  0
7867 2531 7982 8397  0
2393 2392 1468 7877  0
2144 2145 2113 7893  0
1211 1403 1212 7735  0
1622 2498 2499 7816  0
1062 762 763 7773  0
8272 4830 3897 3558  0
608 7796 676 7904  0
1908 1891 8114 8227  0
4042 4046 4387 3315  0
7743 8337 8137 8233  0
33 43 51 8361  0
6668 6667 7043 7897  0
1873 1890 1874 8293  0
1774 1787 1788 7692  0
7786 655 7809 7928  0
1444 1253 8008 8378  0
8067 7762 8317 7793  0
7189 7190 7254 8123  0
1243 1244 1027 7859  0
2200 8154 2234 2235  0
5559 5558 5535 7888  0
3771 8076 8146 8261  0
5964 5965 5988 8120  0
417 7797 473 7670  0
3498 2481 7842 8364  0
5121 5106 5122 7692  0
5033 5034 7991 8326  0
4941 4952 4940 8270  0
3251 8147 4013 8279  0
3285 1901 3282 8015  0
8336 1762 8255 8150  0
969 639 952 8070  0
7506 7507 6999 7955  0
6328 6344 7747 7884  0
7832 5570 8031 8098  0
2439 1549 1548 7800  0
1795 1781 1794 7824  0
6786 6785 7988 8060  0
4570 4569 7819 8380  0
8417 7686 8258 7801  0
6368 4900 4278 4898  0
7821 7706 8006 8414  0
7130 6822 7724 8132  0
2803 2802 2822 8120  0
1539 7810 8276 1540  0
2784 2752 2783 8401  0
4127 4587 4126 8042  0
2948 2949 7789 7848  0
455 511 512 8118  0
7829 7820 7958 7826  0
1054 1053 754 8181  0
5139 5138 7692 7785  0
4157 7903 4628 8273  0
589 590 533 7780  0
3925 4857 3926 8212  0
6214 6195 6196 7736  0
1710 1720 1721 7725  0
5672 4596 4597 7808  0
958 1183 959 8164  0
5152 5153 5169 7918  0
3481 3482 2494 8419  0
4789 7968 4226 8000  0
509 564 510 8124  0
750 356 751 7787  0
4645 4169 4644 7969  0
6178 6159 6179 7736  0
906 7803 8248 7839  0
7882 7822 7754 7654  0
5024 5025 5038 7957  0
6194 6212 6193 8252  0
5410 5411 8065 8139  0
7708 5648 4578 5647  0
7763 8161 7783 7795  0
2853 2872 2854 8135  0
569 935 936 8388  0
695 991 992 7886  0
7973 3758 8017 8214  0
3390 3767 3766 8280  0
2997 2982 7736 7848  0
2637 2638 7781 8039  0
1142 8385 1136 7939  0
3858 3486 3857 8062  0
7858 7872 8055 1945  0
6410 4908 3970 4905  0
3830 7980 8078 7969  0
7540 7541 7602 8140  0
74 96 95 8133  0
5734 8338 6633 5735  0
3483 3484 8237 8301  0
7830 825 401 823  0
964 947 963 7853  0
7794 7743 7808 7938  0
1649 7841 1659 7825  0
8229 8300 4903 3964  0
7746 4775 4759 5854  0
5573 5555 5574 7836  0
1770 1784 8016 8090  0
7905 7657 8013 8230  0
2210 2244 7959 8023  0
5368 5389 7709 8139  0
934 7733 933 1167  0
7674 7220 7219 7972  0
167 143 168 8130  0
5553 5552 5530 8408  0
6461 6469 6460 7959  0
2863 2862 7890 8218  0
4530 7722 8239 4531  0
6572 8191 8410 8376  0
5301 5302 5320 8366  0
5704 6619 7806 7999  0
5297 5296 7933 8095  0
5362 5363 7907 8136  0
1398 1207 1206 7886  0
8237 1244 1435 7859  0
783 782 388 8258  0
1595 7867 7982 8421  0
1435 1619 8237 8419  0
7951 6799 6800 8282  0
7837 7860 7964 8378  0
8340 7990 5752 8311  0
4687 7764 5775 8426  0
671 670 717 8223  0
11 23 13 46  0
4149 4619 4621 7661  0
64 53 35 52  0
5999 6021 5998 7714  0
2517 2473 2516 8178  0
4097 4543 4096 7821  0
2451 8186 2450 3453  0
6081 6060 7890 8235  0
2371 2331 2370 7875  0
8031 8191 8410 8331  0
583 8036 582 651  0
3655 3650 3159 8229  0
3414 7877 8112 8061  0
4240 4846 3917 8272  0
2815 2834 8319 7906  0
3662 3180 3179 8024  0
7650 7076 7979 8159  0
813 1129 1127 8001  0
3752 8112 8117 8427  0
6496 6497 6751 8328  0
3572 8272 8386 7672  0
2089 4424 2120 8354  0
3279 4023 7931 8309  0
400 7830 7924 401  0
2811 2810 7714 8177  0
6386 6401 6400 8254  0
6141 6140 7789 7848  0
1282 1072 1283 8193  0
2680 7746 3887 3522  0
1972 1956 1955 7701  0
8356 5345 5344 7858  0
2795 7906 8319 7771  0
872 8174 7723 8118  0
5526 5527 5549 7959  0
3992 7695 4302 8209  0
5276 5257 5258 7933  0
7671 7723 8116 8412  0
441 377 376 8198  0
5489 5513 5512 7956  0
4659 5719 5720 8243  0
7687 1302 1095 8357  0
2604 2568 2603 8397  0
6473 7702 7805 7836  0
2163 2164 2131 7956  0
5735 6634 5736 8338  0
1461 7700 1462 8192  0
16 25 2 15  0
4611 7661 4614 8396  0
4529 4530 4571 8239  0
5198 8126 7782 5199  0
5578 5577 7888 8262  0
3144 3130 3143 7659  0
7887 1286 7812 8176  0
6670 5748 5747 7999  0
7730 7511 7510 7572  0
7449 7448 7379 7930  0
527 7797 526 8226  0
5126 5141 8144 5142  0
2599 7767 7660 2600  0
6121 6101 6122 8235  0
6529 7711 8263 6530  0
1868 8015 1884 1869  0
7693 5443 5422 5442  0
3157 3169 3158 8229  0
7786 8316 7670 7668  0
2710 2676 2709 8188  0
7577 7013 7576 8259  0
7767 2566 7927 8397  0
5841 5865 7660 8274  0
2822 2802 2801 8120  0
7510 7509 7442 7983  0
710 1007 711 7713  0
4044 3319 4378 8196  0
5654 8359 8141 6560  0
834 7733 7885 7963  0
8024 4910 6422 6421  0
581 7797 7813 8036  0
7587 7526 7588 7954  0
7320 7390 7389 8046  0
2922 7673 2921 2939  0
7058 7896 6694 8220  0
1388 1580 1554 8156  0
4640 8092 4164 4639  0
5065 5051 5052 7991  0
7655 3430 8367 8396  0
2931 2948 2949 7789  0
1315 1316 1494 7851  0
7886 8165 1582 8364  0
7703 7777 7994 8315  0
7745 8264 8362 7713  0
3176 3177 3164 7792  0
8218 6019 8294 8387  0
2529 2567 2530 8397  0
7654 7882 7814 7754  0
7239 7238 7174 8100  0
5848 6733 6734 8074  0
8210 8001 7838 7669  0
7885 7665 7733 8099  0
1310 1489 1488 8289  0
440 375 439 7802  0
7701 3300 1953 1971  0
7755 7681 7761 8369  0
4286 4913 4283 3974  0
5259 7865 7933 5258  0
108 131 109 8133  0
2937 2956 2938 8052  0
6955 8230 7905 6929  0
7781 2639 7864 8026  0
1927 1944 1928 8383  0
5398 5397 5377 8287  0
6482 6568 6481 7953  0
4917 4913 4286 6447  0
2446 3449 2447 8285  0
6592 6597 5690 7962  0
5195 8059 5196 5212  0
5557 8262 5577 4515  0
1836 1835 3275 7782  0
7658 7654 7857 7912  0
7811 4989 4976 4988  0
5013 5000 7811 8244  0
5513 5490 7849 7956  0
7949 8011 8284 8342  0
8059 1850 1864 8073  0
8344 7729 8149 7691  0
7867 7814 8307 8330  0
5187 5203 5186 8069  0
5782 5796 5781 7996  0
4699 4657 4700 7705  0
3187 7792 3177 3176  0
1720 1721 7725 7940  0
6196 6216 6215 7736  0
5340 5321 8136 8366  0
1711 1712 1700 7991  0
2667 2632 8134 8172  0
6684 6683 7048 8020  0
1534 1355 1354 8313  0
1842 1857 8242 8069  0
1834 1849 3269 8073  0
4659 5720 4660 8243  0
7672 2895 2896 8325  0
492 435 491 8077  0
4763 2617 8429 2652  0
4202 4690 4203 8128  0
2887 2868 2867 8064  0
5127 5111 8150 8336  0
5930 5907 5931 8373  0
4728 4745 2580 8429  0
5374 8196 8224 4378  0
1860 1844 1859 8010  0
7083 6751 7084 7900  0
1322 1321 1335 7790  0
908 947 909 8248  0
5203 5202 5186 8005  0
2840 2822 8107 8120  0
4226 3891 4230 8000  0
3616 7876 4267 3612  0
590 591 7780 7910  0
7949 8011 7889 7691  0
8360 5807 5806 7976  0
3966 4903 3964 8229  0
7949 7877 8112 8117  0
3386 3762 3385 7887  0
5045 5046 5060 7940  0
7550 7549 7482 8187  0
4648 7999 8019 8128  0
3485 7816 3484 8301  0
7818 7794 7733 7835  0
2881 2862 2880 7672  0
7777 7064 7638 7637  0
7777 7834 7694 7706  0
4847 8120 3565 8107  0
3578 6054 8297 8325  0
7017 6650 6649 8340  0
1230 1229 1421 8012  0
2281 7926 8192 8217  0
5981 6003 6002 7906  0
4693 8273 4206 4650  0
6090 6111 6089 8054  0
7930 7749 8143 8320  0
6253 6254 7689 8002  0
4199 8426 4687 4200  0
2678 2711 2712 8000  0
5964 5963 5942 8120  0
7963 7794 8277 7874  0
6869 7880 6870 6894  0
5987 5988 8107 8120  0
1013 1012 8012 8183  0
3662 3971 3180 8024  0
3485 3484 3856 8301  0
6435 8024 6434 6421  0
4907 3651 8305 3968  0
7108 6778 6779 8268  0
3847 4186 7894 8315  0
6849 6850 6874 8278  0
3595 8252 2945 8372  0
1379 1378 1560 7908  0
8062 8215 4196 4197  0
8073 4350 4353 3703  0
911 889 910 7853  0
5069 5070 5084 7981  0
5711 5710 6614 8075  0
2926 2927 2908 8054  0
2909 2927 2928 8054  0
8356 5344 5325 5324  0
5223 5222 5205 8069  0
5013 5027 5026 8244  0
2114 2083 8384 2115  0
7869 460 459 7898  0
7045 7897 7734 7999  0
7886 1209 8036 8168  0
8120 3547 3561 2803  0
7654 7713 7870 8087  0
1996 7872 8136 7858  0
5186 5169 5170 8069  0
6522 5597 5663 8268  0
2930 2929 8109 8325  0
5305 5324 5323 8356  0
3831 3456 3830 8078  0
1841 1826 1825 8069  0
3170 8190 8305 8394  0
7676 7952 8286 8312  0
5844 7781 5823 5845  0
2357 2356 7812 7902  0
4534 5595 5662 8434  0
2727 2694 2726 8373  0
6865 6890 6889 8145  0
7815 6238 6221 6220  0
7190 7255 8123 8256  0
1166 7733 7830 7835  0
7532 7533 7594 8161  0
5954 5955 5977 8189  0
2901 2919 2920 8052  0
2642 2606 7864 8074  0
1074 775 1075 8176  0
6546 7951 6800 8282  0
1309 1103 1320 7738  0
4482 3741 4499 7836  0
6511 6766 6765 8032  0
2348 2347 1279 7855  0
3053 3068 3069 8290  0
3389 8049 2357 2358  0
65 8133 85 86  0
8397 2569 2604 2568  0
3083 8290 3084 3070  0
7189 7188 7120 8123  0
5963 8428 5942 8120  0
3486 3857 8062 8301  0
6025 6003 6026 8135  0
7751 8385 7726 7939  0
1944 7872 8055 8383  0
2975 8033 2992 8352  0
2365 2401 2366 8332  0
7473 7474 7541 7762  0
1585 1586 1402 8168  0
6458 6446 6447 4917  0
1636 1637 1628 7695  0
7757 7658 8007 8302  0
4955 4944 4956 7695  0
4680 4679 7737 7961  0
5926 8221 5927 8370  0
5119 5104 5120 8090  0
2196 2197 2163 7956  0
3820 8377 7688 3445  0
6732 6733 7864 8003  0
6329 7747 7884 6345  0
2579 7770 8058 3504  0
2020 2021 2003 8139  0
1474 7889 8342 8371  0
5453 5452 5432 8034  0
7777 7894 8106 8315  0
8141 5656 5655 8042  0
2951 2933 7789 8105  0
2606 2641 2642 7864  0
8081 7595 7032 7783  0
1195 8116 1386 8156  0
8135 6048 6047 8420  0
4095 4541 4094 8414  0
6342 6357 6356 7752  0
3638 7752 8306 3639  0
760 365 366 7827  0
6726 8003 6733 6732  0
5764 7879 7737 8103  0
4091 4537 8214 8328  0
2905 2888 2904 8341  0
6266 8249 8288 8290  0
7968 2609 8111 8343  0
6851 6852 6876 8433  0
7490 7421 7491 8286  0
1249 1032 8028 8086  0
5243 5225 5226 8389  0
8003 5846 7781 7864  0
3781 3780 3402 8195  0
4083 3750 3780 8195  0
6399 8045 6412 8190  0
720 7796 674 8327  0
8227 5265 8063 5245  0
4117 7708 8113 8314  0
6216 7685 7736 8002  0
1532 7774 2421 1533  0
7669 1123 8001 8392  0
1212 8036 995 1211  0
2081 7893 8196 7891  0
355 420 356 7787  0
2423 2429 2430 8276  0
5226 5227 8063 8389  0
6197 6217 7736 8002  0
5536 8037 5560 7888  0
5258 5259 5277 7933  0
4329 3690 3240 7940  0
4440 4439 4426 8354  0
7165 7294 6904 8030  0
5663 5598 5599 7860  0
3447 8285 2445 8079  0
1068 1278 1067 7855  0
1068 1279 1278 7855  0
1911 8227 1928 8055  0
6530 6531 7711 7805  0
7005 6635 6634 7862  0
617 618 8093 8363  0
3657 3969 3169 8229  0
6848 6873 6872 7951  0
6435 8024 4910 4283  0
540 596 597 7870  0
3634 3633 3639 7752  0
1404 1405 7732 7735  0
7640 7639 7614 7879  0
5525 7959 5548 8023  0
7026 7027 6659 8409  0
513 8388 7885 328  0
2876 2875 2894 8212  0
1119 7738 1133 7790  0
4959 4948 7825 8346  0
829 404 7733 7909  0
6343 7788 6357 7752  0
2085 3325 2084 8384  0
4891 7752 6309 6340  0
8067 7197 7198 8132  0
7459 7779 7527 7526  0
227 198 199 8439  0
930 7830 8345 1164  0
2435 2471 2436 8205  0
3113 3634 3639 7752  0
3630 3633 3634 7752  0
1926 1942 1927 8383  0
3092 3091 3104 7884  0
1685 1695 1684 1696  0
2166 2200 2167 7978  0
7996 5795 5813 5796  0
7131 7160 7097 7674  0
328 568 569 8388  0
6385 6400 6399 8190  0
7876 4877 4267 3944  0
8123 7187 7119 7993  0
1845 1861 1846 8010  0
937 1172 938 8080  0
4884 7970 6276 4882  0
1307 1308 7731 7744  0
484 485 428 7882  0
2520 8115 2521 8168  0
4275 8400 7756 4892  0
7125 7663 8038 7711  0
7852 8031 8281 8410  0
401 7830 7924 7909  0
2019 2001 2018 7709  0
593 661 662 8231  0
8263 7711 8191 7822  0
7066 7639 7640 7879  0
8372 4860 4866 6134  0
4303 4934 4933 7695  0
916 917 7723 8116  0
813 7798 8001 8021  0
6211 6228 6210 8082  0
1659 1658 1669 7841  0
813 395 814 8021  0
7938 7875 1485 8233  0
4630 8129 4652 8273  0
7667 5730 7688 5731  0
8093 559 505 560  0
8153 7720 8250 8415  0
6346 6347 7659 7989  0
7662 8062 8215 8301  0
6418 6432 6431 7840  0
5959 7771 8319 5936  0
4545 5621 8219 4546  0
2806 2786 7871 8387  0
6764 6765 7097 7674  0
2283 2320 2321 8192  0
7282 7217 7218 7674  0
4825 4811 4812 8401  0
6319 6302 8184 8347  0
8326 4330 4009 3234  0
3417 8207 3415 7790  0
996 7928 699 7732  0
6218 6235 6234 8002  0
6874 6873 6849 8278  0
3272 7931 3707 4355  0
7837 7799 7860 8378  0
6844 6845 6883 7718  0
1587 1403 1586 7735  0
7747 6343 6328 7752  0
2208 8098 2207 2242  0
7861 8102 8318 8351  0
373 374 768 7802  0
6530 6488 6531 7805  0
2168 2167 2201 7986  0
7500 7431 7501 7734  0
813 814 1129 7798  0
5847 5871 5870 7864  0
5082 5067 5068 7971  0
1454 1453 1263 7920  0
2555 2515 2514 7716  0
7159 7097 7160 7674  0
7211 7276 7275 8169  0
606 605 674 8327  0
8219 5624 4548 5623  0
8078 2451 8186 7740  0
353 747 7948 8365  0
1856 1872 1857 8069  0
513 8388 569 7885  0
1602 1418 1601 7759  0
4138 7655 4133 7962  0
1902 7933 1903 8015  0
4186 4673 8106 8315  0
2402 2403 8056 8233  0
2520 2557 2558 7985  0
8279 3694 3696 3247  0
8232 5696 6602 5695  0
1158 1358 1347 7854  0
3398 1483 3399 7731  0
6374 6388 6387 7788  0
7801 7750 7922 8093  0
7668 7766 7779 7823  0
6599 8232 5696 6934  0
1443 1444 7964 8378  0
3601 6209 8082 8339  0
1621 2497 7816 8237  0
5527 8023 8110 7959  0
7274 7275 7344 8169  0
363 758 757 7844  0
5776 5745 4690 8128  0
5102 5088 5103 8398  0
3864 3492 3863 7892  0
2783 2752 2751 8401  0
3395 3772 3771 8261  0
8239 4075 2300 4512  0
7695 4946 4958 8346  0
8161 7763 7783 7745  0
5027 5014 5028 8244  0
5617 8006 4542 5618  0
7653 7674 7686 8076  0
1143 1345 1343 7939  0
7270 7269 7205 7741  0
2081 2082 2052 8196  0
3764 7821 4098 4097  0
3682 4319 4317 8275  0
8200 1988 1970 3297  0
2729 2730 7915 8189  0
821 7830 400 823  0
1349 1529 1350 7838  0
2402 8056 8137 8233  0
4933 4302 7695 8209  0
5897 5873 5898 8188  0
5185 5169 5186 7918  0
6021 6042 6020 8294  0
6103 6124 6123 8052  0
7775 7996 8115 8083  0
7414 7415 7984 8169  0
448 504 505 7922  0
6062 6041 6063 7890  0
3984 7895 3673 3983  0
5696 8232 6602 6934  0
7549 7777 7550 7611  0
7708 4115 8195 4575  0
7681 7691 7749 7863  0
7093 7916 7092 8101  0
3948 7970 3949 4268  0
7549 7777 8187 7550  0
6581 6580 5673 7808  0
5306 5324 5305 8356  0
1596 1595 7982 8421  0
1102 1103 1309 7738  0
857 7723 7868 7744  0
7083 6750 6751 7900  0
8408 6473 7805 7836  0
6659 6678 6677 7766  0
3429 3427 1521 8385  0
7798 927 1161 1160  0
1228 7912 1011 1227  0
5205 5222 5204 8069  0
7677 7681 7930 8100  0
4275 4276 4895 7756  0
6704 6705 5764 7737  0
502 445 501 7791  0
8114 5243 8227 8293  0
5897 5920 5919 8188  0
3482 2495 2494 8419  0
584 653 585 7928  0
822 820 819 7929  0
7670 417 353 418  0
5254 8126 8015 5253  0
508 562 563 8093  0
7318 7998 7388 7387  0
8073 5176 5160 8144  0
1834 3269 3703 8073  0
8197 1367 7800 1548  0
4132 8053 8199 8207  0
339 319 338 8066  0
6354 6338 4895 7756  0
1581 1397 1574 8165  0
7465 7466 7783 7795  0
7712 8357 8088 7687  0
6787 6786 7988 7993  0
3251 8147 8279 1775  0
6461 5549 5550 7959  0
363 7917 427 7844  0
1228 1012 1011 8183  0
4676 4188 4675 8103  0
8191 8316 7776 7754  0
7876 3608 3612 3021  0
2564 2565 2527 7767  0
836 1111 7851 8216  0
660 707 661 8231  0
8189 5909 5933 7915  0
6748 6749 7081 7682  0
4312 8270 3679 4313  0
1294 1293 8258 8261  0
3064 7884 3078 3065  0
2539 2577 2540 8058  0
1703 1704 1692 7957  0
5108 5123 5107 7692  0
5330 5311 5312 8271  0
1673 1674 3222 8275  0
7707 2140 7891 8048  0
1793 1779 7697 7824  0
4118 4579 4578 8162  0
7659 3119 7989 8194  0
8084 7676 8363 7816  0
2484 1607 7770 7925  0
6760 6506 6761 8101  0
4082 3750 4083 7722  0
7915 5885 8134 8295  0
5563 5583 7977 8323  0
7422 7421 7352 8312  0
4435 5485 3731 8283  0
7464 7795 7394 7395  0
1252 1251 1041 8371  0
1171 8099 1366 8080  0
7433 7363 7734 7432  0
3007 3611 3022 8082  0
1527 2416 1528 7838  0
7543 7762 7476 7778  0
8299 6203 6185 6202  0
5196 4353 3705 8073  0
8434 7799 5596 7847  0
3838 4178 3839 7980  0
2452 1563 2451 7740  0
1649 7841 1648 1659  0
3240 1735 3692 7940  0
786 8118 8251 785  0
7719 609 677 7904  0
3760 7973 8414 4093  0
4530 7722 4571 8239  0
2055 8384 8196 2084  0
3655 3965 3650 8229  0
437 493 494 8077  0
2384 1299 8088 8314  0
8251 7731 7686 7723  0
6812 6558 6559 8236  0
1990 7680 7701 8287  0
7925 7704 8166 7796  0
6395 6394 6381 8229  0
5926 8221 8370 5903  0
1705 1706 1694 8244  0
5261 5242 5243 8114  0
2620 4748 4732 8429  0
8037 7977 5562 5582  0
2244 7926 8098 2279  0
1469 8117 2395 2393  0
2450 3452 3453 8186  0
7042 6666 7764 7897  0
4727 3877 4742 7976  0
1268 1267 1057 7913  0
2664 8051 8240 8295  0
5782 8083 6672 6673  0
7931 3272 3707 1866  0
5048 8326 4333 5033  0
1484 1483 1307 7731  0
7991 4339 4337 3244  0
5768 6709 5769 8122  0
6150 6169 6149 8352  0
5906 8142 5905 5882  0
2245 7926 8217 7959  0
1832 1847 1848 8073  0
8434 4533 5661 5662  0
7921 6849 7951 8278  0
7792 3155 3166 3154  0
3568 2841 8272 8386  0
1204 1203 1395 7807  0
7351 7350 7281 8312  0
7338 7269 7339 7741  0
8306 7752 4894 6340  0
5108 5124 5123 7692  0
1798 1813 1799 8119  0
7340 7409 7339 7741  0
6317 6301 6318 8347  0
2172 2140 7707 8048  0
7833 3775 7731 3398  0
6293 4884 6275 6276  0
1044 1254 1043 8008  0
8083 5783 6674 6673  0
944 905 943 7803  0
6565 6478 6479 8170  0
8135 2835 2855 2834  0
6032 6031 6008 8148  0
6015 6014 5992 8272  0
1619 8237 2495 2496  0
8159 7662 7764 8089  0
2987 2988 7935 8299  0
7844 7822 7913 7944  0
5269 5270 8269 8309  0
2867 7967 8064 8294  0
2628 2663 2629 8240  0
7738 1133 7790 7868  0
2175 2208 8048 2174  0
8427 4084 3752 8112  0
5629 8076 8032 5628  0
1726 1727 7957 7971  0
3184 3173 3183 7895  0
697 993 994 8036  0
503 557 558 7922  0
1635 1627 1626 8209  0
5289 5271 8182 8309  0
7802 770 376 375  0
1415 1416 8179 8264  0
4727 5809 7699 7976  0
5260 7865 5241 8114  0
1705 1717 1706 8244  0
471 526 472 7797  0
6185 6186 6203 7876  0
7767 6713 7781 8020  0
3987 4297 4285 7840  0
7043 6667 7042 7897  0
8097 3374 3753 3375  0
1797 1796 7918 8090  0
6069 6070 8054 8420  0
7896 7703 7994 8085  0
3044 3029 3028 8002  0
1030 7816 8028 8402  0
900 879 878 8080  0
7661 5690 4611 4614  0
7616 7642 7641 7879  0
541 598 542 7870  0
3138 3151 3152 7788  0
7721 1932 8269 8309  0
4259 8212 3927 8265  0
841 1115 840 7784  0
6576 6577 6827 8247  0
5269 5288 5287 8269  0
1350 7669 7838 8206  0
2896 2913 7789 8325  0
8216 861 860 839  0
2303 1443 1444 7964  0
7848 2964 2981 7736  0
2758 2725 2757 8221  0
1516 7655 3420 3419  0
6055 4851 6012 8386  0
7781 2638 8026 8039  0
5843 7781 5822 5823  0
452 451 508 8093  0
7127 7196 7195 7663  0
4093 4539 4092 7973  0
5170 5169 7918 8069  0
687 974 688 8084  0
7512 7730 7511 7444  0
3728 8384 2117 8110  0
7655 8396 7661 7962  0
7491 7421 7422 8286  0
2947 2964 2948 8109  0
5380 5379 5359 7680  0
7990 8340 5752 5753  0
3462 3496 3866 7800  0
8190 3651 3656 8305  0
5673 6580 5672 7808  0
384 383 448 7922  0
1539 7810 1540 1536  0
8244 1695 1706 1694  0
1272 7911 7773 1273  0
5815 5814 7996 8240  0
1439 1438 1622 7816  0
3766 4100 8219 8280  0
6119 8109 6139 6118  0
4358 5233 5232 7931  0
439 438 495 7802  0
6983 7734 7570 7806  0
8234 7869 7691 7949  0
4664 5725 4665 8178  0
5524 5501 8023 8048  0
7021 6654 6653 8308  0
3644 4278 4898 7756  0
6329 7747 6345 6344  0
5509 8348 8406 5486  0
6860 6845 6826 7718  0
3858 4197 4198 8062  0
6258 8104 6257 7970  0
2464 8129 2508 2465  0
5540 5539 7978 8154  0
2676 2677 2642 7864  0
2821 2839 2840 8107  0
6441 6428 6429 7895  0
712 711 1008 8087  0
5115 7824 5131 7697  0
1243 1027 1026 7859  0
4998 5011 5010 7883  0
6085 6065 6086 7967  0
5282 5264 5283 8227  0
5581 5561 5562 8037  0
1404 7732 1212 7735  0
4495 7819 2298 2299  0
625 391 624 8392  0
7727 7942 8092 7862  0
2866 2847 2865 8294  0
2949 2966 2950 7848  0
662 661 8047 8231  0
4179 4666 7950 7980  0
1934 1933 8182 8309  0
1204 1205 988 8165  0
1605 2540 2541 8094  0
427 7917 362 426  0
6990 7817 6627 6626  0
951 7869 952 913  0
826 825 828 7830  0
6121 6142 7789 8105  0
1502 1320 1503 7738  0
5789 7699 7976 8360  0
6388 7788 7792 8254  0
6440 6439 8045 8390  0
756 755 361 7917  0
2205 2171 2204 7707  0
2529 2530 7927 8397  0
105 92 106 8361  0
6330 6314 6315 7884  0
1586 1587 7735 8115  0
8045 6428 6414 6427  0
5821 5803 5804 7781  0
8303 7998 7728 7936  0
7754 7844 7882 7917  0
8003 2603 2639 7781  0
7757 8074 8343 8302  0
8305 8045 8390 8394  0
8269 5250 8309 7931  0
2701 2702 8172 8274  0
6899 6874 6875 8278  0
424 425 360 7917  0
7038 7054 7053 8007  0
6687 7052 6688 8007  0
7748 7766 7843 7927  0
1949 8271 8182 7721  0
2967 2951 7848 8105  0
4101 4100 3767 8280  0
7018 6650 7017 8340  0
1081 782 8258 8417  0
6496 6750 6495 8328  0
1725 1737 1738 7971  0
1749 7971 1750 1737  0
1589 7735 1405 1588  0
7264 7334 7333 8067  0
2409 1343 7939 8385  0
7884 6297 8358 8382  0
5956 5934 7771 7915  0
3818 7903 3444 3442  0
6330 6346 7884 7989  0
7680 1957 8366 1974  0
6784 6785 7114 8060  0
5994 6016 5993 7871  0
1274 7773 1273 1063  0
7145 7203 7202 7682  0
2455 3457 2456 8324  0
4442 2155 4441 8173  0
1333 1104 1334 7874  0
5086 7664 8171 8398  0
2629 2663 2664 8240  0
6517 6518 6774 7923  0
5130 5129 7697 8158  0
3188 3666 3189 7840  0
5531 5530 8157 8408  0
1376 1557 1558 8079  0
7764 7627 7897 8155  0
6910 8127 6935 7718  0
1785 1784 1798 8119  0
7096 7653 6764 7674  0
7323 7322 7253 8296  0
3220 4318 4321 8270  0
6083 6082 6063 7890  0
2528 2566 2529 7927  0
5600 5580 5601 8050  0
6045 6066 6044 8064  0
4953 7715 4966 8270  0
3520 8405 5855 8142  0
6166 7935 6185 6165  0
3675 3985 3986 8395  0
4430 4443 4429 8349  0
7380 7930 8014 8246  0
6377 6360 6361 7659  0
6686 6685 7050 8228  0
6835 8282 6836 8057  0
1058 1057 7844 7913  0
5900 5901 4805 8000  0
7127 7195 7126 7663  0
3031 3032 3017 7815  0
6470 6471 6487 8245  0
5161 4350 5178 8073  0
7818 7810 7835 8068  0
7749 7730 7863 7980  0
7774 8127 8213 7743  0
1501 7784 1499 1498  0
6419 6432 6418 7840  0
481 425 424 8151  0
5993 5971 5994 7871  0
7911 1462 2322 1463  0
1965 1983 1966 7721  0
4767 2657 8437 2689  0
6893 7828 6919 8057  0
8241 5431 8065 5430  0
110 8393 133 111  0
8354 2031 4385 2032  0
1681 1670 7841 7883  0
2347 1278 7855 8208  0
4948 4960 4959 7825  0
5259 8114 5278 7933  0
7909 343 263 344  0
3425 7655 2405 3800  0
7132 7674 7820 7972  0
5246 5228 8059 8063  0
7726 7829 7958 8004  0
7676 7686 7662 7816  0
7940 1745 8016 8171  0
6610 5707 5706 7975  0
2176 2177 7893 8023  0
7066 7777 7639 7879  0
2754 2785 4814 8401  0
2478 2479 1573 8009  0
7271 7340 7270 7741  0
346 409 410 8375  0
7520 8246 7966 7519  0
7975 7774 8213 8276  0
1685 1673 1684 7811  0
3170 3654 8190 8394  0
6403 6388 7792 8254  0
1938 1955 7675 7701  0
933 636 932 7909  0
720 7796 7925 1017  0
6999 7507 7000 7955  0
8112 4590 8369 8427  0
1966 1967 1949 7721  0
5983 5984 7919 8319  0
7106 6776 6777 7847  0
375 769 374 7802  0
93 116 107 8133  0
5043 5030 5044 7725  0
8012 718 8223 8327  0
6688 7757 6687 8007  0
3178 3177 3188 7840  0
8115 2559 2595 7996  0
5694 5697 4619 7661  0
761 1060 760 8160  0
1864 3269 8073 1850  0
7893 5478 5457 7891  0
3250 3254 1762 8255  0
2672 8438 2705 8026  0
7274 7742 7343 7273  0
2182 2214 8157 8283  0
7613 7612 7551 7777  0
8270 3989 3988 4298  0
8175 2820 2838 2819  0
3577 3926 3922 8212  0
7756 6335 8184 8300  0
7846 7694 7719 7791  0
3006 3608 3940 8033  0
733 974 687 8084  0
2527 2564 7767 7843  0
1186 1379 1187 7908  0
7941 1197 980 8070  0
5937 5936 5912 7771  0
5608 8410 8281 5609  0
4086 4087 4533 8427  0
7947 1274 7911 1275  0
5459 5439 5460 8384  0
7952 7420 8286 8312  0
7926 7944 8263 8331  0
6991 6978 6979 7905  0
5329 7721 5348 5328  0
1781 1767 7664 8090  0
1398 1399 1207 7886  0
1313 1106 1107 7963  0
7837 7964 8008 8378  0
3146 3650 3147 8229  0
7006 7955 7007 8238  0
1371 1555 1372 7854  0
6882 6883 6909 7718  0
501 445 444 7791  0
3229 7725 7811 1698  0
2923 2922 7673 8341  0
2761 2762 2728 8189  0
1825 1840 1841 8069  0
6229 6212 6230 8082  0
5186 5202 5185 8005  0
8392 898 1144 1139  0
6462 5550 5551 8245  0
6691 7055 7056 8360  0
8431 7698 8167 7687  0
5458 5438 5459 7893  0
7327 7397 7396 7795  0
595 596 539 7870  0
6843 6588 6844 7718  0
1570 2457 2476 8044  0
6279 8382 6295 8432  0
1832 1848 1833 8073  0
8354 4385 4384 4399  0
784 803 8118 8258  0
3151 8254 3137 3150  0
666 7870 665 8087  0
990 1206 7886 8165  0
1753 1754 1742 7664  0
2310 7960 1451 8096  0
7994 7777 8106 8315  0
1864 1849 1848 8073  0
7842 7729 7886 8165  0
5440 5461 5460 8384  0
2047 2018 7709 8065  0
185 169 144 8130  0
7397 7327 7763 7795  0
5897 5872 5873 8188  0
4096 4542 4095 8414  0
5166 5183 7782 8005  0
7691 7889 7987 8375  0
2868 2887 2869 8064  0
3821 3820 4160 7688  0
7406 7762 8027 7476  0
3165 3154 3153 7792  0
6380 8194 6364 8229  0
2163 2197 2164 7956  0
1376 7803 1184 1183  0
2408 1522 2406 8210  0
1543 2433 2434 8068  0
1757 1758 1745 8016  0
5900 5899 5875 8000  0
6909 6910 6935 7718  0
7311 7242 7312 8014  0
8130 8439 169 197  0
7730 8238 5739 6640  0
1704 7883 7957 8244  0
908 886 907 8248  0
6071 6070 6049 8054  0
862 883 863 8222  0
7309 7378 7308 7930  0
6996 7942 7862 8201  0
2848 2849 7714 8294  0
7518 7579 7517 8246  0
6456 6444 7840 8395  0
2022 2005 2004 8200  0
2387 3409 3408 8088  0
5172 5171 8119 8242  0
7348 7952 7347 7995  0
7834 7277 7995 7916  0
6619 5704 5714 7999  0
5476 7707 7891 8048  0
547 8223 603 604  0
5194 8059 5195 5211  0
7323 7393 7392 8296  0
4105 4104 3771 8076  0
2743 2711 2710 8000  0
2947 2963 2964 8109  0
2696 2663 2695 8295  0
6637 7806 7004 6619  0
3182 3171 3181 8394  0
2833 2834 7906 8135  0
3341 3347 3342 8348  0
5763 7879 6703 6704  0
3033 7876 3019 7970  0
7815 3029 7689 8002  0
2083 8384 2084 8196  0
6014 6015 6036 8272  0
843 8222 8321 842  0
1757 1770 1771 8016  0
7955 7371 7983 8071  0
7711 6530 7805 8263  0
4813 4799 4814 8401  0
5250 8269 8309 5269  0
5827 5852 5826 7746  0
6647 6646 8259 8404  0
1160 1354 1355 8313  0
7309 7239 8014 8100  0
2923 2940 2941 8341  0
3773 4107 4106 8076  0
1855 1856 1840 8069  0
7262 7197 7663 7261  0
6396 3966 4905 8229  0
7653 5627 5626 6509  0
7930 7309 8014 8100  0
8231 537 536 8403  0
7549 7548 7481 8187  0
975 689 688 8084  0
2533 2571 2534 8111  0
4994 5007 5006 8203  0
7717 7676 7961 8152  0
7659 3155 3156 8024  0
5746 7897 7999 8128  0
2740 2773 2774 8188  0
5114 5115 5130 7697  0
380 445 381 7791  0
5129 5113 5114 7697  0
5168 5184 5167 8005  0
7414 7415 7484 7984  0
1177 8156 1195 1196  0
1796 1783 1782 8090  0
5928 5927 5904 8221  0
7430 7360 7734 7765  0
7664 1765 1766 1780  0
6665 7041 6666 7764  0
5202 5201 5185 8005  0
6459 5548 6460 7959  0
3083 3097 8184 8347  0
1588 1404 1587 7735  0
4044 2025 8196 8224  0
4755 3518 2626 3882  0
7641 7642 7068 7879  0
6438 8045 6425 6426  0
6734 6733 6727 8074  0
5770 6710 6711 8215  0
1844 1845 1829 8010  0
7751 1156 1157 7854  0
7996 8051 8318 8351  0
2870 2852 2851 8064  0
5325 5324 5306 8356  0
7716 8178 8205 8243  0
6287 6268 7768 8290  0
7421 7845 8312 7422  0
1940 1925 1924 8114  0
7343 7984 7344 7413  0
6037 6058 6036 7672  0
4421 8283 5485 8110  0
4303 3994 4304 7695  0
4554 5629 8076 8032  0
4358 4025 5233 8309  0
483 7882 537 538  0
6058 6078 6057 7672  0
986 8391 987 690  0
6523 6779 6522 8268  0
3241 3245 3242 7991  0
7957 1725 7971 7991  0
5149 5133 5150 7824  0
1884 1868 1867 8126  0
4565 4598 4564 7875  0
3105 3118 3119 7989  0
7776 7953 7988 8316  0
6884 6845 6860 7718  0
7334 7404 7403 8067  0
7763 8256 7257 8038  0
1999 1998 2016 8423  0
8135 8212 2873 7919  0
3169 8024 3168 3657  0
7073 7072 7646 8122  0
6458 6446 4917 7840  0
402 325 403 7909  0
7277 7276 7212 7916  0
939 938 1173 8080  0
708 709 662 8047  0
4528 4570 7819 8239  0
7246 7316 7315 7936  0
5252 5251 4360 8309  0
3180 3168 3167 8024  0
3624 8104 3620 3062  0
7764 4687 5775 5774  0
994 698 697 8036  0
8051 8351 5818 8318  0
1374 8079 1553 1375  0
7758 7658 7762 8140  0
8110 8217 5528 5527  0
6335 6334 8184 8300  0
5164 5165 7782 8158  0
5911 5912 5935 7771  0
8132 6745 6822 7724  0
7852 1454 1453 2313  0
7852 1453 1452 2312  0
968 7941 8070 952  0
4220 3876 3880 7976  0
6658 6659 6677 7766  0
972 642 7965 8344  0
5409 5431 5430 8065  0
590 591 534 7780  0
1121 1123 7669 8392  0
3515 3509 3514 8405  0
5937 5912 7656 7771  0
933 7830 7909 932  0
5133 5134 7824 8090  0
2203 8260 2238 2204  0
1498 1088 1500 7784  0
6417 6404 6405 7792  0
7523 7585 7584 8308  0
4618 4620 7806 8418  0
8308 7728 7966 8303  0
4054 4404 8349 8443  0
5858 5834 5835 8240  0
2989 2988 3004 7876  0
2538 1602 2537 7759  0
719 7925 1015 1016  0
381 380 7791 8176  0
1185 1378 1186 7908  0
7260 7196 7261 7663  0
3848 3849 7894 8103  0
7530 7591 7529 7856  0
402 7830 401 7909  0
8017 1071 8193 8198  0
516 7965 8234 572  0
3094 3080 7989 8249  0
5581 8050 7977 5602  0
1417 7759 8179 8264  0
7142 7199 7130 8304  0
5055 8244 5041 7981  0
7686 8412 7723 7671  0
2653 2652 4763 8429  0
330 295 294 7909  0
463 517 8011 8234  0
1792 1793 7697 8158  0
2140 2139 2171 7707  0
795 850 7898 8167  0
5313 5294 8095 8368  0
5468 7956 8291 7849  0
2307 1448 7943 8266  0
7218 7283 7282 7674  0
7678 7800 2441 8377  0
6789 6788 6569 7953  0
8288 3611 3022 3036  0
6222 6221 7876 7970  0
2362 1293 8146 2361  0
5748 5714 4649 7999  0
3723 8384 4393 8196  0
5192 5209 5208 8010  0
6502 5620 6503 8018  0
1202 1394 1203 7807  0
6675 7823 6656 6657  0
6924 6897 6898 8278  0
4689 4690 4202 8128  0
5581 5582 7977 8037  0
3456 2454 8078 8324  0
1179 1371 1358 7854  0
7734 7363 7362 7432  0
1426 1427 1235 7997  0
4917 7840 6447 4286  0
1311 1310 1104 7874  0
5745 5776 7897 8128  0
5635 5680 5679 8204  0
6493 6748 6747 7724  0
770 7855 1069 769  0
1257 1447 1256 8266  0
1359 1358 1372 7854  0
7830 933 7733 1166  0
7549 7481 7482 8187  0
652 653 584 7928  0
5526 5549 5548 7959  0
5664 7837 7860 5665  0
4734 4735 4751 8437  0
1017 7796 7925 8166  0
7694 7750 7859 8411  0
1261 1260 1050 7960  0
5791 4710 4709 8335  0
6503 5621 6504 8018  0
2732 2731 2764 7915  0
7058 7896 7059 6694  0
6865 7881 8379 6866  0
4827 4826 4813 8401  0
1904 1905 1887 7933  0
2870 2869 2889 8064  0
5731 4636 4635 7688  0
8317 8208 8214 7855  0
5496 7707 7831 7986  0
7545 7703 7546 7607  0
2315 2277 2314 8331  0
5404 7666 7760 8291  0
7819 2376 8239 8277  0
5874 5899 5898 8000  0
6231 6249 6230 7901  0
2237 8260 2203 7831  0
7567 7765 8298 7566  0
2142 2143 7891 8048  0
6619 5714 6637 7999  0
7024 6657 6656 7823  0
4611 5689 5690 7962  0
5696 8232 5693 5695  0
2381 2380 1496 8195  0
6314 6297 6298 7884  0
2342 3370 8378 2344  0
806 7744 855 807  0
6820 6819 6743 8180  0
8377 7800 7657 7678  0
2463 8129 2464 2427  0
6626 5728 5727 7817  0
1638 1629 1637 7695  0
7655 4141 8396 7962  0
1716 1705 1704 8244  0
766 1066 1065 7947  0
4121 7687 3788 4122  0
5606 6480 5605 7988  0
6686 6718 6717 8253  0
2531 2568 2569 8397  0
1175 1174 1180 8164  0
6686 6717 6685 8253  0
373 437 438 7802  0
1304 1097 7877 8167  0
7717 7676 7737 7961  0
1110 7885 835 836  0
2535 2534 8111 8264  0
7255 7256 7795 8256  0
8071 7438 7368 7862  0
7083 7082 6750 7682  0
8220 7699 8335 8360  0
5202 5219 5201 8005  0
4429 2156 8349 4443  0
7733 7794 7963 7874  0
1854 1855 1840 8005  0
6637 5714 6636 7999  0
2547 8440 8310 4715  0
6989 7817 7905 6626  0
7810 1540 1537 8068  0
724 723 1020 8166  0
5076 5091 8016 8279  0
5493 5517 7978 7986  0
1980 1981 7858 8423  0
5195 8059 5212 5211  0
4542 4541 4095 8414  0
1746 1734 1735 1747  0
7761 8320 7730 7681  0
431 366 430 7827  0
7951 5642 7722 5641  0
3032 3033 3018 7970  0
1986 1970 1969 8200  0
6460 8263 7959 6469  0
371 766 765 7947  0
827 7733 7830 7909  0
2205 7832 2206 7707  0
7517 7866 8259 8246  0
1638 1630 7695 8346  0
6356 6341 6342 7752  0
8097 1471 3374 1473  0
2279 2316 2317 7926  0
2091 2060 2090 8354  0
4675 5762 5763 8103  0
6342 6327 6343 7752  0
4596 4597 7808 8056  0
7729 7842 8009 8165  0
394 395 813 8021  0
3863 4203 3864 8128  0
648 694 695 7813  0
2268 2267 2305 8037  0
7814 1219 1002 1003  0
5923 5899 5900 8000  0
3148 3649 3654 8190  0
5847 5846 6732 7864  0
6177 6178 7736 8109  0
1620 2497 1621 8237  0
6636 5748 6670 7999  0
7671 7662 8062 8089  0
6751 6497 7900 8328  0
7850 7665 8043 8278  0
7703 7609 7548 7547  0
1701 1702 1690 8035  0
1754 1766 1767 7664  0
2207 7832 2206 2241  0
3860 3488 3859 8062  0
1491 1492 2376 8277  0
5551 5550 8217 8245  0
880 881 860 8125  0
7503 7734 7433 7806  0
3016 3015 7815 8211  0
3091 3090 7884 8382  0
8133 53 72 73  0
3500 2556 3874 7716  0
4564 4598 4597 7875  0
6475 7837 6562 6524  0
6713 6681 6714 8020  0
5684 5674 4604 8199  0
5176 8073 5160 5177  0
4197 4684 4685 8089  0
3079 3065 7884 8249  0
763 369 7947 7992  0
5996 5974 5997 8387  0
7702 6473 7805 6490  0
655 701 702 7809  0
7881 6865 8379 8145  0
2730 2697 2729 8295  0
1034 735 1035 8284  0
1403 1404 1212 7735  0
1370 1388 1554 8156  0
7763 7329 7328 7398  0
7668 7873 7998 8316  0
1885 1869 1884 8015  0
6841 6842 6857 8004  0
6511 8076 5628 8032  0
1782 1767 1781 8090  0
8192 2284 2283 7836  0
912 7869 7941 913  0
2131 2164 7849 7956  0
2732 2699 2731 7915  0
8058 7684 7658 7699  0
8428 5917 8438 8442  0
5477 5476 5455 7891  0
8440 7705 8129 4655  0
5955 5933 5934 7915  0
5061 5062 5075 7940  0
8323 5541 5542 7831  0
1735 1746 1747 7940  0
5495 5496 5518 7831  0
2427 8276 2428 2422  0
7834 7879 7777 7694  0
1060 7773 761 1061  0
8225 7818 8243 8205  0
420 419 7670 7787  0
7938 1328 1509 1330  0
8079 8377 2443 3445  0
3282 3281 8015 8126  0
7058 6693 7057 8220  0
1633 3207 1632 7825  0
1396 1205 1204 8165  0
6786 6785 6566 7988  0
7483 7777 7482 7984  0
8386 4851 4845 4252  0
4662 8243 5722 8178  0
1010 713 1009 8087  0
5641 6548 6547 7951  0
6894 6895 6921 7880  0
6356 6357 6373 7788  0
7810 7828 8075 8068  0
7412 7481 7411 8187  0
2616 4745 4746 8429  0
6841 6842 8004 8199  0
461 405 460 8234  0
8252 3009 2994 7901  0
6605 6960 6607 8127  0
8290 7901 6249 6250  0
7697 1777 1762 1763  0
6886 6913 8127 8247  0
2206 2173 2172 8048  0
7590 7779 8409 7589  0
2828 2829 2810 7714  0
6944 6943 6918 7881  0
7746 5806 7976 8302  0
6263 6246 8288 8185  0
6978 6956 6979 7905  0
7683 7668 7779 8316  0
630 7798 926 8066  0
7557 7618 7556 8072  0
3028 3029 3014 8002  0
1178 1370 7854 8156  0
8426 7671 7892 7974  0
2922 2904 7967 8341  0
4528 4527 4511 7819  0
5211 5228 5210 8059  0
6819 6818 6742 8180  0
2444 1553 2443 8079  0
5318 7680 5319 5338  0
3224 3225 3221 7715  0
7864 5871 8026 8188  0
2163 2131 2162 7956  0
822 1331 1329 7929  0
600 7857 543 599  0
1215 1216 999 7809  0
2668 2702 2669 8274  0
4223 3885 3522 7746  0
5602 6477 8050 8170  0
6060 6059 6038 7672  0
7653 6509 7674 8076  0
5021 5007 8035 8326  0
3099 3084 3098 8184  0
7708 7921 5645 8195  0
541 597 598 7870  0
2942 8341 2924 2941  0
3039 3054 3040 8290  0
5413 5434 5412 7891  0
4984 7883 7841 4985  0
6684 6715 6683 8020  0
7803 7667 8079 8285  0
6680 6662 6681 8091  0
7774 7838 8206 8353  0
7866 7677 7729 7749  0
7886 1583 1400 8364  0
6332 8194 6333 6348  0
5407 5429 5406 8241  0
6039 6040 6061 7890  0
110 74 87 8133  0
4604 4606 5684 8199  0
7860 7964 8037 8050  0
403 7733 829 827  0
2612 2577 2576 8058  0
2332 4524 4523 7875  0
5105 5106 5121 7692  0
7658 8140 8257 8007  0
7609 7703 7634 7608  0
1778 1779 1765 7697  0
6969 6946 6947 7828  0
1095 792 8167 8357  0
7941 1384 1197 8324  0
4139 4140 4607 8053  0
744 7948 745 8008  0
7985 5794 5795 5780  0
7415 7414 7345 8169  0
5860 5836 8051 8295  0
8012 7857 8223 8183  0
4099 7902 3766 8219  0
6473 7805 6490 6465  0
398 7924 321 399  0
8371 1042 8008 8153  0
7872 1976 1977 8136  0
7007 6640 6639 8238  0
5548 5549 6460 7959  0
382 447 383 7922  0
7842 8165 2480 8009  0
5177 5161 5178 8073  0
2305 8266 1445 1446  0
4945 4934 4935 7695  0
5405 5384 5385 7907  0
6707 8072 7071 8122  0
512 872 853 8118  0
2432 1540 2431 8068  0
6936 8127 6911 6937  0
803 454 8118 8124  0
429 364 428 7844  0
1918 1934 8182 8309  0
3145 8194 3144 8229  0
3728 8384 8110 4406  0
6493 5610 7679 7724  0
5727 7696 6625 7817  0
4296 4297 3986 7840  0
4600 5686 4605 7962  0
1291 1081 1292 8049  0
7385 7936 7316 8303  0
6289 6288 6270 7768  0
7741 7203 7900 7793  0
5078 5063 5064 7991  0
2765 2794 2795 7771  0
6610 5706 7903 7975  0
803 389 8124 8258  0
2214 2248 8157 8283  0
3446 3447 2444 8079  0
6892 6868 6893 8057  0
1738 1750 1751 7971  0
2989 2972 2971 7935  0
6469 7959 8245 8263  0
718 717 8012 8223  0
2046 2017 2045 8422  0
4108 7833 3774 7826  0
1106 828 830 7874  0
353 352 417 7948  0
7415 8381 7834 7416  0
6712 8020 7767 8091  0
1966 1949 1948 7721  0
5129 5113 7697 8150  0
5356 5355 7701 8287  0
1382 1563 1564 7740  0
7365 7435 7434 7942  0
5222 5223 7865 8069  0
2893 2894 2874 8212  0
4561 4520 4562 8056  0
8438 2770 2769 2737  0
1754 1767 1768 7664  0
7864 2606 8003 8074  0
3001 8211 7815 8299  0
554 610 7719 7904  0
5852 5825 5826 7746  0
4571 8380 4570 8239  0
110 75 74 8133  0
3568 2841 3563 8272  0
552 497 551 7904  0
3083 3097 3098 8184  0
6694 5755 5791 8335  0
1113 1087 1319 7784  0
4156 3817 3834 7878  0
7537 7538 8257 8441  0
5878 5925 4804 8370  0
6494 7724 6748 6493  0
1595 2530 2531 7867  0
962 8248 963 946  0
7704 7937 7997 8166  0
5606 5586 5607 8096  0
1700 1688 1699 8326  0
7161 7160 7131 7674  0
7698 7877 7898 8167  0
7420 7490 7489 8286  0
7694 7717 8131 8152  0
5220 5203 7865 8005  0
7765 7357 7358 8267  0
555 611 612 8322  0
6183 6184 6202 8299  0
2357 2356 1288 7812  0
6960 6608 6607 8127  0
7665 7885 7733 7963  0
7853 7869 891 8167  0
6080 6100 6079 7672  0
4353 3703 3269 8073  0
7740 7941 965 7853  0
2850 2831 2830 7714  0
4512 4528 7819 8239  0
494 493 548 8077  0
1133 1137 1134 8385  0
3300 3304 7701 8095  0
2775 8188 2741 2774  0
6214 6213 6195 8252  0
2516 2515 2556 7716  0
4599 5669 4592 8199  0
6491 6533 6490 7702  0
1051 7899 7787 752  0
1360 1537 1542 7835  0
8088 3406 2384 8314  0
5776 4689 4688 8426  0
7009 7572 7573 7730  0
1167 8099 1168 7733  0
3820 3819 4159 7688  0
1932 1915 8269 8309  0
7800 8099 8080 8197  0
5251 5233 4360 8309  0
6536 6492 6493 7724  0
7450 7451 7518 8246  0
5002 5003 5015 7811  0
7527 7460 7779 7459  0
2319 2320 2282 8192  0
1700 7991 8035 8326  0
6532 6531 7805 8180  0
5462 4406 8110 8384  0
2168 7831 2201 2202  0
3015 7815 3029 3030  0
7462 7463 7530 8161  0
4322 4324 5003 3686  0
4363 8182 4365 5272  0
1397 1205 1396 8165  0
8102 7996 8115 8351  0
7699 5789 8335 8360  0
104 81 102 105  0
503 447 446 7922  0
1839 7918 1823 8005  0
5199 5200 5217 8126  0
976 1031 1032 8028  0
7506 6999 7862 7955  0
7205 7741 7900 7945  0
7024 7954 7023 7587  0
1190 965 1189 7740  0
7627 7566 7628 7897  0
597 596 665 7870  0
1349 1350 7669 7838  0
7164 7225 7291 8004  0
7657 7696 7817 7905  0
6991 6990 6978 7905  0
8114 5259 5260 7865  0
1051 7776 7920 7960  0
1680 1681 7841 7883  0
3047 3048 3032 7970  0
8366 1959 1942 8383  0
3468 8009 3842 3469  0
7975 7705 8129 8276  0
1390 1568 8044 8324  0
1683 7883 7811 8275  0
8139 2078 2079 7891  0
1136 1135 1141 7868  0
8114 5278 5279 5260  0
6512 8042 5655 5656  0
2371 1486 1487 7875  0
2300 7819 2299 2337  0
4512 4528 4511 7819  0
7083 7145 7682 7900  0
6466 5589 6467 8410  0
349 348 413 8415  0
5525 7959 8023 5526  0
1965 1948 1947 7721  0
2353 2354 3385 7887  0
5818 7660 8051 8318  0
7824 5147 5148 5131  0
8115 2595 8318 7996  0
6149 6169 6168 8352  0
5572 5552 5553 8408  0
1371 1178 1370 7854  0
6822 6745 6746 7724  0
1674 7811 1686 3226  0
8325 6117 8109 6118  0
6994 7667 7710 8201  0
6328 6329 6344 7884  0
5028 5015 5029 7725  0
1708 1707 1719 7725  0
6955 8230 6929 6930  0
1857 1872 1873 7865  0
3188 3187 3197 7840  0
1185 1184 1377 7908  0
4465 5509 4481 8406  0
6595 6843 6859 7718  0
8162 3785 4119 8088  0
1485 7875 8056 8233  0
2950 2932 2949 7789  0
7793 7408 8027 7338  0
7725 5058 7981 8171  0
6492 5610 6493 7724  0
5253 8015 5273 8368  0
3047 7815 8104 7970  0
4613 5691 4616 5693  0
7594 7783 8081 8161  0
886 887 7839 8248  0
5258 5257 7865 7933  0
1392 1393 1201 8044  0
7832 2205 2239 8260  0
7290 7765 7958 8004  0
2910 8212 2892 8054  0
6542 6541 5633 7829  0
496 550 7796 7802  0
8244 5055 5041 5040  0
2630 2664 8051 8240  0
6704 6703 7068 7879  0
1189 1382 1190 7740  0
1589 7735 7843 1405  0
8107 6010 5989 5988  0
5907 5908 5931 8189  0
667 599 598 8087  0
7412 7482 7481 8187  0
8388 8099 937 8080  0
7793 7202 7266 7267  0
4566 4525 4567 8289  0
1708 1709 1697 7725  0
496 550 551 7796  0
2879 2861 2860 7672  0
7883 5013 5012 8244  0
5298 5279 5299 7675  0
1979 1980 1962 7858  0
53 8133 54 73  0
8088 1092 8357 7839  0
7658 7684 7762 8140  0
8058 7658 8343 8360  0
6411 6397 8190 8305  0
2950 2966 2967 7848  0
279 205 236 278  0
7022 8308 6654 7021  0
3300 3296 3299 8095  0
900 8216 8080 901  0
7964 7837 8008 8266  0
555 500 554 7791  0
4099 4098 7902 8219  0
6411 8045 8305 8190  0
119 118 96 8133  0
6745 8132 6822 6821  0
1866 3276 3272 3707  0
2973 7935 2972 8033  0
6078 6079 6099 7672  0
7255 7254 7190 8123  0
7080 6748 7682 7724  0
6059 6037 6038 7672  0
7318 7248 7998 7317  0
6745 7724 6535 6746  0
3131 3130 7659 8194  0
6348 6347 7989 8194  0
2861 8218 2862 2843  0
7909 330 264 294  0
7800 8099 7665 8080  0
8129 4630 4652 4631  0
2830 2813 2812 7714  0
5320 5340 7680 8366  0
7817 6628 7688 7905  0
1686 1685 1697 7811  0
7780 658 657 589  0
5152 5136 5153 8119  0
1508 1328 1509 8233  0
1121 8001 7669 1123  0
4783 2722 2688 8435  0
7949 7877 8117 8284  0
5839 8134 5838 8051  0
771 1070 770 8017  0
4259 3927 2928 8265  0
1572 1393 1571 7807  0
7695 7841 1647 8346  0
5680 7932 6583 8204  0
2356 2355 1287 7812  0
7958 7287 7288 7223  0
734 7877 1034 1033  0
8099 8388 937 936  0
4359 8126 3277 3274  0
6080 6059 6060 7672  0
7762 7758 7541 7473  0
7854 7878 7892 8156  0
7161 7219 7218 7674  0
7587 7023 7586 7954  0
7054 7055 8007 8140  0
7796 497 7904 551  0
2511 7705 2468 2467  0
1336 8385 1335 1339  0
1277 7855 1278 8208  0
1350 1152 1349 7669  0
2339 2378 2379 8239  0
8301 4683 4195 4196  0
3743 8262 3748 3368  0
1193 8116 1385 1194  0
6593 6826 7718 8247  0
8079 7657 8377 7688  0
476 475 530 7670  0
5223 7865 8069 8293  0
2468 8068 2433 2432  0
402 403 827 7909  0
594 593 662 8231  0
1513 2404 1338 8210  0
7590 7027 7026 8409  0
6694 6693 8220 8335  0
2278 8331 7926 8098  0
5086 5085 5071 7981  0
6147 6146 6126 7935  0
1557 2446 1558 8079  0
5418 3723 4393 8196  0
8008 1252 8371 8378  0
6186 6187 7876 8033  0
7810 7774 8202 8313  0
873 895 874 7723  0
2337 2336 2376 7819  0
2378 7722 1494 2379  0
2423 1535 1534 8276  0
5887 5886 5862 8134  0
2007 3305 3301 4034  0
7344 7742 7984 7343  0
1978 1979 1962 7858  0
3033 3049 3034 7970  0
5880 5902 5879 8221  0
6893 7828 8057 6920  0
4862 4864 6133 8265  0
621 8084 564 620  0
1366 1547 1548 8197  0
4643 4168 4167 7969  0
7884 6315 7989 8249  0
6895 8043 6896 6922  0
4529 4571 4570 8239  0
6838 6768 6769 7914  0
7406 7475 7405 7762  0
6395 6381 6396 8229  0
7858 1996 7907 8136  0
5417 5418 4389 5396  0
8217 7836 2249 8157  0
6951 8278 6950 6925  0
6617 6970 6618 8355  0
4151 4149 4621 7661  0
6921 6895 6922 7880  0
8280 4103 8076 8146  0
3114 7747 3126 3115  0
2827 2826 8294 8387  0
1734 1746 1735 7940  0
5910 5933 5909 7915  0
826 823 825 7830  0
494 548 7802 8077  0
7751 8156 1177 7854  0
1858 1859 8242 8293  0
450 8093 8424 449  0
5577 7860 5598 8262  0
5834 5814 5835 8240  0
3887 4226 7968 8000  0
5986 8175 5985 5962  0
1475 1473 1472 8097  0
3173 3183 7895 8045  0
7335 7762 8067 7793  0
1466 1275 1276 8208  0
5163 5146 5164 8158  0
6504 5622 6505 8018  0
4310 7825 4309 3999  0
1825 1826 7918 8069  0
2083 2114 8384 8196  0
2061 2032 4400 2062  0
6389 6376 6390 7792  0
6205 6206 7876 8033  0
2609 2608 2644 7968  0
4108 7833 4107 3774  0
3349 8283 2182 8157  0
8039 7767 7660 7781  0
7791 502 7922 8322  0
7187 8123 7119 7188  0
754 7899 7917 8181  0
813 8001 812 8021  0
7405 7474 7404 7762  0
5389 5388 7709 8065  0
31 41 24 8361  0
2791 2790 2811 8177  0
8249 3082 8290 8347  0
4938 4937 4309 7825  0
8165 1582 1581 1398  0
2698 2730 7915 8295  0
3012 7901 7736 3011  0
948 909 947 7853  0
2758 2726 8221 8373  0
5351 5331 5332 8200  0
5960 7656 8175 8319  0
7111 7110 6781 8029  0
2456 1567 2455 8324  0
706 8231 659 7910  0
7738 7726 8207 8425  0
6117 8325 8109 8297  0
8057 6870 6836 6869  0
6179 6180 7736 7848  0
1820 3268 7782 8158  0
6084 6064 6065 7967  0
3196 3187 3186 8395  0
1871 1888 1872 7865  0
1793 1807 7824 8158  0
7970 4882 4879 6260  0
6546 7951 6547 6800  0
7723 854 855 873  0
4100 4101 8219 8280  0
1698 3229 1697 7811  0
7630 7605 7631 7778  0
1747 3243 7940 8016  0
1275 7911 7947 8208  0
2052 7891 2081 8224  0
7462 7392 7393 8296  0
8042 7698 8141 8061  0
7425 7426 7495 8155  0
7553 7486 7554 8381  0
3999 3211 4310 7825  0
7441 7509 7508 7955  0
1828 7785 8119 8242  0
4558 4559 7829 8425  0
6048 8054 6049 6070  0
6641 6640 7008 7730  0
2474 2475 2439 7800  0
5576 7836 4482 4499  0
5174 5158 5175 7785  0
5929 5952 5951 8373  0
1444 1443 1253 8378  0
6498 6752 6497 7900  0
5454 5475 5453 8034  0
5101 5116 5100 7664  0
1136 1133 1132 7868  0
538 539 484 7882  0
7426 7427 8155 8267  0
7433 7806 8232 7503  0
1327 8202 1325 8329  0
6301 6317 8249 8347  0
7791 7846 8193 8198  0
5804 5803 7767 7781  0
7464 7532 7531 8161  0
4417 4431 8349 8443  0
7689 3029 3045 3044  0
3486 2498 3485 7816  0
6697 5757 7896 7994  0
5262 5261 5243 8114  0
1780 1781 1767 7664  0
1326 8233 1324 8202  0
2348 2347 7855 8214  0
499 498 553 7904  0
2376 2377 2337 8239  0
1530 1359 7878 7939  0
7353 7354 7845 7972  0
5772 6711 8089 8215  0
2322 2323 7836 7911  0
1217 1216 1408 8307  0
105 123 90 8361  0
7705 8068 8163 8225  0
6222 6223 6240 7876  0
1132 1117 1131 7868  0
3511 3872 3504 8058  0
1531 7774 8353 1532  0
4317 3682 3219 3680  0
1740 1728 7971 7981  0
1276 1277 2345 8208  0
1876 1875 8063 8293  0
5207 5225 5224 8389  0
3396 2364 7833 8261  0
4350 3265 4348 3701  0
2874 2894 2875 8212  0
6494 7724 6493 7679  0
2165 2164 2198 7849  0
1679 1678 8035 8203  0
7889 7681 7691 7677  0
2349 1280 1281 8017  0
1118 1119 1321 7790  0
3456 7980 3457 8078  0
1585 1401 1584 8168  0
6776 6519 6520 7847  0
2244 7959 8023 8098  0
7175 8014 7239 8100  0
8254 3173 3172 3161  0
7834 7346 7415 7416  0
2970 8105 2954 2953  0
6795 6796 7162 7958  0
1462 1272 1463 7773  0
7894 3474 3475 8315  0
3156 3168 3157 8024  0
7226 7296 7295 8030  0
2445 2446 1557 8079  0
5161 5160 4348 8144  0
4557 7829 5633 7826  0
4197 4684 8089 8215  0
774 7791 380 8176  0
1923 1940 1924 8114  0
1780 7824 1779 1794  0
1778 1765 1764 7697  0
2166 2135 7849 7978  0
2460 3458 7892 2459  0
2951 2952 2933 8105  0
2867 2868 2849 7714  0
2078 2077 8034 8065  0
2481 1581 7842 8364  0
8002 6216 6233 6217  0
2349 2350 3381 8017  0
2366 2402 2367 8332  0
5040 5026 7957 5039  0
6430 7792 6416 6417  0
7194 7195 7259 8038  0
3874 4724 3500 7716  0
6891 6867 6892 7881  0
3859 3487 3858 8062  0
7793 7203 7900 7682  0
2339 2338 2378 8239  0
650 7797 8036 582  0
7698 7712 7727 7652  0
3098 3084 3083 8184  0
7589 7025 7588 7823  0
7816 7671 7686 7662  0
3111 3099 3098 8184  0
5242 5243 8114 8293  0
3496 3866 7800 8178  0
5546 7832 8048 8098  0
3533 3532 3539 8370  0
6842 7739 8004 8199  0
6380 6393 6379 8229  0
1560 2448 2449 7908  0
1085 785 786 8251  0
1418 1417 1601 7759  0
2834 2815 2833 7906  0
7815 7689 6235 8002  0
7826 7820 8032 8076  0
602 601 670 8223  0
5954 5976 5953 8177  0
5935 5957 5956 7771  0
942 941 958 8164  0
2410 7655 8367 8210  0
4110 3777 4111 8425  0
4131 4594 8137 8332  0
7684 7925 8012 8223  0
7775 8102 7823 8083  0
2829 2830 2811 7714  0
7674 7283 7845 7972  0
6531 7711 7805 8180  0
3461 3444 3818 8273  0
1330 1327 7938 8202  0
635 324 323 7909  0
6170 6190 6169 8352  0
378 443 379 8198  0
1594 8307 7927 8421  0
1887 1905 7865 7933  0
3145 3146 8194 8229  0
7766 7767 7867 8091  0
5336 5356 5355 7701  0
6269 6268 6252 7685  0
4513 4530 4529 8239  0
2274 2238 2273 8260  0
5790 8360 5789 6692  0
4884 6293 6275 8104  0
5603 8050 8170 5602  0
7796 8327 8317 7802  0
2391 2390 7877 8061  0
3412 3791 3790 8061  0
273 256 257 8439  0
7802 376 8198 440  0
3348 3342 3347 8348  0
3118 3105 7884 7989  0
4613 5691 6596 8232  0
7287 7286 7222 8267  0
4110 4557 7826 8425  0
6968 6616 6615 7828  0
7827 485 7870 7882  0
1201 7807 8044 1393  0
8105 6182 8211 8299  0
826 1104 1333 7874  0
7059 7632 7896 8220  0
5522 5544 5521 7707  0
4166 4165 4641 8338  0
6233 6234 7685 8002  0
2379 3373 2339 8239  0
2377 8277 1493 8239  0
4613 7739 6596 4610  0
2534 1598 7982 8264  0
5769 6710 5770 8215  0
5353 5373 5372 8224  0
2476 1571 1570 8044  0
7319 7320 8046 8399  0
6337 6321 6322 7756  0
6375 6374 7788 7792  0
2826 8218 8294 8387  0
3005 2989 8033 2990  0
6409 6394 6395 8229  0
583 8036 8226 582  0
3960 3646 3641 8306  0
8203 7695 1655 7715  0
6602 6959 6934 8232  0
7032 7033 7048 8228  0
6365 6382 6381 8229  0
8006 7742 7150 7945  0
2873 8212 2874 7919  0
3229 1686 1697 7811  0
8244 1718 1729 1717  0
6408 6393 6394 8229  0
6764 7097 7096 7674  0
3957 3101 3636 8400  0
7747 7989 7659 3118  0
2043 2044 2015 7907  0
3596 3935 7690 8352  0
5884 5908 5907 8295  0
473 7670 474 417  0
1077 778 1078 7812  0
7749 7863 8044 7980  0
5070 5085 5084 7981  0
5862 5887 8134 8172  0
6476 7837 8050 6563  0
4539 5615 5614 7973  0
2398 3778 3777 8425  0
7911 2346 7934 8208  0
6824 7674 7131 8032  0
5297 5277 5278 7933  0
1106 7733 7963 7874  0
1161 928 8066 8345  0
5175 5176 5192 8010  0
2794 2765 2764 7771  0
6396 6381 6382 8229  0
7217 7159 7160 7674  0
5374 5395 5394 8224  0
7699 7658 8058 8360  0
6394 6409 6408 8229  0
5807 5789 7976 8360  0
3157 3168 3169 8229  0
6438 6437 8305 8390  0
5521 5543 5520 7707  0
1821 7824 1822 1807  0
7145 7203 7682 7900  0
8146 7686 8258 8261  0
773 8198 8193 772  0
7873 6564 8170 6783  0
2579 3511 3504 8058  0
6572 8191 6571 8410  0
2306 2305 1446 8266  0
6957 6931 7364 7710  0
4984 7883 4985 4997  0
5283 5284 5304 8407  0
8076 6509 6510 5627  0
1276 1066 7947 1065  0
5667 5666 4559 7829  0
8272 3544 3898 5969  0
7422 7352 7353 7845  0
930 633 929 7924  0
6768 6512 6769 7914  0
4937 3998 7825 8346  0
1457 7926 1458 2317  0
652 8036 8226 651  0
6856 7136 8030 8292  0
2786 3546 7871 8370  0
6473 5591 7702 7836  0
675 606 674 7796  0
4099 4545 4098 8219  0
7168 7914 7099 7761  0
1479 7799 8371 8378  0
471 525 7797 8250  0
5498 5476 5499 7707  0
7726 7829 8207 8425  0
7861 5819 5802 5801  0
6459 8263 6460 6468  0
5150 5166 5149 7824  0
6463 6484 6467 8031  0
2768 8175 2769 7656  0
1922 8114 1923 1906  0
7759 1418 1419 1602  0
4198 4199 8062 8089  0
6946 6945 6920 7828  0
7822 7773 7827 8160  0
7944 1455 8181 8331  0
8229 3964 3965 3650  0
4950 4961 4949 7825  0
6744 8132 6820 8180  0
5545 5569 5568 7832  0
3501 7842 8311 7990  0
4348 8073 4350 5161  0
7587 7525 7526 7954  0
6067 6087 6086 8341  0
7702 7700 7836 7911  0
7806 5704 7999 8418  0
522 468 7987 8250  0
937 1171 1172 8080  0
2276 7852 2313 8331  0
2857 2837 2836 7919  0
7698 7681 7949 8112  0
5751 7866 8311 8404  0
930 8345 1163 1164  0
6378 6362 6379 7659  0
4586 4125 8042 8061  0
6179 6159 6180 7848  0
4322 5002 4989 7811  0
4999 5011 4998 7883  0
7652 7712 7942 8162  0
1073 1072 773 8193  0
966 965 1190 7941  0
2607 2642 2643 8074  0
659 591 7910 8231  0
5545 5544 5522 7832  0
6553 6807 6806 7708  0
8442 5938 5960 5939  0
5848 5871 5847 7864  0
5295 5314 5313 8095  0
81 123 105 8361  0
5522 5521 5499 7707  0
2205 2206 2172 7707  0
1406 1589 1590 7843  0
7370 7301 7371 8071  0
7814 707 1004 1003  0
7917 427 7844 7882  0
1535 1536 7810 8276  0
27 10 45 28  0
7616 7879 8072 7642  0
8288 3035 8358 8185  0
986 8391 8344 987  0
3158 3144 3157 8229  0
4310 4311 4938 7825  0
807 1101 1100 7744  0
1382 8078 7740 1564  0
5319 5320 5339 7680  0
948 964 965 7853  0
1808 1794 1793 7824  0
7 14 1 15  0
1800 7785 1814 1815  0
7719 724 677 678  0
3944 3612 4267 7876  0
6200 6182 6183 8211  0
8440 4699 4717 2550  0
4158 8377 7688 3819  0
7347 7278 7348 7995  0
1418 7759 1419 7912  0
1482 7731 1306 1483  0
7308 7238 7239 8100  0
25 24 31 8  0
4609 4610 5688 7739  0
4573 7921 7722 5643  0
6396 4903 3966 8229  0
5664 7837 5665 6524  0
6812 7652 6813 7139  0
7726 7878 7939 7804  0
1933 7721 8182 1932  0
7199 7263 7198 8067  0
6750 7083 7682 7900  0
7689 7815 6235 6236  0
5348 5368 7709 8374  0
1811 1824 1825 7918  0
4177 3838 3831 7980  0
1405 1214 1213 7732  0
7723 7726 7820 7671  0
5850 5825 5851 7968  0
327 328 7885 8388  0
475 529 530 7670  0
5894 5895 5917 8026  0
7726 7826 8425 7731  0
55 8361 76 58  0
5428 5450 7760 8241  0
7380 7449 7379 7930  0
3638 3637 3641 8306  0
5358 5359 5379 7680  0
7996 5783 5798 8351  0
3197 3187 3196 7840  0
5541 8323 5542 5565  0
2538 8058 2576 2539  0
3393 3770 3769 8146  0
4712 4729 4728 8429  0
2515 8205 2516 2472  0
2170 2203 2204 7707  0
2956 2955 2972 7935  0
5591 6474 6473 7702  0
5478 5477 7891 8048  0
5771 4684 4683 8215  0
48 39 55 30  0
1179 1156 1178 7854  0
502 7922 557 503  0
7006 6635 7005 8238  0
5540 5517 7831 7978  0
505 8093 449 7922  0
864 8222 842 863  0
7814 1219 1220 8421  0
5948 5971 5970 7871  0
3474 3845 3846 8315  0
6048 8135 6047 6026  0
1563 1381 1562 7740  0
7818 7828 8068 8163  0
1728 7971 7981 8244  0
5145 5146 5163 8158  0
7851 1109 7885 7963  0
1193 8412 977 8086  0
8368 3716 3718 4031  0
1608 1425 1424 7925  0
6927 6900 6901 8013  0
4145 4147 3809 8396  0
7310 7309 7240 8014  0
6924 6898 6925 8278  0
1474 1039 1476 8371  0
476 531 477 7786  0
7005 7000 7006 7955  0
5016 5003 7725 7811  0
7563 7496 7564 8155  0
7863 7869 7965 8070  0
5928 8373 5929 5951  0
1358 1359 1347 7854  0
6504 8101 6505 6759  0
2844 2824 2843 8218  0
6619 7004 6984 7806  0
1026 729 1025 7859  0
2351 2350 1282 8017  0
8274 5864 5890 5865  0
3355 8157 3740 4070  0
963 1187 1188 7740  0
3829 3828 7969 8078  0
7709 8065 8241 8422  0
6342 6326 6327 7752  0
5993 5992 7871 8272  0
7911 8317 7724 7947  0
7737 7676 7879 8072  0
1606 1422 1605 8094  0
7657 7688 7817 8377  0
7382 7312 7313 8025  0
7662 7816 8062 8301  0
7953 5608 5607 6482  0
3680 7825 3215 8275  0
3060 3059 3075 7689  0
950 966 967 7941  0
935 638 934 8388  0
883 882 904 8222  0
958 7803 942 8164  0
5972 8387 5950 5973  0
7869 460 7898 8234  0
7562 7563 7624 7979  0
5380 5359 5360 7680  0
8273 4206 4174 3835  0
4679 4192 7737 7961  0
5950 5951 5973 8387  0
8155 7845 7425 7972  0
5198 8126 5199 5216  0
1815 1816 1801 7785  0
1201 7807 8344 8044  0
8139 2021 8200 8224  0
7460 7391 7461 7856  0
7912 8264 7658 8179  0
5548 5547 8023 8098  0
8110 8217 5527 7959  0
5356 5357 5377 8287  0
7889 7691 8011 8375  0
4305 3996 4306 8346  0
2766 2767 7656 8319  0
5949 8387 7871 8370  0
6156 6136 6137 8372  0
6201 6221 7815 8299  0
6371 6385 6384 8306  0
7290 7291 7360 8004  0
1575 2501 1576 8086  0
2754 8435 2722 4799  0
927 7798 1161 8066  0
6593 6845 6589 7718  0
422 7787 7899 357  0
4783 4767 4768 8435  0
2690 8437 3531 2691  0
3325 2085 3725 8384  0
8081 7592 8161 8409  0
2641 8003 2605 7864  0
6939 6913 6914 8213  0
791 847 792 8357  0
1774 3251 1775 1761  0
5508 5531 5530 8157  0
155 131 130 8133  0
107 130 131 8133  0
1248 1440 7816 1439  0
3281 3284 3285 8015  0
3336 2067 3330 7693  0
8173 2034 2033 4386  0
423 480 424 7899  0
1505 1506 8137 8337  0
4931 4301 4932 8209  0
3790 3411 3412 8061  0
7719 8411 1022 726  0
3155 7659 3142 3141  0
5587 5568 5588 8281  0
5872 5871 5848 7864  0
8200 5331 8271 8374  0
2069 2101 2070 8291  0
357 358 752 7899  0
6291 6273 8104 8400  0
5427 5448 5426 7760  0
3916 3917 4848 8386  0
3190 8305 3661 3665  0
2973 2974 7673 8033  0
744 7948 8008 8415  0
5290 7721 5289 8182  0
5336 5316 5317 7701  0
7363 7433 7734 8232  0
8150 4019 3700 3259  0
1084 8261 8118 8251  0
7713 8179 8264 8362  0
5603 5583 5604 7977  0
3792 8112 4126 8061  0
6617 6620 5713 8355  0
3145 3144 3158 8229  0
7686 7653 8076 8146  0
8129 7903 4631 7975  0
6004 6005 6027 7919  0
8373 2789 2788 2759  0
922 625 921 8392  0
6779 6780 8029 8268  0
7669 919 1144 8392  0
6653 8083 7775 8308  0
4232 3896 4816 8435  0
8158 4354 3266 3267  0
3175 8254 3163 3162  0
1755 1754 1768 7664  0
4451 5531 5508 8157  0
7086 6754 7087 7945  0
5970 5991 5969 8272  0
1793 1806 1807 8158  0
4594 8056 8137 8332  0
2205 7832 7707 8260  0
4363 4027 3712 8182  0
6316 8249 6315 6299  0
5160 5161 8073 8144  0
3243 5062 4332 7940  0
2640 8003 2639 7864  0
5361 5360 5341 8136  0
4104 4105 4551 8076  0
559 8093 505 7922  0
5140 5141 7785 8147  0
7806 7739 8232 7804  0
95 94 73 8133  0
5864 8274 7660 5865  0
7076 7075 7979 8215  0
4256 4852 4254 8148  0
7888 3354 8406 7956  0
1337 1121 7669 8392  0
2477 7807 7950 8009  0
7396 7763 7466 7795  0
7815 3015 8002 8211  0
1932 1948 7721 8269  0
6941 6963 6940 8213  0
1021 7719 725 724  0
1572 1394 1393 7807  0
7286 7355 7972 8267  0
5356 5336 5337 7701  0
8439 8130 169 214  0
3764 7821 3763 7902  0
583 527 526 8226  0
8315 4183 3844 4184  0
3124 3135 7756 8300  0
5908 7915 8189 8295  0
5690 7661 4611 7962  0
3594 3591 3590 8372  0
3691 8326 3234 4330  0
826 1105 1104 7874  0
6708 6707 7072 8122  0
7265 7201 7266 8304  0
3705 8059 8073 1850  0
1807 1808 1793 7824  0
1308 2397 1484 7731  0
1370 1554 7854 8156  0
1312 7874 7963 8277  0
5592 6492 5591 7702  0
7626 7041 7040 8159  0
8073 8010 1832 1847  0
6352 6336 6353 7756  0
2251 2216 2250 8157  0
2877 7672 8325 2878  0
986 985 1203 8344  0
4118 3784 3785 8314  0
972 973 642 8344  0
7582 7521 7583 7966  0
7770 7684 7925 8094  0
6882 6843 6844 7718  0
7731 7820 7826 7833  0
5485 4435 3731 4421  0
7742 7834 7706 7821  0
5123 5122 5107 7692  0
1973 1956 1972 7701  0
3873 4213 4209 7699  0
7965 642 8149 8344  0
4285 4917 4286 7840  0
1800 7785 1801 7692  0
2106 2107 2075 8034  0
2467 8068 2431 7705  0
1455 1265 7944 8181  0
7704 7694 7777 7894  0
637 933 934 7909  0
1657 1656 1667 8203  0
6284 6283 6266 8288  0
6108 6127 6107 8341  0
5433 5434 5454 7891  0
8188 7968 8000 2677  0
4164 3824 4163 8092  0
5809 4727 7699 8335  0
3166 7792 3178 8024  0
7388 8046 8399 7389  0
4186 4187 3847 7894  0
5101 8090 5117 7664  0
459 7869 871 892  0
7458 7779 7459 7526  0
3399 3776 3775 7731  0
7020 7584 7021 8308  0
7774 7743 7810 8202  0
6441 6453 6452 7895  0
1312 1311 7874 8277  0
3875 8121 4725 4741  0
7222 7221 7820 8267  0
1323 1324 1506 8337  0
4781 4780 2685 8401  0
5810 4741 8121 8405  0
984 972 983 8344  0
4378 5374 4044 8224  0
7815 3032 3047 3031  0
4916 6457 6458 7840  0
7033 7049 7048 8228  0
8299 6163 7935 8105  0
1753 1766 1754 7664  0
768 7802 769 7855  0
2899 2916 2917 8235  0
4797 4781 4782 8401  0
6741 6740 6530 7711  0
4102 3769 4103 8280  0
5164 5148 5165 8158  0
1938 1937 1955 7701  0
7689 6256 8104 6237  0
7836 7702 7911 7934  0
5180 5164 7782 8158  0
3866 4175 3836 7800  0
7290 7360 7765 8004  0
4588 8112 8042 4127  0
5518 5541 5540 7831  0
5069 5084 7971 7981  0
4100 4547 4546 8219  0
694 648 647 7813  0
1430 7937 1238 1429  0
5175 5174 7785 8010  0
6145 6164 6144 7935  0
5781 7775 7985 6671  0
3154 3141 3140 7792  0
3028 3014 3013 8002  0
4143 4141 7962 8396  0
7882 7870 663 595  0
465 408 8011 8375  0
6167 6168 6187 8033  0
3365 8262 7888 3364  0
7788 3140 3139 7747  0
869 7853 8431 890  0
2925 7690 8054 8341  0
1334 1104 1310 7874  0
7910 7814 8231 8330  0
7516 7449 7517 7930  0
3396 2364 1481 7833  0
435 371 370 7947  0
5336 5335 5316 7701  0
2182 8157 2216 3349  0
665 7713 8087 7870  0
806 7744 807 8251  0
7405 7475 7474 7762  0
3429 7804 3806 3804  0
5794 7990 5793 5779  0
1044 7948 745 1045  0
7855 770 1069 8017  0
1171 8099 8080 1170  0
7774 7903 2421 8276  0
5717 8163 7975 5710  0
6153 7690 8265 4867  0
7773 1274 7947 1063  0
4903 8300 6382 6383  0
7198 7199 8067 8132  0
1749 1763 1750 8255  0
2732 2764 7771 7915  0
6497 5615 7973 8328  0
6897 6896 7880 8043  0
6147 6126 7673 7935  0
1785 1800 1786 7692  0
558 614 615 7750  0
8146 3768 3391 8280  0
7948 1256 8266 1046  0
6718 6686 7757 8253  0
2172 2140 2171 7707  0
676 7796 675 8166  0
4683 5770 5771 8215  0
6917 6918 6943 7881  0
396 7798 8066 814  0
2461 3459 7878 8019  0
7953 6787 7988 7993  0
6087 8420 8341 6067  0
7673 2956 7935 8052  0
3031 3030 3046 7815  0
8254 3173 3174 7895  0
5254 5235 5236 8015  0
2473 2516 8178 8205  0
1791 1806 1792 8158  0
2523 7735 1587 8115  0
602 670 671 8223  0
7916 7154 7211 7212  0
5489 5512 5511 7956  0
7200 7201 7265 8304  0
6730 6721 6731 8302  0
5042 5057 5056 7981  0
624 809 623 8392  0
5104 8016 8090 8398  0
5928 8387 5950 8221  0
2009 2010 1991 7680  0
4548 7653 5624 8219  0
5089 5103 5088 8398  0
7967 2922 7673 2921  0
4506 8430 4522 4505  0
2647 2646 3522 7746  0
7687 4123 3790 3789  0
5563 5583 5582 7977  0
6336 8184 6321 7756  0
8384 3728 2117 3331  0
7078 7764 6664 8159  0
6581 6831 6580 8145  0
5053 5052 5038 7957  0
4131 4560 4594 8332  0
2112 2144 2113 7893  0
2103 2073 2072 7760  0
3335 4434 3340 8348  0
7400 7401 7470 7769  0
483 426 482 8403  0
1333 1334 1331 7874  0
443 442 499 8198  0
1546 1364 8022 8197  0
7745 7757 7982 8264  0
1352 7774 1532 1353  0
1057 1056 7844 7944  0
6983 7734 7003 7570  0
1806 1791 1805 8158  0
3391 3390 8049 8280  0
3378 8214 2348 3380  0
1034 7898 7877 734  0
1248 1030 1247 8028  0
5814 5797 5815 7996  0
650 7797 582 581  0
2990 2972 2989 8033  0
3094 3107 3095 7989  0
748 353 354 8365  0
5243 8063 8293 8389  0
6865 7881 6890 8145  0
5894 5870 5895 8026  0
2833 2854 2834 8135  0
7997 2488 1611 7937  0
4482 7836 4466 3741  0
4524 4566 4565 7875  0
5146 5145 5129 8158  0
1024 727 1023 8411  0
7135 7222 7134 7958  0
5281 5282 5301 8366  0
3648 3961 3135 8300  0
171 172 199 8439  0
7711 8038 7822 7663  0
3169 8024 3657 8229  0
8316 7899 7786 7787  0
6237 7689 7815 8104  0
4183 8315 3844 8085  0
5112 7697 5097 5113  0
3287 3288 3285 8368  0
2887 2867 7967 8064  0
3622 3617 3947 8432  0
7858 7872 8136 8356  0
3293 1969 8200 8271  0
1558 2447 7908 8285  0
4534 4087 4088 8041  0
7834 7347 7952 7995  0
1725 8255 1737 7971  0
123 8361 102 90  0
7271 7341 7340 7741  0
4088 4087 3755 8041  0
3117 3128 3129 7747  0
7757 7745 8228 8257  0
1128 8202 8001 1130  0
6011 8120 4847 8107  0
435 371 7947 8077  0
5419 5398 5420 7693  0
8039 2669 7660 2635  0
7125 7663 7126 8038  0
2310 7960 1450 1451  0
5141 5125 5126 8147  0
6162 6144 6163 8105  0
5814 7996 5813 5796  0
7729 7691 7889 7987  0
3284 8126 5253 8015  0
7704 7925 7997 8085  0
8147 4343 4340 5109  0
6440 6439 6427 8045  0
6086 6066 6067 8064  0
5648 7708 4578 8162  0
53 85 52 64  0
6987 7696 6988 6624  0
1982 1964 1981 7721  0
291 7924 342 323  0
2596 2597 2561 8318  0
537 7882 594 538  0
6547 5641 7951 8380  0
7367 7298 7368 7942  0
7304 7374 7983 8320  0
1885 1903 1886 8015  0
2520 7985 8168 8364  0
7696 4176 4665 8377  0
1988 3301 8200 8224  0
1222 1414 1223 8362  0
2547 2507 2506 8310  0
2741 2709 2708 8188  0
7657 7696 8377 7817  0
8065 8138 8241 5408  0
5581 5580 5561 8037  0
2669 8039 2670 2635  0
1248 7816 1247 1439  0
3864 4204 8019 8128  0
4183 3843 4182 8085  0
7672 2895 8325 2878  0
5330 5329 8271 8374  0
4690 5745 4691 8128  0
3109 3097 3096 8347  0
7076 7662 8159 8089  0
7879 7069 7737 8072  0
8391 987 690 691  0
6115 6094 8297 8372  0
7670 354 353 8365  0
6206 6205 6188 8033  0
3015 3030 3016 7815  0
7770 2541 8058 8094  0
7544 8027 7477 7545  0
1663 1673 3222 8275  0
989 7813 990 693  0
3180 3657 3168 8024  0
1479 8041 1477 8371  0
7895 3195 3186 8395  0
6013 4848 8272 8386  0
114 104 123 105  0
7708 7753 8030 8230  0
786 8118 785 805  0
84 8133 85 72  0
7719 7694 8131 8411  0
3193 3184 3183 7895  0
6161 6181 7848 8211  0
1348 7838 1526 1527  0
420 476 7786 7787  0
5351 5331 8200 8374  0
2344 2341 2343 8378  0
3148 8190 8254 8306  0
5301 5319 5300 8366  0
583 8036 651 8226  0
6431 6443 6430 8395  0
6075 6096 8297 8325  0
7734 7361 7362 8004  0
4079 4515 4536 8262  0
7726 7744 7738 7723  0
894 915 916 8412  0
5237 5220 5238 8015  0
7730 7749 7863 7681  0
1390 8070 8044 1199  0
899 8388 937 8080  0
6044 6043 7714 8064  0
815 7798 8066 8329  0
7736 6177 8109 8252  0
5634 5679 5673 8204  0
6841 6840 6825 8004  0
5338 7675 7680 7701  0
1400 1401 1209 8168  0
2309 1450 2310 8096  0
2470 2513 2514 8225  0
921 624 920 8392  0
1578 7974 2504 8156  0
1999 8422 2016 2017  0
4499 3744 3746 7934  0
1149 1346 1150 7669  0
1831 1830 8010 8144  0
6207 8033 6206 6188  0
6842 6841 6825 8199  0
1809 1823 1824 7918  0
4201 3862 3861 8426  0
7153 7916 7211 8413  0
4365 3715 4368 8182  0
5073 5060 5074 8171  0
894 893 915 8412  0
1902 3288 1919 8368  0
8320 7730 7444 7983  0
5318 7680 7675 5319  0
418 475 419 7670  0
4147 7661 3811 8367  0
5508 4435 8157 8283  0
110 109 133 8133  0
6019 6018 5996 8218  0
4389 5396 4378 8196  0
7704 7703 8085 8315  0
4632 5726 5727 7817  0
861 882 862 8222  0
3791 3412 3413 8061  0
225 242 213 8439  0
5178 8073 5196 5195  0
3136 8254 3148 3149  0
7704 7694 7706 7777  0
4254 3922 4256 8148  0
7674 7653 7845 8312  0
1523 7838 8210 1524  0
2038 7666 2009 7693  0
6509 6510 6764 7674  0
1345 2413 2411 7939  0
7619 7620 7645 8122  0
7489 7490 7557 8286  0
3000 3016 7815 8211  0
5996 5973 5974 8387  0
3627 3077 3063 8382  0
7061 7062 6697 7994  0
8362 1596 1597 7982  0
1950 1951 1934 8182  0
722 676 675 8166  0
3534 2756 2757 8221  0
8373 5928 8387 5951  0
2436 2437 8197 8205  0
5210 5209 5193 8010  0
1756 1744 1743 8171  0
4226 4230 4789 8000  0
653 654 585 7928  0
7832 7707 5522 8048  0
730 729 1026 7859  0
6316 6317 6332 7989  0
748 749 1048 8365  0
1882 7931 1865 1881  0
5646 4577 5647 7708  0
965 7941 949 7853  0
473 527 528 8226  0
7055 7039 7056 8140  0
3397 1481 1482 7833  0
7251 7186 7187 7993  0
8055 5246 8059 8063  0
3635 3634 3113 7752  0
1137 1133 1136 8385  0
7715 4965 4977 4978  0
7089 6756 6757 8413  0
4344 4347 4018 8336  0
726 680 7719 8411  0
319 397 396 8066  0
7627 7042 7764 7897  0
373 767 372 7855  0
7696 6975 6987 6988  0
7772 4133 3799 7655  0
3205 1631 3206 8346  0
6419 6418 6406 8024  0
212 241 213 8130  0
1258 1048 1259 8365  0
7776 7852 7920 7960  0
7893 5482 8110 8384  0
7065 7064 7777 8106  0
1955 1937 1954 7701  0
7796 7846 7704 7904  0
168 195 167 8130  0
4125 4124 3791 8061  0
2123 4441 2154 8173  0
549 7796 606 550  0
7801 7694 7812 7922  0
6994 6993 6981 7710  0
905 904 7803 8222  0
5347 8138 7721 7709  0
5897 5919 5896 8188  0
7675 1923 7933 8114  0
3483 3484 2496 8237  0
3291 1919 3288 8368  0
6870 6871 6895 7880  0
5334 5333 5314 8095  0
8072 7555 7952 8381  0
8175 2797 2768 2798  0
3607 3611 3007 8082  0
2598 7660 7861 8318  0
4935 4304 4305 8346  0
4658 7705 8225 4657  0
7872 1976 8136 8366  0
5720 5713 5721 8243  0
1798 1799 1785 8119  0
1534 7774 8313 1533  0
2980 7736 8109 8252  0
6114 4259 4862 8265  0
3508 3509 8121 8405  0
2995 2994 7901 8252  0
348 742 347 8153  0
6431 8395 6444 6443  0
7583 7019 7966 8308  0
8358 6245 6263 8185  0
4680 4681 4193 7961  0
3155 3166 3167 8024  0
3478 2490 3477 7894  0
1306 1480 8251 7833  0
7766 7867 7683 8091  0
2165 2166 7849 7978  0
3106 3094 3093 7989  0
5460 7893 5459 8384  0
547 8327 8223 604  0
7938 1327 1329 7929  0
3112 3111 7756 8184  0
3398 3775 3774 7833  0
3103 3090 3102 8382  0
7893 2114 8196 8384  0
5901 5875 5876 8000  0
6846 7951 6847 6871  0
1755 1756 1743 8171  0
5074 5088 5073 8171  0
2351 2350 8017 8416  0
1958 1941 1957 8366  0
7810 7743 7938 8202  0
8068 8205 8022 7818  0
7938 1509 1485 1510  0
728 681 727 8411  0
3491 3490 3862 7974  0
1517 1128 1323 8337  0
3111 3124 3640 7756  0
6406 7792 8024 6405  0
6391 7792 7659 8024  0
7767 2527 7843 7927  0
6772 7755 7101 8369  0
1330 1329 1332 7938  0
2276 2277 7832 8331  0
7617 7555 8072 8381  0
1826 7918 8069 8119  0
5873 7968 8188 7864  0
6095 6115 6094 8297  0
1482 1481 1480 7833  0
6436 6423 6424 8305  0
8146 3394 2362 3393  0
3968 3659 3660 8305  0
8217 2212 2247 2246  0
465 408 464 8011  0
1940 1941 1925 8366  0
6424 6423 6411 8305  0
3289 8271 3715 8182  0
8437 4785 4786 4769  0
2636 7767 8039 2601  0
4229 3531 4786 3888  0
876 857 875 7868  0
3397 3774 3773 7833  0
529 7786 530 7670  0
6076 6077 6097 8325  0
216 187 215 8439  0
1211 7735 8036 8168  0
979 1176 957 8116  0
2895 2877 3580 8325  0
414 471 415 8415  0
1457 1456 1266 7944  0
2240 2275 2276 7832  0
504 447 503 7922  0
2477 2476 7950 8044  0
4543 4542 4096 8414  0
7748 7867 7766 7927  0
2240 2276 2241 7832  0
6406 7792 6391 8024  0
6097 6118 6117 8325  0
3089 3626 3631 8382  0
8377 4158 7688 7817  0
1179 1178 1371 7854  0
2723 2688 2722 8435  0
290 7924 322 321  0
8111 2573 8264 8343  0
2923 2924 2905 8341  0
6272 7768 7689 6290  0
3432 3805 3807 8396  0
4267 7970 6242 7876  0
2455 1567 1566 8324  0
6609 8213 6962 6610  0
7829 7820 7726 7958  0
8100 7681 7923 8434  0
548 604 605 8327  0
8352 3596 3600 2976  0
911 912 890 7853  0
3374 2396 1471 8117  0
3781 3782 4115 8113  0
7889 7681 7677 8041  0
8380 7880 7951 8282  0
6675 7823 6657 8102  0
7579 7580 7866 8246  0
5568 5544 5545 7832  0
6217 6216 7736 8002  0
5466 5444 8291 8348  0
3778 4112 4111 8425  0
4946 7695 4957 4945  0
6331 6346 6330 7989  0
7822 7827 7844 8160  0
6135 6136 6154 8372  0
5570 5569 5545 7832  0
2458 2504 7892 8156  0
5566 8096 5585 8323  0
4802 4785 4786 8435  0
1387 1579 1388 8156  0
1691 1703 7957 8035  0
1749 7971 8255 1750  0
1198 1389 1390 8324  0
7976 7746 8302 8343  0
8380 7932 7880 8282  0
8139 2051 2079 2050  0
4305 4306 4936 8346  0
6511 5629 6537 8032  0
1099 1085 786 8251  0
2351 1282 1283 8193  0
3343 2182 3349 4062  0
6347 6331 6332 7989  0
1482 3398 3397 7833  0
8157 4451 4466 4070  0
2458 3492 2459 7892  0
3120 3107 3106 7989  0
3434 3432 3807 8367  0
4869 6190 6170 8352  0
2945 8252 8109 8372  0
1377 1558 1559 7908  0
1389 1568 1390 8324  0
2504 3492 2458 7892  0
4576 4577 5646 7708  0
6602 5699 6606 7806  0
1797 8090 1798 1783  0
740 7889 8371 8342  0
641 642 573 7965  0
5410 5411 5432 8065  0
5695 5693 4616 8232  0
6585 7932 8282 8057  0
521 522 467 7987  0
3740 2251 7836 8157  0
3369 2342 3370 8262  0
7604 7630 7603 8140  0
2823 8218 2843 2824  0
7879 7834 7984 8381  0
7748 1216 7809 8307  0
1505 1506 2401 8137  0
8162 6557 6810 8292  0
798 735 734 7898  0
2813 2831 2832 7906  0
7684 4710 7896 8335  0
3492 3493 2459 7892  0
2466 2509 7705 8129  0
3194 3184 3193 7895  0
2235 2201 2200 7978  0
7970 4884 4270 4882  0
6470 6469 8245 8263  0
7765 7897 7566 8155  0
186 171 170 8439  0
6336 8184 6320 6321  0
1759 1748 1747 8279  0
1788 1802 1789 8147  0
6930 6904 6931 8230  0
7170 7234 7169 7761  0
4765 4764 4748 8429  0
5911 5934 5910 7915  0
5388 8138 5367 7709  0
8270 3988 3198 4298  0
3873 3868 3499 7770  0
6289 6305 7768 8400  0
8074 7757 8003 8253  0
5949 7871 5972 5971  0
7542 7603 7541 8140  0
740 7889 8375 8371  0
5352 8224 5353 5372  0
8427 8041 7681 8097  0
7720 7729 7889 7987  0
5349 5369 5368 8374  0
7759 7658 8058 8094  0
5024 5010 7957 8035  0
2672 2637 2671 8039  0
2923 7673 2940 8341  0
979 978 8116 8412  0
4034 8200 4032 3301  0
7665 7818 8099 8197  0
7873 7936 7998 8060  0
5860 8240 5859 5836  0
3185 3186 3175 7895  0
2004 8139 2021 8200  0
1830 7785 8010 8144  0
1767 1768 7664 8090  0
4232 4802 3893 8435  0
8195 7722 7665 7921  0
7750 684 730 683  0
2250 2216 2215 8157  0
7038 7602 7039 8140  0
968 7941 952 967  0
2629 2664 2630 8240  0
5715 5716 4655 7975  0
5327 5326 5308 7721  0
6350 8194 8300 6365  0
1784 1785 8016 8119  0
1986 1970 1987 1969  0
2004 1986 1985 8200  0
7998 7668 8316 7779  0
4034 3305 4375 8224  0
360 754 7899 7917  0
1850 3705 3272 3269  0
6453 4923 6452 7895  0
6992 6993 6629 7710  0
4360 5252 4027 4363  0
7601 7602 7038 8140  0
7724 8317 8304 8067  0
1703 1702 7957 8035  0
936 8099 1169 1170  0
6746 6823 6822 7724  0
3848 3847 4187 7894  0
346 8153 8375 347  0
1578 7974 1386 1577  0
1767 1766 1780 7664  0
8158 3263 8150 3264  0
2518 7842 3498 7985  0
682 728 729 8411  0
1486 7938 1510 1511  0
3728 3725 3331 4406  0
2754 4814 4799 8401  0
3325 2085 2084 2055  0
8212 8135 8054 6049  0
1970 3293 3717 3297  0
5734 6632 6633 8201  0
8343 2612 8058 7976  0
1576 2501 7974 8086  0
462 517 463 8234  0
5036 5023 5037 8035  0
5715 5709 5716 7975  0
1561 2449 7740 7908  0
6583 6834 6833 8379  0
7731 8251 7686 7833  0
5981 5980 5958 7906  0
843 7839 865 844  0
729 7750 682 8411  0
4650 4628 4629 8273  0
7992 490 434 8040  0
6631 7667 5732 6630  0
7172 7237 7755 8100  0
5835 5836 5859 8240  0
3429 2407 3431 8385  0
425 8403 8151 482  0
7926 7913 8192 8263  0
6111 7690 8054 8265  0
8082 6193 8252 8339  0
1012 716 715 8183  0
2993 3603 3008 8082  0
2321 7700 7836 8192  0
7386 7385 7316 8303  0
4562 4596 4595 8056  0
559 558 7750 7922  0
4769 8435 4785 4768  0
8221 3527 5879 3528  0
5655 4585 4586 8141  0
3649 3646 3645 8190  0
5433 5432 5411 8065  0
7658 8302 8343 8360  0
64 85 52 63  0
1370 1178 1177 8156  0
1340 1342 1337 7669  0
6957 6979 6956 7710  0
7322 7392 7391 8296  0
413 348 8153 8415  0
3057 3058 7689 7768  0
1128 8202 8337 8001  0
7630 7056 7039 8140  0
3160 3148 8190 8254  0
7039 7602 7603 8140  0
980 968 7941 8070  0
95 96 118 8133  0
3365 8262 3364 3370  0
1455 1454 8181 8331  0
3424 3418 3423 8053  0
2806 2825 2807 8387  0
2606 8003 8074 8111  0
3060 3046 7689 8104  0
7631 7606 7632 7778  0
5565 5584 5564 8323  0
3856 4196 3857 8301  0
3289 1952 1951 1935  0
3550 4834 2777 4833  0
3391 8049 8146 8280  0
806 7723 7744 8251  0
4567 5637 5636 7932  0
2572 2571 2607 8111  0
1950 8271 1949 1967  0
8265 8212 3927 8054  0
6207 8033 4874 6206  0
400 7830 401 823  0
631 339 338 8066  0
6332 6318 6333 8347  0
7793 7682 7900 8317  0
8330 7786 7780 7809  0
6512 8141 7914 6561  0
1225 7912 8179 1417  0
2504 3491 3492 7892  0
8167 871 7869 891  0
2761 2760 2790 8189  0
6590 6545 6546 8282  0
7748 7683 7867 8330  0
7892 7726 7671 7734  0
3135 3644 3640 7756  0
7648 7074 8122 8215  0
2393 2396 2394 8117  0
5825 7746 8302 5826  0
1950 1934 1933 8182  0
4032 3297 3301 1988  0
716 1012 1013 8183  0
8022 1364 8099 8197  0
5145 5162 5144 8158  0
2824 2806 7871 8218  0
1026 1027 730 7859  0
8339 3933 3597 3932  0
7998 8303 7728 7954  0
771 376 377 8198  0
4888 8432 7752 3951  0
8386 3916 4845 4848  0
7780 591 8151 8231  0
3713 3715 4365 3289  0
1100 807 7744 8251  0
1364 8197 1365 8099  0
4389 5418 3723 4393  0
405 461 462 8234  0
958 7803 959 942  0
3085 3084 3099 8184  0
4421 4406 3728 5462  0
4044 3319 3723 4378  0
1700 1712 8035 7991  0
3261 1791 8150 8158  0
5502 5480 5481 7893  0
3355 2216 2251 8157  0
4571 7722 8380 8239  0
1335 8385 1119 1134  0
7345 7414 7344 8169  0
4406 8384 4393 3725  0
1807 7782 7824 8158  0
5904 5905 5928 8221  0
852 460 405 7898  0
3191 8394 3192 3182  0
7943 1449 1258 1448  0
2055 3319 3723 3325  0
668 7857 8087 8183  0
4034 3305 4044 4375  0
2436 1545 8022 8197  0
5331 5351 5332 5352  0
4572 5642 5641 7722  0
1228 8012 1229 8183  0
1367 8197 1366 1548  0
2025 3305 4044 3319  0
5374 4378 4044 4375  0
8163 5717 4657 5718  0
7800 7818 7665 8197  0
2437 1546 2436 8197  0
771 770 376 8198  0
8099 1367 1366 8080  0
1547 2438 1548 8197  0
442 443 378 8198  0
2438 1547 2437 8197  0
7683 7814 7867 8330  0
5733 5732 6631 8201  0
3427 3426 1519 8053  0
7760 2044 7907 8241  0
951 913 912 7941  0
465 520 466 8375  0
6632 5733 6631 8201  0
1324 1130 1326 8202  0
3717 4370 3715 3293  0
3289 3293 3715 1952  0
7850 8013 7665 8278  0
4368 8271 4370 5312  0
1984 7709 8271 1983  0
8094 7857 7912 7658  0
1228 8012 8094 1229  0
5352 8224 8200 5353  0
3305 4044 4375 8224  0
7410 7480 7703 8187  0
7690 2926 8054 8265  0
3173 8254 3172 8045  0
5223 5241 7865 8293  0
3731 2149 3337 3343  0
6414 6413 6401 8045  0
5099 5085 5100 7664  0
3054 3069 3070 8290  0
1034 1468 7877 8284  0
7883 7825 1671 1670  0
2609 2608 7968 8111  0
7824 5147 5131 8158  0
5246 5247 8055 8059  0
6407 6393 6408 8024  0
4435 5508 4066 4451  0
1805 3264 3268 8158  0
4578 4577 4117 7708  0
7968 2608 8074 8111  0
3728 4421 3337 3731  0
3731 8283 4062 4435  0
4704 4703 4661 7716  0
3349 8157 3355 4066  0
1207 991 990 7886  0
2571 7982 2533 2570  0
3343 8283 2182 4062  0
3990 3201 3991 8209  0
5147 5164 5146 8158  0
7894 7704 7997 8315  0
5180 5179 5163 8158  0
7782 5165 7824 8158  0
5129 5145 5128 8158  0
7697 1793 7824 8158  0
3416 3422 2400 8137  0
6422 8229 8024 6409  0
7792 6391 7659 6376  0
6606 6984 6959 7806  0
1805 3268 1820 8158  0
4354 8158 5179 3267  0
1468 8117 2393 7877  0
4100 4101 4547 8219  0
8352 6171 6151 6170  0
2572 2607 2608 8111  0
3478 3849 7717 7894  0
7129 7197 7128 8132  0
7839 864 8222 8321  0
1672 1661 1671 8275  0
7455 7523 7522 8303  0
5918 5917 8026 8428  0
737 1036 736 8284  0
4116 7708 4115 8113  0
1082 1081 782 8258  0
4084 4590 4589 8112  0
5462 5485 5484 4421  0
2205 7832 2239 2240  0
3085 3100 3086 8184  0
5145 5144 8150 8158  0
7690 6111 6131 8265  0
2846 2845 7890 8218  0
1036 1035 736 8284  0
6910 8127 7718 6911  0
5840 5839 7660 8172  0
3751 3752 4084 8112  0
6303 6304 6320 8184  0
3289 3713 3712 1935  0
5311 5310 8182 8271  0
5365 5386 5364 8138  0
1242 1241 1433 7859  0
7694 7704 7937 7894  0
7727 8092 8186 8338  0
8310 2547 8429 2546  0
715 668 714 8183  0
3100 3099 3112 8184  0
5723 8355 5722 6621  0
3169 8024 8229 3168  0
7558 7619 7557 8286  0
3279 1883 4023 3276  0
7644 7618 7619 8072  0
7862 8201 8092 8338  0
3265 1819 3701 3262  0
5000 7811 7883 8275  0
5272 5291 5290 8182  0
6836 6846 6870 8282  0
7193 8256 7124 8038  0
6061 6062 6081 7890  0
7665 7921 7951 8278  0
3707 7931 4023 4358  0
5682 6585 6584 7932  0
2897 8235 7672 7789  0
4887 8400 6308 8104  0
3862 7974 7892 3491  0
4319 7811 4322 4989  0
5196 5213 4355 5214  0
8112 3414 3792 3793  0
6992 6979 6980 7710  0
5196 4353 4355 3705  0
1834 8073 1819 1833  0
3705 4353 3703 3269  0
1627 1636 1628 8209  0
7676 8072 8122 8286  0
3179 3167 3166 8024  0
7921 7665 8013 8278  0
1128 8202 1130 8337  0
4405 5419 4420 7693  0
7852 7776 8181 8191  0
2478 3469 3470 8009  0
4405 4419 4058 4420  0
4188 4676 4189 8103  0
6388 6387 7788 8254  0
4090 4537 7679 8214  0
728 727 1024 8411  0
6464 7805 8245 8408  0
2642 7864 7968 8074  0
3705 3707 4355 3272  0
3265 8073 3703 4350  0
7517 7930 8246 8259  0
4434 5441 5463 7693  0
8013 6875 6899 6900  0
4548 4101 4102 8280  0
2102 2132 7849 8291  0
1918 3712 4027 8309  0
4652 8129 4653 8310  0
3330 2038 2037 7693  0
6319 6320 6334 8184  0
5733 7667 5732 8201  0
1850 3705 4355 3272  0
2389 8061 2390 3411  0
1530 1525 1359 7939  0
8316 7786 7670 7787  0
6201 6183 6202 8299  0
5733 5734 8092 8201  0
2413 7878 7939 1530  0
3433 3431 2409 7939  0
3560 3559 3563 8272  0
3713 4363 4027 3712  0
3712 1918 4027 3283  0
7597 7034 7033 8228  0
4358 4025 4360 5233  0
2197 2198 7849 7978  0
6045 6024 6046 8064  0
7847 7107 8014 8268  0
3475 3847 3476 7894  0
7818 8022 8197 8205  0
7800 7850 7818 8178  0
1840 1856 1841 8069  0
7456 7386 7998 8303  0
6850 8013 6875 8278  0
7858 1981 8138 8423  0
7626 7764 8155 7627  0
7079 7143 7142 8304  0
7621 7559 7560 8286  0
845 790 7839 8357  0
2847 2846 2865 8294  0
6701 6700 7065 8106  0
2149 3731 8110 8283  0
8146 3391 2360 8049  0
588 7780 657 589  0
8080 7657 8216 7665  0
3488 7974 8062 3489  0
3758 3381 8017 8214  0
6699 6700 5759 8106  0
5012 7883 5025 5011  0
6915 6916 6941 8213  0
5269 5251 5270 8309  0
3435 2413 7878 7939  0
667 598 666 8087  0
7453 7384 7454 8303  0
7231 7914 7301 8071  0
2821 2840 2822 8107  0
532 7780 588 589  0
6531 6741 7711 8180  0
7741 7793 7900 8317  0
2500 1623 2499 8062  0
3575 6054 3578 8325  0
5233 4358 5232 5214  0
3837 3819 3464 8377  0
7809 588 657 656  0
4156 4154 3817 7878  0
3189 3179 3178 8024  0
6898 6874 6899 8278  0
7701 5297 7933 8095  0
6981 6957 7434 7710  0
8112 4126 8061 8042  0
3414 8112 3792 8061  0
1878 8063 1877 1894  0
7116 6786 7993 8060  0
5062 5047 4332 7940  0
8090 1798 1784 8119  0
5203 7865 8005 8069  0
2239 7832 8260 2275  0
771 1071 8017 8198  0
1071 1070 771 8017  0
7332 7333 7402 8067  0
8015 5273 8368 5255  0
7877 7698 7949 8112  0
7895 4922 4923 6452  0
5233 5252 5251 4360  0
5147 5130 5131 8158  0
6785 7873 7988 8060  0
6366 6382 6365 8300  0
2847 2866 2848 8294  0
8152 7859 8237 8419  0
7676 7694 7859 8152  0
7931 1882 1865 1866  0
4245 4835 3909 4244  0
5986 5963 5987 8107  0
2278 2315 2316 8331  0
5272 4363 5271 5252  0
1082 1293 1292 8258  0
546 8223 8077 8040  0
7005 6635 7862 8238  0
1457 7926 7944 1458  0
1526 2414 2415 8367  0
6004 6003 5981 7906  0
3560 3564 7871 8272  0
5809 4727 4742 7976  0
3088 3632 3953 8400  0
1807 1806 1820 8158  0
4481 4480 4073 8406  0
5047 5032 4329 7940  0
1866 1850 1865 3272  0
2501 1624 2500 8062  0
5147 5148 5164 8158  0
5400 7666 5422 7693  0
1400 1209 7886 8168  0
7864 5849 7968 8074  0
1864 3269 1850 1849  0
7247 7182 7183 8060  0
8317 7802 7846 7796  0
7454 7455 7522 8303  0
7756 3100 8184 8400  0
735 798 799 8284  0
7773 8317 7724 8067  0
5978 8189 7906 7714  0
6719 6688 6720 8302  0
7699 3504 3872 8058  0
7686 7662 7820 7845  0
5834 5813 5814 8240  0
4430 8443 4431 4444  0
1948 1965 1966 7721  0
214 170 169 8439  0
6268 6251 7685 8290  0
111 8393 134 97  0
3084 8290 3071 3070  0
3418 3424 4132 8053  0
2820 2839 2821 8107  0
1202 985 984 8344  0
4137 3424 4139 8053  0
5762 4674 5761 8106  0
1733 1721 1720 7940  0
2578 2540 2577 8058  0
6525 6570 6483 8410  0
1248 7816 8028 1247  0
6785 6784 7873 8060  0
930 7830 931 7924  0
2515 2472 2471 8205  0
1159 1354 1160 8313  0
2665 2666 2631 8134  0
2418 1531 1529 8353  0
5045 5031 5032 7940  0
1769 1756 1755 8171  0
7116 7115 6786 8060  0
6871 6872 7880 7951  0
668 7857 669 600  0
6025 6002 6003 7906  0
5418 5417 4389 8196  0
486 429 485 7827  0
7034 8257 7598 7035  0
13 40 21 20  0
5097 7971 5082 7697  0
6271 6254 6255 7689  0
7553 7554 7615 8381  0
4878 4876 6244 8185  0
7531 7463 7464 8161  0
4568 7932 7819 5638  0
1918 8309 1900 1917  0
4128 4591 4559 8207  0
8178 7818 8197 8205  0
2578 2579 2541 8058  0
1883 7931 1866 1882  0
1445 2305 2304 7964  0
7282 7281 7217 8312  0
2099 2130 8291 8348  0
7670 7797 7873 7948  0
5637 5682 5681 7932  0
1920 1936 1937 7933  0
7665 7880 8043 8278  0
1728 1727 7971 8244  0
6000 6001 6023 7714  0
3801 3802 4140 8053  0
7064 6699 7994 8106  0
3040 7685 7901 8290  0
7880 6846 6870 6871  0
584 652 7928 8226  0
4532 4573 4531 7722  0
715 714 1011 8183  0
4692 8310 4693 4712  0
4695 4652 4653 8310  0
7597 7598 7783 8441  0
2462 2463 8273 8310  0
6286 6301 6285 8290  0
1882 7931 1899 1883  0
86 108 109 8133  0
1757 1744 1756 8171  0
601 7857 8040 600  0
2024 3305 2007 8224  0
1497 1499 3402 8195  0
1012 715 1011 8183  0
6302 6303 6319 8184  0
7760 2102 7849 8291  0
4554 8076 7826 8032  0
714 668 8087 8183  0
5373 5353 4375 8224  0
7765 7497 7427 8155  0
6795 6540 6541 7958  0
3925 3577 3581 8212  0
1743 1744 1731 8171  0
7486 7417 7487 8381  0
583 651 652 8226  0
5681 5682 6584 7932  0
6850 6849 7921 8278  0
6925 6899 6926 8278  0
2198 2232 2233 7978  0
6268 7768 7685 6269  0
4127 3751 4084 8112  0
5647 6553 5646 7708  0
2570 7982 8003 8111  0
8217 8110 2211 7959  0
7807 1201 1202 1393  0
1201 984 983 8344  0
2533 2534 7982 8111  0
5227 5209 8063 8389  0
3877 7699 7976 4727  0
2278 2277 2315 8331  0
7982 7757 8003 8111  0
2404 7655 1514 2405  0
5179 5180 7782 8158  0
734 8284 7898 735  0
7129 6821 6822 8132  0
6631 6995 6632 8201  0
1636 1646 1637 7695  0
3122 3133 3134 8300  0
4593 4603 5678 8137  0
6391 6392 7659 6378  0
3477 2489 3476 7894  0
2055 8384 2084 3325  0
3111 3098 3110 8184  0
7630 7604 7778 8140  0
5391 5392 5412 8139  0
3337 2149 2148 2117  0
4589 4127 4084 8112  0
1814 1828 7785 8119  0
440 497 441 8198  0
4154 3815 7878 8418  0
6586 6842 6574 8199  0
8215 6663 8089 7076  0
2530 2568 2531 8397  0
7811 4319 4322 3684  0
2572 2534 2571 8111  0
2535 2534 2572 8111  0
2573 2535 2572 8111  0
187 216 172 8439  0
2607 2571 2606 8111  0
3793 2394 3751 8112  0
4044 2025 3319 8196  0
8261 1481 1295 2364  0
1259 1260 1450 7960  0
5743 6644 6645 7946  0
4536 7860 5598 5597  0
7708 4115 4575 4576  0
1953 3292 3296 8095  0
8254 6416 7895 7792  0
7241 7240 7176 8014  0
4070 7836 3740 4466  0
7549 7703 8187 7994  0
2488 3475 3476 7894  0
8418 4627 4624 7999  0
8045 6401 6400 6413  0
8020 7982 7745 7757  0
5975 5974 5952 8177  0
882 881 903 8125  0
6276 6275 7970 8104  0
796 851 852 7898  0
1306 1482 1480 7833  0
495 549 550 7802  0
379 774 773 8193  0
118 141 117 8133  0
8317 7846 7704 7796  0
7745 7783 8081 8228  0
1519 3427 8053 8385  0
7332 7758 7402 7769  0
8263 8191 8031 8331  0
7792 3166 3178 3165  0
1749 7971 1737 8255  0
3183 3192 3193 7895  0
2491 2490 3478 7894  0
3156 3157 7659 8024  0
6418 6419 7840 8024  0
5273 5255 5274 8368  0
1260 1451 1450 7960  0
2482 1583 1582 8364  0
8285 7803 1558 8079  0
6789 7119 7993 8123  0
6433 8024 7840 6419  0
1261 1050 1051 7960  0
1802 7785 1801 1816  0
5547 5570 5546 8098  0
3477 3476 3848 7894  0
7003 7004 7999 7806  0
7766 7767 7843 7927  0
3849 3478 3477 7894  0
2490 1613 2489 7894  0
7657 8433 7708 8195  0
4702 4701 4659 8225  0
941 902 940 8125  0
464 408 407 8011  0
3466 3467 2476 7950  0
4322 3684 3226 7811  0
443 499 7791 8198  0
6685 6684 7049 8228  0
7750 557 7922 558  0
1801 7692 7785 8147  0
6995 6994 6982 8201  0
4982 4994 4981 8203  0
4884 6275 6276 8104  0
682 681 728 8411  0
1052 1053 7920 8181  0
1166 7830 932 1165  0
1148 1143 1142 7939  0
8191 7953 8316 8123  0
5715 5708 5709 7975  0
6406 6392 6407 8024  0
6894 6921 6920 7828  0
1864 8059 8073 1863  0
3536 3896 3893 8435  0
3056 3071 7768 8290  0
6729 6736 8074 8302  0
8157 2182 2216 2215  0
8024 6434 6433 7840  0
1742 1753 7664 7981  0
5269 5250 5251 8309  0
6842 6825 6574 8199  0
5808 5829 5828 7976  0
7751 7854 7878 7892  0
5446 5468 5467 8291  0
3204 1630 3205 8346  0
7985 7775 8115 8168  0
1910 8063 1893 8227  0
1153 1350 1351 8206  0
3175 3186 3176 7895  0
2685 2686 4781 8401  0
7974 3862 7892 8426  0
8118 803 8124 8258  0
8287 5355 3303 5375  0
3841 4180 4181 7950  0
5118 5119 8090 8398  0
1098 796 734 7898  0
4373 5353 5332 8200  0
7792 3155 7659 8024  0
7712 7908 8092 8285  0
3531 4229 4786 8435  0
4107 3773 7833 8076  0
5084 5085 7664 7981  0
7825 4314 4962 8275  0
6919 7828 6944 7881  0
5085 5086 7664 7981  0
5279 5280 7675 8114  0
6030 7919 8212 6029  0
3864 3493 3492 7892  0
4572 4531 4573 7722  0
2512 2511 2552 8225  0
3379 7679 8214 4090  0
1025 729 728 8411  0
5508 4066 4451 8157  0
3375 8041 8427 8097  0
4657 4700 7705 8225  0
7739 4606 8053 8199  0
6573 5674 6574 8199  0
2530 2567 2568 8397  0
4883 4881 6278 8432  0
6328 8382 7747 7752  0
2969 2952 2968 8105  0
8394 3191 3192 8390  0
4070 4451 4066 8157  0
6633 6996 6997 8201  0
1365 1366 8099 8197  0
1680 1691 1692 7883  0
3193 3673 3194 7895  0
7894 1613 7937 8131  0
4824 2782 2751 8401  0
6544 5669 6573 8199  0
5783 5784 5798 8351  0
1547 1546 2437 8197  0
442 498 499 8198  0
2529 2566 2567 8397  0
6403 8254 6415 6402  0
8000 4230 3895 3891  0
1060 7773 8160 761  0
168 144 169 8130  0
3751 3752 8112 8117  0
2754 4799 2722 8401  0
7836 2249 2250 2285  0
6728 7757 6718 6719  0
8121 5812 5811 8405  0
799 798 7898 8284  0
6745 6744 7702 8132  0
3045 3059 3060 7689  0
1987 2005 1988 8200  0
6591 6842 6586 8199  0
6574 6825 6573 8199  0
1677 1689 1678 8203  0
8188 2773 8428 2740  0
6031 6053 6052 8148  0
1330 1332 1510 7938  0
5482 5460 7893 5481  0
2085 3331 2116 2117  0
987 1203 7807 8344  0
7711 7700 7663 7822  0
4867 4262 7690 8265  0
1123 1121 811 8392  0
1678 1666 1677 8203  0
5391 5390 5370 8139  0
7247 7998 7316 7936  0
2544 2545 4712 8429  0
3793 3751 4127 8112  0
2572 2608 2573 8111  0
2571 7982 2570 8111  0
1545 1546 8022 8197  0
2438 7800 2473 2474  0
4633 7688 7817 4634  0
8133 155 132 8393  0
770 7802 376 8198  0
1080 1081 1291 8049  0
6586 6574 5674 8199  0
4157 7903 3818 4155  0
3849 3477 3848 7894  0
6631 6994 6995 8201  0
8123 7795 7683 7754  0
1546 1545 2436 8197  0
7952 7879 7676 8072  0
3483 7961 8237 3482  0
3305 2025 2024 2007  0
2437 2473 2438 8197  0
7800 2438 2473 8197  0
1351 1531 1352 8206  0
7850 7800 7818 7665  0
5668 5669 8199 8207  0
1678 1679 1667 8203  0
2470 8068 8225 8205  0
7828 7810 8075 7881  0
2470 8068 8205 2434  0
8225 4702 4660 4659  0
7818 8022 8099 8197  0
4700 2552 2511 8225  0
1298 1299 2384 8314  0
6996 7862 6997 8201  0
2007 1988 2006 3301  0
6191 8082 8339 6192  0
3937 8339 6209 3601  0
6728 8253 8074 6727  0
8413 7834 8169 7821  0
6632 6995 6996 8201  0
7054 7039 7055 8140  0
8225 4702 2554 7716  0
7831 2237 8260 8323  0
5026 5040 7957 8244  0
6154 6155 6174 8372  0
655 654 701 7928  0
6996 7942 6982 7504  0
3868 4182 3843 8085  0
4769 8435 4768 8437  0
8201 7862 8092 7942  0
1952 3293 1969 1970  0
227 226 198 8439  0
6631 7667 8201 5732  0
5733 7667 4637 5732  0
5952 8387 8373 8177  0
5669 4592 8199 8207  0
5008 5007 4995 8203  0
6994 7667 8201 6630  0
4658 8163 5719 8225  0
7667 8092 5733 4637  0
6982 6994 7710 8201  0
7220 7820 7133 7221  0
7494 7845 7493 7424  0
6993 6994 7667 7710  0
7290 7359 7289 7765  0
8225 4720 2552 2553  0
1677 1688 1689 8203  0
7814 7910 8307 8330  0
4983 4995 4982 8203  0
7038 7054 8007 8140  0
7758 7540 7473 7472  0
8139 5371 8200 8374  0
1292 1293 2361 8258  0
5528 7959 8217 5550  0
7750 7694 7801 7922  0
5579 5600 7860 8037  0
2739 2740 8188 8428  0
3401 3779 3797 8332  0
7738 2399 3415 1502  0
2399 3415 3794 8207  0
3794 3795 4128 8207  0
5006 4993 4994 8203  0
1988 8200 1970 1987  0
3796 3418 4130 8207  0
7764 4687 8089 8426  0
4592 4129 4130 8207  0
4128 3795 4129 8207  0
4199 4200 7974 8426  0
4981 4994 4993 8203  0
4200 4687 4688 8426  0
6505 8219 8101 8018  0
1969 8271 1951 1968  0
7652 8071 7942 7862  0
6529 6486 6487 8263  0
4573 5642 4572 7722  0
6957 7364 7434 7710  0
464 407 463 8011  0
7961 3481 7717 8152  0
6560 6561 6767 8141  0
716 1013 8012 8183  0
102 81 100 8361  0
740 741 1040 8371  0
4624 4150 4154 8418  0
7733 7665 7818 8099  0
7399 7763 8441 7398  0
4481 5533 4498 8406  0
502 446 7791 7922  0
6757 8006 8413 6756  0
6994 6993 7667 6630  0
7758 7762 7541 8140  0
513 8388 328 569  0
4334 3243 3694 8279  0
6582 6583 6833 8379  0
5738 7969 8238 5739  0
8411 7719 1022 8131  0
2984 2967 7848 8211  0
3561 2840 3565 8120  0
7036 8007 7037 7052  0
6993 7667 6629 7710  0
7849 5514 7888 7978  0
7981 5043 5058 7725  0
7809 7748 8307 8330  0
3516 3521 2661 8142  0
7706 7741 7742 7945  0
2814 2813 2832 7906  0
6629 7667 6630 5731  0
7024 6656 7023 7823  0
875 7751 7868 7723  0
8239 7819 8277 8380  0
5734 5733 8092 4638  0
1934 3712 1918 8182  0
6364 6363 6349 8194  0
7900 6498 7945 7973  0
8379 7743 8145 7808  0
7726 7829 8004 8199  0
7820 7221 7972 8267  0
4742 3877 4220 7976  0
5052 5065 7991 8255  0
581 580 7813 8250  0
6199 6181 6182 8211  0
3545 3546 3539 8370  0
1186 962 961 7908  0
2793 2813 2814 7906  0
1729 1728 1741 7981  0
996 7928 700 699  0
2166 2199 2200 7978  0
8428 5919 8188 5918  0
5389 5410 8065 8139  0
8066 340 7924 632  0
7911 2324 7836 7934  0
1341 1343 2409 8385  0
7889 7720 7987 8153  0
1143 1137 1142 7939  0
5642 7951 7722 7921  0
8096 5566 5585 5586  0
2646 7968 7746 2645  0
7194 7258 7193 8038  0
3750 2379 2380 7722  0
6267 6285 6266 8290  0
3862 3490 3861 7974  0
3962 3652 3963 8190  0
2267 7964 2266 2304  0
7795 7324 8123 8296  0
2401 2400 8137 8332  0
3623 3063 8358 8382  0
5280 5279 5261 8114  0
4785 4784 4768 8435  0
3228 3232 1675 8326  0
2786 8387 8221 8370  0
7686 7671 7723 7820  0
985 7807 1202 1203  0
8201 6994 6630 6631  0
7912 1228 1011 8183  0
7912 1010 8087 8183  0
7857 7912 8087 8183  0
1975 8366 1958 7680  0
5540 5541 5564 8323  0
2514 8205 2471 2470  0
4126 8112 4127 8042  0
2944 8054 8265 2927  0
950 911 949 7853  0
4767 4750 2657 2656  0
6982 6994 6981 7710  0
1015 1231 7925 8012  0
7683 7763 7745 7754  0
7917 7882 8151 8403  0
2797 2796 2817 8319  0
8398 5089 8171 5088  0
4081 8332 2326 4518  0
470 469 524 8250  0
3319 3723 4378 8196  0
5914 5891 7656 8274  0
3769 3768 8146 8280  0
7820 6793 6539 8032  0
7409 7703 7479 8027  0
4532 5643 4573 7722  0
2481 3498 2482 8364  0
6154 6174 8339 8372  0
2400 2365 3416 8332  0
7563 7624 8159 7625  0
1776 3257 3261 8150  0
2049 2019 8065 8139  0
1100 1086 1099 8251  0
3272 7931 1865 1866  0
7417 7834 8381 7416  0
598 599 7857 8087  0
8420 6025 8064 6046  0
865 866 844 7839  0
6050 6071 6049 8212  0
3119 3118 7659 7989  0
4167 4166 7727 8186  0
1013 1014 717 8012  0
2584 2583 2620 8429  0
7903 4628 4629 4626  0
2813 2812 7714 7906  0
7775 7842 7886 8364  0
2232 2197 7888 7978  0
4861 6135 4863 8372  0
1243 1435 1244 7859  0
7128 7663 7196 7127  0
2814 2832 2833 7906  0
7926 2316 1457 7944  0
2788 2787 2807 8387  0
6123 6144 6143 8105  0
5996 6019 8218 8387  0
7728 7866 7677 7729  0
6468 6463 6459 8031  0
6002 5979 5980 7906  0
3395 3394 2363 8261  0
4123 7687 8141 4122  0
7250 8060 7249 7185  0
6367 6352 6368 8300  0
7729 7720 7813 7987  0
3380 8017 2349 3381  0
3760 3761 8414 8416  0
1433 1241 1432 7859  0
5675 7962 6588 5686  0
7262 7769 8067 7332  0
7667 7712 8092 8285  0
2319 7913 1459 8192  0
1505 1518 1323 8337  0
4539 5614 4538 8328  0
184 156 183 8130  0
8370 5924 7871 5947  0
814 8436 7798 8021  0
5323 5322 5303 8407  0
2199 2234 2200 7978  0
8257 7783 7745 8228  0
4996 5009 5008 8035  0
7232 7233 7302 7761  0
576 577 520 7987  0
927 7798 8066 926  0
2832 2853 2833 7906  0
7799 8434 4535 8041  0
814 815 7798 8066  0
1559 2448 1560 7908  0
1377 1558 7803 1376  0
1951 3289 1935 8182  0
6001 5979 6002 7906  0
1054 755 1055 8181  0
1612 7894 7937 2488  0
7233 7232 7168 7761  0
3941 4872 3939 8352  0
7552 7777 7614 7613  0
8409 7029 8091 8081  0
5647 4577 4578 7708  0
613 7750 682 614  0
8261 1481 2364 7833  0
1131 857 876 7868  0
7100 6770 6771 7761  0
2666 8172 2700 2667  0
7304 7303 7234 7761  0
7999 8418 7734 7806  0
7784 1501 1296 1500  0
6430 6442 7895 8395  0
6980 6993 6992 7710  0
7787 478 422 7899  0
5881 5882 5905 8142  0
6613 5710 5709 7975  0
8306 4890 4897 6339  0
4185 3846 3845 8315  0
4783 4768 4784 8435  0
7798 1129 8001 8329  0
5036 5037 7991 8035  0
7883 8035 1680 1691  0
8135 8319 7906 6004  0
1876 1875 1892 8063  0
7739 4616 4613 8232  0
6981 6980 6957 7710  0
6982 6981 7434 7710  0
5432 5433 8034 8065  0
6683 6715 6714 8020  0
147 187 172 171  0
7665 7885 8080 8099  0
5680 7932 8204 5681  0
5021 5008 5022 8035  0
1776 1777 1762 8150  0
7256 7192 7257 8256  0
8012 7684 7857 8094  0
466 521 467 7987  0
522 468 467 7987  0
8392 919 623 920  0
3700 8150 3259 3256  0
7601 7758 7540 8140  0
5257 5256 5238 8015  0
1701 1689 1700 8035  0
5037 7957 7991 8035  0
4959 7841 8346 7825  0
7604 7762 7778 8140  0
1997 7858 7907 8423  0
804 455 853 8118  0
3022 3023 3008 8082  0
7999 7892 7878 8019  0
4170 3830 7980 3831  0
2814 2815 2794 7906  0
8251 1295 8261 7833  0
6931 6956 6930 7710  0
5655 5654 4585 8141  0
7039 7603 7630 8140  0
340 8066 339 632  0
3484 2497 2496 8237  0
5833 8142 5857 8405  0
6752 6751 6497 7900  0
8035 5035 5036 5022  0
7883 1691 7957 8035  0
1869 1886 1870 8015  0
4884 7970 4270 8104  0
5683 5639 6545 8380  0
2473 2472 2516 8205  0
795 1098 7877 7898  0
4655 5715 7975 8129  0
2509 8440 7705 8129  0
1084 1294 8258 8261  0
6653 8340 6671 6652  0
7729 7720 7889 7677  0
3517 3880 3876 7976  0
4566 5636 5635 8204  0
8116 1195 1386 1194  0
1807 1822 1808 7824  0
7888 5537 5514 5536  0
1703 1691 1702 8035  0
4080 4516 3746 7934  0
1814 1828 1815 7785  0
3719 8095 4374 3298  0
3243 4332 3692 7940  0
7187 7252 7993 8123  0
2646 8343 2610 7746  0
18 19 5 28  0
6993 7667 6630 6629  0
6529 7711 6530 6740  0
4191 3852 7717 7961  0
5657 4587 4588 8042  0
7349 7952 7419 7418  0
5805 5824 5823 7781  0
4953 4941 8209 8270  0
6192 6191 6174 8339  0
2697 2698 8134 8295  0
7408 7741 7338 7339  0
7801 7653 7686 8146  0
7943 7873 7988 8170  0
8236 6813 6812 7652  0
5647 6554 6553 7708  0
874 895 896 7723  0
2234 2270 2235 8154  0
7922 7791 7694 7812  0
460 405 7898 8234  0
1360 1357 1537 7835  0
1952 3289 1951 8182  0
1492 1491 1313 8277  0
5459 5481 5480 7893  0
6566 6785 6565 7988  0
7943 7670 7948 8365  0
1505 3422 1518 8337  0
7503 6958 6983 7806  0
8396 7655 7661 8367  0
1524 2414 1526 8367  0
6786 7115 6785 8060  0
7103 7104 7755 7923  0
3301 4032 1988 8200  0
6077 6078 6098 8325  0
7012 7013 6645 7946  0
964 963 7740 7853  0
6615 5711 8075 8163  0
6875 6850 6851 8433  0
637 345 344 7909  0
5711 5710 8075 8163  0
542 599 543 7857  0
6095 4858 4856 8297  0
6094 4858 6095 8297  0
5931 5907 8189 8373  0
7947 767 1066 7855  0
7766 6679 5788 8091  0
7318 7998 7387 7317  0
3378 8208 3379 2346  0
759 1058 7844 8160  0
7781 7767 8020 8397  0
680 726 727 8411  0
466 520 521 7987  0
1604 1420 1603 8094  0
6792 6539 6793 8032  0
1449 1258 1259 7960  0
2255 2220 2254 8333  0
8038 7711 7822 8256  0
85 84 72 71  0
7698 7712 7853 7727  0
5460 8110 5482 8384  0
6619 6984 6606 7806  0
6852 6805 6806 8433  0
3188 8024 3189 3178  0
814 8329 7798 815  0
6897 6873 6898 8278  0
5150 5167 5166 7824  0
1791 7697 8150 8158  0
8078 1384 7941 8324  0
7252 7321 7251 8296  0
6399 8045 8190 6400  0
4592 5668 4591 8207  0
5102 5087 5088 8398  0
6416 6404 6417 7792  0
4609 4613 4610 7739  0
263 7909 325 324  0
5559 8037 7888 5560  0
7750 681 613 682  0
3185 3174 3184 7895  0
6665 5775 5774 7764  0
6449 6448 6437 8305  0
4244 4834 3551 3550  0
3535 2711 2743 8000  0
4365 4368 5292 8182  0
5900 4805 5923 8000  0
6752 7945 7085 7900  0
84 8133 107 108  0
2967 2968 8105 8211  0
7827 488 431 7992  0
5124 7785 7692 8147  0
3430 3432 2410 8367  0
5532 7836 4466 5556  0
1657 1646 1656 7695  0
1037 1036 737 8284  0
5889 5912 5911 8172  0
4620 5704 7806 8418  0
1578 2504 2458 8156  0
4145 4611 4614 8396  0
2429 2428 8129 8276  0
5293 4369 5273 8368  0
8034 5431 8241 5451  0
8100 7104 6775 7923  0
1227 1226 1418 7912  0
5313 5293 5294 8368  0
571 7965 640 572  0
1651 1652 7825 8275  0
7784 1499 8195 8113  0
7227 7138 7228 8292  0
7734 7503 7570 7806  0
1580 7892 8156 2459  0
5347 5346 5327 7721  0
8088 7712 8162 7753  0
8031 5570 5571 8098  0
82 61 60 8361  0
5337 5317 5318 7701  0
5734 4639 8092 8338  0
7658 7684 8140 8220  0
6953 7905 8013 6954  0
1158 1179 1358 7854  0
7712 7698 7687 7652  0
8105 8052 6145 7935  0
1535 1534 8276 8313  0
7619 7618 7557 8072  0
86 110 87 8133  0
4652 4651 8273 8310  0
7834 7417 8381 7952  0
7818 7810 8068 7828  0
3573 3577 3922 8148  0
5153 5137 5154 8119  0
295 404 7909 8388  0
2387 1301 7687 8088  0
5135 5151 5134 7918  0
5738 7969 4643 8238  0
116 94 117 8133  0
6931 7364 7710 8030  0
1049 1260 1259 7960  0
3202 3203 3992 8209  0
4183 3844 3843 8085  0
6512 8042 6769 7914  0
663 7713 664 7870  0
7050 7757 7051 6686  0
5413 5412 5392 8139  0
6509 8076 6510 7674  0
2504 2503 3491 7974  0
1505 1323 1506 8337  0
751 752 1051 7787  0
7805 7836 8217 8408  0
1308 1484 1307 7731  0
8262 4497 3364 3363  0
7794 7733 7963 7880  0
4145 7661 8396 4614  0
6310 6325 4888 7752  0
1927 1942 1943 8383  0
1293 1083 1294 8258  0
8085 3868 3471 3843  0
7713 8047 1222 8362  0
44 33 26 43  0
2342 1479 2341 8378  0
1601 8264 7759 1417  0
7842 7775 7985 8364  0
2941 2959 2960 7690  0
8191 8316 7754 8123  0
2388 2389 3410 7687  0
1324 8233 1506 8337  0
4161 4636 7667 7688  0
7839 887 8431 8248  0
3 17 4 9  0
4982 7841 4983 8203  0
2524 2562 7843 8318  0
5126 4343 4017 8147  0
949 966 950 7941  0
2075 2106 8034 8241  0
4633 7688 4634 4158  0
2201 8154 7978 2235  0
6515 5659 5660 8369  0
2269 8037 2268 2306  0
8321 789 1092 7839  0
2049 2079 2050 8139  0
4272 7752 3629 6309  0
893 7723 894 872  0
3186 7792 7895 8395  0
1663 1662 1672 8275  0
8012 716 8183 8223  0
1721 1722 3236 7940  0
7847 7105 6775 8100  0
3418 8207 3417 7790  0
5885 5861 5886 8134  0
2900 2901 7890 8052  0
5991 5968 4843 8272  0
71 8133 72 93  0
2512 2552 2553 8225  0
4160 4636 4161 7688  0
2479 2478 3470 8009  0
6747 6536 6493 7724  0
5001 5014 5013 7811  0
256 228 257 8439  0
4816 4800 4801 8435  0
7671 7662 7764 8155  0
2972 7673 2973 2956  0
6628 7817 7688 5729  0
2697 2665 2664 8295  0
7722 2378 1493 8239  0
539 595 7870 7882  0
7178 7109 7110 8029  0
7844 1058 7913 8160  0
5579 5580 5600 8037  0
8041 8427 7681 8434  0
5885 5860 8134 8295  0
6835 6869 6868 8057  0
3788 3409 3410 7687  0
2212 8217 2211 2246  0
1292 2360 1291 8049  0
1284 7887 2352 8193  0
3608 3006 3005 8033  0
8073 3265 4348 4350  0
2123 2154 2155 8173  0
354 419 355 7670  0
3614 3615 8185 8358  0
1725 1714 1713 7957  0
6290 7768 8400 6289  0
1719 1732 1720 7725  0
8316 7943 7873 7988  0
5300 5319 7675 8366  0
1269 1460 7913 8160  0
1954 1936 1953 8095  0
3938 3941 3939 8352  0
951 7869 7941 952  0
5634 5635 5679 8204  0
2603 2602 2638 7781  0
389 453 454 8124  0
5280 5300 7675 8114  0
3457 8078 8324 3456  0
8036 7670 7668 7928  0
6818 7663 7126 7711  0
5645 8195 4575 7708  0
213 214 184 8130  0
7131 6765 6766 8032  0
6876 6852 6877 8433  0
2412 2414 1524 8367  0
3122 3134 3123 8300  0
5645 7708 4575 4576  0
3531 3536 3893 8435  0
6878 6854 6879 8230  0
8221 5949 5950 5927  0
7133 7820 6793 7134  0
2675 2641 2640 7864  0
5526 5504 5527 8023  0
7136 7226 7166 8030  0
8031 5589 8281 8410  0
5275 5256 5257 8015  0
1339 1341 1521 8385  0
7863 7691 7869 7949  0
6383 6366 6367 8300  0
2895 3580 2912 8325  0
3786 3407 3408 8088  0
1729 1717 1716 8244  0
8435 4814 2754 2755  0
1324 1128 1130 8337  0
7698 7863 7869 7949  0
7921 8013 8195 8433  0
4425 4412 4426 8354  0
4799 4784 4800 8435  0
7694 8131 7859 8152  0
6373 6358 6374 7788  0
5645 7708 4576 5646  0
784 783 803 8258  0
4425 4438 4424 8354  0
1159 7798 8206 8313  0
6182 6200 6199 8211  0
7804 3810 3435 3433  0
3172 8254 3161 3160  0
352 747 746 7948  0
7924 635 342 323  0
2187 4456 4470 8333  0
1976 1959 1958 8366  0
6955 8230 6930 7905  0
2324 2287 7836 7934  0
3207 3206 1632 8346  0
4232 4816 4801 8435  0
5315 7701 5335 8095  0
6473 8408 6465 5572  0
7944 7913 8263 7822  0
4611 4608 5689 7962  0
1889 1873 7865 8293  0
183 8130 155 182  0
6696 6697 5756 7896  0
27 10 44 45  0
2997 2998 2982 7848  0
3358 3352 3737 8406  0
6552 7708 5646 6553  0
4084 4590 8112 8427  0
6645 6644 7012 7946  0
1458 7944 1267 7913  0
7087 6755 7088 8006  0
5658 5659 6514 8369  0
7674 7132 7820 8032  0
2999 3016 3000 8211  0
5460 5482 7893 8384  0
2362 8146 3393 2361  0
1645 1655 1656 7695  0
3943 8358 3942 3614  0
3631 3626 3625 8382  0
5340 5320 5321 8366  0
2332 2371 2372 7875  0
593 7882 8231 594  0
3049 3948 3616 7970  0
7872 1959 8366 8383  0
6029 6050 7919 8212  0
6737 8191 6572 8376  0
8406 4498 3739 3358  0
4532 5643 7722 7921  0
5824 5845 5823 7781  0
5892 5867 5868 8438  0
7243 7242 7178 8029  0
5783 8083 8102 7996  0
5459 5438 5439 8384  0
4664 4665 4175 8178  0
1490 2374 1489 8289  0
1545 1544 2435 8022  0
5815 5816 5836 8051  0
7982 7757 8111 8264  0
8220 7658 8360 8140  0
8373 5905 5928 5929  0
5614 6497 6496 8328  0
2724 3536 3531 8435  0
4607 4140 4609 7739  0
853 872 854 8118  0
2120 4424 4438 8354  0
7973 4092 8214 8328  0
2177 2176 2210 8023  0
7655 7661 8108 8127  0
7872 1996 1977 1978  0
6982 6996 6995 8201  0
7139 7652 8071 8292  0
7694 7937 8131 7894  0
1405 1404 1588 7735  0
2845 2844 2863 8218  0
726 1022 1023 8411  0
5035 5049 5034 7991  0
3322 8287 3316 4392  0
1957 1940 1939 7675  0
6900 6875 6876 8013  0
4762 4763 2616 8429  0
3192 3183 3182 8394  0
1710 3236 7725 7940  0
2272 2236 2271 8323  0
6430 6443 6442 8395  0
5842 5841 7660 8274  0
1344 1523 1346 7669  0
3062 3048 3047 7970  0
4326 8326 4328 3230  0
1904 1922 1905 7933  0
3486 2499 2498 7816  0
6217 6198 6218 8002  0
1585 2521 1586 8168  0
1201 7807 1202 8344  0
2565 2527 7767 7927  0
7671 8062 7816 8086  0
6098 6078 6099 8325  0
7197 7663 7261 7196  0
3124 3110 8184 3111  0
3474 3846 3475 8315  0
7784 7753 8222 8321  0
2563 8318 7843 2562  0
6468 6484 6463 8031  0
168 196 195 8130  0
5068 5054 5055 7971  0
7348 7349 7952 7995  0
6703 6702 7067 7879  0
2341 1251 1252 8378  0
4801 4802 4232 8435  0
7784 1297 8314 8321  0
5762 7879 6703 8103  0
4631 5707 5715 7975  0
6441 6440 6428 7895  0
1517 1518 1515 8337  0
7911 2346 1466 7934  0
5033 5019 5020 8326  0
1401 1402 1210 8168  0
4144 4615 4612 7804  0
7342 7272 7273 7742  0
7549 7703 7548 8187  0
1543 2434 1544 8022  0
5752 7990 5777 8311  0
1154 1159 925 7798  0
3046 3030 3045 7815  0
3631 3635 3089 7752  0
3281 3285 3282 8015  0
7277 7834 7347 7346  0
6418 6417 7792 7840  0
7869 459 871 7898  0
5028 5014 7811 8244  0
8031 7852 8331 8410  0
7800 8377 7657 7696  0
3420 1516 1518 8337  0
7915 8172 5887 5888  0
7888 3354 2196 2230  0
1206 1205 1397 8165  0
4912 4909 6423 8305  0
141 155 8133 8393  0
6118 6098 7789 8325  0
7930 7516 7515 8259  0
350 349 414 8415  0
6198 6197 7736 8002  0
8317 7925 8223 8327  0
184 8393 157 156  0
1150 1346 1348 7669  0
1524 7838 1346 7669  0
1568 1567 2456 8324  0
3942 8358 3613 3614  0
646 692 693 8391  0
4116 7708 4117 4577  0
4086 8041 4087 8427  0
7611 7612 7637 7777  0
8119 5138 5122 5137  0
1717 1705 1716 8244  0
7769 7399 7469 7400  0
4946 7695 4958 4957  0
5320 5319 5301 8366  0
6355 7752 6340 6341  0
6897 6896 6872 7880  0
8077 373 7855 7802  0
7426 7496 7495 8155  0
1515 7655 8337 1516  0
6423 6397 6411 8305  0
6057 6056 6035 8386  0
1267 1457 1266 7944  0
4959 4958 4947 8346  0
4712 8310 4694 4713  0
3407 2386 3408 8088  0
7733 828 7830 7874  0
1812 1797 7918 8119  0
3651 3968 3656 8305  0
7704 7703 7706 8317  0
6996 7942 7504 7862  0
2198 2165 7849 7978  0
8295 5858 5883 5859  0
6429 6442 6441 7895  0
2574 2536 2573 8343  0
6438 6437 6425 8305  0
8144 4345 4348 3701  0
5149 5165 5148 7824  0
1920 1937 1921 7933  0
7862 7437 7504 7505  0
1403 1402 1586 8168  0
3774 3775 7826 7833  0
8348 3346 4450 3340  0
1240 1241 1024 8411  0
6075 6095 6054 8297  0
6094 4855 4858 8297  0
5941 8442 5962 5940  0
2837 8175 7919 8107  0
1201 983 1200 8044  0
2322 2285 2284 7836  0
1480 1481 1295 7833  0
7667 7688 8079 8285  0
5529 5552 5551 8408  0
7719 680 611 8322  0
5074 7940 8016 8171  0
6824 7674 8032 7132  0
7103 6774 7104 7923  0
4186 3847 3846 8315  0
2944 7690 2943 3592  0
2574 2610 2575 8343  0
6078 6077 6057 8325  0
4673 4186 4185 8315  0
5478 7893 5479 8048  0
1209 1210 8036 8168  0
3713 3712 1935 8182  0
2536 2537 7759 8343  0
3571 2877 3572 8386  0
6248 6265 6247 8288  0
3396 1481 3397 7833  0
6195 6177 7736 8252  0
3921 8107 4253 3918  0
1537 7810 8068 7835  0
6564 6478 6565 8170  0
7075 7648 7649 7979  0
1776 1762 3254 8150  0
6734 5849 5848 8074  0
8003 7781 8020 8397  0
5491 5514 7849 7978  0
6563 6477 6564 8170  0
4672 4184 4671 8315  0
5516 5539 5538 7978  0
5492 5471 5493 7978  0
7217 7159 7653 7216  0
7844 1056 7917 7944  0
3296 3300 1953 8095  0
3797 4131 8137 8332  0
4672 4671 5759 8315  0
1337 1120 1121 8392  0
3996 3995 3206 8346  0
1409 1592 1593 7927  0
7988 7953 7993 8316  0
6519 7847 7923 8434  0
3660 3656 3968 8305  0
5357 5337 7680 7701  0
5919 5943 8120 8188  0
8085 5757 5756 4670  0
6729 7757 6728 6719  0
3394 8146 2362 8261  0
5207 5206 8242 8389  0
7956 5468 8291 5467  0
7820 7133 6793 8032  0
6423 6436 4912 8305  0
3651 8190 3656 3652  0
5759 4671 5758 8315  0
6098 6118 6097 8325  0
977 954 976 8412  0
7545 7703 8027 7546  0
8214 3378 2348 2347  0
2931 8109 7789 2930  0
7731 1482 3398 1483  0
1591 1592 7748 7927  0
1518 1516 1515 8337  0
7065 7777 7638 7639  0
4935 7695 4946 4945  0
6448 6436 6437 8305  0
3656 8190 3653 3652  0
3665 3660 3664 8305  0
3772 7833 8076 8261  0
4184 4183 4671 8315  0
5591 5592 7702 7836  0
2922 2905 2904 8341  0
8090 1797 1798 8119  0
1482 7731 3398 7833  0
2906 2888 2905 8341  0
7417 7834 7347 7952  0
7818 7794 7880 7733  0
1261 1451 1260 7960  0
1295 8251 1480 7833  0
4378 4044 8196 8224  0
1069 1279 1068 7855  0
5537 7888 5514 7978  0
6897 6923 6896 8043  0
5101 8090 8398 5117  0
7833 7820 8076 7686  0
2602 2566 7767 8397  0
7193 8256 8038 7192  0
6477 6476 8050 8170  0
3920 4851 4853 8386  0
2876 3577 8148 8212  0
7738 7868 7723 7744  0
1403 1587 1404 7735  0
5318 5317 7675 7701  0
5587 5588 5608 8281  0
3086 7768 8184 8400  0
1046 1045 746 7948  0
799 405 406 8234  0
5699 4618 4620 7806  0
6606 6959 6602 7806  0
2527 2565 2528 7927  0
632 339 631 8066  0
2724 3531 2690 8435  0
2906 2925 2907 8341  0
652 8036 699 7928  0
2528 2529 1593 7927  0
7736 2995 7901 8252  0
5152 5153 7918 8119  0
6541 7826 7829 7958  0
5088 5073 8171 8398  0
8083 6653 7775 6672  0
8341 2942 2925 7690  0
5418 8196 5439 5417  0
2340 8378 7799 1479  0
6282 6283 8249 8288  0
516 7965 572 573  0
5636 4567 7932 8289  0
2215 2182 2214 8157  0
2527 2528 1592 7927  0
585 654 586 7928  0
7333 7263 7264 8067  0
1593 8307 1594 1410  0
893 7723 8412 894  0
2718 4810 4796 4795  0
7675 1956 7680 7701  0
3893 4802 4229 8435  0
5224 5225 8293 8389  0
1785 1799 7692 8119  0
8385 1143 1343 7939  0
906 8248 945 907  0
5206 5224 5223 8293  0
7332 7758 7769 8067  0
2724 2690 2689 8435  0
1518 3422 3420 8337  0
7933 5257 5275 5276  0
954 8028 8412 953  0
3994 3204 3205 8346  0
5170 5171 8069 8119  0
7731 1306 8251 7833  0
4802 4786 4229 8435  0
7731 7686 7820 7833  0
1221 1412 8362 8421  0
1826 1812 7918 8119  0
5061 5060 5046 7940  0
7931 1882 1899 1898  0
5440 4406 5462 8384  0
6192 8082 6193 6211  0
5529 5551 8217 8408  0
3995 3996 4305 8346  0
3995 3205 3206 8346  0
1024 1241 1025 8411  0
2477 1572 7807 8009  0
5678 7772 8137 8247  0
8212 8054 6113 6092  0
584 585 528 8226  0
6935 8127 6936 6605  0
3644 4276 3958 7756  0
6437 6449 8305 8390  0
4465 4481 4073 8406  0
6086 7967 8064 8341  0
6682 8020 8091 8081  0
5538 8037 5537 8154  0
7820 7765 7958 8267  0
2528 2565 2566 7927  0
2137 2136 2169 7986  0
5860 8051 8134 8295  0
3207 3996 3206 8346  0
2627 3516 8142 8405  0
5450 5428 5429 8241  0
622 8412 8174 954  0
4584 4124 4585 8141  0
6660 6659 7027 8409  0
7725 1697 1696 7811  0
2722 2755 2723 8435  0
3255 1789 1790 8147  0
3268 3271 1835 7782  0
1524 2410 2412 8367  0
5606 6481 7988 8096  0
6760 6759 6505 8101  0
1973 1990 7680 7701  0
4548 7653 8219 8280  0
1747 3243 1735 7940  0
856 808 807 7744  0
7153 7916 7091 7154  0
7101 7102 7170 7755  0
4125 8141 4124 8061  0
3893 3896 4232 8435  0
5317 5298 7675 7701  0
2891 2890 2908 8054  0
8443 4460 2190 2191  0
6772 6773 7102 7755  0
635 7830 7909 7924  0
7662 8159 8155 7979  0
7209 7152 7210 8413  0
1954 1972 1955 7701  0
5297 5298 5316 7701  0
7344 7984 8169 7414  0
7806 6602 5695 8232  0
8200 4373 4370 5332  0
1211 1403 7735 8168  0
5462 5461 5440 8384  0
728 1024 1025 8411  0
5274 8015 5275 8368  0
4252 3570 3566 8386  0
7658 7759 7912 8094  0
5084 5085 5099 7664  0
6880 6857 6858 7739  0
1361 1360 1542 7835  0
2723 2755 3536 8435  0
7862 7727 8238 8338  0
5016 5015 5003 7811  0
5650 6556 5649 8162  0
6785 7115 7114 8060  0
1536 1535 1539 8276  0
6419 6433 6432 7840  0
1084 1294 1083 8258  0
7830 7810 7835 7874  0
3744 7836 3740 2287  0
3038 3023 3037 8288  0
2975 2976 7690 8352  0
2596 2595 8051 8318  0
7849 2131 7956 8291  0
2830 2831 2813 7714  0
7748 7735 7668 7732  0
3353 3348 3347 8406  0
6802 6849 6848 7951  0
3917 3562 4240 8272  0
2287 7836 2251 2286  0
847 8167 8431 848  0
1274 7773 7911 1273  0
2250 2215 2249 8157  0
4932 4302 4933 8209  0
5549 6461 6460 7959  0
6932 7806 7503 8232  0
5147 5146 5130 8158  0
6970 6948 6971 8043  0
7248 7318 7998 8399  0
2507 8129 2508 2464  0
5880 5855 5856 8142  0
7804 7878 7939 8418  0
7804 4618 8232 7806  0
519 8011 8149 8375  0
3773 4106 3772 8076  0
8428 5919 5942 8120  0
6343 6327 6328 7752  0
8011 408 8342 8375  0
1107 7733 1106 830  0
5532 5554 7836 5555  0
8388 295 328 568  0
5589 5609 8281 8410  0
2633 2632 2667 8172  0
4300 3990 3991 8209  0
1578 2458 1579 8156  0
7549 7610 7548 7994  0
107 131 108 8133  0
555 501 7791 8322  0
3904 3905 3547 8350  0
5687 4606 7739 8199  0
7923 7681 8369 8427  0
6992 7667 7710 6629  0
1540 7810 8276 8068  0
730 731 684 8363  0
1328 7938 1509 8233  0
5165 5166 7782 7824  0
6472 6489 6488 7805  0
5962 5941 5963 8175  0
2467 8068 2468 2432  0
2192 4446 4447 8443  0
7964 1444 8008 8378  0
7875 8289 2333 4524  0
2532 2569 2570 7982  0
7812 1075 1286 1076  0
3917 3567 8272 8386  0
4140 4142 4609 7739  0
1773 1761 8279 1774  0
6199 8002 8211 6218  0
8126 4364 4362 3280  0
948 947 964 7853  0
7908 3450 8092 8285  0
6441 6452 6440 7895  0
1555 1372 7854 7878  0
7078 7764 7041 6665  0
7822 7844 7917 7944  0
8317 7682 7724 8304  0
5817 5799 5800 8351  0
6606 5699 5704 7806  0
7672 2881 7890 8235  0
3488 7974 3489 2501  0
7751 1158 7939 7854  0
472 527 473 8226  0
7705 2550 2551 4699  0
5716 5717 4656 7705  0
7776 7670 7943 7960  0
6011 8120 8107 5989  0
830 828 7733 7874  0
6667 7764 6666 7897  0
2371 2332 2331 7875  0
5522 5545 7832 8048  0
3203 1628 7695 8209  0
7616 7617 8072 8381  0
5337 5357 5356 7701  0
854 7723 872 873  0
5873 5872 7864 8188  0
5554 5555 5573 7836  0
1056 1057 1267 7944  0
7660 5803 7767 7861  0
2454 1565 8078 8324  0
8022 2436 8197 8205  0
5607 6481 5606 8096  0
453 389 388 8124  0
6781 6524 6562 7837  0
7670 7797 473 8226  0
7697 5129 8150 8158  0
1451 7852 1452 2311  0
1264 1454 7920 8181  0
8218 6060 7672 7890  0
3594 3590 3593 8372  0
1328 1326 8202 8233  0
8325 3587 8109 8297  0
327 7733 7885 831  0
404 829 7733 831  0
7808 4598 4597 5673  0
427 483 7882 8403  0
4642 4166 4641 8238  0
2918 2936 2919 8052  0
6972 6950 7850 8043  0
7685 6250 7901 8290  0
2248 2214 2215 2249  0
5316 5298 5317 7701  0
4187 3848 7894 8103  0
4522 4523 4564 7875  0
4564 4523 4565 7875  0
7883 5025 7957 8244  0
8105 2970 2954 7935  0
7880 6897 8043 8278  0
7733 7830 7835 7874  0
7263 7199 7264 8067  0
3264 3261 8150 8158  0
5844 5868 5867 8039  0
2131 2130 7956 8291  0
5066 5052 7971 8255  0
1342 8210 1340 1522  0
8014 7108 7107 7176  0
5128 5145 8150 8158  0
4568 4526 4527 7819  0
7419 7952 7995 8312  0
6520 8434 6519 5595  0
6203 6222 6221 7876  0
5787 7766 5788 7861  0
4523 4524 4565 7875  0
6032 6008 6009 8148  0
8356 8269 8055 5306  0
4682 4681 8122 8301  0
7803 1185 961 7908  0
6914 6913 6887 8213  0
1390 1568 1569 8044  0
5211 5229 5228 8059  0
6207 6189 4872 8352  0
6533 7805 6490 7702  0
3364 4498 7888 8406  0
1643 7715 1644 8209  0
960 944 943 7803  0
3121 3132 3133 8194  0
1801 1788 1787 7692  0
897 896 918 7751  0
7265 7793 7335 8304  0
3174 8254 3175 3162  0
7745 7683 7867 8081  0
6406 7792 6405 6391  0
46 28 11 29  0
486 487 7827 7870  0
7175 7176 7240 8014  0
1445 2304 1444 7964  0
7850 8043 7818 8355  0
7882 8047 7814 8231  0
4194 3854 7961 8301  0
3111 3640 3112 7756  0
6337 6322 6338 7756  0
5869 5894 5893 8026  0
3381 8214 3757 3380  0
6440 6427 6428 7895  0
5846 5870 5869 8026  0
3035 8358 3615 3619  0
6836 6590 6799 8282  0
5234 5217 5235 8126  0
5377 5376 5356 8287  0
1478 1479 1476 8371  0
5784 6675 5785 8102  0
7741 7706 7900 7945  0
5247 5248 8055 8059  0
2899 2898 2916 8235  0
3171 3170 3181 8394  0
7795 7464 7394 8161  0
7720 7677 8029 8268  0
294 403 325 7909  0
6967 7828 6945 6968  0
6721 8360 6690 6722  0
6593 7772 8247 7718  0
486 540 541 7870  0
4523 2331 2332 7875  0
7857 8040 8077 8223  0
6688 7052 7053 8007  0
6815 6816 7123 8256  0
389 388 8124 8258  0
7692 1773 1772 8279  0
6699 5759 7994 8106  0
3713 4363 3712 8182  0
6964 6963 6941 8213  0
7555 7554 7487 8381  0
4954 7715 4966 8209  0
894 895 873 7723  0
4651 4629 4630 8273  0
1108 1107 832 7963  0
3945 6225 6206 7876  0
1581 2481 7842 2480  0
355 419 420 7787  0
6560 6559 5653 8359  0
6368 6352 6353 7756  0
6119 6120 6140 7789  0
8010 5176 8073 8144  0
701 7732 7809 7928  0
4257 8372 4861 3929  0
3958 3640 3644 7756  0
664 595 663 7870  0
6245 6246 6263 8185  0
5218 5217 5200 8126  0
3841 3468 3467 7950  0
5888 5889 5911 8172  0
6194 6175 6176 8252  0
3243 5062 8016 4334  0
1215 998 7732 7809  0
7381 8014 8025 8246  0
6836 6585 6590 8282  0
6060 8218 7672 6038  0
7756 4898 4895 6354  0
1460 7913 8160 8192  0
7650 7625 7651 8159  0
5166 7782 7824 8005  0
3391 3767 3390 8280  0
3146 3133 3132 8194  0
1254 1253 1043 8008  0
476 7670 7786 7787  0
3119 3130 3131 8194  0
6215 6232 6231 7901  0
6947 6948 6970 8043  0
6352 6335 6336 7756  0
7866 7930 7677 7749  0
8141 4125 4586 8061  0
5138 5122 5123 7692  0
2429 7705 8129 2466  0
7968 5873 8188 8000  0
382 383 7812 7922  0
3037 3036 3051 8288  0
1786 8016 7692 1772  0
97 119 8393 120  0
3615 3609 3614 8185  0
8217 2245 2211 2246  0
2360 8146 1292 2361  0
2510 2466 2509 7705  0
5680 8379 6583 6582  0
8045 3654 8394 8190  0
7334 7762 7404 8067  0
7334 7403 7333 8067  0
7382 8246 7451 7381  0
7075 6710 7074 8215  0
6631 7667 6630 8201  0
5486 5464 5487 8348  0
2881 2863 2862 7890  0
1280 1279 1069 8017  0
5131 5116 5132 7824  0
4566 5636 8204 8289  0
8295 8373 5883 8142  0
7952 7676 7995 8312  0
6713 6712 7767 7781  0
5452 5474 5473 8034  0
6691 7056 6692 8360  0
27 18 5 28  0
7278 7213 7214 7995  0
5663 5599 5664 7860  0
40 66 21 20  0
3039 7901 8288 8290  0
5186 5203 8005 8069  0
3987 3676 3986 7840  0
5151 5150 7824 7918  0
4220 3877 3876 7976  0
7715 1643 1644 1654  0
4137 4606 4604 8199  0
2732 2733 2700 8172  0
3771 4104 3770 8076  0
7136 7166 6856 8030  0
2042 7907 2072 2043  0
1958 1974 1975 7680  0
4199 4198 4686 8089  0
6874 6850 6875 8278  0
1956 1974 7675 7680  0
7347 7416 7346 7834  0
8125 941 942 8164  0
3152 3139 3138 7788  0
5363 5344 7858 8356  0
8045 3160 8190 8254  0
4081 8332 4518 4113  0
496 439 495 7802  0
5045 5059 7725 7940  0
3798 3800 2405 7655  0
110 8393 8133 133  0
7932 7819 8277 8289  0
2281 2319 2282 8192  0
6082 6062 6063 7890  0
2985 2984 3000 8211  0
2303 2302 1443 7964  0
5974 5973 5951 8387  0
1315 1493 1314 7963  0
2838 7919 8148 8107  0
4962 4974 7825 8275  0
7050 7757 8228 7051  0
4846 5968 6013 8272  0
6431 7792 7840 8395  0
8327 547 548 604  0
5661 5662 6517 7923  0
7681 8112 8369 8427  0
1704 1693 7883 8244  0
6775 6518 6519 7923  0
1290 1080 1291 8049  0
5012 4999 5000 7883  0
4116 3782 3783 8113  0
1975 1992 1993 7680  0
6907 6596 5691 8232  0
6356 6371 6355 8306  0
5501 5524 5523 8048  0
2124 2155 2156 8173  0
837 1111 836 8216  0
6849 6873 7951 8278  0
6228 6246 6227 8185  0
3584 3586 3587 8297  0
5138 5123 5139 7692  0
7630 7056 8140 8220  0
6336 6321 6337 7756  0
7314 7384 7383 8025  0
2784 2753 2752 8401  0
3640 3958 3636 7756  0
4616 7739 4613 4612  0
8275 1663 1652 3219  0
7756 3958 3957 4275  0
5235 5217 5218 8126  0
3072 3086 3073 7768  0
5119 5103 5104 8090  0
1414 1415 1223 8362  0
8401 4827 4840 3556  0
1051 1050 7787 7960  0
1095 792 793 8167  0
3272 8059 4355 1850  0
7058 7896 8220 7059  0
6354 6353 6337 7756  0
4987 7883 8275 5000  0
6264 6247 6265 8288  0
934 7733 1167 8388  0
3012 7901 7685 7736  0
5863 5887 5862 8172  0
7698 7687 8061 8167  0
4069 8406 3737 3346  0
74 73 54 8133  0
2666 8172 8134 2700  0
2740 2707 2739 8188  0
2787 2806 2807 8387  0
740 7889 8342 8375  0
141 8393 118 142  0
5604 7988 6479 7977  0
62 83 84 8361  0
1041 741 8153 8371  0
86 85 108 8133  0
2692 2725 2693 8221  0
2824 2825 2806 8218  0
5874 5898 5873 8000  0
8212 4259 4859 6114  0
2708 2674 2707 8188  0
1235 1427 1236 8166  0
1062 1272 1061 7773  0
1543 2434 8022 8068  0
1165 1164 1360 7835  0
7734 7726 7739 7804  0
7601 7540 7602 8140  0
3799 4133 3798 7655  0
7929 7810 7938 8202  0
2857 2875 2876 8148  0
3154 3140 3153 7792  0
2711 7968 8000 2678  0
5141 5140 7785 5157  0
6168 6188 8033 8352  0
6031 6052 6030 8148  0
5502 8023 5481 5503  0
5984 5962 5985 8175  0
6279 8382 8358 6296  0
3992 4302 4301 8209  0
7813 579 7987 8250  0
4253 4254 4849 8148  0
1656 1666 1667 8203  0
5330 5331 5350 8374  0
4256 6053 4852 8148  0
3349 4066 4062 8157  0
7883 4987 4986 4999  0
5903 5902 5880 8221  0
2459 1580 1579 8156  0
3586 3591 2945 8372  0
3591 3595 2945 8372  0
3431 2409 7939 8385  0
4605 4141 4138 7962  0
3723 4389 4378 8196  0
1110 7885 836 7851  0
1303 1095 1096 8167  0
2054 2053 2083 8196  0
139 153 163 152  0
3991 4301 4300 8209  0
2758 2757 2787 8221  0
1319 1112 1113 8216  0
1966 1984 1967 8271  0
6337 6338 6354 7756  0
1409 1592 7927 8307  0
7949 8011 8234 8284  0
5904 5927 5903 8221  0
4902 6369 4904 8190  0
924 627 923 8021  0
862 882 883 8222  0
7730 8320 7444 8143  0
7668 7873 8316 7670  0
723 7719 724 677  0
1913 1895 8055 8059  0
24 25 15 8  0
899 8388 7885 569  0
1336 1521 1519 8385  0
3941 8033 6207 8352  0
1799 1800 1785 7692  0
5991 4843 5969 8272  0
7848 6198 8002 8211  0
3430 3428 3803 7655  0
1136 7868 7939 8385  0
6015 7871 5993 6016  0
4070 4066 3355 8157  0
3939 4872 4869 8352  0
935 934 1168 8388  0
8246 8025 7677 8014  0
7380 7449 7930 8246  0
7624 7650 7979 8159  0
5059 5058 7725 8171  0
6492 7724 6535 7702  0
1235 1018 1234 8166  0
4253 3921 4254 8148  0
7655 8108 7774 8127  0
3921 8107 3569 8148  0
7137 7226 7136 8292  0
3803 3428 3800 7655  0
117 155 130 8133  0
1410 1218 1409 8307  0
216 187 172 188  0
7699 3877 3872 4213  0
6245 6226 6227 8185  0
4429 4442 4428 8173  0
2456 7863 8044 8324  0
5071 5085 5070 7981  0
3185 3175 3174 7895  0
6227 6246 6245 8185  0
2265 2266 7888 7964  0
2322 2321 7700 7836  0
3071 3056 3055 8290  0
2576 2577 2539 8058  0
4656 4699 4698 7705  0
1973 1991 1992 7680  0
7901 3023 3038 8288  0
3052 3037 3051 8288  0
5339 5340 5359 7680  0
4329 3690 3692 3240  0
5819 7861 5818 5801  0
6830 6864 6863 8145  0
6253 6271 6270 7768  0
5218 5200 8005 8126  0
5182 5183 5199 7782  0
2732 2700 7915 8172  0
7764 8128 7897 8426  0
3640 3636 3112 7756  0
7063 7062 7636 7994  0
7366 7296 7297 7942  0
2172 2173 2140 8048  0
6922 6923 6948 8043  0
2876 3573 2858 8148  0
1974 8366 7680 1958  0
1879 1895 1896 8059  0
3042 3057 3043 7685  0
5578 5579 7860 7888  0
7632 7631 7778 8220  0
2017 2018 1999 8422  0
2800 2820 2821 8107  0
5257 5238 7865 8015  0
2412 3432 3434 8367  0
3114 3102 3635 7752  0
4123 7687 4122 3789  0
6346 7989 7747 7884  0
1255 1044 1045 8008  0
7666 2010 2009 7680  0
1804 8147 8144 3258  0
6294 8382 6295 6311  0
1491 2375 1490 8277  0
3921 3922 4254 8148  0
2451 8078 8186 3454  0
6200 6201 7815 8299  0
7976 4220 4759 3880  0
2042 2071 7760 8291  0
4701 4658 4659 8225  0
7726 7744 7723 7731  0
5699 5695 4618 7806  0
7508 7509 7571 7955  0
945 8248 962 946  0
2881 7890 2899 2882  0
669 8223 7857 8183  0
2852 2853 7906 8135  0
102 104 123 126  0
729 1025 7859 8411  0
2045 2044 2074 8241  0
7892 7726 7751 7671  0
7881 6866 6867 8379  0
571 7965 7869 640  0
7768 6272 6271 6289  0
3184 3194 3185 7895  0
3195 7895 3185 3194  0
5984 5961 8175 8319  0
699 995 996 7732  0
5448 5449 5470 7760  0
6977 6990 6989 7905  0
1938 1937 7701 7933  0
2707 2674 2673 8026  0
4953 4952 4941 8270  0
3033 7876 7970 3034  0
8123 7953 8316 7993  0
87 54 21 20  0
3591 3585 3590 8372  0
2151 2183 4067 2150  0
3498 2518 2482 8364  0
7796 496 7802 8198  0
6942 6917 6943 7881  0
7548 7703 7547 7480  0
1002 1218 1219 8307  0
2425 2424 3443 7878  0
3441 3443 3817 7878  0
3238 5048 8326 4333  0
2612 2611 2647 7746  0
1622 2499 1623 7816  0
6699 5758 6698 7994  0
5557 8262 3364 7888  0
6604 8127 6605 5701  0
3828 3454 3453 8186  0
6699 7063 7064 7994  0
7879 5763 5764 6704  0
3675 3986 7840 8395  0
2595 2596 2560 8318  0
7178 7179 7243 8029  0
6795 6794 6540 7958  0
1265 1264 1054 8181  0
2541 7770 2579 2542  0
7354 7423 7353 7845  0
6613 6614 5710 8075  0
1210 1402 1211 8168  0
27 33 44 10  0
8202 7929 7798 8329  0
552 608 609 7904  0
5210 8063 8010 8059  0
1114 839 840 7784  0
2467 2510 2511 7705  0
4427 4413 4414 8173  0
616 8093 617 560  0
1773 1761 1774 1760  0
4103 3770 4104 8146  0
6666 7042 6667 7897  0
2897 2896 2914 7789  0
67 59 21 88  0
1413 1597 1414 8362  0
7947 434 8040 7992  0
135 77 98 122  0
5498 5499 5521 7707  0
5086 5101 7664 8398  0
3220 4964 4977 8270  0
5527 5550 5549 7959  0
4969 4968 4956 7695  0
3459 2461 2460 8019  0
2137 2169 2170 7986  0
6419 6406 6407 8024  0
6380 6381 6394 8229  0
7919 5984 8175 8319  0
4943 4944 4955 7695  0
5117 5116 7664 7824  0
6567 6787 6786 7988  0
761 760 7827 8160  0
2997 2982 2981 7736  0
6615 7828 6967 6968  0
3204 1629 1630 7695  0
5874 5873 7968 8000  0
5999 5977 6000 7714  0
1794 1779 1793 7824  0
2592 2627 2628 8240  0
405 798 852 7898  0
7705 7975 8068 8276  0
3095 3108 3096 8347  0
5742 6644 5743 7946  0
1811 1825 1826 7918  0
1592 2528 1593 7927  0
7693 8287 4405 5419  0
3018 3033 3019 7970  0
4304 4934 4303 7695  0
7363 7362 7293 8004  0
4154 3815 3817 7878  0
6462 6464 6471 8245  0
6476 7837 6563 6562  0
1305 1097 1098 7877  0
7730 7509 7510 7983  0
2836 2817 2835 7919  0
3151 3163 3152 7792  0
7743 7794 7810 7938  0
3039 3040 7901 8290  0
4547 8280 4548 8219  0
2267 7964 2305 8037  0
6956 8230 7905 6930  0
1405 7748 1406 7732  0
2671 2636 2670 8039  0
5252 4027 4363 8309  0
2823 8218 2824 7871  0
7966 7452 8025 8246  0
917 896 7723 7751  0
7781 5846 8026 7864  0
5097 5083 5098 7697  0
5884 5883 5859 8295  0
7669 1522 1523 8210  0
5577 5558 5578 7888  0
1513 1122 1124 8210  0
6583 6584 6834 8057  0
7214 7916 7995 7213  0
1594 1593 2529 7927  0
2514 8225 2554 7716  0
4207 4706 4664 8178  0
3294 4371 3718 4033  0
4327 5032 5031 7725  0
5072 5071 7981 8171  0
961 8248 962 945  0
6602 7806 5695 5699  0
3158 3169 3655 8229  0
8140 7658 8257 7758  0
7457 7458 7954 7998  0
2374 8277 1490 2375  0
4120 4581 4580 8162  0
1110 836 1111 7851  0
7808 6581 8145 8379  0
1553 2444 1557 8079  0
5629 4554 8076 4553  0
1862 8063 1878 8059  0
2907 2908 2890 8054  0
4632 5727 5728 7817  0
7279 7215 7280 7995  0
5675 6589 6588 7718  0
1074 8193 1284 1073  0
6669 6668 7044 7897  0
7819 4509 4525 4526  0
7867 7982 8003 8397  0
7327 7326 7257 7795  0
7700 7663 8132 8180  0
6815 7711 6816 8256  0
15 24 7 14  0
7794 7743 7810 7881  0
7671 7723 7726 7751  0
7898 7949 7698 7869  0
7810 7828 7794 7881  0
47 40 13 66  0
7772 3422 8137 8337  0
6040 6018 6019 8218  0
2203 2170 2169 7831  0
5788 6679 6712 8091  0
859 880 860 8216  0
3420 7655 3799 3419  0
7376 7306 7307 8320  0
7932 5683 8282 8380  0
6778 7847 6521 8268  0
1936 1937 7933 8095  0
53 8133 72 85  0
4820 4807 2747 4806  0
3079 3065 3078 7884  0
2256 2293 2257 8333  0
166 167 194 8130  0
7412 7342 7742 8187  0
6380 6394 6393 8229  0
2232 7978 8037 8154  0
8178 3870 3866 4207  0
7487 7554 7486 8381  0
4619 5697 5698 7661  0
1730 1742 8171 7981  0
3008 3009 2993 8082  0
46 23 13 47  0
3467 3466 3840 7950  0
5569 5588 5568 8281  0
3472 3471 3843 8085  0
7828 6615 6967 8075  0
2377 2338 2337 8239  0
5026 5027 5040 8244  0
2771 2770 8175 8428  0
6626 6627 5728 7817  0
8067 7197 7663 7262  0
5126 4017 8144 8147  0
3146 8194 8229 8300  0
6775 7847 8100 7923  0
6576 7772 8247 6575  0
7866 7728 7966 8340  0
2909 2928 2910 8054  0
1523 2410 1524 8210  0
5839 8134 5862 5838  0
3943 4876 4878 8185  0
4714 4695 4696 8310  0
4199 7974 8089 8426  0
6219 6220 6236 7815  0
7924 7929 8066 8345  0
4914 4911 4912 4915  0
821 7929 7924 7830  0
266 311 234 310  0
7444 7511 7443 7983  0
1652 1651 3215 1642  0
1591 2527 1592 7927  0
2859 2858 3573 8148  0
7730 7007 7571 7955  0
6 29 11 28  0
5241 5242 5260 8114  0
4426 4412 4413 8354  0
5224 5225 5242 8293  0
2917 2934 2935 8235  0
6103 6082 6104 8235  0
1171 8099 1170 1366  0
8147 3255 3258 1790  0
6616 6615 7828 8163  0
361 426 362 7917  0
1100 7731 1306 8251  0
4570 7819 8239 8380  0
6597 7718 7962 6595  0
5436 7893 7891 8196  0
844 845 789 7839  0
7741 7203 7204 7900  0
7413 7742 7984 8187  0
7799 3756 2340 3377  0
7903 4157 3818 8273  0
6304 6305 6321 8184  0
3752 2396 3374 8117  0
3015 2998 3014 8002  0
7713 665 664 7870  0
6591 6858 6842 7739  0
997 701 700 7732  0
4579 4580 5649 8162  0
490 7992 434 433  0
5711 5717 5710 8163  0
5436 7893 5457 7891  0
2786 2805 2806 7871  0
6091 8212 6092 8054  0
477 532 478 7786  0
8085 5756 7896 4669  0
2501 3489 2502 7974  0
526 471 525 7797  0
7703 7994 8085 8315  0
7749 7866 8259 8404  0
1869 1870 8005 8015  0
6325 6326 6341 7752  0
6749 6748 7679 7682  0
1851 1868 1852 8126  0
1853 1870 1854 8005  0
772 377 378 8198  0
1624 1623 8062 8086  0
2111 2143 2112 7891  0
8440 4733 4717 4716  0
6591 6586 5687 8199  0
1213 997 996 7732  0
4691 5745 5746 8128  0
8404 4181 4180 7950  0
2981 2980 2996 7736  0
5800 5799 5785 8351  0
3460 2424 2461 7878  0
5600 7860 8037 8050  0
7694 7719 7791 8322  0
8006 5617 4542 8414  0
7814 7754 8231 8330  0
6334 8194 6350 6349  0
3765 4098 3764 7902  0
7466 7763 7783 7795  0
5132 5133 5149 7824  0
7731 2398 3400 8425  0
2171 2138 2170 7707  0
6040 7890 8218 8294  0
7684 7770 7925 8085  0
2979 2978 2994 8252  0
3203 1628 1629 7695  0
7694 7676 7801 7834  0
2460 2461 1555 7878  0
3107 3108 3095 8347  0
1965 1947 1964 7721  0
1875 1891 1892 8063  0
2633 8051 8172 7660  0
5806 5827 5826 7746  0
6303 6302 6287 8184  0
4156 7878 7999 8418  0
5501 5479 7893 8048  0
5024 5038 5037 7957  0
3839 4179 7950 7980  0
3573 3569 2859 8148  0
485 539 540 7870  0
2711 7968 2678 2677  0
7586 7525 7587 7954  0
5407 5406 7907 8241  0
1752 1764 1765 7697  0
5361 5382 7666 8136  0
1216 7748 1215 1407  0
2996 2997 2981 7736  0
3166 7792 3154 3165  0
7824 1780 1779 7697  0
1657 1647 1646 7695  0
1598 1597 2533 7982  0
7480 7410 7703 7479  0
6395 6410 6409 8229  0
3969 8024 8229 3657  0
5706 4631 7903 7975  0
6318 6319 6333 8347  0
3145 3159 3146 8229  0
4606 5687 7739 5688  0
4825 4812 4826 8401  0
6909 6883 6910 7718  0
3235 3234 3238 8326  0
3159 3650 3146 8229  0
5156 5172 5155 7785  0
2858 7919 2837 2857  0
6310 6311 7752 8382  0
3484 7816 8237 8301  0
4905 6410 6395 8229  0
3044 3043 7689 8002  0
8091 6713 8020 6681  0
7447 7448 7515 7930  0
3178 7792 7840 8024  0
8051 5836 8240 8295  0
3192 8045 8394 8390  0
5098 5083 5084 7697  0
7610 7703 7609 7548  0
6405 6418 7792 8024  0
655 701 7809 7928  0
5568 5544 7832 8260  0
3158 3655 3159 8229  0
3156 3167 3168 8024  0
7997 7704 8085 8315  0
6008 5986 6009 8107  0
6162 6161 6142 8105  0
1990 1991 7680 8287  0
4510 4527 4526 7819  0
5588 5609 5608 8281  0
4632 4633 4158 7817  0
6405 6391 7792 6390  0
7739 7726 8004 8199  0
6661 8409 7029 8091  0
5722 5721 6620 8243  0
7839 884 885 8222  0
5001 5000 4988 7811  0
4573 7921 5642 7722  0
6924 6950 6949 8043  0
2734 2733 7771 8172  0
5866 5891 5890 8274  0
6380 6364 6381 8229  0
6122 6103 6123 8235  0
4903 6396 6382 8229  0
8007 6690 8302 8360  0
3860 4199 7974 8062  0
7326 7395 7325 7795  0
1837 8005 7824 7782  0
5967 5966 5944 8120  0
7274 7210 7275 8169  0
7175 7106 7847 8100  0
7869 8234 7691 7965  0
1617 2494 1618 8419  0
8146 2360 1292 8049  0
5098 5113 5097 7697  0
8107 8428 5963 8120  0
806 786 805 8251  0
1922 8114 1906 7933  0
3095 3094 7989 8249  0
6265 6283 6282 8288  0
5085 5086 5100 7664  0
87 74 54 8133  0
4571 7722 4572 5641  0
5363 5364 5384 7907  0
4631 7903 4630 5706  0
7410 7703 7479 7409  0
3762 7821 3763 4096  0
7892 2460 7878 8019  0
1788 1775 1774 8147  0
1503 1321 1504 7790  0
8028 953 8174 8412  0
5566 8281 5567 5586  0
7867 7748 7766 7683  0
1702 1714 1703 7957  0
7580 7581 7866 8246  0
6989 7817 7696 7905  0
2897 2879 2896 7672  0
6079 6078 6058 7672  0
7057 7631 7058 8220  0
8103 7694 7777 7879  0
6563 6476 6477 8170  0
3744 4499 7836 7934  0
5840 5864 5863 8172  0
866 886 887 7839  0
7626 7764 7041 8159  0
3945 3608 3944 7876  0
5718 5712 5719 8163  0
8413 7834 7821 7916  0
6070 6090 6089 8054  0
123 105 90 114  0
1789 1775 3255 1790  0
7707 8034 5496 5497  0
3486 2499 7816 8062  0
998 701 997 7732  0
996 7928 7732 700  0
7343 7413 7412 7742  0
8102 7775 7735 8115  0
639 7965 640 7869  0
7420 7421 8286 8312  0
6089 8341 8054 7690  0
848 849 793 8167  0
1249 1250 1192 8086  0
8257 7597 7034 7598  0
1038 1474 8097 8342  0
1681 1682 1670 7883  0
8107 3921 4253 8148  0
7894 3474 7997 3475  0
4642 5738 4643 8238  0
6764 6510 6765 7674  0
6779 6778 6522 8268  0
2805 2823 2824 7871  0
8347 8184 6334 8300  0
884 7803 8222 905  0
1976 1994 1977 8136  0
7931 5196 8059 5213  0
419 476 420 7670  0
3037 3023 3022 8288  0
720 674 673 8327  0
6935 6908 6909 7718  0
3307 2026 4049 3320  0
2077 2108 8034 8065  0
105 126 114 104  0
4662 8243 4661 5722  0
4848 3917 8272 8386  0
5800 8102 5786 7861  0
4428 4442 4441 8173  0
1845 1830 1829 8010  0
2868 2850 2849 7714  0
6051 6030 6052 8212  0
6589 7772 6593 7718  0
6080 6079 6059 7672  0
5167 5184 5183 8005  0
7698 7652 7727 7914  0
3231 3235 3232 8326  0
7713 663 7882 7870  0
738 1037 737 8342  0
2861 2879 2880 7672  0
1554 1555 7854 7878  0
8250 412 7987 8153  0
5188 5204 5187 8069  0
8045 3172 3183 8394  0
1308 2397 7731 7738  0
8037 2231 2266 7888  0
1971 1989 1990 7701  0
7749 7730 8143 8320  0
7366 7435 7365 7942  0
1543 1361 1542 7835  0
3102 7747 3115 3103  0
5047 4329 4332 3692  0
7570 7734 7569 7502  0
1105 1312 1311 7874  0
5460 8110 8384 5461  0
4563 4564 4597 7875  0
694 693 990 7813  0
5622 4547 5623 8219  0
2762 2763 2730 7915  0
5572 5553 5554 8408  0
7698 7853 7941 8078  0
7963 7794 7880 8277  0
3032 3018 7815 7970  0
5161 5160 5143 4348  0
7717 4189 3849 3850  0
6179 6196 6178 7736  0
443 444 379 7791  0
7324 7255 7325 7795  0
8045 6415 8254 6414  0
5882 5857 5858 8142  0
7516 7930 7515 7448  0
7324 7394 7393 8296  0
2318 2281 2280 7926  0
734 7877 1098 7898  0
3437 3435 7878 8418  0
7671 7974 8116 8156  0
8167 7869 7898 7698  0
8303 7316 7998 7936  0
1963 1980 1964 7858  0
7341 7741 7742 8187  0
700 701 654 7928  0
7977 7943 7988 8170  0
1459 1458 1268 7913  0
5999 5976 7714 8177  0
5457 5478 5456 7891  0
8014 7175 7239 7240  0
1311 1104 1105 7874  0
1819 1833 8073 8144  0
1466 1465 1275 7911  0
8212 2910 2892 2893  0
6628 7817 5729 6627  0
4102 4101 3768 8280  0
5604 8170 7977 6479  0
7326 7325 7256 7795  0
7054 8360 8007 7055  0
4629 7903 4630 8273  0
8311 4707 4212 4726  0
478 533 479 7780  0
7652 8292 6812 8236  0
7447 7378 7448 7930  0
4636 5731 7667 7688  0
6541 6542 6796 7829  0
3635 3102 3089 7752  0
7875 7938 1485 1486  0
6122 6123 8105 8235  0
2699 2698 2731 7915  0
8354 4400 2032 4385  0
2898 2897 2915 7789  0
6745 6821 6744 8132  0
6140 6120 6141 7789  0
6525 6526 6572 8410  0
7749 7729 7866 8404  0
7110 6780 6781 8029  0
3584 3587 2911 8297  0
8326 5021 5034 7991  0
5874 7968 5875 8000  0
2486 3473 3474 7997  0
7667 7657 7688 7905  0
1760 1759 1748 1747  0
4962 4961 4950 7825  0
5848 5849 5872 7864  0
6735 5849 6734 8074  0
6594 6858 6591 7739  0
7873 7668 7728 7670  0
5209 5208 8010 8389  0
4202 4689 8128 8426  0
7713 664 711 710  0
7683 8081 8161 8409  0
2712 7968 2679 2678  0
5581 5562 5582 8037  0
4948 4937 7825 8346  0
501 500 555 7791  0
1061 1272 1271 7773  0
5030 5017 5031 7725  0
1187 1380 1188 7740  0
7958 7287 7222 8267  0
3635 3113 3114 7752  0
2979 2995 2980 8252  0
5106 5091 7692 8016  0
6325 6310 6311 7752  0
6748 7080 6747 7724  0
1708 1696 1707 7725  0
5315 7701 5316 5335  0
1771 1784 1785 8016  0
1740 1752 1753 7664  0
7228 7298 7297 8292  0
7808 7794 8204 8379  0
717 716 8012 8223  0
1212 996 995 7732  0
6446 6433 6434 7840  0
677 7719 7904 8166  0
399 400 821 7924  0
2712 7968 3529 2679  0
5807 6722 6723 8360  0
4142 3802 3804 8053  0
2704 2736 2737 8438  0
5327 5309 5328 7721  0
1310 1334 7874 7938  0
4091 4538 4537 8328  0
7084 6751 6752 7900  0
8249 6281 7884 6298  0
4314 7825 3680 8275  0
8258 8049 7801 8146  0
8064 2870 8135 8420  0
5578 5559 5579 7888  0
7666 2068 8291 8348  0
3423 3418 3417 7790  0
7686 8084 8093 8124  0
4623 7903 8108 8127  0
2304 2266 2303 7964  0
2677 2642 7864 7968  0
3610 3615 3035 8185  0
5096 7697 8255 5097  0
7865 8293 1857 8069  0
3568 3563 3562 8272  0
7741 7204 7268 7269  0
4439 2121 4438 8354  0
7657 7753 7803 8125  0
1009 712 1008 8087  0
5906 5907 5930 8373  0
1336 1322 1335 7790  0
5208 5191 8010 8389  0
7691 7863 7965 8044  0
6613 6966 6614 8075  0
3053 3069 3054 8290  0
7561 7622 7560 7979  0
7975 7774 8276 7903  0
3033 7876 3034 3019  0
7653 7096 6764 6763  0
1463 1273 1464 7911  0
1479 8041 8371 7799  0
710 1006 7713 8047  0
2901 2883 2900 7890  0
1920 1921 1904 7933  0
1903 1885 1902 8015  0
6801 6548 6802 7951  0
499 500 443 7791  0
4373 8224 8200 4034  0
555 556 501 8322  0
2897 2880 2879 7672  0
8276 7705 2429 2430  0
7787 7670 7960 8365  0
1752 1766 1753 7664  0
5888 5911 7915 8172  0
4638 5734 4639 8092  0
7746 3517 3885 2647  0
2763 8189 2792 7915  0
2049 2077 2078 8065  0
5132 5148 5131 7824  0
5411 5410 5390 8139  0
3253 3254 8255 8336  0
2849 2828 2848 7714  0
5678 6577 6576 8247  0
5784 5783 8102 8351  0
6102 6080 6081 8235  0
5772 6711 6663 8089  0
3246 1736 7991 8255  0
3544 8370 3545 3538  0
6682 8091 6662 8081  0
4660 4703 4702 7716  0
2868 2851 2850 8064  0
5343 5363 8136 8356  0
8037 7977 8050 8266  0
7706 7821 7846 8414  0
1434 8419 1617 1618  0
4935 4934 4304 7695  0
6203 6204 6222 7876  0
3172 3171 3182 8394  0
6978 6977 6955 7905  0
1715 8244 1704 7957  0
6626 7696 7817 6625  0
1380 1561 1562 7740  0
7958 7287 7223 7222  0
7324 7393 7323 8296  0
5969 3544 5924 7871  0
6846 7880 6870 8282  0
3242 3238 3241 7991  0
3941 8033 3604 3940  0
1523 1522 2408 8210  0
3951 7752 3630 3625  0
5119 5103 8090 8398  0
2006 1988 8200 8224  0
2636 2600 7660 8039  0
6189 6188 6169 8352  0
2894 3577 2876 8212  0
5254 8126 5235 8015  0
5220 5202 5203 8005  0
4199 7974 8062 8089  0
5244 5226 5227 8063  0
7755 6773 7923 8369  0
5486 5463 5464 8348  0
7926 2244 8098 7959  0
1110 7885 1109 835  0
1907 1889 8114 8293  0
4945 4944 4934 7695  0
3586 2945 8297 8372  0
5177 5178 5194 8073  0
6888 6863 6864 8145  0
5573 6473 8408 7836  0
7925 8317 8223 7684  0
4160 4159 4635 7688  0
4201 4688 4689 8426  0
4525 4526 4567 7819  0
5016 5030 5029 7725  0
3565 2840 8107 8120  0
1212 1213 996 7732  0
8085 3868 7699 7770  0
3482 8237 2495 8419  0
4413 4400 8173 8354  0
4957 4969 4956 7695  0
1656 1646 1645 7695  0
901 8080 8125 8216  0
2286 2323 2324 7836  0
806 1099 786 8251  0
2581 2617 2618 8429  0
4864 6153 6133 8265  0
1061 762 1062 7773  0
5763 4676 4675 8103  0
7383 7452 7382 8025  0
1217 1408 1409 8307  0
4289 8305 3978 4919  0
1276 2345 1466 8208  0
5352 8224 5372 8200  0
7668 7748 7766 7843  0
7303 7373 7372 7983  0
2550 7705 8440 4699  0
1268 8160 7913 1058  0
3608 3005 7876 8033  0
1795 1796 1781 7824  0
7736 6159 7848 8109  0
1084 1083 784 8258  0
7108 7109 7177 8029  0
8194 3108 3121 3107  0
4303 4302 3993 7695  0
8147 1774 7692 8279  0
6798 8199 8004 7829  0
1719 1707 1718 7725  0
817 7929 820 818  0
2532 1597 1596 7982  0
6102 6081 6082 8235  0
7187 7188 7252 8123  0
5752 5777 5751 8311  0
7733 7818 8022 8099  0
1777 7697 1762 8150  0
7827 7882 7654 7844  0
7986 5451 8034 8241  0
7017 7966 7866 7581  0
2146 2145 2177 7893  0
7752 4272 3629 3633  0
7522 7966 8303 8308  0
7152 7089 7090 8413  0
2879 2878 2896 7672  0
1541 7835 1537 8068  0
7933 5296 5295 8095  0
6343 7747 6328 6344  0
1839 1823 1838 8005  0
1698 1697 1709 7725  0
1005 1006 709 8047  0
8435 3543 4814 2755  0
696 7813 8036 649  0
1574 1397 1396 8165  0
1943 1944 1927 8383  0
5674 5669 4599 8199  0
7763 7399 7769 7329  0
8230 6931 8030 6904  0
2124 2156 2125 8173  0
263 343 311 344  0
4842 4841 3902 4238  0
6207 4872 3941 8352  0
175 219 178 207  0
8045 3654 3160 8394  0
291 7924 323 322  0
6258 8104 6275 6257  0
4755 3882 2626 4738  0
8407 8366 8227 8383  0
4769 8435 8437 4785  0
547 8327 548 8077  0
7952 7557 8072 8286  0
266 205 279 232  0
7136 7226 8030 8292  0
340 7924 632 633  0
308 309 291 342  0
295 8388 328 327  0
5402 5382 5403 7666  0
2585 8440 2549 2548  0
4271 4270 3952 8104  0
178 175 149 219  0
2104 2136 2105 7986  0
1884 3282 8015 8126  0
5388 8138 5387 5367  0
305 339 319 338  0
482 8151 536 8403  0
6274 6293 6292 8104  0
205 261 204 278  0
231 247 230 203  0
2390 1304 7877 8167  0
291 7924 341 342  0
56 77 98 57  0
205 232 309 279  0
205 261 309 232  0
278 205 309 279  0
278 261 309 205  0
3913 4248 3554 3912  0
4820 4833 2777 4834  0
200 246 229 245  0
2652 4780 2684 2685  0
4588 8112 4127 4589  0
1959 8366 1942 1941  0
201 246 230 229  0
256 303 255 272  0
7832 2277 8098 8331  0
232 261 204 205  0
309 343 310 342  0
1027 731 730 8363  0
2465 8440 8129 2508  0
1733 1732 1745 7940  0
2687 4782 2688 4766  0
172 173 200 217  0
5861 8051 8134 5860  0
38 88 75 37  0
2586 4734 2587 4718  0
614 613 7750 8322  0
251 269 268 239  0
4780 4781 4796 8401  0
3196 3675 7840 8395  0
2715 4792 3524 2714  0
7763 8257 7783 7745  0
124 188 172 147  0
271 302 284 301  0
4696 4653 8310 4695  0
314 334 626 333  0
152 180 163 179  0
224 225 253 270  0
190 189 149 125  0
2717 4809 2718 4795  0
979 978 1194 8116  0
115 138 114 128  0
2714 4791 3524 3523  0
8110 8217 2212 8283  0
148 126 114 128  0
4764 2653 2685 4780  0
456 329 326 312  0
4155 4625 4157 4628  0
291 341 290 308  0
2741 2742 2709 8188  0
1023 1022 1239 8131  0
2651 2615 2650 4761  0
4736 4752 4735 8437  0
5782 7775 8083 7985  0
4239 4829 3903 4828  0
53 65 35 20  0
4899 8190 6369 4896  0
761 366 367 7827  0
3914 4840 3555 4839  0
7711 7700 7805 8180  0
6533 8180 7805 7702  0
1298 1299 8314 8321  0
630 7798 8066 629  0
1732 1720 7725 7940  0
232 205 234 266  0
5042 5029 5043 7725  0
340 307 289 290  0
3102 3089 7752 8382  0
153 181 164 180  0
139 152 163 138  0
6836 7880 8057 8282  0
977 8028 8412 976  0
733 686 8084 687  0
4791 4760 3524 4221  0
3747 3361 4074 4483  0
180 192 210 181  0
2135 7760 7849 7986  0
3512 2648 2649 4743  0
180 192 165 164  0
191 179 163 180  0
5803 5788 7767 7861  0
2253 2219 4484 4485  0
3552 4836 2780 2779  0
3172 8254 3160 8045  0
2369 7875 8056 1485  0
2368 2328 2367 8430  0
8430 4506 2294 4505  0
4820 4819 2777 4833  0
242 8130 241 225  0
210 180 209 192  0
2063 2062 2093 8173  0
1022 7719 7937 8131  0
222 239 221 210  0
3881 4760 3524 2681  0
4059 2086 4407 2087  0
4711 4728 2580 2543  0
224 8130 195 196  0
7007 7730 7571 7008  0
240 223 252 270  0
1201 1200 1392 8044  0
2253 4485 4484 4500  0
7977 2270 8154 8323  0
8130 240 223 194  0
284 301 283 254  0
179 192 209 180  0
2681 4776 2649 2648  0
2749 4808 2716 2748  0
3913 4838 3554 4248  0
2749 4808 2717 2716  0
3913 4839 3555 3554  0
5563 7977 8154 8323  0
6969 6616 6968 7828  0
2703 2702 2735 8274  0
242 8130 225 213  0
2297 7819 2335 2298  0
3556 8401 3555 4840  0
303 285 255 271  0
245 244 274 8439  0
2782 4839 3555 4825  0
3495 3494 2544 4692  0
2093 2092 2124 8173  0
153 152 138 128  0
276 259 230 275  0
7899 7754 7917 8181  0
162 161 101 127  0
2208 2209 2175 8023  0
7655 7838 8001 8337  0
273 244 272 8439  0
4692 3494 2544 2543  0
7332 7758 8067 7402  0
4562 8430 4563 8056  0
305 274 257 258  0
278 261 308 309  0
3257 3260 3261 8150  0
345 7909 297 344  0
292 342 323 291  0
275 259 307 276  0
7656 2734 7771 8274  0
6294 8382 6311 8432  0
3751 2396 3752 8117  0
308 277 260 204  0
932 636 635 7909  0
2188 2221 2222 8333  0
2690 2657 2689 8437  0
275 259 306 307  0
2320 1460 1461 8192  0
3024 3010 3009 7901  0
4766 4767 2656 4750  0
565 8124 510 564  0
7536 7468 7469 8441  0
2650 4777 2682 4778  0
1102 1117 1103 7738  0
2655 4782 2687 4766  0
1673 1684 7811 8275  0
323 292 324 343  0
182 166 141 165  0
7926 7805 8245 8263  0
6307 6291 6308 8400  0
280 251 281 268  0
247 248 203 277  0
160 146 147 99  0
2637 2636 2671 8039  0
223 8130 195 241  0
4776 4760 2648 2681  0
1946 1930 8055 8269  0
7598 7597 7536 8441  0
217 246 200 216  0
314 333 626 392  0
286 273 287 305  0
307 308 290 341  0
298 265 293 267  0
4733 4749 2621 4750  0
2583 4715 2584 2547  0
8310 3835 3495 4206  0
2631 8318 2632 2596  0
2547 4715 2584 2548  0
301 269 253 270  0
7469 7468 7399 8441  0
7859 8152 1432 1433  0
7791 7922 7694 8322  0
7779 7460 7528 7856  0
1042 742 743 8153  0
7731 3400 3776 8425  0
5115 7664 5099 5100  0
1568 2456 8044 8324  0
2717 4795 2683 4794  0
3551 4834 2778 3550  0
5524 5502 5525 8023  0
1332 1331 1334 7938  0
209 192 221 210  0
252 269 281 268  0
333 300 314 334  0
809 877 567 623  0
306 275 258 259  0
4733 2585 2621 2584  0
340 307 290 341  0
5668 6544 7829 8199  0
6552 7708 5645 5646  0
341 340 321 290  0
6787 6567 6568 7988  0
2192 4446 8443 4461  0
2713 4228 3523 3530  0
5069 5084 5083 7971  0
1182 1181 1375 8164  0
4217 2615 2614 3505  0
290 7924 341 322  0
8437 3525 3888 2691  0
2659 2658 2691 8437  0
318 319 396 8436  0
286 317 285 8436  0
4767 4766 2688 4783  0
164 180 163 152  0
5220 5219 8005 8015  0
7810 1356 8313 8345  0
5715 4631 7975 8129  0
7467 7535 7783 8441  0
2622 2657 4750 2621  0
3424 4137 4132 8053  0
3465 2456 7980 8044  0
5809 5789 7699 7976  0
1231 1232 1015 7925  0
7739 6881 6596 6594  0
3283 3279 1900 8309  0
7999 7734 7003 7806  0
2266 7888 7964 8037  0
159 146 160 122  0
3012 7901 3011 7685  0
84 85 52 71  0
262 235 220 208  0
425 8403 482 426  0
146 186 160 187  0
4951 4939 4940 8270  0
6296 7884 8382 6297  0
159 186 160 146  0
4235 4829 3903 4239  0
8275 3219 3215 3680  0
54 20 37 21  0
1745 1732 8171 7940  0
7859 1027 8363 8402  0
5533 5511 5534 8406  0
8236 5652 6559 8359  0
151 189 162 190  0
364 363 428 7844  0
4793 4777 2682 2681  0
1037 8097 8284 8342  0
38 111 75 88  0
2698 2699 2665 8134  0
7399 7763 7398 7329  0
2655 4765 2687 4782  0
97 111 75 56  0
4668 4180 4667 8404  0
4342 5078 5094 8255  0
37 110 75 74  0
7462 7463 8161 8296  0
767 766 372 7947  0
5289 5309 5308 7721  0
310 232 234 266  0
1734 3240 1722 7940  0
7919 6007 6030 8148  0
112 57 135 113  0
7017 6649 7866 8340  0
115 106 92 93  0
630 338 337 8436  0
749 1049 1048 8365  0
922 921 1152 8392  0
5577 7860 5578 5598  0
135 77 136 113  0
7055 8007 8140 8360  0
4120 4119 8088 8162  0
135 122 136 77  0
114 105 91 92  0
93 8133 72 94  0
188 187 147 161  0
135 122 159 136  0
78 122 99 77  0
101 161 147 99  0
2931 2914 2913 7789  0
4743 4761 2650 2614  0
2780 4822 2748 2779  0
792 8167 847 848  0
164 153 163 139  0
129 154 139 153  0
126 128 148 150  0
4792 2715 3524 2681  0
2744 4234 4227 3892  0
3542 4231 3541 3548  0
1275 1466 7911 8208  0
4809 4823 2749 2750  0
191 180 164 192  0
1430 1239 1238 8131  0
1090 1297 1089 8321  0
201 247 230 246  0
104 128 105 126  0
107 106 92 83  0
138 153 139 152  0
107 130 116 106  0
6617 7828 6969 8355  0
1301 7687 8088 8357  0
7 24 30 22  0
5885 5886 7915 8134  0
107 83 92 93  0
71 63 51 52  0
685 616 684 8363  0
1222 1413 1414 8362  0
617 685 686 8363  0
4835 4822 2779 4821  0
4052 3306 4045 4049  0
135 8393 98 134  0
731 685 684 8363  0
2747 4821 2778 2779  0
8243 7818 8178 8205  0
1066 767 1067 7855  0
139 130 116 140  0
37 87 74 54  0
43 33 51 63  0
190 218 149 189  0
5857 5832 5833 8405  0
1005 8362 1221 1222  0
7892 8128 7999 7897  0
3548 3906 4242 4237  0
6628 7667 6992 6629  0
2016 2015 2045 8422  0
4234 4231 3542 4237  0
2012 1994 1993 8136  0
81 79 102 100  0
191 180 163 164  0
1899 1900 1883 8309  0
12 22 36 14  0
114 148 123 126  0
6006 6005 5984 7919  0
4835 4834 2778 3551  0
58 60 39 41  0
130 154 139 129  0
7828 6616 8163 8355  0
4345 3262 3701 8144  0
1414 1598 1415 8362  0
38 59 37 21  0
5832 5831 5811 8405  0
383 778 7812 8424  0
1415 1598 8264 8362  0
41 39 30 22  0
25 42 32 31  0
65 8133 54 53  0
562 618 8084 8093  0
685 617 616 8363  0
1113 839 7784 8216  0
115 106 116 130  0
5922 4818 5946 8350  0
2747 4820 2778 4821  0
193 181 166 182  0
5308 5289 7721 8269  0
80 57 56 112  0
3549 2776 3548 4237  0
7713 7745 7814 8362  0
1053 1054 1264 8181  0
253 254 283 301  0
1430 1613 1614 8131  0
88 59 38 89  0
7671 7764 7765 8155  0
4766 2655 2688 2687  0
56 57 98 112  0
2652 4779 2684 4780  0
4684 5772 8089 8215  0
5421 5399 5400 7693  0
7699 8085 7770 7684  0
4162 7667 4161 4637  0
16 8 2 25  0
7 22 30 12  0
9 33 32 43  0
7672 2841 2842 2860  0
16 26 3 8  0
7210 7211 8169 8413  0
3320 3306 4052 4049  0
46 66 20 65  0
2643 8074 2608 2607  0
52 63 51 34  0
1620 7816 1437 8237  0
4518 2327 4519 8332  0
3284 3285 8015 8368  0
686 687 618 8084  0
7505 7438 7506 7862  0
4927 6456 7840 8395  0
4662 5722 5723 8178  0
3320 3306 4049 3307  0
8291 5403 5404 7666  0
4519 8056 8332 8430  0
8384 2116 2084 2085  0
8217 8110 2212 2211  0
1487 2372 7875 8289  0
4308 8270 4298 4928  0
46 65 35 45  0
5501 5523 5500 8048  0
46 11 35 13  0
103 77 78 57  0
7501 7568 7500 8298  0
2777 2746 2745 4819  0
4234 2776 2745 4819  0
2174 2173 2207 8048  0
6213 6214 7901 8252  0
7345 7834 7415 8169  0
616 7750 560 559  0
7 15 1 2  0
10 45 34 44  0
106 129 115 105  0
17 27 4 9  0
1469 1468 1035 8284  0
1449 1450 2309 7960  0
6279 6278 8358 8432  0
4027 4025 3283 8309  0
3788 3409 7687 8088  0
46 13 35 20  0
8362 7867 7745 7814  0
1941 1942 1925 8366  0
4042 2034 4386 2033  0
9 26 3 17  0
6193 8082 8252 6212  0
27 10 5 18  0
2015 2044 2045 8422  0
138 129 115 139  0
140 153 139 154  0
2705 2706 8026 8438  0
17 18 4 27  0
8059 5195 5196 8073  0
4313 4312 3997 3208  0
7670 7943 7873 8316  0
868 888 889 8431  0
6655 7023 6656 8083  0
354 7670 353 418  0
8070 1390 8044 8324  0
4248 4838 3554 3912  0
6880 8004 7293 6857  0
8306 4890 3955 3637  0
139 129 116 130  0
2699 8172 7915 2700  0
21 88 37 87  0
38 88 37 59  0
2699 2698 7915 8134  0
116 115 93 107  0
115 106 93 107  0
162 188 124 101  0
211 222 194 210  0
26 25 32 8  0
7894 1612 1613 2489  0
23 46 11 6  0
4922 7895 4292 8390  0
1582 1581 2482 8364  0
262 208 220 238  0
5837 5817 5838 8051  0
40 59 21 67  0
203 247 230 201  0
162 188 101 161  0
4312 3679 4000 3208  0
4548 4102 4549 8280  0
8051 5861 5838 5837  0
6895 8043 7880 6896  0
5052 5037 7957 7991  0
7344 7742 8169 7984  0
86 65 54 87  0
412 411 7987 8153  0
6660 7766 6659 8409  0
152 177 174 150  0
4016 8336 3252 4344  0
4324 5003 3686 7811  0
9 8 3 26  0
84 71 92 93  0
7233 7234 7303 7761  0
2507 8129 2464 8310  0
40 67 21 66  0
8133 65 54 86  0
140 154 139 130  0
8203 1665 1676 7715  0
1414 1597 1598 8362  0
1025 1241 1242 7859  0
189 173 124 188  0
87 66 21 67  0
2931 8109 2930 2948  0
141 154 140 155  0
4396 2057 4408 4395  0
148 128 114 138  0
93 106 92 107  0
7694 7717 7894 8131  0
2665 2631 8051 8134  0
4382 2029 4381 3309  0
5883 5907 5906 8373  0
102 81 123 105  0
3999 3207 3211 1633  0
64 65 53 85  0
27 18 4 10  0
19 29 6 28  0
7 15 2 8  0
8242 1828 1829 1843  0
7618 7643 7617 8072  0
87 65 20 66  0
1005 7713 1222 1006  0
160 146 99 122  0
152 150 174 138  0
245 228 8439 274  0
2632 2666 2667 8134  0
311 343 234 310  0
135 134 98 112  0
7321 7391 8046 8296  0
115 130 116 129  0
21 87 37 54  0
130 129 115 106  0
5779 7985 7990 5780  0
34 45 35 64  0
7819 2298 2299 2336  0
6199 6198 6181 8211  0
912 7869 913 891  0
160 122 99 136  0
536 8231 8151 592  0
84 83 92 71  0
114 126 123 104  0
371 372 766 7947  0
115 128 114 129  0
3955 8306 3638 4894  0
2547 8440 4715 2548  0
54 65 20 87  0
533 590 534 7780  0
4427 4428 4441 8173  0
115 129 114 105  0
78 136 99 122  0
4530 7722 4531 4572  0
7723 916 8116 8412  0
105 129 114 128  0
950 951 912 7941  0
45 65 35 64  0
46 45 35 11  0
8133 84 85 108  0
732 685 731 8363  0
9 27 4 10  0
3899 3900 3894 8350  0
5302 5321 5320 8366  0
7866 6647 8259 8404  0
6084 6083 6064 7967  0
5545 5522 5523 8048  0
7379 8014 7380 7930  0
2170 2169 7831 7986  0
3136 3642 3647 8306  0
88 87 21 67  0
5282 5302 5301 8366  0
5524 5546 5523 8048  0
31 24 30 7  0
1533 8276 7774 2422  0
1454 1263 1264 7920  0
110 87 37 88  0
27 33 9 44  0
38 57 56 80  0
1234 1017 7925 8166  0
2073 2044 7760 8241  0
7130 8067 7199 8132  0
114 105 92 106  0
30 39 55 36  0
115 105 114 106  0
3962 8190 4277 4902  0
4059 3732 4407 2086  0
15 8 7 24  0
52 34 35 64  0
174 138 163 152  0
2308 2270 7977 8323  0
1598 1597 7982 8362  0
1238 1239 1022 8131  0
37 110 74 87  0
93 83 92 84  0
24 22 7 14  0
3060 3061 3046 8104  0
1022 7719 726 725  0
98 8393 121 120  0
217 189 149 218  0
2442 3464 3445 8377  0
5886 5887 7915 8134  0
7855 1277 1066 8208  0
134 111 56 112  0
97 111 56 134  0
89 111 56 38  0
89 112 56 111  0
4974 4973 4961 7825  0
80 89 56 38  0
80 112 56 89  0
7913 7944 8263 7926  0
7156 7093 7916 7155  0
7470 7758 7471 7538  0
7754 7899 7917 8151  0
1164 1165 7830 7835  0
103 137 78 136  0
136 77 78 103  0
136 122 78 77  0
5306 5305 8055 8356  0
847 8167 8357 8431  0
7151 7089 7152 8413  0
231 276 230 247  0
4653 4654 8129 4631  0
160 161 147 187  0
136 137 99 160  0
78 137 99 136  0
137 161 99 160  0
127 137 99 78  0
127 161 99 137  0
7653 6762 7094 7095  0
7970 4270 4268 4882  0
449 384 448 8424  0
159 146 145 186  0
159 186 145 185  0
159 122 145 146  0
121 122 145 159  0
121 159 145 158  0
185 158 145 159  0
5758 8085 8315 4671  0
5488 5467 5489 7956  0
4362 4361 4359 4026  0
7537 7598 7536 8441  0
7537 8257 7598 8441  0
149 173 124 125  0
6892 6919 7881 8057  0
311 263 234 343  0
4078 7722 4082 4531  0
256 285 255 303  0
2507 8440 2548 2508  0
932 7830 931 1165  0
305 273 257 274  0
7470 7537 7469 8441  0
277 249 204 278  0
308 278 204 261  0
277 278 204 308  0
310 309 292 232  0
342 309 292 310  0
234 232 292 263  0
310 232 292 234  0
234 263 292 343  0
234 343 292 310  0
343 342 323 292  0
217 188 172 173  0
7829 4559 8207 8425  0
1817 1818 1803 8144  0
4475 2258 4474 2224  0
4433 2160 4060 4447  0
330 7909 264 345  0
2034 8173 2033 2063  0
204 236 176 205  0
203 176 231 277  0
8232 6599 5691 6907  0
798 8234 7898 405  0
343 7909 263 324  0
658 657 704 7910  0
231 259 230 276  0
218 219 149 175  0
147 101 124 188  0
204 249 176 278  0
236 278 176 249  0
204 278 176 236  0
249 248 176 207  0
277 249 176 204  0
276 246 230 247  0
1975 8366 1976 1958  0
6724 5824 7781 8003  0
275 246 230 276  0
201 246 200 217  0
306 259 258 288  0
219 207 175 248  0
247 218 175 248  0
219 248 175 218  0
124 173 172 188  0
201 246 229 200  0
189 173 149 125  0
7524 7456 7457 7954  0
2765 2732 2764 7771  0
151 189 125 162  0
101 151 124 162  0
125 151 124 101  0
7329 7763 7328 8038  0
2584 8440 2548 4715  0
276 247 231 277  0
2547 8440 2507 8310  0
8129 4652 4653 4631  0
146 187 171 186  0
147 187 171 146  0
1051 7776 7960 7787  0
4698 4716 4697 8440  0
2490 1613 7894 8131  0
7831 5540 7978 8323  0
7700 8067 7663 7773  0
254 271 253 270  0
7535 7468 7536 8441  0
4715 4697 4716 8440  0
2491 1614 2490 8131  0
220 235 233 208  0
180 152 164 153  0
162 189 124 188  0
125 189 124 162  0
274 275 258 306  0
145 185 170 169  0
145 186 170 185  0
171 186 170 146  0
145 146 170 186  0
8440 2510 2550 2509  0
8440 2586 2550 4717  0
185 214 170 169  0
185 186 170 214  0
8440 7705 4655 4698  0
258 288 287 305  0
2509 2508 2549 8440  0
4654 4653 8129 8440  0
8439 8130 214 213  0
105 90 114 8361  0
7398 7399 7468 8441  0
220 262 233 235  0
209 238 220 208  0
258 305 287 257  0
262 238 220 250  0
229 246 230 275  0
164 154 165 181  0
7467 7763 7398 8441  0
201 217 200 173  0
175 207 203 248  0
176 207 203 175  0
176 248 203 207  0
176 249 203 248  0
277 249 203 176  0
277 248 203 249  0
247 246 201 217  0
275 245 229 246  0
242 8130 213 241  0
4433 2160 4447 8443  0
203 247 201 218  0
149 217 201 173  0
149 218 201 217  0
247 217 201 218  0
203 218 201 175  0
149 175 201 218  0
203 175 201 149  0
2625 8437 4753 2624  0
203 277 231 247  0
250 265 262 237  0
7399 7763 7769 8441  0
2128 2158 2159 8443  0
314 300 313 282  0
2549 2508 2548 8440  0
301 270 253 271  0
204 176 231 203  0
204 277 231 176  0
256 303 286 285  0
4492 2295 4491 2259  0
296 298 293 280  0
4444 4459 4458 2189  0
307 308 260 290  0
2690 2689 8435 8437  0
224 8130 241 195  0
301 271 253 254  0
5187 5171 5188 8069  0
281 282 313 299  0
240 8130 211 194  0
140 154 165 164  0
7749 8044 7807 7950  0
273 305 286 304  0
252 270 253 269  0
314 333 313 300  0
2308 2271 8096 2309  0
894 916 7723 8412  0
240 8130 241 211  0
4177 4178 3838 7980  0
282 269 281 252  0
304 303 286 273  0
265 237 250 267  0
299 298 281 280  0
280 298 281 312  0
4469 2219 4484 4468  0
237 238 250 267  0
238 222 250 239  0
251 239 250 222  0
238 239 250 251  0
206 208 233 235  0
268 251 250 267  0
268 238 250 251  0
267 238 250 268  0
2491 1615 1614 8131  0
313 332 391 390  0
3535 2743 3894 8350  0
2789 8373 2788 8177  0
225 242 224 241  0
270 242 224 225  0
270 241 224 242  0
240 241 224 270  0
240 223 224 241  0
270 223 224 240  0
287 8436 286 304  0
4696 4715 8310 8440  0
230 275 258 229  0
306 305 258 274  0
4696 4697 4715 8440  0
298 312 326 331  0
2660 8437 2624 2659  0
251 269 252 268  0
250 237 262 238  0
237 235 262 208  0
237 208 262 238  0
221 209 220 192  0
208 220 191 233  0
240 223 194 222  0
5713 6620 8243 8355  0
193 182 166 211  0
206 179 233 208  0
191 233 202 206  0
1430 7937 1613 8131  0
8118 805 854 853  0
211 8130 241 212  0
224 223 195 241  0
210 181 193 211  0
210 192 193 181  0
194 222 193 210  0
166 193 165 181  0
193 192 165 181  0
164 152 163 153  0
221 192 193 210  0
164 181 165 180  0
267 251 280 268  0
139 140 164 153  0
202 174 163 177  0
152 177 163 174  0
179 177 163 152  0
206 179 191 233  0
208 179 191 209  0
233 179 191 208  0
179 180 191 192  0
2490 1614 1613 8131  0
193 211 166 194  0
4042 3315 4387 2034  0
154 153 164 140  0
154 181 164 153  0
955 914 954 8412  0
1328 7938 8233 8202  0
1023 1239 1240 8131  0
1431 1615 1432 8131  0
8124 565 511 8174  0
1431 1614 1615 8131  0
2308 7977 8096 8323  0
1240 1431 1432 8131  0
666 7870 597 665  0
180 181 165 192  0
166 181 165 182  0
955 978 979 8412  0
257 305 287 273  0
2186 2154 2153 4455  0
315 334 314 283  0
140 141 165 154  0
182 154 165 141  0
390 312 313 332  0
5519 5541 5518 7831  0
316 335 284 302  0
298 267 280 299  0
8437 2660 3525 2659  0
4735 2624 4736 8437  0
296 265 293 298  0
298 267 293 280  0
258 274 257 229  0
665 596 664 7870  0
252 224 253 270  0
273 256 286 257  0
280 268 281 299  0
329 312 456 331  0
298 331 326 296  0
7467 7468 7535 8441  0
319 305 288 339  0
4787 8437 3888 4786  0
286 305 287 304  0
257 273 287 286  0
319 339 288 320  0
319 305 287 288  0
2658 2622 2657 8437  0
4768 4767 4751 8437  0
4751 4767 4750 8437  0
271 301 284 254  0
204 261 260 308  0
1584 1401 1400 8168  0
319 338 287 305  0
290 308 260 261  0
231 204 260 277  0
289 306 288 259  0
7398 7468 7467 8441  0
298 296 326 280  0
3734 3732 4059 3338  0
256 273 286 303  0
303 271 255 272  0
289 259 260 307  0
231 276 260 259  0
307 259 260 276  0
288 305 258 306  0
307 276 260 308  0
771 377 772 8198  0
7386 7387 7456 7998  0
340 306 288 289  0
340 339 288 306  0
320 339 288 340  0
320 340 288 289  0
228 229 257 274  0
273 303 256 272  0
3274 3275 7782 8126  0
250 251 280 267  0
240 269 252 251  0
254 270 253 225  0
267 268 280 299  0
270 269 252 240  0
250 265 293 262  0
271 272 254 255  0
271 242 254 272  0
270 242 254 271  0
225 242 254 270  0
226 242 254 225  0
4438 2152 4453 2151  0
226 272 254 242  0
255 272 254 226  0
7883 4974 4973 4985  0
267 250 293 280  0
267 265 293 250  0
5390 5389 5369 8139  0
313 333 391 332  0
280 312 326 298  0
303 302 284 271  0
303 285 284 302  0
271 285 284 303  0
255 271 284 254  0
255 285 284 271  0
2290 8430 4502 4519  0
251 223 252 240  0
4423 2089 4424 2120  0
1813 1828 1814 8119  0
332 331 390 312  0
332 299 313 333  0
313 314 391 333  0
6581 6831 8145 8379  0
301 300 282 269  0
252 268 281 251  0
8045 3654 8190 3160  0
426 8151 8403 7917  0
299 300 313 333  0
7661 4147 3811 4149  0
456 312 390 331  0
4749 4766 2656 4750  0
8356 8269 7858 8055  0
301 300 283 282  0
301 334 283 300  0
335 334 283 301  0
284 335 283 302  0
301 302 283 335  0
284 302 283 301  0
299 312 281 298  0
3013 2997 7736 8002  0
314 333 392 391  0
8257 7051 7757 8007  0
282 300 281 269  0
268 269 281 300  0
282 299 281 300  0
268 300 281 299  0
332 312 313 299  0
567 877 898 623  0
281 299 313 312  0
5788 6712 7767 8091  0
283 284 315 335  0
316 335 315 284  0
280 296 326 293  0
283 334 314 300  0
283 300 314 282  0
1726 1715 1714 7957  0
817 8329 8066 7929  0
2059 2058 4397 2029  0
390 623 567 331  0
1686 3686 3226 7811  0
4203 4691 4204 8128  0
3366 3749 4077 3747  0
390 8392 809 624  0
3967 8305 3968 4907  0
2209 2176 2175 8023  0
2298 2297 4509 4494  0
4198 3859 3858 8062  0
2564 7767 7843 7861  0
5502 5503 5525 8023  0
2811 2790 2810 8177  0
3138 3137 3151 7788  0
632 928 929 8066  0
8394 8305 3190 8390  0
7039 7054 7038 8140  0
4468 2186 4454 4455  0
8142 2662 8240 8295  0
4297 4927 4916 7840  0
5263 5264 5282 8227  0
6554 7708 5648 8334  0
98 8393 120 97  0
7515 7516 7577 8259  0
4645 5741 4646 7980  0
3723 8384 3325 4393  0
7758 7857 8067 7658  0
5127 5110 5111 8336  0
2189 2222 4459 8333  0
8184 8347 6334 6319  0
7130 8067 8304 7199  0
7708 4116 4115 4576  0
7005 6998 6999 7862  0
6434 8024 6433 6420  0
2587 8437 2586 2623  0
937 8099 936 1170  0
6249 6266 8288 8290  0
7595 7594 7783 8081  0
2690 2658 2657 8437  0
6505 6506 6760 8101  0
3304 1989 3300 7701  0
5998 5975 5976 8177  0
4193 3853 4192 7961  0
889 910 7853 8431  0
4803 8370 5924 3537  0
7724 7773 7700 7911  0
4669 4670 4182 8085  0
2992 3938 3600 8352  0
6932 7806 8232 6958  0
1515 1126 1517 8001  0
5807 6723 5789 8360  0
7326 7396 7395 7795  0
846 847 8357 8431  0
7700 7773 8160 8192  0
635 931 932 7909  0
492 493 436 8077  0
3544 8370 7871 3545  0
7739 4142 7804 8053  0
6954 6955 6977 7905  0
8067 7658 7762 7758  0
7177 7242 7241 8014  0
341 7924 340 633  0
6235 6219 7815 8002  0
7432 7431 7362 7734  0
1576 1442 1441 8086  0
4969 4970 4981 8203  0
461 515 516 8234  0
7181 7182 7246 7936  0
5528 8110 5527 5505  0
2643 2642 7968 8074  0
2087 2088 4408 4422  0
5671 4596 5672 7808  0
1337 8210 1340 7669  0
5922 5921 5899 8350  0
1302 7687 1095 1303  0
7300 7231 7301 8071  0
7237 7307 7306 8320  0
1795 1808 1809 7824  0
7989 6332 8194 8347  0
2064 8173 2034 2063  0
8216 861 8125 860  0
2032 4385 3313 4040  0
7812 381 776 382  0
3313 2033 3314 4041  0
5957 7906 5979 7771  0
6970 6969 7828 8355  0
6471 6464 6472 8245  0
4710 8085 4669 4209  0
7144 8304 7682 7201  0
7822 7763 8038 8256  0
6879 8030 8230 8334  0
2225 2191 4461 2192  0
5233 5251 7931 8309  0
872 8174 512 893  0
546 8223 547 8077  0
2290 2328 4519 2327  0
7789 2948 7848 8109  0
6617 5713 6616 8355  0
1095 7687 8357 8167  0
7781 5843 5821 8039  0
848 847 869 8431  0
1308 1102 7738 7744  0
7349 7348 7952 7418  0
2766 2767 2734 7656  0
2219 4485 2254 2220  0
2031 4039 4384 3312  0
846 791 790 8357  0
7701 1953 8095 1954  0
2253 2218 4484 2219  0
2289 4500 4518 4501  0
4037 4038 4382 3310  0
6554 7708 6807 6553  0
7828 8163 8243 8355  0
4395 2057 4408 4394  0
7938 8289 1310 1511  0
2151 4452 2183 2184  0
8333 8430 2291 2292  0
4041 2032 3313 2033  0
2018 2001 2000 7709  0
8163 5713 8243 8355  0
6970 7828 8043 8355  0
2059 2030 4397 4398  0
4059 2087 4407 4422  0
2029 4383 4397 2030  0
2088 2058 2057 4409  0
2675 2674 2708 8188  0
1087 1088 1498 7784  0
3338 3732 4059 2086  0
2086 2057 2087 2056  0
2183 3350 4067 2150  0
1293 8146 8258 8261  0
3372 8332 3779 2326  0
5066 5052 5053 7971  0
7942 7727 7712 7652  0
4067 3738 3736 3350  0
4063 2119 4436 2150  0
7641 7615 7616 7879  0
3651 4907 6397 4280  0
3742 3361 4074 3747  0
1216 1000 999 7809  0
2288 4500 2253 2252  0
868 847 846 8431  0
1053 1263 7920 8181  0
6854 7708 8230 6853  0
7022 7954 8308 7585  0
2715 4807 4793 4792  0
5614 4539 7973 8328  0
4081 2288 4077 4500  0
7694 7719 8322 8411  0
2183 4452 3738 4071  0
4748 4747 4731 8429  0
3892 3530 4227 2744  0
3326 3726 4053 2026  0
6165 6146 6147 7935  0
1981 7858 7721 1964  0
5036 5050 5035 7991  0
6483 6466 6525 8410  0
4628 4625 4626 7903  0
8096 7776 7852 7953  0
3712 1918 8182 8309  0
8036 7732 7668 7735  0
6724 5824 5805 7781  0
7465 7395 7396 7795  0
7703 7633 7634 7608  0
6895 6871 6896 7880  0
1684 1683 7811 8275  0
3844 3473 8085 8315  0
7723 8118 854 872  0
8030 6879 6855 8334  0
2290 4501 2253 2289  0
5617 7973 5616 8414  0
6743 6819 6742 8180  0
5665 7837 7860 8050  0
629 7798 925 926  0
5795 7996 7985 5796  0
1180 1174 7678 8164  0
6653 6654 8083 8308  0
6528 8376 6485 8263  0
8417 7686 7801 8093  0
7703 7609 7634 7994  0
3058 3059 3044 7689  0
2767 2797 2768 7656  0
1076 1075 776 8176  0
5937 5913 5914 7656  0
5000 4988 7811 8275  0
5065 5064 7991 8255  0
3604 2992 8033 8352  0
8205 8068 8022 2434  0
7256 7325 7255 7795  0
5002 5014 5001 7811  0
5955 5933 7915 8189  0
6760 7092 6759 8101  0
2254 2219 2253 4485  0
4469 4485 4484 2219  0
7245 7181 7246 7936  0
5298 7675 7701 7933  0
4666 4667 4179 7950  0
7899 1052 7920 8181  0
5389 5388 5368 7709  0
3292 1936 1919 8095  0
3945 7876 8033 3608  0
6580 6579 7808 8145  0
7214 7215 7279 7995  0
5762 7879 8106 6702  0
4683 4684 4196 8215  0
8220 6692 8360 8335  0
4463 4064 4464 2227  0
1186 961 1185 7908  0
5744 5749 7946 8404  0
4494 2297 4509 4493  0
7872 1962 1945 7858  0
2255 2292 2256 8333  0
7876 3945 8033 6206  0
7325 7395 7394 7795  0
631 928 632 8066  0
2191 2225 4461 2224  0
2261 2260 4493 4477  0
4493 2297 4508 2296  0
2804 3546 3545 7871  0
959 1183 1184 7803  0
7954 8308 7728 7775  0
899 878 7885 8080  0
5155 8242 5172 8119  0
7668 7823 7775 7735  0
5381 5382 5402 7666  0
2109 2140 7891 8034  0
2290 2289 4518 4501  0
4491 2259 4475 4476  0
6675 8083 6674 6656  0
6588 6589 6844 7718  0
2222 2189 4459 2223  0
6678 5787 6677 7766  0
1307 1100 1101 7744  0
4500 4501 2253 4485  0
2289 4501 2253 4500  0
2294 8430 4505 2293  0
4685 4686 4198 8089  0
6684 8228 7048 7049  0
2254 4501 2253 2290  0
4442 2155 4457 4456  0
4523 2332 4506 4507  0
2298 2262 4494 4495  0
5054 5067 5053 7971  0
7876 6206 6224 6225  0
840 839 861 7784  0
5110 5094 5095 8336  0
8336 3700 3699 3256  0
3043 3058 3044 7689  0
5597 7799 7860 8268  0
7694 7812 7846 7821  0
8084 563 8093 8124  0
2333 4507 4508 2296  0
4364 4367 4366 4029  0
2735 2702 2734 8274  0
5265 5246 8055 8063  0
4507 2295 4491 4492  0
4495 4496 4072 4479  0
7821 4544 4098 4097  0
1268 8160 1269 7913  0
431 430 487 7827  0
5381 5402 5401 7666  0
4356 4359 4024 3273  0
535 7780 8151 534  0
1378 1379 1186 7908  0
428 427 484 7882  0
4479 4495 4494 2262  0
7932 6583 6584 5681  0
2296 2295 2333 4507  0
7283 7219 7674 7218  0
2264 2300 3362 4496  0
4797 4798 4812 8401  0
3792 8112 3793 4126  0
8010 8073 1832 8144  0
4969 4980 8203 4981  0
1318 1317 1111 7851  0
7819 2297 2334 4509  0
6537 5630 6538 8032  0
2294 2293 4505 2257  0
4491 4506 4490 2295  0
5166 5165 5149 7824  0
2804 2805 3546 7871  0
7522 7583 7521 7966  0
4507 2295 2333 2332  0
5382 5381 5361 7666  0
7066 7065 7777 8106  0
5799 5817 5816 8351  0
2225 4461 4462 2192  0
69 49 50 8361  0
7778 7630 8140 8220  0
7325 7394 7324 7795  0
7134 7222 7221 7820  0
5403 5425 5424 7666  0
3304 1989 7701 8287  0
7004 7003 7999 7046  0
1367 8197 7800 8080  0
3303 8287 3317 3304  0
8090 1798 1783 1784  0
1315 7963 1494 1493  0
1524 7838 8210 8367  0
7664 7971 5084 7981  0
4478 2228 4068 4479  0
3268 3267 7782 8158  0
3714 8368 3284 4366  0
444 445 380 7791  0
4513 4078 4530 8239  0
5407 7907 8138 8241  0
5865 5866 5890 8274  0
4111 4557 4110 8425  0
4494 2297 4493 2261  0
6501 6755 6500 8006  0
7007 7730 7008 6640  0
5355 5354 5334 8095  0
6256 6237 6257 8104  0
7548 8187 7703 7480  0
563 562 8084 8093  0
7457 7458 7525 7954  0
7460 7779 7528 7527  0
7860 7888 7964 8262  0
5108 5124 7692 8147  0
7968 2712 3529 8000  0
7788 6343 6358 7747  0
8127 6935 7718 7661  0
3398 3774 3397 7833  0
3921 8107 3918 3569  0
4591 4129 4592 8207  0
7393 7394 8161 8296  0
3820 8377 3445 3819  0
2594 2593 2629 8240  0
4029 4367 4366 3284  0
2296 2295 4492 2259  0
8074 5825 8302 6736  0
379 773 378 8193  0
4170 4169 4645 7969  0
3606 3610 3607 8185  0
6836 6799 6846 8282  0
1914 1930 1931 8269  0
7081 7143 7080 7682  0
2811 2810 2829 7714  0
7742 7777 7984 8187  0
1202 984 1201 8344  0
7494 7845 7979 7493  0
1165 931 1164 7830  0
5206 5189 5190 8242  0
4479 2263 4072 4495  0
2262 2263 3357 4479  0
7832 5568 8260 8281  0
4344 4347 4346 4018  0
5207 5208 5225 8389  0
1996 1995 7907 8136  0
5361 5341 5342 8136  0
5911 7771 7915 8172  0
2233 8037 2232 2268  0
4615 7739 7804 8232  0
5683 8282 6545 6585  0
1002 705 1001 7910  0
6688 7757 8007 8302  0
264 330 295 294  0
1047 1258 1257 8365  0
69 70 91 8361  0
6960 6936 6937 8127  0
5098 5099 5114 7697  0
3018 7815 7970 8299  0
638 295 568 330  0
7523 7522 8303 8308  0
6652 6653 7775 8308  0
6877 6852 6853 8433  0
7912 8264 8179 7759  0
2397 7738 2399 8425  0
343 342 635 323  0
7909 323 401 324  0
7584 7020 7583 8308  0
7019 7020 6652 8308  0
7105 7847 6776 7106  0
2444 2443 3446 8079  0
758 1058 1057 7844  0
659 658 705 7910  0
7729 7813 7886 8165  0
7191 7190 7122 8256  0
1812 1826 1813 8119  0
6254 6271 6253 7689  0
2581 2545 2544 8429  0
1173 1172 1368 8080  0
1454 7852 8331 2313  0
6939 6940 6962 8213  0
6279 8382 8432 8358  0
6882 6859 6843 7718  0
4083 4574 4532 7722  0
3684 1674 3226 7811  0
7430 7360 7361 7734  0
8185 4265 4870 3605  0
7879 7777 8103 8106  0
2072 2071 2103 7760  0
5041 5040 5027 8244  0
2335 2375 2336 7819  0
7869 515 460 8234  0
1554 1555 1371 7854  0
2832 2852 2853 7906  0
5769 4682 8122 8215  0
7034 7035 7050 8228  0
8001 1123 812 8392  0
539 485 484 7882  0
2906 8420 2907 2889  0
7936 7314 8025 8303  0
2310 1451 2311 8096  0
4677 5764 7737 8103  0
3075 3059 3074 7689  0
8014 7108 8029 8268  0
3771 3772 8076 8261  0
5858 8295 8240 5859  0
1185 7803 1184 7908  0
2308 2307 7943 7977  0
7662 8062 8089 8215  0
1187 963 962 7908  0
6844 6589 6845 7718  0
1208 991 1207 7886  0
7677 8014 8029 8268  0
6122 6143 6121 8105  0
1189 1188 1381 7740  0
7136 6856 6810 8292  0
7883 1683 7811 1694  0
4762 2616 4746 8429  0
6637 7806 7999 7004  0
7440 7371 7441 7955  0
5172 5189 5188 8242  0
1265 1055 1266 8181  0
6817 6816 6740 7711  0
1373 7678 8079 8164  0
7677 7720 7728 7729  0
7779 7668 7954 7998  0
7924 341 340 321  0
7694 7676 7750 7801  0
1540 7810 1537 1536  0
3154 7659 3155 3141  0
7066 7777 7879 8106  0
1831 1830 1846 8010  0
4666 7946 7950 7980  0
7700 8263 7913 7822  0
184 214 185 8130  0
1152 1151 7669 8392  0
8358 6244 6243 6261  0
2491 8152 7717 2492  0
5354 5333 5334 8095  0
5225 5243 8293 8389  0
5382 5383 5403 7666  0
2538 2539 1603 7759  0
7655 7838 8108 8367  0
4176 7800 3836 4175  0
4117 8162 4118 4578  0
7293 7225 6857 8004  0
7977 2306 8037 8154  0
930 7830 1164 931  0
7824 1823 7918 8005  0
7720 7677 7799 7889  0
7666 1993 7680 8136  0
7552 7484 7485 7984  0
5112 5127 5111 8150  0
3151 3162 3163 8254  0
841 842 787 8321  0
3601 3602 8082 3607  0
7102 6773 7103 7755  0
5627 5628 6510 8076  0
5584 5605 5604 7977  0
6127 6108 7673 8341  0
7561 7493 7494 7979  0
4377 4388 3302 5354  0
7649 7648 7623 7979  0
6622 6985 6986 7850  0
2903 2922 2904 7967  0
5263 5245 5264 8227  0
6424 8045 6411 6412  0
2519 2518 2557 7985  0
7874 1312 7963 1106  0
5862 5886 5861 8134  0
7808 4598 7875 4597  0
7081 6749 7082 7682  0
4195 3855 4194 8301  0
1153 8001 8206 8021  0
6379 7659 8194 8229  0
5433 8139 7891 8065  0
4118 4117 3784 8314  0
2307 7943 7977 8266  0
7761 7304 7983 8320  0
3305 2025 4044 8224  0
100 90 102 8361  0
5323 5324 5343 8356  0
5617 8414 5616 4541  0
5318 5300 5319 7675  0
5369 5350 5370 8374  0
2533 2532 2570 7982  0
4103 7653 8076 4550  0
7750 7676 7859 8363  0
2275 7852 2274 2312  0
3631 8432 7752 8382  0
6832 6865 8145 8379  0
6823 6747 7079 7724  0
964 1188 1189 7740  0
1204 8391 987 7807  0
2245 8217 2211 7959  0
3298 4376 3302 4377  0
774 7791 8193 379  0
7709 5369 5368 8139  0
4567 7932 4568 5637  0
7974 1578 2504 2503  0
2482 1581 2481 8364  0
7735 7728 8036 7775  0
1674 1673 1685 7811  0
7050 7757 6686 8228  0
1041 742 1042 8153  0
3110 3123 3124 8300  0
3180 3167 3179 8024  0
8213 8075 7810 7881  0
4392 4051 4391 4388  0
7096 7095 6763 7653  0
5099 5084 7664 7697  0
1813 1826 1827 8119  0
436 493 437 8077  0
3302 4376 3720 4048  0
7690 2926 2943 2925  0
3841 3467 3840 7950  0
2822 2840 3561 8120  0
7094 7095 7157 7653  0
662 661 708 8047  0
7799 3377 3755 3756  0
6828 6861 6827 8247  0
2286 2285 2323 7836  0
7943 7948 8266 8365  0
7766 6660 6678 8091  0
3200 3199 1625 8270  0
1757 1745 8171 8016  0
1046 1257 8266 8365  0
7048 8081 6683 7047  0
5418 4389 3723 8196  0
2022 8139 2021 2051  0
2445 2444 3447 8079  0
1375 7803 1183 8164  0
4029 3284 3711 4364  0
6283 6299 6298 8249  0
3251 3247 1761 8279  0
1285 7887 1286 2354  0
7083 7084 7146 7900  0
169 197 196 8130  0
5805 6712 6713 7781  0
6320 6335 6334 8184  0
1843 1828 1827 8242  0
7305 7236 7306 8320  0
5005 5004 7715 8326  0
744 1043 743 8008  0
6091 6090 6070 8054  0
3270 3266 3706 3267  0
4024 4359 3709 3273  0
7954 7022 8308 8083  0
7746 4223 3880 4759  0
5648 5649 6555 8162  0
924 7798 8021 1154  0
5993 5992 5970 7871  0
8432 4269 4880 3621  0
4120 3786 3787 8088  0
7156 7916 7213 7155  0
7428 7427 7358 7765  0
5403 5383 5404 7666  0
806 1100 1099 8251  0
7964 7860 8262 8378  0
7673 2975 7690 8352  0
5093 5108 5092 8279  0
1948 1949 1932 7721  0
7816 3486 8062 8301  0
2774 2773 8120 8188  0
1863 1864 1848 8073  0
5348 5347 5328 7721  0
4464 2228 4068 4478  0
8005 1822 1823 1837  0
2837 2819 2818 7919  0
5625 6508 6507 7653  0
6266 6283 6265 8288  0
5367 8138 5366 5347  0
8212 8135 2873 2892  0
6950 7850 8043 8278  0
1683 7883 1671 1682  0
5071 5057 5058 7981  0
706 707 660 8231  0
8289 7938 1487 1511  0
2491 8152 8131 7717  0
1251 1478 1041 8371  0
7751 1141 7868 7939  0
2623 2658 2659 8437  0
7705 2551 4700 4699  0
3280 4364 3711 3281  0
2729 2728 2762 8189  0
6546 6800 6799 8282  0
454 453 510 8124  0
6663 5773 5772 8089  0
4448 4447 4060 2193  0
4635 4159 4634 7688  0
4064 2195 3351 4464  0
2264 4496 4072 2263  0
3121 3107 3120 8194  0
1745 1746 7940 8016  0
2791 2812 2792 8189  0
7825 4310 4309 4938  0
942 7803 959 943  0
5251 5250 7931 8309  0
2494 2495 1618 8419  0
4026 4362 3277 4359  0
5616 6499 7973 8006  0
6839 7164 7163 8004  0
7195 7196 7260 7663  0
1363 8099 8022 1364  0
7684 7762 8140 8220  0
8370 5925 5924 5947  0
7060 7061 6696 7896  0
2019 2002 2001 7709  0
3640 3124 3135 7756  0
3280 8126 3281 3277  0
4709 4710 7699 8335  0
1507 1508 2403 8233  0
7730 4645 7969 7980  0
2072 2042 2071 7760  0
7434 6982 7710 7942  0
2662 2627 8142 8240  0
2045 2044 8241 8422  0
402 7830 825 401  0
2793 8189 7906 7771  0
7698 7712 7687 7853  0
1155 957 1176 8116  0
8431 7839 7712 8357  0
7877 734 1098 1033  0
2071 2102 2103 7760  0
5447 5426 5448 7760  0
3790 4124 4123 8141  0
2425 3443 3441 7878  0
3362 2300 4075 4496  0
6900 6876 6901 8013  0
5426 5404 7760 8291  0
4028 3280 3710 4361  0
1643 1644 1634 8209  0
6358 6343 6359 7747  0
6711 6710 7075 8215  0
5785 6676 5786 8102  0
7698 7877 8061 8112  0
5404 5427 5426 7760  0
5346 5326 7721 7858  0
3711 4029 3714 3284  0
5142 5158 5141 8144  0
4107 4553 4106 8076  0
2073 2104 2105 7760  0
1405 1213 1404 7732  0
1609 7925 1608 7997  0
4090 3379 3757 8214  0
2201 8154 7831 7978  0
6000 5977 5978 7714  0
6577 5670 6578 8247  0
874 7723 855 873  0
4513 4529 4512 8239  0
1618 1619 1435 8419  0
4448 2193 2161 2194  0
885 886 865 7839  0
4324 5016 5003 7725  0
1376 7803 1375 8079  0
4530 4078 4531 8239  0
8366 5319 7680 5320  0
5299 5300 5318 7675  0
3246 3249 3250 8255  0
7158 7159 7216 7653  0
6773 6516 7923 8369  0
5998 6021 6020 8294  0
1800 1787 1786 7692  0
6334 8194 8347 8300  0
6863 6887 6862 8247  0
8158 8150 4352 5144  0
7791 555 7719 554  0
6572 6571 6525 8410  0
2910 2892 2909 8054  0
7150 7087 7088 8006  0
4342 8336 5094 4344  0
2382 3404 8113 8314  0
5115 7824 5116 5131  0
4058 4419 3328 4420  0
2082 7893 2081 2113  0
7104 7755 7923 8100  0
3591 3594 3595 8372  0
5043 7981 5057 5042  0
4953 4965 4952 8270  0
7276 7834 7277 7346  0
3079 3078 3092 7884  0
7175 7239 7174 8100  0
720 7925 1016 1017  0
1293 2362 8146 8261  0
2862 2844 2843 8218  0
2810 2828 7714 8177  0
3340 4449 3346 4450  0
4529 4528 4512 8239  0
6230 6212 6213 7901  0
3823 8092 4163 3824  0
5528 5505 5506 8283  0
6750 7082 6749 7682  0
2389 2388 1303 7687  0
7735 1586 8115 8168  0
8419 1434 1617 8152  0
3100 3636 3101 8400  0
8302 6689 6690 8007  0
7148 7147 7085 7900  0
2872 2892 2873 8135  0
6428 8045 6415 7895  0
7735 7766 7668 7823  0
3395 3771 3394 8261  0
1357 7810 1536 7835  0
6660 7766 6678 6659  0
5474 5475 5497 8034  0
2961 2943 2942 7690  0
5736 6635 8238 8338  0
5604 8170 6479 6478  0
1639 1630 1638 8346  0
2467 8068 7705 2468  0
1138 8385 1343 1341  0
1127 1125 813 8001  0
1153 1154 8021 8206  0
2837 8175 2819 7919  0
5556 4482 5575 7836  0
5129 5130 5146 8158  0
5069 5068 5055 7971  0
3400 7731 3776 3399  0
5265 8227 8055 5264  0
7374 7444 7983 8320  0
7901 6248 8082 8288  0
3457 8078 7980 8324  0
5750 5751 8311 8404  0
3730 4419 3334 3328  0
2583 4732 4731 8429  0
4695 4694 4652 8310  0
8257 7537 7598 7599  0
3160 3149 3148 8254  0
6214 6195 7736 8252  0
6772 6773 7755 8369  0
7277 7213 7995 7916  0
7366 7436 7435 7942  0
379 7791 8193 8198  0
7858 1946 8055 8269  0
756 361 362 7917  0
3025 3011 3010 7901  0
5096 8150 5112 8336  0
7884 3064 8382 8358  0
5661 5662 7923 8434  0
2270 2235 8154 8323  0
240 8130 223 241  0
2048 2019 7709 8065  0
2271 2308 8096 8323  0
2247 2246 2282 8217  0
5750 4707 4668 8311  0
2798 2799 2769 8175  0
2522 2560 2523 8115  0
5856 5857 5882 8142  0
3651 6397 8190 4901  0
8035 1680 1679 7841  0
536 8151 481 535  0
3087 3101 3632 8400  0
4404 4417 8349 8443  0
5591 6492 6474 7702  0
7693 5443 5442 8348  0
7815 3015 3029 8002  0
7421 7845 7422 8286  0
1528 2417 1529 7838  0
5234 5235 5253 8126  0
6231 6230 6213 7901  0
4533 4085 4086 8427  0
6905 7739 8232 7363  0
2628 2593 2592 8240  0
3134 3133 3147 8300  0
3527 5879 3528 4788  0
6049 6027 7919 8135  0
2662 2628 2627 8240  0
225 8130 241 224  0
1153 8001 8021 8392  0
5357 5356 7701 8287  0
1772 1759 8016 8279  0
6305 6306 6322 8400  0
6258 6259 6276 7970  0
4465 5486 3346 4449  0
3867 3871 3501 8311  0
5546 5570 7832 8098  0
7900 7973 8317 8328  0
3088 3075 3074 8400  0
7790 7726 8053 8207  0
7872 8055 8383 8407  0
4486 4485 4470 8333  0
2456 7863 8324 7980  0
2618 2653 2654 8429  0
7800 3463 3462 2441  0
4434 4061 3733 4065  0
2428 2423 2422 8276  0
746 1045 745 7948  0
4502 4501 4486 8333  0
4730 4729 4713 8429  0
1607 2484 1608 7925  0
568 638 935 8388  0
1647 1648 1638 8346  0
4457 4470 4456 8333  0
3222 4319 3682 8275  0
6480 6566 6479 7988  0
8147 5093 4340 8279  0
917 7751 1155 918  0
2902 2884 2901 7967  0
7700 7702 7805 8180  0
5193 5210 8010 8059  0
3648 3135 3134 8300  0
5959 5937 7656 8319  0
1384 8078 7941 1383  0
1007 7713 1223 8179  0
8039 7767 7781 2601  0
3363 3358 4497 3364  0
4126 8112 3793 4127  0
8195 7753 7784 8113  0
745 744 350 8415  0
4748 4764 4747 8429  0
6805 6851 6804 8433  0
3743 4076 4497 3363  0
1008 7713 711 1007  0
5297 5278 5298 7933  0
8219 7653 5624 8101  0
7973 8214 8317 8328  0
7853 7869 7698 7941  0
7125 7124 7711 8038  0
5972 5995 5994 7871  0
2235 2270 2271 8323  0
7257 7763 8038 7327  0
962 8248 7908 963  0
6014 6035 6034 8386  0
809 391 810 8392  0
4497 3739 4498 3358  0
989 7813 8165 990  0
4495 7819 4511 4510  0
7494 8155 7845 7425  0
5515 5514 5491 7978  0
2283 2282 8192 8217  0
6424 6437 6436 8305  0
1909 1908 1926 8227  0
3578 3924 3583 8297  0
492 8040 8077 491  0
5490 5468 7956 5489  0
3134 3147 3648 8300  0
7983 7301 7914 8071  0
4471 4470 4457 8333  0
774 7791 379 380  0
5564 5584 5583 8323  0
5305 5304 8055 8356  0
4153 4155 3816 7903  0
6975 6974 6952 7850  0
5230 5213 7931 8059  0
6484 6468 6485 8031  0
1549 1550 7678 7800  0
7497 7564 7496 8155  0
6975 6952 7696 7850  0
7150 7742 7208 7945  0
7623 7622 7561 7979  0
6323 6322 6306 8400  0
7676 8084 8363 8093  0
3420 3422 7772 8337  0
6460 8263 6469 6468  0
5414 7891 8196 5436  0
982 983 7965 8044  0
1425 1426 1234 7997  0
5938 5960 5959 8319  0
5984 5983 5961 8319  0
7698 8042 8141 7914  0
4936 4937 4947 8346  0
4257 8372 3585 8297  0
1417 7759 7912 8179  0
7478 7703 8027 7479  0
5540 5563 5539 8323  0
4286 3977 4285 7840  0
4208 4181 4707 8311  0
2978 2962 3595 8252  0
2877 2878 3572 8386  0
7327 7258 7328 8038  0
5514 5515 5537 7978  0
4208 3871 3867 8311  0
1569 1570 1391 8044  0
7802 768 769 374  0
2639 2674 7864 8026  0
1348 7838 1527 1528  0
2344 1443 7964 8378  0
2383 1298 2384 8314  0
1248 1031 1030 8028  0
3867 3842 4208 8311  0
7386 7316 7317 7998  0
4625 4623 5702 7903  0
5434 8139 5412 7891  0
2375 8277 2376 7819  0
4707 4181 4668 8311  0
5788 7766 7767 7861  0
8391 644 690 8149  0
5959 7771 5936 5937  0
5564 5583 5563 8323  0
5564 5541 5565 8323  0
3571 3572 3568 8386  0
5775 7764 5776 8426  0
2382 1296 2383 8314  0
1250 1249 1441 8086  0
7655 1516 3420 8337  0
2341 2344 2342 8378  0
2074 8422 2046 2045  0
1389 1567 1568 8324  0
828 1105 826 7874  0
3627 3626 3089 8382  0
3582 3585 3583 8297  0
7388 7998 8046 7458  0
3576 2877 3571 8386  0
6351 6352 6367 8300  0
6367 6366 6351 8300  0
4009 8326 4328 4331  0
2695 2728 8295 8373  0
954 977 955 8412  0
4458 4471 4457 8333  0
896 895 917 7723  0
6323 6306 6307 8400  0
4763 2617 2652 2616  0
8391 1204 987 988  0
7314 7315 7384 8303  0
1538 1372 1556 7878  0
4648 5748 4649 7999  0
4750 2657 2656 2621  0
3404 2382 2383 8314  0
6485 6484 8031 8263  0
30 31 48 8361  0
4306 4937 4936 8346  0
1649 1639 1648 8346  0
5081 8255 5095 5080  0
2290 2291 2254 8333  0
4947 4958 4946 8346  0
2322 1463 2323 7911  0
1013 1230 1014 8012  0
6327 6326 6311 7752  0
2573 2536 8264 8343  0
1608 1424 1607 7925  0
1747 1748 8016 8279  0
82 81 105 8361  0
4947 4948 4959 8346  0
2616 2617 2580 8429  0
843 7839 844 8321  0
6153 7690 4867 6152  0
145 8393 144 121  0
8171 1757 1770 1756  0
2563 8318 2598 7861  0
2308 2271 2270 8323  0
4729 4712 4713 8429  0
5593 7679 5594 5610  0
3205 1630 1631 8346  0
2546 2582 2583 8429  0
7167 7232 7231 7914  0
3003 3019 7876 8299  0
5509 4465 5486 8406  0
1538 2425 2419 7878  0
8237 1619 2495 8419  0
7439 7506 7438 7862  0
1702 1691 1690 8035  0
4126 4586 4125 8042  0
3352 3347 3346 8406  0
3623 3626 3627 8382  0
60 79 81 8361  0
2578 3511 2579 8058  0
5095 5096 8255 5081  0
4935 4305 4936 8346  0
4729 4746 4745 8429  0
3206 1631 1632 8346  0
7956 5466 8291 8348  0
3088 3628 3075 8400  0
3631 3634 3635 7752  0
8366 7872 8383 8407  0
5142 5159 5158 8144  0
955 915 914 8412  0
55 58 39 8361  0
6516 6772 6515 8369  0
6752 7085 7084 7900  0
6682 6714 6681 8020  0
7708 7921 8195 8433  0
1144 1344 1149 7669  0
6471 6470 6462 8245  0
1881 8059 1880 1896  0
7170 7235 7234 7761  0
7653 7676 7845 8312  0
3124 8184 7756 3111  0
7772 7962 7661 7718  0
3122 3108 3121 8347  0
1042 743 8008 8153  0
7873 7182 7936 8060  0
7434 7435 6982 7942  0
1462 2321 1461 8192  0
8248 7803 961 7908  0
1769 1784 1770 8090  0
6259 6241 6260 7970  0
5763 7879 5764 8103  0
538 595 539 7882  0
784 804 785 8118  0
8427 3752 3374 8117  0
5185 5168 5169 7918  0
959 1183 7803 8164  0
7721 5346 7858 8138  0
6295 6294 6279 8432  0
6487 6488 7805 8245  0
5657 6512 5656 8042  0
2945 8109 8297 8372  0
7834 7415 8169 7984  0
3673 3672 3983 7895  0
2827 2828 8177 8294  0
1759 1747 8016 8279  0
7457 7387 7388 7998  0
1327 7929 7938 8202  0
3823 3448 3822 8285  0
1880 1881 1865 7931  0
6578 7808 6579 8247  0
2856 2855 2874 7919  0
434 370 369 7992  0
2505 2506 2462 8310  0
5086 7664 7981 8171  0
1444 1253 1254 8008  0
7876 3019 7970 8299  0
7688 3821 8079 8285  0
4339 3245 3697 3244  0
5942 5941 5918 8428  0
1849 1834 1833 8073  0
4968 8203 4980 7715  0
5485 5484 4421 8110  0
4658 8163 5718 5719  0
1327 7929 8202 8329  0
4691 5746 4648 8128  0
6065 6066 6086 7967  0
2166 2167 2135 7978  0
6467 6526 6466 8410  0
7982 8020 7745 7867  0
4429 2125 8349 2156  0
6464 5572 6465 8408  0
7593 7029 7592 8081  0
2817 2816 2835 8319  0
5612 5611 5594 7679  0
1648 7841 1647 1658  0
8435 3543 3536 3896  0
3572 7672 2878 2860  0
1261 1051 7920 7960  0
155 183 156 8393  0
5487 5488 5510 7956  0
5308 5307 5288 8269  0
1472 1470 1037 8097  0
7888 2197 2196 7956  0
7977 8037 5562 8154  0
2319 7913 2318 1459  0
572 641 573 7965  0
8048 2175 7893 8023  0
1914 1915 1898 7931  0
1898 1882 1897 7931  0
1229 1421 8012 8094  0
3429 8053 3804 3427  0
1296 1297 2383 8314  0
7766 6679 6678 5788  0
4418 4417 4054 8443  0
355 356 750 7787  0
7878 7751 7939 7854  0
2165 2199 2166 7978  0
7560 7492 7493 7979  0
76 100 79 8361  0
8035 1688 8326 8203  0
5615 5616 6498 7973  0
1391 1390 1569 8044  0
6165 6164 6146 7935  0
79 60 58 8361  0
7364 7942 7365 7434  0
5604 8170 5603 7977  0
4940 4952 4951 8270  0
7712 7667 7803 8285  0
7798 7929 8066 8329  0
7500 7567 7499 8298  0
7041 7042 6666 7764  0
5556 5574 5555 7836  0
3409 2387 7687 8088  0
1569 1568 2457 8044  0
7852 8191 8331 8410  0
5569 8031 5570 5590  0
2442 2443 1552 7678  0
2047 2046 2075 8241  0
7765 7764 7897 8155  0
7052 7757 6687 7051  0
2198 2197 2232 7978  0
2979 2980 2963 8252  0
8076 7686 8146 8261  0
7004 6637 6636 7999  0
5604 5583 5584 7977  0
8361 123 102 81  0
2921 2902 2920 7967  0
5780 5781 5795 7985  0
2557 2518 3503 7985  0
7754 7763 7822 8256  0
3363 3358 3739 4076  0
6658 7766 7823 8409  0
4720 8225 4702 2553  0
3187 7792 7840 3177  0
3727 4405 3328 3323  0
2167 2135 7978 7986  0
7169 7101 7170 7761  0
7725 4007 4005 4324  0
7485 7553 7552 7984  0
3479 8152 3480 2492  0
640 639 970 8070  0
3064 7884 3065 8358  0
2254 4486 4485 4501  0
5353 5352 5332 8200  0
7081 7144 7143 7682  0
5592 5593 5610 7934  0
5268 5249 5250 7931  0
5250 5232 5233 7931  0
4964 4952 4965 8270  0
7767 2599 7660 7861  0
3359 3364 3365 7888  0
7683 7867 8081 8091  0
6838 7098 7141 7914  0
8150 3702 4019 3259  0
7663 6820 8132 8180  0
7698 7983 7761 7914  0
535 8231 8151 591  0
4534 5662 4533 8434  0
1099 1086 1085 8251  0
2317 2280 2279 7926  0
7665 8195 8216 7851  0
1367 1172 1171 8080  0
6959 6602 7806 8232  0
1574 1395 1573 7807  0
8347 3097 3110 3109  0
2437 2473 8197 8205  0
2583 2619 2620 8429  0
6307 6324 6323 8400  0
5533 5557 4498 8406  0
8216 7665 7885 8080  0
1419 1228 7912 8094  0
6459 7959 8031 8098  0
5633 6541 5632 7829  0
3483 7961 3482 3854  0
6327 6311 6312 8382  0
3352 3358 3359 8406  0
1513 7655 1515 1516  0
3090 3091 3077 8382  0
6853 6806 7708 8433  0
3822 4161 4162 8285  0
2873 2855 2854 8135  0
3617 3614 3613 8358  0
6312 6313 6328 8382  0
2580 2617 2581 8429  0
351 352 746 7948  0
6281 6297 6280 8358  0
1017 721 7796 8166  0
8010 5193 8059 8073  0
3389 2358 3390 8049  0
7692 5108 8147 8279  0
3717 4370 3293 8200  0
5566 5585 5565 8323  0
4946 4935 4936 8346  0
68 100 76 8361  0
1736 1749 1737 8255  0
2271 8096 2309 2272  0
4064 4448 3345 2194  0
2944 3592 3931 8265  0
1631 1639 1640 8346  0
1648 1639 1638 8346  0
6806 7708 6552 6553  0
6975 7696 6987 7850  0
6307 6306 6291 8400  0
7126 7194 7125 8038  0
800 8234 799 406  0
3623 3627 3063 8382  0
2545 2582 2546 8429  0
6272 6273 6290 8400  0
4470 4471 4486 8333  0
6290 6306 6305 8400  0
3077 7884 3064 8382  0
2652 2653 2617 8429  0
6290 6273 6291 8400  0
4746 4763 4762 8429  0
1780 7664 7697 7824  0
5206 5223 5205 8293  0
4764 4763 4747 8429  0
1768 8171 1769 1755  0
6849 6802 7921 7951  0
2732 2700 2699 7915  0
7439 7370 7955 8071  0
6597 7718 6595 6859  0
6875 8013 6899 8278  0
4728 4729 4745 8429  0
7679 7911 8317 7724  0
7859 1435 8237 8419  0
6859 6882 6908 7718  0
6142 6141 7789 7848  0
978 1193 1194 8116  0
956 979 8116 8412  0
7903 8108 7774 8353  0
6788 6787 6568 7953  0
7169 7234 7233 7761  0
2959 2975 2976 7690  0
6875 6851 6876 8433  0
2633 8051 2632 8172  0
6853 7708 8230 8433  0
4635 5730 5731 7688  0
2388 3409 2387 7687  0
5443 5422 5423 8348  0
3093 3094 3080 7989  0
3358 3364 3359 8406  0
2583 2547 2546 8429  0
938 1172 1173 8080  0
3183 3192 7895 8045  0
7235 8320 7304 7761  0
4634 5729 5730 7688  0
961 7803 945 944  0
8136 8356 8407 5343  0
4605 4133 4600 7962  0
3250 3249 3254 8255  0
8381 7415 7834 7984  0
5542 8260 8323 7831  0
2388 2387 1302 7687  0
8082 6192 6193 8339  0
1265 1266 7944 8181  0
1434 1435 1243 7859  0
8374 5329 7721 5348  0
7663 7763 7769 8038  0
6459 8263 8031 7959  0
8030 7712 7942 7667  0
6399 6412 6411 8190  0
8251 7686 8261 8118  0
6525 8191 8410 6571  0
7177 7242 8014 8029  0
6248 6247 8082 8288  0
3376 1475 1477 8097  0
8065 8138 7709 8241  0
5758 8085 4671 4670  0
6784 7113 6783 7873  0
7319 7250 7320 8399  0
7189 7253 7188 8123  0
2114 2113 7893 8196  0
2944 3931 3588 8265  0
6683 6714 6682 8020  0
6004 6005 7919 8319  0
4642 7969 4167 8238  0
5439 5438 8196 8384  0
7743 8379 8145 7881  0
5385 5386 5407 8138  0
1507 2403 2402 8233  0
759 7827 365 760  0
8067 7197 7262 7198  0
4171 4648 7999 8019  0
8017 3759 7973 8416  0
677 676 723 8166  0
1443 2343 1253 8378  0
6074 6093 6073 8212  0
7803 961 960 944  0
892 913 570 7869  0
2265 2266 2230 7888  0
3755 4087 3754 8041  0
7836 8157 8217 8408  0
5575 5592 7836 7934  0
1562 2450 2451 7740  0
7354 7424 7423 7845  0
2875 8148 7919 8212  0
1903 1887 7865 7933  0
1878 8063 1894 8059  0
6716 6725 6715 8253  0
1534 7774 8276 8313  0
8277 2375 2376 1491  0
5926 5947 5925 8370  0
3277 4361 3710 3280  0
6685 6716 6684 8253  0
3651 6397 4901 4280  0
7108 7177 8014 8029  0
2309 2310 2272 8096  0
7776 8096 7988 7953  0
8162 3785 8088 8314  0
1384 1389 1197 8324  0
5128 5144 5127 8150  0
393 316 394 8021  0
3382 3383 3759 8416  0
3728 8384 4406 3331  0
2581 2582 2545 8429  0
3632 3088 3087 8400  0
8068 8163 7975 7705  0
5238 5220 7865 8015  0
5630 7826 6539 8032  0
3233 1710 4007 7725  0
4262 4264 4867 7690  0
3459 2460 3458 8019  0
1569 2457 1570 8044  0
5576 5592 5575 7934  0
1061 761 762 7773  0
2304 2303 1444 7964  0
392 393 811 8021  0
8173 2064 4387 8349  0
1667 1679 7841 8203  0
2379 1495 2380 7722  0
7793 7201 7202 8304  0
3399 3775 3398 7731  0
3371 3379 4080 7934  0
6204 6205 6223 7876  0
1938 1922 1921 7933  0
7808 7743 8145 8247  0
7638 7777 7637 7612  0
2775 3899 3540 8350  0
3298 4377 3302 3303  0
272 244 243 8439  0
6761 7094 7093 8101  0
1215 7732 7748 7809  0
2862 7672 7890 8218  0
852 851 459 7898  0
2309 7943 8096 2308  0
4589 8042 8112 8369  0
8044 7863 8070 8324  0
5554 5573 5572 8408  0
5553 5530 5531 8408  0
274 244 273 8439  0
7772 7661 7655 8127  0
5185 5184 5168 8005  0
7534 7595 7533 7783  0
2160 4447 2192 2193  0
7124 7711 8038 8256  0
2550 7705 2510 8440  0
4024 4026 3709 4359  0
3273 7782 4359 3274  0
3284 4029 3714 4366  0
1852 7782 8005 1837  0
7419 7349 7350 8312  0
7422 7352 7845 8312  0
7882 7754 7917 8151  0
7993 7251 8046 8296  0
8392 8206 1152 1153  0
3082 3083 8290 8347  0
7782 3273 4359 5197  0
5078 4339 3248 4342  0
543 542 7857 7992  0
8117 7949 8427 8112  0
1465 2324 1464 7911  0
1851 1852 7782 8126  0
1388 1195 1387 8156  0
6562 7873 6563 6782  0
75 96 74 8133  0
6905 7739 7363 6880  0
8405 3520 3521 8142  0
7877 3414 8112 8117  0
6064 6043 7967 8294  0
4354 8158 5162 5179  0
1100 7731 1307 1306  0
1616 2493 1617 8152  0
7739 6880 6881 6858  0
3480 3481 2493 8152  0
5571 7959 5548 6459  0
1497 1319 1499 8195  0
2130 7956 8291 8348  0
6609 5703 6608 8127  0
4529 4570 4528 8239  0
6257 6237 7970 8104  0
639 7869 952 8070  0
7190 7121 7122 8256  0
758 759 1058 7844  0
3371 3745 2325 7934  0
5551 5552 6464 8408  0
4966 8209 4953 4954  0
7036 7051 7035 8257  0
1405 7735 7748 7732  0
6956 8230 6930 7710  0
7821 3763 4096 4097  0
8383 1910 1928 1927  0
7863 7965 8044 8070  0
7683 7795 7763 7754  0
6119 8109 6118 7789  0
4013 3251 3255 1775  0
2038 7666 7693 2068  0
7184 7115 7116 8060  0
61 83 62 8361  0
2064 2035 4387 8349  0
6024 6001 7906 8064  0
3336 3330 3329 7693  0
2035 2064 2065 8349  0
3081 3082 8249 8347  0
1914 1913 8269 7931  0
6064 7890 6041 8294  0
7819 7932 8277 8380  0
8215 8062 4196 8301  0
1329 1327 820 7929  0
7714 2831 7906 8064  0
6263 8288 8358 8185  0
3066 3052 3051 8288  0
2197 7888 2196 2231  0
2930 2947 2948 8109  0
5304 5305 5323 8356  0
420 477 421 7787  0
3340 3341 3335 8348  0
757 362 7844 7917  0
2696 2728 2729 8295  0
1173 1368 7678 8080  0
6971 6948 6949 8043  0
5782 5781 6672 7985  0
6648 6647 7015 7866  0
4961 4960 4949 7825  0
4604 5674 4599 8199  0
8318 2633 2598 7660  0
2337 2299 2336 7819  0
2743 8188 8000 2710  0
4163 4639 4164 8092  0
2319 2281 7926 8192  0
2857 2836 2856 7919  0
1650 1660 1661 7825  0
7606 7605 7544 7778  0
1040 741 1041 8371  0
6110 8341 6109 6089  0
8194 3145 3144 3131  0
2160 4433 3339 8443  0
394 8436 316 317  0
7314 7384 8025 8303  0
2291 2290 4502 8333  0
5897 5896 5872 8188  0
7466 7533 7465 7783  0
5932 5953 5931 8189  0
2710 2709 2742 8188  0
7466 7763 7467 7783  0
3863 3864 7892 8128  0
5964 8107 5963 8120  0
7702 6492 7724 7934  0
6106 6105 6085 7967  0
1090 1298 1297 8321  0
4651 4694 4693 8310  0
2154 4440 4441 8354  0
7941 7863 8078 8324  0
969 968 981 8070  0
349 8153 8415 743  0
1450 2309 7960 8096  0
773 1072 772 8193  0
2271 8096 2272 8323  0
7681 7755 7923 8369  0
7606 7607 7632 7778  0
2523 7735 2524 1588  0
5121 5105 7692 8016  0
7600 7758 7539 7601  0
764 1063 763 7947  0
2524 2523 2561 8115  0
7746 8343 2612 2611  0
3104 3091 3103 7884  0
459 892 514 7869  0
1714 1725 1726 7957  0
7435 7436 7504 7942  0
2850 2831 7714 8064  0
3335 3336 3329 7693  0
1797 1810 1811 7918  0
8235 2915 2916 7789  0
7909 345 638 637  0
6163 8299 7935 6184  0
3157 3144 7659 8229  0
992 7813 7886 8036  0
7304 7305 7374 8320  0
661 707 8047 8231  0
6754 6755 7087 8006  0
663 7713 710 664  0
1047 1046 747 8365  0
3125 3113 3643 7788  0
4358 5232 5214 7931  0
7657 7667 7688 8079  0
6846 7880 8282 7951  0
7711 8191 8256 8376  0
531 587 588 7786  0
4651 4693 4650 8310  0
7768 8290 3084 8184  0
5670 7743 8137 7808  0
7376 7446 7445 8320  0
5441 5419 5420 7693  0
4405 4420 3328 7693  0
5410 5432 5431 8065  0
6024 6025 6046 8064  0
5196 7931 4355 5213  0
7837 7873 7943 8170  0
4152 4153 3814 8108  0
2369 7875 1485 2370  0
8184 6322 6305 6321  0
804 805 785 8118  0
5630 4554 7826 8032  0
7773 761 7827 8160  0
7735 2523 2524 8115  0
7016 7579 7580 7866  0
1014 1015 718 8012  0
6527 6738 6737 8376  0
351 415 416 7948  0
7151 7742 8006 8413  0
2834 2815 8319 2816  0
2632 8051 8134 8172  0
3245 5078 3248 8255  0
6023 6022 7714 8064  0
1727 1716 7957 8244  0
4562 4595 4561 8056  0
2522 2559 2560 8115  0
5346 5345 7858 8138  0
917 957 1155 8116  0
5383 5362 7907 8136  0
957 956 979 8116  0
7841 1648 1647 8346  0
7691 7949 8011 8234  0
7869 7853 7698 8167  0
4674 4187 4186 8106  0
6040 6041 7890 8294  0
6728 8253 6718 8074  0
7685 3013 7736 8002  0
6492 5610 7724 7934  0
2220 2187 4470 8333  0
2851 2852 2831 8064  0
6022 6023 6044 8064  0
41 31 30 8361  0
800 406 407 8011  0
7248 7183 7184 8060  0
574 517 8011 518  0
7757 8111 8264 8343  0
1013 1012 1229 8012  0
7825 1633 1642 1641  0
7679 7911 7934 8208  0
3074 3075 7689 8400  0
7936 7247 7998 8060  0
1661 1651 7825 8275  0
6101 6121 7789 8235  0
4047 2035 2036 8349  0
5571 6459 8031 8098  0
2053 2052 8196 8224  0
6401 6414 8045 8254  0
4192 4191 7737 7961  0
8304 7724 7080 7682  0
2137 2107 2106 8034  0
7666 5400 5422 5401  0
8263 6459 6460 7959  0
3323 3328 3329 7693  0
3686 4322 3684 3226  0
8074 2643 2608 7968  0
8074 5850 6736 6735  0
6660 7766 8409 8091  0
2431 1540 1539 8276  0
7774 7798 8001 8202  0
985 7807 8344 1202  0
7953 6789 7993 8123  0
582 7797 8036 8226  0
8078 7853 7727 7698  0
7529 7590 7528 7856  0
3957 3632 3101 8400  0
7299 7230 7300 8071  0
6284 6266 8249 8288  0
7879 7616 8072 8381  0
789 845 790 7839  0
4403 4402 4390 8349  0
5634 7808 4598 8204  0
7931 3707 4023 3276  0
2037 2038 2009 7693  0
7902 3766 8219 8280  0
6009 6008 8107 8148  0
1899 1883 7931 8309  0
3631 8432 3625 7752  0
4005 7725 3229 1698  0
2429 2423 2428 8276  0
5687 6594 6591 7739  0
2314 1455 2315 8331  0
1008 7713 1007 8179  0
3095 3096 3081 8347  0
7518 7580 7579 8246  0
7850 5724 6622 8178  0
8198 1071 772 771  0
5858 5883 5882 8142  0
5296 5276 5277 7933  0
7832 8260 7852 8281  0
1715 8244 7957 1716  0
3236 7725 4007 1710  0
6526 6484 8376 8410  0
4163 4162 4638 8092  0
4989 7811 4976 4319  0
5495 5494 5473 7986  0
335 315 334 8021  0
6461 8245 6469 7959  0
6125 6126 7935 8052  0
476 420 7670 7787  0
4017 3262 1804 3258  0
2516 7716 8178 8205  0
7207 7742 7945 7208  0
6490 6489 6465 7805  0
527 7797 472 526  0
4949 4938 4950 7825  0
356 421 357 7787  0
7896 6694 8335 5755  0
7948 7720 8008 8415  0
3238 3242 3239 7991  0
7869 913 891 892  0
6200 6201 6219 7815  0
8308 7583 7522 7966  0
2730 2729 7915 8295  0
4405 3328 3323 7693  0
1017 721 720 7796  0
675 674 721 7796  0
7686 7653 7676 7845  0
5955 5956 7906 7771  0
7764 8128 8426 7892  0
833 831 327 7885  0
7799 6521 7847 8268  0
1371 1372 1358 7854  0
2125 2126 2094 8349  0
5782 8083 5783 7996  0
4138 7655 3800 3798  0
1774 3251 8279 1775  0
5999 5976 5977 7714  0
998 1214 1215 7732  0
7916 8018 8101 8219  0
7449 7517 7930 8246  0
7444 7375 7445 8320  0
610 554 553 7904  0
6517 6774 6773 7923  0
3103 3091 3090 7884  0
3876 3877 3872 7976  0
7846 7973 8414 8416  0
7187 7186 7118 7993  0
327 7733 831 404  0
7820 7135 6794 7134  0
1454 7920 8181 8331  0
4093 4540 4539 7973  0
7578 7866 7015 8259  0
3490 2502 3489 7974  0
1822 1823 1809 7824  0
6587 5686 6588 7962  0
4351 4352 3263 3704  0
4400 4385 4386 2033  0
6393 6408 8024 8229  0
7599 7036 7035 8257  0
7116 6787 7117 7993  0
5893 5894 5916 8438  0
6741 6531 6742 8180  0
3411 3790 7687 8061  0
4328 4009 4008 3689  0
7899 424 7917 8151  0
2594 2595 2559 7996  0
6125 6145 6124 8052  0
2661 3521 2693 8142  0
2938 2921 2920 8052  0
2404 7655 8210 1514  0
5948 7871 5947 8370  0
8134 2664 2665 8295  0
6780 7837 8268 6524  0
5087 5073 5088 8398  0
8000 5898 8188 8350  0
2314 2313 1454 8331  0
6944 6918 6919 7881  0
2910 3581 2893 8212  0
863 841 862 8222  0
4109 4110 4556 7826  0
7224 7288 7223 7958  0
2918 2919 2900 8052  0
1706 1707 7811 8244  0
5773 4685 5772 8089  0
3015 3016 2999 8211  0
6759 7092 7916 8101  0
1524 7838 8367 1526  0
2277 2241 7832 8098  0
7747 3104 3103 7884  0
6540 6794 7820 7958  0
7952 7557 7556 8072  0
7283 7353 7352 7845  0
1907 1906 1924 8114  0
6083 6105 6104 8052  0
3239 1723 1711 7991  0
8127 7774 8213 7903  0
632 929 7924 8066  0
4539 4540 5615 7973  0
6706 8072 7737 7070  0
5150 5151 5167 7918  0
3698 4016 3252 4341  0
1945 1962 1963 7858  0
1018 1019 722 8166  0
5915 5893 5916 8438  0
5297 5298 7701 7933  0
8227 8407 8383 8055  0
6317 7989 8249 8347  0
3774 3775 4108 7826  0
6328 6313 7884 8382  0
6427 6426 6414 8045  0
2842 2823 3564 7871  0
1204 8391 7807 8165  0
2990 3006 2991 8033  0
4292 7895 4923 3982  0
7765 7726 7958 8004  0
1786 8016 1772 1771  0
6798 6543 6544 7829  0
5185 5201 5184 8005  0
7962 6588 6595 7718  0
5665 5600 5601 8050  0
7687 7652 7698 8061  0
5371 5392 5391 8139  0
7034 8257 7035 8228  0
1676 8203 7715 8326  0
1316 1317 1495 7851  0
8058 7684 7770 8094  0
6304 6288 7768 8184  0
3730 4061 3334 4419  0
7597 8257 8228 7783  0
1278 2345 1277 8208  0
5398 5399 7693 8287  0
3851 3479 3850 7717  0
2335 2336 2298 7819  0
5742 5743 4647 7946  0
7716 4211 8178 4705  0
1892 1893 8063 8227  0
8096 7776 7943 7960  0
2563 8318 2562 2598  0
3820 3446 3445 7688  0
2384 3405 2383 8314  0
7797 7873 7720 7728  0
7674 7820 8076 8032  0
7289 7224 7163 7958  0
8205 2514 8225 2470  0
8270 3198 3677 4298  0
6763 7095 6762 7653  0
7802 7846 7796 8198  0
7225 6841 6857 8004  0
4331 8326 4328 5018  0
5900 5875 5901 8000  0
7681 7749 7930 8320  0
7713 1008 8087 8179  0
466 520 7987 8375  0
6872 6873 6897 8278  0
7678 1373 8079 1552  0
2232 2233 7978 8154  0
5666 5633 4558 7829  0
5204 5222 7865 8069  0
6029 6030 6051 8212  0
7644 7643 7618 8072  0
4723 4704 4705 7716  0
2923 7673 2939 2940  0
6219 6199 6200 8211  0
3693 4333 3241 3238  0
7625 8155 8159 7563  0
548 605 549 8327  0
511 512 8118 8174  0
7773 763 7947 7992  0
7667 5730 5731 6629  0
3244 4337 3241 4336  0
4002 4003 3683 4318  0
4440 2154 4441 4455  0
3677 8270 4298 4308  0
4313 4307 3997 4312  0
2002 7709 8139 8271  0
5292 8271 5311 8182  0
5955 7906 5978 8189  0
3230 8326 4328 3689  0
3691 8326 3237 3234  0
7827 7857 542 7992  0
1225 1224 1416 8179  0
7118 6788 6789 7993  0
7463 7393 8161 8296  0
2965 2966 2949 7848  0
7999 7892 7897 7734  0
1008 1224 1225 8179  0
7716 4724 4214 3874  0
1514 7655 1513 1516  0
1327 7938 1329 1330  0
3942 3943 4265 4876  0
2035 4046 4047 3721  0
2590 7716 2591 2554  0
2120 2151 4437 2119  0
7726 7878 7892 7751  0
5300 7675 8114 8366  0
7353 7284 7354 7972  0
7220 7820 7221 7972  0
7855 8317 8077 7802  0
8155 7494 7979 7495  0
4177 4170 4646 7980  0
6535 6534 6474 7702  0
1968 1986 1969 8271  0
7121 6814 7122 8256  0
7754 7822 8191 8256  0
6985 6971 8043 8355  0
4354 5162 4351 4352  0
7754 7780 7899 8151  0
7124 6816 7711 8256  0
7193 8256 7192 7124  0
3465 3457 3838 7980  0
1286 1076 1287 7812  0
1741 1740 1753 7981  0
2121 4438 8354 2120  0
7185 7116 7117 7993  0
488 543 489 7992  0
564 563 8084 8124  0
7186 7185 7117 7993  0
368 367 432 7992  0
455 8124 511 8118  0
7344 7984 7414 7413  0
6163 6182 8105 8299  0
6788 7117 6787 7993  0
1257 7943 8266 8365  0
2874 2875 7919 8212  0
5249 5248 5231 7931  0
7821 4098 8219 7902  0
3759 4093 4092 7973  0
7511 7730 7510 7983  0
1940 1923 7675 8114  0
8024 3662 3666 3189  0
6849 6873 6848 7951  0
6038 6016 6017 8218  0
7204 7741 7900 7205  0
1460 1269 1270 8160  0
7503 7734 7502 7433  0
6167 7673 6147 6148  0
6541 7826 5632 7829  0
6794 6540 7820 6539  0
2130 3342 7956 8348  0
2826 2825 2845 8218  0
2245 2211 2210 7959  0
1554 7892 7878 8156  0
3285 1901 8015 8368  0
6540 7820 7826 7958  0
7162 7163 7224 7958  0
1855 1870 7865 8005  0
5794 7985 7990 5779  0
7286 7355 7285 7972  0
5383 5362 5384 7907  0
8096 7776 7960 7852  0
6528 7711 8263 6529  0
4622 8127 5701 4623  0
8365 1259 1049 1048  0
7677 7847 8014 8268  0
645 8149 576 644  0
6497 6498 7900 7973  0
2278 2279 2243 8098  0
4600 7772 5675 7962  0
4122 7687 8141 8359  0
32 42 43 8361  0
6313 6329 6328 7884  0
7820 7135 7134 7958  0
7343 7412 7342 7742  0
7627 7566 7897 8155  0
8024 6435 4913 4283  0
432 431 488 7992  0
3104 3118 3105 7884  0
1925 1926 8227 8383  0
7653 6761 6507 8101  0
7119 7118 6789 7993  0
3268 3264 3267 8158  0
7893 8384 5438 5459  0
1403 1586 7735 8168  0
1537 7810 7835 1536  0
2838 7919 8107 2837  0
7899 8316 7786 7780  0
6595 6592 6587 7962  0
6595 6597 6592 7962  0
5994 8218 6016 7871  0
7962 5675 6588 7718  0
3275 1851 7782 8126  0
8335 4727 4709 5791  0
2887 2904 2888 8064  0
8372 4866 8339 6134  0
5695 4618 7806 8232  0
3070 3055 3054 8290  0
417 7797 416 473  0
5185 5168 7918 8005  0
369 7947 370 764  0
8380 7951 6546 8282  0
6800 6547 6801 7951  0
5485 5484 8110 8283  0
6633 7862 8201 6997  0
7118 7117 6788 7993  0
1009 7912 8087 8179  0
3365 2265 3360 7888  0
2594 2558 2593 7996  0
7274 7742 7344 7343  0
8208 8317 8214 7679  0
2828 2848 7714 8294  0
434 369 433 7992  0
582 526 7797 8226  0
3689 4009 3691 3234  0
8056 4594 4561 8332  0
3930 4862 4259 8265  0
5752 8340 7866 6649  0
133 157 134 8393  0
7942 7727 8092 7712  0
4721 4702 4703 7716  0
5052 7957 7971 7991  0
6795 6541 6796 7958  0
7302 7303 7372 7983  0
4703 4660 4661 7716  0
1711 1723 1712 7991  0
1733 1720 1732 7940  0
5797 5796 5782 7996  0
7116 6786 6787 7993  0
454 803 389 8124  0
8434 7799 4535 5596  0
8237 8363 8402 7859  0
2766 7656 7771 8319  0
4189 4190 7717 8103  0
7805 7926 8192 8263  0
7670 8036 8226 7928  0
4704 4722 4703 7716  0
7838 2415 8108 8367  0
7119 7187 7118 7993  0
7162 7224 7223 7958  0
6540 7826 6541 7958  0
7751 917 1155 8116  0
5797 5782 5783 7996  0
5833 8240 5813 5834  0
1221 1005 1004 8047  0
5243 5262 8114 8227  0
3434 3436 2414 8367  0
8012 7857 8183 8094  0
6149 6167 7673 8033  0
7311 7310 7241 8014  0
6131 6111 6132 8265  0
5641 7722 7951 8380  0
3380 3757 3378 8214  0
1513 1124 1515 8210  0
2554 2591 2555 7716  0
8015 5274 5255 8368  0
4330 3234 3691 4009  0
6517 5662 6518 7923  0
4173 4172 7999 8019  0
2691 2658 2690 8437  0
5340 5341 5360 8136  0
580 649 581 7813  0
1153 1351 1154 8206  0
54 86 87 8133  0
7753 7712 7839 8088  0
3500 8178 2516 7716  0
3643 3642 3136 8306  0
1228 8012 8183 8094  0
1586 2521 8115 8168  0
579 648 580 7813  0
5064 5078 7991 8255  0
2871 2852 2870 8135  0
5379 5358 7680 8287  0
7771 5958 7906 8319  0
7662 7671 7764 8089  0
6683 8081 6682 7047  0
8054 6112 6111 8265  0
1010 1226 1227 7912  0
5895 5896 5918 8188  0
1663 1673 1674 3222  0
4183 4670 4671 8085  0
8354 2030 2031 2060  0
1018 722 721 8166  0
2789 2810 2790 8177  0
4739 7716 4722 3878  0
3723 2055 3325 8196  0
3146 3145 8194 3132  0
6543 6797 6542 7829  0
7915 2729 8189 8295  0
6971 6949 6972 8043  0
6044 6066 6065 7967  0
1110 1111 1317 7851  0
6742 6532 6743 8180  0
7104 6774 6775 7923  0
2871 8420 8135 2870  0
4181 3842 7950 8009  0
4546 4545 4099 8219  0
7286 7356 7355 8267  0
4606 7739 4607 5688  0
1016 1233 1017 7925  0
2871 2891 2872 8135  0
4104 3770 8076 8146  0
2640 2641 2605 7864  0
1577 1385 1442 8086  0
5667 6542 5666 7829  0
3872 3511 7976 8058  0
4970 7841 4982 8203  0
4874 3945 6206 8033  0
1768 1755 7664 8171  0
5538 8037 8154 5561  0
7733 327 7885 8388  0
6988 6625 6624 7696  0
6922 6921 7880 8043  0
7781 5844 5843 8039  0
7735 7728 7668 8036  0
3497 2480 3470 8009  0
579 522 578 7987  0
4109 4555 4108 7826  0
8395 3187 7792 7840  0
8059 5194 5193 5210  0
2207 2173 2206 8048  0
4620 4150 4624 8418  0
4109 3776 4110 7826  0
6637 7806 6619 7999  0
900 8216 879 8080  0
535 7780 591 8151  0
704 7809 1000 7910  0
4665 5725 5726 7696  0
2842 7672 2860 2861  0
7862 7439 7955 8071  0
6942 6964 6941 8213  0
7693 5443 8348 5422  0
7670 7943 7948 7873  0
5355 5335 7701 8095  0
1571 1393 1392 8044  0
7371 7301 7983 8071  0
7694 7821 7801 7812  0
4770 4786 4769 8437  0
7074 6710 8122 8215  0
383 447 448 7922  0
1740 1739 1751 7971  0
5581 5582 5602 7977  0
3771 3394 8146 3770  0
1279 2348 7855 8017  0
5842 7660 8039 8274  0
4335 4334 4332 3694  0
5688 6594 5687 7739  0
2436 2471 2472 8205  0
3821 3446 7688 8079  0
1830 1816 7785 8144  0
6049 6028 6050 7919  0
2283 2282 2320 8192  0
6005 5983 7919 8319  0
7134 7222 7820 7958  0
3298 4377 3299 8095  0
1215 7748 1406 1407  0
1660 1670 1671 7825  0
2403 1508 1485 8233  0
4397 2029 4382 4383  0
2793 2794 7906 2814  0
7292 7225 7293 8004  0
430 486 487 7827  0
7316 8303 7998 7386  0
8033 7935 2989 7876  0
2431 2430 7705 8276  0
8088 7753 8162 8314  0
1998 1997 2016 8423  0
1638 1630 1629 7695  0
7623 7561 7562 7979  0
5602 5601 5581 8050  0
2035 4046 4387 4047  0
6050 6051 6072 8212  0
900 8216 901 879  0
5726 5725 6624 7696  0
1840 1825 7918 8069  0
4721 8225 2554 2553  0
7517 7866 8246 7579  0
7912 8264 7759 7658  0
8431 7687 8167 8357  0
583 652 584 8226  0
940 941 8125 8164  0
4705 4724 4723 7716  0
2491 8152 1615 8131  0
1223 1415 1224 8179  0
4662 4705 4704 7716  0
2555 2556 2515 7716  0
878 879 858 8216  0
2873 2892 2893 8212  0
6128 8341 7690 7673  0
3224 3687 3223 3227  0
8327 8077 8317 7802  0
6113 8054 6091 6092  0
2406 1522 1340 8210  0
8270 3997 4313 4308  0
3293 3715 1952 8271  0
3224 4323 3223 3687  0
7715 3218 8270 1643  0
4955 4954 7715 4967  0
3428 7655 3425 3800  0
7879 5762 8106 8103  0
3564 2841 2842 8272  0
4312 3679 3208 4313  0
1340 1520 2406 8210  0
3997 8270 3208 3209  0
1966 1983 1984 8271  0
1461 7700 7773 1462  0
7743 8127 8213 8247  0
8011 7691 8149 8375  0
4622 8127 7661 5701  0
2404 1520 1338 8210  0
3310 4383 4382 2029  0
1523 7838 7669 8210  0
3311 2030 4384 4383  0
3314 4042 4386 2033  0
937 938 899 8080  0
1494 1495 7722 7851  0
7686 8028 8084 8174  0
6975 6952 6953 7696  0
4853 8386 8325 3575  0
2404 7655 3425 8210  0
7690 6111 8054 6110  0
7860 7837 7964 8050  0
3032 3048 3033 7970  0
6218 6199 6219 8211  0
6074 6052 4854 8212  0
6199 8002 6218 6198  0
5593 7679 7934 5594  0
5916 5915 8438 8442  0
3997 8270 3209 4308  0
8024 3974 3971 4283  0
3997 8270 4313 3208  0
734 8284 735 1034  0
1984 2002 2003 8271  0
3372 8332 2326 4081  0
1174 940 8125 8164  0
548 549 7802 8327  0
2554 2555 2514 7716  0
4384 2030 4398 4383  0
8271 4368 5292 5312  0
4211 8178 4705 4706  0
7925 8012 8223 8327  0
3310 2029 4382 4037  0
3227 4323 3224 3687  0
5922 8000 5899 5923  0
763 368 369 7992  0
7968 3529 2679 2680  0
5997 8177 8294 8387  0
3689 8326 3234 3231  0
2591 4721 4722 7716  0
4020 8150 3702 4349  0
4320 4003 4318 4321  0
4460 4459 4445 2190  0
4312 3679 4315 4001  0
4404 4418 4417 4054  0
3900 5946 4818 8350  0
4312 8270 4315 3679  0
8270 4312 4316 4313  0
4312 8270 4316 4315  0
3562 3917 3567 8272  0
3208 8270 3679 3212  0
2516 2556 3500 7716  0
4661 4662 4704 7716  0
4722 4704 4723 7716  0
7851 1112 8216 1111  0
1921 1922 1904 7933  0
719 7925 1016 8327  0
3220 4320 3223 4321  0
6622 5723 8355 8178  0
6976 8013 7905 7696  0
433 368 432 7992  0
7959 7926 8031 8098  0
7251 7250 7186 7993  0
7577 7014 7013 8259  0
8336 1762 8150 3254  0
433 369 368 7992  0
3327 2066 4050 3321  0
606 674 7796 8327  0
6869 7880 8057 6870  0
7121 8123 8191 8256  0
7157 7094 7653 8101  0
6835 8282 8057 6585  0
3244 4012 4339 4336  0
7822 7711 8191 8256  0
3693 4333 3238 3237  0
5968 5991 4843 5969  0
4330 8326 4009 4331  0
4333 4010 3693 4011  0
4009 4328 4330 4331  0
5004 3228 3231 4326  0
3689 8326 4009 3234  0
4339 7991 5063 5078  0
4339 7991 4337 5063  0
6464 5552 5572 8408  0
4326 4323 4006 4325  0
6589 7772 5676 6575  0
3878 7716 4740 3507  0
3230 3234 3231 3689  0
5243 8063 8227 8293  0
5899 5898 8000 8350  0
416 7797 415 472  0
548 7802 8077 8327  0
8327 718 1015 8012  0
4323 4321 3223 4320  0
1641 7825 1632 1640  0
7796 605 8327 549  0
5096 7697 8336 8255  0
3687 4323 3223 4004  0
6015 7871 6016 8272  0
3775 7833 7731 7826  0
7615 7641 7640 7879  0
3224 4977 3223 4323  0
6859 6908 7661 7718  0
762 367 7827 761  0
4336 3695 3241 3244  0
3231 4326 3227 3230  0
7349 7952 7995 7419  0
762 7827 7773 761  0
4012 4336 3244 3695  0
7924 291 341 322  0
5078 3245 3248 4339  0
816 1129 815 8329  0
7210 7153 7211 8413  0
3244 4336 4339 4337  0
7827 7857 7773 7654  0
4333 4010 3237 3693  0
3691 8326 4330 3237  0
3691 4010 3237 4330  0
4330 8326 4331 3237  0
367 368 762 7992  0
3237 3693 3241 3238  0
4333 4331 3237 4330  0
4330 4010 3237 4333  0
8248 906 945 7803  0
7857 7773 7947 7992  0
7774 7743 8202 8337  0
5814 5815 5835 8240  0
5642 7951 6548 5641  0
4337 5048 3241 4333  0
4336 4337 3241 4011  0
3693 3695 3241 4011  0
4336 4011 3241 3695  0
3693 4011 3241 4333  0
4337 4333 3241 4011  0
4008 4325 3230 3688  0
4326 8326 3231 5004  0
3997 4307 4000 4312  0
3564 3560 3563 8272  0
4328 4325 3230 4008  0
4328 4326 3230 4325  0
1606 1605 7770 8094  0
4259 2928 3930 8265  0
7797 416 473 472  0
1984 7709 2002 8271  0
3289 8271 1952 3715  0
5650 8162 4581 8236  0
3688 4006 3227 3687  0
3230 4326 3227 4325  0
3230 4325 3227 3688  0
4990 4323 3227 4326  0
4325 4006 3227 3688  0
4325 4326 3227 4006  0
3687 4006 3227 4323  0
4326 4323 3227 4006  0
1124 1122 7669 8210  0
8272 3898 3897 4843  0
8270 4002 3683 4318  0
7709 1983 7721 8271  0
7655 3428 3425 8210  0
4004 4320 3223 3685  0
1968 1985 1986 8271  0
5331 5312 8200 8271  0
4001 3679 4000 4312  0
7691 7987 8149 8375  0
1966 1967 7721 8271  0
2404 1513 1514 8210  0
3718 8368 4031 4371  0
3677 8270 4308 3209  0
347 411 8153 8375  0
6030 7919 8148 8212  0
3430 3428 7655 8210  0
1139 7669 1342 1144  0
4548 7653 8280 5624  0
5734 8092 8201 8338  0
467 466 7987 8375  0
4693 8273 4650 8310  0
3308 3309 4036 2028  0
2034 3315 3314 4042  0
4702 4721 2554 7716  0
4323 4320 3223 4004  0
2031 4039 3312 3311  0
6620 6618 6621 8355  0
3687 4323 4004 4006  0
505 449 448 7922  0
4977 3221 3224 3220  0
5012 5026 5025 8244  0
7678 1174 8125 8164  0
4315 3679 3681 4001  0
4315 4001 3681 4002  0
3216 4002 3681 3683  0
4002 8270 3681 4315  0
3212 3216 3681 3679  0
5292 8271 5312 5311  0
3679 8270 3681 3212  0
741 8153 8371 8375  0
3870 2517 3500 8178  0
802 740 8342 8375  0
4975 4963 4976 8275  0
1983 1966 7721 8271  0
3224 3220 3223 4977  0
3989 8270 3988 3199  0
804 803 454 8118  0
1292 2361 8146 8258  0
3220 3685 3223 4320  0
1968 1967 1985 8271  0
7838 1524 1346 1526  0
3428 2408 2406 8210  0
1342 8210 1522 7669  0
7655 2404 3425 2405  0
7655 1514 1513 8210  0
8368 3286 3290 3716  0
3562 3567 3568 8272  0
5289 8182 8269 8309  0
7846 7887 8176 8193  0
8271 1951 1950 8182  0
1984 7709 1983 2002  0
7696 4176 4632 4665  0
8210 1124 8001 7669  0
5312 5331 5330 8271  0
7889 8011 8342 8375  0
1969 1986 8200 8271  0
408 802 8342 8375  0
740 741 8371 8375  0
2805 2824 2806 7871  0
5310 5329 7721 8271  0
8271 1969 1951 1952  0
1520 1340 1338 8210  0
8036 7670 7797 7668  0
2406 3425 3428 8210  0
7669 1524 1523 1346  0
1124 8210 8001 1515  0
1513 7655 8210 1515  0
5310 7721 8182 8271  0
2807 2826 2808 8387  0
1984 1985 1967 8271  0
3685 4003 3220 3683  0
4370 8271 8200 5312  0
4318 4003 3220 4321  0
3683 4003 3220 4318  0
3685 4320 3220 4003  0
4321 4003 3220 4320  0
5992 5991 5970 8272  0
8271 3715 4370 3293  0
4321 4323 3223 4977  0
7128 7663 8132 7196  0
2407 1341 2409 8385  0
1055 7944 8181 1056  0
5600 5665 7860 8050  0
1338 1122 1513 8210  0
3229 7725 4324 7811  0
5591 5575 5592 7836  0
6302 6301 8290 8347  0
773 8198 378 8193  0
3122 8194 8300 8347  0
8194 6334 8347 6333  0
1487 7938 7875 1486  0
7837 6476 6475 6562  0
2047 2075 8065 8241  0
5788 5804 5803 7767  0
5836 5816 5837 8051  0
1663 8275 1652 1662  0
8171 5089 8016 5074  0
1523 7838 1524 7669  0
3992 7695 3993 4302  0
8368 3295 3294 3290  0
7930 7307 8100 8320  0
448 447 504 7922  0
2631 8318 8051 2632  0
676 677 7904 8166  0
1311 1489 1310 8289  0
3785 3406 8088 8314  0
3107 7989 8194 8347  0
7401 7758 7769 7402  0
830 827 829 7733  0
8234 800 8284 8011  0
4556 4557 5632 7826  0
2864 2884 2865 7890  0
3095 3081 8249 8347  0
4444 2190 4445 4459  0
5665 5601 6475 8050  0
5631 6540 6539 7826  0
2499 3487 2500 8062  0
1531 7774 8206 8353  0
1035 735 736 8284  0
3945 3940 3608 8033  0
7777 7894 8103 8106  0
1686 1698 3229 1697  0
8347 3123 3110 8300  0
346 8153 741 8375  0
4108 4554 4107 7826  0
2579 7770 3504 2542  0
7916 7653 8101 7995  0
992 991 1208 7886  0
2517 2474 2473 8178  0
1506 2402 8233 1507  0
6791 8256 6814 7121  0
8123 7754 8191 8256  0
1377 7803 7908 1184  0
7910 7809 8307 8330  0
8092 7727 7862 8338  0
762 763 7773 7992  0
7795 7754 8123 8256  0
535 480 534 8151  0
1907 1908 1891 8114  0
2230 2266 2231 7888  0
7265 7793 8304 7266  0
2999 2983 2998 8211  0
7851 1112 1111 1318  0
6092 6071 6072 8212  0
6051 6050 6029 8212  0
7776 7852 8181 7920  0
4700 4658 4701 8225  0
6480 6479 5605 7988  0
8343 2645 7968 2609  0
8245 6461 6469 6470  0
3426 3801 3424 8053  0
4070 7836 4466 8157  0
1207 990 1206 7886  0
1110 1316 1109 7851  0
1109 1316 1315 7851  0
7801 7995 7834 7676  0
1052 1263 1262 7920  0
8075 8213 7810 7975  0
7241 7242 7311 8014  0
3107 3095 7989 8347  0
7989 3095 8249 8347  0
826 7874 824 7830  0
555 7719 611 8322  0
6187 6168 6188 8033  0
8236 6813 7652 8359  0
3774 7833 4107 3773  0
1662 1661 1672 8275  0
4306 3998 4309 4937  0
2605 2569 2604 8003  0
4190 4189 4677 8103  0
3219 8275 3215 1652  0
3868 7699 7770 3873  0
3083 8184 8290 8347  0
3776 3775 7731 7826  0
1647 1638 7695 8346  0
7821 3762 3763 7887  0
4555 5631 5630 7826  0
2512 2468 2511 8225  0
7970 6242 7876 6241  0
497 7796 8198 496  0
4311 7825 4314 4950  0
5017 4324 5016 5003  0
7732 1404 1212 1213  0
3678 3999 3211 4310  0
8244 1695 7811 1706  0
1722 1721 3236 1710  0
4005 1698 3229 3233  0
1720 1709 1710 1721  0
3255 8147 3258 4015  0
2618 2619 2582 8429  0
8147 1790 1804 1803  0
2000 2001 1982 7709  0
7674 7653 7686 7845  0
6273 7689 8104 8400  0
603 602 671 8223  0
4317 8275 4314 3680  0
7724 7130 8132 8304  0
7677 7681 7749 7930  0
1288 1289 2357 7812  0
885 7803 906 7839  0
7592 7856 8161 8409  0
7450 7449 7380 8246  0
1571 2477 1572 7807  0
3247 1760 1748 1761  0
3690 4007 3236 4327  0
7557 7619 8072 8286  0
1686 3686 3229 3226  0
1735 3240 3692 3243  0
5175 5176 8010 8144  0
626 922 923 8021  0
3340 3347 3341 8348  0
3766 7902 3390 8280  0
8288 3611 3036 8185  0
3219 8275 3222 3682  0
1662 1661 1652 1651  0
4007 7725 4005 3233  0
784 1083 783 8258  0
1710 7725 1698 1709  0
5782 5781 7985 7996  0
5434 8139 5433 5412  0
4673 4185 4672 8315  0
2354 3386 3385 7887  0
5771 5770 6711 8215  0
2431 7705 8068 8276  0
1662 1673 1663 1672  0
7283 7282 7674 7845  0
6281 8249 7884 3065  0
2422 2423 1534 8276  0
6006 5985 6007 7919  0
4005 3686 3229 4324  0
4345 5142 5126 8144  0
1641 7825 1651 1642  0
1583 8168 1584 1400  0
4308 8270 4928 4313  0
2804 2823 2805 7871  0
4319 3684 3222 3682  0
8085 4710 7699 4209  0
2612 8343 8058 2576  0
3678 1642 3211 3215  0
4200 3861 7974 8426  0
1633 7825 1642 3211  0
2578 2613 3511 8058  0
2990 2991 2973 8033  0
4555 5630 4554 7826  0
4556 4555 4109 7826  0
649 581 7813 8036  0
4556 5632 5631 7826  0
8252 6157 8109 6156  0
4584 4585 5654 8141  0
4116 7708 4577 4576  0
7705 8276 2429 8129  0
3324 3323 7693 8287  0
3222 3684 1674 3226  0
1288 2356 1287 7812  0
5465 5466 5487 8348  0
3501 7842 7990 3498  0
7947 7857 8040 8077  0
3998 3999 4309 7825  0
5079 5080 5094 8255  0
1703 1714 1715 7957  0
5657 5656 4587 8042  0
1948 1947 7721 8269  0
4311 4950 4938 7825  0
7569 7568 7501 8298  0
5024 5037 5023 7957  0
7863 7749 8044 7691  0
8221 2786 2756 2757  0
3999 3998 3207 7825  0
8296 7461 7462 7392  0
2695 8373 2694 2727  0
8107 3569 2859 2839  0
4334 3243 4332 3694  0
1748 1747 3243 1735  0
8205 2515 2516 7716  0
8084 7676 7686 8093  0
3052 3053 3038 8288  0
5032 4327 4329 3690  0
5062 3243 4332 4334  0
8049 7801 8146 8280  0
5390 5410 5389 8139  0
3694 8279 3696 4338  0
1721 1734 1722 1733  0
2900 2918 8052 8235  0
1281 2350 2349 8017  0
3240 1734 1722 1735  0
8287 7693 4405 3323  0
1375 1553 1557 8079  0
4335 8279 4334 3694  0
5420 5399 5421 7693  0
3761 3384 3385 7887  0
1076 1077 1287 7812  0
5976 5977 7714 8177  0
6706 8072 7071 7737  0
1406 1214 1405 7732  0
5142 4345 5126 5143  0
966 1191 967 7941  0
5419 8287 5397 5398  0
3243 3247 3694 1748  0
6815 7711 8256 8376  0
4345 5126 4343 4017  0
1458 7944 1457 1267  0
3694 3243 4332 3692  0
1867 3282 1884 8126  0
3431 3433 7804 7939  0
407 801 800 8011  0
7863 7698 7869 7941  0
5770 4683 4682 8215  0
7753 8195 7708 8113  0
7853 950 912 7941  0
8141 7698 7914 7652  0
2438 2474 2439 7800  0
7941 965 949 966  0
184 8393 156 8130  0
7801 7686 7676 8093  0
7329 7260 7769 8038  0
5270 5251 5252 8309  0
1895 1911 8055 8059  0
6702 5762 5761 8106  0
824 823 826 7830  0
720 7925 8327 1016  0
3155 3167 3156 8024  0
7341 7272 7342 7742  0
4110 4557 4556 7826  0
4554 4108 4555 7826  0
7707 7832 5522 5544  0
6017 5995 6018 8218  0
7975 7810 8068 8276  0
7724 8304 7080 7079  0
4963 4314 4962 4950  0
3055 3056 7685 8290  0
5632 6540 5631 7826  0
8108 7774 8353 7838  0
3331 2116 2117 8384  0
2004 8139 2003 2021  0
2427 8276 8129 2428  0
1531 7774 1532 8206  0
5080 5066 5081 8255  0
1479 8041 7799 3377  0
4556 5631 4555 7826  0
7872 1943 1959 8383  0
7662 7820 7845 7972  0
6775 7847 6519 6776  0
1312 7963 1313 8277  0
515 7869 460 514  0
419 475 476 7670  0
7660 8274 2668 2669  0
734 797 798 7898  0
2397 7731 7738 8425  0
6774 6518 6775 7923  0
2196 2162 3354 7956  0
8393 184 185 8130  0
6568 6567 6481 7988  0
2153 4439 4440 8354  0
7332 7263 7333 8067  0
7880 8380 7963 8277  0
7901 8290 6249 8288  0
7826 6540 6541 5632  0
2413 3435 7878 3437  0
2933 2950 2951 7789  0
6741 6742 6818 8180  0
1287 1077 1288 7812  0
1211 7732 8036 7735  0
5003 4322 5002 4989  0
7852 2275 2276 2313  0
6384 6398 6369 8190  0
7557 7952 7556 7489  0
557 556 613 8322  0
1288 1077 1078 7812  0
382 777 776 7812  0
907 945 946 8248  0
778 1077 777 7812  0
7878 7726 7939 7751  0
5496 5519 5518 7831  0
8152 7676 8237 7859  0
2178 2212 2179 8110  0
7804 8053 3429 8385  0
997 1213 1214 7732  0
4953 7715 8270 8209  0
7742 7271 7207 7945  0
824 7874 1331 7929  0
3019 7876 3034 3020  0
998 1215 999 7809  0
1129 816 1130 8329  0
7742 7834 7821 8169  0
5058 5072 7981 8171  0
6122 6102 6103 8235  0
5032 4327 5031 5017  0
7875 7808 8056 8233  0
3692 1735 3243 7940  0
648 649 580 7813  0
5495 5496 7831 7986  0
644 8391 690 691  0
4955 7715 7695 4968  0
588 532 531 7786  0
6744 6533 7702 8180  0
4403 4416 4415 8349  0
3831 4170 4177 7980  0
2319 2281 2318 7926  0
7435 7504 6982 7942  0
5569 8031 8281 7832  0
861 8216 7784 839  0
7704 7719 7937 8166  0
7180 7111 7112 7936  0
1190 1383 1191 7941  0
966 1190 1191 7941  0
1395 1204 7807 8165  0
2933 2952 2934 8105  0
912 7853 891 890  0
5882 5883 5906 8142  0
4416 4403 4404 8349  0
502 446 445 7791  0
1359 1347 7854 7939  0
5711 6615 5712 8163  0
3758 4092 4091 8214  0
4875 8358 4878 6243  0
7930 7310 7379 8014  0
6839 6798 8004 7829  0
7340 7410 7741 8187  0
2995 3011 2996 7736  0
8162 3785 4118 4119  0
498 552 553 7904  0
7703 7704 7777 8315  0
1579 1580 1388 8156  0
5451 5472 5450 7986  0
5806 8360 7976 8302  0
6523 5663 7860 8268  0
4955 4943 7695 8209  0
7371 7301 7302 7983  0
363 7917 362 427  0
7626 8155 7565 7627  0
2018 2047 7709 8422  0
8413 7706 7821 7742  0
7821 3764 4098 7902  0
7289 7288 7224 7958  0
7354 7355 7424 7972  0
7517 7579 7578 8259  0
5571 7959 6459 8098  0
8042 7698 8061 8112  0
6839 6796 7829 7958  0
7677 7799 7847 8268  0
7726 7820 7826 7731  0
3335 3328 3334 7693  0
6796 6541 7829 7958  0
2531 1595 7867 7982  0
5075 5074 7940 8016  0
7765 7726 7820 7958  0
5478 7893 8048 7891  0
1807 1820 7782 8158  0
980 967 1191 7941  0
8021 922 1153 8392  0
950 967 951 7941  0
7728 7729 7842 7866  0
1471 2395 1470 8117  0
950 7853 912 911  0
951 967 952 7941  0
6626 7905 6989 6990  0
7970 3948 3949 3620  0
912 7869 7853 7941  0
2101 2069 2100 8291  0
2095 2094 2126 8349  0
3643 3137 3125 7788  0
7814 706 707 1003  0
4338 3696 4340 5093  0
6283 6284 8249 8288  0
7911 7679 8317 8208  0
7666 2038 2009 2039  0
5447 5426 7760 8291  0
7941 7740 965 1190  0
6715 6725 6724 8020  0
3759 3758 3382 8017  0
8049 1081 8258 8417  0
6143 6144 6162 8105  0
5942 5943 5964 8120  0
2066 3327 4050 8349  0
2349 2348 1280 8017  0
2067 2068 2038 7693  0
3330 3324 3329 7693  0
2348 1279 1280 8017  0
7385 7936 7315 7316  0
1070 1071 1281 8017  0
6264 6265 6282 8288  0
6753 6754 7086 7945  0
4123 8359 4122 8141  0
3329 3324 3323 7693  0
464 519 465 8011  0
4393 5418 8196 8384  0
5248 5267 5266 8055  0
3666 3977 3974 7840  0
8358 4881 4875 4266  0
2066 2096 3327 8349  0
4618 5695 4615 8232  0
770 7855 7802 8017  0
5421 5442 5441 7693  0
480 424 7899 8151  0
2004 8139 8200 2003  0
2132 2131 7849 8291  0
3023 7901 8082 8288  0
8134 2664 8295 8051  0
6319 6334 6333 8347  0
5442 5421 5422 7693  0
3330 2067 2038 7693  0
3584 8325 8297 2911  0
7296 7297 7942 8292  0
2933 2916 7789 8235  0
2367 2402 8056 8332  0
1293 8146 2361 8258  0
7860 5578 7888 8262  0
518 464 463 8011  0
105 91 92 8361  0
7466 7534 7533 7783  0
4954 7715 4967 4966  0
3137 3643 3136 7788  0
3329 3328 3335 7693  0
3714 8368 3286 3284  0
8309 1918 1900 3283  0
421 477 478 7786  0
1660 1671 1661 7825  0
8305 4919 6449 6448  0
8192 2284 2321 2283  0
3482 3853 3854 7961  0
6358 6373 6357 7788  0
2147 2146 8110 8384  0
7785 5141 8144 8147  0
2037 3324 3330 7693  0
3766 3767 4100 8280  0
7315 7314 7936 8303  0
7727 7983 7955 7730  0
1406 1215 1214 7732  0
821 7929 824 822  0
8217 5551 8245 8408  0
3723 8384 8196 3325  0
5749 4667 5744 7946  0
5141 7785 5158 5157  0
1324 1130 8202 8337  0
6739 6528 8263 8376  0
727 726 1023 8411  0
587 7928 7786 586  0
1775 1789 3255 8147  0
4599 8207 4592 4130  0
2208 8023 8048 8098  0
3572 8272 7672 2841  0
2445 8285 3448 2446  0
8254 3151 3137 7788  0
2934 2933 8105 8235  0
407 406 463 8011  0
5846 5845 5824 7781  0
5131 5130 5115 7697  0
5389 5409 5388 8065  0
4089 3756 3748 8262  0
531 532 477 7786  0
7333 7403 7402 8067  0
3114 3113 3125 7788  0
7672 6036 6057 6058  0
7929 819 821 7924  0
923 1154 924 8021  0
5114 5099 5115 7697  0
3390 7801 8049 8280  0
6648 6647 7866 8404  0
530 476 7670 7786  0
2068 2099 8291 8348  0
7501 7432 7502 7734  0
1282 1281 1071 8017  0
7809 7780 588 7786  0
869 7853 8167 8431  0
6050 6028 6029 7919  0
7192 7193 7257 8038  0
504 558 559 7922  0
8239 2301 2339 2338  0
7753 7803 8125 8222  0
6866 6891 6890 7881  0
7918 1839 1823 1824  0
3382 3381 2350 8017  0
6730 6729 6720 8302  0
1070 1069 770 8017  0
770 7855 769 7802  0
5487 5466 5488 8348  0
3825 3824 4164 8092  0
423 359 358 7899  0
1659 1660 1649 7825  0
7867 7767 8020 8091  0
2106 2105 7986 8241  0
6758 7916 6759 7091  0
2796 2816 2817 8319  0
2885 2902 2903 7967  0
6802 6548 7921 7951  0
8093 450 8424 8417  0
5035 8035 7991 5021  0
6714 6724 6713 8020  0
5437 5415 5416 8196  0
7368 7862 7942 8071  0
7914 7230 7140 8071  0
7734 7363 8004 7362  0
6006 5984 5985 7919  0
1069 1279 7855 8017  0
7799 8434 7677 7847  0
7777 7483 7551 7984  0
3473 2486 2485 7997  0
5773 6664 5774 8089  0
6029 6028 6006 7919  0
7711 6739 8263 8376  0
4002 8270 4315 4318  0
6318 6301 6302 8347  0
2712 7968 2678 8000  0
1047 1048 1258 8365  0
1933 1917 1916 8309  0
1635 1626 1634 8209  0
643 8149 690 644  0
2874 2855 2873 7919  0
5537 5515 5538 7978  0
7706 7973 8006 8414  0
5124 7785 5123 7692  0
6532 6489 6490 7805  0
5330 5350 5349 8374  0
7973 7846 8317 8017  0
1034 7898 734 8284  0
7726 7739 7804 8053  0
7645 7071 7644 8072  0
362 363 757 7844  0
5159 5142 5143 8144  0
6082 6081 7890 8235  0
5070 5057 5071 7981  0
2478 7807 1573 1572  0
3787 7687 4121 8088  0
6662 8091 7029 8081  0
3208 8270 3212 3209  0
2545 8310 8429 2546  0
6005 6028 6027 7919  0
5421 5400 5422 7693  0
6249 6248 7901 8288  0
7697 1762 8255 1763  0
2410 7655 3430 8367  0
7825 1641 1651 1650  0
8135 2835 2834 7919  0
2856 2836 2835 7919  0
2856 2874 2875 7919  0
7887 1284 2352 2353  0
555 7719 554 611  0
1995 1994 2012 8136  0
6833 8057 6834 6867  0
643 574 642 8149  0
1977 1994 1995 8136  0
7534 7466 7467 7783  0
5544 7707 7832 8260  0
1640 1650 1641 7825  0
6939 6962 8127 8213  0
7709 8139 8271 8374  0
4759 3880 7746 7976  0
1162 929 928 8345  0
5361 5342 5362 8136  0
5984 6005 5983 7919  0
1651 3215 1642 7825  0
1660 7841 7825 1659  0
760 7844 759 7827  0
6942 6941 6916 8213  0
6484 8031 8376 8410  0
6525 6466 6526 8410  0
1649 1660 1650 7825  0
1661 1651 1650 7825  0
1642 3678 3211 7825  0
6348 6347 6332 7989  0
7846 7887 7812 8176  0
5464 5443 5465 8348  0
1151 1150 7669 8392  0
3238 5048 4333 7991  0
7825 4311 3680 3215  0
2485 1609 1608 7997  0
7674 7220 7132 7219  0
6880 8004 6857 7739  0
4181 4668 8311 8404  0
1496 7851 8195 1495  0
5082 5083 5097 7697  0
1660 7841 1659 1670  0
4974 7883 4973 7825  0
3119 3120 3106 7989  0
6882 6844 6883 7718  0
7857 7827 542 7870  0
3497 3498 2481 7842  0
1209 7886 992 1208  0
1640 1649 1650 7825  0
8420 6087 6088 6068  0
5605 5606 7988 8096  0
5104 5105 5120 8016  0
6680 6681 6712 8091  0
627 334 626 8021  0
3375 3376 8041 8097  0
7742 7706 7945 8006  0
7996 5814 5813 8240  0
1995 2013 7907 8136  0
6572 6527 6737 8376  0
555 7791 7719 8322  0
5566 8096 8260 5586  0
7720 7797 8250 8415  0
5961 5960 5939 8442  0
4620 4148 4150 8418  0
5227 5246 5245 8063  0
7782 1852 8005 8126  0
7595 8081 7032 7031  0
7381 7380 8014 8246  0
3195 7895 3194 8395  0
788 789 1091 8321  0
1643 7715 1653 1654  0
8269 5250 7931 5268  0
7759 1419 8094 1603  0
501 502 7791 8322  0
1924 1906 1923 8114  0
1089 1296 1500 7784  0
5280 5262 5281 8114  0
7230 7914 7231 8071  0
8413 7706 7742 8006  0
8300 3650 3648 3964  0
4734 2622 2586 8437  0
5098 5084 5099 7697  0
7979 7563 8155 7495  0
1746 1747 7940 8016  0
470 414 8250 8415  0
3871 7990 8311 4726  0
1746 1758 1759 8016  0
1747 1746 1759 8016  0
1986 1985 8200 8271  0
1758 1772 1759 8016  0
2587 8437 4735 4734  0
3312 2032 4040 2031  0
4364 4367 4029 3284  0
7311 7381 8014 8025  0
4908 6410 3970 8229  0
7596 7033 7032 7783  0
1014 718 717 8012  0
4194 3855 3854 8301  0
6047 8135 8420 6025  0
6964 8075 6612 8213  0
7721 5289 8182 8269  0
913 952 570 7869  0
51 43 63 8361  0
3405 3783 3404 8314  0
1174 940 939 8125  0
4543 4096 7821 8414  0
8019 4173 7878 7999  0
2906 8420 8341 2907  0
4542 4543 5618 8006  0
7675 5278 7933 5298  0
6756 6755 6501 8006  0
1883 4023 3276 7931  0
1581 7842 8165 2480  0
6001 7714 7906 8064  0
6104 6082 8052 8235  0
6063 6083 7890 7967  0
570 639 571 7869  0
6109 6128 8341 7690  0
7653 7215 7995 8312  0
7216 7217 7281 8312  0
5544 5543 7707 8260  0
6648 6649 5752 7866  0
5860 5885 5884 8295  0
7703 7545 7778 7607  0
8017 3380 2348 8214  0
1565 1566 1384 8324  0
6889 6888 8145 8213  0
8317 7773 7857 8067  0
6756 7089 8006 8413  0
1866 3276 3707 7931  0
7069 7643 7070 8072  0
3079 3066 3065 8249  0
7282 7351 7281 8312  0
8074 7757 8343 8111  0
7911 1466 2325 7934  0
8067 7724 8132 8304  0
7998 7388 8046 8399  0
6110 6111 8054 6089  0
754 359 360 7899  0
6771 6772 7101 8369  0
7255 7795 8123 8256  0
5658 6514 8042 8369  0
4942 4954 4953 8209  0
5090 5091 5105 8016  0
1175 941 940 8164  0
4517 4090 7679 7934  0
5610 7679 5594 5611  0
699 700 653 7928  0
6146 6125 6126 7935  0
5576 4499 4516 7934  0
7776 7852 7953 8191  0
7016 6649 6648 7866  0
739 740 1039 8342  0
6745 6534 6535 7702  0
8049 1079 1289 1290  0
7867 1594 7927 8421  0
571 639 640 7869  0
7580 7017 7016 7866  0
4335 8279 3694 4338  0
1280 1069 1070 8017  0
7772 6575 5678 5677  0
3564 2842 7871 8272  0
2551 7705 2511 2510  0
6015 7672 6036 8272  0
6663 8159 6664 8089  0
4499 3746 4516 7934  0
8105 2954 2953 2935  0
6185 6184 6165 7935  0
4133 7772 3799 4134  0
3426 3802 3801 8053  0
2325 2287 2324 7934  0
7866 7930 7749 8259  0
3784 3406 3785 8314  0
2904 2888 8064 8341  0
351 8415 745 350  0
6578 7808 5671 6579  0
3270 4354 3706 4022  0
7656 5960 8175 8442  0
7911 8317 7947 8208  0
315 316 393 8021  0
6523 7837 8268 7860  0
7099 7098 6769 7914  0
7682 7900 8317 8328  0
3538 3545 3539 8370  0
3756 7799 4089 4088  0
5105 5091 5106 8016  0
2903 2904 2886 7967  0
4334 5076 5062 8016  0
7727 7863 7698 7730  0
1898 1897 1914 7931  0
2007 3305 4034 8224  0
7393 7463 7462 8296  0
7410 7411 7480 8187  0
5863 5888 5887 8172  0
8114 5300 5281 5280  0
5794 7985 5779 5780  0
5610 7679 7724 7934  0
7679 4517 5594 5612  0
7702 7724 7911 7934  0
7076 7662 8215 7979  0
3559 3558 3562 8272  0
6455 6443 6444 8395  0
7653 8076 8146 8280  0
627 626 923 8021  0
924 7798 925 8021  0
8098 2208 2207 8048  0
5413 5414 7891 8224  0
6063 6064 6083 7967  0
5684 6586 5674 8199  0
2243 2208 2242 8098  0
939 901 8080 8125  0
2620 2619 4748 8429  0
5204 5203 5187 8069  0
8074 7968 8111 8343  0
8218 8272 7672 6016  0
8011 7949 7889 8342  0
8282 6545 6585 6590  0
5811 5812 5833 8405  0
767 7947 1066 766  0
7249 7248 7184 8060  0
8150 3702 3259 3260  0
798 8234 405 799  0
712 665 711 8087  0
8063 1860 1859 8389  0
8125 8080 7657 8216  0
7798 7774 8001 8206  0
1020 7719 8166 7937  0
5915 5938 7656 8442  0
4618 4148 4620 8418  0
1877 1861 1860 8063  0
2500 3488 2501 8062  0
7808 4597 7875 8056  0
6735 6734 6728 8074  0
5265 5245 5246 8063  0
8098 2209 2208 8023  0
6582 6833 6832 8379  0
3792 3413 3414 8061  0
7033 7032 7783 8228  0
6060 7672 7890 8235  0
407 408 801 8011  0
6103 6104 8052 8235  0
2935 2934 8105 8235  0
2646 8343 2611 2610  0
2500 1624 1623 8062  0
2763 8189 7915 2762  0
2633 8318 2597 2632  0
4016 8336 4344 3699  0
518 519 464 8011  0
6123 6103 8052 8235  0
2606 2642 2607 8074  0
3450 3824 8092 8285  0
2899 2917 2918 8235  0
1231 7925 1422 1423  0
655 656 587 7786  0
2052 2081 8196 8224  0
6097 6077 6098 8325  0
7105 7173 7104 8100  0
586 587 530 7786  0
7774 8213 7810 7743  0
968 980 7941 967  0
4153 4623 4625 7903  0
3821 3446 3820 7688  0
5719 4659 8225 8243  0
131 132 109 8133  0
6123 8052 8105 8235  0
7033 7034 7049 8228  0
7718 6885 8127 8247  0
7702 7700 8132 8180  0
7852 7832 8031 8331  0
6066 6086 7967 8064  0
5324 5344 5343 8356  0
1177 1155 1176 8116  0
3707 4358 5214 7931  0
4255 8297 3578 4856  0
7229 7140 7230 8071  0
1859 1876 8063 8293  0
640 970 7965 8070  0
6116 6096 6117 8297  0
2933 7789 8105 8235  0
981 968 980 8070  0
7069 7879 6704 7068  0
7139 7140 7229 8071  0
3090 3103 7884 8382  0
531 476 530 7786  0
530 587 531 7786  0
6301 6300 6285 8249  0
7430 7429 7360 7765  0
5593 7679 5610 7934  0
7957 5055 8244 5040  0
3987 3977 3676 7840  0
887 7839 867 866  0
1577 1576 7974 8086  0
4141 4143 3805 8396  0
1472 8342 8097 1037  0
3119 3120 7989 8194  0
7369 7300 7370 8071  0
7016 7017 6649 7866  0
7015 7016 6648 7866  0
4951 4952 4964 8270  0
7017 7580 7581 7866  0
1277 7855 1067 1278  0
7324 7323 7254 8123  0
7841 1649 1648 8346  0
6178 6158 7736 8109  0
6628 7667 7688 7905  0
7991 4339 3244 3245  0
7016 7015 7579 7866  0
4142 3804 7804 8053  0
7670 7776 7943 8316  0
5260 7865 5259 5241  0
1625 3210 3214 8270  0
2328 8056 8332 2367  0
3785 8162 4118 8314  0
2403 1485 2369 8056  0
1915 7931 8269 8309  0
7695 3993 3994 3204  0
634 931 635 7924  0
6044 6066 7967 8064  0
6023 6024 6045 8064  0
323 400 322 7924  0
2074 2105 2106 8241  0
5422 7666 5401 5423  0
4589 4590 5659 8369  0
888 8248 8431 887  0
7728 7670 7797 7873  0
1456 1457 2316 7944  0
2904 2887 7967 8064  0
8297 4861 8372 6094  0
6514 6515 6771 8369  0
871 8167 7869 7898  0
4606 8053 4139 4607  0
4503 4487 4488 8333  0
8138 5347 7721 5346  0
7801 7812 8049 8424  0
5360 7666 7680 8136  0
8251 1295 1480 1085  0
6022 6044 7714 8064  0
6001 6023 7714 8064  0
2523 7735 1588 1587  0
4549 4102 4103 8280  0
4345 3262 4017 3701  0
7742 7741 7271 7945  0
811 393 812 8021  0
4345 8144 4348 5143  0
6832 6865 6831 8145  0
7749 7930 8143 8259  0
3938 2992 3604 8352  0
8428 2802 2773 8120  0
1918 4027 3283 8309  0
1153 8001 8392 8206  0
7801 7653 8146 8280  0
5125 5124 5109 8147  0
7013 6646 7946 8259  0
6830 6863 6829 8145  0
3126 3125 3139 7788  0
6032 6033 4852 8148  0
3255 4013 1775 8147  0
1373 1180 7678 8164  0
3390 7801 7902 8049  0
8248 885 886 907  0
3334 4434 3335 7693  0
2125 2156 2157 8349  0
39 58 41 8361  0
4343 5125 5109 8147  0
5075 5062 5076 8016  0
4343 8147 4340 4015  0
5985 7919 8107 8148  0
7902 3766 3390 3389  0
4017 8147 4015 3258  0
5624 4548 4549 8280  0
4015 8147 4013 3255  0
6281 6282 8249 8288  0
5917 5941 5940 8442  0
1790 8147 1804 3258  0
1789 1788 1775 1774  0
7067 6702 7066 7879  0
6889 7881 8145 6890  0
6504 8101 8018 6505  0
2838 2859 8107 8148  0
417 7797 7670 7948  0
3065 6281 8249 8288  0
2095 2096 2065 8349  0
4549 4550 7653 8280  0
3392 3769 3768 8146  0
5985 6007 7919 8148  0
2858 7919 8148 2837  0
6008 5985 8107 8148  0
8274 5889 5864 8172  0
7256 7257 7795 8256  0
7541 7758 8140 7540  0
7842 8404 7729 8009  0
8033 3941 3604 8352  0
2667 2701 2668 8172  0
6961 6960 6938 8127  0
4866 6134 6173 8339  0
7032 7595 7596 7783  0
1011 7912 1010 1227  0
7538 7539 7600 8257  0
2164 2197 7849 7956  0
3370 3364 3369 8262  0
7465 7533 7532 8161  0
245 215 244 8439  0
3065 3050 3064 8358  0
6809 6856 6855 8334  0
6174 6155 8252 8372  0
2848 2827 2847 8294  0
2928 3588 3930 8265  0
7153 7152 7090 8413  0
3714 4030 3286 4366  0
8362 7867 7814 8421  0
6908 6882 6909 7718  0
4299 4930 4929 8270  0
4354 4022 4357 4356  0
2374 8277 7819 8289  0
5961 5940 5962 8442  0
7221 7285 7220 7972  0
1907 1924 1908 8114  0
2463 8129 2427 8273  0
6021 6043 6042 8294  0
5661 5660 4590 8369  0
7903 3818 3444 8273  0
7903 6609 8213 8127  0
5317 5298 5299 7675  0
7762 8317 7857 8067  0
4195 4196 3856 8301  0
1325 818 1327 8329  0
3704 4352 3263 4020  0
8229 4908 3972 3969  0
3275 3278 1867 8126  0
5102 8090 5118 5117  0
4019 8150 4346 4349  0
6816 7124 7123 8256  0
670 8183 716 8223  0
6647 7866 8259 7015  0
7596 7595 7534 7783  0
557 7750 8322 614  0
7764 7626 7041 7627  0
2190 8443 4444 4445  0
6620 5722 8243 8355  0
4334 4338 5077 8279  0
8000 3894 3891 3895  0
535 8231 591 592  0
6836 7880 8282 6870  0
1129 1127 8001 8329  0
5910 5934 5933 7915  0
1868 8005 1853 1852  0
1615 2492 1616 8152  0
3281 4364 3711 3284  0
4357 4022 3270 4356  0
7108 7109 8029 8268  0
5371 5351 8200 8374  0
8202 1327 1325 1328  0
7799 4536 7860 8262  0
6880 8004 7363 7293  0
6156 8109 8252 8372  0
1632 1640 7825 8346  0
953 954 8174 8412  0
1436 7816 1437 8402  0
2031 2032 4040 4385  0
8046 7993 8060 8399  0
7538 8441 7758 8257  0
4400 8354 2032 2061  0
3708 3270 3706 4022  0
2195 4064 3345 2194  0
2032 2033 4041 4385  0
3704 4351 3266 3263  0
1599 1600 1416 8264  0
3702 8150 4019 4349  0
3266 8158 3267 3263  0
6958 6959 7806 8232  0
8336 3700 8150 4346  0
5749 4667 7946 8404  0
3702 3260 3263 3259  0
2945 8252 2962 8109  0
4339 3244 3697 4012  0
535 7780 534 591  0
4026 4361 3277 4362  0
3266 8158 4352 5162  0
4016 4344 3252 4341  0
4020 4349 3702 4019  0
4351 4352 3704 4020  0
4060 2160 3339 2161  0
4496 2263 2264 2299  0
8256 7763 7257 7795  0
4019 8150 3700 4346  0
4018 4344 3699 4016  0
3270 3267 3706 4354  0
7696 8377 4665 7800  0
6284 6300 6299 8249  0
4616 7739 4612 4615  0
5703 6609 7903 8127  0
7800 3836 3463 8377  0
3314 2033 4386 4041  0
2035 3721 4047 2036  0
6932 7806 6958 7503  0
6136 6115 8297 8372  0
2493 2492 3480 8152  0
6046 6067 8064 8420  0
3704 4020 3263 3702  0
1433 1616 1617 8152  0
7772 7743 7774 8337  0
6047 8135 6025 6026  0
412 347 411 8153  0
1434 1433 1617 8152  0
481 480 535 8151  0
1616 2492 2493 8152  0
8001 7774 8202 8337  0
7460 7779 7459 8046  0
4341 8336 4344 3252  0
3700 8336 3699 4018  0
7497 7765 7427 7428  0
8232 6599 5696 5693  0
4352 8158 5144 5162  0
7626 7764 8159 8155  0
7712 7727 7740 7853  0
8150 4020 3263 4352  0
8156 7751 7671 7892  0
7697 5096 5112 5097  0
4020 8150 4349 4352  0
4351 4352 3266 3263  0
4351 5162 3266 4352  0
4354 5162 3266 4351  0
4354 8158 3266 5162  0
4357 4354 3270 4022  0
3270 8158 7782 3267  0
2076 2075 8034 8065  0
5179 3267 3270 4354  0
5179 4354 3270 4357  0
5916 5917 5940 8442  0
3273 7782 3274 3270  0
4356 4357 3273 3270  0
4356 4359 3273 4357  0
4125 8141 4585 4124  0
4357 7782 3273 3270  0
4357 4359 3273 5197  0
4359 8126 4362 3277  0
5751 5752 7866 6648  0
3280 4364 4028 3711  0
4400 2061 2062 8354  0
2229 3357 4068 4479  0
7252 7251 7993 8296  0
3280 4361 4028 4364  0
4361 8126 3280 3277  0
4361 8126 3277 4362  0
4364 4362 3280 4361  0
3280 8126 4364 3281  0
4364 8126 5234 5253  0
4364 8126 4362 5234  0
3706 4354 4021 4022  0
4433 4447 4060 4448  0
4060 4057 3339 4433  0
3277 3273 3709 3274  0
3274 3273 3709 4359  0
6516 5661 7923 8369  0
7725 3236 4007 4327  0
1685 1695 7811 1684  0
4478 4479 4068 4464  0
1193 8412 978 977  0
5003 4322 3686 7811  0
8225 7818 8068 8243  0
3704 4351 4021 3266  0
3706 3266 4021 4354  0
4351 4354 4021 3266  0
3248 3245 3697 4339  0
1906 1907 1889 8114  0
7172 7173 7237 8100  0
7597 7033 7596 7783  0
5275 8095 8368 7933  0
3697 4012 4014 4339  0
3248 3698 4014 3697  0
3248 4341 4014 3698  0
4342 4339 4014 4341  0
4342 4341 4014 3248  0
3248 4339 4014 4342  0
3697 4339 4014 3248  0
7076 6663 8089 8159  0
1255 7948 1045 8266  0
2632 2597 2596 8318  0
1444 8008 1445 7964  0
3157 7659 8024 8229  0
7467 7535 7534 7783  0
5663 6523 6522 8268  0
6230 6212 7901 8082  0
6938 6939 6961 8127  0
8381 7415 7984 7485  0
737 736 800 8284  0
4666 4647 7946 7980  0
8015 5218 8005 8126  0
8008 1444 1445 1254  0
7535 7596 7534 7783  0
2233 8037 8154 2232  0
7536 7597 7535 7783  0
7357 7356 7287 8267  0
2993 3009 7901 8082  0
7597 7596 7535 7783  0
6292 4887 6308 8104  0
3169 3969 3655 8229  0
3992 7695 8209 3203  0
1050 1049 7787 7960  0
6512 8042 8141 5655  0
4612 7804 4142 4144  0
2761 8373 2760 8189  0
5032 4327 3690 7940  0
8102 7775 8115 8083  0
8093 7686 8124 8258  0
7427 7765 8155 8267  0
6712 5804 7767 7781  0
7006 7005 7955 8238  0
8442 5941 5962 8175  0
874 896 875 7723  0
5480 5458 5459 7893  0
8159 7662 8155 7764  0
6053 6032 4852 8148  0
7739 4613 6596 8232  0
534 480 7780 8151  0
7780 480 7899 8151  0
2456 7863 7980 8044  0
8155 7626 7564 8159  0
3485 3486 7816 8301  0
6418 6405 6406 8024  0
3068 8290 3082 3069  0
7734 7726 7804 7878  0
6317 6332 7989 8347  0
8283 3343 2182 2181  0
873 872 894 7723  0
6238 7815 6221 7970  0
8387 2786 8221 2787  0
5191 5190 5174 8242  0
91 90 69 8361  0
7533 7465 7783 8161  0
4764 2653 4763 8429  0
5702 6607 6608 8127  0
7840 4917 4916 4285  0
5450 5449 5428 7760  0
7625 7564 7626 8159  0
7283 7284 7353 7972  0
2114 2145 2146 7893  0
1839 1854 1840 8005  0
2001 2002 1983 7709  0
5691 4616 5693 8232  0
2568 2567 2603 8397  0
3702 8150 3263 3260  0
6293 4884 4271 8104  0
7565 7498 7566 8155  0
8082 6209 6191 8339  0
7670 529 7928 8226  0
975 1030 1031 8028  0
7887 3384 2352 8416  0
8032 6510 6765 6511  0
182 166 211 8130  0
431 367 366 7827  0
2774 3547 2775 8350  0
7565 7497 7498 8155  0
7219 7283 7674 7972  0
7671 7723 7751 8116  0
7552 7553 7614 7879  0
4646 5742 4647 7980  0
6586 5684 5687 8199  0
7633 7703 7896 7607  0
6145 6125 6146 7935  0
6027 6026 6004 8135  0
634 633 930 7924  0
5476 5499 7707 8048  0
7685 6215 7736 7901  0
1541 7835 1542 1537  0
2114 2146 8384 7893  0
4861 6094 6135 8372  0
7301 7983 7914 7302  0
7723 7731 7744 8251  0
1060 7773 1061 8160  0
1387 1386 1578 8156  0
8156 1177 1195 8116  0
7565 7566 7627 8155  0
1461 1271 7773 8160  0
543 600 544 8040  0
3323 4405 3322 3727  0
436 372 371 8077  0
7775 7886 8168 8364  0
4536 7860 8262 5598  0
5506 5505 8110 8283  0
6930 6956 6955 7905  0
1631 1630 1639 8346  0
7668 7728 7954 7998  0
1474 1477 8097 8371  0
2573 2609 2574 8343  0
3303 8287 3316 3317  0
4377 4376 3302 4388  0
4929 4939 4928 8270  0
3926 8148 3922 8212  0
6454 7895 6453 6442  0
5781 5796 5795 7985  0
4377 3298 3299 3303  0
8369 6770 7761 6771  0
5860 5884 5859 8295  0
7882 429 7827 485  0
6840 7164 6839 8004  0
6283 6284 6299 8249  0
3074 7768 3087 8400  0
7960 1452 1451 7852  0
3772 3396 7833 8261  0
1484 3399 1483 7731  0
3724 4391 3316 4051  0
7061 6697 7896 7994  0
829 403 404 7909  0
1451 7852 2311 8096  0
8042 5658 4589 4588  0
2309 7943 7960 8096  0
2269 7977 2306 2307  0
5065 5052 5066 8255  0
5265 5246 5247 8055  0
6115 6096 6116 8297  0
2506 2546 2547 8310  0
2618 2617 2653 8429  0
6018 6040 6039 8218  0
4590 4589 8112 8369  0
4374 4033 3719 4043  0
4048 4388 3722 3302  0
3057 3073 3058 7768  0
1092 8088 8357 1300  0
4627 5714 5704 7999  0
937 1170 1171 8080  0
7000 7507 7508 7955  0
2306 2268 2305 8037  0
6073 6093 6092 8212  0
4192 3852 4191 7961  0
2926 7690 8054 2925  0
7810 7874 7929 7938  0
7215 7280 7995 8312  0
3173 8254 3174 3161  0
8210 1337 1122 7669  0
4434 4061 3334 3733  0
4420 4405 3328 4058  0
2987 2988 2970 7935  0
982 970 981 8070  0
2065 3321 2036 8349  0
5486 4450 4449 4465  0
2003 2004 1985 8200  0
2557 2520 2519 7985  0
4537 7679 8214 8328  0
3346 8348 5486 3347  0
993 1210 994 8036  0
1839 1840 7918 8005  0
6884 6910 6883 7718  0
8302 5806 5826 7746  0
3517 2612 7746 7976  0
7959 7926 8245 8263  0
6308 3954 4889 8400  0
8287 4405 3322 3323  0
5486 8406 3346 3347  0
6296 6312 6295 8382  0
5521 5544 5543 7707  0
5730 5729 6628 7688  0
5486 4450 3346 4449  0
4731 4747 4730 8429  0
1423 1607 1424 7925  0
4450 3735 4449 4065  0
6857 6842 6858 7739  0
7245 7314 7244 7936  0
3087 7768 3073 3086  0
977 978 955 8412  0
6596 7739 6594 4610  0
6498 6753 6752 7900  0
8114 1905 1889 1906  0
3322 4392 3316 4391  0
5571 6463 5590 8031  0
6528 7711 6739 8263  0
3322 8287 3323 3316  0
7772 6589 5675 7718  0
4058 3727 3328 3730  0
4391 4055 3322 4405  0
8225 4660 8243 4659  0
3253 3254 3249 8255  0
3328 3323 3322 3727  0
8080 7657 7665 7678  0
4405 4055 3727 4058  0
197 198 226 8439  0
1736 1737 1724 8255  0
6312 6296 6313 8382  0
3303 5354 3302 4388  0
7793 8067 8304 8317  0
4073 8406 4069 4465  0
8095 3719 3294 3295  0
5354 4388 3303 5375  0
3727 4058 3328 4405  0
6772 6516 6773 8369  0
4434 3733 3334 3335  0
6515 6772 6771 8369  0
3727 4405 3322 4055  0
4746 4729 4730 8429  0
2706 2739 2707 8428  0
3730 4419 3328 4058  0
6089 6069 8054 8420  0
8173 2064 2034 4387  0
3346 8348 4450 5486  0
3370 7964 8262 8378  0
7824 5147 8158 5148  0
4747 4763 4746 8429  0
3086 3101 3087 8400  0
2487 7894 3475 2488  0
1718 8244 7981 7725  0
663 7713 7882 8047  0
2967 2985 2968 8211  0
7524 7585 7523 7954  0
3380 8017 3381 8214  0
6645 7013 6646 7946  0
2519 1584 1583 8364  0
8252 6155 6156 8372  0
7129 7198 7197 8132  0
7028 7591 7592 8409  0
3733 3735 3340 4065  0
4450 4065 3340 3735  0
3340 3735 3346 4449  0
4449 4450 3340 3735  0
4434 3733 3335 3340  0
4450 8348 4434 5463  0
4402 4415 8173 8349  0
4434 4065 3340 4450  0
3733 4065 3340 4434  0
7803 7657 8125 8164  0
4388 4392 3316 5375  0
4388 5375 3316 3303  0
4434 4419 3334 4061  0
1549 2439 2440 7800  0
4419 7693 3334 3328  0
7858 5364 7907 8138  0
4590 5661 8369 8427  0
4434 7693 4419 4420  0
439 375 374 7802  0
8095 4374 4372 3294  0
5545 5546 7832 8048  0
3335 3733 3334 3340  0
4055 4391 3322 3724  0
4430 8443 8349 4431  0
7723 917 7751 8116  0
3591 3586 3585 8372  0
7943 2309 7960 1449  0
4391 4405 3322 4392  0
5660 6516 6515 8369  0
3298 3294 3719 3295  0
4377 5354 3302 3303  0
4371 8368 3294 3290  0
3035 8288 3050 3036  0
1310 7794 8289 7938  0
4405 8287 4392 5397  0
226 242 225 8439  0
7960 7852 1451 8096  0
4405 8287 5397 5419  0
7026 7779 7589 8409  0
6932 7433 6905 8232  0
1282 8416 2351 8017  0
3303 5354 3299 4377  0
5786 7766 5787 7861  0
4377 4374 3298 4043  0
4377 4043 3298 4376  0
5925 5902 5926 8370  0
5460 5439 5440 8384  0
4377 8095 4374 5333  0
3286 8368 3290 3287  0
5948 7871 5949 5971  0
7763 7467 7398 7397  0
1197 7941 8324 8070  0
7977 5605 7988 8096  0
7733 7885 8099 8388  0
3718 8368 4371 3290  0
1224 1007 1223 8179  0
4374 4371 3294 4033  0
4374 4372 3294 4371  0
3298 4376 3720 3302  0
3720 3298 3719 4043  0
3716 8368 3718 3290  0
4374 8095 4372 5313  0
3291 3292 3295 3296  0
3290 4371 3718 3294  0
4048 4051 3722 4388  0
3316 4388 3722 4051  0
3316 4051 3722 3724  0
4374 4043 3719 3298  0
1947 1948 1931 8269  0
1915 1914 1931 8269  0
5077 5092 5091 8279  0
3302 3303 3722 3316  0
3316 3303 3722 4388  0
3302 4388 3722 3303  0
4043 4376 3720 3298  0
3822 3447 3821 8285  0
6563 6783 6782 7873  0
4497 8262 3743 3363  0
4069 8406 3346 4465  0
6470 6487 6486 8263  0
3086 3100 3101 8400  0
3050 3619 3064 8358  0
5304 8055 8356 8407  0
1428 1612 1429 7937  0
5071 5086 7981 8171  0
5306 5307 7858 8269  0
6783 7113 7112 7873  0
4141 4608 4143 7962  0
2520 2519 7985 8364  0
749 7670 8365 354  0
4538 7973 4092 4539  0
7381 7311 7312 8025  0
7783 7465 7795 8161  0
2522 1587 1586 8115  0
5931 5908 5932 8189  0
2488 7997 1611 2487  0
698 651 697 8036  0
7869 912 7853 891  0
5680 7932 5681 6583  0
8157 3349 3355 2216  0
924 7798 1154 925  0
2893 3581 2894 8212  0
4173 4156 7878 7999  0
2524 7735 8115 7843  0
2817 2835 7919 8319  0
7974 2501 8062 8086  0
524 580 581 8250  0
4338 3696 5093 8279  0
2390 7877 8061 8167  0
7181 7873 7112 7113  0
2594 2595 7996 8051  0
583 526 582 8226  0
7873 7797 7720 7948  0
517 7965 8011 8234  0
7012 8259 7013 7946  0
7261 8067 7663 7262  0
1891 1892 8063 8227  0
351 415 7948 8415  0
7489 7557 7952 8286  0
2494 8152 3481 8419  0
1461 1271 1462 7773  0
6525 8191 6571 6570  0
3043 3057 3058 7689  0
5096 5095 8255 8336  0
75 8393 111 97  0
4605 5685 4608 7962  0
1913 1897 1896 7931  0
7686 8118 8124 8258  0
4956 4944 4945 7695  0
4214 7716 3874 3507  0
8168 7728 7775 8036  0
7996 8083 8102 8115  0
8003 2640 2639 2604  0
860 880 8125 8216  0
7670 353 7948 8365  0
609 7719 610 7904  0
6491 6534 6533 7702  0
661 592 660 8231  0
1638 1637 1647 7695  0
4957 4970 4969 7695  0
6921 6946 6920 7828  0
1595 1594 2530 7867  0
3022 3036 3037 8288  0
1919 3292 8095 8368  0
7780 478 7786 7899  0
8219 7653 8101 7916  0
7815 6221 7970 8299  0
3081 3082 3068 8249  0
8359 8141 6767 7914  0
6481 7953 7988 8096  0
1905 1922 1906 7933  0
829 831 832 7733  0
5533 5509 5510 8406  0
927 1161 928 8066  0
7683 7795 8161 7763  0
2457 3465 3466 8044  0
8030 6855 6856 8334  0
1289 2357 7812 8049  0
7284 7219 7220 7972  0
5948 5927 5949 8370  0
2070 2042 7666 8291  0
960 943 959 7803  0
7696 4665 8178 7800  0
723 676 722 8166  0
7724 7679 7911 7934  0
5530 5529 8283 8408  0
3501 7842 3498 3497  0
5967 4832 3905 8350  0
6098 6099 6119 7789  0
2167 2200 2201 7978  0
5730 6628 6629 7688  0
5846 7781 8026 5845  0
155 140 130 154  0
6969 6947 6970 7828  0
4690 4691 4203 8128  0
3450 3451 2448 7908  0
5074 5060 5061 7940  0
1185 1377 1378 7908  0
6499 6500 6754 8006  0
5579 7860 7888 8037  0
5044 5058 5043 7725  0
7108 8014 7107 8268  0
3678 1642 3215 7825  0
6531 6741 6530 7711  0
8126 4359 7782 3274  0
6921 6947 7828 8043  0
5606 5585 5586 8096  0
536 8151 535 592  0
2968 2951 2967 8105  0
3247 3694 1748 8279  0
5910 5886 5887 7915  0
5736 6635 6638 8238  0
7777 7703 7994 8187  0
5908 5885 5909 7915  0
5856 5832 5857 8142  0
4189 4676 4677 8103  0
7173 7174 7238 8100  0
842 8222 8321 841  0
1187 962 1186 7908  0
7856 7779 8046 8296  0
7078 7077 7040 8159  0
7255 7191 7256 8256  0
8040 546 602 545  0
6972 6950 6973 7850  0
2764 2731 2763 7915  0
1596 8362 1597 1413  0
7168 7232 7167 7761  0
1295 2363 1294 8261  0
1295 1294 1084 8261  0
7616 7615 7554 8381  0
6778 7847 8268 7107  0
2988 3003 7876 8299  0
3438 8367 3436 8108  0
6154 6134 6135 8372  0
7421 7490 7420 8286  0
1257 7943 8365 1258  0
7943 2308 7977 8096  0
2310 7960 8096 1450  0
2362 1294 2363 8261  0
4007 4327 5017 7725  0
1718 1731 1719 7725  0
1419 1227 1418 7912  0
1731 1732 1719 7725  0
8260 7852 8096 2274  0
509 563 564 8124  0
878 858 7885 8216  0
768 769 1068 7855  0
7093 7092 6760 8101  0
5688 4607 4609 7739  0
4699 8440 4698 7705  0
2838 7919 2837 8148  0
5994 5995 6017 8218  0
7653 6761 6762 6507  0
7879 7834 7777 7984  0
4561 8430 4520 8056  0
6951 6952 7850 8278  0
1864 8059 1863 1880  0
8015 1919 7933 8368  0
3772 3395 3396 8261  0
6490 6473 6491 7702  0
7512 7730 7444 8143  0
1623 7816 8062 8086  0
7677 7799 7889 8041  0
3020 3034 3021 7876  0
1862 1879 1863 8059  0
6819 7663 6818 8180  0
1197 7941 980 1191  0
8392 877 1139 1120  0
3066 3065 8249 8288  0
3005 3021 3608 7876  0
3954 3952 3628 8104  0
3038 7901 3039 3024  0
6707 8072 8122 7737  0
8082 6246 8288 6247  0
6002 5980 5981 7906  0
3022 3023 8082 8288  0
3052 3066 8249 8288  0
1508 1509 1485 8233  0
7879 7069 7642 7068  0
5107 5122 5106 7692  0
5828 5829 7746 7976  0
2130 2100 2099 8291  0
6663 6664 5773 8089  0
1552 1373 1551 7678  0
1605 1422 1421 8094  0
4103 4104 8076 8146  0
117 155 141 140  0
5712 6616 5713 8163  0
972 642 641 7965  0
7943 7977 7988 8096  0
5375 5354 5355 3303  0
5355 8287 3303 3304  0
8042 6512 6769 6513  0
6222 6204 6223 7876  0
3289 3713 1935 8182  0
850 871 7898 8167  0
6246 6263 8288 6264  0
7517 7449 7450 8246  0
390 8392 624 391  0
7654 8179 8264 7713  0
2359 3391 3390 8049  0
7377 7308 7378 7930  0
6462 5551 6464 8245  0
5621 8219 4546 5622  0
5521 5520 5498 7707  0
4443 4444 2156 8349  0
5011 5010 7883 7957  0
7683 7668 7766 7779  0
2773 2739 2772 8428  0
6675 8083 6656 8102  0
5844 8026 5868 8039  0
7942 7298 8071 8292  0
1517 1515 8001 8337  0
7137 6810 6811 8292  0
773 774 1073 8193  0
1684 1683 1694 7811  0
3790 7687 8061 8141  0
3327 4404 4050 8349  0
7337 7793 7406 7336  0
2835 2855 2856 7919  0
8098 8048 5524 8023  0
812 394 813 8021  0
2752 2720 2719 8401  0
2792 2793 2763 7915  0
1707 7725 7811 8244  0
2889 2870 8064 8420  0
3150 3137 3149 8254  0
5491 5492 5515 7978  0
8024 7659 6393 8229  0
7485 7486 7553 8381  0
7696 7665 7800 7850  0
4094 4541 4540 8414  0
6986 6985 6973 7850  0
1264 1263 1053 8181  0
5885 5886 5909 7915  0
7907 2042 2072 7760  0
8221 5878 8370 5902  0
4927 6456 6457 7840  0
360 755 754 7917  0
7780 7910 8231 8330  0
8173 4400 4386 2062  0
1427 1235 7997 8166  0
2793 8189 2792 2812  0
8417 7686 8093 8258  0
7088 7089 7151 8413  0
1208 1400 1209 7886  0
3764 7821 4097 3763  0
7726 7739 8053 8199  0
7391 7856 8046 8296  0
7700 7913 8160 7822  0
7370 7371 7955 8071  0
2066 4050 3321 8349  0
6688 7757 6719 6687  0
1594 2529 2530 7927  0
8056 2402 8137 8332  0
7329 7328 7259 8038  0
7524 7523 7456 7954  0
4314 4963 4962 8275  0
2674 7864 8026 8188  0
5041 5056 5055 7981  0
7685 3056 7768 8290  0
7647 7622 7648 7979  0
2783 3556 2784 8401  0
7828 7818 7880 8043  0
7551 7483 7484 7984  0
8255 5096 5082 5081  0
8221 5949 5927 8370  0
1780 1781 7664 7824  0
7485 7484 7415 7984  0
2675 2676 7864 8188  0
8356 8269 5306 7858  0
7100 7101 7169 7761  0
7304 7234 7235 7761  0
7233 7303 7302 7761  0
2214 2248 2215 8157  0
7320 7250 8046 8399  0
853 805 804 8118  0
1109 1108 834 7963  0
8114 1905 1906 7933  0
3510 3509 3516 8405  0
4387 4402 8173 8349  0
7758 8441 7470 7769  0
2068 2069 7666 8291  0
7250 7251 7320 8046  0
7888 2302 7964 8262  0
6973 6950 6951 7850  0
7139 7652 6813 8071  0
2001 1983 1982 7709  0
2289 8332 2327 4518  0
5667 6543 6542 7829  0
7654 7658 7758 8257  0
4976 4319 7811 8275  0
8349 4390 4404 4050  0
1874 1858 1857 8293  0
6019 5997 6020 8294  0
1874 1857 1873 8293  0
8292 7652 6812 7139  0
3699 3253 3252 8336  0
5717 7975 7705 5716  0
3251 8147 1775 4013  0
5587 5586 5567 8281  0
1692 1704 7883 7957  0
559 8093 7922 7750  0
7719 7704 7846 7904  0
6290 7689 6272 8400  0
7670 7943 7960 8365  0
5023 5024 7957 8035  0
4343 5125 8147 5126  0
1147 7751 7939 1146  0
549 7796 550 7802  0
7842 3867 3501 8311  0
7298 7942 8071 7368  0
2382 8314 7784 1296  0
7581 7580 7519 8246  0
7658 7757 7745 8264  0
7137 7227 7226 8292  0
7138 7139 7228 8292  0
1875 1859 1874 8293  0
2125 2094 8173 8349  0
3868 7699 3873 4209  0
1890 1891 1875 8293  0
6812 7138 6811 8292  0
2443 8377 2442 3445  0
7519 7451 7452 8246  0
4429 4415 4416 8349  0
8162 7652 8236 8292  0
2036 3321 4047 8349  0
7729 7728 7842 7886  0
3823 3449 3448 8285  0
4341 8336 3252 4342  0
4335 8279 4338 4334  0
7244 7180 7245 7936  0
696 993 697 8036  0
7749 7950 7980 8044  0
7924 398 819 399  0
2563 7843 2564 2526  0
7170 7101 7755 7761  0
5492 5493 5515 7978  0
1691 1692 7883 7957  0
488 542 543 7992  0
7652 8030 8292 8162  0
7298 7228 8071 8292  0
8071 7652 7942 8292  0
7118 7186 7117 7993  0
6617 7828 8355 6616  0
629 7798 8066 8436  0
618 8084 8093 8363  0
4262 3934 7690 8265  0
7674 7220 7972 7132  0
1367 1549 7678 7800  0
7729 7950 7807 8009  0
6214 7736 7901 8252  0
5011 5024 5010 7957  0
6167 7935 8033 6166  0
6987 6986 6974 7850  0
7826 5630 6539 5631  0
904 942 943 7803  0
7691 7677 7729 7889  0
646 7813 647 578  0
1197 1198 8070 8324  0
1885 1901 1902 8015  0
2382 7784 1501 1296  0
2081 7893 7891 2112  0
7637 7611 7777 7994  0
3456 7980 3831 3457  0
1599 2534 2535 8264  0
640 971 641 7965  0
2599 2564 2563 7861  0
1383 7740 8078 7941  0
6952 6974 6951 7850  0
2242 2241 2277 8098  0
5039 5025 5026 7957  0
1716 1715 1727 7957  0
1692 1691 1703 7957  0
1210 993 1209 8036  0
6471 7805 6488 8245  0
1770 8171 8090 8016  0
5618 4543 5619 8006  0
1047 748 1048 8365  0
6335 6336 8184 6320  0
7168 7099 7100 7761  0
425 8403 426 8151  0
6987 6624 6623 7850  0
5783 7996 5798 5797  0
7657 7696 7905 8013  0
7560 7559 7492 8286  0
5108 5092 7692 5107  0
6622 6986 6623 7850  0
6975 6987 6974 7850  0
8393 144 143 8130  0
7700 7805 7836 8192  0
2363 3394 2362 8261  0
8262 5557 4497 4515  0
7024 7954 7823 7023  0
7495 7496 7563 8155  0
7193 7258 7257 8038  0
1819 3265 3701 8144  0
5481 8023 7893 5482  0
7657 7800 7665 7678  0
5561 5580 5560 8037  0
7964 2267 2305 2304  0
1461 2321 2320 8192  0
6985 6972 6973 7850  0
6117 8325 6096 6097  0
4573 7921 5643 5642  0
2707 2673 2706 8026  0
1386 7974 8116 1385  0
7250 7993 8046 8399  0
5102 5103 5118 8398  0
7151 7152 7209 8413  0
1905 8114 7865 7933  0
1678 1690 1679 8035  0
5580 8050 5581 5601  0
6506 6505 5623 8101  0
7950 3466 7980 8044  0
6973 6974 6986 7850  0
7916 7214 7156 7213  0
243 214 213 8439  0
5743 4667 4666 7946  0
3002 2986 3001 8299  0
1471 2396 2395 8117  0
6036 6057 6035 8386  0
4752 4736 4753 8437  0
7168 7914 7761 7167  0
5962 5963 8107 8175  0
3285 3284 3287 8368  0
200 199 172 8439  0
1370 1196 1388 8156  0
7249 7248 8060 8399  0
7495 7563 7562 7979  0
7624 7623 7562 7979  0
8015 5273 5255 5254  0
5198 8126 5216 7782  0
6444 6445 6456 7840  0
4916 4927 6457 7840  0
2920 2921 7967 8052  0
5539 5538 7978 8154  0
7757 7658 8302 8343  0
3790 3791 4124 8061  0
4889 3954 3953 8400  0
6034 6035 6056 8386  0
2599 2563 2598 7861  0
7654 8087 8179 7713  0
1440 1623 1624 8086  0
4198 4199 3859 8062  0
2269 7977 2307 8154  0
1384 1566 1389 8324  0
8102 7775 7823 7735  0
6566 6567 6786 7988  0
5757 5756 6697 7896  0
7766 5787 5788 6678  0
8293 7865 1857 1873  0
6757 8006 6756 6502  0
5630 6539 6538 8032  0
4922 7895 8390 6452  0
3974 3977 4286 7840  0
4497 3358 4498 3364  0
7894 7704 7937 7997  0
3807 4143 4145 8396  0
3571 3570 3576 8386  0
4130 4129 3796 8207  0
3456 2453 3455 8078  0
5548 5571 5547 8098  0
6523 7837 6524 8268  0
2243 2242 2278 8098  0
1953 1936 3292 8095  0
2234 2233 2269 8154  0
7658 7759 8058 8343  0
6303 6287 7768 8184  0
4497 5557 4498 4515  0
4554 5630 5629 8032  0
2447 3449 3450 8285  0
7673 8033 2975 8352  0
2018 2048 7709 8065  0
1005 7713 8047 1222  0
6897 6924 8043 8278  0
5918 5941 5917 8428  0
7664 5116 7697 7824  0
492 8040 546 8077  0
1011 7912 8183 1010  0
7942 8092 7667 7712  0
6778 6521 6522 8268  0
7631 7630 7778 8220  0
6048 8054 8135 6049  0
2573 2608 2609 8111  0
8015 3288 1901 1902  0
5517 5539 5516 7978  0
8015 5274 5256 5255  0
4558 4557 4111 8425  0
2415 2416 1527 7838  0
7656 8175 8438 8442  0
5293 5313 4372 8368  0
8370 3537 3544 5924  0
5429 5428 5406 8241  0
243 242 272 8439  0
7916 8413 6758 8018  0
5155 8242 7785 5172  0
256 273 272 8439  0
1423 1422 1606 7925  0
4267 7970 7876 3616  0
4932 4943 4942 8209  0
7773 8317 7947 7724  0
1092 8321 1299 1091  0
1266 1456 1265 7944  0
4095 3762 4096 8414  0
6445 6432 6433 7840  0
6278 6243 6261 8358  0
5136 8090 5120 8119  0
5149 5148 5132 7824  0
226 227 255 8439  0
255 227 256 8439  0
4132 4604 4599 8199  0
1527 1526 2415 7838  0
6140 6139 7789 8109  0
2662 2663 2628 8240  0
3821 3447 8079 8285  0
7250 8060 7185 7993  0
430 365 429 7827  0
4611 7661 8396 7962  0
4297 3987 3986 7840  0
4285 3977 3987 7840  0
7671 8426 8089 7974  0
3759 7973 3760 4093  0
415 351 350 8415  0
197 170 198 8439  0
5275 5295 5294 8368  0
3572 2841 3568 8386  0
2599 7767 2564 7861  0
7657 8433 8195 8013  0
7664 5117 7824 8090  0
4073 4480 3739 8406  0
3759 3383 3760 8416  0
5309 5310 5328 7721  0
7950 4181 8009 8404  0
5807 5808 5828 7976  0
3098 8347 3110 8184  0
2235 7831 8154 8323  0
7711 6529 6739 6740  0
5992 6014 5991 8272  0
6487 6470 8245 8263  0
3363 4076 4497 3358  0
6223 6205 6224 7876  0
6291 6306 6290 8400  0
1059 1269 1058 8160  0
6529 6528 6486 8263  0
5661 6516 5660 8369  0
3692 4329 3240 7940  0
5453 5474 5452 8034  0
2886 2887 2867 7967  0
5209 8010 8063 8389  0
7250 7185 7186 7993  0
7436 7437 7504 7942  0
2077 2109 2078 8034  0
3404 3782 3403 8113  0
1711 8326 1700 1699  0
3174 8254 3162 3161  0
6357 6356 7752 7788  0
7911 2346 8208 1466  0
6481 6567 6480 7988  0
6292 6291 8104 8400  0
5453 5433 5454 8034  0
4552 5628 5627 8076  0
7798 8001 8021 8206  0
5173 5190 5189 8242  0
2146 2147 2115 8384  0
3986 4296 7840 8395  0
930 931 634 7924  0
4574 5644 4532 7921  0
7953 6570 8191 8410  0
5507 5506 5485 8283  0
8200 5312 5332 4370  0
5702 4626 4625 7903  0
2440 1550 1549 7800  0
415 350 414 8415  0
2844 2825 2824 8218  0
3217 3216 3220 8270  0
7818 7665 7880 8043  0
8141 5656 4586 5655  0
5522 5499 5500 8048  0
7388 7458 7457 7998  0
3875 4212 4725 3871  0
6300 6301 6317 8249  0
1764 1763 1778 7697  0
4726 7990 5777 5792  0
7621 7979 7622 8122  0
453 388 452 8124  0
5562 7977 8154 5563  0
1342 8210 7669 1340  0
4677 7717 8103 7737  0
5243 5244 8063 8389  0
1596 1595 2531 7982  0
1490 1489 8277 8289  0
5829 4759 7746 7976  0
2207 8098 2241 2242  0
5592 6492 7702 7934  0
6230 6248 6229 8082  0
5054 5039 5040 7957  0
3036 8288 3050 3051  0
951 7869 913 7941  0
2462 2506 2463 8310  0
527 7797 8226 472  0
8300 8229 4903 6382  0
8041 4087 8427 8434  0
5315 5314 5296 8095  0
2328 4519 2327 8332  0
2278 7926 2316 2279  0
707 7814 8047 8231  0
7746 5854 5877 4775  0
4958 7841 4959 4971  0
7450 7381 7451 8246  0
6661 8409 8091 6660  0
5378 5377 5357 8287  0
6865 7881 6866 6890  0
199 198 171 8439  0
3760 3761 4094 8414  0
7694 7676 7834 7879  0
5354 3299 4377 8095  0
5789 5809 7699 8335  0
4348 8073 5161 8144  0
4044 5374 4375 8224  0
6043 6044 6065 7967  0
6846 7880 7951 6871  0
6140 6160 6159 7848  0
2677 2710 8000 8188  0
8260 8096 2272 2273  0
6386 6372 6387 8254  0
5588 5589 5609 8281  0
2089 4410 4424 8354  0
7788 6343 6357 6358  0
7369 7370 7439 8071  0
2135 2104 7760 7986  0
6065 6064 6043 7967  0
7182 7114 7183 8060  0
6676 7766 6677 8102  0
5249 5231 5232 7931  0
7222 7820 7958 8267  0
2794 2793 7906 7771  0
2661 2693 2694 8142  0
145 8393 121 158  0
7667 7657 7803 8079  0
5881 5880 8142 8221  0
5704 4624 4627 7999  0
4378 5396 5395 8196  0
6242 7876 6241 6224  0
7389 7388 7319 8399  0
2114 2082 2113 8196  0
3319 2054 2055 8196  0
3522 2646 2680 7746  0
3578 6054 4856 8297  0
5590 6467 5589 8031  0
5112 7697 5113 8150  0
1577 2502 2503 7974  0
3022 3008 3007 8082  0
3520 8221 5879 3528  0
707 1004 708 8047  0
5228 8063 5210 8059  0
6985 6972 7850 8043  0
3346 8348 3347 3340  0
7462 7530 7856 8161  0
3374 8097 1473 3375  0
5652 8236 6559 6558  0
6762 6508 6763 7653  0
8107 6011 6033 4849  0
3064 3063 8382 8358  0
7536 7597 7783 8441  0
2514 8205 8225 7716  0
5244 5243 5226 8389  0
6106 6085 6107 7967  0
5702 5703 4626 7903  0
8260 7852 8281 8096  0
1315 1108 1109 7963  0
3394 3771 8146 8261  0
7768 3074 3073 7689  0
3304 5355 7701 8095  0
3218 3214 3213 8270  0
5633 7826 7829 5632  0
7893 5436 5437 8196  0
8054 6048 8135 8420  0
3179 3166 3178 8024  0
5194 5193 5177 8073  0
7259 7328 7258 8038  0
7720 8008 8371 8378  0
5807 8360 5806 6722  0
7754 7822 7844 7917  0
3063 3064 8382 3077  0
5781 7775 6671 6672  0
1075 775 776 8176  0
41 48 39 8361  0
2009 1991 2008 8287  0
8129 2463 8310 8273  0
7081 7082 7144 7682  0
5349 5350 5369 8374  0
4942 4931 4932 8209  0
7493 7561 7560 7979  0
4333 3241 3238 7991  0
132 133 8133 8393  0
8294 6043 8064 7714  0
1460 1459 7913 8192  0
3172 3160 3171 8394  0
3821 7667 7688 4161  0
432 488 489 7992  0
6085 6086 6107 7967  0
4879 3616 4268 7970  0
2005 2006 8200 8224  0
6767 6813 7914 6837  0
6676 7823 6657 6658  0
6473 8408 7805 6465  0
463 406 462 8234  0
7942 7368 7437 7862  0
4665 7696 8178 5725  0
3824 3449 3823 8285  0
1165 1166 7830 7835  0
5230 5213 5231 7931  0
3262 4345 4017 8144  0
7745 7754 7654 7814  0
3576 3575 8325 8386  0
3381 3382 3758 8017  0
3088 3074 3087 8400  0
3483 7961 8301 8237  0
2022 2005 8200 8224  0
7736 2998 7848 8002  0
75 8393 8133 111  0
1373 1180 1369 7678  0
865 864 885 7839  0
6154 6136 6155 8372  0
6322 8184 7756 6321  0
6254 6235 7689 8002  0
7724 6492 6535 6536  0
4181 8404 4180 4668  0
8188 7968 2677 7864  0
7046 7734 7999 7045  0
3673 3194 7895 8395  0
2899 7890 8235 2900  0
6485 6486 6528 8263  0
1933 7721 1932 1949  0
7757 7982 8003 8020  0
2875 2876 8148 8212  0
1124 1122 1121 7669  0
7878 7726 7892 7734  0
2069 2070 7666 8291  0
5878 5902 5925 8370  0
4599 4132 8207 4130  0
2968 2985 8105 8211  0
1344 1342 1522 7669  0
7196 7128 7197 8132  0
5529 8217 5528 8283  0
5957 7906 7771 5980  0
1803 1802 8144 8147  0
2983 2984 7848 8211  0
6181 6198 7848 8211  0
5168 5167 7918 8005  0
5262 5281 8114 8227  0
1935 3712 1934 8182  0
7384 7383 8025 8303  0
7975 7810 8276 8213  0
1987 1986 2004 8200  0
3214 3218 1643 8270  0
7695 1645 7715 8209  0
865 886 866 7839  0
1020 7719 724 8166  0
7745 7683 7814 7867  0
7751 1157 1158 7854  0
2985 2967 2984 8211  0
417 474 418 7670  0
3134 3135 3123 8300  0
7700 7711 7663 8180  0
1580 7892 2460 8156  0
1337 8210 1122 1338  0
8065 8138 5408 7709  0
4306 3998 4937 8346  0
7685 6253 7689 8002  0
7239 7309 7308 8100  0
3810 4150 4148 8418  0
7308 7309 7930 8100  0
7669 1139 1342 1337  0
2999 8002 3015 8211  0
3182 3181 3191 8394  0
200 229 228 8439  0
7163 7290 7958 8004  0
7437 7436 7367 7942  0
1348 7838 1349 7669  0
867 845 866 7839  0
142 143 8393 119  0
2948 2965 2949 7848  0
6173 8372 6154 8339  0
8343 7746 2645 2610  0
1233 1424 1425 7925  0
496 440 7802 8198  0
1233 1016 1232 7925  0
2235 2271 2236 8323  0
6244 6245 6261 8358  0
5959 5958 5936 8319  0
2220 2221 2187 8333  0
7952 7879 7834 7676  0
2575 2537 2574 8343  0
2075 8034 8065 8241  0
8055 7872 8356 8407  0
4948 4947 4937 8346  0
2254 2291 2255 8333  0
4947 4946 4936 8346  0
7837 7720 8378 8008  0
7757 6685 8228 8253  0
4079 4076 4497 3743  0
5615 5614 7973 8328  0
4602 8137 4136 4593  0
166 141 142 8130  0
7679 6495 7682 8328  0
3224 3227 3228 7715  0
2232 2197 2231 7888  0
1674 1673 7811 8275  0
6338 6323 4892 7756  0
7327 7328 7763 8038  0
7555 7952 7487 7488  0
8366 8136 8407 5321  0
2582 2619 2583 8429  0
6976 7905 6989 7696  0
2619 2618 2654 8429  0
8261 1084 8118 8258  0
4480 4076 4073 3739  0
6528 7711 6529 6739  0
7145 7146 7203 7900  0
143 144 168 8130  0
3739 8406 3737 4073  0
1008 1007 1224 8179  0
4977 4978 4990 7715  0
7070 7737 7069 8072  0
8085 7925 2485 2484  0
6456 6445 6457 7840  0
7524 7457 7525 7954  0
6639 6638 7006 8238  0
3387 3386 2355 7887  0
4515 5577 4536 8262  0
6329 6330 6345 7884  0
5609 5589 6466 8410  0
2789 2760 2759 8373  0
2560 2561 8115 8318  0
5354 3303 3299 8095  0
4667 4666 7946 7950  0
1681 1693 1682 7883  0
630 631 338 8066  0
8239 7819 2300 2337  0
5913 5889 5890 8274  0
8418 7734 7806 7804  0
3743 8262 3368 3363  0
885 8248 7839 906  0
7822 7805 8263 7711  0
2168 7831 7986 2201  0
1749 1762 1763 8255  0
6992 6979 7710 7905  0
8440 2547 2507 2548  0
7664 1742 7981 8171  0
4480 3739 4498 4497  0
8262 4497 3743 4079  0
3739 3358 4497 4076  0
4498 8262 4497 3364  0
2835 2834 7919 8319  0
5530 5552 5529 8408  0
4079 4515 4514 4536  0
3739 4076 4497 4480  0
7799 7720 8371 8378  0
2440 2439 2475 7800  0
5282 8407 5302 8366  0
5343 5323 8356 8407  0
5284 5283 8055 8407  0
5321 5322 8136 8407  0
5347 8138 5366 5346  0
5323 5343 5322 8407  0
8227 8407 8055 5283  0
4480 4465 4481 4073  0
5323 5304 8356 8407  0
6331 6330 6316 7989  0
8136 5322 5343 8407  0
7923 7681 8427 8434  0
5304 5284 8055 8407  0
2302 2344 7964 8378  0
2436 2472 2437 8205  0
5661 7923 8427 8434  0
7793 7266 7335 7336  0
4322 5003 5002 7811  0
806 7723 855 7744  0
452 8093 8124 8417  0
6567 6566 6480 7988  0
2391 3412 2390 8061  0
8252 3594 3595 2977  0
8041 7681 7677 8434  0
2970 2971 2954 7935  0
7112 7111 6782 7873  0
5806 5828 7746 7976  0
2269 8037 8154 2268  0
2994 3010 2995 7901  0
4025 7931 4023 8309  0
5861 8051 5860 5837  0
483 427 426 8403  0
3380 8017 2348 2349  0
4955 4956 4968 7695  0
2439 8197 2438 7800  0
6798 6825 6840 8004  0
2343 1443 2344 8378  0
8152 8237 7961 8419  0
3717 1970 3297 8200  0
2143 2112 7891 7893  0
6593 6826 6845 7718  0
6258 6276 6275 7970  0
6947 6970 7828 8043  0
7047 6662 7030 8081  0
5245 5244 8227 5263  0
1601 2536 2537 7759  0
3079 3080 3066 8249  0
5224 5242 5241 8293  0
8431 7698 7853 8167  0
7775 7735 8115 8168  0
481 424 480 8151  0
8155 7494 7845 7979  0
1283 1072 1073 8193  0
7145 7082 7083 7682  0
2163 2162 2196 7956  0
7503 6983 7570 7806  0
8159 6663 6664 7078  0
1205 989 988 8165  0
1140 897 1145 7751  0
4666 4178 4647 7980  0
5878 4773 4225 4804  0
373 8077 7855 372  0
1955 1956 1939 7675  0
2630 2595 2594 8051  0
4387 2035 4047 8349  0
7157 7158 7215 7653  0
1939 1956 1957 7675  0
2819 2818 7919 8175  0
5093 5092 5077 8279  0
3490 3489 3861 7974  0
1774 8147 7692 1788  0
5485 5508 5507 8283  0
4259 8212 8265 6114  0
3756 7799 2340 8262  0
5270 5289 5288 8269  0
6313 6297 6314 7884  0
1993 1994 1975 8136  0
1021 7719 1022 725  0
4654 5715 4655 8129  0
4075 4496 4072 3362  0
3367 8239 3373 4078  0
4517 4516 4080 7934  0
5918 8026 8188 8428  0
7948 1046 8266 8365  0
5444 5423 5424 8291  0
8097 7949 8284 8342  0
6495 6749 7679 7682  0
1746 1734 1733 7940  0
3407 3406 2385 8088  0
494 438 437 7802  0
1157 7751 1158 1146  0
8233 7743 8337 8202  0
7890 6064 6041 6063  0
4641 5736 5737 8238  0
7324 7254 7795 8123  0
1574 1396 1395 8165  0
1206 1398 7886 8165  0
6959 6984 6958 7806  0
7204 7147 7205 7900  0
7371 7441 7955 7983  0
846 847 791 8357  0
1881 8059 7931 1880  0
7195 7260 7259 8038  0
5167 5183 5166 8005  0
3781 3402 8113 8195  0
6518 8434 5662 6519  0
2067 2098 2099 8348  0
4660 5720 5721 8243  0
444 500 501 7791  0
5575 5574 5556 7836  0
3354 2162 3348 7956  0
4316 4939 4951 8270  0
3351 2228 4068 4464  0
7824 5134 7918 8090  0
4677 7717 4190 8103  0
7657 7803 8079 8164  0
7818 7810 7794 7835  0
1271 1060 1061 8160  0
1071 1282 8017 8193  0
919 8392 623 898  0
3931 3592 3934 8265  0
7042 7628 7043 7897  0
1545 1364 1363 8022  0
5216 5199 5217 8126  0
3473 3844 3845 8315  0
6420 6419 6407 8024  0
7728 7720 7797 7813  0
8042 4586 8061 8141  0
2767 2797 7656 8319  0
7873 6565 6784 6785  0
5391 5412 5411 8139  0
1975 1974 1992 7680  0
2237 2203 2202 7831  0
6228 6229 6247 8082  0
7307 7308 7377 7930  0
7790 7726 7868 8385  0
754 1053 7899 8181  0
5592 7702 7836 7934  0
680 681 8322 8411  0
6829 8247 6579 8145  0
6291 6273 6292 8104  0
6828 6578 6829 8247  0
6284 8290 6285 8249  0
5678 5670 6577 8247  0
7144 8304 7143 7682  0
1161 1356 1162 8345  0
6471 7805 6472 6488  0
7252 7251 7187 7993  0
6712 8020 8091 6713  0
4552 4105 4106 8076  0
7789 2930 8109 8325  0
6992 6991 6979 7905  0
3937 8339 4871 6209  0
2740 2708 2707 8188  0
5963 8428 8175 5941  0
5176 5193 8010 8073  0
8435 4235 4816 4815  0
7405 7406 7762 7793  0
3544 8272 3898 3559  0
5466 5467 7956 8291  0
6886 6885 6861 8247  0
6024 6002 6025 7906  0
1625 3199 3210 8270  0
5155 5138 7785 8119  0
2047 2017 2046 8422  0
8420 8341 6089 6088  0
5374 5373 4375 8224  0
3053 8249 3052 3067  0
4318 4316 4951 8270  0
4964 4321 4318 8270  0
5378 5379 5399 8287  0
5519 5497 5520 7707  0
647 693 694 7813  0
537 8231 536 593  0
4189 3849 4188 8103  0
2359 2360 3391 8049  0
3212 3216 3217 8270  0
5265 8227 5264 5245  0
6461 5550 6462 8245  0
3369 3364 3363 8262  0
5427 5428 5448 7760  0
3191 3670 3671 8390  0
5001 5013 5000 7811  0
7891 5414 8196 8224  0
3842 3470 3469 8009  0
3359 3360 3353 8406  0
6576 7772 6575 5678  0
514 892 570 7869  0
1388 1196 1195 8156  0
5090 5105 5104 8016  0
3324 2037 3318 8287  0
3754 3375 3376 8041  0
8401 3556 3557 4827  0
7662 7676 8122 8286  0
7158 7095 7096 7653  0
3100 3112 3636 7756  0
5964 8107 5987 5963  0
1160 926 1159 7798  0
8071 7438 7369 7368  0
7621 7620 7559 8286  0
7715 4955 4967 4968  0
5028 5014 5015 7811  0
4315 4316 4318 8270  0
2250 2285 2286 7836  0
5680 8379 8204 6583  0
5719 5713 5720 8243  0
6581 7808 8204 8379  0
8182 7721 8269 8309  0
4967 4978 4966 7715  0
1306 1086 1100 8251  0
4680 4193 4192 7961  0
7780 7809 7910 8330  0
2276 7852 8331 7832  0
8382 7747 7752 3102  0
643 642 973 8344  0
7858 7709 8138 1981  0
7836 5532 4466 8157  0
1630 3204 7695 8346  0
3443 3460 3834 7878  0
3830 3456 3455 8078  0
7723 857 856 7744  0
7208 7273 7272 7742  0
5267 5286 8055 8269  0
1855 1840 8005 8069  0
5138 5154 5137 8119  0
2527 2526 2564 7843  0
488 7827 431 487  0
1565 2454 1566 8324  0
8147 4017 4015 4343  0
4499 5576 7836 7934  0
6218 6219 6235 8002  0
2476 2457 3466 8044  0
658 7780 590 589  0
1727 7957 7971 8244  0
3220 4964 4321 4977  0
7884 3077 3064 3078  0
3240 1734 1735 7940  0
5872 5896 5871 8188  0
6638 6639 5737 8238  0
6028 6049 6027 7919  0
4536 5577 5598 8262  0
3141 7659 7747 7792  0
5430 5451 5450 8241  0
4929 4940 4939 8270  0
3584 3578 3583 8297  0
3209 3212 3213 8270  0
4328 5004 5018 8326  0
7874 7794 8277 8289  0
1140 1145 1146 7751  0
4090 4091 4537 8214  0
5114 5130 5129 7697  0
3370 2342 8378 8262  0
3080 3067 3066 8249  0
7159 7217 7653 7674  0
1853 1838 1852 8005  0
2325 3744 2287 7934  0
2095 2064 2094 8349  0
5605 5585 5606 8096  0
6050 6049 7919 8212  0
7194 7663 7195 8038  0
5997 5974 5975 8177  0
4998 5010 4997 7883  0
6836 7880 6870 8057  0
5909 8189 5933 5932  0
5446 5447 5468 8291  0
6763 6509 6764 7653  0
5377 5397 5376 8287  0
2081 7891 8196 8224  0
3584 8325 2911 3579  0
3584 3583 3586 8297  0
3586 3583 3585 8297  0
6116 6136 6115 8297  0
2130 2131 2100 8291  0
5356 5376 5355 8287  0
4013 3696 3251 8279  0
1774 3251 1761 8279  0
2037 2009 2008 8287  0
4013 4340 3696 8279  0
5781 5796 7985 7996  0
3370 7964 8378 2302  0
7731 7726 7738 8425  0
7404 7474 7473 7762  0
4531 4082 4532 7722  0
5529 5506 5507 8283  0
1182 958 1175 8164  0
5738 7969 5739 4643  0
5651 6557 5650 8236  0
5507 5530 5529 8283  0
5018 5005 5019 8326  0
2067 2068 7693 8348  0
2859 2839 2838 8107  0
6296 7884 6313 8382  0
7158 7096 7159 7653  0
5445 5446 5467 8291  0
6758 6757 8018 8413  0
7476 7544 7543 7778  0
977 8028 8086 8412  0
2286 2251 2250 7836  0
6302 6286 6287 8290  0
5670 7808 6578 8247  0
3815 3437 3441 7878  0
2213 8217 2212 2247  0
5485 5506 5484 8283  0
2289 8332 2326 2327  0
7823 6676 7766 6658  0
2373 1489 2374 8289  0
4647 4178 4646 7980  0
4646 5741 5742 7980  0
5926 5902 5903 8370  0
4377 5333 5354 8095  0
7857 7654 7870 8087  0
7662 7671 7686 7820  0
7345 7834 8169 7346  0
4402 4403 4415 8349  0
5153 5136 5137 8119  0
4270 4271 4884 8104  0
335 316 315 8021  0
7500 7568 7567 8298  0
3068 3053 3067 8249  0
2384 1299 2385 8088  0
986 8391 690 8344  0
2386 1301 2387 8088  0
8233 1326 1324 1507  0
7106 7175 7174 8100  0
7000 7005 6999 7955  0
8283 3731 4062 3343  0
2825 2806 8218 8387  0
8036 582 651 650  0
1458 7926 2318 2317  0
3465 2457 2456 8044  0
7758 7857 7654 8067  0
5469 5447 5470 7849  0
5303 5321 5302 8407  0
7114 7113 6784 7873  0
4497 8262 4515 4079  0
3682 4317 3219 8275  0
117 155 8133 141  0
4179 4180 3840 7950  0
7903 7975 8129 8276  0
5741 4645 7730 7980  0
6816 6739 6740 7711  0
7735 7766 8102 7843  0
7708 6552 5645 8433  0
7509 7730 7571 7955  0
7360 7291 7361 8004  0
1793 1792 7697 1779  0
7254 7255 7795 8123  0
429 7882 7827 7844  0
983 7965 8044 8344  0
2262 2263 4479 4495  0
4374 5313 5333 8095  0
8095 8368 3294 4372  0
7062 6698 6697 7994  0
411 347 346 8375  0
7366 7297 7367 7942  0
671 718 672 8223  0
5821 7767 7781 7660  0
4527 4569 4568 7819  0
7312 7242 7243 8025  0
6017 6018 6039 8218  0
6914 6940 6939 8213  0
4120 4581 8162 8236  0
4400 2033 4386 2062  0
7976 7699 8058 8360  0
5928 8373 8387 8221  0
6825 6841 8004 8199  0
1993 2010 2011 7666  0
2998 2997 7736 7848  0
2680 3529 3887 7968  0
6931 8230 8030 7710  0
6692 7056 7057 8220  0
8297 6137 6136 8372  0
908 887 886 8248  0
6718 7757 8074 8253  0
2227 2226 4463 2194  0
7772 5675 7962 7718  0
5792 5810 4741 8121  0
8305 8394 3190 3661  0
3003 3019 3020 7876  0
430 429 486 7827  0
8185 4265 3943 4876  0
6334 8194 6349 6333  0
1698 1697 7725 7811  0
3362 4496 4072 2264  0
6504 8101 6759 8018  0
585 529 528 8226  0
5158 8010 5175 7785  0
7111 7179 7110 8029  0
1833 1832 8073 8144  0
5619 7821 8006 4543  0
1299 1300 2385 8088  0
2385 1300 2386 8088  0
7788 3151 7792 8254  0
4178 4179 3839 7980  0
1846 1861 1862 8010  0
515 7869 572 8234  0
2733 2732 7771 8172  0
7051 7052 8007 8257  0
2593 7985 8240 7996  0
1962 7872 1945 1961  0
7725 5028 7811 8244  0
903 881 902 8125  0
3812 7878 8418 3437  0
3046 3061 3047 8104  0
7156 7094 7157 8101  0
2603 8003 2639 2604  0
6767 8359 7914 6813  0
8235 6100 7789 6101  0
2260 2259 4476 2225  0
4509 2297 4508 4493  0
8252 6157 6177 8109  0
6646 5744 6645 7946  0
6613 5709 6612 7975  0
6978 6955 6956 7905  0
3018 3002 3001 8299  0
2133 2164 2165 7849  0
1331 1329 7929 7938  0
7886 1583 1399 1400  0
2623 2622 2658 8437  0
7125 7124 6817 7711  0
6000 5978 6001 7714  0
7807 7729 8009 8165  0
7237 8320 8100 7307  0
5568 5567 8260 8281  0
3769 3770 4103 8146  0
1277 1276 1066 8208  0
2927 2928 8054 8265  0
4386 8173 4387 4401  0
3457 2455 3456 8324  0
2193 2226 4462 2225  0
6337 6353 6336 7756  0
1392 1391 1570 8044  0
7439 7507 7506 7955  0
2346 3379 7934 8208  0
4064 2194 2195 2227  0
1393 1394 1202 7807  0
8418 4627 7999 4156  0
4201 4689 4202 8426  0
2418 2417 3440 8353  0
6389 6404 6403 7792  0
1560 1378 1559 7908  0
4092 4538 4091 8328  0
3969 8024 3657 3972  0
4640 8092 4639 8338  0
7361 7734 7362 7431  0
5449 7986 5450 5472  0
1300 1301 8088 8357  0
7528 7779 7856 7589  0
3254 3257 1776 8150  0
4156 4154 7878 8418  0
6817 7124 6816 7711  0
4569 5638 7819 8380  0
6741 6817 6740 7711  0
7700 7913 8192 8160  0
1046 1047 1257 8365  0
2766 2733 2765 7771  0
6022 6021 5999 7714  0
670 8183 669 716  0
8320 7761 7730 7983  0
6932 6905 6906 8232  0
5843 5844 5867 8039  0
7330 7399 7329 7769  0
4975 4976 4987 8275  0
4502 2254 4501 8333  0
511 8118 8124 8174  0
7694 7879 7717 7676  0
2402 1506 8233 8137  0
4469 2187 4456 4470  0
4509 7819 2298 4510  0
586 654 655 7928  0
7401 7758 7402 7471  0
5153 5154 5170 8119  0
2941 7673 7690 8341  0
1860 1861 1845 8010  0
1469 8117 1468 8284  0
5898 5920 8188 8350  0
3327 8349 4054 4404  0
4041 2033 4386 4385  0
3392 3393 3769 8146  0
7396 7763 7795 7397  0
5578 5558 5559 7888  0
7774 7810 8276 8313  0
3984 7895 8395 3673  0
5528 7959 5550 5527  0
4509 4494 4510 2298  0
4448 2193 4462 4447  0
6390 6404 6389 7792  0
7801 7902 8219 8280  0
6555 5648 8162 8334  0
2245 7926 2280 2281  0
5815 7996 8051 8240  0
1258 7943 8365 7960  0
4491 2295 4490 2258  0
4476 2259 4475 2225  0
5223 5224 5241 8293  0
325 264 294 7909  0
5620 5621 6503 8018  0
2692 3534 2725 8221  0
1000 703 999 7809  0
8145 7743 8213 8247  0
7763 7466 7467 7397  0
2012 2041 2013 7666  0
5401 5400 5380 7666  0
3478 3849 3850 7717  0
6676 7823 8102 6657  0
4492 2296 4508 4507  0
1752 1751 7697 7971  0
1078 8049 1289 7812  0
5172 5171 5155 8119  0
7686 7723 7731 7820  0
7926 8031 8098 8331  0
851 850 871 7898  0
6238 7815 7970 6237  0
1378 1377 1559 7908  0
5678 4603 5670 8137  0
5402 5403 5424 7666  0
7235 7170 7755 7761  0
7772 4600 5675 4601  0
3832 3458 3865 8019  0
1889 1890 1873 8293  0
5401 5380 5381 7666  0
2188 2187 4457 2155  0
3865 4171 3832 8019  0
6808 6555 6809 8334  0
3034 3612 7876 7970  0
4400 8173 4386 4401  0
1541 2433 1542 8068  0
7926 2316 7944 8331  0
2225 4461 4475 4462  0
2011 2040 2041 7666  0
4337 3244 3241 7991  0
7753 8113 7708 8314  0
4179 4178 4666 7980  0
1451 1261 7920 7960  0
2229 4479 4068 2228  0
5352 5372 5371 8200  0
2449 2450 1561 7740  0
6922 6948 6947 8043  0
1116 1101 808 7744  0
3422 3421 7772 8137  0
1859 8010 8242 8389  0
8045 6415 7895 8254  0
4479 2262 2229 3357  0
7099 6770 7100 7761  0
2730 2731 2698 7915  0
6122 6101 6102 8235  0
7810 1535 8276 8313  0
2041 2040 2070 7666  0
2069 2040 2068 7666  0
4253 4849 8107 8148  0
4041 4042 4386 3314  0
1804 8147 1803 8144  0
1264 1455 1454 8181  0
2377 8277 2376 1492  0
6082 7890 8052 8235  0
6812 6811 8236 8292  0
5380 5360 5381 7666  0
5960 5961 8175 8442  0
438 374 373 7802  0
986 1203 987 8344  0
3499 3504 3873 7770  0
5715 4654 4631 8129  0
2394 3751 8112 8117  0
1582 1583 1399 8364  0
5746 7999 4648 8128  0
4636 5732 4637 7667  0
4545 7821 8219 8018  0
5920 8120 8188 8350  0
7686 8084 8124 8174  0
2032 2033 4400 2062  0
8049 1080 8417 8424  0
4461 2224 4474 4460  0
2298 2261 4494 2262  0
2229 2228 4068 3351  0
366 365 430 7827  0
2259 4476 4491 4492  0
4060 2193 2161 4448  0
7528 7590 7589 7856  0
2299 2300 2264 4496  0
5619 6502 8006 8018  0
6688 7053 6689 8007  0
4479 2262 4478 2228  0
7322 7391 7321 8296  0
4494 2261 4478 2262  0
4495 2263 4496 2299  0
4060 4448 3345 4064  0
4448 4060 3345 2161  0
2161 2194 3345 4448  0
1859 8242 8293 8389  0
4225 8370 4804 3890  0
7700 8067 7724 8132  0
8163 4657 4658 5718  0
1917 1900 1899 8309  0
869 7853 890 8167  0
5844 7781 5843 5823  0
3604 3006 3940 8033  0
2022 2004 2021 8200  0
2195 2228 3351 2227  0
2264 2263 4072 3357  0
1459 2318 1458 7913  0
785 1084 8118 8251  0
2195 2227 3351 4464  0
4464 2227 3351 2228  0
4814 8435 4799 4800  0
2537 1602 1601 7759  0
7581 7519 7966 8246  0
7107 7175 7106 7847  0
4495 2263 4072 4496  0
7773 1461 8160 8192  0
4897 3960 4274 8306  0
6361 6360 6345 7747  0
3842 3867 3470 8009  0
603 8223 546 602  0
7601 8007 8257 8140  0
4367 4366 3284 8368  0
984 973 972 8344  0
416 352 351 7948  0
7714 2811 8177 8189  0
2399 7738 8207 8425  0
2235 2236 2201 7831  0
2222 2189 2188 8333  0
2480 3497 7842 8009  0
8420 8341 2907 8054  0
2082 7893 8196 2081  0
7171 7235 7170 7755  0
6169 6188 6168 8352  0
1300 1301 2386 8088  0
5710 7975 8075 8163  0
3298 3299 3295 8095  0
7838 7774 8001 8337  0
7360 7361 7734 8004  0
5248 5230 7931 8059  0
2134 2135 2104 7760  0
3866 4175 7800 8178  0
2811 2830 2812 7714  0
8427 3374 8097 8117  0
7578 7015 7014 8259  0
8056 7808 8137 8233  0
1832 8010 8144 1831  0
3760 4093 8414 4094  0
2518 7842 7985 8364  0
381 7812 776 8176  0
7672 2841 8272 2842  0
3458 2460 7892 8019  0
6910 8127 6911 6936  0
6544 6543 5668 7829  0
2858 7919 2857 8148  0
669 668 715 8183  0
2148 2117 2116 8110  0
3357 2263 4072 4479  0
5835 5859 5858 8240  0
2227 2261 4478 4477  0
2605 2570 2569 8003  0
371 765 370 7947  0
3353 3352 3359 8406  0
594 662 8047 8231  0
2178 2179 2147 8110  0
5597 6521 5596 8268  0
578 647 579 7813  0
6531 6532 6742 8180  0
8163 5717 7975 7705  0
2593 2594 7996 8240  0
5551 5529 8217 5528  0
8052 2935 8105 8235  0
7134 7221 7133 7820  0
8005 1822 1837 7824  0
7908 1561 1380 7740  0
2521 2559 2522 8115  0
7819 4496 4512 2300  0
2594 2630 8051 8240  0
2377 8277 8239 2376  0
7779 7668 7823 7954  0
7105 7847 6775 6776  0
7996 2594 8051 8240  0
4496 7819 4495 2299  0
4496 7819 4512 4511  0
4494 2262 4478 4479  0
4064 2194 4463 4448  0
2245 7926 2244 2280  0
4477 2226 4463 2227  0
4525 2334 4508 4509  0
2194 2226 4463 2193  0
7846 7704 7694 7706  0
2225 2192 4462 2193  0
2333 2332 4524 4507  0
2192 4461 4462 4447  0
4524 4507 4508 2333  0
2296 2260 4493 2297  0
5169 5186 7918 8069  0
2194 2193 4463 4448  0
2261 2228 4478 2262  0
4513 3367 4075 4078  0
2227 4477 4464 4463  0
2193 2192 4462 4447  0
4478 2261 4493 4477  0
4493 2296 4508 4492  0
2298 2262 4495 2299  0
7253 7252 8123 8296  0
2262 2263 4495 2299  0
8084 564 8124 8174  0
6284 8290 6266 6285  0
4476 4477 4492 2260  0
6540 7820 6539 7826  0
2333 7875 4524 2332  0
4478 4494 4493 2261  0
2261 2297 4493 2260  0
4494 4495 4510 2298  0
4512 4496 4075 2300  0
2260 2226 4477 2261  0
2296 2259 4492 2260  0
8249 3053 8288 8290  0
4509 7819 4525 2334  0
4478 2227 4464 2228  0
4478 4477 4464 2227  0
1554 7892 2460 7878  0
2261 2226 4477 2227  0
2195 2227 4464 4064  0
4462 2193 4463 2226  0
4448 2193 4463 4462  0
4477 2260 4476 2226  0
4463 4448 4464 4064  0
2227 2228 4478 2261  0
4507 2295 4492 2296  0
7886 1400 8168 8364  0
4476 2260 4492 2259  0
2226 2225 4476 4462  0
2226 2260 4476 2225  0
2226 4462 4476 4463  0
4463 4477 4476 2226  0
4493 2296 4492 2260  0
4493 2260 4492 4477  0
1996 1979 1978 7858  0
7014 7015 6647 8259  0
3270 8158 5179 7782  0
5400 7666 7693 8287  0
3053 3039 8288 8290  0
6807 6554 6808 8334  0
4525 2333 4508 2334  0
2296 2334 4508 2333  0
2297 2334 4508 2296  0
4558 7829 4557 8425  0
2301 8239 2339 3367  0
7819 4495 2298 4510  0
5597 5596 7799 8268  0
2021 2022 8200 8224  0
6824 7820 7133 7132  0
3763 7821 7887 7902  0
4509 2334 4508 2297  0
3504 7699 3872 3873  0
2189 2190 4459 2223  0
2071 2102 7760 8291  0
5453 5432 5433 8034  0
6150 7673 7690 8352  0
8290 3068 3082 8249  0
7726 7671 7765 7820  0
1751 1752 1740 7971  0
3068 3053 8249 8290  0
8290 3083 3084 8184  0
8239 3367 4075 4513  0
2262 2263 2229 3357  0
4479 2228 2229 2262  0
8277 7722 8380 7963  0
8239 2300 2301 2338  0
3367 8239 4075 2301  0
3362 2301 4075 2300  0
4075 8239 2300 2301  0
4072 4479 4068 3357  0
4524 2332 4523 4507  0
6325 6341 6340 7752  0
4550 5626 7653 8076  0
1463 1462 7773 7911  0
2294 2295 4506 2332  0
2257 2258 4490 2294  0
2109 2108 2139 8034  0
702 701 998 7809  0
4491 2258 4475 2259  0
403 7733 827 7909  0
6555 5649 6556 8162  0
4819 2776 4833 4234  0
1649 7841 7825 8346  0
888 8248 887 909  0
3004 3021 3005 7876  0
8141 8359 6767 6560  0
657 656 703 7809  0
4514 7799 5596 4535  0
6893 6868 6869 8057  0
4460 2224 4474 2223  0
3016 3017 3000 7815  0
8287 3303 3316 5375  0
1083 1082 783 8258  0
7876 2989 3005 3004  0
2220 4485 4469 2219  0
4475 2224 4474 4461  0
1074 774 775 8176  0
5450 5451 7986 8241  0
2179 2180 8110 8283  0
6892 6867 6868 8057  0
6834 6584 6835 8057  0
8417 780 1080 781  0
4854 6052 8148 8212  0
6272 6255 6273 7689  0
3196 3186 3195 8395  0
3003 3004 2988 7876  0
3976 8305 3663 4915  0
4491 2258 4490 4475  0
5691 4613 4616 8232  0
2638 2672 8026 8039  0
2258 2259 4491 2295  0
655 656 7786 7809  0
2224 4461 4475 2225  0
2332 2295 4506 4507  0
890 889 7853 8431  0
1074 8193 8176 1284  0
6834 6835 6868 8057  0
7456 7455 7386 8303  0
1738 1737 1750 7971  0
7952 7348 7347 7417  0
868 869 847 8431  0
4506 2295 4491 4507  0
6204 6203 6186 7876  0
2223 2224 4474 2258  0
2222 4473 4459 8333  0
2225 2259 4475 2224  0
5921 5898 5899 8350  0
7667 7657 7753 7803  0
2331 4523 4506 4522  0
4506 8430 2331 4522  0
8432 4888 7752 6310  0
2332 2331 4506 2294  0
4523 2331 4506 2332  0
3755 7799 4088 8041  0
2212 2179 8110 8283  0
8118 7686 8124 8174  0
3168 3157 8024 8229  0
4470 4485 4469 2220  0
2257 2294 4490 4489  0
2224 2259 4475 2258  0
4483 4500 4077 4484  0
2282 2281 8192 8217  0
927 631 630 8066  0
7692 1814 7785 8119  0
2257 2294 4489 4505  0
2293 2257 4489 4505  0
6556 6555 8162 8334  0
4344 5110 4347 8336  0
7295 7942 8030 7296  0
6807 6808 6854 8334  0
7853 909 8248 8431  0
216 200 172 8439  0
4344 5094 5110 8336  0
2186 2220 4469 2219  0
7670 749 7787 355  0
2224 2190 4460 2191  0
2224 2191 4460 4461  0
8350 3900 3905 3899  0
621 689 953 8174  0
2223 2190 4460 2224  0
4459 2190 4460 2223  0
4460 2223 4473 4459  0
2547 8310 8429 4714  0
4490 2258 4474 4475  0
6744 6743 6533 8180  0
4460 2223 4474 4473  0
7650 7624 7625 8159  0
867 888 868 8431  0
8334 6556 6810 8162  0
6836 6869 6835 8057  0
4506 2294 4490 2295  0
2258 2295 4490 2294  0
4505 2294 4490 4506  0
4489 2294 4490 4505  0
2223 2257 4474 4473  0
4490 2257 4474 2258  0
2223 2258 4474 2257  0
4490 4489 4474 2257  0
4473 2257 4474 4489  0
4081 2289 3372 2288  0
2327 2290 4518 4519  0
4437 2120 4424 4438  0
1222 7713 8362 1223  0
2327 2289 4518 2290  0
1390 8070 1199 1198  0
7445 7446 8143 8320  0
791 1094 1093 8357  0
8430 2290 4502 2291  0
2575 2576 2538 8343  0
6808 6855 6854 8334  0
7752 8432 6310 8382  0
6809 6555 6556 8334  0
888 8248 909 8431  0
5110 5095 5111 8336  0
3562 3558 4240 8272  0
7777 7639 7614 7613  0
4456 4455 4441 2154  0
2254 2290 4502 4501  0
6854 7708 6807 8334  0
2290 4519 4502 4518  0
4518 4501 4502 2290  0
4505 8333 4489 2293  0
4473 2257 4489 8333  0
6856 6810 8292 8334  0
867 846 8357 8431  0
5648 7708 8162 8334  0
4344 4018 3699 8336  0
6467 5589 8031 8410  0
5791 4727 5809 8335  0
4347 5110 5127 8336  0
5096 5112 5111 8336  0
6855 8030 6856 7166  0
2155 4442 4457 2188  0
2220 2187 4469 4470  0
2220 2186 4469 2187  0
2462 2426 3444 8273  0
323 7909 401 7924  0
455 8124 454 511  0
4410 2089 4423 2088  0
6855 6879 6854 8334  0
6554 5648 6555 8334  0
6855 6808 6809 8334  0
6809 6810 6856 8334  0
4485 2254 2220 8333  0
8076 4554 7826 4107  0
6879 8030 6855 7165  0
2219 2218 4484 4468  0
2185 2218 4467 2217  0
4437 4452 4436 4067  0
4468 2218 4467 2185  0
2217 2184 4467 2185  0
927 7798 926 1160  0
5945 8120 8350 5967  0
3603 8252 8082 2993  0
806 7723 854 855  0
3622 3626 3623 8432  0
889 890 869 8431  0
2290 8430 2328 2291  0
4502 8430 4503 4519  0
6835 8282 6585 6836  0
5229 5246 5228 8059  0
8043 6896 6922 6923  0
6919 7828 7881 8057  0
6867 6892 7881 8057  0
4211 7716 8178 3500  0
4074 4483 4077 3747  0
3520 8221 3528 2692  0
2293 8430 8333 2292  0
2290 2254 4502 8333  0
1829 1816 1815 7785  0
2120 2119 4423 2088  0
2218 2185 4468 2219  0
2026 4394 4379 4053  0
4067 2151 4437 4452  0
2219 2186 4468 4469  0
2219 2185 4468 2186  0
4469 2186 4468 4455  0
4437 2151 4453 4452  0
4821 4807 2748 2747  0
4036 3309 4381 2028  0
2252 3361 4483 2218  0
3372 4081 3749 3779  0
3372 2326 3779 3401  0
2222 4473 2223 4459  0
1101 1102 1308 7744  0
5150 5134 5151 7824  0
4457 2188 4458 8333  0
2253 4500 4484 2252  0
2252 2218 4484 2253  0
4483 2218 4484 2252  0
4484 4500 4077 2252  0
2288 4081 3749 3372  0
4470 4485 2220 8333  0
2187 2188 4457 8333  0
4457 4456 2187 8333  0
4505 8333 4504 4489  0
6952 6953 7696 8013  0
4640 8092 4165 4164  0
6721 6720 6689 8302  0
6186 7935 6185 6166  0
1297 1296 1089 7784  0
4661 4660 5721 8243  0
3749 2288 4077 4081  0
5892 5914 5891 7656  0
7887 1285 1286 8176  0
4246 3552 3553 3911  0
1519 3423 7790 8053  0
5374 8196 4378 5395  0
7880 7794 7828 8057  0
4459 4472 4458 8333  0
2326 2289 3372 4081  0
7828 7794 7881 8057  0
8278 6872 7880 6897  0
827 7830 828 825  0
1419 1228 1227 7912  0
1759 1760 1748 8279  0
5385 5407 7907 8138  0
7746 5854 5829 5828  0
2056 4394 4407 2057  0
7687 1304 1303 2389  0
4049 2026 4052 3320  0
3738 2183 4067 4452  0
2828 7714 8177 8294  0
5367 8138 5347 7709  0
7907 7858 8138 8423  0
7709 1999 8422 8423  0
2365 2400 3416 3401  0
4459 4458 2189 8333  0
3356 2183 4071 2184  0
3385 3762 3761 7887  0
6730 6720 6721 8302  0
2056 2027 2026 4394  0
991 7813 990 7886  0
7898 7949 8234 8284  0
2614 2648 2649 3512  0
2705 2706 2672 8026  0
3320 3306 4045 4052  0
6468 6485 8031 8263  0
3416 3401 3779 3797  0
5138 7692 7785 8119  0
2601 2602 7767 7781  0
8050 5580 5581 8037  0
3973 3659 3658 3663  0
582 525 581 7797  0
4452 4071 4067 3738  0
3413 3412 2391 8061  0
3546 3545 7871 8370  0
2390 1305 2391 7877  0
4719 8225 4700 4701  0
4744 3506 4210 4711  0
1491 1490 1312 8277  0
2254 4486 8333 4485  0
6400 8045 8190 8254  0
7689 3046 7815 8104  0
4467 2184 4071 4452  0
4063 3734 4059 2118  0
3009 3023 3024 7901  0
6967 6614 6966 8075  0
1076 776 7812 8176  0
5171 5188 8069 8242  0
1488 1489 2373 8289  0
7334 7762 8067 7335  0
606 675 607 7796  0
3058 3073 3074 7689  0
2289 4500 4081 4518  0
2289 2288 4081 4500  0
8333 4505 8430 2293  0
3779 8332 4081 4113  0
2326 2289 4081 4518  0
3742 4467 4074 2217  0
3356 2217 4071 3742  0
4484 2252 4077 4483  0
4422 2088 4408 4409  0
2074 2044 2073 8241  0
2151 4452 4067 2183  0
2119 2150 3344 2118  0
3742 2217 4071 4467  0
5371 5391 5370 8139  0
3742 4467 4071 4074  0
2217 2183 3356 2184  0
1284 7887 8193 8176  0
2252 3361 3747 4483  0
3366 3361 3747 2252  0
3356 2183 3738 4071  0
4037 3309 4381 4036  0
3742 2217 4074 3361  0
4467 2218 4074 2217  0
4483 2218 4074 4467  0
3356 3350 3738 2183  0
7973 7846 8017 8416  0
3361 2218 4074 4483  0
3361 2217 4074 2218  0
2252 4500 4077 2288  0
3366 2252 4077 2288  0
3366 2288 4077 3749  0
4452 2184 4071 2183  0
2217 2184 4071 4467  0
3356 2184 4071 2217  0
4056 4394 4407 2056  0
3308 4035 4380 4036  0
3455 3454 3829 8078  0
2185 4468 4454 4467  0
2026 3726 4053 4052  0
1056 1055 7917 8181  0
3338 2118 4059 3734  0
6501 5618 5619 8006  0
3738 3350 4067 2183  0
2056 4394 2026 3326  0
4056 3732 4407 4059  0
3320 3326 2026 3726  0
3308 4035 3307 2027  0
2086 3332 4056 3326  0
4056 3332 3729 3326  0
4395 4036 4380 4381  0
4053 4056 3729 3326  0
3548 4231 4236 4237  0
4056 3732 3729 3332  0
4037 2029 4382 3309  0
6971 6970 8043 8355  0
6969 6970 6617 8355  0
4056 3326 4053 4394  0
5111 5112 8150 8336  0
3338 2086 4059 2087  0
4237 3907 4242 3548  0
4067 3350 3736 2150  0
3344 2150 3736 3350  0
4037 3309 3310 2029  0
5052 5051 5037 7991  0
3736 3734 4063 3344  0
2118 3344 4063 3734  0
2118 2119 4063 3344  0
3736 3344 4063 2150  0
2119 2150 4063 3344  0
8043 7850 7818 7665  0
4038 4383 3311 4039  0
4038 2030 3311 4383  0
7850 8355 7818 8178  0
7850 6621 6985 8355  0
4390 8349 4404 4403  0
2030 4383 3310 2029  0
4038 4383 3310 2030  0
3321 4390 4050 4047  0
5962 5984 5961 8175  0
2157 2190 4444 2189  0
3321 2036 4047 3721  0
2096 2066 3327 2097  0
2743 3540 3894 8350  0
2775 8188 2774 8350  0
2058 2057 4396 2028  0
2097 8349 3327 2096  0
2097 8349 2096 2127  0
8120 2774 8188 8350  0
5922 8000 8350 5899  0
5922 5946 5921 8350  0
4042 2033 3314 2034  0
4041 4040 3313 4385  0
3312 2032 3313 4040  0
4041 4385 3313 2032  0
2035 2034 4387 3315  0
4881 3947 8358 8432  0
8188 2743 8000 8350  0
8000 4818 5922 8350  0
2155 4442 4441 4456  0
4387 2034 4386 4042  0
2032 4385 4400 2033  0
3894 3895 8000 8350  0
3547 3899 2775 8350  0
2035 3315 4387 4046  0
7152 7153 7210 8413  0
8357 7712 8431 7687  0
5617 7973 8414 8006  0
2800 2771 2770 8175  0
4459 2189 4444 2190  0
4732 2583 2584 8429  0
5329 8374 7721 8271  0
200 216 245 8439  0
8173 4386 4387 2034  0
2035 2064 4387 2034  0
566 622 914 8174  0
566 565 622 8174  0
2768 8175 2798 2769  0
2186 2154 4456 2187  0
8413 7916 6758 7091  0
4455 2154 4456 2186  0
3895 4818 8000 8350  0
4456 2155 4457 2187  0
414 413 8250 8415  0
3904 3547 8120 8350  0
954 622 953 8174  0
7151 7209 7742 8413  0
7091 7153 7090 8413  0
511 566 512 8174  0
2743 3535 8000 8350  0
2156 2157 4444 2189  0
5946 5945 5921 8350  0
4054 3327 4404 4050  0
3540 2742 2775 8350  0
5921 5945 5944 8350  0
8350 3900 3895 4818  0
512 566 893 8174  0
6970 6971 6618 8355  0
8006 7821 8018 8413  0
4460 8443 2190 4445  0
3311 4383 4384 4039  0
3547 2774 8120 8350  0
5921 5920 5898 8350  0
3905 3899 3547 8350  0
4832 5967 5945 8350  0
3540 3899 3894 8350  0
8169 7211 7916 8413  0
7090 7089 6757 8413  0
7274 7742 7209 8169  0
8030 8230 7753 7667  0
4456 2154 4441 2187  0
2155 2187 4441 2154  0
4456 2187 4441 2155  0
5789 5790 5809 8335  0
6808 6554 6555 8334  0
42 32 31 8361  0
5111 5095 5096 8336  0
7156 7995 7214 7916  0
2188 2156 4458 2189  0
8162 8030 8292 8334  0
8438 2769 8175 7656  0
8168 7728 7886 7775  0
7708 6854 6807 6853  0
4458 2156 4443 2189  0
4444 2189 4443 2156  0
4458 2189 4443 4444  0
4442 2188 4443 4457  0
4442 2156 4443 2188  0
4458 2188 4443 2156  0
4457 2188 4443 4458  0
8426 7671 8089 7764  0
4832 5946 3900 8350  0
2818 2819 2798 8175  0
566 914 893 8174  0
8084 621 564 8174  0
565 621 622 8174  0
2820 2799 2819 8175  0
1073 8176 1074 8193  0
6278 4881 8358 8432  0
4765 4748 2654 8429  0
2126 2127 8349 8443  0
7681 7730 7749 8320  0
2819 2799 2798 8175  0
7209 7210 8169 8413  0
4039 2031 4384 3311  0
1093 1094 1301 8357  0
790 791 1093 8357  0
8028 689 8084 8174  0
1300 1093 1301 8357  0
2184 2152 4453 4454  0
4410 2058 4397 2059  0
1302 1094 1095 8357  0
791 792 1094 8357  0
846 790 845 8357  0
1301 1094 1302 8357  0
2152 4439 4454 2153  0
2028 2029 4381 4396  0
445 446 381 7791  0
2031 3312 4384 4040  0
4467 2184 4453 4454  0
3312 4039 4384 4040  0
4040 4385 4384 2031  0
5853 5852 5827 7746  0
5570 8031 5571 5590  0
4440 4455 4454 2153  0
4438 2151 4437 2120  0
4398 4410 4397 2059  0
4395 4036 4381 2028  0
4824 2782 4825 4838  0
2059 2089 4410 2058  0
4410 2088 4423 4409  0
2088 2089 4423 2120  0
4437 4423 4424 2120  0
4049 4035 4379 3307  0
2058 2089 4410 2088  0
2088 4409 4410 2058  0
2119 4423 4422 4436  0
2120 2119 4437 4423  0
2030 8354 4398 2059  0
7850 6621 6622 6985  0
2058 4409 4396 2057  0
6616 5713 8163 8355  0
2185 2184 4454 2152  0
2153 4439 4454 4440  0
2030 8354 2031 4398  0
4384 2031 4398 2030  0
2029 2030 4397 2059  0
3947 3617 8358 8432  0
4397 4409 4396 2058  0
2029 2058 4396 2028  0
4397 2058 4396 2029  0
1301 1302 7687 8357  0
4468 2185 4454 2186  0
8163 5719 8225 8243  0
4410 2089 4424 4423  0
6621 5722 6620 8355  0
7818 7828 8243 8355  0
2152 2151 4438 2120  0
4242 4833 4243 3907  0
4436 4063 4422 2119  0
7850 6985 8043 8355  0
846 7839 867 8357  0
762 7827 7992 7773  0
6617 7828 6616 6969  0
1092 8357 1093 1300  0
4439 2152 4453 4438  0
4454 2152 4453 4439  0
2151 2184 4453 4452  0
2152 2184 4453 2151  0
769 375 770 7802  0
2151 2119 4436 4437  0
2151 2150 4436 2119  0
4067 2151 4436 4437  0
4067 2150 4436 2151  0
3736 4067 4436 4063  0
3736 2150 4436 4067  0
4063 2150 4436 3736  0
4382 3309 4381 4037  0
4396 2029 4381 4382  0
4423 2088 4422 4409  0
4063 2118 4422 2119  0
4059 2118 4422 4063  0
2088 2119 4422 2087  0
4423 2119 4422 2088  0
2087 2118 4422 4059  0
2087 2119 4422 2118  0
2027 4394 4379 2026  0
7691 8344 7807 8044  0
3307 2026 4379 4049  0
4053 4052 4379 2026  0
4049 2026 4379 4052  0
4395 4394 4380 2027  0
4407 2057 4408 2087  0
3308 4036 4380 4395  0
3307 4035 4379 2027  0
3307 2027 4379 2026  0
2027 4035 4380 3308  0
4379 4035 4380 2027  0
5915 5914 5892 7656  0
2057 2028 4395 4396  0
6354 6368 6353 7756  0
2028 3308 4395 4036  0
2028 2027 4395 3308  0
2028 2057 4395 2027  0
2056 2027 4395 2057  0
4394 2027 4395 2056  0
2056 2057 4395 4394  0
2028 3309 4381 2029  0
4395 2027 4380 3308  0
2057 2088 4408 2087  0
2057 4409 4408 2088  0
7947 434 7992 370  0
4123 8359 8141 4583  0
5240 5239 5222 7865  0
4770 4769 4752 8437  0
5744 4667 5743 7946  0
2793 2764 2763 7915  0
2714 4806 2747 4807  0
8260 5542 8323 5566  0
7067 7066 7640 7879  0
453 509 510 8124  0
8161 7763 7745 7683  0
937 8099 1170 8080  0
856 7723 7744 855  0
7984 7706 7834 7777  0
490 7992 433 489  0
5676 4601 4602 7772  0
916 956 8116 8412  0
7658 7757 8007 8257  0
857 1116 808 7744  0
1174 1175 940 8164  0
3071 3085 3072 7768  0
7610 7703 7994 7609  0
7498 7429 7499 7765  0
2449 1561 1560 7908  0
4844 8120 3904 4251  0
899 8388 8080 7885  0
3495 2543 2544 3494  0
5808 4742 5829 7976  0
7731 1308 7738 7744  0
2970 2988 2971 7935  0
1844 1859 8010 8242  0
5655 6561 5654 8141  0
7665 7678 7800 8080  0
5550 6461 7959 8245  0
414 349 413 8415  0
1379 1380 1187 7908  0
2693 2726 2694 8142  0
1319 1087 1498 7784  0
2024 2053 8196 8224  0
6618 6971 6985 8355  0
1063 1062 763 7773  0
5804 6712 5805 7781  0
8317 7855 8077 7947  0
7932 8380 7880 8277  0
5794 5811 5793 8121  0
1326 1328 1508 8233  0
5938 5959 5937 7656  0
319 320 397 8066  0
8356 5345 5325 5344  0
8352 3938 3935 3939  0
1458 7926 7913 2318  0
796 797 734 7898  0
3176 3163 3175 7792  0
871 7869 891 892  0
7930 7377 7446 7447  0
2786 2806 2787 8387  0
3152 3163 3164 7792  0
932 7830 7909 931  0
6520 8434 5596 7847  0
5348 5368 5367 7709  0
8372 3929 3589 3928  0
5513 5489 5490 7956  0
5089 8171 5088 5074  0
8437 4771 2660 4753  0
2846 2845 2864 7890  0
510 511 454 8124  0
3402 1499 1501 8113  0
525 471 470 8250  0
5776 7897 8128 8426  0
1297 1298 8314 8321  0
6802 6848 6801 7951  0
6013 5991 6014 8272  0
6363 6379 7659 8194  0
764 370 765 7947  0
2191 4461 2192 8443  0
7541 7758 7540 7473  0
4417 4404 4054 8443  0
199 228 227 8439  0
3494 4692 3495 4206  0
2764 2793 2794 7771  0
5520 8260 5542 7831  0
225 8130 224 196  0
7809 704 657 7910  0
2055 8384 3325 8196  0
2704 2703 2736 7656  0
4094 3761 4095 8414  0
7700 8067 7773 7724  0
3469 2477 3468 8009  0
1598 2533 2534 7982  0
2811 2812 2791 8189  0
1679 1680 1668 7841  0
7203 7741 7204 7268  0
1044 7948 1045 8008  0
1501 3403 3402 8113  0
245 228 229 8439  0
1034 7898 8284 7877  0
3052 3038 3037 8288  0
2601 2637 2602 7781  0
5035 8035 5021 5022  0
7207 7742 7208 7272  0
6592 5689 5685 7962  0
1828 1829 1815 7785  0
4790 4228 4791 4806  0
5590 6463 6467 8031  0
2735 2768 2736 7656  0
4498 5557 7888 8406  0
4148 7804 8418 4618  0
5992 5970 7871 8272  0
4427 4414 4428 8173  0
3102 7884 3103 8382  0
2648 4216 3512 3881  0
8093 451 450 8417  0
2736 2768 2769 7656  0
2571 7982 8111 2533  0
7582 7018 7581 7966  0
4258 6093 4857 8212  0
7681 7691 7863 7949  0
5915 5938 5914 7656  0
4839 4838 4825 2782  0
6887 8145 6888 8213  0
7820 7833 8076 7826  0
3828 3829 3454 8078  0
7703 7410 7741 7409  0
7825 7883 1671 8275  0
2169 2136 2168 7986  0
7396 7763 7397 7466  0
1127 1130 8001 8329  0
4767 4768 8435 8437  0
882 904 8125 903  0
2047 2075 2076 8065  0
4988 4976 7811 8275  0
7228 8071 7139 7229  0
8333 8430 4504 4503  0
81 79 100 8361  0
6600 7661 5697 5694  0
8257 7763 7783 8441  0
2736 2703 2735 7656  0
2099 2098 2130 8348  0
7656 5937 7771 8319  0
7670 7776 7787 7960  0
7578 7866 8259 7579  0
4346 8336 4347 8150  0
6871 6847 6872 7951  0
7064 7777 8106 7994  0
7344 7275 7345 8169  0
6084 6065 6085 7967  0
2145 2176 2177 7893  0
1039 1038 739 8342  0
8428 8107 2801 8120  0
3549 4237 4242 4833  0
628 336 335 8436  0
7026 7779 8409 7823  0
7738 7726 7790 8207  0
3146 3133 8194 8300  0
343 635 636 7909  0
6161 6162 6182 8105  0
3241 3244 3245 7991  0
3841 8009 7950 3842  0
3830 4170 7980 7969  0
2905 2924 2906 8341  0
2602 2567 2566 8397  0
7404 7762 7335 7405  0
3455 3829 3830 8078  0
8405 4758 5830 5831  0
1742 1741 1753 7981  0
315 314 626 392  0
553 554 499 7904  0
2625 4754 2660 3518  0
3342 2162 2130 7956  0
5367 5347 5348 7709  0
2048 2019 2018 7709  0
1237 1236 1428 7937  0
8104 3954 4271 4887  0
622 8412 954 914  0
4227 4790 2745 3530  0
7446 7930 8143 8320  0
7952 7487 7417 8381  0
6818 7663 7711 8180  0
3077 3627 3090 8382  0
7764 5774 6664 8089  0
6061 6040 6062 7890  0
4744 2615 4745 4762  0
1648 7841 1658 1659  0
8067 7658 7857 7762  0
5118 5103 5119 8398  0
8320 7235 7304 7305  0
5529 8217 8283 8408  0
4807 4808 2748 2715  0
4779 2651 2684 2683  0
7590 7591 7027 8409  0
7061 6697 6696 7896  0
3431 3433 3808 7804  0
3770 3771 8076 8146  0
3160 3172 8045 8394  0
7054 8360 6690 8007  0
2369 2330 2329 8430  0
327 7733 404 8388  0
457 328 513 7885  0
7022 7954 7023 8083  0
1119 7738 7790 1118  0
3666 3676 3977 7840  0
7345 7834 7346 7415  0
3376 1477 8041 8097  0
5936 5958 5957 7771  0
6609 6608 6961 8127  0
1670 7825 7841 7883  0
3221 3218 3217 8270  0
5104 5089 8016 8398  0
5173 5157 5174 7785  0
5960 5938 7656 8319  0
6301 6286 6302 8290  0
1247 7816 1246 1438  0
2330 7875 2370 2331  0
2638 2602 2637 7781  0
7798 1161 8345 8313  0
5337 5318 5338 7701  0
185 8393 158 157  0
6535 6536 6746 7724  0
2525 2526 1590 7843  0
6374 6388 7788 7792  0
2465 8440 2509 8129  0
1534 7774 1533 8276  0
8069 1855 1872 7865  0
429 7882 7844 428  0
315 334 626 314  0
3835 8310 2505 3461  0
5914 5938 5937 7656  0
2767 2768 2735 7656  0
5811 5810 8121 8405  0
904 943 905 7803  0
4640 5736 4641 8338  0
378 379 8193 8198  0
5759 5758 7994 8315  0
8275 4317 4314 4963  0
5913 5912 5889 8274  0
6862 6861 6828 8247  0
2478 7807 8009 1573  0
462 461 516 8234  0
547 8327 8077 8223  0
5804 5805 5822 7781  0
1590 1589 2525 7843  0
5277 5259 5278 7933  0
8231 706 659 660  0
6231 6213 6214 7901  0
8157 2248 8217 8283  0
1868 8015 8126 1884  0
1185 7803 961 960  0
6504 6759 6758 8018  0
5917 8026 8428 8438  0
1434 1435 7859 8419  0
7518 7519 7580 8246  0
2569 2570 7982 8003  0
1362 1361 1543 8022  0
5932 5908 5909 8189  0
1281 1282 2350 8017  0
1168 8099 1169 8388  0
7236 7172 7237 7755  0
2979 2962 2978 8252  0
6330 6315 6316 7989  0
3261 3260 3264 8150  0
4653 4697 8440 4654  0
7676 7952 8072 8286  0
6330 6329 6314 7884  0
1920 1904 1903 7933  0
5956 5955 5934 7915  0
8035 7883 1680 7841  0
4125 3791 3792 8061  0
7939 1146 7751 1141  0
3745 3746 3744 7934  0
2297 7819 2334 2335  0
7726 7723 7820 7731  0
7692 1774 1773 8279  0
8428 8107 8175 2800  0
5793 5811 5810 8121  0
7164 7290 7163 8004  0
897 918 1145 7751  0
7225 7164 6840 8004  0
7779 7458 7459 8046  0
5624 4549 7653 8280  0
416 417 352 7948  0
1042 8371 8008 1252  0
7871 3544 8272 5969  0
2003 2002 2020 8139  0
893 914 915 8412  0
8400 3954 3628 8104  0
5732 5731 6630 7667  0
6258 6257 6238 7970  0
1867 3278 3282 8126  0
517 7965 516 573  0
7931 5267 8055 8269  0
5683 7932 5638 8380  0
2070 2040 2069 7666  0
2105 2136 2106 7986  0
5378 5399 5398 8287  0
789 8357 790 1092  0
341 7924 633 634  0
42 41 61 8361  0
5777 7990 5753 5778  0
2793 2812 2813 7906  0
1008 7713 8087 711  0
1154 1159 7798 8206  0
7485 7553 7984 8381  0
4190 3850 4189 7717  0
7783 7745 8081 8161  0
187 171 186 8439  0
3881 2681 3524 2648  0
8179 7654 7658 7912  0
8291 5403 5425 5404  0
4562 8430 8056 4520  0
521 520 577 7987  0
7274 7742 7273 7209  0
4772 3518 4754 4222  0
528 7670 474 8226  0
7863 7980 8078 8324  0
1353 1159 8206 8313  0
1923 1938 7675 7933  0
1862 8010 8063 8059  0
641 971 972 7965  0
7453 7383 7384 8303  0
3841 8009 3468 7950  0
7551 7612 7550 7777  0
6043 8294 8064 7967  0
5892 7656 8274 8438  0
4211 7716 3500 4724  0
4211 8178 3870 3500  0
5203 5204 7865 8069  0
508 451 507 8093  0
630 7798 629 926  0
4271 4887 6293 8104  0
4702 4720 2553 4721  0
571 7965 572 7869  0
8443 2190 4444 2157  0
5731 5732 4636 7667  0
1210 1211 8036 8168  0
4896 8190 4277 3645  0
955 956 915 8412  0
5093 8147 5109 5108  0
6272 7768 6271 7689  0
6525 8191 6570 8410  0
2820 8175 2838 8107  0
1075 1286 1285 8176  0
5954 5933 5955 8189  0
1118 7868 1133 7738  0
1825 1824 1839 7918  0
6754 7087 7945 8006  0
7252 7993 8123 8296  0
1993 1975 7680 8136  0
2399 3794 3778 8425  0
4637 4638 4162 8092  0
5334 5335 5355 8095  0
814 8329 815 1129  0
4887 8400 8104 3954  0
1570 1571 1392 8044  0
4739 4756 4738 3513  0
7431 7430 7361 7734  0
170 171 198 8439  0
8021 7798 629 8436  0
5788 5802 5787 7861  0
6302 6319 6318 8347  0
6623 7696 6624 5725  0
3365 8262 2302 7888  0
2849 2850 2829 7714  0
7876 3945 4877 3944  0
4724 7716 4214 4723  0
5508 5530 5507 8283  0
5780 7985 8340 6671  0
7107 6778 7108 8268  0
96 8393 119 8133  0
7924 7830 7929 8345  0
1757 8171 1770 8016  0
6281 3065 7884 8358  0
1020 723 1019 8166  0
7263 7332 7262 8067  0
2488 7894 7937 7997  0
7454 7384 7385 8303  0
7884 8249 3093 3079  0
1774 7692 1773 1787  0
2595 7996 8051 8318  0
2791 2762 2761 8189  0
7322 7321 7252 8296  0
833 327 457 7885  0
7189 7121 7190 8123  0
4867 4864 4262 8265  0
7750 560 8093 8363  0
2949 2932 2931 7789  0
2726 2759 2727 8373  0
7886 7842 8165 8364  0
7499 7429 7430 7765  0
576 575 644 8149  0
1020 1019 1236 8166  0
561 617 618 8093  0
404 294 295 7909  0
6244 4878 8185 8358  0
4337 5048 5063 7991  0
8270 3208 3679 4313  0
1477 1476 1479 8371  0
1512 1336 1519 7790  0
3860 4200 3861 7974  0
2669 2702 2703 8274  0
5762 7879 6702 6703  0
6676 7823 7766 8102  0
2011 2012 1993 7666  0
3495 4206 3835 3494  0
3923 8297 4856 4858  0
350 744 349 8415  0
3026 7901 3011 3025  0
4115 8195 3781 8113  0
5122 8119 5121 7692  0
4190 3851 3850 7717  0
8088 4120 8162 8236  0
3565 2840 3918 8107  0
5783 7996 8102 8351  0
5384 5362 5363 7907  0
983 982 1200 8044  0
1265 1455 1264 8181  0
7645 7072 7071 8122  0
3925 4258 4857 8212  0
731 732 8363 8402  0
7093 7156 7916 8101  0
7261 7769 7262 7331  0
8192 7700 8263 7913  0
6284 6285 6300 8249  0
6793 6824 6792 8032  0
7653 6761 7094 6762  0
8215 6663 6711 8089  0
7674 7820 7845 7686  0
5287 5288 5307 8269  0
7713 663 710 8047  0
6533 6534 6744 7702  0
8265 8054 3927 2928  0
8010 5191 8242 8389  0
2782 4824 4825 8401  0
3936 4871 4873 3937  0
4732 8440 2584 4715  0
2400 2401 2365 8332  0
467 410 466 8375  0
8436 287 319 338  0
4763 2617 2616 8429  0
4658 7705 4657 8163  0
1462 7911 2322 7700  0
582 526 525 7797  0
168 169 196 8130  0
4721 4720 2590 4737  0
4667 4180 7950 8404  0
7715 1643 8270 8209  0
8305 4918 3667 3978  0
6877 6853 8230 8433  0
2744 2776 2745 4234  0
226 272 242 8439  0
4977 3221 3220 8270  0
2713 4790 2745 2746  0
4901 8190 4902 4904  0
4242 3906 4241 4237  0
2785 4827 3557 4828  0
4506 8430 2294 2331  0
7600 7758 7601 8257  0
3909 4835 3551 4244  0
3556 4840 3914 4250  0
2622 2585 2621 4733  0
541 540 597 7870  0
4717 8440 2585 4733  0
7292 7362 7361 8004  0
6365 6364 6349 8194  0
4791 4221 3524 3523  0
4823 4822 2780 4836  0
7776 8096 7943 7988  0
8202 1130 1325 8329  0
3550 3908 4244 4834  0
4234 4237 4833 4819  0
4819 4806 4820 4790  0
4135 4601 4134 7772  0
3542 3892 3541 4231  0
2777 4819 2745 2776  0
3523 2713 3524 2714  0
2620 4749 2655 2656  0
4221 4228 3523 4791  0
2681 4777 4776 4792  0
4792 2681 4793 2715  0
2746 4806 2747 2714  0
1448 1449 2308 7943  0
4806 4791 2714 2713  0
2715 4808 4793 4807  0
4777 2681 4793 4792  0
2779 4836 2780 4822  0
4792 4760 4776 2681  0
4834 3908 4244 4243  0
3512 4743 2649 2614  0
4210 4711 3869 4205  0
4782 2687 2688 2722  0
4794 4808 2717 4809  0
2777 4834 2778 4820  0
1245 1246 1029 8402  0
429 7882 428 485  0
2626 3513 2590 4738  0
3911 4247 3553 4837  0
732 1028 1029 8402  0
8127 6604 6935 7661  0
1646 1647 1637 7695  0
4504 4521 4520 8430  0
106 83 82 8361  0
4728 4692 2544 2543  0
7762 7543 7604 7778  0
3551 4245 3910 3552  0
4239 4842 3902 4238  0
5158 8010 8144 5175  0
3943 3942 3613 3614  0
8028 7816 8084 8402  0
1030 7816 1247 8028  0
4821 4807 2747 4820  0
2651 4778 2650 2683  0
4764 2653 4780 4763  0
7476 7762 8027 7778  0
8058 7684 8094 7658  0
8393 185 144 8130  0
8349 2097 3327 4054  0
4734 4733 2622 4750  0
4840 4839 3914 4249  0
4735 4719 2587 4718  0
4839 8401 4825 4826  0
2656 4766 2688 4767  0
2584 4749 2621 4732  0
4441 4427 8173 8354  0
3882 3886 4222 3518  0
8307 1593 1594 7927  0
4720 8225 2552 4701  0
7727 7712 7740 8186  0
4733 4734 2622 2586  0
5941 5917 8428 8442  0
3543 4814 2785 3903  0
4244 3550 3551 3909  0
3543 2754 2785 4814  0
2906 8420 2889 8341  0
8020 7745 8081 8228  0
4911 4281 4906 3658  0
7032 7048 7047 8081  0
4288 4919 4289 3978  0
4205 4711 3869 2543  0
4839 4838 3913 4248  0
4842 4829 4239 4828  0
4755 4222 4754 3518  0
7816 8363 8084 8402  0
2754 8435 2755 2722  0
3956 7752 3639 3633  0
2741 2708 2740 8188  0
4763 4779 2652 4780  0
2648 4216 3881 4760  0
4249 4839 3913 4248  0
3531 8437 8435 4786  0
1526 2415 7838 8367  0
3605 8185 4265 3609  0
4809 4808 2749 4822  0
4815 4829 4235 4816  0
8093 8424 7922 7801  0
5919 8428 5942 5918  0
319 338 8066 8436  0
3909 4245 3910 3551  0
8288 3611 8082 3022  0
4821 4808 2748 4807  0
4772 4222 4754 4755  0
3587 2945 8109 8297  0
5733 8092 4638 4637  0
2781 4837 3554 4838  0
4815 4828 3903 4829  0
4235 4815 3903 4829  0
6192 8082 6211 6210  0
6340 6309 4891 4894  0
4827 4841 3902 4828  0
4828 4841 3902 4842  0
4250 4238 3915 4841  0
338 630 8066 8436  0
4580 4579 4119 8162  0
4828 4842 3902 4239  0
3915 4841 3902 3556  0
132 156 157 8393  0
4216 4760 2648 4776  0
4250 4840 3914 4249  0
3552 4246 3910 3911  0
4762 4779 2652 4763  0
4837 4247 3912 4838  0
3912 4837 3553 4247  0
4824 2782 3554 2781  0
3903 4814 2785 4828  0
8131 1241 7859 1432  0
4246 4836 3553 3552  0
2704 8039 8274 8438  0
2316 1456 7944 8331  0
4827 8401 4840 4826  0
3219 4317 3680 8275  0
2648 4760 3881 2681  0
3967 8305 3658 3968  0
4600 7772 4134 4601  0
3911 4837 3553 4246  0
4721 8225 2553 4702  0
4824 4838 3554 2782  0
5501 5502 5524 8023  0
1244 1027 7859 8402  0
456 877 567 390  0
4840 4841 3556 4827  0
2550 4718 2587 2551  0
3553 4837 3554 2781  0
4250 4841 3556 4840  0
3915 4841 3556 4250  0
2713 4791 3523 4228  0
4234 4819 4227 4790  0
1244 7859 8237 8402  0
2331 2293 2330 8430  0
2620 4748 2655 4749  0
4792 2681 3524 4760  0
2329 2328 2368 8430  0
4806 4228 2713 4790  0
3881 4221 3524 4760  0
3523 4221 3524 3881  0
4833 2776 3549 4237  0
2776 3892 3542 4234  0
4791 4228 2713 4806  0
4505 4521 4504 8430  0
2170 2203 7707 7831  0
4744 4762 4745 4761  0
2175 2176 7893 8023  0
483 538 484 7882  0
5118 5134 5133 8090  0
7793 7408 7407 8027  0
503 446 502 7922  0
4441 2155 2154 8173  0
2823 8218 2842 2843  0
3549 4237 3548 3907  0
4820 4806 2747 2746  0
4297 4916 4285 7840  0
4234 4237 4236 4231  0
6298 6315 7884 8249  0
2777 3550 2778 4834  0
4822 4808 2748 4821  0
2749 4809 2717 4808  0
4809 4823 2750 4810  0
3548 3907 4242 3906  0
8175 5941 8428 8442  0
4744 3506 4745 2615  0
3542 4231 3548 4237  0
1244 1436 1245 8402  0
4504 4520 4503 8430  0
3552 4245 3910 4836  0
4244 3550 3909 3908  0
4814 8435 2754 4799  0
4833 2776 2777 3549  0
4833 4819 2777 2776  0
4246 4247 3911 4837  0
3909 4245 3551 4835  0
7836 2283 8192 8217  0
7307 7238 7308 8100  0
3549 3907 4243 4833  0
3908 3907 4243 3549  0
4834 3908 4243 3550  0
3550 4833 4243 4834  0
3549 4833 4243 3550  0
3550 3908 4243 3549  0
4646 4178 4177 7980  0
5454 5476 5475 8034  0
4241 3901 4236 3906  0
4284 3973 4282 4911  0
4914 8305 4915 3663  0
4237 3906 4236 3548  0
4241 3906 4236 4237  0
3541 4231 4236 3548  0
3901 3548 4236 3906  0
3541 3548 4236 3901  0
3563 3559 3562 8272  0
577 8149 8391 7987  0
7773 7654 7857 8067  0
972 971 983 7965  0
8345 7798 8313 7929  0
401 324 402 7909  0
4281 4911 4282 3973  0
2358 1290 2359 8049  0
5749 5744 6646 8404  0
4245 4836 3552 4835  0
4836 4246 3910 3552  0
3658 8305 3663 3659  0
7354 7424 7845 7972  0
3553 4837 2781 4823  0
3975 3663 4284 3976  0
4793 2681 2716 2715  0
3646 3645 8190 8306  0
2780 4823 2749 4822  0
3552 4836 2779 4835  0
2780 4823 2781 2749  0
4227 4819 2745 4790  0
4824 4823 2781 4837  0
628 627 8021 8436  0
4823 4837 2780 3553  0
303 304 286 8436  0
4772 3518 4222 3886  0
6094 4861 6135 4863  0
4753 4754 2660 2625  0
6655 6656 6674 8083  0
629 8066 630 8436  0
337 338 304 8436  0
4224 4772 3886 4771  0
1471 8097 1470 1473  0
4719 4700 2552 2551  0
4754 3518 4737 4755  0
2871 2890 2891 8135  0
1704 1693 1692 7883  0
318 395 317 8436  0
629 628 8021 8436  0
4787 4786 3888 4229  0
4724 3874 3500 4211  0
4801 4785 4802 8435  0
4787 8437 4786 4770  0
8036 652 699 698  0
2689 2656 2688 4767  0
4771 8437 4787 4770  0
4787 8437 3525 3888  0
3886 4224 3525 3888  0
3886 4771 3525 4224  0
2103 2104 2073 7760  0
4766 2656 2688 2655  0
4224 4787 3525 3888  0
4224 4771 3525 4787  0
7221 7286 7285 7972  0
4943 4955 4954 8209  0
4756 4218 3513 4739  0
3882 4218 3513 4756  0
7871 5948 5949 8370  0
369 7947 7992 370  0
5044 5059 5058 7725  0
2865 2884 2885 8294  0
1116 1117 1102 7738  0
4273 4893 6324 8400  0
7654 7754 7763 7822  0
3882 4756 4755 4222  0
4222 3518 4755 3882  0
2625 3518 2626 4737  0
2753 2720 2752 8401  0
7197 8067 7663 8132  0
4699 8440 4717 4698  0
3001 8211 2985 3000  0
6028 6005 6006 7919  0
2291 2328 2329 8430  0
4717 8440 4716 4698  0
2586 4718 2587 2550  0
2580 3506 2616 4745  0
5958 5981 7906 8319  0
3531 8437 3888 2691  0
2587 2624 2588 4735  0
2453 2452 3455 8078  0
7662 7979 8122 8215  0
1759 1773 1760 8279  0
5894 5893 8026 8438  0
4218 4739 4740 3878  0
5470 5447 5448 7760  0
4737 3518 2626 4755  0
4771 8437 4770 4753  0
5475 5476 5498 7707  0
4706 4705 4211 4724  0
1502 2397 1309 7738  0
6285 6301 8249 8290  0
5844 8026 5845 5868  0
1201 983 8044 8344  0
2309 7943 2308 1449  0
4444 8349 8443 2157  0
4722 4739 4738 4721  0
1020 1236 7937 8166  0
7791 7846 8176 8193  0
2664 2665 2630 8051  0
8212 8265 6113 8054  0
777 1076 776 7812  0
7774 7798 8202 8313  0
5234 4362 5215 8126  0
6274 6292 6273 8104  0
5985 5986 6008 8107  0
6325 6311 6326 7752  0
6182 6183 8211 8299  0
7716 4740 4214 4723  0
3507 7716 3874 2556  0
4756 3882 4738 3513  0
4755 3882 4738 4756  0
7951 6800 6846 6847  0
3878 4739 4740 4722  0
4211 7716 4724 4705  0
4740 7716 4722 4723  0
3878 7716 4722 4740  0
3507 4214 4740 3878  0
1133 8385 7868 1136  0
1718 8244 1729 7981  0
2849 2829 2828 7714  0
8423 7709 1981 8138  0
1464 1274 1465 7911  0
8041 1479 1477 3377  0
135 8393 134 158  0
3257 8336 8150 3254  0
6000 6023 6022 7714  0
2038 7666 2068 2039  0
5042 5056 5041 7981  0
7262 7769 7332 7331  0
8356 5345 7858 5325  0
1651 1652 3215 7825  0
5344 5364 5363 7858  0
1319 7784 8195 8216  0
7024 7025 6657 7823  0
382 7812 7791 7922  0
776 775 381 8176  0
4974 7883 4986 4985  0
1857 1842 8242 1858  0
4706 4207 4211 3870  0
2580 2544 4728 8429  0
474 7670 529 475  0
5295 5313 5294 8095  0
2466 2465 2509 8129  0
7421 7420 7351 8312  0
4753 4736 2625 2624  0
143 8393 119 120  0
7690 2926 8265 2943  0
2589 4719 2552 2588  0
963 1187 7740 7908  0
1865 1880 7931 8059  0
5262 5280 5261 8114  0
142 119 8393 118  0
7461 7391 7392 8296  0
2589 4736 2588 2625  0
7872 7858 8055 8356  0
4730 4747 4746 8429  0
1842 1858 1843 8242  0
6667 7764 5776 6666  0
377 441 442 8198  0
7182 7247 7936 8060  0
969 952 968 8070  0
2478 2477 3469 8009  0
1846 1847 1831 8010  0
6767 6561 7914 8141  0
6496 5613 5614 8328  0
4735 2624 2588 4736  0
4270 3949 3952 8104  0
7724 6745 6535 7702  0
6292 6293 4887 8104  0
6580 6830 6579 8145  0
1846 1830 1845 8010  0
7684 7857 7658 7762  0
2072 7907 7760 2044  0
3144 3131 7659 8194  0
7428 7358 7359 7765  0
6333 6349 6348 8194  0
6009 5987 6010 8107  0
4425 4426 4439 8354  0
5191 5174 5175 8010  0
1562 1561 2450 7740  0
7821 4545 8219 4098  0
8074 6726 6733 6727  0
5295 7933 5275 5276  0
5282 8407 5283 5302  0
1619 2496 1620 8237  0
3151 3152 7788 7792  0
4557 7829 7826 8425  0
7852 7953 8191 8410  0
5892 5915 7656 8438  0
2665 2631 2630 8051  0
2547 4714 2583 4715  0
8264 2536 1601 7759  0
4859 8212 4258 3927  0
7701 5297 5315 5316  0
3966 8229 3970 4905  0
1484 3400 3399 7731  0
7621 7622 7647 8122  0
1209 1401 1210 8168  0
3446 3445 7688 8079  0
1728 8244 1729 1716  0
5498 5497 5475 7707  0
2710 2711 2677 8000  0
3130 3119 7659 8194  0
6660 6661 6679 8091  0
7341 7411 7410 8187  0
2551 4700 4718 4719  0
2704 2737 2705 8438  0
4522 4564 4563 8430  0
4217 3505 2614 3512  0
2191 4460 4461 8443  0
1267 1057 7913 7944  0
553 609 610 7904  0
4754 3886 2660 3518  0
2656 4750 2621 4749  0
8437 4785 8435 4786  0
2620 4749 2584 4732  0
3947 3946 3621 8432  0
4883 4880 3946 8432  0
5912 7656 7771 8274  0
195 194 167 8130  0
4732 8440 4715 4716  0
4712 8310 4693 4694  0
812 8001 8392 8021  0
142 143 167 8130  0
5938 8442 5960 7656  0
4718 2551 2550 4699  0
5802 5801 5787 7861  0
3377 7799 3755 8041  0
7847 6775 6519 7923  0
1709 1720 1710 7725  0
7587 7588 7823 7954  0
3876 2613 3517 7976  0
3927 8054 8212 2928  0
5978 5979 6001 7906  0
1405 7748 7843 1406  0
7892 3862 3491 3863  0
2654 4748 2619 8429  0
6628 6627 6991 7905  0
2968 2985 2986 8105  0
5155 8242 8119 7785  0
384 383 7922 8424  0
182 211 212 8130  0
4761 2615 4744 4762  0
999 703 702 7809  0
1947 1963 7858 8269  0
2639 7781 7864 8003  0
392 333 625 391  0
1064 765 1065 7947  0
8035 4996 4997 7841  0
7604 7605 7630 7778  0
910 948 949 7853  0
819 7929 821 822  0
6817 6818 7125 7711  0
1311 8289 7874 8277  0
295 8388 638 568  0
2390 7687 8167 8061  0
5227 5226 5209 8389  0
3783 4117 8113 8314  0
6786 7988 7993 8060  0
8015 1919 8368 1902  0
529 585 7928 8226  0
2898 2899 2881 8235  0
5895 5918 8026 8188  0
7709 8423 1981 2000  0
1956 1973 7680 7701  0
1458 1267 1268 7913  0
8390 3982 3981 3671  0
3473 3845 3474 8315  0
1042 8371 1041 8153  0
491 435 434 8040  0
4872 6190 4869 8352  0
5921 5944 5920 8350  0
572 7869 7965 8234  0
5937 5912 5913 7656  0
7883 4974 4986 8275  0
6398 6411 4904 8190  0
5049 5063 5048 7991  0
680 7719 611 679  0
6198 7736 7848 8002  0
7836 4482 4466 5556  0
5591 5574 5575 7836  0
7421 7845 8286 8312  0
7847 7677 8014 8100  0
5866 5842 8039 8274  0
2615 3505 4744 3506  0
4744 3505 4210 3506  0
7866 7728 7677 8246  0
4210 4744 4217 3505  0
4744 3506 4711 4745  0
4510 4511 4527 7819  0
3835 8273 4157 4174  0
7379 7448 7378 7930  0
1318 1496 7851 8195  0
8372 3928 4861 3929  0
2628 2629 2593 8240  0
7681 7755 7761 8320  0
4206 8273 4174 4650  0
5664 5600 5665 7860  0
798 8234 799 7898  0
2968 2986 2969 8105  0
2330 7875 2331 8430  0
5554 5531 8157 8408  0
1285 7887 1284 8176  0
6839 7163 7958 8004  0
4210 3505 3869 3506  0
456 331 567 329  0
4743 4761 4217 4744  0
3550 4833 2777 3549  0
4776 2648 3512 4743  0
4776 4216 3512 2648  0
4743 4216 3512 4776  0
4206 4692 3495 4693  0
2435 1544 2434 8022  0
4711 4728 2543 4205  0
1773 1761 1760 8279  0
4205 4728 2543 4692  0
4205 4692 2543 3494  0
1545 2435 2436 8022  0
3626 3622 3625 8432  0
7912 1009 1225 8179  0
2545 8310 2546 2505  0
1160 1161 7798 8313  0
3161 3149 3160 8254  0
3946 4880 3621 8432  0
2722 4783 2688 4782  0
7771 2734 8172 8274  0
4692 8310 3495 4693  0
1778 1777 1792 7697  0
6322 8184 6305 8400  0
2586 8440 2549 2585  0
4085 3753 4086 8427  0
8363 686 732 685  0
5760 4672 5759 8106  0
5330 5349 5329 8374  0
3970 6410 4905 8229  0
7634 7703 7994 7896  0
6204 6187 6205 7876  0
7857 668 669 8183  0
3879 8405 3519 3514  0
7796 551 608 607  0
7542 7604 7603 8140  0
5561 5562 8037 8154  0
4635 4634 5730 7688  0
7955 7006 7007 7000  0
5846 8003 6732 7864  0
925 1159 926 7798  0
5542 5541 5519 7831  0
7532 7594 7593 8161  0
5096 8150 7697 5112  0
7235 7171 7236 7755  0
7838 7655 8210 8367  0
6144 6164 6163 8105  0
4537 7679 5613 5612  0
8218 2823 2842 7871  0
2889 8064 8341 8420  0
7727 7730 8238 7969  0
6623 6986 6987 7850  0
2769 8438 2736 7656  0
550 607 551 7796  0
1778 1792 1779 7697  0
8020 7781 6724 6713  0
6104 6082 6083 7890  0
7733 7909 934 933  0
7739 7363 7734 8232  0
6251 6250 7685 8290  0
6158 6159 7736 8109  0
8194 6365 8229 8300  0
3439 2417 3440 2416  0
6580 6831 6830 8145  0
7166 7165 6855 8030  0
4996 5008 4995 8035  0
5659 8042 4589 8369  0
1488 1511 1310 8289  0
7753 7784 8314 8321  0
4085 4533 4590 8427  0
4155 3816 3442 3818  0
7551 7484 7552 7984  0
7652 7687 7712 8088  0
7821 7801 7812 7902  0
7886 1209 992 8036  0
8031 7832 8098 8331  0
5318 7680 5338 7675  0
6250 6249 6231 7901  0
808 1101 807 7744  0
3034 3612 3021 7876  0
5623 5624 6506 8101  0
609 608 677 7904  0
6954 8013 6929 7905  0
2551 7705 4700 2511  0
6730 6736 6729 8302  0
2703 2735 7656 8274  0
2703 8438 2704 8274  0
5912 7771 8172 8274  0
133 109 132 8133  0
6135 6115 6136 8372  0
5061 5047 5062 7940  0
1274 7773 7947 7911  0
5578 5599 5598 7860  0
7723 856 875 874  0
1667 1666 1678 8203  0
971 982 7965 8070  0
7667 6628 6992 7905  0
7471 7758 7472 7539  0
1440 7816 1623 8086  0
5155 5139 5156 7785  0
7232 7167 7761 7914  0
5856 5882 5881 8142  0
4718 4699 2550 4717  0
5344 8138 7858 5345  0
7142 7143 7200 8304  0
3272 8059 1850 7931  0
7038 7053 7037 8007  0
4835 4836 2779 4822  0
4111 3777 3778 8425  0
2201 2236 2202 7831  0
1189 1381 1382 7740  0
7236 7235 7755 8320  0
320 321 398 8066  0
3174 3173 3184 7895  0
7076 7649 7650 7979  0
3025 3024 3039 7901  0
4674 4673 5761 8106  0
8189 5977 5978 5955  0
1778 1763 1777 7697  0
5307 5308 7721 8269  0
2802 8428 2773 2772  0
2467 2466 2510 7705  0
517 518 463 8011  0
1894 1895 1878 8059  0
877 8392 1139 898  0
5001 4988 4989 7811  0
1272 7911 1463 7773  0
5156 5140 5157 7785  0
8149 643 690 8344  0
1808 1795 1794 7824  0
1463 1464 2323 7911  0
5523 5522 5500 8048  0
5096 8150 8336 7697  0
7733 933 1167 1166  0
2203 2204 7707 7831  0
381 775 380 8176  0
7375 7306 7376 8320  0
7812 1075 8176 1286  0
255 256 272 8439  0
491 434 490 8040  0
5746 7897 6669 7999  0
6720 6729 6719 8302  0
2735 2734 2767 7656  0
3867 7842 8009 8311  0
8081 7683 8091 8409  0
6245 6244 8185 8358  0
390 331 567 456  0
5956 7906 5979 5978  0
2321 1462 2322 7700  0
2068 2040 2039 7666  0
8029 7112 7873 7111  0
6255 6254 6236 7689  0
7857 7684 7658 8094  0
4261 4862 3930 8265  0
4671 4183 8085 8315  0
8031 8191 8376 8410  0
7150 7149 7087 7945  0
2423 1539 1535 8276  0
8142 2726 8221 2693  0
5087 5072 5073 8398  0
6873 6874 6898 8278  0
8191 6791 6572 6571  0
3126 3139 7747 7788  0
3028 3013 3027 8002  0
815 817 8329 8066  0
2845 2825 2844 8218  0
4645 4646 4170 7980  0
5424 5445 5444 8291  0
6502 5619 5620 8018  0
3495 8310 2545 2505  0
5155 5138 5139 7785  0
4708 5750 5751 8311  0
8026 5868 8039 8438  0
5227 5245 5244 8063  0
5635 4565 4566 8204  0
7829 6839 7958 8004  0
7710 7364 7942 8030  0
5738 5737 6639 8238  0
7869 7863 7941 8070  0
6428 6415 6429 7895  0
5115 7824 7697 5116  0
1116 7738 7744 7868  0
1345 2411 1343 7939  0
5931 8373 5953 5930  0
5603 5602 5582 7977  0
3805 4143 3807 8396  0
1368 1172 1367 8080  0
3684 4319 3222 7811  0
2685 2720 2686 8401  0
815 814 396 8066  0
7850 5724 5725 6623  0
6143 6142 6121 8105  0
3755 3376 3377 8041  0
2586 2585 2622 4733  0
3371 4080 3745 7934  0
7516 7448 7449 7930  0
7987 7889 8153 8375  0
7665 7851 7885 7963  0
4115 3782 4116 8113  0
8413 7706 8006 7821  0
3871 7990 3501 8311  0
948 910 909 7853  0
620 564 563 8084  0
733 1029 974 8402  0
3510 8240 2592 8121  0
8186 2451 3454 3453  0
7445 7375 7376 8320  0
909 887 908 8248  0
4521 4505 4522 8430  0
5488 5466 7956 8348  0
2734 2701 8172 8274  0
4749 2620 2621 2656  0
6171 8352 6151 7690  0
7895 3671 3982 8390  0
413 8153 8250 8415  0
166 182 141 8130  0
7720 7837 8378 7799  0
7671 7897 7892 7734  0
8217 8157 8283 8408  0
8296 7795 7683 8123  0
8088 7753 8314 8321  0
6054 6075 8297 8325  0
8439 8130 196 197  0
3186 7792 3176 7895  0
7838 1346 7669 1348  0
7637 7636 7611 7994  0
7734 7433 7806 8232  0
4418 3333 8443 4054  0
6388 6374 6389 7792  0
7681 7949 7889 7691  0
2329 2292 2291 8430  0
2898 2881 7672 8235  0
2142 2175 2143 8048  0
3839 3840 3466 7950  0
460 7869 459 514  0
4733 8440 4732 4716  0
2587 8437 2624 4735  0
2606 2570 8003 8111  0
982 971 970 8070  0
3278 3274 3277 8126  0
6811 6557 8236 8292  0
2310 2311 2273 8096  0
2326 3779 3401 8332  0
7030 7594 7031 8081  0
4534 4087 8041 8434  0
7732 7668 7809 7928  0
6416 8254 6403 7792  0
8308 7022 6654 8083  0
2011 2010 2039 7666  0
5841 5842 5865 8274  0
3554 4839 3555 2782  0
8116 1177 1195 1176  0
3238 3239 3235 8326  0
2733 2732 2765 7771  0
2589 4720 2552 4719  0
3094 3081 8249 3095  0
6431 7792 6417 7840  0
8369 6770 8042 7761  0
8031 7926 8263 8331  0
2321 2322 2284 7836  0
2142 2174 2175 8048  0
5244 5243 8063 8227  0
7821 7694 7801 7834  0
2398 7731 2397 8425  0
3364 4498 5557 7888  0
534 480 479 7780  0
857 7723 856 875  0
4192 3853 3852 7961  0
5430 5408 8065 8241  0
2403 1485 8056 8233  0
7965 982 8044 8070  0
5848 5847 6733 7864  0
2711 7968 2677 8000  0
5958 5980 7771 7906  0
789 8321 1092 1091  0
970 639 969 8070  0
8132 6820 7127 7128  0
7377 7307 7930 8320  0
6001 6002 6024 7906  0
212 183 182 8130  0
3867 7842 3497 8009  0
2269 2270 2234 8154  0
2620 2619 2655 4748  0
4652 8129 8310 8273  0
3495 4692 2545 4712  0
1573 1574 7807 8009  0
2832 2831 2852 7906  0
7535 7536 7783 8441  0
7758 7763 8257 8441  0
2550 8440 2509 2549  0
155 117 130 140  0
2734 2702 2701 8274  0
4730 4713 4714 8429  0
2652 2651 2684 4779  0
5115 7664 5116 7697  0
184 183 212 8130  0
7656 2797 8175 8319  0
2526 2525 2563 7843  0
552 609 553 7904  0
2622 4733 2621 4750  0
141 182 155 8130  0
184 212 213 8130  0
8130 183 155 8393  0
2669 8039 7660 8274  0
4361 8126 4362 3280  0
7984 7706 7742 7834  0
4692 8310 4712 3495  0
8430 4503 4519 4520  0
4731 4715 2583 4714  0
2705 2738 2706 8438  0
7839 843 864 8321  0
7312 7311 8014 8025  0
2582 2581 2618 8429  0
3495 8310 4206 4693  0
4796 2685 4780 8401  0
2530 2531 7867 8397  0
6520 5596 6521 7847  0
4762 2616 2652 2651  0
533 534 479 7780  0
6648 5751 6647 8404  0
3479 8152 7717 3480  0
8440 4733 4732 2584  0
2735 2734 7656 8274  0
2703 2670 2669 8274  0
2703 8039 2704 2670  0
6311 6310 6294 8432  0
5812 8240 5833 8405  0
7990 4726 5777 8311  0
3509 3510 8121 8405  0
7730 7010 7573 7009  0
7769 7763 7329 8038  0
5752 7990 5753 5777  0
4429 2125 8173 8349  0
2689 4767 2688 4783  0
5891 5913 5890 8274  0
3515 3516 3509 8405  0
4673 4672 5760 8106  0
3525 3518 2660 3886  0
8148 2875 7919 2857  0
2328 8056 8430 8332  0
1754 1742 7664 8171  0
3875 8121 4741 8405  0
396 395 318 8436  0
1410 1219 8307 8421  0
7818 7835 8022 8068  0
396 814 395 8436  0
4732 4749 2621 4733  0
4748 4749 2620 4732  0
7877 795 7898 8167  0
6804 6851 6850 8433  0
2583 4732 2584 4715  0
7875 2369 8430 2370  0
4764 4781 2686 2654  0
5889 8274 5864 5890  0
2292 2329 2330 8430  0
8199 6798 8004 6825  0
8310 3495 2545 4712  0
2737 2738 2705 8438  0
4563 4521 4522 8430  0
7704 8327 7925 8317  0
8274 7660 2668 8172  0
5867 5866 8039 8274  0
5889 5912 8172 8274  0
5868 5867 8039 8438  0
4764 2653 2686 4781  0
2292 2330 2293 8430  0
2586 8440 2585 4717  0
4563 4564 7875 8430  0
4732 4733 2621 2584  0
8310 4712 8429 4713  0
2545 3495 2544 4692  0
4718 4719 2587 2551  0
8430 4562 4563 4521  0
2703 8039 8274 2704  0
4732 4715 2583 4731  0
4564 4522 7875 8430  0
2505 3835 3461 3495  0
132 155 156 8393  0
6112 6132 6111 8265  0
2369 2368 8056 8430  0
7880 7932 8057 8282  0
4522 2331 7875 8430  0
8438 2738 2770 2737  0
2615 4762 2616 4745  0
6552 6551 5645 8433  0
6294 8382 8432 6295  0
4502 8430 2291 4503  0
5893 5868 8026 8438  0
2550 4717 2586 4718  0
4734 4718 2586 4717  0
4733 4734 2586 4717  0
4717 2585 2586 4733  0
2586 8440 2550 2549  0
8437 2587 2624 2623  0
2703 8438 7656 2704  0
2620 4749 2621 2584  0
3543 8435 3536 2755  0
3556 4840 3555 3914  0
4563 7875 8056 8430  0
3018 3017 7815 8299  0
335 627 628 8436  0
628 629 8021 924  0
7175 7847 8014 8100  0
4745 4762 2616 4746  0
2749 4823 2781 2750  0
4505 8333 8430 4504  0
2328 4519 8332 8430  0
332 331 624 390  0
2368 2367 8056 8430  0
2369 2329 2368 8430  0
2545 4692 2544 4712  0
4728 4712 2544 4692  0
4562 8430 4520 4521  0
2328 8056 2367 8430  0
5525 5503 5526 8023  0
391 333 625 332  0
391 332 625 624  0
4743 4217 2614 3512  0
4853 6054 3575 8325  0
626 333 625 392  0
4743 4761 2614 4217  0
7798 8021 629 925  0
4744 2615 2614 4217  0
4744 4761 2614 2615  0
4217 4761 2614 4744  0
4745 4728 2580 4711  0
4711 3506 2580 4745  0
3869 3506 2580 4711  0
2543 3506 2580 3869  0
3869 4711 2580 2543  0
2750 4809 2718 2717  0
2748 4808 2716 2715  0
2651 4761 2650 4778  0
4793 2681 2682 2716  0
2750 4824 2781 2782  0
2780 3553 2781 4823  0
4780 4781 2685 4764  0
2779 4821 2778 4835  0
2746 4790 2745 4819  0
2713 4791 2714 3523  0
4792 4791 2714 4806  0
3530 2744 2745 4227  0
4792 4806 2714 4807  0
4792 4807 2714 2715  0
2713 3530 2745 4790  0
4837 4838 2781 4824  0
2751 4810 2750 4824  0
686 8363 732 8402  0
2714 2713 2746 4806  0
4790 4819 2746 4820  0
2750 4823 2781 4824  0
4778 4761 2650 4777  0
2749 4822 2748 2780  0
4824 4810 2750 4823  0
4835 3551 2778 2779  0
2713 4790 2746 4806  0
4820 4806 2746 4790  0
3553 4836 2780 3552  0
2749 4808 2748 4822  0
4807 2715 2748 2747  0
2751 4810 2718 2750  0
4793 4778 2682 4777  0
2650 2614 2649 4743  0
2648 4776 2649 4743  0
2651 4778 2683 4779  0
4779 4778 2683 4794  0
2715 4808 2716 4793  0
4519 8056 4561 8332  0
4765 4781 2686 4782  0
4794 4793 2716 4808  0
2717 4794 2682 2716  0
4835 4821 2778 4834  0
2683 4794 2682 2717  0
2716 4794 2682 4793  0
2614 4761 2650 2615  0
1245 1029 1028 8402  0
2686 2653 2685 4781  0
974 1030 8028 8402  0
2749 2750 2717 4809  0
2616 2615 2651 4762  0
4779 4762 2651 4778  0
2369 2370 2330 8430  0
2652 4780 2685 2653  0
4810 4809 2718 2750  0
2683 2717 2718 4795  0
4810 4795 2718 4809  0
4762 2615 2651 4761  0
4762 4761 2651 4778  0
2654 4781 2686 4765  0
2654 2653 2686 4764  0
4778 4794 2682 2683  0
4778 4793 2682 4794  0
4743 4761 2649 2650  0
4743 4776 2649 4761  0
2650 4777 2649 2682  0
2681 4777 2649 4776  0
2682 4777 2649 2681  0
4777 4761 2649 4776  0
2650 4761 2649 4777  0
2718 4795 2684 2683  0
4764 4781 2654 4765  0
3870 8178 3866 3496  0
1436 1244 8237 8402  0
4779 4795 2684 4780  0
396 7798 8436 8066  0
2297 7819 2298 4509  0
8438 8274 5867 8039  0
1599 1415 1598 8264  0
8436 287 286 318  0
3914 4839 3555 4249  0
1581 7842 8364 8165  0
4249 3913 3555 3914  0
6647 5750 6646 8404  0
3954 8400 3628 3953  0
4249 4839 3555 3913  0
2656 4749 2655 4766  0
2654 4765 2655 2619  0
8402 731 1027 8363  0
5831 5832 5855 8405  0
4762 4763 2652 2616  0
3515 3521 3516 8405  0
303 285 302 8436  0
1028 1027 1244 8402  0
4780 2653 2652 4763  0
2559 8115 2595 2560  0
6647 5751 5750 8404  0
4766 4765 2655 4782  0
304 336 337 8436  0
4765 2654 2687 2686  0
2655 2654 2687 4765  0
2651 4779 2652 4762  0
1245 1437 1246 8402  0
1436 7816 8402 8237  0
2683 4795 2684 4779  0
4272 7752 4891 3633  0
4783 4798 2722 4799  0
286 318 317 8436  0
2718 4796 2684 4795  0
2719 4796 2684 2718  0
974 8028 8084 8402  0
4795 4796 2684 4780  0
3903 4828 3557 4239  0
5751 7866 8404 6648  0
395 814 8021 8436  0
5988 6010 5987 8107  0
3903 3896 3543 4235  0
4827 3556 3557 3902  0
5750 5749 6646 8404  0
1029 1030 974 8402  0
4538 7973 8328 4092  0
4782 4798 2722 4783  0
2785 3903 3557 3543  0
732 731 1028 8402  0
284 316 302 8436  0
316 335 302 8436  0
2782 8401 3555 2783  0
8405 3875 4757 4741  0
4766 4782 2688 4783  0
629 337 336 8436  0
6885 6911 8127 6912  0
7651 7077 7650 8159  0
630 337 629 8436  0
285 284 302 8436  0
4767 2657 2689 2656  0
284 285 316 8436  0
2657 2622 4750 8437  0
303 336 304 8436  0
629 336 628 8436  0
302 336 303 8436  0
2659 2691 3525 8437  0
2622 4751 4734 4750  0
2586 2622 2623 8437  0
4235 8435 3896 3543  0
4235 4815 3543 3903  0
3956 3637 3638 3955  0
4239 4828 3557 3902  0
2755 2754 3543 4814  0
4828 4827 3557 3902  0
2785 4828 3557 3903  0
4239 3902 3557 3903  0
396 7798 814 8436  0
8435 4814 4815 4800  0
3903 4815 3543 4814  0
4814 8435 4815 3543  0
4235 8435 3543 4815  0
4828 4814 2785 4827  0
1436 7816 8237 1437  0
4814 8401 4827 4813  0
7752 8306 4894 3638  0
3553 3912 3554 4837  0
4838 4837 3554 3912  0
4839 4838 3554 3913  0
4839 2782 3554 4838  0
704 7809 657 703  0
5749 4668 4667 8404  0
3875 8405 3514 3508  0
8405 4741 4758 5810  0
3516 2627 3510 8405  0
2837 2818 2836 7919  0
5028 5015 7725 7811  0
1245 1436 1437 8402  0
8142 5833 8240 8405  0
7735 7728 7775 7668  0
3556 8401 3557 2784  0
3557 8401 4827 2785  0
732 1029 733 8402  0
8363 686 8084 8402  0
5750 4668 5749 8404  0
1245 1028 1244 8402  0
686 8363 8084 618  0
95 117 94 8133  0
7810 7794 7874 7938  0
1545 1546 1364 8022  0
5800 8102 8351 5785  0
7663 7654 7773 8067  0
6469 6485 6468 8263  0
809 390 624 623  0
3183 3172 3182 8394  0
1913 8269 8055 1930  0
6397 3651 8190 8305  0
391 332 624 390  0
7879 7694 7717 8103  0
390 877 567 809  0
809 623 567 390  0
98 8393 97 134  0
156 183 8130 8393  0
1711 8326 7991 1700  0
3728 4421 5462 8110  0
7733 7818 7835 8022  0
4153 4625 4155 7903  0
8002 6219 8211 6218  0
497 7796 496 551  0
7857 8223 601 8040  0
1362 1167 1166 8022  0
8010 1860 8063 8389  0
628 925 629 924  0
7634 7061 7896 7994  0
1362 1166 7835 8022  0
1154 7798 8021 8206  0
3160 3654 3171 8394  0
141 142 8130 8393  0
8393 96 75 8133  0
2938 2920 2937 8052  0
2965 2964 7848 8109  0
3805 7655 8396 3430  0
7835 1167 1166 7733  0
5165 5148 7824 8158  0
7157 7995 7215 7214  0
2244 7926 2279 2280  0
6445 6433 6446 7840  0
857 1116 7744 7868  0
1283 8416 8193 2352  0
8013 6954 6929 6928  0
6180 6161 6181 7848  0
7801 7995 7676 7653  0
3247 1760 1761 8279  0
749 355 750 7787  0
1387 1195 1386 8156  0
2208 2175 8048 8023  0
8127 4622 8108 4623  0
2982 2965 2981 7848  0
2640 8003 2605 2604  0
7654 7827 7857 7870  0
2419 3437 1530 7878  0
5167 7824 7918 8005  0
7249 7318 7248 8399  0
96 8393 97 119  0
2480 1581 1574 8165  0
5534 5512 7888 7956  0
8354 2031 4398 4384  0
1996 7872 7858 1978  0
3275 1867 1851 8126  0
894 916 895 7723  0
1949 8271 7721 1967  0
6146 6164 6145 7935  0
7174 7173 7105 8100  0
8432 3946 4881 3947  0
1685 1695 1696 7811  0
6482 6569 6568 7953  0
4587 4586 4126 8042  0
1367 1171 1366 8080  0
3585 3586 8297 8372  0
324 343 635 323  0
8190 3651 3962 3652  0
6386 6387 6401 8254  0
7826 7726 8425 7829  0
1362 1544 1363 8022  0
1119 8385 1133 1134  0
4197 3858 3857 8062  0
5491 5490 5469 7849  0
2599 2598 7660 7861  0
2052 7891 8224 2051  0
7101 7755 7761 8369  0
3626 3625 8382 8432  0
1395 1394 1573 7807  0
8099 1367 8197 1366  0
7802 770 8017 8198  0
7879 7552 7777 7614  0
7380 7311 7381 8014  0
7842 8009 8311 8404  0
7260 7663 7769 8038  0
6142 6161 6160 7848  0
7217 7653 7674 8312  0
1692 1681 1680 7883  0
2800 2801 2771 8428  0
5129 5128 5113 8150  0
4389 5417 5396 8196  0
8135 2834 8319 7919  0
4918 8305 4915 6448  0
2209 8098 2244 8023  0
340 8066 7924 321  0
5520 5519 7707 7831  0
6331 6347 6346 7989  0
1603 2539 1604 8094  0
2175 2176 2144 7893  0
7947 1274 1275 1064  0
6055 4853 4851 8386  0
6375 6358 7747 7788  0
2599 7767 2600 2564  0
6180 6198 6197 7848  0
7654 7663 7758 8067  0
1999 2018 2000 7709  0
4358 5233 7931 8309  0
7830 930 8345 7924  0
7402 7403 7758 8067  0
922 8021 1153 923  0
7667 4162 8285 8092  0
8318 8102 7843 8115  0
7722 8195 7665 7851  0
1423 1232 1231 7925  0
8242 5206 8293 8389  0
4752 4768 4751 8437  0
2946 2962 2963 8109  0
6953 6928 6954 8013  0
1529 8353 2417 2418  0
8339 4865 4871 6172  0
7794 7932 8204 8379  0
3196 3675 3676 7840  0
340 8066 321 320  0
7835 1167 8022 1166  0
7926 2245 2244 7959  0
8115 2595 2560 8318  0
499 498 7904 8198  0
2210 2176 2209 8023  0
5502 7893 5501 5480  0
7208 7151 7209 7742  0
2401 1506 2402 8137  0
689 975 8028 8084  0
8441 7538 7758 7470  0
8217 2213 2248 2247  0
2206 2172 7707 8048  0
130 107 116 8133  0
8214 7679 8317 8328  0
1385 1577 7974 8086  0
659 705 706 7910  0
7998 7247 7316 7317  0
635 7924 342 634  0
704 1001 705 7910  0
7020 7021 6653 8308  0
657 7780 7809 7910  0
345 7909 638 330  0
1454 7852 7920 8331  0
7671 8028 8412 8086  0
7299 7229 7230 8071  0
3270 8158 3267 5179  0
5508 4435 4066 8157  0
7583 7020 7019 8308  0
342 7924 341 634  0
627 335 8021 8436  0
5424 5423 5402 7666  0
658 7780 657 7910  0
1203 1394 1395 7807  0
7689 6256 6273 8104  0
7599 7600 7036 8257  0
6200 7815 8211 8299  0
7431 7432 7501 7734  0
7021 7585 7022 8308  0
7890 2900 8052 8235  0
6186 7935 7876 6185  0
1074 1075 1285 8176  0
963 7740 7853 8248  0
2970 7935 8105 8299  0
1297 1296 7784 8314  0
7874 826 824 1333  0
4948 4938 4949 7825  0
7289 7358 7288 7765  0
4176 7800 4665 8377  0
3354 7888 2196 7956  0
646 645 692 8391  0
3404 3783 3782 8113  0
5471 5492 7849 7978  0
8363 7801 7676 8093  0
7959 7926 8217 8245  0
704 705 658 7910  0
6653 6652 7020 8308  0
3527 8221 3533 3528  0
484 427 483 7882  0
1109 834 835 7885  0
2903 2886 2885 7967  0
3195 3194 3674 8395  0
1763 7971 7697 1750  0
1148 1345 1143 7939  0
4132 4599 8207 8199  0
5134 5150 5133 7824  0
6663 7076 7077 8159  0
1760 3247 1748 8279  0
3459 3832 3833 8019  0
635 7830 7924 931  0
7382 7313 7383 8025  0
7102 7103 7171 7755  0
2022 8139 8224 2021  0
5916 5894 5917 8438  0
2795 2766 7771 8319  0
2674 2675 7864 8188  0
7837 7720 8029 8268  0
2986 2969 8105 8299  0
635 7830 931 7909  0
6583 7932 6584 8057  0
2237 2202 2236 7831  0
5520 5542 5519 7831  0
6274 6257 6275 8104  0
8094 1606 7925 7770  0
5783 6674 5784 8102  0
2591 7716 3507 2555  0
3045 3044 3059 7689  0
6857 6842 7739 8004  0
8223 546 547 603  0
933 7830 7733 7909  0
5847 5870 5846 7864  0
2589 4719 2588 4736  0
4213 4709 4209 7699  0
5590 5589 5569 8031  0
5888 5864 5889 8172  0
3058 3074 3059 7689  0
3806 3808 4146 7804  0
8185 6209 6208 6226  0
1605 2541 7770 8094  0
1851 1867 1868 8126  0
7974 1578 1386 8156  0
5381 5360 5361 7666  0
670 8183 8223 669  0
182 141 155 154  0
7438 8071 7439 7862  0
3963 3653 3649 8190  0
4594 4595 4603 8137  0
761 760 366 7827  0
8305 3667 3663 3664  0
5702 4623 5701 8127  0
5925 8370 5924 4817  0
7678 1367 7800 8080  0
578 521 577 7987  0
5046 5047 5061 7940  0
828 827 830 7733  0
643 973 690 8344  0
6232 6215 7685 7901  0
3678 4311 4310 7825  0
2626 4738 2590 4737  0
6155 6174 8252 6175  0
2102 2134 2103 7760  0
2552 4700 2511 2551  0
5249 5232 5250 7931  0
2589 2626 2590 4737  0
2699 2666 2665 8134  0
764 1064 1063 7947  0
960 959 1184 7803  0
751 1051 1050 7787  0
6891 6892 6918 7881  0
2698 2665 2697 8134  0
3075 3628 3076 8104  0
3937 8185 6209 4873  0
6221 7876 7970 8299  0
6167 7935 6166 6147  0
990 989 1206 8165  0
8184 6302 8290 8347  0
5920 8120 5943 8188  0
5313 5314 5333 8095  0
7748 7735 7843 7668  0
5975 5953 5976 8177  0
5956 7906 7771 5979  0
3473 7997 8085 8315  0
6275 6293 6274 8104  0
1640 1649 7825 8346  0
7998 7318 7388 8399  0
6467 8410 6484 6526  0
2512 2513 2469 8225  0
5776 6667 5745 7897  0
1965 1964 1982 7721  0
7793 7201 7266 7202  0
5602 6476 5601 8050  0
4720 8225 4701 4702  0
2399 2398 2397 8425  0
2072 2073 2044 7760  0
1775 1774 8147 8279  0
7666 5379 7680 8287  0
381 7812 7791 382  0
506 505 560 8093  0
5133 5117 5118 8090  0
6761 7653 7094 8101  0
7648 7622 7623 7979  0
6049 6071 8054 8212  0
5910 5909 5886 7915  0
6505 8219 5623 8101  0
8370 3889 4804 3890  0
2211 2210 7959 8023  0
4659 4658 5719 8225  0
2766 2765 2795 7771  0
3416 3401 3797 8332  0
652 699 653 7928  0
7689 6256 6237 6255  0
3076 3060 3075 8104  0
617 561 560 8093  0
6893 6894 6920 8057  0
5764 7879 6704 7737  0
8003 8074 6726 6733  0
8092 7942 7667 8201  0
5566 8281 5586 8260  0
5892 5893 5915 8438  0
3378 3757 3379 8214  0
287 8436 319 318  0
2770 8438 8175 8428  0
3888 3531 2691 3525  0
2703 8438 8274 7656  0
8436 394 316 8021  0
335 316 8021 8436  0
4737 4736 2589 2625  0
4736 4720 2589 4719  0
394 8436 395 8021  0
4057 3339 4433 8443  0
7755 6772 7101 7102  0
5276 5258 5277 7933  0
6913 6912 6886 8127  0
6588 7962 6595 6587  0
7894 8106 4187 8103  0
910 909 7853 8431  0
7298 7299 7368 8071  0
2090 2089 2121 8354  0
4188 3848 4187 8103  0
6440 6427 7895 8045  0
4974 4961 4962 7825  0
7526 7525 7458 7954  0
8437 4771 4787 3525  0
1773 7692 1772 1786  0
4975 4962 4963 8275  0
2897 8235 2898 7672  0
1356 1161 8313 8345  0
3845 3844 4184 8315  0
1482 7731 7833 1306  0
1574 1573 2479 8009  0
8291 5403 7666 5425  0
8386 4853 8325 6055  0
4657 4699 4656 7705  0
6007 5985 6008 8148  0
2889 2869 2888 8064  0
5966 5989 5965 8120  0
4196 4684 4197 8215  0
2583 4731 4714 8429  0
3196 3676 3197 7840  0
4737 4754 2625 3518  0
2175 8048 7893 2143  0
3404 3403 2382 8113  0
1910 8063 8227 1911  0
5917 5894 8026 8438  0
4737 2625 2589 2626  0
2625 4736 2588 2624  0
4721 4737 2590 4738  0
4753 4737 2625 4736  0
4719 8225 4701 2552  0
6668 6669 5745 7897  0
3479 2491 3478 7717  0
1910 8383 1928 8227  0
6724 6714 6715 8020  0
8026 2706 8428 8438  0
2625 8437 2624 2660  0
4737 4720 2589 4736  0
1204 8391 8165 988  0
4735 4719 2588 2587  0
2590 4720 2553 2589  0
1870 7865 8005 8015  0
4735 4736 2588 4719  0
4719 2551 2588 2587  0
6894 6921 7828 7880  0
3694 3243 1748 8279  0
1718 7981 1731 7725  0
3886 4771 2660 3525  0
4754 4771 2660 3886  0
6495 6750 7682 8328  0
6151 6150 7690 8352  0
7068 6703 7067 7879  0
2589 4737 2590 4720  0
5428 5449 5448 7760  0
1870 1853 1869 8005  0
3479 2492 2491 7717  0
2627 8142 8240 8405  0
4721 4739 2591 4722  0
3878 4739 2591 3513  0
3878 3513 2591 3507  0
2591 7716 3878 3507  0
4739 7716 2591 4722  0
4738 4721 2591 2590  0
2590 3513 2591 4738  0
4738 3513 2591 4739  0
4738 4739 2591 4721  0
4155 4625 4628 7903  0
2318 2319 7926 8192  0
3479 3478 3850 7717  0
2970 2987 7935 8299  0
5104 5103 5089 8398  0
8401 4840 4839 3555  0
7545 7607 7606 7778  0
4719 4720 2552 4701  0
2719 2720 2685 8401  0
7700 8192 8263 7805  0
4110 3776 3777 8425  0
2554 4721 2553 2590  0
4636 4637 4161 7667  0
3299 3296 3295 8095  0
4862 4261 4864 8265  0
6543 6798 6797 7829  0
877 898 623 8392  0
1308 1102 1309 7738  0
1270 1271 1461 8160  0
2453 2454 1565 8078  0
3931 3930 3588 8265  0
6137 8297 6136 6116  0
3062 3620 7970 8104  0
652 8036 7928 8226  0
7006 6638 6635 8238  0
2590 7716 2554 4721  0
1480 1306 8251 1086  0
7544 8027 7476 7477  0
585 584 7928 8226  0
4605 5686 5685 7962  0
1620 2496 2497 8237  0
473 7670 8226 474  0
7818 7828 8163 8243  0
7276 7834 7346 8169  0
6658 6659 7766 8409  0
7820 7674 7845 7972  0
7887 7846 8414 8416  0
8036 7670 8226 7797  0
2506 2507 2463 8310  0
875 7751 897 7868  0
4599 8207 8199 4592  0
8071 7228 7139 8292  0
6458 6457 6445 7840  0
4598 4565 8204 7875  0
7287 7958 7288 8267  0
6450 6438 6439 8390  0
7885 8080 8099 8388  0
2886 2904 2887 7967  0
5821 5842 7660 8039  0
5132 5116 5117 7824  0
1221 7814 1220 8421  0
7973 3759 3760 8416  0
4191 3852 3851 7717  0
3852 3480 3851 7717  0
5243 5242 5225 8293  0
4363 5271 5252 8309  0
7663 7700 7773 7822  0
4544 7821 4543 4097  0
3851 3480 3479 7717  0
7156 7093 7094 8101  0
1128 1517 8001 8337  0
5082 5081 7971 8255  0
7248 7998 7317 7247  0
4204 3864 4203 8128  0
2447 2448 1559 7908  0
2340 2342 3369 8262  0
7206 7741 7205 7945  0
911 890 889 7853  0
5520 8260 7707 5543  0
7932 7794 8204 8289  0
4346 8336 4018 4347  0
2853 2854 2833 8135  0
5670 4603 4595 8137  0
2070 2042 2041 7666  0
5402 5423 5401 7666  0
7138 7137 6811 8292  0
7942 7297 7298 8292  0
2011 2041 2012 7666  0
348 743 742 8153  0
1417 1225 1416 8179  0
1292 1081 1082 8258  0
6235 6219 6236 7815  0
7722 4530 4571 4572  0
1253 1252 1042 8008  0
507 562 508 8093  0
3468 2477 7950 8009  0
4974 7883 7825 8275  0
4895 6338 4892 7756  0
3795 3794 3415 8207  0
7833 7686 8076 8261  0
4650 4629 4651 8273  0
6717 6726 6716 8253  0
6750 6751 7900 8328  0
5540 5539 8154 8323  0
7303 7302 7761 7983  0
1282 8416 8017 8193  0
6675 7823 8102 6656  0
7663 6820 7127 8132  0
2882 2863 2881 7890  0
1465 1274 1275 7911  0
5725 7850 6623 7696  0
3865 7892 8019 3493  0
7801 7812 7902 8049  0
7456 7387 7457 7998  0
3504 7699 7770 8058  0
3484 7816 2497 8237  0
4664 4663 5724 8178  0
5427 5406 5428 7760  0
2898 2881 2880 7672  0
5486 4450 5463 8348  0
4103 3769 8146 8280  0
2584 2620 4732 8429  0
552 551 608 7904  0
3870 3496 2517 8178  0
2233 2268 2269 8154  0
2478 7807 1572 8009  0
8306 3637 3960 4274  0
5789 5809 5808 7976  0
7949 7681 8097 8427  0
479 480 423 7899  0
747 352 353 7948  0
1137 1138 1134 8385  0
2081 2051 2080 7891  0
4099 4100 4546 8219  0
2233 2234 7978 8154  0
7675 1938 7701 7933  0
5800 5818 5817 8351  0
4089 7799 4535 4088  0
3349 8283 8157 4062  0
7761 8042 7698 7914  0
1269 1459 1268 7913  0
6782 6781 6562 7837  0
6926 8013 6900 6927  0
5965 5989 5988 8120  0
3952 3949 3624 8104  0
3299 3304 3300 8095  0
7218 7160 7161 7674  0
5562 7977 5563 5582  0
6938 6937 6912 8127  0
8281 8410 7953 7852  0
5702 5701 6607 8127  0
5966 5965 5944 8120  0
3546 2756 3539 8370  0
7287 7288 7357 8267  0
1373 1374 1180 8164  0
6819 6820 7127 8180  0
5344 8138 5345 5364  0
2803 3547 2774 8120  0
6009 6010 6033 8107  0
7766 5786 5787 6677  0
1464 2324 2323 7911  0
6416 8254 6415 6403  0
7761 7302 7914 7983  0
1169 8099 1364 1365  0
7979 7662 8122 8286  0
2103 2134 2104 7760  0
987 1203 1204 7807  0
4401 4413 4400 8173  0
1145 918 1156 7751  0
6274 6273 6256 8104  0
2631 2632 8051 8134  0
5216 5234 5215 8126  0
2803 2774 2773 8120  0
5977 8189 5978 7714  0
7976 8058 8343 8360  0
8426 4199 4687 8089  0
3242 3245 3246 7991  0
2828 2827 2848 8294  0
2561 2524 8115 8318  0
144 8393 143 120  0
858 836 7885 8216  0
817 7929 819 820  0
5785 5784 8102 8351  0
6607 5701 6605 8127  0
784 803 804 8118  0
7481 7480 7411 8187  0
3924 8297 3582 3583  0
7617 7643 7642 8072  0
4183 4182 4670 8085  0
6469 6486 6485 8263  0
7158 7157 7095 7653  0
5218 5236 5235 8126  0
1947 1964 7721 7858  0
7537 7538 7599 8257  0
3213 3212 3217 8270  0
2050 2021 2020 8139  0
2707 2739 8188 8428  0
6484 8031 8263 8376  0
5625 5624 4549 7653  0
8339 4263 3937 4871  0
4324 5017 5016 7725  0
7569 7734 7002 8298  0
4824 4811 4825 8401  0
6920 6945 6919 7828  0
2385 2386 3407 8088  0
4260 8339 4866 3933  0
7985 2558 2593 2557  0
5988 5989 8107 8120  0
804 454 455 8118  0
3825 3450 3824 8092  0
8052 2954 2935 2936  0
618 562 561 8093  0
6006 6007 6029 7919  0
7377 7378 7447 7930  0
8277 2377 1493 1492  0
8413 7834 7916 8169  0
3070 3069 3083 8290  0
2482 2518 2519 8364  0
7719 680 8322 8411  0
6313 6314 6329 7884  0
7156 7995 7653 7214  0
440 496 497 8198  0
380 775 774 8176  0
4865 8339 4871 4263  0
6826 6827 6860 8247  0
3872 7699 8058 7976  0
4553 5628 4552 8076  0
2972 2955 2971 7935  0
6749 6495 6750 7682  0
6833 8057 6867 8379  0
406 405 462 8234  0
6282 6298 6281 8249  0
1672 1671 1683 8275  0
2463 2507 2464 8310  0
1620 7816 8237 1621  0
8206 8392 1152 7669  0
6150 6170 6169 8352  0
7707 5476 7891 8034  0
2641 8003 2606 2605  0
7994 7777 7549 7611  0
2760 2789 8177 8373  0
8337 7743 8137 7772  0
8035 1688 1700 8326  0
7741 7203 7793 7268  0
5949 8387 5950 5972  0
3752 3753 4085 8427  0
3284 8126 8015 3281  0
6512 8141 6561 5655  0
7317 7387 7386 7998  0
8370 3890 3537 3889  0
1436 1620 1437 8237  0
5268 5286 5267 8269  0
1059 759 760 8160  0
1665 8203 1676 1677  0
3213 3210 3209 8270  0
747 1046 746 7948  0
5505 5504 5483 8110  0
4930 4941 4940 8270  0
1173 1368 1369 7678  0
6576 7772 5678 8247  0
476 477 420 7786  0
1818 1833 1819 8144  0
3535 2712 2711 8000  0
7590 7779 7589 7856  0
6356 6372 6371 8306  0
7492 7491 7422 8286  0
8400 4275 4893 4892  0
5998 6020 5997 8294  0
6290 7768 7689 8400  0
7917 7822 7944 8181  0
3519 4774 3884 5830  0
7401 7331 7332 7769  0
3785 3407 3786 8088  0
3043 3028 3027 7685  0
3667 3668 3664 8305  0
5461 5462 8110 8384  0
1797 1796 1810 7918  0
7026 7779 7823 7589  0
6657 6676 6675 8102  0
8177 2808 2809 2827  0
1165 1360 1361 7835  0
7679 4537 5613 8328  0
3715 4365 3289 8182  0
6256 6257 6274 8104  0
7130 8304 7079 7142  0
7226 7296 8030 8292  0
3200 3989 3199 8270  0
7695 4933 4943 4944  0
2808 2826 2827 8387  0
5268 5287 5286 8269  0
2849 2867 7714 8294  0
591 7780 7910 8231  0
1583 8168 8364 1584  0
1139 7669 1144 8392  0
7443 7373 7374 7983  0
5850 8074 5849 6735  0
7800 3463 2441 8377  0
4148 7804 4618 4146  0
7359 7358 7289 7765  0
2838 8175 2837 8107  0
7244 7313 7243 8025  0
1688 8203 1676 8326  0
6826 6593 6576 8247  0
5093 5077 4338 8279  0
5136 8090 8119 5135  0
949 911 910 7853  0
5786 6676 6677 8102  0
1168 7733 8099 8388  0
4327 5031 5017 7725  0
2880 2862 2861 7672  0
7741 7206 7271 7945  0
6697 6698 5757 7994  0
5308 5288 5289 8269  0
7590 7779 7856 8409  0
3161 3162 3150 8254  0
2214 2182 2181 8283  0
5447 7760 7849 8291  0
3278 3277 3281 8126  0
3047 3061 3062 8104  0
5867 5892 5891 8274  0
2519 2518 7985 8364  0
5944 5965 5943 8120  0
7007 7000 7571 7955  0
3076 3628 3624 8104  0
3624 3628 3952 8104  0
837 838 1112 8216  0
5283 5264 8055 8227  0
2949 2950 7789 7848  0
8074 5825 7968 8302  0
2207 2208 2174 8048  0
3038 7901 8288 3039  0
6976 8013 7696 6953  0
3578 4255 3574 3924  0
3062 3061 3624 8104  0
1809 1810 7824 7918  0
3603 8252 2993 2977  0
5094 5080 5095 8255  0
7324 7254 7255 7795  0
5634 7808 8204 5673  0
7509 7730 7955 7983  0
6215 6214 7736 7901  0
7743 8379 7794 7808  0
4538 7973 4539 8328  0
6054 4853 6075 8325  0
1576 1441 1575 8086  0
7553 7615 7614 7879  0
954 8028 976 8412  0
3943 8358 8185 4878  0
2675 2640 2674 7864  0
4551 4105 4552 8076  0
8175 8428 8438 8442  0
706 7814 707 8231  0
7594 7533 7783 8161  0
2521 2522 1586 8115  0
6892 6919 6918 7881  0
5041 5027 5028 8244  0
5021 8326 5034 5020  0
1773 1759 1772 8279  0
2532 1596 2531 7982  0
3368 2340 3369 8262  0
7676 7662 8301 7816  0
4514 7799 4089 8262  0
4089 4079 4514 8262  0
1286 7887 7812 2355  0
934 638 637 7909  0
8041 7889 8097 8371  0
3396 3772 7833 3773  0
8067 7265 7335 8304  0
4342 8336 8255 5094  0
3262 4017 1804 8144  0
3806 3431 3808 7804  0
8325 3587 8297 2911  0
5969 3544 4831 5924  0
5056 5069 5055 7981  0
620 619 688 8084  0
7025 6658 6657 7823  0
7493 7492 7423 7845  0
1539 7810 1536 8276  0
5770 4682 5769 8215  0
852 459 460 7898  0
5484 5462 4421 8110  0
6196 6179 6197 7736  0
5406 5428 7760 8241  0
6250 6266 6249 8290  0
4596 7808 4595 8056  0
2451 1563 1562 7740  0
1545 1363 1544 8022  0
965 7740 964 1189  0
3252 3253 3248 8255  0
6214 6215 6231 7901  0
2901 2900 2919 8052  0
7671 7974 8062 8086  0
1728 1716 1727 8244  0
5482 8023 7893 8110  0
3527 4788 3884 3883  0
6476 6563 8050 8170  0
1883 3279 4023 7931  0
7742 7274 7344 8169  0
1862 1863 1847 8073  0
3696 4340 5093 8279  0
7520 8246 7452 7966  0
7799 4514 4089 4535  0
6299 6300 6317 8249  0
5270 5288 5269 8269  0
2386 2387 3408 8088  0
5425 5424 7666 8291  0
2923 2941 2924 8341  0
1736 3246 3250 8255  0
5577 7860 8262 5578  0
3065 3051 3050 8288  0
6264 6282 6281 8288  0
7721 8374 5348 7709  0
3579 3578 3584 8297  0
581 525 524 8250  0
5077 5076 4334 8279  0
4435 5508 5485 8283  0
2886 2866 2885 7967  0
1696 1697 1685 7811  0
8000 4818 4805 5923  0
551 7796 608 7904  0
1318 1319 8195 8216  0
8244 1728 1729 7981  0
6576 6593 6575 8247  0
6250 6251 6267 8290  0
6037 6016 6038 7672  0
746 745 351 7948  0
4538 5614 5613 8328  0
843 8222 842 864  0
4710 8085 7699 7684  0
7820 6539 7826 8032  0
7715 3218 3221 8270  0
1592 1408 7748 8307  0
3349 8283 4062 2182  0
5055 7957 5054 5040  0
1828 1813 1827 8119  0
1271 1270 1060 8160  0
7080 8304 7682 7143  0
5250 5233 5251 7931  0
5816 5817 8051 8351  0
4632 8377 4158 4176  0
3274 3275 3271 7782  0
5045 5060 5059 7940  0
2661 2694 2662 8142  0
7193 7124 7125 8038  0
4672 4185 4184 8315  0
818 7929 1327 8329  0
1009 1008 1225 8179  0
5777 4708 5751 8311  0
8059 4355 3705 5196  0
8300 3961 3964 3648  0
7129 7130 7198 8132  0
5615 6497 5614 8328  0
2927 2944 3588 8265  0
7661 8108 3811 8367  0
5397 4392 5375 8287  0
6193 6212 6211 8082  0
7857 8077 8317 8223  0
7726 7829 8199 8207  0
2105 2073 7760 8241  0
7130 8067 8132 8304  0
245 228 274 229  0
7394 7464 7463 8161  0
5091 7692 5092 5106  0
2342 7799 8262 2340  0
1665 8203 1677 1666  0
3293 1969 1970 8200  0
5542 8323 5566 5565  0
7300 7230 7231 8071  0
3458 7892 3493 8019  0
4937 4938 4948 7825  0
1679 1690 1691 8035  0
1173 1174 939 7678  0
5924 5947 5969 7871  0
6791 8123 7121 7120  0
5832 5811 5812 5833  0
2355 3386 2354 7887  0
5102 8090 8398 5118  0
7171 7103 7172 7755  0
3859 3488 3487 8062  0
2289 8332 4518 2326  0
5659 8042 8369 5658  0
6230 6249 6248 7901  0
3794 4112 3778 8425  0
2141 2109 2140 7891  0
857 7723 875 7868  0
6291 6292 6308 8400  0
6797 6839 6796 7829  0
2695 2662 8142 8295  0
1056 7917 7944 8181  0
8162 4117 7708 4578  0
2661 2662 2627 8142  0
487 541 542 7870  0
4145 7661 4614 4147  0
7750 7694 7922 8322  0
7845 7662 7979 8286  0
7362 7292 7293 8004  0
7798 8001 8202 8329  0
1235 1236 1019 8166  0
7751 1155 1177 8116  0
2470 2471 2435 8205  0
7728 7873 7936 7998  0
2841 7672 3572 2860  0
1310 1511 1334 7938  0
2918 2900 2899 8235  0
3331 2085 2116 8384  0
756 1056 1055 7917  0
5102 8090 5117 8398  0
3415 7738 7790 8207  0
7120 7121 7189 8123  0
5663 5597 7860 8268  0
398 7924 8066 321  0
8144 1802 7785 8147  0
1304 7687 2390 2389  0
7965 7691 8011 8234  0
8318 2563 7843 7861  0
4606 8053 4137 4139  0
6930 6903 6904 8230  0
7849 2197 7888 7956  0
3778 2398 2399 8425  0
2470 8068 2469 8225  0
5850 6736 5825 7968  0
386 385 450 8417  0
3390 7801 8280 7902  0
1130 8202 1325 1326  0
8261 8118 7686 8258  0
3876 3511 2613 7976  0
7222 7286 7221 8267  0
5364 5386 5385 8138  0
4966 4965 4953 8270  0
3413 7877 2391 2392  0
4429 2156 4443 8173  0
5540 5539 5517 7978  0
2078 8139 2079 2049  0
7819 4496 4495 4511  0
2369 7875 8430 8056  0
1551 1373 1369 7678  0
7442 7509 7441 7983  0
5830 5879 3528 3520  0
1154 1351 1352 8206  0
5093 8147 5108 8279  0
7720 8008 8153 8371  0
7689 3029 3030 3045  0
3529 4226 3887 8000  0
1740 1741 1728 7981  0
7895 4923 4924 6453  0
1010 1009 1226 7912  0
1167 8099 8022 1168  0
1998 1980 1979 8423  0
1141 1147 1142 7939  0
6590 6546 6799 8282  0
3354 7888 3360 2230  0
3173 8254 8045 7895  0
7075 7648 7979 8215  0
558 615 559 7750  0
1429 1612 1613 7937  0
3228 3227 4326 7715  0
3590 3585 3929 8372  0
7565 7564 7497 8155  0
4921 4291 4290 8390  0
2870 2889 2890 8420  0
2080 2051 2079 7891  0
6503 6758 6757 8018  0
5372 5392 5371 8224  0
4268 3616 3948 7970  0
8270 3198 3199 3210  0
8343 2645 2609 2610  0
4296 4926 4927 8395  0
4812 4798 4813 8401  0
423 424 359 7899  0
2453 1564 2452 8078  0
7890 2901 7967 8052  0
3413 7877 8061 2391  0
2550 7705 2551 2510  0
7192 7191 7123 8256  0
7982 2569 8003 8397  0
6450 6449 6438 8390  0
5346 5366 5365 8138  0
3289 8271 8182 1952  0
7801 7916 7995 7653  0
2306 7977 8037 8266  0
1322 1512 1504 7790  0
2541 2540 8058 8094  0
7820 8155 7765 8267  0
1718 8244 1707 1717  0
7892 7999 7878 7734  0
3785 3786 4119 8088  0
4204 4648 8019 8128  0
7725 1710 1698 3233  0
5206 5205 8242 8293  0
5959 7771 5937 8319  0
7985 7775 8168 8364  0
5331 5330 8271 8374  0
1312 7963 1106 1313  0
386 385 8417 8424  0
4207 4664 4175 8178  0
7782 3274 3270 3271  0
577 578 7987 8391  0
6943 8075 6942 7881  0
8165 1582 8364 1581  0
5673 6581 7808 8204  0
2730 2762 7915 8189  0
5064 5050 5051 7991  0
346 802 409 8375  0
6922 6947 6921 8043  0
3243 4334 8016 8279  0
7880 7818 7733 7665  0
7197 7663 7196 8132  0
5004 4991 4992 7715  0
399 321 322 7924  0
2133 2134 2102 7849  0
8120 4844 5990 4251  0
7695 8203 1655 1656  0
6782 7837 7873 8029  0
5194 8059 5211 5210  0
7683 7856 8161 8296  0
4968 8203 7695 4969  0
8274 8438 5867 5892  0
7802 7846 8198 8017  0
5231 5214 5232 7931  0
5855 5880 3520 8142  0
1702 1713 1714 7957  0
7868 1118 1117 7738  0
3098 8347 3097 3110  0
6107 6127 7673 8341  0
3192 3672 3193 7895  0
8431 7698 7687 7853  0
1211 995 994 8036  0
5479 5501 5478 8048  0
2642 2677 2643 7968  0
7836 3744 3740 3741  0
7011 7012 6644 8143  0
6483 6570 7953 8410  0
4128 8425 8207 4112  0
3049 3620 3948 7970  0
7389 7319 7320 8046  0
3672 3673 3193 7895  0
5327 5328 5347 7721  0
2600 2565 2564 7767  0
5117 5101 5102 8398  0
7859 730 7750 8363  0
6414 6426 6413 8045  0
500 444 443 7791  0
5724 5723 6622 8178  0
7788 3140 7747 7792  0
1044 7948 8008 745  0
2143 2144 2112 7893  0
4953 7715 8209 4966  0
1932 7721 8182 8309  0
1271 1061 7773 8160  0
5493 5517 5516 7978  0
2199 2165 2198 7978  0
7726 7671 7734 7765  0
2044 2015 7907 8422  0
6822 7130 7129 8132  0
1477 1474 1476 8371  0
5616 8414 7973 4541  0
4323 7715 4977 4990  0
7610 7703 7548 7994  0
3228 8326 5004 3231  0
4980 4992 4979 7715  0
3821 7667 8285 7688  0
5004 3228 4326 7715  0
2191 2157 2190 8443  0
6462 6470 6461 8245  0
4459 4473 4472 8333  0
7821 8219 7801 7902  0
5536 8037 5537 5560  0
3822 3448 3447 8285  0
389 803 783 8258  0
1664 1653 3225 7715  0
5478 5477 5456 7891  0
2106 7986 8034 8241  0
1981 1980 1998 8423  0
1252 1251 8371 8378  0
1979 1997 1998 8423  0
8386 4252 3920 4851  0
5022 5009 5023 8035  0
2411 2413 3435 7939  0
5924 5969 4843 4831  0
8217 8110 5528 8283  0
5852 5876 5875 7968  0
7797 7668 7728 8036  0
8049 3389 2357 7902  0
7780 7754 8316 8330  0
1290 1291 2359 8049  0
1365 1546 1547 8197  0
5961 5960 8175 8319  0
4967 4968 4979 7715  0
7439 7506 7862 7955  0
7730 7007 8238 6640  0
7815 3029 3030 7689  0
2051 8139 2079 7891  0
8235 7672 6100 6080  0
7812 2357 7902 8049  0
6073 6051 6052 8212  0
6240 6259 6239 7970  0
4958 7841 7695 8346  0
2764 2793 7771 7915  0
7720 8266 7837 7948  0
5281 5262 5263 8227  0
8422 1999 2016 8423  0
5772 4685 4684 8089  0
2148 2179 2180 8110  0
5004 5005 5018 8326  0
5022 5023 5036 8035  0
3292 3291 3295 8095  0
8326 3228 5004 7715  0
6597 7718 6859 7661  0
2147 2146 2178 8110  0
4661 4662 7716 8178  0
8387 5952 8373 5951  0
3666 8024 7840 3974  0
3578 6054 3574 4255  0
3919 4850 3574 4853  0
4233 5924 3537 4803  0
3582 4257 3929 3585  0
2052 2053 2023 8224  0
5474 5497 5496 8034  0
8135 8319 6004 7919  0
7093 7916 7155 7092  0
3487 3488 2500 8062  0
5287 5268 5269 8269  0
3456 7980 8078 3831  0
8167 792 847 8357  0
7883 5012 5025 8244  0
1943 1960 1961 7872  0
3625 3621 4269 8432  0
1115 1089 7784 8321  0
5536 8037 7888 5537  0
4373 8224 4034 5353  0
5584 8096 8323 5585  0
4788 4774 3884 3883  0
4418 3333 4057 8443  0
4543 7821 8006 8414  0
8077 7857 8317 7947  0
7873 6564 6783 6784  0
3668 3665 3664 8305  0
7979 7648 8122 8215  0
6076 6056 6077 8325  0
4817 8370 4804 5925  0
1881 1897 1882 7931  0
4889 3953 4273 8400  0
2157 2158 2126 8443  0
5724 4663 5723 8178  0
6676 7766 6658 6677  0
1610 1427 1426 7997  0
1655 1645 1644 7715  0
3593 3590 3589 8372  0
612 681 613 8322  0
3354 7888 8406 3360  0
3833 3460 3459 8019  0
1422 7925 8012 8094  0
1943 7872 1959 1960  0
7804 4148 3810 3808  0
6150 6149 7673 8352  0
3602 3599 3598 8339  0
7011 6644 6643 8143  0
906 905 944 7803  0
6572 6526 6527 8376  0
2796 2797 2767 8319  0
7831 5517 5495 7986  0
658 7780 7910 590  0
2129 4057 3333 8443  0
3527 8370 3532 3533  0
7846 7821 7887 8414  0
6279 6294 6278 8432  0
673 605 604 8327  0
1654 1665 1655 7715  0
1694 7811 7883 8244  0
5074 5060 7940 8171  0
4893 4273 3957 8400  0
2255 2221 2220 8333  0
4662 4705 7716 8178  0
8219 6505 5623 5622  0
5496 5473 5474 7986  0
2367 2403 2368 8056  0
5725 7850 7696 8178  0
3643 3639 3642 8306  0
4488 4472 4473 8333  0
1595 1594 7867 8421  0
4432 4446 4445 8443  0
885 7803 884 906  0
8178 3500 2516 2517  0
7668 7873 7728 7998  0
2818 2797 2817 8319  0
6832 6831 6581 8379  0
848 793 792 8167  0
8405 4774 3879 3519  0
6039 6038 6017 8218  0
5200 5199 7782 8126  0
4992 4991 4979 7715  0
5762 6703 5763 8103  0
4850 4255 6054 4856  0
885 7803 7839 8222  0
7729 7950 8009 7749  0
1654 1653 1664 7715  0
8208 3378 3379 8214  0
2097 2128 3333 8443  0
8418 4627 4156 4624  0
2345 2346 1466 8208  0
1266 1056 1267 7944  0
4900 6367 6368 8300  0
4340 4013 8147 8279  0
4304 3995 4305 8346  0
7993 8046 8060 8316  0
4674 5762 8103 8106  0
810 1121 1120 8392  0
2936 2955 2937 8052  0
3810 7804 3808 3433  0
3980 4291 3981 8390  0
1804 1819 3262 8144  0
3812 3810 3435 8418  0
4460 4445 4446 8443  0
4431 4445 4444 8443  0
3762 7821 8414 7887  0
3981 3671 3670 8390  0
3460 3833 7878 8019  0
6316 8249 6317 7989  0
1816 1830 1831 8144  0
5237 5256 5255 8015  0
6126 6106 7673 8052  0
5141 5140 5125 8147  0
6383 6382 6366 8300  0
4418 3333 4054 4057  0
6438 6449 6437 8390  0
856 807 855 7744  0
7849 5471 7978 7986  0
8208 8317 7947 7855  0
6599 8232 5691 5693  0
3580 3576 3579 8325  0
769 1069 1068 7855  0
4295 4296 3985 8395  0
6171 4264 4869 8352  0
8400 6324 6308 6307  0
5517 7831 7978 7986  0
2640 8003 7864 2605  0
4869 6170 6171 8352  0
6104 6105 6124 8052  0
2955 2956 2937 8052  0
8244 1718 1707 7725  0
8175 5985 7919 8107  0
6096 6076 6097 8325  0
6436 6448 4915 8305  0
7853 8078 7727 7740  0
2911 2929 2912 8325  0
6019 5996 5997 8387  0
2975 8033 2974 2992  0
5489 5467 5468 7956  0
8029 7112 7111 7936  0
1816 1831 1817 8144  0
2487 1611 1610 7997  0
1713 1712 7991 8035  0
5517 7831 5495 5518  0
2168 2202 2169 7986  0
6189 8033 6207 6188  0
2485 2486 1609 7997  0
7986 5449 5450 7760  0
7737 4680 7961 8122  0
4519 4560 4518 8332  0
8426 7671 7764 7892  0
3636 3100 7756 8400  0
223 8130 194 195  0
2135 7849 7978 7986  0
6263 8288 6264 6281  0
4085 4590 4084 8427  0
5399 5400 7693 8287  0
3170 3656 3661 8305  0
6451 7895 6440 6452  0
7753 7712 8030 7667  0
1789 1803 1790 8147  0
2899 7890 2900 2882  0
7073 6708 7072 8122  0
4912 6436 4915 8305  0
4900 6383 6367 8300  0
3582 3923 4855 8297  0
3616 7876 3612 7970  0
811 810 392 8392  0
7865 5220 8005 8015  0
3474 3475 2487 7997  0
2995 2996 2980 7736  0
5174 5157 5158 7785  0
5009 5010 5023 8035  0
3190 3669 3670 8390  0
6179 6180 6197 7736  0
1405 1589 1406 7843  0
334 315 626 8021  0
6134 4860 4863 8372  0
891 890 7853 8167  0
1369 1174 1173 7678  0
3603 2977 3599 8339  0
8033 7673 2975 2974  0
2911 3580 3579 8325  0
2562 2524 2561 8318  0
1321 7738 1320 1118  0
2035 2065 2036 8349  0
6440 6451 6439 8390  0
5449 5471 7760 7986  0
295 327 404 8388  0
4927 4926 6456 8395  0
6135 6134 4863 8372  0
4154 4150 3812 8418  0
8045 6438 8305 8390  0
6075 6076 6096 8325  0
6077 6056 6057 8325  0
2895 2878 2877 8325  0
2435 2434 2470 8205  0
2816 2796 2795 8319  0
7746 4223 4226 3887  0
3619 3615 3618 8358  0
7044 7897 7045 6669  0
1120 7669 1139 8392  0
6191 8082 6192 6210  0
8177 5953 8189 8373  0
6349 6363 6348 8194  0
4662 5723 4663 8178  0
1090 788 1091 8321  0
5471 5493 7978 7986  0
1249 1192 1032 8086  0
2978 2977 2993 8252  0
4907 3651 6397 8305  0
1120 7669 1337 1139  0
1702 1701 1713 8035  0
2913 2912 2930 8325  0
2517 3496 2474 8178  0
6423 4909 6397 8305  0
4472 4471 4458 8333  0
4154 3812 3815 8418  0
3776 4110 7826 8425  0
7838 1346 1348 1526  0
7707 2170 7831 7986  0
2597 2598 2562 8318  0
2913 2895 2912 8325  0
2912 3580 2911 8325  0
6173 6174 6191 8339  0
3603 3599 3602 8339  0
2796 2766 2795 8319  0
6352 6351 6335 8300  0
3594 3599 2977 8339  0
4047 4390 4387 8349  0
8394 3190 3661 3181  0
6172 6191 6209 8339  0
3602 3601 8082 8339  0
4295 3985 3984 8395  0
7891 2143 7893 8048  0
6450 6439 6451 8390  0
5302 5321 8366 8407  0
6135 6094 6115 8372  0
6056 6076 6075 8325  0
3984 3985 3674 8395  0
1319 1113 7784 8216  0
2097 2127 2128 8443  0
1777 1791 7697 8150  0
3714 8368 4366 3286  0
7826 5633 4557 5632  0
7417 7486 7416 8381  0
3875 8121 8405 3508  0
4294 4925 4295 8395  0
6832 6833 6866 8379  0
2825 2826 2807 8387  0
1427 1611 7937 7997  0
3669 3980 3670 8390  0
5683 8282 8380 6545  0
7584 7585 7021 8308  0
7831 2201 7978 7986  0
450 385 449 8424  0
4319 3222 7811 8275  0
4971 7841 4959 4972  0
5273 4369 4367 8368  0
2562 2561 2597 8318  0
3580 2877 3576 8325  0
3660 3659 3664 8305  0
6453 6454 4924 8395  0
3995 3994 3205 8346  0
6209 8082 6191 6210  0
4855 3923 4858 8297  0
3961 4278 3644 8300  0
3135 3961 3644 8300  0
6424 8045 6425 8305  0
4488 4504 4503 8333  0
3348 7956 8348 8406  0
1590 7748 1591 1407  0
3187 8395 7792 3186  0
7839 884 8222 864  0
6915 6888 6889 8213  0
3557 8401 2785 2784  0
7956 3353 3354 8406  0
3601 8185 6209 3937  0
8271 4368 4370 3715  0
3257 8336 3254 3253  0
7521 8303 7522 7966  0
3085 3086 7768 8184  0
1971 1990 1972 7701  0
1041 741 742 8153  0
7763 7663 7822 8038  0
1991 2009 7680 8287  0
1925 1942 1926 8383  0
6847 6848 6872 7951  0
7558 7490 7491 8286  0
8121 2627 8405 3510  0
585 586 529 7928  0
473 7797 472 8226  0
3846 4185 4186 8315  0
5611 6494 5610 7679  0
6323 4892 7756 8400  0
8221 3520 5879 5880  0
3779 4113 3797 8332  0
7874 824 7830 7929  0
5960 5982 5959 8319  0
3660 3661 3656 8305  0
7726 7790 8053 8385  0
7714 2867 8064 8294  0
3139 3125 3138 7788  0
4741 8121 4726 5792  0
2855 2873 7919 8135  0
671 672 603 8223  0
2157 2156 4444 8349  0
6800 6801 6847 7951  0
1359 1372 1538 7878  0
5707 5708 5715 7975  0
7784 7753 8125 8222  0
1551 1369 1550 7678  0
6866 6865 6832 8379  0
8095 4377 4374 3298  0
7141 7167 7231 7914  0
6696 5756 5755 7896  0
7530 7463 7531 8161  0
5139 5140 5156 7785  0
8068 2470 2469 2434  0
7064 7065 7777 7638  0
2442 1552 1551 7678  0
1800 1799 1814 7692  0
2861 8218 7672 2862  0
3400 2398 3777 8425  0
2473 7800 8178 2474  0
4888 8432 3951 4886  0
7203 7793 7202 7682  0
7804 4612 4142 7739  0
7788 6343 7747 7752  0
7631 7605 7606 7778  0
6881 7739 6858 6594  0
542 598 599 7857  0
2884 2865 7890 8294  0
3341 3336 3335 8348  0
7671 7892 7974 8156  0
7880 7932 7794 8057  0
5903 5902 8221 8370  0
2477 8044 7807 1571  0
7442 7443 7510 7983  0
7385 7936 8303 7315  0
5267 5248 5249 7931  0
5613 6496 6495 8328  0
4275 8400 3957 7756  0
7758 7857 7658 7654  0
1960 1978 1961 7872  0
4225 8370 3890 3532  0
2106 2136 2137 7986  0
5825 8302 6736 6730  0
7041 7627 7042 7764  0
1406 7748 1590 1407  0
2772 2739 2738 8428  0
2347 1278 1279 7855  0
6708 5767 6707 8122  0
7544 7605 7543 7778  0
1687 1699 1688 8326  0
4675 4674 5762 8103  0
860 839 838 8216  0
8044 2477 7807 7950  0
813 814 7798 8021  0
4774 8405 5830 3519  0
5092 5108 7692 8279  0
7692 5091 5092 8279  0
1477 8041 8097 8371  0
7969 7727 8078 8186  0
822 1329 820 7929  0
6031 6007 6008 8148  0
3813 8367 8108 3436  0
5358 5357 7680 8287  0
859 838 837 8216  0
3804 4144 4142 7804  0
8030 7712 8162 7942  0
4197 4685 4198 8089  0
2419 1359 1538 7878  0
6547 6546 5640 8380  0
884 7803 905 906  0
4215 3879 3875 3514  0
8249 7884 3093 7989  0
5964 8107 8120 5987  0
6744 6820 6743 8180  0
1399 1400 1208 7886  0
1726 1727 1715 7957  0
5378 5358 5379 8287  0
1241 1240 8131 8411  0
2566 2529 7927 8397  0
1042 8371 1252 1041  0
6005 6004 5983 8319  0
4488 4473 4489 8333  0
3877 7699 4727 4213  0
2188 2187 2221 8333  0
2326 3401 2365 8332  0
5958 5982 5981 8319  0
4909 4907 6397 8305  0
4774 3879 3519 4219  0
3614 3617 3618 8358  0
5466 5467 5488 7956  0
644 691 645 8391  0
6425 6437 6424 8305  0
920 1150 1151 8392  0
4788 5878 3527 5879  0
5959 5982 5958 8319  0
2366 2326 2365 8332  0
3883 3526 3527 4788  0
2326 2366 2327 8332  0
3519 4219 3884 4774  0
7416 7486 7485 8381  0
4725 4741 4757 3875  0
4498 8262 3364 5557  0
5683 7932 8282 6585  0
1112 1111 837 8216  0
5781 7775 6672 7985  0
1161 7798 8345 8066  0
1574 1395 7807 8165  0
848 869 870 8167  0
6270 6269 6253 7768  0
7730 8143 7511 7573  0
7575 7514 7576 8143  0
4481 5509 5533 8406  0
5176 5159 5160 8144  0
7574 7513 7575 8143  0
7259 7258 7194 8038  0
7946 7749 7950 7980  0
7455 7454 7385 8303  0
4725 8121 3508 3871  0
7985 5794 8121 5795  0
3875 3871 4725 3508  0
3879 4219 4757 4215  0
4774 8405 4757 4758  0
4774 4219 4757 3879  0
7680 5357 7701 8287  0
7888 7849 5513 5514  0
2641 8003 7864 2606  0
3875 8405 4757 3514  0
3514 4215 4757 3875  0
3514 3879 4757 4215  0
4757 8405 3879 3514  0
7929 817 819 8066  0
4106 4553 4552 8076  0
7002 7734 7003 7045  0
5947 5970 5969 7871  0
3481 7717 3480 3852  0
1198 1197 1389 8324  0
7250 8060 7993 8399  0
8062 4197 8089 8215  0
7929 818 1327 820  0
7530 7592 7591 7856  0
2104 2105 7760 7986  0
5742 7730 8143 7980  0
994 1210 1211 8036  0
1610 1609 2486 7997  0
2482 2519 1583 8364  0
7645 7071 8072 8122  0
2802 8428 2801 8120  0
5471 5472 5494 7986  0
2434 2435 8022 8205  0
2526 2527 1591 7843  0
4726 8121 4725 3871  0
7728 7729 7813 7886  0
721 675 7796 8166  0
5634 7808 5673 4598  0
6924 6923 6897 8043  0
7748 1406 1590 7843  0
8242 1827 1842 8069  0
3029 3015 3014 8002  0
6609 7903 8213 6610  0
7280 7350 7995 8312  0
1713 1725 7957 7991  0
7676 7737 7961 8122  0
7552 7879 7777 7984  0
7648 7647 7979 8122  0
2487 2486 3474 7997  0
4707 8311 4212 4208  0
3376 3375 1475 8097  0
6954 6977 6976 7905  0
4725 4212 4726 3871  0
2169 2202 7831 7986  0
1689 1701 1690 8035  0
2009 7666 7680 8287  0
7665 8216 7885 7851  0
7647 7622 7979 8122  0
2558 8115 7985 7996  0
7593 7594 8081 8161  0
5372 5371 8200 8224  0
8406 3739 3737 3358  0
7074 6709 7073 8122  0
8264 7654 7745 7658  0
626 922 8021 8392  0
7304 7303 7761 7983  0
8265 8212 6113 6114  0
8049 1078 1079 8424  0
5398 5377 5378 8287  0
2999 8002 2998 3015  0
5569 5589 5588 8281  0
717 716 1013 8012  0
7455 7385 7386 8303  0
6271 6289 6270 7768  0
2996 3012 3013 7736  0
1575 1441 1440 8086  0
5473 5494 5472 7986  0
1337 1121 1122 7669  0
7971 5052 7991 8255  0
2964 2980 2981 7736  0
2876 2858 2857 8148  0
1248 1249 8028 8086  0
4889 4273 6324 8400  0
2901 2902 7967 8052  0
2168 7831 2202 7986  0
8261 1481 7833 1295  0
4533 8434 4087 4534  0
757 1057 1056 7844  0
5908 5885 7915 8295  0
828 826 7830 7874  0
6356 6373 6372 7788  0
8162 6557 8292 8236  0
518 575 519 8149  0
3265 1819 8073 8144  0
5435 5434 5413 7891  0
7841 4958 4959 8346  0
5451 5473 5472 7986  0
1590 7748 7843 1591  0
7619 7645 8072 8122  0
5357 5358 5378 8287  0
5517 5493 5494 7986  0
7727 7862 7955 8071  0
8390 4290 4289 3979  0
4641 5737 4642 8238  0
2316 7926 1457 2317  0
2590 7716 4721 2591  0
5473 5496 5495 7986  0
4131 4594 4593 8137  0
7820 7135 7958 6794  0
7668 7748 7809 8330  0
1440 1441 1249 8086  0
7925 1234 1425 1233  0
6126 7673 7935 8052  0
7155 7213 7212 7916  0
1989 3318 2008 8287  0
8109 6116 8297 6137  0
859 879 880 8216  0
5767 4680 7737 8122  0
3433 2411 3435 7939  0
2141 2173 2142 8048  0
3031 3046 3047 7815  0
7010 7573 7574 8143  0
1192 8028 1032 8086  0
4680 4681 7961 8122  0
4533 5661 4590 8427  0
768 373 7802 7855  0
5639 6546 6545 8380  0
5044 5030 5031 7725  0
8190 3962 4277 3963  0
1132 1135 1136 7868  0
7682 6750 7900 8328  0
7653 5627 8076 5626  0
4798 2721 8401 4782  0
5639 4570 5640 8380  0
7147 7204 7146 7900  0
1609 7925 1425 1608  0
719 7925 8327 1015  0
2485 7925 7997 1608  0
1620 7816 1621 1437  0
6104 6082 7890 8052  0
3450 3449 3824 8285  0
3628 3088 3953 8400  0
7010 7730 6643 6642  0
5450 5429 5430 8241  0
2838 2858 2859 8148  0
227 228 256 8439  0
6811 6810 6557 8292  0
7354 7284 7285 7972  0
3459 3458 3832 8019  0
1248 8086 7816 1440  0
7212 7276 7211 7916  0
8053 4606 4137 8199  0
3890 3526 4225 3532  0
5070 5069 5056 7981  0
5175 5159 5176 8144  0
6387 6373 6374 7788  0
7733 1107 1106 7963  0
7575 7012 7011 8143  0
384 385 779 8424  0
3753 3754 4086 8427  0
2022 2051 2052 8224  0
846 7839 845 867  0
7850 5724 6623 6622  0
3686 3229 4324 7811  0
2563 2525 2562 7843  0
5012 5011 4999 7883  0
4086 8041 8427 3754  0
780 385 386 8424  0
1079 8049 1080 1290  0
1522 7669 1523 1344  0
418 419 354 7670  0
3075 3628 8104 8400  0
3772 4106 4105 8076  0
5683 7932 6585 5682  0
385 384 449 8424  0
8400 3953 3957 3632  0
2168 2135 2167 7986  0
5090 5104 5089 8016  0
6733 7864 8003 8074  0
780 8417 1080 8424  0
452 508 509 8124  0
8264 1417 1416 8179  0
1326 1325 1328 8202  0
2864 2845 2863 7890  0
2081 2080 2112 7891  0
3321 4390 4047 8349  0
1676 1665 1664 7715  0
7970 6260 6276 4882  0
6563 6783 7873 8170  0
4982 7841 4971 4983  0
7925 8085 2485 7997  0
1806 1805 1820 8158  0
8227 8407 5282 8366  0
5349 5368 5348 8374  0
7654 7773 7822 7663  0
5563 5540 5564 8323  0
3019 3018 7970 8299  0
7935 6185 8299 7876  0
1217 1001 1000 8307  0
6380 8194 8229 6379  0
1606 8094 7925 1422  0
3301 4034 8200 8224  0
3436 3809 3811 8367  0
2141 2142 2111 7891  0
166 142 167 8130  0
2842 8218 7871 8272  0
3387 3764 3763 7902  0
7727 7983 7730 7914  0
7857 600 543 8040  0
7926 7805 8217 8245  0
7176 7108 7177 8014  0
2542 3504 3499 7770  0
7943 7977 8050 8170  0
7550 7612 7611 7777  0
7107 7176 7175 8014  0
4633 5728 5729 7817  0
4972 4984 4983 7841  0
1470 1472 1473 8097  0
1731 7725 7981 8171  0
2469 8068 2468 8225  0
8359 4584 5654 8141  0
6738 6528 6739 8376  0
8148 3926 4256 4854  0
119 118 8133 8393  0
5023 5010 5024 8035  0
801 737 800 8342  0
6709 5768 6708 8122  0
8212 6093 6114 4859  0
964 963 1188 7740  0
6636 7046 7004 7999  0
2696 2697 2663 8295  0
915 956 916 8412  0
7780 532 588 7786  0
1556 1372 1555 7878  0
4569 5639 5638 8380  0
1468 2392 1467 7877  0
3102 3114 7747 7752  0
8009 7749 8404 7729  0
2950 7789 7848 8105  0
3786 3408 3787 8088  0
3990 3200 8209 8270  0
2676 2677 7864 8188  0
7805 6464 6472 6465  0
4975 4974 4962 8275  0
1933 1932 8182 8309  0
373 768 767 7855  0
3137 3136 3149 8254  0
5388 5408 7709 8065  0
3686 4322 3226 7811  0
133 132 157 8393  0
3639 3113 7752 7788  0
3195 3674 3675 8395  0
2098 3336 3341 8348  0
7696 6625 6989 6988  0
4632 5728 4633 7817  0
1788 1789 1775 8147  0
4204 4691 4648 8128  0
6741 6818 7711 8180  0
6688 6689 6720 8302  0
3979 3668 8305 8390  0
1634 1644 1635 8209  0
7738 1503 3415 7790  0
2525 2524 2562 7843  0
7383 7453 8025 8303  0
3545 3544 3560 7871  0
3868 8085 3471 7770  0
1970 1986 1987 8200  0
992 7813 8036 695  0
563 508 8093 8124  0
1371 1370 1554 7854  0
3009 3023 7901 8082  0
1212 8036 7732 995  0
7456 7457 7954 7998  0
6392 6393 6407 8024  0
1530 1359 2419 7878  0
3152 3153 3139 7792  0
7283 7353 7845 7972  0
7664 1765 1780 7697  0
6494 7724 7679 6748  0
6949 6923 6924 8043  0
3341 3342 2098 8348  0
1736 3250 1749 8255  0
7703 7409 7741 8027  0
7764 8128 7892 7897  0
7377 7930 7446 8320  0
1628 1637 1629 7695  0
7644 7070 7643 8072  0
1831 1832 1817 8144  0
7952 7555 7487 8381  0
8428 8107 5963 8175  0
3617 3623 8358 8432  0
7660 5839 8051 8172  0
7796 720 674 721  0
4957 4956 4945 7695  0
7954 7523 8303 8308  0
2770 8438 2769 8175  0
7315 7314 7245 7936  0
4090 4537 4517 7679  0
841 7784 8222 8321  0
5142 4345 5143 8144  0
4705 4663 4706 8178  0
8385 7751 7868 7939  0
7301 7232 7302 7914  0
8107 8428 2801 2800  0
5913 5914 7656 8274  0
6184 6164 6165 7935  0
399 322 400 7924  0
452 451 8093 8417  0
2938 2957 2939 7673  0
883 905 884 8222  0
1369 1180 1174 7678  0
4089 3748 4079 8262  0
4853 6055 6075 8325  0
8114 1905 7865 1889  0
2400 1505 2401 8137  0
6556 8334 6810 6809  0
4211 8178 4706 3870  0
3390 7902 3389 8049  0
1645 1655 7695 7715  0
1027 730 7859 8363  0
498 497 7904 8198  0
2487 7894 2488 7997  0
5355 5335 5336 7701  0
1932 1933 1916 8309  0
7719 1020 1021 7937  0
1433 1434 7859 8152  0
6147 6166 6165 7935  0
7290 7360 7359 7765  0
3124 8184 8300 7756  0
6713 8091 6712 6681  0
8179 7654 8264 7658  0
3436 3434 3809 8367  0
7048 8020 8081 8228  0
4586 4587 5656 8042  0
3274 3278 3275 8126  0
6769 7098 6838 7914  0
982 1199 8044 8070  0
6976 8013 6953 7905  0
5784 5785 5799 8351  0
5231 5213 5214 7931  0
4162 8092 3823 8285  0
3200 1625 8209 8270  0
5826 8302 6730 6731  0
4549 4550 5625 7653  0
4193 4194 3854 7961  0
6105 6083 6084 7967  0
5615 6498 6497 7973  0
1336 1519 7790 8385  0
1452 7852 2312 2311  0
7655 7774 7838 8337  0
8209 4299 4930 4300  0
2446 3448 3449 8285  0
7869 639 952 570  0
787 843 788 8321  0
6768 6837 6767 7914  0
2426 8353 2421 2420  0
2822 3561 2803 8120  0
6060 6080 7672 8235  0
5851 5852 5875 7968  0
6921 7828 7880 8043  0
7894 4186 8106 8315  0
7730 7010 6643 8143  0
8406 4073 4069 3737  0
4537 5612 4517 7679  0
4139 3801 4140 8053  0
5948 5926 5927 8370  0
2902 2921 2903 7967  0
1635 1636 1627 8209  0
7765 7288 7958 8267  0
7842 7728 7866 8340  0
3047 3062 7970 8104  0
1472 1474 1475 8097  0
2887 2888 2869 8064  0
2512 2469 2468 8225  0
5758 5757 8085 4670  0
8152 2494 1617 8419  0
5213 4355 5214 7931  0
1801 1788 7692 8147  0
507 561 562 8093  0
1429 1238 1237 7937  0
7027 7591 7028 8409  0
2903 2921 2922 7967  0
4398 4410 2059 8354  0
3049 3616 3612 7970  0
7221 7286 7972 8267  0
7609 7703 7608 7547  0
8269 5250 5268 5269  0
6749 6748 6494 7679  0
7828 6967 6944 8075  0
525 581 7797 8250  0
5509 8348 5487 8406  0
841 1115 7784 8321  0
1037 1470 1036 8284  0
412 469 413 8250  0
7943 7837 7948 7873  0
7708 4116 4117 8113  0
2870 2851 2869 8064  0
411 410 467 8375  0
7959 5548 8023 8098  0
2108 2076 8034 8065  0
8167 1098 7877 795  0
1827 1841 1842 8069  0
2885 2884 2902 7967  0
1827 1828 8119 8242  0
6085 6105 6084 7967  0
7637 7063 7636 7994  0
7586 7585 7524 7954  0
5872 5871 7864 8188  0
4370 8271 3293 8200  0
7357 7288 7358 8267  0
2867 2866 2886 7967  0
8115 7996 8318 8351  0
5884 5885 5908 8295  0
5860 8240 5836 8295  0
6240 6241 6259 7970  0
7637 7064 7063 7994  0
6106 6105 7967 8052  0
696 7813 695 8036  0
7763 7754 7795 8256  0
5786 7766 8102 6677  0
7849 7888 5513 7956  0
2009 2037 7693 8287  0
668 667 714 8087  0
4257 8372 8297 4861  0
2876 3577 3573 8148  0
5821 7767 5803 7781  0
2139 2138 2171 8034  0
7802 8317 7846 8017  0
4278 6368 4898 7756  0
5038 5025 5039 7957  0
8217 2284 7836 2283  0
6953 6952 6927 8013  0
6926 6927 6952 8013  0
5363 8136 7858 7907  0
2934 2952 2953 8105  0
6748 7081 7080 7682  0
5538 5515 5516 7978  0
7207 7150 7208 7945  0
5724 7850 5725 8178  0
7141 7098 7167 7914  0
8092 7667 5733 8201  0
402 324 325 7909  0
6495 5611 5612 7679  0
4928 4939 4313 8270  0
5379 7666 5400 8287  0
4326 4990 5004 7715  0
6668 5745 6667 7897  0
529 586 530 7928  0
812 811 8021 8392  0
5424 5423 7666 8291  0
4675 4187 4674 8103  0
5021 5007 5008 8035  0
2958 2974 2975 7673  0
2901 2884 2883 7890  0
4162 3823 3822 8285  0
6896 6871 6872 7880  0
7896 7059 6694 6695  0
1385 7974 8116 8086  0
5007 5006 8203 8326  0
6078 7672 7789 8325  0
7684 7703 7762 7778  0
1216 7748 1408 8307  0
4547 8280 4101 4548  0
7797 581 7813 8250  0
5584 8096 7977 8323  0
7766 6679 8091 6678  0
5267 5249 5268 7931  0
5407 5386 5387 8138  0
1065 765 766 7947  0
2955 2954 2971 7935  0
1092 8088 1300 1299  0
7260 7329 7769 7330  0
3791 3413 3792 8061  0
2494 8152 1617 2493  0
3890 8370 3537 3538  0
5123 7785 5139 7692  0
1143 8385 1343 1138  0
3224 3228 3225 7715  0
7725 1732 7940 8171  0
2139 2107 2138 8034  0
5950 5927 5928 8221  0
5043 7981 5042 7725  0
7766 7779 7823 8409  0
6533 7805 6532 6490  0
1230 1013 1229 8012  0
2273 2272 2310 8096  0
7746 4226 4775 5877  0
7791 499 7904 8198  0
8047 7882 7814 7713  0
5408 5429 5407 8241  0
1894 1893 1911 8063  0
5778 5792 5777 7990  0
446 447 382 7922  0
6767 6561 6768 7914  0
2231 8037 2266 2267  0
2230 2231 2196 7888  0
6340 6309 6325 7752  0
2769 2799 2770 8175  0
919 7669 1149 1150  0
7812 1075 1076 8176  0
8300 4278 4279 3961  0
43 62 63 8361  0
7202 7201 7682 8304  0
5752 8340 6649 5753  0
61 62 42 8361  0
6271 6255 6272 7689  0
1060 1270 1059 8160  0
1141 1135 1140 7868  0
583 584 527 8226  0
8046 7998 8316 7779  0
7779 7683 7856 8409  0
7342 7273 7343 7742  0
7493 7492 7845 7979  0
1589 1588 2524 7843  0
7706 7900 7973 8317  0
6091 6113 6112 8265  0
1367 1549 1368 7678  0
7720 7837 7873 7948  0
6725 8003 8020 8253  0
6709 8215 5769 8122  0
7726 7868 7723 7738  0
7172 8100 7104 7173  0
3787 7687 3788 4121  0
616 8093 8363 617  0
3725 3331 4406 8384  0
5593 5592 5576 7934  0
6239 6222 6240 7970  0
7216 7280 7215 8312  0
4025 7931 8309 4358  0
2364 2363 1295 8261  0
3359 3365 3360 7888  0
614 683 615 7750  0
1609 7925 7997 1425  0
1368 1549 1550 7678  0
2399 7738 3415 8207  0
4812 4811 4797 8401  0
4171 3865 4204 8019  0
5286 5287 5306 8269  0
8326 4326 3231 3230  0
2801 2822 8107 2821  0
6861 6862 6886 8247  0
821 7830 823 824  0
2395 2396 2393 8117  0
7737 7070 7069 6705  0
2902 2920 7967 8052  0
7588 7779 7526 7527  0
6670 5746 6669 7999  0
1693 1694 7883 8244  0
5296 7933 5295 5276  0
7353 7423 7422 7845  0
5878 3526 3527 3532  0
3813 8367 3436 3811  0
7657 8195 7665 8013  0
1844 1843 1858 8242  0
2347 2345 1278 8208  0
5586 5607 8096 8281  0
3046 3045 7689 7815  0
7698 7681 7863 7949  0
4866 3933 3932 4260  0
477 420 7786 7787  0
460 515 461 8234  0
8015 5253 5273 5254  0
7202 7144 7145 7682  0
2099 2100 2069 8291  0
8428 5963 5942 5941  0
6015 7871 8272 5993  0
3220 3221 3217 8270  0
5036 5051 5050 7991  0
8129 2507 8440 8310  0
816 818 1325 8329  0
6473 5573 8408 5572  0
1049 7787 7960 8365  0
878 899 900 8080  0
5188 5189 5205 8242  0
6106 6127 6126 7673  0
4623 5702 7903 8127  0
7721 1947 7858 8269  0
5188 5171 5172 8242  0
4881 6278 8358 6243  0
3251 3696 3247 8279  0
3926 6074 4854 8212  0
7413 7412 7742 8187  0
6886 6862 6887 8247  0
7750 729 7859 8411  0
3370 8378 2344 2302  0
6287 6286 6268 8290  0
5270 5289 8269 8309  0
2931 8109 2948 7789  0
3839 3465 3838 7980  0
549 494 548 7802  0
6240 7876 6241 7970  0
7342 7412 7411 8187  0
8067 7265 7334 7335  0
2695 2728 2696 8295  0
6732 5824 6724 8003  0
7815 3047 8104 3046  0
7145 7144 7082 7682  0
4830 8272 4843 5968  0
5236 5218 5219 8015  0
8074 6726 6727 8253  0
6892 6893 6919 8057  0
7257 7763 7327 7795  0
6086 6107 7967 8341  0
5425 5446 5445 8291  0
6842 6591 7739 8199  0
5652 6558 5651 8236  0
8001 813 812 1125  0
1268 8160 1058 1269  0
7764 5775 5776 6666  0
4191 4678 4679 7737  0
6508 6509 6763 7653  0
6183 6200 8211 8299  0
7657 8433 8013 7708  0
1392 1200 1391 8044  0
4025 4360 5233 8309  0
8177 2809 2788 2789  0
7734 7569 7002 7003  0
7558 7557 7490 8286  0
1381 1380 1562 7740  0
1907 1891 1890 8293  0
767 372 7855 7947  0
4864 4867 6153 8265  0
3865 7892 3864 8019  0
2706 2673 2672 8026  0
4536 7799 5597 4514  0
1886 1869 1885 8015  0
7664 5115 5099 7697  0
837 858 859 8216  0
1287 2355 1286 7812  0
1477 1475 1474 8097  0
7248 7998 7247 8060  0
2374 2334 2373 8289  0
7628 7567 7629 8298  0
6538 6766 6537 8032  0
6258 8104 7970 6275  0
6818 7126 7125 7711  0
760 7844 8160 759  0
2871 2872 2853 8135  0
2770 2799 2800 8175  0
6969 6968 6946 7828  0
6402 6388 6403 8254  0
7690 6153 6131 6152  0
6113 6133 6112 8265  0
8077 8327 8317 8223  0
7654 7857 7912 8087  0
6518 8434 6519 7923  0
4715 4714 4696 8310  0
637 344 636 7909  0
4930 4940 4929 8270  0
4942 4943 4954 8209  0
2065 2066 3321 8349  0
5400 5399 5379 8287  0
2997 2998 7736 8002  0
6829 6862 6828 8247  0
5501 7893 8023 8048  0
7566 7567 7628 8298  0
1080 1081 8049 8417  0
3481 7961 7717 3852  0
5236 5219 5237 8015  0
5980 5957 5958 7771  0
6013 8386 6012 4848  0
7963 7722 1493 8239  0
5257 7865 7933 8015  0
5601 6476 6475 8050  0
6133 6153 6132 8265  0
6401 6387 6402 8254  0
1826 1841 1827 8069  0
6115 6095 6096 8297  0
7857 543 7992 8040  0
7528 7461 7529 7856  0
360 425 361 7917  0
7667 4162 4161 8285  0
6414 6401 6402 8254  0
2885 2884 7967 8294  0
5506 5529 5528 8283  0
3317 3318 3304 8287  0
1303 2388 1302 7687  0
8345 7798 7929 8066  0
2467 2431 2466 7705  0
3784 3783 3405 8314  0
8157 3355 3740 2251  0
2070 2071 2042 8291  0
5458 5479 5457 7893  0
5347 5348 7709 7721  0
1354 1533 1534 8313  0
8155 7845 7972 7662  0
2866 2885 7967 8294  0
6126 6127 6148 7673  0
4845 8386 4252 3566  0
3859 4199 3860 8062  0
8133 93 84 107  0
5986 8175 5962 8107  0
939 901 900 8080  0
6287 7768 8184 8290  0
6298 6299 6315 8249  0
3041 3040 3055 8290  0
6352 6335 7756 8300  0
4960 7841 7825 4973  0
5970 5969 7871 8272  0
5626 6509 6508 7653  0
5408 5407 8138 8241  0
378 377 442 8198  0
6429 6415 6416 7895  0
7698 7727 7730 7914  0
7666 5423 7693 8348  0
544 490 489 8040  0
506 507 450 8093  0
7764 7078 7041 8159  0
7774 1353 8206 8313  0
2561 2523 2560 8115  0
6059 6058 6037 7672  0
4355 3707 5214 7931  0
718 672 8223 8327  0
2852 7906 8064 8135  0
7696 5726 6625 6624  0
3558 3917 3562 4240  0
6955 6954 6929 7905  0
2181 2180 2214 8283  0
817 8329 7929 818  0
1375 7803 8164 8079  0
7798 7774 8206 8313  0
8142 5905 8221 8373  0
440 439 496 7802  0
1675 1676 7715 8326  0
2983 2966 2982 7848  0
6054 6095 4856 8297  0
3861 3489 3860 7974  0
7728 7866 7966 8246  0
559 8093 7750 560  0
7227 7137 7138 8292  0
2032 8354 2031 2061  0
7781 8020 6724 8003  0
5431 8034 5452 5451  0
3825 3451 3450 8092  0
2477 2478 1572 8009  0
4517 7679 5594 7934  0
2062 2092 8173 8354  0
5470 5449 5471 7760  0
8212 3581 2928 2910  0
1676 1687 1688 8326  0
1418 1417 7759 7912  0
5763 7879 8103 6703  0
1363 8099 1168 8022  0
1982 1983 1965 7721  0
1938 1921 1937 7933  0
980 1197 1198 8070  0
7489 7420 7952 7419  0
7694 7676 7717 8152  0
536 8231 8403 8151  0
5392 5413 8139 8224  0
7085 7147 7084 7900  0
5764 4677 4676 8103  0
593 592 661 8231  0
4528 4570 4569 7819  0
5194 5178 5195 8073  0
4714 4713 4695 8310  0
6390 6405 6404 7792  0
7851 1318 8195 8216  0
4421 3337 3731 8110  0
3918 2840 3569 8107  0
6128 7690 6150 7673  0
2333 2373 2334 8289  0
2944 8054 2926 8265  0
8314 2382 7784 8113  0
2499 1623 7816 8062  0
3676 3675 3986 7840  0
3076 3061 3060 8104  0
7734 7501 7569 7502  0
3573 3922 3921 8148  0
8380 4571 5641 7722  0
1612 7894 1613 7937  0
6242 7970 4879 6241  0
8301 7676 8237 7961  0
3411 3410 2389 7687  0
8373 8295 5883 5907  0
4525 2334 7819 8289  0
6015 7672 6016 6037  0
7629 7897 8298 7043  0
2177 2211 2178 8110  0
1489 1311 8277 8289  0
5153 5170 5169 7918  0
8059 1864 1865 1880  0
8092 4640 4165 8338  0
5768 4681 4680 8122  0
2927 3588 2928 8265  0
3920 4252 3570 3566  0
4298 4299 4929 8270  0
3929 8372 3589 3590  0
5064 5065 5079 8255  0
2928 2910 8054 8212  0
3410 3409 2388 7687  0
2951 2950 2967 7848  0
6215 6214 6196 7736  0
6217 6216 6197 7736  0
2114 2113 2145 7893  0
2861 8218 2843 7672  0
7929 7810 8202 8313  0
1915 1916 1899 8309  0
6402 6387 6388 8254  0
7123 7122 6815 8256  0
2440 7678 2441 1550  0
646 7813 578 8391  0
6414 6402 6415 8254  0
6109 6108 6088 8341  0
5955 5956 7771 7915  0
7821 5619 4544 4543  0
3281 3282 3278 8126  0
3496 3462 2475 7800  0
2631 8318 2596 8051  0
3817 3443 3834 7878  0
560 561 506 8093  0
4864 4261 4262 8265  0
3200 4299 3990 3989  0
7396 7326 7327 7795  0
1607 1606 7770 7925  0
7450 7518 7517 8246  0
6682 6662 7047 8081  0
5619 7821 4544 8018  0
5784 6674 6675 8102  0
1745 1746 1733 7940  0
1040 1476 1039 8371  0
6016 6038 7672 8218  0
7655 8001 8210 8337  0
7916 7153 7091 8413  0
6192 6174 6193 8339  0
6465 6489 6472 7805  0
5297 7701 5315 8095  0
5078 5079 5094 8255  0
1843 1844 1829 8242  0
7689 3029 3044 8002  0
7692 5092 5106 5107  0
4951 4964 4318 8270  0
2839 3569 2840 8107  0
1071 1072 1282 8193  0
3823 8092 3824 8285  0
8395 6431 6444 7840  0
7254 7253 7189 8123  0
7394 7795 8296 7324  0
8352 3939 4264 4869  0
5344 8138 5364 7858  0
3565 3918 4253 8107  0
1159 1353 1354 8313  0
2010 7666 2009 2039  0
2643 2678 2644 7968  0
4633 5729 4634 7817  0
744 745 1044 8008  0
7860 7799 8262 8378  0
2866 2865 2885 8294  0
4078 7722 4531 8239  0
6860 6885 6884 7718  0
5299 5280 5300 7675  0
8134 2664 8051 2665  0
4122 8236 4121 7687  0
3788 3410 3789 7687  0
6805 6551 6552 8433  0
7803 8248 961 945  0
5338 5318 7675 7701  0
7803 8248 7839 7712  0
2918 2935 8052 8235  0
557 7750 614 558  0
7497 7765 7428 7498  0
8075 6942 7881 8213  0
5713 5719 8163 8243  0
1164 1163 1357 8345  0
1475 3375 1473 8097  0
7604 7543 7605 7778  0
6990 7817 7905 6627  0
6091 8212 8054 6071  0
7215 7158 7216 7653  0
5626 6508 5625 7653  0
781 387 782 8417  0
4894 4891 3956 3955  0
4226 7746 3887 7968  0
7714 5998 8177 8294  0
7555 8072 7952 7556  0
1940 1923 1939 7675  0
2786 8221 2756 8370  0
4122 3788 3789 7687  0
3150 3162 3151 8254  0
2926 2943 2944 8265  0
425 426 361 7917  0
4672 5759 8106 8315  0
3253 3249 3248 8255  0
7334 7762 7335 7404  0
5738 6639 6640 8238  0
6829 6579 6830 8145  0
5773 4686 4685 8089  0
2446 1558 8079 8285  0
7699 7684 8220 8335  0
645 8149 644 8391  0
6043 6064 6042 8294  0
6917 6891 6918 7881  0
4092 4091 8214 8328  0
374 438 439 7802  0
1533 1353 7774 8313  0
3323 3324 3317 8287  0
2248 2214 2213 8283  0
4299 8209 4930 8270  0
4710 8085 7896 4669  0
5326 5346 5345 7858  0
4299 4298 3989 8270  0
5306 5287 5307 8269  0
7876 6240 6241 6223  0
5091 5076 5077 8279  0
3788 3787 3409 8088  0
856 7723 855 874  0
7551 7777 7552 7613  0
2944 7690 8265 2943  0
3324 3318 3317 8287  0
2213 8217 8283 2212  0
3200 4299 3989 8270  0
2181 2149 2180 8283  0
4123 8359 4583 4122  0
4853 3920 3575 3919  0
2943 3592 7690 2961  0
4319 4976 4317 8275  0
2180 2213 2214 8283  0
5355 5376 5375 8287  0
6248 6249 6265 8288  0
4431 4430 4417 8349  0
1721 3236 1710 7940  0
2180 2179 2213 8283  0
2866 2867 2848 8294  0
6728 8253 6727 6718  0
6477 6476 5602 8050  0
1157 7751 1146 1145  0
5013 5026 5012 8244  0
1957 1956 1974 7675  0
7834 7276 7277 7916  0
5625 4550 5626 7653  0
7425 7426 8155 8267  0
5846 8003 5824 6732  0
2494 8152 2493 3481  0
1156 7751 1157 1145  0
7538 7758 7539 8257  0
7795 7394 8296 8161  0
7675 5278 5298 5279  0
6507 5624 5625 7653  0
2102 2071 2101 8291  0
1160 1355 1161 8313  0
2945 3587 3586 8297  0
5379 7666 7680 5380  0
6015 7672 8272 6016  0
6075 6096 6095 8297  0
5033 5020 5034 8326  0
4260 8339 8372 4866  0
5021 5020 5007 8326  0
3228 1675 7715 8326  0
3584 8325 3579 8297  0
8373 8387 2758 2788  0
3537 8370 3544 3538  0
5150 5167 7824 7918  0
6507 6508 6762 7653  0
8152 2491 1615 2492  0
3756 2340 3368 8262  0
3246 3245 3249 8255  0
6861 6885 6860 8247  0
2213 8217 2248 8283  0
4313 4939 4316 8270  0
3216 3683 3220 8270  0
6153 7690 6131 8265  0
5466 5444 5445 8291  0
6112 8054 6090 6091  0
71 8133 93 84  0
8115 2558 2559 7996  0
7202 7201 7144 7682  0
7582 7581 7520 7966  0
95 73 74 8133  0
3810 3812 4150 8418  0
6023 6045 6044 8064  0
665 7713 711 8087  0
1910 1892 1909 8227  0
2274 2239 2238 8260  0
2791 2792 2762 8189  0
2323 2285 2322 7836  0
7212 7213 7277 7916  0
4710 7684 7699 8335  0
1765 7664 1752 7697  0
6286 6267 6268 8290  0
3868 8085 7699 4209  0
7019 7966 8308 8340  0
1220 1412 1221 8421  0
2729 2697 2696 8295  0
1750 1763 1764 7697  0
1496 1497 2381 8195  0
8235 2915 7789 2898  0
1142 8385 1137 1136  0
7792 6418 7840 8024  0
6475 5665 7837 6524  0
6095 4858 6054 4856  0
2997 3013 3014 8002  0
5200 8005 7782 5183  0
8081 7048 6683 8020  0
7401 7758 7471 7769  0
415 471 7797 8415  0
2718 2751 2719 8401  0
2468 8068 7705 8225  0
7593 7594 7030 8081  0
1368 1550 1369 7678  0
5263 5282 5281 8227  0
8182 4363 4365 3713  0
7348 7952 7418 7417  0
5883 5906 8142 8373  0
5670 7743 7808 8247  0
6148 6127 6128 7673  0
1321 7738 1118 7790  0
6019 5997 8294 8387  0
6149 6148 6128 7673  0
5456 5436 5457 7891  0
1675 1687 1676 8326  0
8373 2695 2694 8142  0
2726 2694 8142 8373  0
4853 6055 6054 6075  0
7017 7018 7966 7581  0
435 7947 8040 8077  0
2177 2146 7893 8110  0
2938 2939 2921 7673  0
1334 1331 7874 7938  0
7812 7846 8176 7791  0
7444 7445 7512 8143  0
7800 7818 8197 8178  0
5483 5461 5462 8110  0
1862 1878 1879 8059  0
7746 5876 4789 5877  0
2111 2142 2143 7891  0
1038 1039 1474 8342  0
1341 2407 1521 8385  0
8013 7921 6850 8433  0
5998 5999 7714 8177  0
6593 7772 6575 8247  0
8237 8152 7961 7676  0
2956 2973 2957 7673  0
2957 2958 2940 7673  0
3231 3234 3235 8326  0
2412 3434 2414 8367  0
2410 1524 8210 8367  0
422 423 358 7899  0
2530 7867 7927 8397  0
3646 3647 3641 8306  0
5271 4363 8182 8309  0
398 817 397 8066  0
7315 7245 7246 7936  0
4545 7821 8018 4544  0
4548 5623 4547 8219  0
7863 7698 7941 8078  0
4602 8137 4593 7772  0
727 681 680 8411  0
6127 6108 6128 7673  0
7767 7766 7867 7927  0
7513 7446 7514 8143  0
7520 7452 7453 7966  0
1185 7803 960 1184  0
8326 3239 1711 7991  0
4993 7715 8203 8326  0
1079 8049 8424 1080  0
1040 1039 740 8371  0
3883 3526 4788 4773  0
7010 7574 7011 8143  0
397 320 398 8066  0
5551 6464 8245 8408  0
4996 7841 8035 8203  0
4970 4969 7695 8203  0
6262 6261 6245 8358  0
5241 5242 8114 8293  0
4157 7903 4155 4628  0
6431 6417 8395 6430  0
2569 8397 2604 8003  0
4181 3842 8009 8311  0
4987 7883 4986 8275  0
2958 2959 2940 7673  0
2890 2907 8420 2889  0
7446 7930 7514 8143  0
7803 7753 7839 8222  0
3898 3544 3537 4233  0
4538 5613 4537 8328  0
4275 8400 4893 3957  0
4630 8129 8273 7903  0
1945 1944 1961 7872  0
626 8392 392 625  0
4503 4502 4487 8333  0
7446 7513 7445 8143  0
7573 7511 7512 8143  0
5878 3526 4225 4773  0
3527 8370 5878 3532  0
6280 6263 6281 8358  0
6643 6644 5742 8143  0
6643 5742 7730 8143  0
7823 6656 8083 8102  0
4204 3865 3864 8019  0
3459 3460 7878 8019  0
7513 7514 7575 8143  0
1832 8010 1831 1847  0
8225 2514 2554 2513  0
1212 8036 1211 7732  0
1818 1819 1804 8144  0
7092 7155 7154 7916  0
8143 8259 7012 7946  0
3866 4207 4175 8178  0
2330 7875 8430 2370  0
4025 3279 3283 8309  0
842 8222 841 863  0
1092 8088 8321 7839  0
1089 787 1090 8321  0
8190 4902 4896 4277  0
4289 8305 4919 8390  0
1409 1218 1217 8307  0
7010 7730 6642 7009  0
1832 1818 1817 8144  0
788 843 844 8321  0
7010 7011 6643 8143  0
7445 7513 7512 8143  0
5175 5158 5159 8144  0
2023 2006 2005 8224  0
1788 1801 1802 8147  0
1802 8144 7785 1816  0
1802 1803 1789 8147  0
5141 5126 8144 8147  0
1089 1297 7784 8321  0
5742 7730 7980 5741  0
7616 7555 7617 8381  0
7713 1007 1223 1006  0
5014 5013 7811 8244  0
5124 7785 8147 5140  0
5108 5109 5124 8147  0
5742 6644 7946 8143  0
3528 4788 3884 3527  0
841 840 862 8222  0
4693 8273 8310 4206  0
5392 5393 5413 8224  0
2023 2005 2022 8224  0
5394 5373 5374 8224  0
5372 5393 5392 8224  0
3421 4136 7772 8137  0
2256 2221 2255 8333  0
613 556 612 8322  0
1351 1529 1531 8206  0
6284 8290 8249 6266  0
7695 3992 3993 3203  0
6277 4880 4883 8432  0
7796 7846 7904 8198  0
5414 5393 5394 8224  0
406 463 8011 8234  0
5055 7957 7971 5054  0
7011 7574 7575 8143  0
1816 1817 1802 8144  0
7576 7012 7575 8143  0
7800 7696 7850 8178  0
2773 2802 2803 8120  0
5097 7971 7697 8255  0
840 861 862 8222  0
670 601 669 8223  0
5723 8355 8178 5722  0
4122 8236 8359 4121  0
4595 7808 8137 8056  0
4602 8137 7772 4136  0
7836 5554 8157 8408  0
2984 2983 2999 8211  0
497 7796 7904 8198  0
2006 2024 2007 8224  0
5394 5395 5415 8224  0
5373 5393 5372 8224  0
2023 2053 2024 8224  0
1988 2006 3301 8224  0
5394 5415 5414 8224  0
5394 5393 5373 8224  0
2051 8139 2021 2050  0
2023 2024 2006 8224  0
5414 5413 5393 8224  0
2006 2007 3301 8224  0
2022 8139 2051 8224  0
7417 7834 7416 7347  0
8203 4968 7695 7715  0
4979 4968 4980 7715  0
1382 8078 1383 7740  0
6728 6734 6727 8074  0
7773 7654 7822 7827  0
1715 8244 1716 1704  0
860 881 861 8125  0
4103 7653 8280 8076  0
7743 8379 7881 7794  0
5080 5065 5066 8255  0
2474 3496 7800 8178  0
933 7830 932 1166  0
1000 1001 7910 8307  0
723 7719 8166 724  0
2699 8172 2700 8134  0
5783 8083 6674 8102  0
5456 5435 5436 7891  0
4299 8209 3990 4300  0
4848 4846 6013 8272  0
3221 4977 7715 8270  0
3218 7715 3221 1653  0
1675 3225 3228 7715  0
4979 4991 4978 7715  0
1654 1655 1644 7715  0
5634 4565 5635 8204  0
4992 5005 5004 7715  0
411 7987 8153 8375  0
5850 5873 5849 7968  0
2645 2679 2680 7968  0
2643 2644 2608 7968  0
5635 5636 5680 8204  0
5010 7883 7957 8035  0
6074 4857 6093 8212  0
4990 4978 4991 7715  0
5004 4990 4991 7715  0
5294 5295 8095 8368  0
5679 5680 6582 8204  0
7796 605 606 8327  0
2222 2221 2256 8333  0
2079 2110 2080 7891  0
7715 3227 4323 3224  0
720 719 1016 8327  0
6707 8072 7737 7071  0
411 467 7987 8375  0
6072 6051 6073 8212  0
673 719 720 8327  0
2426 2427 2421 7903  0
6021 5998 7714 8294  0
1071 8198 772 8193  0
2257 2293 4489 8333  0
4593 5677 7772 8137  0
927 928 631 8066  0
7801 7916 7653 8219  0
4597 4563 7875 8056  0
2410 7655 8210 3430  0
4706 4207 3870 8178  0
5569 5568 7832 8281  0
7653 7801 7686 7676  0
7953 8281 8096 5607  0
2645 2644 2679 7968  0
7181 7873 7113 7936  0
7553 7615 7879 8381  0
5455 5434 5435 7891  0
7902 4099 3766 3765  0
3252 3253 8255 8336  0
1078 8049 1079 1289  0
2956 2957 2938 7673  0
5455 5476 5454 7891  0
2109 2110 2078 7891  0
1647 7841 1657 1658  0
5621 8219 5622 8018  0
5587 5607 5586 8281  0
6841 7225 6840 8004  0
6527 6526 6484 8376  0
1352 1353 1159 8206  0
5164 5180 5163 8158  0
1182 1175 1181 8164  0
7867 7748 8307 7927  0
1356 1536 1357 8345  0
2922 7967 7673 8341  0
1343 2411 2409 7939  0
3404 3783 8113 8314  0
8035 4997 7883 7841  0
5455 5454 5434 7891  0
673 672 719 8327  0
2941 2940 7673 8341  0
5478 7893 5457 5479  0
6707 5766 6706 7737  0
5451 5452 5473 8034  0
6189 8033 6188 8352  0
2973 2974 2957 7673  0
5387 7709 8138 5388  0
4662 8243 8178 4661  0
2075 2107 2076 8034  0
630 926 927 8066  0
5475 5476 7707 8034  0
6106 6107 6127 7673  0
489 543 544 8040  0
2110 2111 2080 7891  0
5435 5414 5436 7891  0
2110 2079 2078 7891  0
2141 2110 2109 7891  0
5435 5456 5455 7891  0
63 71 51 8361  0
2277 2278 8098 8331  0
7774 8276 2421 2422  0
7957 1713 7991 8035  0
1291 2360 2359 8049  0
3426 3424 3423 8053  0
6615 6614 6967 8075  0
941 8125 942 903  0
7702 7700 7724 8132  0
1615 1616 8131 8152  0
2111 2110 2141 7891  0
1168 934 1167 8388  0
2726 2725 2758 8221  0
6964 8075 6965 6612  0
3841 4181 3842 7950  0
8277 1493 7963 1492  0
5825 5852 5851 7968  0
1859 1860 8010 8389  0
663 7882 595 594  0
7307 7308 7930 8100  0
1543 1544 1362 8022  0
7903 2427 8129 8273  0
5876 7746 5853 5877  0
4201 4202 3862 8426  0
2678 2679 2644 7968  0
7871 5995 8218 8387  0
5943 5919 5920 8188  0
4850 4255 3574 6054  0
3898 8272 3897 3559  0
4843 5969 3898 4831  0
3961 8300 3964 4279  0
6866 7881 6867 6891  0
7569 7002 7568 8298  0
1962 7872 1978 7858  0
4918 8305 3667 4915  0
7990 7842 8311 8340  0
3916 4240 4846 3917  0
5997 5974 8177 8387  0
7967 6107 7673 8341  0
4853 6055 4851 6012  0
5995 5996 8218 8387  0
3917 8386 3566 3567  0
5974 5952 8177 8387  0
5639 5640 6546 8380  0
2463 2427 2426 8273  0
3916 3917 4846 4848  0
3444 7903 2426 3442  0
5968 4848 4846 6013  0
4628 4650 4174 8273  0
7735 7843 8102 8115  0
4830 8272 3897 4843  0
7932 6583 8204 8379  0
7889 7720 8153 8371  0
4570 5639 4569 8380  0
4202 7892 8426 8128  0
5878 3532 4225 3526  0
7922 502 557 8322  0
2801 2772 2771 8428  0
3400 3777 3776 8425  0
7799 7720 7889 8371  0
5925 4817 5878 4804  0
6308 6292 8104 8400  0
4831 5924 4233 4803  0
7794 7881 8057 8379  0
3898 8272 5969 4843  0
4831 5969 3898 3544  0
3528 5879 3884 4788  0
4846 8272 4830 5968  0
3519 8405 3520 3515  0
2738 8438 2770 8428  0
4141 7655 3803 4138  0
4233 4831 3898 3544  0
3559 3897 3898 3558  0
2463 8129 8310 2464  0
846 867 868 8431  0
904 882 8125 8222  0
4804 3889 4225 3890  0
8221 5879 5878 5902  0
3519 3879 3884 4219  0
5830 4774 3884 4788  0
4774 4219 3884 3883  0
3897 4831 3898 4233  0
4831 3897 3898 4843  0
3520 5830 3519 3528  0
5830 8405 3520 3519  0
4798 2721 2722 8401  0
8370 3527 8221 3533  0
3514 8405 3519 3515  0
7946 7749 7980 8143  0
7487 7952 7418 7488  0
1504 1321 1322 7790  0
3204 3994 7695 8346  0
2738 2739 2706 8428  0
4518 4560 4113 8332  0
2611 2612 2576 8343  0
4561 8430 4519 4520  0
2574 2609 2610 8343  0
6262 6263 6280 8358  0
2610 2611 2575 8343  0
7749 7730 7980 8143  0
788 844 789 8321  0
5879 5855 3520 5830  0
7839 7753 8088 8321  0
787 1115 841 8321  0
5880 5855 3520 5879  0
1357 7835 1536 1537  0
2772 2738 2771 8428  0
8382 6280 6296 6297  0
6853 6852 6806 8433  0
8252 6155 6175 6156  0
5680 8379 6582 8204  0
7001 7897 8298 7044  0
1040 1478 1476 8371  0
6953 7905 6954 6976  0
3919 3920 4252 4851  0
887 888 867 8431  0
5830 4788 3884 5879  0
840 841 7784 8222  0
905 883 904 8222  0
4225 8370 5878 4804  0
8357 790 1092 1093  0
8203 1688 1676 1677  0
2292 2293 2256 8333  0
8405 4774 4757 3879  0
7750 681 8322 613  0
882 861 8125 8222  0
5830 3528 3884 3519  0
5830 5879 3884 3528  0
3461 2462 3444 8273  0
4831 3544 4233 5924  0
3877 7699 3872 7976  0
1241 8131 7859 8411  0
4803 8370 3889 4817  0
4803 8370 4817 5924  0
1474 7889 8371 8097  0
2368 2403 2369 8056  0
5777 4726 4708 8311  0
1041 1478 1040 8371  0
2222 2257 2223 8333  0
1976 1960 1959 7872  0
861 7784 8125 8222  0
7805 8217 8245 8408  0
740 1039 8342 8371  0
7721 8374 7709 8271  0
7903 4629 4630 5705  0
4975 4987 4986 8275  0
8175 2797 2818 8319  0
1368 1367 7678 8080  0
3516 3521 8142 8405  0
4314 7825 4962 4950  0
4986 4974 4975 8275  0
5855 5856 8142 8405  0
4987 4988 5000 8275  0
4339 7991 5078 3245  0
4851 8386 4845 6012  0
7991 5021 8035 8326  0
3510 8240 8121 2627  0
2826 2825 8218 8387  0
3916 8386 4845 3566  0
2806 7871 8218 8387  0
8387 5949 7871 5972  0
2274 7852 2311 2312  0
2426 2462 2463 8273  0
5832 5811 5833 8405  0
7693 5463 5442 5441  0
5750 4708 4707 8311  0
2426 2427 7903 8273  0
7291 7292 7361 8004  0
5795 7996 8121 7985  0
7037 7600 7601 8257  0
2788 2808 8177 8387  0
8035 1688 8203 1689  0
5006 5019 5005 8326  0
8326 4333 4331 3237  0
8177 2827 8294 8387  0
6768 6561 6512 7914  0
8387 8221 5949 5950  0
7998 7873 8060 8316  0
8326 3689 4009 4328  0
5018 5033 4331 8326  0
4326 8326 5004 4328  0
5972 5995 7871 8387  0
8221 8387 5949 8370  0
3575 3920 3574 3919  0
3818 7903 3442 4155  0
6054 4255 3578 4856  0
4255 8297 4856 3924  0
8035 5007 8203 8326  0
3919 4853 3574 3575  0
5928 8387 5951 5950  0
1121 8001 1123 1124  0
7501 7500 7734 8298  0
8387 2758 2787 8221  0
2788 8177 8373 8387  0
6684 6716 8020 8253  0
7649 7623 7624 7979  0
3575 6054 3574 3578  0
4853 6054 3574 3575  0
4853 4850 3574 6054  0
7566 7765 8155 7498  0
2989 7876 3005 8033  0
2491 3478 7717 7894  0
7080 8304 7143 7079  0
2123 4441 8173 8354  0
6726 6725 8003 6732  0
7125 7663 7711 7126  0
4810 2751 2718 8401  0
6142 6161 7848 8105  0
7914 7231 7301 7232  0
5645 8195 7921 4575  0
7882 483 537 8403  0
6091 8212 6071 6092  0
5055 7957 8244 7971  0
1147 1148 1142 7939  0
8052 8105 6145 6123  0
2290 8430 4519 2328  0
2942 2960 2961 7690  0
8079 1374 1373 8164  0
4588 8112 4589 8042  0
488 7827 542 7992  0
5262 5243 5244 8227  0
7799 6521 8268 5596  0
730 7859 7750 729  0
8052 2954 8105 2935  0
6113 8212 6092 6114  0
4913 8024 7840 6434  0
1725 1726 7957 7971  0
8030 8162 7708 8334  0
7737 7879 7717 8103  0
7813 991 990 694  0
1751 1764 7697 7971  0
3017 3001 7815 8299  0
6128 6150 6149 7673  0
8272 4846 4830 4240  0
2646 7968 2680 7746  0
7120 7188 7119 8123  0
8076 4554 4107 4553  0
4421 8283 3731 5485  0
6203 8299 6185 7876  0
6055 6056 8325 8386  0
7440 7507 7439 7955  0
5007 5008 8035 8203  0
2300 8239 2337 2338  0
4954 4955 7715 8209  0
4133 7772 4600 7962  0
2891 2909 2892 8054  0
8067 7335 7793 8304  0
644 575 643 8149  0
7453 7521 7520 7966  0
7738 1321 1503 7790  0
8277 7722 7963 8239  0
7652 8030 8162 7942  0
3236 3690 4327 7940  0
7731 3776 7826 8425  0
1702 1713 7957 8035  0
5066 5067 5081 7971  0
8073 1834 1819 3265  0
4681 4682 4194 8301  0
433 432 489 7992  0
1913 1914 8269 1930  0
7246 7247 7316 7936  0
7943 8050 7837 8170  0
6489 6532 6531 7805  0
7243 7244 8025 8029  0
1359 1525 1347 7939  0
1621 1622 1438 7816  0
5037 5038 5052 7957  0
5083 5084 7697 7971  0
801 408 802 8342  0
4166 4167 7727 8238  0
1722 1721 1733 7940  0
3284 8126 3281 5253  0
1525 1148 1347 7939  0
1136 1141 1142 7939  0
7518 7451 7519 8246  0
2392 2391 1467 7877  0
7730 7444 7983 7511  0
2413 1525 1530 7939  0
2520 8115 8168 7985  0
5135 5119 5120 8090  0
7951 8380 6546 6547  0
5068 5083 5082 7971  0
8416 8193 7887 7846  0
6224 7876 6241 6223  0
5082 5083 7697 7971  0
1875 1891 8063 8293  0
4605 4608 4141 7962  0
8218 2842 2843 7672  0
7241 7310 7240 8014  0
7191 7122 7123 8256  0
1130 816 1325 8329  0
8001 8210 7838 7655  0
1437 1621 1438 7816  0
5054 5053 7957 7971  0
2044 7907 8241 8422  0
7576 7514 7515 8259  0
7705 2511 2468 8225  0
902 881 880 8125  0
666 665 712 8087  0
6682 8091 6681 6662  0
2294 8430 2293 2331  0
5082 5081 5067 7971  0
7261 7331 7330 7769  0
6128 6109 8341 6108  0
1206 989 1205 8165  0
5190 5207 8242 8389  0
739 1038 738 8342  0
6151 6150 6129 7690  0
6155 6136 6156 8372  0
6646 5744 7946 8404  0
6260 7970 6276 6259  0
367 762 7827 7992  0
2008 3318 2037 8287  0
8366 1957 1940 1941  0
1726 1739 1727 7971  0
6557 8162 5650 8236  0
8185 4870 3936 3605  0
7971 7664 1752 1740  0
4121 7687 8236 8088  0
3754 3376 3755 8041  0
2888 2889 8064 8341  0
8366 1974 1957 1958  0
3813 8367 3811 8108  0
2569 2532 2531 7982  0
7774 1532 2421 8353  0
3934 3592 7690 8265  0
7680 5340 8136 8366  0
8162 5650 4581 4580  0
5654 8359 6560 5653  0
3828 4167 7969 8186  0
1723 1736 1724 7991  0
4550 4104 4551 8076  0
8009 4181 8311 8404  0
1255 1445 1254 8008  0
6530 6487 6488 7805  0
4609 4612 4613 7739  0
5692 6597 6598 7661  0
6582 5679 8204 8379  0
5464 5463 5442 8348  0
6793 7820 6539 6794  0
5275 8095 7933 5295  0
3041 3055 7685 8290  0
1858 1874 1859 8293  0
2950 2951 7789 8105  0
6292 6307 6291 6308  0
5053 5052 7957 7971  0
785 1085 1084 8251  0
5915 7656 8438 8442  0
523 579 580 8250  0
7470 8441 7538 7537  0
7758 7472 7539 7540  0
5587 5608 5607 8281  0
7330 7400 7399 7769  0
6628 6991 6992 7905  0
5304 5285 5305 8055  0
2269 8037 2306 8154  0
1541 1537 1540 8068  0
3596 2961 2976 7690  0
5526 5527 7959 8023  0
6706 8072 7070 7071  0
7684 7704 7703 8085  0
738 737 801 8342  0
7663 7758 7763 7654  0
3451 7908 8092 8186  0
3705 8059 5196 8073  0
32 50 49 8361  0
997 700 996 7732  0
6921 6947 6946 7828  0
8339 3932 4866 3933  0
6780 7837 8029 8268  0
6652 7019 8308 8340  0
7671 7974 8086 8116  0
4560 4519 4561 8332  0
3291 3295 8095 8368  0
7139 7138 6812 8292  0
7323 7253 7254 8123  0
5580 5600 8037 8050  0
1541 7835 8068 1542  0
1114 1087 1113 7784  0
6032 8107 6009 6033  0
7566 7499 7765 7498  0
7019 7018 7966 8340  0
6209 4871 4873 6172  0
7734 7765 7897 8298  0
1850 7931 8059 1865  0
7706 7694 7821 7834  0
503 558 504 7922  0
1862 1847 8010 8073  0
5766 4679 4678 7737  0
1784 8016 8090 8119  0
5839 8134 8051 8172  0
5767 4679 5766 7737  0
7962 7772 7661 7655  0
3238 3234 3237 8326  0
2134 2135 7760 7849  0
4942 4953 4941 8209  0
3941 8033 3940 4874  0
2121 2122 2090 8354  0
5296 5277 5297 7933  0
4131 4113 4560 8332  0
2987 2970 2969 8299  0
7819 5638 7932 8380  0
7001 7568 7002 8298  0
6569 6482 6483 7953  0
7718 6597 7962 7661  0
6706 5765 6705 7737  0
1328 7938 8202 1330  0
2958 2957 2974 7673  0
3002 3018 3019 8299  0
2941 2940 2959 7673  0
382 7791 381 446  0
2908 2927 2909 8054  0
2178 2146 2177 8110  0
7567 7765 7499 8298  0
1494 7963 7722 1493  0
6589 7772 5675 5676  0
2200 8154 7978 2234  0
1336 1339 1521 8385  0
6332 6348 7989 8194  0
7906 8189 2812 7714  0
2178 2211 2212 8110  0
8218 2842 7672 8272  0
3003 2988 2987 8299  0
3123 3122 8347 3109  0
7500 7734 7765 7430  0
3001 3017 3018 8299  0
7026 7823 6658 7025  0
3001 2986 2985 8299  0
2987 2969 2986 8299  0
618 619 562 8084  0
2449 7740 7908 8186  0
6208 4878 4876 6244  0
6244 8358 6243 4878  0
3669 8305 8390 3665  0
6721 8360 8302 6690  0
4582 8236 5652 5651  0
4615 4146 4618 7804  0
7664 7971 1752 7697  0
3072 3057 3056 7768  0
4973 7883 7841 7825  0
3093 8249 7989 3080  0
3828 3453 3827 8186  0
42 24 41 8361  0
6813 6559 6560 8359  0
8013 6877 8433 6876  0
3937 3936 3605 3606  0
4881 6243 4883 6278  0
1178 1156 1177 7854  0
7747 7788 3114 3126  0
1283 8416 2351 8193  0
6655 6673 6654 8083  0
4121 4582 8236 8359  0
7823 7668 7775 7954  0
6693 6694 5791 8335  0
3946 8432 4881 4883  0
1142 8385 7939 1137  0
1725 8255 1724 1737  0
7727 4167 7969 8238  0
3589 3593 4260 3933  0
3828 7969 8078 8186  0
4871 3937 3936 4263  0
7728 7775 7966 8340  0
7965 574 8011 8149  0
457 836 835 7885  0
7775 7728 7842 8340  0
4167 3827 4166 8186  0
8073 5178 5196 4353  0
8194 6334 6350 8300  0
4263 3937 3597 3601  0
48 49 68 8361  0
6655 6654 7022 8083  0
6655 6674 6673 8083  0
3955 4894 3638 3956  0
7897 7765 7566 8298  0
6101 6120 6100 7789  0
6653 8340 7775 6671  0
8149 577 645 576  0
8142 2695 8295 8373  0
3928 8372 4861 4863  0
5905 8373 5928 8221  0
7879 7952 7834 8381  0
4861 3929 3928 4257  0
3520 8405 3521 3515  0
4860 8372 4260 3589  0
4263 8339 3937 3601  0
2761 8373 2728 2760  0
8142 5906 5905 8373  0
5753 5754 7990 8340  0
7566 7628 7897 8298  0
6209 3937 4873 4871  0
49 31 32 8361  0
6671 6651 6652 8340  0
4855 8297 4861 4257  0
4855 8297 4257 3582  0
7046 7734 7045 7003  0
7567 7765 7566 7499  0
8374 5329 5348 5349  0
4257 8297 3585 3582  0
7500 7765 7499 7430  0
6689 8302 6690 6721  0
7629 7897 7043 7628  0
7567 7568 7629 8298  0
8432 4269 3951 4886  0
8373 5931 5953 8189  0
8189 5907 8295 8373  0
5858 8295 5883 8142  0
2728 8189 8295 8373  0
6683 8081 8020 6682  0
6671 7775 7985 8340  0
3933 8339 3597 3598  0
6134 4866 6173 4868  0
7842 7866 8311 8340  0
6088 6108 6087 8341  0
5754 6650 6651 8340  0
6108 6107 6087 8341  0
7018 6651 6650 8340  0
8340 5752 7866 8311  0
4796 2685 8401 2719  0
6899 8013 6926 8278  0
5780 8340 5754 6671  0
7966 7775 8308 8340  0
6652 7775 8340 8308  0
7018 7017 7966 8340  0
7017 7966 8340 7866  0
4865 8339 4263 3597  0
6209 8185 6208 4873  0
3826 3827 3452 8186  0
7482 7413 7984 8187  0
562 619 563 8084  0
4363 4027 8182 8309  0
1925 8227 8366 8383  0
8360 7684 8220 7699  0
7482 7777 8187 7984  0
5035 8035 5036 7991  0
3936 8185 3605 3606  0
4888 8432 4886 6310  0
5645 6551 7921 8433  0
2449 3452 2450 8186  0
6691 6690 7055 8360  0
7022 7023 6655 8083  0
1116 857 1131 7868  0
523 7987 522 579  0
5573 5554 7836 8408  0
6877 8013 6901 6876  0
878 858 458 7885  0
8185 3601 3606 3937  0
6692 8220 8360 7056  0
3936 8185 3937 4873  0
5006 5020 5019 8326  0
7727 7863 8078 7698  0
3454 3828 8078 8186  0
2449 3451 3452 8186  0
6501 5619 6502 8006  0
7925 7684 8012 8094  0
3849 7717 7894 8103  0
8189 2793 7906 2812  0
8185 3601 8082 3607  0
3601 8185 3606 3607  0
5858 8295 8142 8240  0
7942 7727 7652 7862  0
4880 8432 4886 4269  0
4265 8185 3943 3609  0
5414 8196 8224 5415  0
3950 4888 3951 4886  0
7908 7712 8092 8186  0
4870 8185 3936 4873  0
5955 7906 8189 7771  0
4870 8185 4873 6208  0
7056 8140 8220 8360  0
3597 4263 3601 8339  0
442 441 498 8198  0
4876 8185 4870 6208  0
8383 1928 8227 8055  0
3826 4165 4166 8186  0
7740 7712 7908 8186  0
4166 3827 3826 8186  0
7722 4078 3373 8239  0
2449 2450 7740 8186  0
7056 7055 8140 8360  0
4265 3943 3605 3609  0
2319 7913 8192 2318  0
3826 8092 4165 8186  0
4122 4583 4582 8359  0
5789 6723 6692 8360  0
3451 2449 7908 8186  0
5653 6559 5652 8359  0
43 42 62 8361  0
5652 4583 5653 8359  0
8236 6813 6559 6812  0
4875 8358 3942 4878  0
3950 4886 3951 4269  0
8382 6280 8358 6296  0
8237 8363 7859 7676  0
5642 7951 7921 6548  0
6804 6850 7921 8433  0
4875 8358 4266 3613  0
4881 8358 4875 6243  0
3947 4881 4266 3946  0
8236 4582 5652 8359  0
4583 8141 4123 4584  0
5652 4582 4583 8359  0
3613 3617 4266 3947  0
7514 7576 8143 8259  0
8432 4880 4886 6277  0
7708 8013 8230 8433  0
4886 6277 4888 6310  0
3968 3967 4280 3651  0
6850 8013 8433 6875  0
4896 4277 3959 3645  0
3973 4911 3658 4281  0
7035 7051 8228 8257  0
2932 2915 2914 7789  0
8277 7722 8239 8380  0
4885 7752 4888 6309  0
7822 7944 8181 8191  0
7712 8088 8162 7652  0
4899 6370 4897 6339  0
8138 7709 8241 8422  0
8130 8439 196 213  0
663 709 710 8047  0
1168 1169 935 8388  0
6372 6356 7788 8306  0
4888 4885 3950 3629  0
7162 6796 6839 7958  0
7932 7794 8057 8379  0
7658 7757 8264 8343  0
7036 7052 7051 8257  0
4284 3976 4914 4287  0
4894 7752 4891 6340  0
4686 4687 4199 8089  0
4269 8432 3951 3625  0
4890 8306 3955 4894  0
7712 7667 7753 7803  0
4284 3975 4282 3973  0
2140 2173 2141 8048  0
7748 1216 1408 1407  0
7749 7807 7691 7729  0
1002 1001 1218 8307  0
7852 8181 8331 8191  0
7748 7867 8307 8330  0
3956 4891 4272 3955  0
3109 3096 3108 8347  0
5675 5686 4600 7962  0
5064 5063 5050 7991  0
4890 8306 4897 4274  0
7752 3638 3956 3639  0
6309 4885 4272 4891  0
3960 8306 3645 3646  0
3637 8306 3960 3641  0
7944 8181 8191 8331  0
4897 4896 3959 4899  0
1002 7814 7910 8307  0
7907 8138 8241 8422  0
1001 1002 7910 8307  0
7809 1000 7910 8307  0
1593 1409 7927 8307  0
3633 4891 4272 3956  0
3956 3629 4272 3633  0
4885 7752 6309 3629  0
4272 7752 6309 4891  0
7074 7073 7647 8122  0
1916 1915 1932 8309  0
3951 7752 4888 3630  0
7750 681 682 8411  0
7052 7757 7051 8007  0
3629 7752 3633 3630  0
4885 7752 3629 4888  0
3950 4888 3630 3951  0
3950 3629 3630 4888  0
3951 3629 3630 3950  0
577 645 646 8391  0
5438 5416 5417 8196  0
8098 2209 2244 2243  0
7893 5502 5501 8023  0
2204 2205 7707 8260  0
4289 8305 8390 3979  0
8407 8227 5282 5283  0
3951 8432 7752 3625  0
2400 3416 8137 8332  0
6660 7027 7028 8409  0
3335 3336 7693 8348  0
3807 3809 8367 8396  0
1494 7963 7851 7722  0
6196 6195 6178 7736  0
706 705 1002 7910  0
7797 417 416 7948  0
6530 6487 7805 8263  0
4710 4209 4709 7699  0
7076 7662 8089 8215  0
6100 6099 6079 7789  0
3856 3855 4195 8301  0
6040 6041 6062 7890  0
410 411 346 8375  0
3809 4147 8367 8396  0
1152 8206 7669 1350  0
4973 4972 7841 4984  0
4145 4143 4611 8396  0
5443 5423 5444 8348  0
426 8151 7917 425  0
7243 7313 7312 8025  0
3093 3079 3092 7884  0
989 988 8165 8391  0
3971 4910 4283 3972  0
4917 7840 4916 6458  0
7572 7009 7008 7730  0
7867 8003 8020 8397  0
7895 3982 4293 4923  0
5717 8163 4657 7705  0
3805 3432 3430 8396  0
3569 8107 2859 8148  0
1738 1739 1726 7971  0
4910 8024 3971 4283  0
4996 8035 4997 5009  0
7725 4005 3229 4324  0
3135 3644 7756 8300  0
5769 4681 5768 8122  0
6729 7757 8302 8074  0
7987 520 8149 8375  0
7488 7418 7419 7952  0
1479 1478 1251 8371  0
2603 2602 7781 8397  0
8085 4710 7896 7684  0
1829 1830 7785 8010  0
5774 4686 5773 8089  0
7203 7793 7268 7267  0
5087 5101 5086 8398  0
7521 8303 7454 7522  0
7828 6944 7881 8075  0
4292 4923 4293 3982  0
693 7813 646 8391  0
3544 8272 3559 3560  0
6595 6588 6843 7718  0
4996 4984 4997 7841  0
7673 6167 7935 8033  0
6961 6608 6960 8127  0
8123 7683 8296 8316  0
6878 6902 6877 8230  0
4983 4984 4996 7841  0
6345 6330 6346 7884  0
4984 7883 4997 7841  0
8024 3972 4910 3971  0
6447 7840 6446 6434  0
5033 5018 5019 8326  0
7336 7406 7405 7793  0
7657 7708 8013 8230  0
6118 7789 8109 8325  0
8221 3520 8142 2692  0
1732 1745 8171 1744  0
3982 7895 3983 3672  0
4709 4213 4727 7699  0
8085 5756 4669 4670  0
4334 5076 8016 8279  0
7682 7793 8304 8317  0
7661 4614 4147 4617  0
5978 6001 7714 7906  0
8007 7601 7037 7038  0
4284 4911 4914 3663  0
709 1006 710 8047  0
7251 7250 7993 8046  0
7930 7446 7514 7447  0
6370 6339 6355 8306  0
7007 7730 8238 7955  0
7001 7897 7043 8298  0
7813 7729 7987 8391  0
4922 7895 4923 4292  0
7760 5450 7986 8241  0
7987 7729 8149 8391  0
7840 4913 6447 4286  0
3984 7895 4294 8395  0
3432 3807 8367 8396  0
5757 8085 5756 7896  0
7684 7703 7778 7896  0
3805 7655 3430 3803  0
3803 4141 3805 8396  0
7895 3982 3983 4293  0
7895 4293 4294 4924  0
1250 1442 1385 8086  0
4923 7895 4924 4293  0
8062 7671 7816 7662  0
4287 4915 4914 4918  0
8254 3136 3148 8306  0
7268 7338 7337 7793  0
6384 6385 8190 8306  0
8393 145 185 158  0
7654 7745 7658 8257  0
2573 2536 2535 8264  0
7354 7285 7355 7972  0
7363 7739 8004 6880  0
3978 8305 3979 3668  0
4635 4636 4160 7688  0
4915 8305 4911 4912  0
900 899 938 8080  0
4282 4911 4914 4284  0
5603 8050 5602 7977  0
8363 7801 8093 7750  0
2222 4473 8333 2223  0
7059 7632 7633 7896  0
1860 1861 8010 8063  0
6695 7059 7060 7896  0
348 347 412 8153  0
1441 1442 1250 8086  0
3645 4896 8190 8306  0
7995 7156 7653 8101  0
8045 6424 6411 8305  0
6371 6370 6355 8306  0
539 596 540 7870  0
7752 3639 7788 8306  0
8045 6428 6415 6414  0
577 8149 645 8391  0
4902 8190 4896 6369  0
2729 2728 8189 8295  0
4284 3663 4914 3976  0
3667 3978 4287 3976  0
7146 7204 7203 7900  0
7476 7762 7475 7406  0
3658 4281 4906 3967  0
4901 6397 4907 4280  0
8306 3960 3645 3959  0
7754 8181 7822 7917  0
4911 3663 4284 3973  0
3973 3663 3658 4911  0
6256 7689 6273 6255  0
772 1072 1071 8193  0
7985 7842 3498 7990  0
7546 7547 7608 7703  0
5523 5546 5545 8048  0
7213 7277 7995 7278  0
3976 8305 3667 3663  0
6983 7734 7806 7003  0
3651 4280 4901 3962  0
3647 8190 3649 3148  0
7776 7754 8181 8191  0
3651 8190 3962 4901  0
1217 1218 1001 8307  0
4907 3651 3968 4280  0
3639 3643 7788 8306  0
7500 7765 8298 7499  0
7601 8007 8140 7038  0
2536 1600 2535 8264  0
3967 4906 4909 4907  0
3967 8305 4907 4909  0
8305 4911 4906 3658  0
8190 6385 8254 8306  0
4894 6355 6339 8306  0
4117 8162 8314 4118  0
2443 8377 7678 2442  0
5270 5252 5271 8309  0
3959 4897 4899 8306  0
8254 6372 6385 6386  0
4897 3959 3960 8306  0
6355 7752 8306 6340  0
3379 7679 4090 7934  0
6571 6791 6790 8191  0
7470 7758 7769 7471  0
565 8124 564 8174  0
1598 2534 1599 8264  0
7036 8007 7052 8257  0
3643 3136 7788 8306  0
3684 3222 1674 7811  0
4016 8336 3699 3252  0
2930 2931 2913 7789  0
6322 6323 7756 8400  0
6273 6272 7689 8400  0
811 1121 810 8392  0
691 692 645 8391  0
919 1150 920 8392  0
1152 1153 922 8392  0
4633 7688 4158 7817  0
7576 7515 7577 8259  0
3555 8401 4825 4839  0
3136 8254 7788 8306  0
8254 3136 7788 3137  0
6372 7788 8254 8306  0
4899 8190 4896 8306  0
7773 8317 7857 7947  0
7813 989 8165 8391  0
8305 4919 4918 3978  0
8306 4894 4890 6339  0
3976 3667 4918 4287  0
4915 3976 4914 3663  0
4915 4287 4914 3976  0
3667 3978 4918 4287  0
3976 4287 4918 4915  0
4288 3978 4918 4919  0
3406 8088 2384 2385  0
7753 8113 8314 7784  0
4287 3978 4918 4288  0
4915 3667 4918 3976  0
4919 8305 4918 6448  0
3955 8306 3637 3638  0
4909 4906 4912 4911  0
4965 7715 4966 4978  0
3976 8305 4915 3667  0
1959 7872 8366 1976  0
1051 7899 752 1052  0
7388 8046 7389 7458  0
4914 8305 4911 4915  0
4594 8056 4561 4595  0
4896 3959 4899 8306  0
7953 8191 8316 7776  0
8305 4906 4912 4909  0
8305 3967 3658 4906  0
8190 3646 3647 3649  0
4911 8305 4906 4912  0
5754 5780 5779 7990  0
7788 3140 7792 3139  0
7321 7391 7390 8046  0
1192 8028 977 976  0
6384 4899 6370 8306  0
2093 2062 2092 8173  0
4128 8425 4112 3794  0
7523 7584 7522 8308  0
8301 7676 7961 8122  0
2148 3337 2117 8110  0
1599 1416 1415 8264  0
1612 1611 2488 7937  0
5524 8098 8023 5547  0
6079 6099 7672 7789  0
3098 8347 8184 3097  0
2662 2694 2695 8142  0
4913 8024 4283 3974  0
8035 4997 5009 5010  0
5463 7693 5442 8348  0
1219 1218 1410 8307  0
478 7787 422 421  0
573 642 574 7965  0
6501 6502 6756 8006  0
1592 7748 7927 8307  0
7812 7801 7922 8424  0
1158 7939 7854 1347  0
6340 4894 6355 6339  0
8418 7999 7734 7878  0
3372 8332 4081 3779  0
4027 3712 8182 8309  0
6579 7808 8145 8247  0
8134 5839 5862 8172  0
4796 4811 4810 8401  0
2599 2598 2634 7660  0
529 7786 7928 530  0
7350 7349 7995 8312  0
982 1199 1200 8044  0
5229 5247 5246 8059  0
5035 5034 5021 7991  0
4567 7819 7932 8289  0
5066 5053 5067 7971  0
3186 7792 3187 3176  0
6309 6310 6325 4888  0
1584 8364 2520 8168  0
1796 1782 1781 8090  0
7319 7249 7250 8399  0
2348 7855 8017 8214  0
5156 5173 5172 7785  0
1944 1943 7872 8383  0
1910 8383 1926 1927  0
7695 4935 4946 8346  0
1592 1408 1591 7748  0
7089 7088 8006 8413  0
8252 3009 2993 2994  0
3197 3676 3666 7840  0
1796 1797 1783 8090  0
6693 5791 5790 8335  0
7255 7190 7191 8256  0
6865 6889 6864 8145  0
6431 6432 6444 7840  0
6952 7696 7850 8013  0
6597 5692 5690 7661  0
2877 7672 2878 8386  0
3035 3611 3610 8185  0
2367 2327 2366 8332  0
457 327 328 7885  0
7607 7633 7778 7896  0
5199 5183 5200 7782  0
7069 7879 7642 8072  0
6211 6212 6229 8082  0
935 1169 936 8388  0
1699 3232 3235 8326  0
8229 3965 3969 3655  0
7336 7405 7335 7793  0
1510 1332 1511 7938  0
7238 7237 7173 8100  0
404 7733 7909 8388  0
2633 8051 8318 2632  0
1582 7886 8364 1399  0
4333 8326 4331 5033  0
5761 4673 5760 8106  0
7822 7844 7913 8160  0
7459 7390 7460 8046  0
878 513 899 7885  0
3921 3569 3573 8148  0
1869 1868 8005 1853  0
1891 1907 8114 8293  0
8139 5369 5368 5389  0
6708 5768 5767 8122  0
3231 3232 3228 8326  0
7970 4267 4879 3616  0
6902 8013 6929 6928  0
6435 8024 4913 6434  0
4622 8127 8108 7661  0
7142 7200 7199 8304  0
1668 1657 1667 7841  0
7971 5055 7981 8244  0
6615 6616 5712 8163  0
2451 8078 3454 2452  0
6791 8256 7121 8191  0
835 833 457 7885  0
5048 8326 5033 7991  0
1582 7886 1399 1398  0
1335 8385 1134 1339  0
7148 7205 7147 7900  0
958 941 1175 8164  0
1585 1402 1401 8168  0
7816 1247 1439 1438  0
5806 8302 5826 6731  0
662 663 594 8047  0
6872 8278 7880 7951  0
1005 7713 1006 8047  0
6121 6120 6101 7789  0
3239 3238 7991 8326  0
4960 4948 4949 7825  0
5707 6610 6611 7975  0
2639 2603 2638 7781  0
2121 4438 2120 2152  0
3969 3657 3169 3655  0
7633 7634 7060 7896  0
7765 7357 7427 7358  0
7875 7794 7938 8289  0
7954 7022 7023 7586  0
1741 1730 1729 7981  0
7916 7801 7821 8219  0
1574 7807 8009 8165  0
5237 5238 5256 8015  0
4998 4985 4986 7883  0
750 8365 1049 749  0
4628 4174 4157 8273  0
6110 8341 6089 7690  0
5042 7725 7981 8244  0
6301 8249 8290 8347  0
6499 6754 7945 8006  0
8029 7112 7936 7873  0
5820 7861 5803 7660  0
6435 4913 4283 4910  0
6027 6004 7919 8135  0
2281 2246 2245 8217  0
2960 2976 2961 7690  0
5790 8360 6692 8335  0
7677 7681 8100 8434  0
4536 7799 7860 5597  0
8016 5120 8090 8119  0
1658 1668 1669 7841  0
5416 5396 5417 8196  0
8229 3966 3970 3965  0
2124 2123 2155 8173  0
1221 7814 8421 8362  0
3662 8024 3666 3974  0
4908 3970 3969 8229  0
5592 5610 6492 7934  0
3871 7990 8121 3501  0
1725 1713 1724 7991  0
6610 5706 6609 7903  0
2599 2634 2635 7660  0
3657 3972 3971 3969  0
7373 7442 7372 7983  0
8401 4814 4827 2785  0
1374 1181 1180 8164  0
1355 1535 1356 8313  0
7426 7356 7357 8267  0
3104 3105 3092 7884  0
7720 8266 8008 7837  0
6693 8220 6692 7057  0
5778 5753 5754 7990  0
8120 4847 4251 5990  0
520 519 8149 8375  0
7074 6710 6709 8122  0
6759 7916 8018 8101  0
3607 3611 8082 8185  0
6210 6227 6226 8185  0
5477 5476 7891 8048  0
7443 7442 7373 7983  0
6434 4913 6435 6447  0
6576 6827 6826 8247  0
3905 8120 5967 8350  0
3200 4299 8270 3990  0
8025 8246 7677 7728  0
4286 8024 7840 4913  0
6421 6435 4910 6422  0
6899 6925 6898 8278  0
754 755 1054 8181  0
3145 3158 3159 8229  0
6083 7890 7967 8052  0
6878 6879 6903 8230  0
7443 7374 7444 7983  0
1515 7655 8210 8337  0
3972 8024 3657 3971  0
6944 6943 7881 8075  0
4903 6396 3966 4905  0
4801 4800 4784 8435  0
7828 7818 8043 8355  0
7453 7452 7383 8025  0
4435 4062 8157 8283  0
5143 5160 5159 8144  0
961 8248 7908 962  0
6324 8400 6308 4889  0
4781 2686 4782 8401  0
6966 6613 6965 8075  0
3761 7887 8414 8416  0
3958 7756 3957 3636  0
1887 1871 1886 7865  0
3998 4309 4937 7825  0
4898 7756 4895 4276  0
7685 3043 7689 7768  0
1182 1183 958 8164  0
3954 3952 3953 3628  0
4892 8400 6324 4893  0
2454 3456 2455 8324  0
5812 8240 8121 5813  0
6967 7828 6944 6945  0
4798 2721 4782 2722  0
3394 8146 3770 3393  0
4798 2722 4799 8401  0
7662 7676 8301 8122  0
3650 8300 3648 3147  0
7868 7726 7723 7751  0
5230 5247 5229 8059  0
6210 6209 8082 8185  0
4893 4892 4275 4895  0
1141 1140 7751 7868  0
7619 7620 8122 8286  0
6124 6105 6125 8052  0
8122 7662 8215 8301  0
3049 3048 3620 7970  0
1673 1672 1683 8275  0
6904 6879 8030 8230  0
8120 3905 4844 3904  0
8229 6422 4908 6409  0
6693 5790 6692 8335  0
8082 6227 6210 8185  0
2756 3546 2786 8370  0
6253 7685 7689 7768  0
4278 4276 3644 4898  0
5238 5220 5221 7865  0
4644 5739 5740 7969  0
3379 8208 7679 7934  0
4770 4752 4753 8437  0
3056 3057 7685 7768  0
6623 7696 7850 6624  0
7789 6142 7848 8105  0
6163 6164 7935 8105  0
6929 8013 8230 7905  0
3122 3121 8194 8347  0
7855 2347 8208 8214  0
4167 4168 3828 7969  0
6612 6613 7975 8075  0
5520 8260 7831 7707  0
5711 6614 6615 8075  0
1905 1888 1887 7865  0
6271 6253 7689 7768  0
3964 8229 3965 3966  0
1802 1817 1803 8144  0
6930 6931 7710 8230  0
5942 5919 5943 8120  0
2960 2942 2941 7690  0
2380 3750 7722 8195  0
2721 4782 2722 2687  0
3750 2381 3780 8195  0
7753 8230 7657 7667  0
2721 2753 2754 8401  0
8401 4810 4824 4811  0
2719 4796 2718 8401  0
2720 2721 2686 8401  0
5049 5050 5063 7991  0
1680 1669 1668 7841  0
6902 6903 6929 8230  0
2633 8318 2598 2597  0
2584 8440 2585 2548  0
4903 4279 3966 3964  0
4278 8300 4279 4900  0
4682 8122 8215 8301  0
4681 4194 7961 8301  0
4903 8300 4279 3964  0
8013 6902 6929 8230  0
4498 8262 5557 4497  0
7676 8301 8237 7816  0
8301 4683 4196 8215  0
6824 7820 7132 8032  0
8301 4682 4683 8215  0
6709 8215 6710 5769  0
4141 7655 8396 3803  0
1669 1681 1670 7841  0
6903 6902 6878 8230  0
7264 7200 7265 8304  0
7350 7351 7420 8312  0
5670 5678 8137 8247  0
5205 5223 8069 8293  0
4114 4083 3780 8195  0
4910 4908 3972 6422  0
5444 5466 5465 8348  0
8035 1680 1691 1679  0
8024 6409 6421 6422  0
41 30 48 8361  0
6887 8145 8213 8247  0
8277 1493 8239 7963  0
4615 7739 4612 7804  0
7754 7683 8123 8316  0
8084 975 974 688  0
6409 8024 6408 8229  0
4616 4615 5695 8232  0
536 593 8231 592  0
6145 8105 7935 6144  0
3971 3657 3662 3180  0
4114 3780 3781 8195  0
696 7813 649 695  0
6907 6934 6933 8232  0
3155 7659 3156 3142  0
6906 6881 6907 8232  0
2689 2723 2724 8435  0
2723 3536 2724 8435  0
3965 8229 3969 3970  0
2275 7852 2312 2313  0
6878 6877 6853 8230  0
6877 6902 8013 8230  0
1499 7784 8195 1319  0
7710 7667 7905 8230  0
4727 8335 4709 7699  0
7642 7616 7617 8072  0
5395 5396 5416 8196  0
3188 8024 7840 3189  0
3974 8024 3971 3662  0
7511 7730 7573 7572  0
7192 7256 7191 8256  0
529 7786 7670 7928  0
4971 4972 4983 7841  0
7620 7619 7558 8286  0
7963 8380 7951 7722  0
6220 6237 6236 7815  0
1804 1803 1818 8144  0
4542 4543 8006 8414  0
3402 1499 8113 8195  0
6860 6827 6861 8247  0
6863 6829 8145 8247  0
7743 7772 8127 8247  0
6246 8288 6247 6264  0
5841 5820 5821 7660  0
5048 4337 3241 7991  0
5374 8196 5395 8224  0
7772 7743 8137 8247  0
1496 7851 1495 1317  0
3611 8288 8082 8185  0
5465 5443 5444 8348  0
8289 7875 2333 2372  0
5436 7893 5437 5457  0
7183 7115 7184 8060  0
8384 4406 4393 5440  0
2853 2833 7906 8135  0
5437 7893 5438 5458  0
7360 7734 7765 8004  0
6370 4899 4897 8306  0
6696 5755 6695 7896  0
6322 8184 8400 7756  0
7813 7728 7886 8036  0
5820 7861 5819 5802  0
1070 1281 1280 8017  0
7504 7505 6997 7862  0
4534 4535 5595 8434  0
8233 7743 7938 7808  0
305 8436 304 338  0
6902 6877 8013 6901  0
7867 7927 8307 8421  0
4230 4805 5901 8000  0
6905 7739 6881 8232  0
6145 6125 7935 8052  0
724 725 678 7719  0
3830 7980 3831 8078  0
7766 7683 7779 8409  0
8385 1133 7868 7790  0
8339 4260 8372 3593  0
6860 6885 7718 8247  0
4616 7739 4615 8232  0
2954 8052 2955 2936  0
3058 3073 7689 7768  0
3057 3043 7685 7768  0
4535 5596 5595 8434  0
6933 6906 6907 8232  0
6933 6932 6906 8232  0
6853 6854 6878 8230  0
5939 5938 5915 8442  0
7804 7726 8053 8385  0
7923 7847 8100 8434  0
4574 4575 7921 8195  0
2083 2082 2114 8196  0
2853 2852 2871 8135  0
2635 2636 2600 7660  0
5839 5818 5819 7660  0
6105 6083 7967 8052  0
7722 1495 8195 7851  0
5608 7953 6483 6482  0
743 1043 1042 8008  0
1763 7971 8255 7697  0
5468 5447 7849 8291  0
1899 1898 1915 8309  0
7720 7797 7813 8250  0
4583 8141 4584 8359  0
882 861 881 8125  0
5821 7660 7781 8039  0
7983 7727 7955 8071  0
7794 7932 8277 8289  0
6687 6719 6718 7757  0
5068 5067 5054 7971  0
5740 7730 5739 6641  0
5221 5222 5239 7865  0
4797 4782 4798 8401  0
1496 1318 7851 1317  0
1339 1138 1341 8385  0
1521 2407 3429 8385  0
8075 6943 6942 6965  0
4925 6454 6455 8395  0
7164 7291 7290 8004  0
1118 7868 1132 1133  0
1140 897 7751 7868  0
8237 7816 8363 7676  0
6831 6832 8145 8379  0
6798 6839 8004 6840  0
5670 7743 8247 8137  0
68 69 90 8361  0
2306 2307 7977 8266  0
7352 7282 7845 8312  0
1434 7859 8152 8419  0
3826 8092 8186 3825  0
5439 5438 5417 8196  0
5559 8037 5579 7888  0
2946 2963 2947 8109  0
7804 3429 3431 8385  0
6722 6690 6691 8360  0
1487 1511 1488 8289  0
2659 2624 2623 8437  0
7350 7280 7281 8312  0
7217 7653 8312 7216  0
6246 8082 6228 6247  0
7845 7676 8286 8312  0
2082 7893 2113 8196  0
5437 5436 5415 8196  0
758 363 364 7844  0
7282 7352 7351 8312  0
2084 2055 2054 8196  0
2053 2082 2083 8196  0
8141 7698 7652 8061  0
3239 8326 1711 1699  0
49 48 31 8361  0
5793 5778 5779 7990  0
1354 1353 1533 8313  0
5036 5037 5051 7991  0
5567 5543 5544 8260  0
7985 5780 8340 7990  0
806 805 854 8251  0
672 718 719 8327  0
7673 7967 2921 8052  0
5754 5779 5778 7990  0
1770 1769 8171 1756  0
4406 3728 5462 8110  0
4661 5721 5722 8243  0
5860 8240 8295 5859  0
1821 1835 1836 7782  0
7029 8409 7592 8081  0
4428 4415 4429 8173  0
523 469 468 8250  0
5821 5820 5803 7660  0
7861 5820 5803 5802  0
7211 7275 7210 8169  0
5840 5819 5820 7660  0
6003 6025 7906 8135  0
5821 5842 5841 7660  0
5557 5558 5577 7888  0
6140 6139 6119 7789  0
1723 3246 1736 7991  0
6997 7505 6998 7862  0
2004 2005 1987 8200  0
91 70 92 8361  0
2634 2598 2633 7660  0
6806 6805 6552 8433  0
2600 2599 2635 7660  0
7805 7926 8217 8192  0
5494 5493 5471 7986  0
4965 7715 4977 8270  0
7985 2593 8240 2592  0
6684 8253 8228 6685  0
6151 6152 6171 7690  0
4694 4651 4652 8310  0
8255 1725 7991 7971  0
3632 3628 3088 3953  0
4780 2719 4796 2684  0
2783 2751 2782 8401  0
1561 1379 1560 7908  0
7244 8029 7180 7936  0
3632 3957 3101 3636  0
2721 4782 2687 8401  0
7720 7987 8153 8250  0
8401 3556 3555 2783  0
8259 8143 7012 7576  0
6110 6131 6130 7690  0
879 878 8080 8216  0
424 425 7917 8151  0
1140 876 897 7868  0
4797 4811 4796 8401  0
2721 2754 2722 8401  0
2785 2753 2784 8401  0
6485 6484 8263 8376  0
5816 7996 8051 5815  0
7936 7728 8025 8029  0
5212 5213 5230 8059  0
7964 8037 8050 8266  0
6156 6137 8109 8372  0
7065 7066 7777 7639  0
782 783 1082 8258  0
6524 6780 6523 8268  0
4867 4264 6171 7690  0
1932 1915 1931 8269  0
7837 7943 7948 8266  0
8310 3835 8273 3461  0
7655 4138 4133 3798  0
5305 5286 5306 8055  0
5856 5832 8142 8405  0
8377 8079 7688 3445  0
7862 7727 7955 8238  0
7180 7111 7936 8029  0
1531 7838 1529 8353  0
2501 8086 1624 8062  0
6046 6067 6045 8064  0
8228 6684 7048 8020  0
7364 7710 7942 7434  0
7776 7899 7920 8181  0
2342 7799 8378 8262  0
1827 1826 8069 8119  0
5136 5152 5135 8119  0
340 8066 320 339  0
5764 6705 5765 7737  0
1194 1385 1386 8116  0
5135 7918 8090 8119  0
6209 3601 8082 8185  0
6151 6130 6152 7690  0
4780 2685 2719 2684  0
801 802 738 8342  0
2959 2941 7673 7690  0
5466 5445 5467 8291  0
2976 2960 2959 7690  0
7674 6510 8032 8076  0
1447 1448 2307 8266  0
1447 2306 1446 8266  0
43 50 33 32  0
806 807 1100 8251  0
8050 7943 7837 8266  0
4810 2718 4796 8401  0
8192 2284 7836 2321  0
6815 6814 6738 8376  0
3816 7903 8108 4153  0
5930 5952 5929 8373  0
5487 5464 5465 8348  0
6162 6163 6182 8105  0
7652 7687 8359 8141  0
805 8118 854 8251  0
2975 2959 7673 7690  0
4626 5705 4629 7903  0
3488 7974 2501 8062  0
7114 7113 7873 8060  0
8300 4903 4279 6383  0
6368 6352 7756 8300  0
2953 2952 2969 8105  0
6365 6382 8229 8300  0
8339 8252 3594 8372  0
2420 2418 3442 8353  0
5267 5285 5266 8055  0
5855 5832 5856 8405  0
8191 8263 8031 8376  0
7690 6128 6150 6129  0
7772 4133 4600 4134  0
7690 3592 3596 2961  0
7799 3756 4089 8262  0
7758 7402 7471 7472  0
8042 6512 8141 7914  0
1391 1200 1199 8044  0
6569 6570 6789 7953  0
3607 3610 3611 8185  0
7399 7769 7469 8441  0
5659 4590 5660 8369  0
7331 7401 7400 7769  0
7469 7400 7470 7769  0
7761 7681 8042 8369  0
7538 7758 7471 7539  0
5206 5224 8293 8389  0
8193 8416 7887 2352  0
7758 7663 7763 7769  0
7822 7944 8191 8263  0
6193 6175 6194 8252  0
7692 5121 8016 8119  0
7332 7402 7401 7769  0
5766 5765 6706 7737  0
5426 5425 5404 8291  0
2372 2373 2333 8289  0
506 561 507 8093  0
1477 3377 3376 8041  0
900 938 939 8080  0
437 372 436 8077  0
3389 3388 2357 7902  0
3839 4179 3840 7950  0
8252 8339 3594 2977  0
1895 1894 1911 8059  0
546 547 492 8077  0
7804 4148 3808 4146  0
5837 5816 5817 8051  0
930 929 8345 7924  0
2995 2979 2994 8252  0
5097 7971 8255 5082  0
3466 3465 7980 8044  0
4682 4681 5769 8122  0
6268 6267 6251 8290  0
7720 7813 7987 8250  0
5412 8139 5433 5411  0
7811 1674 1686 1685  0
7646 7621 7647 8122  0
5557 5534 5558 7888  0
6177 6195 6176 8252  0
7985 6671 5780 5781  0
749 7670 354 355  0
2307 1448 2308 7943  0
523 7987 579 8250  0
3382 3759 8017 8416  0
524 469 523 8250  0
7514 7930 8259 8143  0
6372 8254 6385 8306  0
2979 2963 2962 8252  0
2350 3382 8017 8416  0
580 524 523 8250  0
4678 4190 4677 7737  0
6194 6195 6213 8252  0
2994 2978 2993 8252  0
2978 3595 2977 8252  0
7732 699 8036 7928  0
2906 2924 2925 8341  0
5786 7766 7861 8102  0
412 413 8153 8250  0
8058 8343 2538 2576  0
5865 5842 5866 8274  0
3822 3821 4161 8285  0
6067 6086 8064 8341  0
5754 6651 6671 8340  0
3405 3404 2383 8314  0
7960 1452 7920 1451  0
2669 2634 2668 7660  0
2451 8186 7740 2450  0
5788 6712 5804 7767  0
3081 3094 8249 3080  0
1723 3239 3242 7991  0
7647 7073 7646 8122  0
5168 5151 5152 7918  0
7047 7031 7032 8081  0
7967 2904 8064 8341  0
8252 3603 8082 8339  0
2743 2742 3540 8350  0
7369 7299 7300 8071  0
4567 5636 4566 8289  0
831 832 7733 7885  0
1461 8160 1460 1270  0
1724 1713 1712 7991  0
7047 7030 7031 8081  0
6158 6159 6178 7736  0
7441 7372 7442 7983  0
8117 1469 1470 8284  0
3602 8082 3607 3007  0
2612 3517 2613 7976  0
5703 5705 4626 7903  0
5867 5891 5866 8274  0
5706 5705 6609 7903  0
6112 8054 6091 8265  0
2460 2461 7878 8019  0
5155 5154 5138 8119  0
7804 3431 7939 8385  0
2871 8420 2870 2890  0
8410 8281 7953 5608  0
8031 5569 8281 5589  0
8121 2627 8240 8405  0
8297 4855 4861 6094  0
1181 1374 1375 8164  0
5011 5025 5024 7957  0
7672 6036 8272 8386  0
6570 6569 6483 7953  0
69 50 70 8361  0
1802 7785 8147 1801  0
5812 8240 5813 5833  0
8149 7807 8391 7729  0
8020 7757 8228 8253  0
5153 5170 7918 8119  0
5136 5121 5137 8119  0
6705 7879 7737 6704  0
8405 5830 3520 5855  0
5042 5028 5029 7725  0
7014 7577 7578 8259  0
1923 1922 1938 7933  0
4355 8059 3705 1850  0
5759 5758 6699 7994  0
1812 1798 1797 8119  0
7866 7930 8259 8246  0
1799 1813 1814 8119  0
7946 7749 8143 8259  0
7918 5170 8069 8119  0
5135 5152 7918 8119  0
6748 7679 7682 7724  0
1799 1814 7692 8119  0
7328 7397 7327 7763  0
3671 7895 3672 3192  0
7751 8156 7671 8116  0
2342 7799 2340 8378  0
2347 3378 8208 8214  0
7629 7568 7001 8298  0
4133 7772 7962 7655  0
6705 7070 6706 7737  0
371 435 436 8077  0
7801 8049 8417 8424  0
6626 7696 6625 6989  0
6060 8218 6038 6039  0
5244 5245 8227 8063  0
6790 7119 6789 8123  0
5433 7891 8034 8065  0
897 7723 7751 875  0
2146 2114 8384 2115  0
4329 5032 3690 7940  0
4678 4677 5765 7737  0
1717 1707 1706 8244  0
1485 1486 2370 7875  0
5087 8171 8398 5086  0
4190 4191 7717 7737  0
2102 2134 7760 7849  0
5174 5173 7785 8242  0
5490 5491 5514 7849  0
6613 5710 7975 8075  0
3728 2117 3337 8110  0
1558 2446 2447 8285  0
7897 7045 7734 8298  0
8050 5581 7977 8037  0
7413 7482 7412 8187  0
3458 7892 2459 3493  0
69 68 49 8361  0
1745 1757 8171 1744  0
39 48 55 8361  0
6725 6726 8003 8253  0
8049 8258 7801 8417  0
7088 6755 6756 8006  0
6113 8054 8265 6091  0
832 831 834 7885  0
3764 3387 3388 7902  0
6401 8045 6400 8254  0
3149 3161 3150 8254  0
3415 1503 1504 7790  0
1352 7774 1353 8206  0
2149 3731 3337 8110  0
4286 8024 3974 7840  0
8347 3123 3109 3110  0
6350 6366 6365 8300  0
2164 2197 2198 7849  0
2409 3431 2407 8385  0
4933 4943 4932 8209  0
1503 7738 3415 1502  0
7999 6669 7045 7897  0
6039 6040 7890 8218  0
3415 1504 3417 7790  0
1119 8385 7790 1133  0
6770 7914 6769 8042  0
1351 1350 1529 8206  0
5481 8023 5482 5503  0
6184 6185 6202 8299  0
7002 7044 7001 8298  0
2177 7893 8023 8110  0
2665 2697 8134 8295  0
1154 1352 1159 8206  0
8385 1336 1335 7790  0
1470 8097 8117 8284  0
5382 5383 7666 8136  0
7245 7180 7181 7936  0
2958 2975 2959 7673  0
5714 4627 4649 7999  0
7620 7558 7559 8286  0
6587 5685 5686 7962  0
1512 1519 3423 7790  0
7542 7541 7762 8140  0
7743 7881 8145 8213  0
2305 2306 8037 8266  0
7975 6612 8075 8213  0
1519 3426 3423 8053  0
8382 6280 6297 8358  0
1134 1138 1339 8385  0
5995 5994 7871 8218  0
4421 3728 3337 8110  0
4191 4190 4678 7737  0
1257 7943 1448 8266  0
1119 7738 1118 1133  0
480 479 7780 7899  0
452 388 387 8417  0
6670 5747 5746 7999  0
7720 7677 7728 8029  0
6009 5986 5987 8107  0
8082 3603 3602 8339  0
8304 7130 7079 7724  0
2527 7748 1591 7843  0
1276 7947 1275 1065  0
7841 7695 1647 1657  0
2908 2909 2891 8054  0
7570 7734 7003 7569  0
1507 1326 1508 8233  0
2505 2462 3461 8310  0
6656 7023 7823 8083  0
6089 6110 7690 8054  0
1585 2520 2521 8168  0
7064 7777 7994 7637  0
5191 5174 8010 8242  0
1512 1322 1336 7790  0
1975 1994 1976 8136  0
7743 7810 7881 8213  0
1220 1411 1412 8421  0
3437 2419 3441 7878  0
1393 1571 7807 8044  0
7990 5793 5792 8121  0
3539 3890 3538 8370  0
4140 4142 7739 8053  0
3920 4853 3575 8386  0
7508 7507 7440 7955  0
7181 7180 7112 7936  0
5352 5371 5351 8200  0
3423 3418 7790 8053  0
4655 5716 7705 7975  0
6565 7873 6784 8170  0
5962 5963 5986 8107  0
7440 7439 7370 7955  0
6670 7046 6636 7999  0
8135 2835 7919 2855  0
4648 5747 5748 7999  0
4075 8239 4513 4512  0
7483 7413 7414 7984  0
5718 5711 5712 8163  0
7895 8390 6440 8045  0
7132 7219 7161 7674  0
1555 1554 2460 7878  0
3969 8024 3972 8229  0
5664 7837 6523 7860  0
1127 1129 1130 8329  0
7836 8217 2249 2284  0
7161 7131 7132 7674  0
2973 7935 8033 7673  0
7851 1112 1318 8216  0
7735 7775 8036 8168  0
7113 7936 7182 7181  0
1584 2520 1585 8168  0
245 216 215 8439  0
754 1053 753 7899  0
753 752 358 7899  0
5895 5870 5871 8026  0
5468 5490 7956 7849  0
1304 1097 1305 7877  0
3785 3406 3407 8088  0
2838 2839 2820 8107  0
2730 2763 2731 7915  0
3102 7884 7747 3103  0
1823 1809 7824 7918  0
8051 2633 8318 7660  0
479 478 7780 7899  0
1538 1556 2425 7878  0
8353 2417 8108 7838  0
4673 4674 4186 8106  0
1755 1754 7664 8171  0
1467 1305 1033 7877  0
4700 2511 7705 8225  0
4093 4094 7973 8414  0
8167 1098 1097 7877  0
7779 7589 7588 7823  0
7727 7983 7914 8071  0
6949 6948 6923 8043  0
753 359 754 7899  0
424 360 359 7899  0
1812 1797 1811 7918  0
1467 1034 1468 7877  0
6570 6790 6789 7953  0
1304 1305 2390 7877  0
7775 7823 7954 8083  0
7066 6701 7065 8106  0
6482 6481 5607 7953  0
2419 2425 3441 7878  0
5951 5952 5974 8387  0
8317 7704 7684 7925  0
3481 3482 7961 3853  0
8167 1098 795 1097  0
5152 5169 5168 7918  0
1769 1768 1782 8090  0
3479 8152 2492 7717  0
7227 7296 7226 8292  0
1556 1555 2424 7878  0
7210 7274 7209 8169  0
2156 4442 4443 8173  0
7649 7624 7650 7979  0
6810 7137 7136 8292  0
5469 5468 5447 7849  0
7793 7201 8304 7266  0
7655 7774 8337 7772  0
7719 1021 1022 7937  0
7440 7370 7371 7955  0
7777 7551 7552 7984  0
3373 2379 7722 8239  0
7246 7182 7247 7936  0
2131 2164 2132 7849  0
536 537 482 8403  0
7111 6782 7873 8029  0
7653 5627 6509 8076  0
2134 2166 2135 7849  0
2132 2164 2133 7849  0
3222 1674 7811 8275  0
7113 7936 7873 7182  0
1270 1269 1059 8160  0
2133 2166 2134 7849  0
3175 8254 7792 3163  0
7202 7793 8304 7682  0
7481 7548 7480 8187  0
8155 7494 7495 7425  0
7857 7827 7773 7992  0
5578 5579 5599 7860  0
4197 4198 8062 8089  0
5152 5151 5135 7918  0
580 579 7813 8250  0
82 105 106 8361  0
8191 6814 8256 8376  0
3453 3452 3827 8186  0
7248 7998 8060 8399  0
3389 3766 3765 7902  0
3833 4172 4173 8019  0
7846 8317 7704 7706  0
7821 7812 7887 7902  0
4899 8190 6384 6369  0
61 82 83 8361  0
2774 2741 2740 8188  0
2976 3596 7690 8352  0
5782 7775 6672 8083  0
7024 7954 7587 7823  0
7823 7023 7954 8083  0
7482 7777 7550 8187  0
2675 2708 2709 8188  0
2709 2676 2675 8188  0
5918 5896 5919 8188  0
7914 7652 6813 8359  0
5806 8360 8302 6722  0
6672 6654 6673 8083  0
618 687 619 8084  0
5334 5314 5315 8095  0
687 688 619 8084  0
8151 7882 8231 8403  0
688 689 620 8084  0
3826 3452 3451 8186  0
3826 8092 3825 4165  0
7684 7896 8220 8335  0
8093 8424 7801 8417  0
7560 7492 7979 8286  0
114 90 91 8361  0
3827 4167 3828 8186  0
3017 3032 3018 7815  0
1132 1131 1135 7868  0
4359 7782 5197 5215  0
2203 8260 2204 7831  0
3825 3451 8092 8186  0
6156 6176 6175 8252  0
413 470 414 8250  0
2302 2265 7888 7964  0
6430 7792 6417 8395  0
836 7851 7885 8216  0
4584 8359 5654 5653  0
5006 5007 5020 8326  0
6099 6120 6119 7789  0
1084 1085 1295 8251  0
24 42 31 8361  0
7814 7754 7882 8231  0
6180 6159 6160 7848  0
3472 7997 8085 3473  0
7555 7952 7488 7556  0
8017 7846 8193 8416  0
5134 5151 7824 7918  0
543 489 7992 8040  0
1025 1241 7859 8411  0
8092 3825 4165 4164  0
7712 7727 8092 8186  0
92 70 71 8361  0
84 63 62 8361  0
76 48 68 8361  0
90 100 68 8361  0
5237 5219 5220 8015  0
479 422 478 7899  0
8326 4992 7715 5005  0
1051 7899 7776 7787  0
7065 6700 7064 8106  0
2914 2915 2897 7789  0
7698 7983 7730 7761  0
3853 4193 3854 7961  0
6099 6078 7672 7789  0
2897 8235 7789 2898  0
1891 8114 8227 8293  0
7278 7347 7277 7995  0
7652 7687 8088 8236  0
8009 7749 7950 8404  0
6864 6889 6888 8145  0
6141 6120 6121 7789  0
601 602 8040 8223  0
7194 7193 7125 8038  0
5207 5190 5191 8389  0
7816 8237 8363 8402  0
4352 8150 4349 5144  0
6209 6210 6226 8185  0
5471 5470 7760 7849  0
546 8223 8040 602  0
457 458 836 7885  0
989 7813 693 8391  0
8217 2249 2248 8157  0
5534 5512 5535 7888  0
2233 2199 2198 7978  0
578 7813 7987 8391  0
5181 5180 5164 7782  0
6245 8358 6263 6262  0
7748 1215 1406 7732  0
4985 4984 4973 7841  0
2635 2634 2669 7660  0
7651 7626 7040 8159  0
5124 5125 5140 8147  0
4260 8339 3933 3593  0
7708 7921 8433 5645  0
3806 4146 4144 7804  0
8348 4450 4434 3340  0
8214 3381 3757 3758  0
5719 5712 5713 8163  0
8023 2211 2177 8110  0
2137 2170 2138 7986  0
7706 7846 7973 8414  0
1875 1874 1890 8293  0
8235 6100 6101 6080  0
8024 6434 6421 6420  0
7364 7294 7295 8030  0
5774 4687 4686 8089  0
5295 5296 5314 8095  0
3188 8024 3178 7840  0
4146 4615 4144 7804  0
3804 3806 4144 7804  0
4611 4143 7962 8396  0
5620 4544 4545 8018  0
6801 6848 6847 7951  0
3211 3678 4310 7825  0
8336 3256 3257 8150  0
555 612 556 8322  0
6502 8006 8018 8413  0
2415 2414 3436 8367  0
7052 7757 8007 6687  0
6432 6445 6444 7840  0
4753 4736 2624 8437  0
8194 3108 8347 3121  0
363 7917 7844 362  0
364 7827 429 365  0
7956 3353 8406 3348  0
5704 4624 7999 8418  0
7593 7531 7532 8161  0
5823 5822 5805 7781  0
1561 7908 1380 1379  0
6701 5760 6700 8106  0
2775 2742 8188 8350  0
5819 7861 7660 5818  0
4443 4442 4429 8173  0
2891 2890 8054 8135  0
7930 7866 7677 8246  0
843 8222 864 8321  0
5541 5540 7831 8323  0
5281 5300 8366 5301  0
897 7723 875 896  0
2804 3564 2823 7871  0
5683 5638 5639 8380  0
7819 8239 2300 4512  0
3675 3674 3985 8395  0
3268 1835 1820 7782  0
3100 3112 7756 8184  0
5062 3243 8016 7940  0
7289 7290 7765 7958  0
7890 2881 2899 8235  0
2125 2093 2124 8173  0
2668 2634 2633 7660  0
434 7947 435 370  0
7947 434 435 8040  0
4193 4681 4194 7961  0
7747 3104 7884 3117  0
1408 1407 1591 7748  0
701 700 7732 7928  0
7949 8117 8427 8097  0
2636 7767 2601 2600  0
7831 7978 8154 8323  0
4621 5698 5700 7661  0
4997 7883 4985 4998  0
6416 8254 7895 6415  0
1684 1673 1683 8275  0
4619 4617 5694 7661  0
5700 4622 4621 7661  0
6177 6158 6178 8109  0
7616 7554 7555 8381  0
7857 8094 7912 8183  0
1947 1931 1946 8269  0
5499 5522 7707 8048  0
7804 4618 7806 8418  0
7336 7266 7267 7793  0
8128 7892 7999 8019  0
2800 2820 8107 8175  0
4294 4924 4925 8395  0
471 470 8250 8415  0
7780 7754 7899 8316  0
51 50 33 8361  0
8190 3656 3170 8305  0
3300 7701 1953 8095  0
1542 1543 7835 8068  0
7437 7438 7505 7862  0
6511 8076 6510 5628  0
8370 3544 7871 5924  0
7780 532 478 533  0
2809 2810 2789 8177  0
5315 5296 5297 8095  0
7211 8169 7916 7276  0
343 324 635 7909  0
6558 6557 5651 8236  0
1668 1658 1657 7841  0
6570 6790 7953 8191  0
7800 7678 2441 2440  0
398 7924 819 8066  0
5767 5768 4680 8122  0
639 7965 8070 640  0
5981 6004 7906 8319  0
8124 8093 8258 8417  0
952 7869 7941 8070  0
5460 8110 5461 5482  0
7496 7427 7497 8155  0
2995 3011 7736 7901  0
8317 7703 7762 7684  0
3220 4964 8270 4321  0
6770 7914 8042 7761  0
1946 1945 1963 7858  0
7793 7203 7202 7267  0
557 7750 7922 8322  0
2916 2915 2933 7789  0
6100 6079 7672 7789  0
6701 5761 5760 8106  0
7204 7741 7205 7269  0
5054 5053 5039 7957  0
7349 7280 7350 7995  0
6121 6142 6141 7789  0
2914 2896 2913 7789  0
7799 6521 5596 7847  0
8235 2915 2898 2916  0
708 1005 709 8047  0
8254 3175 7792 7895  0
4112 4558 4111 8425  0
7633 7703 7607 7608  0
4658 7705 8163 8225  0
7672 8235 6100 7789  0
8069 1857 8242 8293  0
3978 8305 3668 3667  0
985 973 984 8344  0
7808 4598 8204 7875  0
1310 7794 7874 8289  0
8028 7686 8084 7816  0
8403 7917 427 426  0
6231 6232 6250 7901  0
7389 7390 7459 8046  0
466 410 409 8375  0
7458 7779 7526 7954  0
662 709 663 8047  0
2283 2247 2282 8217  0
6653 6654 6672 8083  0
8151 482 536 481  0
7633 7703 7634 7896  0
6645 5744 5743 7946  0
5500 5499 5477 8048  0
5756 4669 5755 7896  0
3025 3039 3040 7901  0
1159 1160 7798 8313  0
7735 7766 7843 7668  0
4180 4179 4667 7950  0
7984 7706 7777 7742  0
7151 7150 7088 8006  0
6565 7873 8170 7988  0
620 563 619 8084  0
6384 6370 6371 8306  0
7766 7735 8102 7823  0
7060 6696 6695 7896  0
7696 4632 7817 5726  0
7806 7739 7734 8232  0
7779 7998 7458 8046  0
2935 2936 2918 8052  0
7998 7779 7458 7954  0
7689 3075 8104 8400  0
2896 2897 7672 7789  0
7368 7299 7369 8071  0
357 422 358 7899  0
860 838 859 8216  0
7766 7843 7861 8102  0
7856 7683 8161 8409  0
6801 6547 6548 7951  0
5343 5344 5363 8356  0
696 992 993 8036  0
2166 2133 2165 7849  0
2333 7875 2332 2372  0
5422 7666 5423 7693  0
7281 7280 7216 8312  0
3463 3464 2442 8377  0
7768 3074 7689 8400  0
8264 7654 7713 7745  0
8071 7438 7439 7369  0
5478 5501 5500 8048  0
2539 7759 8058 8094  0
7321 7320 7251 8046  0
7460 7779 8046 7856  0
6694 6695 5755 7896  0
1193 1192 1250 8086  0
7036 8007 8257 7037  0
7684 8012 7857 8223  0
977 1192 1193 8086  0
7349 7348 7279 7995  0
4017 3258 8144 8147  0
3100 3086 8184 8400  0
1221 7814 1004 1220  0
1900 3279 1883 8309  0
661 707 708 8047  0
7459 7458 7389 8046  0
7597 8257 7783 7598  0
6854 7708 8334 8230  0
6385 6371 6372 8306  0
3136 3647 3148 8306  0
4894 6340 6355 8306  0
7704 8327 7796 7925  0
End
